{"means": [-0.03290502718091647, 0.4431377160881923, 174.0, 185.0, 190.87785079242366, 161.17974487823733, 158.74023965983764, 160.13529184383455, 150.977580208736, 167.19636644762272, 177.8894472361809, 170.8167761886355, -15.174324734587904, 0.4255468274895455, -117.34754000716472], "stds": [0.08756516756609427, 0.4213494535113685, 1.0, 1.0, 11.837800220107672, 7.349558510169345, 19.336135570238685, 24.65505863812583, 19.72727367120678, 26.004684584698857, 22.66783711666298, 16.37539368465888, 161.84503548145818, 0.5902088526391993, 108.22374836511092]}