{
    "steering": {
        "mse": 0.05868986023597739,
        "mae": 0.0967969541086373,
        "max_error": 1.023124873638153,
        "correlation": 0.0
    },
    "acceleration": {
        "mse": 0.21264353854389054,
        "mae": 0.26034323030528644,
        "max_error": 2.013170271437077,
        "correlation": NaN
    }
}