{
    "steering": {
        "mse": 0.07352225106314775,
        "mae": 0.14698436596294964,
        "max_error": 1.5200536847114563,
        "correlation": 0.6182441864870031
    },
    "acceleration": {
        "mse": 0.18562475860358835,
        "mae": 0.23014065015135587,
        "max_error": 1.9999633431434631,
        "correlation": 0.3230389856215327
    }
}