timestamp,steering_input,acceleration_input,raycasts,speed,steering,position_x,position_y,position_z
1750932260.2815316,0.0,0.0,"[174.0, 185.0, 227.0, 295.0, 259.0, 259.0, 295.0, 227.0, 185.0, 174.0]",0.0,0.0,0.0,0.10000038146972656,-27.93000030517578
1750932260.3971705,0.0,0.0,"[174.0, 185.0, 178.0, 155.0, 154.0, 154.0, 156.0, 179.0, 185.0, 174.0]",0.1431841105222702,0.0,0.0,0.097137451171875,-27.93000030517578
1750932260.420913,0.0,0.0,"[174.0, 185.0, 178.0, 155.0, 154.0, 154.0, 156.0, 179.0, 185.0, 174.0]",0.2360968291759491,0.0,0.0,0.09241485595703125,-27.93000030517578
1750932260.4595041,0.0,0.0,"[174.0, 185.0, 179.0, 155.0, 154.0, 154.0, 156.0, 179.0, 185.0, 174.0]",0.30777978897094727,0.0,0.0,0.08625984191894531,-27.93000030517578
1750932260.4745073,0.0,0.0,"[174.0, 185.0, 179.0, 155.0, 154.0, 154.0, 156.0, 179.0, 185.0, 174.0]",0.36006540060043335,0.0,0.0,0.07905769348144531,-27.93000030517578
1750932260.4894717,0.0,0.0,"[174.0, 185.0, 179.0, 155.0, 154.0, 154.0, 156.0, 179.0, 185.0, 174.0]",0.3949472904205322,0.0,0.0,0.07115936279296875,-27.93000030517578
1750932260.504752,0.0,0.0,"[174.0, 185.0, 179.0, 155.0, 154.0, 154.0, 156.0, 180.0, 185.0, 174.0]",0.41450235247612,0.0,0.0,0.06286811828613281,-27.93000030517578
1750932260.52059,0.0,0.0,"[174.0, 185.0, 179.0, 155.0, 154.0, 154.0, 156.0, 180.0, 185.0, 174.0]",0.42082807421684265,0.0,0.0,0.05445289611816406,-27.93000030517578
1750932260.5541577,0.0,0.0,"[174.0, 185.0, 179.0, 155.0, 154.0, 154.0, 156.0, 181.0, 185.0, 174.0]",0.41598936915397644,0.0,0.0,0.04613304138183594,-27.93000030517578
1750932260.5732272,0.0,0.0,"[174.0, 185.0, 179.0, 155.0, 154.0, 154.0, 156.0, 181.0, 185.0, 174.0]",0.4019714593887329,0.0,0.0,0.03809356689453125,-27.93000030517578
1750932260.590803,0.0,0.0,"[174.0, 185.0, 179.0, 156.0, 154.0, 154.0, 156.0, 181.0, 185.0, 174.0]",0.3806484043598175,0.0,0.0,0.03047943115234375,-27.93000030517578
1750932260.606924,0.0,0.0,"[174.0, 185.0, 180.0, 156.0, 154.0, 154.0, 156.0, 181.0, 185.0, 174.0]",0.3537571132183075,0.0,0.0,0.023405075073242188,-27.93000030517578
1750932260.6235085,0.0,0.0,"[174.0, 185.0, 180.0, 156.0, 154.0, 154.0, 156.0, 181.0, 185.0, 174.0]",0.3228750228881836,0.0,0.0,0.016946792602539062,-27.92999267578125
1750932260.6405296,0.0,0.0,"[174.0, 185.0, 180.0, 156.0, 154.0, 154.0, 156.0, 181.0, 185.0, 174.0]",0.28941938281059265,0.0,0.0,0.011159896850585938,-27.930038452148438
1750932260.68231,0.0,0.0,"[174.0, 185.0, 180.0, 156.0, 154.0, 154.0, 156.0, 181.0, 185.0, 174.0]",0.2562173306941986,0.0,0.0,0.0060672760009765625,-27.929466247558594
1750932260.698446,0.0,0.0,"[174.0, 185.0, 181.0, 156.0, 154.0, 154.0, 156.0, 181.0, 185.0, 174.0]",0.34839218854904175,0.0,0.0,0.0016765594482421875,-27.93487548828125
1750932260.7141464,0.0,0.0,"[174.0, 185.0, 181.0, 156.0, 154.0, 154.0, 156.0, 181.0, 185.0, 174.0]",0.255353718996048,0.0,0.0,-0.0020236968994140625,-27.931358337402344
1750932260.729291,0.0,0.0,"[174.0, 185.0, 181.0, 156.0, 154.0, 154.0, 156.0, 181.0, 185.0, 174.0]",0.2815416157245636,0.0,0.0,-0.0050601959228515625,-27.926612854003906
1750932260.744266,0.0,0.0,"[174.0, 185.0, 181.0, 156.0, 154.0, 154.0, 156.0, 181.0, 185.0, 174.0]",0.15634490549564362,0.0,0.0,-0.007472991943359375,-27.928604125976562
1750932260.7593546,0.0,0.0,"[174.0, 185.0, 181.0, 156.0, 154.0, 154.0, 156.0, 181.0, 185.0, 174.0]",0.27455902099609375,0.0,0.0,-0.009307861328125,-27.923431396484375
1750932260.7978067,0.0,0.0,"[174.0, 185.0, 181.0, 156.0, 154.0, 154.0, 156.0, 181.0, 185.0, 174.0]",0.2245660424232483,0.0,0.0,-0.010616302490234375,-27.92772674560547
1750932260.8135614,0.0,0.0,"[174.0, 185.0, 181.0, 156.0, 154.0, 154.0, 156.0, 181.0, 185.0, 174.0]",0.08891011029481888,0.0,0.0,-0.011455535888671875,-27.929290771484375
1750932260.8285007,0.0,0.0,"[174.0, 185.0, 181.0, 156.0, 154.0, 154.0, 156.0, 181.0, 185.0, 174.0]",0.1896505206823349,0.0,0.0,-0.011884689331054688,-27.925521850585938
1750932260.8434951,0.0,0.0,"[174.0, 185.0, 181.0, 156.0, 154.0, 154.0, 156.0, 181.0, 185.0, 174.0]",0.2066076397895813,0.0,0.0,-0.011960983276367188,-27.92139434814453
1750932260.8626676,0.0,0.0,"[174.0, 185.0, 181.0, 156.0, 154.0, 154.0, 156.0, 181.0, 185.0, 174.0]",0.12101753056049347,0.0,0.0,-0.011743545532226562,-27.918983459472656
1750932260.879622,0.0,0.0,"[174.0, 185.0, 181.0, 156.0, 154.0, 154.0, 156.0, 181.0, 185.0, 174.0]",0.19259010255336761,0.0,0.0,-0.011285781860351562,-27.922805786132812
1750932260.9183095,0.0,0.0,"[174.0, 185.0, 181.0, 156.0, 154.0, 154.0, 156.0, 181.0, 185.0, 174.0]",0.17800575494766235,0.0,0.0,-0.010637283325195312,-27.926307678222656
1750932260.9334462,0.0,0.0,"[174.0, 185.0, 181.0, 156.0, 154.0, 154.0, 156.0, 181.0, 185.0, 174.0]",0.16013549268245697,0.0,0.0,-0.009847640991210938,-27.929412841796875
1750932260.9496405,0.0,0.0,"[174.0, 185.0, 181.0, 156.0, 154.0, 154.0, 156.0, 181.0, 185.0, 174.0]",0.07219173014163971,0.0,0.0,-0.0089569091796875,-27.9305419921875
1750932260.9647453,0.0,0.0,"[174.0, 185.0, 181.0, 156.0, 154.0, 154.0, 156.0, 181.0, 185.0, 174.0]",0.1852148175239563,0.0,0.0,-0.008007049560546875,-27.926963806152344
1750932260.9799078,0.0,0.0,"[174.0, 185.0, 181.0, 156.0, 154.0, 154.0, 156.0, 181.0, 185.0, 174.0]",0.15632963180541992,0.0,0.0,-0.00702667236328125,-27.923995971679688
1750932261.018754,0.0,0.0,"[174.0, 185.0, 181.0, 156.0, 154.0, 154.0, 156.0, 181.0, 185.0, 174.0]",0.051327187567949295,0.0,0.0,-0.0060482025146484375,-27.923690795898438
1750932261.0338383,0.0,0.0,"[174.0, 185.0, 181.0, 156.0, 154.0, 154.0, 156.0, 181.0, 185.0, 174.0]",0.15988564491271973,0.0,0.0,-0.0050907135009765625,-27.926742553710938
1750932261.049101,0.0,0.0,"[174.0, 185.0, 181.0, 156.0, 154.0, 154.0, 156.0, 181.0, 185.0, 174.0]",0.057914745062589645,0.0,0.0,-0.004177093505859375,-27.927452087402344
1750932261.0639772,0.0,0.0,"[174.0, 185.0, 181.0, 156.0, 154.0, 154.0, 156.0, 181.0, 185.0, 174.0]",0.19991879165172577,0.0,0.0,-0.0033206939697265625,-27.923545837402344
1750932261.079332,0.0,0.0,"[174.0, 185.0, 180.0, 156.0, 154.0, 154.0, 156.0, 181.0, 185.0, 174.0]",0.12208255380392075,0.0,0.0,-0.0025310516357421875,-27.921234130859375
1750932261.120201,0.0,0.0,"[174.0, 185.0, 181.0, 156.0, 154.0, 154.0, 156.0, 181.0, 185.0, 174.0]",0.18461520969867706,0.0,0.0,-0.0018177032470703125,-27.92485809326172
1750932261.1363215,0.0,0.0,"[174.0, 185.0, 181.0, 156.0, 154.0, 154.0, 156.0, 181.0, 185.0, 174.0]",0.13355395197868347,0.0,0.0,-0.0011844635009765625,-27.927452087402344
1750932261.1524394,0.0,0.0,"[174.0, 185.0, 181.0, 156.0, 154.0, 154.0, 156.0, 181.0, 185.0, 174.0]",0.11430472135543823,0.0,3.0517578125e-05,-0.00063323974609375,-27.92523193359375
1750932261.1687162,0.0,0.0,"[174.0, 185.0, 181.0, 156.0, 154.0, 154.0, 156.0, 181.0, 185.0, 174.0]",0.18023736774921417,0.0,3.0517578125e-05,-0.0001621246337890625,-27.928810119628906
1750932261.1869984,0.0,0.0,"[174.0, 185.0, 181.0, 156.0, 154.0, 154.0, 156.0, 181.0, 185.0, 174.0]",0.12951964139938354,0.0,3.0517578125e-05,0.0002288818359375,-27.931365966796875
1750932261.2068758,0.0,0.0,"[174.0, 185.0, 181.0, 156.0, 154.0, 154.0, 156.0, 181.0, 185.0, 174.0]",0.12480492144823074,0.0,3.0517578125e-05,0.000545501708984375,-27.92889404296875
1750932261.2251403,0.0,0.0,"[174.0, 185.0, 181.0, 156.0, 154.0, 154.0, 156.0, 181.0, 185.0, 174.0]",0.1880124807357788,0.0,3.0517578125e-05,0.0007915496826171875,-27.932647705078125
1750932261.2448514,0.0,0.0,"[174.0, 185.0, 181.0, 156.0, 154.0, 154.0, 156.0, 181.0, 185.0, 174.0]",0.13074220716953278,0.0,6.103515625e-05,0.000972747802734375,-27.935256958007812
1750932261.2606392,0.0,0.0,"[174.0, 185.0, 181.0, 156.0, 154.0, 154.0, 156.0, 181.0, 185.0, 174.0]",0.10936620831489563,0.0,6.103515625e-05,0.0010967254638671875,-27.933074951171875
1750932261.2992802,0.0,0.0,"[174.0, 185.0, 181.0, 156.0, 154.0, 154.0, 156.0, 181.0, 185.0, 174.0]",0.1798066943883896,0.0,6.103515625e-05,0.0011692047119140625,-27.936668395996094
1750932261.3143985,0.0,0.0,"[174.0, 185.0, 181.0, 156.0, 154.0, 154.0, 156.0, 181.0, 185.0, 174.0]",0.1341421902179718,0.0,6.103515625e-05,0.00119781494140625,-27.939346313476562
1750932261.3298235,0.0,0.0,"[174.0, 185.0, 181.0, 156.0, 154.0, 154.0, 156.0, 181.0, 185.0, 174.0]",0.08383754640817642,0.0,9.1552734375e-05,0.0011882781982421875,-27.937667846679688
1750932261.345152,0.0,0.0,"[174.0, 185.0, 181.0, 156.0, 154.0, 154.0, 156.0, 181.0, 185.0, 174.0]",0.20048488676548004,0.0,9.1552734375e-05,0.001148223876953125,-27.941680908203125
1750932261.360623,0.0,0.0,"[174.0, 185.0, 181.0, 156.0, 154.0, 154.0, 156.0, 181.0, 185.0, 174.0]",0.10169758647680283,0.0,9.1552734375e-05,0.0010833740234375,-27.943710327148438
1750932261.3988698,0.0,0.0,"[174.0, 185.0, 181.0, 156.0, 154.0, 154.0, 156.0, 181.0, 185.0, 174.0]",0.1957578808069229,0.0,9.1552734375e-05,0.00099945068359375,-27.939804077148438
1750932261.4146547,0.0,0.0,"[174.0, 185.0, 181.0, 156.0, 154.0, 154.0, 156.0, 181.0, 185.0, 174.0]",0.1214127317070961,0.0,9.1552734375e-05,0.0009002685546875,-27.9373779296875
1750932261.4303117,0.0,0.0,"[174.0, 185.0, 181.0, 156.0, 154.0, 154.0, 156.0, 181.0, 185.0, 174.0]",0.16332045197486877,0.0,9.1552734375e-05,0.00079345703125,-27.940643310546875
1750932261.446597,0.0,0.0,"[174.0, 185.0, 181.0, 156.0, 154.0, 154.0, 156.0, 181.0, 185.0, 174.0]",0.09217379242181778,0.0,9.1552734375e-05,0.00067901611328125,-27.942481994628906
1750932261.4616578,0.0,0.0,"[174.0, 185.0, 181.0, 156.0, 154.0, 154.0, 156.0, 181.0, 185.0, 174.0]",0.2105722427368164,0.0,9.1552734375e-05,0.0005645751953125,-27.938270568847656
1750932261.499354,0.0,0.0,"[174.0, 185.0, 181.0, 156.0, 154.0, 154.0, 156.0, 181.0, 185.0, 174.0]",0.0551212802529335,0.0,9.1552734375e-05,0.0004520416259765625,-27.937171936035156
1750932261.513487,0.0,0.0,"[174.0, 185.0, 181.0, 156.0, 154.0, 154.0, 156.0, 181.0, 185.0, 174.0]",0.18365854024887085,0.0,9.1552734375e-05,0.00034332275390625,-27.940841674804688
1750932261.5288517,0.0,0.0,"[174.0, 185.0, 181.0, 156.0, 154.0, 154.0, 156.0, 181.0, 185.0, 174.0]",0.14489775896072388,0.0,9.1552734375e-05,0.0002384185791015625,-27.943740844726562
1750932261.5697465,0.0,0.0,"[174.0, 185.0, 181.0, 156.0, 154.0, 154.0, 156.0, 181.0, 185.0, 174.0]",0.00901650171726942,0.0,9.1552734375e-05,0.0001430511474609375,-27.943588256835938
1750932261.5714862,0.0,0.0,"[174.0, 185.0, 181.0, 156.0, 154.0, 154.0, 156.0, 181.0, 185.0, 174.0]",0.05505768954753876,0.0,9.1552734375e-05,5.53131103515625e-05,-27.944686889648438
1750932261.5871618,0.0,0.0,"[174.0, 185.0, 181.0, 156.0, 154.0, 154.0, 156.0, 181.0, 185.0, 174.0]",0.17928889393806458,0.0,9.1552734375e-05,-2.288818359375e-05,-27.94110107421875
1750932261.6029904,0.0,0.0,"[174.0, 185.0, 181.0, 156.0, 154.0, 154.0, 156.0, 181.0, 185.0, 174.0]",0.14334961771965027,0.0,9.1552734375e-05,-9.34600830078125e-05,-27.938232421875
1750932261.61887,0.0,0.0,"[174.0, 185.0, 181.0, 156.0, 154.0, 154.0, 156.0, 181.0, 185.0, 174.0]",0.018594011664390564,0.0,6.103515625e-05,-0.000152587890625,-27.9385986328125
1750932261.6570282,0.0,0.0,"[174.0, 185.0, 181.0, 156.0, 154.0, 154.0, 156.0, 181.0, 185.0, 174.0]",0.18376843631267548,0.0,6.103515625e-05,-0.0002040863037109375,-27.934921264648438
1750932261.6731472,0.0,0.0,"[174.0, 185.0, 181.0, 156.0, 154.0, 154.0, 156.0, 181.0, 185.0, 174.0]",0.14541347324848175,0.0,6.103515625e-05,-0.000244140625,-27.93201446533203
1750932261.6891232,0.0,0.0,"[174.0, 185.0, 181.0, 156.0, 154.0, 154.0, 156.0, 181.0, 185.0, 174.0]",0.003991772886365652,0.0,6.103515625e-05,-0.000278472900390625,-27.932083129882812
1750932261.7051864,0.0,0.0,"[174.0, 185.0, 181.0, 156.0, 154.0, 154.0, 156.0, 181.0, 185.0, 174.0]",0.01953437738120556,0.0,6.103515625e-05,-0.0003032684326171875,-27.93170166015625
1750932261.720101,0.0,0.0,"[174.0, 185.0, 181.0, 156.0, 154.0, 154.0, 156.0, 181.0, 185.0, 174.0]",0.20610176026821136,0.0,6.103515625e-05,-0.0003204345703125,-27.935821533203125
1750932261.7585566,0.0,0.0,"[174.0, 185.0, 181.0, 156.0, 154.0, 154.0, 156.0, 181.0, 185.0, 174.0]",0.07742314785718918,0.0,6.103515625e-05,-0.000331878662109375,-27.93737030029297
1750932261.7742748,0.0,0.0,"[174.0, 185.0, 181.0, 156.0, 154.0, 154.0, 156.0, 181.0, 185.0, 174.0]",0.1860668659210205,0.0,6.103515625e-05,-0.000339508056640625,-27.93364715576172
1750932261.789268,0.0,0.0,"[174.0, 185.0, 181.0, 156.0, 154.0, 154.0, 156.0, 181.0, 185.0, 174.0]",0.14413520693778992,0.0,6.103515625e-05,-0.000339508056640625,-27.930763244628906
1750932261.8045902,0.0,0.0,"[174.0, 185.0, 181.0, 156.0, 154.0, 154.0, 156.0, 181.0, 185.0, 174.0]",0.012180095538496971,0.0,6.103515625e-05,-0.0003376007080078125,-27.931007385253906
1750932261.8202658,0.0,0.0,"[174.0, 185.0, 181.0, 156.0, 154.0, 154.0, 156.0, 181.0, 185.0, 174.0]",0.11553142219781876,0.0,6.103515625e-05,-0.000331878662109375,-27.928695678710938
1750932261.8584287,0.0,0.0,"[174.0, 185.0, 181.0, 156.0, 154.0, 154.0, 156.0, 181.0, 185.0, 174.0]",0.18333488702774048,0.0,6.103515625e-05,-0.0003223419189453125,-27.93236541748047
1750932261.8740268,0.0,0.0,"[174.0, 185.0, 181.0, 156.0, 154.0, 154.0, 156.0, 181.0, 185.0, 174.0]",0.14466337859630585,0.0,6.103515625e-05,-0.00031280517578125,-27.935256958007812
1750932261.8894813,0.0,0.0,"[174.0, 185.0, 181.0, 156.0, 154.0, 154.0, 156.0, 181.0, 185.0, 174.0]",0.008341189473867416,0.0,9.1552734375e-05,-0.000301361083984375,-27.935089111328125
1750932261.9045773,0.0,0.0,"[174.0, 185.0, 181.0, 156.0, 154.0, 154.0, 156.0, 181.0, 185.0, 174.0]",0.062055353075265884,0.0,6.103515625e-05,-0.0002880096435546875,-27.93633270263672
1750932261.9195702,0.0,0.0,"[174.0, 185.0, 181.0, 156.0, 154.0, 154.0, 156.0, 181.0, 185.0, 174.0]",0.17434844374656677,0.0,6.103515625e-05,-0.000274658203125,-27.932846069335938
1750932261.9577065,0.0,0.0,"[174.0, 185.0, 181.0, 156.0, 154.0, 154.0, 156.0, 181.0, 185.0, 174.0]",0.13407662510871887,0.0,6.103515625e-05,-0.0002613067626953125,-27.93016815185547
1750932261.9732552,0.0,0.0,"[174.0, 185.0, 181.0, 156.0, 154.0, 154.0, 156.0, 181.0, 185.0, 174.0]",0.08983200043439865,0.0,6.103515625e-05,-0.000247955322265625,-27.931961059570312
1750932261.988083,0.0,0.0,"[174.0, 185.0, 181.0, 156.0, 154.0, 154.0, 156.0, 181.0, 185.0, 174.0]",0.21000729501247406,0.0,6.103515625e-05,-0.00023651123046875,-27.927764892578125
1750932262.0025206,0.0,0.0,"[174.0, 185.0, 181.0, 156.0, 154.0, 154.0, 156.0, 181.0, 185.0, 174.0]",0.056724581867456436,0.0,3.0517578125e-05,-0.000225067138671875,-27.92662811279297
1750932262.0291755,0.0,0.0,"[174.0, 185.0, 181.0, 156.0, 154.0, 154.0, 156.0, 181.0, 185.0, 174.0]",0.17987388372421265,0.0,3.0517578125e-05,-0.000213623046875,-27.930221557617188
1750932262.0450068,0.0,0.0,"[174.0, 185.0, 181.0, 156.0, 154.0, 154.0, 156.0, 181.0, 185.0, 174.0]",0.14243344962596893,0.0,6.103515625e-05,-0.0002040863037109375,-27.933074951171875
1750932262.0677795,0.0,0.0,"[174.0, 185.0, 227.0, 295.0, 259.0, 160.0, 295.0, 190.0, 185.0, 174.0]",0.0,0.0,0.0,0.10000038146972656,-27.93000030517578
1750932262.0838275,0.0,0.0,"[174.0, 185.0, 179.0, 155.0, 154.0, 154.0, 156.0, 179.0, 185.0, 174.0]",0.8977373838424683,0.0,0.0,0.0820465087890625,-27.92999267578125
1750932262.0989072,0.0,0.0,"[174.0, 185.0, 179.0, 155.0, 154.0, 154.0, 156.0, 180.0, 185.0, 174.0]",0.8461949825286865,0.0,0.0,0.06512260437011719,-27.930137634277344
1750932262.1378198,0.0,0.0,"[174.0, 185.0, 179.0, 155.0, 154.0, 154.0, 156.0, 181.0, 185.0, 174.0]",0.8417702913284302,0.0,0.0,0.049465179443359375,-27.9239501953125
1750932262.1531203,0.0,0.0,"[174.0, 185.0, 179.0, 156.0, 154.0, 154.0, 156.0, 181.0, 185.0, 174.0]",0.7600208520889282,0.0,0.0,0.035236358642578125,-27.929298400878906
1750932262.1689298,0.0,0.0,"[174.0, 185.0, 180.0, 156.0, 154.0, 154.0, 156.0, 181.0, 185.0, 174.0]",0.6540235280990601,0.0,0.0,0.022539138793945312,-27.92615509033203
1750932262.1839926,0.0,0.0,"[174.0, 185.0, 180.0, 156.0, 154.0, 154.0, 156.0, 181.0, 185.0, 174.0]",0.6194960474967957,0.0,0.0,0.01142120361328125,-27.920684814453125
1750932262.1992078,0.0,0.0,"[174.0, 185.0, 181.0, 156.0, 154.0, 154.0, 156.0, 181.0, 185.0, 174.0]",0.5096200108528137,0.0,0.0,0.0018863677978515625,-27.924285888671875
1750932262.2376528,0.0,0.0,"[174.0, 185.0, 181.0, 156.0, 154.0, 154.0, 156.0, 181.0, 185.0, 174.0]",0.45073017477989197,0.0,-3.0517578125e-05,-0.0061016082763671875,-27.928466796875
1750932262.2530239,0.0,0.0,"[174.0, 185.0, 181.0, 156.0, 154.0, 154.0, 158.0, 181.0, 185.0, 174.0]",0.38994935154914856,0.0,-3.0517578125e-05,-0.012609481811523438,-27.932762145996094
1750932262.2681284,0.0,0.0,"[174.0, 185.0, 181.0, 156.0, 154.0, 154.0, 158.0, 181.0, 185.0, 174.0]",0.3638749122619629,0.0,0.0,-0.017730712890625,-27.93792724609375
1750932262.2831664,0.0,0.0,"[174.0, 185.0, 181.0, 156.0, 154.0, 154.0, 158.0, 183.0, 185.0, 174.0]",0.27067792415618896,0.0,0.0,-0.021574020385742188,-27.934120178222656
1750932262.2983246,0.0,0.0,"[174.0, 185.0, 181.0, 156.0, 154.0, 154.0, 158.0, 183.0, 185.0, 174.0]",0.27249428629875183,0.0,0.0,-0.024261474609375,-27.92937469482422
1750932262.3364646,0.0,0.0,"[174.0, 185.0, 181.0, 156.0, 154.0, 154.0, 158.0, 183.0, 185.0, 174.0]",0.14559423923492432,0.0,-3.0517578125e-05,-0.025920867919921875,-27.93177032470703
1750932262.352261,0.0,0.0,"[174.0, 185.0, 181.0, 156.0, 154.0, 154.0, 158.0, 183.0, 185.0, 174.0]",0.21584998071193695,0.0,-3.0517578125e-05,-0.026685714721679688,-27.927520751953125
1750932262.3676805,0.0,0.0,"[174.0, 185.0, 181.0, 156.0, 154.0, 154.0, 158.0, 183.0, 185.0, 174.0]",0.16242572665214539,0.0,-3.0517578125e-05,-0.026685714721679688,-27.924270629882812
1750932262.3829043,0.0,0.0,"[174.0, 185.0, 181.0, 156.0, 154.0, 154.0, 158.0, 183.0, 185.0, 174.0]",0.1651768982410431,0.0,-3.0517578125e-05,-0.026052474975585938,-27.92102813720703
1750932262.398379,0.0,0.0,"[174.0, 185.0, 181.0, 156.0, 154.0, 154.0, 158.0, 183.0, 185.0, 174.0]",0.14322778582572937,0.0,-6.103515625e-05,-0.02490234375,-27.91840362548828
1750932262.4364882,0.0,0.0,"[174.0, 185.0, 181.0, 156.0, 154.0, 154.0, 158.0, 183.0, 185.0, 174.0]",0.12869825959205627,0.0,-6.103515625e-05,-0.02335357666015625,-27.920455932617188
1750932262.4517283,0.0,0.0,"[174.0, 185.0, 181.0, 156.0, 154.0, 154.0, 158.0, 183.0, 185.0, 174.0]",0.24847011268138885,0.0,-6.103515625e-05,-0.02150726318359375,-27.915847778320312
1750932262.4667902,0.0,0.0,"[174.0, 185.0, 181.0, 156.0, 154.0, 154.0, 156.0, 181.0, 185.0, 174.0]",0.10710938274860382,0.0,-9.1552734375e-05,-0.019460678100585938,-27.916473388671875
1750932262.4825041,0.0,0.0,"[174.0, 185.0, 181.0, 156.0, 154.0, 154.0, 156.0, 181.0, 185.0, 174.0]",0.23388740420341492,0.0,-6.103515625e-05,-0.017292022705078125,-27.912330627441406
1750932262.5089598,0.0,0.0,"[174.0, 185.0, 181.0, 156.0, 154.0, 154.0, 156.0, 181.0, 185.0, 174.0]",0.13434353470802307,0.0,-9.1552734375e-05,-0.015077590942382812,-27.910804748535156
1750932262.5246344,0.0,0.0,"[174.0, 185.0, 180.0, 156.0, 154.0, 154.0, 156.0, 181.0, 185.0, 174.0]",0.211519256234169,0.0,-9.1552734375e-05,-0.012876510620117188,-27.91442108154297
1750932262.5397232,0.0,0.0,"[174.0, 185.0, 180.0, 156.0, 154.0, 154.0, 156.0, 181.0, 185.0, 174.0]",0.17159722745418549,0.0,-9.1552734375e-05,-0.010740280151367188,-27.91710662841797
1750932262.5778654,0.0,0.0,"[174.0, 185.0, 180.0, 156.0, 154.0, 154.0, 156.0, 181.0, 185.0, 174.0]",0.12531620264053345,0.0,-6.103515625e-05,-0.008707046508789062,-27.915634155273438
1750932262.5928082,0.0,0.0,"[174.0, 185.0, 180.0, 156.0, 154.0, 154.0, 156.0, 181.0, 185.0, 174.0]",0.20014382898807526,0.0,-6.103515625e-05,-0.006809234619140625,-27.919158935546875
1750932262.6079822,0.0,0.0,"[174.0, 185.0, 180.0, 156.0, 154.0, 154.0, 156.0, 181.0, 185.0, 174.0]",0.14256711304187775,0.0,-6.103515625e-05,-0.0050716400146484375,-27.921424865722656
1750932262.6230521,0.0,0.0,"[174.0, 185.0, 180.0, 156.0, 154.0, 154.0, 156.0, 181.0, 185.0, 174.0]",0.19449353218078613,0.0,-6.103515625e-05,-0.0035076141357421875,-27.917861938476562
1750932262.6387205,0.0,0.0,"[174.0, 185.0, 180.0, 156.0, 154.0, 154.0, 156.0, 181.0, 185.0, 174.0]",0.1310204565525055,0.0,-6.103515625e-05,-0.002124786376953125,-27.915634155273438
1750932262.67764,0.0,0.0,"[174.0, 185.0, 180.0, 156.0, 154.0, 154.0, 156.0, 181.0, 185.0, 174.0]",0.1902753859758377,0.0,-6.103515625e-05,-0.000926971435546875,-27.91925048828125
1750932262.6928134,0.0,0.0,"[174.0, 185.0, 180.0, 156.0, 154.0, 154.0, 156.0, 181.0, 185.0, 174.0]",0.12382915616035461,0.0,-6.103515625e-05,8.96453857421875e-05,-27.9215087890625
1750932262.7081485,0.0,0.0,"[174.0, 185.0, 180.0, 156.0, 154.0, 154.0, 156.0, 181.0, 185.0, 174.0]",0.18424558639526367,0.0,-6.103515625e-05,0.0009288787841796875,-27.917922973632812
1750932262.723131,0.0,0.0,"[174.0, 185.0, 180.0, 156.0, 154.0, 154.0, 156.0, 181.0, 185.0, 174.0]",0.1191939041018486,0.0,-6.103515625e-05,0.0016002655029296875,-27.915634155273438
1750932262.738135,0.0,0.0,"[174.0, 185.0, 180.0, 156.0, 154.0, 154.0, 156.0, 181.0, 185.0, 174.0]",0.1806097775697708,0.0,-6.103515625e-05,0.0021190643310546875,-27.919204711914062
1750932262.776215,0.0,0.0,"[174.0, 185.0, 180.0, 156.0, 154.0, 154.0, 156.0, 181.0, 185.0, 174.0]",0.11907406151294708,0.0,-6.103515625e-05,0.00249481201171875,-27.921554565429688
1750932262.7909894,0.0,0.0,"[174.0, 185.0, 180.0, 156.0, 154.0, 154.0, 156.0, 181.0, 185.0, 174.0]",0.17253345251083374,0.0,-6.103515625e-05,0.002742767333984375,-27.918121337890625
1750932262.8063345,0.0,0.0,"[174.0, 185.0, 180.0, 156.0, 154.0, 154.0, 156.0, 181.0, 185.0, 174.0]",0.11111137270927429,0.0,-6.103515625e-05,0.002880096435546875,-27.91590118408203
1750932262.8214545,0.0,0.0,"[174.0, 185.0, 180.0, 156.0, 154.0, 154.0, 156.0, 181.0, 185.0, 174.0]",0.18726296722888947,0.0,-6.103515625e-05,0.00292205810546875,-27.919647216796875
1750932262.8596785,0.0,0.0,"[174.0, 185.0, 180.0, 156.0, 154.0, 154.0, 156.0, 181.0, 185.0, 174.0]",0.1275697946548462,0.0,-6.103515625e-05,0.0028820037841796875,-27.922195434570312
1750932262.8746903,0.0,0.0,"[174.0, 185.0, 180.0, 156.0, 154.0, 154.0, 156.0, 181.0, 185.0, 174.0]",0.1276874840259552,0.0,-6.103515625e-05,0.002777099609375,-27.919647216796875
1750932262.890299,0.0,0.0,"[174.0, 185.0, 180.0, 156.0, 154.0, 154.0, 156.0, 181.0, 185.0, 174.0]",0.15779972076416016,0.0,-6.103515625e-05,0.00261688232421875,-27.92279815673828
1750932262.905519,0.0,0.0,"[174.0, 185.0, 181.0, 156.0, 154.0, 154.0, 156.0, 181.0, 185.0, 174.0]",0.06082642078399658,0.0,-3.0517578125e-05,0.00241851806640625,-27.923995971679688
1750932262.9204721,0.0,0.0,"[174.0, 185.0, 180.0, 156.0, 154.0, 154.0, 156.0, 181.0, 185.0, 174.0]",0.17793016135692596,0.0,-3.0517578125e-05,0.00218963623046875,-27.920440673828125
1750932262.9584112,0.0,0.0,"[174.0, 185.0, 180.0, 156.0, 154.0, 154.0, 156.0, 181.0, 185.0, 174.0]",0.13651582598686218,0.0,-3.0517578125e-05,0.0019435882568359375,-27.917724609375
1750932262.9734159,0.0,0.0,"[174.0, 185.0, 180.0, 156.0, 154.0, 154.0, 156.0, 181.0, 185.0, 174.0]",0.0744972825050354,0.0,-6.103515625e-05,0.0016880035400390625,-27.919189453125
1750932262.9883223,0.0,0.0,"[174.0, 185.0, 180.0, 156.0, 154.0, 154.0, 156.0, 181.0, 185.0, 174.0]",0.1779070347547531,0.0,-6.103515625e-05,0.001430511474609375,-27.91564178466797
1750932263.0038214,0.0,0.0,"[174.0, 185.0, 180.0, 156.0, 154.0, 154.0, 156.0, 181.0, 185.0, 174.0]",0.1403803825378418,0.0,-6.103515625e-05,0.0011768341064453125,-27.91284942626953
1750932263.019542,0.0,0.0,"[174.0, 185.0, 180.0, 156.0, 154.0, 154.0, 156.0, 181.0, 185.0, 174.0]",0.04680398851633072,0.0,-6.103515625e-05,0.000934600830078125,-27.91374969482422
1750932263.0584018,0.0,0.0,"[174.0, 185.0, 180.0, 156.0, 154.0, 154.0, 156.0, 181.0, 185.0, 174.0]",0.20796330273151398,0.0,-6.103515625e-05,0.000705718994140625,-27.90959930419922
1750932263.0738623,0.0,0.0,"[174.0, 185.0, 180.0, 156.0, 154.0, 154.0, 156.0, 181.0, 185.0, 174.0]",0.07148975133895874,0.0,-6.103515625e-05,0.0004940032958984375,-27.908187866210938
1750932263.089392,0.0,0.0,"[174.0, 185.0, 180.0, 156.0, 154.0, 154.0, 156.0, 181.0, 185.0, 174.0]",0.17573562264442444,0.0,-9.1552734375e-05,0.000301361083984375,-27.911697387695312
1750932263.1055186,0.0,0.0,"[174.0, 185.0, 180.0, 156.0, 154.0, 154.0, 156.0, 181.0, 185.0, 174.0]",0.13984942436218262,0.0,-6.103515625e-05,0.00012969970703125,-27.91448974609375
1750932263.1206205,0.0,0.0,"[174.0, 185.0, 180.0, 156.0, 154.0, 154.0, 156.0, 181.0, 185.0, 174.0]",0.04872461035847664,0.0,-6.103515625e-05,-2.09808349609375e-05,-27.913528442382812
1750932263.1590285,0.0,0.0,"[174.0, 185.0, 180.0, 156.0, 154.0, 154.0, 156.0, 181.0, 185.0, 174.0]",0.2003953754901886,0.0,-6.103515625e-05,-0.0001506805419921875,-27.917526245117188
1750932263.1740832,0.0,0.0,"[174.0, 185.0, 180.0, 156.0, 154.0, 154.0, 156.0, 181.0, 185.0, 174.0]",0.11059461534023285,0.0,-6.103515625e-05,-0.0002593994140625,-27.91973876953125
1750932263.1888168,0.0,0.0,"[174.0, 185.0, 180.0, 156.0, 154.0, 154.0, 156.0, 181.0, 185.0, 174.0]",0.19284339249134064,0.0,-6.103515625e-05,-0.000347137451171875,-27.915878295898438
1750932263.204402,0.0,0.0,"[174.0, 185.0, 180.0, 156.0, 154.0, 154.0, 156.0, 181.0, 185.0, 174.0]",0.13654564321041107,0.0,-6.103515625e-05,-0.000415802001953125,-27.91315460205078
1750932263.2185984,0.0,0.0,"[174.0, 185.0, 180.0, 156.0, 154.0, 154.0, 156.0, 181.0, 185.0, 174.0]",0.0730680525302887,0.0,-6.103515625e-05,-0.000469207763671875,-27.91461181640625
1750932263.257278,0.0,0.0,"[174.0, 185.0, 180.0, 156.0, 154.0, 154.0, 156.0, 181.0, 185.0, 174.0]",0.17689096927642822,0.0,-6.103515625e-05,-0.0005054473876953125,-27.91107177734375
1750932263.2730076,0.0,0.0,"[174.0, 185.0, 180.0, 156.0, 154.0, 154.0, 156.0, 181.0, 185.0, 174.0]",0.1414193958044052,0.0,-9.1552734375e-05,-0.0005283355712890625,-27.908248901367188
1750932263.2882273,0.0,0.0,"[174.0, 185.0, 180.0, 156.0, 154.0, 154.0, 156.0, 181.0, 185.0, 174.0]",0.032625745981931686,0.0,-9.1552734375e-05,-0.0005397796630859375,-27.908897399902344
1750932263.30302,0.0,0.0,"[174.0, 185.0, 180.0, 156.0, 154.0, 154.0, 156.0, 181.0, 185.0, 174.0]",0.1967042237520218,0.0,-9.1552734375e-05,-0.0005397796630859375,-27.90496826171875
1750932263.3182967,0.0,0.0,"[174.0, 185.0, 180.0, 156.0, 154.0, 154.0, 156.0, 181.0, 185.0, 174.0]",0.12207788228988647,0.0,-9.1552734375e-05,-0.000530242919921875,-27.90252685546875
1750932263.3575313,0.0,0.0,"[174.0, 185.0, 180.0, 156.0, 154.0, 154.0, 156.0, 181.0, 185.0, 174.0]",0.16012175381183624,0.0,-9.1552734375e-05,-0.0005168914794921875,-27.905723571777344
1750932263.3724332,0.0,0.0,"[174.0, 185.0, 180.0, 156.0, 154.0, 154.0, 156.0, 181.0, 185.0, 174.0]",0.07564958930015564,0.0,-9.1552734375e-05,-0.00049591064453125,-27.907241821289062
1750932263.387209,0.0,0.0,"[174.0, 185.0, 180.0, 156.0, 154.0, 154.0, 156.0, 181.0, 185.0, 174.0]",0.1808749884366989,0.0,-9.1552734375e-05,-0.0004711151123046875,-27.90361785888672
1750932263.4023955,0.0,0.0,"[174.0, 185.0, 180.0, 156.0, 154.0, 154.0, 156.0, 181.0, 185.0, 174.0]",0.14379964768886566,0.0,-9.1552734375e-05,-0.0004425048828125,-27.900741577148438
1750932263.4289336,0.0,0.0,"[174.0, 185.0, 180.0, 156.0, 154.0, 154.0, 156.0, 181.0, 185.0, 174.0]",0.014497843571007252,0.0,-9.1552734375e-05,-0.0004138946533203125,-27.901031494140625
1750932263.4445527,0.0,0.0,"[174.0, 185.0, 180.0, 156.0, 154.0, 154.0, 156.0, 181.0, 185.0, 174.0]",0.14629842340946198,0.0,-9.1552734375e-05,-0.0003833770751953125,-27.898101806640625
1750932263.4600756,0.0,0.0,"[174.0, 185.0, 180.0, 156.0, 154.0, 154.0, 156.0, 181.0, 185.0, 174.0]",0.00267636775970459,0.0,-9.1552734375e-05,-0.000354766845703125,-27.89806365966797
1750932263.4984689,0.0,0.0,"[174.0, 185.0, 180.0, 156.0, 154.0, 154.0, 156.0, 181.0, 185.0, 174.0]",0.008290820755064487,0.0,-9.1552734375e-05,-0.0003261566162109375,-27.898223876953125
1750932263.5134504,0.0,0.0,"[174.0, 185.0, 180.0, 156.0, 154.0, 154.0, 156.0, 181.0, 185.0, 174.0]",0.05768416449427605,0.0,-9.1552734375e-05,-0.00029754638671875,-27.897071838378906
1750932263.5286627,0.0,0.0,"[174.0, 185.0, 180.0, 156.0, 154.0, 154.0, 156.0, 181.0, 185.0, 174.0]",0.17552219331264496,0.0,-9.1552734375e-05,-0.0002727508544921875,-27.90058135986328
1750932263.543608,0.0,0.0,"[174.0, 185.0, 180.0, 156.0, 154.0, 154.0, 156.0, 181.0, 185.0, 174.0]",0.1362057775259018,0.0,-9.1552734375e-05,-0.000247955322265625,-27.903305053710938
1750932263.5587695,0.0,0.0,"[174.0, 185.0, 180.0, 156.0, 154.0, 154.0, 156.0, 181.0, 185.0, 174.0]",0.07230967283248901,0.0,-9.1552734375e-05,-0.0002269744873046875,-27.90185546875
1750932263.59678,0.0,0.0,"[174.0, 185.0, 180.0, 156.0, 154.0, 154.0, 156.0, 181.0, 185.0, 174.0]",0.17612504959106445,0.0,-9.1552734375e-05,-0.0002079010009765625,-27.905380249023438
1750932263.612589,0.0,0.0,"[174.0, 185.0, 180.0, 156.0, 154.0, 154.0, 156.0, 181.0, 185.0, 174.0]",0.13715188205242157,0.0,-6.103515625e-05,-0.0001926422119140625,-27.908126831054688
1750932263.6279366,0.0,0.0,"[174.0, 185.0, 180.0, 156.0, 154.0, 154.0, 156.0, 181.0, 185.0, 174.0]",0.06468366086483002,0.0,-6.103515625e-05,-0.0001773834228515625,-27.906829833984375
1750932263.6431167,0.0,0.0,"[174.0, 185.0, 180.0, 156.0, 154.0, 154.0, 156.0, 181.0, 185.0, 174.0]",0.17442141473293304,0.0,-6.103515625e-05,-0.0001659393310546875,-27.910324096679688
1750932263.6588957,0.0,0.0,"[174.0, 185.0, 180.0, 156.0, 154.0, 154.0, 156.0, 181.0, 185.0, 174.0]",0.1337493360042572,0.0,-6.103515625e-05,-0.000156402587890625,-27.912994384765625
1750932263.6981432,0.0,0.0,"[174.0, 185.0, 180.0, 156.0, 154.0, 154.0, 156.0, 181.0, 185.0, 174.0]",0.09214746952056885,0.0,-3.0517578125e-05,-0.0001506805419921875,-27.911148071289062
1750932263.713686,0.0,0.0,"[174.0, 185.0, 180.0, 156.0, 154.0, 154.0, 156.0, 181.0, 185.0, 174.0]",0.21053996682167053,0.0,-3.0517578125e-05,-0.00014495849609375,-27.915359497070312
1750932263.7292404,0.0,0.0,"[174.0, 185.0, 180.0, 156.0, 154.0, 154.0, 156.0, 181.0, 185.0, 174.0]",0.054095104336738586,0.0,-3.0517578125e-05,-0.000141143798828125,-27.91644287109375
1750932263.7441015,0.0,0.0,"[174.0, 185.0, 180.0, 156.0, 154.0, 154.0, 156.0, 181.0, 185.0, 174.0]",0.18513193726539612,0.0,-3.0517578125e-05,-0.0001392364501953125,-27.912742614746094
1750932263.7590725,0.0,0.0,"[174.0, 185.0, 180.0, 156.0, 154.0, 154.0, 156.0, 181.0, 185.0, 174.0]",0.14331762492656708,0.0,-3.0517578125e-05,-0.0001373291015625,-27.909873962402344
1750932263.7969632,0.0,0.0,"[174.0, 185.0, 180.0, 156.0, 154.0, 154.0, 156.0, 181.0, 185.0, 174.0]",0.017649052664637566,0.0,-6.103515625e-05,-0.0001392364501953125,-27.910232543945312
1750932263.8123188,0.0,0.0,"[174.0, 185.0, 180.0, 156.0, 154.0, 154.0, 156.0, 181.0, 185.0, 174.0]",0.17914631962776184,0.0,-3.0517578125e-05,-0.0001392364501953125,-27.906646728515625
1750932263.8273213,0.0,0.0,"[174.0, 185.0, 180.0, 156.0, 154.0, 154.0, 156.0, 181.0, 185.0, 174.0]",0.14226795732975006,0.0,-6.103515625e-05,-0.000141143798828125,-27.90380096435547
1750932263.840661,0.0,0.0,"[174.0, 185.0, 180.0, 156.0, 154.0, 154.0, 156.0, 181.0, 185.0, 174.0]",0.024681372568011284,0.0,-6.103515625e-05,-0.00014495849609375,-27.904296875
1750932263.8720229,0.0,0.0,"[174.0, 185.0, 180.0, 156.0, 154.0, 154.0, 156.0, 181.0, 185.0, 174.0]",0.18763060867786407,0.0,-6.103515625e-05,-0.0001468658447265625,-27.900543212890625
1750932263.8844378,0.0,0.0,"[174.0, 185.0, 180.0, 156.0, 154.0, 154.0, 156.0, 181.0, 185.0, 174.0]",0.1418927162885666,0.0,-6.103515625e-05,-0.0001506805419921875,-27.897705078125
1750932263.8971293,0.0,0.0,"[174.0, 185.0, 180.0, 156.0, 154.0, 154.0, 156.0, 181.0, 185.0, 174.0]",0.02815573289990425,0.0,-6.103515625e-05,-0.0001544952392578125,-27.898269653320312
1750932263.9269378,0.0,0.0,"[174.0, 185.0, 180.0, 156.0, 154.0, 154.0, 156.0, 181.0, 185.0, 174.0]",0.18486031889915466,0.0,-6.103515625e-05,-0.0001583099365234375,-27.894569396972656
1750932263.9392304,0.0,0.0,"[174.0, 185.0, 180.0, 156.0, 154.0, 154.0, 156.0, 181.0, 185.0, 174.0]",0.143798366189003,0.0,-6.103515625e-05,-0.00016021728515625,-27.891693115234375
1750932263.9693968,0.0,0.0,"[174.0, 185.0, 180.0, 156.0, 154.0, 154.0, 156.0, 181.0, 185.0, 174.0]",0.01433456689119339,0.0,-9.1552734375e-05,-0.000164031982421875,-27.891983032226562
1750932263.9821408,0.0,0.0,"[174.0, 185.0, 180.0, 156.0, 154.0, 154.0, 156.0, 181.0, 185.0, 174.0]",0.14506176114082336,0.0,-6.103515625e-05,-0.0001678466796875,-27.889083862304688
1750932264.0038245,0.0,0.0,"[174.0, 185.0, 180.0, 156.0, 154.0, 154.0, 156.0, 181.0, 185.0, 174.0]",0.0018886628095060587,0.0,-6.103515625e-05,-0.0001697540283203125,-27.889114379882812
1750932264.016441,0.0,0.0,"[174.0, 185.0, 180.0, 156.0, 154.0, 154.0, 156.0, 181.0, 185.0, 174.0]",0.006696651224046946,0.0,-6.103515625e-05,-0.0001735687255859375,-27.88898468017578
1750932264.0463448,0.0,0.0,"[174.0, 185.0, 180.0, 156.0, 154.0, 154.0, 156.0, 181.0, 185.0, 174.0]",0.04074147343635559,0.0,-6.103515625e-05,-0.00017547607421875,-27.889801025390625
1750932264.059001,0.0,0.0,"[174.0, 185.0, 180.0, 156.0, 154.0, 154.0, 156.0, 181.0, 185.0, 174.0]",0.21093659102916718,0.0,-6.103515625e-05,-0.0001773834228515625,-27.885581970214844
1750932264.0895185,0.0,0.0,"[174.0, 185.0, 180.0, 156.0, 154.0, 154.0, 156.0, 181.0, 185.0, 174.0]",0.05243575572967529,0.0,-9.1552734375e-05,-0.000179290771484375,-27.88452911376953
1750932264.1021712,0.0,0.0,"[174.0, 185.0, 180.0, 156.0, 154.0, 154.0, 156.0, 181.0, 185.0, 174.0]",0.18930640816688538,0.0,-9.1552734375e-05,-0.0001811981201171875,-27.888320922851562
1750932264.124,0.0,0.0,"[174.0, 185.0, 180.0, 156.0, 154.0, 154.0, 156.0, 181.0, 185.0, 174.0]",0.139419823884964,0.0,-6.103515625e-05,-0.0001811981201171875,-27.89110565185547
1750932264.136926,0.0,0.0,"[174.0, 185.0, 180.0, 156.0, 154.0, 154.0, 156.0, 181.0, 185.0, 174.0]",0.047384168952703476,0.0,-6.103515625e-05,-0.00018310546875,-27.890159606933594
1750932264.167042,0.0,0.0,"[174.0, 185.0, 180.0, 156.0, 154.0, 154.0, 156.0, 181.0, 185.0, 174.0]",0.20174412429332733,0.0,-6.103515625e-05,-0.00018310546875,-27.894195556640625
1750932264.1784344,0.0,0.0,"[174.0, 185.0, 180.0, 156.0, 154.0, 154.0, 156.0, 181.0, 185.0, 174.0]",0.09994633495807648,0.0,-6.103515625e-05,-0.00018310546875,-27.896194458007812
1750932264.2088652,0.0,0.5,"[174.0, 185.0, 180.0, 156.0, 154.0, 154.0, 156.0, 181.0, 185.0, 174.0]",0.20111674070358276,0.0,-6.103515625e-05,-0.0001850128173828125,-27.892166137695312
1750932264.2231588,0.0,0.5,"[174.0, 185.0, 180.0, 156.0, 154.0, 154.0, 156.0, 181.0, 185.0, 174.0]",0.10232558846473694,0.0,-6.103515625e-05,-0.0001850128173828125,-27.890121459960938
1750932264.2359786,0.0,0.5,"[174.0, 185.0, 180.0, 156.0, 154.0, 154.0, 156.0, 181.0, 185.0, 174.0]",0.18392103910446167,0.0,-0.00152587890625,-0.0001850128173828125,-27.89350128173828
1750932264.2657454,0.0,0.5,"[174.0, 185.0, 180.0, 156.0, 154.0, 154.0, 156.0, 181.0, 185.0, 174.0]",0.14943087100982666,0.0,-0.003570556640625,-0.0001850128173828125,-27.891326904296875
1750932264.278336,0.0,0.5,"[174.0, 185.0, 180.0, 156.0, 154.0, 154.0, 158.0, 181.0, 185.0, 174.0]",0.1999301165342331,0.0,-0.007537841796875,-0.0001850128173828125,-27.891799926757812
1750932264.308054,0.0,0.5,"[174.0, 185.0, 179.0, 156.0, 154.0, 154.0, 158.0, 181.0, 185.0, 174.0]",0.24947257339954376,0.0,-0.012451171875,-0.0001850128173828125,-27.890899658203125
1750932264.3204153,0.0,0.5,"[174.0, 185.0, 180.0, 156.0, 154.0, 154.0, 156.0, 181.0, 185.0, 174.0]",0.3206025958061218,0.0,-0.018798828125,-0.00018310546875,-27.891815185546875
1750932264.3503985,0.0,0.5,"[174.0, 185.0, 179.0, 156.0, 154.0, 155.0, 158.0, 181.0, 185.0, 174.0]",0.37754660844802856,0.0,-0.026336669921875,-0.00018310546875,-27.892059326171875
1750932264.3631258,0.0,0.5,"[174.0, 185.0, 180.0, 156.0, 154.0, 154.0, 156.0, 181.0, 185.0, 174.0]",0.45546483993530273,0.0,-0.03546142578125,-0.00018310546875,-27.891845703125
1750932264.3753016,0.0,0.5,"[174.0, 185.0, 179.0, 156.0, 154.0, 155.0, 158.0, 181.0, 185.0, 174.0]",0.5376256704330444,0.0,-0.04620361328125,-0.00018310546875,-27.891868591308594
1750932264.4052558,0.0,0.5,"[174.0, 185.0, 180.0, 156.0, 154.0, 154.0, 156.0, 181.0, 185.0, 174.0]",0.588695228099823,0.0,-0.0579833984375,-0.00018310546875,-27.891815185546875
1750932264.4175675,0.0,0.5,"[174.0, 185.0, 180.0, 156.0, 154.0, 154.0, 158.0, 181.0, 185.0, 174.0]",0.6221976280212402,0.0,-0.0704345703125,-0.0001811981201171875,-27.891845703125
1750932264.4476097,0.0,0.5,"[174.0, 185.0, 180.0, 156.0, 154.0, 154.0, 156.0, 181.0, 185.0, 174.0]",0.7274953126907349,0.0,-0.0849609375,-0.0001811981201171875,-27.89179229736328
1750932264.4605792,0.0,0.5,"[174.0, 185.0, 180.0, 156.0, 154.0, 154.0, 156.0, 181.0, 185.0, 174.0]",0.76824551820755,0.0,-0.100341796875,-0.0001811981201171875,-27.891769409179688
1750932264.4913523,0.0,0.5,"[174.0, 185.0, 180.0, 156.0, 154.0, 154.0, 156.0, 181.0, 185.0, 174.0]",0.851969301700592,0.0,-0.11737060546875,-0.0001811981201171875,-27.891746520996094
1750932264.5038466,0.0,0.5,"[174.0, 185.0, 180.0, 156.0, 154.0, 154.0, 156.0, 181.0, 185.0, 174.0]",0.9253525137901306,0.0,-0.135894775390625,-0.0001811981201171875,-27.8917236328125
1750932264.515837,0.0,0.5,"[174.0, 185.0, 180.0, 156.0, 154.0, 154.0, 156.0, 181.0, 185.0, 174.0]",0.9813331961631775,0.0,-0.155517578125,-0.0001811981201171875,-27.891700744628906
1750932264.5463045,0.0,0.5,"[174.0, 185.0, 180.0, 156.0, 154.0, 154.0, 156.0, 181.0, 185.0, 174.0]",1.017757534980774,0.0,-0.175872802734375,-0.0001811981201171875,-27.891685485839844
1750932264.558807,0.0,0.5,"[174.0, 185.0, 180.0, 156.0, 154.0, 154.0, 156.0, 181.0, 185.0, 174.0]",1.1111929416656494,0.0,-0.198089599609375,-0.0001811981201171875,-27.89166259765625
1750932264.5887322,0.0,0.5,"[174.0, 185.0, 180.0, 156.0, 154.0, 154.0, 156.0, 181.0, 185.0, 174.0]",1.167657732963562,0.0,-0.221435546875,-0.000179290771484375,-27.891647338867188
1750932264.6012294,0.0,0.5,"[174.0, 185.0, 180.0, 156.0, 154.0, 154.0, 156.0, 181.0, 185.0, 174.0]",1.2422022819519043,0.0,-0.24627685546875,-0.000179290771484375,-27.891632080078125
1750932264.6316345,0.0,0.5,"[174.0, 185.0, 180.0, 156.0, 154.0, 154.0, 156.0, 181.0, 185.0, 174.0]",1.2857586145401,0.0,-0.272003173828125,-0.000179290771484375,-27.891616821289062
1750932264.64407,0.0,0.5,"[174.0, 185.0, 180.0, 156.0, 154.0, 154.0, 156.0, 181.0, 185.0, 174.0]",1.3390493392944336,0.0,-0.29876708984375,-0.000179290771484375,-27.891586303710938
1750932264.65686,0.0,0.5,"[174.0, 185.0, 180.0, 156.0, 154.0, 154.0, 156.0, 181.0, 185.0, 174.0]",1.4093414545059204,0.0,-0.32696533203125,-0.000179290771484375,-27.891571044921875
1750932264.6877162,0.0,0.5,"[174.0, 185.0, 180.0, 156.0, 154.0, 154.0, 156.0, 181.0, 185.0, 174.0]",1.4873244762420654,0.0,-0.356719970703125,-0.000179290771484375,-27.89153289794922
1750932264.7002134,0.0,0.5,"[174.0, 185.0, 180.0, 156.0, 154.0, 154.0, 156.0, 181.0, 185.0, 174.0]",1.5585826635360718,0.0,-0.38787841796875,-0.000179290771484375,-27.891494750976562
1750932264.7305877,0.0,0.5,"[174.0, 185.0, 180.0, 156.0, 154.0, 154.0, 156.0, 181.0, 185.0, 174.0]",1.6058330535888672,0.0,-0.420013427734375,-0.000179290771484375,-27.891464233398438
1750932264.74225,0.0,0.5,"[174.0, 185.0, 180.0, 156.0, 154.0, 154.0, 158.0, 181.0, 185.0, 174.0]",1.6732327938079834,0.0,-0.453460693359375,-0.000179290771484375,-27.891433715820312
1750932264.7639952,0.0,0.5,"[174.0, 185.0, 180.0, 156.0, 154.0, 154.0, 158.0, 181.0, 185.0, 174.0]",1.7229127883911133,0.0,-0.4879150390625,-0.000179290771484375,-27.891387939453125
1750932264.7763937,0.0,0.5,"[174.0, 185.0, 180.0, 156.0, 154.0, 154.0, 156.0, 181.0, 185.0, 174.0]",1.8107045888900757,0.0,-0.524139404296875,-0.000179290771484375,-27.891326904296875
1750932264.806686,0.0,0.5,"[174.0, 185.0, 180.0, 156.0, 154.0, 154.0, 158.0, 181.0, 185.0, 174.0]",1.8826161623001099,0.0,-0.561798095703125,-0.000179290771484375,-27.891281127929688
1750932264.8193414,0.0,0.5,"[174.0, 185.0, 180.0, 156.0, 154.0, 154.0, 158.0, 181.0, 185.0, 174.0]",1.9127238988876343,0.0,-0.60003662109375,-0.000179290771484375,-27.891220092773438
1750932264.848999,0.0,0.5,"[174.0, 185.0, 180.0, 156.0, 154.0, 154.0, 158.0, 181.0, 185.0, 174.0]",1.9778530597686768,0.0,-0.63958740234375,-0.000179290771484375,-27.891143798828125
1750932264.8616993,0.0,0.5,"[174.0, 185.0, 180.0, 156.0, 154.0, 154.0, 158.0, 181.0, 185.0, 174.0]",2.058037519454956,0.0,-0.680755615234375,-0.000179290771484375,-27.891082763671875
1750932264.8915842,0.0,0.5,"[174.0, 185.0, 180.0, 156.0, 154.0, 154.0, 158.0, 181.0, 185.0, 174.0]",2.144084930419922,0.0,-0.7236328125,-0.000179290771484375,-27.891006469726562
1750932264.9039526,0.0,0.5,"[174.0, 185.0, 180.0, 156.0, 154.0, 154.0, 158.0, 181.0, 185.0, 174.0]",2.187969446182251,0.0,-0.76739501953125,-0.000179290771484375,-27.89093780517578
1750932264.9163313,0.0,0.5,"[174.0, 185.0, 180.0, 156.0, 154.0, 154.0, 158.0, 181.0, 185.0, 174.0]",2.247257709503174,0.0,-0.812347412109375,-0.000179290771484375,-27.89087677001953
1750932264.9468732,0.0,0.5,"[174.0, 185.0, 180.0, 156.0, 154.0, 154.0, 158.0, 181.0, 185.0, 174.0]",2.3047902584075928,0.0,-0.858428955078125,-0.000179290771484375,-27.89080810546875
1750932264.9602737,0.0,0.5,"[174.0, 185.0, 180.0, 156.0, 154.0, 154.0, 156.0, 181.0, 185.0, 174.0]",2.3693885803222656,0.0,-0.90582275390625,-0.000179290771484375,-27.8907470703125
1750932264.9942515,0.0,0.5,"[174.0, 185.0, 180.0, 156.0, 154.0, 154.0, 158.0, 181.0, 185.0, 174.0]",2.4484074115753174,0.0,-0.954803466796875,-0.0001811981201171875,-27.89067840576172
1750932265.0078106,0.0,0.5,"[174.0, 185.0, 180.0, 156.0, 154.0, 154.0, 158.0, 181.0, 185.0, 174.0]",2.504753351211548,0.0,-1.0048828125,-0.0001811981201171875,-27.890602111816406
1750932265.021776,0.0,0.5,"[174.0, 185.0, 180.0, 156.0, 154.0, 154.0, 158.0, 181.0, 185.0, 174.0]",2.5866830348968506,0.0,-1.056640625,-0.0001811981201171875,-27.89051055908203
1750932265.0468004,0.0,0.5,"[174.0, 185.0, 180.0, 156.0, 154.0, 154.0, 158.0, 181.0, 185.0, 174.0]",2.657460927963257,0.0,-1.109771728515625,-0.0001811981201171875,-27.890426635742188
1750932265.0603468,0.0,0.5,"[174.0, 185.0, 180.0, 156.0, 154.0, 154.0, 158.0, 181.0, 185.0, 174.0]",2.6721925735473633,0.0,-1.1632080078125,-0.0001811981201171875,-27.890335083007812
1750932265.0909295,0.0,0.5,"[174.0, 185.0, 180.0, 156.0, 154.0, 154.0, 158.0, 181.0, 185.0, 174.0]",2.759169816970825,0.0,-1.218414306640625,-0.0001811981201171875,-27.890243530273438
1750932265.1032858,0.0,0.5,"[174.0, 185.0, 180.0, 156.0, 154.0, 154.0, 158.0, 181.0, 185.0, 174.0]",2.82057523727417,0.0,-1.274810791015625,-0.0001811981201171875,-27.890159606933594
1750932265.1158786,0.0,0.5,"[174.0, 185.0, 180.0, 156.0, 154.0, 154.0, 158.0, 181.0, 185.0, 174.0]",2.8519158363342285,0.0,-1.33184814453125,-0.0001811981201171875,-27.89007568359375
1750932265.146146,0.0,0.5,"[174.0, 185.0, 180.0, 156.0, 154.0, 154.0, 158.0, 181.0, 185.0, 174.0]",2.9099087715148926,0.0,-1.390045166015625,-0.0001811981201171875,-27.889999389648438
1750932265.1581693,0.0,0.5,"[174.0, 185.0, 180.0, 156.0, 154.0, 154.0, 156.0, 181.0, 185.0, 174.0]",3.0000252723693848,0.0,-1.450042724609375,-0.0001811981201171875,-27.889923095703125
1750932265.188182,0.0,0.5,"[174.0, 185.0, 180.0, 156.0, 154.0, 154.0, 156.0, 181.0, 185.0, 174.0]",3.062228202819824,0.0,-1.51129150390625,-0.0001811981201171875,-27.889846801757812
1750932265.200093,0.0,0.5,"[174.0, 185.0, 180.0, 156.0, 154.0, 154.0, 158.0, 181.0, 185.0, 174.0]",3.1008379459381104,0.0,-1.57330322265625,-0.0001811981201171875,-27.8897705078125
1750932265.2307038,0.0,0.5,"[174.0, 185.0, 180.0, 156.0, 154.0, 154.0, 158.0, 181.0, 185.0, 174.0]",3.1748039722442627,0.0,-1.636810302734375,-0.0001811981201171875,-27.889678955078125
1750932265.243174,0.0,0.5,"[174.0, 185.0, 180.0, 156.0, 154.0, 154.0, 158.0, 181.0, 185.0, 174.0]",3.2598536014556885,0.0,-1.701995849609375,-0.0001811981201171875,-27.88958740234375
1750932265.2559617,0.0,0.5,"[174.0, 185.0, 180.0, 156.0, 154.0, 154.0, 158.0, 181.0, 185.0, 174.0]",3.2900943756103516,0.0,-1.767822265625,-0.0001811981201171875,-27.889480590820312
1750932265.2857854,0.0,0.5,"[174.0, 185.0, 180.0, 156.0, 154.0, 154.0, 158.0, 181.0, 185.0, 174.0]",3.3581645488739014,0.0,-1.8349609375,-0.0001811981201171875,-27.889389038085938
1750932265.2982917,0.0,0.5,"[174.0, 185.0, 180.0, 156.0, 154.0, 154.0, 158.0, 181.0, 185.0, 174.0]",3.416654586791992,0.0,-1.903289794921875,-0.0001811981201171875,-27.889297485351562
1750932265.3284726,0.0,0.5,"[174.0, 185.0, 179.0, 156.0, 154.0, 154.0, 158.0, 181.0, 185.0, 174.0]",3.458461046218872,0.0,-1.97247314453125,-0.0001811981201171875,-27.889198303222656
1750932265.3412082,0.0,0.5,"[174.0, 185.0, 179.0, 156.0, 154.0, 154.0, 158.0, 181.0, 185.0, 174.0]",3.5365397930145264,0.0,-2.043212890625,-0.0001811981201171875,-27.889076232910156
1750932265.372018,0.0,0.5,"[174.0, 185.0, 179.0, 156.0, 154.0, 154.0, 158.0, 181.0, 185.0, 174.0]",3.5996062755584717,0.0,-2.115203857421875,-0.0001811981201171875,-27.888946533203125
1750932265.3834884,0.0,0.5,"[174.0, 185.0, 179.0, 156.0, 154.0, 154.0, 158.0, 181.0, 185.0, 174.0]",3.649751663208008,0.0,-2.188201904296875,-0.0001811981201171875,-27.888809204101562
1750932265.3962123,0.0,0.5,"[174.0, 185.0, 180.0, 156.0, 154.0, 154.0, 158.0, 181.0, 185.0, 174.0]",3.7325215339660645,0.0,-2.262847900390625,-0.0001811981201171875,-27.888687133789062
1750932265.426167,0.0,0.5,"[174.0, 185.0, 180.0, 156.0, 154.0, 154.0, 158.0, 181.0, 185.0, 174.0]",3.7854433059692383,0.0,-2.33856201171875,-0.0001811981201171875,-27.88855743408203
1750932265.4385452,0.0,0.5,"[174.0, 185.0, 180.0, 156.0, 154.0, 154.0, 158.0, 181.0, 185.0, 174.0]",3.8101754188537598,0.0,-2.414764404296875,-0.0001811981201171875,-27.88843536376953
1750932265.4680657,0.0,0.5,"[174.0, 185.0, 180.0, 156.0, 154.0, 154.0, 158.0, 181.0, 185.0, 174.0]",3.887436628341675,0.0,-2.49249267578125,-0.000179290771484375,-27.888320922851562
1750932265.4807467,0.0,0.5,"[174.0, 185.0, 179.0, 156.0, 154.0, 154.0, 158.0, 181.0, 185.0, 174.0]",3.9409122467041016,0.0,-2.571319580078125,-0.000179290771484375,-27.888198852539062
1750932265.5099359,0.0,0.5,"[174.0, 185.0, 179.0, 156.0, 154.0, 154.0, 158.0, 181.0, 185.0, 174.0]",4.016881942749023,0.0,-2.65167236328125,-0.000179290771484375,-27.8880615234375
1750932265.522805,1.0,0.5,"[174.0, 185.0, 179.0, 156.0, 154.0, 155.0, 158.0, 181.0, 185.0, 174.0]",4.079656600952148,0.0,-2.733245849609375,-0.000179290771484375,-27.887924194335938
1750932265.5442371,1.0,0.5,"[174.0, 185.0, 179.0, 155.0, 154.0, 155.0, 158.0, 183.0, 185.0, 174.0]",3.9600794315338135,0.5,-2.811370849609375,-0.000179290771484375,-27.874786376953125
1750932265.556668,1.0,0.5,"[174.0, 185.0, 179.0, 155.0, 153.0, 155.0, 158.0, 183.0, 185.0, 174.0]",4.023526191711426,0.5,-2.89044189453125,-0.000179290771484375,-27.85986328125
1750932265.5866237,0.0,0.5,"[174.0, 185.0, 178.0, 154.0, 153.0, 156.0, 159.0, 184.0, 185.0, 174.0]",4.046591758728027,0.5,-2.9698486328125,-0.000179290771484375,-27.844284057617188
1750932265.5997186,0.0,0.5,"[174.0, 185.0, 178.0, 154.0, 153.0, 156.0, 159.0, 184.0, 185.0, 174.0]",4.093636512756348,0.0,-3.051666259765625,-0.000179290771484375,-27.841033935546875
1750932265.6299553,0.0,0.5,"[174.0, 185.0, 178.0, 154.0, 153.0, 156.0, 159.0, 184.0, 185.0, 174.0]",4.135529041290283,0.0,-3.13433837890625,-0.000179290771484375,-27.838821411132812
1750932265.642969,0.0,0.5,"[174.0, 185.0, 178.0, 154.0, 153.0, 156.0, 159.0, 184.0, 185.0, 174.0]",4.202577114105225,0.0,-3.218353271484375,-0.000179290771484375,-27.836624145507812
1750932265.6644835,0.0,0.5,"[174.0, 185.0, 178.0, 154.0, 153.0, 156.0, 159.0, 184.0, 185.0, 174.0]",4.248188495635986,0.0,-3.30328369140625,-0.000179290771484375,-27.834396362304688
1750932265.6771612,0.0,0.5,"[174.0, 185.0, 178.0, 154.0, 153.0, 156.0, 159.0, 184.0, 185.0, 174.0]",4.310426712036133,0.0,-3.38946533203125,-0.000179290771484375,-27.83214569091797
1750932265.7072623,0.0,0.5,"[174.0, 185.0, 178.0, 154.0, 153.0, 156.0, 159.0, 184.0, 185.0, 174.0]",4.365375518798828,0.0,-3.47674560546875,-0.000179290771484375,-27.829856872558594
1750932265.719068,0.0,0.5,"[174.0, 185.0, 178.0, 154.0, 153.0, 156.0, 159.0, 184.0, 185.0, 174.0]",4.421087741851807,0.0,-3.565155029296875,-0.000179290771484375,-27.827552795410156
1750932265.7490382,0.0,0.5,"[174.0, 185.0, 178.0, 154.0, 153.0, 156.0, 159.0, 184.0, 185.0, 174.0]",4.4897141456604,0.0,-3.6549072265625,-0.000179290771484375,-27.82520294189453
1750932265.7611535,0.0,0.5,"[174.0, 185.0, 178.0, 154.0, 153.0, 156.0, 159.0, 184.0, 185.0, 174.0]",4.555287837982178,0.0,-3.7459716796875,-0.000179290771484375,-27.82282257080078
1750932265.7906978,0.0,0.5,"[174.0, 185.0, 178.0, 154.0, 153.0, 156.0, 159.0, 184.0, 185.0, 174.0]",4.5986409187316895,0.0,-3.837921142578125,-0.000179290771484375,-27.820419311523438
1750932265.803076,0.0,0.5,"[174.0, 185.0, 178.0, 154.0, 153.0, 156.0, 159.0, 184.0, 185.0, 174.0]",4.670064449310303,0.0,-3.931304931640625,-0.000179290771484375,-27.817970275878906
1750932265.8151138,0.0,0.5,"[174.0, 185.0, 178.0, 154.0, 153.0, 156.0, 159.0, 184.0, 185.0, 174.0]",4.7078752517700195,0.0,-4.025421142578125,-0.000179290771484375,-27.815505981445312
1750932265.8452275,0.0,0.5,"[174.0, 185.0, 178.0, 154.0, 153.0, 156.0, 159.0, 184.0, 185.0, 174.0]",4.789693832397461,0.0,-4.121185302734375,-0.000179290771484375,-27.813003540039062
1750932265.8581734,0.0,0.5,"[174.0, 185.0, 178.0, 154.0, 153.0, 156.0, 159.0, 184.0, 185.0, 174.0]",4.821417808532715,0.0,-4.217559814453125,-0.000179290771484375,-27.810470581054688
1750932265.8874595,0.0,0.5,"[174.0, 185.0, 178.0, 154.0, 153.0, 156.0, 159.0, 184.0, 185.0, 174.0]",4.907676696777344,0.0,-4.315704345703125,-0.000179290771484375,-27.807907104492188
1750932265.9001586,0.0,0.5,"[174.0, 185.0, 178.0, 154.0, 153.0, 156.0, 159.0, 184.0, 185.0, 174.0]",4.935973644256592,0.0,-4.41436767578125,-0.000179290771484375,-27.805313110351562
1750932265.9301882,0.0,0.5,"[174.0, 185.0, 178.0, 154.0, 153.0, 156.0, 159.0, 184.0, 185.0, 174.0]",5.024476528167725,0.0,-4.51483154296875,-0.000179290771484375,-27.802688598632812
1750932265.9421675,0.0,0.5,"[174.0, 185.0, 178.0, 154.0, 153.0, 156.0, 159.0, 184.0, 185.0, 174.0]",4.939191818237305,0.0,-4.61358642578125,0.000156402587890625,-27.800086975097656
1750932265.963154,0.0,0.5,"[174.0, 185.0, 178.0, 154.0, 153.0, 156.0, 159.0, 184.0, 185.0, 174.0]",5.093290328979492,0.0,-4.715423583984375,0.0001125335693359375,-27.797523498535156
1750932265.9753423,0.0,0.5,"[174.0, 185.0, 178.0, 154.0, 153.0, 156.0, 159.0, 184.0, 185.0, 174.0]",5.432947158813477,0.0,-4.82403564453125,0.000400543212890625,-27.794708251953125
1750932266.0047064,0.0,0.5,"[174.0, 185.0, 177.0, 154.0, 153.0, 156.0, 159.0, 184.0, 185.0, 174.0]",5.360654354095459,0.0,-4.93121337890625,0.0006389617919921875,-27.79229736328125
1750932266.0174124,0.0,0.5,"[174.0, 185.0, 178.0, 154.0, 153.0, 156.0, 159.0, 184.0, 185.0, 174.0]",5.072903633117676,0.0,-5.032623291015625,0.00083160400390625,-27.78900146484375
1750932266.0469759,0.0,0.5,"[174.0, 185.0, 177.0, 154.0, 153.0, 156.0, 159.0, 184.0, 185.0, 174.0]",5.289329528808594,0.0,-5.138397216796875,0.0009822845458984375,-27.787742614746094
1750932266.0594144,0.0,0.5,"[174.0, 185.0, 178.0, 154.0, 153.0, 156.0, 159.0, 184.0, 185.0, 174.0]",5.499585151672363,0.0,-5.248260498046875,0.001094818115234375,-27.782310485839844
1750932266.088921,0.0,0.5,"[174.0, 185.0, 176.0, 153.0, 152.0, 156.0, 159.0, 184.0, 185.0, 174.0]",5.395255088806152,0.0,-5.356170654296875,0.001171112060546875,-27.783714294433594
1750932266.101598,0.0,0.5,"[174.0, 185.0, 178.0, 154.0, 153.0, 156.0, 159.0, 184.0, 185.0, 174.0]",5.520100116729736,0.0,-5.466552734375,0.0012149810791015625,-27.782135009765625
1750932266.1303535,0.0,0.5,"[174.0, 185.0, 176.0, 153.0, 152.0, 157.0, 160.0, 185.0, 185.0, 174.0]",5.443840980529785,0.0,-5.575408935546875,0.0012340545654296875,-27.780654907226562
1750932266.1426582,0.0,0.5,"[174.0, 185.0, 177.0, 154.0, 153.0, 156.0, 159.0, 184.0, 185.0, 174.0]",5.721621513366699,0.0,-5.689849853515625,0.0012302398681640625,-27.77965545654297
1750932266.1634312,0.0,0.5,"[174.0, 185.0, 176.0, 153.0, 152.0, 157.0, 160.0, 185.0, 185.0, 174.0]",5.624450206756592,0.0,-5.802215576171875,0.0012073516845703125,-27.77472686767578
1750932266.1755338,0.0,0.5,"[174.0, 185.0, 177.0, 154.0, 153.0, 156.0, 159.0, 184.0, 185.0, 174.0]",5.811410903930664,0.0,-5.91839599609375,0.001171112060546875,-27.770591735839844
1750932266.2049415,0.0,0.5,"[174.0, 185.0, 176.0, 153.0, 152.0, 157.0, 160.0, 186.0, 185.0, 174.0]",5.709176063537598,0.0,-6.032562255859375,0.001125335693359375,-27.769317626953125
1750932266.2170954,0.0,0.5,"[174.0, 185.0, 177.0, 154.0, 153.0, 156.0, 159.0, 184.0, 185.0, 174.0]",5.86936616897583,0.0,-6.14990234375,0.0010700225830078125,-27.765853881835938
1750932266.2466607,0.0,0.5,"[174.0, 185.0, 176.0, 153.0, 152.0, 157.0, 160.0, 185.0, 185.0, 174.0]",5.907686233520508,0.0,-6.26800537109375,0.001010894775390625,-27.763221740722656
1750932266.2590997,0.0,0.5,"[174.0, 185.0, 177.0, 154.0, 153.0, 156.0, 159.0, 184.0, 185.0, 174.0]",5.94467830657959,0.0,-6.38677978515625,0.000949859619140625,-27.75762939453125
1750932266.287813,0.0,0.5,"[174.0, 185.0, 176.0, 153.0, 152.0, 157.0, 160.0, 185.0, 185.0, 174.0]",6.151981353759766,0.0,-6.50982666015625,0.0008907318115234375,-27.75653076171875
1750932266.3009331,0.0,0.5,"[174.0, 185.0, 176.0, 154.0, 152.0, 156.0, 159.0, 184.0, 185.0, 174.0]",6.060670375823975,0.0,-6.630828857421875,0.00083160400390625,-27.749557495117188
1750932266.3298502,0.0,0.5,"[174.0, 185.0, 176.0, 153.0, 152.0, 157.0, 160.0, 186.0, 185.0, 174.0]",6.25576639175415,0.0,-6.755950927734375,0.000774383544921875,-27.74915313720703
1750932266.34226,0.0,0.5,"[174.0, 185.0, 176.0, 154.0, 152.0, 156.0, 159.0, 184.0, 185.0, 174.0]",6.121518611907959,0.0,-6.87811279296875,0.0007228851318359375,-27.74115753173828
1750932266.363425,0.0,0.5,"[174.0, 185.0, 176.0, 153.0, 152.0, 157.0, 160.0, 186.0, 185.0, 174.0]",6.265351295471191,0.0,-7.00341796875,0.000675201416015625,-27.741241455078125
1750932266.3752449,0.0,0.5,"[174.0, 185.0, 176.0, 154.0, 152.0, 156.0, 159.0, 184.0, 185.0, 174.0]",6.302177429199219,0.0,-7.129150390625,0.00063323974609375,-27.732269287109375
1750932266.404045,0.0,0.5,"[174.0, 185.0, 176.0, 153.0, 152.0, 157.0, 160.0, 186.0, 185.0, 174.0]",6.493464469909668,0.0,-7.259002685546875,0.0005970001220703125,-27.733627319335938
1750932266.4159105,0.0,0.5,"[174.0, 185.0, 176.0, 153.0, 152.0, 156.0, 159.0, 185.0, 185.0, 174.0]",6.405177116394043,0.0,-7.386749267578125,0.0005645751953125,-27.72405242919922
1750932266.4445574,0.0,0.5,"[174.0, 185.0, 176.0, 153.0, 152.0, 157.0, 160.0, 186.0, 185.0, 174.0]",6.651698112487793,0.0,-7.519775390625,0.0005397796630859375,-27.725181579589844
1750932266.4573045,0.0,0.5,"[174.0, 185.0, 176.0, 153.0, 152.0, 156.0, 160.0, 185.0, 185.0, 174.0]",6.573118686676025,0.0,-7.65087890625,0.000518798828125,-27.71564483642578
1750932266.4860666,0.0,0.5,"[174.0, 185.0, 176.0, 153.0, 152.0, 157.0, 160.0, 186.0, 185.0, 174.0]",6.608170032501221,0.0,-7.783050537109375,0.0005035400390625,-27.716049194335938
1750932266.4982507,0.0,0.5,"[174.0, 185.0, 176.0, 153.0, 152.0, 157.0, 160.0, 186.0, 185.0, 174.0]",6.679411888122559,0.0,-7.916412353515625,0.000492095947265625,-27.708023071289062
1750932266.5273144,0.0,0.5,"[174.0, 185.0, 176.0, 153.0, 152.0, 156.0, 160.0, 185.0, 185.0, 174.0]",6.742018699645996,0.0,-8.051239013671875,0.000484466552734375,-27.705780029296875
1750932266.5393708,0.0,0.5,"[174.0, 185.0, 176.0, 153.0, 152.0, 157.0, 160.0, 186.0, 185.0, 174.0]",6.922728061676025,0.0,-8.189544677734375,0.0004787445068359375,-27.699935913085938
1750932266.568452,0.0,0.5,"[174.0, 185.0, 176.0, 153.0, 152.0, 156.0, 160.0, 185.0, 185.0, 174.0]",6.7642130851745605,0.0,-8.324798583984375,0.0004787445068359375,-27.696151733398438
1750932266.579751,0.0,0.5,"[174.0, 185.0, 176.0, 153.0, 152.0, 157.0, 160.0, 186.0, 185.0, 174.0]",6.895178318023682,0.0,-8.462615966796875,0.0004787445068359375,-27.69152069091797
1750932266.609372,0.0,0.5,"[174.0, 185.0, 176.0, 153.0, 152.0, 156.0, 160.0, 186.0, 185.0, 174.0]",6.936690807342529,0.0,-8.60125732421875,0.0004825592041015625,-27.686630249023438
1750932266.6215823,0.0,0.5,"[174.0, 185.0, 176.0, 153.0, 152.0, 157.0, 160.0, 186.0, 185.0, 174.0]",6.956100940704346,0.0,-8.740325927734375,0.0004863739013671875,-27.68267059326172
1750932266.650274,0.0,0.5,"[174.0, 185.0, 176.0, 153.0, 152.0, 157.0, 160.0, 186.0, 185.0, 174.0]",6.9955525398254395,0.0,-8.880126953125,0.000492095947265625,-27.67719268798828
1750932266.6626346,0.0,0.5,"[174.0, 185.0, 176.0, 153.0, 152.0, 157.0, 160.0, 186.0, 185.0, 174.0]",7.127327919006348,0.0,-9.022613525390625,0.0004978179931640625,-27.67327117919922
1750932266.683748,0.0,0.5,"[174.0, 185.0, 176.0, 153.0, 152.0, 156.0, 160.0, 186.0, 185.0, 174.0]",7.163704872131348,0.0,-9.165802001953125,0.0005054473876953125,-27.66834259033203
1750932266.6955497,0.0,0.5,"[174.0, 185.0, 176.0, 153.0, 152.0, 157.0, 160.0, 186.0, 185.0, 174.0]",7.325384140014648,0.0,-9.312255859375,0.00051116943359375,-27.663841247558594
1750932266.7240536,0.0,0.5,"[174.0, 185.0, 176.0, 153.0, 152.0, 157.0, 160.0, 186.0, 185.0, 174.0]",7.215972900390625,0.0,-9.45648193359375,0.000518798828125,-27.658958435058594
1750932266.735649,0.0,0.5,"[174.0, 185.0, 176.0, 153.0, 152.0, 157.0, 160.0, 186.0, 185.0, 174.0]",7.424447536468506,0.0,-9.604888916015625,0.0005245208740234375,-27.654327392578125
1750932266.7650452,0.0,0.5,"[174.0, 185.0, 176.0, 153.0, 152.0, 156.0, 160.0, 186.0, 185.0, 174.0]",7.3226518630981445,0.0,-9.751251220703125,0.0005321502685546875,-27.649124145507812
1750932266.7767773,0.0,0.5,"[174.0, 185.0, 176.0, 153.0, 152.0, 157.0, 160.0, 186.0, 185.0, 174.0]",7.396844387054443,0.0,-9.899139404296875,0.000537872314453125,-27.64476776123047
1750932266.8058012,0.0,0.5,"[174.0, 185.0, 176.0, 153.0, 152.0, 156.0, 160.0, 186.0, 185.0, 174.0]",7.529324531555176,0.0,-10.04962158203125,0.0005435943603515625,-27.639297485351562
1750932266.8178465,0.0,0.5,"[174.0, 185.0, 176.0, 153.0, 152.0, 157.0, 160.0, 186.0, 185.0, 174.0]",7.404078006744385,0.0,-10.1976318359375,0.0005474090576171875,-27.635108947753906
1750932266.8461068,0.0,0.5,"[174.0, 185.0, 176.0, 153.0, 152.0, 156.0, 160.0, 186.0, 185.0, 174.0]",7.592179298400879,0.0,-10.349365234375,0.0005512237548828125,-27.629241943359375
1750932266.8579907,0.0,0.5,"[174.0, 185.0, 176.0, 153.0, 152.0, 157.0, 160.0, 186.0, 185.0, 174.0]",7.53138542175293,0.0,-10.49993896484375,0.0005550384521484375,-27.625267028808594
1750932266.8865874,0.0,0.5,"[174.0, 185.0, 176.0, 153.0, 152.0, 156.0, 160.0, 186.0, 185.0, 174.0]",7.713622093200684,0.0,-10.65411376953125,0.00055694580078125,-27.61968994140625
1750932266.8990293,0.0,0.5,"[174.0, 185.0, 175.0, 153.0, 152.0, 157.0, 160.0, 186.0, 185.0, 174.0]",7.78347110748291,0.0,-10.809722900390625,0.0005588531494140625,-27.61534881591797
1750932266.9282281,0.0,0.5,"[174.0, 185.0, 176.0, 153.0, 152.0, 156.0, 160.0, 186.0, 185.0, 174.0]",7.79826545715332,0.0,-10.965576171875,0.000560760498046875,-27.609466552734375
1750932266.9401224,0.0,0.5,"[174.0, 185.0, 175.0, 153.0, 152.0, 157.0, 160.0, 186.0, 185.0, 174.0]",7.8199028968811035,0.0,-11.1219482421875,0.0005626678466796875,-27.605758666992188
1750932266.9693334,0.0,0.5,"[174.0, 185.0, 176.0, 153.0, 152.0, 156.0, 160.0, 186.0, 185.0, 174.0]",7.9472126960754395,0.0,-11.280731201171875,0.0005626678466796875,-27.599075317382812
1750932266.9812412,0.0,0.5,"[174.0, 185.0, 175.0, 153.0, 152.0, 157.0, 160.0, 186.0, 185.0, 174.0]",7.909337997436523,0.0,-11.438873291015625,0.0005645751953125,-27.59540557861328
1750932267.0102425,0.0,0.5,"[174.0, 185.0, 176.0, 153.0, 152.0, 156.0, 160.0, 186.0, 185.0, 174.0]",7.946722984313965,0.0,-11.597686767578125,0.0005645751953125,-27.58850860595703
1750932267.0220544,0.0,0.5,"[174.0, 185.0, 175.0, 153.0, 152.0, 157.0, 160.0, 186.0, 185.0, 174.0]",8.153409957885742,0.0,-11.760711669921875,0.0005645751953125,-27.585067749023438
1750932267.0428684,0.0,0.5,"[174.0, 185.0, 175.0, 153.0, 152.0, 156.0, 160.0, 186.0, 185.0, 174.0]",8.087994575500488,0.0,-11.92230224609375,0.0005626678466796875,-27.57806396484375
1750932267.0643423,0.0,0.5,"[174.0, 185.0, 175.0, 153.0, 152.0, 157.0, 160.0, 186.0, 185.0, 174.0]",8.114635467529297,0.0,-12.084564208984375,0.0005626678466796875,-27.5743408203125
1750932267.0765052,0.0,0.5,"[174.0, 185.0, 175.0, 153.0, 152.0, 156.0, 160.0, 186.0, 185.0, 174.0]",8.14134693145752,0.0,-12.247222900390625,0.0005626678466796875,-27.56725311279297
1750932267.1055286,0.0,0.5,"[174.0, 185.0, 175.0, 153.0, 152.0, 157.0, 160.0, 186.0, 185.0, 174.0]",8.353879928588867,0.0,-12.414276123046875,0.000560760498046875,-27.563583374023438
1750932267.1173291,0.0,0.5,"[174.0, 185.0, 175.0, 153.0, 152.0, 157.0, 160.0, 186.0, 185.0, 174.0]",8.212823867797852,0.0,-12.578369140625,0.000560760498046875,-27.55657196044922
1750932267.1465323,0.0,0.5,"[174.0, 185.0, 175.0, 153.0, 152.0, 157.0, 160.0, 186.0, 185.0, 174.0]",8.35306167602539,0.0,-12.745391845703125,0.000560760498046875,-27.552276611328125
1750932267.158572,0.0,0.5,"[174.0, 185.0, 175.0, 153.0, 152.0, 156.0, 160.0, 186.0, 185.0, 174.0]",8.270804405212402,0.0,-12.910675048828125,0.0005588531494140625,-27.546218872070312
1750932267.1879451,0.0,0.5,"[174.0, 185.0, 175.0, 153.0, 152.0, 157.0, 160.0, 186.0, 185.0, 174.0]",8.256057739257812,0.0,-13.07574462890625,0.0005588531494140625,-27.541915893554688
1750932267.2007043,0.0,0.5,"[174.0, 185.0, 175.0, 153.0, 152.0, 157.0, 160.0, 186.0, 185.0, 174.0]",8.610612869262695,0.0,-13.247833251953125,0.00055694580078125,-27.53545379638672
1750932267.22994,0.0,0.5,"[174.0, 185.0, 175.0, 153.0, 152.0, 157.0, 160.0, 187.0, 185.0, 174.0]",8.482352256774902,0.0,-13.41741943359375,0.00055694580078125,-27.530601501464844
1750932267.242556,0.0,0.5,"[174.0, 185.0, 175.0, 153.0, 152.0, 157.0, 160.0, 186.0, 185.0, 174.0]",8.597860336303711,0.0,-13.589263916015625,0.00055694580078125,-27.524436950683594
1750932267.2632775,0.0,0.5,"[174.0, 185.0, 175.0, 153.0, 152.0, 157.0, 160.0, 187.0, 185.0, 174.0]",8.851210594177246,0.0,-13.766204833984375,0.00055694580078125,-27.519210815429688
1750932267.2760534,0.0,0.5,"[174.0, 185.0, 175.0, 153.0, 152.0, 157.0, 160.0, 186.0, 185.0, 174.0]",8.780374526977539,0.0,-13.94171142578125,0.0005550384521484375,-27.513038635253906
1750932267.3058474,0.0,0.5,"[174.0, 185.0, 175.0, 153.0, 152.0, 157.0, 160.0, 187.0, 185.0, 174.0]",8.865702629089355,0.0,-14.11895751953125,0.0005550384521484375,-27.5076904296875
1750932267.3178375,0.0,0.5,"[174.0, 185.0, 175.0, 153.0, 152.0, 157.0, 160.0, 187.0, 185.0, 174.0]",8.755755424499512,0.0,-14.293975830078125,0.0005550384521484375,-27.501914978027344
1750932267.3470352,0.0,0.5,"[174.0, 185.0, 175.0, 153.0, 152.0, 157.0, 160.0, 187.0, 185.0, 174.0]",8.774319648742676,0.0,-14.4693603515625,0.0005550384521484375,-27.496337890625
1750932267.3596866,0.0,0.5,"[174.0, 185.0, 175.0, 153.0, 152.0, 157.0, 160.0, 187.0, 185.0, 174.0]",8.786042213439941,0.0,-14.644989013671875,0.0005550384521484375,-27.490890502929688
1750932267.389257,0.0,0.5,"[174.0, 185.0, 175.0, 153.0, 152.0, 157.0, 160.0, 187.0, 185.0, 174.0]",8.976088523864746,0.0,-14.82440185546875,0.0005550384521484375,-27.484657287597656
1750932267.4012322,0.0,0.5,"[174.0, 185.0, 175.0, 153.0, 152.0, 157.0, 160.0, 187.0, 185.0, 174.0]",8.990896224975586,0.0,-15.004150390625,0.0005550384521484375,-27.479110717773438
1750932267.4301486,0.0,0.5,"[174.0, 185.0, 175.0, 153.0, 152.0, 157.0, 160.0, 187.0, 185.0, 174.0]",9.005654335021973,0.0,-15.184173583984375,0.0005550384521484375,-27.473281860351562
1750932267.442172,0.0,0.5,"[174.0, 185.0, 175.0, 152.0, 152.0, 157.0, 160.0, 187.0, 185.0, 174.0]",9.188495635986328,0.0,-15.367828369140625,0.0005550384521484375,-27.467422485351562
1750932267.462635,0.0,0.5,"[174.0, 185.0, 175.0, 153.0, 152.0, 157.0, 160.0, 187.0, 185.0, 174.0]",9.057350158691406,0.0,-15.54888916015625,0.0005550384521484375,-27.461410522460938
1750932267.4839327,0.0,0.5,"[174.0, 185.0, 175.0, 152.0, 152.0, 157.0, 160.0, 187.0, 185.0, 174.0]",9.24173641204834,0.0,-15.733642578125,0.0005550384521484375,-27.455665588378906
1750932267.4959993,0.0,0.5,"[174.0, 185.0, 175.0, 153.0, 152.0, 157.0, 160.0, 187.0, 185.0, 174.0]",9.501914024353027,0.0,-15.923553466796875,0.0005550384521484375,-27.449249267578125
1750932267.52548,0.0,0.5,"[174.0, 185.0, 175.0, 152.0, 152.0, 157.0, 160.0, 187.0, 185.0, 174.0]",9.350716590881348,0.0,-16.1104736328125,0.0005550384521484375,-27.443435668945312
1750932267.5381448,0.0,0.5,"[174.0, 185.0, 175.0, 152.0, 152.0, 157.0, 160.0, 187.0, 185.0, 174.0]",9.357766151428223,0.0,-16.29754638671875,0.0005550384521484375,-27.43724822998047
1750932267.567349,0.0,0.5,"[174.0, 185.0, 175.0, 152.0, 152.0, 157.0, 160.0, 187.0, 185.0, 174.0]",9.142736434936523,0.0,-16.480316162109375,0.0005550384521484375,-27.431610107421875
1750932267.5793388,0.0,0.5,"[174.0, 185.0, 175.0, 152.0, 152.0, 157.0, 160.0, 187.0, 185.0, 174.0]",9.452556610107422,0.0,-16.66925048828125,0.0005550384521484375,-27.425201416015625
1750932267.6083124,0.0,0.5,"[174.0, 185.0, 175.0, 152.0, 152.0, 157.0, 160.0, 187.0, 185.0, 174.0]",9.54876708984375,0.0,-16.860137939453125,0.0005550384521484375,-27.418930053710938
1750932267.6208014,0.0,0.5,"[174.0, 185.0, 173.0, 152.0, 152.0, 157.0, 160.0, 187.0, 185.0, 174.0]",9.59216594696045,0.0,-17.0518798828125,0.0005550384521484375,-27.413131713867188
1750932267.650204,0.0,0.5,"[174.0, 185.0, 175.0, 152.0, 152.0, 157.0, 160.0, 187.0, 185.0, 174.0]",9.534221649169922,0.0,-17.242431640625,0.0005550384521484375,-27.406417846679688
1750932267.6625712,0.0,0.5,"[174.0, 185.0, 173.0, 152.0, 152.0, 157.0, 160.0, 187.0, 185.0, 174.0]",9.693472862243652,0.0,-17.43621826171875,0.0005550384521484375,-27.400619506835938
1750932267.6835728,0.0,0.5,"[174.0, 185.0, 173.0, 152.0, 152.0, 157.0, 160.0, 187.0, 185.0, 174.0]",9.718822479248047,0.0,-17.6304931640625,0.0005550384521484375,-27.393959045410156
1750932267.6957142,0.0,0.5,"[174.0, 185.0, 173.0, 152.0, 152.0, 157.0, 160.0, 187.0, 185.0, 174.0]",9.903823852539062,0.0,-17.828460693359375,0.0005550384521484375,-27.387474060058594
1750932267.7247827,0.0,0.5,"[174.0, 185.0, 173.0, 152.0, 152.0, 157.0, 160.0, 187.0, 185.0, 174.0]",9.708198547363281,0.0,-18.02252197265625,0.0005550384521484375,-27.38141632080078
1750932267.73671,0.0,0.5,"[174.0, 185.0, 173.0, 152.0, 152.0, 157.0, 160.0, 187.0, 185.0, 174.0]",9.835624694824219,0.0,-18.219146728515625,0.0005550384521484375,-27.374908447265625
1750932267.7656684,0.0,0.5,"[174.0, 185.0, 173.0, 152.0, 152.0, 157.0, 160.0, 187.0, 185.0, 174.0]",10.03573226928711,0.0,-18.41973876953125,0.0005550384521484375,-27.36859130859375
1750932267.7775657,0.0,0.5,"[174.0, 185.0, 173.0, 152.0, 152.0, 157.0, 160.0, 187.0, 185.0, 174.0]",9.927470207214355,0.0,-18.618194580078125,0.0005550384521484375,-27.361968994140625
1750932267.8066537,0.0,0.5,"[174.0, 185.0, 173.0, 152.0, 152.0, 157.0, 160.0, 187.0, 185.0, 174.0]",10.30345630645752,0.0,-18.82415771484375,0.0005550384521484375,-27.355445861816406
1750932267.818517,0.0,0.5,"[174.0, 185.0, 173.0, 152.0, 152.0, 157.0, 160.0, 187.0, 185.0, 174.0]",10.059133529663086,0.0,-19.025238037109375,0.0005550384521484375,-27.348915100097656
1750932267.8476443,0.0,0.5,"[174.0, 185.0, 173.0, 152.0, 152.0, 157.0, 160.0, 187.0, 185.0, 174.0]",10.296213150024414,0.0,-19.231048583984375,0.0005550384521484375,-27.342254638671875
1750932267.8596592,0.0,0.5,"[174.0, 185.0, 173.0, 152.0, 152.0, 157.0, 160.0, 187.0, 185.0, 174.0]",10.041634559631348,0.0,-19.431793212890625,0.0005550384521484375,-27.335914611816406
1750932267.8888993,0.0,0.5,"[174.0, 185.0, 173.0, 152.0, 152.0, 157.0, 160.0, 187.0, 185.0, 174.0]",10.388120651245117,0.0,-19.639434814453125,0.0005550384521484375,-27.329345703125
1750932267.9007618,0.0,0.5,"[174.0, 185.0, 173.0, 152.0, 151.0, 157.0, 161.0, 187.0, 185.0, 174.0]",10.238409996032715,0.0,-19.844085693359375,0.0005550384521484375,-27.322830200195312
1750932267.9292357,0.0,0.5,"[174.0, 185.0, 173.0, 152.0, 152.0, 157.0, 160.0, 187.0, 185.0, 174.0]",10.41608715057373,0.0,-20.05230712890625,0.0005550384521484375,-27.315902709960938
1750932267.9411578,0.0,0.5,"[174.0, 185.0, 173.0, 152.0, 151.0, 157.0, 161.0, 187.0, 185.0, 174.0]",10.469161033630371,0.0,-20.261566162109375,0.0005550384521484375,-27.309173583984375
1750932267.9700572,0.0,0.5,"[174.0, 185.0, 173.0, 152.0, 152.0, 157.0, 160.0, 187.0, 185.0, 174.0]",10.49888801574707,0.0,-20.471435546875,0.0005550384521484375,-27.302352905273438
1750932267.9820395,0.0,0.5,"[174.0, 185.0, 173.0, 152.0, 152.0, 157.0, 160.0, 187.0, 185.0, 174.0]",10.438292503356934,0.0,-20.68011474609375,0.0005550384521484375,-27.295684814453125
1750932268.0026522,0.0,0.5,"[174.0, 185.0, 173.0, 152.0, 152.0, 157.0, 160.0, 187.0, 185.0, 174.0]",10.45567798614502,0.0,-20.889129638671875,0.0005550384521484375,-27.28912353515625
1750932268.0233314,0.0,0.5,"[174.0, 185.0, 173.0, 152.0, 151.0, 157.0, 161.0, 187.0, 185.0, 174.0]",10.667896270751953,0.0,-21.102386474609375,0.0005550384521484375,-27.282546997070312
1750932268.0353184,0.0,0.5,"[174.0, 185.0, 173.0, 152.0, 151.0, 157.0, 161.0, 187.0, 185.0, 174.0]",10.614203453063965,0.0,-21.314544677734375,0.0005550384521484375,-27.27576446533203
1750932268.0642142,0.0,0.5,"[174.0, 185.0, 173.0, 152.0, 151.0, 157.0, 161.0, 187.0, 185.0, 174.0]",10.591151237487793,0.0,-21.526275634765625,0.0005550384521484375,-27.269020080566406
1750932268.0761144,0.0,0.5,"[174.0, 185.0, 173.0, 152.0, 151.0, 157.0, 161.0, 188.0, 185.0, 174.0]",10.7590913772583,0.0,-21.7413330078125,0.0005550384521484375,-27.2620849609375
1750932268.1054325,0.0,0.5,"[174.0, 185.0, 173.0, 152.0, 151.0, 157.0, 161.0, 188.0, 185.0, 174.0]",10.800772666931152,0.0,-21.95721435546875,0.0005550384521484375,-27.254730224609375
1750932268.1170332,0.0,0.5,"[174.0, 185.0, 173.0, 152.0, 151.0, 157.0, 161.0, 188.0, 185.0, 174.0]",10.961841583251953,0.0,-22.176361083984375,0.0005550384521484375,-27.24786376953125
1750932268.145656,0.0,0.5,"[174.0, 185.0, 173.0, 152.0, 151.0, 157.0, 161.0, 188.0, 185.0, 174.0]",10.791851997375488,0.0,-22.39208984375,0.0005550384521484375,-27.24085235595703
1750932268.1576102,0.0,0.5,"[174.0, 185.0, 172.0, 152.0, 151.0, 157.0, 161.0, 188.0, 185.0, 174.0]",10.953140258789062,0.0,-22.611053466796875,0.0005550384521484375,-27.234085083007812
1750932268.1866486,0.0,0.5,"[174.0, 185.0, 172.0, 151.0, 151.0, 157.0, 161.0, 188.0, 185.0, 174.0]",11.050863265991211,0.0,-22.831939697265625,0.0005550384521484375,-27.2269287109375
1750932268.1987154,0.0,0.5,"[174.0, 185.0, 172.0, 151.0, 151.0, 157.0, 161.0, 188.0, 185.0, 174.0]",11.075116157531738,0.0,-23.053314208984375,0.0005550384521484375,-27.219818115234375
1750932268.2275953,0.0,0.5,"[174.0, 185.0, 172.0, 151.0, 151.0, 157.0, 161.0, 188.0, 185.0, 174.0]",11.101365089416504,0.0,-23.275238037109375,0.0005550384521484375,-27.2127685546875
1750932268.2398276,0.0,0.5,"[174.0, 185.0, 172.0, 151.0, 151.0, 157.0, 161.0, 189.0, 185.0, 174.0]",11.034869194030762,0.0,-23.495819091796875,0.0005550384521484375,-27.205673217773438
1750932268.268406,0.0,0.5,"[174.0, 185.0, 172.0, 151.0, 151.0, 157.0, 161.0, 189.0, 185.0, 174.0]",11.03106689453125,0.0,-23.716339111328125,0.0005550384521484375,-27.198486328125
1750932268.280776,0.0,0.5,"[174.0, 185.0, 172.0, 151.0, 151.0, 157.0, 161.0, 189.0, 185.0, 174.0]",11.365568161010742,0.0,-23.943511962890625,0.0005550384521484375,-27.190994262695312
1750932268.309648,0.0,0.5,"[174.0, 185.0, 172.0, 151.0, 151.0, 157.0, 161.0, 189.0, 185.0, 174.0]",11.195619583129883,0.0,-24.167327880859375,0.0005550384521484375,-27.183692932128906
1750932268.3217845,0.0,0.5,"[174.0, 185.0, 172.0, 151.0, 151.0, 157.0, 161.0, 189.0, 185.0, 174.0]",11.393871307373047,0.0,-24.39508056640625,0.0005550384521484375,-27.17646026611328
1750932268.350696,0.0,0.5,"[174.0, 185.0, 172.0, 151.0, 151.0, 157.0, 161.0, 189.0, 185.0, 174.0]",11.237070083618164,0.0,-24.61968994140625,0.0005550384521484375,-27.16901397705078
1750932268.3631427,0.0,0.5,"[174.0, 185.0, 172.0, 151.0, 151.0, 157.0, 161.0, 189.0, 185.0, 174.0]",11.538540840148926,0.0,-24.850341796875,0.0005550384521484375,-27.161697387695312
1750932268.3749774,0.0,0.5,"[174.0, 185.0, 172.0, 151.0, 151.0, 157.0, 161.0, 189.0, 185.0, 174.0]",11.380558967590332,0.0,-25.077850341796875,0.0005550384521484375,-27.154449462890625
1750932268.4040184,0.0,0.5,"[174.0, 185.0, 172.0, 151.0, 151.0, 157.0, 161.0, 189.0, 185.0, 174.0]",11.551036834716797,0.0,-25.308746337890625,0.0005550384521484375,-27.14673614501953
1750932268.4159207,0.0,0.5,"[174.0, 185.0, 172.0, 151.0, 151.0, 157.0, 161.0, 189.0, 185.0, 174.0]",11.587174415588379,0.0,-25.54034423828125,0.0005550384521484375,-27.13916015625
1750932268.4449208,0.0,0.5,"[174.0, 185.0, 172.0, 151.0, 151.0, 157.0, 161.0, 189.0, 185.0, 174.0]",11.607793807983398,0.0,-25.77239990234375,0.0005550384521484375,-27.13158416748047
1750932268.4568753,0.0,0.5,"[174.0, 185.0, 172.0, 151.0, 151.0, 157.0, 161.0, 189.0, 185.0, 174.0]",11.632828712463379,0.0,-26.004913330078125,0.0005550384521484375,-27.124038696289062
1750932268.4846587,0.0,0.5,"[174.0, 185.0, 172.0, 151.0, 151.0, 259.0, 161.0, 189.0, 185.0, 174.0]",11.688702583312988,0.0,-26.23858642578125,0.0005550384521484375,-27.1165771484375
1750932268.4975417,0.0,0.5,"[174.0, 185.0, 172.0, 151.0, 151.0, 259.0, 161.0, 189.0, 185.0, 174.0]",11.785926818847656,0.0,-26.47418212890625,0.0005550384521484375,-27.10906982421875
1750932268.5268517,0.0,0.5,"[174.0, 185.0, 172.0, 151.0, 151.0, 259.0, 161.0, 189.0, 185.0, 174.0]",11.627243995666504,0.0,-26.706573486328125,0.0005550384521484375,-27.101295471191406
1750932268.5392456,0.0,0.5,"[174.0, 185.0, 172.0, 151.0, 151.0, 158.0, 161.0, 189.0, 185.0, 174.0]",12.01744270324707,0.0,-26.946807861328125,0.0005550384521484375,-27.093421936035156
1750932268.5678067,0.0,0.5,"[174.0, 185.0, 172.0, 151.0, 151.0, 158.0, 161.0, 189.0, 185.0, 174.0]",11.88221263885498,0.0,-27.184326171875,0.0005550384521484375,-27.08562469482422
1750932268.5795646,0.0,0.5,"[174.0, 185.0, 172.0, 151.0, 151.0, 158.0, 161.0, 189.0, 185.0, 174.0]",11.944031715393066,0.0,-27.423095703125,0.0005550384521484375,-27.077972412109375
1750932268.608216,0.0,0.5,"[174.0, 185.0, 172.0, 151.0, 151.0, 158.0, 161.0, 189.0, 185.0, 174.0]",11.738005638122559,0.0,-27.65771484375,0.0005550384521484375,-27.070220947265625
1750932268.6204555,0.0,0.5,"[174.0, 185.0, 172.0, 151.0, 151.0, 158.0, 161.0, 189.0, 185.0, 174.0]",12.10054874420166,0.0,-27.89959716796875,0.0005550384521484375,-27.06262969970703
1750932268.6487756,0.0,0.5,"[174.0, 185.0, 171.0, 151.0, 151.0, 158.0, 161.0, 189.0, 185.0, 174.0]",12.164850234985352,0.0,-28.142791748046875,0.0005550384521484375,-27.055068969726562
1750932268.660349,0.0,0.5,"[174.0, 185.0, 171.0, 151.0, 151.0, 158.0, 161.0, 189.0, 185.0, 174.0]",12.192161560058594,0.0,-28.386505126953125,0.0005550384521484375,-27.046951293945312
1750932268.6889873,0.0,0.5,"[174.0, 185.0, 171.0, 151.0, 151.0, 158.0, 161.0, 189.0, 185.0, 174.0]",12.17514419555664,0.0,-28.6298828125,0.0005550384521484375,-27.039321899414062
1750932268.701249,0.0,0.5,"[174.0, 185.0, 171.0, 151.0, 151.0, 158.0, 161.0, 189.0, 185.0, 174.0]",12.19742202758789,0.0,-28.873687744140625,0.0005550384521484375,-27.031158447265625
1750932268.730384,0.0,0.5,"[174.0, 185.0, 170.0, 151.0, 151.0, 158.0, 161.0, 189.0, 185.0, 174.0]",12.281126976013184,0.0,-29.11920166015625,0.0005550384521484375,-27.023513793945312
1750932268.742708,0.0,0.5,"[174.0, 185.0, 171.0, 151.0, 151.0, 158.0, 161.0, 189.0, 185.0, 174.0]",12.309946060180664,0.0,-29.365264892578125,0.0005550384521484375,-27.015281677246094
1750932268.7632105,0.0,0.5,"[174.0, 185.0, 170.0, 151.0, 151.0, 158.0, 161.0, 189.0, 185.0, 174.0]",12.283858299255371,0.0,-29.610809326171875,0.0005550384521484375,-27.007705688476562
1750932268.7752702,0.0,0.5,"[174.0, 185.0, 170.0, 151.0, 151.0, 158.0, 161.0, 189.0, 185.0, 174.0]",12.372452735900879,0.0,-29.858123779296875,0.0005550384521484375,-26.999496459960938
1750932268.8041823,0.0,0.5,"[174.0, 185.0, 170.0, 151.0, 151.0, 158.0, 161.0, 189.0, 185.0, 174.0]",12.379612922668457,0.0,-30.1055908203125,0.0005550384521484375,-26.99163055419922
1750932268.816753,0.0,0.5,"[174.0, 185.0, 170.0, 151.0, 151.0, 158.0, 161.0, 189.0, 185.0, 174.0]",12.476161003112793,0.0,-30.35498046875,0.0005550384521484375,-26.983779907226562
1750932268.8451312,0.0,0.5,"[174.0, 185.0, 170.0, 151.0, 151.0, 158.0, 161.0, 189.0, 185.0, 174.0]",12.682140350341797,0.0,-30.6085205078125,0.0005550384521484375,-26.97582244873047
1750932268.8569205,0.0,0.5,"[174.0, 185.0, 170.0, 151.0, 151.0, 158.0, 161.0, 189.0, 185.0, 174.0]",12.551163673400879,0.0,-30.859405517578125,0.0005550384521484375,-26.967628479003906
1750932268.8853416,0.0,0.5,"[174.0, 185.0, 170.0, 151.0, 151.0, 158.0, 161.0, 189.0, 185.0, 174.0]",12.728981018066406,0.0,-31.113861083984375,0.0005550384521484375,-26.95947265625
1750932268.8976853,0.0,0.5,"[174.0, 185.0, 170.0, 151.0, 151.0, 158.0, 161.0, 189.0, 185.0, 174.0]",12.64532470703125,0.0,-31.366607666015625,0.0005550384521484375,-26.951171875
1750932268.9262455,0.0,0.5,"[174.0, 185.0, 170.0, 149.0, 151.0, 158.0, 161.0, 190.0, 185.0, 174.0]",12.86293888092041,0.0,-31.623748779296875,0.0005550384521484375,-26.9429931640625
1750932268.9389179,0.0,0.5,"[174.0, 185.0, 170.0, 149.0, 151.0, 158.0, 161.0, 189.0, 185.0, 174.0]",12.788968086242676,0.0,-31.87939453125,0.0005550384521484375,-26.934608459472656
1750932268.9677262,0.0,0.5,"[174.0, 185.0, 170.0, 149.0, 151.0, 158.0, 161.0, 190.0, 185.0, 174.0]",12.923535346984863,0.0,-32.137725830078125,0.0005550384521484375,-26.92638397216797
1750932268.98001,0.0,0.5,"[174.0, 185.0, 170.0, 149.0, 151.0, 158.0, 161.0, 190.0, 185.0, 174.0]",12.706584930419922,0.0,-32.3917236328125,0.0005550384521484375,-26.918136596679688
1750932269.008575,0.0,0.5,"[174.0, 185.0, 170.0, 149.0, 151.0, 158.0, 162.0, 190.0, 185.0, 174.0]",12.870631217956543,0.0,-32.649017333984375,0.0005550384521484375,-26.910018920898438
1750932269.020055,0.0,0.5,"[174.0, 185.0, 170.0, 149.0, 151.0, 158.0, 162.0, 190.0, 185.0, 174.0]",12.896408081054688,0.0,-32.90679931640625,0.0005550384521484375,-26.901580810546875
1750932269.0486052,0.0,0.5,"[174.0, 185.0, 170.0, 149.0, 151.0, 158.0, 162.0, 190.0, 185.0, 174.0]",13.082193374633789,0.0,-33.168304443359375,0.0005550384521484375,-26.892852783203125
1750932269.0611246,0.0,0.5,"[174.0, 185.0, 170.0, 149.0, 151.0, 158.0, 162.0, 190.0, 185.0, 174.0]",12.97113037109375,0.0,-33.427581787109375,0.0005550384521484375,-26.884506225585938
1750932269.0922184,0.0,0.5,"[174.0, 185.0, 170.0, 149.0, 151.0, 158.0, 162.0, 190.0, 185.0, 174.0]",13.027097702026367,0.0,-33.68798828125,0.0005550384521484375,-26.87615966796875
1750932269.1044497,0.0,0.5,"[174.0, 185.0, 170.0, 149.0, 151.0, 158.0, 162.0, 190.0, 185.0, 174.0]",12.96004581451416,0.0,-33.94708251953125,0.0005550384521484375,-26.868087768554688
1750932269.1159678,0.0,0.5,"[174.0, 185.0, 170.0, 149.0, 151.0, 158.0, 162.0, 190.0, 185.0, 174.0]",13.117208480834961,0.0,-34.209259033203125,0.0005550384521484375,-26.859352111816406
1750932269.1446927,0.0,0.5,"[174.0, 185.0, 170.0, 149.0, 151.0, 158.0, 162.0, 190.0, 185.0, 174.0]",13.258553504943848,0.0,-34.47430419921875,0.0005550384521484375,-26.85076141357422
1750932269.1564386,0.0,0.5,"[174.0, 185.0, 169.0, 149.0, 151.0, 158.0, 162.0, 190.0, 185.0, 174.0]",13.261514663696289,0.0,-34.739410400390625,0.0005550384521484375,-26.84241485595703
1750932269.1851342,0.0,0.5,"[174.0, 185.0, 169.0, 149.0, 151.0, 158.0, 162.0, 190.0, 185.0, 174.0]",13.255655288696289,0.0,-35.004364013671875,0.0005550384521484375,-26.8336181640625
1750932269.1972957,0.0,0.5,"[174.0, 185.0, 169.0, 149.0, 151.0, 158.0, 162.0, 190.0, 185.0, 174.0]",13.331088066101074,0.0,-35.2708740234375,0.0005550384521484375,-26.8253173828125
1750932269.2253175,0.0,0.5,"[174.0, 185.0, 169.0, 149.0, 151.0, 158.0, 162.0, 190.0, 185.0, 174.0]",13.53083610534668,0.0,-35.541351318359375,0.0005550384521484375,-26.816482543945312
1750932269.2372487,0.0,0.5,"[174.0, 185.0, 169.0, 149.0, 151.0, 158.0, 162.0, 190.0, 185.0, 174.0]",13.354368209838867,0.0,-35.80828857421875,0.0005550384521484375,-26.80805206298828
1750932269.2647345,0.0,0.5,"[174.0, 185.0, 169.0, 149.0, 151.0, 158.0, 162.0, 190.0, 185.0, 174.0]",13.468647956848145,0.0,-36.0775146484375,0.0005550384521484375,-26.79949951171875
1750932269.2764814,0.0,0.5,"[174.0, 185.0, 169.0, 149.0, 150.0, 158.0, 162.0, 190.0, 185.0, 174.0]",13.464997291564941,0.0,-36.346710205078125,0.0005550384521484375,-26.791160583496094
1750932269.3044775,0.0,0.5,"[174.0, 185.0, 169.0, 149.0, 151.0, 158.0, 162.0, 190.0, 185.0, 174.0]",13.465444564819336,0.0,-36.6158447265625,0.0005550384521484375,-26.7821044921875
1750932269.3165,0.0,0.5,"[174.0, 185.0, 169.0, 149.0, 150.0, 158.0, 162.0, 190.0, 185.0, 174.0]",13.606053352355957,0.0,-36.887847900390625,0.0005550384521484375,-26.77349853515625
1750932269.3447711,0.0,0.5,"[174.0, 185.0, 169.0, 149.0, 150.0, 158.0, 162.0, 190.0, 185.0, 174.0]",13.611536979675293,0.0,-37.159942626953125,0.0005550384521484375,-26.764739990234375
1750932269.3561385,0.0,0.5,"[174.0, 185.0, 169.0, 149.0, 151.0, 158.0, 162.0, 190.0, 185.0, 174.0]",13.744585990905762,0.0,-37.434661865234375,0.0005550384521484375,-26.75592041015625
1750932269.3847508,0.0,0.5,"[174.0, 185.0, 169.0, 149.0, 150.0, 158.0, 162.0, 190.0, 185.0, 174.0]",13.754156112670898,0.0,-37.709625244140625,0.0005550384521484375,-26.747222900390625
1750932269.3967216,0.0,0.5,"[174.0, 185.0, 169.0, 149.0, 150.0, 158.0, 162.0, 190.0, 185.0, 174.0]",13.869359016418457,0.0,-37.98687744140625,0.0005550384521484375,-26.73828125
1750932269.4240563,0.0,0.5,"[174.0, 185.0, 168.0, 149.0, 150.0, 158.0, 162.0, 190.0, 185.0, 174.0]",13.75355052947998,0.0,-38.261810302734375,0.0005550384521484375,-26.729530334472656
1750932269.4357784,0.0,0.5,"[174.0, 185.0, 168.0, 149.0, 150.0, 158.0, 162.0, 190.0, 185.0, 174.0]",14.006199836730957,0.0,-38.541778564453125,0.0005550384521484375,-26.720382690429688
1750932269.4630358,0.0,0.5,"[174.0, 185.0, 168.0, 149.0, 150.0, 158.0, 162.0, 190.0, 185.0, 174.0]",13.855853080749512,0.0,-38.818756103515625,0.0005550384521484375,-26.711524963378906
1750932269.4828706,0.0,0.5,"[174.0, 185.0, 168.0, 149.0, 150.0, 158.0, 162.0, 190.0, 185.0, 174.0]",13.983170509338379,0.0,-39.0982666015625,0.0005550384521484375,-26.702346801757812
1750932269.502327,0.0,0.5,"[174.0, 185.0, 168.0, 149.0, 150.0, 158.0, 162.0, 190.0, 185.0, 174.0]",13.934500694274902,0.0,-39.376800537109375,0.0005550384521484375,-26.693374633789062
1750932269.5212467,0.0,0.5,"[174.0, 185.0, 167.0, 149.0, 150.0, 158.0, 162.0, 190.0, 185.0, 174.0]",13.952116966247559,0.0,-39.65570068359375,0.0005550384521484375,-26.68439483642578
1750932269.5487754,0.0,0.5,"[174.0, 185.0, 167.0, 149.0, 150.0, 158.0, 162.0, 190.0, 185.0, 174.0]",14.182387351989746,0.0,-39.939208984375,0.0005550384521484375,-26.675201416015625
1750932269.5605457,0.0,0.5,"[174.0, 185.0, 167.0, 148.0, 150.0, 158.0, 162.0, 192.0, 185.0, 174.0]",14.040922164916992,0.0,-40.219879150390625,0.0005550384521484375,-26.66625213623047
1750932269.5877929,0.0,0.5,"[174.0, 185.0, 167.0, 148.0, 150.0, 158.0, 162.0, 190.0, 185.0, 174.0]",14.241722106933594,0.0,-40.504547119140625,0.0005550384521484375,-26.656829833984375
1750932269.5995324,0.0,0.5,"[174.0, 185.0, 167.0, 148.0, 150.0, 158.0, 162.0, 192.0, 185.0, 174.0]",14.176640510559082,0.0,-40.787933349609375,0.0005550384521484375,-26.64765167236328
1750932269.6265407,0.0,0.5,"[174.0, 185.0, 167.0, 148.0, 150.0, 158.0, 162.0, 192.0, 185.0, 174.0]",14.15920352935791,0.0,-41.07098388671875,0.0005550384521484375,-26.63855743408203
1750932269.6380894,0.0,0.5,"[174.0, 185.0, 167.0, 148.0, 150.0, 158.0, 162.0, 192.0, 185.0, 174.0]",14.11364459991455,0.0,-41.353118896484375,0.0005550384521484375,-26.6295166015625
1750932269.6653378,0.0,0.5,"[174.0, 185.0, 167.0, 148.0, 150.0, 158.0, 162.0, 192.0, 185.0, 174.0]",14.327452659606934,0.0,-41.639495849609375,0.0005550384521484375,-26.620285034179688
1750932269.6765118,0.0,0.5,"[174.0, 185.0, 167.0, 148.0, 150.0, 158.0, 162.0, 192.0, 185.0, 174.0]",14.507872581481934,0.0,-41.92950439453125,0.0005550384521484375,-26.611099243164062
1750932269.7034094,0.0,0.5,"[174.0, 185.0, 167.0, 148.0, 150.0, 158.0, 162.0, 192.0, 185.0, 174.0]",14.377756118774414,0.0,-42.2169189453125,0.0005550384521484375,-26.601783752441406
1750932269.7146087,0.0,0.5,"[174.0, 185.0, 167.0, 148.0, 150.0, 158.0, 162.0, 192.0, 185.0, 174.0]",14.50822925567627,0.0,-42.506927490234375,0.0005550384521484375,-26.5926513671875
1750932269.7415965,-1.0,0.5,"[174.0, 185.0, 167.0, 148.0, 150.0, 158.0, 162.0, 192.0, 185.0, 174.0]",14.361953735351562,0.0,-42.794036865234375,0.0005550384521484375,-26.583404541015625
1750932269.7691057,-1.0,0.5,"[174.0, 185.0, 168.0, 149.0, 151.0, 158.0, 162.0, 190.0, 185.0, 174.0]",14.328431129455566,-0.5,-43.080474853515625,0.0005550384521484375,-26.59160614013672
1750932269.7803857,-1.0,0.5,"[174.0, 185.0, 170.0, 151.0, 153.0, 158.0, 161.0, 189.0, 185.0, 174.0]",14.048691749572754,-0.5,-43.3603515625,0.0005550384521484375,-26.61656951904297
1750932269.8088007,0.0,0.5,"[174.0, 185.0, 172.0, 153.0, 154.0, 154.0, 159.0, 187.0, 185.0, 174.0]",13.910130500793457,-0.5,-43.63543701171875,0.0005550384521484375,-26.65808868408203
1750932269.8206112,0.0,0.5,"[174.0, 185.0, 173.0, 154.0, 155.0, 154.0, 159.0, 187.0, 185.0, 174.0]",13.896173477172852,0.0,-43.911956787109375,0.0005550384521484375,-26.685867309570312
1750932269.8486848,0.0,0.5,"[174.0, 185.0, 173.0, 154.0, 155.0, 154.0, 159.0, 187.0, 185.0, 174.0]",14.067996978759766,0.0,-44.193084716796875,0.0005550384521484375,-26.697097778320312
1750932269.860477,0.0,0.5,"[174.0, 185.0, 173.0, 154.0, 155.0, 154.0, 159.0, 187.0, 185.0, 174.0]",14.06677532196045,0.0,-44.4742431640625,0.0005550384521484375,-26.70764923095703
1750932269.8883898,0.0,0.5,"[174.0, 185.0, 173.0, 154.0, 155.0, 154.0, 159.0, 186.0, 185.0, 174.0]",14.1146240234375,0.0,-44.756317138671875,0.0005550384521484375,-26.718048095703125
1750932269.9007063,0.0,0.5,"[174.0, 185.0, 175.0, 154.0, 155.0, 154.0, 158.0, 186.0, 185.0, 174.0]",14.29648494720459,0.0,-45.042083740234375,0.0005550384521484375,-26.728500366210938
1750932269.9290264,0.0,0.5,"[174.0, 185.0, 175.0, 154.0, 155.0, 154.0, 159.0, 186.0, 185.0, 174.0]",14.105073928833008,0.0,-45.323974609375,0.0005550384521484375,-26.738983154296875
1750932269.9408598,0.0,0.5,"[174.0, 185.0, 175.0, 154.0, 155.0, 154.0, 158.0, 186.0, 185.0, 174.0]",14.262336730957031,0.0,-45.609039306640625,0.0005550384521484375,-26.74933624267578
1750932269.969194,0.0,0.5,"[174.0, 185.0, 175.0, 154.0, 155.0, 154.0, 158.0, 186.0, 185.0, 174.0]",14.170431137084961,0.0,-45.892242431640625,0.0005550384521484375,-26.75994873046875
1750932269.9806368,0.0,0.5,"[174.0, 185.0, 175.0, 154.0, 155.0, 154.0, 158.0, 186.0, 185.0, 174.0]",14.548066139221191,0.0,-46.183013916015625,0.0005550384521484375,-26.77080535888672
1750932270.0089536,0.0,0.5,"[174.0, 185.0, 175.0, 154.0, 155.0, 154.0, 158.0, 186.0, 185.0, 174.0]",14.241805076599121,0.0,-46.4676513671875,0.0005550384521484375,-26.781417846679688
1750932270.0207946,0.0,0.5,"[174.0, 185.0, 175.0, 154.0, 155.0, 154.0, 158.0, 186.0, 185.0, 174.0]",14.59961223602295,0.0,-46.759429931640625,0.0005550384521484375,-26.79236602783203
1750932270.048945,0.0,0.5,"[174.0, 185.0, 175.0, 154.0, 155.0, 154.0, 158.0, 186.0, 185.0, 174.0]",14.249303817749023,0.0,-47.044219970703125,0.0005550384521484375,-26.802978515625
1750932270.0609064,0.0,0.5,"[174.0, 185.0, 175.0, 154.0, 155.0, 154.0, 158.0, 186.0, 185.0, 174.0]",14.587726593017578,0.0,-47.335784912109375,0.0005550384521484375,-26.81378173828125
1750932270.087595,1.0,0.5,"[174.0, 185.0, 175.0, 154.0, 155.0, 153.0, 158.0, 186.0, 185.0, 174.0]",14.485413551330566,0.0,-47.625274658203125,0.0005550384521484375,-26.824546813964844
1750932270.0996091,1.0,0.5,"[174.0, 185.0, 175.0, 154.0, 155.0, 154.0, 159.0, 186.0, 185.0, 174.0]",14.304795265197754,0.5,-47.911346435546875,0.0005550384521484375,-26.820777893066406
1750932270.1280625,0.0,0.5,"[174.0, 185.0, 172.0, 153.0, 153.0, 157.0, 160.0, 187.0, 185.0, 174.0]",14.161674499511719,0.5,-48.19384765625,0.0005550384521484375,-26.800521850585938
1750932270.1401052,0.0,0.5,"[174.0, 185.0, 172.0, 152.0, 153.0, 157.0, 160.0, 188.0, 185.0, 174.0]",14.2144775390625,0.0,-48.478118896484375,0.0005550384521484375,-26.79553985595703
1750932270.1683712,0.0,0.5,"[174.0, 185.0, 172.0, 152.0, 153.0, 157.0, 160.0, 188.0, 185.0, 174.0]",14.161144256591797,0.0,-48.761322021484375,0.0005550384521484375,-26.79625701904297
1750932270.179579,0.0,0.5,"[174.0, 185.0, 172.0, 152.0, 153.0, 157.0, 160.0, 188.0, 185.0, 174.0]",14.26542854309082,0.0,-49.046630859375,0.0005550384521484375,-26.79779815673828
1750932270.2083347,0.0,0.5,"[174.0, 185.0, 172.0, 152.0, 153.0, 157.0, 160.0, 188.0, 185.0, 174.0]",14.258455276489258,0.0,-49.331787109375,0.0005550384521484375,-26.799179077148438
1750932270.2203553,0.0,0.5,"[174.0, 185.0, 172.0, 152.0, 153.0, 157.0, 160.0, 188.0, 185.0, 174.0]",14.239195823669434,0.0,-49.6165771484375,0.0005550384521484375,-26.80059814453125
1750932270.248069,0.0,0.5,"[174.0, 185.0, 172.0, 152.0, 153.0, 157.0, 160.0, 188.0, 185.0, 174.0]",14.33261775970459,0.0,-49.903228759765625,0.0005550384521484375,-26.802085876464844
1750932270.2593179,0.0,0.5,"[174.0, 185.0, 172.0, 152.0, 153.0, 157.0, 160.0, 188.0, 185.0, 174.0]",14.498089790344238,0.0,-50.19317626953125,0.0005550384521484375,-26.803672790527344
1750932270.2870803,0.0,0.5,"[174.0, 185.0, 172.0, 152.0, 153.0, 157.0, 160.0, 187.0, 185.0, 174.0]",14.286482810974121,0.0,-50.478912353515625,0.0005550384521484375,-26.80499267578125
1750932270.298841,0.0,0.5,"[174.0, 185.0, 172.0, 152.0, 153.0, 157.0, 160.0, 188.0, 185.0, 174.0]",14.444360733032227,0.0,-50.767791748046875,0.0005550384521484375,-26.806678771972656
1750932270.3261678,0.0,0.5,"[174.0, 185.0, 172.0, 152.0, 153.0, 157.0, 160.0, 188.0, 185.0, 174.0]",14.53650188446045,0.0,-51.058502197265625,0.0005550384521484375,-26.80815887451172
1750932270.3378441,0.0,0.5,"[174.0, 185.0, 172.0, 152.0, 153.0, 157.0, 160.0, 187.0, 185.0, 174.0]",14.600231170654297,0.0,-51.35052490234375,0.0005550384521484375,-26.809341430664062
1750932270.3653388,0.0,0.5,"[174.0, 185.0, 172.0, 152.0, 153.0, 157.0, 160.0, 188.0, 185.0, 174.0]",14.676233291625977,0.0,-51.64404296875,0.0005550384521484375,-26.811004638671875
1750932270.377123,0.0,0.5,"[174.0, 185.0, 172.0, 152.0, 153.0, 157.0, 160.0, 187.0, 185.0, 174.0]",14.682734489440918,0.0,-51.93768310546875,0.0005550384521484375,-26.81220245361328
1750932270.4044778,1.0,0.5,"[174.0, 185.0, 172.0, 152.0, 153.0, 157.0, 160.0, 188.0, 185.0, 174.0]",14.693923950195312,0.0,-52.2315673828125,0.0005550384521484375,-26.813796997070312
1750932270.415757,1.0,0.5,"[174.0, 185.0, 171.0, 151.0, 153.0, 157.0, 160.0, 189.0, 185.0, 174.0]",14.464499473571777,0.5,-52.52044677734375,0.0005550384521484375,-26.798622131347656
1750932270.4422123,1.0,0.5,"[174.0, 185.0, 169.0, 149.0, 151.0, 157.0, 162.0, 190.0, 185.0, 174.0]",14.412343978881836,0.5,-52.806884765625,0.0005550384521484375,-26.76622772216797
1750932270.4612343,0.0,0.5,"[174.0, 185.0, 166.0, 147.0, 149.0, 157.0, 163.0, 192.0, 185.0, 174.0]",14.13968276977539,0.5,-53.08514404296875,0.0005550384521484375,-26.715904235839844
1750932270.4888864,0.0,0.5,"[174.0, 185.0, 164.0, 146.0, 148.0, 156.0, 164.0, 193.0, 185.0, 174.0]",14.257102966308594,0.0,-53.367828369140625,0.0005550384521484375,-26.678382873535156
1750932270.500306,0.0,0.5,"[174.0, 185.0, 164.0, 146.0, 148.0, 156.0, 164.0, 193.0, 185.0, 174.0]",14.220155715942383,0.0,-53.65130615234375,0.0005550384521484375,-26.655715942382812
1750932270.5275836,0.0,0.5,"[174.0, 185.0, 164.0, 146.0, 147.0, 156.0, 164.0, 193.0, 185.0, 174.0]",14.216145515441895,0.0,-53.934967041015625,0.0005550384521484375,-26.636024475097656
1750932270.538125,0.0,0.5,"[174.0, 185.0, 164.0, 146.0, 147.0, 156.0, 164.0, 193.0, 185.0, 174.0]",14.215981483459473,0.0,-54.21856689453125,0.0005550384521484375,-26.6162109375
1750932270.5654936,0.0,0.5,"[174.0, 185.0, 164.0, 146.0, 147.0, 156.0, 164.0, 193.0, 185.0, 174.0]",14.419625282287598,0.0,-54.506317138671875,0.0005550384521484375,-26.5966796875
1750932270.5768774,0.0,0.5,"[174.0, 185.0, 164.0, 146.0, 147.0, 156.0, 164.0, 193.0, 185.0, 174.0]",14.427947998046875,0.0,-54.794189453125,0.0005550384521484375,-26.576942443847656
1750932270.6034837,0.0,0.5,"[174.0, 185.0, 163.0, 145.0, 147.0, 156.0, 164.0, 193.0, 185.0, 174.0]",14.397446632385254,0.0,-55.08148193359375,0.0005550384521484375,-26.55743408203125
1750932270.6154208,0.0,0.5,"[174.0, 185.0, 163.0, 145.0, 147.0, 156.0, 164.0, 193.0, 185.0, 174.0]",14.37402057647705,0.0,-55.368255615234375,0.0005550384521484375,-26.537513732910156
1750932270.642209,0.0,0.5,"[174.0, 185.0, 163.0, 145.0, 147.0, 156.0, 164.0, 194.0, 185.0, 174.0]",14.567831993103027,0.0,-55.658966064453125,0.0005550384521484375,-26.517913818359375
1750932270.6615086,0.0,0.5,"[174.0, 185.0, 162.0, 145.0, 147.0, 156.0, 164.0, 194.0, 185.0, 174.0]",14.543362617492676,0.0,-55.94915771484375,0.0005550384521484375,-26.498207092285156
1750932270.6891751,0.0,0.5,"[174.0, 185.0, 162.0, 145.0, 147.0, 156.0, 164.0, 194.0, 185.0, 174.0]",14.54813289642334,0.0,-56.239471435546875,0.0005550384521484375,-26.478546142578125
1750932270.7006857,0.0,0.5,"[174.0, 185.0, 162.0, 145.0, 147.0, 156.0, 164.0, 194.0, 185.0, 174.0]",14.708890914916992,0.0,-56.532989501953125,0.0005550384521484375,-26.45880126953125
1750932270.727592,0.0,0.5,"[174.0, 185.0, 162.0, 145.0, 147.0, 156.0, 164.0, 195.0, 185.0, 174.0]",14.687387466430664,0.0,-56.8260498046875,0.0005550384521484375,-26.438980102539062
1750932270.7383733,0.0,0.5,"[174.0, 185.0, 162.0, 145.0, 147.0, 156.0, 164.0, 195.0, 185.0, 174.0]",14.672181129455566,0.0,-57.11883544921875,0.0005550384521484375,-26.41912841796875
1750932270.7649007,0.0,0.5,"[174.0, 185.0, 162.0, 145.0, 147.0, 156.0, 164.0, 195.0, 185.0, 174.0]",14.843481063842773,0.0,-57.415008544921875,0.0005550384521484375,-26.398963928222656
1750932270.775953,0.0,0.5,"[174.0, 185.0, 162.0, 145.0, 147.0, 156.0, 164.0, 195.0, 185.0, 174.0]",14.819883346557617,0.0,-57.710693359375,0.0005550384521484375,-26.3785400390625
1750932270.8028743,0.0,0.5,"[174.0, 185.0, 161.0, 144.0, 147.0, 156.0, 164.0, 195.0, 185.0, 174.0]",14.795310020446777,0.0,-58.005950927734375,0.0005550384521484375,-26.35863494873047
1750932270.821853,0.0,0.5,"[174.0, 185.0, 161.0, 144.0, 147.0, 156.0, 164.0, 195.0, 185.0, 174.0]",14.938616752624512,0.0,-58.303985595703125,0.0005550384521484375,-26.33806610107422
1750932270.8480315,0.0,0.5,"[174.0, 185.0, 161.0, 144.0, 147.0, 156.0, 164.0, 195.0, 185.0, 174.0]",14.964999198913574,0.0,-58.60260009765625,0.0005550384521484375,-26.317657470703125
1750932270.8598416,0.0,0.5,"[174.0, 185.0, 161.0, 144.0, 147.0, 156.0, 164.0, 195.0, 185.0, 174.0]",14.988728523254395,0.0,-58.901702880859375,0.0005550384521484375,-26.29730987548828
1750932270.886063,0.0,0.5,"[174.0, 185.0, 160.0, 144.0, 147.0, 156.0, 164.0, 195.0, 185.0, 174.0]",15.098466873168945,0.0,-59.202972412109375,0.0005550384521484375,-26.27680206298828
1750932270.8969553,0.0,0.5,"[174.0, 185.0, 160.0, 144.0, 147.0, 156.0, 164.0, 195.0, 185.0, 174.0]",15.021055221557617,0.0,-59.502685546875,0.0005550384521484375,-26.256317138671875
1750932270.9229817,0.0,0.5,"[174.0, 185.0, 159.0, 144.0, 147.0, 156.0, 164.0, 195.0, 185.0, 174.0]",15.152222633361816,0.0,-59.805023193359375,0.0005550384521484375,-26.23578643798828
1750932270.941758,0.0,0.5,"[174.0, 185.0, 159.0, 144.0, 147.0, 156.0, 164.0, 195.0, 185.0, 174.0]",15.144389152526855,0.0,-60.107208251953125,0.0005550384521484375,-26.21521759033203
1750932270.967851,0.0,0.5,"[174.0, 185.0, 159.0, 144.0, 147.0, 156.0, 164.0, 196.0, 185.0, 174.0]",15.194559097290039,0.0,-60.410400390625,0.0005550384521484375,-26.19464111328125
1750932270.978932,0.0,0.5,"[174.0, 185.0, 159.0, 143.0, 147.0, 155.0, 164.0, 196.0, 185.0, 174.0]",15.20210075378418,0.0,-60.7137451171875,0.0005550384521484375,-26.17407989501953
1750932271.0049605,0.0,0.5,"[174.0, 185.0, 159.0, 143.0, 147.0, 155.0, 164.0, 196.0, 185.0, 174.0]",15.222904205322266,0.0,-61.01751708984375,0.0005550384521484375,-26.153610229492188
1750932271.0159307,0.0,0.5,"[174.0, 185.0, 159.0, 143.0, 146.0, 155.0, 166.0, 197.0, 185.0, 174.0]",15.412599563598633,0.0,-61.3250732421875,0.0005550384521484375,-26.13286590576172
1750932271.0427706,0.0,0.5,"[174.0, 185.0, 159.0, 143.0, 146.0, 155.0, 166.0, 197.0, 185.0, 174.0]",15.245006561279297,0.0,-61.6292724609375,0.0005550384521484375,-26.11199951171875
1750932271.0618136,0.0,0.5,"[174.0, 185.0, 158.0, 143.0, 146.0, 155.0, 166.0, 197.0, 185.0, 174.0]",15.454122543334961,0.0,-61.9376220703125,0.0005550384521484375,-26.091041564941406
1750932271.0887973,0.0,0.5,"[174.0, 185.0, 158.0, 143.0, 146.0, 155.0, 166.0, 197.0, 185.0, 174.0]",15.387584686279297,0.0,-62.244659423828125,0.0005550384521484375,-26.069961547851562
1750932271.100509,0.0,0.5,"[174.0, 185.0, 158.0, 143.0, 146.0, 155.0, 166.0, 197.0, 185.0, 174.0]",15.592307090759277,0.0,-62.5557861328125,0.0005550384521484375,-26.04863739013672
1750932271.1273258,0.0,0.5,"[174.0, 185.0, 158.0, 143.0, 146.0, 155.0, 166.0, 197.0, 185.0, 174.0]",15.362897872924805,0.0,-62.8623046875,0.0005550384521484375,-26.027557373046875
1750932271.1395981,0.0,0.5,"[174.0, 185.0, 158.0, 143.0, 146.0, 155.0, 166.0, 197.0, 185.0, 174.0]",15.57239818572998,0.0,-63.173065185546875,0.0005550384521484375,-26.006546020507812
1750932271.1667,0.0,0.5,"[174.0, 185.0, 158.0, 141.0, 146.0, 155.0, 166.0, 197.0, 185.0, 174.0]",15.613924980163574,0.0,-63.484619140625,0.0005550384521484375,-25.9853515625
1750932271.1780863,0.0,0.5,"[174.0, 185.0, 156.0, 141.0, 146.0, 155.0, 166.0, 197.0, 185.0, 174.0]",15.640667915344238,0.0,-63.79669189453125,0.0005550384521484375,-25.964096069335938
1750932271.2053978,0.0,0.5,"[174.0, 185.0, 156.0, 141.0, 146.0, 155.0, 166.0, 197.0, 185.0, 174.0]",15.656758308410645,0.0,-64.10910034179688,0.0005550384521484375,-25.942840576171875
1750932271.2167113,0.0,0.5,"[174.0, 185.0, 156.0, 141.0, 146.0, 155.0, 166.0, 197.0, 185.0, 174.0]",15.820089340209961,0.0,-64.42477416992188,0.0005550384521484375,-25.921371459960938
1750932271.2425463,-1.0,0.5,"[174.0, 185.0, 156.0, 141.0, 146.0, 155.0, 166.0, 197.0, 185.0, 174.0]",15.673340797424316,0.0,-64.73751831054688,0.0005550384521484375,-25.89990234375
1750932271.2606158,0.0,0.5,"[174.0, 185.0, 156.0, 143.0, 147.0, 155.0, 164.0, 197.0, 185.0, 174.0]",15.564408302307129,-0.5,-65.04876708984375,0.0005550384521484375,-25.89502716064453
1750932271.2868378,0.0,0.5,"[174.0, 185.0, 156.0, 143.0, 147.0, 155.0, 164.0, 197.0, 185.0, 174.0]",15.66695499420166,0.0,-65.36166381835938,0.0005550384521484375,-25.878494262695312
1750932271.2976084,0.0,0.5,"[174.0, 185.0, 156.0, 143.0, 147.0, 155.0, 164.0, 197.0, 185.0, 174.0]",15.529021263122559,0.0,-65.67178344726562,0.0005550384521484375,-25.861328125
1750932271.322761,0.0,0.5,"[174.0, 185.0, 156.0, 143.0, 147.0, 155.0, 164.0, 197.0, 185.0, 174.0]",15.757336616516113,0.0,-65.98641967773438,0.0005550384521484375,-25.843597412109375
1750932271.3405523,0.0,0.5,"[174.0, 185.0, 156.0, 141.0, 146.0, 155.0, 166.0, 197.0, 185.0, 174.0]",15.729461669921875,0.0,-66.300537109375,0.0005550384521484375,-25.826133728027344
1750932271.3659198,0.0,0.5,"[174.0, 185.0, 156.0, 141.0, 147.0, 155.0, 164.0, 197.0, 185.0, 174.0]",15.732802391052246,0.0,-66.61468505859375,0.0005550384521484375,-25.808258056640625
1750932271.3767147,0.0,0.5,"[174.0, 185.0, 156.0, 141.0, 146.0, 155.0, 166.0, 197.0, 185.0, 174.0]",15.756390571594238,0.0,-66.9293212890625,0.0005550384521484375,-25.79088592529297
1750932271.402419,0.0,0.5,"[174.0, 185.0, 156.0, 141.0, 146.0, 155.0, 166.0, 197.0, 185.0, 174.0]",15.910640716552734,0.0,-67.24703979492188,0.0005550384521484375,-25.772926330566406
1750932271.420901,0.0,0.5,"[174.0, 185.0, 155.0, 141.0, 146.0, 154.0, 166.0, 197.0, 185.0, 174.0]",15.729301452636719,0.0,-67.56112670898438,0.0005550384521484375,-25.755348205566406
1750932271.446218,0.0,0.5,"[174.0, 185.0, 155.0, 141.0, 146.0, 154.0, 166.0, 197.0, 185.0, 174.0]",15.922242164611816,0.0,-67.87905883789062,0.0005550384521484375,-25.73735809326172
1750932271.4577692,0.0,0.5,"[174.0, 185.0, 155.0, 141.0, 146.0, 154.0, 166.0, 197.0, 185.0, 174.0]",16.03589630126953,0.0,-68.19927978515625,0.0005550384521484375,-25.719482421875
1750932271.4833837,0.0,0.5,"[174.0, 185.0, 155.0, 141.0, 146.0, 154.0, 166.0, 197.0, 185.0, 174.0]",15.898201942443848,0.0,-68.51675415039062,0.0005550384521484375,-25.701515197753906
1750932271.4939983,0.0,0.5,"[174.0, 185.0, 155.0, 141.0, 146.0, 154.0, 166.0, 197.0, 185.0, 174.0]",16.06635284423828,0.0,-68.83758544921875,0.0005550384521484375,-25.683692932128906
1750932271.5271337,0.0,0.5,"[174.0, 185.0, 155.0, 141.0, 146.0, 154.0, 166.0, 197.0, 185.0, 174.0]",16.024564743041992,0.0,-69.15756225585938,0.0005550384521484375,-25.66571044921875
1750932271.5380573,0.0,0.5,"[174.0, 185.0, 154.0, 140.0, 146.0, 154.0, 166.0, 197.0, 185.0, 174.0]",15.993659019470215,0.0,-69.4769287109375,0.0005550384521484375,-25.647689819335938
1750932271.563254,0.0,0.5,"[174.0, 185.0, 154.0, 140.0, 146.0, 154.0, 166.0, 197.0, 185.0, 174.0]",16.08602523803711,0.0,-69.79812622070312,0.0005550384521484375,-25.629486083984375
1750932271.5739694,0.0,0.5,"[174.0, 185.0, 153.0, 140.0, 146.0, 154.0, 166.0, 198.0, 185.0, 174.0]",16.24943733215332,0.0,-70.12261962890625,0.0005550384521484375,-25.611305236816406
1750932271.6066825,0.0,0.5,"[174.0, 185.0, 153.0, 140.0, 146.0, 154.0, 166.0, 198.0, 185.0, 174.0]",16.099027633666992,0.0,-70.44406127929688,0.0005550384521484375,-25.5931396484375
1750932271.6182623,0.0,0.5,"[174.0, 185.0, 153.0, 140.0, 146.0, 154.0, 166.0, 198.0, 185.0, 174.0]",16.242666244506836,0.0,-70.7684326171875,0.0005550384521484375,-25.575157165527344
1750932271.643699,0.0,0.5,"[174.0, 185.0, 153.0, 140.0, 145.0, 154.0, 166.0, 198.0, 185.0, 174.0]",16.217849731445312,0.0,-71.09228515625,0.0005550384521484375,-25.556991577148438
1750932271.6549382,0.0,0.5,"[174.0, 185.0, 153.0, 140.0, 145.0, 154.0, 166.0, 198.0, 185.0, 174.0]",16.360565185546875,0.0,-71.41897583007812,0.0005550384521484375,-25.538467407226562
1750932271.6805537,0.0,0.5,"[174.0, 185.0, 153.0, 139.0, 145.0, 154.0, 166.0, 198.0, 185.0, 174.0]",16.26935386657715,0.0,-71.74383544921875,0.0005550384521484375,-25.520172119140625
1750932271.7058249,0.0,0.5,"[174.0, 185.0, 153.0, 139.0, 145.0, 153.0, 166.0, 198.0, 185.0, 174.0]",16.574647903442383,0.0,-72.07479858398438,0.0005550384521484375,-25.501480102539062
1750932271.7170956,0.0,0.5,"[174.0, 185.0, 151.0, 139.0, 145.0, 153.0, 166.0, 198.0, 185.0, 174.0]",16.235790252685547,0.0,-72.39898681640625,0.0005550384521484375,-25.48316192626953
1750932271.7423432,0.0,0.5,"[174.0, 185.0, 151.0, 139.0, 145.0, 153.0, 166.0, 198.0, 185.0, 174.0]",16.644746780395508,0.0,-72.73135375976562,0.0005550384521484375,-25.46429443359375
1750932271.759952,0.0,0.5,"[174.0, 185.0, 151.0, 139.0, 145.0, 153.0, 168.0, 198.0, 185.0, 174.0]",16.375825881958008,0.0,-73.058349609375,0.0005550384521484375,-25.445655822753906
1750932271.7850869,0.0,0.5,"[174.0, 185.0, 151.0, 139.0, 145.0, 153.0, 170.0, 198.0, 185.0, 174.0]",16.594806671142578,0.0,-73.38970947265625,0.0005550384521484375,-25.42694854736328
1750932271.7960916,0.0,0.5,"[174.0, 185.0, 151.0, 139.0, 145.0, 153.0, 166.0, 198.0, 185.0, 174.0]",16.633638381958008,0.0,-73.72183227539062,0.0005550384521484375,-25.407981872558594
1750932271.821749,0.0,0.5,"[174.0, 185.0, 150.0, 139.0, 145.0, 153.0, 166.0, 198.0, 185.0, 174.0]",16.62763023376465,0.0,-74.05386352539062,0.0005550384521484375,-25.389312744140625
1750932271.8468323,0.0,0.5,"[174.0, 185.0, 150.0, 139.0, 145.0, 153.0, 167.0, 198.0, 185.0, 174.0]",16.625829696655273,0.0,-74.38583374023438,0.0005550384521484375,-25.37017822265625
1750932271.8574846,0.0,0.5,"[174.0, 185.0, 150.0, 138.0, 145.0, 153.0, 167.0, 198.0, 185.0, 174.0]",16.772680282592773,0.0,-74.72076416015625,0.0005550384521484375,-25.351303100585938
1750932271.882604,0.0,0.5,"[174.0, 185.0, 150.0, 138.0, 145.0, 153.0, 167.0, 198.0, 185.0, 174.0]",16.632755279541016,0.0,-75.05288696289062,0.0005550384521484375,-25.33240509033203
1750932271.9009297,-1.0,0.5,"[174.0, 185.0, 150.0, 138.0, 144.0, 153.0, 168.0, 198.0, 185.0, 174.0]",16.95100212097168,0.0,-75.39132690429688,0.0005550384521484375,-25.31311798095703
1750932271.9255521,-1.0,0.5,"[174.0, 185.0, 150.0, 139.0, 146.0, 153.0, 167.0, 198.0, 185.0, 174.0]",16.504623413085938,-0.5,-75.72140502929688,0.0005550384521484375,-25.30890655517578
1750932271.9359386,-1.0,0.5,"[174.0, 185.0, 153.0, 140.0, 147.0, 153.0, 166.0, 197.0, 185.0, 174.0]",16.420238494873047,-0.5,-76.04953002929688,0.0005550384521484375,-25.322784423828125
1750932271.9602292,0.0,0.5,"[174.0, 185.0, 156.0, 144.0, 147.0, 153.0, 164.0, 195.0, 185.0, 174.0]",16.15823745727539,-0.5,-76.37066650390625,0.0005550384521484375,-25.35877227783203
1750932271.985003,0.0,0.5,"[174.0, 185.0, 158.0, 145.0, 148.0, 153.0, 162.0, 193.0, 185.0, 174.0]",16.358943939208984,0.0,-76.69692993164062,0.0005550384521484375,-25.383323669433594
1750932271.9956288,0.0,0.5,"[174.0, 185.0, 159.0, 146.0, 148.0, 153.0, 162.0, 193.0, 185.0, 174.0]",16.065303802490234,0.0,-77.01803588867188,0.0005550384521484375,-25.394287109375
1750932272.02079,0.0,0.5,"[174.0, 185.0, 159.0, 146.0, 147.0, 153.0, 162.0, 193.0, 185.0, 174.0]",16.441865921020508,0.0,-77.3468017578125,0.0005550384521484375,-25.40191650390625
1750932272.0457516,0.0,0.5,"[174.0, 185.0, 159.0, 146.0, 147.0, 153.0, 164.0, 193.0, 185.0, 174.0]",16.091537475585938,0.0,-77.66854858398438,0.0005550384521484375,-25.40887451171875
1750932272.056266,0.0,0.5,"[174.0, 185.0, 159.0, 146.0, 147.0, 153.0, 166.0, 193.0, 185.0, 174.0]",16.501239776611328,0.0,-77.99850463867188,0.0005550384521484375,-25.415969848632812
1750932272.080468,0.0,0.5,"[174.0, 185.0, 159.0, 146.0, 147.0, 153.0, 170.0, 193.0, 185.0, 174.0]",16.226879119873047,0.0,-78.32296752929688,0.0005550384521484375,-25.42298126220703
1750932272.1051998,0.0,0.5,"[174.0, 185.0, 159.0, 146.0, 147.0, 153.0, 162.0, 193.0, 185.0, 174.0]",16.484149932861328,0.0,-78.65255737304688,0.0005550384521484375,-25.429931640625
1750932272.1154451,0.0,0.5,"[174.0, 185.0, 159.0, 146.0, 147.0, 153.0, 162.0, 193.0, 185.0, 174.0]",16.4429988861084,0.0,-78.98135375976562,0.0005550384521484375,-25.43695831298828
1750932272.1394646,0.0,0.5,"[174.0, 185.0, 159.0, 146.0, 147.0, 153.0, 162.0, 193.0, 185.0, 174.0]",16.442766189575195,0.0,-79.31015014648438,0.0005550384521484375,-25.444015502929688
1750932272.163393,0.0,0.5,"[174.0, 185.0, 159.0, 146.0, 147.0, 153.0, 162.0, 193.0, 185.0, 174.0]",16.549577713012695,0.0,-79.64105224609375,0.0005550384521484375,-25.451133728027344
1750932272.1731286,0.0,0.5,"[174.0, 185.0, 159.0, 146.0, 147.0, 153.0, 163.0, 193.0, 185.0, 174.0]",16.59868812561035,0.0,-79.97296142578125,0.0005550384521484375,-25.458114624023438
1750932272.2045228,0.0,0.5,"[174.0, 185.0, 159.0, 146.0, 146.0, 153.0, 163.0, 193.0, 185.0, 174.0]",16.500749588012695,0.0,-80.30288696289062,0.0005550384521484375,-25.465293884277344
1750932272.214934,0.0,0.5,"[174.0, 185.0, 159.0, 146.0, 146.0, 152.0, 163.0, 193.0, 185.0, 174.0]",16.806537628173828,0.0,-80.63894653320312,0.0005550384521484375,-25.472610473632812
1750932272.239651,0.0,0.5,"[174.0, 185.0, 159.0, 146.0, 146.0, 152.0, 163.0, 193.0, 185.0, 174.0]",16.483274459838867,0.0,-80.96853637695312,0.0005550384521484375,-25.479782104492188
1750932272.2637072,0.0,0.5,"[174.0, 185.0, 160.0, 146.0, 146.0, 152.0, 163.0, 193.0, 185.0, 174.0]",16.871126174926758,0.0,-81.30587768554688,0.0005550384521484375,-25.487014770507812
1750932272.2741637,0.0,0.5,"[174.0, 185.0, 160.0, 146.0, 146.0, 152.0, 163.0, 193.0, 185.0, 174.0]",16.734254837036133,0.0,-81.64047241210938,0.0005550384521484375,-25.494125366210938
1750932272.3056726,0.0,0.5,"[174.0, 185.0, 160.0, 146.0, 146.0, 152.0, 164.0, 193.0, 185.0, 174.0]",16.928646087646484,0.0,-81.97897338867188,0.0005550384521484375,-25.501358032226562
1750932272.316294,0.0,0.5,"[174.0, 185.0, 160.0, 147.0, 145.0, 152.0, 164.0, 193.0, 185.0, 174.0]",16.755075454711914,0.0,-82.31399536132812,0.0005550384521484375,-25.50836181640625
1750932272.3413992,0.0,0.5,"[174.0, 185.0, 160.0, 146.0, 145.0, 152.0, 164.0, 193.0, 185.0, 174.0]",16.949302673339844,0.0,-82.65292358398438,0.0005550384521484375,-25.515701293945312
1750932272.366734,0.0,0.5,"[174.0, 185.0, 160.0, 147.0, 145.0, 152.0, 164.0, 193.0, 185.0, 174.0]",16.868419647216797,0.0,-82.99020385742188,0.0005550384521484375,-25.522804260253906
1750932272.3776894,0.0,0.5,"[174.0, 185.0, 161.0, 147.0, 145.0, 152.0, 175.0, 193.0, 185.0, 174.0]",17.104528427124023,0.0,-83.33221435546875,0.0005550384521484375,-25.53002166748047
1750932272.4028335,0.0,0.5,"[174.0, 185.0, 161.0, 147.0, 145.0, 151.0, 175.0, 193.0, 185.0, 174.0]",16.92149543762207,0.0,-83.67056274414062,0.0005550384521484375,-25.537124633789062
1750932272.4206061,0.0,0.5,"[174.0, 185.0, 161.0, 147.0, 144.0, 151.0, 175.0, 193.0, 185.0, 174.0]",17.144834518432617,0.0,-84.01339721679688,0.0005550384521484375,-25.544456481933594
1750932272.4456937,0.0,0.5,"[174.0, 185.0, 161.0, 147.0, 144.0, 151.0, 175.0, 193.0, 185.0, 174.0]",16.936731338500977,0.0,-84.35205078125,0.0005550384521484375,-25.55145263671875
1750932272.456634,0.0,0.5,"[174.0, 185.0, 161.0, 147.0, 144.0, 151.0, 175.0, 193.0, 185.0, 174.0]",17.24106788635254,0.0,-84.69680786132812,0.0005550384521484375,-25.558731079101562
1750932272.4811358,0.0,0.5,"[174.0, 185.0, 161.0, 147.0, 144.0, 151.0, 175.0, 193.0, 185.0, 174.0]",17.004621505737305,0.0,-85.03683471679688,0.0005550384521484375,-25.565841674804688
1750932272.5057673,0.0,0.5,"[174.0, 185.0, 161.0, 147.0, 144.0, 151.0, 175.0, 193.0, 185.0, 174.0]",17.20095443725586,0.0,-85.38076782226562,0.0005550384521484375,-25.573150634765625
1750932272.5166276,0.0,0.5,"[174.0, 185.0, 161.0, 147.0, 143.0, 151.0, 175.0, 193.0, 185.0, 174.0]",17.15250015258789,0.0,-85.72372436523438,0.0005550384521484375,-25.580123901367188
1750932272.541504,0.0,0.5,"[174.0, 185.0, 161.0, 147.0, 143.0, 150.0, 175.0, 193.0, 185.0, 174.0]",17.259113311767578,0.0,-86.06884765625,0.0005550384521484375,-25.587554931640625
1750932272.5662508,0.0,0.5,"[174.0, 185.0, 161.0, 147.0, 143.0, 150.0, 175.0, 193.0, 185.0, 174.0]",17.188697814941406,0.0,-86.41253662109375,0.0005550384521484375,-25.594680786132812
1750932272.5761464,0.0,0.5,"[174.0, 185.0, 161.0, 147.0, 143.0, 150.0, 175.0, 193.0, 185.0, 174.0]",17.46369171142578,0.0,-86.76174926757812,0.0005550384521484375,-25.602142333984375
1750932272.6005347,0.0,0.5,"[174.0, 185.0, 161.0, 147.0, 142.0, 150.0, 175.0, 193.0, 185.0, 174.0]",17.21834945678711,0.0,-87.10601806640625,0.0005550384521484375,-25.6094970703125
1750932272.6252203,0.0,0.5,"[174.0, 185.0, 162.0, 147.0, 142.0, 150.0, 174.0, 193.0, 185.0, 174.0]",17.456205368041992,0.0,-87.455078125,0.0005550384521484375,-25.616729736328125
1750932272.6354563,0.0,0.5,"[174.0, 185.0, 162.0, 147.0, 142.0, 150.0, 174.0, 200.0, 185.0, 174.0]",17.345659255981445,0.0,-87.80191040039062,0.0005550384521484375,-25.624069213867188
1750932272.659525,-1.0,0.5,"[174.0, 185.0, 162.0, 147.0, 142.0, 150.0, 174.0, 225.0, 185.0, 174.0]",17.503921508789062,0.0,-88.15191650390625,0.0005550384521484375,-25.631362915039062
1750932272.6835985,-1.0,0.5,"[174.0, 185.0, 163.0, 148.0, 142.0, 150.0, 174.0, 192.0, 185.0, 174.0]",17.205121994018555,-0.5,-88.49517822265625,0.0005550384521484375,-25.655319213867188
1750932272.6942759,-1.0,0.5,"[174.0, 185.0, 165.0, 148.0, 143.0, 150.0, 175.0, 225.0, 185.0, 174.0]",17.15265655517578,-0.5,-88.83554077148438,0.0005550384521484375,-25.698318481445312
1750932272.7262437,0.0,0.5,"[174.0, 185.0, 170.0, 149.0, 143.0, 150.0, 175.0, 194.0, 185.0, 174.0]",16.813533782958984,-0.5,-89.16534423828125,0.0005550384521484375,-25.763900756835938
1750932272.7372336,0.0,0.5,"[174.0, 185.0, 172.0, 151.0, 144.0, 151.0, 175.0, 192.0, 185.0, 174.0]",16.954143524169922,0.0,-89.49996948242188,0.0005550384521484375,-25.818580627441406
1750932272.7627037,0.0,0.5,"[174.0, 185.0, 173.0, 151.0, 144.0, 151.0, 175.0, 225.0, 185.0, 174.0]",16.770214080810547,0.0,-89.83282470703125,0.0005550384521484375,-25.859893798828125
1750932272.780539,0.0,0.5,"[174.0, 185.0, 173.0, 151.0, 143.0, 151.0, 175.0, 186.0, 185.0, 174.0]",16.988521575927734,0.0,-90.1705322265625,0.0005550384521484375,-25.897438049316406
1750932272.8055568,0.0,0.5,"[174.0, 185.0, 173.0, 149.0, 143.0, 150.0, 175.0, 187.0, 185.0, 174.0]",16.858530044555664,0.0,-90.50570678710938,0.0005550384521484375,-25.93401336669922
1750932272.8163483,0.0,0.5,"[174.0, 185.0, 173.0, 149.0, 143.0, 150.0, 175.0, 187.0, 185.0, 174.0]",16.979028701782227,0.0,-90.84329223632812,0.0005550384521484375,-25.970603942871094
1750932272.8415318,0.0,0.5,"[174.0, 185.0, 175.0, 149.0, 143.0, 150.0, 175.0, 187.0, 185.0, 174.0]",17.084577560424805,0.0,-91.18301391601562,0.0005550384521484375,-26.007537841796875
1750932272.8665326,0.0,0.5,"[174.0, 185.0, 175.0, 149.0, 143.0, 150.0, 174.0, 187.0, 185.0, 174.0]",16.978046417236328,0.0,-91.52059936523438,0.0005550384521484375,-26.044052124023438
1750932272.8773465,0.0,0.5,"[174.0, 185.0, 175.0, 148.0, 142.0, 150.0, 174.0, 187.0, 185.0, 174.0]",17.1615047454834,0.0,-91.86181640625,0.0005550384521484375,-26.081161499023438
1750932272.9028375,0.0,0.5,"[174.0, 185.0, 175.0, 148.0, 142.0, 150.0, 174.0, 187.0, 185.0, 174.0]",16.92618179321289,0.0,-92.1983642578125,0.0005550384521484375,-26.117507934570312
1750932272.9214342,0.0,0.5,"[174.0, 185.0, 175.0, 148.0, 142.0, 149.0, 174.0, 187.0, 185.0, 174.0]",17.26308250427246,0.0,-92.5416259765625,0.0005550384521484375,-26.154739379882812
1750932272.946715,0.0,0.5,"[174.0, 185.0, 175.0, 147.0, 142.0, 149.0, 174.0, 187.0, 185.0, 174.0]",17.11016273498535,0.0,-92.88180541992188,0.0005550384521484375,-26.191665649414062
1750932272.9576743,0.0,0.5,"[174.0, 185.0, 173.0, 147.0, 141.0, 149.0, 174.0, 188.0, 185.0, 174.0]",17.197834014892578,0.0,-93.22378540039062,0.0005550384521484375,-26.228782653808594
1750932272.9832857,0.0,0.5,"[174.0, 185.0, 173.0, 147.0, 141.0, 149.0, 174.0, 188.0, 185.0, 174.0]",17.448429107666016,0.0,-93.57070922851562,0.0005550384521484375,-26.266448974609375
1750932272.9947662,0.0,0.5,"[174.0, 185.0, 173.0, 147.0, 141.0, 149.0, 174.0, 189.0, 185.0, 174.0]",17.19831657409668,0.0,-93.91265869140625,0.0005550384521484375,-26.303550720214844
1750932273.0203261,0.0,0.5,"[174.0, 185.0, 172.0, 146.0, 140.0, 149.0, 174.0, 189.0, 185.0, 174.0]",17.564529418945312,0.0,-94.26190185546875,0.0005550384521484375,-26.341445922851562
1750932273.0459473,0.0,0.5,"[174.0, 185.0, 172.0, 146.0, 140.0, 148.0, 173.0, 189.0, 185.0, 174.0]",17.141521453857422,0.0,-94.60275268554688,0.0005550384521484375,-26.378387451171875
1750932273.0569246,-1.0,0.5,"[174.0, 185.0, 170.0, 145.0, 140.0, 148.0, 173.0, 189.0, 185.0, 174.0]",17.54067039489746,0.0,-94.95150756835938,0.0005550384521484375,-26.416221618652344
1750932273.0823019,-1.0,0.5,"[174.0, 185.0, 171.0, 146.0, 140.0, 148.0, 173.0, 188.0, 185.0, 174.0]",17.112489700317383,-0.5,-95.28958129882812,0.0005550384521484375,-26.469482421875
1750932273.1010902,0.0,0.5,"[174.0, 185.0, 172.0, 146.0, 141.0, 149.0, 174.0, 187.0, 185.0, 174.0]",17.163070678710938,-0.5,-95.62545776367188,0.0005550384521484375,-26.540260314941406
1750932273.1262994,0.0,0.5,"[174.0, 185.0, 172.0, 146.0, 140.0, 148.0, 174.0, 187.0, 185.0, 174.0]",16.867076873779297,0.0,-95.95834350585938,0.0005550384521484375,-26.5948486328125
1750932273.137066,0.0,0.5,"[174.0, 185.0, 171.0, 146.0, 140.0, 148.0, 173.0, 189.0, 185.0, 174.0]",17.255321502685547,0.0,-96.29965209960938,0.0005550384521484375,-26.64605712890625
1750932273.162338,0.0,0.5,"[174.0, 185.0, 170.0, 146.0, 140.0, 148.0, 173.0, 190.0, 185.0, 174.0]",16.823604583740234,0.0,-96.63247680664062,0.0005550384521484375,-26.695281982421875
1750932273.1803794,0.0,0.5,"[174.0, 185.0, 170.0, 145.0, 140.0, 148.0, 173.0, 192.0, 185.0, 174.0]",17.216035842895508,0.0,-96.97317504882812,0.0005550384521484375,-26.745468139648438
1750932273.2056382,0.0,0.5,"[174.0, 185.0, 169.0, 145.0, 139.0, 148.0, 173.0, 193.0, 185.0, 174.0]",17.096696853637695,0.0,-97.31143188476562,0.0005550384521484375,-26.795272827148438
1750932273.2160661,0.0,0.5,"[174.0, 185.0, 169.0, 145.0, 139.0, 148.0, 173.0, 195.0, 185.0, 174.0]",17.25286102294922,0.0,-97.65280151367188,0.0005550384521484375,-26.845596313476562
1750932273.2414246,0.0,0.5,"[174.0, 185.0, 168.0, 144.0, 139.0, 147.0, 173.0, 197.0, 185.0, 174.0]",17.307363510131836,0.0,-97.99520874023438,0.0005550384521484375,-26.896278381347656
1750932273.2665122,-1.0,0.5,"[174.0, 185.0, 167.0, 144.0, 138.0, 147.0, 173.0, 198.0, 185.0, 174.0]",17.23900604248047,0.0,-98.33633422851562,0.0005550384521484375,-26.946449279785156
1750932273.277244,-1.0,0.5,"[174.0, 185.0, 167.0, 144.0, 138.0, 147.0, 173.0, 197.0, 185.0, 174.0]",16.964553833007812,-0.5,-98.66903686523438,0.0005550384521484375,-27.013038635253906
1750932273.3025415,-1.0,0.5,"[174.0, 185.0, 169.0, 144.0, 139.0, 148.0, 173.0, 196.0, 185.0, 174.0]",17.02412223815918,-0.5,-98.99923706054688,0.0005550384521484375,-27.09613037109375
1750932273.3206837,0.0,0.5,"[174.0, 185.0, 170.0, 145.0, 140.0, 148.0, 173.0, 192.0, 185.0, 174.0]",16.510517120361328,-0.5,-99.31356811523438,0.0005550384521484375,-27.197280883789062
1750932273.347056,0.0,0.5,"[174.0, 185.0, 172.0, 145.0, 140.0, 148.0, 173.0, 192.0, 185.0, 174.0]",16.794628143310547,0.0,-99.63681030273438,0.0005550384521484375,-27.28863525390625
1750932273.35868,0.0,0.5,"[174.0, 185.0, 171.0, 145.0, 140.0, 148.0, 173.0, 192.0, 185.0, 174.0]",16.60559844970703,0.0,-99.96005249023438,0.0005550384521484375,-27.36487579345703
1750932273.3852084,0.0,0.5,"[174.0, 185.0, 170.0, 145.0, 140.0, 148.0, 173.0, 193.0, 185.0, 174.0]",16.854278564453125,0.0,-100.28860473632812,0.0005550384521484375,-27.440208435058594
1750932273.3966193,0.0,0.5,"[174.0, 185.0, 170.0, 144.0, 139.0, 148.0, 173.0, 195.0, 185.0, 174.0]",16.70484161376953,0.0,-100.61428833007812,0.0005550384521484375,-27.514610290527344
1750932273.4233887,0.0,0.5,"[174.0, 185.0, 169.0, 144.0, 139.0, 147.0, 173.0, 197.0, 185.0, 174.0]",16.90528678894043,0.0,-100.94400024414062,0.0005550384521484375,-27.58965301513672
1750932273.4346342,0.0,0.5,"[174.0, 185.0, 169.0, 143.0, 138.0, 147.0, 173.0, 201.0, 185.0, 174.0]",16.783830642700195,0.0,-101.27120971679688,0.0005550384521484375,-27.664398193359375
1750932273.4602008,0.0,0.5,"[174.0, 185.0, 167.0, 143.0, 138.0, 147.0, 173.0, 203.0, 185.0, 174.0]",17.007156372070312,0.0,-101.60287475585938,0.0005550384521484375,-27.73980712890625
1750932273.4856346,-1.0,0.5,"[174.0, 185.0, 167.0, 143.0, 138.0, 147.0, 173.0, 227.0, 185.0, 174.0]",16.931564331054688,0.0,-101.93307495117188,0.0005550384521484375,-27.814971923828125
1750932273.496663,-1.0,0.5,"[174.0, 185.0, 167.0, 143.0, 138.0, 147.0, 171.0, 227.0, 185.0, 174.0]",16.73180389404297,-0.5,-102.25552368164062,0.0005550384521484375,-27.904541015625
1750932273.522709,0.0,0.5,"[174.0, 185.0, 167.0, 143.0, 138.0, 147.0, 173.0, 227.0, 185.0, 174.0]",16.59794044494629,-0.5,-102.57009887695312,0.0005550384521484375,-28.010498046875
1750932273.5409336,0.0,0.5,"[174.0, 185.0, 167.0, 143.0, 138.0, 147.0, 171.0, 227.0, 185.0, 174.0]",16.490476608276367,0.0,-102.88735961914062,0.0005550384521484375,-28.100662231445312
1750932273.5666049,0.0,0.5,"[174.0, 185.0, 166.0, 143.0, 138.0, 147.0, 171.0, 227.0, 185.0, 174.0]",16.668781280517578,0.0,-103.20925903320312,0.0005550384521484375,-28.18726348876953
1750932273.5771935,0.0,0.5,"[174.0, 185.0, 165.0, 143.0, 138.0, 146.0, 171.0, 227.0, 185.0, 174.0]",16.46381187438965,0.0,-103.52749633789062,0.0005550384521484375,-28.271926879882812
1750932273.602251,0.0,0.5,"[174.0, 185.0, 164.0, 141.0, 137.0, 146.0, 171.0, 227.0, 185.0, 174.0]",16.629024505615234,0.0,-103.84884643554688,0.0005550384521484375,-28.357528686523438
1750932273.6273165,0.0,0.0,"[174.0, 185.0, 164.0, 141.0, 137.0, 146.0, 171.0, 227.0, 185.0, 174.0]",16.648094177246094,0.0,-104.17068481445312,0.0005550384521484375,-28.4429931640625
1750932273.638163,0.0,0.0,"[174.0, 185.0, 163.0, 140.0, 136.0, 146.0, 171.0, 227.0, 185.0, 174.0]",16.830915451049805,0.0,-104.49600219726562,0.0005550384521484375,-28.529319763183594
1750932273.6628594,0.0,0.0,"[174.0, 185.0, 162.0, 140.0, 136.0, 145.0, 171.0, 227.0, 185.0, 174.0]",16.576143264770508,0.0,-104.81643676757812,0.0005550384521484375,-28.614540100097656
1750932273.681045,-1.0,0.0,"[174.0, 185.0, 162.0, 139.0, 136.0, 145.0, 171.0, 227.0, 185.0, 174.0]",16.32178497314453,0.0,-105.13186645507812,0.0005550384521484375,-28.698577880859375
1750932273.7060075,-1.0,0.0,"[174.0, 185.0, 162.0, 140.0, 136.0, 145.0, 171.0, 227.0, 185.0, 174.0]",15.772294998168945,-0.5,-105.43167114257812,0.0005550384521484375,-28.79650115966797
1750932273.7169774,-1.0,0.0,"[174.0, 185.0, 162.0, 140.0, 137.0, 146.0, 171.0, 227.0, 185.0, 174.0]",15.277595520019531,-0.5,-105.71517944335938,0.0005550384521484375,-28.91046905517578
1750932273.7424555,-1.0,0.0,"[174.0, 185.0, 164.0, 141.0, 138.0, 146.0, 171.0, 227.0, 185.0, 174.0]",14.861586570739746,-0.5,-105.98287963867188,0.0005550384521484375,-29.03973388671875
1750932273.760739,-1.0,0.0,"[174.0, 185.0, 167.0, 143.0, 138.0, 147.0, 171.0, 227.0, 185.0, 174.0]",14.584709167480469,-0.5,-106.24057006835938,0.0005550384521484375,-29.176368713378906
1750932273.785789,0.0,0.0,"[174.0, 185.0, 169.0, 144.0, 139.0, 148.0, 171.0, 227.0, 185.0, 174.0]",14.31788444519043,-0.5,-106.48928833007812,0.0005550384521484375,-29.318321228027344
1750932273.7972093,0.0,0.5,"[174.0, 185.0, 169.0, 145.0, 140.0, 148.0, 171.0, 227.0, 185.0, 174.0]",13.989819526672363,0.0,-106.73922729492188,0.0005550384521484375,-29.443984985351562
1750932273.821787,0.0,0.5,"[174.0, 185.0, 169.0, 144.0, 140.0, 148.0, 171.0, 227.0, 185.0, 174.0]",13.706958770751953,0.0,-106.99148559570312,0.0005550384521484375,-29.551353454589844
1750932273.8465712,0.0,0.5,"[174.0, 185.0, 169.0, 144.0, 139.0, 148.0, 171.0, 227.0, 185.0, 174.0]",13.771193504333496,0.0,-107.24545288085938,0.00055694580078125,-29.657882690429688
1750932273.8566968,0.0,0.5,"[174.0, 185.0, 168.0, 144.0, 139.0, 148.0, 171.0, 227.0, 185.0, 174.0]",13.725003242492676,0.0,-107.49868774414062,0.00055694580078125,-29.76380157470703
1750932273.881413,0.0,0.5,"[174.0, 185.0, 167.0, 143.0, 139.0, 147.0, 171.0, 227.0, 185.0, 174.0]",13.841955184936523,0.0,-107.75418090820312,0.00055694580078125,-29.87054443359375
1750932273.9064448,0.0,0.5,"[174.0, 185.0, 167.0, 143.0, 139.0, 147.0, 171.0, 227.0, 185.0, 174.0]",13.843618392944336,0.0,-108.00955200195312,0.00055694580078125,-29.977401733398438
1750932273.9165215,-1.0,0.5,"[174.0, 185.0, 166.0, 143.0, 138.0, 147.0, 171.0, 227.0, 185.0, 174.0]",14.003463745117188,0.0,-108.26791381835938,0.00055694580078125,-30.08551025390625
1750932273.941915,-1.0,0.5,"[174.0, 185.0, 167.0, 143.0, 138.0, 147.0, 171.0, 227.0, 185.0, 174.0]",13.674428939819336,-0.5,-108.51345825195312,0.00055694580078125,-30.206024169921875
1750932273.9688418,0.0,0.5,"[174.0, 185.0, 167.0, 144.0, 139.0, 148.0, 171.0, 227.0, 185.0, 174.0]",13.552379608154297,-0.5,-108.74703979492188,0.00055694580078125,-30.343460083007812
1750932273.9801762,0.0,0.5,"[174.0, 185.0, 167.0, 144.0, 139.0, 148.0, 171.0, 227.0, 185.0, 174.0]",13.419052124023438,0.0,-108.98574829101562,0.00055694580078125,-30.466217041015625
1750932274.0077748,0.0,0.5,"[174.0, 185.0, 167.0, 144.0, 139.0, 147.0, 171.0, 227.0, 185.0, 174.0]",13.583130836486816,0.0,-109.23196411132812,0.00055694580078125,-30.5809326171875
1750932274.0191126,0.0,0.5,"[174.0, 185.0, 166.0, 143.0, 139.0, 147.0, 170.0, 227.0, 185.0, 174.0]",13.489941596984863,0.0,-109.47659301757812,0.00055694580078125,-30.694793701171875
1750932274.0458753,0.0,0.5,"[174.0, 185.0, 165.0, 143.0, 138.0, 147.0, 170.0, 227.0, 185.0, 174.0]",13.716836929321289,0.0,-109.72543334960938,0.00055694580078125,-30.81029510498047
1750932274.057134,0.0,0.5,"[174.0, 185.0, 165.0, 143.0, 138.0, 147.0, 170.0, 227.0, 185.0, 174.0]",13.669632911682129,0.0,-109.97329711914062,0.00055694580078125,-30.92559814453125
1750932274.0834763,0.0,0.0,"[174.0, 185.0, 164.0, 143.0, 138.0, 147.0, 170.0, 227.0, 185.0, 174.0]",13.83614730834961,0.0,-110.22427368164062,0.00055694580078125,-31.042221069335938
1750932274.0950708,-1.0,0.0,"[174.0, 185.0, 164.0, 141.0, 137.0, 146.0, 170.0, 227.0, 185.0, 174.0]",13.656723976135254,0.0,-110.47183227539062,0.00055694580078125,-31.15753173828125
1750932274.1225078,-1.0,0.0,"[174.0, 185.0, 164.0, 141.0, 138.0, 146.0, 170.0, 227.0, 185.0, 174.0]",13.114123344421387,-0.5,-110.70223999023438,0.00055694580078125,-31.282867431640625
1750932274.1432996,-1.0,0.0,"[174.0, 185.0, 165.0, 143.0, 138.0, 147.0, 170.0, 227.0, 185.0, 174.0]",12.639582633972168,-0.5,-110.91390991210938,0.00055694580078125,-31.421096801757812
1750932274.1552927,-1.0,0.0,"[174.0, 185.0, 167.0, 144.0, 139.0, 147.0, 170.0, 227.0, 185.0, 174.0]",12.304411888122559,-0.5,-111.11172485351562,0.00055694580078125,-31.56749725341797
1750932274.1846046,-1.0,0.0,"[174.0, 185.0, 169.0, 145.0, 140.0, 148.0, 170.0, 227.0, 185.0, 174.0]",12.054405212402344,-0.5,-111.30160522460938,0.00055694580078125,-31.716041564941406
1750932274.1973474,-1.0,0.5,"[174.0, 185.0, 170.0, 146.0, 141.0, 148.0, 171.0, 227.0, 185.0, 174.0]",11.798409461975098,-0.5,-111.48379516601562,0.0005550384521484375,-31.865989685058594
1750932274.22578,-1.0,0.5,"[174.0, 185.0, 172.0, 147.0, 141.0, 149.0, 171.0, 227.0, 185.0, 174.0]",11.544103622436523,-0.5,-111.65841674804688,0.0005550384521484375,-32.01701354980469
1750932274.2382476,-1.0,0.5,"[174.0, 185.0, 173.0, 148.0, 142.0, 149.0, 171.0, 227.0, 185.0, 174.0]",11.78996467590332,-0.5,-111.83322143554688,0.0005550384521484375,-32.175315856933594
1750932274.2671497,0.0,0.5,"[174.0, 185.0, 175.0, 149.0, 142.0, 149.0, 171.0, 227.0, 185.0, 174.0]",11.504460334777832,-0.5,-111.99990844726562,0.00055694580078125,-32.33392333984375
1750932274.2797017,0.0,0.5,"[174.0, 185.0, 176.0, 149.0, 143.0, 149.0, 171.0, 227.0, 185.0, 174.0]",11.702494621276855,0.0,-112.17849731445312,0.00055694580078125,-32.485198974609375
1750932274.3077395,0.0,0.5,"[174.0, 185.0, 176.0, 149.0, 143.0, 149.0, 171.0, 227.0, 185.0, 174.0]",11.492354393005371,0.0,-112.36380004882812,0.00055694580078125,-32.621124267578125
1750932274.32044,0.0,0.5,"[174.0, 185.0, 175.0, 149.0, 142.0, 149.0, 171.0, 227.0, 185.0, 174.0]",11.687297821044922,0.0,-112.55343627929688,0.00055694580078125,-32.75782775878906
1750932274.3489006,-1.0,0.5,"[174.0, 185.0, 175.0, 149.0, 142.0, 149.0, 171.0, 227.0, 185.0, 174.0]",11.87794303894043,0.0,-112.74630737304688,0.00055694580078125,-32.89653015136719
1750932274.361557,-1.0,0.5,"[174.0, 185.0, 175.0, 149.0, 143.0, 149.0, 171.0, 227.0, 185.0, 174.0]",11.465536117553711,-0.5,-112.92227172851562,0.00055694580078125,-33.04351806640625
1750932274.3901482,-1.0,0.5,"[174.0, 185.0, 176.0, 149.0, 143.0, 149.0, 171.0, 227.0, 185.0, 174.0]",11.389922142028809,-0.5,-113.08560180664062,0.00055694580078125,-33.202301025390625
1750932274.4026473,-1.0,0.5,"[174.0, 185.0, 178.0, 151.0, 144.0, 149.0, 171.0, 227.0, 185.0, 174.0]",11.309350967407227,-0.5,-113.23745727539062,0.00055694580078125,-33.36994934082031
1750932274.4227092,-1.0,0.5,"[174.0, 185.0, 179.0, 152.0, 144.0, 149.0, 171.0, 227.0, 185.0, 174.0]",11.295514106750488,-0.5,-113.38748168945312,0.00055694580078125,-33.53887939453125
1750932274.4432716,-1.0,0.5,"[174.0, 185.0, 181.0, 153.0, 145.0, 149.0, 171.0, 227.0, 185.0, 174.0]",11.37060260772705,-0.5,-113.53305053710938,0.00055694580078125,-33.713592529296875
1750932274.4547765,-1.0,0.5,"[174.0, 185.0, 183.0, 154.0, 146.0, 150.0, 171.0, 204.0, 185.0, 174.0]",11.525834083557129,-0.5,-113.67642211914062,0.00055694580078125,-33.89410400390625
1750932274.4835284,0.0,0.5,"[174.0, 185.0, 184.0, 155.0, 146.0, 150.0, 171.0, 195.0, 185.0, 174.0]",11.377293586730957,-0.5,-113.81460571289062,0.00055694580078125,-34.074851989746094
1750932274.495869,0.0,0.5,"[174.0, 185.0, 186.0, 155.0, 146.0, 150.0, 171.0, 194.0, 185.0, 174.0]",11.463601112365723,0.0,-113.96316528320312,0.00055694580078125,-34.24952697753906
1750932274.524731,0.0,0.5,"[174.0, 185.0, 185.0, 155.0, 146.0, 150.0, 171.0, 198.0, 185.0, 174.0]",11.548408508300781,0.0,-114.12686157226562,0.00055694580078125,-34.41246032714844
1750932274.536996,0.0,0.5,"[174.0, 185.0, 185.0, 155.0, 146.0, 150.0, 171.0, 202.0, 185.0, 174.0]",11.591164588928223,0.0,-114.29135131835938,0.0005550384521484375,-34.5758056640625
1750932274.5656474,0.0,0.0,"[174.0, 185.0, 184.0, 154.0, 146.0, 150.0, 171.0, 226.0, 185.0, 174.0]",11.576650619506836,0.0,-114.45565795898438,0.0005550384521484375,-34.738929748535156
1750932274.577763,0.0,0.0,"[174.0, 185.0, 184.0, 154.0, 146.0, 149.0, 171.0, 226.0, 185.0, 174.0]",11.678343772888184,0.0,-114.62136840820312,0.0005550384521484375,-34.90354919433594
1750932274.6068728,-1.0,0.0,"[174.0, 185.0, 184.0, 154.0, 146.0, 149.0, 170.0, 226.0, 185.0, 174.0]",11.431836128234863,0.0,-114.78359985351562,0.0005550384521484375,-35.06462860107422
1750932274.6190054,-1.0,0.0,"[174.0, 185.0, 185.0, 155.0, 146.0, 149.0, 170.0, 226.0, 185.0, 174.0]",10.901140213012695,-0.5,-114.92556762695312,0.0005550384521484375,-35.23008728027344
1750932274.6480763,-1.0,0.0,"[174.0, 185.0, 186.0, 155.0, 147.0, 150.0, 171.0, 226.0, 185.0, 174.0]",10.457094192504883,-0.5,-115.04544067382812,0.0005550384521484375,-35.4014892578125
1750932274.660917,-1.0,0.5,"[174.0, 185.0, 187.0, 156.0, 147.0, 150.0, 170.0, 201.0, 185.0, 174.0]",10.21605396270752,-0.5,-115.15737915039062,0.0005550384521484375,-35.57240295410156
1750932274.690462,-1.0,0.5,"[174.0, 185.0, 189.0, 158.0, 147.0, 150.0, 170.0, 194.0, 185.0, 174.0]",9.96251392364502,-0.5,-115.26327514648438,0.0005550384521484375,-35.74116516113281
1750932274.7024314,0.0,0.5,"[174.0, 185.0, 190.0, 158.0, 147.0, 150.0, 170.0, 188.0, 185.0, 174.0]",10.327201843261719,-0.5,-115.36953735351562,0.0005550384521484375,-35.91828155517578
1750932274.7234023,0.0,0.5,"[174.0, 185.0, 190.0, 158.0, 147.0, 150.0, 170.0, 187.0, 185.0, 174.0]",9.9852933883667,0.0,-115.48623657226562,0.0005550384521484375,-36.080352783203125
1750932274.7355475,0.0,0.5,"[174.0, 185.0, 190.0, 158.0, 147.0, 150.0, 170.0, 193.0, 185.0, 174.0]",10.176569938659668,0.0,-115.61709594726562,0.0005550384521484375,-36.23626708984375
1750932274.7651277,0.0,0.5,"[174.0, 185.0, 190.0, 158.0, 147.0, 150.0, 170.0, 194.0, 185.0, 174.0]",9.946614265441895,0.0,-115.74325561523438,0.0005550384521484375,-36.390045166015625
1750932274.777461,0.0,0.5,"[174.0, 185.0, 190.0, 158.0, 147.0, 150.0, 170.0, 198.0, 185.0, 174.0]",10.325672149658203,0.0,-115.87448120117188,0.0005550384521484375,-36.54951477050781
1750932274.806935,0.0,0.5,"[174.0, 185.0, 190.0, 158.0, 146.0, 150.0, 170.0, 202.0, 185.0, 174.0]",10.157325744628906,0.0,-116.00350952148438,0.0005550384521484375,-36.70641326904297
1750932274.819502,0.0,0.5,"[174.0, 185.0, 189.0, 158.0, 146.0, 150.0, 170.0, 205.0, 185.0, 174.0]",10.226442337036133,0.0,-116.13369750976562,0.0005550384521484375,-36.86418151855469
1750932274.8485622,0.0,0.5,"[174.0, 185.0, 189.0, 158.0, 146.0, 150.0, 170.0, 225.0, 185.0, 174.0]",10.2778959274292,0.0,-116.26425170898438,0.0005550384521484375,-37.02294921875
1750932274.8608446,-1.0,0.5,"[174.0, 185.0, 189.0, 158.0, 146.0, 149.0, 170.0, 225.0, 185.0, 174.0]",10.33681869506836,0.0,-116.39572143554688,0.00055694580078125,-37.18247985839844
1750932274.890823,-1.0,0.5,"[174.0, 185.0, 190.0, 158.0, 146.0, 149.0, 170.0, 225.0, 185.0, 174.0]",10.249856948852539,-0.5,-116.51309204101562,0.00055694580078125,-37.350563049316406
1750932274.903335,-1.0,0.5,"[174.0, 185.0, 190.0, 158.0, 146.0, 149.0, 170.0, 203.0, 185.0, 174.0]",9.950822830200195,-0.5,-116.60995483398438,0.00055694580078125,-37.5244140625
1750932274.9159474,-1.0,0.5,"[174.0, 185.0, 192.0, 159.0, 146.0, 149.0, 170.0, 198.0, 185.0, 174.0]",10.147805213928223,-0.5,-116.70370483398438,0.00055694580078125,-37.70442199707031
1750932274.9468017,0.0,0.5,"[174.0, 185.0, 193.0, 159.0, 147.0, 149.0, 170.0, 193.0, 185.0, 174.0]",10.003931999206543,-0.5,-116.79299926757812,0.00055694580078125,-37.88348388671875
1750932274.959266,0.0,0.5,"[174.0, 185.0, 193.0, 160.0, 147.0, 149.0, 169.0, 193.0, 185.0, 174.0]",10.064927101135254,0.0,-116.89797973632812,0.00055694580078125,-38.055206298828125
1750932274.9897223,0.0,0.5,"[174.0, 185.0, 193.0, 159.0, 146.0, 149.0, 169.0, 196.0, 185.0, 174.0]",10.208968162536621,0.0,-117.01651000976562,0.00055694580078125,-38.22148132324219
1750932275.0025194,0.0,0.5,"[174.0, 185.0, 193.0, 159.0, 146.0, 149.0, 169.0, 198.0, 185.0, 174.0]",10.068819046020508,0.0,-117.13174438476562,0.00055694580078125,-38.38661193847656
1750932275.0240827,0.0,0.5,"[174.0, 185.0, 193.0, 159.0, 146.0, 149.0, 169.0, 200.0, 185.0, 174.0]",10.370308876037598,0.0,-117.25082397460938,0.00055694580078125,-38.55644226074219
1750932275.0365324,0.0,0.5,"[174.0, 185.0, 193.0, 159.0, 146.0, 149.0, 169.0, 202.0, 185.0, 174.0]",10.190309524536133,0.0,-117.36776733398438,0.00055694580078125,-38.72334289550781
1750932275.0671804,0.0,0.5,"[174.0, 185.0, 193.0, 159.0, 146.0, 149.0, 169.0, 225.0, 185.0, 174.0]",10.47940444946289,0.0,-117.48800659179688,0.00055694580078125,-38.895042419433594
1750932275.0795426,0.0,0.5,"[174.0, 185.0, 193.0, 159.0, 146.0, 149.0, 169.0, 223.0, 185.0, 174.0]",10.360937118530273,0.0,-117.60696411132812,0.00055694580078125,-39.06471252441406
1750932275.109864,0.0,0.5,"[174.0, 185.0, 193.0, 159.0, 146.0, 149.0, 169.0, 223.0, 185.0, 174.0]",10.536972999572754,0.0,-117.72775268554688,0.0005550384521484375,-39.237396240234375
1750932275.1218717,0.0,0.5,"[174.0, 185.0, 193.0, 159.0, 146.0, 149.0, 169.0, 223.0, 185.0, 174.0]",10.412610054016113,0.0,-117.84725952148438,0.0005550384521484375,-39.40795135498047
1750932275.152093,0.0,0.5,"[174.0, 185.0, 193.0, 159.0, 146.0, 149.0, 169.0, 223.0, 185.0, 174.0]",10.550737380981445,0.0,-117.96798706054688,0.0005550384521484375,-39.58099365234375
1750932275.164571,0.0,0.5,"[174.0, 185.0, 193.0, 159.0, 145.0, 148.0, 169.0, 223.0, 185.0, 174.0]",10.559937477111816,0.0,-118.08914184570312,0.0005550384521484375,-39.75398254394531
1750932275.1772401,0.0,0.5,"[174.0, 185.0, 193.0, 159.0, 145.0, 148.0, 169.0, 223.0, 185.0, 174.0]",10.589566230773926,0.0,-118.21072387695312,0.0005550384521484375,-39.92741394042969
1750932275.2069123,0.0,0.5,"[174.0, 185.0, 193.0, 159.0, 145.0, 148.0, 169.0, 223.0, 185.0, 174.0]",10.729146957397461,0.0,-118.33395385742188,0.0005550384521484375,-40.10308837890625
1750932275.2196825,0.0,0.5,"[174.0, 185.0, 193.0, 159.0, 145.0, 148.0, 168.0, 223.0, 185.0, 174.0]",10.72286605834961,0.0,-118.45700073242188,0.0005550384521484375,-40.278724670410156
1750932275.2500587,0.0,0.5,"[174.0, 185.0, 193.0, 158.0, 145.0, 148.0, 168.0, 223.0, 185.0, 174.0]",10.793487548828125,0.0,-118.58090209960938,0.0005550384521484375,-40.45552062988281
1750932275.2626123,0.0,0.5,"[174.0, 185.0, 193.0, 158.0, 145.0, 148.0, 168.0, 223.0, 185.0, 174.0]",10.591650009155273,0.0,-118.70217895507812,0.0005550384521484375,-40.62916564941406
1750932275.2845519,0.0,0.5,"[174.0, 185.0, 192.0, 158.0, 145.0, 148.0, 168.0, 223.0, 185.0, 174.0]",10.826942443847656,0.0,-118.82644653320312,0.000553131103515625,-40.80650329589844
1750932275.298295,0.0,0.5,"[174.0, 185.0, 192.0, 158.0, 144.0, 148.0, 168.0, 223.0, 185.0, 174.0]",11.039480209350586,0.0,-118.95297241210938,0.0005550384521484375,-40.98744201660156
1750932275.3296976,0.0,0.5,"[174.0, 185.0, 192.0, 158.0, 144.0, 148.0, 168.0, 223.0, 185.0, 174.0]",10.870933532714844,0.0,-119.07772827148438,0.000553131103515625,-41.16551208496094
1750932275.342803,0.0,0.5,"[174.0, 185.0, 192.0, 158.0, 144.0, 147.0, 168.0, 223.0, 185.0, 174.0]",11.062043190002441,0.0,-119.20449829101562,0.0005550384521484375,-41.34686279296875
1750932275.3639705,0.0,0.5,"[174.0, 185.0, 192.0, 158.0, 144.0, 147.0, 168.0, 223.0, 185.0, 174.0]",11.072554588317871,0.0,-119.33157348632812,0.0005550384521484375,-41.52819061279297
1750932275.3764737,0.0,0.5,"[174.0, 185.0, 192.0, 158.0, 144.0, 147.0, 168.0, 223.0, 185.0, 174.0]",11.081841468811035,0.0,-119.45877075195312,0.000553131103515625,-41.709716796875
1750932275.406907,0.0,0.5,"[174.0, 185.0, 192.0, 158.0, 144.0, 147.0, 168.0, 223.0, 185.0, 174.0]",10.929335594177246,0.0,-119.58401489257812,0.0005550384521484375,-41.88887023925781
1750932275.419817,0.0,0.5,"[174.0, 185.0, 190.0, 158.0, 143.0, 147.0, 168.0, 221.0, 185.0, 174.0]",11.254195213317871,0.0,-119.71310424804688,0.0005550384521484375,-42.07324981689453
1750932275.449788,0.0,0.5,"[174.0, 185.0, 190.0, 156.0, 143.0, 147.0, 167.0, 221.0, 185.0, 174.0]",11.324121475219727,0.0,-119.84292602539062,0.0005550384521484375,-42.258819580078125
1750932275.4621265,0.0,0.5,"[174.0, 185.0, 190.0, 156.0, 143.0, 147.0, 167.0, 221.0, 185.0, 174.0]",11.344053268432617,0.0,-119.97305297851562,0.0005550384521484375,-42.44469451904297
1750932275.493442,0.0,0.0,"[174.0, 185.0, 190.0, 156.0, 143.0, 146.0, 167.0, 221.0, 185.0, 174.0]",11.347278594970703,0.0,-120.10324096679688,0.0005550384521484375,-42.63056182861328
1750932275.5060346,0.0,0.0,"[174.0, 185.0, 190.0, 156.0, 143.0, 146.0, 167.0, 221.0, 185.0, 174.0]",11.347169876098633,0.0,-120.23348999023438,0.0005550384521484375,-42.81639862060547
1750932275.5190794,0.0,0.0,"[174.0, 185.0, 190.0, 155.0, 143.0, 146.0, 167.0, 221.0, 185.0, 174.0]",11.101198196411133,0.0,-120.36093139648438,0.0005550384521484375,-42.99821472167969
1750932275.549616,0.0,0.0,"[174.0, 185.0, 190.0, 155.0, 142.0, 146.0, 167.0, 221.0, 185.0, 174.0]",10.855581283569336,0.0,-120.48556518554688,0.0005550384521484375,-43.17601013183594
1750932275.5622616,0.0,0.0,"[174.0, 185.0, 189.0, 155.0, 142.0, 146.0, 167.0, 221.0, 185.0, 174.0]",10.610372543334961,0.0,-120.60733032226562,0.0005550384521484375,-43.34979248046875
1750932275.5838199,-1.0,0.5,"[174.0, 185.0, 189.0, 155.0, 142.0, 146.0, 167.0, 220.0, 185.0, 174.0]",10.365575790405273,0.0,-120.72628784179688,0.0005550384521484375,-43.519561767578125
1750932275.5958846,-1.0,0.5,"[174.0, 185.0, 190.0, 155.0, 142.0, 146.0, 167.0, 220.0, 185.0, 174.0]",9.840300559997559,-0.5,-120.82455444335938,0.0005550384521484375,-43.690093994140625
1750932275.6261365,-1.0,0.5,"[174.0, 185.0, 190.0, 155.0, 142.0, 146.0, 166.0, 220.0, 185.0, 174.0]",10.03165340423584,-0.5,-120.90859985351562,0.0005550384521484375,-43.872283935546875
1750932275.6382203,-1.0,0.5,"[174.0, 185.0, 192.0, 155.0, 143.0, 146.0, 166.0, 220.0, 185.0, 174.0]",9.77468490600586,-0.5,-120.98526000976562,0.0005550384521484375,-44.05210876464844
1750932275.6688585,0.0,0.5,"[174.0, 185.0, 192.0, 155.0, 143.0, 146.0, 166.0, 221.0, 185.0, 174.0]",10.059257507324219,-0.5,-121.06045532226562,0.0005550384521484375,-44.23871612548828
1750932275.681732,0.0,0.5,"[174.0, 185.0, 192.0, 155.0, 143.0, 146.0, 166.0, 220.0, 185.0, 174.0]",9.656627655029297,0.0,-121.14761352539062,0.00055694580078125,-44.411048889160156
1750932275.7124462,0.0,0.5,"[174.0, 185.0, 192.0, 155.0, 143.0, 146.0, 166.0, 220.0, 185.0, 174.0]",9.931219100952148,0.0,-121.25106811523438,0.00055694580078125,-44.58062744140625
1750932275.725846,0.0,0.5,"[174.0, 185.0, 192.0, 155.0, 142.0, 145.0, 166.0, 220.0, 185.0, 174.0]",9.79284381866455,0.0,-121.35043334960938,0.00055694580078125,-44.7493896484375
1750932275.7390974,0.0,0.5,"[174.0, 185.0, 192.0, 154.0, 142.0, 145.0, 166.0, 220.0, 185.0, 174.0]",9.992382049560547,0.0,-121.45199584960938,0.00055694580078125,-44.92152404785156
1750932275.7719343,0.0,0.5,"[174.0, 185.0, 192.0, 154.0, 142.0, 145.0, 166.0, 220.0, 185.0, 174.0]",10.0560884475708,0.0,-121.55447387695312,0.00055694580078125,-45.094566345214844
1750932275.785412,0.0,0.5,"[174.0, 185.0, 192.0, 154.0, 142.0, 145.0, 166.0, 220.0, 185.0, 174.0]",10.159296035766602,0.0,-121.65798950195312,0.00055694580078125,-45.269432067871094
1750932275.7995746,0.0,0.5,"[174.0, 185.0, 192.0, 154.0, 142.0, 145.0, 166.0, 220.0, 185.0, 174.0]",9.969392776489258,0.0,-121.75930786132812,0.00055694580078125,-45.441131591796875
1750932275.8317022,0.0,0.5,"[174.0, 185.0, 192.0, 154.0, 142.0, 145.0, 164.0, 220.0, 185.0, 174.0]",10.168362617492676,0.0,-121.86294555664062,0.00055694580078125,-45.616119384765625
1750932275.8457685,0.0,0.5,"[174.0, 185.0, 192.0, 153.0, 141.0, 145.0, 164.0, 218.0, 185.0, 174.0]",10.392583847045898,0.0,-121.96853637695312,0.00055694580078125,-45.795166015625
1750932275.8596509,0.0,0.5,"[174.0, 185.0, 192.0, 153.0, 141.0, 144.0, 164.0, 218.0, 185.0, 174.0]",10.252786636352539,0.0,-122.07302856445312,0.00055694580078125,-45.971595764160156
1750932275.8923502,-1.0,0.5,"[174.0, 185.0, 190.0, 153.0, 141.0, 144.0, 164.0, 218.0, 185.0, 174.0]",10.37427806854248,0.0,-122.17849731445312,0.00055694580078125,-46.15025329589844
1750932275.9056935,-1.0,0.5,"[174.0, 185.0, 192.0, 153.0, 141.0, 144.0, 164.0, 218.0, 185.0, 174.0]",9.971631050109863,-0.5,-122.26626586914062,0.00055694580078125,-46.32933044433594
1750932275.9182274,-1.0,0.5,"[174.0, 185.0, 192.0, 153.0, 141.0, 144.0, 164.0, 218.0, 185.0, 174.0]",10.153794288635254,-0.5,-122.33804321289062,0.00055694580078125,-46.51930236816406
1750932275.9496782,-1.0,0.5,"[174.0, 185.0, 192.0, 153.0, 142.0, 144.0, 164.0, 218.0, 185.0, 174.0]",9.84996223449707,-0.5,-122.40133666992188,0.0005550384521484375,-46.70586395263672
1750932275.9631479,-1.0,0.5,"[174.0, 185.0, 192.0, 153.0, 142.0, 144.0, 164.0, 218.0, 185.0, 174.0]",10.217761993408203,-0.5,-122.46340942382812,0.00055694580078125,-46.90055847167969
1750932275.985101,-1.0,0.5,"[174.0, 185.0, 192.0, 154.0, 142.0, 144.0, 164.0, 218.0, 185.0, 174.0]",9.987516403198242,-0.5,-122.52023315429688,0.00055694580078125,-47.092071533203125
1750932275.9987097,-1.0,0.5,"[174.0, 185.0, 192.0, 154.0, 142.0, 145.0, 164.0, 218.0, 185.0, 174.0]",10.336592674255371,-0.5,-122.57498168945312,0.00055694580078125,-47.291419982910156
1750932276.029855,-1.0,0.5,"[174.0, 185.0, 193.0, 154.0, 142.0, 145.0, 164.0, 218.0, 185.0, 174.0]",10.08272933959961,-0.5,-122.62411499023438,0.00055694580078125,-47.48699188232422
1750932276.0428545,-1.0,0.5,"[174.0, 185.0, 193.0, 154.0, 142.0, 145.0, 164.0, 217.0, 185.0, 174.0]",10.415289878845215,-0.5,-122.67080688476562,0.00055694580078125,-47.68999481201172
1750932276.0662003,-1.0,0.5,"[174.0, 185.0, 193.0, 155.0, 142.0, 145.0, 163.0, 217.0, 185.0, 174.0]",10.162681579589844,-0.5,-122.71218872070312,0.00055694580078125,-47.88899230957031
1750932276.0807216,-1.0,0.5,"[174.0, 185.0, 193.0, 155.0, 142.0, 145.0, 163.0, 217.0, 185.0, 174.0]",10.50141429901123,-0.5,-122.75100708007812,0.00055694580078125,-48.09540557861328
1750932276.1154644,-1.0,0.5,"[174.0, 185.0, 193.0, 155.0, 142.0, 145.0, 163.0, 217.0, 185.0, 174.0]",10.20309829711914,-0.5,-122.78421020507812,0.0005550384521484375,-48.29674530029297
1750932276.1292303,-1.0,0.5,"[174.0, 185.0, 193.0, 156.0, 142.0, 145.0, 163.0, 217.0, 185.0, 174.0]",10.440560340881348,-0.5,-122.81350708007812,0.0005550384521484375,-48.50349426269531
1750932276.1431231,-1.0,0.5,"[174.0, 185.0, 194.0, 156.0, 142.0, 144.0, 163.0, 217.0, 185.0, 174.0]",10.283236503601074,-0.5,-122.83743286132812,0.0005550384521484375,-48.707763671875
1750932276.1654184,-1.0,0.5,"[174.0, 185.0, 195.0, 156.0, 142.0, 144.0, 163.0, 217.0, 185.0, 174.0]",10.429326057434082,-0.5,-122.85891723632812,0.0005550384521484375,-48.91523742675781
1750932276.1783497,-1.0,0.5,"[174.0, 185.0, 195.0, 156.0, 142.0, 144.0, 163.0, 217.0, 185.0, 174.0]",10.48141860961914,-0.5,-122.87484741210938,0.0005550384521484375,-49.12425231933594
1750932276.210534,-1.0,0.5,"[174.0, 185.0, 195.0, 156.0, 142.0, 144.0, 164.0, 217.0, 185.0, 174.0]",10.603399276733398,-0.5,-122.88699340820312,0.0005550384521484375,-49.335975646972656
1750932276.2239754,-1.0,0.5,"[174.0, 185.0, 197.0, 156.0, 143.0, 144.0, 164.0, 215.0, 185.0, 174.0]",10.528162002563477,-0.5,-122.89486694335938,0.0005550384521484375,-49.54639434814453
1750932276.2371068,-1.0,0.5,"[174.0, 185.0, 197.0, 156.0, 143.0, 144.0, 164.0, 215.0, 185.0, 174.0]",10.699256896972656,-0.5,-122.89779663085938,0.0005550384521484375,-49.76036071777344
1750932276.2682705,-1.0,0.5,"[174.0, 185.0, 197.0, 156.0, 143.0, 144.0, 164.0, 215.0, 185.0, 174.0]",10.575961112976074,-0.5,-122.89663696289062,0.0005550384521484375,-49.97187805175781
1750932276.281092,0.0,0.5,"[174.0, 185.0, 198.0, 156.0, 143.0, 144.0, 164.0, 215.0, 185.0, 174.0]",10.724671363830566,-0.5,-122.89047241210938,0.0005550384521484375,-50.186279296875
1750932276.312343,0.0,0.5,"[174.0, 185.0, 198.0, 156.0, 143.0, 144.0, 164.0, 215.0, 185.0, 174.0]",10.703755378723145,0.0,-122.89761352539062,0.0005550384521484375,-50.400238037109375
1750932276.3252447,0.0,0.5,"[174.0, 185.0, 198.0, 156.0, 143.0, 144.0, 164.0, 215.0, 185.0, 174.0]",10.680130958557129,0.0,-122.92221069335938,0.0005550384521484375,-50.6124267578125
1750932276.3383055,0.0,0.5,"[174.0, 185.0, 198.0, 156.0, 143.0, 143.0, 163.0, 215.0, 185.0, 174.0]",10.614802360534668,0.0,-122.94619750976562,0.0005550384521484375,-50.8233642578125
1750932276.3693733,0.0,0.5,"[174.0, 185.0, 197.0, 156.0, 142.0, 143.0, 163.0, 215.0, 185.0, 174.0]",10.981651306152344,0.0,-122.97152709960938,0.0005550384521484375,-51.041534423828125
1750932276.3822727,0.0,0.5,"[174.0, 185.0, 197.0, 155.0, 142.0, 143.0, 163.0, 215.0, 185.0, 174.0]",10.711004257202148,0.0,-122.99606323242188,0.0005550384521484375,-51.25433349609375
1750932276.4040048,-1.0,0.5,"[174.0, 185.0, 197.0, 155.0, 142.0, 143.0, 163.0, 214.0, 185.0, 174.0]",10.998498916625977,0.0,-123.02114868164062,0.0005550384521484375,-51.472869873046875
1750932276.4172919,-1.0,0.5,"[174.0, 185.0, 197.0, 155.0, 142.0, 143.0, 163.0, 214.0, 185.0, 174.0]",10.440638542175293,-0.5,-123.02859497070312,0.0005550384521484375,-51.681549072265625
1750932276.4494913,-1.0,0.5,"[174.0, 185.0, 198.0, 155.0, 142.0, 143.0, 163.0, 214.0, 185.0, 174.0]",10.525935173034668,-0.5,-123.01565551757812,0.0005550384521484375,-51.89167785644531
1750932276.4626584,-1.0,0.5,"[174.0, 185.0, 198.0, 155.0, 141.0, 143.0, 162.0, 214.0, 185.0, 174.0]",10.512408256530762,-0.5,-122.99655151367188,0.0005550384521484375,-52.101043701171875
1750932276.4867942,-1.0,0.5,"[174.0, 185.0, 198.0, 155.0, 141.0, 143.0, 162.0, 214.0, 185.0, 174.0]",10.545048713684082,-0.5,-122.97299194335938,0.0005550384521484375,-52.310638427734375
1750932276.503561,-1.0,0.5,"[174.0, 185.0, 198.0, 156.0, 141.0, 143.0, 162.0, 214.0, 185.0, 174.0]",10.740260124206543,-0.5,-122.94400024414062,0.00055694580078125,-52.523468017578125
1750932276.5205,-1.0,0.5,"[174.0, 185.0, 198.0, 156.0, 141.0, 143.0, 162.0, 214.0, 185.0, 174.0]",10.635458946228027,-0.5,-122.91104125976562,0.00055694580078125,-52.733612060546875
1750932276.5640497,-1.0,0.5,"[174.0, 185.0, 198.0, 156.0, 141.0, 143.0, 162.0, 214.0, 185.0, 174.0]",10.771414756774902,-0.5,-122.87246704101562,0.00055694580078125,-52.945556640625
1750932276.5816543,-1.0,0.5,"[174.0, 185.0, 198.0, 156.0, 141.0, 143.0, 162.0, 214.0, 185.0, 174.0]",10.706806182861328,-0.5,-122.83023071289062,0.00055694580078125,-53.155487060546875
1750932276.583578,-1.0,0.5,"[174.0, 185.0, 198.0, 156.0, 141.0, 143.0, 162.0, 214.0, 185.0, 174.0]",10.839815139770508,-0.5,-122.78256225585938,0.00055694580078125,-53.366973876953125
1750932276.6000645,-1.0,0.5,"[174.0, 185.0, 198.0, 156.0, 141.0, 143.0, 161.0, 215.0, 185.0, 174.0]",10.756173133850098,-0.5,-122.73092651367188,0.00055694580078125,-53.5758056640625
1750932276.642438,-1.0,0.5,"[174.0, 185.0, 198.0, 156.0, 140.0, 143.0, 161.0, 215.0, 185.0, 174.0]",10.83935260772705,-0.5,-122.67361450195312,0.00055694580078125,-53.78489685058594
1750932276.659745,-1.0,0.5,"[174.0, 185.0, 198.0, 156.0, 140.0, 143.0, 161.0, 215.0, 185.0, 174.0]",10.814571380615234,-0.5,-122.61209106445312,0.00055694580078125,-53.99224853515625
1750932276.6770444,-1.0,0.5,"[174.0, 185.0, 198.0, 156.0, 140.0, 143.0, 161.0, 215.0, 185.0, 174.0]",10.768231391906738,-0.5,-122.54684448242188,0.00055694580078125,-54.19749450683594
1750932276.694109,-1.0,0.5,"[174.0, 185.0, 198.0, 155.0, 140.0, 143.0, 161.0, 215.0, 185.0, 174.0]",10.9609956741333,-0.5,-122.47537231445312,0.00055694580078125,-54.40472412109375
1750932276.7109213,-1.0,0.5,"[174.0, 185.0, 198.0, 155.0, 140.0, 143.0, 161.0, 215.0, 185.0, 174.0]",11.111282348632812,-0.5,-122.39822387695312,0.00055694580078125,-54.613128662109375
1750932276.7285573,-1.0,0.5,"[174.0, 185.0, 200.0, 155.0, 140.0, 142.0, 161.0, 215.0, 185.0, 174.0]",10.980124473571777,-0.5,-122.31875610351562,0.00055694580078125,-54.817840576171875
1750932276.7463386,-1.0,0.5,"[174.0, 185.0, 200.0, 155.0, 140.0, 142.0, 160.0, 217.0, 185.0, 174.0]",11.099394798278809,-0.5,-122.23220825195312,0.00055694580078125,-55.02227783203125
1750932276.763445,-1.0,0.5,"[174.0, 185.0, 200.0, 155.0, 140.0, 142.0, 160.0, 217.0, 185.0, 174.0]",10.939373016357422,-0.5,-122.14358520507812,0.00055694580078125,-55.2222900390625
1750932276.7802484,-1.0,0.5,"[174.0, 185.0, 200.0, 155.0, 140.0, 142.0, 160.0, 217.0, 185.0, 174.0]",11.141373634338379,-0.5,-122.04721069335938,0.00055694580078125,-55.42320251464844
1750932276.824262,-1.0,0.5,"[174.0, 185.0, 200.0, 154.0, 140.0, 142.0, 160.0, 218.0, 185.0, 174.0]",11.224457740783691,-0.5,-121.94717407226562,0.00055694580078125,-55.62419128417969
1750932276.8425536,-1.0,0.5,"[174.0, 185.0, 200.0, 154.0, 140.0, 141.0, 160.0, 218.0, 185.0, 174.0]",11.05836009979248,-0.5,-121.84286499023438,0.00055694580078125,-55.8192138671875
1750932276.8442118,-1.0,0.5,"[174.0, 185.0, 200.0, 154.0, 140.0, 141.0, 160.0, 218.0, 185.0, 174.0]",11.274426460266113,-0.5,-121.73287963867188,0.00055694580078125,-56.01605224609375
1750932276.861078,-1.0,0.5,"[174.0, 185.0, 198.0, 154.0, 141.0, 141.0, 160.0, 220.0, 185.0, 174.0]",11.313467979431152,-0.5,-121.61831665039062,0.00055694580078125,-56.211151123046875
1750932276.9045615,-1.0,0.5,"[174.0, 185.0, 198.0, 154.0, 141.0, 141.0, 161.0, 221.0, 185.0, 174.0]",11.25035572052002,-0.5,-121.49978637695312,0.00055694580078125,-56.40242004394531
1750932276.9214692,-1.0,0.5,"[174.0, 185.0, 198.0, 154.0, 140.0, 141.0, 161.0, 225.0, 185.0, 174.0]",11.23689079284668,-0.5,-121.37680053710938,0.00055694580078125,-56.59053039550781
1750932276.9232104,-1.0,0.5,"[174.0, 185.0, 198.0, 154.0, 140.0, 141.0, 161.0, 225.0, 185.0, 174.0]",11.337007522583008,-0.5,-121.24899291992188,0.00055694580078125,-56.777801513671875
1750932276.9529624,-1.0,0.5,"[174.0, 185.0, 197.0, 154.0, 140.0, 140.0, 161.0, 227.0, 185.0, 174.0]",11.237690925598145,-0.5,-121.11672973632812,0.00055694580078125,-56.95953369140625
1750932276.9706995,-1.0,0.5,"[174.0, 185.0, 197.0, 154.0, 140.0, 140.0, 161.0, 227.0, 185.0, 174.0]",11.420197486877441,-0.5,-120.97940063476562,0.00055694580078125,-57.14201354980469
1750932276.9887667,-1.0,0.5,"[174.0, 185.0, 197.0, 154.0, 139.0, 140.0, 161.0, 227.0, 185.0, 174.0]",11.643915176391602,-0.5,-120.83486938476562,0.00055694580078125,-57.32463073730469
1750932277.0069678,-1.0,0.5,"[174.0, 185.0, 197.0, 154.0, 139.0, 140.0, 161.0, 227.0, 185.0, 174.0]",11.426165580749512,-0.5,-120.68850708007812,0.00055694580078125,-57.500152587890625
1750932277.0237823,-1.0,0.5,"[174.0, 185.0, 197.0, 154.0, 139.0, 140.0, 162.0, 227.0, 185.0, 174.0]",11.593395233154297,-0.5,-120.53628540039062,0.00055694580078125,-57.675018310546875
1750932277.0418591,-1.0,0.5,"[174.0, 185.0, 197.0, 155.0, 139.0, 140.0, 162.0, 227.0, 185.0, 174.0]",11.610187530517578,-0.5,-120.37985229492188,0.00055694580078125,-57.84666442871094
1750932277.0851166,-1.0,0.5,"[174.0, 185.0, 197.0, 155.0, 138.0, 140.0, 162.0, 227.0, 185.0, 174.0]",11.66073989868164,-0.5,-120.21835327148438,0.00055694580078125,-58.014892578125
1750932277.1026826,-1.0,0.5,"[174.0, 185.0, 197.0, 154.0, 138.0, 140.0, 163.0, 227.0, 185.0, 174.0]",11.465097427368164,-0.5,-120.05618286132812,0.00055694580078125,-58.17704772949219
1750932277.1042907,-1.0,0.5,"[174.0, 185.0, 197.0, 154.0, 138.0, 140.0, 163.0, 227.0, 185.0, 174.0]",11.767936706542969,-0.5,-119.88589477539062,0.00055694580078125,-58.33946228027344
1750932277.1208081,-1.0,0.5,"[174.0, 185.0, 197.0, 154.0, 138.0, 140.0, 164.0, 227.0, 185.0, 174.0]",11.81428050994873,-0.5,-119.71011352539062,0.00055694580078125,-58.497344970703125
1750932277.1620436,0.0,0.5,"[174.0, 185.0, 197.0, 153.0, 138.0, 140.0, 164.0, 227.0, 185.0, 174.0]",11.845179557800293,-0.5,-119.53134155273438,0.00055694580078125,-58.65283203125
1750932277.178178,0.0,0.5,"[174.0, 185.0, 197.0, 153.0, 137.0, 140.0, 166.0, 227.0, 185.0, 174.0]",11.656129837036133,0.0,-119.36520385742188,0.00055694580078125,-58.81634521484375
1750932277.1944835,0.0,0.5,"[174.0, 185.0, 195.0, 152.0, 137.0, 140.0, 164.0, 227.0, 185.0, 174.0]",11.620141983032227,0.0,-119.21115112304688,0.00055694580078125,-58.990386962890625
1750932277.21118,0.0,0.5,"[174.0, 185.0, 195.0, 152.0, 137.0, 140.0, 164.0, 227.0, 185.0, 174.0]",12.028942108154297,0.0,-119.05252075195312,0.00055694580078125,-59.1712646484375
1750932277.2272112,0.0,0.5,"[174.0, 185.0, 195.0, 152.0, 136.0, 139.0, 164.0, 227.0, 185.0, 174.0]",11.85152530670166,0.0,-118.89633178710938,0.00055694580078125,-59.34954833984375
1750932277.2432647,0.0,0.5,"[174.0, 185.0, 194.0, 151.0, 136.0, 139.0, 163.0, 227.0, 185.0, 174.0]",12.086880683898926,0.0,-118.73696899414062,0.00055694580078125,-59.53129577636719
1750932277.2602706,0.0,0.5,"[174.0, 185.0, 193.0, 151.0, 136.0, 139.0, 163.0, 227.0, 185.0, 174.0]",11.770560264587402,0.0,-118.58169555664062,0.00055694580078125,-59.708251953125
1750932277.3013773,0.0,0.5,"[174.0, 185.0, 193.0, 149.0, 135.0, 138.0, 163.0, 227.0, 185.0, 174.0]",12.086177825927734,0.0,-118.42214965820312,0.00055694580078125,-59.88983154296875
1750932277.3175867,0.0,0.5,"[174.0, 185.0, 193.0, 149.0, 135.0, 138.0, 162.0, 227.0, 185.0, 174.0]",12.066058158874512,0.0,-118.26284790039062,0.00055694580078125,-60.07109069824219
1750932277.3344548,0.0,0.5,"[174.0, 185.0, 192.0, 149.0, 134.0, 138.0, 162.0, 227.0, 185.0, 174.0]",12.0535249710083,0.0,-118.10415649414062,0.00055694580078125,-60.25254821777344
1750932277.351433,-1.0,0.5,"[174.0, 185.0, 192.0, 148.0, 134.0, 137.0, 162.0, 227.0, 185.0, 174.0]",12.220602035522461,0.0,-117.94277954101562,0.00055694580078125,-60.43611145019531
1750932277.3676631,-1.0,0.5,"[174.0, 185.0, 192.0, 148.0, 134.0, 137.0, 162.0, 227.0, 185.0, 174.0]",11.952836036682129,-0.5,-117.77413940429688,0.00055694580078125,-60.60554504394531
1750932277.384019,-1.0,0.5,"[174.0, 185.0, 192.0, 147.0, 133.0, 137.0, 162.0, 227.0, 185.0, 174.0]",11.739046096801758,-0.5,-117.59640502929688,0.00055694580078125,-60.75897216796875
1750932277.4008062,-1.0,0.5,"[174.0, 185.0, 190.0, 147.0, 133.0, 137.0, 163.0, 227.0, 185.0, 174.0]",11.787712097167969,-0.5,-117.40866088867188,0.00055694580078125,-60.90153503417969
1750932277.4438443,-1.0,0.5,"[174.0, 185.0, 189.0, 146.0, 133.0, 138.0, 164.0, 227.0, 185.0, 174.0]",11.707609176635742,-0.5,-117.21914672851562,0.00055694580078125,-61.039093017578125
1750932277.460965,-1.0,0.5,"[174.0, 185.0, 189.0, 146.0, 133.0, 138.0, 167.0, 227.0, 185.0, 174.0]",11.99586296081543,-0.5,-117.02139282226562,0.00055694580078125,-61.174896240234375
1750932277.462586,-1.0,0.5,"[174.0, 185.0, 189.0, 146.0, 133.0, 138.0, 167.0, 227.0, 185.0, 174.0]",11.616186141967773,-0.5,-116.82687377929688,0.00055694580078125,-61.30194091796875
1750932277.49279,-1.0,0.5,"[174.0, 185.0, 187.0, 145.0, 133.0, 138.0, 182.0, 227.0, 185.0, 174.0]",11.93651008605957,-0.5,-116.62393188476562,0.00055694580078125,-61.427642822265625
1750932277.5106747,-1.0,0.5,"[174.0, 185.0, 186.0, 145.0, 133.0, 139.0, 182.0, 226.0, 185.0, 174.0]",12.003560066223145,-0.5,-116.41659545898438,0.00055694580078125,-61.54872131347656
1750932277.5278459,-1.0,0.5,"[174.0, 185.0, 184.0, 145.0, 133.0, 139.0, 182.0, 226.0, 185.0, 174.0]",11.821663856506348,-0.5,-116.20974731445312,0.0005588531494140625,-61.663238525390625
1750932277.5453777,-1.0,0.5,"[174.0, 185.0, 184.0, 145.0, 133.0, 140.0, 182.0, 224.0, 185.0, 174.0]",11.981141090393066,-0.5,-115.99722290039062,0.0005588531494140625,-61.77398681640625
1750932277.562435,0.0,0.5,"[174.0, 185.0, 183.0, 144.0, 134.0, 140.0, 179.0, 223.0, 185.0, 174.0]",11.995380401611328,-0.5,-115.78262329101562,0.00055694580078125,-61.881103515625
1750932277.5932374,0.0,0.5,"[174.0, 185.0, 183.0, 144.0, 134.0, 140.0, 179.0, 222.0, 185.0, 174.0]",11.901315689086914,0.0,-115.57705688476562,0.0005588531494140625,-62.001129150390625
1750932277.6111376,0.0,0.5,"[174.0, 185.0, 181.0, 143.0, 133.0, 140.0, 179.0, 222.0, 185.0, 174.0]",12.176984786987305,0.0,-115.37429809570312,0.0005588531494140625,-62.13606262207031
1750932277.6287167,0.0,0.5,"[174.0, 185.0, 181.0, 143.0, 133.0, 140.0, 179.0, 223.0, 185.0, 174.0]",11.881734848022461,0.0,-115.17739868164062,0.00055694580078125,-62.269073486328125
1750932277.6459303,0.0,0.5,"[174.0, 185.0, 179.0, 141.0, 131.0, 139.0, 179.0, 223.0, 185.0, 174.0]",12.272424697875977,0.0,-114.97409057617188,0.0005588531494140625,-62.40663146972656
1750932277.662685,0.0,0.5,"[174.0, 185.0, 178.0, 141.0, 131.0, 139.0, 179.0, 223.0, 185.0, 174.0]",12.143555641174316,0.0,-114.77297973632812,0.00055694580078125,-62.54278564453125
1750932277.6930103,0.0,0.5,"[174.0, 185.0, 177.0, 140.0, 130.0, 138.0, 179.0, 223.0, 185.0, 174.0]",12.269980430603027,0.0,-114.56961059570312,0.00055694580078125,-62.68011474609375
1750932277.710029,0.0,0.5,"[174.0, 185.0, 176.0, 140.0, 130.0, 138.0, 179.0, 223.0, 185.0, 174.0]",12.231779098510742,0.0,-114.36697387695312,0.00055694580078125,-62.817230224609375
1750932277.7272263,0.0,0.5,"[174.0, 185.0, 175.0, 139.0, 129.0, 138.0, 179.0, 223.0, 185.0, 174.0]",12.285210609436035,0.0,-114.16354370117188,0.00055694580078125,-62.95501708984375
1750932277.7441878,0.0,0.5,"[174.0, 185.0, 173.0, 138.0, 129.0, 137.0, 179.0, 223.0, 185.0, 174.0]",12.535126686096191,0.0,-113.95602416992188,0.00055694580078125,-63.09562683105469
1750932277.7613928,0.0,0.5,"[174.0, 185.0, 172.0, 138.0, 128.0, 137.0, 179.0, 223.0, 185.0, 174.0]",12.43930435180664,0.0,-113.74990844726562,0.00055694580078125,-63.234954833984375
1750932277.8059647,-1.0,0.5,"[174.0, 185.0, 172.0, 137.0, 128.0, 136.0, 179.0, 223.0, 185.0, 174.0]",12.568598747253418,0.0,-113.54177856445312,0.00055694580078125,-63.37590026855469
1750932277.8233864,-1.0,0.5,"[174.0, 185.0, 170.0, 137.0, 127.0, 136.0, 295.0, 223.0, 185.0, 174.0]",12.12983512878418,-0.5,-113.33230590820312,0.00055694580078125,-63.49830627441406
1750932277.8250315,-1.0,0.5,"[174.0, 185.0, 170.0, 137.0, 127.0, 136.0, 295.0, 223.0, 185.0, 174.0]",12.08593463897705,-0.5,-113.11569213867188,0.00055694580078125,-63.605560302734375
1750932277.8424394,-1.0,0.5,"[174.0, 185.0, 168.0, 137.0, 128.0, 138.0, 295.0, 221.0, 185.0, 174.0]",12.056096076965332,-0.5,-112.89340209960938,0.00055694580078125,-63.698974609375
1750932277.873084,-1.0,0.5,"[174.0, 185.0, 167.0, 137.0, 128.0, 139.0, 177.0, 220.0, 185.0, 174.0]",12.094403266906738,-0.5,-112.66744995117188,0.00055694580078125,-63.78533935546875
1750932277.8905334,-1.0,0.5,"[174.0, 185.0, 167.0, 137.0, 129.0, 140.0, 176.0, 218.0, 185.0, 174.0]",12.229321479797363,-0.5,-112.43722534179688,0.00055694580078125,-63.86798095703125
1750932277.9080713,-1.0,0.5,"[174.0, 185.0, 167.0, 137.0, 129.0, 141.0, 175.0, 217.0, 185.0, 174.0]",12.034010887145996,-0.5,-112.20858764648438,0.00055694580078125,-63.94313049316406
1750932277.92619,-1.0,0.5,"[174.0, 185.0, 166.0, 137.0, 130.0, 144.0, 175.0, 215.0, 185.0, 174.0]",12.229388236999512,-0.5,-111.97457885742188,0.00055694580078125,-64.01435852050781
1750932277.94426,-1.0,0.5,"[174.0, 185.0, 166.0, 137.0, 130.0, 148.0, 174.0, 212.0, 185.0, 174.0]",12.243765830993652,-0.5,-111.73867797851562,0.00055694580078125,-64.07992553710938
1750932277.9624891,-1.0,0.5,"[174.0, 185.0, 166.0, 138.0, 130.0, 160.0, 173.0, 211.0, 185.0, 174.0]",12.296631813049316,-0.5,-111.50015258789062,0.00055694580078125,-64.13983154296875
1750932277.9807222,-1.0,0.5,"[174.0, 185.0, 167.0, 138.0, 133.0, 160.0, 173.0, 209.0, 185.0, 174.0]",12.296585083007812,-0.5,-111.26016235351562,0.00055694580078125,-64.19351196289062
1750932278.029514,-1.0,0.5,"[174.0, 185.0, 167.0, 139.0, 134.0, 160.0, 171.0, 206.0, 185.0, 174.0]",12.29648208618164,-0.5,-111.01895141601562,0.00055694580078125,-64.241455078125
1750932278.047728,-1.0,0.5,"[174.0, 185.0, 167.0, 139.0, 135.0, 160.0, 170.0, 204.0, 185.0, 174.0]",12.376428604125977,-0.5,-110.77505493164062,0.00055694580078125,-64.28384399414062
1750932278.0493753,-1.0,0.5,"[174.0, 185.0, 167.0, 139.0, 135.0, 160.0, 170.0, 204.0, 185.0, 174.0]",12.337602615356445,-0.5,-110.53091430664062,0.00055694580078125,-64.31950378417969
1750932278.0686111,-1.0,0.5,"[174.0, 185.0, 167.0, 140.0, 137.0, 259.0, 169.0, 200.0, 185.0, 174.0]",12.430910110473633,-0.5,-110.28408813476562,0.00055694580078125,-64.34921264648438
1750932278.0875092,-1.0,0.5,"[174.0, 185.0, 169.0, 141.0, 139.0, 157.0, 168.0, 198.0, 185.0, 174.0]",12.336859703063965,-0.5,-110.03848266601562,0.00055694580078125,-64.37344360351562
1750932278.106017,-1.0,0.5,"[174.0, 185.0, 169.0, 143.0, 141.0, 156.0, 167.0, 197.0, 185.0, 174.0]",12.60584831237793,-0.5,-109.78707885742188,0.00055694580078125,-64.3917236328125
1750932278.1252685,-1.0,0.5,"[174.0, 185.0, 170.0, 144.0, 144.0, 155.0, 166.0, 193.0, 185.0, 174.0]",12.55156421661377,-0.5,-109.53628540039062,0.00055694580078125,-64.40243530273438
1750932278.1446927,-1.0,0.5,"[174.0, 185.0, 170.0, 145.0, 147.0, 154.0, 164.0, 192.0, 185.0, 174.0]",12.493720054626465,-0.5,-109.28646850585938,0.00055694580078125,-64.4083251953125
1750932278.163826,-1.0,0.5,"[174.0, 185.0, 172.0, 146.0, 160.0, 154.0, 164.0, 190.0, 185.0, 174.0]",12.453605651855469,-0.5,-109.03738403320312,0.00055694580078125,-64.40589904785156
1750932278.1822078,-1.0,0.5,"[174.0, 185.0, 172.0, 147.0, 259.0, 153.0, 163.0, 188.0, 185.0, 174.0]",12.638444900512695,-0.5,-108.78475952148438,0.00055694580078125,-64.39859008789062
1750932278.2150276,-1.0,0.5,"[174.0, 185.0, 173.0, 149.0, 160.0, 152.0, 161.0, 186.0, 185.0, 174.0]",12.600193977355957,-0.5,-108.53311157226562,0.00055694580078125,-64.38475036621094
1750932278.232887,-1.0,0.5,"[174.0, 185.0, 175.0, 151.0, 160.0, 151.0, 160.0, 184.0, 185.0, 174.0]",12.773691177368164,-0.5,-108.27859497070312,0.00055694580078125,-64.3629150390625
1750932278.2509935,-1.0,0.5,"[174.0, 185.0, 176.0, 153.0, 160.0, 151.0, 158.0, 181.0, 185.0, 174.0]",12.613986015319824,-0.5,-108.02767944335938,0.00055694580078125,-64.336669921875
1750932278.267283,-1.0,0.5,"[174.0, 185.0, 179.0, 155.0, 158.0, 150.0, 156.0, 179.0, 185.0, 174.0]",12.972407341003418,-0.5,-107.77047729492188,0.00055694580078125,-64.30241394042969
1750932278.2832384,-1.0,0.5,"[174.0, 185.0, 181.0, 158.0, 157.0, 149.0, 154.0, 176.0, 185.0, 174.0]",12.667024612426758,-0.5,-107.52029418945312,0.00055694580078125,-64.26268005371094
1750932278.3120284,-1.0,0.5,"[174.0, 185.0, 183.0, 161.0, 156.0, 148.0, 152.0, 175.0, 185.0, 174.0]",12.968583106994629,-0.5,-107.26535034179688,0.00055694580078125,-64.2149658203125
1750932278.3284817,0.0,0.5,"[174.0, 185.0, 186.0, 163.0, 155.0, 147.0, 150.0, 172.0, 185.0, 174.0]",12.77459716796875,-0.5,-107.01559448242188,0.00055694580078125,-64.16108703613281
1750932278.3445613,0.0,0.5,"[174.0, 185.0, 186.0, 166.0, 155.0, 146.0, 149.0, 170.0, 185.0, 174.0]",12.880789756774902,0.0,-106.76119995117188,0.00055694580078125,-64.12030029296875
1750932278.36137,0.0,0.5,"[174.0, 185.0, 187.0, 167.0, 155.0, 146.0, 148.0, 170.0, 185.0, 174.0]",12.788323402404785,0.0,-106.50656127929688,0.00055694580078125,-64.0963134765625
1750932278.4026282,0.0,0.5,"[174.0, 185.0, 187.0, 169.0, 155.0, 146.0, 148.0, 170.0, 185.0, 174.0]",12.994423866271973,0.0,-106.24758911132812,0.00055694580078125,-64.07481384277344
1750932278.4198575,0.0,0.5,"[174.0, 185.0, 187.0, 169.0, 155.0, 146.0, 148.0, 170.0, 185.0, 174.0]",12.705191612243652,0.0,-105.99435424804688,0.00055694580078125,-64.053955078125
1750932278.436506,0.0,0.5,"[174.0, 185.0, 187.0, 171.0, 155.0, 146.0, 148.0, 170.0, 185.0, 174.0]",12.970928192138672,0.0,-105.73574829101562,0.00055694580078125,-64.03302001953125
1750932278.4528797,0.0,0.5,"[174.0, 185.0, 187.0, 173.0, 154.0, 146.0, 148.0, 169.0, 185.0, 174.0]",12.988814353942871,0.0,-105.47683715820312,0.00055694580078125,-64.01205444335938
1750932278.4689302,0.0,0.5,"[174.0, 185.0, 187.0, 173.0, 154.0, 146.0, 148.0, 169.0, 185.0, 174.0]",13.045574188232422,0.0,-105.21682739257812,0.00055694580078125,-63.99021911621094
1750932278.485653,0.0,0.5,"[174.0, 185.0, 187.0, 173.0, 154.0, 146.0, 148.0, 169.0, 185.0, 174.0]",13.232781410217285,0.0,-104.95309448242188,0.00055694580078125,-63.96855163574219
1750932278.5018046,0.0,0.5,"[174.0, 185.0, 187.0, 173.0, 154.0, 145.0, 148.0, 169.0, 185.0, 174.0]",13.111856460571289,0.0,-104.69174194335938,0.00055694580078125,-63.946990966796875
1750932278.5440018,0.0,0.5,"[174.0, 185.0, 187.0, 175.0, 154.0, 145.0, 148.0, 169.0, 185.0, 174.0]",13.336454391479492,0.0,-104.42587280273438,0.00055694580078125,-63.92535400390625
1750932278.5595481,0.0,0.5,"[174.0, 185.0, 187.0, 175.0, 154.0, 145.0, 148.0, 169.0, 185.0, 174.0]",13.167620658874512,0.0,-104.16342163085938,0.0005588531494140625,-63.90370178222656
1750932278.5611677,0.0,0.5,"[174.0, 185.0, 187.0, 175.0, 154.0, 145.0, 148.0, 169.0, 185.0, 174.0]",13.34997844696045,0.0,-103.89730834960938,0.00055694580078125,-63.88188171386719
1750932278.6026425,0.0,0.5,"[174.0, 185.0, 188.0, 175.0, 154.0, 145.0, 148.0, 168.0, 185.0, 174.0]",13.178197860717773,0.0,-103.63467407226562,0.00055694580078125,-63.86009216308594
1750932278.618747,0.0,0.5,"[174.0, 185.0, 189.0, 176.0, 154.0, 145.0, 148.0, 167.0, 185.0, 174.0]",13.460147857666016,0.0,-103.36636352539062,0.0005588531494140625,-63.83799743652344
1750932278.6349118,0.0,0.5,"[174.0, 185.0, 189.0, 176.0, 154.0, 145.0, 148.0, 167.0, 185.0, 174.0]",13.456901550292969,0.0,-103.09811401367188,0.0005588531494140625,-63.815704345703125
1750932278.651021,0.0,0.5,"[174.0, 185.0, 189.0, 177.0, 154.0, 144.0, 147.0, 167.0, 185.0, 174.0]",13.47690486907959,0.0,-102.82949829101562,0.0005588531494140625,-63.79376220703125
1750932278.6667423,0.0,0.5,"[174.0, 185.0, 190.0, 177.0, 154.0, 144.0, 147.0, 167.0, 185.0, 174.0]",13.481183052062988,0.0,-102.56082153320312,0.0005588531494140625,-63.7713623046875
1750932278.6833003,0.0,0.5,"[174.0, 185.0, 190.0, 177.0, 154.0, 144.0, 147.0, 167.0, 185.0, 174.0]",13.482385635375977,0.0,-102.29202270507812,0.0005588531494140625,-63.74949645996094
1750932278.7128255,0.0,0.5,"[174.0, 185.0, 190.0, 177.0, 154.0, 144.0, 147.0, 167.0, 185.0, 174.0]",13.619457244873047,0.0,-102.02059936523438,0.0005588531494140625,-63.72694396972656
1750932278.7286196,0.0,0.5,"[174.0, 185.0, 192.0, 177.0, 153.0, 144.0, 147.0, 167.0, 185.0, 174.0]",13.60461711883545,0.0,-101.74942016601562,0.0005588531494140625,-63.70477294921875
1750932278.7451878,0.0,0.5,"[174.0, 185.0, 192.0, 177.0, 153.0, 144.0, 147.0, 167.0, 185.0, 174.0]",13.821527481079102,0.0,-101.47390747070312,0.0005588531494140625,-63.68194580078125
1750932278.7612739,0.0,0.5,"[174.0, 185.0, 192.0, 178.0, 153.0, 144.0, 147.0, 166.0, 185.0, 174.0]",13.68493938446045,0.0,-101.20114135742188,0.0005588531494140625,-63.659637451171875
1750932278.8024964,0.0,0.5,"[174.0, 185.0, 192.0, 178.0, 153.0, 143.0, 147.0, 166.0, 185.0, 174.0]",13.875411033630371,0.0,-100.92453002929688,0.00055694580078125,-63.63688659667969
1750932278.8191135,0.0,0.5,"[174.0, 185.0, 193.0, 178.0, 153.0, 143.0, 146.0, 165.0, 185.0, 174.0]",13.698637008666992,0.0,-100.65145874023438,0.00055694580078125,-63.61460876464844
1750932278.8353076,0.0,0.5,"[174.0, 185.0, 193.0, 178.0, 153.0, 143.0, 146.0, 165.0, 185.0, 174.0]",13.877853393554688,0.0,-100.37484741210938,0.00055694580078125,-63.59184265136719
1750932278.8513532,0.0,0.5,"[174.0, 185.0, 193.0, 179.0, 153.0, 143.0, 146.0, 165.0, 185.0, 174.0]",13.923835754394531,0.0,-100.09732055664062,0.00055694580078125,-63.56916809082031
1750932278.8672783,0.0,0.5,"[174.0, 185.0, 194.0, 179.0, 153.0, 143.0, 146.0, 165.0, 185.0, 174.0]",13.966716766357422,0.0,-99.81893920898438,0.00055694580078125,-63.5460205078125
1750932278.8834713,0.0,0.5,"[174.0, 185.0, 195.0, 179.0, 152.0, 142.0, 146.0, 164.0, 185.0, 174.0]",14.014409065246582,0.0,-99.53958129882812,0.00055694580078125,-63.523345947265625
1750932278.9002407,0.0,0.5,"[174.0, 185.0, 195.0, 179.0, 152.0, 142.0, 146.0, 164.0, 185.0, 174.0]",14.020617485046387,0.0,-99.26010131835938,0.00055694580078125,-63.500152587890625
1750932278.9413378,0.0,0.5,"[174.0, 185.0, 196.0, 179.0, 152.0, 142.0, 146.0, 164.0, 185.0, 174.0]",14.003754615783691,0.0,-98.98098754882812,0.00055694580078125,-63.477508544921875
1750932278.9576473,0.0,0.5,"[174.0, 185.0, 196.0, 179.0, 152.0, 142.0, 146.0, 164.0, 185.0, 174.0]",14.174212455749512,0.0,-98.69845581054688,0.00055694580078125,-63.4541015625
1750932278.9738684,0.0,0.5,"[174.0, 185.0, 197.0, 179.0, 152.0, 142.0, 146.0, 164.0, 185.0, 174.0]",13.942081451416016,0.0,-98.42056274414062,0.00055694580078125,-63.431365966796875
1750932278.9904187,0.0,0.5,"[174.0, 185.0, 197.0, 179.0, 152.0, 142.0, 146.0, 164.0, 185.0, 174.0]",14.116189002990723,0.0,-98.13919067382812,0.00055694580078125,-63.4080810546875
1750932279.006633,0.0,0.5,"[174.0, 185.0, 197.0, 179.0, 152.0, 142.0, 145.0, 164.0, 185.0, 174.0]",14.359529495239258,0.0,-97.85293579101562,0.00055694580078125,-63.384613037109375
1750932279.0235894,0.0,0.5,"[174.0, 185.0, 197.0, 179.0, 152.0, 141.0, 145.0, 163.0, 185.0, 174.0]",14.236218452453613,0.0,-97.56918334960938,0.00055694580078125,-63.36114501953125
1750932279.0398517,0.0,0.5,"[174.0, 185.0, 198.0, 179.0, 152.0, 141.0, 145.0, 163.0, 185.0, 174.0]",14.35601806640625,0.0,-97.28298950195312,0.00055694580078125,-63.33772277832031
1750932279.0815346,0.0,0.5,"[174.0, 185.0, 198.0, 179.0, 152.0, 141.0, 145.0, 162.0, 185.0, 174.0]",14.091693878173828,0.0,-97.00216674804688,0.00055694580078125,-63.314483642578125
1750932279.0976956,1.0,0.5,"[174.0, 185.0, 198.0, 179.0, 151.0, 141.0, 144.0, 162.0, 185.0, 174.0]",14.418340682983398,0.0,-96.71475219726562,0.00055694580078125,-63.29093933105469
1750932279.1139681,1.0,0.5,"[174.0, 185.0, 198.0, 179.0, 152.0, 141.0, 145.0, 163.0, 185.0, 174.0]",14.26436996459961,0.5,-96.42959594726562,0.00055694580078125,-63.2821044921875
1750932279.130652,1.0,0.5,"[174.0, 185.0, 197.0, 178.0, 152.0, 141.0, 145.0, 165.0, 185.0, 174.0]",13.935774803161621,0.5,-96.15097045898438,0.00055694580078125,-63.289520263671875
1750932279.1469183,1.0,0.5,"[174.0, 185.0, 195.0, 175.0, 154.0, 142.0, 146.0, 167.0, 185.0, 174.0]",14.007488250732422,0.5,-95.87216186523438,0.00055694580078125,-63.316986083984375
1750932279.162722,0.0,0.5,"[174.0, 185.0, 192.0, 173.0, 155.0, 143.0, 148.0, 170.0, 185.0, 174.0]",13.899465560913086,0.5,-95.59689331054688,0.0005588531494140625,-63.355560302734375
1750932279.1913564,0.0,0.5,"[174.0, 185.0, 192.0, 171.0, 156.0, 144.0, 148.0, 172.0, 185.0, 174.0]",13.990632057189941,0.0,-95.31826782226562,0.0005588531494140625,-63.38163757324219
1750932279.207887,0.0,0.5,"[174.0, 185.0, 190.0, 171.0, 156.0, 144.0, 148.0, 172.0, 185.0, 174.0]",13.800372123718262,0.0,-95.04251098632812,0.00055694580078125,-63.39277648925781
1750932279.2241976,0.0,0.5,"[174.0, 185.0, 192.0, 171.0, 156.0, 144.0, 148.0, 172.0, 185.0, 174.0]",14.069046020507812,0.0,-94.76116943359375,0.00055694580078125,-63.398773193359375
1750932279.2400937,0.0,0.5,"[174.0, 185.0, 192.0, 171.0, 156.0, 144.0, 148.0, 172.0, 185.0, 174.0]",13.942914009094238,0.0,-94.48236083984375,0.00055694580078125,-63.4041748046875
1750932279.2814865,0.0,0.5,"[174.0, 185.0, 192.0, 171.0, 156.0, 143.0, 148.0, 172.0, 185.0, 174.0]",14.142012596130371,0.0,-94.1995849609375,0.00055694580078125,-63.409820556640625
1750932279.297346,0.0,0.5,"[174.0, 185.0, 192.0, 171.0, 156.0, 143.0, 148.0, 172.0, 185.0, 174.0]",13.959931373596191,0.0,-93.92044067382812,0.0005588531494140625,-63.41523742675781
1750932279.3141162,1.0,0.5,"[174.0, 185.0, 192.0, 173.0, 155.0, 143.0, 147.0, 172.0, 185.0, 174.0]",14.140860557556152,0.0,-93.63766479492188,0.0005588531494140625,-63.4210205078125
1750932279.3304405,1.0,0.5,"[174.0, 185.0, 192.0, 171.0, 156.0, 143.0, 148.0, 172.0, 185.0, 174.0]",13.836627960205078,0.5,-93.3616943359375,0.0005588531494140625,-63.44122314453125
1750932279.3482556,0.0,0.5,"[174.0, 185.0, 190.0, 170.0, 157.0, 144.0, 149.0, 173.0, 185.0, 174.0]",13.673309326171875,0.5,-93.0908203125,0.00055694580078125,-63.47882080078125
1750932279.3654468,0.0,0.5,"[174.0, 185.0, 190.0, 169.0, 157.0, 144.0, 149.0, 173.0, 185.0, 174.0]",13.737789154052734,0.0,-92.81723022460938,0.00055694580078125,-63.50408935546875
1750932279.382275,0.0,0.5,"[174.0, 185.0, 190.0, 169.0, 157.0, 144.0, 149.0, 173.0, 185.0, 174.0]",13.687186241149902,0.0,-92.54391479492188,0.00055694580078125,-63.519561767578125
1750932279.4129395,0.0,0.5,"[174.0, 185.0, 190.0, 169.0, 157.0, 144.0, 148.0, 173.0, 185.0, 174.0]",13.847493171691895,0.0,-92.26739501953125,0.0005588531494140625,-63.53497314453125
1750932279.4307718,0.0,0.5,"[174.0, 185.0, 190.0, 170.0, 157.0, 144.0, 148.0, 172.0, 185.0, 174.0]",13.86716079711914,0.0,-91.990478515625,0.0005588531494140625,-63.55027770996094
1750932279.4482796,0.0,0.5,"[174.0, 185.0, 190.0, 170.0, 157.0, 144.0, 148.0, 172.0, 185.0, 174.0]",13.876408576965332,0.0,-91.71337890625,0.0005588531494140625,-63.56556701660156
1750932279.4656265,0.0,0.5,"[174.0, 185.0, 192.0, 170.0, 157.0, 143.0, 148.0, 172.0, 185.0, 174.0]",14.030293464660645,0.0,-91.43319702148438,0.0005588531494140625,-63.58097839355469
1750932279.4834716,0.0,0.5,"[174.0, 185.0, 192.0, 170.0, 157.0, 143.0, 148.0, 172.0, 185.0, 174.0]",13.868904113769531,0.0,-91.15621948242188,0.0005588531494140625,-63.595977783203125
1750932279.5004609,0.0,0.5,"[174.0, 185.0, 192.0, 170.0, 157.0, 143.0, 148.0, 172.0, 185.0, 174.0]",14.045839309692383,0.0,-90.875732421875,0.0005588531494140625,-63.61149597167969
1750932279.5444365,0.0,0.5,"[174.0, 185.0, 193.0, 171.0, 157.0, 143.0, 147.0, 171.0, 185.0, 174.0]",14.006325721740723,0.0,-90.59600830078125,0.0005588531494140625,-63.626708984375
1750932279.5611668,0.0,0.5,"[174.0, 185.0, 193.0, 171.0, 156.0, 143.0, 147.0, 170.0, 185.0, 174.0]",14.056414604187012,0.0,-90.3153076171875,0.0005588531494140625,-63.641876220703125
1750932279.5629537,0.0,0.5,"[174.0, 185.0, 193.0, 171.0, 156.0, 143.0, 147.0, 170.0, 185.0, 174.0]",14.147686958312988,0.0,-90.03277587890625,0.0005588531494140625,-63.65728759765625
1750932279.5928333,0.0,0.5,"[174.0, 185.0, 194.0, 171.0, 156.0, 142.0, 146.0, 170.0, 185.0, 174.0]",14.351860046386719,0.0,-89.74615478515625,0.0005588531494140625,-63.673065185546875
1750932279.6098778,1.0,0.5,"[174.0, 185.0, 195.0, 171.0, 156.0, 142.0, 146.0, 170.0, 185.0, 174.0]",14.227554321289062,0.0,-89.4620361328125,0.0005588531494140625,-63.68849182128906
1750932279.6276531,1.0,0.5,"[174.0, 185.0, 194.0, 170.0, 157.0, 143.0, 146.0, 170.0, 185.0, 174.0]",14.12720775604248,0.5,-89.18124389648438,0.0005588531494140625,-63.71992492675781
1750932279.6447747,1.0,0.5,"[174.0, 185.0, 192.0, 169.0, 158.0, 144.0, 147.0, 172.0, 185.0, 174.0]",13.72136402130127,0.5,-88.91098022460938,0.0005588531494140625,-63.76753234863281
1750932279.6625993,1.0,0.5,"[174.0, 185.0, 190.0, 167.0, 259.0, 145.0, 148.0, 173.0, 185.0, 174.0]",13.775354385375977,0.5,-88.6431884765625,0.0005588531494140625,-63.832305908203125
1750932279.6962023,0.0,0.5,"[174.0, 185.0, 188.0, 166.0, 259.0, 146.0, 150.0, 175.0, 185.0, 174.0]",13.797477722167969,0.5,-88.377685546875,0.0005588531494140625,-63.90754699707031
1750932279.715501,0.0,0.5,"[174.0, 185.0, 187.0, 164.0, 259.0, 147.0, 151.0, 176.0, 185.0, 174.0]",13.750582695007324,0.0,-88.1094970703125,0.0005588531494140625,-63.96839904785156
1750932279.7343185,0.0,0.5,"[174.0, 185.0, 187.0, 164.0, 159.0, 147.0, 151.0, 176.0, 185.0, 174.0]",13.695155143737793,0.0,-87.83969116210938,0.0005588531494140625,-64.01551818847656
1750932279.7534096,0.0,0.5,"[174.0, 185.0, 187.0, 164.0, 259.0, 147.0, 151.0, 176.0, 185.0, 174.0]",13.708049774169922,0.0,-87.56887817382812,0.0005588531494140625,-64.05827331542969
1750932279.772795,0.0,0.5,"[174.0, 185.0, 187.0, 164.0, 159.0, 147.0, 151.0, 176.0, 185.0, 174.0]",13.827509880065918,0.0,-87.29562377929688,0.0005588531494140625,-64.10076904296875
1750932279.7912724,0.0,0.5,"[174.0, 185.0, 187.0, 164.0, 159.0, 147.0, 151.0, 176.0, 185.0, 174.0]",13.819750785827637,0.0,-87.02255249023438,0.0005588531494140625,-64.1435546875
1750932279.8099606,0.0,0.5,"[174.0, 185.0, 188.0, 164.0, 259.0, 147.0, 150.0, 175.0, 185.0, 174.0]",13.925973892211914,0.0,-86.74740600585938,0.0005588531494140625,-64.18679809570312
1750932279.82831,0.0,0.5,"[174.0, 185.0, 189.0, 165.0, 259.0, 147.0, 149.0, 175.0, 185.0, 174.0]",13.897104263305664,0.0,-86.47280883789062,0.0005588531494140625,-64.22976684570312
1750932279.846267,0.0,0.5,"[174.0, 185.0, 189.0, 165.0, 259.0, 146.0, 149.0, 175.0, 185.0, 174.0]",13.929922103881836,0.0,-86.19754028320312,0.0005588531494140625,-64.27276611328125
1750932279.8645291,0.0,0.5,"[174.0, 185.0, 189.0, 165.0, 259.0, 146.0, 149.0, 175.0, 185.0, 174.0]",14.274105072021484,0.0,-85.91549682617188,0.00055694580078125,-64.31680297851562
1750932279.8835433,0.0,0.5,"[174.0, 185.0, 189.0, 166.0, 259.0, 146.0, 149.0, 175.0, 185.0, 174.0]",13.987303733825684,0.0,-85.63909912109375,0.00055694580078125,-64.3599853515625
1750932279.9023972,0.0,0.5,"[174.0, 185.0, 190.0, 166.0, 259.0, 146.0, 149.0, 173.0, 185.0, 174.0]",14.338415145874023,0.0,-85.35577392578125,0.00055694580078125,-64.40431213378906
1750932279.9352398,0.0,0.5,"[174.0, 185.0, 190.0, 166.0, 259.0, 146.0, 149.0, 173.0, 185.0, 174.0]",14.002711296081543,0.0,-85.07907104492188,0.00055694580078125,-64.44758605957031
1750932279.953813,0.0,0.5,"[174.0, 185.0, 190.0, 166.0, 259.0, 146.0, 148.0, 173.0, 185.0, 174.0]",14.37657642364502,0.0,-84.79501342773438,0.00055694580078125,-64.4920654296875
1750932279.9725766,0.0,0.5,"[174.0, 185.0, 190.0, 166.0, 259.0, 146.0, 148.0, 173.0, 185.0, 174.0]",14.239270210266113,0.0,-84.51364135742188,0.00055694580078125,-64.53614807128906
1750932279.990694,0.0,0.5,"[174.0, 185.0, 190.0, 166.0, 259.0, 146.0, 148.0, 172.0, 185.0, 174.0]",14.403749465942383,0.0,-84.22900390625,0.00055694580078125,-64.58047485351562
1750932280.0094657,0.0,0.5,"[174.0, 185.0, 192.0, 166.0, 259.0, 146.0, 148.0, 172.0, 185.0, 174.0]",14.20759105682373,0.0,-83.94827270507812,0.00055694580078125,-64.62443542480469
1750932280.0277662,0.0,0.5,"[174.0, 185.0, 192.0, 166.0, 259.0, 146.0, 148.0, 172.0, 185.0, 174.0]",14.411666870117188,0.0,-83.66348266601562,0.00055694580078125,-64.66883850097656
1750932280.0456655,1.0,0.5,"[174.0, 185.0, 192.0, 167.0, 259.0, 145.0, 148.0, 172.0, 185.0, 174.0]",14.512802124023438,0.0,-83.37673950195312,0.0005588531494140625,-64.71380615234375
1750932280.0647786,1.0,0.5,"[174.0, 185.0, 190.0, 166.0, 159.0, 146.0, 148.0, 172.0, 185.0, 174.0]",14.108114242553711,0.5,-83.10086059570312,0.00055694580078125,-64.77299499511719
1750932280.0834503,1.0,0.5,"[174.0, 185.0, 189.0, 164.0, 159.0, 147.0, 149.0, 173.0, 185.0, 174.0]",13.868688583374023,0.5,-82.83486938476562,0.0005588531494140625,-64.85165405273438
1750932280.1018388,0.0,0.5,"[174.0, 185.0, 187.0, 162.0, 159.0, 149.0, 151.0, 175.0, 185.0, 174.0]",13.947165489196777,0.5,-82.572021484375,0.0005588531494140625,-64.94505310058594
1750932280.1496825,0.0,0.5,"[174.0, 185.0, 186.0, 161.0, 159.0, 149.0, 152.0, 176.0, 185.0, 174.0]",13.889752388000488,0.0,-82.30697631835938,0.0005588531494140625,-65.02827453613281
1750932280.167946,0.0,0.5,"[174.0, 185.0, 186.0, 161.0, 159.0, 149.0, 152.0, 176.0, 185.0, 174.0]",13.845854759216309,0.0,-82.038330078125,0.0005588531494140625,-65.09536743164062
1750932280.169651,0.0,0.5,"[174.0, 185.0, 186.0, 161.0, 159.0, 149.0, 152.0, 176.0, 185.0, 174.0]",14.001550674438477,0.0,-81.76580810546875,0.0005588531494140625,-65.15982055664062
1750932280.1879716,0.0,0.5,"[174.0, 185.0, 187.0, 161.0, 159.0, 149.0, 152.0, 176.0, 185.0, 174.0]",13.965374946594238,0.0,-81.49392700195312,0.0005588531494140625,-65.2237548828125
1750932280.2063587,0.0,0.5,"[174.0, 185.0, 187.0, 162.0, 159.0, 149.0, 152.0, 175.0, 185.0, 174.0]",14.155945777893066,0.0,-81.21826171875,0.0005588531494140625,-65.288330078125
1750932280.2248476,0.0,0.5,"[174.0, 185.0, 187.0, 162.0, 159.0, 149.0, 152.0, 175.0, 185.0, 174.0]",13.91261100769043,0.0,-80.9473876953125,0.0005588531494140625,-65.35194396972656
1750932280.2429922,0.0,0.5,"[174.0, 185.0, 187.0, 162.0, 159.0, 149.0, 152.0, 175.0, 185.0, 174.0]",14.037089347839355,0.0,-80.67398071289062,0.0005588531494140625,-65.415771484375
1750932280.275605,0.0,0.5,"[174.0, 185.0, 187.0, 162.0, 159.0, 149.0, 152.0, 175.0, 185.0, 174.0]",14.246864318847656,0.0,-80.39657592773438,0.0005588531494140625,-65.48077392578125
1750932280.2931793,0.0,0.5,"[174.0, 185.0, 187.0, 162.0, 159.0, 149.0, 152.0, 175.0, 185.0, 174.0]",14.288472175598145,0.0,-80.11843872070312,0.0005588531494140625,-65.54638671875
1750932280.311351,0.0,0.5,"[174.0, 185.0, 187.0, 162.0, 159.0, 149.0, 152.0, 175.0, 185.0, 174.0]",14.262815475463867,0.0,-79.8406982421875,0.0005588531494140625,-65.61148071289062
1750932280.3300567,0.0,0.5,"[174.0, 185.0, 187.0, 162.0, 159.0, 149.0, 151.0, 175.0, 185.0, 174.0]",14.255501747131348,0.0,-79.56320190429688,0.0005588531494140625,-65.67694091796875
1750932280.3481717,0.0,0.5,"[174.0, 185.0, 187.0, 162.0, 159.0, 149.0, 151.0, 175.0, 185.0, 174.0]",14.269793510437012,0.0,-79.28530883789062,0.0005588531494140625,-65.741943359375
1750932280.3665478,0.0,0.5,"[174.0, 185.0, 188.0, 162.0, 159.0, 149.0, 151.0, 173.0, 185.0, 174.0]",14.441147804260254,0.0,-79.00418090820312,0.0005588531494140625,-65.80819702148438
1750932280.38686,0.0,0.5,"[174.0, 185.0, 188.0, 162.0, 159.0, 149.0, 151.0, 173.0, 185.0, 174.0]",14.420069694519043,0.0,-78.72341918945312,0.0005588531494140625,-65.87419128417969
1750932280.4074695,0.0,0.5,"[174.0, 185.0, 189.0, 162.0, 159.0, 149.0, 151.0, 173.0, 185.0, 174.0]",14.409152030944824,0.0,-78.44287109375,0.0005588531494140625,-65.93998718261719
1750932280.4282393,0.0,0.5,"[174.0, 185.0, 189.0, 162.0, 159.0, 149.0, 151.0, 173.0, 185.0, 174.0]",14.59932804107666,0.0,-78.15859985351562,0.0005588531494140625,-66.00666809082031
1750932280.4496803,0.0,0.5,"[174.0, 185.0, 189.0, 162.0, 159.0, 149.0, 151.0, 173.0, 185.0, 174.0]",14.438453674316406,0.0,-77.87753295898438,0.0005588531494140625,-66.07292175292969
1750932280.469534,0.0,0.5,"[174.0, 185.0, 189.0, 162.0, 159.0, 149.0, 151.0, 173.0, 185.0, 174.0]",14.608808517456055,0.0,-77.59310913085938,0.0005588531494140625,-66.13987731933594
1750932280.4876425,0.0,0.5,"[174.0, 185.0, 189.0, 163.0, 159.0, 149.0, 150.0, 173.0, 185.0, 174.0]",14.650189399719238,0.0,-77.3079833984375,0.0005588531494140625,-66.20729064941406
1750932280.5063248,0.0,0.5,"[174.0, 185.0, 189.0, 163.0, 159.0, 149.0, 150.0, 173.0, 185.0, 174.0]",14.784380912780762,0.0,-77.02011108398438,0.0005588531494140625,-66.27484130859375
1750932280.5245264,0.0,0.5,"[174.0, 185.0, 189.0, 163.0, 159.0, 149.0, 150.0, 172.0, 185.0, 174.0]",14.737159729003906,0.0,-76.73321533203125,0.0005588531494140625,-66.34243774414062
1750932280.5428116,0.0,0.5,"[174.0, 185.0, 189.0, 163.0, 159.0, 149.0, 150.0, 172.0, 185.0, 174.0]",14.73693561553955,0.0,-76.44625854492188,0.0005588531494140625,-66.40974426269531
1750932280.5759993,0.0,0.5,"[174.0, 185.0, 190.0, 163.0, 159.0, 148.0, 149.0, 172.0, 185.0, 174.0]",14.751492500305176,0.0,-76.15914916992188,0.0005588531494140625,-66.47758483886719
1750932280.5942497,0.0,0.5,"[174.0, 185.0, 190.0, 163.0, 159.0, 148.0, 149.0, 172.0, 185.0, 174.0]",14.831136703491211,0.0,-75.870361328125,0.0005588531494140625,-66.54530334472656
1750932280.612753,0.0,0.5,"[174.0, 185.0, 190.0, 163.0, 159.0, 148.0, 149.0, 172.0, 185.0, 174.0]",14.851197242736816,0.0,-75.58126831054688,0.0005588531494140625,-66.61347961425781
1750932280.6308303,0.0,0.5,"[174.0, 185.0, 190.0, 163.0, 158.0, 148.0, 149.0, 172.0, 185.0, 174.0]",14.981525421142578,0.0,-75.28955078125,0.0005588531494140625,-66.68193054199219
1750932280.6486218,0.0,0.5,"[174.0, 185.0, 190.0, 163.0, 158.0, 148.0, 149.0, 171.0, 185.0, 174.0]",14.780319213867188,0.0,-75.00186157226562,0.0005588531494140625,-66.74977111816406
1750932280.6668475,0.0,0.5,"[174.0, 185.0, 190.0, 163.0, 158.0, 148.0, 149.0, 171.0, 185.0, 174.0]",15.123150825500488,0.0,-74.70742797851562,0.0005588531494140625,-66.81906127929688
1750932280.6849594,1.0,0.5,"[174.0, 185.0, 190.0, 163.0, 158.0, 148.0, 149.0, 170.0, 185.0, 174.0]",14.888641357421875,0.0,-74.41757202148438,0.0005588531494140625,-66.88729858398438
1750932280.7035406,1.0,0.5,"[174.0, 185.0, 190.0, 163.0, 158.0, 149.0, 149.0, 172.0, 185.0, 174.0]",14.81167984008789,0.5,-74.13259887695312,0.0005588531494140625,-66.96820068359375
1750932280.721695,1.0,0.5,"[174.0, 185.0, 189.0, 162.0, 158.0, 150.0, 151.0, 172.0, 185.0, 174.0]",14.753307342529297,0.5,-73.85391235351562,0.00055694580078125,-67.06515502929688
1750932280.767855,0.0,0.5,"[174.0, 185.0, 187.0, 160.0, 157.0, 152.0, 153.0, 175.0, 185.0, 174.0]",14.460500717163086,0.5,-73.587890625,0.0005588531494140625,-67.17861938476562
1750932280.785804,0.0,0.5,"[174.0, 185.0, 186.0, 160.0, 157.0, 152.0, 153.0, 176.0, 185.0, 174.0]",14.584460258483887,0.0,-73.31344604492188,0.0005588531494140625,-67.27737426757812
1750932280.787561,0.0,0.5,"[174.0, 185.0, 186.0, 160.0, 157.0, 152.0, 153.0, 176.0, 185.0, 174.0]",14.535324096679688,0.0,-73.03564453125,0.0005588531494140625,-67.363037109375
1750932280.8055432,0.0,0.5,"[174.0, 185.0, 186.0, 160.0, 157.0, 152.0, 153.0, 176.0, 185.0, 174.0]",14.533319473266602,0.0,-72.7576904296875,0.0005588531494140625,-67.44808959960938
1750932280.8237562,0.0,0.5,"[174.0, 185.0, 186.0, 160.0, 156.0, 153.0, 153.0, 176.0, 185.0, 174.0]",14.551602363586426,0.0,-72.479248046875,0.0005588531494140625,-67.53271484375
1750932280.8417802,0.0,0.5,"[174.0, 185.0, 186.0, 160.0, 157.0, 152.0, 153.0, 175.0, 185.0, 174.0]",14.554948806762695,0.0,-72.20089721679688,0.0005588531494140625,-67.61788940429688
1750932280.8880372,0.0,0.5,"[174.0, 185.0, 186.0, 160.0, 157.0, 152.0, 153.0, 175.0, 185.0, 174.0]",14.754789352416992,0.0,-71.91854858398438,0.0005588531494140625,-67.70379638671875
1750932280.9057007,0.0,0.5,"[174.0, 185.0, 186.0, 160.0, 157.0, 152.0, 153.0, 175.0, 185.0, 174.0]",14.754993438720703,0.0,-71.63629150390625,0.000560760498046875,-67.78985595703125
1750932280.907343,0.0,0.5,"[174.0, 185.0, 186.0, 160.0, 157.0, 152.0, 153.0, 175.0, 185.0, 174.0]",14.827425003051758,0.0,-71.35263061523438,0.000560760498046875,-67.87635803222656
1750932280.9250083,0.0,0.5,"[174.0, 185.0, 186.0, 160.0, 157.0, 152.0, 153.0, 175.0, 185.0, 174.0]",14.620895385742188,0.0,-71.0728759765625,0.000560760498046875,-67.96142578125
1750932280.9430275,0.0,0.5,"[174.0, 185.0, 186.0, 160.0, 157.0, 152.0, 153.0, 175.0, 185.0, 174.0]",14.922377586364746,0.0,-70.78738403320312,0.000560760498046875,-68.04840087890625
1750932280.9753668,0.0,0.5,"[174.0, 185.0, 186.0, 160.0, 157.0, 152.0, 153.0, 175.0, 185.0, 174.0]",14.82544994354248,0.0,-70.50372314453125,0.000560760498046875,-68.13473510742188
1750932280.993156,0.0,0.5,"[174.0, 185.0, 187.0, 160.0, 157.0, 152.0, 153.0, 175.0, 185.0, 174.0]",14.951956748962402,0.0,-70.21771240234375,0.000560760498046875,-68.22210693359375
1750932281.0116735,0.0,0.5,"[174.0, 185.0, 187.0, 160.0, 157.0, 152.0, 153.0, 175.0, 185.0, 174.0]",14.9110746383667,0.0,-69.93240356445312,0.000560760498046875,-68.30889892578125
1750932281.0291624,0.0,0.5,"[174.0, 185.0, 187.0, 160.0, 157.0, 152.0, 153.0, 175.0, 185.0, 174.0]",15.063031196594238,0.0,-69.64413452148438,0.000560760498046875,-68.39643859863281
1750932281.0471156,0.0,0.5,"[174.0, 185.0, 187.0, 160.0, 157.0, 152.0, 153.0, 175.0, 185.0, 174.0]",15.073868751525879,0.0,-69.35574340820312,0.0005588531494140625,-68.48428344726562
1750932281.0654192,0.0,0.5,"[174.0, 185.0, 187.0, 160.0, 157.0, 152.0, 153.0, 175.0, 185.0, 174.0]",15.227764129638672,0.0,-69.064453125,0.000560760498046875,-68.5731201171875
1750932281.0833566,0.0,0.5,"[174.0, 185.0, 187.0, 160.0, 157.0, 152.0, 153.0, 175.0, 185.0, 174.0]",15.06605339050293,0.0,-68.77615356445312,0.000560760498046875,-68.66078186035156
1750932281.1155658,0.0,0.5,"[174.0, 185.0, 187.0, 160.0, 157.0, 152.0, 153.0, 175.0, 185.0, 174.0]",15.301026344299316,0.0,-68.48345947265625,0.000560760498046875,-68.75006103515625
1750932281.1336184,0.0,0.5,"[174.0, 185.0, 187.0, 160.0, 157.0, 152.0, 153.0, 175.0, 185.0, 174.0]",15.16621208190918,0.0,-68.19326782226562,0.000560760498046875,-68.83839416503906
1750932281.153219,0.0,0.5,"[174.0, 185.0, 187.0, 160.0, 157.0, 152.0, 153.0, 175.0, 185.0, 174.0]",15.385565757751465,0.0,-67.89892578125,0.000560760498046875,-68.9281005859375
1750932281.1723151,0.0,0.5,"[174.0, 185.0, 187.0, 160.0, 157.0, 152.0, 153.0, 175.0, 185.0, 174.0]",15.219128608703613,0.0,-67.60769653320312,0.000560760498046875,-69.0166015625
1750932281.1900284,0.0,0.5,"[174.0, 185.0, 187.0, 160.0, 157.0, 152.0, 153.0, 175.0, 185.0, 174.0]",15.386944770812988,0.0,-67.31332397460938,0.0005588531494140625,-69.10627746582031
1750932281.2078643,0.0,0.5,"[174.0, 185.0, 187.0, 160.0, 157.0, 152.0, 153.0, 175.0, 185.0, 174.0]",15.368435859680176,0.0,-67.01922607421875,0.0005588531494140625,-69.19564819335938
1750932281.2256827,0.0,0.5,"[174.0, 185.0, 187.0, 160.0, 157.0, 152.0, 153.0, 175.0, 185.0, 174.0]",15.516606330871582,0.0,-66.72238159179688,0.0005588531494140625,-69.28610229492188
1750932281.2436337,0.0,0.5,"[174.0, 185.0, 187.0, 160.0, 157.0, 152.0, 153.0, 175.0, 185.0, 174.0]",15.290529251098633,0.0,-66.42977905273438,0.0005588531494140625,-69.37506103515625
1750932281.2614512,0.0,0.5,"[174.0, 185.0, 187.0, 160.0, 157.0, 152.0, 153.0, 175.0, 185.0, 174.0]",15.599173545837402,0.0,-66.13137817382812,0.000560760498046875,-69.466064453125
1750932281.307234,0.0,0.5,"[174.0, 185.0, 187.0, 160.0, 157.0, 152.0, 153.0, 175.0, 185.0, 174.0]",15.546343803405762,0.0,-65.833984375,0.000560760498046875,-69.55682373046875
1750932281.3252885,0.0,0.5,"[174.0, 185.0, 187.0, 160.0, 157.0, 152.0, 153.0, 175.0, 185.0, 174.0]",15.681757926940918,0.0,-65.533935546875,0.0005588531494140625,-69.64811706542969
1750932281.3269403,0.0,0.5,"[174.0, 185.0, 187.0, 160.0, 157.0, 152.0, 153.0, 175.0, 185.0, 174.0]",15.450727462768555,0.0,-65.23837280273438,0.0005588531494140625,-69.73828125
1750932281.3448715,0.0,0.5,"[174.0, 185.0, 187.0, 160.0, 157.0, 152.0, 152.0, 173.0, 185.0, 174.0]",15.783586502075195,0.0,-64.93637084960938,0.0005588531494140625,-69.83012390136719
1750932281.3627799,0.0,0.5,"[174.0, 185.0, 187.0, 160.0, 157.0, 152.0, 153.0, 173.0, 185.0, 174.0]",15.579041481018066,0.0,-64.63824462890625,0.0005588531494140625,-69.92074584960938
1750932281.3945837,0.0,0.5,"[174.0, 185.0, 187.0, 160.0, 157.0, 152.0, 152.0, 173.0, 185.0, 174.0]",15.763741493225098,0.0,-64.336669921875,0.0005588531494140625,-70.0126953125
1750932281.413402,0.0,0.5,"[174.0, 185.0, 187.0, 160.0, 157.0, 152.0, 152.0, 173.0, 185.0, 174.0]",15.659833908081055,0.0,-64.03701782226562,0.0005588531494140625,-70.10382080078125
1750932281.4316797,0.0,0.5,"[174.0, 185.0, 187.0, 160.0, 157.0, 152.0, 152.0, 173.0, 185.0, 174.0]",15.982218742370605,0.0,-63.731231689453125,0.0005588531494140625,-70.19691467285156
1750932281.4486914,0.0,0.5,"[174.0, 185.0, 187.0, 161.0, 157.0, 152.0, 152.0, 173.0, 185.0, 174.0]",15.694633483886719,0.0,-63.43096923828125,0.0005588531494140625,-70.28836059570312
1750932281.4666932,0.0,0.5,"[174.0, 185.0, 187.0, 161.0, 157.0, 152.0, 152.0, 173.0, 185.0, 174.0]",15.978799819946289,0.0,-63.12518310546875,0.000560760498046875,-70.3812255859375
1750932281.4844708,0.0,0.5,"[174.0, 185.0, 187.0, 161.0, 157.0, 152.0, 152.0, 173.0, 185.0, 174.0]",15.998357772827148,0.0,-62.81903076171875,0.000560760498046875,-70.4742431640625
1750932281.5025277,0.0,0.5,"[174.0, 185.0, 188.0, 161.0, 157.0, 152.0, 152.0, 173.0, 185.0, 174.0]",15.875652313232422,0.0,-62.515289306640625,0.000560760498046875,-70.5667724609375
1750932281.5337353,0.0,0.5,"[174.0, 185.0, 188.0, 161.0, 157.0, 152.0, 152.0, 173.0, 185.0, 174.0]",15.993159294128418,0.0,-62.209320068359375,0.000560760498046875,-70.65994262695312
1750932281.551949,0.0,0.5,"[174.0, 185.0, 188.0, 161.0, 157.0, 152.0, 152.0, 173.0, 185.0, 174.0]",16.156614303588867,0.0,-61.900238037109375,0.0005588531494140625,-70.75419616699219
1750932281.569434,0.0,0.5,"[174.0, 185.0, 188.0, 161.0, 157.0, 152.0, 152.0, 173.0, 185.0, 174.0]",15.983410835266113,0.0,-61.59442138671875,0.000560760498046875,-70.84732055664062
1750932281.5867844,0.0,0.5,"[174.0, 185.0, 188.0, 161.0, 157.0, 152.0, 152.0, 173.0, 185.0, 174.0]",16.179351806640625,0.0,-61.284912109375,0.0005588531494140625,-70.94171142578125
1750932281.604152,0.0,0.5,"[174.0, 185.0, 188.0, 161.0, 157.0, 152.0, 152.0, 173.0, 185.0, 174.0]",16.274982452392578,0.0,-60.973480224609375,0.0005588531494140625,-71.03639221191406
1750932281.6221828,0.0,0.5,"[174.0, 185.0, 189.0, 161.0, 157.0, 152.0, 152.0, 173.0, 185.0, 174.0]",16.143478393554688,0.0,-60.664642333984375,0.000560760498046875,-71.13055419921875
1750932281.6539679,0.0,0.5,"[174.0, 185.0, 189.0, 161.0, 157.0, 152.0, 152.0, 173.0, 185.0, 174.0]",16.2834529876709,0.0,-60.35302734375,0.000560760498046875,-71.22509765625
1750932281.6720228,0.0,0.5,"[174.0, 185.0, 189.0, 161.0, 157.0, 152.0, 152.0, 173.0, 185.0, 174.0]",16.3769588470459,0.0,-60.039642333984375,0.000560760498046875,-71.32034301757812
1750932281.689998,0.0,0.5,"[174.0, 185.0, 189.0, 161.0, 157.0, 152.0, 152.0, 173.0, 185.0, 174.0]",16.233531951904297,0.0,-59.72906494140625,0.000560760498046875,-71.41497802734375
1750932281.7079504,0.0,0.5,"[174.0, 185.0, 189.0, 161.0, 157.0, 152.0, 152.0, 173.0, 185.0, 174.0]",16.536754608154297,0.0,-59.412628173828125,0.000560760498046875,-71.51123046875
1750932281.7251172,0.0,0.5,"[174.0, 185.0, 189.0, 161.0, 157.0, 152.0, 152.0, 173.0, 185.0, 174.0]",16.447776794433594,0.0,-59.097930908203125,0.000560760498046875,-71.60700988769531
1750932281.7434058,0.0,0.5,"[174.0, 185.0, 189.0, 161.0, 157.0, 152.0, 152.0, 173.0, 185.0, 174.0]",16.51325225830078,0.0,-58.782012939453125,0.0005626678466796875,-71.70323181152344
1750932281.7608273,0.0,0.5,"[174.0, 185.0, 189.0, 161.0, 157.0, 152.0, 152.0, 173.0, 185.0, 174.0]",16.544601440429688,0.0,-58.4654541015625,0.0005626678466796875,-71.79963684082031
1750932281.805941,0.0,0.5,"[174.0, 185.0, 189.0, 161.0, 157.0, 152.0, 152.0, 172.0, 185.0, 174.0]",16.538423538208008,0.0,-58.1490478515625,0.000560760498046875,-71.89599609375
1750932281.8231802,0.0,0.5,"[174.0, 185.0, 189.0, 161.0, 157.0, 152.0, 152.0, 172.0, 185.0, 174.0]",16.546966552734375,0.0,-57.83245849609375,0.0005626678466796875,-71.99240112304688
1750932281.8249424,0.0,0.5,"[174.0, 185.0, 189.0, 161.0, 157.0, 152.0, 152.0, 172.0, 185.0, 174.0]",16.81191062927246,0.0,-57.51080322265625,0.0005626678466796875,-72.09039306640625
1750932281.8420694,0.0,0.5,"[174.0, 185.0, 189.0, 161.0, 157.0, 152.0, 152.0, 172.0, 185.0, 174.0]",16.564218521118164,0.0,-57.193878173828125,0.0005626678466796875,-72.1868896484375
1750932281.8862205,0.0,0.5,"[174.0, 185.0, 189.0, 161.0, 157.0, 152.0, 152.0, 172.0, 185.0, 174.0]",16.919178009033203,0.0,-56.870208740234375,0.0005626678466796875,-72.28555297851562
1750932281.9032674,0.0,0.5,"[174.0, 185.0, 189.0, 161.0, 157.0, 152.0, 152.0, 172.0, 185.0, 174.0]",16.56410026550293,0.0,-56.553314208984375,0.000560760498046875,-72.38212585449219
1750932281.9048884,0.0,0.5,"[174.0, 185.0, 189.0, 161.0, 157.0, 152.0, 152.0, 172.0, 185.0, 174.0]",16.96460723876953,0.0,-56.228759765625,0.000560760498046875,-72.48101806640625
1750932281.9222658,0.0,0.5,"[174.0, 185.0, 189.0, 161.0, 157.0, 152.0, 152.0, 172.0, 185.0, 174.0]",16.742589950561523,0.0,-55.908447265625,0.000560760498046875,-72.57861328125
1750932281.9666305,0.0,0.5,"[174.0, 185.0, 189.0, 161.0, 157.0, 152.0, 152.0, 172.0, 185.0, 174.0]",17.085411071777344,0.0,-55.58154296875,0.000560760498046875,-72.67813110351562
1750932281.9842954,0.0,0.5,"[174.0, 185.0, 189.0, 161.0, 157.0, 152.0, 152.0, 172.0, 185.0, 174.0]",16.741111755371094,0.0,-55.261260986328125,0.000560760498046875,-72.77571105957031
1750932281.9860039,0.0,0.5,"[174.0, 185.0, 189.0, 161.0, 157.0, 152.0, 152.0, 172.0, 185.0, 174.0]",17.153430938720703,0.0,-54.933074951171875,0.000560760498046875,-72.87564086914062
1750932282.0036993,0.0,0.5,"[174.0, 185.0, 189.0, 161.0, 157.0, 152.0, 152.0, 172.0, 185.0, 174.0]",16.830825805664062,0.0,-54.611053466796875,0.000560760498046875,-72.97366333007812
1750932282.0220904,0.0,0.5,"[174.0, 185.0, 189.0, 161.0, 157.0, 152.0, 152.0, 172.0, 185.0, 174.0]",17.22815704345703,0.0,-54.28143310546875,0.0005588531494140625,-73.07412719726562
1750932282.0667562,0.0,0.5,"[174.0, 185.0, 189.0, 161.0, 157.0, 152.0, 151.0, 172.0, 185.0, 174.0]",16.95610809326172,0.0,-53.957061767578125,0.0005588531494140625,-73.17304992675781
1750932282.0846982,0.0,0.5,"[174.0, 185.0, 189.0, 161.0, 157.0, 152.0, 151.0, 172.0, 185.0, 174.0]",17.295413970947266,0.0,-53.62615966796875,0.0005588531494140625,-73.27381896972656
1750932282.0863023,0.0,0.5,"[174.0, 185.0, 189.0, 161.0, 157.0, 152.0, 151.0, 172.0, 185.0, 174.0]",16.973268508911133,0.0,-53.301422119140625,0.0005588531494140625,-73.37274169921875
1750932282.1023839,0.0,0.5,"[174.0, 185.0, 189.0, 161.0, 157.0, 151.0, 151.0, 172.0, 185.0, 174.0]",17.36839485168457,0.0,-52.9691162109375,0.0005588531494140625,-73.473876953125
1750932282.1331847,0.0,0.5,"[174.0, 185.0, 189.0, 161.0, 157.0, 152.0, 151.0, 172.0, 185.0, 174.0]",17.10196876525879,0.0,-52.641876220703125,0.0005588531494140625,-73.57341003417969
1750932282.150665,0.0,0.5,"[174.0, 185.0, 190.0, 161.0, 157.0, 151.0, 151.0, 172.0, 185.0, 174.0]",17.384445190429688,0.0,-52.309295654296875,0.0005588531494140625,-73.67477416992188
1750932282.1678238,0.0,0.5,"[174.0, 185.0, 190.0, 161.0, 157.0, 152.0, 151.0, 172.0, 185.0, 174.0]",17.179283142089844,0.0,-51.980621337890625,0.000560760498046875,-73.77487182617188
1750932282.1849818,0.0,0.5,"[174.0, 185.0, 190.0, 161.0, 157.0, 151.0, 151.0, 171.0, 185.0, 174.0]",17.387493133544922,0.0,-51.64801025390625,0.000560760498046875,-73.87637329101562
1750932282.202721,0.0,0.5,"[174.0, 185.0, 190.0, 161.0, 157.0, 151.0, 151.0, 171.0, 185.0, 174.0]",17.201190948486328,0.0,-51.31890869140625,0.000560760498046875,-73.97662353515625
1750932282.2336795,0.0,0.5,"[174.0, 185.0, 190.0, 161.0, 157.0, 151.0, 151.0, 171.0, 185.0, 174.0]",17.427160263061523,0.0,-50.98553466796875,0.000560760498046875,-74.07829284667969
1750932282.2508826,0.0,0.5,"[174.0, 185.0, 190.0, 161.0, 157.0, 151.0, 151.0, 171.0, 185.0, 174.0]",17.418704986572266,0.0,-50.6522216796875,0.000560760498046875,-74.1796875
1750932282.2682028,0.0,0.5,"[174.0, 185.0, 190.0, 161.0, 157.0, 151.0, 151.0, 170.0, 185.0, 174.0]",17.4608211517334,0.0,-50.318206787109375,0.0005588531494140625,-74.28157043457031
1750932282.2858875,0.0,0.5,"[174.0, 185.0, 190.0, 161.0, 157.0, 151.0, 151.0, 170.0, 185.0, 174.0]",17.478927612304688,0.0,-49.9837646484375,0.0005588531494140625,-74.38331604003906
1750932282.3029945,0.0,0.5,"[174.0, 185.0, 190.0, 161.0, 157.0, 151.0, 151.0, 170.0, 185.0, 174.0]",17.5412540435791,0.0,-49.648193359375,0.0005588531494140625,-74.48564147949219
1750932282.3331647,0.0,0.5,"[174.0, 185.0, 190.0, 161.0, 157.0, 151.0, 151.0, 170.0, 185.0, 174.0]",17.654977798461914,0.0,-49.310394287109375,0.0005588531494140625,-74.58848571777344
1750932282.350223,0.0,0.5,"[174.0, 185.0, 190.0, 162.0, 157.0, 151.0, 151.0, 170.0, 185.0, 174.0]",17.580692291259766,0.0,-48.97406005859375,0.000560760498046875,-74.69100952148438
1750932282.3671868,0.0,0.5,"[174.0, 185.0, 190.0, 161.0, 157.0, 151.0, 151.0, 170.0, 185.0, 174.0]",17.722301483154297,0.0,-48.63494873046875,0.000560760498046875,-74.79412841796875
1750932282.3839893,0.0,0.5,"[174.0, 185.0, 190.0, 162.0, 157.0, 151.0, 151.0, 170.0, 185.0, 174.0]",17.61319351196289,0.0,-48.2979736328125,0.000560760498046875,-74.896728515625
1750932282.4012873,0.0,0.5,"[174.0, 185.0, 190.0, 162.0, 157.0, 151.0, 151.0, 170.0, 185.0, 174.0]",17.737882614135742,0.0,-47.958587646484375,0.000560760498046875,-75.00004577636719
1750932282.4452739,0.0,0.5,"[174.0, 185.0, 190.0, 162.0, 157.0, 151.0, 151.0, 170.0, 185.0, 174.0]",17.809179306030273,0.0,-47.61785888671875,0.000560760498046875,-75.10380554199219
1750932282.4623058,0.0,0.5,"[174.0, 185.0, 190.0, 162.0, 157.0, 151.0, 151.0, 170.0, 185.0, 174.0]",17.65945816040039,0.0,-47.280029296875,0.000560760498046875,-75.20684814453125
1750932282.4639308,0.0,0.5,"[174.0, 185.0, 190.0, 162.0, 157.0, 151.0, 151.0, 170.0, 185.0, 174.0]",17.92871856689453,0.0,-46.937042236328125,0.000560760498046875,-75.31137084960938
1750932282.4811957,0.0,0.5,"[174.0, 185.0, 190.0, 162.0, 157.0, 151.0, 150.0, 170.0, 185.0, 174.0]",17.872785568237305,0.0,-46.595123291015625,0.000560760498046875,-75.4156494140625
1750932282.524947,0.0,0.5,"[174.0, 185.0, 190.0, 162.0, 157.0, 151.0, 151.0, 170.0, 185.0, 174.0]",17.920211791992188,0.0,-46.252227783203125,0.000560760498046875,-75.51995849609375
1750932282.5424812,0.0,0.5,"[174.0, 185.0, 190.0, 162.0, 157.0, 151.0, 150.0, 170.0, 185.0, 174.0]",17.954627990722656,0.0,-45.90875244140625,0.0005626678466796875,-75.62472534179688
1750932282.5442648,0.0,0.5,"[174.0, 185.0, 190.0, 162.0, 157.0, 151.0, 150.0, 170.0, 185.0, 174.0]",17.92653465270996,0.0,-45.565704345703125,0.0005626678466796875,-75.72897338867188
1750932282.5611653,0.0,0.5,"[174.0, 185.0, 190.0, 162.0, 157.0, 151.0, 150.0, 170.0, 185.0, 174.0]",17.97127342224121,0.0,-45.221954345703125,0.0005626678466796875,-75.83396911621094
1750932282.604803,0.0,0.5,"[174.0, 185.0, 190.0, 162.0, 157.0, 151.0, 150.0, 170.0, 185.0, 174.0]",18.184602737426758,0.0,-44.874053955078125,0.000560760498046875,-75.93994140625
1750932282.6223383,0.0,0.5,"[174.0, 185.0, 190.0, 162.0, 157.0, 151.0, 150.0, 169.0, 185.0, 174.0]",18.048110961914062,0.0,-44.528778076171875,0.000560760498046875,-76.04522705078125
1750932282.6239808,0.0,0.5,"[174.0, 185.0, 190.0, 162.0, 157.0, 151.0, 150.0, 169.0, 185.0, 174.0]",18.246606826782227,0.0,-44.179656982421875,0.000560760498046875,-76.15144348144531
1750932282.6415236,0.0,0.5,"[174.0, 185.0, 192.0, 162.0, 157.0, 151.0, 149.0, 169.0, 185.0, 174.0]",18.018653869628906,0.0,-43.8349609375,0.000560760498046875,-76.25653076171875
1750932282.685221,0.0,0.5,"[174.0, 185.0, 192.0, 162.0, 157.0, 151.0, 149.0, 169.0, 185.0, 174.0]",18.18616485595703,0.0,-43.486968994140625,0.000560760498046875,-76.36236572265625
1750932282.7023947,0.0,0.5,"[174.0, 185.0, 192.0, 162.0, 156.0, 151.0, 149.0, 169.0, 185.0, 174.0]",18.261764526367188,0.0,-43.1375732421875,0.000560760498046875,-76.46881103515625
1750932282.7039657,0.0,0.5,"[174.0, 185.0, 192.0, 162.0, 156.0, 151.0, 149.0, 169.0, 185.0, 174.0]",18.3975772857666,0.0,-42.785614013671875,0.000560760498046875,-76.57608032226562
1750932282.7210207,0.0,0.5,"[174.0, 185.0, 192.0, 162.0, 156.0, 151.0, 149.0, 169.0, 185.0, 174.0]",18.215320587158203,0.0,-42.4371337890625,0.0005588531494140625,-76.6822509765625
1750932282.7642941,0.0,0.5,"[174.0, 185.0, 192.0, 162.0, 156.0, 151.0, 149.0, 169.0, 185.0, 174.0]",18.483924865722656,0.0,-42.08349609375,0.000560760498046875,-76.78997802734375
1750932282.7813573,0.0,0.5,"[174.0, 185.0, 192.0, 162.0, 156.0, 151.0, 149.0, 169.0, 185.0, 174.0]",18.34634780883789,0.0,-41.7325439453125,0.000560760498046875,-76.8970947265625
1750932282.7831645,0.0,0.5,"[174.0, 185.0, 192.0, 162.0, 156.0, 151.0, 149.0, 169.0, 185.0, 174.0]",18.44359588623047,0.0,-41.379638671875,0.0005588531494140625,-77.00442504882812
1750932282.8123784,0.0,0.5,"[174.0, 185.0, 192.0, 162.0, 156.0, 151.0, 149.0, 169.0, 185.0, 174.0]",18.378873825073242,0.0,-41.028045654296875,0.0005588531494140625,-77.11163330078125
1750932282.8288407,0.0,0.5,"[174.0, 185.0, 192.0, 162.0, 156.0, 151.0, 149.0, 169.0, 185.0, 174.0]",18.594478607177734,0.0,-40.6722412109375,0.0005588531494140625,-77.21986389160156
1750932282.8453834,0.0,0.5,"[174.0, 185.0, 192.0, 162.0, 156.0, 151.0, 149.0, 168.0, 185.0, 174.0]",18.515108108520508,0.0,-40.318023681640625,0.000560760498046875,-77.32772827148438
1750932282.862049,0.0,0.5,"[174.0, 185.0, 192.0, 162.0, 156.0, 151.0, 149.0, 168.0, 185.0, 174.0]",18.6059627532959,0.0,-39.962005615234375,0.000560760498046875,-77.43606567382812
1750932282.904702,0.0,0.5,"[174.0, 185.0, 192.0, 162.0, 156.0, 151.0, 149.0, 168.0, 185.0, 174.0]",18.616968154907227,0.0,-39.605804443359375,0.000560760498046875,-77.54452514648438
1750932282.9217026,0.0,0.5,"[174.0, 185.0, 192.0, 162.0, 156.0, 151.0, 149.0, 168.0, 185.0, 174.0]",18.567821502685547,0.0,-39.250579833984375,0.000560760498046875,-77.65277099609375
1750932282.923268,0.0,0.5,"[174.0, 185.0, 192.0, 162.0, 156.0, 151.0, 149.0, 168.0, 185.0, 174.0]",18.663745880126953,0.0,-38.8935546875,0.000560760498046875,-77.76165771484375
1750932282.952407,0.0,0.5,"[174.0, 185.0, 192.0, 162.0, 156.0, 151.0, 149.0, 167.0, 185.0, 174.0]",18.743139266967773,0.0,-38.534942626953125,0.000560760498046875,-77.87081909179688
1750932282.969691,0.0,0.5,"[174.0, 185.0, 192.0, 162.0, 156.0, 151.0, 149.0, 167.0, 185.0, 174.0]",18.835262298583984,0.0,-38.174591064453125,0.000560760498046875,-77.9805908203125
1750932282.986387,0.0,0.5,"[174.0, 185.0, 192.0, 162.0, 156.0, 151.0, 149.0, 167.0, 185.0, 174.0]",18.767658233642578,0.0,-37.81549072265625,0.000560760498046875,-78.08988952636719
1750932283.003712,0.0,0.5,"[174.0, 185.0, 192.0, 162.0, 156.0, 151.0, 148.0, 167.0, 185.0, 174.0]",18.85433006286621,0.0,-37.454803466796875,0.000560760498046875,-78.19987487792969
1750932283.0206528,0.0,0.5,"[174.0, 185.0, 192.0, 162.0, 156.0, 151.0, 148.0, 167.0, 185.0, 174.0]",18.765947341918945,0.0,-37.09576416015625,0.000560760498046875,-78.30923461914062
1750932283.063671,0.0,0.5,"[174.0, 185.0, 192.0, 162.0, 156.0, 150.0, 148.0, 167.0, 185.0, 174.0]",19.03164291381836,0.0,-36.73162841796875,0.000560760498046875,-78.42010498046875
1750932283.080448,0.0,0.5,"[174.0, 185.0, 192.0, 162.0, 156.0, 151.0, 148.0, 167.0, 185.0, 174.0]",18.818012237548828,0.0,-36.371551513671875,0.000560760498046875,-78.52960205078125
1750932283.0820441,0.0,0.5,"[174.0, 185.0, 192.0, 162.0, 156.0, 151.0, 148.0, 167.0, 185.0, 174.0]",19.085777282714844,0.0,-36.006439208984375,0.000560760498046875,-78.64094543457031
1750932283.1252332,0.0,0.5,"[174.0, 185.0, 192.0, 162.0, 156.0, 150.0, 148.0, 167.0, 185.0, 174.0]",18.854108810424805,0.0,-35.645751953125,0.000560760498046875,-78.75091552734375
1750932283.1423318,0.0,0.5,"[174.0, 185.0, 192.0, 163.0, 156.0, 150.0, 148.0, 167.0, 185.0, 174.0]",19.121562957763672,0.0,-35.279937744140625,0.0005626678466796875,-78.86245727539062
1750932283.1438684,0.0,0.5,"[174.0, 185.0, 192.0, 163.0, 156.0, 150.0, 148.0, 167.0, 185.0, 174.0]",19.03831672668457,0.0,-34.915679931640625,0.0005626678466796875,-78.97337341308594
1750932283.1602893,0.0,0.5,"[174.0, 185.0, 193.0, 163.0, 156.0, 150.0, 148.0, 167.0, 185.0, 174.0]",19.142803192138672,0.0,-34.54949951171875,0.0005626678466796875,-79.08509826660156
1750932283.2027009,0.0,0.5,"[174.0, 185.0, 193.0, 163.0, 156.0, 150.0, 148.0, 167.0, 185.0, 174.0]",19.077695846557617,0.0,-34.184478759765625,0.0005626678466796875,-79.19625854492188
1750932283.2194936,0.0,0.5,"[174.0, 185.0, 193.0, 163.0, 156.0, 150.0, 148.0, 166.0, 185.0, 174.0]",19.234941482543945,0.0,-33.8165283203125,0.0005626678466796875,-79.3084716796875
1750932283.2360747,0.0,0.5,"[174.0, 185.0, 193.0, 163.0, 156.0, 150.0, 148.0, 166.0, 185.0, 174.0]",19.154882431030273,0.0,-33.4500732421875,0.0005626678466796875,-79.42013549804688
1750932283.2533135,0.0,0.5,"[174.0, 185.0, 193.0, 163.0, 156.0, 150.0, 148.0, 166.0, 185.0, 174.0]",19.273401260375977,0.0,-33.081329345703125,0.0005626678466796875,-79.53248596191406
1750932283.2701051,0.0,0.5,"[174.0, 185.0, 193.0, 163.0, 156.0, 150.0, 148.0, 166.0, 185.0, 174.0]",19.209659576416016,0.0,-32.713775634765625,0.000560760498046875,-79.64431762695312
1750932283.2871194,0.0,0.5,"[174.0, 185.0, 193.0, 163.0, 156.0, 150.0, 148.0, 165.0, 185.0, 174.0]",19.374347686767578,0.0,-32.343109130859375,0.0005626678466796875,-79.75718688964844
1750932283.303519,0.0,0.5,"[174.0, 185.0, 193.0, 163.0, 156.0, 150.0, 148.0, 165.0, 185.0, 174.0]",19.34131622314453,0.0,-31.973052978515625,0.0005626678466796875,-79.86990356445312
1750932283.3330328,0.0,0.5,"[174.0, 185.0, 193.0, 163.0, 156.0, 150.0, 148.0, 165.0, 185.0, 174.0]",19.37264060974121,0.0,-31.602386474609375,0.0005626678466796875,-79.98274230957031
1750932283.3492877,0.0,0.5,"[174.0, 185.0, 193.0, 163.0, 156.0, 150.0, 148.0, 165.0, 185.0, 174.0]",19.419475555419922,0.0,-31.230804443359375,0.0005626678466796875,-80.095703125
1750932283.3650904,0.0,0.5,"[174.0, 185.0, 193.0, 163.0, 156.0, 150.0, 148.0, 165.0, 185.0, 174.0]",19.440860748291016,0.0,-30.85882568359375,0.0005626678466796875,-80.20892333984375
1750932283.3814785,0.0,0.5,"[174.0, 185.0, 193.0, 163.0, 156.0, 150.0, 148.0, 165.0, 185.0, 174.0]",19.513715744018555,0.0,-30.485504150390625,0.0005626678466796875,-80.32272338867188
1750932283.4234364,0.0,0.5,"[174.0, 185.0, 193.0, 163.0, 156.0, 150.0, 148.0, 165.0, 185.0, 174.0]",19.53542709350586,0.0,-30.111785888671875,0.0005626678466796875,-80.43663024902344
1750932283.4405627,0.0,0.5,"[174.0, 185.0, 193.0, 163.0, 155.0, 150.0, 148.0, 165.0, 185.0, 174.0]",19.508941650390625,0.0,-29.738555908203125,0.0005626678466796875,-80.55035400390625
1750932283.4423332,0.0,0.5,"[174.0, 185.0, 193.0, 163.0, 155.0, 150.0, 148.0, 165.0, 185.0, 174.0]",19.521114349365234,0.0,-29.36505126953125,0.0005626678466796875,-80.66412353515625
1750932283.484156,0.0,0.5,"[174.0, 185.0, 193.0, 163.0, 155.0, 150.0, 147.0, 164.0, 185.0, 174.0]",19.646648406982422,0.0,-28.98919677734375,0.0005626678466796875,-80.7786865234375
1750932283.5007071,0.0,0.5,"[174.0, 185.0, 193.0, 163.0, 155.0, 150.0, 147.0, 164.0, 185.0, 174.0]",19.68575096130371,0.0,-28.612579345703125,0.0005626678466796875,-80.89346313476562
1750932283.5024369,0.0,0.5,"[174.0, 185.0, 193.0, 163.0, 155.0, 150.0, 147.0, 164.0, 185.0, 174.0]",19.61835289001465,0.0,-28.23724365234375,0.0005626678466796875,-81.00775146484375
1750932283.5445719,0.0,0.5,"[174.0, 185.0, 193.0, 163.0, 155.0, 150.0, 147.0, 164.0, 185.0, 174.0]",19.79665184020996,0.0,-27.858428955078125,0.0005626678466796875,-81.12298583984375
1750932283.560563,0.0,0.5,"[174.0, 185.0, 193.0, 163.0, 155.0, 150.0, 147.0, 164.0, 185.0, 174.0]",19.764339447021484,0.0,-27.480255126953125,0.0005626678466796875,-81.23800659179688
1750932283.5623202,0.0,0.5,"[174.0, 185.0, 193.0, 163.0, 155.0, 150.0, 147.0, 164.0, 185.0, 174.0]",19.75041389465332,0.0,-27.102386474609375,0.0005626678466796875,-81.35310363769531
1750932283.5913498,0.0,0.5,"[174.0, 185.0, 193.0, 163.0, 155.0, 150.0, 147.0, 164.0, 185.0, 174.0]",19.86528968811035,0.0,-26.72235107421875,0.0005626678466796875,-81.46896362304688
1750932283.607707,0.0,0.5,"[174.0, 185.0, 193.0, 163.0, 155.0, 150.0, 147.0, 164.0, 185.0, 174.0]",19.83399772644043,0.0,-26.3428955078125,0.0005626678466796875,-81.5845947265625
1750932283.6235025,0.0,0.5,"[174.0, 185.0, 193.0, 163.0, 155.0, 150.0, 147.0, 164.0, 185.0, 174.0]",19.865365982055664,0.0,-25.96282958984375,0.0005626678466796875,-81.70034790039062
1750932283.6523075,0.0,0.5,"[174.0, 185.0, 193.0, 163.0, 155.0, 150.0, 147.0, 164.0, 185.0, 174.0]",19.929473876953125,0.0,-25.58148193359375,0.0005626678466796875,-81.81634521484375
1750932283.6687481,0.0,0.5,"[174.0, 185.0, 194.0, 163.0, 155.0, 150.0, 147.0, 164.0, 185.0, 174.0]",19.948640823364258,0.0,-25.199798583984375,0.0005626678466796875,-81.93252563476562
1750932283.6848717,0.0,0.5,"[174.0, 185.0, 194.0, 163.0, 155.0, 150.0, 147.0, 163.0, 185.0, 174.0]",20.006864547729492,0.0,-24.81707763671875,0.0005626678466796875,-82.04920959472656
1750932283.7017014,0.0,0.5,"[174.0, 185.0, 194.0, 163.0, 155.0, 150.0, 146.0, 163.0, 185.0, 174.0]",20.074657440185547,0.0,-24.433013916015625,0.0005626678466796875,-82.16627502441406
1750932283.7435343,0.0,0.5,"[174.0, 185.0, 194.0, 163.0, 155.0, 150.0, 146.0, 163.0, 185.0, 174.0]",19.996509552001953,0.0,-24.0504150390625,0.0005626678466796875,-82.28277587890625
1750932283.759871,0.0,0.5,"[174.0, 185.0, 194.0, 163.0, 155.0, 149.0, 146.0, 162.0, 185.0, 174.0]",20.02490234375,0.0,-23.66729736328125,0.0005626678466796875,-82.39944458007812
1750932283.7615433,0.0,0.5,"[174.0, 185.0, 194.0, 163.0, 155.0, 149.0, 146.0, 162.0, 185.0, 174.0]",20.215961456298828,0.0,-23.280517578125,0.0005626678466796875,-82.51719665527344
1750932283.8027809,0.0,0.5,"[174.0, 185.0, 195.0, 163.0, 155.0, 149.0, 146.0, 162.0, 185.0, 174.0]",20.1202335357666,0.0,-22.895538330078125,0.0005626678466796875,-82.63436889648438
1750932283.81887,0.0,0.5,"[174.0, 185.0, 195.0, 163.0, 155.0, 149.0, 146.0, 162.0, 185.0, 174.0]",20.214340209960938,0.0,-22.5087890625,0.0005645751953125,-82.75216674804688
1750932283.8347642,0.0,0.5,"[174.0, 185.0, 195.0, 163.0, 155.0, 149.0, 146.0, 162.0, 185.0, 174.0]",20.268770217895508,0.0,-22.12103271484375,0.0005626678466796875,-82.87033081054688
1750932283.8506536,0.0,0.5,"[174.0, 185.0, 195.0, 163.0, 155.0, 149.0, 146.0, 162.0, 185.0, 174.0]",20.18790626525879,0.0,-21.734771728515625,0.0005626678466796875,-82.9879150390625
1750932283.8669353,0.0,0.5,"[174.0, 185.0, 195.0, 163.0, 155.0, 149.0, 146.0, 162.0, 185.0, 174.0]",20.283979415893555,0.0,-21.346649169921875,0.0005626678466796875,-83.10600280761719
1750932283.8831255,0.0,0.5,"[174.0, 185.0, 195.0, 163.0, 155.0, 149.0, 146.0, 162.0, 185.0, 174.0]",20.39920997619629,0.0,-20.95635986328125,0.0005626678466796875,-83.224853515625
1750932283.911828,0.0,0.5,"[174.0, 185.0, 195.0, 163.0, 155.0, 149.0, 146.0, 162.0, 185.0, 174.0]",20.325286865234375,0.0,-20.5675048828125,0.0005626678466796875,-83.34333801269531
1750932283.927872,0.0,0.5,"[174.0, 185.0, 195.0, 163.0, 155.0, 149.0, 146.0, 162.0, 185.0, 174.0]",20.331939697265625,0.0,-20.178497314453125,0.0005626678466796875,-83.4617919921875
1750932283.943997,0.0,0.5,"[174.0, 185.0, 195.0, 163.0, 154.0, 149.0, 146.0, 161.0, 185.0, 174.0]",20.46983528137207,0.0,-19.786865234375,0.0005626678466796875,-83.5810546875
1750932283.9600074,0.0,0.5,"[174.0, 185.0, 195.0, 163.0, 154.0, 149.0, 146.0, 161.0, 185.0, 174.0]",20.463966369628906,0.0,-19.3953857421875,0.0005626678466796875,-83.70040893554688
1750932284.000811,0.0,0.5,"[174.0, 185.0, 195.0, 163.0, 154.0, 149.0, 146.0, 161.0, 185.0, 174.0]",20.47364616394043,0.0,-19.003662109375,0.0005626678466796875,-83.81967163085938
1750932284.0172124,0.0,0.0,"[174.0, 185.0, 195.0, 163.0, 154.0, 149.0, 146.0, 161.0, 185.0, 174.0]",20.522672653198242,0.0,-18.61102294921875,0.0005626678466796875,-83.93923950195312
1750932284.0331542,0.0,0.0,"[174.0, 185.0, 195.0, 163.0, 154.0, 149.0, 145.0, 161.0, 185.0, 174.0]",20.550844192504883,0.0,-18.217864990234375,0.0005626678466796875,-84.05914306640625
1750932284.0493288,0.0,0.0,"[174.0, 185.0, 195.0, 163.0, 154.0, 149.0, 145.0, 161.0, 185.0, 174.0]",20.290138244628906,0.0,-17.8297119140625,0.0005626678466796875,-84.17745971679688
1750932284.0651627,0.0,0.0,"[174.0, 185.0, 195.0, 163.0, 154.0, 149.0, 145.0, 160.0, 185.0, 174.0]",20.029844284057617,0.0,-17.44647216796875,0.0005645751953125,-84.29414367675781
1750932284.0808034,0.0,0.0,"[174.0, 185.0, 195.0, 163.0, 154.0, 149.0, 145.0, 160.0, 185.0, 174.0]",19.76995086669922,0.0,-17.068206787109375,0.0005645751953125,-84.40925598144531
1750932284.1216633,0.0,0.0,"[174.0, 185.0, 195.0, 163.0, 154.0, 149.0, 145.0, 160.0, 185.0, 174.0]",19.510482788085938,0.0,-16.69488525390625,0.0005645751953125,-84.52281188964844
1750932284.1383572,0.0,0.0,"[174.0, 185.0, 195.0, 163.0, 154.0, 149.0, 145.0, 160.0, 185.0, 174.0]",19.251432418823242,0.0,-16.326507568359375,0.0005645751953125,-84.63482666015625
1750932284.1546025,0.0,0.0,"[174.0, 185.0, 195.0, 163.0, 154.0, 149.0, 145.0, 159.0, 185.0, 174.0]",18.9928035736084,0.0,-15.96307373046875,0.0005645751953125,-84.74533081054688
1750932284.1707034,0.0,0.0,"[174.0, 185.0, 196.0, 163.0, 154.0, 149.0, 145.0, 159.0, 185.0, 174.0]",18.734588623046875,0.0,-15.604583740234375,0.0005645751953125,-84.85433959960938
1750932284.1865673,0.0,0.0,"[174.0, 185.0, 196.0, 163.0, 154.0, 149.0, 145.0, 159.0, 185.0, 174.0]",18.476778030395508,0.0,-15.25103759765625,0.0005645751953125,-84.96183776855469
1750932284.2024264,0.0,0.0,"[174.0, 185.0, 196.0, 163.0, 154.0, 149.0, 145.0, 159.0, 185.0, 174.0]",18.219404220581055,0.0,-14.90240478515625,0.0005645751953125,-85.06784057617188
1750932284.242274,0.0,0.5,"[174.0, 185.0, 196.0, 163.0, 154.0, 149.0, 145.0, 159.0, 185.0, 174.0]",17.962377548217773,0.0,-14.5587158203125,0.0005645751953125,-85.17233276367188
1750932284.2581275,0.0,0.5,"[174.0, 185.0, 196.0, 163.0, 154.0, 149.0, 145.0, 159.0, 185.0, 174.0]",17.705810546875,0.0,-14.21990966796875,0.0005645751953125,-85.27534484863281
1750932284.2739563,0.0,0.5,"[174.0, 185.0, 196.0, 163.0, 154.0, 149.0, 145.0, 159.0, 185.0, 174.0]",17.44391441345215,0.0,-13.8861083984375,0.0005645751953125,-85.3768310546875
1750932284.2895384,0.0,0.5,"[174.0, 185.0, 197.0, 163.0, 154.0, 149.0, 145.0, 159.0, 185.0, 174.0]",17.870004653930664,0.0,-13.544158935546875,0.0005645751953125,-85.48080444335938
1750932284.3054736,0.0,0.5,"[174.0, 185.0, 197.0, 163.0, 154.0, 149.0, 144.0, 159.0, 185.0, 174.0]",17.42168617248535,0.0,-13.210784912109375,0.0005645751953125,-85.5821533203125
1750932284.3214705,0.0,0.5,"[174.0, 185.0, 197.0, 163.0, 154.0, 149.0, 144.0, 159.0, 185.0, 174.0]",17.81631851196289,0.0,-12.869873046875,0.0005645751953125,-85.68580627441406
1750932284.3620265,0.0,0.5,"[174.0, 185.0, 197.0, 163.0, 154.0, 148.0, 144.0, 159.0, 185.0, 174.0]",17.695335388183594,0.0,-12.531280517578125,0.0005645751953125,-85.78875732421875
1750932284.3781936,0.0,0.5,"[174.0, 185.0, 197.0, 163.0, 154.0, 148.0, 144.0, 159.0, 185.0, 174.0]",17.89131736755371,0.0,-12.188934326171875,0.0005645751953125,-85.89285278320312
1750932284.394041,0.0,0.5,"[174.0, 185.0, 197.0, 163.0, 153.0, 148.0, 144.0, 159.0, 185.0, 174.0]",17.762258529663086,0.0,-11.849029541015625,0.0005645751953125,-85.99618530273438
1750932284.4098964,0.0,0.5,"[174.0, 185.0, 197.0, 163.0, 153.0, 148.0, 144.0, 158.0, 185.0, 174.0]",17.779491424560547,0.0,-11.508819580078125,0.0005645751953125,-86.09962463378906
1750932284.4259067,0.0,0.5,"[174.0, 185.0, 197.0, 163.0, 153.0, 148.0, 144.0, 158.0, 185.0, 174.0]",18.016984939575195,0.0,-11.1640625,0.0005645751953125,-86.20445251464844
1750932284.4417949,0.0,0.5,"[174.0, 185.0, 197.0, 163.0, 153.0, 148.0, 144.0, 158.0, 185.0, 174.0]",17.86018943786621,0.0,-10.82232666015625,0.0005645751953125,-86.30836486816406
1750932284.4832728,0.0,0.0,"[174.0, 185.0, 197.0, 163.0, 153.0, 148.0, 144.0, 158.0, 185.0, 174.0]",18.2159481048584,0.0,-10.4737548828125,0.0005664825439453125,-86.41433715820312
1750932284.5000198,0.0,0.0,"[174.0, 185.0, 197.0, 163.0, 153.0, 148.0, 144.0, 158.0, 185.0, 174.0]",17.747224807739258,0.0,-10.1341552734375,0.0005645751953125,-86.51754760742188
1750932284.5162067,0.0,0.0,"[174.0, 185.0, 197.0, 163.0, 153.0, 148.0, 144.0, 158.0, 185.0, 174.0]",17.49097442626953,0.0,-9.7994384765625,0.0005645751953125,-86.61924743652344
1750932284.5322165,0.0,0.0,"[174.0, 185.0, 197.0, 163.0, 153.0, 148.0, 144.0, 158.0, 185.0, 174.0]",17.235143661499023,0.0,-9.4696044921875,0.0005645751953125,-86.71942138671875
1750932284.5485208,0.0,0.0,"[174.0, 185.0, 197.0, 163.0, 153.0, 148.0, 144.0, 158.0, 185.0, 174.0]",16.97972297668457,0.0,-9.144683837890625,0.0005645751953125,-86.818115234375
1750932284.5652974,0.0,0.0,"[174.0, 185.0, 197.0, 163.0, 153.0, 148.0, 144.0, 158.0, 185.0, 174.0]",16.724729537963867,0.0,-8.824615478515625,0.0005645751953125,-86.91531372070312
1750932284.5813322,0.0,0.0,"[174.0, 185.0, 197.0, 163.0, 153.0, 148.0, 144.0, 158.0, 185.0, 174.0]",16.470134735107422,0.0,-8.509429931640625,0.0005645751953125,-87.01103210449219
1750932284.6228216,0.0,0.5,"[174.0, 185.0, 197.0, 163.0, 153.0, 148.0, 144.0, 158.0, 185.0, 174.0]",16.21595573425293,0.0,-8.1990966796875,0.0005645751953125,-87.10527038574219
1750932284.6393209,0.0,0.5,"[174.0, 185.0, 197.0, 163.0, 153.0, 148.0, 144.0, 158.0, 185.0, 174.0]",15.962172508239746,0.0,-7.893646240234375,0.0005645751953125,-87.19802856445312
1750932284.6554818,0.0,0.5,"[174.0, 185.0, 197.0, 163.0, 153.0, 148.0, 144.0, 158.0, 185.0, 174.0]",15.838064193725586,0.0,-7.590545654296875,0.0005645751953125,-87.29008483886719
1750932284.6715097,0.0,0.5,"[174.0, 185.0, 197.0, 163.0, 153.0, 148.0, 144.0, 158.0, 185.0, 174.0]",16.220478057861328,0.0,-7.280120849609375,0.0005645751953125,-87.38435363769531
1750932284.6877084,0.0,0.5,"[174.0, 185.0, 197.0, 163.0, 153.0, 148.0, 144.0, 156.0, 185.0, 174.0]",15.877963066101074,0.0,-6.976287841796875,0.0005645751953125,-87.47662353515625
1750932284.7033505,0.0,0.5,"[174.0, 185.0, 197.0, 163.0, 153.0, 148.0, 144.0, 156.0, 185.0, 174.0]",16.300012588500977,0.0,-6.664337158203125,0.0005645751953125,-87.57135009765625
1750932284.7316096,0.0,0.5,"[174.0, 185.0, 197.0, 163.0, 153.0, 155.0, 144.0, 156.0, 185.0, 174.0]",15.951688766479492,0.0,-6.35906982421875,0.0005645751953125,-87.6640625
1750932284.7475295,0.0,0.5,"[174.0, 185.0, 197.0, 163.0, 153.0, 155.0, 143.0, 156.0, 185.0, 174.0]",16.339773178100586,0.0,-6.04638671875,0.0005645751953125,-87.759033203125
1750932284.7636826,0.0,0.5,"[174.0, 185.0, 197.0, 163.0, 153.0, 155.0, 143.0, 156.0, 185.0, 174.0]",15.946782112121582,0.0,-5.7412109375,0.0005645751953125,-87.85169982910156
1750932284.7796428,0.0,0.5,"[174.0, 185.0, 197.0, 163.0, 153.0, 155.0, 143.0, 156.0, 185.0, 174.0]",16.33612632751465,0.0,-5.4285888671875,0.0005645751953125,-87.94664001464844
1750932284.8200445,1.0,0.5,"[174.0, 185.0, 197.0, 163.0, 153.0, 155.0, 143.0, 156.0, 185.0, 174.0]",16.289487838745117,0.0,-5.116851806640625,0.0005645751953125,-88.04130554199219
1750932284.8368633,1.0,0.5,"[174.0, 185.0, 197.0, 163.0, 152.0, 155.0, 144.0, 158.0, 185.0, 174.0]",16.056041717529297,0.5,-4.814056396484375,0.0005645751953125,-88.14820861816406
1750932284.8529944,1.0,0.5,"[174.0, 185.0, 195.0, 162.0, 152.0, 155.0, 146.0, 159.0, 185.0, 174.0]",15.786707878112793,0.5,-4.522674560546875,0.0005645751953125,-88.26983642578125
1750932284.8689463,1.0,0.5,"[174.0, 185.0, 193.0, 161.0, 151.0, 155.0, 148.0, 163.0, 185.0, 174.0]",15.820758819580078,0.5,-4.2403564453125,0.0005645751953125,-88.41270446777344
1750932284.8858538,1.0,0.5,"[174.0, 185.0, 190.0, 159.0, 150.0, 155.0, 152.0, 167.0, 185.0, 174.0]",15.471871376037598,0.5,-3.9708251953125,0.0005645751953125,-88.56471252441406
1750932284.903054,1.0,0.5,"[174.0, 185.0, 189.0, 158.0, 149.0, 155.0, 154.0, 171.0, 185.0, 174.0]",15.736520767211914,0.5,-3.70208740234375,0.0005645751953125,-88.728515625
1750932284.9352574,0.0,0.5,"[174.0, 185.0, 187.0, 156.0, 148.0, 155.0, 158.0, 175.0, 185.0, 174.0]",15.77381420135498,0.5,-3.43817138671875,0.0005645751953125,-88.9013671875
1750932284.9538572,0.0,0.5,"[174.0, 185.0, 186.0, 155.0, 148.0, 154.0, 159.0, 176.0, 185.0, 174.0]",15.65389347076416,0.0,-3.167236328125,0.0005645751953125,-89.05824279785156
1750932284.9723594,0.0,0.0,"[174.0, 185.0, 186.0, 155.0, 148.0, 154.0, 160.0, 178.0, 185.0, 174.0]",15.708203315734863,0.0,-2.88946533203125,0.0005645751953125,-89.20501708984375
1750932284.9904838,0.0,0.0,"[174.0, 185.0, 184.0, 155.0, 148.0, 154.0, 160.0, 178.0, 185.0, 174.0]",15.462925910949707,0.0,-2.61383056640625,0.0005645751953125,-89.34524536132812
1750932285.008959,0.0,0.0,"[174.0, 185.0, 184.0, 154.0, 147.0, 154.0, 160.0, 179.0, 185.0, 174.0]",15.210296630859375,0.0,-2.3424072265625,0.0005664825439453125,-89.48265075683594
1750932285.0273695,0.0,0.0,"[174.0, 185.0, 184.0, 154.0, 147.0, 154.0, 160.0, 179.0, 185.0, 174.0]",14.958163261413574,0.0,-2.07550048828125,0.0005645751953125,-89.61773681640625
1750932285.0461516,0.0,0.0,"[174.0, 185.0, 184.0, 154.0, 147.0, 154.0, 160.0, 179.0, 185.0, 174.0]",14.706376075744629,0.0,-1.81304931640625,0.0005645751953125,-89.75057983398438
1750932285.0644326,0.0,0.0,"[174.0, 185.0, 184.0, 154.0, 147.0, 154.0, 161.0, 180.0, 185.0, 174.0]",14.455028533935547,0.0,-1.55511474609375,0.0005645751953125,-89.88113403320312
1750932285.082595,0.0,0.0,"[174.0, 185.0, 183.0, 154.0, 147.0, 153.0, 161.0, 180.0, 185.0, 174.0]",14.204052925109863,0.0,-1.301666259765625,0.0005645751953125,-90.00942993164062
1750932285.115797,0.0,0.0,"[174.0, 185.0, 183.0, 154.0, 147.0, 153.0, 162.0, 181.0, 185.0, 174.0]",13.953481674194336,0.0,-1.05267333984375,0.0005645751953125,-90.13546752929688
1750932285.1343331,0.0,0.0,"[174.0, 185.0, 183.0, 153.0, 147.0, 153.0, 166.0, 181.0, 185.0, 174.0]",13.703303337097168,0.0,-0.808135986328125,0.0005645751953125,-90.25924682617188
1750932285.1525373,0.0,0.5,"[174.0, 185.0, 183.0, 153.0, 147.0, 153.0, 172.0, 181.0, 185.0, 174.0]",13.453542709350586,0.0,-0.568084716796875,0.0005664825439453125,-90.38076782226562
1750932285.1706376,0.0,0.5,"[174.0, 185.0, 183.0, 153.0, 147.0, 153.0, 172.0, 181.0, 185.0, 174.0]",13.204209327697754,0.0,-0.33245849609375,0.0005664825439453125,-90.50003051757812
1750932285.1888118,0.0,0.5,"[174.0, 185.0, 183.0, 153.0, 146.0, 153.0, 174.0, 183.0, 185.0, 174.0]",13.325074195861816,0.0,-0.094696044921875,0.0005664825439453125,-90.62039184570312
1750932285.2076683,0.0,0.5,"[174.0, 185.0, 181.0, 153.0, 146.0, 153.0, 174.0, 183.0, 185.0, 174.0]",13.063447952270508,0.0,0.138427734375,0.0005664825439453125,-90.73838806152344
1750932285.2254598,0.0,0.5,"[174.0, 185.0, 181.0, 153.0, 146.0, 153.0, 174.0, 183.0, 185.0, 174.0]",13.4218111038208,0.0,0.3779296875,0.0005664825439453125,-90.859619140625
1750932285.2432642,0.0,0.5,"[174.0, 185.0, 181.0, 153.0, 146.0, 153.0, 174.0, 183.0, 185.0, 174.0]",13.500509262084961,0.0,0.61883544921875,0.0005664825439453125,-90.9815673828125
1750932285.2761803,-1.0,0.5,"[174.0, 185.0, 181.0, 153.0, 146.0, 153.0, 174.0, 183.0, 185.0, 174.0]",13.485262870788574,0.0,0.859466552734375,0.0005664825439453125,-91.10336303710938
1750932285.2943938,-1.0,0.5,"[174.0, 185.0, 181.0, 153.0, 146.0, 153.0, 174.0, 183.0, 185.0, 174.0]",13.21385383605957,-0.5,1.100738525390625,0.0005664825439453125,-91.211181640625
1750932285.3121135,-1.0,0.5,"[174.0, 185.0, 183.0, 154.0, 146.0, 154.0, 170.0, 181.0, 185.0, 174.0]",12.917336463928223,-0.5,1.34344482421875,0.0005664825439453125,-91.29966735839844
1750932285.3301282,0.0,0.5,"[174.0, 185.0, 184.0, 155.0, 147.0, 154.0, 161.0, 178.0, 185.0, 174.0]",13.039937019348145,-0.5,1.594482421875,0.0005664825439453125,-91.37042236328125
1750932285.3469458,0.0,0.5,"[174.0, 185.0, 184.0, 155.0, 147.0, 154.0, 159.0, 178.0, 185.0, 174.0]",12.843695640563965,0.0,1.837158203125,0.0005664825439453125,-91.45466613769531
1750932285.3639958,0.0,0.5,"[174.0, 185.0, 184.0, 155.0, 147.0, 154.0, 160.0, 178.0, 185.0, 174.0]",12.995454788208008,0.0,2.077362060546875,0.0005664825439453125,-91.55390930175781
1750932285.3811657,0.0,0.5,"[174.0, 185.0, 184.0, 155.0, 147.0, 154.0, 161.0, 178.0, 185.0, 174.0]",12.938036918640137,0.0,2.3155517578125,0.0005664825439453125,-91.655029296875
1750932285.4261312,0.0,0.5,"[174.0, 185.0, 184.0, 155.0, 147.0, 154.0, 162.0, 178.0, 185.0, 174.0]",12.91053295135498,0.0,2.55316162109375,0.0005664825439453125,-91.75604248046875
1750932285.44291,0.0,0.5,"[174.0, 185.0, 184.0, 155.0, 147.0, 154.0, 163.0, 178.0, 185.0, 174.0]",12.987061500549316,0.0,2.792205810546875,0.0005664825439453125,-91.85768127441406
1750932285.4444578,0.0,0.5,"[174.0, 185.0, 184.0, 155.0, 147.0, 154.0, 163.0, 178.0, 185.0, 174.0]",13.118013381958008,0.0,3.033721923828125,0.0005664825439453125,-91.96012878417969
1750932285.4623675,0.0,0.5,"[174.0, 185.0, 183.0, 155.0, 147.0, 154.0, 166.0, 178.0, 185.0, 174.0]",13.123772621154785,0.0,3.27520751953125,0.0005664825439453125,-92.06300354003906
1750932285.493593,0.0,0.5,"[174.0, 185.0, 183.0, 155.0, 146.0, 154.0, 166.0, 178.0, 185.0, 174.0]",13.248481750488281,0.0,3.51898193359375,0.0005645751953125,-92.16683959960938
1750932285.5119107,-1.0,0.5,"[174.0, 185.0, 183.0, 155.0, 146.0, 154.0, 167.0, 179.0, 185.0, 174.0]",12.99996566772461,0.0,3.758331298828125,0.0005645751953125,-92.26840209960938
1750932285.5295758,-1.0,0.5,"[174.0, 185.0, 184.0, 155.0, 146.0, 154.0, 166.0, 178.0, 185.0, 174.0]",13.036778450012207,-0.5,4.003997802734375,0.0005645751953125,-92.35574340820312
1750932285.5472882,-1.0,0.5,"[174.0, 185.0, 184.0, 156.0, 147.0, 154.0, 161.0, 176.0, 185.0, 174.0]",12.907567024230957,-0.5,4.25250244140625,0.0005645751953125,-92.42568969726562
1750932285.5641904,-1.0,0.5,"[174.0, 185.0, 186.0, 158.0, 148.0, 154.0, 156.0, 173.0, 185.0, 174.0]",12.811822891235352,-0.5,4.503082275390625,0.0005645751953125,-92.47918701171875
1750932285.5805252,0.0,0.5,"[174.0, 185.0, 189.0, 159.0, 148.0, 153.0, 152.0, 171.0, 185.0, 174.0]",12.771257400512695,-0.5,4.75439453125,0.0005645751953125,-92.52487182617188
1750932285.6223335,0.0,0.5,"[174.0, 185.0, 189.0, 159.0, 149.0, 153.0, 151.0, 170.0, 185.0, 174.0]",12.784049034118652,0.0,5.003204345703125,0.0005645751953125,-92.583740234375
1750932285.638394,0.0,0.5,"[174.0, 185.0, 189.0, 159.0, 149.0, 153.0, 151.0, 170.0, 185.0, 174.0]",12.914677619934082,0.0,5.250396728515625,0.0005645751953125,-92.65863037109375
1750932285.6545439,0.0,0.5,"[174.0, 185.0, 189.0, 159.0, 148.0, 153.0, 151.0, 170.0, 185.0, 174.0]",12.646631240844727,0.0,5.491607666015625,0.0005645751953125,-92.73478698730469
1750932285.6704893,0.0,0.5,"[174.0, 185.0, 189.0, 159.0, 148.0, 153.0, 152.0, 170.0, 185.0, 174.0]",12.862473487854004,0.0,5.736785888671875,0.0005645751953125,-92.8126220703125
1750932285.6867971,0.0,0.5,"[174.0, 185.0, 189.0, 158.0, 148.0, 153.0, 152.0, 170.0, 185.0, 174.0]",13.028929710388184,0.0,5.9852294921875,0.0005645751953125,-92.8912353515625
1750932285.7036836,0.0,0.5,"[174.0, 185.0, 189.0, 158.0, 148.0, 153.0, 153.0, 170.0, 185.0, 174.0]",12.943643569946289,0.0,6.231903076171875,0.0005645751953125,-92.96971130371094
1750932285.7203226,0.0,0.5,"[174.0, 185.0, 189.0, 158.0, 148.0, 153.0, 154.0, 170.0, 185.0, 174.0]",13.136802673339844,0.0,6.482391357421875,0.0005645751953125,-93.04904174804688
1750932285.7623122,0.0,0.5,"[174.0, 185.0, 189.0, 158.0, 148.0, 153.0, 154.0, 170.0, 185.0, 174.0]",12.94917106628418,0.0,6.729217529296875,0.0005645751953125,-93.12741088867188
1750932285.7791028,-1.0,0.5,"[174.0, 185.0, 189.0, 158.0, 148.0, 153.0, 155.0, 170.0, 185.0, 174.0]",13.13095760345459,0.0,6.979644775390625,0.0005645751953125,-93.20654296875
1750932285.795352,-1.0,0.5,"[174.0, 185.0, 189.0, 158.0, 148.0, 153.0, 154.0, 169.0, 185.0, 174.0]",12.929668426513672,-0.5,7.22998046875,0.0005645751953125,-93.27133178710938
1750932285.812057,-1.0,0.5,"[174.0, 185.0, 190.0, 158.0, 149.0, 153.0, 152.0, 167.0, 185.0, 174.0]",12.7254638671875,-0.5,7.480255126953125,0.0005645751953125,-93.317626953125
1750932285.8281598,-1.0,0.0,"[174.0, 185.0, 192.0, 159.0, 149.0, 153.0, 148.0, 164.0, 185.0, 174.0]",12.746209144592285,-0.5,7.733367919921875,0.0005645751953125,-93.34799194335938
1750932285.8432,0.0,0.0,"[174.0, 185.0, 195.0, 160.0, 151.0, 152.0, 144.0, 161.0, 185.0, 174.0]",12.554436683654785,-0.5,7.98358154296875,0.0005645751953125,-93.36886596679688
1750932285.8685894,0.0,0.0,"[174.0, 185.0, 195.0, 160.0, 151.0, 152.0, 143.0, 159.0, 185.0, 174.0]",12.224474906921387,0.0,8.225555419921875,0.0005645751953125,-93.40374755859375
1750932285.8837578,0.0,0.0,"[174.0, 185.0, 195.0, 160.0, 151.0, 152.0, 143.0, 159.0, 185.0, 174.0]",11.944839477539062,0.0,8.458770751953125,0.0005664825439453125,-93.45565795898438
1750932285.8986986,0.0,0.0,"[174.0, 185.0, 195.0, 160.0, 151.0, 152.0, 144.0, 159.0, 185.0, 174.0]",11.697948455810547,0.0,8.6871337890625,0.0005645751953125,-93.50640869140625
1750932285.9359097,0.0,0.0,"[174.0, 185.0, 195.0, 160.0, 151.0, 152.0, 144.0, 159.0, 185.0, 174.0]",11.451355934143066,0.0,8.91070556640625,0.0005645751953125,-93.55607604980469
1750932285.950821,0.0,0.5,"[174.0, 185.0, 195.0, 160.0, 151.0, 152.0, 144.0, 159.0, 185.0, 174.0]",11.20518970489502,0.0,9.129486083984375,0.0005645751953125,-93.60467529296875
1750932285.965879,0.0,0.5,"[174.0, 185.0, 195.0, 160.0, 151.0, 152.0, 145.0, 158.0, 185.0, 174.0]",10.959434509277344,0.0,9.34344482421875,0.0005664825439453125,-93.6522216796875
1750932285.980669,0.0,0.5,"[174.0, 185.0, 195.0, 159.0, 151.0, 152.0, 145.0, 158.0, 185.0, 174.0]",11.299105644226074,0.0,9.564056396484375,0.0005664825439453125,-93.70124816894531
1750932286.0183842,0.0,0.5,"[174.0, 185.0, 195.0, 159.0, 151.0, 152.0, 146.0, 158.0, 185.0, 174.0]",11.053230285644531,0.0,9.779876708984375,0.0005664825439453125,-93.74920654296875
1750932286.0334852,0.0,0.5,"[174.0, 185.0, 195.0, 159.0, 151.0, 152.0, 146.0, 158.0, 185.0, 174.0]",11.388172149658203,0.0,10.002197265625,0.0005664825439453125,-93.79859924316406
1750932286.0487537,0.0,0.5,"[174.0, 185.0, 194.0, 159.0, 151.0, 152.0, 146.0, 158.0, 185.0, 174.0]",11.142107963562012,0.0,10.2197265625,0.0005664825439453125,-93.84693908691406
1750932286.0625048,0.0,0.5,"[174.0, 185.0, 193.0, 159.0, 151.0, 152.0, 147.0, 158.0, 185.0, 174.0]",11.484124183654785,0.0,10.443939208984375,0.0005664825439453125,-93.89675903320312
1750932286.0995224,0.0,0.5,"[174.0, 185.0, 193.0, 159.0, 151.0, 152.0, 147.0, 156.0, 185.0, 174.0]",11.203619003295898,0.0,10.662689208984375,0.0005664825439453125,-93.94537353515625
1750932286.11503,0.0,0.5,"[174.0, 185.0, 193.0, 159.0, 150.0, 152.0, 148.0, 156.0, 185.0, 174.0]",11.483642578125,0.0,10.88690185546875,0.000568389892578125,-93.99517822265625
1750932286.130038,0.0,0.5,"[174.0, 185.0, 193.0, 159.0, 150.0, 152.0, 148.0, 156.0, 185.0, 174.0]",11.07771110534668,0.0,11.103179931640625,0.000568389892578125,-94.04324340820312
1750932286.145056,0.0,0.5,"[174.0, 185.0, 193.0, 159.0, 150.0, 151.0, 148.0, 156.0, 185.0, 174.0]",11.404162406921387,0.0,11.325836181640625,0.0005664825439453125,-94.09271240234375
1750932286.1601782,0.0,0.5,"[174.0, 185.0, 193.0, 159.0, 150.0, 151.0, 148.0, 156.0, 185.0, 174.0]",11.394740104675293,0.0,11.548309326171875,0.0005664825439453125,-94.14213562011719
1750932286.1979098,0.0,0.5,"[174.0, 185.0, 193.0, 159.0, 150.0, 151.0, 149.0, 155.0, 185.0, 174.0]",11.380287170410156,0.0,11.770477294921875,0.0005664825439453125,-94.19149780273438
1750932286.2133496,0.0,0.5,"[174.0, 185.0, 193.0, 159.0, 150.0, 151.0, 149.0, 155.0, 185.0, 174.0]",11.801301002502441,0.0,12.00091552734375,0.0005664825439453125,-94.24266052246094
1750932286.2284482,0.0,0.5,"[174.0, 185.0, 192.0, 159.0, 150.0, 151.0, 150.0, 155.0, 185.0, 174.0]",11.549073219299316,0.0,12.22637939453125,0.0005664825439453125,-94.29273986816406
1750932286.2435067,-1.0,0.5,"[174.0, 185.0, 192.0, 158.0, 150.0, 151.0, 151.0, 155.0, 185.0, 174.0]",11.922696113586426,0.0,12.45916748046875,0.0005664825439453125,-94.34445190429688
1750932286.2585316,-1.0,0.5,"[174.0, 185.0, 192.0, 159.0, 150.0, 151.0, 149.0, 153.0, 185.0, 174.0]",11.391185760498047,-0.5,12.684356689453125,0.0005664825439453125,-94.37901306152344
1750932286.2959037,0.0,0.5,"[174.0, 185.0, 193.0, 159.0, 150.0, 151.0, 147.0, 150.0, 185.0, 174.0]",11.426129341125488,-0.5,12.912322998046875,0.0005664825439453125,-94.39474487304688
1750932286.310452,0.0,0.5,"[174.0, 185.0, 193.0, 159.0, 152.0, 151.0, 146.0, 150.0, 185.0, 174.0]",11.119988441467285,0.0,13.13262939453125,0.0005645751953125,-94.42523193359375
1750932286.325651,0.0,0.5,"[174.0, 185.0, 193.0, 159.0, 152.0, 151.0, 147.0, 150.0, 185.0, 174.0]",11.381943702697754,0.0,13.356231689453125,0.0005645751953125,-94.46791076660156
1750932286.340523,0.0,0.5,"[174.0, 185.0, 193.0, 159.0, 151.0, 151.0, 147.0, 150.0, 185.0, 174.0]",11.37974739074707,0.0,13.5799560546875,0.0005645751953125,-94.50981140136719
1750932286.377911,0.0,0.5,"[174.0, 185.0, 193.0, 159.0, 151.0, 151.0, 147.0, 150.0, 185.0, 174.0]",11.34226131439209,0.0,13.80303955078125,0.0005645751953125,-94.55094909667969
1750932286.3925624,0.0,0.5,"[174.0, 185.0, 193.0, 159.0, 151.0, 150.0, 147.0, 151.0, 185.0, 174.0]",11.553915023803711,0.0,14.030181884765625,0.0005645751953125,-94.59341430664062
1750932286.4077673,0.0,0.5,"[174.0, 185.0, 193.0, 159.0, 151.0, 150.0, 148.0, 151.0, 185.0, 174.0]",11.44643783569336,0.0,14.255279541015625,0.0005645751953125,-94.63504028320312
1750932286.4227796,0.0,0.5,"[174.0, 185.0, 192.0, 159.0, 151.0, 150.0, 148.0, 151.0, 185.0, 174.0]",11.810806274414062,0.0,14.487518310546875,0.0005645751953125,-94.67825317382812
1750932286.4488971,0.0,0.5,"[174.0, 185.0, 192.0, 159.0, 151.0, 150.0, 148.0, 153.0, 185.0, 174.0]",11.552510261535645,0.0,14.71466064453125,0.0005645751953125,-94.72052001953125
1750932286.4640214,0.0,0.5,"[174.0, 185.0, 192.0, 159.0, 151.0, 150.0, 148.0, 153.0, 185.0, 174.0]",11.851923942565918,0.0,14.94769287109375,0.0005645751953125,-94.76387023925781
1750932286.4789908,0.0,0.5,"[174.0, 185.0, 192.0, 159.0, 151.0, 150.0, 149.0, 154.0, 185.0, 174.0]",11.532567024230957,0.0,15.174468994140625,0.0005626678466796875,-94.80609130859375
1750932286.5161192,0.0,0.5,"[174.0, 185.0, 192.0, 159.0, 151.0, 150.0, 149.0, 155.0, 185.0, 174.0]",11.870100021362305,0.0,15.4078369140625,0.0005626678466796875,-94.849609375
1750932286.5308797,0.0,0.5,"[174.0, 185.0, 192.0, 159.0, 151.0, 150.0, 149.0, 155.0, 184.0, 174.0]",11.77639102935791,0.0,15.63934326171875,0.0005645751953125,-94.89288330078125
1750932286.546626,-1.0,0.5,"[174.0, 185.0, 192.0, 158.0, 151.0, 150.0, 150.0, 156.0, 185.0, 174.0]",11.993629455566406,0.0,15.87518310546875,0.0005645751953125,-94.93666076660156
1750932286.5622103,-1.0,0.5,"[174.0, 185.0, 192.0, 159.0, 151.0, 150.0, 148.0, 155.0, 183.0, 174.0]",11.621414184570312,-0.5,16.1060791015625,0.0005645751953125,-94.96333312988281
1750932286.5985153,-1.0,0.5,"[174.0, 185.0, 193.0, 159.0, 151.0, 150.0, 146.0, 151.0, 180.0, 174.0]",11.586027145385742,-0.5,16.337738037109375,0.0005645751953125,-94.96907043457031
1750932286.6132886,-1.0,0.5,"[174.0, 185.0, 193.0, 160.0, 150.0, 149.0, 144.0, 148.0, 176.0, 174.0]",11.283699989318848,-0.5,16.563385009765625,0.0005664825439453125,-94.9659423828125
1750932286.627966,0.0,0.5,"[174.0, 185.0, 195.0, 161.0, 150.0, 149.0, 140.0, 145.0, 170.0, 174.0]",11.40790843963623,-0.5,16.791290283203125,0.0005645751953125,-94.95523071289062
1750932286.6419635,0.0,0.5,"[174.0, 185.0, 195.0, 161.0, 150.0, 149.0, 139.0, 143.0, 169.0, 174.0]",11.464808464050293,0.0,17.020538330078125,0.0005664825439453125,-94.96052551269531
1750932286.679805,0.0,0.5,"[174.0, 185.0, 195.0, 161.0, 150.0, 149.0, 139.0, 144.0, 169.0, 174.0]",11.44508171081543,0.0,17.24859619140625,0.0005645751953125,-94.98001098632812
1750932286.6951983,0.0,0.5,"[174.0, 185.0, 195.0, 161.0, 150.0, 149.0, 139.0, 144.0, 170.0, 174.0]",11.481019973754883,0.0,17.477203369140625,0.0005664825439453125,-95.001708984375
1750932286.710296,0.0,0.5,"[174.0, 185.0, 195.0, 161.0, 150.0, 148.0, 140.0, 144.0, 170.0, 174.0]",11.635865211486816,0.0,17.7088623046875,0.0005664825439453125,-95.02375793457031
1750932286.7253327,0.0,0.5,"[174.0, 185.0, 195.0, 161.0, 150.0, 148.0, 140.0, 145.0, 170.0, 174.0]",11.69883918762207,0.0,17.9417724609375,0.0005664825439453125,-95.04598999023438
1750932286.7405384,0.0,0.0,"[174.0, 185.0, 195.0, 161.0, 150.0, 148.0, 140.0, 145.0, 171.0, 174.0]",11.768838882446289,0.0,18.17608642578125,0.0005664825439453125,-95.068359375
1750932286.778173,0.0,0.0,"[174.0, 185.0, 195.0, 161.0, 150.0, 148.0, 140.0, 145.0, 171.0, 174.0]",11.766209602355957,0.0,18.410369873046875,0.0005664825439453125,-95.0906982421875
1750932286.7928655,0.0,0.0,"[174.0, 185.0, 195.0, 161.0, 149.0, 148.0, 140.0, 145.0, 172.0, 174.0]",11.519532203674316,0.0,18.63970947265625,0.000568389892578125,-95.11257934570312
1750932286.8078597,0.0,0.0,"[174.0, 185.0, 195.0, 161.0, 149.0, 148.0, 140.0, 145.0, 173.0, 174.0]",11.273287773132324,0.0,18.864166259765625,0.000568389892578125,-95.13397216796875
1750932286.8227518,0.0,0.0,"[174.0, 185.0, 195.0, 161.0, 149.0, 148.0, 140.0, 145.0, 173.0, 174.0]",11.027425765991211,0.0,19.083709716796875,0.000568389892578125,-95.15492248535156
1750932286.848781,0.0,0.0,"[174.0, 185.0, 195.0, 161.0, 149.0, 148.0, 140.0, 146.0, 173.0, 174.0]",10.781963348388672,0.0,19.298370361328125,0.0005664825439453125,-95.17539978027344
1750932286.8635983,0.0,0.0,"[174.0, 185.0, 195.0, 161.0, 149.0, 148.0, 140.0, 146.0, 173.0, 174.0]",10.536848068237305,0.0,19.508148193359375,0.0005664825439453125,-95.19540405273438
1750932286.8897893,0.0,0.0,"[174.0, 185.0, 195.0, 161.0, 149.0, 148.0, 141.0, 147.0, 174.0, 174.0]",10.292181015014648,0.0,19.71307373046875,0.0005664825439453125,-95.2149658203125
1750932286.904814,0.0,0.0,"[174.0, 185.0, 195.0, 164.0, 149.0, 147.0, 141.0, 147.0, 174.0, 174.0]",10.047858238220215,0.0,19.913116455078125,0.0005664825439453125,-95.23403930664062
1750932286.9197717,0.0,0.0,"[174.0, 185.0, 194.0, 164.0, 149.0, 147.0, 141.0, 147.0, 176.0, 174.0]",9.80394458770752,0.0,20.108306884765625,0.0005664825439453125,-95.25265502929688
1750932286.9573963,0.0,0.5,"[174.0, 185.0, 194.0, 164.0, 149.0, 147.0, 141.0, 147.0, 176.0, 174.0]",9.560384750366211,0.0,20.29864501953125,0.0005664825439453125,-95.27081298828125
1750932286.9735348,0.0,0.5,"[174.0, 185.0, 194.0, 164.0, 149.0, 147.0, 141.0, 147.0, 176.0, 174.0]",9.31726360321045,0.0,20.484161376953125,0.000568389892578125,-95.28851318359375
1750932286.989018,0.0,0.5,"[174.0, 185.0, 194.0, 164.0, 149.0, 147.0, 141.0, 147.0, 176.0, 174.0]",9.75032901763916,0.0,20.67828369140625,0.000568389892578125,-95.30703735351562
1750932287.0052626,0.0,0.5,"[174.0, 185.0, 193.0, 164.0, 149.0, 147.0, 141.0, 147.0, 177.0, 174.0]",9.506902694702148,0.0,20.8675537109375,0.000568389892578125,-95.32510375976562
1750932287.0212476,0.0,0.5,"[174.0, 185.0, 193.0, 164.0, 148.0, 147.0, 142.0, 148.0, 177.0, 174.0]",9.61168098449707,0.0,21.058929443359375,0.000568389892578125,-95.34335327148438
1750932287.059347,0.0,0.5,"[174.0, 185.0, 193.0, 164.0, 148.0, 147.0, 142.0, 148.0, 178.0, 174.0]",9.358870506286621,0.0,21.245269775390625,0.000568389892578125,-95.36112976074219
1750932287.0750701,0.0,0.5,"[174.0, 185.0, 193.0, 164.0, 148.0, 147.0, 142.0, 148.0, 178.0, 174.0]",9.710430145263672,0.0,21.4385986328125,0.000568389892578125,-95.37957763671875
1750932287.090021,0.0,0.5,"[174.0, 185.0, 193.0, 164.0, 148.0, 147.0, 142.0, 148.0, 179.0, 174.0]",9.772826194763184,0.0,21.633148193359375,0.000568389892578125,-95.39813232421875
1750932287.104959,0.0,0.5,"[174.0, 185.0, 193.0, 164.0, 148.0, 147.0, 142.0, 149.0, 179.0, 174.0]",9.644365310668945,0.0,21.825164794921875,0.000568389892578125,-95.41645812988281
1750932287.120094,0.0,0.5,"[174.0, 185.0, 193.0, 163.0, 148.0, 146.0, 143.0, 149.0, 179.0, 174.0]",9.633927345275879,0.0,22.0169677734375,0.000568389892578125,-95.43478393554688
1750932287.157437,0.0,0.5,"[174.0, 185.0, 193.0, 163.0, 148.0, 146.0, 143.0, 149.0, 179.0, 174.0]",9.932583808898926,0.0,22.2147216796875,0.000568389892578125,-95.45364379882812
1750932287.1723516,-1.0,0.5,"[174.0, 185.0, 193.0, 163.0, 148.0, 146.0, 143.0, 150.0, 180.0, 174.0]",9.889640808105469,0.0,22.411651611328125,0.000568389892578125,-95.47232055664062
1750932287.1871793,-1.0,0.5,"[174.0, 185.0, 193.0, 163.0, 148.0, 146.0, 141.0, 147.0, 178.0, 174.0]",9.663633346557617,-0.5,22.60491943359375,0.000568389892578125,-95.47280883789062
1750932287.2022226,-1.0,0.5,"[174.0, 185.0, 195.0, 163.0, 147.0, 146.0, 138.0, 145.0, 173.0, 174.0]",9.595381736755371,-0.5,22.795867919921875,0.0005664825439453125,-95.45376586914062
1750932287.2398403,-1.0,0.5,"[174.0, 185.0, 197.0, 163.0, 147.0, 145.0, 136.0, 142.0, 170.0, 174.0]",9.581136703491211,-0.5,22.986236572265625,0.000568389892578125,-95.43183898925781
1750932287.2549107,-1.0,0.5,"[174.0, 185.0, 198.0, 163.0, 147.0, 145.0, 133.0, 139.0, 165.0, 174.0]",9.843329429626465,-0.5,23.181427001953125,0.0005664825439453125,-95.40628051757812
1750932287.2704139,0.0,0.5,"[174.0, 185.0, 198.0, 163.0, 147.0, 144.0, 131.0, 136.0, 161.0, 174.0]",9.69455337524414,-0.5,23.373046875,0.0005664825439453125,-95.37654113769531
1750932287.2854624,0.0,0.5,"[174.0, 185.0, 200.0, 166.0, 147.0, 144.0, 130.0, 134.0, 159.0, 174.0]",9.834098815917969,0.0,23.56915283203125,0.0005664825439453125,-95.36166381835938
1750932287.3003085,0.0,0.5,"[174.0, 185.0, 200.0, 166.0, 146.0, 144.0, 130.0, 134.0, 159.0, 174.0]",9.70975112915039,0.0,23.763336181640625,0.0005664825439453125,-95.3636474609375
1750932287.3381178,0.0,0.5,"[174.0, 185.0, 200.0, 166.0, 146.0, 144.0, 130.0, 134.0, 159.0, 174.0]",9.806632041931152,0.0,23.95947265625,0.0005664825439453125,-95.36270141601562
1750932287.3535,0.0,0.5,"[174.0, 185.0, 200.0, 166.0, 146.0, 144.0, 130.0, 134.0, 159.0, 174.0]",9.900221824645996,0.0,24.157470703125,0.0005664825439453125,-95.36221313476562
1750932287.3685884,0.0,0.5,"[174.0, 185.0, 200.0, 166.0, 146.0, 143.0, 130.0, 134.0, 158.0, 174.0]",9.932572364807129,0.0,24.356109619140625,0.0005664825439453125,-95.3616943359375
1750932287.3839772,0.0,0.5,"[174.0, 185.0, 200.0, 166.0, 146.0, 143.0, 130.0, 134.0, 158.0, 174.0]",9.821342468261719,0.0,24.55255126953125,0.0005664825439453125,-95.36105346679688
1750932287.398891,0.0,0.5,"[174.0, 185.0, 200.0, 166.0, 146.0, 143.0, 130.0, 134.0, 158.0, 174.0]",9.75462818145752,0.0,24.747650146484375,0.0005664825439453125,-95.3603515625
1750932287.4362202,0.0,0.5,"[174.0, 185.0, 200.0, 166.0, 146.0, 143.0, 130.0, 134.0, 158.0, 174.0]",9.926962852478027,0.0,24.9461669921875,0.0005664825439453125,-95.35983276367188
1750932287.451199,0.0,0.5,"[174.0, 185.0, 200.0, 166.0, 145.0, 143.0, 129.0, 133.0, 158.0, 174.0]",9.937471389770508,0.0,25.144927978515625,0.0005645751953125,-95.35963439941406
1750932287.466514,0.0,0.5,"[174.0, 185.0, 200.0, 164.0, 145.0, 143.0, 130.0, 133.0, 158.0, 174.0]",10.113174438476562,0.0,25.347198486328125,0.0005664825439453125,-95.35870361328125
1750932287.4819856,0.0,0.5,"[174.0, 185.0, 200.0, 164.0, 145.0, 143.0, 129.0, 133.0, 157.0, 174.0]",10.089628219604492,0.0,25.548980712890625,0.0005645751953125,-95.35842895507812
1750932287.5196655,0.0,0.5,"[174.0, 185.0, 200.0, 164.0, 145.0, 142.0, 129.0, 133.0, 157.0, 174.0]",10.223639488220215,0.0,25.753448486328125,0.0005645751953125,-95.35791015625
1750932287.534955,0.0,0.5,"[174.0, 185.0, 200.0, 164.0, 145.0, 142.0, 129.0, 133.0, 157.0, 174.0]",10.041790962219238,0.0,25.95428466796875,0.0005645751953125,-95.357177734375
1750932287.550147,0.0,0.5,"[174.0, 185.0, 200.0, 164.0, 145.0, 142.0, 130.0, 133.0, 156.0, 174.0]",10.363285064697266,0.0,26.16156005859375,0.0005664825439453125,-95.3568115234375
1750932287.56531,0.0,0.5,"[174.0, 185.0, 205.0, 164.0, 145.0, 142.0, 130.0, 133.0, 156.0, 174.0]",10.231897354125977,0.0,26.366180419921875,0.0005664825439453125,-95.35633850097656
1750932287.580139,1.0,0.5,"[174.0, 185.0, 207.0, 164.0, 144.0, 142.0, 132.0, 133.0, 156.0, 174.0]",10.451135635375977,0.0,26.575225830078125,0.0005664825439453125,-95.35556030273438
1750932287.618135,1.0,0.5,"[174.0, 185.0, 205.0, 163.0, 144.0, 142.0, 136.0, 134.0, 159.0, 174.0]",10.140780448913574,0.5,26.777069091796875,0.0005664825439453125,-95.37525939941406
1750932287.6331716,0.0,0.5,"[174.0, 185.0, 197.0, 163.0, 144.0, 142.0, 141.0, 138.0, 164.0, 174.0]",10.149024963378906,0.5,26.9769287109375,0.0005664825439453125,-95.41067504882812
1750932287.6480377,0.0,0.5,"[174.0, 185.0, 197.0, 163.0, 144.0, 142.0, 144.0, 139.0, 165.0, 174.0]",9.977577209472656,0.0,27.17523193359375,0.0005664825439453125,-95.43292236328125
1750932287.663088,0.0,0.5,"[174.0, 185.0, 201.0, 163.0, 144.0, 142.0, 144.0, 139.0, 165.0, 174.0]",10.163965225219727,0.0,27.378448486328125,0.0005664825439453125,-95.43870544433594
1750932287.689221,0.0,0.5,"[174.0, 185.0, 205.0, 163.0, 144.0, 142.0, 144.0, 139.0, 165.0, 174.0]",10.052743911743164,0.0,27.579345703125,0.0005664825439453125,-95.44638061523438
1750932287.7042348,0.0,0.5,"[174.0, 185.0, 209.0, 163.0, 144.0, 141.0, 145.0, 139.0, 165.0, 174.0]",10.293959617614746,0.0,27.785064697265625,0.0005664825439453125,-95.45413208007812
1750932287.719459,0.0,0.5,"[174.0, 185.0, 209.0, 163.0, 143.0, 141.0, 146.0, 139.0, 165.0, 174.0]",10.071441650390625,0.0,27.986358642578125,0.0005664825439453125,-95.46151733398438
1750932287.7570255,0.0,0.5,"[174.0, 185.0, 207.0, 163.0, 143.0, 141.0, 146.0, 139.0, 165.0, 174.0]",10.290674209594727,0.0,28.192047119140625,0.0005664825439453125,-95.46914672851562
1750932287.7724085,0.0,0.5,"[174.0, 185.0, 207.0, 162.0, 143.0, 141.0, 146.0, 140.0, 165.0, 174.0]",10.284045219421387,0.0,28.3975830078125,0.0005664825439453125,-95.47662353515625
1750932287.7873876,0.0,0.5,"[174.0, 185.0, 207.0, 162.0, 143.0, 141.0, 146.0, 139.0, 165.0, 174.0]",10.249556541442871,0.0,28.6024169921875,0.0005664825439453125,-95.48468017578125
1750932287.8027534,0.0,0.5,"[174.0, 185.0, 207.0, 162.0, 143.0, 140.0, 148.0, 141.0, 165.0, 174.0]",10.453420639038086,0.0,28.811370849609375,0.0005664825439453125,-95.49215698242188
1750932287.8285563,0.0,0.5,"[174.0, 185.0, 207.0, 162.0, 143.0, 140.0, 148.0, 142.0, 165.0, 174.0]",10.518485069274902,0.0,29.021575927734375,0.0005664825439453125,-95.50021362304688
1750932287.8436701,0.0,0.5,"[174.0, 185.0, 207.0, 162.0, 142.0, 140.0, 148.0, 143.0, 165.0, 174.0]",10.405466079711914,0.0,29.229522705078125,0.0005664825439453125,-95.508056640625
1750932287.8702652,0.0,0.5,"[174.0, 185.0, 206.0, 162.0, 142.0, 140.0, 148.0, 144.0, 166.0, 174.0]",10.430350303649902,0.0,29.43798828125,0.0005664825439453125,-95.51596069335938
1750932287.885492,0.0,0.5,"[174.0, 185.0, 206.0, 161.0, 142.0, 139.0, 148.0, 145.0, 166.0, 174.0]",10.641410827636719,0.0,29.650665283203125,0.0005664825439453125,-95.52420043945312
1750932287.9007385,0.0,0.5,"[174.0, 185.0, 206.0, 161.0, 142.0, 139.0, 148.0, 146.0, 166.0, 174.0]",10.713382720947266,0.0,29.864776611328125,0.0005664825439453125,-95.53225708007812
1750932287.9387472,1.0,0.5,"[174.0, 185.0, 206.0, 161.0, 141.0, 139.0, 147.0, 147.0, 166.0, 174.0]",10.76498031616211,0.0,30.079925537109375,0.0005664825439453125,-95.54035949707031
1750932287.953683,1.0,0.5,"[174.0, 185.0, 206.0, 161.0, 141.0, 139.0, 148.0, 150.0, 168.0, 174.0]",10.512763977050781,0.5,30.288848876953125,0.000568389892578125,-95.56407165527344
1750932287.9693122,1.0,0.5,"[174.0, 185.0, 206.0, 161.0, 141.0, 139.0, 149.0, 155.0, 174.0, 174.0]",10.354009628295898,0.5,30.491546630859375,0.000568389892578125,-95.6064453125
1750932287.9845397,0.0,0.5,"[174.0, 185.0, 205.0, 161.0, 141.0, 139.0, 149.0, 160.0, 182.0, 174.0]",10.405925750732422,0.5,30.693145751953125,0.0005664825439453125,-95.65805053710938
1750932288.0002728,0.0,0.5,"[174.0, 185.0, 204.0, 160.0, 141.0, 139.0, 149.0, 163.0, 185.0, 174.0]",10.39626407623291,0.0,30.89825439453125,0.0005664825439453125,-95.69210815429688
1750932288.0394897,0.0,0.5,"[174.0, 185.0, 204.0, 160.0, 141.0, 139.0, 149.0, 164.0, 185.0, 174.0]",10.398966789245605,0.0,31.10540771484375,0.0005664825439453125,-95.71075439453125
1750932288.055164,0.0,0.5,"[174.0, 185.0, 204.0, 160.0, 141.0, 138.0, 149.0, 164.0, 185.0, 174.0]",10.459251403808594,0.0,31.3135986328125,0.0005645751953125,-95.73103332519531
1750932288.0703351,0.0,0.5,"[174.0, 185.0, 204.0, 160.0, 140.0, 138.0, 149.0, 166.0, 185.0, 174.0]",10.533537864685059,0.0,31.523284912109375,0.0005645751953125,-95.7513427734375
1750932288.0854611,0.0,0.5,"[174.0, 185.0, 203.0, 160.0, 140.0, 138.0, 148.0, 167.0, 185.0, 174.0]",10.579431533813477,0.0,31.733917236328125,0.0005645751953125,-95.771728515625
1750932288.100856,0.0,0.5,"[174.0, 185.0, 203.0, 159.0, 140.0, 137.0, 148.0, 167.0, 185.0, 174.0]",10.553914070129395,0.0,31.944000244140625,0.0005645751953125,-95.79209899902344
1750932288.1400113,0.0,0.5,"[174.0, 185.0, 203.0, 159.0, 140.0, 137.0, 148.0, 167.0, 185.0, 174.0]",10.541413307189941,0.0,32.153839111328125,0.0005664825439453125,-95.81243896484375
1750932288.1554775,0.0,0.5,"[174.0, 185.0, 203.0, 159.0, 139.0, 137.0, 148.0, 169.0, 185.0, 174.0]",10.563675880432129,0.0,32.3641357421875,0.0005664825439453125,-95.83273315429688
1750932288.1711638,1.0,0.5,"[174.0, 185.0, 203.0, 159.0, 139.0, 137.0, 147.0, 170.0, 185.0, 174.0]",10.867621421813965,0.0,32.580474853515625,0.0005645751953125,-95.8536376953125
1750932288.1871452,1.0,0.5,"[174.0, 185.0, 201.0, 158.0, 139.0, 136.0, 147.0, 172.0, 185.0, 174.0]",10.290343284606934,0.5,32.782867431640625,0.0005664825439453125,-95.89097595214844
1750932288.2027524,1.0,0.5,"[174.0, 185.0, 201.0, 158.0, 139.0, 136.0, 148.0, 176.0, 185.0, 174.0]",10.351716995239258,0.5,32.982025146484375,0.0005664825439453125,-95.94757080078125
1750932288.2313025,1.0,0.5,"[174.0, 185.0, 201.0, 158.0, 139.0, 136.0, 148.0, 178.0, 185.0, 174.0]",10.103339195251465,0.5,33.1749267578125,0.0005664825439453125,-96.0076904296875
1750932288.2474864,1.0,0.5,"[174.0, 185.0, 201.0, 158.0, 139.0, 136.0, 148.0, 179.0, 185.0, 174.0]",10.207992553710938,0.5,33.36834716796875,0.0005664825439453125,-96.07305908203125
1750932288.2646875,0.0,0.5,"[174.0, 185.0, 201.0, 154.0, 139.0, 136.0, 148.0, 181.0, 185.0, 174.0]",10.526806831359863,0.5,33.56646728515625,0.0005664825439453125,-96.144287109375
1750932288.2812006,0.0,0.5,"[174.0, 185.0, 201.0, 154.0, 138.0, 136.0, 148.0, 181.0, 185.0, 174.0]",10.340156555175781,0.0,33.76617431640625,0.0005664825439453125,-96.19796752929688
1750932288.323744,0.0,0.5,"[174.0, 185.0, 201.0, 153.0, 138.0, 136.0, 148.0, 181.0, 185.0, 174.0]",10.428656578063965,0.0,33.971160888671875,0.0005664825439453125,-96.23651123046875
1750932288.3400257,0.0,0.5,"[174.0, 185.0, 200.0, 153.0, 138.0, 135.0, 148.0, 181.0, 185.0, 174.0]",10.405858993530273,0.0,34.1751708984375,0.000568389892578125,-96.27766418457031
1750932288.3416893,0.0,0.5,"[174.0, 185.0, 200.0, 153.0, 138.0, 135.0, 148.0, 181.0, 185.0, 174.0]",10.544960975646973,0.0,34.382049560546875,0.000568389892578125,-96.318603515625
1750932288.3837545,1.0,0.5,"[174.0, 185.0, 200.0, 156.0, 137.0, 135.0, 147.0, 179.0, 185.0, 174.0]",10.589554786682129,0.0,34.5897216796875,0.0005664825439453125,-96.36016845703125
1750932288.3999722,1.0,0.5,"[174.0, 185.0, 200.0, 153.0, 137.0, 134.0, 147.0, 179.0, 185.0, 174.0]",10.365840911865234,0.5,34.788970947265625,0.000568389892578125,-96.41749572753906
1750932288.4016426,1.0,0.5,"[174.0, 185.0, 200.0, 153.0, 137.0, 134.0, 147.0, 179.0, 185.0, 174.0]",10.333711624145508,0.5,34.9815673828125,0.000568389892578125,-96.49246215820312
1750932288.444549,1.0,0.5,"[174.0, 185.0, 198.0, 152.0, 137.0, 134.0, 147.0, 181.0, 185.0, 174.0]",10.141322135925293,0.5,35.168243408203125,0.000568389892578125,-96.57177734375
1750932288.4616249,1.0,0.5,"[174.0, 185.0, 198.0, 151.0, 137.0, 134.0, 147.0, 183.0, 185.0, 174.0]",10.33617115020752,0.5,35.356292724609375,0.0005664825439453125,-96.6575927734375
1750932288.4633253,1.0,0.5,"[174.0, 185.0, 198.0, 151.0, 137.0, 134.0, 147.0, 183.0, 185.0, 174.0]",10.29435920715332,0.5,35.5423583984375,0.0005664825439453125,-96.74578857421875
1750932288.494518,0.0,0.5,"[174.0, 185.0, 198.0, 151.0, 136.0, 134.0, 146.0, 184.0, 185.0, 174.0]",10.46876049041748,0.5,35.729339599609375,0.0005664825439453125,-96.83999633789062
1750932288.512059,0.0,0.5,"[174.0, 185.0, 198.0, 151.0, 136.0, 134.0, 146.0, 183.0, 185.0, 174.0]",10.199483871459961,0.0,35.918609619140625,0.0005664825439453125,-96.91604614257812
1750932288.5291028,0.0,0.5,"[174.0, 185.0, 198.0, 149.0, 136.0, 133.0, 146.0, 183.0, 185.0, 174.0]",10.433745384216309,0.0,36.117645263671875,0.0005664825439453125,-96.97872924804688
1750932288.5469267,0.0,0.5,"[174.0, 185.0, 197.0, 149.0, 135.0, 133.0, 145.0, 181.0, 185.0, 174.0]",10.414205551147461,0.0,36.315460205078125,0.0005664825439453125,-97.04397583007812
1750932288.5642664,0.0,0.5,"[174.0, 185.0, 197.0, 149.0, 135.0, 131.0, 145.0, 181.0, 185.0, 174.0]",10.450563430786133,0.0,36.513946533203125,0.0005664825439453125,-97.10948181152344
1750932288.5812254,0.0,0.5,"[174.0, 185.0, 197.0, 148.0, 135.0, 131.0, 144.0, 181.0, 185.0, 174.0]",10.314031600952148,0.0,36.709991455078125,0.0005664825439453125,-97.17364501953125
1750932288.6256502,1.0,0.5,"[174.0, 185.0, 195.0, 148.0, 134.0, 130.0, 144.0, 179.0, 185.0, 174.0]",10.637006759643555,0.0,36.912017822265625,0.0005664825439453125,-97.24028015136719
1750932288.6433067,1.0,0.5,"[174.0, 185.0, 195.0, 147.0, 134.0, 130.0, 144.0, 179.0, 185.0, 174.0]",10.240015983581543,0.5,37.100830078125,0.0005664825439453125,-97.31954956054688
1750932288.6450665,1.0,0.5,"[174.0, 185.0, 195.0, 147.0, 134.0, 130.0, 144.0, 179.0, 185.0, 174.0]",10.1971435546875,0.5,37.281707763671875,0.0005664825439453125,-97.41378784179688
1750932288.6631227,1.0,0.5,"[174.0, 185.0, 195.0, 147.0, 134.0, 130.0, 143.0, 179.0, 185.0, 174.0]",10.369796752929688,0.5,37.461395263671875,0.0005664825439453125,-97.517333984375
1750932288.6963873,1.0,0.5,"[174.0, 185.0, 195.0, 147.0, 133.0, 130.0, 143.0, 179.0, 185.0, 174.0]",10.227045059204102,0.5,37.63641357421875,0.0005664825439453125,-97.62322998046875
1750932288.7146409,1.0,0.5,"[174.0, 185.0, 197.0, 146.0, 133.0, 130.0, 143.0, 179.0, 185.0, 174.0]",10.350164413452148,0.5,37.811309814453125,0.0005664825439453125,-97.73391723632812
1750932288.7335129,1.0,0.5,"[174.0, 185.0, 198.0, 146.0, 133.0, 129.0, 143.0, 178.0, 185.0, 174.0]",10.147436141967773,0.5,37.980133056640625,0.0005664825439453125,-97.84658813476562
1750932288.7516007,1.0,0.5,"[174.0, 185.0, 201.0, 146.0, 133.0, 129.0, 142.0, 178.0, 185.0, 174.0]",10.30588436126709,0.5,38.14971923828125,0.000568389892578125,-97.9637451171875
1750932288.7697465,1.0,0.5,"[174.0, 185.0, 211.0, 146.0, 133.0, 129.0, 141.0, 178.0, 185.0, 174.0]",10.306436538696289,0.5,38.317047119140625,0.0005664825439453125,-98.08413696289062
1750932288.7885711,1.0,0.5,"[174.0, 185.0, 211.0, 146.0, 130.0, 129.0, 141.0, 178.0, 185.0, 174.0]",10.488049507141113,0.5,38.4840087890625,0.0005664825439453125,-98.21109008789062
1750932288.8068588,1.0,0.5,"[174.0, 185.0, 211.0, 145.0, 127.0, 129.0, 141.0, 176.0, 185.0, 174.0]",10.572577476501465,0.5,38.649688720703125,0.0005664825439453125,-98.34245300292969
1750932288.8245816,1.0,0.5,"[174.0, 185.0, 211.0, 145.0, 127.0, 129.0, 141.0, 176.0, 185.0, 174.0]",10.495953559875488,0.5,38.811859130859375,0.0005664825439453125,-98.47576904296875
1750932288.843776,1.0,0.5,"[174.0, 185.0, 211.0, 145.0, 126.0, 128.0, 141.0, 176.0, 185.0, 174.0]",10.573555946350098,0.5,38.9715576171875,0.0005664825439453125,-98.6143798828125
1750932288.8622687,1.0,0.5,"[174.0, 185.0, 211.0, 145.0, 126.0, 128.0, 141.0, 176.0, 185.0, 174.0]",10.676491737365723,0.5,39.1300048828125,0.0005664825439453125,-98.75753784179688
1750932288.9101212,1.0,0.5,"[174.0, 185.0, 211.0, 145.0, 126.0, 128.0, 140.0, 176.0, 185.0, 174.0]",10.572885513305664,0.5,39.28411865234375,0.0005664825439453125,-98.90231323242188
1750932288.9289293,1.0,0.5,"[174.0, 185.0, 211.0, 145.0, 125.0, 128.0, 140.0, 175.0, 185.0, 174.0]",10.851624488830566,0.5,39.4390869140625,0.0005664825439453125,-99.05426025390625
1750932288.9305687,1.0,0.5,"[174.0, 185.0, 211.0, 145.0, 125.0, 128.0, 140.0, 175.0, 185.0, 174.0]",10.593687057495117,0.5,39.586944580078125,0.0005664825439453125,-99.20599365234375
1750932288.9477808,0.0,0.5,"[174.0, 185.0, 212.0, 145.0, 125.0, 127.0, 140.0, 175.0, 185.0, 174.0]",10.970443725585938,0.5,39.736785888671875,0.0005664825439453125,-99.36628723144531
1750932288.9662285,0.0,0.5,"[174.0, 185.0, 212.0, 145.0, 124.0, 127.0, 139.0, 175.0, 185.0, 174.0]",10.609950065612793,0.0,39.893035888671875,0.0005664825439453125,-99.50985717773438
1750932288.985263,0.0,0.5,"[174.0, 185.0, 211.0, 144.0, 124.0, 126.0, 138.0, 173.0, 185.0, 174.0]",10.923945426940918,0.0,40.0638427734375,0.0005664825439453125,-99.64607238769531
1750932289.0040395,0.0,0.5,"[174.0, 185.0, 211.0, 144.0, 123.0, 126.0, 138.0, 172.0, 185.0, 174.0]",10.82889175415039,0.0,40.232940673828125,0.0005664825439453125,-99.78143310546875
1750932289.0219796,0.0,0.5,"[174.0, 185.0, 211.0, 143.0, 122.0, 125.0, 137.0, 172.0, 185.0, 174.0]",11.022139549255371,0.0,40.405181884765625,0.0005664825439453125,-99.91900634765625
1750932289.0697434,1.0,0.5,"[174.0, 185.0, 211.0, 141.0, 122.0, 124.0, 137.0, 170.0, 185.0, 174.0]",10.8958740234375,0.0,40.5753173828125,0.0005664825439453125,-100.05517578125
1750932289.0881913,1.0,0.5,"[174.0, 185.0, 211.0, 141.0, 121.0, 119.0, 136.0, 170.0, 185.0, 174.0]",10.76660442352295,0.5,40.7330322265625,0.0005664825439453125,-100.2017822265625
1750932289.0898263,1.0,0.5,"[174.0, 185.0, 211.0, 141.0, 121.0, 119.0, 136.0, 170.0, 185.0, 174.0]",10.550952911376953,0.5,40.872650146484375,0.0005664825439453125,-100.36001586914062
1750932289.1080532,1.0,0.5,"[174.0, 185.0, 210.0, 141.0, 121.0, 118.0, 134.0, 169.0, 185.0, 174.0]",10.698678016662598,0.5,41.008270263671875,0.0005664825439453125,-100.5255126953125
1750932289.127093,1.0,0.5,"[174.0, 185.0, 209.0, 141.0, 120.0, 117.0, 134.0, 167.0, 185.0, 174.0]",10.554693222045898,0.5,41.13916015625,0.000568389892578125,-100.69113159179688
1750932289.1458144,1.0,0.5,"[174.0, 185.0, 209.0, 141.0, 120.0, 117.0, 134.0, 167.0, 185.0, 174.0]",10.688711166381836,0.5,41.26776123046875,0.0005664825439453125,-100.86187744140625
1750932289.1650026,1.0,0.5,"[174.0, 185.0, 209.0, 144.0, 120.0, 116.0, 133.0, 166.0, 185.0, 174.0]",10.800628662109375,0.5,41.395050048828125,0.0005664825439453125,-101.03640747070312
1750932289.1836278,1.0,0.5,"[174.0, 185.0, 207.0, 147.0, 120.0, 116.0, 133.0, 165.0, 185.0, 174.0]",10.788240432739258,0.5,41.51708984375,0.0005664825439453125,-101.21434020996094
1750932289.218144,1.0,0.5,"[174.0, 185.0, 207.0, 159.0, 120.0, 115.0, 126.0, 165.0, 185.0, 174.0]",10.731314659118652,0.5,41.6357421875,0.0005664825439453125,-101.3931884765625
1750932289.2371175,1.0,0.5,"[174.0, 185.0, 207.0, 159.0, 120.0, 115.0, 125.0, 164.0, 185.0, 174.0]",10.808981895446777,0.5,41.74969482421875,0.0005664825439453125,-101.57688903808594
1750932289.2568781,1.0,0.5,"[174.0, 185.0, 206.0, 159.0, 120.0, 115.0, 125.0, 164.0, 185.0, 174.0]",11.016536712646484,0.5,41.8629150390625,0.0005664825439453125,-101.76589965820312
1750932289.2763865,1.0,0.5,"[174.0, 185.0, 206.0, 159.0, 120.0, 114.0, 124.0, 162.0, 185.0, 174.0]",10.857357025146484,0.5,41.9698486328125,0.000568389892578125,-101.95489501953125
1750932289.2954826,1.0,0.5,"[174.0, 185.0, 204.0, 159.0, 120.0, 114.0, 123.0, 162.0, 185.0, 174.0]",11.057662010192871,0.5,42.074859619140625,0.000568389892578125,-102.1495361328125
1750932289.3143582,1.0,0.5,"[174.0, 185.0, 202.0, 159.0, 120.0, 114.0, 123.0, 161.0, 185.0, 174.0]",10.932387351989746,0.5,42.1739501953125,0.000568389892578125,-102.34445190429688
1750932289.3336356,1.0,0.5,"[174.0, 185.0, 201.0, 159.0, 120.0, 114.0, 122.0, 161.0, 185.0, 174.0]",11.124979019165039,0.5,42.270904541015625,0.000568389892578125,-102.54470825195312
1750932289.3528788,1.0,0.5,"[174.0, 185.0, 198.0, 159.0, 120.0, 113.0, 122.0, 150.0, 185.0, 174.0]",10.96872329711914,0.5,42.36163330078125,0.000568389892578125,-102.74444580078125
1750932289.372511,1.0,0.5,"[174.0, 185.0, 197.0, 159.0, 120.0, 113.0, 121.0, 148.0, 185.0, 174.0]",11.267533302307129,0.5,42.450164794921875,0.0005702972412109375,-102.95167541503906
1750932289.3913534,1.0,0.5,"[174.0, 185.0, 195.0, 159.0, 122.0, 113.0, 121.0, 148.0, 185.0, 174.0]",10.929436683654785,0.5,42.531585693359375,0.00051116943359375,-103.154541015625
1750932289.4105802,1.0,0.5,"[174.0, 185.0, 193.0, 159.0, 125.0, 113.0, 121.0, 147.0, 185.0, 174.0]",11.183109283447266,0.5,42.610076904296875,0.0003910064697265625,-103.36398315429688
1750932289.4296107,1.0,0.5,"[174.0, 185.0, 192.0, 158.0, 128.0, 113.0, 120.0, 145.0, 185.0, 174.0]",11.180710792541504,0.5,42.68408203125,0.0002307891845703125,-103.57498168945312
1750932289.4481142,1.0,0.5,"[174.0, 185.0, 190.0, 158.0, 140.0, 113.0, 119.0, 145.0, 185.0, 174.0]",11.134678840637207,0.5,42.753387451171875,4.76837158203125e-05,-103.78662109375
1750932289.4673707,1.0,0.5,"[174.0, 185.0, 188.0, 156.0, 140.0, 114.0, 119.0, 144.0, 185.0, 174.0]",11.301451683044434,0.5,42.817291259765625,-0.0001010894775390625,-104.00341796875
1750932289.486081,1.0,0.5,"[174.0, 185.0, 186.0, 156.0, 140.0, 114.0, 119.0, 144.0, 185.0, 174.0]",11.322806358337402,0.5,42.878753662109375,-0.00022125244140625,-104.22137451171875
1750932289.5049887,1.0,0.5,"[174.0, 185.0, 184.0, 156.0, 140.0, 114.0, 119.0, 142.0, 185.0, 174.0]",11.316927909851074,0.5,42.932861328125,-0.0003223419189453125,-104.441162109375
1750932289.522999,1.0,0.5,"[174.0, 185.0, 183.0, 155.0, 140.0, 114.0, 119.0, 142.0, 185.0, 174.0]",11.260995864868164,0.5,42.983551025390625,-0.00041961669921875,-104.66059875488281
1750932289.5567772,0.0,0.5,"[174.0, 185.0, 181.0, 155.0, 140.0, 116.0, 119.0, 142.0, 185.0, 174.0]",11.375299453735352,0.5,43.02862548828125,-0.0005970001220703125,-104.88359069824219
1750932289.575799,0.0,0.5,"[174.0, 185.0, 179.0, 154.0, 140.0, 117.0, 119.0, 141.0, 185.0, 174.0]",11.255537986755371,0.0,43.0859375,-0.0009613037109375,-105.10128784179688
1750932289.5948956,0.0,0.5,"[174.0, 185.0, 179.0, 154.0, 140.0, 117.0, 118.0, 140.0, 185.0, 174.0]",11.407536506652832,0.0,43.15887451171875,-0.0015773773193359375,-105.31745910644531
1750932289.6139407,0.0,0.5,"[174.0, 185.0, 179.0, 154.0, 140.0, 117.0, 117.0, 138.0, 185.0, 174.0]",11.603368759155273,0.0,43.2354736328125,-0.00238800048828125,-105.53652954101562
1750932289.6325922,0.0,0.5,"[174.0, 185.0, 179.0, 154.0, 140.0, 116.0, 116.0, 137.0, 185.0, 174.0]",11.496553421020508,0.0,43.311981201171875,-0.0033588409423828125,-105.75334167480469
1750932289.6514702,0.0,0.5,"[174.0, 185.0, 179.0, 154.0, 140.0, 116.0, 116.0, 136.0, 185.0, 174.0]",11.662477493286133,0.0,43.389190673828125,-0.0046634674072265625,-105.97344970703125
1750932289.670455,0.0,0.5,"[174.0, 185.0, 179.0, 154.0, 139.0, 116.0, 115.0, 134.0, 185.0, 174.0]",11.632360458374023,0.0,43.466644287109375,-0.0063419342041015625,-106.19281005859375
1750932289.6889195,0.0,0.5,"[174.0, 185.0, 179.0, 154.0, 139.0, 115.0, 114.0, 133.0, 185.0, 174.0]",11.601702690124512,0.0,43.543243408203125,-0.008405685424804688,-106.41183471679688
1750932289.7078981,1.0,0.5,"[174.0, 185.0, 179.0, 153.0, 140.0, 115.0, 113.0, 131.0, 185.0, 174.0]",11.561599731445312,0.0,43.62054443359375,-0.010774612426757812,-106.6297607421875
1750932289.726776,1.0,0.5,"[174.0, 185.0, 179.0, 153.0, 140.0, 117.0, 113.0, 131.0, 182.0, 174.0]",11.410565376281738,0.5,43.68096923828125,-0.013214111328125,-106.84980773925781
1750932289.7458615,1.0,0.5,"[174.0, 185.0, 178.0, 153.0, 140.0, 119.0, 113.0, 130.0, 182.0, 174.0]",11.436077117919922,0.5,43.727935791015625,-0.015569686889648438,-107.07363891601562
1750932289.7648442,1.0,0.5,"[174.0, 185.0, 176.0, 153.0, 140.0, 123.0, 114.0, 131.0, 181.0, 174.0]",11.367135047912598,0.5,43.76336669921875,-0.018022537231445312,-107.29818725585938
1750932289.7835755,1.0,0.5,"[174.0, 185.0, 175.0, 152.0, 140.0, 140.0, 114.0, 131.0, 180.0, 174.0]",11.439284324645996,0.5,43.78985595703125,-0.020673751831054688,-107.52542114257812
1750932289.8169897,1.0,0.5,"[174.0, 185.0, 172.0, 151.0, 140.0, 140.0, 116.0, 132.0, 180.0, 174.0]",11.569038391113281,0.5,43.812591552734375,-0.023593902587890625,-107.75567626953125
1750932289.8346388,0.0,0.5,"[174.0, 185.0, 171.0, 149.0, 140.0, 140.0, 119.0, 133.0, 180.0, 174.0]",11.434996604919434,0.5,43.830078125,-0.026630401611328125,-107.98367309570312
1750932289.853172,0.0,0.5,"[174.0, 185.0, 170.0, 149.0, 140.0, 140.0, 121.0, 133.0, 179.0, 174.0]",11.454192161560059,0.0,43.862335205078125,-0.030538558959960938,-108.21044921875
1750932289.8713863,0.0,0.5,"[174.0, 185.0, 170.0, 149.0, 140.0, 141.0, 122.0, 131.0, 179.0, 174.0]",11.489789009094238,0.0,43.906585693359375,-0.03523826599121094,-108.43589782714844
1750932289.8899505,0.0,0.5,"[174.0, 185.0, 170.0, 149.0, 140.0, 141.0, 122.0, 131.0, 177.0, 174.0]",11.31281852722168,0.0,43.953399658203125,-0.04029655456542969,-108.65719604492188
1750932289.908004,0.0,0.5,"[174.0, 185.0, 170.0, 149.0, 140.0, 141.0, 122.0, 130.0, 176.0, 174.0]",11.653103828430176,0.0,44.001556396484375,-0.045948028564453125,-108.88516235351562
1750932289.9269526,0.0,0.5,"[174.0, 185.0, 171.0, 149.0, 141.0, 142.0, 122.0, 130.0, 173.0, 174.0]",11.652180671691895,0.0,44.04974365234375,-0.051906585693359375,-109.11309814453125
1750932289.9450889,0.0,0.5,"[174.0, 185.0, 171.0, 151.0, 141.0, 142.0, 123.0, 129.0, 172.0, 174.0]",11.845404624938965,0.0,44.098907470703125,-0.05837440490722656,-109.34475708007812
1750932289.9641807,0.0,0.5,"[174.0, 185.0, 172.0, 151.0, 141.0, 142.0, 123.0, 128.0, 170.0, 174.0]",11.710736274719238,0.0,44.147430419921875,-0.0650634765625,-109.57379150390625
1750932289.9831088,1.0,0.5,"[174.0, 185.0, 172.0, 151.0, 141.0, 143.0, 124.0, 127.0, 169.0, 174.0]",11.887625694274902,0.0,44.196929931640625,-0.07236671447753906,-109.80621337890625
1750932290.0172894,1.0,0.5,"[174.0, 185.0, 171.0, 151.0, 141.0, 143.0, 125.0, 127.0, 168.0, 174.0]",11.660987854003906,0.5,44.230255126953125,-0.07927322387695312,-110.03694152832031
1750932290.036135,0.0,0.5,"[174.0, 185.0, 169.0, 149.0, 141.0, 143.0, 129.0, 131.0, 169.0, 174.0]",11.511137962341309,0.5,44.245635986328125,-0.085784912109375,-110.26655578613281
1750932290.0552862,0.0,0.5,"[174.0, 185.0, 169.0, 148.0, 141.0, 144.0, 130.0, 133.0, 168.0, 174.0]",11.474189758300781,0.0,44.27374267578125,-0.09333229064941406,-110.49418640136719
1750932290.0743368,0.0,0.5,"[174.0, 185.0, 169.0, 149.0, 141.0, 144.0, 130.0, 133.0, 167.0, 174.0]",11.63099479675293,0.0,44.313720703125,-0.10202407836914062,-110.72317504882812
1750932290.0932426,0.0,0.5,"[174.0, 185.0, 169.0, 149.0, 141.0, 144.0, 131.0, 134.0, 165.0, 174.0]",11.484481811523438,0.0,44.352996826171875,-0.11103248596191406,-110.94931030273438
1750932290.1122334,0.0,0.5,"[174.0, 185.0, 169.0, 149.0, 141.0, 144.0, 132.0, 134.0, 164.0, 174.0]",11.630961418151855,0.0,44.39276123046875,-0.12065505981445312,-111.17831420898438
1750932290.1306643,0.0,0.5,"[174.0, 185.0, 169.0, 149.0, 141.0, 145.0, 132.0, 134.0, 161.0, 174.0]",11.69570255279541,0.0,44.432586669921875,-0.13059616088867188,-111.40859985351562
1750932290.1501112,0.0,0.5,"[174.0, 185.0, 169.0, 149.0, 141.0, 145.0, 132.0, 136.0, 160.0, 174.0]",11.893871307373047,0.0,44.473297119140625,-0.14097213745117188,-111.64273071289062
1750932290.1690717,0.0,0.5,"[174.0, 185.0, 169.0, 149.0, 141.0, 145.0, 132.0, 136.0, 159.0, 174.0]",11.779391288757324,0.0,44.51361083984375,-0.15160369873046875,-111.87460327148438
1750932290.1876028,0.0,0.5,"[174.0, 185.0, 169.0, 149.0, 141.0, 145.0, 133.0, 137.0, 160.0, 174.0]",11.962874412536621,0.0,44.554595947265625,-0.16286849975585938,-112.11004638671875
1750932290.2064917,0.0,0.5,"[174.0, 185.0, 169.0, 149.0, 141.0, 145.0, 133.0, 137.0, 161.0, 174.0]",11.855399131774902,0.0,44.595123291015625,-0.17440223693847656,-112.3433837890625
1750932290.2255287,1.0,0.5,"[174.0, 185.0, 169.0, 149.0, 141.0, 145.0, 170.0, 137.0, 161.0, 174.0]",12.056183815002441,0.0,44.6363525390625,-0.18633460998535156,-112.58065795898438
1750932290.2436912,1.0,0.5,"[174.0, 185.0, 167.0, 148.0, 141.0, 145.0, 171.0, 140.0, 164.0, 174.0]",11.671357154846191,0.5,44.66131591796875,-0.19714927673339844,-112.8125
1750932290.27767,1.0,0.5,"[174.0, 185.0, 165.0, 147.0, 140.0, 145.0, 171.0, 143.0, 169.0, 174.0]",11.610040664672852,0.5,44.67071533203125,-0.20716285705566406,-113.04428100585938
1750932290.2967992,1.0,0.5,"[174.0, 185.0, 162.0, 145.0, 139.0, 145.0, 173.0, 147.0, 176.0, 174.0]",11.658319473266602,0.5,44.663421630859375,-0.21631240844726562,-113.27716064453125
1750932290.3168125,0.0,0.5,"[174.0, 185.0, 159.0, 143.0, 138.0, 145.0, 174.0, 151.0, 182.0, 174.0]",11.535443305969238,0.5,44.651763916015625,-0.22532272338867188,-113.50740051269531
1750932290.3371098,0.0,0.5,"[174.0, 185.0, 158.0, 143.0, 137.0, 144.0, 167.0, 154.0, 184.0, 174.0]",11.548318862915039,0.0,44.656005859375,-0.23577117919921875,-113.73809814453125
1750932290.357066,0.0,0.5,"[174.0, 185.0, 158.0, 141.0, 137.0, 144.0, 167.0, 155.0, 185.0, 174.0]",11.730283737182617,0.0,44.67474365234375,-0.247650146484375,-113.97164916992188
1750932290.3770921,0.0,0.5,"[174.0, 185.0, 158.0, 141.0, 137.0, 144.0, 167.0, 155.0, 185.0, 174.0]",11.65620231628418,0.0,44.694488525390625,-0.25970458984375,-114.20361328125
1750932290.3963912,0.0,0.5,"[174.0, 185.0, 156.0, 141.0, 136.0, 144.0, 167.0, 156.0, 185.0, 174.0]",11.832596778869629,0.0,44.714691162109375,-0.2720451354980469,-114.4390869140625
1750932290.415678,0.0,0.5,"[174.0, 185.0, 156.0, 141.0, 136.0, 144.0, 167.0, 156.0, 185.0, 174.0]",11.665756225585938,0.0,44.73443603515625,-0.2843341827392578,-114.67123413085938
1750932290.4345777,0.0,0.5,"[174.0, 185.0, 156.0, 141.0, 136.0, 144.0, 167.0, 163.0, 185.0, 174.0]",11.927748680114746,0.0,44.754791259765625,-0.2969036102294922,-114.90858459472656
1750932290.4537568,0.0,0.5,"[174.0, 185.0, 156.0, 141.0, 135.0, 144.0, 167.0, 168.0, 185.0, 174.0]",11.962574005126953,0.0,44.77520751953125,-0.3096199035644531,-115.14662170410156
1750932290.4724538,0.0,0.5,"[174.0, 185.0, 156.0, 140.0, 135.0, 144.0, 167.0, 173.0, 185.0, 174.0]",12.119596481323242,0.0,44.795806884765625,-0.322601318359375,-115.38778686523438
1750932290.492113,0.0,0.5,"[174.0, 185.0, 155.0, 140.0, 135.0, 143.0, 167.0, 177.0, 185.0, 174.0]",12.122249603271484,0.0,44.81646728515625,-0.33567237854003906,-115.62899780273438
1750932290.5117953,0.0,0.5,"[174.0, 185.0, 155.0, 139.0, 134.0, 143.0, 167.0, 181.0, 185.0, 174.0]",12.0743989944458,0.0,44.837066650390625,-0.3486824035644531,-115.8692626953125
1750932290.5307405,0.0,0.5,"[174.0, 185.0, 155.0, 139.0, 134.0, 143.0, 167.0, 184.0, 185.0, 174.0]",12.086216926574707,0.0,44.857757568359375,-0.36170005798339844,-116.1097412109375
1750932290.5500546,-1.0,0.5,"[174.0, 185.0, 154.0, 138.0, 133.0, 143.0, 167.0, 188.0, 185.0, 174.0]",12.237332344055176,0.0,44.878753662109375,-0.37496185302734375,-116.35322570800781
1750932290.5690541,-1.0,0.5,"[174.0, 185.0, 155.0, 138.0, 134.0, 143.0, 167.0, 187.0, 185.0, 174.0]",11.8107271194458,-0.5,44.914215087890625,-0.3891639709472656,-116.58633422851562
1750932290.5873032,-1.0,0.5,"[174.0, 185.0, 156.0, 138.0, 134.0, 143.0, 168.0, 183.0, 185.0, 174.0]",11.916561126708984,-0.5,44.9683837890625,-0.40512657165527344,-116.81787109375
1750932290.6060972,0.0,0.5,"[174.0, 185.0, 159.0, 139.0, 135.0, 143.0, 176.0, 179.0, 185.0, 174.0]",11.740066528320312,-0.5,45.034454345703125,-0.4218597412109375,-117.04257202148438
1750932290.6253843,0.0,0.5,"[174.0, 185.0, 161.0, 139.0, 136.0, 143.0, 176.0, 177.0, 185.0, 174.0]",11.768020629882812,0.0,45.0855712890625,-0.4372386932373047,-117.27178955078125
1750932290.6442313,0.0,0.5,"[174.0, 185.0, 161.0, 138.0, 135.0, 143.0, 176.0, 179.0, 185.0, 174.0]",11.719014167785645,0.0,45.123260498046875,-0.45135498046875,-117.502685546875
1750932290.662444,0.0,0.5,"[174.0, 185.0, 160.0, 138.0, 135.0, 143.0, 176.0, 183.0, 185.0, 174.0]",11.890826225280762,0.0,45.15924072265625,-0.46562957763671875,-117.73733520507812
1750932290.7113366,0.0,0.5,"[174.0, 185.0, 160.0, 137.0, 134.0, 143.0, 176.0, 184.0, 185.0, 174.0]",11.937178611755371,0.0,45.194732666015625,-0.4800262451171875,-117.97299194335938
1750932290.7296937,0.0,0.5,"[174.0, 185.0, 159.0, 137.0, 134.0, 142.0, 176.0, 186.0, 185.0, 174.0]",12.208405494689941,0.0,45.231536865234375,-0.49487876892089844,-118.21389770507812
1750932290.731291,0.0,0.5,"[174.0, 185.0, 159.0, 137.0, 134.0, 142.0, 176.0, 186.0, 185.0, 174.0]",12.099884033203125,0.0,45.267852783203125,-0.5095424652099609,-118.45271301269531
1750932290.7489998,-1.0,0.5,"[174.0, 185.0, 158.0, 135.0, 133.0, 142.0, 168.0, 189.0, 185.0, 174.0]",12.260812759399414,0.0,45.304779052734375,-0.5245151519775391,-118.69467163085938
1750932290.7676518,-1.0,0.5,"[174.0, 185.0, 158.0, 136.0, 133.0, 142.0, 176.0, 188.0, 185.0, 174.0]",11.900659561157227,-0.5,45.35540771484375,-0.5406265258789062,-118.92666625976562
1750932290.7857203,-1.0,0.5,"[174.0, 185.0, 158.0, 136.0, 134.0, 142.0, 176.0, 186.0, 185.0, 174.0]",11.88038444519043,-0.5,45.424468994140625,-0.5586185455322266,-119.15330505371094
1750932290.8046749,-1.0,0.5,"[174.0, 185.0, 158.0, 137.0, 136.0, 142.0, 176.0, 183.0, 185.0, 174.0]",11.767228126525879,-0.5,45.504669189453125,-0.577606201171875,-119.37374877929688
1750932290.8223562,-1.0,0.5,"[174.0, 185.0, 159.0, 138.0, 137.0, 143.0, 176.0, 179.0, 185.0, 174.0]",11.831050872802734,-0.5,45.5914306640625,-0.5971736907958984,-119.593017578125
1750932290.8704865,0.0,0.5,"[174.0, 185.0, 161.0, 139.0, 137.0, 143.0, 176.0, 175.0, 185.0, 174.0]",11.800628662109375,-0.5,45.683074951171875,-0.6171817779541016,-119.80958557128906
1750932290.8888369,0.0,0.5,"[174.0, 185.0, 161.0, 139.0, 137.0, 144.0, 176.0, 175.0, 185.0, 174.0]",11.834754943847656,0.0,45.762237548828125,-0.6360511779785156,-120.0318603515625
1750932290.8904176,0.0,0.5,"[174.0, 185.0, 161.0, 139.0, 137.0, 144.0, 176.0, 175.0, 185.0, 174.0]",11.844489097595215,0.0,45.827301025390625,-0.6535606384277344,-120.25895690917969
1750932290.90885,0.0,0.5,"[174.0, 185.0, 159.0, 139.0, 136.0, 143.0, 177.0, 177.0, 185.0, 174.0]",11.965282440185547,0.0,45.890167236328125,-0.6710472106933594,-120.48919677734375
1750932290.9267895,0.0,0.5,"[174.0, 185.0, 159.0, 138.0, 136.0, 143.0, 177.0, 179.0, 185.0, 174.0]",11.869224548339844,0.0,45.9520263671875,-0.6884288787841797,-120.71771240234375
1750932290.9449208,0.0,0.5,"[174.0, 185.0, 158.0, 138.0, 135.0, 143.0, 177.0, 179.0, 185.0, 174.0]",12.220824241638184,0.0,46.015899658203125,-0.7064018249511719,-120.95295715332031
1750932290.9631207,-1.0,0.5,"[174.0, 185.0, 156.0, 137.0, 135.0, 142.0, 177.0, 181.0, 185.0, 174.0]",12.025094985961914,0.0,46.078826904296875,-0.7241039276123047,-121.18438720703125
1750932290.9968574,-1.0,0.5,"[174.0, 185.0, 158.0, 138.0, 135.0, 142.0, 177.0, 180.0, 185.0, 174.0]",11.957551002502441,-0.5,46.157135009765625,-0.7436141967773438,-121.40951538085938
1750932291.0151818,0.0,0.5,"[174.0, 185.0, 158.0, 139.0, 135.0, 143.0, 177.0, 178.0, 185.0, 174.0]",11.835888862609863,-0.5,46.250335693359375,-0.7646942138671875,-121.6260986328125
1750932291.0338576,0.0,0.5,"[174.0, 185.0, 158.0, 139.0, 135.0, 143.0, 177.0, 178.0, 185.0, 174.0]",11.75386905670166,0.0,46.331146240234375,-0.7842788696289062,-121.84597778320312
1750932291.0529923,0.0,0.5,"[174.0, 185.0, 156.0, 138.0, 134.0, 143.0, 177.0, 180.0, 185.0, 174.0]",11.82529067993164,0.0,46.400848388671875,-0.8026542663574219,-122.07122802734375
1750932291.0713134,0.0,0.5,"[174.0, 185.0, 156.0, 138.0, 134.0, 142.0, 177.0, 215.0, 185.0, 174.0]",11.9646635055542,0.0,46.47149658203125,-0.821258544921875,-122.29910278320312
1750932291.090095,-1.0,0.5,"[174.0, 185.0, 155.0, 137.0, 133.0, 142.0, 177.0, 217.0, 185.0, 174.0]",12.101114273071289,0.0,46.543212890625,-0.8400917053222656,-122.52947998046875
1750932291.1088626,-1.0,0.5,"[174.0, 185.0, 156.0, 138.0, 133.0, 142.0, 178.0, 215.0, 185.0, 174.0]",11.693795204162598,-0.5,46.62738037109375,-0.8601627349853516,-122.74676513671875
1750932291.127204,-1.0,0.5,"[174.0, 185.0, 158.0, 139.0, 133.0, 143.0, 178.0, 217.0, 185.0, 174.0]",11.667115211486816,-0.5,46.730072021484375,-0.8822860717773438,-122.95510864257812
1750932291.1454604,-1.0,0.5,"[174.0, 185.0, 159.0, 140.0, 134.0, 143.0, 177.0, 217.0, 185.0, 174.0]",11.720837593078613,-0.5,46.842926025390625,-0.9055423736572266,-123.15927124023438
1750932291.1631558,0.0,0.5,"[174.0, 185.0, 161.0, 141.0, 135.0, 144.0, 176.0, 173.0, 185.0, 174.0]",11.582245826721191,-0.5,46.959808349609375,-0.9290752410888672,-123.35784912109375
1750932291.195349,0.0,0.5,"[174.0, 185.0, 162.0, 141.0, 135.0, 145.0, 176.0, 177.0, 185.0, 174.0]",11.673541069030762,0.0,47.06744384765625,-0.9514579772949219,-123.5638427734375
1750932291.2134106,0.0,0.5,"[174.0, 185.0, 161.0, 140.0, 134.0, 144.0, 176.0, 214.0, 185.0, 174.0]",11.716955184936523,0.0,47.1591796875,-0.9719944000244141,-123.77848815917969
1750932291.2312338,-1.0,0.5,"[174.0, 185.0, 161.0, 139.0, 134.0, 144.0, 176.0, 217.0, 185.0, 174.0]",11.920767784118652,0.0,47.25048828125,-0.9927196502685547,-123.99774169921875
1750932291.2494419,-1.0,0.5,"[174.0, 185.0, 161.0, 139.0, 134.0, 144.0, 176.0, 215.0, 185.0, 174.0]",11.575419425964355,-0.5,47.35577392578125,-1.0148582458496094,-124.20274353027344
1750932291.2673025,-1.0,0.5,"[174.0, 185.0, 163.0, 139.0, 134.0, 145.0, 175.0, 211.0, 185.0, 174.0]",11.534951210021973,-0.5,47.47637939453125,-1.038766860961914,-124.39794921875
1750932291.2849357,-1.0,0.5,"[174.0, 185.0, 165.0, 140.0, 135.0, 146.0, 174.0, 193.0, 185.0, 174.0]",11.376221656799316,-0.5,47.603607177734375,-1.0633392333984375,-124.58497619628906
1750932291.3034606,-1.0,0.5,"[174.0, 185.0, 167.0, 140.0, 136.0, 148.0, 173.0, 177.0, 185.0, 174.0]",11.558372497558594,-0.5,47.738006591796875,-1.0888557434082031,-124.77130126953125
1750932291.335964,-1.0,0.5,"[174.0, 185.0, 168.0, 141.0, 136.0, 157.0, 173.0, 168.0, 185.0, 174.0]",11.573156356811523,-0.5,47.876861572265625,-1.1149787902832031,-124.95465087890625
1750932291.35433,-1.0,0.5,"[174.0, 185.0, 169.0, 141.0, 137.0, 157.0, 171.0, 159.0, 185.0, 174.0]",11.531852722167969,-0.5,48.01922607421875,-1.141469955444336,-125.1341552734375
1750932291.3734462,-1.0,0.5,"[174.0, 185.0, 169.0, 143.0, 138.0, 157.0, 170.0, 156.0, 185.0, 174.0]",11.714210510253906,-0.5,48.1689453125,-1.168966293334961,-125.312255859375
1750932291.3916917,-1.0,0.5,"[174.0, 185.0, 170.0, 144.0, 139.0, 157.0, 170.0, 153.0, 184.0, 174.0]",11.621381759643555,-0.5,48.320068359375,-1.19659423828125,-125.48666381835938
1750932291.4105544,-1.0,0.5,"[174.0, 185.0, 170.0, 144.0, 140.0, 157.0, 170.0, 150.0, 180.0, 174.0]",12.023174285888672,-0.5,48.481292724609375,-1.2257213592529297,-125.66268920898438
1750932291.4293709,-1.0,0.5,"[174.0, 185.0, 172.0, 145.0, 141.0, 158.0, 168.0, 147.0, 176.0, 174.0]",11.772040367126465,-0.5,48.643096923828125,-1.2547359466552734,-125.83123779296875
1750932291.4478471,-1.0,0.5,"[174.0, 185.0, 172.0, 146.0, 142.0, 158.0, 167.0, 144.0, 170.0, 174.0]",12.114583969116211,-0.5,48.813751220703125,-1.2851371765136719,-126.00054931640625
1750932291.4674494,-1.0,0.5,"[174.0, 185.0, 173.0, 147.0, 143.0, 157.0, 166.0, 141.0, 166.0, 174.0]",11.83511734008789,-0.5,48.984283447265625,-1.3152999877929688,-126.16189575195312
1750932291.4868886,-1.0,0.5,"[174.0, 185.0, 175.0, 148.0, 145.0, 156.0, 164.0, 136.0, 161.0, 174.0]",12.134528160095215,-0.5,49.16302490234375,-1.3467845916748047,-126.322998046875
1750932291.506624,0.0,0.5,"[174.0, 185.0, 176.0, 149.0, 147.0, 155.0, 164.0, 133.0, 155.0, 174.0]",12.00450611114502,-0.5,49.343505859375,-1.3784351348876953,-126.4781494140625
1750932291.5253923,0.0,0.5,"[174.0, 185.0, 176.0, 149.0, 158.0, 154.0, 164.0, 130.0, 153.0, 174.0]",12.082161903381348,0.0,49.516632080078125,-1.4091663360595703,-126.64390563964844
1750932291.5448174,0.0,0.5,"[174.0, 185.0, 175.0, 149.0, 158.0, 154.0, 164.0, 130.0, 153.0, 174.0]",12.067532539367676,0.0,49.676055908203125,-1.4381465911865234,-126.82275390625
1750932291.563704,0.0,0.5,"[174.0, 185.0, 175.0, 149.0, 157.0, 154.0, 164.0, 130.0, 153.0, 174.0]",12.408109664916992,0.0,49.839752197265625,-1.467966079711914,-127.00686645507812
1750932291.5977583,0.0,0.5,"[174.0, 185.0, 175.0, 149.0, 157.0, 154.0, 163.0, 134.0, 153.0, 174.0]",12.157221794128418,0.0,50.0001220703125,-1.4973087310791016,-127.18728637695312
1750932291.6169395,0.0,0.5,"[174.0, 185.0, 173.0, 149.0, 157.0, 154.0, 163.0, 140.0, 153.0, 174.0]",12.524993896484375,0.0,50.165283203125,-1.5276565551757812,-127.37315368652344
1750932291.6359057,0.0,0.5,"[174.0, 185.0, 173.0, 148.0, 157.0, 154.0, 163.0, 144.0, 153.0, 174.0]",12.2261962890625,0.0,50.3265380859375,-1.5572872161865234,-127.5545654296875
1750932291.6549478,0.0,0.5,"[174.0, 185.0, 173.0, 148.0, 157.0, 154.0, 163.0, 149.0, 152.0, 174.0]",12.63880443572998,0.0,50.49322509765625,-1.5878562927246094,-127.74212646484375
1750932291.6741314,0.0,0.5,"[174.0, 185.0, 172.0, 147.0, 157.0, 154.0, 163.0, 154.0, 152.0, 174.0]",12.475590705871582,0.0,50.657806396484375,-1.6180896759033203,-127.92721557617188
1750932291.693041,0.0,0.5,"[174.0, 185.0, 172.0, 147.0, 157.0, 154.0, 163.0, 156.0, 151.0, 174.0]",12.555306434631348,0.0,50.8232421875,-1.6484851837158203,-128.11363220214844
1750932291.712176,0.0,0.5,"[174.0, 185.0, 171.0, 147.0, 156.0, 154.0, 163.0, 161.0, 153.0, 174.0]",12.56000804901123,0.0,50.988983154296875,-1.6789283752441406,-128.29994201660156
1750932291.732207,0.0,0.0,"[174.0, 185.0, 170.0, 147.0, 156.0, 154.0, 163.0, 165.0, 160.0, 174.0]",12.811935424804688,0.0,51.158050537109375,-1.709817886352539,-128.489990234375
1750932291.7512648,0.0,0.0,"[174.0, 185.0, 170.0, 146.0, 156.0, 154.0, 163.0, 167.0, 165.0, 174.0]",12.851550102233887,0.0,51.32745361328125,-1.7406005859375,-128.68081665039062
1750932291.7702577,0.0,0.0,"[174.0, 185.0, 169.0, 146.0, 156.0, 154.0, 163.0, 171.0, 170.0, 174.0]",12.62712574005127,0.0,51.494171142578125,-1.7708091735839844,-128.8680877685547
1750932291.7890718,0.0,0.0,"[174.0, 185.0, 168.0, 145.0, 155.0, 154.0, 163.0, 173.0, 176.0, 174.0]",12.402647972106934,0.0,51.658111572265625,-1.8004608154296875,-129.05186462402344
1750932291.808108,0.0,0.0,"[174.0, 185.0, 167.0, 145.0, 155.0, 153.0, 163.0, 176.0, 181.0, 174.0]",12.175442695617676,0.0,51.819091796875,-1.8294792175292969,-129.2322540283203
1750932291.8268406,0.0,0.0,"[174.0, 185.0, 167.0, 145.0, 155.0, 153.0, 163.0, 179.0, 185.0, 174.0]",11.943719863891602,0.0,51.977020263671875,-1.8577651977539062,-129.40921020507812
1750932291.845508,0.0,0.0,"[174.0, 185.0, 165.0, 144.0, 155.0, 153.0, 163.0, 181.0, 185.0, 174.0]",11.709814071655273,0.0,52.131927490234375,-1.8852672576904297,-129.5827178955078
1750932291.8642414,0.0,0.0,"[174.0, 185.0, 165.0, 144.0, 154.0, 153.0, 163.0, 183.0, 185.0, 174.0]",11.480240821838379,0.0,52.2838134765625,-1.9120712280273438,-129.7528076171875
1750932291.8830042,0.0,0.0,"[174.0, 185.0, 164.0, 143.0, 154.0, 153.0, 163.0, 187.0, 185.0, 174.0]",11.254124641418457,0.0,52.432708740234375,-1.9382400512695312,-129.91954040527344
1750932291.9167798,0.0,0.5,"[174.0, 185.0, 164.0, 143.0, 154.0, 153.0, 163.0, 190.0, 185.0, 174.0]",11.024608612060547,0.0,52.578643798828125,-1.9637126922607422,-130.08287048339844
1750932291.9355302,0.0,0.5,"[174.0, 185.0, 162.0, 141.0, 153.0, 152.0, 163.0, 192.0, 185.0, 174.0]",10.79318904876709,0.0,52.721527099609375,-1.9884490966796875,-130.24278259277344
1750932291.954226,0.0,0.5,"[174.0, 185.0, 162.0, 141.0, 153.0, 152.0, 163.0, 193.0, 185.0, 174.0]",11.199273109436035,0.0,52.869781494140625,-2.0138912200927734,-130.40872192382812
1750932291.973339,-1.0,0.5,"[174.0, 185.0, 161.0, 140.0, 152.0, 152.0, 163.0, 195.0, 185.0, 174.0]",10.966246604919434,0.0,53.0150146484375,-2.0385799407958984,-130.5712127685547
1750932291.991469,-1.0,0.5,"[174.0, 185.0, 161.0, 141.0, 152.0, 151.0, 162.0, 193.0, 185.0, 174.0]",10.952665328979492,-0.5,53.172393798828125,-2.0650100708007812,-130.7212677001953
1750932292.0101306,-1.0,0.5,"[174.0, 185.0, 162.0, 143.0, 152.0, 150.0, 161.0, 190.0, 185.0, 174.0]",10.652796745300293,-0.5,53.339569091796875,-2.0928516387939453,-130.85040283203125
1750932292.0297873,-1.0,0.5,"[174.0, 185.0, 164.0, 144.0, 152.0, 149.0, 160.0, 188.0, 185.0, 174.0]",10.871870994567871,-0.5,53.513763427734375,-2.1215991973876953,-130.97732543945312
1750932292.048736,-1.0,0.5,"[174.0, 185.0, 165.0, 145.0, 152.0, 148.0, 158.0, 185.0, 185.0, 174.0]",10.846571922302246,-0.5,53.689727783203125,-2.1504364013671875,-131.10086059570312
1750932292.0674493,-1.0,0.5,"[174.0, 185.0, 167.0, 147.0, 152.0, 147.0, 156.0, 181.0, 185.0, 174.0]",10.986814498901367,-0.5,53.871002197265625,-2.179901123046875,-131.22152709960938
1750932292.0862846,0.0,0.5,"[174.0, 185.0, 169.0, 175.0, 152.0, 146.0, 155.0, 178.0, 185.0, 174.0]",10.864008903503418,-0.5,54.052764892578125,-2.209217071533203,-131.33689880371094
1750932292.1048408,0.0,0.5,"[174.0, 185.0, 169.0, 174.0, 152.0, 146.0, 154.0, 178.0, 185.0, 174.0]",10.963788986206055,0.0,54.226837158203125,-2.236898422241211,-131.4673309326172
1750932292.1266665,0.0,0.5,"[174.0, 185.0, 167.0, 174.0, 151.0, 145.0, 154.0, 180.0, 185.0, 174.0]",11.033540725708008,0.0,54.39129638671875,-2.2628021240234375,-131.61216735839844
1750932292.1470172,0.0,0.5,"[174.0, 185.0, 167.0, 173.0, 151.0, 145.0, 154.0, 181.0, 185.0, 174.0]",11.12900161743164,0.0,54.5587158203125,-2.2889862060546875,-131.75648498535156
1750932292.1658852,0.0,0.0,"[174.0, 185.0, 167.0, 173.0, 151.0, 144.0, 153.0, 183.0, 185.0, 174.0]",11.168676376342773,0.0,54.72674560546875,-2.3150901794433594,-131.90133666992188
1750932292.1844087,0.0,0.0,"[174.0, 185.0, 166.0, 171.0, 150.0, 144.0, 153.0, 183.0, 185.0, 174.0]",11.181808471679688,0.0,54.89508056640625,-2.3409671783447266,-132.04629516601562
1750932292.2033203,0.0,0.0,"[174.0, 185.0, 165.0, 170.0, 150.0, 144.0, 153.0, 184.0, 185.0, 174.0]",10.950580596923828,0.0,55.05999755859375,-2.3661022186279297,-132.18817138671875
1750932292.2362802,0.0,0.0,"[174.0, 185.0, 164.0, 170.0, 150.0, 143.0, 153.0, 184.0, 185.0, 174.0]",10.721342086791992,0.0,55.221527099609375,-2.390535354614258,-132.32705688476562
1750932292.2550066,0.0,0.0,"[174.0, 185.0, 164.0, 169.0, 149.0, 143.0, 152.0, 185.0, 185.0, 174.0]",10.492451667785645,0.0,55.379669189453125,-2.4142799377441406,-132.4629669189453
1750932292.2734637,0.0,0.5,"[174.0, 185.0, 164.0, 169.0, 149.0, 142.0, 152.0, 186.0, 185.0, 174.0]",10.259997367858887,0.0,55.5343017578125,-2.4372406005859375,-132.5958709716797
1750932292.291603,0.0,0.5,"[174.0, 185.0, 162.0, 168.0, 148.0, 142.0, 152.0, 187.0, 185.0, 174.0]",10.029601097106934,0.0,55.685516357421875,-2.4594764709472656,-132.7257843017578
1750932292.3100753,-1.0,0.5,"[174.0, 185.0, 162.0, 167.0, 148.0, 142.0, 152.0, 187.0, 185.0, 174.0]",10.479888916015625,0.0,55.843536376953125,-2.4825000762939453,-132.8615264892578
1750932292.328672,-1.0,0.5,"[174.0, 185.0, 162.0, 166.0, 148.0, 141.0, 151.0, 186.0, 185.0, 174.0]",9.959716796875,-0.5,56.0048828125,-2.506389617919922,-132.97589111328125
1750932292.3476095,-1.0,0.5,"[174.0, 185.0, 170.0, 164.0, 147.0, 140.0, 148.0, 183.0, 185.0, 174.0]",9.907214164733887,-0.5,56.176971435546875,-2.5322017669677734,-133.0706329345703
1750932292.3660529,-1.0,0.5,"[174.0, 185.0, 227.0, 162.0, 146.0, 139.0, 147.0, 181.0, 185.0, 174.0]",9.892480850219727,-0.5,56.348876953125,-2.5577030181884766,-133.1652069091797
1750932292.3841367,-1.0,0.5,"[174.0, 185.0, 227.0, 163.0, 145.0, 138.0, 145.0, 178.0, 185.0, 174.0]",10.260371208190918,-0.5,56.5296630859375,-2.584300994873047,-133.2586212158203
1750932292.40328,-1.0,0.5,"[174.0, 185.0, 227.0, 162.0, 143.0, 137.0, 144.0, 176.0, 185.0, 174.0]",10.039438247680664,-0.5,56.708343505859375,-2.610370635986328,-133.3463897705078
1750932292.436784,0.0,0.5,"[174.0, 185.0, 226.0, 162.0, 142.0, 136.0, 141.0, 173.0, 185.0, 174.0]",10.305088996887207,-0.5,56.893341064453125,-2.6371994018554688,-133.43321228027344
1750932292.4558675,0.0,0.5,"[174.0, 185.0, 225.0, 162.0, 141.0, 136.0, 141.0, 172.0, 185.0, 174.0]",9.896422386169434,0.0,57.064971923828125,-2.6614990234375,-133.5287628173828
1750932292.474355,0.0,0.5,"[174.0, 185.0, 223.0, 161.0, 140.0, 135.0, 140.0, 173.0, 185.0, 174.0]",10.193668365478516,0.0,57.232147216796875,-2.684417724609375,-133.64315795898438
1750932292.493414,0.0,0.5,"[174.0, 185.0, 221.0, 161.0, 140.0, 134.0, 140.0, 173.0, 185.0, 174.0]",10.350408554077148,0.0,57.403961181640625,-2.7078609466552734,-133.75624084472656
1750932292.5119112,0.0,0.5,"[174.0, 185.0, 220.0, 160.0, 139.0, 133.0, 139.0, 173.0, 185.0, 174.0]",10.45191764831543,0.0,57.577056884765625,-2.7311782836914062,-133.87109375
1750932292.5302646,0.0,0.5,"[174.0, 185.0, 218.0, 160.0, 138.0, 133.0, 138.0, 173.0, 185.0, 174.0]",10.446375846862793,0.0,57.75018310546875,-2.7541580200195312,-133.98574829101562
1750932292.5491548,-1.0,0.5,"[174.0, 185.0, 217.0, 159.0, 137.0, 131.0, 138.0, 175.0, 185.0, 174.0]",10.402485847473145,0.0,57.92266845703125,-2.7767257690429688,-134.09988403320312
1750932292.5680747,-1.0,0.5,"[174.0, 185.0, 215.0, 159.0, 136.0, 130.0, 136.0, 173.0, 185.0, 174.0]",10.16911506652832,-0.5,58.099853515625,-2.800355911254883,-134.19691467285156
1750932292.5866668,-1.0,0.5,"[174.0, 185.0, 211.0, 158.0, 135.0, 129.0, 134.0, 170.0, 185.0, 174.0]",10.209108352661133,-0.5,58.286590576171875,-2.825864791870117,-134.2754669189453
1750932292.6049795,0.0,0.5,"[174.0, 185.0, 207.0, 158.0, 133.0, 128.0, 132.0, 167.0, 185.0, 174.0]",10.33565616607666,-0.5,58.47747802734375,-2.851797103881836,-134.35037231445312
1750932292.6228437,0.0,0.5,"[174.0, 185.0, 204.0, 156.0, 131.0, 127.0, 131.0, 167.0, 185.0, 174.0]",10.17575454711914,0.0,58.659088134765625,-2.8755455017089844,-134.4391326904297
1750932292.6560376,0.0,0.5,"[174.0, 185.0, 203.0, 156.0, 130.0, 126.0, 130.0, 165.0, 185.0, 174.0]",10.255289077758789,0.0,58.833892822265625,-2.897378921508789,-134.544189453125
1750932292.6747663,1.0,0.5,"[174.0, 185.0, 201.0, 155.0, 129.0, 125.0, 129.0, 162.0, 185.0, 174.0]",10.343711853027344,0.0,59.012359619140625,-2.9195384979248047,-134.6464385986328
1750932292.6933823,1.0,0.5,"[174.0, 185.0, 200.0, 154.0, 128.0, 124.0, 129.0, 160.0, 185.0, 174.0]",10.26732063293457,0.5,59.1790771484375,-2.9391021728515625,-134.76470947265625
1750932292.7124152,1.0,0.5,"[174.0, 185.0, 201.0, 153.0, 128.0, 123.0, 129.0, 158.0, 185.0, 174.0]",9.916412353515625,0.5,59.328338623046875,-2.9555740356445312,-134.89425659179688
1750932292.731189,1.0,0.5,"[174.0, 185.0, 200.0, 153.0, 128.0, 122.0, 129.0, 155.0, 185.0, 174.0]",10.188590049743652,0.5,59.478729248046875,-2.9717140197753906,-135.0308074951172
1750932292.7494347,1.0,0.5,"[174.0, 185.0, 201.0, 152.0, 127.0, 122.0, 130.0, 153.0, 185.0, 174.0]",10.048747062683105,0.5,59.6256103515625,-2.987224578857422,-135.16709899902344
1750932292.7679946,1.0,0.5,"[174.0, 185.0, 201.0, 151.0, 127.0, 121.0, 130.0, 151.0, 185.0, 174.0]",10.420802116394043,0.5,59.774322509765625,-3.002452850341797,-135.3123016357422
1750932292.786079,1.0,0.5,"[174.0, 185.0, 201.0, 149.0, 127.0, 120.0, 131.0, 150.0, 185.0, 174.0]",10.170832633972168,0.5,59.916839599609375,-3.016660690307617,-135.45675659179688
1750932292.8039749,1.0,0.5,"[174.0, 185.0, 201.0, 148.0, 127.0, 120.0, 131.0, 151.0, 185.0, 174.0]",10.491605758666992,0.5,60.060546875,-3.030467987060547,-135.60903930664062
1750932292.8226788,1.0,0.5,"[174.0, 185.0, 201.0, 147.0, 127.0, 119.0, 130.0, 151.0, 185.0, 174.0]",10.199101448059082,0.5,60.197235107421875,-3.043092727661133,-135.75990295410156
1750932292.8553832,1.0,0.5,"[174.0, 185.0, 203.0, 146.0, 126.0, 119.0, 129.0, 153.0, 185.0, 174.0]",10.564647674560547,0.5,60.3358154296875,-3.055349349975586,-135.9189453125
1750932292.8737786,1.0,0.5,"[174.0, 185.0, 203.0, 145.0, 126.0, 119.0, 128.0, 153.0, 185.0, 174.0]",10.412945747375488,0.5,60.469207763671875,-3.0666332244873047,-136.07847595214844
1750932292.8923051,1.0,0.5,"[174.0, 185.0, 204.0, 144.0, 126.0, 119.0, 126.0, 154.0, 185.0, 174.0]",10.456321716308594,0.5,60.59869384765625,-3.0768280029296875,-136.2423858642578
1750932292.9113119,1.0,0.5,"[174.0, 185.0, 204.0, 143.0, 126.0, 118.0, 126.0, 155.0, 185.0, 174.0]",10.483662605285645,0.5,60.727325439453125,-3.0866756439208984,-136.40765380859375
1750932292.9295611,1.0,0.5,"[174.0, 185.0, 206.0, 141.0, 126.0, 118.0, 125.0, 155.0, 185.0, 174.0]",10.637898445129395,0.5,60.852996826171875,-3.095640182495117,-136.57911682128906
1750932292.9476545,1.0,0.5,"[174.0, 185.0, 207.0, 141.0, 125.0, 118.0, 125.0, 153.0, 185.0, 174.0]",10.645683288574219,0.5,60.97467041015625,-3.1038284301757812,-136.75363159179688
1750932292.9657664,1.0,0.5,"[174.0, 185.0, 207.0, 140.0, 124.0, 118.0, 124.0, 151.0, 185.0, 174.0]",10.829558372497559,0.5,61.095458984375,-3.1115150451660156,-136.93325805664062
1750932292.9847155,1.0,0.5,"[174.0, 185.0, 211.0, 137.0, 123.0, 118.0, 124.0, 150.0, 185.0, 174.0]",10.683274269104004,0.5,61.210540771484375,-3.118307113647461,-137.11314392089844
1750932293.0032496,1.0,0.5,"[174.0, 185.0, 212.0, 137.0, 122.0, 118.0, 124.0, 150.0, 185.0, 174.0]",10.944255828857422,0.5,61.32489013671875,-3.124502182006836,-137.29969787597656
1750932293.0366666,1.0,0.5,"[174.0, 185.0, 214.0, 137.0, 121.0, 118.0, 123.0, 148.0, 185.0, 174.0]",10.806280136108398,0.5,61.4337158203125,-3.129791259765625,-137.48634338378906
1750932293.0547333,1.0,0.5,"[174.0, 185.0, 217.0, 138.0, 120.0, 118.0, 123.0, 147.0, 185.0, 174.0]",10.874164581298828,0.5,61.538482666015625,-3.134225845336914,-137.6768798828125
1750932293.072959,1.0,0.5,"[174.0, 185.0, 223.0, 138.0, 120.0, 118.0, 123.0, 147.0, 185.0, 174.0]",10.878925323486328,0.5,61.639984130859375,-3.1379776000976562,-137.86929321289062
1750932293.0910902,1.0,0.5,"[174.0, 185.0, 223.0, 138.0, 119.0, 118.0, 123.0, 147.0, 185.0, 174.0]",10.88792610168457,0.5,61.73736572265625,-3.140871047973633,-138.0640411376953
1750932293.1089005,1.0,0.0,"[174.0, 185.0, 221.0, 139.0, 118.0, 117.0, 123.0, 146.0, 185.0, 174.0]",11.077081680297852,0.5,61.832550048828125,-3.1430816650390625,-138.2640838623047
1750932293.1267476,1.0,0.0,"[174.0, 185.0, 220.0, 140.0, 117.0, 116.0, 123.0, 145.0, 185.0, 174.0]",10.921306610107422,0.5,61.920501708984375,-3.144235610961914,-138.46401977539062
1750932293.1450586,1.0,0.0,"[174.0, 185.0, 220.0, 141.0, 116.0, 115.0, 123.0, 145.0, 185.0, 174.0]",10.660980224609375,0.5,62.00311279296875,-3.1447792053222656,-138.66058349609375
1750932293.163061,1.0,0.0,"[174.0, 185.0, 218.0, 143.0, 116.0, 114.0, 124.0, 145.0, 185.0, 174.0]",10.412528991699219,0.5,62.079498291015625,-3.1445751190185547,-138.8543243408203
1750932293.194472,1.0,0.0,"[174.0, 185.0, 218.0, 144.0, 115.0, 113.0, 124.0, 145.0, 185.0, 174.0]",10.161520004272461,0.5,62.150054931640625,-3.1437244415283203,-139.04490661621094
1750932293.211176,1.0,0.0,"[174.0, 185.0, 217.0, 145.0, 115.0, 112.0, 124.0, 145.0, 185.0, 174.0]",9.913546562194824,0.5,62.215087890625,-3.1422958374023438,-139.23220825195312
1750932293.2283485,1.0,0.0,"[174.0, 185.0, 217.0, 146.0, 112.0, 111.0, 123.0, 145.0, 185.0, 174.0]",9.664834976196289,0.5,62.2747802734375,-3.1403255462646484,-139.41604614257812
1750932293.245905,1.0,0.0,"[174.0, 185.0, 215.0, 147.0, 112.0, 110.0, 122.0, 145.0, 185.0, 174.0]",9.415462493896484,0.5,62.329376220703125,-3.1378402709960938,-139.59625244140625
1750932293.2637367,1.0,0.5,"[174.0, 185.0, 215.0, 148.0, 113.0, 110.0, 121.0, 146.0, 185.0, 174.0]",9.167000770568848,0.5,62.379150390625,-3.134906768798828,-139.77267456054688
1750932293.295743,1.0,0.5,"[174.0, 185.0, 214.0, 149.0, 114.0, 109.0, 119.0, 147.0, 185.0, 174.0]",8.920120239257812,0.5,62.424407958984375,-3.1315956115722656,-139.94520568847656
1750932293.3138137,1.0,0.5,"[174.0, 185.0, 214.0, 152.0, 114.0, 108.0, 118.0, 147.0, 185.0, 174.0]",9.309808731079102,0.5,62.468414306640625,-3.1277198791503906,-140.12608337402344
1750932293.331378,1.0,0.5,"[174.0, 185.0, 214.0, 153.0, 115.0, 107.0, 117.0, 147.0, 185.0, 174.0]",9.06181526184082,0.5,62.507965087890625,-3.123495101928711,-140.3029022216797
1750932293.3483007,1.0,0.5,"[174.0, 185.0, 212.0, 155.0, 116.0, 107.0, 116.0, 145.0, 185.0, 174.0]",9.276244163513184,0.5,62.54498291015625,-3.1187057495117188,-140.48463439941406
1750932293.3653893,1.0,0.5,"[174.0, 185.0, 212.0, 156.0, 116.0, 106.0, 115.0, 144.0, 185.0, 174.0]",9.011913299560547,0.5,62.577911376953125,-3.1136322021484375,-140.66177368164062
1750932293.3825934,1.0,0.5,"[174.0, 185.0, 211.0, 159.0, 117.0, 103.0, 114.0, 141.0, 185.0, 174.0]",9.359822273254395,0.5,62.608551025390625,-3.107877731323242,-140.8463592529297
1750932293.42761,1.0,0.0,"[174.0, 185.0, 211.0, 161.0, 118.0, 104.0, 113.0, 139.0, 185.0, 174.0]",9.055554389953613,0.5,62.635101318359375,-3.1018428802490234,-141.02542114257812
1750932293.4447234,1.0,0.0,"[174.0, 185.0, 209.0, 162.0, 119.0, 104.0, 111.0, 137.0, 185.0, 174.0]",9.299348831176758,0.5,62.6585693359375,-3.095111846923828,-141.2097930908203
1750932293.4462707,1.0,0.0,"[174.0, 185.0, 209.0, 162.0, 119.0, 104.0, 111.0, 137.0, 185.0, 174.0]",9.055510520935059,0.5,62.678131103515625,-3.0880870819091797,-141.38970947265625
1750932293.463755,1.0,0.0,"[174.0, 185.0, 207.0, 168.0, 121.0, 105.0, 109.0, 133.0, 185.0, 174.0]",8.799810409545898,0.5,62.693878173828125,-3.0807971954345703,-141.56484985351562
1750932293.4950988,1.0,0.0,"[174.0, 185.0, 207.0, 167.0, 122.0, 106.0, 109.0, 131.0, 185.0, 174.0]",8.548517227172852,0.5,62.70611572265625,-3.073270797729492,-141.73521423339844
1750932293.5128775,1.0,0.0,"[174.0, 185.0, 206.0, 167.0, 123.0, 107.0, 104.0, 130.0, 185.0, 174.0]",8.29511833190918,0.5,62.715087890625,-3.0655517578125,-141.90069580078125
1750932293.5298555,1.0,0.0,"[174.0, 185.0, 206.0, 167.0, 124.0, 107.0, 106.0, 128.0, 185.0, 174.0]",8.041655540466309,0.5,62.721038818359375,-3.0576553344726562,-142.06121826171875
1750932293.5475228,1.0,0.0,"[174.0, 185.0, 206.0, 166.0, 125.0, 108.0, 106.0, 127.0, 185.0, 174.0]",7.786944389343262,0.5,62.724212646484375,-3.0496063232421875,-142.2167205810547
1750932293.5655162,1.0,0.5,"[174.0, 185.0, 204.0, 166.0, 126.0, 108.0, 106.0, 126.0, 182.0, 174.0]",7.533310890197754,0.5,62.724945068359375,-3.0414562225341797,-142.36715698242188
1750932293.5831583,1.0,0.5,"[174.0, 185.0, 204.0, 164.0, 127.0, 109.0, 107.0, 125.0, 179.0, 174.0]",7.27918815612793,0.5,62.723419189453125,-3.0332393646240234,-142.5124969482422
1750932293.6153464,1.0,0.5,"[174.0, 185.0, 203.0, 164.0, 128.0, 110.0, 107.0, 123.0, 176.0, 174.0]",7.656159400939941,0.5,62.719635009765625,-3.024251937866211,-142.66531372070312
1750932293.633517,1.0,0.5,"[174.0, 185.0, 203.0, 163.0, 129.0, 111.0, 108.0, 119.0, 173.0, 174.0]",7.408727169036865,0.5,62.713592529296875,-3.0151939392089844,-142.81307983398438
1750932293.6506062,1.0,0.5,"[174.0, 185.0, 203.0, 163.0, 131.0, 111.0, 108.0, 119.0, 170.0, 174.0]",7.745380401611328,0.5,62.705047607421875,-3.005390167236328,-142.96743774414062
1750932293.668746,1.0,0.5,"[174.0, 185.0, 201.0, 162.0, 133.0, 112.0, 109.0, 119.0, 169.0, 174.0]",7.489473819732666,0.5,62.6944580078125,-2.995565414428711,-143.1165313720703
1750932293.6866684,1.0,0.5,"[174.0, 185.0, 201.0, 162.0, 134.0, 113.0, 110.0, 120.0, 167.0, 174.0]",7.799903869628906,0.5,62.681243896484375,-2.9850082397460938,-143.2716064453125
1750932293.7049038,1.0,0.5,"[174.0, 185.0, 200.0, 161.0, 136.0, 114.0, 110.0, 120.0, 164.0, 174.0]",7.543835163116455,0.5,62.66583251953125,-2.974376678466797,-143.4213104248047
1750932293.7231069,1.0,0.5,"[174.0, 185.0, 200.0, 161.0, 137.0, 115.0, 111.0, 121.0, 154.0, 174.0]",7.822675704956055,0.5,62.647674560546875,-2.9629745483398438,-143.5762939453125
1750932293.7574792,1.0,0.5,"[174.0, 185.0, 200.0, 161.0, 139.0, 116.0, 112.0, 122.0, 155.0, 174.0]",7.563137054443359,0.5,62.62750244140625,-2.951547622680664,-143.72576904296875
1750932293.7766182,1.0,0.5,"[174.0, 185.0, 198.0, 160.0, 140.0, 117.0, 113.0, 123.0, 155.0, 174.0]",7.805808067321777,0.5,62.6041259765625,-2.9393444061279297,-143.879638671875
1750932293.7953901,1.0,0.5,"[174.0, 185.0, 198.0, 160.0, 149.0, 118.0, 114.0, 123.0, 155.0, 174.0]",7.764276027679443,0.5,62.5797119140625,-2.927000045776367,-144.03250122070312
1750932293.8150966,1.0,0.5,"[174.0, 185.0, 197.0, 159.0, 148.0, 119.0, 115.0, 125.0, 157.0, 174.0]",7.814560413360596,0.5,62.550384521484375,-2.913846969604492,-144.18545532226562
1750932293.834479,1.0,0.5,"[174.0, 185.0, 197.0, 159.0, 148.0, 121.0, 116.0, 125.0, 158.0, 174.0]",7.875957489013672,0.5,62.521453857421875,-2.900646209716797,-144.3397216796875
1750932293.8530242,1.0,0.5,"[174.0, 185.0, 195.0, 158.0, 147.0, 122.0, 117.0, 127.0, 159.0, 174.0]",7.937900543212891,0.5,62.487548828125,-2.886655807495117,-144.4941864013672
1750932293.8731763,1.0,0.5,"[174.0, 185.0, 193.0, 158.0, 147.0, 123.0, 118.0, 128.0, 161.0, 174.0]",7.759303092956543,0.5,62.453094482421875,-2.872760772705078,-144.64486694335938
1750932293.892603,1.0,0.5,"[174.0, 185.0, 192.0, 158.0, 146.0, 124.0, 119.0, 130.0, 162.0, 174.0]",8.091477394104004,0.5,62.413848876953125,-2.85772705078125,-144.8011474609375
1750932293.9128199,1.0,0.5,"[174.0, 185.0, 190.0, 156.0, 146.0, 126.0, 121.0, 130.0, 164.0, 174.0]",7.829604625701904,0.5,62.3739013671875,-2.8428573608398438,-144.9518280029297
1750932293.932602,1.0,0.5,"[174.0, 185.0, 189.0, 156.0, 145.0, 127.0, 122.0, 132.0, 165.0, 174.0]",8.227994918823242,0.5,62.329345703125,-2.826824188232422,-145.10943603515625
1750932293.9523072,1.0,0.5,"[174.0, 185.0, 188.0, 155.0, 145.0, 129.0, 124.0, 133.0, 167.0, 174.0]",7.9654974937438965,0.5,62.283599853515625,-2.810901641845703,-145.26119995117188
1750932293.9720826,1.0,0.5,"[174.0, 185.0, 187.0, 155.0, 144.0, 130.0, 125.0, 134.0, 169.0, 174.0]",7.995763301849365,0.5,62.234771728515625,-2.79443359375,-145.41258239746094
1750932293.9917226,1.0,0.5,"[174.0, 185.0, 186.0, 155.0, 144.0, 133.0, 126.0, 136.0, 170.0, 174.0]",8.05467414855957,0.5,62.18438720703125,-2.7776317596435547,-145.56466674804688
1750932294.011772,1.0,0.5,"[174.0, 185.0, 184.0, 154.0, 143.0, 135.0, 128.0, 138.0, 173.0, 174.0]",8.06227970123291,0.5,62.129638671875,-2.7602005004882812,-145.71533203125
1750932294.0308206,1.0,0.5,"[174.0, 185.0, 183.0, 154.0, 143.0, 136.0, 130.0, 140.0, 174.0, 174.0]",8.139435768127441,0.5,62.0743408203125,-2.742565155029297,-145.86741638183594
1750932294.0508735,1.0,0.5,"[174.0, 185.0, 181.0, 155.0, 142.0, 149.0, 131.0, 142.0, 177.0, 174.0]",8.09217357635498,0.5,62.01416015625,-2.7243099212646484,-146.01654052734375
1750932294.070922,1.0,0.5,"[174.0, 185.0, 179.0, 153.0, 142.0, 149.0, 132.0, 143.0, 179.0, 174.0]",8.262635231018066,0.5,61.95208740234375,-2.7055091857910156,-146.1685333251953
1750932294.0904791,1.0,0.5,"[174.0, 185.0, 178.0, 153.0, 142.0, 148.0, 134.0, 145.0, 182.0, 174.0]",8.101873397827148,0.5,61.887786865234375,-2.686565399169922,-146.31607055664062
1750932294.1102493,1.0,0.5,"[174.0, 185.0, 176.0, 152.0, 141.0, 148.0, 136.0, 147.0, 184.0, 174.0]",8.22038745880127,0.5,61.820465087890625,-2.667043685913086,-146.46478271484375
1750932294.1301115,1.0,0.5,"[174.0, 185.0, 175.0, 151.0, 141.0, 147.0, 138.0, 149.0, 185.0, 174.0]",8.25426197052002,0.5,61.75103759765625,-2.6472206115722656,-146.6132354736328
1750932294.1500797,1.0,0.5,"[174.0, 185.0, 173.0, 149.0, 140.0, 146.0, 139.0, 150.0, 185.0, 174.0]",8.137701988220215,0.5,61.678955078125,-2.6271934509277344,-146.75778198242188
1750932294.169818,1.0,0.5,"[174.0, 185.0, 172.0, 148.0, 140.0, 146.0, 140.0, 153.0, 185.0, 174.0]",8.211899757385254,0.5,61.605072021484375,-2.6067771911621094,-146.9030303955078
1750932294.1895418,1.0,0.5,"[174.0, 185.0, 171.0, 147.0, 139.0, 145.0, 143.0, 155.0, 185.0, 174.0]",8.2554292678833,0.5,61.526275634765625,-2.5856151580810547,-147.04656982421875
1750932294.2098942,1.0,0.5,"[174.0, 185.0, 169.0, 146.0, 139.0, 145.0, 144.0, 156.0, 185.0, 174.0]",8.236358642578125,0.5,61.448089599609375,-2.5645751953125,-147.1900177001953
1750932294.2301178,1.0,0.5,"[174.0, 185.0, 167.0, 145.0, 141.0, 144.0, 146.0, 159.0, 185.0, 174.0]",8.34076976776123,0.5,61.364013671875,-2.5427188873291016,-147.33242797851562
1750932294.2500265,1.0,0.5,"[174.0, 185.0, 165.0, 144.0, 138.0, 144.0, 154.0, 161.0, 185.0, 174.0]",8.281441688537598,0.5,61.279296875,-2.520893096923828,-147.47305297851562
1750932294.270197,1.0,0.5,"[174.0, 185.0, 164.0, 143.0, 138.0, 143.0, 164.0, 163.0, 185.0, 174.0]",8.33056354522705,0.5,61.191314697265625,-2.498584747314453,-147.61277770996094
1750932294.2909713,0.0,0.5,"[174.0, 185.0, 162.0, 140.0, 137.0, 143.0, 169.0, 165.0, 185.0, 174.0]",8.330166816711426,0.5,61.101165771484375,-2.4759769439697266,-147.7510528564453
1750932294.31112,0.0,0.5,"[174.0, 185.0, 162.0, 140.0, 137.0, 142.0, 169.0, 166.0, 185.0, 174.0]",8.397768020629883,0.0,61.024444580078125,-2.4544734954833984,-147.89889526367188
1750932294.331126,0.0,0.5,"[174.0, 185.0, 161.0, 140.0, 137.0, 142.0, 169.0, 165.0, 185.0, 174.0]",8.20754623413086,0.0,60.961334228515625,-2.434650421142578,-148.04913330078125
1750932294.3511746,0.0,0.5,"[174.0, 185.0, 161.0, 139.0, 137.0, 142.0, 168.0, 166.0, 185.0, 174.0]",8.26518440246582,0.0,60.893280029296875,-2.4142093658447266,-148.19837951660156
1750932294.371421,0.0,0.5,"[174.0, 185.0, 161.0, 139.0, 137.0, 142.0, 168.0, 165.0, 185.0, 174.0]",8.46570110321045,0.0,60.825103759765625,-2.3933067321777344,-148.35194396972656
1750932294.3913965,0.0,0.5,"[174.0, 185.0, 159.0, 139.0, 136.0, 142.0, 168.0, 165.0, 185.0, 174.0]",8.467696189880371,0.0,60.756988525390625,-2.372333526611328,-148.5055694580078
1750932294.4110994,0.0,0.5,"[174.0, 185.0, 159.0, 139.0, 136.0, 142.0, 168.0, 165.0, 185.0, 174.0]",8.426484107971191,0.0,60.688262939453125,-2.35125732421875,-148.65798950195312
1750932294.431482,0.0,0.5,"[174.0, 185.0, 159.0, 138.0, 136.0, 141.0, 167.0, 165.0, 185.0, 174.0]",8.318328857421875,0.0,60.62200927734375,-2.330659866333008,-148.8092041015625
1750932294.4512615,-1.0,0.5,"[174.0, 185.0, 159.0, 138.0, 136.0, 141.0, 167.0, 165.0, 185.0, 174.0]",8.692475318908691,0.0,60.55096435546875,-2.3088226318359375,-148.96636962890625
1750932294.4713829,-1.0,0.5,"[174.0, 185.0, 159.0, 138.0, 136.0, 141.0, 167.0, 164.0, 185.0, 174.0]",8.215079307556152,-0.5,60.50335693359375,-2.2902183532714844,-149.12252807617188
1750932294.4913564,-1.0,0.5,"[174.0, 185.0, 160.0, 139.0, 136.0, 141.0, 167.0, 161.0, 185.0, 174.0]",8.236873626708984,-0.5,60.469879150390625,-2.2731189727783203,-149.2829132080078
1750932294.5116646,-1.0,0.5,"[174.0, 185.0, 161.0, 140.0, 137.0, 142.0, 168.0, 159.0, 185.0, 174.0]",8.280913352966309,-0.5,60.43353271484375,-2.255594253540039,-149.44354248046875
1750932294.5319772,0.0,0.5,"[174.0, 185.0, 162.0, 141.0, 137.0, 142.0, 164.0, 156.0, 185.0, 174.0]",8.273353576660156,-0.5,60.40283203125,-2.238668441772461,-149.60525512695312
1750932294.552338,0.0,0.5,"[174.0, 185.0, 162.0, 141.0, 137.0, 142.0, 163.0, 155.0, 185.0, 174.0]",8.076733589172363,0.0,60.3524169921875,-2.2197723388671875,-149.75755310058594
1750932294.5724974,0.0,0.5,"[174.0, 185.0, 162.0, 141.0, 137.0, 141.0, 164.0, 155.0, 185.0, 174.0]",8.310006141662598,0.0,60.292724609375,-2.199491500854492,-149.9113311767578
1750932294.592018,0.0,0.5,"[174.0, 185.0, 161.0, 140.0, 136.0, 141.0, 166.0, 155.0, 185.0, 174.0]",8.165303230285645,0.0,60.23785400390625,-2.1797447204589844,-150.06387329101562
1750932294.6122081,0.0,0.5,"[174.0, 185.0, 161.0, 140.0, 136.0, 141.0, 166.0, 155.0, 185.0, 174.0]",8.359339714050293,0.0,60.1800537109375,-2.15924072265625,-150.2194061279297
1750932294.6326177,0.0,0.5,"[174.0, 185.0, 161.0, 140.0, 136.0, 141.0, 166.0, 155.0, 185.0, 174.0]",8.317082405090332,0.0,60.123260498046875,-2.138784408569336,-150.37440490722656
1750932294.6525931,0.0,0.5,"[174.0, 185.0, 160.0, 140.0, 136.0, 141.0, 167.0, 155.0, 185.0, 174.0]",8.137128829956055,0.0,60.0675048828125,-2.118694305419922,-150.52598571777344
1750932294.6727479,0.0,0.5,"[174.0, 185.0, 160.0, 139.0, 136.0, 141.0, 166.0, 154.0, 185.0, 174.0]",8.405000686645508,0.0,60.009857177734375,-2.0978336334228516,-150.6824951171875
1750932294.6928053,0.0,0.5,"[174.0, 185.0, 159.0, 139.0, 136.0, 140.0, 166.0, 154.0, 185.0, 174.0]",8.167969703674316,0.0,59.954010009765625,-2.0774879455566406,-150.83465576171875
1750932294.7128744,0.0,0.5,"[174.0, 185.0, 159.0, 139.0, 136.0, 140.0, 166.0, 153.0, 185.0, 174.0]",8.218442916870117,0.0,59.898101806640625,-2.0569114685058594,-150.98785400390625
1750932294.7328558,0.0,0.5,"[174.0, 185.0, 159.0, 139.0, 136.0, 140.0, 166.0, 154.0, 185.0, 174.0]",8.56827163696289,0.0,59.83917236328125,-2.035245895385742,-151.14730834960938
1750932294.7529547,0.0,0.5,"[174.0, 185.0, 159.0, 139.0, 135.0, 140.0, 164.0, 155.0, 185.0, 174.0]",8.329610824584961,0.0,59.782501220703125,-2.014202117919922,-151.3025360107422
1750932294.772735,0.0,0.5,"[174.0, 185.0, 158.0, 138.0, 135.0, 140.0, 164.0, 156.0, 185.0, 174.0]",8.617212295532227,0.0,59.72344970703125,-1.9923439025878906,-151.4629669189453
1750932294.792297,0.0,0.5,"[174.0, 185.0, 158.0, 138.0, 135.0, 140.0, 164.0, 158.0, 185.0, 174.0]",8.512263298034668,0.0,59.66534423828125,-1.970632553100586,-151.6215057373047
1750932294.8123755,0.0,0.5,"[174.0, 185.0, 158.0, 138.0, 135.0, 140.0, 164.0, 159.0, 185.0, 174.0]",8.513394355773926,0.0,59.6068115234375,-1.9487686157226562,-151.77989196777344
1750932294.8329682,0.0,0.5,"[174.0, 185.0, 158.0, 137.0, 134.0, 139.0, 163.0, 160.0, 185.0, 174.0]",8.619879722595215,0.0,59.548004150390625,-1.926626205444336,-151.9404296875
1750932294.8528295,0.0,0.5,"[174.0, 185.0, 156.0, 137.0, 134.0, 139.0, 163.0, 162.0, 185.0, 174.0]",8.427650451660156,0.0,59.490570068359375,-1.9049205780029297,-152.09739685058594
1750932294.8730595,0.0,0.5,"[174.0, 185.0, 156.0, 137.0, 134.0, 139.0, 163.0, 163.0, 185.0, 174.0]",8.685911178588867,0.0,59.430938720703125,-1.8824844360351562,-152.25900268554688
1750932294.892828,0.0,0.5,"[174.0, 185.0, 156.0, 137.0, 134.0, 139.0, 163.0, 164.0, 185.0, 174.0]",8.627220153808594,0.0,59.371978759765625,-1.8601703643798828,-152.41961669921875
1750932294.9132967,0.0,0.5,"[174.0, 185.0, 156.0, 136.0, 133.0, 139.0, 163.0, 165.0, 185.0, 174.0]",8.835746765136719,0.0,59.3116455078125,-1.8372516632080078,-152.58412170410156
1750932294.9332511,0.0,0.5,"[174.0, 185.0, 155.0, 136.0, 133.0, 139.0, 163.0, 167.0, 185.0, 174.0]",8.72377872467041,0.0,59.251800537109375,-1.814523696899414,-152.74642944335938
1750932294.9532006,0.0,0.5,"[174.0, 185.0, 155.0, 135.0, 133.0, 139.0, 162.0, 168.0, 185.0, 174.0]",8.913581848144531,0.0,59.19110107421875,-1.7913494110107422,-152.91244506835938
1750932294.9733133,-1.0,0.5,"[174.0, 185.0, 155.0, 134.0, 131.0, 139.0, 162.0, 169.0, 185.0, 174.0]",8.777791976928711,0.0,59.130889892578125,-1.7684459686279297,-153.07574462890625
1750932294.993022,-1.0,0.5,"[174.0, 185.0, 155.0, 135.0, 133.0, 139.0, 162.0, 167.0, 185.0, 174.0]",8.650041580200195,-0.5,59.089141845703125,-1.7474517822265625,-153.2423095703125
1750932295.012367,-1.0,0.5,"[174.0, 185.0, 156.0, 136.0, 134.0, 139.0, 163.0, 164.0, 183.0, 174.0]",8.327666282653809,-0.5,59.064788818359375,-1.7288246154785156,-153.40602111816406
1750932295.0319397,0.0,0.5,"[174.0, 185.0, 158.0, 137.0, 134.0, 139.0, 163.0, 162.0, 181.0, 174.0]",8.593832969665527,-0.5,59.039703369140625,-1.7096214294433594,-153.57496643066406
1750932295.0517735,0.0,0.5,"[174.0, 185.0, 158.0, 137.0, 135.0, 139.0, 163.0, 162.0, 181.0, 174.0]",8.517547607421875,0.0,58.995208740234375,-1.6886367797851562,-153.73805236816406
1750932295.0709207,0.0,0.5,"[174.0, 185.0, 158.0, 136.0, 134.0, 139.0, 163.0, 164.0, 184.0, 174.0]",8.481732368469238,0.0,58.942474365234375,-1.6669692993164062,-153.89781188964844
1750932295.090886,0.0,0.5,"[174.0, 185.0, 158.0, 136.0, 134.0, 139.0, 163.0, 164.0, 185.0, 174.0]",8.502103805541992,0.0,58.892578125,-1.6454181671142578,-154.05892944335938
1750932295.110945,0.0,0.5,"[174.0, 185.0, 156.0, 136.0, 134.0, 139.0, 163.0, 165.0, 185.0, 174.0]",8.686949729919434,0.0,58.841583251953125,-1.6234569549560547,-154.2235565185547
1750932295.130736,0.0,0.5,"[174.0, 185.0, 156.0, 136.0, 134.0, 139.0, 162.0, 166.0, 185.0, 174.0]",8.499234199523926,0.0,58.790496826171875,-1.6017265319824219,-154.38421630859375
1750932295.1500502,0.0,0.5,"[174.0, 185.0, 156.0, 135.0, 133.0, 139.0, 162.0, 167.0, 185.0, 174.0]",8.773862838745117,0.0,58.739166259765625,-1.5794410705566406,-154.550537109375
1750932295.1692088,0.0,0.5,"[174.0, 185.0, 156.0, 134.0, 133.0, 139.0, 162.0, 167.0, 185.0, 174.0]",8.642504692077637,0.0,58.6876220703125,-1.5573692321777344,-154.7140350341797
1750932295.1885474,0.0,0.5,"[174.0, 185.0, 156.0, 134.0, 133.0, 138.0, 162.0, 169.0, 185.0, 174.0]",8.688070297241211,0.0,58.63653564453125,-1.5352439880371094,-154.87863159179688
1750932295.2084115,0.0,0.5,"[174.0, 185.0, 155.0, 134.0, 133.0, 138.0, 162.0, 170.0, 185.0, 174.0]",8.711163520812988,0.0,58.584747314453125,-1.5129814147949219,-155.04348754882812
1750932295.2282832,0.0,0.5,"[174.0, 185.0, 155.0, 133.0, 131.0, 138.0, 162.0, 170.0, 185.0, 174.0]",8.733664512634277,0.0,58.53326416015625,-1.4906978607177734,-155.2089080810547
1750932295.248347,0.0,0.5,"[174.0, 185.0, 155.0, 133.0, 131.0, 138.0, 162.0, 171.0, 185.0, 174.0]",8.709393501281738,0.0,58.48175048828125,-1.4684162139892578,-155.37380981445312
1750932295.2680678,-1.0,0.5,"[174.0, 185.0, 154.0, 133.0, 131.0, 138.0, 162.0, 172.0, 185.0, 174.0]",8.78491497039795,0.0,58.4298095703125,-1.4459590911865234,-155.54014587402344
1750932295.2874084,-1.0,0.5,"[174.0, 185.0, 155.0, 133.0, 133.0, 138.0, 162.0, 170.0, 185.0, 174.0]",8.416251182556152,-0.5,58.3955078125,-1.4257068634033203,-155.7036895751953
1750932295.3071716,-1.0,0.5,"[174.0, 185.0, 155.0, 134.0, 134.0, 139.0, 162.0, 167.0, 185.0, 174.0]",8.550131797790527,-0.5,58.38031005859375,-1.4070262908935547,-155.87298583984375
1750932295.3261793,0.0,0.5,"[174.0, 185.0, 156.0, 136.0, 135.0, 139.0, 160.0, 165.0, 185.0, 174.0]",8.283682823181152,-0.5,58.363372802734375,-1.3887825012207031,-156.03677368164062
1750932295.345499,0.0,0.5,"[174.0, 185.0, 156.0, 136.0, 135.0, 139.0, 160.0, 165.0, 185.0, 174.0]",8.519400596618652,0.0,58.328369140625,-1.3684005737304688,-156.2022705078125
1750932295.3653483,0.0,0.5,"[174.0, 185.0, 155.0, 135.0, 135.0, 139.0, 160.0, 167.0, 185.0, 174.0]",8.46558952331543,0.0,58.2833251953125,-1.3473052978515625,-156.36412048339844
1750932295.3846004,0.0,0.5,"[174.0, 185.0, 155.0, 135.0, 135.0, 139.0, 160.0, 167.0, 185.0, 174.0]",8.328068733215332,0.0,58.242828369140625,-1.3268146514892578,-156.52438354492188
1750932295.4044242,0.0,0.5,"[174.0, 185.0, 155.0, 134.0, 135.0, 139.0, 160.0, 167.0, 185.0, 174.0]",8.620492935180664,0.0,58.199615478515625,-1.3055305480957031,-156.68992614746094
1750932295.423614,0.0,0.5,"[174.0, 185.0, 155.0, 134.0, 134.0, 139.0, 160.0, 168.0, 185.0, 174.0]",8.528824806213379,0.0,58.15716552734375,-1.284454345703125,-156.85379028320312
1750932295.4593384,0.0,0.5,"[174.0, 185.0, 155.0, 134.0, 135.0, 139.0, 160.0, 169.0, 185.0, 174.0]",8.727307319641113,0.0,58.113433837890625,-1.2628173828125,-157.02137756347656
1750932295.4793997,0.0,0.5,"[174.0, 185.0, 153.0, 134.0, 134.0, 139.0, 160.0, 170.0, 185.0, 174.0]",8.553146362304688,0.0,58.070953369140625,-1.2416229248046875,-157.18572998046875
1750932295.501819,-1.0,0.5,"[174.0, 185.0, 153.0, 133.0, 135.0, 139.0, 160.0, 170.0, 185.0, 174.0]",8.708455085754395,0.0,58.02734375,-1.2200489044189453,-157.35296630859375
1750932295.5233135,-1.0,0.5,"[174.0, 185.0, 154.0, 134.0, 135.0, 139.0, 160.0, 169.0, 185.0, 174.0]",8.296399116516113,-0.5,58.006011962890625,-1.2011432647705078,-157.5164337158203
1750932295.545526,0.0,0.5,"[174.0, 185.0, 155.0, 136.0, 135.0, 139.0, 158.0, 165.0, 185.0, 174.0]",8.39411449432373,-0.5,57.999053955078125,-1.1832942962646484,-157.68321228027344
1750932295.5665698,0.0,0.5,"[174.0, 185.0, 155.0, 136.0, 135.0, 139.0, 158.0, 165.0, 185.0, 174.0]",8.23103141784668,0.0,57.97528076171875,-1.164285659790039,-157.84500122070312
1750932295.5684042,0.0,0.5,"[174.0, 185.0, 155.0, 136.0, 135.0, 139.0, 158.0, 165.0, 185.0, 174.0]",8.28934383392334,0.0,57.937713623046875,-1.143991470336914,-158.0052032470703
1750932295.5876637,0.0,0.5,"[174.0, 185.0, 155.0, 136.0, 135.0, 139.0, 158.0, 166.0, 185.0, 174.0]",8.270110130310059,0.0,57.903411865234375,-1.1239337921142578,-158.16575622558594
1750932295.6071637,0.0,0.5,"[174.0, 185.0, 155.0, 135.0, 135.0, 139.0, 158.0, 167.0, 185.0, 174.0]",8.334691047668457,0.0,57.867584228515625,-1.1036109924316406,-158.32728576660156
1750932295.6265903,0.0,0.5,"[174.0, 185.0, 154.0, 134.0, 135.0, 139.0, 158.0, 167.0, 185.0, 174.0]",8.409212112426758,0.0,57.831878662109375,-1.0831012725830078,-158.49034118652344
1750932295.6457672,0.0,0.5,"[174.0, 185.0, 153.0, 134.0, 135.0, 139.0, 158.0, 167.0, 185.0, 174.0]",8.415040969848633,0.0,57.796051025390625,-1.0625381469726562,-158.6534881591797
1750932295.6650288,0.0,0.5,"[174.0, 185.0, 153.0, 134.0, 135.0, 139.0, 158.0, 168.0, 185.0, 174.0]",8.432454109191895,0.0,57.76007080078125,-1.0418567657470703,-158.81695556640625
1750932295.6841624,-1.0,0.5,"[174.0, 185.0, 153.0, 134.0, 135.0, 138.0, 158.0, 169.0, 185.0, 174.0]",8.43562126159668,0.0,57.724090576171875,-1.021108627319336,-158.98048400878906
1750932295.7039464,-1.0,0.5,"[174.0, 185.0, 153.0, 134.0, 135.0, 139.0, 156.0, 167.0, 185.0, 174.0]",8.169510841369629,-0.5,57.70697021484375,-1.002431869506836,-159.1418914794922
1750932295.7228816,-1.0,0.5,"[174.0, 185.0, 155.0, 136.0, 135.0, 139.0, 154.0, 164.0, 185.0, 174.0]",8.052475929260254,-0.5,57.7071533203125,-0.9855690002441406,-159.30206298828125
1750932295.7573888,0.0,0.5,"[174.0, 185.0, 155.0, 137.0, 135.0, 139.0, 153.0, 162.0, 185.0, 174.0]",8.124248504638672,-0.5,57.703155517578125,-0.9682121276855469,-159.46356201171875
1750932295.7770007,0.0,0.5,"[174.0, 185.0, 155.0, 137.0, 135.0, 139.0, 153.0, 162.0, 185.0, 174.0]",8.181360244750977,0.0,57.68328857421875,-0.9493980407714844,-159.6248779296875
1750932295.7958505,0.0,0.5,"[174.0, 185.0, 155.0, 137.0, 135.0, 139.0, 153.0, 162.0, 185.0, 174.0]",8.141456604003906,0.0,57.65283203125,-0.9298114776611328,-159.78363037109375
1750932295.8152144,0.0,0.5,"[174.0, 185.0, 155.0, 136.0, 135.0, 139.0, 153.0, 162.0, 185.0, 174.0]",8.117074012756348,0.0,57.627044677734375,-0.910552978515625,-159.9427490234375
1750932295.8341708,0.0,0.5,"[174.0, 185.0, 155.0, 136.0, 135.0, 138.0, 153.0, 162.0, 185.0, 174.0]",8.098779678344727,0.0,57.599761962890625,-0.8912410736083984,-160.1012420654297
1750932295.8528688,0.0,0.5,"[174.0, 185.0, 154.0, 136.0, 135.0, 138.0, 153.0, 163.0, 185.0, 174.0]",8.239158630371094,0.0,57.572540283203125,-0.8715705871582031,-160.2625732421875
1750932295.8720872,-1.0,0.5,"[174.0, 185.0, 153.0, 136.0, 135.0, 138.0, 152.0, 163.0, 185.0, 174.0]",8.284454345703125,0.0,57.544769287109375,-0.8517284393310547,-160.42471313476562
1750932295.8913274,-1.0,0.5,"[174.0, 185.0, 154.0, 136.0, 135.0, 138.0, 152.0, 162.0, 185.0, 174.0]",8.032599449157715,-0.5,57.536529541015625,-0.8338775634765625,-160.5841522216797
1750932295.9104104,-1.0,0.5,"[174.0, 185.0, 155.0, 137.0, 135.0, 138.0, 149.0, 159.0, 185.0, 174.0]",8.050044059753418,-0.5,57.543243408203125,-0.8172817230224609,-160.74415588378906
1750932295.9302492,-1.0,0.5,"[174.0, 185.0, 156.0, 138.0, 135.0, 138.0, 148.0, 158.0, 185.0, 174.0]",8.02430534362793,-0.5,57.549163818359375,-0.8006763458251953,-160.90367126464844
1750932295.9492366,0.0,0.5,"[174.0, 185.0, 158.0, 140.0, 135.0, 139.0, 147.0, 155.0, 185.0, 174.0]",8.092972755432129,-0.5,57.556976318359375,-0.7840137481689453,-161.06448364257812
1750932295.9684718,0.0,0.5,"[174.0, 185.0, 158.0, 140.0, 135.0, 139.0, 146.0, 154.0, 185.0, 174.0]",7.872551441192627,0.0,57.551422119140625,-0.7667465209960938,-161.22088623046875
1750932295.9874153,0.0,0.5,"[174.0, 185.0, 158.0, 140.0, 135.0, 138.0, 146.0, 155.0, 185.0, 174.0]",8.133153915405273,0.0,57.52972412109375,-0.7476272583007812,-161.38096618652344
1750932296.006732,0.0,0.5,"[174.0, 185.0, 158.0, 140.0, 135.0, 138.0, 146.0, 155.0, 185.0, 174.0]",7.927773952484131,0.0,57.51556396484375,-0.7294597625732422,-161.537841796875
1750932296.0266955,0.0,0.5,"[174.0, 185.0, 156.0, 140.0, 135.0, 138.0, 146.0, 155.0, 185.0, 174.0]",8.287431716918945,0.0,57.4979248046875,-0.7101783752441406,-161.70152282714844
1750932296.0464828,0.0,0.5,"[174.0, 185.0, 156.0, 140.0, 135.0, 138.0, 146.0, 155.0, 185.0, 174.0]",8.02332592010498,0.0,57.48175048828125,-0.6915359497070312,-161.86007690429688
1750932296.0658388,0.0,0.5,"[174.0, 185.0, 156.0, 140.0, 135.0, 138.0, 146.0, 155.0, 185.0, 174.0]",8.379095077514648,0.0,57.464569091796875,-0.6720123291015625,-162.025634765625
1750932296.0862756,-1.0,0.5,"[174.0, 185.0, 156.0, 140.0, 135.0, 138.0, 146.0, 155.0, 185.0, 174.0]",8.114635467529297,0.0,57.4481201171875,-0.653076171875,-162.18597412109375
1750932296.1069715,-1.0,0.5,"[174.0, 185.0, 156.0, 141.0, 135.0, 138.0, 145.0, 154.0, 185.0, 174.0]",8.045219421386719,-0.5,57.44720458984375,-0.6353931427001953,-162.3459014892578
1750932296.126708,-1.0,0.5,"[174.0, 185.0, 158.0, 144.0, 135.0, 138.0, 143.0, 151.0, 182.0, 174.0]",7.798219680786133,-0.5,57.464111328125,-0.6197242736816406,-162.50015258789062
1750932296.146649,0.0,0.5,"[174.0, 185.0, 159.0, 146.0, 135.0, 138.0, 141.0, 149.0, 179.0, 174.0]",8.092558860778809,-0.5,57.48114013671875,-0.6034870147705078,-162.6602783203125
1750932296.1656606,0.0,0.5,"[174.0, 185.0, 159.0, 146.0, 135.0, 138.0, 141.0, 148.0, 179.0, 174.0]",7.89802360534668,0.0,57.47491455078125,-0.5857906341552734,-162.81712341308594
1750932296.1841629,0.0,0.5,"[174.0, 185.0, 159.0, 146.0, 135.0, 138.0, 141.0, 149.0, 179.0, 174.0]",8.0521879196167,0.0,57.464385986328125,-0.5674686431884766,-162.97677612304688
1750932296.2021067,0.0,0.5,"[174.0, 185.0, 159.0, 147.0, 135.0, 138.0, 140.0, 148.0, 179.0, 174.0]",7.92619514465332,0.0,57.45556640625,-0.5494537353515625,-163.134033203125
1750932296.2510412,0.0,0.5,"[174.0, 185.0, 159.0, 146.0, 135.0, 138.0, 140.0, 149.0, 179.0, 174.0]",8.021799087524414,0.0,57.4466552734375,-0.5313148498535156,-163.29319763183594
1750932296.2706325,0.0,0.5,"[174.0, 185.0, 159.0, 147.0, 135.0, 138.0, 140.0, 149.0, 179.0, 174.0]",7.996798992156982,0.0,57.4368896484375,-0.5131015777587891,-163.45179748535156
1750932296.2721944,0.0,0.5,"[174.0, 185.0, 159.0, 147.0, 135.0, 138.0, 140.0, 149.0, 179.0, 174.0]",8.2220458984375,0.0,57.428131103515625,-0.49449729919433594,-163.6149444580078
1750932296.2908478,0.0,0.5,"[174.0, 185.0, 159.0, 147.0, 135.0, 138.0, 140.0, 150.0, 180.0, 174.0]",8.027299880981445,0.0,57.41815185546875,-0.4761981964111328,-163.7741241455078
1750932296.3098016,0.0,0.5,"[174.0, 185.0, 159.0, 147.0, 135.0, 138.0, 140.0, 150.0, 180.0, 174.0]",8.217630386352539,0.0,57.409149169921875,-0.4576568603515625,-163.9371795654297
1750932296.3272934,0.0,0.5,"[174.0, 185.0, 159.0, 147.0, 135.0, 138.0, 140.0, 150.0, 180.0, 174.0]",8.011441230773926,0.0,57.39984130859375,-0.43955230712890625,-164.0961151123047
1750932296.345919,0.0,0.5,"[174.0, 185.0, 159.0, 147.0, 135.0, 138.0, 140.0, 150.0, 181.0, 174.0]",8.389995574951172,0.0,57.390167236328125,-0.42066383361816406,-164.2625732421875
1750932296.364499,0.0,0.5,"[174.0, 185.0, 159.0, 147.0, 135.0, 138.0, 140.0, 150.0, 181.0, 174.0]",8.130142211914062,0.0,57.38079833984375,-0.40239715576171875,-164.4238739013672
1750932296.3829558,0.0,0.5,"[174.0, 185.0, 159.0, 148.0, 135.0, 138.0, 140.0, 150.0, 182.0, 174.0]",8.35951042175293,0.0,57.371124267578125,-0.38364219665527344,-164.5897216796875
1750932296.416738,0.0,0.5,"[174.0, 185.0, 159.0, 148.0, 135.0, 138.0, 139.0, 150.0, 182.0, 174.0]",8.109049797058105,0.0,57.361724853515625,-0.3655128479003906,-164.7506103515625
1750932296.4356616,0.0,0.5,"[174.0, 185.0, 160.0, 148.0, 135.0, 138.0, 139.0, 150.0, 182.0, 174.0]",8.35399341583252,0.0,57.35223388671875,-0.347015380859375,-164.91639709472656
1750932296.4536822,0.0,0.5,"[174.0, 185.0, 160.0, 149.0, 135.0, 138.0, 139.0, 150.0, 182.0, 174.0]",8.210009574890137,0.0,57.3428955078125,-0.32893943786621094,-165.07933044433594
1750932296.472631,0.0,0.5,"[174.0, 185.0, 161.0, 149.0, 135.0, 138.0, 139.0, 150.0, 182.0, 174.0]",8.269380569458008,0.0,57.333221435546875,-0.31076812744140625,-165.24343872070312
1750932296.491065,0.0,0.5,"[174.0, 185.0, 161.0, 149.0, 135.0, 138.0, 139.0, 151.0, 182.0, 174.0]",8.450986862182617,0.0,57.323760986328125,-0.2922534942626953,-165.4111785888672
1750932296.5103016,0.0,0.5,"[174.0, 185.0, 162.0, 149.0, 135.0, 138.0, 139.0, 151.0, 183.0, 174.0]",8.4503755569458,0.0,57.313690185546875,-0.2737293243408203,-165.57887268066406
1750932296.5291593,0.0,0.5,"[174.0, 185.0, 162.0, 149.0, 135.0, 138.0, 139.0, 151.0, 183.0, 174.0]",8.463868141174316,0.0,57.303863525390625,-0.2552528381347656,-165.74685668945312
1750932296.547878,0.0,0.5,"[174.0, 185.0, 162.0, 149.0, 136.0, 138.0, 139.0, 151.0, 184.0, 174.0]",8.430792808532715,0.0,57.2939453125,-0.23698043823242188,-165.9141845703125
1750932296.5672882,0.0,0.5,"[174.0, 185.0, 162.0, 151.0, 136.0, 138.0, 139.0, 151.0, 184.0, 174.0]",8.518758773803711,0.0,57.283966064453125,-0.21867752075195312,-166.08328247070312
1750932296.5855134,0.0,0.5,"[174.0, 185.0, 163.0, 151.0, 136.0, 138.0, 139.0, 153.0, 185.0, 174.0]",8.373383522033691,0.0,57.2742919921875,-0.20083999633789062,-166.24951171875
1750932296.6042755,0.0,0.5,"[174.0, 185.0, 164.0, 151.0, 136.0, 139.0, 139.0, 153.0, 185.0, 174.0]",8.524953842163086,0.0,57.263946533203125,-0.18268585205078125,-166.41873168945312
1750932296.6232314,0.0,0.5,"[174.0, 185.0, 164.0, 151.0, 136.0, 139.0, 139.0, 153.0, 185.0, 174.0]",8.593279838562012,0.0,57.254150390625,-0.1645069122314453,-166.58935546875
1750932296.6569345,0.0,0.5,"[174.0, 185.0, 164.0, 151.0, 136.0, 139.0, 139.0, 153.0, 185.0, 174.0]",8.607041358947754,0.0,57.243896484375,-0.14635848999023438,-166.76022338867188
1750932296.6760283,0.0,0.5,"[174.0, 185.0, 165.0, 151.0, 136.0, 139.0, 139.0, 153.0, 185.0, 174.0]",8.742585182189941,0.0,57.23358154296875,-0.12807083129882812,-166.93380737304688
1750932296.6950846,0.0,0.5,"[174.0, 185.0, 165.0, 151.0, 136.0, 139.0, 139.0, 153.0, 185.0, 174.0]",8.663530349731445,0.0,57.22369384765625,-0.11008834838867188,-167.10586547851562
1750932296.7140334,0.0,0.5,"[174.0, 185.0, 166.0, 152.0, 136.0, 139.0, 139.0, 153.0, 185.0, 174.0]",8.825315475463867,0.0,57.2130126953125,-0.09188079833984375,-167.28109741210938
1750932296.7325056,0.0,0.5,"[174.0, 185.0, 166.0, 152.0, 136.0, 139.0, 139.0, 153.0, 185.0, 174.0]",8.63895034790039,0.0,57.203155517578125,-0.07425498962402344,-167.45269775390625
1750932296.751096,0.0,0.5,"[174.0, 185.0, 167.0, 152.0, 137.0, 139.0, 139.0, 151.0, 185.0, 174.0]",8.783102989196777,0.0,57.19268798828125,-0.05644798278808594,-167.62713623046875
1750932296.769938,0.0,0.5,"[174.0, 185.0, 167.0, 152.0, 137.0, 139.0, 139.0, 151.0, 185.0, 174.0]",8.83692455291748,0.0,57.182586669921875,-0.03866386413574219,-167.8026885986328
1750932296.7880566,0.0,0.5,"[174.0, 185.0, 168.0, 152.0, 137.0, 139.0, 138.0, 151.0, 185.0, 174.0]",8.857268333435059,0.0,57.171722412109375,-0.020893096923828125,-167.97860717773438
1750932296.8064022,0.0,0.5,"[174.0, 185.0, 168.0, 152.0, 137.0, 139.0, 139.0, 151.0, 185.0, 174.0]",8.853560447692871,0.0,57.161895751953125,-0.0033245086669921875,-168.15452575683594
1750932296.8250167,0.0,0.5,"[174.0, 185.0, 169.0, 152.0, 137.0, 139.0, 138.0, 151.0, 185.0, 174.0]",8.97435474395752,0.0,57.1507568359375,0.014379501342773438,-168.33279418945312
1750932296.8433526,0.0,0.5,"[174.0, 185.0, 170.0, 153.0, 137.0, 139.0, 139.0, 151.0, 185.0, 174.0]",8.887127876281738,0.0,57.140594482421875,0.03167724609375,-168.5093994140625
1750932296.8773139,0.0,0.5,"[174.0, 185.0, 170.0, 153.0, 137.0, 140.0, 138.0, 151.0, 185.0, 174.0]",9.015307426452637,0.0,57.129608154296875,0.0490264892578125,-168.68853759765625
1750932296.8967047,0.0,0.5,"[174.0, 185.0, 170.0, 153.0, 137.0, 140.0, 139.0, 151.0, 185.0, 174.0]",8.974955558776855,0.0,57.119171142578125,0.06612586975097656,-168.86691284179688
1750932296.915403,0.0,0.5,"[174.0, 185.0, 171.0, 153.0, 138.0, 140.0, 138.0, 151.0, 185.0, 174.0]",9.002553939819336,0.0,57.107940673828125,0.083221435546875,-169.04580688476562
1750932296.933591,0.0,0.5,"[174.0, 185.0, 172.0, 153.0, 138.0, 140.0, 139.0, 151.0, 185.0, 174.0]",9.22304916381836,0.0,57.09735107421875,0.10056495666503906,-169.22914123535156
1750932296.951621,0.0,0.5,"[174.0, 185.0, 172.0, 153.0, 138.0, 140.0, 139.0, 151.0, 185.0, 174.0]",9.098183631896973,0.0,57.08612060546875,0.11763381958007812,-169.4099578857422
1750932296.9706059,0.0,0.5,"[174.0, 185.0, 172.0, 154.0, 138.0, 140.0, 139.0, 151.0, 185.0, 174.0]",9.150330543518066,0.0,57.075347900390625,0.1345233917236328,-169.59185791015625
1750932296.9892352,0.0,0.5,"[174.0, 185.0, 173.0, 154.0, 138.0, 140.0, 138.0, 151.0, 185.0, 174.0]",9.285558700561523,0.0,57.064117431640625,0.15148544311523438,-169.7764434814453
1750932297.007639,0.0,0.5,"[174.0, 185.0, 173.0, 154.0, 138.0, 140.0, 139.0, 151.0, 185.0, 174.0]",9.1752347946167,0.0,57.053314208984375,0.16811180114746094,-169.95887756347656
1750932297.0255194,0.0,0.5,"[174.0, 185.0, 175.0, 154.0, 138.0, 140.0, 139.0, 151.0, 185.0, 174.0]",9.327886581420898,0.0,57.0418701171875,0.18489456176757812,-170.14431762695312
1750932297.0450587,0.0,0.5,"[174.0, 185.0, 175.0, 154.0, 138.0, 140.0, 139.0, 151.0, 185.0, 174.0]",9.149141311645508,0.0,57.030975341796875,0.20129776000976562,-170.32623291015625
1750932297.0639517,0.0,0.5,"[174.0, 185.0, 175.0, 154.0, 139.0, 140.0, 139.0, 151.0, 185.0, 174.0]",9.304691314697266,0.0,57.019561767578125,0.21787071228027344,-170.51123046875
1750932297.0815363,0.0,0.5,"[174.0, 185.0, 176.0, 155.0, 139.0, 141.0, 139.0, 151.0, 185.0, 174.0]",9.294265747070312,0.0,57.0084228515625,0.2343730926513672,-170.696044921875
1750932297.1296394,0.0,0.5,"[174.0, 185.0, 176.0, 155.0, 139.0, 141.0, 139.0, 150.0, 185.0, 174.0]",9.259753227233887,0.0,56.997344970703125,0.2509269714355469,-170.88015747070312
1750932297.1481235,0.0,0.5,"[174.0, 185.0, 176.0, 155.0, 139.0, 141.0, 138.0, 150.0, 185.0, 174.0]",9.47476577758789,0.0,56.985870361328125,0.2681083679199219,-171.0685272216797
1750932297.1498334,0.0,0.5,"[174.0, 185.0, 176.0, 155.0, 139.0, 141.0, 138.0, 150.0, 185.0, 174.0]",9.403075218200684,0.0,56.974761962890625,0.2852058410644531,-171.25547790527344
1750932297.1679764,0.0,0.5,"[174.0, 185.0, 177.0, 155.0, 139.0, 141.0, 138.0, 150.0, 185.0, 174.0]",9.592679023742676,0.0,56.963165283203125,0.30275726318359375,-171.44618225097656
1750932297.18586,0.0,0.5,"[174.0, 185.0, 178.0, 155.0, 139.0, 140.0, 138.0, 150.0, 185.0, 174.0]",9.469795227050781,0.0,56.951873779296875,0.3200817108154297,-171.6344451904297
1750932297.2036781,0.0,0.5,"[174.0, 185.0, 179.0, 154.0, 139.0, 140.0, 138.0, 150.0, 185.0, 174.0]",9.630350112915039,0.0,56.940338134765625,0.3378314971923828,-171.8258819580078
1750932297.236676,0.0,0.5,"[174.0, 185.0, 180.0, 154.0, 138.0, 140.0, 138.0, 150.0, 185.0, 174.0]",9.470484733581543,0.0,56.92852783203125,0.35567474365234375,-172.0140838623047
1750932297.2552583,1.0,0.5,"[174.0, 185.0, 181.0, 154.0, 138.0, 140.0, 138.0, 149.0, 185.0, 174.0]",9.610106468200684,0.0,56.91766357421875,0.3740730285644531,-172.20509338378906
1750932297.2742329,1.0,0.5,"[174.0, 185.0, 179.0, 154.0, 138.0, 140.0, 139.0, 150.0, 185.0, 174.0]",9.398451805114746,0.5,56.887451171875,0.39301300048828125,-172.3896484375
1750932297.2932773,1.0,0.5,"[174.0, 185.0, 176.0, 154.0, 137.0, 139.0, 140.0, 153.0, 185.0, 174.0]",9.14294719696045,0.5,56.8392333984375,0.4123058319091797,-172.5649871826172
1750932297.3112228,0.0,0.5,"[174.0, 185.0, 173.0, 153.0, 137.0, 139.0, 143.0, 155.0, 185.0, 174.0]",9.27173900604248,0.5,56.791839599609375,0.4320030212402344,-172.74317932128906
1750932297.3296976,0.0,0.5,"[174.0, 185.0, 173.0, 153.0, 137.0, 138.0, 143.0, 155.0, 185.0, 174.0]",9.150121688842773,0.0,56.761566162109375,0.4511299133300781,-172.9226531982422
1750932297.3485062,0.0,0.5,"[174.0, 185.0, 175.0, 152.0, 136.0, 138.0, 142.0, 154.0, 185.0, 174.0]",9.135845184326172,0.0,56.746368408203125,0.4698066711425781,-173.10377502441406
1750932297.3664274,0.0,0.5,"[174.0, 185.0, 175.0, 152.0, 136.0, 137.0, 141.0, 154.0, 185.0, 174.0]",9.36828327178955,0.0,56.7220458984375,0.4898509979248047,-173.28846740722656
1750932297.3848438,0.0,0.5,"[174.0, 185.0, 175.0, 151.0, 135.0, 137.0, 140.0, 153.0, 185.0, 174.0]",9.170836448669434,0.0,56.70343017578125,0.5093955993652344,-173.46987915039062
1750932297.4039633,0.0,0.5,"[174.0, 185.0, 175.0, 151.0, 134.0, 136.0, 140.0, 153.0, 185.0, 174.0]",9.236737251281738,0.0,56.681396484375,0.5295600891113281,-173.6521759033203
1750932297.4230049,0.0,0.5,"[174.0, 185.0, 175.0, 149.0, 134.0, 135.0, 140.0, 151.0, 185.0, 174.0]",9.408576965332031,0.0,56.661041259765625,0.5501289367675781,-173.83810424804688
1750932297.4565594,0.0,0.5,"[174.0, 185.0, 175.0, 148.0, 133.0, 135.0, 139.0, 151.0, 185.0, 174.0]",9.26262092590332,0.0,56.639923095703125,0.5706710815429688,-174.02099609375
1750932297.475205,0.0,0.5,"[174.0, 185.0, 175.0, 148.0, 131.0, 134.0, 138.0, 150.0, 185.0, 174.0]",9.54194164276123,0.0,56.618621826171875,0.5920238494873047,-174.2094268798828
1750932297.493922,0.0,0.5,"[174.0, 185.0, 175.0, 147.0, 131.0, 133.0, 138.0, 149.0, 185.0, 174.0]",9.32406234741211,0.0,56.597625732421875,0.613250732421875,-174.3935089111328
1750932297.5129294,0.0,0.5,"[174.0, 185.0, 175.0, 146.0, 130.0, 133.0, 137.0, 148.0, 185.0, 174.0]",9.428462982177734,0.0,56.576690673828125,0.6350116729736328,-174.57965087890625
1750932297.5315616,0.0,0.5,"[174.0, 185.0, 175.0, 146.0, 130.0, 131.0, 137.0, 147.0, 185.0, 174.0]",9.50540828704834,0.0,56.555328369140625,0.6572380065917969,-174.76724243164062
1750932297.550288,0.0,0.5,"[174.0, 185.0, 175.0, 145.0, 129.0, 130.0, 136.0, 147.0, 184.0, 174.0]",9.580607414245605,0.0,56.533721923828125,0.6797332763671875,-174.956298828125
1750932297.5691419,0.0,0.5,"[174.0, 185.0, 176.0, 144.0, 128.0, 130.0, 134.0, 145.0, 182.0, 174.0]",9.56971263885498,0.0,56.51220703125,0.7023754119873047,-175.14512634277344
1750932297.5878434,0.0,0.5,"[174.0, 185.0, 176.0, 144.0, 128.0, 129.0, 134.0, 145.0, 182.0, 174.0]",9.475768089294434,0.0,56.49114990234375,0.7251186370849609,-175.33209228515625
1750932297.6069584,0.0,0.5,"[174.0, 185.0, 176.0, 143.0, 127.0, 129.0, 133.0, 144.0, 180.0, 174.0]",9.492226600646973,0.0,56.46978759765625,0.7483806610107422,-175.519287109375
1750932297.6257312,1.0,0.5,"[174.0, 185.0, 176.0, 143.0, 127.0, 128.0, 133.0, 144.0, 179.0, 174.0]",9.67027473449707,0.0,56.448394775390625,0.7724075317382812,-175.70999145507812
1750932297.6439598,1.0,0.5,"[174.0, 185.0, 175.0, 141.0, 126.0, 128.0, 133.0, 144.0, 179.0, 174.0]",9.482932090759277,0.5,56.409454345703125,0.7968769073486328,-175.89398193359375
1750932297.6619775,1.0,0.5,"[174.0, 185.0, 172.0, 141.0, 126.0, 127.0, 134.0, 147.0, 182.0, 174.0]",9.224655151367188,0.5,56.35577392578125,0.8212623596191406,-176.0688018798828
1750932297.7108839,0.0,0.5,"[174.0, 185.0, 170.0, 141.0, 125.0, 126.0, 134.0, 148.0, 185.0, 174.0]",9.328843116760254,0.5,56.29437255859375,0.8463211059570312,-176.24319458007812
1750932297.7304692,0.0,0.5,"[174.0, 185.0, 169.0, 141.0, 125.0, 126.0, 134.0, 148.0, 185.0, 174.0]",8.983430862426758,0.0,56.25604248046875,0.8708038330078125,-176.41700744628906
1750932297.7323034,0.0,0.5,"[174.0, 185.0, 169.0, 141.0, 125.0, 126.0, 134.0, 148.0, 185.0, 174.0]",9.28780460357666,0.0,56.22430419921875,0.8962764739990234,-176.59825134277344
1750932297.751177,0.0,0.5,"[174.0, 185.0, 170.0, 140.0, 125.0, 125.0, 133.0, 147.0, 185.0, 174.0]",9.296621322631836,0.0,56.194122314453125,0.9217281341552734,-176.7799530029297
1750932297.770198,0.0,0.5,"[174.0, 185.0, 170.0, 140.0, 124.0, 125.0, 132.0, 147.0, 185.0, 174.0]",9.36535358428955,0.0,56.163848876953125,0.9474296569824219,-176.96299743652344
1750932297.788633,0.0,0.5,"[174.0, 185.0, 171.0, 140.0, 124.0, 125.0, 132.0, 147.0, 183.0, 174.0]",9.211037635803223,0.0,56.1318359375,0.9729270935058594,-177.14260864257812
1750932297.807404,0.0,0.5,"[174.0, 185.0, 172.0, 140.0, 124.0, 125.0, 132.0, 147.0, 183.0, 174.0]",9.367430686950684,0.0,56.101959228515625,0.9988193511962891,-177.32574462890625
1750932297.826079,0.0,0.5,"[174.0, 185.0, 172.0, 141.0, 124.0, 125.0, 131.0, 147.0, 182.0, 174.0]",9.166594505310059,0.0,56.071685791015625,1.024312973022461,-177.50474548339844
1750932297.8439348,1.0,0.5,"[174.0, 185.0, 173.0, 141.0, 124.0, 125.0, 131.0, 147.0, 182.0, 174.0]",9.287175178527832,0.0,56.040557861328125,1.0500640869140625,-177.68605041503906
1750932297.8623939,1.0,0.5,"[174.0, 185.0, 173.0, 141.0, 125.0, 125.0, 131.0, 147.0, 184.0, 174.0]",9.21053695678711,0.5,55.997894287109375,1.0754203796386719,-177.8634490966797
1750932297.9106352,0.0,0.5,"[174.0, 185.0, 172.0, 141.0, 125.0, 125.0, 132.0, 150.0, 185.0, 174.0]",8.83008861541748,0.5,55.940643310546875,1.09954833984375,-178.0287628173828
1750932297.9295318,0.0,0.5,"[174.0, 185.0, 172.0, 143.0, 125.0, 125.0, 132.0, 150.0, 185.0, 174.0]",9.003560066223145,0.0,55.899017333984375,1.1243324279785156,-178.2021942138672
1750932297.9311066,0.0,0.5,"[174.0, 185.0, 172.0, 143.0, 125.0, 125.0, 132.0, 150.0, 185.0, 174.0]",9.048677444458008,0.0,55.8658447265625,1.1493568420410156,-178.37832641601562
1750932297.949552,0.0,0.5,"[174.0, 185.0, 173.0, 143.0, 125.0, 125.0, 132.0, 148.0, 185.0, 174.0]",9.031224250793457,0.0,55.830780029296875,1.1743316650390625,-178.55374145507812
1750932297.9681516,0.0,0.5,"[174.0, 185.0, 175.0, 143.0, 125.0, 125.0, 132.0, 147.0, 185.0, 174.0]",9.163820266723633,0.0,55.795501708984375,1.199502944946289,-178.7318115234375
1750932297.9867365,0.0,0.5,"[174.0, 185.0, 176.0, 144.0, 126.0, 125.0, 131.0, 147.0, 185.0, 174.0]",9.045449256896973,0.0,55.760833740234375,1.2242107391357422,-178.90765380859375
1750932298.005674,0.0,0.5,"[174.0, 185.0, 178.0, 144.0, 126.0, 125.0, 131.0, 147.0, 185.0, 174.0]",9.282041549682617,0.0,55.72503662109375,1.2494049072265625,-179.08807373046875
1750932298.0242655,0.0,0.5,"[174.0, 185.0, 179.0, 144.0, 126.0, 125.0, 131.0, 146.0, 185.0, 174.0]",9.146973609924316,0.0,55.68994140625,1.274099349975586,-179.265869140625
1750932298.0429423,1.0,0.5,"[174.0, 185.0, 181.0, 144.0, 126.0, 126.0, 130.0, 145.0, 185.0, 174.0]",9.269103050231934,0.0,55.65423583984375,1.2991371154785156,-179.446044921875
1750932298.076669,1.0,0.5,"[174.0, 185.0, 181.0, 145.0, 126.0, 126.0, 131.0, 145.0, 185.0, 174.0]",8.853469848632812,0.5,55.6063232421875,1.3227901458740234,-179.6148681640625
1750932298.095221,1.0,0.5,"[174.0, 185.0, 179.0, 145.0, 126.0, 126.0, 132.0, 147.0, 185.0, 174.0]",8.855461120605469,0.5,55.538726806640625,1.3457393646240234,-179.7769775390625
1750932298.113865,0.0,0.5,"[174.0, 185.0, 176.0, 146.0, 127.0, 126.0, 134.0, 148.0, 185.0, 174.0]",8.84150505065918,0.5,55.4700927734375,1.3685054779052734,-179.93832397460938
1750932298.132694,0.0,0.5,"[174.0, 185.0, 176.0, 146.0, 127.0, 126.0, 134.0, 148.0, 185.0, 174.0]",8.794723510742188,0.0,55.414886474609375,1.3916759490966797,-180.10369873046875
1750932298.1509166,0.0,0.5,"[174.0, 185.0, 178.0, 146.0, 127.0, 125.0, 133.0, 148.0, 185.0, 174.0]",8.749415397644043,0.0,55.37744140625,1.4150886535644531,-180.27304077148438
1750932298.1692948,0.0,0.5,"[174.0, 185.0, 179.0, 146.0, 127.0, 125.0, 133.0, 147.0, 185.0, 174.0]",8.757712364196777,0.0,55.333343505859375,1.4382553100585938,-180.44097900390625
1750932298.1875427,0.0,0.5,"[174.0, 185.0, 180.0, 146.0, 127.0, 125.0, 133.0, 147.0, 185.0, 174.0]",8.90762710571289,0.0,55.2906494140625,1.4618568420410156,-180.6123046875
1750932298.2057753,0.0,0.5,"[174.0, 185.0, 181.0, 146.0, 127.0, 125.0, 132.0, 146.0, 185.0, 174.0]",8.729811668395996,0.0,55.248046875,1.4850349426269531,-180.780029296875
1750932298.223756,0.0,0.5,"[174.0, 185.0, 183.0, 146.0, 127.0, 125.0, 132.0, 145.0, 185.0, 174.0]",8.873231887817383,0.0,55.2049560546875,1.5085620880126953,-180.9505615234375
1750932298.2561665,1.0,0.5,"[174.0, 185.0, 184.0, 146.0, 126.0, 125.0, 132.0, 145.0, 185.0, 174.0]",8.859329223632812,0.0,55.162017822265625,1.5320777893066406,-181.120849609375
1750932298.2749712,1.0,0.5,"[174.0, 185.0, 183.0, 147.0, 127.0, 125.0, 132.0, 145.0, 185.0, 174.0]",8.555435180664062,0.5,55.102874755859375,1.5541362762451172,-181.2799072265625
1750932298.2931101,0.0,0.5,"[174.0, 185.0, 180.0, 147.0, 127.0, 125.0, 134.0, 147.0, 185.0, 174.0]",8.614093780517578,0.5,55.026824951171875,1.57550048828125,-181.43301391601562
1750932298.3112786,0.0,0.5,"[174.0, 185.0, 179.0, 147.0, 127.0, 125.0, 134.0, 148.0, 185.0, 174.0]",8.486186027526855,0.0,54.965545654296875,1.5973834991455078,-181.58978271484375
1750932298.32921,0.0,0.5,"[174.0, 185.0, 181.0, 147.0, 126.0, 124.0, 134.0, 147.0, 185.0, 174.0]",8.372537612915039,0.0,54.923614501953125,1.6197967529296875,-181.75030517578125
1750932298.3478093,0.0,0.5,"[174.0, 185.0, 181.0, 147.0, 126.0, 124.0, 134.0, 147.0, 185.0, 174.0]",8.761360168457031,0.0,54.87237548828125,1.6430797576904297,-181.916259765625
1750932298.3660498,0.0,0.5,"[174.0, 185.0, 183.0, 147.0, 126.0, 124.0, 133.0, 145.0, 185.0, 174.0]",8.489717483520508,0.0,54.825775146484375,1.6658344268798828,-182.07794189453125
1750932298.3841522,0.0,0.5,"[174.0, 185.0, 183.0, 147.0, 126.0, 124.0, 133.0, 145.0, 185.0, 174.0]",8.644474983215332,0.0,54.777099609375,1.6891365051269531,-182.2421875
1750932298.4024398,0.0,0.5,"[174.0, 185.0, 184.0, 146.0, 126.0, 123.0, 132.0, 145.0, 183.0, 174.0]",8.533814430236816,0.0,54.72930908203125,1.7122306823730469,-182.4044189453125
1750932298.4499815,1.0,0.5,"[174.0, 185.0, 184.0, 146.0, 125.0, 123.0, 132.0, 144.0, 182.0, 174.0]",8.732925415039062,0.0,54.68048095703125,1.7360172271728516,-182.57040405273438
1750932298.4684656,1.0,0.5,"[174.0, 185.0, 183.0, 146.0, 125.0, 123.0, 132.0, 145.0, 183.0, 174.0]",8.36343002319336,0.5,54.614715576171875,1.7579460144042969,-182.72262573242188
1750932298.4700897,1.0,0.5,"[174.0, 185.0, 183.0, 146.0, 125.0, 123.0, 132.0, 145.0, 183.0, 174.0]",8.311352729797363,0.5,54.5352783203125,1.7789630889892578,-182.86712646484375
1750932298.4886534,0.0,0.5,"[174.0, 185.0, 178.0, 147.0, 125.0, 123.0, 133.0, 148.0, 185.0, 174.0]",8.453121185302734,0.5,54.456298828125,1.8005104064941406,-183.01504516601562
1750932298.507596,0.0,0.5,"[174.0, 185.0, 178.0, 146.0, 125.0, 122.0, 133.0, 148.0, 185.0, 174.0]",8.29098892211914,0.0,54.39569091796875,1.8226451873779297,-183.16778564453125
1750932298.526172,0.0,0.5,"[174.0, 185.0, 179.0, 146.0, 125.0, 122.0, 132.0, 147.0, 185.0, 174.0]",8.455587387084961,0.0,54.34283447265625,1.8455753326416016,-183.3267822265625
1750932298.5450861,0.0,0.5,"[174.0, 185.0, 179.0, 146.0, 125.0, 122.0, 132.0, 147.0, 185.0, 174.0]",8.356103897094727,0.0,54.28729248046875,1.8680915832519531,-183.4827880859375
1750932298.5643153,0.0,0.5,"[174.0, 185.0, 179.0, 146.0, 124.0, 121.0, 131.0, 147.0, 185.0, 174.0]",8.495312690734863,0.0,54.231964111328125,1.8909568786621094,-183.64178466796875
1750932298.5827122,0.0,0.5,"[174.0, 185.0, 180.0, 146.0, 124.0, 121.0, 131.0, 146.0, 185.0, 174.0]",8.257633209228516,0.0,54.177642822265625,1.9131450653076172,-183.79617309570312
1750932298.631344,0.0,0.5,"[174.0, 185.0, 180.0, 145.0, 124.0, 121.0, 130.0, 145.0, 184.0, 174.0]",8.364364624023438,0.0,54.123199462890625,1.935586929321289,-183.9527587890625
1750932298.6495914,1.0,0.5,"[174.0, 185.0, 181.0, 145.0, 124.0, 121.0, 130.0, 145.0, 183.0, 174.0]",8.356840133666992,0.0,54.067901611328125,1.9578571319580078,-184.10888671875
1750932298.6511312,1.0,0.5,"[174.0, 185.0, 181.0, 145.0, 124.0, 121.0, 130.0, 145.0, 183.0, 174.0]",8.367364883422852,0.5,53.999908447265625,1.9794025421142578,-184.26025390625
1750932298.6702087,1.0,0.5,"[174.0, 185.0, 178.0, 146.0, 124.0, 121.0, 131.0, 148.0, 185.0, 174.0]",7.861878395080566,0.5,53.920013427734375,1.9985313415527344,-184.39434814453125
1750932298.687908,1.0,0.5,"[174.0, 185.0, 176.0, 146.0, 124.0, 121.0, 132.0, 150.0, 185.0, 174.0]",8.19260311126709,0.5,53.836212158203125,2.018270492553711,-184.53375244140625
1750932298.7043586,0.0,0.5,"[174.0, 185.0, 173.0, 146.0, 124.0, 121.0, 133.0, 150.0, 185.0, 174.0]",8.242513656616211,0.5,53.750640869140625,2.0379676818847656,-184.67327880859375
1750932298.7216606,0.0,0.5,"[174.0, 185.0, 173.0, 147.0, 124.0, 121.0, 133.0, 150.0, 185.0, 174.0]",8.13327693939209,0.0,53.676727294921875,2.058034896850586,-184.81680297851562
1750932298.765058,0.0,0.5,"[174.0, 185.0, 175.0, 146.0, 124.0, 121.0, 132.0, 150.0, 185.0, 174.0]",8.12349796295166,0.0,53.617706298828125,2.078714370727539,-184.96673583984375
1750932298.7821913,0.0,0.5,"[174.0, 185.0, 175.0, 146.0, 124.0, 121.0, 132.0, 150.0, 185.0, 174.0]",8.160309791564941,0.0,53.553497314453125,2.0991058349609375,-185.11541748046875
1750932298.7839303,0.0,0.5,"[174.0, 185.0, 175.0, 146.0, 124.0, 121.0, 132.0, 150.0, 185.0, 174.0]",8.358963966369629,0.0,53.4888916015625,2.120067596435547,-185.26815795898438
1750932298.8130908,0.0,0.5,"[174.0, 185.0, 176.0, 147.0, 124.0, 121.0, 132.0, 149.0, 185.0, 174.0]",8.211525917053223,0.0,53.42510986328125,2.1405677795410156,-185.4180908203125
1750932298.8302042,0.0,0.5,"[174.0, 185.0, 176.0, 147.0, 125.0, 121.0, 132.0, 149.0, 185.0, 174.0]",8.295738220214844,0.0,53.361328125,2.161346435546875,-185.56985473632812
1750932298.8459034,0.0,0.5,"[174.0, 185.0, 178.0, 147.0, 125.0, 121.0, 132.0, 149.0, 185.0, 174.0]",8.46923828125,0.0,53.295623779296875,2.182506561279297,-185.72454833984375
1750932298.8625507,0.0,0.5,"[174.0, 185.0, 178.0, 147.0, 125.0, 121.0, 132.0, 148.0, 185.0, 174.0]",8.234289169311523,0.0,53.231597900390625,2.203084945678711,-185.8748779296875
1750932298.9053333,0.0,0.5,"[174.0, 185.0, 179.0, 147.0, 125.0, 122.0, 132.0, 148.0, 185.0, 174.0]",8.537602424621582,0.0,53.16558837890625,2.2244510650634766,-186.0308837890625
1750932298.9218783,0.0,0.5,"[174.0, 185.0, 179.0, 148.0, 125.0, 122.0, 132.0, 148.0, 185.0, 174.0]",8.26471996307373,0.0,53.101593017578125,2.2450942993164062,-186.181884765625
1750932298.923396,0.0,0.5,"[174.0, 185.0, 179.0, 148.0, 125.0, 122.0, 132.0, 148.0, 185.0, 174.0]",8.518508911132812,0.0,53.03564453125,2.2663421630859375,-186.3375244140625
1750932298.9525464,0.0,0.5,"[174.0, 185.0, 183.0, 148.0, 126.0, 122.0, 132.0, 148.0, 185.0, 174.0]",8.365428924560547,0.0,52.970947265625,2.2872047424316406,-186.49041748046875
1750932298.969605,0.0,0.5,"[174.0, 185.0, 183.0, 148.0, 126.0, 122.0, 132.0, 148.0, 185.0, 174.0]",8.445659637451172,0.0,52.905364990234375,2.3081607818603516,-186.6446533203125
1750932298.986109,0.0,0.5,"[174.0, 185.0, 184.0, 148.0, 126.0, 123.0, 132.0, 148.0, 185.0, 174.0]",8.526179313659668,0.0,52.839385986328125,2.3292694091796875,-186.80047607421875
1750932299.0028362,0.0,0.5,"[174.0, 185.0, 186.0, 149.0, 126.0, 123.0, 132.0, 148.0, 185.0, 174.0]",8.54576301574707,0.0,52.773223876953125,2.3504104614257812,-186.95660400390625
1750932299.0332403,0.0,0.5,"[174.0, 185.0, 187.0, 149.0, 127.0, 123.0, 132.0, 147.0, 185.0, 174.0]",8.49960994720459,0.0,52.707489013671875,2.3714141845703125,-187.11196899414062
1750932299.0500035,0.0,0.5,"[174.0, 185.0, 187.0, 149.0, 127.0, 123.0, 132.0, 147.0, 185.0, 174.0]",8.600605964660645,0.0,52.640960693359375,2.3924560546875,-187.26919555664062
1750932299.0667965,0.0,0.5,"[174.0, 185.0, 189.0, 149.0, 127.0, 123.0, 132.0, 147.0, 185.0, 174.0]",8.427971839904785,0.0,52.57562255859375,2.412830352783203,-187.42324829101562
1750932299.0836456,0.0,0.5,"[174.0, 185.0, 189.0, 149.0, 127.0, 124.0, 132.0, 147.0, 185.0, 174.0]",8.687213897705078,0.0,52.508331298828125,2.433584213256836,-187.58209228515625
1750932299.1130545,1.0,0.5,"[174.0, 185.0, 190.0, 151.0, 127.0, 124.0, 132.0, 147.0, 185.0, 174.0]",8.545008659362793,0.0,52.442169189453125,2.453828811645508,-187.73834228515625
1750932299.1301684,1.0,0.5,"[174.0, 185.0, 189.0, 151.0, 127.0, 124.0, 133.0, 147.0, 185.0, 174.0]",8.422773361206055,0.5,52.360443115234375,2.4726009368896484,-187.88446044921875
1750932299.1457796,1.0,0.5,"[174.0, 185.0, 187.0, 152.0, 128.0, 124.0, 134.0, 150.0, 185.0, 174.0]",8.261153221130371,0.5,52.266937255859375,2.489849090576172,-188.01956176757812
1750932299.1624289,1.0,0.5,"[174.0, 185.0, 186.0, 152.0, 128.0, 124.0, 136.0, 151.0, 185.0, 174.0]",8.329465866088867,0.5,52.173004150390625,2.507171630859375,-188.15606689453125
1750932299.2001631,0.0,0.5,"[174.0, 185.0, 184.0, 153.0, 129.0, 125.0, 137.0, 153.0, 185.0, 174.0]",8.48769760131836,0.5,52.073089599609375,2.5242443084716797,-188.292236328125
1750932299.2154508,0.0,0.5,"[174.0, 185.0, 184.0, 153.0, 129.0, 125.0, 137.0, 153.0, 185.0, 174.0]",8.405510902404785,0.0,51.990447998046875,2.5423831939697266,-188.4375
1750932299.230691,0.0,0.5,"[174.0, 185.0, 184.0, 153.0, 129.0, 124.0, 137.0, 153.0, 185.0, 174.0]",8.397747039794922,0.0,51.9183349609375,2.5611495971679688,-188.5880126953125
1750932299.245606,0.0,0.5,"[174.0, 185.0, 185.0, 153.0, 129.0, 124.0, 137.0, 151.0, 185.0, 174.0]",8.316547393798828,0.0,51.84228515625,2.5793323516845703,-188.73480224609375
1750932299.2605307,0.0,0.5,"[174.0, 185.0, 186.0, 153.0, 128.0, 124.0, 137.0, 151.0, 185.0, 174.0]",8.390764236450195,0.0,51.767852783203125,2.597837448120117,-188.88406372070312
1750932299.2979636,1.0,0.5,"[174.0, 185.0, 187.0, 153.0, 128.0, 124.0, 136.0, 151.0, 185.0, 174.0]",8.567571640014648,0.0,51.690826416015625,2.616647720336914,-189.03594970703125
1750932299.312811,1.0,0.5,"[174.0, 185.0, 185.0, 153.0, 128.0, 124.0, 136.0, 153.0, 185.0, 174.0]",8.145413398742676,0.5,51.59808349609375,2.6329689025878906,-189.16891479492188
1750932299.3278918,1.0,0.5,"[174.0, 185.0, 183.0, 154.0, 129.0, 124.0, 136.0, 154.0, 185.0, 174.0]",8.223183631896973,0.5,51.496307373046875,2.6487388610839844,-189.29714965820312
1750932299.3428562,1.0,0.5,"[174.0, 185.0, 181.0, 154.0, 129.0, 124.0, 136.0, 155.0, 185.0, 174.0]",8.134848594665527,0.5,51.394683837890625,2.6644210815429688,-189.4232177734375
1750932299.3804045,1.0,0.5,"[174.0, 185.0, 179.0, 154.0, 129.0, 124.0, 136.0, 156.0, 185.0, 174.0]",8.348065376281738,0.5,51.28790283203125,2.680328369140625,-189.55059814453125
1750932299.3956237,0.0,0.5,"[174.0, 185.0, 176.0, 155.0, 129.0, 124.0, 136.0, 158.0, 185.0, 174.0]",8.157649993896484,0.5,51.181304931640625,2.69580078125,-189.67315673828125
1750932299.4104657,0.0,0.5,"[174.0, 185.0, 176.0, 155.0, 129.0, 124.0, 136.0, 158.0, 185.0, 174.0]",8.169764518737793,0.0,51.090484619140625,2.7129859924316406,-189.807861328125
1750932299.4259422,0.0,0.5,"[174.0, 185.0, 177.0, 154.0, 129.0, 124.0, 134.0, 158.0, 185.0, 174.0]",8.193939208984375,0.0,51.008087158203125,2.731090545654297,-189.9483642578125
1750932299.441254,0.0,0.5,"[174.0, 185.0, 177.0, 154.0, 129.0, 123.0, 134.0, 158.0, 185.0, 174.0]",8.287819862365723,0.0,50.919830322265625,2.7491588592529297,-190.0875244140625
1750932299.479424,0.0,0.5,"[174.0, 185.0, 178.0, 154.0, 128.0, 123.0, 133.0, 156.0, 185.0, 174.0]",8.33713436126709,0.0,50.833648681640625,2.7677059173583984,-190.22903442382812
1750932299.4951627,0.0,0.5,"[174.0, 185.0, 178.0, 154.0, 128.0, 123.0, 132.0, 156.0, 185.0, 174.0]",8.397884368896484,0.0,50.745635986328125,2.786428451538086,-190.370849609375
1750932299.510306,0.0,0.5,"[174.0, 185.0, 178.0, 153.0, 128.0, 122.0, 132.0, 155.0, 185.0, 174.0]",8.352615356445312,0.0,50.658538818359375,2.805204391479492,-190.51214599609375
1750932299.5257761,0.0,0.5,"[174.0, 185.0, 178.0, 153.0, 127.0, 122.0, 131.0, 155.0, 185.0, 174.0]",8.269423484802246,0.0,50.572113037109375,2.8239307403564453,-190.65191650390625
1750932299.5415163,0.0,0.5,"[174.0, 185.0, 178.0, 153.0, 127.0, 122.0, 130.0, 155.0, 185.0, 174.0]",8.481465339660645,0.0,50.483489990234375,2.843332290649414,-190.79525756835938
1750932299.580646,0.0,0.5,"[174.0, 185.0, 179.0, 152.0, 127.0, 121.0, 129.0, 153.0, 185.0, 174.0]",8.351953506469727,0.0,50.396148681640625,2.8625564575195312,-190.93634033203125
1750932299.5962594,0.0,0.5,"[174.0, 185.0, 179.0, 152.0, 126.0, 121.0, 128.0, 151.0, 185.0, 174.0]",8.443191528320312,0.0,50.3079833984375,2.8820877075195312,-191.07904052734375
1750932299.6112227,0.0,0.5,"[174.0, 185.0, 179.0, 152.0, 126.0, 120.0, 128.0, 150.0, 185.0, 174.0]",8.618410110473633,0.0,50.217803955078125,2.9022579193115234,-191.22454833984375
1750932299.626654,0.0,0.5,"[174.0, 185.0, 179.0, 151.0, 125.0, 120.0, 126.0, 149.0, 185.0, 174.0]",8.511363983154297,0.0,50.129119873046875,2.9223098754882812,-191.36843872070312
1750932299.6412125,0.0,0.5,"[174.0, 185.0, 181.0, 151.0, 125.0, 119.0, 125.0, 147.0, 185.0, 174.0]",8.739465713500977,0.0,50.0374755859375,2.9431419372558594,-191.51580810546875
1750932299.6797085,0.0,0.5,"[174.0, 185.0, 181.0, 151.0, 125.0, 118.0, 124.0, 146.0, 185.0, 174.0]",8.558537483215332,0.0,49.948394775390625,2.9637203216552734,-191.6605224609375
1750932299.694621,0.0,0.5,"[174.0, 185.0, 183.0, 149.0, 124.0, 117.0, 123.0, 144.0, 185.0, 174.0]",8.616042137145996,0.0,49.858123779296875,2.984600067138672,-191.8057861328125
1750932299.7096653,0.0,0.5,"[174.0, 185.0, 183.0, 149.0, 123.0, 117.0, 122.0, 142.0, 185.0, 174.0]",8.509467124938965,0.0,49.769775390625,3.005380630493164,-191.94976806640625
1750932299.724995,0.0,0.5,"[174.0, 185.0, 184.0, 148.0, 123.0, 116.0, 121.0, 141.0, 185.0, 174.0]",8.71948528289795,0.0,49.67803955078125,3.0268592834472656,-192.09652709960938
1750932299.7399344,0.0,0.5,"[174.0, 185.0, 184.0, 148.0, 122.0, 115.0, 119.0, 139.0, 185.0, 174.0]",8.620378494262695,0.0,49.58819580078125,3.048257827758789,-192.24212646484375
1750932299.7787583,1.0,0.5,"[174.0, 185.0, 185.0, 148.0, 121.0, 114.0, 119.0, 138.0, 185.0, 174.0]",8.564902305603027,0.0,49.499053955078125,3.069608688354492,-192.3868408203125
1750932299.7936025,1.0,0.5,"[174.0, 185.0, 184.0, 148.0, 121.0, 114.0, 118.0, 137.0, 185.0, 174.0]",8.492693901062012,0.5,49.393280029296875,3.088909149169922,-192.518310546875
1750932299.8094914,0.0,0.5,"[174.0, 185.0, 181.0, 149.0, 122.0, 114.0, 119.0, 137.0, 185.0, 174.0]",8.381556510925293,0.5,49.278228759765625,3.1064682006835938,-192.63897705078125
1750932299.8242223,0.0,0.5,"[174.0, 185.0, 180.0, 149.0, 121.0, 113.0, 118.0, 137.0, 185.0, 174.0]",8.457207679748535,0.0,49.1728515625,3.125791549682617,-192.76986694335938
1750932299.8391619,0.0,0.5,"[174.0, 185.0, 181.0, 149.0, 121.0, 113.0, 118.0, 136.0, 185.0, 174.0]",8.265300750732422,0.0,49.083282470703125,3.1462059020996094,-192.90728759765625
1750932299.8762708,0.0,0.5,"[174.0, 185.0, 181.0, 149.0, 121.0, 112.0, 117.0, 134.0, 183.0, 174.0]",8.345614433288574,0.0,48.99017333984375,3.1663970947265625,-193.04434204101562
1750932299.891247,0.0,0.5,"[174.0, 185.0, 183.0, 149.0, 120.0, 111.0, 116.0, 133.0, 182.0, 174.0]",8.342025756835938,0.0,48.89715576171875,3.1864471435546875,-193.181396484375
1750932299.9062297,0.0,0.5,"[174.0, 185.0, 183.0, 149.0, 120.0, 111.0, 116.0, 133.0, 179.0, 174.0]",8.529162406921387,0.0,48.803314208984375,3.20684814453125,-193.3223876953125
1750932299.9207609,0.0,0.5,"[174.0, 185.0, 184.0, 148.0, 119.0, 110.0, 115.0, 131.0, 177.0, 174.0]",8.434879302978516,0.0,48.708831787109375,3.226764678955078,-193.460693359375
1750932299.9575949,0.0,0.5,"[174.0, 185.0, 184.0, 148.0, 119.0, 110.0, 115.0, 130.0, 176.0, 174.0]",8.623915672302246,0.0,48.613983154296875,3.247161865234375,-193.60330200195312
1750932299.9725745,1.0,0.5,"[174.0, 185.0, 186.0, 148.0, 119.0, 109.0, 114.0, 130.0, 173.0, 174.0]",8.48097038269043,0.0,48.5191650390625,3.2669677734375,-193.7425537109375
1750932299.9872632,1.0,0.5,"[174.0, 185.0, 185.0, 149.0, 119.0, 109.0, 114.0, 129.0, 173.0, 174.0]",8.472304344177246,0.5,48.4146728515625,3.2854881286621094,-193.8746337890625
1750932300.0018573,1.0,0.5,"[174.0, 185.0, 184.0, 151.0, 120.0, 110.0, 114.0, 130.0, 173.0, 174.0]",8.211020469665527,0.5,48.298919677734375,3.30133056640625,-193.99005126953125
1750932300.0356064,1.0,0.5,"[174.0, 185.0, 181.0, 152.0, 121.0, 110.0, 114.0, 130.0, 173.0, 174.0]",8.352628707885742,0.5,48.1810302734375,3.3172855377197266,-194.10733032226562
1750932300.050181,1.0,0.5,"[174.0, 185.0, 180.0, 153.0, 122.0, 111.0, 115.0, 131.0, 173.0, 174.0]",8.222900390625,0.5,48.06146240234375,3.332263946533203,-194.21923828125
1750932300.0641859,0.0,0.5,"[174.0, 185.0, 178.0, 155.0, 123.0, 112.0, 115.0, 133.0, 176.0, 174.0]",8.241678237915039,0.5,47.941162109375,3.347148895263672,-194.3309326171875
1750932300.0782843,0.0,0.5,"[174.0, 185.0, 179.0, 155.0, 123.0, 112.0, 115.0, 133.0, 174.0, 174.0]",8.28192138671875,0.0,47.8284912109375,3.363435745239258,-194.45126342773438
1750932300.113272,0.0,0.5,"[174.0, 185.0, 179.0, 155.0, 123.0, 112.0, 115.0, 133.0, 173.0, 174.0]",8.419979095458984,0.0,47.7274169921875,3.3816604614257812,-194.584716796875
1750932300.1284626,0.0,0.5,"[174.0, 185.0, 181.0, 156.0, 123.0, 112.0, 114.0, 132.0, 173.0, 174.0]",8.25986099243164,0.0,47.623809814453125,3.398927688598633,-194.71221923828125
1750932300.1424932,0.0,0.5,"[174.0, 185.0, 181.0, 156.0, 123.0, 112.0, 114.0, 131.0, 172.0, 174.0]",8.406378746032715,0.0,47.519927978515625,3.416492462158203,-194.84323120117188
1750932300.177271,0.0,0.5,"[174.0, 185.0, 183.0, 156.0, 123.0, 111.0, 114.0, 131.0, 170.0, 174.0]",8.27107048034668,0.0,47.416839599609375,3.4336166381835938,-194.97146606445312
1750932300.1914785,1.0,0.5,"[174.0, 185.0, 184.0, 156.0, 123.0, 111.0, 114.0, 131.0, 170.0, 174.0]",8.498519897460938,0.0,47.311553955078125,3.451173782348633,-195.103759765625
1750932300.2058518,1.0,0.5,"[174.0, 185.0, 183.0, 158.0, 124.0, 112.0, 114.0, 131.0, 170.0, 174.0]",8.084296226501465,0.5,47.197906494140625,3.4660377502441406,-195.2177734375
1750932300.2204978,1.0,0.5,"[174.0, 185.0, 181.0, 160.0, 125.0, 113.0, 115.0, 132.0, 173.0, 174.0]",8.105011940002441,0.5,47.073760986328125,3.479156494140625,-195.32119750976562
1750932300.256469,1.0,0.5,"[174.0, 185.0, 179.0, 160.0, 126.0, 113.0, 115.0, 133.0, 173.0, 174.0]",8.05198860168457,0.5,46.950775146484375,3.4921398162841797,-195.42431640625
1750932300.270618,1.0,0.5,"[174.0, 185.0, 178.0, 161.0, 127.0, 115.0, 116.0, 133.0, 176.0, 174.0]",8.313485145568848,0.5,46.821258544921875,3.504922866821289,-195.52783203125
1750932300.284964,1.0,0.5,"[174.0, 185.0, 176.0, 162.0, 128.0, 116.0, 117.0, 133.0, 178.0, 174.0]",8.253127098083496,0.5,46.69183349609375,3.517131805419922,-195.62954711914062
1750932300.299282,0.0,0.5,"[174.0, 185.0, 175.0, 163.0, 129.0, 117.0, 118.0, 134.0, 179.0, 174.0]",8.3519287109375,0.5,46.55780029296875,3.528665542602539,-195.72857666015625
1750932300.3356917,0.0,0.5,"[174.0, 185.0, 175.0, 163.0, 130.0, 117.0, 118.0, 134.0, 179.0, 174.0]",8.077387809753418,0.0,46.438507080078125,3.541231155395508,-195.83673095703125
1750932300.3500872,0.0,0.5,"[174.0, 185.0, 176.0, 163.0, 130.0, 117.0, 117.0, 133.0, 179.0, 174.0]",8.17425537109375,0.0,46.328460693359375,3.5550765991210938,-195.95687866210938
1750932300.3645036,0.0,0.5,"[174.0, 185.0, 176.0, 164.0, 130.0, 117.0, 117.0, 133.0, 179.0, 174.0]",8.212983131408691,0.0,46.21295166015625,3.5682544708251953,-196.07290649414062
1750932300.378959,0.0,0.5,"[174.0, 185.0, 176.0, 164.0, 129.0, 116.0, 117.0, 133.0, 179.0, 174.0]",8.29790210723877,0.0,46.09814453125,3.5815773010253906,-196.1920166015625
1750932300.415237,0.0,0.5,"[174.0, 185.0, 177.0, 164.0, 129.0, 116.0, 116.0, 132.0, 176.0, 174.0]",8.316817283630371,0.0,45.982421875,3.594646453857422,-196.310791015625
1750932300.4294307,1.0,0.5,"[174.0, 185.0, 178.0, 164.0, 129.0, 116.0, 116.0, 131.0, 176.0, 174.0]",8.337590217590332,0.0,45.8665771484375,3.6073646545410156,-196.4300537109375
1750932300.4446692,1.0,0.5,"[174.0, 185.0, 176.0, 164.0, 130.0, 117.0, 116.0, 131.0, 176.0, 174.0]",8.129570960998535,0.5,45.743316650390625,3.618274688720703,-196.5355224609375
1750932300.459473,1.0,0.5,"[174.0, 185.0, 175.0, 164.0, 131.0, 118.0, 117.0, 132.0, 176.0, 174.0]",8.01806926727295,0.5,45.610992431640625,3.62701416015625,-196.62567138671875
1750932300.49684,1.0,0.5,"[174.0, 185.0, 173.0, 166.0, 133.0, 119.0, 118.0, 133.0, 176.0, 174.0]",8.228843688964844,0.5,45.476287841796875,3.635761260986328,-196.7198486328125
1750932300.5127676,0.0,0.5,"[174.0, 185.0, 171.0, 167.0, 134.0, 119.0, 118.0, 133.0, 177.0, 174.0]",8.102646827697754,0.5,45.3406982421875,3.6435985565185547,-196.8082275390625
1750932300.528731,0.0,0.5,"[174.0, 185.0, 170.0, 167.0, 134.0, 120.0, 118.0, 133.0, 176.0, 174.0]",8.093358993530273,0.0,45.21630859375,3.652891159057617,-196.91140747070312
1750932300.5445483,0.0,0.5,"[174.0, 185.0, 172.0, 167.0, 133.0, 119.0, 118.0, 133.0, 176.0, 174.0]",7.948221683502197,0.0,45.100982666015625,3.662506103515625,-197.0203857421875
1750932300.5602102,0.0,0.5,"[174.0, 185.0, 172.0, 166.0, 133.0, 119.0, 118.0, 133.0, 174.0, 174.0]",8.23134994506836,0.0,44.978851318359375,3.671926498413086,-197.13037109375
1750932300.5994658,0.0,0.5,"[174.0, 185.0, 172.0, 166.0, 133.0, 119.0, 118.0, 132.0, 173.0, 174.0]",8.162656784057617,0.0,44.8583984375,3.6811141967773438,-197.24017333984375
1750932300.6146395,0.0,0.5,"[174.0, 185.0, 172.0, 166.0, 133.0, 119.0, 118.0, 131.0, 173.0, 174.0]",8.27973461151123,0.0,44.73638916015625,3.690166473388672,-197.35177612304688
1750932300.6306252,0.0,0.5,"[174.0, 185.0, 173.0, 166.0, 133.0, 119.0, 117.0, 131.0, 172.0, 174.0]",8.228900909423828,0.0,44.61480712890625,3.6989688873291016,-197.46237182617188
1750932300.6462667,0.0,0.5,"[174.0, 185.0, 173.0, 166.0, 133.0, 119.0, 117.0, 131.0, 170.0, 174.0]",8.244685173034668,0.0,44.493377685546875,3.707490921020508,-197.5736083984375
1750932300.661935,1.0,0.5,"[174.0, 185.0, 173.0, 166.0, 133.0, 119.0, 117.0, 130.0, 170.0, 174.0]",8.418866157531738,0.0,44.369232177734375,3.715991973876953,-197.68701171875
1750932300.7018151,1.0,0.5,"[174.0, 185.0, 172.0, 167.0, 134.0, 119.0, 118.0, 131.0, 170.0, 174.0]",8.085578918457031,0.5,44.238525390625,3.7225379943847656,-197.78204345703125
1750932300.718672,0.0,0.5,"[174.0, 185.0, 170.0, 168.0, 135.0, 120.0, 119.0, 133.0, 173.0, 174.0]",8.036648750305176,0.5,44.10089111328125,3.7278709411621094,-197.8648681640625
1750932300.7346072,0.0,0.5,"[174.0, 185.0, 170.0, 168.0, 135.0, 121.0, 120.0, 133.0, 173.0, 174.0]",8.15148639678955,0.0,43.967803955078125,3.733837127685547,-197.9588623046875
1750932300.750731,0.0,0.5,"[174.0, 185.0, 170.0, 168.0, 135.0, 121.0, 119.0, 133.0, 173.0, 174.0]",7.959655284881592,0.0,43.84771728515625,3.7406558990478516,-198.06314086914062
1750932300.7665536,0.0,0.5,"[174.0, 185.0, 171.0, 168.0, 136.0, 121.0, 120.0, 133.0, 173.0, 174.0]",8.207046508789062,0.0,43.72247314453125,3.7473487854003906,-198.16903686523438
1750932300.7820215,0.0,0.5,"[174.0, 185.0, 172.0, 169.0, 136.0, 121.0, 120.0, 133.0, 172.0, 174.0]",7.8786234855651855,0.0,43.602325439453125,3.7534408569335938,-198.27081298828125
1750932300.8224075,0.0,0.5,"[174.0, 185.0, 172.0, 169.0, 136.0, 121.0, 120.0, 133.0, 172.0, 174.0]",8.173033714294434,0.0,43.47772216796875,3.7596073150634766,-198.37640380859375
1750932300.8374982,0.0,0.5,"[174.0, 185.0, 173.0, 169.0, 136.0, 121.0, 120.0, 133.0, 171.0, 174.0]",8.223664283752441,0.0,43.352294921875,3.7658233642578125,-198.48260498046875
1750932300.8537385,0.0,0.5,"[174.0, 185.0, 173.0, 169.0, 136.0, 121.0, 120.0, 133.0, 171.0, 174.0]",8.367959976196289,0.0,43.22509765625,3.7722530364990234,-198.5911865234375
1750932300.8694549,1.0,0.5,"[174.0, 185.0, 175.0, 169.0, 136.0, 121.0, 120.0, 133.0, 170.0, 174.0]",8.37828254699707,0.0,43.09710693359375,3.778409957885742,-198.69915771484375
1750932300.8866453,1.0,0.5,"[174.0, 185.0, 173.0, 170.0, 137.0, 122.0, 121.0, 133.0, 172.0, 174.0]",8.062455177307129,0.5,42.966461181640625,3.783660888671875,-198.79354858398438
1750932300.9030826,1.0,0.5,"[174.0, 185.0, 172.0, 171.0, 138.0, 123.0, 123.0, 136.0, 173.0, 174.0]",7.984890937805176,0.5,42.825225830078125,3.787263870239258,-198.86798095703125
1750932300.9346213,1.0,0.5,"[174.0, 185.0, 170.0, 171.0, 140.0, 124.0, 124.0, 137.0, 176.0, 174.0]",8.138314247131348,0.5,42.68389892578125,3.7910518646240234,-198.94866943359375
1750932300.952816,0.0,0.5,"[174.0, 185.0, 168.0, 173.0, 141.0, 125.0, 125.0, 138.0, 179.0, 174.0]",8.244665145874023,0.5,42.53778076171875,3.7942752838134766,-199.02499389648438
1750932300.9709222,0.0,0.5,"[174.0, 185.0, 167.0, 174.0, 141.0, 125.0, 126.0, 139.0, 179.0, 174.0]",8.187952041625977,0.0,42.40380859375,3.7985801696777344,-199.11907958984375
1750932300.988619,0.0,0.5,"[174.0, 185.0, 169.0, 173.0, 141.0, 125.0, 126.0, 138.0, 178.0, 174.0]",8.008431434631348,0.0,42.27789306640625,3.803089141845703,-199.21795654296875
1750932301.0066798,0.0,0.5,"[174.0, 185.0, 170.0, 174.0, 141.0, 125.0, 126.0, 139.0, 179.0, 174.0]",8.209126472473145,0.0,42.14544677734375,3.8073062896728516,-199.31488037109375
1750932301.0245333,0.0,0.5,"[174.0, 185.0, 172.0, 174.0, 141.0, 125.0, 126.0, 138.0, 178.0, 174.0]",8.131776809692383,0.0,42.016143798828125,3.811349868774414,-199.41348266601562
1750932301.0425658,0.0,0.5,"[174.0, 185.0, 173.0, 174.0, 141.0, 125.0, 126.0, 139.0, 178.0, 174.0]",8.367587089538574,0.0,41.882049560546875,3.8152618408203125,-199.5135498046875
1750932301.0750482,0.0,0.5,"[174.0, 185.0, 175.0, 173.0, 141.0, 125.0, 126.0, 138.0, 177.0, 174.0]",8.230422019958496,0.0,41.75067138671875,3.8187179565429688,-199.61260986328125
1750932301.0930135,0.0,0.5,"[174.0, 185.0, 176.0, 173.0, 141.0, 125.0, 126.0, 138.0, 177.0, 174.0]",8.311783790588379,0.0,41.61773681640625,3.8218917846679688,-199.71240234375
1750932301.1110394,0.0,0.5,"[174.0, 185.0, 178.0, 173.0, 141.0, 125.0, 126.0, 137.0, 176.0, 174.0]",8.525656700134277,0.0,41.4815673828125,3.8249664306640625,-199.81497192382812
1750932301.1301935,0.0,0.5,"[174.0, 185.0, 179.0, 173.0, 141.0, 125.0, 126.0, 137.0, 176.0, 174.0]",8.408452987670898,0.0,41.3472900390625,3.8277549743652344,-199.91616821289062
1750932301.1491277,0.0,0.5,"[174.0, 185.0, 181.0, 173.0, 140.0, 124.0, 125.0, 137.0, 176.0, 174.0]",8.741939544677734,0.0,41.2076416015625,3.83026123046875,-200.0213623046875
1750932301.1675045,0.0,0.5,"[174.0, 185.0, 183.0, 173.0, 140.0, 124.0, 125.0, 137.0, 176.0, 174.0]",8.512561798095703,0.0,41.071685791015625,3.832437515258789,-200.12384033203125
1750932301.1850145,0.0,0.5,"[174.0, 185.0, 183.0, 173.0, 140.0, 124.0, 125.0, 137.0, 176.0, 174.0]",8.747692108154297,0.0,40.932037353515625,3.8342666625976562,-200.22918701171875
1750932301.2029874,0.0,0.5,"[174.0, 185.0, 184.0, 171.0, 140.0, 124.0, 125.0, 137.0, 176.0, 174.0]",8.677494049072266,0.0,40.79339599609375,3.8355445861816406,-200.33358764648438
1750932301.2346337,0.0,0.5,"[174.0, 185.0, 185.0, 171.0, 140.0, 124.0, 125.0, 137.0, 174.0, 174.0]",8.787700653076172,0.0,40.653228759765625,3.836587905883789,-200.4395751953125
1750932301.2523072,0.0,0.5,"[174.0, 185.0, 187.0, 171.0, 139.0, 124.0, 125.0, 137.0, 174.0, 174.0]",8.600476264953613,0.0,40.51580810546875,3.837291717529297,-200.54302978515625
1750932301.268778,0.0,0.5,"[174.0, 185.0, 187.0, 171.0, 139.0, 124.0, 125.0, 137.0, 174.0, 174.0]",8.719301223754883,0.0,40.376861572265625,3.837911605834961,-200.6484375
1750932301.2863953,1.0,0.5,"[174.0, 185.0, 189.0, 171.0, 139.0, 123.0, 125.0, 137.0, 173.0, 174.0]",8.87568473815918,0.0,40.23486328125,3.838136672973633,-200.75494384765625
1750932301.3029962,1.0,0.5,"[174.0, 185.0, 188.0, 171.0, 140.0, 124.0, 125.0, 137.0, 176.0, 174.0]",8.716222763061523,0.5,40.087982177734375,3.8381481170654297,-200.848876953125
1750932301.336675,0.0,0.5,"[174.0, 185.0, 185.0, 173.0, 141.0, 125.0, 126.0, 140.0, 178.0, 174.0]",8.625404357910156,0.5,39.932952880859375,3.837472915649414,-200.924560546875
1750932301.3555386,0.0,0.5,"[174.0, 185.0, 184.0, 173.0, 142.0, 125.0, 126.0, 141.0, 179.0, 174.0]",8.521724700927734,0.0,39.786529541015625,3.8365478515625,-201.01174926757812
1750932301.3740084,0.0,0.5,"[174.0, 185.0, 186.0, 173.0, 141.0, 125.0, 126.0, 141.0, 179.0, 174.0]",8.665519714355469,0.0,39.64532470703125,3.835662841796875,-201.11224365234375
1750932301.392773,0.0,0.5,"[174.0, 185.0, 187.0, 173.0, 142.0, 125.0, 126.0, 141.0, 179.0, 174.0]",8.733943939208984,0.0,39.50274658203125,3.8347854614257812,-201.213134765625
1750932301.4115775,0.0,0.5,"[174.0, 185.0, 188.0, 173.0, 141.0, 125.0, 126.0, 141.0, 179.0, 174.0]",8.72584342956543,0.0,39.359283447265625,3.8335800170898438,-201.3125
1750932301.4307928,0.0,0.5,"[174.0, 185.0, 189.0, 173.0, 142.0, 125.0, 126.0, 141.0, 179.0, 174.0]",8.737910270690918,0.0,39.21697998046875,3.8324508666992188,-201.4139404296875
1750932301.4494472,0.0,0.5,"[174.0, 185.0, 190.0, 173.0, 142.0, 125.0, 126.0, 141.0, 179.0, 174.0]",8.862648963928223,0.0,39.071380615234375,3.831064224243164,-201.5150146484375
1750932301.4682846,0.0,0.5,"[174.0, 185.0, 192.0, 173.0, 142.0, 125.0, 126.0, 142.0, 180.0, 174.0]",8.669221878051758,0.0,38.929840087890625,3.8295631408691406,-201.61514282226562
1750932301.4865224,1.0,0.5,"[174.0, 185.0, 193.0, 174.0, 142.0, 125.0, 126.0, 142.0, 179.0, 174.0]",8.8490629196167,0.0,38.784912109375,3.827939987182617,-201.71673583984375
1750932301.505755,1.0,0.5,"[174.0, 185.0, 192.0, 174.0, 143.0, 126.0, 128.0, 143.0, 182.0, 174.0]",8.616045951843262,0.5,38.63702392578125,3.8263893127441406,-201.80517578125
1750932301.525697,1.0,0.5,"[174.0, 185.0, 189.0, 175.0, 144.0, 127.0, 129.0, 145.0, 185.0, 174.0]",8.541112899780273,0.5,38.479705810546875,3.824596405029297,-201.87164306640625
1750932301.5467515,0.0,0.5,"[174.0, 185.0, 187.0, 176.0, 146.0, 128.0, 130.0, 147.0, 185.0, 174.0]",8.605894088745117,0.5,38.322235107421875,3.8226470947265625,-201.941162109375
1750932301.5674977,0.0,0.5,"[174.0, 185.0, 187.0, 176.0, 146.0, 129.0, 130.0, 148.0, 185.0, 174.0]",8.707592964172363,0.0,38.170562744140625,3.8205814361572266,-202.0267333984375
1750932301.587651,0.0,0.5,"[174.0, 185.0, 189.0, 176.0, 146.0, 129.0, 130.0, 148.0, 185.0, 174.0]",8.526427268981934,0.0,38.028533935546875,3.818368911743164,-202.12109375
1750932301.6082647,0.0,0.5,"[174.0, 185.0, 189.0, 176.0, 146.0, 129.0, 130.0, 148.0, 185.0, 174.0]",8.6538724899292,0.0,37.881439208984375,3.815938949584961,-202.21224975585938
1750932301.6281772,0.0,0.5,"[174.0, 185.0, 190.0, 176.0, 146.0, 129.0, 130.0, 147.0, 185.0, 174.0]",8.884340286254883,0.0,37.73187255859375,3.813161849975586,-202.30810546875
1750932301.6486974,0.0,0.5,"[174.0, 185.0, 192.0, 176.0, 146.0, 129.0, 130.0, 147.0, 185.0, 174.0]",8.910540580749512,0.0,37.58123779296875,3.8103675842285156,-202.40328979492188
1750932301.6695397,0.0,0.5,"[174.0, 185.0, 192.0, 176.0, 146.0, 128.0, 129.0, 147.0, 185.0, 174.0]",8.861517906188965,0.0,37.43157958984375,3.8073673248291016,-202.4981689453125
1750932301.6907177,1.0,0.5,"[174.0, 185.0, 193.0, 176.0, 146.0, 128.0, 129.0, 147.0, 185.0, 174.0]",8.77007007598877,0.0,37.283477783203125,3.804220199584961,-202.5921630859375
1750932301.7105544,1.0,0.5,"[174.0, 185.0, 192.0, 177.0, 147.0, 129.0, 130.0, 147.0, 185.0, 174.0]",8.78730583190918,0.5,37.126708984375,3.800870895385742,-202.67147827148438
1750932301.7297213,1.0,0.5,"[174.0, 185.0, 189.0, 178.0, 148.0, 130.0, 131.0, 148.0, 185.0, 174.0]",8.525203704833984,0.5,36.967376708984375,3.797391891479492,-202.7320556640625
1750932301.7479527,0.0,0.5,"[174.0, 185.0, 188.0, 178.0, 148.0, 131.0, 132.0, 150.0, 185.0, 174.0]",8.739800453186035,0.5,36.80419921875,3.7935237884521484,-202.79461669921875
1750932301.7671027,0.0,0.5,"[174.0, 185.0, 189.0, 178.0, 149.0, 131.0, 132.0, 150.0, 185.0, 174.0]",8.580111503601074,0.0,36.652801513671875,3.789480209350586,-202.87530517578125
1750932301.7853947,0.0,0.5,"[174.0, 185.0, 189.0, 178.0, 148.0, 131.0, 131.0, 149.0, 185.0, 174.0]",8.724956512451172,0.0,36.50201416015625,3.78515625,-202.96304321289062
1750932301.8040886,0.0,0.5,"[174.0, 185.0, 189.0, 178.0, 148.0, 131.0, 131.0, 148.0, 185.0, 174.0]",8.866230010986328,0.0,36.3477783203125,3.780576705932617,-203.0504150390625
1750932301.8217688,0.0,0.5,"[174.0, 185.0, 190.0, 178.0, 148.0, 130.0, 131.0, 148.0, 185.0, 174.0]",8.807936668395996,0.0,36.194671630859375,3.7758445739746094,-203.13739013671875
1750932301.8696868,0.0,0.5,"[174.0, 185.0, 190.0, 178.0, 148.0, 130.0, 130.0, 147.0, 185.0, 174.0]",8.832206726074219,0.0,36.041259765625,3.770893096923828,-203.22479248046875
1750932301.888689,0.0,0.5,"[174.0, 185.0, 192.0, 178.0, 148.0, 130.0, 130.0, 147.0, 185.0, 174.0]",9.001235961914062,0.0,35.884674072265625,3.7656288146972656,-203.3134765625
1750932301.8902447,0.0,0.5,"[174.0, 185.0, 192.0, 178.0, 148.0, 130.0, 130.0, 147.0, 185.0, 174.0]",9.194653511047363,0.0,35.724945068359375,3.7602386474609375,-203.40447998046875
1750932301.9091282,1.0,0.5,"[174.0, 185.0, 193.0, 178.0, 148.0, 129.0, 129.0, 145.0, 185.0, 174.0]",9.086142539978027,0.0,35.567169189453125,3.754819869995117,-203.49444580078125
1750932301.9273033,1.0,0.5,"[174.0, 185.0, 192.0, 179.0, 148.0, 130.0, 130.0, 146.0, 185.0, 174.0]",9.12648868560791,0.5,35.400848388671875,3.7494773864746094,-203.5694580078125
1750932301.946026,1.0,0.5,"[174.0, 185.0, 189.0, 179.0, 148.0, 131.0, 131.0, 147.0, 185.0, 174.0]",8.681879043579102,0.5,35.235748291015625,3.7445411682128906,-203.62298583984375
1750932301.9643524,0.0,0.5,"[174.0, 185.0, 187.0, 179.0, 149.0, 133.0, 132.0, 148.0, 185.0, 174.0]",9.059794425964355,0.5,35.0633544921875,3.7392501831054688,-203.67855834960938
1750932301.9828918,0.0,0.5,"[174.0, 185.0, 187.0, 295.0, 149.0, 134.0, 132.0, 148.0, 185.0, 174.0]",8.882309913635254,0.0,34.900665283203125,3.7336807250976562,-203.74969482421875
1750932302.0163486,0.0,0.5,"[174.0, 185.0, 189.0, 179.0, 149.0, 133.0, 132.0, 148.0, 185.0, 174.0]",9.050378799438477,0.0,34.74029541015625,3.727741241455078,-203.83340454101562
1750932302.0354433,0.0,0.5,"[174.0, 185.0, 189.0, 179.0, 149.0, 133.0, 131.0, 147.0, 185.0, 174.0]",8.94005298614502,0.0,34.580230712890625,3.7218666076660156,-203.912841796875
1750932302.055421,0.0,0.5,"[174.0, 185.0, 190.0, 179.0, 149.0, 133.0, 131.0, 147.0, 185.0, 174.0]",9.234493255615234,0.0,34.41534423828125,3.715747833251953,-203.99588012695312
1750932302.0754447,0.0,0.5,"[174.0, 185.0, 190.0, 179.0, 149.0, 133.0, 131.0, 147.0, 185.0, 174.0]",8.88273811340332,0.0,34.25665283203125,3.7097930908203125,-204.07550048828125
1750932302.0959332,0.0,0.5,"[174.0, 185.0, 192.0, 179.0, 149.0, 131.0, 130.0, 146.0, 185.0, 174.0]",9.188716888427734,0.0,34.092529296875,3.7035865783691406,-204.15792846679688
1750932302.1155508,0.0,0.5,"[174.0, 185.0, 192.0, 179.0, 149.0, 131.0, 130.0, 145.0, 185.0, 174.0]",9.254636764526367,0.0,33.927215576171875,3.697298049926758,-204.24093627929688
1750932302.1356635,1.0,0.5,"[174.0, 185.0, 192.0, 179.0, 149.0, 131.0, 130.0, 145.0, 185.0, 174.0]",9.291929244995117,0.0,33.76123046875,3.6908721923828125,-204.32427978515625
1750932302.1555848,1.0,0.5,"[174.0, 185.0, 192.0, 179.0, 149.0, 133.0, 130.0, 145.0, 185.0, 174.0]",9.108314514160156,0.5,33.592132568359375,3.6848278045654297,-204.39181518554688
1750932302.1745934,0.0,0.5,"[174.0, 185.0, 190.0, 179.0, 150.0, 134.0, 132.0, 147.0, 185.0, 174.0]",9.090839385986328,0.5,33.41754150390625,3.679046630859375,-204.44216918945312
1750932302.1922462,0.0,0.5,"[174.0, 185.0, 190.0, 179.0, 150.0, 135.0, 132.0, 147.0, 185.0, 174.0]",8.968432426452637,0.0,33.249969482421875,3.673015594482422,-204.50582885742188
1750932302.2108896,0.0,0.5,"[174.0, 185.0, 190.0, 179.0, 150.0, 135.0, 132.0, 147.0, 185.0, 174.0]",9.186314582824707,0.0,33.084564208984375,3.666584014892578,-204.58554077148438
1750932302.2292798,0.0,0.5,"[174.0, 185.0, 192.0, 179.0, 150.0, 134.0, 132.0, 147.0, 185.0, 174.0]",9.103706359863281,0.0,32.9189453125,3.6602001190185547,-204.66094970703125
1750932302.2475462,0.0,0.5,"[174.0, 185.0, 193.0, 179.0, 150.0, 134.0, 131.0, 146.0, 185.0, 174.0]",9.234539985656738,0.0,32.751434326171875,3.653715133666992,-204.73846435546875
1750932302.2656565,0.0,0.5,"[174.0, 185.0, 194.0, 295.0, 150.0, 134.0, 131.0, 145.0, 185.0, 174.0]",9.235247611999512,0.0,32.583648681640625,3.6472511291503906,-204.8154296875
1750932302.2836306,0.0,0.5,"[174.0, 185.0, 195.0, 295.0, 150.0, 134.0, 131.0, 145.0, 185.0, 174.0]",9.31835651397705,0.0,32.414581298828125,3.640718460083008,-204.89358520507812
1750932302.3162262,0.0,0.5,"[174.0, 185.0, 197.0, 181.0, 150.0, 134.0, 130.0, 144.0, 185.0, 174.0]",9.411775588989258,0.0,32.24359130859375,3.634153366088867,-204.97198486328125
1750932302.3346515,1.0,0.5,"[174.0, 185.0, 197.0, 181.0, 150.0, 134.0, 130.0, 144.0, 185.0, 174.0]",9.458094596862793,0.0,32.07196044921875,3.6275367736816406,-205.05126953125
1750932302.3529503,1.0,0.5,"[174.0, 185.0, 196.0, 179.0, 150.0, 135.0, 131.0, 145.0, 185.0, 174.0]",9.234825134277344,0.5,31.89654541015625,3.621417999267578,-205.1087646484375
1750932302.3717563,0.0,0.5,"[174.0, 185.0, 193.0, 177.0, 151.0, 136.0, 133.0, 147.0, 185.0, 174.0]",9.002347946166992,0.5,31.720947265625,3.615755081176758,-205.1480712890625
1750932302.3891888,0.0,0.5,"[174.0, 185.0, 192.0, 177.0, 151.0, 137.0, 133.0, 147.0, 185.0, 174.0]",9.141822814941406,0.0,31.5455322265625,3.6099281311035156,-205.1993408203125
1750932302.4072077,0.0,0.5,"[174.0, 185.0, 193.0, 177.0, 151.0, 136.0, 133.0, 147.0, 185.0, 174.0]",9.019302368164062,0.0,31.380767822265625,3.603862762451172,-205.27252197265625
1750932302.4251857,0.0,0.5,"[174.0, 185.0, 193.0, 177.0, 151.0, 136.0, 132.0, 146.0, 185.0, 174.0]",9.239152908325195,0.0,31.2091064453125,3.5978870391845703,-205.34063720703125
1750932302.4428914,0.0,0.5,"[174.0, 185.0, 194.0, 177.0, 151.0, 136.0, 132.0, 145.0, 185.0, 174.0]",9.12074089050293,0.0,31.040618896484375,3.592000961303711,-205.41033935546875
1750932302.47526,0.0,0.5,"[174.0, 185.0, 195.0, 177.0, 150.0, 136.0, 131.0, 145.0, 185.0, 174.0]",9.343793869018555,0.0,30.86773681640625,3.5861473083496094,-205.48101806640625
1750932302.4931262,0.0,0.5,"[174.0, 185.0, 195.0, 177.0, 150.0, 135.0, 131.0, 144.0, 185.0, 174.0]",9.26340389251709,0.0,30.696380615234375,3.5804271697998047,-205.55123901367188
1750932302.5112069,1.0,0.5,"[174.0, 185.0, 195.0, 177.0, 150.0, 135.0, 130.0, 143.0, 182.0, 174.0]",9.46883487701416,0.0,30.52130126953125,3.574766159057617,-205.6231689453125
1750932302.5272298,1.0,0.5,"[174.0, 185.0, 194.0, 175.0, 150.0, 135.0, 131.0, 143.0, 183.0, 174.0]",9.008403778076172,0.5,30.349365234375,3.5696563720703125,-205.6767578125
1750932302.54421,1.0,0.5,"[174.0, 185.0, 192.0, 174.0, 150.0, 137.0, 132.0, 145.0, 185.0, 174.0]",8.919133186340332,0.5,30.173492431640625,3.5651473999023438,-205.70632934570312
1750932302.5610352,0.0,0.5,"[174.0, 185.0, 189.0, 171.0, 151.0, 138.0, 133.0, 147.0, 185.0, 174.0]",8.967687606811523,0.5,29.997467041015625,3.560739517211914,-205.74041748046875
1750932302.600907,0.0,0.5,"[174.0, 185.0, 189.0, 171.0, 150.0, 138.0, 133.0, 146.0, 185.0, 174.0]",9.025114059448242,0.0,29.825439453125,3.556049346923828,-205.79486083984375
1750932302.6170192,0.0,0.5,"[174.0, 185.0, 189.0, 171.0, 150.0, 137.0, 132.0, 145.0, 185.0, 174.0]",9.0453519821167,0.0,29.655792236328125,3.5515098571777344,-205.85748291015625
1750932302.6332502,0.0,0.5,"[174.0, 185.0, 189.0, 171.0, 149.0, 136.0, 132.0, 144.0, 183.0, 174.0]",9.07581901550293,0.0,29.48431396484375,3.547147750854492,-205.9168701171875
1750932302.6490672,0.0,0.5,"[174.0, 185.0, 189.0, 170.0, 149.0, 136.0, 131.0, 143.0, 182.0, 174.0]",9.233779907226562,0.0,29.310302734375,3.5430030822753906,-205.97857666015625
1750932302.6651356,1.0,0.5,"[174.0, 185.0, 189.0, 170.0, 148.0, 136.0, 130.0, 142.0, 180.0, 174.0]",9.081208229064941,0.0,29.138916015625,3.539081573486328,-206.03857421875
1750932302.6811004,1.0,0.5,"[174.0, 185.0, 188.0, 169.0, 148.0, 136.0, 131.0, 142.0, 181.0, 174.0]",9.088083267211914,0.5,28.962799072265625,3.5355567932128906,-206.08340454101562
1750932302.7224417,0.0,0.5,"[174.0, 185.0, 186.0, 167.0, 149.0, 137.0, 132.0, 144.0, 183.0, 174.0]",8.771574974060059,0.5,28.788665771484375,3.532745361328125,-206.10430908203125
1750932302.7382684,0.0,0.5,"[174.0, 185.0, 184.0, 166.0, 149.0, 137.0, 132.0, 145.0, 183.0, 174.0]",8.768841743469238,0.0,28.617218017578125,3.5297584533691406,-206.14117431640625
1750932302.753726,0.0,0.5,"[174.0, 185.0, 184.0, 166.0, 148.0, 136.0, 132.0, 143.0, 182.0, 174.0]",8.784244537353516,0.0,28.45074462890625,3.526723861694336,-206.19720458984375
1750932302.7691891,0.0,0.5,"[174.0, 185.0, 184.0, 166.0, 148.0, 135.0, 131.0, 142.0, 180.0, 174.0]",9.023303985595703,0.0,28.27789306640625,3.524106979370117,-206.2490234375
1750932302.7842865,0.0,0.5,"[174.0, 185.0, 184.0, 165.0, 148.0, 135.0, 130.0, 142.0, 179.0, 174.0]",8.958643913269043,0.0,28.106903076171875,3.5217342376708984,-206.30255126953125
1750932302.8002264,0.0,0.5,"[174.0, 185.0, 184.0, 165.0, 147.0, 134.0, 130.0, 141.0, 178.0, 174.0]",9.071657180786133,0.0,27.9334716796875,3.5196533203125,-206.35580444335938
1750932302.8388262,1.0,0.5,"[174.0, 185.0, 184.0, 164.0, 146.0, 134.0, 130.0, 141.0, 176.0, 174.0]",8.92014217376709,0.0,27.763153076171875,3.5177688598632812,-206.40884399414062
1750932302.85439,1.0,0.5,"[174.0, 185.0, 183.0, 163.0, 147.0, 134.0, 130.0, 141.0, 177.0, 174.0]",8.800118446350098,0.5,27.59039306640625,3.516378402709961,-206.4423828125
1750932302.8702986,1.0,0.5,"[174.0, 185.0, 181.0, 162.0, 148.0, 134.0, 131.0, 142.0, 179.0, 174.0]",8.771103858947754,0.5,27.416046142578125,3.5154170989990234,-206.461669921875
1750932302.8861241,0.0,0.5,"[174.0, 185.0, 179.0, 160.0, 148.0, 135.0, 132.0, 144.0, 182.0, 174.0]",8.661637306213379,0.5,27.243408203125,3.5148963928222656,-206.47613525390625
1750932302.9018679,0.0,0.5,"[174.0, 185.0, 178.0, 160.0, 148.0, 134.0, 133.0, 144.0, 182.0, 174.0]",8.869561195373535,0.0,27.069244384765625,3.5143356323242188,-206.509765625
1750932302.940707,0.0,0.5,"[174.0, 185.0, 178.0, 160.0, 148.0, 134.0, 132.0, 144.0, 180.0, 174.0]",8.688800811767578,0.0,26.90155029296875,3.513782501220703,-206.55535888671875
1750932302.9561565,0.0,0.5,"[174.0, 185.0, 179.0, 160.0, 148.0, 133.0, 132.0, 142.0, 179.0, 174.0]",8.850553512573242,0.0,26.729736328125,3.51348876953125,-206.597900390625
1750932302.9712882,0.0,0.5,"[174.0, 185.0, 178.0, 159.0, 148.0, 133.0, 132.0, 142.0, 179.0, 174.0]",9.097843170166016,0.0,26.553436279296875,3.513273239135742,-206.64300537109375
1750932302.986892,0.0,0.5,"[174.0, 185.0, 179.0, 160.0, 147.0, 133.0, 131.0, 142.0, 177.0, 174.0]",9.04261302947998,0.0,26.37799072265625,3.5132083892822266,-206.68685913085938
1750932303.0022638,1.0,0.5,"[174.0, 185.0, 178.0, 159.0, 147.0, 131.0, 131.0, 141.0, 177.0, 174.0]",8.94294548034668,0.0,26.20477294921875,3.513317108154297,-206.73138427734375
1750932303.0421703,1.0,0.5,"[174.0, 185.0, 177.0, 159.0, 148.0, 133.0, 132.0, 142.0, 179.0, 174.0]",8.874321937561035,0.5,26.028717041015625,3.513885498046875,-206.75390625
1750932303.0584114,1.0,0.5,"[174.0, 185.0, 175.0, 156.0, 149.0, 134.0, 134.0, 145.0, 182.0, 174.0]",8.871091842651367,0.5,25.8514404296875,3.514801025390625,-206.76104736328125
1750932303.0738506,1.0,0.5,"[174.0, 185.0, 173.0, 155.0, 150.0, 134.0, 136.0, 147.0, 184.0, 174.0]",8.724410057067871,0.5,25.6771240234375,3.515827178955078,-206.7684326171875
1750932303.0895138,0.0,0.5,"[174.0, 185.0, 172.0, 153.0, 259.0, 135.0, 137.0, 149.0, 185.0, 174.0]",9.041915893554688,0.5,25.496307373046875,3.5170230865478516,-206.77197265625
1750932303.1051238,0.0,0.5,"[174.0, 185.0, 171.0, 153.0, 259.0, 136.0, 137.0, 150.0, 185.0, 174.0]",8.644246101379395,0.0,25.32440185546875,3.5180702209472656,-206.79034423828125
1750932303.1202385,0.0,0.5,"[174.0, 185.0, 171.0, 153.0, 259.0, 135.0, 137.0, 149.0, 185.0, 174.0]",8.967299461364746,0.0,25.1483154296875,3.519021987915039,-206.8243408203125
1750932303.1590211,0.0,0.5,"[174.0, 185.0, 172.0, 153.0, 259.0, 135.0, 136.0, 149.0, 185.0, 174.0]",8.837879180908203,0.0,24.974090576171875,3.520111083984375,-206.85406494140625
1750932303.174597,1.0,0.5,"[174.0, 185.0, 171.0, 153.0, 151.0, 135.0, 136.0, 149.0, 185.0, 174.0]",8.962621688842773,0.0,24.797576904296875,3.521343231201172,-206.88531494140625
1750932303.189585,1.0,0.5,"[174.0, 185.0, 170.0, 153.0, 151.0, 135.0, 136.0, 150.0, 185.0, 174.0]",8.716218948364258,0.5,24.623626708984375,3.5228710174560547,-206.89654541015625
1750932303.2047,1.0,0.5,"[174.0, 185.0, 168.0, 151.0, 151.0, 136.0, 138.0, 153.0, 185.0, 174.0]",8.737841606140137,0.5,24.448974609375,3.524656295776367,-206.8905029296875
1750932303.2195024,1.0,0.5,"[174.0, 185.0, 166.0, 149.0, 151.0, 137.0, 138.0, 155.0, 185.0, 174.0]",8.602372169494629,0.5,24.27703857421875,3.5265274047851562,-206.88519287109375
1750932303.255834,1.0,0.5,"[174.0, 185.0, 164.0, 147.0, 259.0, 138.0, 139.0, 158.0, 185.0, 174.0]",8.937460899353027,0.5,24.098541259765625,3.5285511016845703,-206.8759765625
1750932303.2712333,0.0,0.5,"[174.0, 185.0, 162.0, 146.0, 149.0, 140.0, 140.0, 159.0, 185.0, 174.0]",8.85927963256836,0.5,23.921844482421875,3.530681610107422,-206.86288452148438
1750932303.2848907,0.0,0.5,"[174.0, 185.0, 161.0, 145.0, 149.0, 140.0, 140.0, 160.0, 185.0, 174.0]",8.79058837890625,0.0,23.74615478515625,3.5326499938964844,-206.869140625
1750932303.3001204,0.0,0.5,"[174.0, 185.0, 162.0, 146.0, 149.0, 139.0, 140.0, 159.0, 185.0, 174.0]",8.802834510803223,0.0,23.571044921875,3.5345420837402344,-206.88717651367188
1750932303.3341253,0.0,0.5,"[174.0, 185.0, 161.0, 145.0, 149.0, 139.0, 140.0, 159.0, 185.0, 174.0]",8.847756385803223,0.0,23.394683837890625,3.5365123748779297,-206.90145874023438
1750932303.3481088,0.0,0.5,"[174.0, 185.0, 162.0, 145.0, 149.0, 139.0, 139.0, 159.0, 185.0, 174.0]",9.087367057800293,0.0,23.213592529296875,3.5385284423828125,-206.9171142578125
1750932303.362279,0.0,0.5,"[174.0, 185.0, 161.0, 145.0, 149.0, 139.0, 139.0, 159.0, 185.0, 174.0]",9.010680198669434,0.0,23.034088134765625,3.5405120849609375,-206.932861328125
1750932303.396149,1.0,0.5,"[174.0, 185.0, 161.0, 145.0, 149.0, 139.0, 139.0, 158.0, 185.0, 174.0]",9.123384475708008,0.0,22.852264404296875,3.542510986328125,-206.94818115234375
1750932303.4105864,1.0,0.5,"[174.0, 185.0, 159.0, 145.0, 148.0, 140.0, 139.0, 158.0, 185.0, 174.0]",8.654547691345215,0.5,22.67919921875,3.544525146484375,-206.94744873046875
1750932303.4247575,1.0,0.5,"[174.0, 185.0, 158.0, 143.0, 147.0, 141.0, 140.0, 159.0, 185.0, 174.0]",8.670280456542969,0.5,22.50714111328125,3.5466861724853516,-206.9259033203125
1750932303.4386706,0.0,0.5,"[174.0, 185.0, 156.0, 141.0, 145.0, 142.0, 141.0, 161.0, 185.0, 174.0]",8.837347030639648,0.5,22.331634521484375,3.548891067504883,-206.90530395507812
1750932303.473057,0.0,0.5,"[174.0, 185.0, 155.0, 140.0, 145.0, 142.0, 141.0, 161.0, 185.0, 174.0]",8.66041088104248,0.0,22.158416748046875,3.550933837890625,-206.9041748046875
1750932303.486774,0.0,0.5,"[174.0, 185.0, 155.0, 140.0, 145.0, 142.0, 141.0, 161.0, 185.0, 174.0]",8.600139617919922,0.0,21.986663818359375,3.552885055541992,-206.912841796875
1750932303.500761,0.0,0.5,"[174.0, 185.0, 155.0, 140.0, 145.0, 142.0, 141.0, 160.0, 185.0, 174.0]",8.773011207580566,0.0,21.811309814453125,3.554872512817383,-206.91830444335938
1750932303.5350351,0.0,0.5,"[174.0, 185.0, 155.0, 140.0, 145.0, 142.0, 141.0, 159.0, 185.0, 174.0]",8.954352378845215,0.0,21.632354736328125,3.5569019317626953,-206.92507934570312
1750932303.549002,0.0,0.5,"[174.0, 185.0, 155.0, 140.0, 145.0, 141.0, 140.0, 159.0, 185.0, 174.0]",8.693422317504883,0.0,21.458587646484375,3.5589370727539062,-206.93115234375
1750932303.5639713,1.0,0.5,"[174.0, 185.0, 155.0, 140.0, 144.0, 141.0, 140.0, 159.0, 185.0, 174.0]",8.975576400756836,0.0,21.27923583984375,3.5611000061035156,-206.9378662109375
1750932303.5771735,1.0,0.5,"[174.0, 185.0, 153.0, 139.0, 143.0, 142.0, 141.0, 159.0, 185.0, 174.0]",8.690295219421387,0.5,21.1058349609375,3.563365936279297,-206.92611694335938
1750932303.611225,0.0,0.5,"[174.0, 185.0, 150.0, 137.0, 142.0, 143.0, 143.0, 161.0, 185.0, 174.0]",8.527766227722168,0.5,20.9381103515625,3.5658016204833984,-206.89529418945312
1750932303.6249197,0.0,0.5,"[174.0, 185.0, 150.0, 136.0, 141.0, 144.0, 143.0, 162.0, 185.0, 174.0]",8.686015129089355,0.0,20.764984130859375,3.5684127807617188,-206.881103515625
1750932303.6388838,0.0,0.5,"[174.0, 185.0, 150.0, 136.0, 141.0, 143.0, 143.0, 161.0, 185.0, 174.0]",8.502328872680664,0.0,20.59503173828125,3.5710487365722656,-206.88568115234375
1750932303.671847,0.0,0.5,"[174.0, 185.0, 149.0, 136.0, 141.0, 143.0, 143.0, 161.0, 185.0, 174.0]",8.680743217468262,0.0,20.42144775390625,3.5739192962646484,-206.88336181640625
1750932303.685995,0.0,0.5,"[174.0, 185.0, 148.0, 136.0, 141.0, 143.0, 142.0, 160.0, 185.0, 174.0]",8.7615385055542,0.0,20.246246337890625,3.576925277709961,-206.8836669921875
1750932303.6992679,0.0,0.5,"[174.0, 185.0, 148.0, 136.0, 141.0, 143.0, 142.0, 159.0, 185.0, 174.0]",8.82054328918457,0.0,20.069854736328125,3.580059051513672,-206.88327026367188
1750932303.7336311,0.0,0.5,"[174.0, 185.0, 148.0, 136.0, 141.0, 143.0, 141.0, 159.0, 185.0, 174.0]",8.81383991241455,0.0,19.89361572265625,3.5832576751708984,-206.88302612304688
1750932303.7473154,0.0,0.5,"[174.0, 185.0, 147.0, 135.0, 141.0, 143.0, 141.0, 159.0, 185.0, 174.0]",8.996707916259766,0.0,19.713714599609375,3.5865840911865234,-206.8829345703125
1750932303.7613344,0.0,0.5,"[174.0, 185.0, 147.0, 135.0, 141.0, 143.0, 141.0, 159.0, 185.0, 174.0]",8.9126615524292,0.0,19.535491943359375,3.589902877807617,-206.882568359375
1750932303.7948742,0.0,0.5,"[174.0, 185.0, 147.0, 134.0, 140.0, 143.0, 141.0, 158.0, 185.0, 174.0]",9.086737632751465,0.0,19.353790283203125,3.593311309814453,-206.88262939453125
1750932303.8092003,0.0,0.5,"[174.0, 185.0, 147.0, 134.0, 140.0, 142.0, 140.0, 158.0, 185.0, 174.0]",8.922263145446777,0.0,19.17535400390625,3.5966625213623047,-206.882080078125
1750932303.8231933,0.0,0.5,"[174.0, 185.0, 147.0, 134.0, 140.0, 142.0, 140.0, 158.0, 185.0, 174.0]",9.09420108795166,0.0,18.993499755859375,3.6000709533691406,-206.88198852539062
1750932303.8474247,0.0,0.5,"[174.0, 185.0, 147.0, 134.0, 140.0, 142.0, 140.0, 156.0, 185.0, 174.0]",9.17753791809082,0.0,18.80999755859375,3.6034927368164062,-206.88134765625
1750932303.8610466,0.0,0.5,"[174.0, 184.0, 145.0, 133.0, 140.0, 142.0, 140.0, 156.0, 185.0, 174.0]",9.202910423278809,0.0,18.6259765625,3.6068954467773438,-206.88162231445312
1750932303.8943682,0.0,0.5,"[174.0, 184.0, 145.0, 133.0, 140.0, 142.0, 140.0, 156.0, 185.0, 174.0]",9.2152099609375,0.0,18.44171142578125,3.6102752685546875,-206.88079833984375
1750932303.9081314,0.0,0.5,"[174.0, 183.0, 145.0, 133.0, 139.0, 142.0, 140.0, 156.0, 185.0, 174.0]",9.173672676086426,0.0,18.258270263671875,3.613607406616211,-206.8812255859375
1750932303.9224615,0.0,0.5,"[174.0, 182.0, 145.0, 133.0, 140.0, 142.0, 139.0, 155.0, 185.0, 174.0]",9.163883209228516,0.0,18.07501220703125,3.616912841796875,-206.8802490234375
1750932303.9567032,0.0,0.5,"[174.0, 182.0, 145.0, 133.0, 139.0, 142.0, 139.0, 155.0, 185.0, 174.0]",9.35416316986084,0.0,17.887969970703125,3.6201839447021484,-206.88079833984375
1750932303.9708297,0.0,0.5,"[174.0, 182.0, 144.0, 133.0, 139.0, 142.0, 139.0, 155.0, 185.0, 174.0]",9.40494441986084,0.0,17.69989013671875,3.6233901977539062,-206.88018798828125
1750932303.985264,0.0,0.5,"[174.0, 181.0, 144.0, 133.0, 139.0, 141.0, 138.0, 155.0, 185.0, 174.0]",9.430634498596191,0.0,17.51129150390625,3.6266136169433594,-206.88018798828125
1750932303.9996583,0.0,0.5,"[174.0, 180.0, 144.0, 132.0, 139.0, 141.0, 138.0, 155.0, 185.0, 174.0]",9.53257942199707,0.0,17.3206787109375,3.6299591064453125,-206.88003540039062
1750932304.0337343,0.0,0.5,"[174.0, 180.0, 144.0, 132.0, 139.0, 141.0, 138.0, 154.0, 185.0, 174.0]",9.347846984863281,0.0,17.133758544921875,3.6333084106445312,-206.8795166015625
1750932304.0479617,0.0,0.5,"[174.0, 179.0, 143.0, 132.0, 139.0, 141.0, 138.0, 153.0, 185.0, 174.0]",9.521899223327637,0.0,16.943359375,3.6367931365966797,-206.87973022460938
1750932304.0610924,0.0,0.5,"[174.0, 179.0, 143.0, 132.0, 139.0, 141.0, 138.0, 153.0, 185.0, 174.0]",9.565349578857422,0.0,16.7520751953125,3.6403541564941406,-206.879150390625
1750932304.0949447,0.0,0.5,"[174.0, 179.0, 142.0, 132.0, 139.0, 141.0, 138.0, 153.0, 185.0, 174.0]",9.702163696289062,0.0,16.558074951171875,3.644031524658203,-206.87890625
1750932304.1084127,0.0,0.5,"[174.0, 179.0, 142.0, 132.0, 139.0, 141.0, 138.0, 153.0, 185.0, 174.0]",9.792704582214355,0.0,16.36224365234375,3.6477794647216797,-206.8787841796875
1750932304.1226537,0.0,0.5,"[174.0, 178.0, 142.0, 132.0, 139.0, 141.0, 138.0, 153.0, 185.0, 174.0]",9.81790542602539,0.0,16.165924072265625,3.6515979766845703,-206.87847900390625
1750932304.1462462,0.0,0.5,"[174.0, 177.0, 142.0, 131.0, 139.0, 141.0, 138.0, 153.0, 185.0, 174.0]",9.780832290649414,0.0,15.9703369140625,3.655427932739258,-206.8780517578125
1750932304.1599095,0.0,0.5,"[174.0, 177.0, 142.0, 131.0, 139.0, 141.0, 138.0, 153.0, 185.0, 174.0]",9.757071495056152,0.0,15.775238037109375,3.6592769622802734,-206.877685546875
1750932304.1936595,0.0,0.5,"[174.0, 177.0, 142.0, 131.0, 139.0, 141.0, 138.0, 151.0, 185.0, 174.0]",9.971723556518555,0.0,15.575836181640625,3.663196563720703,-206.87741088867188
1750932304.2080956,0.0,0.5,"[174.0, 176.0, 142.0, 131.0, 139.0, 141.0, 138.0, 151.0, 185.0, 174.0]",10.059591293334961,0.0,15.37469482421875,3.6671485900878906,-206.87747192382812
1750932304.2220325,0.0,0.5,"[174.0, 176.0, 142.0, 131.0, 139.0, 141.0, 137.0, 151.0, 185.0, 174.0]",9.999015808105469,0.0,15.17474365234375,3.671072006225586,-206.87677001953125
1750932304.255744,0.0,0.5,"[174.0, 176.0, 141.0, 131.0, 139.0, 141.0, 138.0, 151.0, 185.0, 174.0]",9.991117477416992,0.0,14.9749755859375,3.674985885620117,-206.876708984375
1750932304.2697277,0.0,0.5,"[174.0, 176.0, 141.0, 131.0, 139.0, 141.0, 137.0, 151.0, 185.0, 174.0]",10.006912231445312,0.0,14.774871826171875,3.6788978576660156,-206.87591552734375
1750932304.2838078,0.0,0.5,"[174.0, 174.0, 141.0, 131.0, 139.0, 141.0, 137.0, 151.0, 185.0, 174.0]",10.210772514343262,0.0,14.570709228515625,3.6828384399414062,-206.87600708007812
1750932304.3077147,0.0,0.5,"[174.0, 173.0, 141.0, 131.0, 139.0, 141.0, 137.0, 151.0, 185.0, 174.0]",10.2518310546875,0.0,14.365692138671875,3.6866016387939453,-206.87554931640625
1750932304.3216755,0.0,0.5,"[174.0, 173.0, 141.0, 131.0, 139.0, 141.0, 137.0, 151.0, 185.0, 174.0]",10.272351264953613,0.0,14.1602783203125,3.6899337768554688,-206.875244140625
1750932304.3554256,0.0,0.5,"[174.0, 173.0, 141.0, 131.0, 139.0, 141.0, 137.0, 150.0, 185.0, 174.0]",10.302963256835938,0.0,13.954254150390625,3.692882537841797,-206.87493896484375
1750932304.369602,0.0,0.5,"[174.0, 173.0, 141.0, 131.0, 139.0, 142.0, 137.0, 150.0, 185.0, 174.0]",10.367822647094727,0.0,13.74688720703125,3.69549560546875,-206.87469482421875
1750932304.3839493,0.0,0.5,"[174.0, 173.0, 141.0, 131.0, 139.0, 142.0, 137.0, 150.0, 185.0, 174.0]",10.418081283569336,0.0,13.538543701171875,3.6978111267089844,-206.8743896484375
1750932304.3990438,0.0,0.5,"[174.0, 173.0, 141.0, 131.0, 139.0, 142.0, 137.0, 150.0, 185.0, 174.0]",10.487339973449707,0.0,13.328826904296875,3.6998844146728516,-206.87408447265625
1750932304.4348247,0.0,0.5,"[174.0, 173.0, 141.0, 131.0, 139.0, 142.0, 137.0, 150.0, 185.0, 174.0]",10.524369239807129,0.0,13.11834716796875,3.7017440795898438,-206.87371826171875
1750932304.4485407,0.0,0.5,"[174.0, 173.0, 141.0, 131.0, 140.0, 142.0, 137.0, 150.0, 185.0, 174.0]",10.579279899597168,0.0,12.906768798828125,3.703439712524414,-206.8734130859375
1750932304.4626877,0.0,0.5,"[174.0, 173.0, 141.0, 131.0, 140.0, 142.0, 138.0, 150.0, 185.0, 174.0]",10.646885871887207,0.0,12.693817138671875,3.705007553100586,-206.873046875
1750932304.495974,0.0,0.5,"[174.0, 172.0, 141.0, 131.0, 140.0, 142.0, 138.0, 150.0, 185.0, 174.0]",10.679229736328125,0.0,12.480255126953125,3.7064781188964844,-206.87274169921875
1750932304.5092518,0.0,0.5,"[174.0, 172.0, 141.0, 131.0, 140.0, 142.0, 138.0, 150.0, 185.0, 174.0]",10.687042236328125,0.0,12.266510009765625,3.707876205444336,-206.87240600585938
1750932304.5227976,0.0,0.5,"[174.0, 172.0, 141.0, 131.0, 140.0, 142.0, 138.0, 151.0, 185.0, 174.0]",10.75104808807373,0.0,12.051483154296875,3.7092437744140625,-206.8720703125
1750932304.5465443,0.0,0.5,"[174.0, 172.0, 141.0, 131.0, 141.0, 143.0, 138.0, 151.0, 185.0, 174.0]",10.841849327087402,0.0,11.83465576171875,3.7106075286865234,-206.8717041015625
1750932304.561231,0.0,0.5,"[174.0, 172.0, 141.0, 132.0, 141.0, 143.0, 138.0, 151.0, 185.0, 174.0]",10.822760581970215,0.0,11.61822509765625,3.7119617462158203,-206.871337890625
1750932304.5951905,0.0,0.5,"[174.0, 172.0, 141.0, 132.0, 141.0, 143.0, 138.0, 151.0, 185.0, 174.0]",10.808507919311523,0.0,11.40203857421875,3.7133312225341797,-206.87100219726562
1750932304.6087682,0.0,0.5,"[174.0, 172.0, 141.0, 132.0, 141.0, 143.0, 138.0, 151.0, 185.0, 174.0]",10.8424711227417,0.0,11.185211181640625,3.714733123779297,-206.87081909179688
1750932304.6227994,0.0,0.5,"[174.0, 171.0, 141.0, 132.0, 141.0, 144.0, 138.0, 151.0, 185.0, 174.0]",11.052886962890625,0.0,10.964141845703125,3.7161483764648438,-206.87069702148438
1750932304.6453218,0.0,0.5,"[174.0, 171.0, 141.0, 132.0, 142.0, 144.0, 138.0, 151.0, 185.0, 174.0]",10.903526306152344,0.0,10.74609375,3.717226028442383,-206.8704833984375
1750932304.6590395,0.0,0.5,"[174.0, 171.0, 141.0, 132.0, 142.0, 144.0, 138.0, 151.0, 185.0, 174.0]",11.065119743347168,0.0,10.5247802734375,3.7180004119873047,-206.87008666992188
1750932304.6928246,0.0,0.5,"[174.0, 171.0, 141.0, 132.0, 142.0, 144.0, 138.0, 151.0, 185.0, 174.0]",10.91592025756836,0.0,10.30645751953125,3.718496322631836,-206.8697509765625
1750932304.7069612,0.0,0.5,"[174.0, 170.0, 141.0, 132.0, 142.0, 144.0, 138.0, 151.0, 185.0, 174.0]",11.238907814025879,0.0,10.081695556640625,3.7187442779541016,-206.86932373046875
1750932304.720957,0.0,0.5,"[174.0, 170.0, 141.0, 132.0, 142.0, 144.0, 138.0, 151.0, 185.0, 174.0]",11.166583061218262,0.0,9.858367919921875,3.718778610229492,-206.86907958984375
1750932304.7548332,0.0,0.5,"[174.0, 170.0, 141.0, 132.0, 142.0, 144.0, 138.0, 150.0, 185.0, 174.0]",11.324338912963867,0.0,9.631866455078125,3.718637466430664,-206.86871337890625
1750932304.7683525,0.0,0.5,"[174.0, 170.0, 140.0, 132.0, 142.0, 144.0, 138.0, 150.0, 185.0, 174.0]",11.224998474121094,0.0,9.407379150390625,3.718353271484375,-206.868408203125
1750932304.7818286,0.0,0.5,"[174.0, 170.0, 140.0, 132.0, 142.0, 144.0, 138.0, 150.0, 185.0, 174.0]",11.417007446289062,0.0,9.17901611328125,3.7179603576660156,-206.86807250976562
1750932304.8158135,0.0,0.5,"[174.0, 170.0, 139.0, 131.0, 142.0, 144.0, 138.0, 150.0, 185.0, 174.0]",11.292248725891113,0.0,8.95318603515625,3.7174854278564453,-206.8677978515625
1750932304.82972,0.0,0.5,"[174.0, 169.0, 139.0, 131.0, 142.0, 144.0, 138.0, 150.0, 185.0, 174.0]",11.4850492477417,0.0,8.723480224609375,3.7169532775878906,-206.867431640625
1750932304.8431048,0.0,0.5,"[174.0, 168.0, 139.0, 131.0, 141.0, 144.0, 138.0, 150.0, 185.0, 174.0]",11.524764060974121,0.0,8.49298095703125,3.716388702392578,-206.86724853515625
1750932304.8668573,0.0,0.5,"[174.0, 168.0, 139.0, 131.0, 142.0, 144.0, 138.0, 150.0, 185.0, 174.0]",11.502754211425781,0.0,8.262939453125,3.715810775756836,-206.86672973632812
1750932304.8809195,0.0,0.5,"[174.0, 167.0, 138.0, 131.0, 141.0, 144.0, 138.0, 150.0, 185.0, 174.0]",11.482438087463379,0.0,8.033294677734375,3.7152347564697266,-206.86663818359375
1750932304.9142568,0.0,0.5,"[174.0, 167.0, 138.0, 131.0, 141.0, 144.0, 138.0, 149.0, 185.0, 174.0]",11.643574714660645,0.0,7.8004150390625,3.714672088623047,-206.86599731445312
1750932304.9268913,0.0,0.5,"[174.0, 167.0, 138.0, 131.0, 141.0, 143.0, 138.0, 149.0, 185.0, 174.0]",11.728821754455566,0.0,7.56585693359375,3.7141380310058594,-206.8656005859375
1750932304.9411085,0.0,0.5,"[174.0, 167.0, 137.0, 131.0, 141.0, 143.0, 137.0, 148.0, 185.0, 174.0]",11.801396369934082,0.0,7.329803466796875,3.7136363983154297,-206.86517333984375
1750932304.9752796,0.0,0.5,"[174.0, 167.0, 137.0, 131.0, 141.0, 143.0, 137.0, 148.0, 185.0, 174.0]",11.791913032531738,0.0,7.093963623046875,3.713174819946289,-206.86480712890625
1750932304.9892383,0.0,0.5,"[174.0, 166.0, 137.0, 130.0, 141.0, 143.0, 137.0, 148.0, 185.0, 174.0]",11.712678909301758,0.0,6.859710693359375,3.712749481201172,-206.86447143554688
1750932305.0032568,0.0,0.5,"[174.0, 165.0, 137.0, 130.0, 141.0, 143.0, 137.0, 148.0, 185.0, 174.0]",11.701889991760254,0.0,6.625701904296875,3.7123565673828125,-206.8641357421875
1750932305.0183852,0.0,0.5,"[174.0, 164.0, 136.0, 130.0, 140.0, 143.0, 137.0, 148.0, 185.0, 174.0]",11.877023696899414,0.0,6.388153076171875,3.711994171142578,-206.86370849609375
1750932305.0522985,0.0,0.5,"[174.0, 164.0, 137.0, 130.0, 141.0, 143.0, 136.0, 147.0, 185.0, 174.0]",11.938492774963379,0.0,6.149383544921875,3.711671829223633,-206.86285400390625
1750932305.0658379,0.0,0.5,"[174.0, 164.0, 136.0, 130.0, 140.0, 143.0, 136.0, 147.0, 185.0, 174.0]",12.085062980651855,0.0,5.907684326171875,3.711393356323242,-206.86257934570312
1750932305.079608,0.0,0.5,"[174.0, 164.0, 136.0, 130.0, 141.0, 143.0, 136.0, 147.0, 184.0, 174.0]",11.904664039611816,0.0,5.669586181640625,3.7111587524414062,-206.86212158203125
1750932305.1130357,0.0,0.5,"[174.0, 164.0, 136.0, 129.0, 140.0, 143.0, 136.0, 147.0, 183.0, 174.0]",12.067133903503418,0.0,5.428253173828125,3.7109642028808594,-206.8621826171875
1750932305.1263855,0.0,0.5,"[174.0, 163.0, 136.0, 129.0, 140.0, 143.0, 136.0, 147.0, 183.0, 174.0]",12.170408248901367,0.0,5.184844970703125,3.710805892944336,-206.86184692382812
1750932305.1397367,0.0,0.5,"[174.0, 163.0, 136.0, 129.0, 140.0, 142.0, 136.0, 146.0, 182.0, 174.0]",12.197875022888184,0.0,4.940887451171875,3.7106800079345703,-206.861328125
1750932305.1732423,0.0,0.5,"[174.0, 162.0, 136.0, 129.0, 140.0, 142.0, 136.0, 146.0, 182.0, 174.0]",12.139405250549316,0.0,4.698089599609375,3.710580825805664,-206.86083984375
1750932305.186838,0.0,0.5,"[174.0, 162.0, 134.0, 129.0, 140.0, 142.0, 136.0, 145.0, 182.0, 174.0]",12.111334800720215,0.0,4.45587158203125,3.710508346557617,-206.86044311523438
1750932305.2000356,0.0,0.5,"[174.0, 161.0, 134.0, 129.0, 140.0, 142.0, 136.0, 145.0, 182.0, 174.0]",12.363471031188965,0.0,4.208587646484375,3.7104549407958984,-206.86013793945312
1750932305.2337089,0.0,0.5,"[174.0, 161.0, 134.0, 129.0, 140.0, 142.0, 136.0, 145.0, 182.0, 174.0]",12.311858177185059,0.0,3.962371826171875,3.710416793823242,-206.85995483398438
1750932305.2476172,0.0,0.5,"[174.0, 161.0, 134.0, 129.0, 140.0, 142.0, 134.0, 145.0, 181.0, 174.0]",12.464946746826172,0.0,3.71307373046875,3.710390090942383,-206.8592529296875
1750932305.2611442,0.0,0.5,"[174.0, 161.0, 134.0, 129.0, 140.0, 142.0, 134.0, 145.0, 180.0, 174.0]",12.343406677246094,0.0,3.4661865234375,3.7103729248046875,-206.85888671875
1750932305.2946196,0.0,0.5,"[174.0, 160.0, 134.0, 129.0, 140.0, 142.0, 134.0, 145.0, 179.0, 174.0]",12.544846534729004,0.0,3.215301513671875,3.7103614807128906,-206.8583984375
1750932305.308181,0.0,0.5,"[174.0, 159.0, 133.0, 128.0, 139.0, 142.0, 134.0, 145.0, 179.0, 174.0]",12.472625732421875,0.0,2.965850830078125,3.7103538513183594,-206.85821533203125
1750932305.3218489,0.0,0.5,"[174.0, 159.0, 133.0, 128.0, 139.0, 142.0, 134.0, 145.0, 179.0, 174.0]",12.646484375,0.0,2.712921142578125,3.7103538513183594,-206.8575439453125
1750932305.3549728,0.0,0.5,"[174.0, 159.0, 133.0, 128.0, 139.0, 142.0, 134.0, 144.0, 179.0, 174.0]",12.683135986328125,0.0,2.459259033203125,3.7103652954101562,-206.85711669921875
1750932305.3686798,0.0,0.5,"[174.0, 158.0, 133.0, 128.0, 139.0, 142.0, 134.0, 144.0, 179.0, 174.0]",12.742895126342773,0.0,2.20440673828125,3.710386276245117,-206.856689453125
1750932305.3819108,0.0,0.5,"[174.0, 158.0, 133.0, 128.0, 139.0, 142.0, 134.0, 144.0, 178.0, 174.0]",12.801534652709961,0.0,1.9483642578125,3.710416793823242,-206.8563232421875
1750932305.415537,0.0,0.5,"[174.0, 158.0, 133.0, 128.0, 139.0, 142.0, 134.0, 144.0, 178.0, 174.0]",12.806211471557617,0.0,1.692230224609375,3.710451126098633,-206.85589599609375
1750932305.4294739,0.0,0.5,"[174.0, 157.0, 133.0, 127.0, 139.0, 142.0, 134.0, 143.0, 177.0, 174.0]",12.79564380645752,0.0,1.43634033203125,3.710491180419922,-206.85546875
1750932305.443096,0.0,0.5,"[174.0, 157.0, 133.0, 127.0, 139.0, 142.0, 134.0, 143.0, 177.0, 174.0]",12.823660850524902,0.0,1.17987060546875,3.7105331420898438,-206.85513305664062
1750932305.4668415,0.0,0.5,"[174.0, 156.0, 132.0, 127.0, 139.0, 142.0, 134.0, 143.0, 176.0, 174.0]",12.79698371887207,0.0,0.923919677734375,3.7105751037597656,-206.85494995117188
1750932305.4803479,0.0,0.5,"[174.0, 156.0, 132.0, 127.0, 139.0, 142.0, 134.0, 142.0, 176.0, 174.0]",12.97034740447998,0.0,0.664520263671875,3.7106170654296875,-206.8548583984375
1750932305.5138414,0.0,0.5,"[174.0, 155.0, 131.0, 126.0, 139.0, 142.0, 134.0, 142.0, 176.0, 174.0]",13.032925605773926,0.0,0.403839111328125,3.7106590270996094,-206.85443115234375
1750932305.5273254,0.0,0.5,"[174.0, 155.0, 131.0, 126.0, 139.0, 142.0, 133.0, 142.0, 176.0, 174.0]",13.017478942871094,0.0,0.14349365234375,3.7106971740722656,-206.85394287109375
1750932305.540877,0.0,0.5,"[174.0, 155.0, 131.0, 126.0, 139.0, 142.0, 133.0, 142.0, 176.0, 174.0]",12.97255802154541,0.0,-0.115936279296875,3.7107315063476562,-206.85345458984375
1750932305.5750594,0.0,0.5,"[174.0, 155.0, 131.0, 126.0, 139.0, 142.0, 133.0, 142.0, 174.0, 174.0]",13.116077423095703,0.0,-0.378265380859375,3.710765838623047,-206.85302734375
1750932305.5880482,0.0,0.5,"[174.0, 154.0, 130.0, 126.0, 139.0, 142.0, 133.0, 142.0, 174.0, 174.0]",13.149214744567871,0.0,-0.641265869140625,3.710794448852539,-206.85296630859375
1750932305.601124,0.0,0.5,"[174.0, 154.0, 130.0, 126.0, 139.0, 142.0, 133.0, 142.0, 173.0, 174.0]",13.152463912963867,0.0,-0.904296875,3.7108192443847656,-206.852294921875
1750932305.6339667,0.0,0.5,"[174.0, 153.0, 130.0, 126.0, 139.0, 142.0, 133.0, 142.0, 173.0, 174.0]",13.275361061096191,0.0,-1.1697998046875,3.7108421325683594,-206.85208129882812
1750932305.6474166,0.0,0.5,"[174.0, 153.0, 130.0, 126.0, 139.0, 142.0, 133.0, 141.0, 173.0, 174.0]",13.19239330291748,0.0,-1.43365478515625,3.7108592987060547,-206.85162353515625
1750932305.6613405,0.0,0.5,"[174.0, 153.0, 130.0, 125.0, 138.0, 142.0, 133.0, 141.0, 173.0, 174.0]",13.262077331542969,0.0,-1.698883056640625,3.710874557495117,-206.8511962890625
1750932305.694462,0.0,0.5,"[174.0, 153.0, 130.0, 125.0, 139.0, 142.0, 132.0, 141.0, 173.0, 174.0]",13.303167343139648,0.0,-1.9649658203125,3.7108840942382812,-206.85064697265625
1750932305.708085,0.0,0.5,"[174.0, 153.0, 130.0, 125.0, 139.0, 142.0, 132.0, 141.0, 172.0, 174.0]",13.471580505371094,0.0,-2.234375,3.7108917236328125,-206.8502197265625
1750932305.7213862,0.0,0.5,"[174.0, 152.0, 129.0, 125.0, 138.0, 142.0, 132.0, 141.0, 172.0, 174.0]",13.486858367919922,0.0,-2.504119873046875,3.7108917236328125,-206.85006713867188
1750932305.7551055,0.0,0.5,"[174.0, 152.0, 129.0, 125.0, 138.0, 142.0, 132.0, 141.0, 171.0, 174.0]",13.506460189819336,0.0,-2.774261474609375,3.710886001586914,-206.84930419921875
1750932305.7687626,0.0,0.5,"[174.0, 151.0, 129.0, 125.0, 138.0, 142.0, 132.0, 141.0, 171.0, 174.0]",13.656984329223633,0.0,-3.047393798828125,3.71087646484375,-206.84896850585938
1750932305.7823281,0.0,0.5,"[174.0, 151.0, 129.0, 125.0, 138.0, 141.0, 132.0, 140.0, 170.0, 174.0]",13.516735076904297,0.0,-3.317718505859375,3.7108631134033203,-206.84841918945312
1750932305.8156435,0.0,0.5,"[174.0, 150.0, 128.0, 125.0, 138.0, 142.0, 132.0, 140.0, 170.0, 174.0]",13.679969787597656,0.0,-3.591339111328125,3.710845947265625,-206.84811401367188
1750932305.8290946,0.0,0.5,"[174.0, 150.0, 128.0, 125.0, 138.0, 141.0, 132.0, 140.0, 170.0, 174.0]",13.522774696350098,0.0,-3.861785888671875,3.710824966430664,-206.84759521484375
1750932305.8428075,0.0,0.5,"[174.0, 150.0, 128.0, 125.0, 138.0, 141.0, 132.0, 139.0, 170.0, 174.0]",13.876646995544434,0.0,-4.139312744140625,3.7108020782470703,-206.84735107421875
1750932305.8755176,0.0,0.5,"[174.0, 150.0, 128.0, 125.0, 138.0, 141.0, 132.0, 139.0, 170.0, 174.0]",13.560810089111328,0.0,-4.4105224609375,3.7107791900634766,-206.84710693359375
1750932305.888605,0.0,0.5,"[174.0, 150.0, 128.0, 124.0, 138.0, 141.0, 132.0, 139.0, 169.0, 174.0]",13.920516014099121,0.0,-4.688934326171875,3.710752487182617,-206.84683227539062
1750932305.9021409,0.0,0.5,"[174.0, 149.0, 128.0, 124.0, 138.0, 141.0, 132.0, 139.0, 169.0, 174.0]",13.686117172241211,0.0,-4.962677001953125,3.7107276916503906,-206.84652709960938
1750932305.935024,0.0,0.5,"[174.0, 149.0, 128.0, 124.0, 138.0, 141.0, 131.0, 139.0, 168.0, 174.0]",13.842581748962402,0.0,-5.239501953125,3.7106990814208984,-206.84600830078125
1750932305.9487858,0.0,0.5,"[174.0, 148.0, 127.0, 124.0, 138.0, 141.0, 131.0, 139.0, 168.0, 174.0]",13.858901023864746,0.0,-5.516693115234375,3.710674285888672,-206.8458251953125
1750932305.9624646,0.0,0.5,"[174.0, 148.0, 127.0, 124.0, 138.0, 141.0, 131.0, 138.0, 167.0, 174.0]",14.017013549804688,0.0,-5.797027587890625,3.710643768310547,-206.84530639648438
1750932305.9957585,0.0,0.5,"[174.0, 147.0, 127.0, 124.0, 138.0, 141.0, 131.0, 138.0, 167.0, 174.0]",14.036946296691895,0.0,-6.0777587890625,3.710611343383789,-206.84494018554688
1750932306.008909,0.0,0.5,"[174.0, 147.0, 126.0, 123.0, 138.0, 141.0, 131.0, 137.0, 167.0, 174.0]",14.172805786132812,0.0,-6.361236572265625,3.7103328704833984,-206.8446044921875
1750932306.0219245,0.0,0.5,"[174.0, 147.0, 126.0, 124.0, 138.0, 141.0, 131.0, 137.0, 167.0, 174.0]",13.983951568603516,0.0,-6.640899658203125,3.70892333984375,-206.843994140625
1750932306.0557644,0.0,0.5,"[174.0, 147.0, 127.0, 124.0, 138.0, 141.0, 131.0, 137.0, 167.0, 174.0]",14.215475082397461,0.0,-6.925201416015625,3.7064285278320312,-206.84393310546875
1750932306.0691662,0.0,0.5,"[174.0, 147.0, 126.0, 124.0, 138.0, 142.0, 131.0, 138.0, 167.0, 174.0]",14.164484024047852,0.0,-7.208465576171875,3.703014373779297,-206.84368896484375
1750932306.0830204,0.0,0.5,"[174.0, 147.0, 127.0, 124.0, 139.0, 142.0, 132.0, 138.0, 167.0, 174.0]",14.215487480163574,0.0,-7.49273681640625,3.6987476348876953,-206.84280395507812
1750932306.1059744,0.0,0.5,"[174.0, 148.0, 127.0, 124.0, 139.0, 142.0, 132.0, 139.0, 167.0, 174.0]",14.281265258789062,0.0,-7.7783203125,3.6938400268554688,-206.84259033203125
1750932306.1192448,0.0,0.5,"[174.0, 148.0, 128.0, 125.0, 140.0, 142.0, 132.0, 139.0, 168.0, 174.0]",14.37259578704834,0.0,-8.06573486328125,3.6882591247558594,-206.84210205078125
1750932306.1517837,0.0,0.5,"[174.0, 149.0, 128.0, 125.0, 140.0, 143.0, 133.0, 140.0, 169.0, 174.0]",14.386468887329102,0.0,-8.3533935546875,3.6823463439941406,-206.84173583984375
1750932306.1654472,0.0,0.5,"[174.0, 149.0, 128.0, 125.0, 141.0, 144.0, 133.0, 141.0, 170.0, 174.0]",14.350708961486816,0.0,-8.64031982421875,3.675935745239258,-206.8411865234375
1750932306.1787088,0.0,0.5,"[174.0, 150.0, 129.0, 126.0, 141.0, 144.0, 134.0, 141.0, 170.0, 174.0]",14.509516716003418,0.0,-8.930450439453125,3.669261932373047,-206.8404541015625
1750932306.211414,0.0,0.5,"[174.0, 150.0, 130.0, 127.0, 142.0, 145.0, 134.0, 142.0, 170.0, 174.0]",14.520569801330566,0.0,-9.22076416015625,3.662374496459961,-206.83987426757812
1750932306.2246568,0.0,0.5,"[174.0, 151.0, 130.0, 128.0, 142.0, 146.0, 136.0, 142.0, 171.0, 174.0]",14.495441436767578,0.0,-9.510589599609375,3.6554203033447266,-206.83966064453125
1750932306.238369,0.0,0.5,"[174.0, 152.0, 130.0, 129.0, 143.0, 147.0, 136.0, 143.0, 173.0, 174.0]",14.65651798248291,0.0,-9.80364990234375,3.648031234741211,-206.8394775390625
1750932306.273515,0.0,0.5,"[174.0, 153.0, 131.0, 129.0, 144.0, 147.0, 137.0, 144.0, 173.0, 174.0]",14.681577682495117,0.0,-10.097137451171875,3.639476776123047,-206.83941650390625
1750932306.2881024,0.0,0.5,"[174.0, 153.0, 132.0, 129.0, 144.0, 147.0, 137.0, 144.0, 173.0, 174.0]",14.724940299987793,0.0,-10.3914794921875,3.6298751831054688,-206.83905029296875
1750932306.3023276,0.0,0.5,"[174.0, 153.0, 133.0, 130.0, 145.0, 148.0, 138.0, 145.0, 176.0, 174.0]",14.69011402130127,0.0,-10.685089111328125,3.618663787841797,-206.838623046875
1750932306.3368845,0.0,0.5,"[174.0, 154.0, 133.0, 130.0, 145.0, 149.0, 138.0, 145.0, 176.0, 174.0]",14.876873016357422,0.0,-10.982330322265625,3.6055030822753906,-206.83807373046875
1750932306.3497922,0.0,0.5,"[174.0, 155.0, 133.0, 131.0, 146.0, 149.0, 139.0, 146.0, 176.0, 174.0]",14.792840957641602,0.0,-11.277801513671875,3.5908470153808594,-206.83749389648438
1750932306.3636672,0.0,0.5,"[174.0, 155.0, 134.0, 131.0, 147.0, 150.0, 139.0, 147.0, 178.0, 174.0]",14.94643783569336,0.0,-11.576324462890625,3.574789047241211,-206.8369140625
1750932306.3866322,0.0,0.5,"[174.0, 156.0, 134.0, 132.0, 147.0, 150.0, 140.0, 147.0, 179.0, 174.0]",14.956842422485352,0.0,-11.87493896484375,3.5575904846191406,-206.83627319335938
1750932306.3998218,0.0,0.5,"[174.0, 157.0, 136.0, 132.0, 147.0, 151.0, 140.0, 148.0, 179.0, 174.0]",15.075765609741211,0.0,-12.175933837890625,3.5394744873046875,-206.83572387695312
1750932306.432808,0.0,0.5,"[174.0, 158.0, 136.0, 133.0, 148.0, 152.0, 141.0, 149.0, 181.0, 174.0]",14.881879806518555,0.0,-12.47296142578125,3.5208206176757812,-206.83505249023438
1750932306.4458234,0.0,0.5,"[174.0, 159.0, 137.0, 133.0, 149.0, 152.0, 142.0, 150.0, 182.0, 174.0]",15.180696487426758,0.0,-12.775970458984375,3.5013694763183594,-206.83447265625
1750932306.4586926,0.0,0.5,"[174.0, 161.0, 137.0, 134.0, 149.0, 153.0, 143.0, 150.0, 182.0, 174.0]",15.142276763916016,0.0,-13.078155517578125,3.481679916381836,-206.83389282226562
1750932306.4910483,0.0,0.5,"[174.0, 161.0, 138.0, 135.0, 150.0, 153.0, 144.0, 151.0, 184.0, 174.0]",15.305524826049805,0.0,-13.38360595703125,3.461528778076172,-206.83331298828125
1750932306.5047467,0.0,0.5,"[174.0, 162.0, 139.0, 136.0, 151.0, 154.0, 144.0, 151.0, 185.0, 174.0]",15.224176406860352,0.0,-13.68743896484375,3.441518783569336,-206.83279418945312
1750932306.5176144,0.0,0.5,"[174.0, 164.0, 140.0, 137.0, 151.0, 154.0, 144.0, 153.0, 185.0, 174.0]",15.389836311340332,0.0,-13.994537353515625,3.421001434326172,-206.83224487304688
1750932306.5500638,0.0,0.5,"[174.0, 164.0, 141.0, 137.0, 152.0, 155.0, 145.0, 153.0, 185.0, 174.0]",15.317758560180664,0.0,-14.300140380859375,3.399616241455078,-206.83154296875
1750932306.5637586,0.0,0.5,"[174.0, 164.0, 141.0, 137.0, 152.0, 155.0, 146.0, 154.0, 185.0, 174.0]",15.51753044128418,0.0,-14.60968017578125,3.3771095275878906,-206.83120727539062
1750932306.586392,0.0,0.5,"[174.0, 165.0, 141.0, 137.0, 153.0, 156.0, 146.0, 155.0, 185.0, 174.0]",15.461865425109863,0.0,-14.91802978515625,3.353740692138672,-206.83062744140625
1750932306.6002069,0.0,0.5,"[174.0, 167.0, 142.0, 138.0, 153.0, 156.0, 146.0, 155.0, 185.0, 174.0]",15.54582405090332,0.0,-15.227996826171875,3.3293933868408203,-206.83001708984375
1750932306.632944,0.0,0.5,"[174.0, 167.0, 142.0, 138.0, 153.0, 157.0, 147.0, 156.0, 185.0, 174.0]",15.570602416992188,0.0,-15.53839111328125,3.3042869567871094,-206.829345703125
1750932306.646165,0.0,0.5,"[174.0, 167.0, 142.0, 139.0, 153.0, 157.0, 147.0, 156.0, 185.0, 174.0]",15.758197784423828,0.0,-15.85247802734375,3.278348922729492,-206.8287353515625
1750932306.6592877,0.0,0.5,"[174.0, 168.0, 143.0, 139.0, 153.0, 157.0, 147.0, 156.0, 185.0, 174.0]",15.622488975524902,0.0,-16.163848876953125,3.2521839141845703,-206.828125
1750932306.6912904,0.0,0.5,"[174.0, 169.0, 144.0, 139.0, 153.0, 157.0, 148.0, 156.0, 185.0, 174.0]",15.861478805541992,0.0,-16.479949951171875,3.2253646850585938,-206.8275146484375
1750932306.7041757,0.0,0.5,"[174.0, 169.0, 144.0, 139.0, 153.0, 157.0, 148.0, 158.0, 185.0, 174.0]",15.731620788574219,0.0,-16.793426513671875,3.1985549926757812,-206.82696533203125
1750932306.7173333,0.0,0.5,"[174.0, 170.0, 145.0, 140.0, 154.0, 157.0, 148.0, 158.0, 185.0, 174.0]",15.810070037841797,0.0,-17.10845947265625,3.1715354919433594,-206.826171875
1750932306.7496421,0.0,0.5,"[174.0, 170.0, 145.0, 140.0, 154.0, 158.0, 148.0, 158.0, 185.0, 174.0]",16.08418083190918,0.0,-17.428985595703125,3.144071578979492,-206.82550048828125
1750932306.7635477,0.0,0.5,"[174.0, 171.0, 145.0, 140.0, 154.0, 158.0, 148.0, 159.0, 185.0, 174.0]",15.832563400268555,0.0,-17.744476318359375,3.1170387268066406,-206.8248291015625
1750932306.7864556,0.0,0.0,"[174.0, 172.0, 145.0, 140.0, 154.0, 158.0, 148.0, 159.0, 185.0, 174.0]",16.251018524169922,0.0,-18.068328857421875,3.089456558227539,-206.8240966796875
1750932306.800023,0.0,0.0,"[174.0, 173.0, 145.0, 141.0, 154.0, 158.0, 149.0, 159.0, 185.0, 174.0]",15.99113655090332,0.0,-18.386962890625,3.062145233154297,-206.82330322265625
1750932306.831756,0.0,0.0,"[174.0, 173.0, 146.0, 141.0, 154.0, 158.0, 149.0, 159.0, 185.0, 174.0]",15.761293411254883,0.0,-18.701019287109375,3.035076141357422,-206.82260131835938
1750932306.8455045,0.0,0.0,"[174.0, 173.0, 146.0, 141.0, 154.0, 158.0, 149.0, 159.0, 185.0, 174.0]",15.525138854980469,0.0,-19.0103759765625,3.008380889892578,-206.82196044921875
1750932306.8584976,0.0,0.0,"[174.0, 173.0, 147.0, 141.0, 154.0, 158.0, 149.0, 160.0, 185.0, 174.0]",15.284784317016602,0.0,-19.31494140625,2.982166290283203,-206.8214111328125
1750932306.8910618,0.0,0.0,"[174.0, 174.0, 147.0, 141.0, 154.0, 158.0, 149.0, 160.0, 185.0, 174.0]",15.04378604888916,0.0,-19.614715576171875,2.9564552307128906,-206.82083129882812
1750932306.9046774,0.0,0.0,"[174.0, 174.0, 147.0, 141.0, 154.0, 158.0, 149.0, 161.0, 185.0, 174.0]",14.802490234375,0.0,-19.909698486328125,2.9312610626220703,-206.82028198242188
1750932306.9176364,0.0,0.0,"[174.0, 176.0, 147.0, 141.0, 154.0, 158.0, 149.0, 161.0, 185.0, 174.0]",14.561182975769043,0.0,-20.19989013671875,2.9065933227539062,-206.81976318359375
1750932306.9499552,0.0,0.5,"[174.0, 176.0, 147.0, 141.0, 154.0, 158.0, 149.0, 161.0, 185.0, 174.0]",14.32011604309082,0.0,-20.485260009765625,2.882457733154297,-206.8192138671875
1750932306.963652,0.0,0.5,"[174.0, 176.0, 147.0, 141.0, 154.0, 158.0, 149.0, 161.0, 185.0, 174.0]",14.079461097717285,0.0,-20.765869140625,2.8588485717773438,-206.8187255859375
1750932306.9866717,0.0,0.5,"[174.0, 176.0, 147.0, 141.0, 154.0, 157.0, 149.0, 161.0, 185.0, 174.0]",14.156777381896973,0.0,-21.048004150390625,2.835247039794922,-206.81817626953125
1750932306.999415,0.0,0.5,"[174.0, 176.0, 147.0, 141.0, 154.0, 157.0, 149.0, 161.0, 185.0, 174.0]",14.149518966674805,0.0,-21.33001708984375,2.811786651611328,-206.81768798828125
1750932307.031919,0.0,0.5,"[174.0, 176.0, 147.0, 141.0, 154.0, 157.0, 149.0, 161.0, 185.0, 174.0]",14.405993461608887,0.0,-21.617156982421875,2.788022994995117,-206.817138671875
1750932307.0460632,0.0,0.5,"[174.0, 177.0, 148.0, 141.0, 153.0, 157.0, 149.0, 161.0, 185.0, 174.0]",14.1754732131958,0.0,-21.89971923828125,2.764738082885742,-206.81661987304688
1750932307.059744,0.0,0.5,"[174.0, 177.0, 148.0, 141.0, 153.0, 157.0, 149.0, 162.0, 185.0, 174.0]",14.565449714660645,0.0,-22.190032958984375,2.7409210205078125,-206.81610107421875
1750932307.0920186,0.0,0.5,"[174.0, 178.0, 148.0, 141.0, 153.0, 157.0, 149.0, 162.0, 185.0, 174.0]",14.211544036865234,0.0,-22.47332763671875,2.7178611755371094,-206.8155517578125
1750932307.1052268,0.0,0.5,"[174.0, 178.0, 148.0, 141.0, 153.0, 157.0, 149.0, 162.0, 185.0, 174.0]",14.633793830871582,0.0,-22.76507568359375,2.6943397521972656,-206.81500244140625
1750932307.1190336,0.0,0.0,"[174.0, 179.0, 148.0, 141.0, 153.0, 157.0, 149.0, 162.0, 185.0, 174.0]",14.540602684020996,0.0,-23.054931640625,2.6708412170410156,-206.81442260742188
1750932307.1511047,0.0,0.5,"[174.0, 179.0, 148.0, 141.0, 153.0, 157.0, 150.0, 162.0, 185.0, 174.0]",14.636184692382812,0.0,-23.34661865234375,2.646381378173828,-206.81402587890625
1750932307.1646676,0.0,0.5,"[174.0, 179.0, 149.0, 143.0, 153.0, 157.0, 150.0, 162.0, 185.0, 174.0]",14.437756538391113,0.0,-23.634307861328125,2.621519088745117,-206.8133544921875
1750932307.1781094,1.0,0.5,"[174.0, 180.0, 150.0, 143.0, 154.0, 157.0, 151.0, 163.0, 185.0, 174.0]",14.381394386291504,0.0,-23.920806884765625,2.5961475372314453,-206.81265258789062
1750932307.210471,1.0,0.5,"[174.0, 180.0, 150.0, 143.0, 153.0, 158.0, 152.0, 165.0, 185.0, 174.0]",14.17785358428955,0.5,-24.2030029296875,2.5705413818359375,-206.80194091796875
1750932307.223414,1.0,0.5,"[174.0, 179.0, 148.0, 141.0, 153.0, 160.0, 154.0, 167.0, 185.0, 174.0]",14.32882308959961,0.5,-24.487396240234375,2.5443038940429688,-206.77838134765625
1750932307.2461414,0.0,0.0,"[174.0, 176.0, 146.0, 139.0, 150.0, 162.0, 156.0, 171.0, 185.0, 174.0]",13.850868225097656,0.5,-24.760467529296875,2.5186996459960938,-206.73928833007812
1750932307.2595987,0.0,0.0,"[174.0, 173.0, 145.0, 138.0, 150.0, 167.0, 159.0, 173.0, 185.0, 174.0]",14.107004165649414,0.0,-25.039642333984375,2.4921207427978516,-206.7083740234375
1750932307.2926126,0.0,0.0,"[174.0, 176.0, 145.0, 139.0, 150.0, 167.0, 160.0, 175.0, 185.0, 174.0]",13.869890213012695,0.0,-25.315093994140625,2.4655494689941406,-206.68930053710938
1750932307.3063347,0.0,0.0,"[174.0, 176.0, 146.0, 139.0, 151.0, 168.0, 160.0, 176.0, 185.0, 174.0]",13.649018287658691,0.0,-25.5863037109375,2.439128875732422,-206.6729736328125
1750932307.3195467,0.0,0.0,"[174.0, 177.0, 147.0, 140.0, 151.0, 169.0, 161.0, 178.0, 185.0, 174.0]",13.426398277282715,0.0,-25.853118896484375,2.4129409790039062,-206.6575927734375
1750932307.3522325,0.0,0.0,"[174.0, 179.0, 148.0, 141.0, 152.0, 169.0, 162.0, 179.0, 185.0, 174.0]",13.201507568359375,0.0,-26.115447998046875,2.3870582580566406,-206.642578125
1750932307.3651967,0.0,0.0,"[174.0, 179.0, 149.0, 141.0, 153.0, 170.0, 163.0, 180.0, 185.0, 174.0]",12.982086181640625,0.0,-26.373382568359375,2.3614349365234375,-206.62789916992188
1750932307.3776362,0.0,0.5,"[174.0, 181.0, 150.0, 143.0, 153.0, 171.0, 164.0, 181.0, 185.0, 174.0]",12.794122695922852,0.0,-26.627532958984375,2.335399627685547,-206.61343383789062
1750932307.4107356,0.0,0.5,"[174.0, 182.0, 150.0, 143.0, 154.0, 171.0, 164.0, 183.0, 185.0, 174.0]",12.6056489944458,0.0,-26.87786865234375,2.308979034423828,-206.59918212890625
1750932307.4235198,0.0,0.5,"[174.0, 183.0, 151.0, 144.0, 154.0, 172.0, 166.0, 184.0, 185.0, 174.0]",12.640417098999023,0.0,-27.128814697265625,2.281841278076172,-206.58489990234375
1750932307.4466143,0.0,0.5,"[174.0, 185.0, 151.0, 144.0, 155.0, 172.0, 167.0, 184.0, 185.0, 174.0]",12.613633155822754,0.0,-27.379180908203125,2.2544384002685547,-206.57061767578125
1750932307.459989,0.0,0.5,"[174.0, 185.0, 153.0, 145.0, 155.0, 173.0, 167.0, 186.0, 185.0, 174.0]",12.649404525756836,0.0,-27.6302490234375,2.2268524169921875,-206.5562744140625
1750932307.4929247,0.0,0.5,"[174.0, 185.0, 153.0, 145.0, 155.0, 173.0, 168.0, 187.0, 185.0, 174.0]",12.938814163208008,0.0,-27.887054443359375,2.1985511779785156,-206.5416259765625
1750932307.505894,0.0,0.5,"[174.0, 185.0, 153.0, 145.0, 155.0, 173.0, 168.0, 187.0, 185.0, 174.0]",12.89244270324707,0.0,-28.1429443359375,2.1702842712402344,-206.527099609375
1750932307.518931,0.0,0.5,"[174.0, 185.0, 154.0, 145.0, 156.0, 173.0, 168.0, 188.0, 185.0, 174.0]",13.082845687866211,0.0,-28.402587890625,2.1416072845458984,-206.51214599609375
1750932307.551016,0.0,0.5,"[174.0, 185.0, 155.0, 145.0, 156.0, 173.0, 168.0, 189.0, 185.0, 174.0]",12.77669906616211,0.0,-28.656158447265625,2.113607406616211,-206.49765014648438
1750932307.564475,0.0,0.0,"[174.0, 185.0, 155.0, 145.0, 156.0, 173.0, 168.0, 189.0, 185.0, 174.0]",13.10538101196289,0.0,-28.916290283203125,2.0849781036376953,-206.48272705078125
1750932307.5781507,0.0,0.0,"[174.0, 185.0, 155.0, 145.0, 155.0, 172.0, 169.0, 189.0, 185.0, 174.0]",13.304131507873535,0.0,-29.18035888671875,2.0559921264648438,-206.46774291992188
1750932307.6101456,0.0,0.0,"[174.0, 185.0, 155.0, 145.0, 155.0, 172.0, 169.0, 189.0, 185.0, 174.0]",13.071929931640625,0.0,-29.4398193359375,2.0275840759277344,-206.4530029296875
1750932307.6232576,0.0,0.0,"[174.0, 185.0, 155.0, 145.0, 155.0, 172.0, 169.0, 190.0, 185.0, 174.0]",12.839609146118164,0.0,-29.694671630859375,1.999765396118164,-206.43826293945312
1750932307.6468956,0.0,0.0,"[174.0, 185.0, 155.0, 145.0, 155.0, 172.0, 168.0, 190.0, 185.0, 174.0]",12.607430458068848,0.0,-29.9449462890625,1.9725418090820312,-206.42376708984375
1750932307.6601894,0.0,0.0,"[174.0, 185.0, 154.0, 145.0, 154.0, 171.0, 168.0, 190.0, 185.0, 174.0]",12.375550270080566,0.0,-30.190582275390625,1.945913314819336,-206.40948486328125
1750932307.6923897,0.0,0.0,"[174.0, 185.0, 154.0, 145.0, 154.0, 171.0, 168.0, 190.0, 185.0, 174.0]",12.14412784576416,0.0,-30.431671142578125,1.9198799133300781,-206.3955078125
1750932307.7059507,0.0,0.5,"[174.0, 185.0, 154.0, 145.0, 154.0, 171.0, 168.0, 190.0, 185.0, 174.0]",11.900684356689453,0.0,-30.667938232421875,1.8946666717529297,-206.38177490234375
1750932307.719394,0.0,0.5,"[174.0, 185.0, 154.0, 145.0, 153.0, 170.0, 168.0, 190.0, 185.0, 174.0]",11.65334701538086,0.0,-30.89935302734375,1.8703746795654297,-206.36834716796875
1750932307.7518826,0.0,0.5,"[174.0, 185.0, 154.0, 144.0, 153.0, 170.0, 168.0, 190.0, 185.0, 174.0]",12.036458969116211,0.0,-31.138427734375,1.8457374572753906,-206.3544921875
1750932307.7650044,0.0,0.5,"[174.0, 185.0, 154.0, 144.0, 153.0, 170.0, 168.0, 190.0, 185.0, 174.0]",11.756239891052246,0.0,-31.371978759765625,1.8221302032470703,-206.3409423828125
1750932307.7781518,0.0,0.5,"[174.0, 185.0, 153.0, 144.0, 153.0, 169.0, 168.0, 190.0, 185.0, 174.0]",12.056313514709473,0.0,-31.611541748046875,1.7986392974853516,-206.3270263671875
1750932307.8108044,0.0,0.5,"[174.0, 185.0, 153.0, 144.0, 153.0, 169.0, 168.0, 190.0, 185.0, 174.0]",11.790569305419922,0.0,-31.84588623046875,1.7761955261230469,-206.3134765625
1750932307.824524,0.0,0.5,"[174.0, 185.0, 153.0, 144.0, 153.0, 169.0, 168.0, 190.0, 185.0, 174.0]",12.200605392456055,0.0,-32.08843994140625,1.7534923553466797,-206.29937744140625
1750932307.838524,0.0,0.5,"[174.0, 185.0, 153.0, 144.0, 153.0, 169.0, 168.0, 190.0, 185.0, 174.0]",11.938604354858398,0.0,-32.3258056640625,1.731679916381836,-206.28558349609375
1750932307.8712878,0.0,0.0,"[174.0, 185.0, 153.0, 143.0, 152.0, 168.0, 168.0, 190.0, 185.0, 174.0]",12.282458305358887,0.0,-32.570068359375,1.7095718383789062,-206.2716064453125
1750932307.884702,0.0,0.0,"[174.0, 185.0, 153.0, 143.0, 152.0, 168.0, 168.0, 192.0, 185.0, 174.0]",12.176280975341797,0.0,-32.812225341796875,1.6879005432128906,-206.2578125
1750932307.897742,0.0,0.0,"[174.0, 185.0, 153.0, 143.0, 152.0, 168.0, 168.0, 192.0, 185.0, 174.0]",11.937540054321289,0.0,-33.049652099609375,1.6668815612792969,-206.2440185546875
1750932307.9300332,0.0,0.0,"[174.0, 185.0, 153.0, 143.0, 152.0, 168.0, 168.0, 192.0, 185.0, 174.0]",11.701902389526367,0.0,-33.28240966796875,1.6464481353759766,-206.23052978515625
1750932307.9426646,0.0,0.0,"[174.0, 185.0, 153.0, 143.0, 151.0, 167.0, 167.0, 192.0, 185.0, 174.0]",11.469024658203125,0.0,-33.510528564453125,1.626546859741211,-206.21728515625
1750932307.975261,1.0,0.5,"[174.0, 185.0, 153.0, 143.0, 151.0, 167.0, 167.0, 192.0, 185.0, 174.0]",11.238616943359375,0.0,-33.734100341796875,1.6071224212646484,-206.20431518554688
1750932307.988534,1.0,0.5,"[174.0, 185.0, 151.0, 141.0, 150.0, 167.0, 168.0, 193.0, 185.0, 174.0]",10.731837272644043,0.5,-33.9459228515625,1.5887432098388672,-206.17498779296875
1750932308.0024157,1.0,0.5,"[174.0, 182.0, 147.0, 138.0, 147.0, 167.0, 170.0, 195.0, 185.0, 174.0]",10.87183952331543,0.5,-34.157012939453125,1.5703697204589844,-206.12619018554688
1750932308.0358105,1.0,0.5,"[174.0, 176.0, 144.0, 136.0, 145.0, 166.0, 171.0, 198.0, 185.0, 174.0]",10.565117835998535,0.5,-34.360321044921875,1.5526676177978516,-206.0714111328125
1750932308.0494363,1.0,0.5,"[174.0, 170.0, 141.0, 132.0, 142.0, 166.0, 173.0, 200.0, 185.0, 174.0]",10.86180305480957,0.5,-34.5679931640625,1.5345745086669922,-206.01025390625
1750932308.0631073,1.0,0.5,"[174.0, 165.0, 136.0, 129.0, 139.0, 166.0, 175.0, 203.0, 185.0, 174.0]",10.72887134552002,0.5,-34.7716064453125,1.5169315338134766,-205.94488525390625
1750932308.0860746,1.0,0.5,"[174.0, 160.0, 133.0, 125.0, 136.0, 165.0, 176.0, 206.0, 185.0, 174.0]",10.998475074768066,0.5,-34.979095458984375,1.4991683959960938,-205.8740234375
1750932308.0996876,1.0,0.5,"[174.0, 153.0, 128.0, 122.0, 131.0, 164.0, 178.0, 207.0, 185.0, 174.0]",10.81277084350586,0.5,-35.181365966796875,1.4820232391357422,-205.79946899414062
1750932308.1338117,0.0,0.0,"[174.0, 148.0, 123.0, 118.0, 128.0, 162.0, 179.0, 211.0, 185.0, 174.0]",10.914928436279297,0.5,-35.383819580078125,1.4650001525878906,-205.7196044921875
1750932308.147215,0.0,0.0,"[174.0, 144.0, 121.0, 116.0, 126.0, 160.0, 181.0, 212.0, 185.0, 174.0]",10.93438720703125,0.0,-35.59271240234375,1.4475288391113281,-205.65728759765625
1750932308.1608117,0.0,0.0,"[174.0, 144.0, 120.0, 116.0, 126.0, 160.0, 181.0, 212.0, 185.0, 174.0]",10.683466911315918,0.0,-35.800506591796875,1.4302120208740234,-205.61065673828125
1750932308.1949184,0.0,0.0,"[174.0, 142.0, 120.0, 115.0, 125.0, 160.0, 181.0, 212.0, 185.0, 174.0]",10.453386306762695,0.0,-36.0035400390625,1.4133415222167969,-205.56375122070312
1750932308.2091544,0.0,0.0,"[174.0, 141.0, 119.0, 115.0, 125.0, 160.0, 181.0, 213.0, 185.0, 174.0]",10.224748611450195,0.0,-36.202117919921875,1.3968696594238281,-205.51779174804688
1750932308.2230303,0.0,0.0,"[174.0, 139.0, 117.0, 114.0, 124.0, 160.0, 181.0, 214.0, 185.0, 174.0]",9.997191429138184,0.0,-36.39630126953125,1.3807792663574219,-205.472900390625
1750932308.2471206,0.0,0.0,"[174.0, 138.0, 117.0, 113.0, 124.0, 160.0, 181.0, 214.0, 185.0, 174.0]",9.770613670349121,0.0,-36.5860595703125,1.3650569915771484,-205.42901611328125
1750932308.2611184,0.0,0.0,"[174.0, 136.0, 116.0, 113.0, 124.0, 160.0, 182.0, 215.0, 185.0, 174.0]",9.544865608215332,0.0,-36.771453857421875,1.3496894836425781,-205.3861083984375
1750932308.2946517,0.0,0.0,"[174.0, 135.0, 116.0, 113.0, 124.0, 160.0, 182.0, 215.0, 185.0, 174.0]",9.319855690002441,0.0,-36.95245361328125,1.3346672058105469,-205.34423828125
1750932308.308896,0.0,0.0,"[174.0, 134.0, 114.0, 111.0, 123.0, 160.0, 182.0, 215.0, 185.0, 174.0]",9.095502853393555,0.0,-37.129119873046875,1.3199825286865234,-205.30340576171875
1750932308.3229797,0.0,0.0,"[174.0, 132.0, 113.0, 111.0, 123.0, 160.0, 182.0, 217.0, 185.0, 174.0]",8.871691703796387,0.0,-37.301422119140625,1.3056316375732422,-205.2635498046875
1750932308.357241,0.0,0.5,"[174.0, 131.0, 113.0, 110.0, 122.0, 160.0, 182.0, 217.0, 185.0, 174.0]",8.64832592010498,0.0,-37.469390869140625,1.2916126251220703,-205.22467041015625
1750932308.371216,0.0,0.5,"[174.0, 129.0, 112.0, 109.0, 122.0, 160.0, 182.0, 217.0, 185.0, 174.0]",8.425392150878906,0.0,-37.633026123046875,1.2779216766357422,-205.18682861328125
1750932308.3844619,0.0,0.5,"[174.0, 129.0, 111.0, 109.0, 121.0, 160.0, 183.0, 218.0, 185.0, 174.0]",8.876317024230957,0.0,-37.805389404296875,1.2634449005126953,-205.14697265625
1750932308.3980827,0.0,0.5,"[174.0, 127.0, 110.0, 108.0, 121.0, 160.0, 183.0, 218.0, 185.0, 174.0]",8.652957916259766,0.0,-37.97344970703125,1.249298095703125,-205.10809326171875
1750932308.431777,0.0,0.5,"[173.0, 126.0, 109.0, 107.0, 120.0, 160.0, 183.0, 218.0, 185.0, 174.0]",8.865752220153809,0.0,-38.145599365234375,1.2347602844238281,-205.06829833984375
1750932308.4463518,0.0,0.5,"[170.0, 123.0, 108.0, 107.0, 120.0, 159.0, 183.0, 218.0, 185.0, 174.0]",8.562098503112793,0.0,-38.3118896484375,1.220693588256836,-205.02981567382812
1750932308.46024,0.0,0.5,"[168.0, 122.0, 107.0, 106.0, 119.0, 159.0, 183.0, 220.0, 185.0, 174.0]",8.913009643554688,0.0,-38.484954833984375,1.2060165405273438,-204.98977661132812
1750932308.4944916,-1.0,0.5,"[165.0, 120.0, 106.0, 105.0, 119.0, 158.0, 184.0, 220.0, 185.0, 174.0]",9.021646499633789,0.0,-38.66015625,1.1911125183105469,-204.94924926757812
1750932308.508269,-1.0,0.5,"[167.0, 122.0, 107.0, 107.0, 120.0, 161.0, 183.0, 219.0, 185.0, 174.0]",8.863571166992188,-0.5,-38.835357666015625,1.1761741638183594,-204.9267578125
1750932308.5218894,-1.0,0.5,"[173.0, 127.0, 111.0, 110.0, 124.0, 164.0, 182.0, 218.0, 185.0, 174.0]",8.67389965057373,-0.5,-39.008209228515625,1.1614017486572266,-204.9249267578125
1750932308.5559237,0.0,0.5,"[174.0, 130.0, 113.0, 113.0, 126.0, 166.0, 182.0, 217.0, 185.0, 174.0]",8.78377628326416,-0.5,-39.183135986328125,1.1464042663574219,-204.9195556640625
1750932308.5700715,0.0,0.5,"[174.0, 130.0, 113.0, 113.0, 127.0, 166.0, 181.0, 217.0, 185.0, 174.0]",8.708512306213379,0.0,-39.35540771484375,1.131601333618164,-204.89837646484375
1750932308.5836344,0.0,0.5,"[174.0, 129.0, 112.0, 111.0, 126.0, 166.0, 182.0, 217.0, 185.0, 174.0]",8.65390682220459,0.0,-39.524505615234375,1.1171245574951172,-204.86441040039062
1750932308.6073544,0.0,0.5,"[174.0, 128.0, 112.0, 111.0, 126.0, 166.0, 182.0, 218.0, 185.0, 174.0]",8.846331596374512,0.0,-39.698394775390625,1.102407455444336,-204.83526611328125
1750932308.6217058,0.0,0.5,"[171.0, 126.0, 111.0, 110.0, 125.0, 166.0, 182.0, 218.0, 185.0, 174.0]",9.043511390686035,0.0,-39.875701904296875,1.0876808166503906,-204.80279541015625
1750932308.6549804,0.0,0.5,"[169.0, 126.0, 110.0, 110.0, 125.0, 166.0, 182.0, 218.0, 185.0, 174.0]",8.906852722167969,0.0,-40.050628662109375,1.0733642578125,-204.772216796875
1750932308.6687202,0.0,0.5,"[166.0, 123.0, 109.0, 109.0, 124.0, 166.0, 182.0, 218.0, 185.0, 174.0]",9.038873672485352,0.0,-40.227996826171875,1.059122085571289,-204.74044799804688
1750932308.6824172,-1.0,0.5,"[164.0, 122.0, 108.0, 108.0, 124.0, 166.0, 182.0, 218.0, 185.0, 174.0]",9.047616958618164,0.0,-40.405670166015625,1.045074462890625,-204.7091064453125
1750932308.7161367,-1.0,0.5,"[167.0, 124.0, 110.0, 110.0, 125.0, 166.0, 181.0, 217.0, 185.0, 174.0]",8.915068626403809,-0.5,-40.583099365234375,1.0311431884765625,-204.69818115234375
1750932308.7293468,-1.0,0.5,"[173.0, 129.0, 113.0, 113.0, 129.0, 166.0, 179.0, 215.0, 185.0, 174.0]",8.852334022521973,-0.5,-40.75946044921875,1.0174179077148438,-204.70550537109375
1750932308.7428818,-1.0,0.5,"[174.0, 133.0, 117.0, 117.0, 133.0, 166.0, 178.0, 214.0, 185.0, 174.0]",8.848221778869629,-0.5,-40.93585205078125,1.0038299560546875,-204.710205078125
1750932308.776396,0.0,0.5,"[174.0, 137.0, 120.0, 119.0, 135.0, 166.0, 177.0, 213.0, 185.0, 174.0]",8.864360809326172,-0.5,-41.1123046875,0.9903278350830078,-204.72042846679688
1750932308.7894878,0.0,0.5,"[174.0, 137.0, 120.0, 119.0, 136.0, 166.0, 177.0, 212.0, 185.0, 174.0]",9.063337326049805,0.0,-41.2926025390625,0.976593017578125,-204.70745849609375
1750932308.8030536,0.0,0.5,"[174.0, 135.0, 119.0, 118.0, 135.0, 166.0, 177.0, 212.0, 185.0, 174.0]",9.122087478637695,0.0,-41.4732666015625,0.9629325866699219,-204.68609619140625
1750932308.8265278,0.0,0.5,"[174.0, 135.0, 119.0, 118.0, 135.0, 166.0, 176.0, 212.0, 185.0, 174.0]",9.198620796203613,0.0,-41.65576171875,0.9491100311279297,-204.6673583984375
1750932308.84038,0.0,0.5,"[174.0, 134.0, 117.0, 117.0, 134.0, 165.0, 176.0, 212.0, 185.0, 174.0]",9.293098449707031,0.0,-41.840057373046875,0.9352264404296875,-204.6478271484375
1750932308.8736966,0.0,0.5,"[174.0, 133.0, 117.0, 117.0, 134.0, 165.0, 176.0, 212.0, 185.0, 174.0]",9.348217964172363,0.0,-42.025482177734375,0.9212074279785156,-204.62823486328125
1750932308.886954,0.0,0.5,"[174.0, 132.0, 116.0, 116.0, 133.0, 165.0, 176.0, 212.0, 185.0, 174.0]",9.339119911193848,0.0,-42.210693359375,0.9072475433349609,-204.60858154296875
1750932308.900636,0.0,0.5,"[174.0, 131.0, 116.0, 116.0, 133.0, 165.0, 176.0, 212.0, 185.0, 174.0]",9.347394943237305,0.0,-42.396087646484375,0.8932113647460938,-204.58905029296875
1750932308.933035,0.0,0.5,"[174.0, 130.0, 115.0, 115.0, 131.0, 164.0, 176.0, 212.0, 185.0, 174.0]",9.476593971252441,0.0,-42.58404541015625,0.8789768218994141,-204.56924438476562
1750932308.9461453,0.0,0.5,"[173.0, 129.0, 114.0, 115.0, 131.0, 164.0, 176.0, 212.0, 185.0, 174.0]",9.319039344787598,0.0,-42.768890380859375,0.8649120330810547,-204.5499267578125
1750932308.959802,0.0,0.5,"[171.0, 129.0, 113.0, 114.0, 130.0, 164.0, 175.0, 212.0, 185.0, 174.0]",9.676578521728516,0.0,-42.960784912109375,0.8503990173339844,-204.5294189453125
1750932308.9930112,0.0,0.5,"[169.0, 127.0, 113.0, 114.0, 130.0, 164.0, 175.0, 212.0, 185.0, 174.0]",9.748066902160645,0.0,-43.154144287109375,0.8360023498535156,-204.50912475585938
1750932309.0067935,0.0,0.5,"[168.0, 126.0, 112.0, 113.0, 130.0, 163.0, 175.0, 212.0, 185.0, 174.0]",9.816774368286133,0.0,-43.348876953125,0.8218040466308594,-204.488525390625
1750932309.0199096,0.0,0.5,"[166.0, 126.0, 111.0, 113.0, 130.0, 163.0, 175.0, 212.0, 185.0, 174.0]",9.837119102478027,0.0,-43.544036865234375,0.8078441619873047,-204.4678955078125
1750932309.0535197,0.0,0.5,"[165.0, 124.0, 111.0, 113.0, 129.0, 163.0, 175.0, 212.0, 185.0, 174.0]",9.911802291870117,0.0,-43.74072265625,0.7940635681152344,-204.447265625
1750932309.067344,0.0,0.5,"[163.0, 123.0, 111.0, 111.0, 129.0, 163.0, 175.0, 212.0, 185.0, 174.0]",9.910843849182129,0.0,-43.937408447265625,0.7806930541992188,-204.42669677734375
1750932309.080911,-1.0,0.5,"[161.0, 122.0, 109.0, 111.0, 128.0, 163.0, 175.0, 212.0, 185.0, 174.0]",9.973062515258789,0.0,-44.135345458984375,0.7676277160644531,-204.40591430664062
1750932309.1138308,-1.0,0.5,"[165.0, 124.0, 112.0, 113.0, 130.0, 163.0, 174.0, 211.0, 185.0, 174.0]",9.710505485534668,-0.5,-44.3291015625,0.7551345825195312,-204.40130615234375
1750932309.127514,0.0,0.5,"[173.0, 130.0, 116.0, 117.0, 135.0, 163.0, 174.0, 209.0, 185.0, 174.0]",9.642252922058105,-0.5,-44.52056884765625,0.7430496215820312,-204.42105102539062
1750932309.1410966,0.0,0.5,"[174.0, 132.0, 117.0, 118.0, 136.0, 163.0, 173.0, 209.0, 185.0, 174.0]",9.628430366516113,0.0,-44.7127685546875,0.7311439514160156,-204.4210205078125
1750932309.173897,0.0,0.5,"[174.0, 131.0, 116.0, 117.0, 136.0, 163.0, 173.0, 209.0, 185.0, 174.0]",9.616643905639648,0.0,-44.9041748046875,0.7194786071777344,-204.40625
1750932309.1867898,0.0,0.5,"[173.0, 131.0, 116.0, 117.0, 136.0, 163.0, 173.0, 209.0, 185.0, 174.0]",9.6531400680542,0.0,-45.096466064453125,0.7079067230224609,-204.393798828125
1750932309.2003386,0.0,0.5,"[172.0, 129.0, 116.0, 117.0, 135.0, 163.0, 173.0, 209.0, 185.0, 174.0]",9.870033264160156,0.0,-45.2930908203125,0.6961669921875,-204.38067626953125
1750932309.2322836,0.0,0.5,"[171.0, 129.0, 116.0, 117.0, 135.0, 163.0, 173.0, 209.0, 185.0, 174.0]",9.747910499572754,0.0,-45.487274169921875,0.6846790313720703,-204.36737060546875
1750932309.2452288,0.0,0.5,"[170.0, 129.0, 115.0, 116.0, 135.0, 162.0, 173.0, 209.0, 185.0, 174.0]",9.891160011291504,0.0,-45.684295654296875,0.6730194091796875,-204.3543701171875
1750932309.2583885,0.0,0.5,"[169.0, 129.0, 114.0, 116.0, 135.0, 162.0, 173.0, 209.0, 185.0, 174.0]",9.938481330871582,0.0,-45.882293701171875,0.6612968444824219,-204.34103393554688
1750932309.2910101,0.0,0.5,"[168.0, 128.0, 114.0, 115.0, 134.0, 162.0, 173.0, 209.0, 185.0, 174.0]",9.93702220916748,0.0,-46.080230712890625,0.6495571136474609,-204.32781982421875
1750932309.303998,0.0,0.5,"[166.0, 126.0, 113.0, 115.0, 134.0, 162.0, 173.0, 209.0, 185.0, 174.0]",10.155731201171875,0.0,-46.28253173828125,0.6375312805175781,-204.31427001953125
1750932309.3269885,0.0,0.5,"[166.0, 126.0, 113.0, 115.0, 134.0, 162.0, 173.0, 209.0, 185.0, 174.0]",10.183023452758789,0.0,-46.485382080078125,0.6254291534423828,-204.30038452148438
1750932309.3404787,0.0,0.5,"[164.0, 126.0, 113.0, 115.0, 133.0, 162.0, 173.0, 209.0, 185.0, 174.0]",10.170358657836914,0.0,-46.68798828125,0.6132869720458984,-204.28717041015625
1750932309.3732722,0.0,0.5,"[163.0, 124.0, 112.0, 115.0, 133.0, 162.0, 173.0, 209.0, 185.0, 174.0]",10.339033126831055,0.0,-46.8939208984375,0.6008968353271484,-204.273193359375
1750932309.3864136,0.0,0.5,"[162.0, 123.0, 111.0, 114.0, 133.0, 162.0, 173.0, 209.0, 185.0, 174.0]",10.22646713256836,0.0,-47.097625732421875,0.5885887145996094,-204.259765625
1750932309.3999734,0.0,0.5,"[161.0, 123.0, 111.0, 113.0, 131.0, 162.0, 173.0, 210.0, 185.0, 174.0]",10.615593910217285,0.0,-47.30908203125,0.5759429931640625,-204.24542236328125
1750932309.433545,0.0,0.5,"[159.0, 122.0, 111.0, 113.0, 131.0, 161.0, 173.0, 210.0, 185.0, 174.0]",10.334674835205078,0.0,-47.51495361328125,0.5637722015380859,-204.2314453125
1750932309.4468331,-1.0,0.5,"[158.0, 122.0, 110.0, 113.0, 131.0, 161.0, 173.0, 210.0, 185.0, 174.0]",10.646936416625977,0.0,-47.727020263671875,0.5513877868652344,-204.21697998046875
1750932309.4599252,-1.0,0.5,"[163.0, 124.0, 113.0, 115.0, 134.0, 161.0, 172.0, 209.0, 185.0, 174.0]",10.064549446105957,-0.5,-47.927947998046875,0.5397834777832031,-204.2213134765625
1750932309.4928536,0.0,0.5,"[173.0, 131.0, 117.0, 119.0, 138.0, 161.0, 171.0, 207.0, 185.0, 174.0]",10.234562873840332,-0.5,-48.130950927734375,0.5283584594726562,-204.24493408203125
1750932309.5058234,0.0,0.5,"[174.0, 133.0, 119.0, 121.0, 140.0, 161.0, 170.0, 207.0, 185.0, 174.0]",9.987749099731445,0.0,-48.330169677734375,0.5174121856689453,-204.254638671875
1750932309.5193944,0.0,0.5,"[174.0, 132.0, 119.0, 119.0, 139.0, 161.0, 170.0, 207.0, 185.0, 174.0]",10.128201484680176,0.0,-48.53216552734375,0.5066032409667969,-204.24420166015625
1750932309.5521073,0.0,0.5,"[174.0, 132.0, 119.0, 119.0, 139.0, 161.0, 170.0, 207.0, 185.0, 174.0]",10.35576057434082,0.0,-48.738922119140625,0.4957866668701172,-204.23907470703125
1750932309.5660944,0.0,0.5,"[173.0, 132.0, 117.0, 119.0, 139.0, 161.0, 170.0, 207.0, 185.0, 174.0]",10.236348152160645,0.0,-48.94329833984375,0.48526573181152344,-204.23321533203125
1750932309.5795174,0.0,0.5,"[173.0, 132.0, 117.0, 119.0, 139.0, 161.0, 170.0, 207.0, 185.0, 174.0]",10.395134925842285,0.0,-49.150848388671875,0.4747447967529297,-204.22705078125
1750932309.6126876,0.0,0.5,"[173.0, 132.0, 117.0, 119.0, 138.0, 161.0, 170.0, 207.0, 185.0, 174.0]",10.453291893005371,0.0,-49.35955810546875,0.4642333984375,-204.2210693359375
1750932309.6256757,0.0,0.5,"[172.0, 131.0, 117.0, 119.0, 138.0, 161.0, 170.0, 207.0, 185.0, 174.0]",10.444624900817871,0.0,-49.568115234375,0.4538459777832031,-204.2149658203125
1750932309.6390095,0.0,0.5,"[172.0, 131.0, 117.0, 119.0, 139.0, 161.0, 170.0, 207.0, 185.0, 174.0]",10.683229446411133,0.0,-49.78143310546875,0.44324302673339844,-204.20880126953125
1750932309.6718092,0.0,0.5,"[171.0, 130.0, 117.0, 119.0, 138.0, 161.0, 170.0, 207.0, 185.0, 174.0]",10.57797908782959,0.0,-49.992645263671875,0.4327964782714844,-204.20306396484375
1750932309.6850812,0.0,0.5,"[170.0, 130.0, 117.0, 118.0, 138.0, 160.0, 170.0, 207.0, 185.0, 174.0]",10.801214218139648,0.0,-50.20831298828125,0.42214202880859375,-204.1968994140625
1750932309.6982222,0.0,0.5,"[170.0, 129.0, 116.0, 118.0, 138.0, 160.0, 170.0, 207.0, 185.0, 174.0]",10.45862865447998,0.0,-50.417144775390625,0.411834716796875,-204.19091796875
1750932309.7317023,0.0,0.5,"[169.0, 129.0, 116.0, 118.0, 137.0, 160.0, 170.0, 207.0, 185.0, 174.0]",10.767230033874512,0.0,-50.63214111328125,0.40118408203125,-204.18460083007812
1750932309.7448936,0.0,0.5,"[169.0, 129.0, 116.0, 118.0, 137.0, 160.0, 170.0, 207.0, 185.0, 174.0]",10.961372375488281,0.0,-50.85101318359375,0.3902912139892578,-204.17816162109375
1750932309.7582424,0.0,0.5,"[168.0, 129.0, 116.0, 117.0, 137.0, 160.0, 170.0, 206.0, 185.0, 174.0]",10.847347259521484,0.0,-51.067596435546875,0.37949180603027344,-204.17214965820312
1750932309.7913208,0.0,0.5,"[168.0, 129.0, 116.0, 117.0, 137.0, 160.0, 169.0, 206.0, 185.0, 174.0]",11.073230743408203,0.0,-51.2886962890625,0.36839866638183594,-204.16580200195312
1750932309.804171,0.0,0.5,"[166.0, 128.0, 115.0, 117.0, 136.0, 159.0, 169.0, 206.0, 185.0, 174.0]",11.134873390197754,0.0,-51.51104736328125,0.3573932647705078,-204.15985107421875
1750932309.8171363,0.0,0.5,"[166.0, 128.0, 115.0, 117.0, 137.0, 159.0, 169.0, 206.0, 185.0, 174.0]",11.14666748046875,0.0,-51.733612060546875,0.3465595245361328,-204.1529541015625
1750932309.8497891,0.0,0.5,"[165.0, 127.0, 114.0, 117.0, 136.0, 159.0, 169.0, 206.0, 185.0, 174.0]",11.143695831298828,0.0,-51.956146240234375,0.3358879089355469,-204.1470947265625
1750932309.863174,0.0,0.5,"[165.0, 127.0, 115.0, 117.0, 136.0, 159.0, 169.0, 206.0, 185.0, 174.0]",11.201433181762695,0.0,-52.1798095703125,0.3252735137939453,-204.13998413085938
1750932309.8861954,0.0,0.5,"[164.0, 126.0, 114.0, 117.0, 136.0, 159.0, 169.0, 206.0, 185.0, 174.0]",11.364213943481445,0.0,-52.406768798828125,0.3145637512207031,-204.13418579101562
1750932309.8991325,0.0,0.5,"[164.0, 126.0, 114.0, 117.0, 136.0, 159.0, 169.0, 206.0, 185.0, 174.0]",11.089123725891113,0.0,-52.628204345703125,0.3041706085205078,-204.12762451171875
1750932309.9310977,0.0,0.5,"[164.0, 126.0, 114.0, 116.0, 136.0, 159.0, 169.0, 206.0, 185.0, 174.0]",11.374464988708496,0.0,-52.855377197265625,0.2935371398925781,-204.1214599609375
1750932309.9436781,0.0,0.5,"[162.0, 126.0, 113.0, 116.0, 136.0, 159.0, 169.0, 206.0, 185.0, 174.0]",11.306539535522461,0.0,-53.0811767578125,0.28299713134765625,-204.1151123046875
1750932309.9657886,0.0,0.5,"[162.0, 126.0, 113.0, 116.0, 136.0, 159.0, 169.0, 207.0, 185.0, 174.0]",11.463000297546387,0.0,-53.31005859375,0.2723197937011719,-204.10797119140625
1750932309.9786792,0.0,0.5,"[162.0, 126.0, 113.0, 116.0, 136.0, 159.0, 169.0, 207.0, 185.0, 174.0]",11.604700088500977,0.0,-53.54180908203125,0.26151466369628906,-204.10137939453125
1750932310.0114272,0.0,0.5,"[161.0, 124.0, 113.0, 116.0, 136.0, 159.0, 170.0, 207.0, 185.0, 174.0]",11.50288200378418,0.0,-53.771514892578125,0.25079917907714844,-204.094970703125
1750932310.0243423,-1.0,0.5,"[161.0, 124.0, 113.0, 116.0, 136.0, 159.0, 170.0, 207.0, 185.0, 174.0]",11.767661094665527,0.0,-54.00653076171875,0.23982620239257812,-204.08807373046875
1750932310.0377762,-1.0,0.5,"[167.0, 129.0, 116.0, 118.0, 138.0, 159.0, 169.0, 206.0, 185.0, 174.0]",11.316123962402344,-0.5,-54.232269287109375,0.22928619384765625,-204.100341796875
1750932310.0699177,-1.0,0.5,"[174.0, 135.0, 121.0, 123.0, 143.0, 159.0, 168.0, 206.0, 185.0, 174.0]",11.309603691101074,-0.5,-54.4560546875,0.21883392333984375,-204.1314697265625
1750932310.0837529,-1.0,0.5,"[174.0, 143.0, 127.0, 128.0, 147.0, 160.0, 168.0, 204.0, 185.0, 174.0]",11.058171272277832,-0.5,-54.673309326171875,0.20866775512695312,-204.17160034179688
1750932310.1070487,0.0,0.5,"[174.0, 150.0, 133.0, 132.0, 151.0, 160.0, 167.0, 203.0, 185.0, 174.0]",11.231882095336914,-0.5,-54.893280029296875,0.19835472106933594,-204.21597290039062
1750932310.1205828,0.0,0.5,"[174.0, 155.0, 136.0, 134.0, 153.0, 160.0, 166.0, 203.0, 185.0, 174.0]",11.523387908935547,0.0,-55.12127685546875,0.18763351440429688,-204.2479248046875
1750932310.15384,0.0,0.5,"[174.0, 155.0, 136.0, 135.0, 153.0, 160.0, 167.0, 203.0, 185.0, 174.0]",11.204340934753418,0.0,-55.344512939453125,0.17711639404296875,-204.26455688476562
1750932310.1674273,0.0,0.5,"[174.0, 157.0, 137.0, 136.0, 153.0, 160.0, 167.0, 203.0, 185.0, 174.0]",11.51880168914795,0.0,-55.57415771484375,0.16624069213867188,-204.27899169921875
1750932310.1806905,0.0,0.5,"[174.0, 158.0, 137.0, 137.0, 153.0, 160.0, 167.0, 203.0, 185.0, 174.0]",11.318857192993164,0.0,-55.799835205078125,0.15547943115234375,-204.29327392578125
1750932310.2132297,0.0,0.5,"[174.0, 160.0, 138.0, 137.0, 153.0, 160.0, 167.0, 203.0, 185.0, 174.0]",11.622758865356445,0.0,-56.03155517578125,0.14434814453125,-204.30804443359375
1750932310.2263165,0.0,0.5,"[174.0, 161.0, 139.0, 137.0, 153.0, 160.0, 167.0, 203.0, 185.0, 174.0]",11.44766616821289,0.0,-56.259796142578125,0.13341712951660156,-204.32257080078125
1750932310.2399704,0.0,0.5,"[174.0, 161.0, 140.0, 137.0, 153.0, 160.0, 167.0, 203.0, 185.0, 174.0]",11.680949211120605,0.0,-56.492706298828125,0.12299346923828125,-204.33734130859375
1750932310.2731705,0.0,0.5,"[174.0, 162.0, 140.0, 137.0, 153.0, 160.0, 167.0, 203.0, 185.0, 174.0]",11.790247917175293,0.0,-56.727874755859375,0.11324310302734375,-204.351806640625
1750932310.2871299,0.0,0.5,"[174.0, 162.0, 140.0, 137.0, 153.0, 160.0, 166.0, 203.0, 185.0, 174.0]",11.681182861328125,0.0,-56.960845947265625,0.10415840148925781,-204.36669921875
1750932310.301527,0.0,0.5,"[174.0, 164.0, 141.0, 138.0, 153.0, 159.0, 166.0, 201.0, 185.0, 174.0]",11.740924835205078,0.0,-57.195037841796875,0.0956573486328125,-204.38143920898438
1750932310.3372176,0.0,0.5,"[174.0, 163.0, 140.0, 137.0, 152.0, 159.0, 166.0, 201.0, 185.0, 174.0]",11.742431640625,0.0,-57.429290771484375,0.0876617431640625,-204.39593505859375
1750932310.3522286,0.0,0.5,"[174.0, 163.0, 141.0, 137.0, 152.0, 159.0, 164.0, 201.0, 185.0, 174.0]",11.918238639831543,0.0,-57.667022705078125,0.079925537109375,-204.411376953125
1750932310.3672874,0.0,0.5,"[174.0, 163.0, 140.0, 137.0, 152.0, 158.0, 164.0, 200.0, 185.0, 174.0]",11.998313903808594,0.0,-57.90643310546875,0.07263946533203125,-204.42608642578125
1750932310.380433,0.0,0.5,"[174.0, 163.0, 140.0, 137.0, 151.0, 157.0, 163.0, 200.0, 185.0, 174.0]",12.033123016357422,0.0,-58.146514892578125,0.06548118591308594,-204.44110107421875
1750932310.4139593,0.0,0.5,"[174.0, 163.0, 140.0, 137.0, 151.0, 157.0, 163.0, 198.0, 185.0, 174.0]",12.028087615966797,0.0,-58.38653564453125,0.05865669250488281,-204.45611572265625
1750932310.4275134,0.0,0.5,"[174.0, 163.0, 139.0, 136.0, 150.0, 156.0, 162.0, 197.0, 185.0, 174.0]",12.037304878234863,0.0,-58.626708984375,0.051837921142578125,-204.47119140625
1750932310.4410522,0.0,0.5,"[174.0, 163.0, 139.0, 136.0, 149.0, 156.0, 162.0, 197.0, 185.0, 174.0]",12.231337547302246,0.0,-58.870758056640625,0.04503822326660156,-204.48651123046875
1750932310.473601,0.0,0.5,"[174.0, 162.0, 138.0, 135.0, 149.0, 155.0, 161.0, 195.0, 185.0, 174.0]",12.261905670166016,0.0,-59.115386962890625,0.03827476501464844,-204.50213623046875
1750932310.4871192,0.0,0.5,"[174.0, 162.0, 138.0, 135.0, 148.0, 154.0, 160.0, 193.0, 185.0, 174.0]",12.285442352294922,0.0,-59.36053466796875,0.031520843505859375,-204.51739501953125
1750932310.5008166,0.0,0.5,"[174.0, 161.0, 137.0, 134.0, 147.0, 153.0, 160.0, 193.0, 185.0, 174.0]",12.26060676574707,0.0,-59.60516357421875,0.02474212646484375,-204.53302001953125
1750932310.5334706,0.0,0.5,"[174.0, 161.0, 137.0, 134.0, 147.0, 153.0, 159.0, 192.0, 185.0, 174.0]",12.266549110412598,0.0,-59.8499755859375,0.018512725830078125,-204.54754638671875
1750932310.5466485,0.0,0.5,"[174.0, 161.0, 137.0, 133.0, 146.0, 152.0, 158.0, 192.0, 185.0, 174.0]",12.216361045837402,0.0,-60.093658447265625,0.013092041015625,-204.56475830078125
1750932310.560248,0.0,0.5,"[174.0, 161.0, 137.0, 133.0, 146.0, 152.0, 158.0, 190.0, 185.0, 174.0]",12.373991012573242,0.0,-60.340728759765625,0.008335113525390625,-204.57803344726562
1750932310.5935543,0.0,0.5,"[174.0, 161.0, 137.0, 133.0, 146.0, 151.0, 156.0, 189.0, 185.0, 174.0]",12.697196960449219,0.0,-60.594085693359375,0.0043506622314453125,-204.59487915039062
1750932310.606784,0.0,0.5,"[174.0, 161.0, 137.0, 133.0, 145.0, 151.0, 156.0, 189.0, 185.0, 174.0]",12.524357795715332,0.0,-60.844024658203125,0.001285552978515625,-204.61102294921875
1750932310.620382,0.0,0.5,"[174.0, 160.0, 136.0, 133.0, 145.0, 150.0, 156.0, 189.0, 185.0, 174.0]",12.626876831054688,0.0,-61.096038818359375,-0.0010623931884765625,-204.6268310546875
1750932310.6537728,0.0,0.5,"[174.0, 160.0, 136.0, 132.0, 145.0, 150.0, 155.0, 187.0, 185.0, 174.0]",12.633569717407227,0.0,-61.34820556640625,-0.002777099609375,-204.64279174804688
1750932310.6675026,0.0,0.5,"[174.0, 160.0, 136.0, 132.0, 144.0, 150.0, 155.0, 187.0, 185.0, 174.0]",12.68675708770752,0.0,-61.601409912109375,-0.003978729248046875,-204.65908813476562
1750932310.6813023,0.0,0.5,"[174.0, 160.0, 136.0, 132.0, 144.0, 149.0, 155.0, 187.0, 185.0, 174.0]",12.80858325958252,0.0,-61.8570556640625,-0.004810333251953125,-204.67547607421875
1750932310.7150755,1.0,0.5,"[174.0, 160.0, 136.0, 132.0, 144.0, 149.0, 154.0, 186.0, 185.0, 174.0]",12.733020782470703,0.0,-62.111236572265625,-0.0053253173828125,-204.69119262695312
1750932310.72887,1.0,0.5,"[174.0, 156.0, 134.0, 130.0, 142.0, 149.0, 154.0, 186.0, 185.0, 174.0]",12.44752025604248,0.5,-62.36016845703125,-0.005615234375,-204.69329833984375
1750932310.7421978,1.0,0.5,"[174.0, 152.0, 130.0, 127.0, 141.0, 148.0, 155.0, 187.0, 185.0, 174.0]",12.406228065490723,0.5,-62.607574462890625,-0.0057621002197265625,-204.67431640625
1750932310.774297,0.0,0.5,"[174.0, 146.0, 125.0, 123.0, 137.0, 148.0, 168.0, 187.0, 185.0, 174.0]",12.367955207824707,0.5,-62.85296630859375,-0.00588226318359375,-204.64315795898438
1750932310.7871318,0.0,0.5,"[174.0, 142.0, 123.0, 121.0, 136.0, 147.0, 168.0, 187.0, 185.0, 174.0]",12.25812816619873,0.0,-63.097412109375,-0.00592041015625,-204.62432861328125
1750932310.8001473,0.0,0.5,"[174.0, 140.0, 122.0, 121.0, 136.0, 147.0, 168.0, 187.0, 185.0, 174.0]",12.382475852966309,0.0,-63.345001220703125,-0.0060291290283203125,-204.619873046875
1750932310.8319304,0.0,0.5,"[174.0, 140.0, 122.0, 121.0, 136.0, 147.0, 168.0, 187.0, 185.0, 174.0]",12.408080101013184,0.0,-63.593170166015625,-0.0062103271484375,-204.61849975585938
1750932310.845043,0.0,0.5,"[174.0, 138.0, 120.0, 119.0, 135.0, 147.0, 167.0, 187.0, 185.0, 174.0]",12.437472343444824,0.0,-63.8419189453125,-0.0064907073974609375,-204.61798095703125
1750932310.8582215,0.0,0.5,"[174.0, 138.0, 120.0, 119.0, 135.0, 146.0, 167.0, 187.0, 185.0, 174.0]",12.563423156738281,0.0,-64.09317016601562,-0.0065593719482421875,-204.61663818359375
1750932310.8900182,0.0,0.5,"[174.0, 138.0, 120.0, 119.0, 135.0, 146.0, 167.0, 186.0, 185.0, 174.0]",12.468413352966309,0.0,-64.34255981445312,-0.0064258575439453125,-204.61593627929688
1750932310.9033403,0.0,0.5,"[174.0, 137.0, 120.0, 119.0, 134.0, 146.0, 167.0, 186.0, 185.0, 174.0]",12.578564643859863,0.0,-64.5941162109375,-0.006134033203125,-204.61492919921875
1750932310.9255822,0.0,0.5,"[174.0, 136.0, 119.0, 119.0, 134.0, 146.0, 167.0, 186.0, 185.0, 174.0]",12.73031234741211,0.0,-64.84872436523438,-0.00571441650390625,-204.61416625976562
1750932310.938403,0.0,0.5,"[174.0, 136.0, 119.0, 119.0, 134.0, 146.0, 167.0, 186.0, 185.0, 174.0]",12.587172508239746,0.0,-65.1004638671875,-0.0052032470703125,-204.61309814453125
1750932310.970543,0.0,0.5,"[174.0, 135.0, 119.0, 118.0, 134.0, 146.0, 166.0, 186.0, 185.0, 174.0]",12.768855094909668,0.0,-65.35586547851562,-0.0046291351318359375,-204.61257934570312
1750932310.9836094,0.0,0.5,"[174.0, 135.0, 119.0, 118.0, 134.0, 146.0, 166.0, 186.0, 185.0, 174.0]",12.762835502624512,0.0,-65.61111450195312,-0.0040187835693359375,-204.61175537109375
1750932311.0064704,0.0,0.5,"[174.0, 134.0, 117.0, 117.0, 133.0, 145.0, 166.0, 186.0, 185.0, 174.0]",12.759645462036133,0.0,-65.86630249023438,-0.00339508056640625,-204.6107177734375
1750932311.0192692,0.0,0.5,"[174.0, 134.0, 117.0, 117.0, 133.0, 145.0, 166.0, 185.0, 185.0, 174.0]",12.952359199523926,0.0,-66.12533569335938,-0.0027751922607421875,-204.6094970703125
1750932311.053206,-1.0,0.5,"[174.0, 133.0, 117.0, 117.0, 133.0, 145.0, 166.0, 185.0, 185.0, 174.0]",12.92588996887207,0.0,-66.38385009765625,-0.0021762847900390625,-204.60861206054688
1750932311.0679927,-1.0,0.5,"[174.0, 135.0, 119.0, 119.0, 134.0, 145.0, 166.0, 184.0, 185.0, 174.0]",12.650986671447754,-0.5,-66.63644409179688,-0.00160980224609375,-204.6234130859375
1750932311.0827847,-1.0,0.5,"[174.0, 139.0, 123.0, 123.0, 136.0, 145.0, 166.0, 183.0, 185.0, 174.0]",12.432455062866211,-0.5,-66.883056640625,-0.0010852813720703125,-204.655029296875
1750932311.119615,0.0,0.0,"[174.0, 146.0, 128.0, 126.0, 139.0, 145.0, 166.0, 181.0, 185.0, 174.0]",12.463309288024902,-0.5,-67.12783813476562,-0.0006084442138671875,-204.70220947265625
1750932311.133967,0.0,0.0,"[174.0, 149.0, 130.0, 129.0, 140.0, 146.0, 166.0, 179.0, 185.0, 174.0]",12.544979095458984,0.0,-67.37615966796875,-0.0001850128173828125,-204.73794555664062
1750932311.1481774,0.0,0.0,"[174.0, 149.0, 130.0, 129.0, 140.0, 145.0, 166.0, 179.0, 185.0, 174.0]",12.261329650878906,0.0,-67.62088012695312,0.0001850128173828125,-204.7537841796875
1750932311.161574,0.0,0.0,"[174.0, 150.0, 130.0, 129.0, 140.0, 145.0, 166.0, 179.0, 185.0, 174.0]",12.016307830810547,0.0,-67.86074829101562,0.000499725341796875,-204.76876831054688
1750932311.1949518,0.0,0.0,"[174.0, 150.0, 130.0, 129.0, 140.0, 145.0, 166.0, 179.0, 185.0, 174.0]",11.7716646194458,0.0,-68.09573364257812,0.000762939453125,-204.78335571289062
1750932311.2080374,0.0,0.0,"[174.0, 150.0, 130.0, 129.0, 140.0, 145.0, 166.0, 179.0, 185.0, 174.0]",11.527311325073242,0.0,-68.32583618164062,0.0009746551513671875,-204.797607421875
1750932311.2215905,0.0,0.0,"[174.0, 150.0, 130.0, 129.0, 139.0, 145.0, 166.0, 179.0, 185.0, 174.0]",11.283195495605469,0.0,-68.55105590820312,0.0011386871337890625,-204.81158447265625
1750932311.254996,0.0,0.5,"[174.0, 150.0, 130.0, 129.0, 139.0, 145.0, 166.0, 178.0, 185.0, 174.0]",11.039292335510254,0.0,-68.77142333984375,0.0012607574462890625,-204.82525634765625
1750932311.2686357,0.0,0.5,"[174.0, 150.0, 130.0, 129.0, 139.0, 145.0, 166.0, 178.0, 185.0, 174.0]",10.795565605163574,0.0,-68.98690795898438,0.0013427734375,-204.83859252929688
1750932311.2820256,0.0,0.5,"[174.0, 150.0, 130.0, 129.0, 139.0, 144.0, 164.0, 178.0, 185.0, 174.0]",11.141339302062988,0.0,-69.20932006835938,0.0013904571533203125,-204.85235595703125
1750932311.3158972,0.0,0.5,"[174.0, 150.0, 130.0, 129.0, 139.0, 144.0, 164.0, 178.0, 185.0, 174.0]",10.897024154663086,0.0,-69.42684936523438,0.0014095306396484375,-204.8658447265625
1750932311.3296912,0.0,0.5,"[174.0, 150.0, 130.0, 129.0, 139.0, 144.0, 164.0, 178.0, 185.0, 174.0]",11.224361419677734,0.0,-69.65090942382812,0.00140380859375,-204.8797607421875
1750932311.343482,0.0,0.5,"[174.0, 150.0, 130.0, 129.0, 139.0, 144.0, 164.0, 177.0, 185.0, 174.0]",10.97950267791748,0.0,-69.87005615234375,0.001377105712890625,-204.893310546875
1750932311.367451,0.0,0.5,"[174.0, 150.0, 130.0, 129.0, 138.0, 144.0, 164.0, 176.0, 185.0, 174.0]",11.340468406677246,0.0,-70.096435546875,0.00133514404296875,-204.9073486328125
1750932311.3799133,0.0,0.5,"[174.0, 151.0, 131.0, 129.0, 138.0, 144.0, 164.0, 176.0, 185.0, 174.0]",11.095047950744629,0.0,-70.31790161132812,0.00128173828125,-204.92108154296875
1750932311.4136353,0.0,0.5,"[174.0, 151.0, 131.0, 129.0, 138.0, 143.0, 163.0, 176.0, 185.0, 174.0]",11.37702465057373,0.0,-70.54501342773438,0.0012187957763671875,-204.9351806640625
1750932311.427498,0.0,0.5,"[174.0, 151.0, 131.0, 129.0, 138.0, 143.0, 163.0, 176.0, 185.0, 174.0]",11.018123626708984,0.0,-70.76495361328125,0.0011501312255859375,-204.94879150390625
1750932311.4406357,0.0,0.5,"[174.0, 151.0, 131.0, 129.0, 138.0, 143.0, 163.0, 176.0, 185.0, 174.0]",11.286492347717285,0.0,-70.99026489257812,0.0010776519775390625,-204.96273803710938
1750932311.4746308,0.0,0.5,"[174.0, 151.0, 131.0, 128.0, 137.0, 143.0, 163.0, 178.0, 185.0, 174.0]",11.361804008483887,0.0,-71.217041015625,0.0010051727294921875,-204.976806640625
1750932311.488154,0.0,0.5,"[174.0, 151.0, 131.0, 128.0, 137.0, 142.0, 163.0, 179.0, 185.0, 174.0]",11.433338165283203,0.0,-71.44528198242188,0.000934600830078125,-204.99093627929688
1750932311.501754,0.0,0.5,"[174.0, 151.0, 131.0, 128.0, 137.0, 142.0, 162.0, 181.0, 185.0, 174.0]",11.499979019165039,0.0,-71.67483520507812,0.0008678436279296875,-205.00515747070312
1750932311.5351753,0.0,0.0,"[174.0, 151.0, 131.0, 128.0, 137.0, 142.0, 162.0, 184.0, 185.0, 174.0]",11.540648460388184,0.0,-71.90521240234375,0.000804901123046875,-205.01947021484375
1750932311.5488446,0.0,0.0,"[174.0, 151.0, 131.0, 128.0, 137.0, 142.0, 162.0, 187.0, 185.0, 174.0]",11.5765962600708,0.0,-72.13629150390625,0.0007457733154296875,-205.0338134765625
1750932311.5621688,0.0,0.0,"[174.0, 152.0, 131.0, 127.0, 136.0, 141.0, 162.0, 214.0, 185.0, 174.0]",11.329987525939941,0.0,-72.36245727539062,0.0006923675537109375,-205.04779052734375
1750932311.595786,0.0,0.0,"[174.0, 152.0, 131.0, 127.0, 136.0, 141.0, 161.0, 214.0, 185.0, 174.0]",11.083751678466797,0.0,-72.58370971679688,0.000644683837890625,-205.06146240234375
1750932311.6098115,0.0,0.0,"[174.0, 152.0, 131.0, 127.0, 136.0, 141.0, 161.0, 214.0, 185.0, 174.0]",10.837895393371582,0.0,-72.800048828125,0.0006046295166015625,-205.0748291015625
1750932311.6235712,0.0,0.5,"[174.0, 152.0, 131.0, 127.0, 136.0, 140.0, 161.0, 214.0, 185.0, 174.0]",10.592453956604004,0.0,-73.01150512695312,0.0005702972412109375,-205.087890625
1750932311.646847,-1.0,0.5,"[174.0, 152.0, 131.0, 126.0, 136.0, 140.0, 161.0, 214.0, 185.0, 174.0]",10.347393989562988,0.0,-73.21804809570312,0.00054168701171875,-205.10064697265625
1750932311.6598713,-1.0,0.5,"[174.0, 154.0, 133.0, 128.0, 136.0, 140.0, 161.0, 214.0, 185.0, 174.0]",10.461172103881836,-0.5,-73.42535400390625,0.0005168914794921875,-205.1290283203125
1750932311.693015,-1.0,0.5,"[174.0, 159.0, 136.0, 131.0, 136.0, 140.0, 161.0, 212.0, 185.0, 174.0]",10.01444149017334,-0.5,-73.61996459960938,0.000499725341796875,-205.17633056640625
1750932311.7065868,0.0,0.5,"[174.0, 164.0, 139.0, 133.0, 136.0, 140.0, 161.0, 212.0, 185.0, 174.0]",10.307103157043457,-0.5,-73.818603515625,0.0004863739013671875,-205.2314453125
1750932311.7193415,0.0,0.5,"[174.0, 166.0, 140.0, 134.0, 136.0, 140.0, 161.0, 212.0, 185.0, 174.0]",9.976751327514648,0.0,-74.01486206054688,0.000476837158203125,-205.26751708984375
1750932311.753351,0.0,0.5,"[174.0, 166.0, 140.0, 134.0, 136.0, 140.0, 160.0, 212.0, 185.0, 174.0]",10.241801261901855,0.0,-74.218505859375,0.0004730224609375,-205.28958129882812
1750932311.7673411,0.0,0.5,"[174.0, 167.0, 140.0, 134.0, 135.0, 140.0, 160.0, 212.0, 185.0, 174.0]",9.887065887451172,0.0,-74.41482543945312,0.0004711151123046875,-205.313232421875
1750932311.7807317,0.0,0.5,"[174.0, 167.0, 140.0, 134.0, 135.0, 139.0, 160.0, 212.0, 185.0, 174.0]",10.232178688049316,0.0,-74.61801147460938,0.0004711151123046875,-205.33749389648438
1750932311.8148544,0.0,0.5,"[174.0, 167.0, 140.0, 134.0, 135.0, 139.0, 160.0, 211.0, 185.0, 174.0]",10.306816101074219,0.0,-74.82269287109375,0.0004749298095703125,-205.36190795898438
1750932311.8287683,0.0,0.5,"[174.0, 167.0, 140.0, 133.0, 134.0, 139.0, 159.0, 211.0, 185.0, 174.0]",10.193559646606445,0.0,-75.02511596679688,0.0004787445068359375,-205.3861083984375
1750932311.8432024,0.0,0.5,"[174.0, 167.0, 140.0, 133.0, 134.0, 138.0, 159.0, 211.0, 185.0, 174.0]",10.190009117126465,0.0,-75.22747802734375,0.000484466552734375,-205.41033935546875
1750932311.867766,0.0,0.5,"[174.0, 167.0, 140.0, 133.0, 133.0, 138.0, 159.0, 211.0, 185.0, 174.0]",10.378265380859375,0.0,-75.43356323242188,0.000492095947265625,-205.43505859375
1750932311.8819146,0.0,0.5,"[174.0, 167.0, 140.0, 133.0, 133.0, 138.0, 159.0, 211.0, 185.0, 174.0]",10.61274242401123,0.0,-75.64434814453125,0.000499725341796875,-205.46002197265625
1750932311.917393,0.0,0.5,"[174.0, 167.0, 140.0, 133.0, 133.0, 138.0, 158.0, 211.0, 185.0, 174.0]",10.515320777893066,0.0,-75.8531494140625,0.000507354736328125,-205.485107421875
1750932311.9321215,0.0,0.5,"[174.0, 167.0, 140.0, 133.0, 131.0, 137.0, 158.0, 211.0, 185.0, 174.0]",10.671316146850586,0.0,-76.06509399414062,0.0005168914794921875,-205.51025390625
1750932311.945711,0.0,0.5,"[174.0, 167.0, 140.0, 133.0, 131.0, 137.0, 158.0, 211.0, 185.0, 174.0]",10.506115913391113,0.0,-76.27371215820312,0.0005245208740234375,-205.53524780273438
1750932311.9596329,0.0,0.5,"[174.0, 167.0, 140.0, 132.0, 131.0, 136.0, 156.0, 209.0, 185.0, 174.0]",10.692622184753418,0.0,-76.48611450195312,0.0005321502685546875,-205.560302734375
1750932311.99377,0.0,0.5,"[174.0, 167.0, 140.0, 132.0, 130.0, 136.0, 156.0, 209.0, 185.0, 174.0]",10.77863883972168,0.0,-76.70016479492188,0.0005397796630859375,-205.58590698242188
1750932312.0072074,0.0,0.5,"[174.0, 167.0, 140.0, 132.0, 130.0, 136.0, 156.0, 209.0, 185.0, 174.0]",10.808833122253418,0.0,-76.91482543945312,0.000545501708984375,-205.61154174804688
1750932312.0211446,0.0,0.5,"[174.0, 167.0, 140.0, 132.0, 129.0, 135.0, 155.0, 209.0, 185.0, 174.0]",10.819758415222168,0.0,-77.12966918945312,0.0005512237548828125,-205.63714599609375
1750932312.0550563,-1.0,0.5,"[174.0, 167.0, 140.0, 132.0, 129.0, 135.0, 155.0, 207.0, 185.0, 174.0]",10.822328567504883,0.0,-77.3446044921875,0.00055694580078125,-205.66281127929688
1750932312.0688431,-1.0,0.5,"[174.0, 169.0, 142.0, 133.0, 129.0, 135.0, 155.0, 207.0, 185.0, 174.0]",10.53315258026123,-0.5,-77.55133056640625,0.0005626678466796875,-205.703369140625
1750932312.0828316,-1.0,0.5,"[174.0, 173.0, 145.0, 134.0, 129.0, 135.0, 155.0, 207.0, 185.0, 174.0]",10.484731674194336,-0.5,-77.75274658203125,0.0005664825439453125,-205.76171875
1750932312.1168046,-1.0,0.5,"[174.0, 179.0, 147.0, 137.0, 129.0, 135.0, 155.0, 207.0, 185.0, 174.0]",10.391515731811523,-0.5,-77.94979858398438,0.0005702972412109375,-205.82781982421875
1750932312.1303582,-1.0,0.5,"[174.0, 182.0, 150.0, 138.0, 129.0, 135.0, 155.0, 207.0, 185.0, 174.0]",10.580066680908203,-0.5,-78.14898681640625,0.00057220458984375,-205.89920043945312
1750932312.144438,-1.0,0.5,"[174.0, 185.0, 153.0, 138.0, 129.0, 135.0, 155.0, 207.0, 185.0, 174.0]",10.598123550415039,-0.5,-78.3465576171875,0.0005741119384765625,-205.9759521484375
1750932312.1581244,0.0,0.5,"[174.0, 185.0, 156.0, 139.0, 129.0, 135.0, 155.0, 206.0, 185.0, 174.0]",10.68746280670166,-0.5,-78.54476928710938,0.000576019287109375,-206.05596923828125
1750932312.1921105,0.0,0.5,"[174.0, 185.0, 156.0, 138.0, 129.0, 135.0, 155.0, 206.0, 185.0, 174.0]",10.570108413696289,0.0,-78.74554443359375,0.0005779266357421875,-206.12216186523438
1750932312.2059088,0.0,0.5,"[174.0, 185.0, 156.0, 138.0, 129.0, 134.0, 155.0, 206.0, 185.0, 174.0]",10.458610534667969,0.0,-78.9488525390625,0.0005779266357421875,-206.17138671875
1750932312.2193193,0.0,0.5,"[174.0, 185.0, 156.0, 137.0, 128.0, 134.0, 154.0, 206.0, 185.0, 174.0]",10.815603256225586,0.0,-79.1588134765625,0.0005779266357421875,-206.22332763671875
1750932312.252933,0.0,0.5,"[174.0, 185.0, 158.0, 137.0, 128.0, 134.0, 154.0, 206.0, 185.0, 174.0]",10.603789329528809,0.0,-79.36468505859375,0.000579833984375,-206.27423095703125
1750932312.266581,0.0,0.5,"[174.0, 185.0, 158.0, 136.0, 127.0, 133.0, 153.0, 204.0, 185.0, 174.0]",10.807635307312012,0.0,-79.57452392578125,0.0005779266357421875,-206.326171875
1750932312.280266,0.0,0.5,"[174.0, 185.0, 158.0, 136.0, 126.0, 133.0, 153.0, 204.0, 185.0, 174.0]",10.862655639648438,0.0,-79.78546142578125,0.0005779266357421875,-206.378173828125
1750932312.3140779,-1.0,0.5,"[174.0, 185.0, 158.0, 134.0, 126.0, 131.0, 152.0, 204.0, 185.0, 174.0]",10.849559783935547,0.0,-79.99594116210938,0.0005779266357421875,-206.43084716796875
1750932312.3278744,-1.0,0.5,"[174.0, 185.0, 159.0, 134.0, 126.0, 131.0, 152.0, 204.0, 185.0, 174.0]",10.685705184936523,-0.5,-80.1995849609375,0.0005779266357421875,-206.4957275390625
1750932312.3417206,-1.0,0.5,"[174.0, 185.0, 161.0, 134.0, 125.0, 131.0, 152.0, 203.0, 185.0, 174.0]",10.334452629089355,-0.5,-80.38888549804688,0.000576019287109375,-206.5787353515625
1750932312.3750448,-1.0,0.5,"[174.0, 185.0, 162.0, 134.0, 125.0, 131.0, 152.0, 203.0, 185.0, 174.0]",10.656021118164062,-0.5,-80.58096313476562,0.000576019287109375,-206.67108154296875
1750932312.3878384,-1.0,0.5,"[174.0, 185.0, 162.0, 135.0, 126.0, 130.0, 152.0, 203.0, 185.0, 174.0]",10.42078971862793,-0.5,-80.76693725585938,0.0005741119384765625,-206.76516723632812
1750932312.4015503,-1.0,0.5,"[174.0, 185.0, 162.0, 136.0, 126.0, 130.0, 153.0, 201.0, 185.0, 174.0]",10.753277778625488,-0.5,-80.95669555664062,0.0005741119384765625,-206.86639404296875
1750932312.434079,-1.0,0.5,"[174.0, 185.0, 162.0, 136.0, 126.0, 130.0, 152.0, 201.0, 185.0, 174.0]",10.639572143554688,-0.5,-81.14236450195312,0.00057220458984375,-206.97030639648438
1750932312.4471319,-1.0,0.5,"[174.0, 185.0, 162.0, 135.0, 126.0, 130.0, 152.0, 201.0, 185.0, 174.0]",10.768209457397461,-0.5,-81.32754516601562,0.00057220458984375,-207.08026123046875
1750932312.4604943,-1.0,0.5,"[174.0, 185.0, 162.0, 134.0, 126.0, 130.0, 152.0, 200.0, 185.0, 174.0]",10.655902862548828,-0.5,-81.50881958007812,0.0005702972412109375,-207.19235229492188
1750932312.4930599,-1.0,0.5,"[174.0, 185.0, 164.0, 134.0, 126.0, 130.0, 152.0, 200.0, 185.0, 174.0]",10.766825675964355,-0.5,-81.689208984375,0.0005702972412109375,-207.3099365234375
1750932312.5052943,-1.0,0.5,"[174.0, 185.0, 164.0, 134.0, 126.0, 130.0, 152.0, 198.0, 185.0, 174.0]",10.805071830749512,-0.5,-81.8681640625,0.0005702972412109375,-207.43106079101562
1750932312.5186064,-1.0,0.5,"[174.0, 185.0, 164.0, 135.0, 126.0, 130.0, 152.0, 198.0, 185.0, 174.0]",10.755934715270996,-0.5,-82.04251098632812,0.000568389892578125,-207.55709838867188
1750932312.5514188,-1.0,0.5,"[174.0, 185.0, 164.0, 135.0, 126.0, 130.0, 152.0, 198.0, 185.0, 174.0]",10.747699737548828,-0.5,-82.21527099609375,0.000568389892578125,-207.68499755859375
1750932312.5637891,-1.0,0.5,"[174.0, 185.0, 164.0, 136.0, 125.0, 130.0, 152.0, 197.0, 185.0, 174.0]",10.914822578430176,-0.5,-82.38681030273438,0.000568389892578125,-207.82000732421875
1750932312.5860329,-1.0,0.5,"[174.0, 185.0, 164.0, 136.0, 125.0, 130.0, 151.0, 197.0, 185.0, 174.0]",10.885058403015137,-0.5,-82.55511474609375,0.000568389892578125,-207.95806884765625
1750932312.5997128,-1.0,0.5,"[174.0, 185.0, 164.0, 136.0, 125.0, 130.0, 151.0, 197.0, 185.0, 174.0]",10.78686809539795,-0.5,-82.71881103515625,0.0005664825439453125,-208.09860229492188
1750932312.6317418,-1.0,0.5,"[174.0, 185.0, 164.0, 136.0, 125.0, 130.0, 151.0, 195.0, 185.0, 174.0]",10.972147941589355,-0.5,-82.88265991210938,0.0005664825439453125,-208.24456787109375
1750932312.6442375,-1.0,0.5,"[174.0, 185.0, 164.0, 136.0, 125.0, 130.0, 151.0, 195.0, 185.0, 174.0]",11.188661575317383,-0.5,-83.0460205078125,0.0005664825439453125,-208.39752197265625
1750932312.666547,-1.0,0.5,"[174.0, 185.0, 164.0, 136.0, 125.0, 130.0, 151.0, 194.0, 185.0, 174.0]",11.090432167053223,-0.5,-83.20468139648438,0.0005664825439453125,-208.552490234375
1750932312.6794841,-1.0,0.5,"[174.0, 185.0, 164.0, 136.0, 125.0, 130.0, 151.0, 193.0, 185.0, 174.0]",11.232454299926758,-0.5,-83.36172485351562,0.0005664825439453125,-208.713134765625
1750932312.710802,-1.0,0.5,"[174.0, 185.0, 164.0, 134.0, 125.0, 130.0, 149.0, 193.0, 185.0, 174.0]",11.108970642089844,-0.5,-83.51364135742188,0.0005664825439453125,-208.87530517578125
1750932312.7237113,-1.0,0.5,"[174.0, 185.0, 165.0, 134.0, 125.0, 130.0, 149.0, 193.0, 185.0, 174.0]",11.230884552001953,-0.5,-83.66293334960938,0.0005664825439453125,-209.04312133789062
1750932312.7451532,-1.0,0.5,"[174.0, 185.0, 165.0, 134.0, 125.0, 129.0, 148.0, 192.0, 185.0, 174.0]",11.19555950164795,-0.5,-83.80783081054688,0.0005664825439453125,-209.21380615234375
1750932312.7576506,-1.0,0.5,"[174.0, 185.0, 165.0, 134.0, 125.0, 129.0, 148.0, 192.0, 185.0, 174.0]",11.14035415649414,-0.5,-83.94866943359375,0.0005664825439453125,-209.386474609375
1750932312.787399,-1.0,0.5,"[174.0, 185.0, 165.0, 134.0, 125.0, 129.0, 147.0, 192.0, 185.0, 174.0]",11.289098739624023,-0.5,-84.08602905273438,0.0005664825439453125,-209.565673828125
1750932312.8000624,-1.0,0.5,"[174.0, 185.0, 164.0, 134.0, 125.0, 129.0, 147.0, 192.0, 185.0, 174.0]",11.306069374084473,-0.5,-84.22152709960938,0.0005664825439453125,-209.7467041015625
1750932312.8301983,-1.0,0.5,"[174.0, 185.0, 164.0, 134.0, 125.0, 129.0, 146.0, 192.0, 185.0, 174.0]",11.451408386230469,-0.5,-84.35321044921875,0.0005664825439453125,-209.93408203125
1750932312.8427775,-1.0,0.5,"[174.0, 185.0, 164.0, 134.0, 125.0, 129.0, 145.0, 192.0, 185.0, 174.0]",11.331221580505371,-0.5,-84.47964477539062,0.0005664825439453125,-210.12213134765625
1750932312.8721735,-1.0,0.5,"[174.0, 185.0, 164.0, 134.0, 125.0, 129.0, 145.0, 192.0, 185.0, 174.0]",11.610300064086914,-0.5,-84.60479736328125,0.0005664825439453125,-210.3177490234375
1750932312.8848321,-1.0,0.5,"[174.0, 185.0, 162.0, 134.0, 125.0, 129.0, 144.0, 192.0, 185.0, 174.0]",11.229317665100098,-0.5,-84.72134399414062,0.0005664825439453125,-210.50970458984375
1750932312.8974872,-1.0,0.5,"[174.0, 185.0, 162.0, 134.0, 124.0, 128.0, 144.0, 192.0, 185.0, 174.0]",11.554018020629883,-0.5,-84.83657836914062,0.0005664825439453125,-210.71002197265625
1750932312.9281814,-1.0,0.5,"[174.0, 185.0, 162.0, 134.0, 124.0, 127.0, 143.0, 192.0, 185.0, 174.0]",11.641642570495605,-0.5,-84.9481201171875,0.000568389892578125,-210.91436767578125
1750932312.9407012,-1.0,0.5,"[174.0, 185.0, 162.0, 134.0, 124.0, 127.0, 143.0, 192.0, 185.0, 174.0]",11.659220695495605,-0.5,-85.05517578125,0.000568389892578125,-211.12155151367188
1750932312.9722877,-1.0,0.5,"[174.0, 185.0, 162.0, 134.0, 124.0, 126.0, 141.0, 192.0, 185.0, 174.0]",11.629142761230469,-0.5,-85.15689086914062,0.0005664825439453125,-211.33071899414062
1750932312.9853253,-1.0,0.5,"[174.0, 185.0, 162.0, 134.0, 124.0, 125.0, 140.0, 193.0, 185.0, 174.0]",11.635255813598633,-0.5,-85.25381469726562,0.000568389892578125,-211.54229736328125
1750932312.998435,-1.0,0.5,"[174.0, 185.0, 162.0, 133.0, 124.0, 124.0, 140.0, 193.0, 185.0, 174.0]",11.828097343444824,-0.5,-85.34634399414062,0.000568389892578125,-211.760009765625
1750932313.0288398,-1.0,0.5,"[174.0, 185.0, 162.0, 133.0, 124.0, 124.0, 139.0, 193.0, 185.0, 174.0]",11.681967735290527,-0.5,-85.43377685546875,0.000568389892578125,-211.97665405273438
1750932313.0414822,-1.0,0.5,"[174.0, 185.0, 163.0, 133.0, 124.0, 123.0, 139.0, 193.0, 185.0, 174.0]",11.884991645812988,-0.5,-85.51608276367188,0.000568389892578125,-212.19964599609375
1750932313.0719342,-1.0,0.5,"[174.0, 185.0, 164.0, 133.0, 123.0, 122.0, 138.0, 200.0, 185.0, 174.0]",11.718856811523438,-0.5,-85.59378051757812,0.000568389892578125,-212.4207763671875
1750932313.0838006,-1.0,0.5,"[174.0, 185.0, 164.0, 132.0, 122.0, 121.0, 138.0, 207.0, 185.0, 174.0]",11.903277397155762,-0.5,-85.66598510742188,0.000568389892578125,-212.64764404296875
1750932313.1045637,-1.0,0.5,"[174.0, 185.0, 163.0, 132.0, 121.0, 120.0, 138.0, 227.0, 185.0, 174.0]",11.79703426361084,-0.5,-85.73202514648438,0.000568389892578125,-212.8741455078125
1750932313.116933,-1.0,0.5,"[174.0, 185.0, 162.0, 132.0, 119.0, 119.0, 138.0, 227.0, 185.0, 174.0]",12.021928787231445,-0.5,-85.79397583007812,0.000568389892578125,-213.1064453125
1750932313.1476803,-1.0,0.5,"[174.0, 185.0, 162.0, 132.0, 118.0, 118.0, 138.0, 227.0, 185.0, 174.0]",12.050582885742188,-0.5,-85.85076904296875,0.000568389892578125,-213.3406982421875
1750932313.1602411,-1.0,0.5,"[174.0, 185.0, 161.0, 132.0, 117.0, 117.0, 138.0, 227.0, 185.0, 174.0]",12.073579788208008,-0.5,-85.90170288085938,0.000568389892578125,-213.57672119140625
1750932313.1901932,-1.0,0.5,"[174.0, 185.0, 161.0, 131.0, 116.0, 117.0, 138.0, 227.0, 185.0, 174.0]",12.088163375854492,-0.5,-85.94699096679688,0.000568389892578125,-213.814208984375
1750932313.2032547,-1.0,0.5,"[174.0, 185.0, 161.0, 130.0, 115.0, 116.0, 138.0, 227.0, 185.0, 174.0]",12.11594009399414,-0.5,-85.98675537109375,0.000568389892578125,-214.05325317382812
1750932313.2243905,-1.0,0.5,"[174.0, 185.0, 160.0, 128.0, 114.0, 115.0, 138.0, 227.0, 185.0, 174.0]",12.159714698791504,-0.5,-86.02053833007812,0.000568389892578125,-214.29409790039062
1750932313.23675,-1.0,0.5,"[174.0, 185.0, 159.0, 126.0, 112.0, 114.0, 138.0, 227.0, 185.0, 174.0]",12.230599403381348,-0.5,-86.04861450195312,0.000568389892578125,-214.537109375
1750932313.2650197,-1.0,0.5,"[174.0, 185.0, 159.0, 124.0, 111.0, 114.0, 138.0, 227.0, 185.0, 174.0]",12.178644180297852,-0.5,-86.07040405273438,0.000568389892578125,-214.77969360351562
1750932313.2767293,-1.0,0.5,"[174.0, 185.0, 159.0, 123.0, 110.0, 113.0, 138.0, 220.0, 185.0, 174.0]",12.149538040161133,-0.5,-86.08596801757812,0.000568389892578125,-215.02218627929688
1750932313.304897,-1.0,0.5,"[174.0, 185.0, 158.0, 121.0, 109.0, 113.0, 139.0, 218.0, 185.0, 174.0]",12.151195526123047,-0.5,-86.09561157226562,0.000568389892578125,-215.2650146484375
1750932313.3167186,-1.0,0.5,"[174.0, 185.0, 155.0, 119.0, 107.0, 113.0, 139.0, 217.0, 185.0, 174.0]",12.32697868347168,-0.5,-86.10012817382812,0.000568389892578125,-215.51153564453125
1750932313.3453188,-1.0,0.5,"[174.0, 185.0, 151.0, 117.0, 106.0, 113.0, 139.0, 215.0, 185.0, 174.0]",12.327156066894531,-0.5,-86.09722900390625,0.000568389892578125,-215.758056640625
1750932313.356881,-1.0,0.5,"[174.0, 185.0, 148.0, 115.0, 105.0, 113.0, 145.0, 214.0, 185.0, 174.0]",12.483477592468262,-0.5,-86.08908081054688,0.000568389892578125,-216.007568359375
1750932313.385429,-1.0,0.5,"[174.0, 185.0, 144.0, 113.0, 104.0, 112.0, 155.0, 214.0, 185.0, 174.0]",12.302227973937988,-0.5,-86.07376098632812,0.000568389892578125,-216.253173828125
1750932313.3974426,-1.0,0.5,"[174.0, 185.0, 141.0, 111.0, 104.0, 112.0, 171.0, 212.0, 185.0, 174.0]",12.495849609375,-0.5,-86.05352783203125,0.000568389892578125,-216.50225830078125
1750932313.4248886,-1.0,0.5,"[174.0, 185.0, 137.0, 109.0, 103.0, 113.0, 173.0, 211.0, 185.0, 174.0]",12.563055992126465,-0.5,-86.02609252929688,0.000568389892578125,-216.75201416015625
1750932313.4358516,-1.0,0.5,"[174.0, 185.0, 134.0, 107.0, 103.0, 113.0, 173.0, 209.0, 185.0, 174.0]",12.553332328796387,-0.5,-85.99221801757812,0.000568389892578125,-217.00079345703125
1750932313.463087,-1.0,0.5,"[174.0, 185.0, 131.0, 106.0, 103.0, 113.0, 173.0, 209.0, 185.0, 174.0]",12.47164535522461,-0.5,-85.95217895507812,0.000568389892578125,-217.24697875976562
1750932313.4901292,-1.0,0.5,"[174.0, 185.0, 128.0, 106.0, 103.0, 114.0, 173.0, 206.0, 185.0, 174.0]",12.439140319824219,-0.5,-85.90594482421875,0.000568389892578125,-217.49142456054688
1750932313.5014935,-1.0,0.5,"[174.0, 185.0, 123.0, 104.0, 103.0, 114.0, 173.0, 205.0, 185.0, 174.0]",12.626124382019043,-0.5,-85.85348510742188,0.000568389892578125,-217.73843383789062
1750932313.5281987,-1.0,0.5,"[174.0, 184.0, 121.0, 104.0, 103.0, 115.0, 173.0, 203.0, 185.0, 174.0]",12.554926872253418,-0.5,-85.7952880859375,0.000568389892578125,-217.98269653320312
1750932313.5393813,-1.0,0.5,"[174.0, 176.0, 120.0, 104.0, 103.0, 115.0, 173.0, 201.0, 185.0, 174.0]",12.527987480163574,-0.5,-85.73016357421875,0.000568389892578125,-218.22463989257812
1750932313.5669632,-1.0,0.5,"[174.0, 170.0, 119.0, 104.0, 103.0, 122.0, 166.0, 200.0, 185.0, 174.0]",12.670625686645508,-0.5,-85.65817260742188,0.000568389892578125,-218.46762084960938
1750932313.5779867,-1.0,0.5,"[174.0, 161.0, 119.0, 103.0, 104.0, 131.0, 164.0, 198.0, 185.0, 174.0]",12.89029598236084,-0.5,-85.57943725585938,0.000568389892578125,-218.71310424804688
1750932313.6067126,-1.0,0.5,"[174.0, 158.0, 117.0, 103.0, 104.0, 151.0, 162.0, 197.0, 185.0, 174.0]",12.731534957885742,-0.5,-85.4945068359375,0.000568389892578125,-218.95315551757812
1750932313.6184072,-1.0,0.5,"[174.0, 155.0, 117.0, 104.0, 105.0, 151.0, 162.0, 195.0, 185.0, 174.0]",12.859045028686523,-0.5,-85.40341186523438,0.000568389892578125,-219.19366455078125
1750932313.6467392,-1.0,0.5,"[174.0, 155.0, 117.0, 104.0, 106.0, 152.0, 161.0, 193.0, 185.0, 174.0]",12.722616195678711,-0.5,-85.30575561523438,0.000568389892578125,-219.42864990234375
1750932313.658409,-1.0,0.5,"[174.0, 153.0, 117.0, 104.0, 107.0, 152.0, 160.0, 192.0, 185.0, 174.0]",12.937943458557129,-0.5,-85.201904296875,0.000568389892578125,-219.6656494140625
1750932313.6853948,-1.0,0.5,"[174.0, 153.0, 117.0, 106.0, 111.0, 152.0, 159.0, 189.0, 185.0, 174.0]",12.816797256469727,-0.5,-85.09210205078125,0.000568389892578125,-219.89727783203125
1750932313.6975958,-1.0,0.5,"[174.0, 153.0, 117.0, 106.0, 117.0, 152.0, 158.0, 187.0, 185.0, 174.0]",12.96738338470459,-0.5,-84.975830078125,0.000568389892578125,-220.12908935546875
1750932313.7269897,-1.0,0.5,"[174.0, 153.0, 119.0, 107.0, 123.0, 152.0, 156.0, 186.0, 185.0, 174.0]",13.011966705322266,-0.5,-84.85137939453125,0.000568389892578125,-220.35760498046875
1750932313.739306,-1.0,0.5,"[174.0, 153.0, 119.0, 108.0, 129.0, 152.0, 155.0, 184.0, 185.0, 174.0]",12.985461235046387,-0.5,-84.72311401367188,0.000568389892578125,-220.58343505859375
1750932313.7722056,-1.0,0.5,"[174.0, 153.0, 120.0, 111.0, 150.0, 152.0, 154.0, 181.0, 185.0, 174.0]",13.010455131530762,-0.5,-84.58709716796875,0.000568389892578125,-220.8052978515625
1750932313.7849503,-1.0,0.5,"[174.0, 153.0, 121.0, 116.0, 150.0, 145.0, 152.0, 179.0, 185.0, 174.0]",13.087532997131348,-0.5,-84.44583129882812,0.000568389892578125,-221.025634765625
1750932313.7986603,-1.0,0.5,"[174.0, 155.0, 122.0, 122.0, 150.0, 143.0, 151.0, 178.0, 185.0, 174.0]",13.116265296936035,-0.5,-84.29714965820312,0.000568389892578125,-221.24176025390625
1750932313.8321853,-1.0,0.5,"[174.0, 155.0, 124.0, 127.0, 151.0, 142.0, 149.0, 176.0, 185.0, 174.0]",13.203261375427246,-0.5,-84.14279174804688,0.000568389892578125,-221.45602416992188
1750932313.8462703,-1.0,0.5,"[174.0, 158.0, 129.0, 132.0, 151.0, 141.0, 147.0, 173.0, 185.0, 174.0]",13.083414077758789,-0.5,-83.98321533203125,0.000568389892578125,-221.66339111328125
1750932313.861252,0.0,0.5,"[174.0, 160.0, 134.0, 137.0, 151.0, 140.0, 146.0, 172.0, 185.0, 174.0]",13.198820114135742,-0.5,-83.81802368164062,0.000568389892578125,-221.86929321289062
1750932313.8983443,0.0,0.5,"[174.0, 160.0, 138.0, 139.0, 151.0, 139.0, 145.0, 170.0, 185.0, 174.0]",13.114068984985352,0.0,-83.66574096679688,0.000568389892578125,-222.08282470703125
1750932313.9128995,0.0,0.5,"[174.0, 158.0, 139.0, 140.0, 151.0, 139.0, 144.0, 169.0, 185.0, 174.0]",13.218047142028809,0.0,-83.52548217773438,0.000568389892578125,-222.30694580078125
1750932313.9280288,0.0,0.5,"[174.0, 157.0, 140.0, 165.0, 151.0, 138.0, 144.0, 169.0, 185.0, 174.0]",13.038506507873535,0.0,-83.38894653320312,0.000568389892578125,-222.52911376953125
1750932313.9426103,0.0,0.5,"[174.0, 159.0, 141.0, 164.0, 151.0, 138.0, 144.0, 168.0, 185.0, 174.0]",13.238712310791016,0.0,-83.25039672851562,0.000568389892578125,-222.75469970703125
1750932313.9797165,0.0,0.5,"[174.0, 161.0, 142.0, 164.0, 151.0, 138.0, 143.0, 167.0, 185.0, 174.0]",13.382246971130371,0.0,-83.11056518554688,0.000568389892578125,-222.98294067382812
1750932313.9939625,0.0,0.5,"[174.0, 161.0, 142.0, 164.0, 151.0, 138.0, 143.0, 167.0, 185.0, 174.0]",13.244184494018555,0.0,-82.97198486328125,0.000568389892578125,-223.20867919921875
1750932314.0090947,0.0,0.5,"[174.0, 163.0, 143.0, 164.0, 151.0, 137.0, 143.0, 166.0, 185.0, 174.0]",13.403887748718262,0.0,-82.8319091796875,0.000568389892578125,-223.437255859375
1750932314.023963,0.0,0.5,"[174.0, 164.0, 143.0, 164.0, 151.0, 137.0, 142.0, 165.0, 185.0, 174.0]",13.203115463256836,0.0,-82.69375610351562,0.000568389892578125,-223.66229248046875
1750932314.0493689,0.0,0.5,"[174.0, 165.0, 144.0, 164.0, 151.0, 137.0, 141.0, 165.0, 185.0, 174.0]",13.587553024291992,0.0,-82.55178833007812,0.000568389892578125,-223.89401245117188
1750932314.0641088,0.0,0.5,"[174.0, 167.0, 145.0, 164.0, 150.0, 136.0, 141.0, 164.0, 185.0, 174.0]",13.433143615722656,0.0,-82.41156005859375,0.000568389892578125,-224.1231689453125
1750932314.0899057,0.0,0.5,"[174.0, 167.0, 145.0, 164.0, 150.0, 136.0, 141.0, 164.0, 185.0, 174.0]",13.610798835754395,0.0,-82.269287109375,0.000568389892578125,-224.355224609375
1750932314.1048222,0.0,0.5,"[174.0, 170.0, 147.0, 164.0, 150.0, 135.0, 140.0, 162.0, 185.0, 174.0]",13.532516479492188,0.0,-82.12796020507812,0.000568389892578125,-224.5860595703125
1750932314.1190863,0.0,0.5,"[174.0, 170.0, 147.0, 164.0, 150.0, 135.0, 140.0, 162.0, 185.0, 174.0]",13.529923439025879,0.0,-81.98617553710938,0.000568389892578125,-224.8165283203125
1750932314.155996,0.0,0.5,"[174.0, 171.0, 148.0, 164.0, 150.0, 135.0, 140.0, 162.0, 185.0, 174.0]",13.850153923034668,0.0,-81.84146118164062,0.000568389892578125,-225.052734375
1750932314.1711109,0.0,0.5,"[174.0, 173.0, 149.0, 164.0, 150.0, 134.0, 139.0, 161.0, 185.0, 174.0]",13.413613319396973,0.0,-81.70126342773438,0.000568389892578125,-225.28143310546875
1750932314.1859558,0.0,0.5,"[174.0, 174.0, 150.0, 164.0, 150.0, 134.0, 139.0, 160.0, 185.0, 174.0]",13.764668464660645,0.0,-81.55728149414062,0.000568389892578125,-225.51611328125
1750932314.200886,0.0,0.5,"[174.0, 176.0, 155.0, 164.0, 150.0, 134.0, 138.0, 159.0, 185.0, 174.0]",13.837079048156738,0.0,-81.41250610351562,0.000568389892578125,-225.751953125
1750932314.236657,0.0,0.5,"[174.0, 177.0, 162.0, 164.0, 150.0, 133.0, 138.0, 159.0, 185.0, 174.0]",13.917402267456055,0.0,-81.26736450195312,0.000568389892578125,-225.98944091796875
1750932314.2511501,-1.0,0.5,"[174.0, 178.0, 166.0, 164.0, 150.0, 133.0, 138.0, 158.0, 185.0, 174.0]",13.838428497314453,0.0,-81.12261962890625,0.000568389892578125,-226.225341796875
1750932314.2661262,-1.0,0.5,"[174.0, 182.0, 173.0, 164.0, 150.0, 131.0, 136.0, 156.0, 185.0, 174.0]",13.5444974899292,-0.5,-80.96920776367188,0.000568389892578125,-226.4486083984375
1750932314.2804928,-1.0,0.5,"[174.0, 185.0, 184.0, 164.0, 150.0, 129.0, 134.0, 154.0, 185.0, 174.0]",13.584355354309082,-0.5,-80.79962158203125,0.000568389892578125,-226.660888671875
1750932314.3184452,0.0,0.5,"[174.0, 185.0, 190.0, 165.0, 150.0, 128.0, 132.0, 151.0, 185.0, 174.0]",13.310386657714844,-0.5,-80.62139892578125,0.000568389892578125,-226.858642578125
1750932314.3341374,0.0,0.5,"[174.0, 185.0, 195.0, 166.0, 150.0, 126.0, 130.0, 149.0, 185.0, 174.0]",13.345237731933594,0.0,-80.45233154296875,0.000568389892578125,-227.06512451171875
1750932314.349209,0.0,0.5,"[174.0, 185.0, 197.0, 165.0, 150.0, 126.0, 130.0, 147.0, 185.0, 174.0]",13.524306297302246,0.0,-80.29327392578125,0.000568389892578125,-227.283935546875
1750932314.3641577,0.0,0.5,"[174.0, 185.0, 198.0, 164.0, 149.0, 125.0, 129.0, 147.0, 185.0, 174.0]",13.333456993103027,0.0,-80.13827514648438,0.000568389892578125,-227.50091552734375
1750932314.3909822,0.0,0.5,"[174.0, 185.0, 200.0, 164.0, 149.0, 124.0, 128.0, 145.0, 185.0, 174.0]",13.548251152038574,0.0,-79.98129272460938,0.000568389892578125,-227.72177124023438
1750932314.406194,0.0,0.5,"[174.0, 185.0, 200.0, 164.0, 149.0, 124.0, 128.0, 144.0, 185.0, 174.0]",13.508540153503418,0.0,-79.82461547851562,0.000568389892578125,-227.94189453125
1750932314.4209447,0.0,0.5,"[174.0, 185.0, 201.0, 164.0, 149.0, 123.0, 126.0, 143.0, 185.0, 174.0]",13.506913185119629,0.0,-79.66812133789062,0.000568389892578125,-228.16204833984375
1750932314.4589744,1.0,0.5,"[174.0, 185.0, 203.0, 164.0, 135.0, 122.0, 126.0, 142.0, 185.0, 174.0]",13.750078201293945,0.0,-79.50888061523438,0.000568389892578125,-228.38629150390625
1750932314.4741719,1.0,0.5,"[174.0, 185.0, 202.0, 164.0, 149.0, 122.0, 126.0, 141.0, 185.0, 174.0]",13.49526309967041,0.5,-79.3653564453125,0.000568389892578125,-228.6148681640625
1750932314.4889395,1.0,0.5,"[174.0, 185.0, 200.0, 163.0, 149.0, 122.0, 126.0, 142.0, 185.0, 174.0]",13.295015335083008,0.5,-79.23818969726562,0.000568389892578125,-228.848388671875
1750932314.5034223,1.0,0.5,"[174.0, 185.0, 197.0, 163.0, 148.0, 123.0, 126.0, 144.0, 185.0, 174.0]",13.179849624633789,0.5,-79.1278076171875,0.000568389892578125,-229.0877685546875
1750932314.5281954,1.0,0.5,"[174.0, 185.0, 193.0, 162.0, 148.0, 123.0, 126.0, 145.0, 185.0, 174.0]",13.169730186462402,0.5,-79.02520751953125,0.0005702972412109375,-229.330322265625
1750932314.5416024,1.0,0.5,"[174.0, 185.0, 190.0, 162.0, 148.0, 124.0, 128.0, 147.0, 185.0, 174.0]",13.166767120361328,0.5,-78.93115234375,0.0005702972412109375,-229.5762939453125
1750932314.5746357,1.0,0.5,"[174.0, 185.0, 187.0, 161.0, 147.0, 126.0, 129.0, 148.0, 185.0, 174.0]",13.370603561401367,0.5,-78.84100341796875,0.0005702972412109375,-229.82806396484375
1750932314.588095,1.0,0.5,"[174.0, 185.0, 184.0, 161.0, 147.0, 127.0, 129.0, 150.0, 185.0, 174.0]",13.225826263427734,0.5,-78.7593994140625,0.0005702972412109375,-230.0797119140625
1750932314.600679,1.0,0.5,"[174.0, 185.0, 181.0, 160.0, 147.0, 128.0, 130.0, 150.0, 185.0, 174.0]",13.302898406982422,0.5,-78.68310546875,0.0005702972412109375,-230.3345947265625
1750932314.6305718,1.0,0.5,"[174.0, 185.0, 178.0, 159.0, 146.0, 148.0, 131.0, 151.0, 185.0, 174.0]",13.246471405029297,0.5,-78.61605834960938,0.0005702972412109375,-230.59088134765625
1750932314.6414993,1.0,0.5,"[174.0, 185.0, 175.0, 157.0, 145.0, 148.0, 132.0, 153.0, 185.0, 174.0]",13.416016578674316,0.5,-78.5537109375,0.0005702972412109375,-230.85186767578125
1750932314.6658936,1.0,0.5,"[174.0, 185.0, 172.0, 155.0, 145.0, 148.0, 133.0, 153.0, 185.0, 174.0]",13.448888778686523,0.5,-78.49813842773438,0.0005702972412109375,-231.11505126953125
1750932314.676894,1.0,0.5,"[174.0, 185.0, 168.0, 154.0, 144.0, 147.0, 136.0, 155.0, 185.0, 174.0]",13.547466278076172,0.5,-78.44989013671875,0.0005702972412109375,-231.38165283203125
1750932314.7020113,1.0,0.5,"[174.0, 185.0, 164.0, 153.0, 143.0, 147.0, 137.0, 156.0, 185.0, 174.0]",13.27267837524414,0.5,-78.40914916992188,0.0005702972412109375,-231.64398193359375
1750932314.7300508,1.0,0.5,"[174.0, 185.0, 161.0, 152.0, 143.0, 146.0, 138.0, 158.0, 185.0, 174.0]",13.371251106262207,0.5,-78.37606811523438,0.0005702972412109375,-231.90933227539062
1750932314.7409992,1.0,0.5,"[174.0, 185.0, 158.0, 149.0, 142.0, 146.0, 167.0, 159.0, 185.0, 174.0]",13.623841285705566,0.5,-78.34970092773438,0.0005702972412109375,-232.1805419921875
1750932314.7682571,1.0,0.5,"[174.0, 182.0, 155.0, 146.0, 141.0, 146.0, 167.0, 161.0, 185.0, 174.0]",13.417574882507324,0.5,-78.330078125,0.0005702972412109375,-232.44818115234375
1750932314.7797005,1.0,0.5,"[174.0, 176.0, 150.0, 143.0, 141.0, 145.0, 166.0, 162.0, 185.0, 174.0]",13.581822395324707,0.5,-78.31829833984375,0.0005702972412109375,-232.71954345703125
1750932314.807544,1.0,0.5,"[174.0, 171.0, 147.0, 140.0, 139.0, 144.0, 166.0, 166.0, 185.0, 174.0]",13.664804458618164,0.5,-78.3143310546875,0.0005702972412109375,-232.9927978515625
1750932314.819578,1.0,0.5,"[174.0, 166.0, 142.0, 136.0, 138.0, 143.0, 164.0, 168.0, 185.0, 174.0]",13.702083587646484,0.5,-78.31704711914062,0.0005702972412109375,-233.266845703125
1750932314.8473072,0.0,0.5,"[174.0, 161.0, 138.0, 133.0, 136.0, 142.0, 164.0, 223.0, 185.0, 174.0]",13.73073673248291,0.5,-78.328125,0.0005702972412109375,-233.54122924804688
1750932314.8590019,0.0,0.5,"[174.0, 158.0, 136.0, 131.0, 136.0, 142.0, 163.0, 221.0, 185.0, 174.0]",13.693163871765137,0.0,-78.32330322265625,0.000568389892578125,-233.8150634765625
1750932314.8862655,0.0,0.5,"[174.0, 159.0, 136.0, 131.0, 135.0, 141.0, 163.0, 221.0, 185.0, 174.0]",13.621376991271973,0.0,-78.30471801757812,0.000568389892578125,-234.08685302734375
1750932314.8977356,0.0,0.5,"[174.0, 159.0, 134.0, 130.0, 135.0, 141.0, 163.0, 221.0, 185.0, 174.0]",13.599763870239258,0.0,-78.2818603515625,0.000568389892578125,-234.35784912109375
1750932314.9242113,0.0,0.5,"[174.0, 160.0, 134.0, 130.0, 134.0, 141.0, 163.0, 221.0, 185.0, 174.0]",13.713335990905762,0.0,-78.25881958007812,0.000568389892578125,-234.63116455078125
1750932314.9433076,0.0,0.5,"[174.0, 160.0, 134.0, 130.0, 134.0, 140.0, 163.0, 220.0, 185.0, 174.0]",13.719047546386719,0.0,-78.23538208007812,0.000568389892578125,-234.904541015625
1750932314.9628541,0.0,0.5,"[174.0, 159.0, 134.0, 130.0, 133.0, 140.0, 162.0, 220.0, 185.0, 174.0]",13.849076271057129,0.0,-78.21182250976562,0.000568389892578125,-235.18051147460938
1750932314.990227,0.0,0.5,"[174.0, 160.0, 134.0, 130.0, 133.0, 140.0, 162.0, 220.0, 185.0, 174.0]",13.876107215881348,0.0,-78.18853759765625,0.000568389892578125,-235.45706176757812
1750932315.0019536,0.0,0.5,"[174.0, 159.0, 134.0, 130.0, 131.0, 139.0, 162.0, 220.0, 185.0, 174.0]",13.898443222045898,0.0,-78.16461181640625,0.0005702972412109375,-235.7340087890625
1750932315.0293489,0.0,0.5,"[174.0, 159.0, 134.0, 130.0, 131.0, 139.0, 161.0, 218.0, 185.0, 174.0]",14.046796798706055,0.0,-78.14077758789062,0.0005702972412109375,-236.013916015625
1750932315.040503,0.0,0.5,"[174.0, 158.0, 134.0, 129.0, 130.0, 138.0, 161.0, 218.0, 185.0, 174.0]",13.855165481567383,0.0,-78.1170654296875,0.0005702972412109375,-236.29000854492188
1750932315.0677857,0.0,0.5,"[174.0, 158.0, 134.0, 129.0, 130.0, 138.0, 161.0, 218.0, 185.0, 174.0]",14.074237823486328,0.0,-78.09335327148438,0.0005702972412109375,-236.57049560546875
1750932315.0796607,0.0,0.5,"[174.0, 158.0, 134.0, 129.0, 130.0, 138.0, 161.0, 217.0, 185.0, 174.0]",14.197117805480957,0.0,-78.0693359375,0.0005702972412109375,-236.85342407226562
1750932315.105598,-1.0,0.5,"[174.0, 157.0, 133.0, 129.0, 129.0, 137.0, 160.0, 217.0, 185.0, 174.0]",14.03857707977295,0.0,-78.04544067382812,0.0005702972412109375,-237.1331787109375
1750932315.116442,-1.0,0.5,"[174.0, 160.0, 134.0, 131.0, 129.0, 137.0, 160.0, 217.0, 185.0, 174.0]",13.92755126953125,-0.5,-78.00631713867188,0.0005702972412109375,-237.40896606445312
1750932315.1436741,-1.0,0.5,"[174.0, 164.0, 138.0, 133.0, 130.0, 137.0, 160.0, 217.0, 185.0, 174.0]",13.680766105651855,-0.5,-77.9490966796875,0.0005702972412109375,-237.676513671875
1750932315.1629586,-1.0,0.5,"[174.0, 170.0, 142.0, 134.0, 130.0, 137.0, 160.0, 218.0, 185.0, 174.0]",13.568449020385742,-0.5,-77.87713623046875,0.0005702972412109375,-237.93817138671875
1750932315.1898298,0.0,0.5,"[174.0, 176.0, 147.0, 136.0, 131.0, 138.0, 160.0, 218.0, 185.0, 174.0]",13.603772163391113,-0.5,-77.7938232421875,0.0005702972412109375,-238.19717407226562
1750932315.2008355,0.0,0.5,"[174.0, 179.0, 149.0, 136.0, 131.0, 137.0, 160.0, 218.0, 185.0, 174.0]",13.754104614257812,0.0,-77.72567749023438,0.0005702972412109375,-238.46368408203125
1750932315.2273982,0.0,0.5,"[174.0, 180.0, 150.0, 135.0, 130.0, 137.0, 160.0, 218.0, 185.0, 174.0]",13.532596588134766,0.0,-77.67242431640625,0.0005702972412109375,-238.72906494140625
1750932315.2388148,0.0,0.5,"[174.0, 180.0, 150.0, 134.0, 130.0, 137.0, 159.0, 217.0, 185.0, 174.0]",13.631630897521973,0.0,-77.62213134765625,0.0005702972412109375,-238.99700927734375
1750932315.265562,0.0,0.5,"[174.0, 182.0, 150.0, 134.0, 129.0, 136.0, 159.0, 217.0, 185.0, 174.0]",13.630992889404297,0.0,-77.57241821289062,0.0005702972412109375,-239.26504516601562
1750932315.277127,0.0,0.5,"[174.0, 182.0, 150.0, 133.0, 129.0, 136.0, 159.0, 217.0, 185.0, 174.0]",13.842944145202637,0.0,-77.5213623046875,0.0005702972412109375,-239.53717041015625
1750932315.303769,0.0,0.5,"[174.0, 182.0, 151.0, 132.0, 128.0, 135.0, 158.0, 215.0, 185.0, 174.0]",13.845060348510742,0.0,-77.470458984375,0.0005702972412109375,-239.809326171875
1750932315.322508,0.0,0.5,"[174.0, 182.0, 151.0, 132.0, 127.0, 134.0, 158.0, 215.0, 185.0, 174.0]",13.827499389648438,0.0,-77.419677734375,0.0005702972412109375,-240.0811767578125
1750932315.3491776,-1.0,0.5,"[174.0, 183.0, 151.0, 131.0, 127.0, 134.0, 156.0, 215.0, 185.0, 174.0]",13.851078033447266,0.0,-77.36892700195312,0.0005702972412109375,-240.353515625
1750932315.3597927,-1.0,0.5,"[174.0, 185.0, 151.0, 131.0, 126.0, 134.0, 156.0, 215.0, 185.0, 174.0]",13.773643493652344,-0.5,-77.30166625976562,0.0005702972412109375,-240.62066650390625
1750932315.3852792,-1.0,0.5,"[174.0, 185.0, 151.0, 132.0, 126.0, 134.0, 156.0, 215.0, 185.0, 174.0]",13.256791114807129,-0.5,-77.2156982421875,0.0005702972412109375,-240.8714599609375
1750932315.3958297,-1.0,0.5,"[174.0, 185.0, 153.0, 133.0, 126.0, 134.0, 156.0, 217.0, 185.0, 174.0]",13.494967460632324,-0.5,-77.11407470703125,0.0005702972412109375,-241.12152099609375
1750932315.4255548,0.0,0.5,"[174.0, 185.0, 155.0, 134.0, 126.0, 135.0, 156.0, 217.0, 185.0, 174.0]",13.361946105957031,-0.5,-77.007568359375,0.0005702972412109375,-241.36660766601562
1750932315.4361165,0.0,0.5,"[174.0, 185.0, 155.0, 134.0, 126.0, 135.0, 156.0, 217.0, 185.0, 174.0]",13.368749618530273,0.0,-76.9146728515625,0.0005702972412109375,-241.6173095703125
1750932315.4661405,0.0,0.5,"[174.0, 185.0, 154.0, 134.0, 126.0, 134.0, 156.0, 217.0, 185.0, 174.0]",13.537359237670898,0.0,-76.83316040039062,0.0005702972412109375,-241.87548828125
1750932315.4763556,0.0,0.5,"[174.0, 185.0, 153.0, 133.0, 125.0, 134.0, 155.0, 215.0, 185.0, 174.0]",13.340675354003906,0.0,-76.75692749023438,0.0005702972412109375,-242.13119506835938
1750932315.49988,0.0,0.5,"[174.0, 185.0, 151.0, 132.0, 124.0, 133.0, 155.0, 215.0, 185.0, 174.0]",13.5455961227417,0.0,-76.67971801757812,0.0005702972412109375,-242.390869140625
1750932315.523615,-1.0,0.5,"[174.0, 185.0, 151.0, 131.0, 124.0, 131.0, 155.0, 215.0, 185.0, 174.0]",13.722002983093262,0.0,-76.60183715820312,0.0005702972412109375,-242.654052734375
1750932315.5405388,-1.0,0.5,"[174.0, 185.0, 151.0, 131.0, 123.0, 131.0, 154.0, 215.0, 185.0, 174.0]",13.305859565734863,-0.5,-76.50961303710938,0.0005702972412109375,-242.9036865234375
1750932315.5646079,-1.0,0.5,"[174.0, 185.0, 151.0, 131.0, 123.0, 133.0, 154.0, 215.0, 185.0, 174.0]",13.253759384155273,-0.5,-76.40127563476562,0.0005702972412109375,-243.14556884765625
1750932315.5741355,-1.0,0.5,"[174.0, 185.0, 153.0, 130.0, 123.0, 133.0, 154.0, 217.0, 185.0, 174.0]",12.98511028289795,-0.5,-76.28176879882812,0.0005702972412109375,-243.37615966796875
1750932315.6038675,-1.0,0.5,"[174.0, 185.0, 155.0, 131.0, 124.0, 133.0, 155.0, 217.0, 185.0, 174.0]",13.14072322845459,-0.5,-76.1524658203125,0.0005702972412109375,-243.60498046875
1750932315.620907,-1.0,0.5,"[174.0, 185.0, 158.0, 131.0, 124.0, 133.0, 155.0, 218.0, 185.0, 174.0]",13.169966697692871,-0.5,-76.01638793945312,0.0005702972412109375,-243.83050537109375
1750932315.647705,-1.0,0.5,"[174.0, 185.0, 158.0, 131.0, 125.0, 133.0, 155.0, 220.0, 185.0, 174.0]",13.190735816955566,-0.5,-75.87503051757812,0.0005702972412109375,-244.05325317382812
1750932315.6594136,-1.0,0.5,"[174.0, 185.0, 156.0, 131.0, 125.0, 133.0, 155.0, 221.0, 185.0, 174.0]",13.191997528076172,-0.5,-75.72686767578125,0.0005702972412109375,-244.27154541015625
1750932315.6895347,-1.0,0.5,"[174.0, 185.0, 156.0, 131.0, 126.0, 133.0, 156.0, 223.0, 185.0, 174.0]",13.171969413757324,-0.5,-75.57388305664062,0.0005702972412109375,-244.48602294921875
1750932315.7023144,-1.0,0.5,"[174.0, 185.0, 156.0, 132.0, 127.0, 133.0, 156.0, 225.0, 185.0, 174.0]",13.502169609069824,-0.5,-75.41061401367188,0.0005702972412109375,-244.70111083984375
1750932315.7330863,-1.0,0.5,"[174.0, 185.0, 158.0, 132.0, 127.0, 133.0, 158.0, 226.0, 185.0, 174.0]",13.155186653137207,-0.5,-75.246337890625,0.0005702972412109375,-244.9066162109375
1750932315.746418,-1.0,0.5,"[174.0, 185.0, 158.0, 133.0, 128.0, 133.0, 158.0, 227.0, 185.0, 174.0]",13.443954467773438,-0.5,-75.07272338867188,0.0005702972412109375,-245.1119384765625
1750932315.7597258,-1.0,0.5,"[174.0, 185.0, 158.0, 133.0, 128.0, 134.0, 159.0, 227.0, 185.0, 174.0]",13.33860969543457,-0.5,-74.89511108398438,0.0005702972412109375,-245.31097412109375
1750932315.7905462,-1.0,0.5,"[174.0, 185.0, 158.0, 134.0, 128.0, 134.0, 160.0, 227.0, 185.0, 174.0]",13.388307571411133,-0.5,-74.71139526367188,0.00057220458984375,-245.50579833984375
1750932315.8040066,-1.0,0.5,"[174.0, 185.0, 159.0, 136.0, 128.0, 134.0, 160.0, 227.0, 185.0, 174.0]",13.406826972961426,-0.5,-74.52206420898438,0.00057220458984375,-245.6956787109375
1750932315.8281593,0.0,0.5,"[174.0, 185.0, 159.0, 137.0, 128.0, 135.0, 161.0, 227.0, 185.0, 174.0]",13.386835098266602,-0.5,-74.32809448242188,0.0005702972412109375,-245.88018798828125
1750932315.841938,0.0,0.5,"[174.0, 185.0, 159.0, 137.0, 127.0, 134.0, 161.0, 227.0, 185.0, 174.0]",13.31767463684082,0.0,-74.14480590820312,0.0005702972412109375,-246.07342529296875
1750932315.875159,0.0,0.5,"[174.0, 185.0, 159.0, 136.0, 127.0, 134.0, 161.0, 227.0, 185.0, 174.0]",13.563082695007324,0.0,-73.97076416015625,0.0005702972412109375,-246.28152465820312
1750932315.8891485,0.0,0.5,"[174.0, 185.0, 158.0, 136.0, 126.0, 133.0, 160.0, 227.0, 185.0, 174.0]",13.452423095703125,0.0,-73.80044555664062,0.0005702972412109375,-246.48980712890625
1750932315.9027267,0.0,0.5,"[174.0, 185.0, 156.0, 134.0, 125.0, 133.0, 160.0, 227.0, 185.0, 174.0]",13.619505882263184,0.0,-73.62820434570312,0.0005702972412109375,-246.7008056640625
1750932315.9363136,0.0,0.5,"[174.0, 185.0, 156.0, 134.0, 125.0, 131.0, 159.0, 227.0, 185.0, 174.0]",13.452651023864746,0.0,-73.458251953125,0.0005702972412109375,-246.90936279296875
1750932315.9494011,0.0,0.5,"[174.0, 185.0, 155.0, 133.0, 124.0, 130.0, 159.0, 227.0, 185.0, 174.0]",13.619479179382324,0.0,-73.28591918945312,0.0005702972412109375,-247.12030029296875
1750932315.9625611,0.0,0.5,"[174.0, 185.0, 154.0, 132.0, 123.0, 130.0, 158.0, 227.0, 185.0, 174.0]",13.65609073638916,0.0,-73.11328125,0.0005702972412109375,-247.33197021484375
1750932315.9963856,-1.0,0.5,"[174.0, 185.0, 153.0, 131.0, 122.0, 129.0, 158.0, 227.0, 185.0, 174.0]",13.560043334960938,0.0,-72.9420166015625,0.0005702972412109375,-247.542236328125
1750932316.0105362,-1.0,0.5,"[174.0, 185.0, 153.0, 130.0, 122.0, 129.0, 158.0, 227.0, 185.0, 174.0]",13.585501670837402,-0.5,-72.75772094726562,0.0005702972412109375,-247.74188232421875
1750932316.0238373,-1.0,0.5,"[174.0, 185.0, 153.0, 130.0, 121.0, 129.0, 158.0, 227.0, 185.0, 174.0]",13.296943664550781,-0.5,-72.56350708007812,0.0005702972412109375,-247.923583984375
1750932316.0483212,-1.0,0.5,"[174.0, 185.0, 155.0, 130.0, 121.0, 129.0, 159.0, 227.0, 185.0, 174.0]",13.175210952758789,-0.5,-72.36221313476562,0.0005702972412109375,-248.0936279296875
1750932316.0622811,-1.0,0.5,"[174.0, 185.0, 155.0, 129.0, 122.0, 130.0, 160.0, 227.0, 185.0, 174.0]",13.33755111694336,-0.5,-72.15164184570312,0.0005702972412109375,-248.25738525390625
1750932316.0967407,-1.0,0.5,"[174.0, 185.0, 156.0, 129.0, 122.0, 130.0, 161.0, 227.0, 185.0, 174.0]",13.390442848205566,-0.5,-71.935546875,0.0005702972412109375,-248.41555786132812
1750932316.1111777,-1.0,0.5,"[174.0, 185.0, 156.0, 129.0, 122.0, 131.0, 163.0, 227.0, 185.0, 174.0]",13.386800765991211,-0.5,-71.71585083007812,0.0005702972412109375,-248.568603515625
1750932316.1246476,-1.0,0.5,"[174.0, 185.0, 156.0, 129.0, 122.0, 131.0, 164.0, 227.0, 185.0, 174.0]",13.373838424682617,-0.5,-71.49185180664062,0.0005702972412109375,-248.71478271484375
1750932316.1383946,-1.0,0.5,"[174.0, 185.0, 155.0, 129.0, 123.0, 133.0, 167.0, 227.0, 185.0, 174.0]",13.379926681518555,-0.5,-71.26431274414062,0.0005702972412109375,-248.85562133789062
1750932316.1757045,-1.0,0.5,"[174.0, 185.0, 155.0, 129.0, 123.0, 134.0, 168.0, 227.0, 185.0, 174.0]",13.535929679870605,-0.5,-71.02978515625,0.0005702972412109375,-248.9908447265625
1750932316.1898358,-1.0,0.5,"[174.0, 185.0, 155.0, 129.0, 124.0, 135.0, 169.0, 227.0, 185.0, 174.0]",13.376633644104004,-0.5,-70.79525756835938,0.0005702972412109375,-249.11956787109375
1750932316.204479,-1.0,0.5,"[174.0, 185.0, 155.0, 130.0, 124.0, 136.0, 171.0, 227.0, 185.0, 174.0]",13.5635347366333,-0.5,-70.55319213867188,0.0005702972412109375,-249.24200439453125
1750932316.2192087,-1.0,0.5,"[174.0, 185.0, 155.0, 130.0, 125.0, 137.0, 174.0, 227.0, 185.0, 174.0]",13.48408031463623,-0.5,-70.3099365234375,0.0005702972412109375,-249.35845947265625
1750932316.257946,-1.0,0.5,"[174.0, 185.0, 155.0, 131.0, 126.0, 139.0, 176.0, 225.0, 185.0, 174.0]",13.617714881896973,-0.5,-70.06051635742188,0.0005702972412109375,-249.46780395507812
1750932316.2745082,-1.0,0.5,"[174.0, 185.0, 155.0, 131.0, 127.0, 140.0, 178.0, 223.0, 185.0, 174.0]",13.612618446350098,-0.5,-69.80868530273438,0.0005702972412109375,-249.5712890625
1750932316.2901788,-1.0,0.5,"[174.0, 185.0, 155.0, 132.0, 128.0, 141.0, 181.0, 220.0, 185.0, 174.0]",13.660260200500488,-0.5,-69.55319213867188,0.0005702972412109375,-249.66802978515625
1750932316.3061728,-1.0,0.5,"[174.0, 185.0, 156.0, 132.0, 129.0, 143.0, 183.0, 218.0, 185.0, 174.0]",13.76882553100586,-0.5,-69.29293823242188,0.0005702972412109375,-249.75799560546875
1750932316.3209817,-1.0,0.5,"[174.0, 185.0, 156.0, 133.0, 130.0, 144.0, 183.0, 215.0, 185.0, 174.0]",13.555675506591797,-0.5,-69.03445434570312,0.0005702972412109375,-249.83981323242188
1750932316.360484,-1.0,0.5,"[174.0, 185.0, 158.0, 134.0, 131.0, 146.0, 182.0, 213.0, 185.0, 174.0]",13.675558090209961,-0.5,-68.77139282226562,0.0005702972412109375,-249.9146728515625
1750932316.3762195,-1.0,0.5,"[174.0, 185.0, 158.0, 136.0, 133.0, 147.0, 181.0, 211.0, 185.0, 174.0]",13.743942260742188,-0.5,-68.505126953125,0.00057220458984375,-249.98297119140625
1750932316.3917727,-1.0,0.5,"[174.0, 185.0, 159.0, 137.0, 134.0, 149.0, 179.0, 209.0, 185.0, 174.0]",13.865632057189941,-0.5,-68.234619140625,0.00057220458984375,-250.0439453125
1750932316.4066663,-1.0,0.5,"[174.0, 185.0, 160.0, 138.0, 136.0, 151.0, 177.0, 206.0, 185.0, 174.0]",13.7247314453125,-0.5,-67.96551513671875,0.00057220458984375,-250.09814453125
1750932316.42184,-1.0,0.5,"[174.0, 185.0, 161.0, 139.0, 137.0, 152.0, 176.0, 204.0, 185.0, 174.0]",13.885539054870605,-0.5,-67.6915283203125,0.00057220458984375,-250.14352416992188
1750932316.45915,-1.0,0.5,"[174.0, 185.0, 162.0, 140.0, 138.0, 154.0, 174.0, 201.0, 185.0, 174.0]",13.77479076385498,-0.5,-67.4188232421875,0.00057220458984375,-250.1824951171875
1750932316.4740953,0.0,0.5,"[174.0, 185.0, 164.0, 141.0, 140.0, 156.0, 172.0, 200.0, 185.0, 174.0]",14.055696487426758,-0.5,-67.139404296875,0.00057220458984375,-250.21343994140625
1750932316.488973,0.0,0.5,"[174.0, 185.0, 164.0, 143.0, 141.0, 157.0, 171.0, 198.0, 185.0, 174.0]",13.831705093383789,0.0,-66.86636352539062,0.0005702972412109375,-250.25775146484375
1750932316.5041535,0.0,0.5,"[174.0, 185.0, 164.0, 143.0, 141.0, 157.0, 171.0, 198.0, 185.0, 174.0]",13.843191146850586,0.0,-66.59588623046875,0.00057220458984375,-250.31698608398438
1750932316.5301692,0.0,0.5,"[174.0, 185.0, 164.0, 141.0, 141.0, 157.0, 171.0, 198.0, 185.0, 174.0]",13.704206466674805,0.0,-66.3291015625,0.0005702972412109375,-250.37982177734375
1750932316.5450957,0.0,0.5,"[174.0, 185.0, 164.0, 141.0, 140.0, 157.0, 171.0, 200.0, 185.0, 174.0]",13.959858894348145,0.0,-66.057373046875,0.0005702972412109375,-250.44393920898438
1750932316.5600927,0.0,0.5,"[174.0, 185.0, 162.0, 141.0, 140.0, 157.0, 171.0, 200.0, 185.0, 174.0]",14.151140213012695,0.0,-65.78192138671875,0.0005702972412109375,-250.50897216796875
1750932316.598059,-1.0,0.5,"[174.0, 185.0, 162.0, 141.0, 140.0, 157.0, 171.0, 200.0, 185.0, 174.0]",13.964999198913574,0.0,-65.51019287109375,0.0005702972412109375,-250.57354736328125
1750932316.6130905,-1.0,0.5,"[174.0, 185.0, 162.0, 141.0, 140.0, 157.0, 170.0, 200.0, 185.0, 174.0]",13.788220405578613,-0.5,-65.23858642578125,0.00057220458984375,-250.62127685546875
1750932316.6284347,-1.0,0.5,"[174.0, 185.0, 164.0, 143.0, 142.0, 159.0, 169.0, 198.0, 185.0, 174.0]",13.54168701171875,-0.5,-64.96957397460938,0.0005702972412109375,-250.65255737304688
1750932316.643314,-1.0,0.5,"[174.0, 185.0, 165.0, 144.0, 143.0, 161.0, 168.0, 196.0, 185.0, 174.0]",13.566157341003418,-0.5,-64.69857788085938,0.0005702972412109375,-250.66574096679688
1750932316.6690757,-1.0,0.5,"[174.0, 185.0, 167.0, 145.0, 145.0, 161.0, 167.0, 193.0, 185.0, 174.0]",13.549741744995117,-0.5,-64.42758178710938,0.00057220458984375,-250.6688232421875
1750932316.6842961,0.0,0.5,"[174.0, 185.0, 169.0, 147.0, 146.0, 161.0, 164.0, 192.0, 185.0, 174.0]",13.620908737182617,-0.5,-64.15521240234375,0.00057220458984375,-250.6640625
1750932316.7105691,0.0,0.5,"[174.0, 185.0, 170.0, 148.0, 147.0, 161.0, 163.0, 190.0, 185.0, 174.0]",13.574006080627441,0.0,-63.883819580078125,0.00057220458984375,-250.67147827148438
1750932316.725504,0.0,0.5,"[174.0, 185.0, 170.0, 148.0, 147.0, 160.0, 163.0, 190.0, 185.0, 174.0]",13.537824630737305,0.0,-63.614013671875,0.00057220458984375,-250.69403076171875
1750932316.7403243,0.0,0.5,"[174.0, 185.0, 170.0, 148.0, 147.0, 160.0, 163.0, 190.0, 185.0, 174.0]",13.597508430480957,0.0,-63.343475341796875,0.00057220458984375,-250.72174072265625
1750932316.77792,0.0,0.5,"[174.0, 185.0, 170.0, 148.0, 147.0, 160.0, 163.0, 190.0, 185.0, 174.0]",13.646381378173828,0.0,-63.072021484375,0.00057220458984375,-250.74993896484375
1750932316.792598,-1.0,0.5,"[174.0, 185.0, 170.0, 148.0, 147.0, 160.0, 164.0, 190.0, 185.0, 174.0]",13.648818969726562,0.0,-62.800506591796875,0.00057220458984375,-250.7783203125
1750932316.8076134,-1.0,0.5,"[174.0, 185.0, 170.0, 148.0, 148.0, 161.0, 163.0, 190.0, 185.0, 174.0]",13.556912422180176,-0.5,-62.529632568359375,0.00057220458984375,-250.78985595703125
1750932316.8226757,-1.0,0.5,"[174.0, 185.0, 172.0, 149.0, 149.0, 159.0, 162.0, 189.0, 185.0, 174.0]",13.366423606872559,-0.5,-62.262420654296875,0.00057220458984375,-250.78225708007812
1750932316.8597562,-1.0,0.5,"[174.0, 185.0, 175.0, 152.0, 151.0, 157.0, 160.0, 186.0, 185.0, 174.0]",13.232872009277344,-0.5,-61.998748779296875,0.00057220458984375,-250.75942993164062
1750932316.8749726,0.0,0.5,"[174.0, 185.0, 176.0, 153.0, 153.0, 156.0, 159.0, 184.0, 185.0, 174.0]",13.219305038452148,-0.5,-61.736358642578125,0.00057220458984375,-250.72695922851562
1750932316.8898234,0.0,0.5,"[174.0, 185.0, 177.0, 154.0, 153.0, 155.0, 158.0, 183.0, 185.0, 174.0]",13.133366584777832,0.0,-61.474151611328125,0.00057220458984375,-250.71133422851562
1750932316.9045513,0.0,0.5,"[174.0, 185.0, 178.0, 155.0, 153.0, 155.0, 158.0, 183.0, 185.0, 174.0]",13.443768501281738,0.0,-61.205291748046875,0.00057220458984375,-250.7078857421875
1750932316.9192839,0.0,0.5,"[174.0, 185.0, 178.0, 155.0, 153.0, 155.0, 158.0, 183.0, 185.0, 174.0]",13.11119270324707,0.0,-60.943084716796875,0.00057220458984375,-250.70864868164062
1750932316.9568276,0.0,0.5,"[174.0, 185.0, 178.0, 155.0, 153.0, 155.0, 158.0, 183.0, 185.0, 174.0]",13.442619323730469,0.0,-60.674224853515625,0.00057220458984375,-250.70980834960938
1750932316.971799,0.0,0.5,"[174.0, 185.0, 178.0, 155.0, 153.0, 155.0, 158.0, 183.0, 185.0, 174.0]",13.46891975402832,0.0,-60.40484619140625,0.00057220458984375,-250.7110595703125
1750932316.986548,0.0,0.5,"[174.0, 185.0, 178.0, 155.0, 153.0, 155.0, 158.0, 183.0, 185.0, 174.0]",13.503172874450684,0.0,-60.134796142578125,0.00057220458984375,-250.71234130859375
1750932317.0021636,0.0,0.5,"[174.0, 185.0, 178.0, 155.0, 153.0, 155.0, 158.0, 183.0, 185.0, 174.0]",13.531820297241211,0.0,-59.864166259765625,0.00057220458984375,-250.713623046875
1750932317.0405712,0.0,0.5,"[174.0, 185.0, 178.0, 155.0, 153.0, 155.0, 158.0, 183.0, 185.0, 174.0]",13.565276145935059,0.0,-59.592864990234375,0.00057220458984375,-250.71478271484375
1750932317.0561392,0.0,0.5,"[174.0, 185.0, 178.0, 155.0, 153.0, 155.0, 158.0, 183.0, 185.0, 174.0]",13.530628204345703,0.0,-59.322235107421875,0.00057220458984375,-250.7159423828125
1750932317.0713031,0.0,0.5,"[174.0, 185.0, 178.0, 155.0, 153.0, 155.0, 158.0, 183.0, 185.0, 174.0]",13.534285545349121,0.0,-59.05157470703125,0.00057220458984375,-250.71728515625
1750932317.0860047,0.0,0.5,"[174.0, 185.0, 178.0, 155.0, 153.0, 155.0, 158.0, 183.0, 185.0, 174.0]",13.726234436035156,0.0,-58.77703857421875,0.00057220458984375,-250.71868896484375
1750932317.1011891,0.0,0.5,"[174.0, 185.0, 178.0, 154.0, 153.0, 155.0, 158.0, 183.0, 185.0, 174.0]",13.598368644714355,0.0,-58.50506591796875,0.00057220458984375,-250.71981811523438
1750932317.138419,0.0,0.5,"[174.0, 185.0, 178.0, 155.0, 153.0, 155.0, 158.0, 183.0, 185.0, 174.0]",13.785181999206543,0.0,-58.2293701171875,0.00057220458984375,-250.72119140625
1750932317.153211,0.0,0.5,"[174.0, 185.0, 178.0, 154.0, 153.0, 155.0, 158.0, 183.0, 185.0, 174.0]",13.856770515441895,0.0,-57.952239990234375,0.00057220458984375,-250.72235107421875
1750932317.1680458,0.0,0.5,"[174.0, 185.0, 178.0, 155.0, 153.0, 155.0, 158.0, 183.0, 185.0, 174.0]",13.884584426879883,0.0,-57.674560546875,0.00057220458984375,-250.7237548828125
1750932317.1828046,0.0,0.5,"[174.0, 185.0, 178.0, 154.0, 153.0, 155.0, 158.0, 183.0, 185.0, 174.0]",13.923954010009766,0.0,-57.396087646484375,0.00057220458984375,-250.7249755859375
1750932317.2200758,0.0,0.5,"[174.0, 185.0, 178.0, 155.0, 153.0, 155.0, 158.0, 183.0, 185.0, 174.0]",13.8685941696167,0.0,-57.11871337890625,0.00057220458984375,-250.726318359375
1750932317.2353506,0.0,0.5,"[174.0, 185.0, 178.0, 155.0, 153.0, 155.0, 158.0, 183.0, 185.0, 174.0]",13.870572090148926,0.0,-56.84130859375,0.0005702972412109375,-250.72763061523438
1750932317.250647,0.0,0.5,"[174.0, 185.0, 178.0, 155.0, 154.0, 155.0, 158.0, 183.0, 185.0, 174.0]",14.022668838500977,0.0,-56.56085205078125,0.0005702972412109375,-250.7288818359375
1750932317.2657406,0.0,0.5,"[174.0, 185.0, 177.0, 154.0, 153.0, 155.0, 158.0, 183.0, 185.0, 174.0]",14.041577339172363,0.0,-56.280029296875,0.0005702972412109375,-250.72982788085938
1750932317.2811396,0.0,0.5,"[174.0, 185.0, 178.0, 155.0, 153.0, 155.0, 158.0, 183.0, 185.0, 174.0]",14.12559700012207,0.0,-55.997528076171875,0.0005702972412109375,-250.7313232421875
1750932317.3199975,0.0,0.5,"[174.0, 185.0, 177.0, 154.0, 153.0, 155.0, 158.0, 183.0, 185.0, 174.0]",14.184991836547852,0.0,-55.71380615234375,0.0005702972412109375,-250.73251342773438
1750932317.3357463,0.0,0.5,"[174.0, 185.0, 178.0, 155.0, 153.0, 155.0, 158.0, 183.0, 185.0, 174.0]",14.257399559020996,0.0,-55.428680419921875,0.0005702972412109375,-250.734130859375
1750932317.3520272,0.0,0.5,"[174.0, 185.0, 177.0, 154.0, 153.0, 155.0, 158.0, 183.0, 185.0, 174.0]",14.276939392089844,0.0,-55.14312744140625,0.0005702972412109375,-250.73529052734375
1750932317.3676918,0.0,0.5,"[174.0, 185.0, 178.0, 155.0, 153.0, 155.0, 158.0, 183.0, 185.0, 174.0]",14.273950576782227,0.0,-54.857666015625,0.0005702972412109375,-250.73681640625
1750932317.3828566,0.0,0.5,"[174.0, 185.0, 177.0, 154.0, 153.0, 155.0, 158.0, 183.0, 185.0, 174.0]",14.303224563598633,0.0,-54.57159423828125,0.0005702972412109375,-250.73779296875
1750932317.4203553,0.0,0.5,"[174.0, 185.0, 178.0, 155.0, 153.0, 155.0, 158.0, 183.0, 185.0, 174.0]",14.489362716674805,0.0,-54.28179931640625,0.0005702972412109375,-250.7392578125
1750932317.4357512,0.0,0.5,"[174.0, 185.0, 177.0, 154.0, 153.0, 155.0, 158.0, 183.0, 185.0, 174.0]",14.346092224121094,0.0,-53.994903564453125,0.0005702972412109375,-250.74044799804688
1750932317.4505637,0.0,0.5,"[174.0, 185.0, 178.0, 155.0, 153.0, 155.0, 158.0, 183.0, 185.0, 174.0]",14.509991645812988,0.0,-53.704681396484375,0.0005702972412109375,-250.74176025390625
1750932317.4657562,0.0,0.5,"[174.0, 185.0, 177.0, 154.0, 153.0, 155.0, 158.0, 183.0, 185.0, 174.0]",14.415200233459473,0.0,-53.4163818359375,0.0005702972412109375,-250.7427978515625
1750932317.4796798,0.0,0.5,"[174.0, 185.0, 178.0, 155.0, 153.0, 155.0, 158.0, 183.0, 185.0, 174.0]",14.618597030639648,0.0,-53.1240234375,0.0005702972412109375,-250.74420166015625
1750932317.5168095,0.0,0.5,"[174.0, 185.0, 177.0, 154.0, 153.0, 155.0, 158.0, 183.0, 185.0, 174.0]",14.483551979064941,0.0,-52.8343505859375,0.00057220458984375,-250.745361328125
1750932317.531948,-1.0,0.5,"[174.0, 185.0, 177.0, 154.0, 153.0, 155.0, 158.0, 183.0, 185.0, 174.0]",14.8350830078125,0.0,-52.53765869140625,0.00057220458984375,-250.7467041015625
1750932317.5468621,-1.0,0.5,"[174.0, 185.0, 178.0, 155.0, 154.0, 154.0, 158.0, 183.0, 185.0, 174.0]",14.23936939239502,-0.5,-52.25323486328125,0.00057220458984375,-250.73199462890625
1750932317.5619802,-1.0,0.5,"[174.0, 185.0, 180.0, 156.0, 155.0, 153.0, 156.0, 181.0, 185.0, 174.0]",14.31985855102539,-0.5,-51.968780517578125,0.00057220458984375,-250.69879150390625
1750932317.5996037,0.0,0.5,"[174.0, 185.0, 183.0, 159.0, 157.0, 152.0, 154.0, 178.0, 185.0, 174.0]",13.976494789123535,-0.5,-51.693572998046875,0.00057220458984375,-250.64984130859375
1750932317.6151342,0.0,0.5,"[174.0, 185.0, 184.0, 160.0, 158.0, 151.0, 153.0, 177.0, 185.0, 174.0]",14.076013565063477,0.0,-51.414337158203125,0.00057220458984375,-250.614013671875
1750932317.6305861,0.0,0.5,"[174.0, 185.0, 184.0, 160.0, 158.0, 151.0, 153.0, 177.0, 185.0, 174.0]",14.168506622314453,0.0,-51.13177490234375,0.00057220458984375,-250.592529296875
1750932317.6462607,0.0,0.5,"[174.0, 185.0, 184.0, 160.0, 158.0, 151.0, 153.0, 176.0, 185.0, 174.0]",14.00344181060791,0.0,-50.85235595703125,0.00057220458984375,-250.57369995117188
1750932317.6611974,0.0,0.5,"[174.0, 185.0, 184.0, 160.0, 158.0, 151.0, 153.0, 176.0, 185.0, 174.0]",14.318922996520996,0.0,-50.56658935546875,0.00057220458984375,-250.55474853515625
1750932317.6983936,0.0,0.5,"[174.0, 185.0, 184.0, 160.0, 158.0, 151.0, 153.0, 176.0, 185.0, 174.0]",14.073685646057129,0.0,-50.285736083984375,0.00057220458984375,-250.5360107421875
1750932317.7134752,0.0,0.5,"[174.0, 185.0, 184.0, 160.0, 158.0, 151.0, 153.0, 176.0, 185.0, 174.0]",14.437047958374023,0.0,-49.997650146484375,0.00057220458984375,-250.51666259765625
1750932317.728649,0.0,0.5,"[174.0, 185.0, 184.0, 160.0, 158.0, 151.0, 153.0, 176.0, 185.0, 174.0]",14.317119598388672,0.0,-49.71197509765625,0.00057220458984375,-250.4974365234375
1750932317.7436867,0.0,0.5,"[174.0, 185.0, 184.0, 160.0, 158.0, 151.0, 153.0, 176.0, 185.0, 174.0]",14.517247200012207,0.0,-49.4222412109375,0.00057220458984375,-250.478271484375
1750932317.7698593,0.0,0.5,"[174.0, 185.0, 184.0, 160.0, 158.0, 151.0, 153.0, 176.0, 185.0, 174.0]",14.305597305297852,0.0,-49.13677978515625,0.00057220458984375,-250.459228515625
1750932317.7839558,0.0,0.5,"[174.0, 185.0, 185.0, 160.0, 158.0, 150.0, 152.0, 176.0, 185.0, 174.0]",14.467360496520996,0.0,-48.848052978515625,0.00057220458984375,-250.44027709960938
1750932317.8106225,0.0,0.5,"[174.0, 185.0, 185.0, 160.0, 158.0, 150.0, 152.0, 176.0, 185.0, 174.0]",14.383063316345215,0.0,-48.56103515625,0.00057220458984375,-250.421142578125
1750932317.8255436,0.0,0.5,"[174.0, 185.0, 186.0, 160.0, 158.0, 150.0, 152.0, 176.0, 185.0, 174.0]",14.648097038269043,0.0,-48.268707275390625,0.00057220458984375,-250.40176391601562
1750932317.8405218,0.0,0.5,"[174.0, 185.0, 186.0, 160.0, 158.0, 150.0, 152.0, 175.0, 185.0, 174.0]",14.438937187194824,0.0,-47.980560302734375,0.00057220458984375,-250.3826904296875
1750932317.8778186,0.0,0.5,"[174.0, 185.0, 186.0, 160.0, 158.0, 150.0, 152.0, 175.0, 185.0, 174.0]",14.595861434936523,0.0,-47.68927001953125,0.00057220458984375,-250.36328125
1750932317.8926876,0.0,0.5,"[174.0, 185.0, 186.0, 161.0, 158.0, 150.0, 152.0, 175.0, 185.0, 174.0]",14.67936897277832,0.0,-47.396331787109375,0.00057220458984375,-250.34405517578125
1750932317.907765,0.0,0.5,"[174.0, 185.0, 186.0, 161.0, 158.0, 150.0, 152.0, 175.0, 185.0, 174.0]",14.8038330078125,0.0,-47.10089111328125,0.00057220458984375,-250.3243408203125
1750932317.9227076,0.0,0.5,"[174.0, 185.0, 186.0, 161.0, 158.0, 150.0, 152.0, 175.0, 185.0, 174.0]",14.615861892700195,0.0,-46.809234619140625,0.00057220458984375,-250.30508422851562
1750932317.9598875,0.0,0.5,"[174.0, 185.0, 186.0, 161.0, 158.0, 150.0, 152.0, 175.0, 185.0, 174.0]",14.772749900817871,0.0,-46.514434814453125,0.00057220458984375,-250.28533935546875
1750932317.9749706,0.0,0.5,"[174.0, 185.0, 186.0, 161.0, 158.0, 150.0, 152.0, 175.0, 185.0, 174.0]",14.835428237915039,0.0,-46.218353271484375,0.00057220458984375,-250.2657470703125
1750932317.990538,0.0,0.5,"[174.0, 185.0, 186.0, 161.0, 158.0, 150.0, 152.0, 175.0, 185.0, 174.0]",14.98330020904541,0.0,-45.919342041015625,0.00057220458984375,-250.24606323242188
1750932318.005823,0.0,0.5,"[174.0, 185.0, 186.0, 161.0, 158.0, 150.0, 152.0, 175.0, 185.0, 174.0]",14.83829116821289,0.0,-45.62322998046875,0.00057220458984375,-250.22640991210938
1750932318.0212126,0.0,0.5,"[174.0, 185.0, 187.0, 161.0, 158.0, 150.0, 152.0, 173.0, 185.0, 174.0]",15.045602798461914,0.0,-45.322967529296875,0.00057220458984375,-250.2066650390625
1750932318.059166,0.0,0.5,"[174.0, 185.0, 187.0, 161.0, 158.0, 150.0, 152.0, 173.0, 185.0, 174.0]",15.010437965393066,0.0,-45.023406982421875,0.00057220458984375,-250.18670654296875
1750932318.074227,0.0,0.5,"[174.0, 185.0, 187.0, 161.0, 158.0, 150.0, 152.0, 173.0, 185.0, 174.0]",15.11548900604248,0.0,-44.721771240234375,0.00057220458984375,-250.16665649414062
1750932318.0890326,0.0,0.5,"[174.0, 185.0, 187.0, 161.0, 158.0, 150.0, 152.0, 173.0, 185.0, 174.0]",14.909889221191406,0.0,-44.42425537109375,0.00057220458984375,-250.146728515625
1750932318.1041043,0.0,0.5,"[174.0, 185.0, 187.0, 161.0, 158.0, 150.0, 151.0, 173.0, 185.0, 174.0]",15.139891624450684,0.0,-44.122100830078125,0.00057220458984375,-250.1268310546875
1750932318.1304274,0.0,0.5,"[174.0, 185.0, 187.0, 161.0, 158.0, 150.0, 151.0, 173.0, 185.0, 174.0]",15.266239166259766,0.0,-43.81744384765625,0.00057220458984375,-250.106689453125
1750932318.145398,0.0,0.5,"[174.0, 185.0, 187.0, 161.0, 158.0, 150.0, 151.0, 173.0, 185.0, 174.0]",15.187228202819824,0.0,-43.514373779296875,0.00057220458984375,-250.0865478515625
1750932318.160344,0.0,0.5,"[174.0, 185.0, 187.0, 161.0, 158.0, 150.0, 151.0, 173.0, 185.0, 174.0]",15.350661277770996,0.0,-43.2080078125,0.00057220458984375,-250.0662841796875
1750932318.197314,0.0,0.5,"[174.0, 185.0, 187.0, 161.0, 158.0, 150.0, 151.0, 173.0, 185.0, 174.0]",15.15084171295166,0.0,-42.905670166015625,0.00057220458984375,-250.04617309570312
1750932318.2120843,0.0,0.5,"[174.0, 185.0, 187.0, 161.0, 158.0, 150.0, 151.0, 173.0, 185.0, 174.0]",15.344717979431152,0.0,-42.59942626953125,0.00057220458984375,-250.026123046875
1750932318.2270768,0.0,0.5,"[174.0, 185.0, 187.0, 161.0, 158.0, 150.0, 151.0, 172.0, 185.0, 174.0]",15.507195472717285,0.0,-42.289947509765625,0.00057220458984375,-250.00576782226562
1750932318.2415776,0.0,0.5,"[174.0, 185.0, 187.0, 161.0, 158.0, 150.0, 151.0, 172.0, 185.0, 174.0]",15.340429306030273,0.0,-41.98382568359375,0.00057220458984375,-249.98541259765625
1750932318.2785094,0.0,0.5,"[174.0, 185.0, 188.0, 161.0, 160.0, 150.0, 151.0, 172.0, 185.0, 174.0]",15.538873672485352,0.0,-41.673736572265625,0.00057220458984375,-249.96490478515625
1750932318.2934418,0.0,0.5,"[174.0, 185.0, 188.0, 161.0, 160.0, 150.0, 151.0, 172.0, 185.0, 174.0]",15.415372848510742,0.0,-41.366119384765625,0.00057220458984375,-249.94430541992188
1750932318.3084528,0.0,0.5,"[174.0, 185.0, 189.0, 161.0, 160.0, 149.0, 150.0, 172.0, 185.0, 174.0]",15.601080894470215,0.0,-41.054779052734375,0.00057220458984375,-249.923583984375
1750932318.323737,0.0,0.5,"[174.0, 185.0, 189.0, 161.0, 160.0, 149.0, 150.0, 172.0, 185.0, 174.0]",15.381597518920898,0.0,-40.747833251953125,0.00057220458984375,-249.90292358398438
1750932318.3496706,0.0,0.5,"[174.0, 185.0, 189.0, 162.0, 160.0, 149.0, 150.0, 172.0, 185.0, 174.0]",15.650157928466797,0.0,-40.435516357421875,0.00057220458984375,-249.88214111328125
1750932318.3648758,0.0,0.5,"[174.0, 185.0, 189.0, 162.0, 160.0, 149.0, 150.0, 172.0, 185.0, 174.0]",15.63381576538086,0.0,-40.12353515625,0.00057220458984375,-249.861328125
1750932318.3804016,0.0,0.5,"[174.0, 185.0, 189.0, 162.0, 160.0, 149.0, 150.0, 172.0, 185.0, 174.0]",15.611862182617188,0.0,-39.811981201171875,0.00057220458984375,-249.8406982421875
1750932318.4198413,0.0,0.5,"[174.0, 185.0, 189.0, 162.0, 160.0, 149.0, 149.0, 171.0, 185.0, 174.0]",15.794539451599121,0.0,-39.496795654296875,0.00057220458984375,-249.81988525390625
1750932318.435912,0.0,0.5,"[174.0, 185.0, 189.0, 162.0, 160.0, 149.0, 149.0, 171.0, 185.0, 174.0]",15.7311372756958,0.0,-39.182861328125,0.00057220458984375,-249.79901123046875
1750932318.4518192,0.0,0.5,"[174.0, 185.0, 189.0, 162.0, 160.0, 149.0, 149.0, 170.0, 185.0, 174.0]",15.71866512298584,0.0,-38.869171142578125,0.00057220458984375,-249.778076171875
1750932318.4670205,1.0,0.5,"[174.0, 185.0, 189.0, 162.0, 160.0, 149.0, 149.0, 170.0, 185.0, 174.0]",15.83361530303955,0.0,-38.553192138671875,0.00057220458984375,-249.75704956054688
1750932318.481934,0.0,0.5,"[174.0, 185.0, 189.0, 161.0, 158.0, 150.0, 150.0, 172.0, 185.0, 174.0]",15.700732231140137,0.5,-38.239227294921875,0.00057220458984375,-249.751708984375
1750932318.5191076,0.0,0.5,"[174.0, 185.0, 189.0, 161.0, 158.0, 150.0, 151.0, 172.0, 185.0, 174.0]",15.476151466369629,0.0,-37.9300537109375,0.00057220458984375,-249.73712158203125
1750932318.5339773,0.0,0.5,"[174.0, 185.0, 189.0, 161.0, 158.0, 150.0, 150.0, 171.0, 185.0, 174.0]",15.695852279663086,0.0,-37.6165771484375,0.00057220458984375,-249.72067260742188
1750932318.5484078,0.0,0.5,"[174.0, 185.0, 189.0, 161.0, 158.0, 150.0, 150.0, 171.0, 185.0, 174.0]",15.790552139282227,0.0,-37.30120849609375,0.00057220458984375,-249.7037353515625
1750932318.5629966,0.0,0.5,"[174.0, 185.0, 189.0, 161.0, 158.0, 150.0, 150.0, 171.0, 185.0, 174.0]",15.747504234313965,0.0,-36.986724853515625,0.00057220458984375,-249.68670654296875
1750932318.5891619,0.0,0.5,"[174.0, 185.0, 189.0, 161.0, 158.0, 150.0, 150.0, 170.0, 185.0, 174.0]",15.718735694885254,0.0,-36.672821044921875,0.00057220458984375,-249.669677734375
1750932318.6042547,0.0,0.5,"[174.0, 185.0, 189.0, 161.0, 158.0, 150.0, 150.0, 170.0, 185.0, 174.0]",15.949346542358398,0.0,-36.354278564453125,0.00057220458984375,-249.65237426757812
1750932318.630309,0.0,0.5,"[174.0, 185.0, 189.0, 161.0, 158.0, 150.0, 149.0, 170.0, 185.0, 174.0]",15.793689727783203,0.0,-36.03887939453125,0.00057220458984375,-249.6353759765625
1750932318.6452224,0.0,0.5,"[174.0, 185.0, 189.0, 161.0, 158.0, 150.0, 149.0, 170.0, 185.0, 174.0]",16.00068473815918,0.0,-35.719329833984375,0.00057220458984375,-249.61785888671875
1750932318.660199,0.0,0.5,"[174.0, 185.0, 189.0, 162.0, 158.0, 150.0, 149.0, 170.0, 185.0, 174.0]",15.980792045593262,0.0,-35.40020751953125,0.00057220458984375,-249.6004638671875
1750932318.6978638,0.0,0.5,"[174.0, 185.0, 189.0, 162.0, 158.0, 150.0, 149.0, 170.0, 185.0, 174.0]",15.988211631774902,0.0,-35.080902099609375,0.00057220458984375,-249.58306884765625
1750932318.7131643,0.0,0.5,"[174.0, 185.0, 189.0, 162.0, 158.0, 150.0, 149.0, 170.0, 185.0, 174.0]",16.020055770874023,0.0,-34.760986328125,0.00057220458984375,-249.56561279296875
1750932318.7281983,0.0,0.5,"[174.0, 185.0, 189.0, 162.0, 158.0, 150.0, 149.0, 170.0, 185.0, 174.0]",16.20057487487793,0.0,-34.437469482421875,0.00057220458984375,-249.54794311523438
1750932318.743454,0.0,0.5,"[174.0, 185.0, 190.0, 162.0, 158.0, 149.0, 149.0, 170.0, 185.0, 174.0]",16.084224700927734,0.0,-34.116241455078125,0.00057220458984375,-249.53070068359375
1750932318.7696123,0.0,0.5,"[174.0, 185.0, 190.0, 162.0, 158.0, 149.0, 149.0, 170.0, 185.0, 174.0]",16.22364616394043,0.0,-33.792266845703125,0.00057220458984375,-249.51287841796875
1750932318.7844293,0.0,0.5,"[174.0, 185.0, 190.0, 162.0, 158.0, 149.0, 149.0, 169.0, 185.0, 174.0]",16.22486686706543,0.0,-33.468231201171875,0.00057220458984375,-249.49530029296875
1750932318.7995472,0.0,0.5,"[174.0, 185.0, 190.0, 162.0, 158.0, 149.0, 149.0, 169.0, 185.0, 174.0]",16.22340202331543,0.0,-33.144256591796875,0.00057220458984375,-249.47760009765625
1750932318.8369522,0.0,0.5,"[174.0, 185.0, 190.0, 162.0, 158.0, 149.0, 149.0, 169.0, 185.0, 174.0]",16.386571884155273,0.0,-32.8170166015625,0.00057220458984375,-249.45962524414062
1750932318.8517315,1.0,0.5,"[174.0, 185.0, 190.0, 162.0, 158.0, 149.0, 148.0, 169.0, 185.0, 174.0]",16.324167251586914,0.0,-32.490997314453125,0.00057220458984375,-249.44189453125
1750932318.866639,0.0,0.5,"[174.0, 185.0, 189.0, 161.0, 158.0, 150.0, 149.0, 170.0, 185.0, 174.0]",16.12664031982422,0.5,-32.168487548828125,0.00057220458984375,-249.43948364257812
1750932318.8817093,0.0,0.5,"[174.0, 185.0, 189.0, 161.0, 157.0, 150.0, 149.0, 170.0, 185.0, 174.0]",16.19966697692871,0.0,-31.844696044921875,0.00057220458984375,-249.42770385742188
1750932318.9189522,0.0,0.5,"[174.0, 185.0, 189.0, 161.0, 158.0, 150.0, 149.0, 170.0, 185.0, 174.0]",16.190643310546875,0.0,-31.521148681640625,0.00057220458984375,-249.41448974609375
1750932318.933808,0.0,0.5,"[174.0, 185.0, 189.0, 161.0, 158.0, 150.0, 149.0, 169.0, 185.0, 174.0]",16.18421745300293,0.0,-31.19775390625,0.00057220458984375,-249.40093994140625
1750932318.9489222,0.0,0.5,"[174.0, 185.0, 189.0, 161.0, 158.0, 150.0, 149.0, 169.0, 185.0, 174.0]",16.247270584106445,0.0,-30.87310791015625,0.00057220458984375,-249.3870849609375
1750932318.9637568,0.0,0.5,"[174.0, 185.0, 189.0, 161.0, 157.0, 150.0, 149.0, 169.0, 185.0, 174.0]",16.385377883911133,0.0,-30.545684814453125,0.00057220458984375,-249.3731689453125
1750932318.9900753,0.0,0.5,"[174.0, 185.0, 190.0, 162.0, 158.0, 150.0, 149.0, 169.0, 185.0, 174.0]",16.29641342163086,0.0,-30.220062255859375,0.00057220458984375,-249.35955810546875
1750932319.0046995,0.0,0.5,"[174.0, 185.0, 190.0, 161.0, 158.0, 150.0, 149.0, 169.0, 185.0, 174.0]",16.361858367919922,0.0,-29.89312744140625,0.00057220458984375,-249.34539794921875
1750932319.0199087,0.0,0.5,"[174.0, 185.0, 190.0, 162.0, 158.0, 150.0, 149.0, 169.0, 185.0, 174.0]",16.552541732788086,0.0,-29.5623779296875,0.00057220458984375,-249.3314208984375
1750932319.0572891,0.0,0.5,"[174.0, 185.0, 190.0, 162.0, 158.0, 150.0, 149.0, 169.0, 185.0, 174.0]",16.358678817749023,0.0,-29.235504150390625,0.00057220458984375,-249.3173828125
1750932319.0720413,0.0,0.5,"[174.0, 185.0, 190.0, 162.0, 158.0, 150.0, 148.0, 169.0, 185.0, 174.0]",16.540197372436523,0.0,-28.904998779296875,0.0005741119384765625,-249.3033447265625
1750932319.086906,0.0,0.5,"[174.0, 185.0, 190.0, 162.0, 158.0, 150.0, 149.0, 169.0, 185.0, 174.0]",16.495710372924805,0.0,-28.57537841796875,0.0005741119384765625,-249.2890625
1750932319.1020992,0.0,0.5,"[174.0, 185.0, 190.0, 162.0, 158.0, 150.0, 148.0, 168.0, 185.0, 174.0]",16.606996536254883,0.0,-28.2435302734375,0.00057220458984375,-249.27508544921875
1750932319.1397035,0.0,0.5,"[174.0, 185.0, 190.0, 162.0, 158.0, 150.0, 148.0, 168.0, 185.0, 174.0]",16.568029403686523,0.0,-27.9124755859375,0.0005741119384765625,-249.260986328125
1750932319.1551583,0.0,0.5,"[174.0, 185.0, 190.0, 162.0, 158.0, 150.0, 148.0, 168.0, 185.0, 174.0]",16.779685974121094,0.0,-27.57720947265625,0.0005741119384765625,-249.24661254882812
1750932319.1703103,0.0,0.5,"[174.0, 185.0, 190.0, 162.0, 158.0, 150.0, 148.0, 167.0, 185.0, 174.0]",16.592636108398438,0.0,-27.245635986328125,0.0005741119384765625,-249.2325439453125
1750932319.1850882,0.0,0.5,"[174.0, 185.0, 190.0, 162.0, 158.0, 150.0, 148.0, 167.0, 185.0, 174.0]",16.78998565673828,0.0,-26.91015625,0.0005741119384765625,-249.21804809570312
1750932319.2002196,0.0,0.5,"[174.0, 185.0, 190.0, 162.0, 158.0, 150.0, 148.0, 167.0, 185.0, 174.0]",16.77176284790039,0.0,-26.57501220703125,0.0005741119384765625,-249.2037353515625
1750932319.2379131,0.0,0.5,"[174.0, 185.0, 190.0, 162.0, 158.0, 150.0, 148.0, 167.0, 185.0, 174.0]",16.889400482177734,0.0,-26.237548828125,0.0005741119384765625,-249.18936157226562
1750932319.2530444,1.0,0.5,"[174.0, 185.0, 190.0, 162.0, 158.0, 150.0, 148.0, 167.0, 185.0, 174.0]",16.774566650390625,0.0,-25.90234375,0.0005741119384765625,-249.17529296875
1750932319.2684677,0.0,0.5,"[174.0, 185.0, 190.0, 161.0, 157.0, 150.0, 149.0, 168.0, 185.0, 174.0]",16.78827476501465,0.5,-25.56658935546875,0.0005741119384765625,-249.17794799804688
1750932319.2835567,0.0,0.5,"[174.0, 185.0, 190.0, 161.0, 157.0, 151.0, 149.0, 169.0, 185.0, 174.0]",16.48343849182129,0.0,-25.237030029296875,0.00057220458984375,-249.17001342773438
1750932319.3097212,0.0,0.5,"[174.0, 185.0, 190.0, 161.0, 157.0, 151.0, 149.0, 168.0, 185.0, 174.0]",16.876800537109375,0.0,-24.899627685546875,0.00057220458984375,-249.16067504882812
1750932319.324185,0.0,0.5,"[174.0, 185.0, 190.0, 161.0, 157.0, 151.0, 149.0, 168.0, 185.0, 174.0]",16.4571590423584,0.0,-24.570587158203125,0.00057220458984375,-249.15130615234375
1750932319.3507895,0.0,0.5,"[174.0, 185.0, 190.0, 161.0, 157.0, 151.0, 149.0, 168.0, 185.0, 174.0]",16.850095748901367,0.0,-24.233734130859375,0.00057220458984375,-249.14166259765625
1750932319.3658788,0.0,0.5,"[174.0, 185.0, 190.0, 161.0, 157.0, 151.0, 149.0, 168.0, 185.0, 174.0]",16.733570098876953,0.0,-23.899200439453125,0.00057220458984375,-249.13201904296875
1750932319.3805196,0.0,0.5,"[174.0, 185.0, 190.0, 161.0, 157.0, 151.0, 149.0, 168.0, 185.0, 174.0]",16.917356491088867,0.0,-23.561004638671875,0.00057220458984375,-249.12237548828125
1750932319.4178545,0.0,0.5,"[174.0, 185.0, 190.0, 161.0, 157.0, 150.0, 149.0, 167.0, 185.0, 174.0]",16.80475616455078,0.0,-23.22503662109375,0.00057220458984375,-249.11297607421875
1750932319.43191,0.0,0.5,"[174.0, 185.0, 190.0, 161.0, 157.0, 151.0, 149.0, 167.0, 185.0, 174.0]",16.895174026489258,0.0,-22.88726806640625,0.00057220458984375,-249.10302734375
1750932319.4466002,0.0,0.5,"[174.0, 185.0, 190.0, 161.0, 157.0, 150.0, 149.0, 167.0, 185.0, 174.0]",17.022024154663086,0.0,-22.546966552734375,0.00057220458984375,-249.09326171875
1750932319.4616506,0.0,0.5,"[174.0, 185.0, 190.0, 161.0, 157.0, 151.0, 149.0, 167.0, 185.0, 174.0]",16.9398136138916,0.0,-22.20831298828125,0.00057220458984375,-249.08346557617188
1750932319.4990036,0.0,0.5,"[174.0, 185.0, 190.0, 161.0, 157.0, 150.0, 148.0, 167.0, 185.0, 174.0]",16.964698791503906,0.0,-21.869171142578125,0.00057220458984375,-249.07403564453125
1750932319.513785,0.0,0.5,"[174.0, 185.0, 190.0, 161.0, 157.0, 150.0, 148.0, 167.0, 185.0, 174.0]",17.04189109802246,0.0,-21.528472900390625,0.00057220458984375,-249.06414794921875
1750932319.528761,0.0,0.5,"[174.0, 185.0, 190.0, 161.0, 157.0, 150.0, 148.0, 167.0, 185.0, 174.0]",17.068891525268555,0.0,-21.187225341796875,0.00057220458984375,-249.05453491210938
1750932319.5438862,0.0,0.5,"[174.0, 185.0, 190.0, 161.0, 157.0, 150.0, 148.0, 167.0, 185.0, 174.0]",17.134748458862305,0.0,-20.84466552734375,0.00057220458984375,-249.044677734375
1750932319.569833,0.0,0.5,"[174.0, 185.0, 190.0, 161.0, 157.0, 150.0, 148.0, 167.0, 185.0, 174.0]",17.223995208740234,0.0,-20.500335693359375,0.00057220458984375,-249.0347900390625
1750932319.583991,0.0,0.5,"[174.0, 185.0, 190.0, 161.0, 157.0, 150.0, 148.0, 167.0, 185.0, 174.0]",17.002593994140625,0.0,-20.160430908203125,0.00057220458984375,-249.0252685546875
1750932319.6103365,0.0,0.5,"[174.0, 185.0, 190.0, 162.0, 157.0, 150.0, 148.0, 167.0, 185.0, 174.0]",17.322223663330078,0.0,-19.814117431640625,0.00057220458984375,-249.01535034179688
1750932319.6263242,0.0,0.5,"[174.0, 185.0, 190.0, 162.0, 157.0, 150.0, 148.0, 167.0, 185.0, 174.0]",17.268495559692383,0.0,-19.468902587890625,0.00057220458984375,-249.00543212890625
1750932319.6422794,0.0,0.5,"[174.0, 185.0, 190.0, 162.0, 157.0, 150.0, 148.0, 167.0, 185.0, 174.0]",17.41729164123535,0.0,-19.120697021484375,0.00057220458984375,-248.99554443359375
1750932319.6794708,0.0,0.5,"[174.0, 185.0, 190.0, 162.0, 157.0, 150.0, 148.0, 167.0, 185.0, 174.0]",17.3509464263916,0.0,-18.7738037109375,0.00057220458984375,-248.98568725585938
1750932319.6942773,0.0,0.5,"[174.0, 185.0, 190.0, 162.0, 157.0, 150.0, 148.0, 167.0, 185.0, 174.0]",17.328487396240234,0.0,-18.4273681640625,0.00057220458984375,-248.97589111328125
1750932319.709186,0.0,0.5,"[174.0, 185.0, 190.0, 162.0, 157.0, 150.0, 148.0, 166.0, 185.0, 174.0]",17.446731567382812,0.0,-18.078582763671875,0.00057220458984375,-248.96612548828125
1750932319.723718,0.0,0.5,"[174.0, 185.0, 190.0, 162.0, 157.0, 150.0, 148.0, 166.0, 185.0, 174.0]",17.40816307067871,0.0,-17.730560302734375,0.0005741119384765625,-248.95611572265625
1750932319.7503266,0.0,0.5,"[174.0, 185.0, 190.0, 162.0, 157.0, 150.0, 148.0, 166.0, 185.0, 174.0]",17.61895751953125,0.0,-17.378326416015625,0.0005741119384765625,-248.94610595703125
1750932319.765424,0.0,0.5,"[174.0, 185.0, 190.0, 162.0, 157.0, 150.0, 148.0, 166.0, 185.0, 174.0]",17.525407791137695,0.0,-17.0279541015625,0.00057220458984375,-248.93621826171875
1750932319.7798107,0.0,0.5,"[174.0, 185.0, 190.0, 162.0, 157.0, 150.0, 148.0, 165.0, 185.0, 174.0]",17.683002471923828,0.0,-16.6744384765625,0.0005741119384765625,-248.9261474609375
1750932319.817541,0.0,0.5,"[174.0, 185.0, 190.0, 162.0, 157.0, 150.0, 148.0, 166.0, 185.0, 174.0]",17.507007598876953,0.0,-16.324432373046875,0.0005741119384765625,-248.91604614257812
1750932319.8321116,0.0,0.5,"[174.0, 185.0, 192.0, 162.0, 157.0, 150.0, 148.0, 165.0, 185.0, 174.0]",17.70303726196289,0.0,-15.97052001953125,0.0005741119384765625,-248.9061279296875
1750932319.847425,0.0,0.5,"[174.0, 185.0, 192.0, 162.0, 157.0, 150.0, 148.0, 165.0, 185.0, 174.0]",17.669879913330078,0.0,-15.617279052734375,0.0005741119384765625,-248.89608764648438
1750932319.862464,0.0,0.5,"[174.0, 185.0, 192.0, 162.0, 157.0, 150.0, 148.0, 165.0, 185.0, 174.0]",17.735082626342773,0.0,-15.2626953125,0.00057220458984375,-248.88604736328125
1750932319.8995988,0.0,0.5,"[174.0, 185.0, 192.0, 162.0, 157.0, 150.0, 148.0, 165.0, 185.0, 174.0]",17.725749969482422,0.0,-14.9083251953125,0.0005741119384765625,-248.8758544921875
1750932319.9145641,1.0,0.5,"[174.0, 185.0, 192.0, 162.0, 157.0, 150.0, 148.0, 165.0, 185.0, 174.0]",17.807477951049805,0.0,-14.552337646484375,0.0005741119384765625,-248.8656005859375
1750932319.928481,0.0,0.5,"[174.0, 185.0, 190.0, 161.0, 157.0, 151.0, 148.0, 167.0, 185.0, 174.0]",17.55453872680664,0.5,-14.2012939453125,0.0005741119384765625,-248.87173461914062
1750932319.943561,0.0,0.5,"[174.0, 185.0, 190.0, 161.0, 157.0, 151.0, 148.0, 167.0, 185.0, 174.0]",17.723873138427734,0.0,-13.846832275390625,0.0005741119384765625,-248.868896484375
1750932319.9692442,0.0,0.5,"[174.0, 185.0, 190.0, 161.0, 156.0, 151.0, 148.0, 167.0, 185.0, 174.0]",17.535791397094727,0.0,-13.49615478515625,0.0005741119384765625,-248.8641357421875
1750932319.984117,0.0,0.5,"[174.0, 185.0, 190.0, 161.0, 156.0, 151.0, 148.0, 167.0, 185.0, 174.0]",17.790504455566406,0.0,-13.140380859375,0.0005741119384765625,-248.85906982421875
1750932320.011029,0.0,0.5,"[174.0, 185.0, 190.0, 161.0, 156.0, 151.0, 148.0, 167.0, 185.0, 174.0]",17.66059112548828,0.0,-12.787200927734375,0.0005741119384765625,-248.853759765625
1750932320.0255578,0.0,0.5,"[174.0, 185.0, 190.0, 161.0, 156.0, 151.0, 148.0, 167.0, 185.0, 174.0]",17.863279342651367,0.0,-12.429962158203125,0.0005741119384765625,-248.84869384765625
1750932320.040915,0.0,0.5,"[174.0, 185.0, 190.0, 161.0, 156.0, 151.0, 148.0, 167.0, 185.0, 174.0]",17.64802360534668,0.0,-12.077056884765625,0.0005741119384765625,-248.843505859375
1750932320.0782812,0.0,0.5,"[174.0, 185.0, 190.0, 161.0, 156.0, 151.0, 148.0, 166.0, 185.0, 174.0]",17.82177734375,0.0,-11.72064208984375,0.0005741119384765625,-248.8385009765625
1750932320.0933404,0.0,0.5,"[174.0, 185.0, 190.0, 161.0, 156.0, 151.0, 148.0, 166.0, 185.0, 174.0]",17.865806579589844,0.0,-11.363372802734375,0.0005741119384765625,-248.833251953125
1750932320.1084027,0.0,0.5,"[174.0, 185.0, 190.0, 161.0, 156.0, 151.0, 148.0, 166.0, 185.0, 174.0]",18.004009246826172,0.0,-11.003326416015625,0.0005741119384765625,-248.82797241210938
1750932320.12384,0.0,0.5,"[174.0, 185.0, 190.0, 161.0, 156.0, 151.0, 148.0, 166.0, 185.0, 174.0]",17.84193229675293,0.0,-10.64654541015625,0.0005741119384765625,-248.8228759765625
1750932320.149994,0.0,0.5,"[174.0, 185.0, 190.0, 161.0, 156.0, 151.0, 148.0, 166.0, 185.0, 174.0]",18.008398056030273,0.0,-10.286407470703125,0.0005741119384765625,-248.81756591796875
1750932320.1646023,0.0,0.5,"[174.0, 185.0, 190.0, 161.0, 156.0, 151.0, 148.0, 166.0, 185.0, 174.0]",18.00569725036621,0.0,-9.92633056640625,0.0005741119384765625,-248.81256103515625
1750932320.1791618,0.0,0.5,"[174.0, 185.0, 190.0, 161.0, 156.0, 151.0, 148.0, 166.0, 185.0, 174.0]",18.195613861083984,0.0,-9.56243896484375,0.0005741119384765625,-248.80731201171875
1750932320.2162783,0.0,0.5,"[174.0, 185.0, 190.0, 161.0, 157.0, 151.0, 148.0, 165.0, 185.0, 174.0]",17.970993041992188,0.0,-9.20306396484375,0.0005741119384765625,-248.80224609375
1750932320.2311795,0.0,0.5,"[174.0, 185.0, 190.0, 161.0, 156.0, 151.0, 148.0, 165.0, 185.0, 174.0]",18.202669143676758,0.0,-8.83905029296875,0.0005741119384765625,-248.7967529296875
1750932320.2462347,0.0,0.5,"[174.0, 185.0, 190.0, 161.0, 156.0, 151.0, 148.0, 165.0, 185.0, 174.0]",18.17344093322754,0.0,-8.475616455078125,0.0005741119384765625,-248.79132080078125
1750932320.2611837,0.0,0.5,"[174.0, 185.0, 190.0, 161.0, 156.0, 151.0, 148.0, 165.0, 185.0, 174.0]",18.26717185974121,0.0,-8.110321044921875,0.0005741119384765625,-248.78594970703125
1750932320.298539,0.0,0.5,"[174.0, 185.0, 190.0, 161.0, 156.0, 151.0, 148.0, 165.0, 185.0, 174.0]",18.1218204498291,0.0,-7.7479248046875,0.0005741119384765625,-248.78079223632812
1750932320.313826,0.0,0.5,"[174.0, 185.0, 190.0, 161.0, 156.0, 151.0, 148.0, 165.0, 185.0, 174.0]",18.36545753479004,0.0,-7.380645751953125,0.0005741119384765625,-248.77557373046875
1750932320.3292162,0.0,0.5,"[174.0, 185.0, 190.0, 161.0, 157.0, 151.0, 148.0, 165.0, 185.0, 174.0]",18.269521713256836,0.0,-7.015289306640625,0.0005741119384765625,-248.77041625976562
1750932320.3449984,0.0,0.5,"[174.0, 185.0, 190.0, 161.0, 156.0, 151.0, 148.0, 165.0, 185.0, 174.0]",18.397756576538086,0.0,-6.647369384765625,0.0005741119384765625,-248.764892578125
1750932320.360652,0.0,0.5,"[174.0, 185.0, 190.0, 161.0, 157.0, 151.0, 148.0, 165.0, 185.0, 174.0]",18.365970611572266,0.0,-6.28009033203125,0.0005741119384765625,-248.75967407226562
1750932320.3981776,0.0,0.5,"[174.0, 185.0, 190.0, 161.0, 156.0, 151.0, 148.0, 165.0, 185.0, 174.0]",18.435283660888672,0.0,-5.91143798828125,0.0005741119384765625,-248.754150390625
1750932320.4133701,0.0,0.5,"[174.0, 185.0, 190.0, 161.0, 157.0, 151.0, 148.0, 165.0, 185.0, 174.0]",18.469100952148438,0.0,-5.542083740234375,0.0005741119384765625,-248.74896240234375
1750932320.428504,0.0,0.5,"[174.0, 185.0, 190.0, 161.0, 156.0, 151.0, 148.0, 165.0, 185.0, 174.0]",18.49565887451172,0.0,-5.172210693359375,0.0005741119384765625,-248.74337768554688
1750932320.4425921,0.0,0.5,"[174.0, 185.0, 192.0, 161.0, 157.0, 151.0, 148.0, 165.0, 185.0, 174.0]",18.54659080505371,0.0,-4.80133056640625,0.0005741119384765625,-248.7381591796875
1750932320.479601,0.0,0.5,"[174.0, 185.0, 190.0, 161.0, 156.0, 151.0, 148.0, 165.0, 185.0, 174.0]",18.518768310546875,0.0,-4.430999755859375,0.0005741119384765625,-248.73260498046875
1750932320.4946086,0.0,0.5,"[174.0, 185.0, 192.0, 161.0, 157.0, 151.0, 148.0, 165.0, 185.0, 174.0]",18.50400733947754,0.0,-4.060943603515625,0.0005741119384765625,-248.7275390625
1750932320.5087268,0.0,0.5,"[174.0, 185.0, 192.0, 161.0, 157.0, 151.0, 148.0, 165.0, 185.0, 174.0]",18.732351303100586,0.0,-3.68634033203125,0.0005741119384765625,-248.72207641601562
1750932320.5237625,0.0,0.5,"[174.0, 185.0, 192.0, 161.0, 157.0, 151.0, 148.0, 165.0, 185.0, 174.0]",18.620267868041992,0.0,-3.31396484375,0.0005741119384765625,-248.7166748046875
1750932320.5495918,0.0,0.5,"[174.0, 185.0, 192.0, 161.0, 157.0, 151.0, 148.0, 165.0, 185.0, 174.0]",18.871845245361328,0.0,-2.93658447265625,0.0005741119384765625,-248.7110595703125
1750932320.5649073,0.0,0.5,"[174.0, 185.0, 192.0, 162.0, 157.0, 151.0, 148.0, 165.0, 185.0, 174.0]",18.599950790405273,0.0,-2.564605712890625,0.0005741119384765625,-248.7056884765625
1750932320.5796216,0.0,0.5,"[174.0, 185.0, 192.0, 161.0, 157.0, 151.0, 148.0, 165.0, 185.0, 174.0]",18.78565788269043,0.0,-2.188934326171875,0.0005741119384765625,-248.70001220703125
1750932320.617196,0.0,0.5,"[174.0, 185.0, 192.0, 161.0, 157.0, 151.0, 148.0, 165.0, 185.0, 174.0]",18.795352935791016,0.0,-1.813079833984375,0.0005741119384765625,-248.69451904296875
1750932320.631935,0.0,0.5,"[174.0, 185.0, 192.0, 162.0, 157.0, 151.0, 148.0, 164.0, 185.0, 174.0]",18.954496383666992,0.0,-1.43402099609375,0.0005741119384765625,-248.6890869140625
1750932320.6471064,0.0,0.5,"[174.0, 185.0, 192.0, 162.0, 157.0, 151.0, 148.0, 164.0, 185.0, 174.0]",18.824642181396484,0.0,-1.057586669921875,0.0005741119384765625,-248.6837158203125
1750932320.6620822,0.0,0.5,"[174.0, 185.0, 192.0, 162.0, 157.0, 151.0, 148.0, 164.0, 185.0, 174.0]",18.833267211914062,0.0,-0.680938720703125,0.0005741119384765625,-248.67831420898438
1750932320.699113,0.0,0.5,"[174.0, 185.0, 192.0, 162.0, 157.0, 151.0, 148.0, 164.0, 185.0, 174.0]",19.050981521606445,0.0,-0.299957275390625,0.0005741119384765625,-248.67279052734375
1750932320.7139456,0.0,0.5,"[174.0, 185.0, 192.0, 162.0, 157.0, 151.0, 148.0, 164.0, 185.0, 174.0]",18.9559383392334,0.0,0.0791015625,0.0005741119384765625,-248.667236328125
1750932320.7293036,0.0,0.5,"[174.0, 185.0, 192.0, 162.0, 157.0, 151.0, 148.0, 164.0, 185.0, 174.0]",19.11012840270996,0.0,0.461273193359375,0.0005741119384765625,-248.66177368164062
1750932320.743924,0.0,0.5,"[174.0, 185.0, 192.0, 162.0, 157.0, 151.0, 148.0, 164.0, 185.0, 174.0]",19.039655685424805,0.0,0.842041015625,0.0005741119384765625,-248.65631103515625
1750932320.770323,0.0,0.5,"[174.0, 185.0, 192.0, 162.0, 157.0, 151.0, 148.0, 164.0, 185.0, 174.0]",19.22352409362793,0.0,1.226470947265625,0.0005741119384765625,-248.65081787109375
1750932320.7847846,0.0,0.5,"[174.0, 185.0, 192.0, 162.0, 157.0, 151.0, 148.0, 164.0, 185.0, 174.0]",19.027450561523438,0.0,1.606964111328125,0.0005741119384765625,-248.645263671875
1750932320.7998352,0.0,0.5,"[174.0, 185.0, 192.0, 162.0, 157.0, 151.0, 147.0, 164.0, 185.0, 174.0]",19.224985122680664,0.0,1.991424560546875,0.0005741119384765625,-248.63973999023438
1750932320.8362572,0.0,0.5,"[174.0, 185.0, 192.0, 162.0, 157.0, 151.0, 148.0, 164.0, 185.0, 174.0]",19.066869735717773,0.0,2.372711181640625,0.00057220458984375,-248.634033203125
1750932320.8507814,0.0,0.5,"[174.0, 185.0, 192.0, 162.0, 157.0, 151.0, 148.0, 164.0, 185.0, 174.0]",19.363161087036133,0.0,2.75994873046875,0.0005741119384765625,-248.62850952148438
1750932320.8654337,0.0,0.5,"[174.0, 185.0, 192.0, 162.0, 157.0, 151.0, 147.0, 164.0, 185.0, 174.0]",19.20096206665039,0.0,3.1439208984375,0.0005741119384765625,-248.623046875
1750932320.8798378,0.0,0.5,"[174.0, 185.0, 192.0, 162.0, 157.0, 150.0, 147.0, 164.0, 185.0, 174.0]",19.432483673095703,0.0,3.53253173828125,0.0005741119384765625,-248.61749267578125
1750932320.9171019,0.0,0.5,"[174.0, 185.0, 192.0, 162.0, 157.0, 151.0, 147.0, 164.0, 185.0, 174.0]",19.226642608642578,0.0,3.917022705078125,0.0005741119384765625,-248.61187744140625
1750932320.932506,0.0,0.5,"[174.0, 185.0, 192.0, 162.0, 157.0, 150.0, 147.0, 164.0, 185.0, 174.0]",19.429264068603516,0.0,4.305572509765625,0.0005741119384765625,-248.60635375976562
1750932320.947401,0.0,0.5,"[174.0, 185.0, 192.0, 162.0, 157.0, 150.0, 147.0, 164.0, 185.0, 174.0]",19.28704261779785,0.0,4.6912841796875,0.0005741119384765625,-248.6007080078125
1750932320.9629414,0.0,0.5,"[174.0, 185.0, 192.0, 162.0, 157.0, 150.0, 147.0, 164.0, 185.0, 174.0]",19.541744232177734,0.0,5.082061767578125,0.0005741119384765625,-248.594970703125
1750932320.988966,0.0,0.5,"[174.0, 185.0, 192.0, 162.0, 157.0, 151.0, 147.0, 164.0, 185.0, 174.0]",19.430707931518555,0.0,5.47064208984375,0.0005741119384765625,-248.58926391601562
1750932321.0038114,0.0,0.5,"[174.0, 185.0, 192.0, 162.0, 157.0, 150.0, 147.0, 164.0, 185.0, 174.0]",19.588634490966797,0.0,5.86236572265625,0.0005741119384765625,-248.58367919921875
1750932321.0292778,0.0,0.5,"[174.0, 185.0, 192.0, 162.0, 157.0, 150.0, 147.0, 164.0, 185.0, 174.0]",19.505510330200195,0.0,6.25244140625,0.0005741119384765625,-248.57806396484375
1750932321.0447059,0.0,0.5,"[174.0, 185.0, 192.0, 162.0, 157.0, 150.0, 147.0, 164.0, 185.0, 174.0]",19.61716651916504,0.0,6.644744873046875,0.000576019287109375,-248.5723876953125
1750932321.0594409,0.0,0.5,"[174.0, 185.0, 192.0, 162.0, 157.0, 150.0, 147.0, 164.0, 185.0, 174.0]",19.552806854248047,0.0,7.0357666015625,0.000576019287109375,-248.56649780273438
1750932321.0963461,0.0,0.5,"[174.0, 185.0, 192.0, 162.0, 157.0, 150.0, 147.0, 164.0, 185.0, 174.0]",19.774690628051758,0.0,7.43121337890625,0.000576019287109375,-248.56076049804688
1750932321.1114585,0.0,0.5,"[174.0, 185.0, 192.0, 162.0, 157.0, 150.0, 147.0, 164.0, 185.0, 174.0]",19.6129093170166,0.0,7.82342529296875,0.000576019287109375,-248.55502319335938
1750932321.1267564,0.0,0.5,"[174.0, 185.0, 192.0, 162.0, 157.0, 150.0, 147.0, 163.0, 185.0, 174.0]",19.819942474365234,0.0,8.21978759765625,0.000576019287109375,-248.54931640625
1750932321.1419182,0.0,0.5,"[174.0, 185.0, 192.0, 162.0, 157.0, 150.0, 147.0, 163.0, 185.0, 174.0]",19.644010543823242,0.0,8.61260986328125,0.0005741119384765625,-248.5435791015625
1750932321.178353,0.0,0.5,"[174.0, 185.0, 192.0, 162.0, 157.0, 150.0, 147.0, 163.0, 185.0, 174.0]",19.840099334716797,0.0,9.009368896484375,0.0005741119384765625,-248.53787231445312
1750932321.1930668,0.0,0.5,"[174.0, 185.0, 192.0, 162.0, 157.0, 150.0, 147.0, 163.0, 185.0, 174.0]",19.719703674316406,0.0,9.403717041015625,0.0005741119384765625,-248.53192138671875
1750932321.2074935,0.0,0.5,"[174.0, 185.0, 192.0, 162.0, 157.0, 150.0, 147.0, 163.0, 185.0, 174.0]",19.942169189453125,0.0,9.802520751953125,0.0005741119384765625,-248.5262451171875
1750932321.221569,0.0,0.5,"[174.0, 185.0, 192.0, 162.0, 157.0, 150.0, 147.0, 163.0, 185.0, 174.0]",19.862276077270508,0.0,10.199737548828125,0.0005741119384765625,-248.5205078125
1750932321.2585301,0.0,0.5,"[174.0, 185.0, 192.0, 162.0, 157.0, 150.0, 147.0, 162.0, 185.0, 174.0]",20.052204132080078,0.0,10.600738525390625,0.0005741119384765625,-248.5147705078125
1750932321.2732346,0.0,0.5,"[174.0, 185.0, 192.0, 162.0, 157.0, 150.0, 147.0, 163.0, 185.0, 174.0]",19.79916000366211,0.0,10.996673583984375,0.0005741119384765625,-248.50897216796875
1750932321.288101,0.0,0.5,"[174.0, 185.0, 192.0, 162.0, 157.0, 150.0, 147.0, 162.0, 185.0, 174.0]",19.992061614990234,0.0,11.396484375,0.0005741119384765625,-248.5032958984375
1750932321.3031154,0.0,0.5,"[174.0, 185.0, 192.0, 162.0, 157.0, 150.0, 147.0, 162.0, 185.0, 174.0]",20.02446174621582,0.0,11.79693603515625,0.0005741119384765625,-248.49746704101562
1750932321.3410478,0.0,0.5,"[174.0, 185.0, 192.0, 162.0, 157.0, 150.0, 147.0, 162.0, 185.0, 174.0]",20.19700813293457,0.0,12.200836181640625,0.0005741119384765625,-248.49151611328125
1750932321.3564465,0.0,0.5,"[174.0, 185.0, 192.0, 162.0, 157.0, 150.0, 147.0, 162.0, 185.0, 174.0]",19.9681396484375,0.0,12.600128173828125,0.0005741119384765625,-248.48565673828125
1750932321.3719509,0.0,0.5,"[174.0, 185.0, 192.0, 162.0, 157.0, 150.0, 146.0, 162.0, 185.0, 174.0]",20.206195831298828,0.0,13.00421142578125,0.000576019287109375,-248.47979736328125
1750932321.3869617,0.0,0.5,"[174.0, 185.0, 192.0, 162.0, 157.0, 150.0, 147.0, 162.0, 185.0, 174.0]",20.056222915649414,0.0,13.405303955078125,0.000576019287109375,-248.47381591796875
1750932321.4025989,0.0,0.5,"[174.0, 185.0, 192.0, 162.0, 157.0, 150.0, 146.0, 162.0, 185.0, 174.0]",20.25904083251953,0.0,13.810455322265625,0.0005741119384765625,-248.46804809570312
1750932321.4409258,0.0,0.5,"[174.0, 185.0, 192.0, 162.0, 157.0, 150.0, 146.0, 162.0, 185.0, 174.0]",20.11773681640625,0.0,14.2127685546875,0.000576019287109375,-248.46218872070312
1750932321.4559453,0.0,0.5,"[174.0, 185.0, 192.0, 162.0, 157.0, 150.0, 146.0, 162.0, 185.0, 174.0]",20.343536376953125,0.0,14.61956787109375,0.000576019287109375,-248.456298828125
1750932321.4709663,0.0,0.5,"[174.0, 185.0, 192.0, 162.0, 157.0, 150.0, 146.0, 162.0, 185.0, 174.0]",20.24371337890625,0.0,15.0244140625,0.000576019287109375,-248.4503173828125
1750932321.4859338,0.0,0.5,"[174.0, 185.0, 192.0, 162.0, 157.0, 150.0, 146.0, 162.0, 185.0, 174.0]",20.43086051940918,0.0,15.4329833984375,0.000576019287109375,-248.44442749023438
1750932321.5009563,0.0,0.5,"[174.0, 185.0, 192.0, 162.0, 157.0, 150.0, 146.0, 162.0, 185.0, 174.0]",20.18561553955078,0.0,15.836639404296875,0.000576019287109375,-248.43841552734375
1750932321.5387962,0.0,0.5,"[174.0, 185.0, 192.0, 162.0, 157.0, 150.0, 146.0, 162.0, 185.0, 174.0]",20.481170654296875,0.0,16.246246337890625,0.000576019287109375,-248.43246459960938
1750932321.553919,0.0,0.5,"[174.0, 185.0, 192.0, 162.0, 157.0, 150.0, 146.0, 162.0, 185.0, 174.0]",20.381675720214844,0.0,16.653839111328125,0.000576019287109375,-248.42648315429688
1750932321.5689034,0.0,0.5,"[174.0, 185.0, 193.0, 162.0, 157.0, 150.0, 146.0, 162.0, 185.0, 174.0]",20.59612274169922,0.0,17.065704345703125,0.000576019287109375,-248.4205322265625
1750932321.5841653,0.0,0.5,"[174.0, 185.0, 192.0, 162.0, 157.0, 150.0, 146.0, 162.0, 185.0, 174.0]",20.331018447875977,0.0,17.4722900390625,0.000576019287109375,-248.41448974609375
1750932321.610569,0.0,0.5,"[174.0, 185.0, 193.0, 162.0, 157.0, 150.0, 146.0, 162.0, 185.0, 174.0]",20.53822135925293,0.0,17.88299560546875,0.000576019287109375,-248.4085693359375
1750932321.6258342,0.0,0.5,"[174.0, 185.0, 193.0, 162.0, 157.0, 150.0, 146.0, 162.0, 185.0, 174.0]",20.544836044311523,0.0,18.293853759765625,0.000576019287109375,-248.40252685546875
1750932321.641031,0.0,0.5,"[174.0, 185.0, 193.0, 162.0, 157.0, 150.0, 146.0, 162.0, 185.0, 174.0]",20.726699829101562,0.0,18.708343505859375,0.0005741119384765625,-248.39642333984375
1750932321.6795099,0.0,0.5,"[174.0, 185.0, 193.0, 162.0, 157.0, 150.0, 146.0, 162.0, 185.0, 174.0]",20.48219871520996,0.0,19.117950439453125,0.0005741119384765625,-248.39031982421875
1750932321.6950943,0.0,0.5,"[174.0, 185.0, 193.0, 162.0, 157.0, 150.0, 146.0, 161.0, 185.0, 174.0]",20.678531646728516,0.0,19.531463623046875,0.0005741119384765625,-248.38433837890625
1750932321.7102451,0.0,0.5,"[174.0, 185.0, 193.0, 162.0, 157.0, 150.0, 146.0, 162.0, 185.0, 174.0]",20.6333065032959,0.0,19.944091796875,0.0005741119384765625,-248.378173828125
1750932321.7253973,0.0,0.5,"[174.0, 185.0, 193.0, 162.0, 157.0, 150.0, 146.0, 161.0, 185.0, 174.0]",20.8472843170166,0.0,20.360992431640625,0.0005741119384765625,-248.37210083007812
1750932321.7403185,0.0,0.5,"[174.0, 185.0, 193.0, 162.0, 157.0, 150.0, 146.0, 161.0, 185.0, 174.0]",20.635366439819336,0.0,20.773651123046875,0.0005741119384765625,-248.36599731445312
1750932321.7785006,0.0,0.5,"[174.0, 185.0, 193.0, 162.0, 157.0, 150.0, 146.0, 161.0, 185.0, 174.0]",20.862863540649414,0.0,21.19085693359375,0.0005741119384765625,-248.3599853515625
1750932321.7936604,0.0,0.5,"[174.0, 185.0, 193.0, 162.0, 157.0, 150.0, 146.0, 161.0, 185.0, 174.0]",20.70871925354004,0.0,21.60498046875,0.0005741119384765625,-248.3538818359375
1750932321.8083797,0.0,0.5,"[174.0, 185.0, 193.0, 162.0, 157.0, 150.0, 146.0, 161.0, 185.0, 174.0]",20.89556121826172,0.0,22.022857666015625,0.0005741119384765625,-248.3477783203125
1750932321.823142,0.0,0.5,"[174.0, 185.0, 193.0, 162.0, 157.0, 150.0, 146.0, 161.0, 185.0, 174.0]",20.833568572998047,0.0,22.439483642578125,0.000576019287109375,-248.34152221679688
1750932321.8615406,0.0,0.5,"[174.0, 185.0, 193.0, 162.0, 157.0, 150.0, 146.0, 161.0, 185.0, 174.0]",20.978378295898438,0.0,22.8590087890625,0.000576019287109375,-248.33541870117188
1750932321.8768039,0.0,0.5,"[174.0, 185.0, 193.0, 162.0, 157.0, 150.0, 146.0, 161.0, 185.0, 174.0]",20.858240127563477,0.0,23.276123046875,0.000576019287109375,-248.32925415039062
1750932321.8924744,0.0,0.5,"[174.0, 185.0, 193.0, 162.0, 157.0, 150.0, 146.0, 161.0, 185.0, 174.0]",21.033971786499023,0.0,23.696746826171875,0.000576019287109375,-248.32305908203125
1750932321.9077954,0.0,0.5,"[174.0, 185.0, 193.0, 162.0, 157.0, 150.0, 146.0, 161.0, 185.0, 174.0]",20.92529296875,0.0,24.115203857421875,0.000576019287109375,-248.31674194335938
1750932321.922832,0.0,0.5,"[174.0, 185.0, 193.0, 162.0, 157.0, 150.0, 146.0, 161.0, 185.0, 174.0]",21.13791275024414,0.0,24.537933349609375,0.000576019287109375,-248.31060791015625
1750932321.9607728,0.0,0.5,"[174.0, 185.0, 193.0, 162.0, 157.0, 150.0, 146.0, 161.0, 185.0, 174.0]",20.944244384765625,0.0,24.956756591796875,0.000576019287109375,-248.30438232421875
1750932321.9758267,0.0,0.5,"[174.0, 185.0, 193.0, 162.0, 157.0, 150.0, 146.0, 160.0, 185.0, 174.0]",21.154436111450195,0.0,25.37982177734375,0.000576019287109375,-248.29824829101562
1750932321.9906752,0.0,0.5,"[174.0, 185.0, 193.0, 162.0, 157.0, 150.0, 146.0, 161.0, 185.0, 174.0]",21.081317901611328,0.0,25.8013916015625,0.000576019287109375,-248.29190063476562
1750932322.00591,0.0,0.5,"[174.0, 185.0, 193.0, 162.0, 157.0, 150.0, 146.0, 160.0, 185.0, 174.0]",21.25499725341797,0.0,26.2264404296875,0.000576019287109375,-248.28570556640625
1750932322.0209682,0.0,0.5,"[174.0, 185.0, 193.0, 162.0, 157.0, 150.0, 146.0, 160.0, 185.0, 174.0]",21.120744705200195,0.0,26.6488037109375,0.000576019287109375,-248.27944946289062
1750932322.0597184,0.0,0.5,"[174.0, 185.0, 193.0, 162.0, 157.0, 150.0, 146.0, 160.0, 185.0, 174.0]",21.293581008911133,0.0,27.07464599609375,0.000576019287109375,-248.27325439453125
1750932322.0749063,0.0,0.5,"[174.0, 185.0, 193.0, 162.0, 157.0, 150.0, 146.0, 160.0, 185.0, 174.0]",21.135086059570312,0.0,27.497283935546875,0.000576019287109375,-248.26690673828125
1750932322.089664,0.0,0.5,"[174.0, 185.0, 193.0, 162.0, 157.0, 150.0, 145.0, 160.0, 185.0, 174.0]",21.394596099853516,0.0,27.925140380859375,0.000576019287109375,-248.26058959960938
1750932322.1050806,0.0,0.5,"[174.0, 185.0, 193.0, 162.0, 157.0, 150.0, 146.0, 160.0, 185.0, 174.0]",21.259462356567383,0.0,28.35028076171875,0.000576019287109375,-248.25424194335938
1750932322.1201448,0.0,0.5,"[174.0, 185.0, 193.0, 163.0, 157.0, 150.0, 145.0, 159.0, 185.0, 174.0]",21.434051513671875,0.0,28.7789306640625,0.000576019287109375,-248.24798583984375
1750932322.1570647,0.0,0.5,"[174.0, 185.0, 193.0, 163.0, 157.0, 150.0, 145.0, 159.0, 185.0, 174.0]",21.27448844909668,0.0,29.204376220703125,0.000576019287109375,-248.24163818359375
1750932322.1721091,0.0,0.5,"[174.0, 185.0, 193.0, 163.0, 157.0, 149.0, 145.0, 159.0, 185.0, 174.0]",21.487239837646484,0.0,29.634063720703125,0.000576019287109375,-248.23529052734375
1750932322.1871095,0.0,0.5,"[174.0, 185.0, 193.0, 163.0, 157.0, 150.0, 145.0, 159.0, 185.0, 174.0]",21.391788482666016,0.0,30.061859130859375,0.000576019287109375,-248.22882080078125
1750932322.2026834,0.0,0.5,"[174.0, 185.0, 193.0, 163.0, 157.0, 149.0, 145.0, 159.0, 185.0, 174.0]",21.552471160888672,0.0,30.49285888671875,0.000576019287109375,-248.22256469726562
1750932322.2414615,0.0,0.5,"[174.0, 185.0, 193.0, 163.0, 157.0, 150.0, 145.0, 159.0, 185.0, 174.0]",21.393857955932617,0.0,30.920684814453125,0.000576019287109375,-248.2161865234375
1750932322.2562933,0.0,0.5,"[174.0, 185.0, 193.0, 163.0, 157.0, 149.0, 145.0, 159.0, 185.0, 174.0]",21.63906478881836,0.0,31.353424072265625,0.000576019287109375,-248.2098388671875
1750932322.2718265,0.0,0.5,"[174.0, 185.0, 193.0, 163.0, 157.0, 150.0, 145.0, 159.0, 185.0, 174.0]",21.50309181213379,0.0,31.783416748046875,0.000576019287109375,-248.20343017578125
1750932322.287234,0.0,0.5,"[174.0, 185.0, 193.0, 163.0, 157.0, 149.0, 145.0, 159.0, 185.0, 174.0]",21.66766357421875,0.0,32.21673583984375,0.000576019287109375,-248.19708251953125
1750932322.3026166,0.0,0.5,"[174.0, 185.0, 193.0, 163.0, 157.0, 149.0, 145.0, 159.0, 185.0, 174.0]",21.516401290893555,0.0,32.647003173828125,0.000576019287109375,-248.19061279296875
1750932322.3415794,0.0,0.5,"[174.0, 185.0, 193.0, 163.0, 157.0, 149.0, 145.0, 159.0, 185.0, 174.0]",21.768264770507812,0.0,33.08233642578125,0.000576019287109375,-248.18414306640625
1750932322.3567436,0.0,0.5,"[174.0, 185.0, 193.0, 163.0, 157.0, 149.0, 145.0, 159.0, 185.0, 174.0]",21.626991271972656,0.0,33.51483154296875,0.000576019287109375,-248.17764282226562
1750932322.372221,0.0,0.5,"[174.0, 185.0, 193.0, 163.0, 157.0, 149.0, 145.0, 159.0, 185.0, 174.0]",21.822359085083008,0.0,33.95123291015625,0.000576019287109375,-248.1712646484375
1750932322.3874862,0.0,0.5,"[174.0, 185.0, 193.0, 163.0, 157.0, 149.0, 145.0, 159.0, 185.0, 174.0]",21.628742218017578,0.0,34.383758544921875,0.000576019287109375,-248.164794921875
1750932322.4026225,0.0,0.5,"[174.0, 185.0, 193.0, 163.0, 157.0, 149.0, 145.0, 159.0, 185.0, 174.0]",21.867372512817383,0.0,34.821044921875,0.000576019287109375,-248.15835571289062
1750932322.441138,0.0,0.5,"[174.0, 185.0, 193.0, 163.0, 157.0, 149.0, 145.0, 159.0, 185.0, 174.0]",21.788034439086914,0.0,35.256744384765625,0.000576019287109375,-248.15179443359375
1750932322.4566603,0.0,0.5,"[174.0, 185.0, 193.0, 163.0, 157.0, 149.0, 145.0, 159.0, 185.0, 174.0]",21.91972541809082,0.0,35.695098876953125,0.000576019287109375,-248.1453857421875
1750932322.471893,0.0,0.5,"[174.0, 185.0, 193.0, 163.0, 157.0, 149.0, 145.0, 159.0, 185.0, 174.0]",21.75701141357422,0.0,36.13018798828125,0.000576019287109375,-248.138916015625
1750932322.487331,0.0,0.5,"[174.0, 185.0, 193.0, 163.0, 157.0, 149.0, 145.0, 158.0, 185.0, 174.0]",22.008508682250977,0.0,36.5703125,0.000576019287109375,-248.13238525390625
1750932322.5030134,0.0,0.5,"[174.0, 185.0, 193.0, 163.0, 157.0, 149.0, 145.0, 159.0, 185.0, 174.0]",21.887102127075195,0.0,37.00799560546875,0.000576019287109375,-248.12582397460938
1750932322.5422013,0.0,0.5,"[174.0, 185.0, 193.0, 163.0, 157.0, 149.0, 144.0, 158.0, 185.0, 174.0]",22.062911987304688,0.0,37.44921875,0.000576019287109375,-248.119384765625
1750932322.5578454,0.0,0.5,"[174.0, 185.0, 193.0, 163.0, 157.0, 149.0, 144.0, 158.0, 185.0, 174.0]",21.872758865356445,0.0,37.886627197265625,0.000576019287109375,-248.11285400390625
1750932322.5734978,0.0,0.5,"[174.0, 185.0, 194.0, 163.0, 157.0, 149.0, 144.0, 158.0, 185.0, 174.0]",22.10809326171875,0.0,38.3287353515625,0.000576019287109375,-248.1063232421875
1750932322.5889773,0.0,0.5,"[174.0, 185.0, 193.0, 163.0, 157.0, 149.0, 144.0, 158.0, 185.0, 174.0]",22.030752182006836,0.0,38.769287109375,0.000576019287109375,-248.09967041015625
1750932322.6046367,0.0,0.5,"[174.0, 185.0, 194.0, 163.0, 157.0, 149.0, 144.0, 158.0, 185.0, 174.0]",22.16471290588379,0.0,39.212554931640625,0.000576019287109375,-248.09320068359375
1750932322.6203153,0.0,0.5,"[174.0, 185.0, 194.0, 163.0, 157.0, 149.0, 144.0, 158.0, 185.0, 174.0]",22.001840591430664,0.0,39.65252685546875,0.000576019287109375,-248.08660888671875
1750932322.6604557,0.0,0.5,"[174.0, 185.0, 194.0, 163.0, 157.0, 149.0, 144.0, 158.0, 185.0, 174.0]",22.250764846801758,0.0,40.097503662109375,0.000576019287109375,-248.08001708984375
1750932322.6762857,0.0,0.5,"[174.0, 185.0, 194.0, 163.0, 157.0, 149.0, 144.0, 158.0, 185.0, 174.0]",22.124784469604492,0.0,40.539947509765625,0.000576019287109375,-248.0733642578125
1750932322.6917899,0.0,0.5,"[174.0, 185.0, 194.0, 163.0, 157.0, 149.0, 144.0, 158.0, 185.0, 174.0]",22.30547332763672,0.0,40.985992431640625,0.000576019287109375,-248.06683349609375
1750932322.7073698,0.0,0.5,"[174.0, 185.0, 194.0, 163.0, 157.0, 149.0, 144.0, 158.0, 185.0, 174.0]",22.111438751220703,0.0,41.428192138671875,0.000576019287109375,-248.0601806640625
1750932322.72251,0.0,0.5,"[174.0, 185.0, 194.0, 163.0, 157.0, 149.0, 144.0, 158.0, 185.0, 174.0]",22.35249137878418,0.0,41.87518310546875,0.000576019287109375,-248.0535888671875
1750932322.7620597,0.0,0.5,"[174.0, 185.0, 194.0, 163.0, 157.0, 149.0, 144.0, 158.0, 185.0, 174.0]",22.271892547607422,0.0,42.320587158203125,0.000576019287109375,-248.046875
1750932322.777648,0.0,0.5,"[174.0, 185.0, 195.0, 163.0, 157.0, 149.0, 144.0, 158.0, 185.0, 174.0]",22.405799865722656,0.0,42.768646240234375,0.000576019287109375,-248.04031372070312
1750932322.7925806,0.0,0.5,"[174.0, 185.0, 194.0, 163.0, 157.0, 149.0, 144.0, 158.0, 185.0, 174.0]",22.24333381652832,0.0,43.213470458984375,0.000576019287109375,-248.03363037109375
1750932322.8082175,0.0,0.5,"[174.0, 185.0, 195.0, 163.0, 157.0, 149.0, 144.0, 158.0, 185.0, 174.0]",22.491924285888672,0.0,43.663238525390625,0.000576019287109375,-248.0269775390625
1750932322.8236508,0.0,0.5,"[174.0, 185.0, 195.0, 163.0, 157.0, 149.0, 144.0, 158.0, 185.0, 174.0]",22.355960845947266,0.0,44.110321044921875,0.000576019287109375,-248.020263671875
1750932322.8509755,0.0,0.5,"[174.0, 185.0, 195.0, 163.0, 157.0, 149.0, 144.0, 158.0, 185.0, 174.0]",22.546180725097656,0.0,44.561187744140625,0.000576019287109375,-248.01361083984375
1750932322.8667507,0.0,0.5,"[174.0, 185.0, 195.0, 163.0, 157.0, 149.0, 144.0, 156.0, 185.0, 174.0]",22.349956512451172,0.0,45.008148193359375,0.000576019287109375,-248.00692749023438
1750932322.8823934,0.0,0.5,"[174.0, 185.0, 195.0, 163.0, 157.0, 149.0, 144.0, 156.0, 185.0, 174.0]",22.59142303466797,0.0,45.45989990234375,0.000576019287109375,-248.000244140625
1750932322.921977,0.0,0.5,"[174.0, 185.0, 195.0, 163.0, 157.0, 149.0, 144.0, 156.0, 185.0, 174.0]",22.507396697998047,0.0,45.910003662109375,0.000576019287109375,-247.993408203125
1750932322.9371414,0.0,0.5,"[174.0, 185.0, 195.0, 163.0, 157.0, 149.0, 144.0, 156.0, 185.0, 174.0]",22.646617889404297,0.0,46.362884521484375,0.000576019287109375,-247.98675537109375
1750932322.9528701,0.0,0.5,"[174.0, 185.0, 195.0, 163.0, 157.0, 149.0, 144.0, 156.0, 185.0, 174.0]",22.47882843017578,0.0,46.812408447265625,0.000576019287109375,-247.98004150390625
1750932322.9686353,0.0,0.5,"[174.0, 185.0, 195.0, 163.0, 157.0, 149.0, 144.0, 156.0, 185.0, 174.0]",22.72602653503418,0.0,47.266876220703125,0.000576019287109375,-247.9732666015625
1750932322.9835467,0.0,0.5,"[174.0, 185.0, 195.0, 163.0, 157.0, 149.0, 144.0, 156.0, 185.0, 174.0]",22.592674255371094,0.0,47.71868896484375,0.000576019287109375,-247.96646118164062
1750932323.0111487,0.0,0.5,"[174.0, 185.0, 195.0, 163.0, 157.0, 149.0, 144.0, 156.0, 185.0, 174.0]",22.781600952148438,0.0,48.174285888671875,0.000576019287109375,-247.95977783203125
1750932323.026722,0.0,0.5,"[174.0, 185.0, 195.0, 163.0, 157.0, 149.0, 144.0, 156.0, 185.0, 174.0]",22.585702896118164,0.0,48.625946044921875,0.000576019287109375,-247.95297241210938
1750932323.042122,0.0,0.5,"[174.0, 185.0, 195.0, 163.0, 157.0, 149.0, 144.0, 156.0, 185.0, 174.0]",22.827083587646484,0.0,49.082427978515625,0.000576019287109375,-247.94619750976562
1750932323.0811274,0.0,0.5,"[174.0, 185.0, 195.0, 163.0, 157.0, 149.0, 144.0, 156.0, 185.0, 174.0]",22.73949432373047,0.0,49.53717041015625,0.000576019287109375,-247.9393310546875
1750932323.0963416,0.0,0.5,"[174.0, 185.0, 195.0, 163.0, 157.0, 149.0, 144.0, 156.0, 185.0, 174.0]",22.884538650512695,0.0,49.99481201171875,0.000576019287109375,-247.93258666992188
1750932323.111286,0.0,0.5,"[174.0, 185.0, 195.0, 163.0, 157.0, 149.0, 144.0, 156.0, 185.0, 174.0]",22.711170196533203,0.0,50.448974609375,0.000576019287109375,-247.92578125
1750932323.1270914,0.0,0.5,"[174.0, 185.0, 195.0, 163.0, 157.0, 149.0, 143.0, 156.0, 185.0, 174.0]",22.95688247680664,0.0,50.908050537109375,0.000576019287109375,-247.9189453125
1750932323.1427908,0.0,0.5,"[174.0, 185.0, 195.0, 163.0, 157.0, 149.0, 143.0, 156.0, 185.0, 174.0]",22.826587677001953,0.0,51.364532470703125,0.000576019287109375,-247.91204833984375
1750932323.1821384,0.0,0.5,"[174.0, 185.0, 195.0, 163.0, 157.0, 149.0, 143.0, 156.0, 185.0, 174.0]",23.014684677124023,0.0,51.824798583984375,0.000576019287109375,-247.9052734375
1750932323.1974437,0.0,0.5,"[174.0, 185.0, 195.0, 163.0, 157.0, 149.0, 143.0, 156.0, 185.0, 174.0]",22.818265914916992,0.0,52.281097412109375,0.000576019287109375,-247.89840698242188
1750932323.2131557,0.0,0.5,"[174.0, 185.0, 195.0, 163.0, 157.0, 149.0, 143.0, 155.0, 185.0, 174.0]",23.05958366394043,0.0,52.74224853515625,0.000576019287109375,-247.89154052734375
1750932323.228961,0.0,0.5,"[174.0, 185.0, 195.0, 163.0, 157.0, 149.0, 143.0, 155.0, 185.0, 174.0]",22.967525482177734,0.0,53.2015380859375,0.000576019287109375,-247.88458251953125
1750932323.2451825,0.0,0.5,"[174.0, 185.0, 195.0, 163.0, 157.0, 148.0, 143.0, 155.0, 185.0, 174.0]",23.11966896057129,0.0,53.66387939453125,0.000576019287109375,-247.87777709960938
1750932323.2613862,0.0,0.5,"[174.0, 185.0, 195.0, 163.0, 157.0, 149.0, 143.0, 155.0, 185.0, 174.0]",22.940589904785156,0.0,54.122650146484375,0.000576019287109375,-247.870849609375
1750932323.301678,0.0,0.5,"[174.0, 185.0, 195.0, 163.0, 157.0, 148.0, 143.0, 155.0, 185.0, 174.0]",23.183956146240234,0.0,54.586273193359375,0.0005779266357421875,-247.86395263671875
1750932323.3174438,0.0,0.5,"[174.0, 185.0, 195.0, 163.0, 157.0, 148.0, 143.0, 155.0, 185.0, 174.0]",23.05924415588379,0.0,55.047393798828125,0.000576019287109375,-247.85699462890625
1750932323.3333547,0.0,0.5,"[174.0, 185.0, 195.0, 163.0, 157.0, 148.0, 143.0, 155.0, 185.0, 174.0]",23.2451171875,0.0,55.512237548828125,0.0005779266357421875,-247.85009765625
1750932323.3492675,0.0,0.5,"[174.0, 185.0, 195.0, 163.0, 157.0, 148.0, 143.0, 155.0, 185.0, 174.0]",23.04783821105957,0.0,55.97314453125,0.0005779266357421875,-247.84317016601562
1750932323.3642316,0.0,0.5,"[174.0, 185.0, 195.0, 163.0, 157.0, 148.0, 143.0, 155.0, 185.0, 174.0]",23.288232803344727,0.0,56.438873291015625,0.0005779266357421875,-247.83624267578125
1750932323.3922617,0.0,0.5,"[174.0, 185.0, 195.0, 163.0, 157.0, 148.0, 143.0, 155.0, 185.0, 174.0]",23.192564010620117,0.0,56.90264892578125,0.0005779266357421875,-247.8292236328125
1750932323.4086444,0.0,0.5,"[174.0, 185.0, 195.0, 163.0, 157.0, 148.0, 143.0, 155.0, 185.0, 174.0]",23.35167694091797,0.0,57.369659423828125,0.0005779266357421875,-247.82232666015625
1750932323.4245944,0.0,0.5,"[174.0, 185.0, 195.0, 163.0, 157.0, 148.0, 143.0, 155.0, 185.0, 174.0]",23.167236328125,0.0,57.83294677734375,0.0005779266357421875,-247.8153076171875
1750932323.4406369,0.0,0.5,"[174.0, 185.0, 195.0, 163.0, 157.0, 148.0, 143.0, 155.0, 185.0, 174.0]",23.40859031677246,0.0,58.301055908203125,0.0005779266357421875,-247.808349609375
1750932323.4810727,0.0,0.5,"[174.0, 185.0, 195.0, 163.0, 157.0, 148.0, 143.0, 155.0, 185.0, 174.0]",23.28790283203125,0.0,58.766754150390625,0.0005779266357421875,-247.80126953125
1750932323.497417,0.0,0.5,"[174.0, 185.0, 195.0, 163.0, 157.0, 148.0, 142.0, 155.0, 185.0, 174.0]",23.472888946533203,0.0,59.236175537109375,0.0005779266357421875,-247.79434204101562
1750932323.5135148,0.0,0.5,"[174.0, 185.0, 195.0, 163.0, 157.0, 148.0, 142.0, 155.0, 185.0, 174.0]",23.27470588684082,0.0,59.70159912109375,0.0005779266357421875,-247.78729248046875
1750932323.5298908,0.0,0.5,"[174.0, 185.0, 195.0, 163.0, 158.0, 148.0, 142.0, 154.0, 185.0, 174.0]",23.51411247253418,0.0,60.171844482421875,0.0005779266357421875,-247.78030395507812
1750932323.545868,0.0,0.5,"[174.0, 185.0, 195.0, 163.0, 158.0, 148.0, 142.0, 154.0, 185.0, 174.0]",23.413990020751953,0.0,60.64007568359375,0.000576019287109375,-247.773193359375
1750932323.5621073,0.0,0.5,"[174.0, 185.0, 196.0, 163.0, 158.0, 148.0, 142.0, 154.0, 185.0, 174.0]",23.580793380737305,0.0,61.11163330078125,0.0005779266357421875,-247.76620483398438
1750932323.603624,0.0,0.5,"[174.0, 185.0, 195.0, 163.0, 158.0, 148.0, 142.0, 154.0, 185.0, 174.0]",23.39096450805664,0.0,61.57940673828125,0.0005779266357421875,-247.7591552734375
1750932323.620105,0.0,0.5,"[174.0, 185.0, 196.0, 163.0, 158.0, 148.0, 142.0, 154.0, 185.0, 174.0]",23.630525588989258,0.0,62.051971435546875,0.0005779266357421875,-247.7520751953125
1750932323.6361048,0.0,0.5,"[174.0, 185.0, 196.0, 163.0, 158.0, 148.0, 142.0, 154.0, 185.0, 174.0]",23.513338088989258,0.0,62.52215576171875,0.0005779266357421875,-247.74493408203125
1750932323.6523695,0.0,0.5,"[174.0, 185.0, 196.0, 163.0, 158.0, 148.0, 141.0, 153.0, 185.0, 174.0]",23.697887420654297,0.0,62.996063232421875,0.0005779266357421875,-247.7379150390625
1750932323.66928,0.0,0.5,"[174.0, 185.0, 196.0, 163.0, 158.0, 148.0, 141.0, 153.0, 185.0, 174.0]",23.4991455078125,0.0,63.46600341796875,0.0005779266357421875,-247.73080444335938
1750932323.6856332,0.0,0.5,"[174.0, 185.0, 196.0, 163.0, 157.0, 148.0, 141.0, 153.0, 185.0, 174.0]",23.736957550048828,0.0,63.940673828125,0.0005779266357421875,-247.72372436523438
1750932323.7018552,0.0,0.5,"[174.0, 185.0, 196.0, 163.0, 157.0, 148.0, 141.0, 153.0, 185.0, 174.0]",23.63228988647461,0.0,64.41326904296875,0.0005779266357421875,-247.716552734375
1750932323.7429862,0.0,0.5,"[174.0, 185.0, 196.0, 163.0, 157.0, 148.0, 141.0, 153.0, 185.0, 174.0]",23.807174682617188,0.0,64.88937377929688,0.0005779266357421875,-247.70947265625
1750932323.759188,0.0,0.5,"[174.0, 185.0, 196.0, 163.0, 157.0, 148.0, 141.0, 153.0, 185.0, 174.0]",23.611963272094727,0.0,65.36154174804688,0.0005779266357421875,-247.70233154296875
1750932323.7752213,0.0,0.5,"[174.0, 185.0, 197.0, 163.0, 157.0, 148.0, 141.0, 153.0, 185.0, 174.0]",23.849699020385742,0.0,65.8385009765625,0.0005779266357421875,-247.6951904296875
1750932323.7910366,0.0,0.5,"[174.0, 185.0, 196.0, 163.0, 157.0, 148.0, 141.0, 153.0, 185.0, 174.0]",23.73499870300293,0.0,66.31314086914062,0.000576019287109375,-247.68798828125
1750932323.8075428,0.0,0.5,"[174.0, 185.0, 197.0, 163.0, 157.0, 148.0, 141.0, 153.0, 185.0, 174.0]",23.920808792114258,0.0,66.79150390625,0.0005779266357421875,-247.68087768554688
1750932323.8230827,0.0,0.5,"[174.0, 185.0, 197.0, 163.0, 157.0, 148.0, 141.0, 153.0, 185.0, 174.0]",23.72030258178711,0.0,67.26583862304688,0.000576019287109375,-247.6737060546875
1750932323.864096,0.0,0.5,"[174.0, 185.0, 197.0, 163.0, 157.0, 148.0, 141.0, 153.0, 185.0, 174.0]",23.956764221191406,0.0,67.74493408203125,0.0005779266357421875,-247.66653442382812
1750932323.8803592,0.0,0.5,"[174.0, 185.0, 197.0, 163.0, 157.0, 148.0, 141.0, 153.0, 185.0, 174.0]",23.84799575805664,0.0,68.22183227539062,0.0005779266357421875,-247.65927124023438
1750932323.8966196,0.0,0.5,"[174.0, 185.0, 197.0, 163.0, 157.0, 148.0, 141.0, 153.0, 185.0, 174.0]",24.030309677124023,0.0,68.702392578125,0.0005779266357421875,-247.652099609375
1750932323.9124076,0.0,0.5,"[174.0, 185.0, 197.0, 163.0, 157.0, 148.0, 141.0, 153.0, 185.0, 174.0]",23.830705642700195,0.0,69.178955078125,0.0005779266357421875,-247.6448974609375
1750932323.9283557,0.0,0.5,"[174.0, 185.0, 197.0, 163.0, 157.0, 148.0, 141.0, 151.0, 185.0, 174.0]",24.066320419311523,0.0,69.66021728515625,0.0005779266357421875,-247.6376953125
1750932323.9443161,0.0,0.5,"[174.0, 185.0, 197.0, 163.0, 157.0, 148.0, 141.0, 151.0, 185.0, 174.0]",23.953027725219727,0.0,70.13922119140625,0.0005779266357421875,-247.63040161132812
1750932323.9727933,0.0,0.5,"[174.0, 185.0, 197.0, 164.0, 157.0, 148.0, 140.0, 151.0, 185.0, 174.0]",24.141130447387695,0.0,70.62197875976562,0.0005779266357421875,-247.62322998046875
1750932323.9887865,0.0,0.5,"[174.0, 185.0, 197.0, 163.0, 157.0, 148.0, 140.0, 151.0, 185.0, 174.0]",23.93868637084961,0.0,71.1007080078125,0.0005779266357421875,-247.615966796875
1750932324.0044224,0.0,0.5,"[174.0, 185.0, 197.0, 164.0, 157.0, 148.0, 140.0, 151.0, 185.0, 174.0]",24.17348861694336,0.0,71.58413696289062,0.0005779266357421875,-247.60870361328125
1750932324.0327618,0.0,0.5,"[174.0, 185.0, 197.0, 164.0, 157.0, 148.0, 140.0, 151.0, 185.0, 174.0]",24.061643600463867,0.0,72.0653076171875,0.0005779266357421875,-247.60137939453125
1750932324.0486252,0.0,0.5,"[174.0, 185.0, 197.0, 164.0, 157.0, 148.0, 140.0, 151.0, 185.0, 174.0]",24.250173568725586,0.0,72.55026245117188,0.0005779266357421875,-247.59417724609375
1750932324.0648007,0.0,0.5,"[174.0, 185.0, 197.0, 164.0, 157.0, 148.0, 140.0, 151.0, 185.0, 174.0]",24.046850204467773,0.0,73.0311279296875,0.0005779266357421875,-247.58685302734375
1750932324.0808203,0.0,0.5,"[174.0, 185.0, 197.0, 164.0, 157.0, 147.0, 140.0, 151.0, 185.0, 174.0]",24.28089141845703,0.0,73.51669311523438,0.0005779266357421875,-247.57958984375
1750932324.1223571,0.0,0.5,"[174.0, 185.0, 197.0, 164.0, 157.0, 148.0, 140.0, 151.0, 185.0, 174.0]",24.16752052307129,0.0,74.0,0.0005779266357421875,-247.57220458984375
1750932324.1389964,0.0,0.5,"[174.0, 185.0, 197.0, 164.0, 157.0, 147.0, 140.0, 151.0, 185.0, 174.0]",24.359024047851562,0.0,74.48712158203125,0.0005779266357421875,-247.56494140625
1750932324.1552777,0.0,0.5,"[174.0, 185.0, 197.0, 164.0, 157.0, 147.0, 140.0, 151.0, 185.0, 174.0]",24.15391731262207,0.0,74.97015380859375,0.0005779266357421875,-247.55758666992188
1750932324.1717587,0.0,0.5,"[174.0, 185.0, 197.0, 164.0, 157.0, 147.0, 140.0, 151.0, 185.0, 174.0]",24.387561798095703,0.0,75.45785522460938,0.0005779266357421875,-247.55029296875
1750932324.189118,0.0,0.5,"[174.0, 185.0, 197.0, 164.0, 157.0, 147.0, 140.0, 151.0, 185.0, 174.0]",24.27330207824707,0.0,75.94326782226562,0.0005779266357421875,-247.54287719726562
1750932324.205635,0.0,0.5,"[174.0, 185.0, 197.0, 164.0, 156.0, 147.0, 140.0, 150.0, 185.0, 174.0]",24.466899871826172,0.0,76.43252563476562,0.0005779266357421875,-247.53558349609375
1750932324.2223928,0.0,0.5,"[174.0, 185.0, 197.0, 164.0, 156.0, 147.0, 140.0, 150.0, 185.0, 174.0]",24.260509490966797,0.0,76.91769409179688,0.0005779266357421875,-247.5281982421875
1750932324.2640846,0.0,0.5,"[174.0, 185.0, 197.0, 164.0, 156.0, 147.0, 140.0, 150.0, 185.0, 174.0]",24.49357795715332,0.0,77.40750122070312,0.0005779266357421875,-247.52084350585938
1750932324.2805789,0.0,0.5,"[174.0, 185.0, 197.0, 164.0, 156.0, 147.0, 140.0, 150.0, 185.0, 174.0]",24.378307342529297,0.0,77.89501953125,0.0005779266357421875,-247.513427734375
1750932324.2974682,0.0,0.5,"[174.0, 185.0, 197.0, 164.0, 156.0, 147.0, 140.0, 150.0, 185.0, 174.0]",24.574016571044922,0.0,78.38644409179688,0.0005779266357421875,-247.50604248046875
1750932324.3136723,0.0,0.5,"[174.0, 185.0, 197.0, 164.0, 156.0, 147.0, 140.0, 150.0, 185.0, 174.0]",24.366390228271484,0.0,78.87371826171875,0.0005779266357421875,-247.49862670898438
1750932324.3304079,0.0,0.5,"[174.0, 185.0, 197.0, 164.0, 156.0, 147.0, 140.0, 150.0, 185.0, 174.0]",24.59911346435547,0.0,79.36563110351562,0.0005779266357421875,-247.49127197265625
1750932324.3463557,0.0,0.5,"[174.0, 185.0, 197.0, 164.0, 156.0, 147.0, 140.0, 150.0, 185.0, 174.0]",24.482799530029297,0.0,79.85525512695312,0.0005779266357421875,-247.4837646484375
1750932324.3623154,0.0,0.5,"[174.0, 185.0, 197.0, 164.0, 156.0, 147.0, 140.0, 150.0, 185.0, 174.0]",24.68024253845215,0.0,80.34878540039062,0.0005779266357421875,-247.47637939453125
1750932324.4048207,0.0,0.0,"[174.0, 185.0, 197.0, 164.0, 156.0, 147.0, 140.0, 150.0, 185.0, 174.0]",24.471668243408203,0.0,80.83816528320312,0.0005779266357421875,-247.46893310546875
1750932324.4217865,0.0,0.5,"[174.0, 185.0, 197.0, 164.0, 156.0, 147.0, 140.0, 150.0, 185.0, 174.0]",24.70417594909668,0.0,81.33218383789062,0.0005779266357421875,-247.46148681640625
1750932324.4233804,0.0,0.5,"[174.0, 185.0, 197.0, 164.0, 156.0, 147.0, 140.0, 150.0, 185.0, 174.0]",24.436790466308594,0.0,81.82086181640625,0.0005779266357421875,-247.45404052734375
1750932324.4653747,0.0,0.0,"[174.0, 185.0, 197.0, 164.0, 156.0, 147.0, 139.0, 150.0, 185.0, 174.0]",23.943553924560547,0.0,82.2996826171875,0.0005779266357421875,-247.44656372070312
1750932324.4818783,0.0,0.0,"[174.0, 185.0, 197.0, 164.0, 156.0, 147.0, 139.0, 149.0, 185.0, 174.0]",24.359281539916992,0.0,82.78680419921875,0.0005779266357421875,-247.43881225585938
1750932324.4835436,0.0,0.0,"[174.0, 185.0, 197.0, 164.0, 156.0, 147.0, 139.0, 149.0, 185.0, 174.0]",24.09248924255371,0.0,83.26858520507812,0.0005779266357421875,-247.4310302734375
1750932324.5259259,0.0,0.0,"[174.0, 185.0, 197.0, 164.0, 156.0, 147.0, 139.0, 149.0, 185.0, 174.0]",23.826093673706055,0.0,83.74505615234375,0.0005779266357421875,-247.42327880859375
1750932324.5424201,0.0,0.0,"[174.0, 185.0, 197.0, 164.0, 156.0, 147.0, 139.0, 149.0, 184.0, 174.0]",23.560134887695312,0.0,84.2161865234375,0.0005779266357421875,-247.41558837890625
1750932324.5448062,0.0,0.0,"[174.0, 185.0, 197.0, 164.0, 156.0, 147.0, 139.0, 149.0, 184.0, 174.0]",23.294620513916016,0.0,84.6820068359375,0.0005779266357421875,-247.407958984375
1750932324.5614412,0.0,0.0,"[174.0, 185.0, 197.0, 164.0, 156.0, 147.0, 139.0, 148.0, 184.0, 174.0]",23.029481887817383,0.0,85.14254760742188,0.0005779266357421875,-247.400390625
1750932324.6039882,0.0,0.0,"[174.0, 185.0, 197.0, 164.0, 155.0, 147.0, 139.0, 148.0, 183.0, 174.0]",22.76482582092285,0.0,85.5977783203125,0.0005779266357421875,-247.39288330078125
1750932324.6202552,0.0,0.0,"[174.0, 185.0, 197.0, 164.0, 155.0, 147.0, 139.0, 148.0, 183.0, 174.0]",22.500553131103516,0.0,86.0477294921875,0.0005779266357421875,-247.385498046875
1750932324.6371272,0.0,0.0,"[174.0, 185.0, 197.0, 164.0, 155.0, 147.0, 139.0, 148.0, 183.0, 174.0]",22.236696243286133,0.0,86.49240112304688,0.0005779266357421875,-247.378173828125
1750932324.6537468,0.0,0.0,"[174.0, 185.0, 197.0, 164.0, 155.0, 147.0, 139.0, 148.0, 183.0, 174.0]",21.973281860351562,0.0,86.93179321289062,0.0005779266357421875,-247.37091064453125
1750932324.6707213,0.0,0.0,"[174.0, 185.0, 197.0, 164.0, 155.0, 147.0, 138.0, 148.0, 182.0, 174.0]",21.710289001464844,0.0,87.36593627929688,0.000579833984375,-247.36376953125
1750932324.6878073,0.0,0.0,"[174.0, 185.0, 197.0, 164.0, 155.0, 147.0, 138.0, 148.0, 182.0, 174.0]",21.447710037231445,0.0,87.79483032226562,0.000579833984375,-247.356689453125
1750932324.7047162,0.0,0.0,"[174.0, 185.0, 198.0, 164.0, 155.0, 147.0, 138.0, 148.0, 182.0, 174.0]",21.18556022644043,0.0,88.218505859375,0.000579833984375,-247.3497314453125
1750932324.72169,0.0,0.5,"[174.0, 185.0, 198.0, 164.0, 155.0, 147.0, 138.0, 147.0, 182.0, 174.0]",20.923856735229492,0.0,88.63693237304688,0.000579833984375,-247.34283447265625
1750932324.7645934,0.0,0.5,"[174.0, 185.0, 198.0, 164.0, 155.0, 147.0, 138.0, 147.0, 182.0, 174.0]",20.662525177001953,0.0,89.05010986328125,0.000579833984375,-247.33602905273438
1750932324.782077,0.0,0.5,"[174.0, 185.0, 198.0, 164.0, 155.0, 147.0, 138.0, 147.0, 182.0, 174.0]",20.2403564453125,0.0,89.45486450195312,0.0005817413330078125,-247.329345703125
1750932324.7840037,0.0,0.5,"[174.0, 185.0, 198.0, 164.0, 155.0, 147.0, 138.0, 147.0, 182.0, 174.0]",20.650041580200195,0.0,89.8677978515625,0.0005817413330078125,-247.32257080078125
1750932324.813522,0.0,0.5,"[174.0, 185.0, 198.0, 164.0, 155.0, 147.0, 138.0, 147.0, 182.0, 174.0]",20.48936653137207,0.0,90.27752685546875,0.0005817413330078125,-247.3157958984375
1750932324.8305483,0.0,0.5,"[174.0, 185.0, 198.0, 164.0, 155.0, 147.0, 138.0, 147.0, 182.0, 174.0]",20.8321590423584,0.0,90.69412231445312,0.0005817413330078125,-247.3089599609375
1750932324.8464918,0.0,0.5,"[174.0, 185.0, 198.0, 164.0, 155.0, 147.0, 138.0, 147.0, 181.0, 174.0]",20.364295959472656,0.0,91.10134887695312,0.0005817413330078125,-247.30224609375
1750932324.863023,0.0,0.5,"[174.0, 185.0, 198.0, 164.0, 155.0, 147.0, 138.0, 147.0, 181.0, 174.0]",20.772220611572266,0.0,91.51675415039062,0.0005817413330078125,-247.29541015625
1750932324.9054394,0.0,0.5,"[174.0, 185.0, 198.0, 164.0, 154.0, 147.0, 138.0, 147.0, 181.0, 174.0]",20.64256477355957,0.0,91.92953491210938,0.0005817413330078125,-247.28857421875
1750932324.9222288,0.0,0.5,"[174.0, 185.0, 198.0, 164.0, 154.0, 147.0, 138.0, 147.0, 180.0, 174.0]",20.952207565307617,0.0,92.34854125976562,0.000579833984375,-247.28167724609375
1750932324.9238014,0.0,0.5,"[174.0, 185.0, 198.0, 164.0, 154.0, 147.0, 138.0, 147.0, 180.0, 174.0]",20.498146057128906,0.0,92.7584228515625,0.000579833984375,-247.27493286132812
1750932324.9525864,0.0,0.5,"[174.0, 185.0, 198.0, 164.0, 154.0, 147.0, 138.0, 147.0, 180.0, 174.0]",20.907333374023438,0.0,93.176513671875,0.000579833984375,-247.26806640625
1750932324.9692245,0.0,0.5,"[174.0, 185.0, 198.0, 164.0, 154.0, 147.0, 138.0, 147.0, 180.0, 174.0]",20.76128387451172,0.0,93.59170532226562,0.000579833984375,-247.26123046875
1750932324.9853554,0.0,0.5,"[174.0, 185.0, 198.0, 164.0, 154.0, 147.0, 138.0, 147.0, 179.0, 174.0]",21.08709144592285,0.0,94.01336669921875,0.000579833984375,-247.2542724609375
1750932325.0021343,0.0,0.5,"[174.0, 185.0, 198.0, 164.0, 154.0, 147.0, 138.0, 146.0, 179.0, 174.0]",20.60579490661621,0.0,94.42544555664062,0.000579833984375,-247.24749755859375
1750932325.0447943,0.0,0.5,"[174.0, 185.0, 198.0, 164.0, 154.0, 147.0, 138.0, 146.0, 179.0, 174.0]",21.00848388671875,0.0,94.84555053710938,0.000579833984375,-247.24053955078125
1750932325.061992,0.0,0.5,"[174.0, 185.0, 198.0, 164.0, 154.0, 147.0, 138.0, 146.0, 179.0, 174.0]",20.9537353515625,0.0,95.26455688476562,0.000579833984375,-247.233642578125
1750932325.063645,0.0,0.5,"[174.0, 185.0, 198.0, 164.0, 154.0, 147.0, 138.0, 146.0, 179.0, 174.0]",21.146671295166016,0.0,95.68743896484375,0.000579833984375,-247.2266845703125
1750932325.0929613,0.0,0.0,"[174.0, 185.0, 198.0, 164.0, 154.0, 147.0, 138.0, 146.0, 179.0, 174.0]",20.8360652923584,0.0,96.10409545898438,0.000579833984375,-247.21981811523438
1750932325.1090884,0.0,0.0,"[174.0, 185.0, 198.0, 164.0, 154.0, 146.0, 137.0, 145.0, 179.0, 174.0]",21.25737953186035,0.0,96.52920532226562,0.000579833984375,-247.21282958984375
1750932325.1256862,0.0,0.0,"[174.0, 185.0, 198.0, 164.0, 153.0, 146.0, 137.0, 145.0, 179.0, 174.0]",20.995553970336914,0.0,96.94903564453125,0.000579833984375,-247.20590209960938
1750932325.14252,0.0,0.0,"[174.0, 185.0, 198.0, 164.0, 153.0, 146.0, 137.0, 145.0, 179.0, 174.0]",20.7341251373291,0.0,97.36367797851562,0.000579833984375,-247.1990966796875
1750932325.1858475,0.0,0.0,"[174.0, 185.0, 198.0, 164.0, 153.0, 146.0, 137.0, 145.0, 178.0, 174.0]",20.47313117980957,0.0,97.7730712890625,0.000579833984375,-247.19232177734375
1750932325.2022352,0.0,0.0,"[174.0, 185.0, 198.0, 164.0, 153.0, 146.0, 137.0, 145.0, 178.0, 174.0]",20.212499618530273,0.0,98.17727661132812,0.000579833984375,-247.1856689453125
1750932325.2038987,0.0,0.0,"[174.0, 185.0, 198.0, 164.0, 153.0, 146.0, 137.0, 145.0, 178.0, 174.0]",19.952306747436523,0.0,98.57626342773438,0.000579833984375,-247.17910766601562
1750932325.234275,0.0,0.0,"[174.0, 185.0, 198.0, 164.0, 153.0, 146.0, 137.0, 145.0, 177.0, 174.0]",19.69256591796875,0.0,98.97006225585938,0.0005817413330078125,-247.172607421875
1750932325.2510674,0.0,0.0,"[174.0, 185.0, 198.0, 164.0, 153.0, 146.0, 137.0, 145.0, 177.0, 174.0]",19.433258056640625,0.0,99.35867309570312,0.000579833984375,-247.16622924804688
1750932325.2679918,0.0,0.5,"[174.0, 185.0, 198.0, 164.0, 153.0, 146.0, 137.0, 145.0, 177.0, 174.0]",19.174291610717773,0.0,99.74209594726562,0.0005817413330078125,-247.159912109375
1750932325.2849438,0.0,0.5,"[174.0, 185.0, 198.0, 164.0, 153.0, 146.0, 137.0, 145.0, 177.0, 174.0]",18.915830612182617,0.0,100.12039184570312,0.000579833984375,-247.1536865234375
1750932325.3019445,0.0,0.5,"[174.0, 185.0, 198.0, 164.0, 153.0, 146.0, 137.0, 145.0, 176.0, 174.0]",18.575702667236328,0.0,100.49185180664062,0.000579833984375,-247.1475830078125
1750932325.344578,0.0,0.5,"[174.0, 185.0, 198.0, 164.0, 152.0, 146.0, 137.0, 145.0, 176.0, 174.0]",18.993574142456055,0.0,100.87167358398438,0.000579833984375,-247.14129638671875
1750932325.361033,0.0,0.5,"[174.0, 185.0, 198.0, 164.0, 152.0, 146.0, 137.0, 145.0, 176.0, 174.0]",18.637012481689453,0.0,101.24435424804688,0.000579833984375,-247.13519287109375
1750932325.362625,0.0,0.5,"[174.0, 185.0, 198.0, 164.0, 152.0, 146.0, 137.0, 145.0, 176.0, 174.0]",19.042402267456055,0.0,101.62515258789062,0.000579833984375,-247.12890625
1750932325.4057672,0.0,0.5,"[174.0, 185.0, 198.0, 164.0, 152.0, 145.0, 137.0, 145.0, 176.0, 174.0]",18.806957244873047,0.0,102.00125122070312,0.000579833984375,-247.12271118164062
1750932325.4228275,0.0,0.5,"[174.0, 185.0, 198.0, 164.0, 152.0, 145.0, 136.0, 144.0, 176.0, 174.0]",19.069564819335938,0.0,102.382568359375,0.000579833984375,-247.11642456054688
1750932325.4244087,0.0,0.5,"[174.0, 185.0, 198.0, 164.0, 152.0, 145.0, 136.0, 144.0, 176.0, 174.0]",18.944477081298828,0.0,102.76141357421875,0.0005817413330078125,-247.11016845703125
1750932325.453991,0.0,0.5,"[174.0, 185.0, 198.0, 164.0, 152.0, 145.0, 136.0, 144.0, 176.0, 174.0]",19.213979721069336,0.0,103.1456298828125,0.0005817413330078125,-247.1038818359375
1750932325.470822,0.0,0.5,"[174.0, 185.0, 198.0, 164.0, 152.0, 145.0, 136.0, 144.0, 176.0, 174.0]",18.907825469970703,0.0,103.52374267578125,0.0005817413330078125,-247.09765625
1750932325.4871757,0.0,0.5,"[174.0, 185.0, 198.0, 164.0, 151.0, 145.0, 136.0, 144.0, 176.0, 174.0]",19.27298927307129,0.0,103.90914916992188,0.0005817413330078125,-247.09130859375
1750932325.5038018,0.0,0.5,"[174.0, 185.0, 198.0, 165.0, 151.0, 144.0, 136.0, 144.0, 174.0, 174.0]",18.993694305419922,0.0,104.28897094726562,0.0005817413330078125,-247.0850830078125
1750932325.5328443,0.0,0.0,"[174.0, 185.0, 198.0, 164.0, 151.0, 144.0, 136.0, 144.0, 174.0, 174.0]",19.33510398864746,0.0,104.67562866210938,0.0005817413330078125,-247.07867431640625
1750932325.5495005,0.0,0.0,"[174.0, 185.0, 198.0, 164.0, 151.0, 144.0, 136.0, 144.0, 174.0, 174.0]",19.078296661376953,0.0,105.05712890625,0.0005817413330078125,-247.07241821289062
1750932325.5658162,0.0,0.0,"[174.0, 185.0, 198.0, 164.0, 151.0, 144.0, 136.0, 144.0, 174.0, 174.0]",18.819936752319336,0.0,105.43350219726562,0.0005817413330078125,-247.06625366210938
1750932325.582657,0.0,0.0,"[174.0, 185.0, 198.0, 164.0, 151.0, 144.0, 136.0, 143.0, 173.0, 174.0]",18.562028884887695,0.0,105.8046875,0.0005817413330078125,-247.0601806640625
1750932325.625347,0.0,0.0,"[174.0, 185.0, 198.0, 164.0, 151.0, 143.0, 136.0, 143.0, 173.0, 174.0]",18.30445671081543,0.0,106.17071533203125,0.0005817413330078125,-247.05422973632812
1750932325.642182,0.0,0.0,"[174.0, 185.0, 198.0, 164.0, 151.0, 143.0, 136.0, 143.0, 173.0, 174.0]",18.04737091064453,0.0,106.5316162109375,0.0005817413330078125,-247.04833984375
1750932325.64375,0.0,0.0,"[174.0, 185.0, 198.0, 164.0, 151.0, 143.0, 136.0, 143.0, 173.0, 174.0]",17.790639877319336,0.0,106.88739013671875,0.0005817413330078125,-247.04257202148438
1750932325.6737778,0.0,0.0,"[174.0, 185.0, 198.0, 164.0, 150.0, 143.0, 136.0, 143.0, 173.0, 174.0]",17.534337997436523,0.0,107.238037109375,0.0005817413330078125,-247.036865234375
1750932325.6904144,0.0,0.0,"[174.0, 185.0, 198.0, 163.0, 150.0, 143.0, 136.0, 143.0, 173.0, 174.0]",17.278446197509766,0.0,107.58355712890625,0.0005817413330078125,-247.03125
1750932325.7067595,0.0,0.0,"[174.0, 185.0, 198.0, 165.0, 150.0, 143.0, 136.0, 142.0, 173.0, 174.0]",17.022981643676758,0.0,107.92398071289062,0.000579833984375,-247.0257568359375
1750932325.7231655,0.0,0.0,"[174.0, 185.0, 198.0, 171.0, 150.0, 142.0, 136.0, 142.0, 173.0, 174.0]",16.767868041992188,0.0,108.25927734375,0.0005817413330078125,-247.02029418945312
1750932325.7653456,0.0,0.0,"[174.0, 185.0, 198.0, 171.0, 150.0, 142.0, 136.0, 142.0, 173.0, 174.0]",16.513187408447266,0.0,108.58950805664062,0.0005817413330078125,-247.01492309570312
1750932325.782172,0.0,0.0,"[174.0, 185.0, 198.0, 171.0, 150.0, 142.0, 136.0, 142.0, 173.0, 174.0]",16.258987426757812,0.0,108.91464233398438,0.0005817413330078125,-247.0096435546875
1750932325.7838733,0.0,0.0,"[174.0, 185.0, 198.0, 171.0, 150.0, 142.0, 136.0, 142.0, 173.0, 174.0]",16.005117416381836,0.0,109.23471069335938,0.0005817413330078125,-247.00445556640625
1750932325.8135006,0.0,0.0,"[174.0, 185.0, 198.0, 171.0, 149.0, 142.0, 136.0, 142.0, 172.0, 174.0]",15.75167465209961,0.0,109.5496826171875,0.0005817413330078125,-246.99932861328125
1750932325.8294427,0.0,0.0,"[174.0, 185.0, 198.0, 171.0, 149.0, 142.0, 136.0, 142.0, 172.0, 174.0]",15.498618125915527,0.0,109.859619140625,0.0005817413330078125,-246.99429321289062
1750932325.8450904,0.0,0.5,"[174.0, 185.0, 198.0, 171.0, 149.0, 142.0, 136.0, 142.0, 172.0, 174.0]",15.245985984802246,0.0,110.16448974609375,0.0005817413330078125,-246.98931884765625
1750932325.8615134,0.0,0.5,"[174.0, 185.0, 198.0, 171.0, 149.0, 142.0, 136.0, 142.0, 172.0, 174.0]",14.993776321411133,0.0,110.46432495117188,0.0005817413330078125,-246.98446655273438
1750932325.9035666,0.0,0.5,"[174.0, 185.0, 198.0, 170.0, 149.0, 141.0, 136.0, 142.0, 171.0, 174.0]",14.950295448303223,0.0,110.7633056640625,0.0005817413330078125,-246.9796142578125
1750932325.91975,0.0,0.5,"[174.0, 185.0, 198.0, 170.0, 149.0, 141.0, 134.0, 142.0, 171.0, 174.0]",15.221439361572266,0.0,111.06768798828125,0.0005817413330078125,-246.97467041015625
1750932325.9361465,0.0,0.5,"[174.0, 185.0, 198.0, 170.0, 148.0, 141.0, 134.0, 142.0, 171.0, 174.0]",14.79621696472168,0.0,111.36355590820312,0.0005817413330078125,-246.9698486328125
1750932325.9528399,0.0,0.5,"[174.0, 185.0, 198.0, 170.0, 148.0, 141.0, 134.0, 142.0, 171.0, 174.0]",15.172953605651855,0.0,111.6669921875,0.0005817413330078125,-246.96493530273438
1750932325.9697602,0.0,0.5,"[174.0, 185.0, 200.0, 170.0, 148.0, 141.0, 134.0, 142.0, 170.0, 174.0]",15.149571418762207,0.0,111.96994018554688,0.0005817413330078125,-246.96002197265625
1750932325.9863183,0.0,0.5,"[174.0, 185.0, 200.0, 170.0, 148.0, 140.0, 134.0, 142.0, 170.0, 174.0]",15.191275596618652,0.0,112.27371215820312,0.000583648681640625,-246.955078125
1750932326.002791,0.0,0.5,"[174.0, 185.0, 200.0, 170.0, 148.0, 140.0, 134.0, 142.0, 170.0, 174.0]",15.317907333374023,0.0,112.58004760742188,0.000583648681640625,-246.9500732421875
1750932326.0456288,0.0,0.0,"[174.0, 185.0, 200.0, 170.0, 148.0, 140.0, 134.0, 142.0, 170.0, 174.0]",15.362215042114258,0.0,112.88723754882812,0.000583648681640625,-246.94509887695312
1750932326.062354,0.0,0.0,"[174.0, 185.0, 200.0, 169.0, 147.0, 140.0, 134.0, 141.0, 170.0, 174.0]",15.382158279418945,0.0,113.19485473632812,0.0005817413330078125,-246.94012451171875
1750932326.0640125,0.0,0.0,"[174.0, 185.0, 200.0, 169.0, 147.0, 140.0, 134.0, 141.0, 170.0, 174.0]",15.129693031311035,0.0,113.49740600585938,0.0005817413330078125,-246.9351806640625
1750932326.0929196,0.0,0.0,"[174.0, 185.0, 200.0, 169.0, 147.0, 139.0, 134.0, 141.0, 170.0, 174.0]",14.877669334411621,0.0,113.794921875,0.0005817413330078125,-246.93035888671875
1750932326.1095197,0.0,0.0,"[174.0, 185.0, 200.0, 169.0, 147.0, 139.0, 134.0, 141.0, 170.0, 174.0]",14.626009941101074,0.0,114.08740234375,0.0005817413330078125,-246.92559814453125
1750932326.1260002,0.0,0.0,"[174.0, 185.0, 200.0, 169.0, 147.0, 139.0, 134.0, 141.0, 170.0, 174.0]",14.374734878540039,0.0,114.37484741210938,0.0005817413330078125,-246.92092895507812
1750932326.142198,0.0,0.0,"[174.0, 185.0, 200.0, 169.0, 146.0, 139.0, 134.0, 141.0, 170.0, 174.0]",14.12393856048584,0.0,114.65731811523438,0.0005817413330078125,-246.91632080078125
1750932326.1839643,0.0,0.5,"[174.0, 185.0, 200.0, 169.0, 146.0, 138.0, 134.0, 141.0, 170.0, 174.0]",13.873485565185547,0.0,114.93472290039062,0.0005817413330078125,-246.91180419921875
1750932326.2002084,0.0,0.5,"[174.0, 185.0, 200.0, 169.0, 146.0, 138.0, 134.0, 141.0, 170.0, 174.0]",13.623452186584473,0.0,115.20718383789062,0.0005817413330078125,-246.90740966796875
1750932326.2165625,0.0,0.5,"[174.0, 185.0, 200.0, 168.0, 146.0, 138.0, 134.0, 141.0, 169.0, 174.0]",13.70242977142334,0.0,115.48117065429688,0.0005817413330078125,-246.9029541015625
1750932326.2332783,0.0,0.5,"[174.0, 185.0, 200.0, 168.0, 146.0, 138.0, 134.0, 141.0, 169.0, 174.0]",13.602182388305664,0.0,115.75320434570312,0.0005817413330078125,-246.89849853515625
1750932326.2491398,0.0,0.5,"[174.0, 185.0, 200.0, 168.0, 145.0, 137.0, 134.0, 141.0, 169.0, 174.0]",13.82914924621582,0.0,116.02972412109375,0.0005817413330078125,-246.89401245117188
1750932326.2658112,0.0,0.5,"[174.0, 185.0, 200.0, 168.0, 145.0, 137.0, 133.0, 141.0, 169.0, 174.0]",13.625306129455566,0.0,116.30221557617188,0.0005817413330078125,-246.88958740234375
1750932326.282288,0.0,0.5,"[174.0, 185.0, 198.0, 168.0, 145.0, 137.0, 133.0, 141.0, 169.0, 174.0]",13.781451225280762,0.0,116.57778930664062,0.0005817413330078125,-246.8851318359375
1750932326.3239434,1.0,0.5,"[174.0, 185.0, 198.0, 168.0, 145.0, 137.0, 133.0, 141.0, 168.0, 174.0]",14.085511207580566,0.0,116.85946655273438,0.0005817413330078125,-246.88052368164062
1750932326.3405797,1.0,0.5,"[174.0, 185.0, 198.0, 168.0, 145.0, 137.0, 133.0, 142.0, 170.0, 174.0]",13.54893684387207,0.5,117.13027954101562,0.0005817413330078125,-246.889892578125
1750932326.3571339,1.0,0.5,"[174.0, 185.0, 197.0, 168.0, 145.0, 138.0, 134.0, 145.0, 173.0, 174.0]",13.637748718261719,0.5,117.40167236328125,0.0005817413330078125,-246.91705322265625
1750932326.3733857,0.0,0.5,"[174.0, 185.0, 196.0, 168.0, 145.0, 139.0, 137.0, 148.0, 179.0, 174.0]",13.339269638061523,0.5,117.66445922851562,0.0005817413330078125,-246.96319580078125
1750932326.3890536,0.0,0.5,"[174.0, 185.0, 195.0, 168.0, 145.0, 139.0, 138.0, 150.0, 183.0, 174.0]",13.473441123962402,0.0,117.931884765625,0.000579833984375,-246.99615478515625
1750932326.4054337,0.0,0.5,"[174.0, 185.0, 195.0, 168.0, 145.0, 139.0, 138.0, 151.0, 184.0, 174.0]",13.410759925842285,0.0,118.19952392578125,0.000579833984375,-247.01397705078125
1750932326.4212277,0.0,0.5,"[174.0, 185.0, 193.0, 167.0, 145.0, 138.0, 138.0, 151.0, 185.0, 174.0]",13.387067794799805,0.0,118.46685791015625,0.000579833984375,-247.02874755859375
1750932326.4623237,0.0,0.5,"[174.0, 185.0, 193.0, 167.0, 144.0, 138.0, 138.0, 151.0, 185.0, 174.0]",13.465779304504395,0.0,118.73574829101562,0.000579833984375,-247.04345703125
1750932326.478618,0.0,0.0,"[174.0, 185.0, 193.0, 167.0, 144.0, 138.0, 138.0, 150.0, 185.0, 174.0]",13.640922546386719,0.0,119.0081787109375,0.000579833984375,-247.05825805664062
1750932326.494606,0.0,0.0,"[174.0, 185.0, 193.0, 167.0, 144.0, 138.0, 137.0, 150.0, 185.0, 174.0]",13.517422676086426,0.0,119.27813720703125,0.000579833984375,-247.0726318359375
1750932326.5105646,0.0,0.0,"[174.0, 185.0, 192.0, 167.0, 144.0, 137.0, 137.0, 150.0, 185.0, 174.0]",13.267969131469727,0.0,119.54312133789062,0.000579833984375,-247.08700561523438
1750932326.5265076,0.0,0.0,"[174.0, 185.0, 192.0, 167.0, 143.0, 137.0, 137.0, 150.0, 185.0, 174.0]",13.018903732299805,0.0,119.8031005859375,0.000579833984375,-247.1011962890625
1750932326.5425556,0.0,0.0,"[174.0, 185.0, 192.0, 166.0, 143.0, 137.0, 137.0, 150.0, 185.0, 174.0]",12.770238876342773,0.0,120.05813598632812,0.000579833984375,-247.1151123046875
1750932326.584033,0.0,0.0,"[174.0, 185.0, 192.0, 166.0, 143.0, 136.0, 137.0, 149.0, 185.0, 174.0]",12.521951675415039,0.0,120.30819702148438,0.000579833984375,-247.12875366210938
1750932326.6001112,0.0,0.5,"[174.0, 185.0, 196.0, 166.0, 143.0, 136.0, 136.0, 148.0, 185.0, 174.0]",12.274116516113281,0.0,120.55331420898438,0.000579833984375,-247.14215087890625
1750932326.6166477,0.0,0.5,"[174.0, 185.0, 225.0, 166.0, 142.0, 136.0, 136.0, 148.0, 185.0, 174.0]",12.026622772216797,0.0,120.79348754882812,0.000579833984375,-247.15524291992188
1750932326.6329348,0.0,0.5,"[174.0, 185.0, 225.0, 166.0, 142.0, 135.0, 136.0, 148.0, 185.0, 174.0]",12.268125534057617,0.0,121.03848266601562,0.000579833984375,-247.16864013671875
1750932326.648616,0.0,0.5,"[174.0, 185.0, 225.0, 166.0, 142.0, 135.0, 136.0, 147.0, 185.0, 174.0]",11.901480674743652,0.0,121.27615356445312,0.0005817413330078125,-247.18157958984375
1750932326.6647453,0.0,0.5,"[174.0, 185.0, 223.0, 164.0, 142.0, 135.0, 136.0, 147.0, 185.0, 174.0]",12.274858474731445,0.0,121.52130126953125,0.0005817413330078125,-247.19497680664062
1750932326.6809096,0.0,0.5,"[174.0, 185.0, 223.0, 164.0, 141.0, 134.0, 136.0, 147.0, 185.0, 174.0]",12.35218334197998,0.0,121.76797485351562,0.0005817413330078125,-247.20843505859375
1750932326.7225997,0.0,0.5,"[174.0, 185.0, 223.0, 164.0, 141.0, 134.0, 134.0, 147.0, 185.0, 174.0]",12.349638938903809,0.0,122.01461791992188,0.0005817413330078125,-247.221923828125
1750932326.7389035,0.0,0.5,"[174.0, 185.0, 223.0, 164.0, 141.0, 134.0, 134.0, 146.0, 185.0, 174.0]",12.260741233825684,0.0,122.25946044921875,0.0005817413330078125,-247.23529052734375
1750932326.7550073,1.0,0.5,"[174.0, 185.0, 223.0, 164.0, 140.0, 133.0, 134.0, 146.0, 183.0, 174.0]",12.24335765838623,0.0,122.50396728515625,0.0005817413330078125,-247.24862670898438
1750932326.7710464,1.0,0.5,"[174.0, 185.0, 223.0, 163.0, 140.0, 133.0, 136.0, 147.0, 185.0, 174.0]",12.173274993896484,0.5,122.74560546875,0.0005817413330078125,-247.27838134765625
1750932326.78727,1.0,0.5,"[174.0, 185.0, 223.0, 164.0, 141.0, 134.0, 138.0, 149.0, 185.0, 174.0]",11.97097110748291,0.5,122.98001098632812,0.0005817413330078125,-247.32711791992188
1750932326.8033762,1.0,0.5,"[174.0, 185.0, 223.0, 164.0, 141.0, 135.0, 139.0, 151.0, 185.0, 174.0]",11.869072914123535,0.5,123.21002197265625,0.0005817413330078125,-247.38580322265625
1750932326.844,1.0,0.5,"[174.0, 185.0, 225.0, 164.0, 141.0, 136.0, 140.0, 155.0, 185.0, 174.0]",12.063465118408203,0.5,123.44171142578125,0.000583648681640625,-247.453125
1750932326.8602417,1.0,0.5,"[174.0, 185.0, 225.0, 164.0, 142.0, 136.0, 141.0, 158.0, 185.0, 174.0]",12.102343559265137,0.5,123.67239379882812,0.0005817413330078125,-247.52642822265625
1750932326.8763134,0.0,0.5,"[174.0, 185.0, 225.0, 164.0, 143.0, 136.0, 142.0, 161.0, 185.0, 174.0]",12.058419227600098,0.5,123.90060424804688,0.0005817413330078125,-247.6043701171875
1750932326.892327,0.0,0.5,"[174.0, 185.0, 225.0, 164.0, 143.0, 136.0, 143.0, 162.0, 185.0, 174.0]",11.961970329284668,0.0,124.13082885742188,0.0005817413330078125,-247.66949462890625
1750932326.909245,0.0,0.5,"[174.0, 185.0, 225.0, 164.0, 142.0, 136.0, 142.0, 162.0, 185.0, 174.0]",12.094430923461914,0.0,124.36758422851562,0.0005817413330078125,-247.71893310546875
1750932326.926676,0.0,0.5,"[174.0, 185.0, 225.0, 164.0, 142.0, 135.0, 141.0, 162.0, 185.0, 174.0]",12.014605522155762,0.0,124.603271484375,0.0005817413330078125,-247.76577758789062
1750932326.944017,0.0,0.5,"[174.0, 185.0, 225.0, 164.0, 142.0, 135.0, 141.0, 163.0, 185.0, 174.0]",12.120137214660645,0.0,124.84100341796875,0.0005817413330078125,-247.81317138671875
1750932326.9728634,0.0,0.5,"[174.0, 185.0, 225.0, 164.0, 141.0, 135.0, 140.0, 163.0, 185.0, 174.0]",12.281846046447754,0.0,125.0819091796875,0.0005817413330078125,-247.861083984375
1750932326.9890342,0.0,0.5,"[174.0, 185.0, 223.0, 163.0, 141.0, 134.0, 140.0, 163.0, 185.0, 174.0]",12.151983261108398,0.0,125.3203125,0.0005817413330078125,-247.9083251953125
1750932327.0055015,1.0,0.5,"[174.0, 185.0, 223.0, 163.0, 141.0, 134.0, 140.0, 163.0, 185.0, 174.0]",12.294722557067871,0.0,125.56146240234375,0.0005817413330078125,-247.9564208984375
1750932327.0211477,1.0,0.5,"[174.0, 185.0, 223.0, 163.0, 141.0, 134.0, 140.0, 164.0, 185.0, 174.0]",12.062220573425293,0.5,125.79464721679688,0.0005817413330078125,-248.018310546875
1750932327.0625055,1.0,0.5,"[174.0, 185.0, 225.0, 163.0, 141.0, 134.0, 141.0, 164.0, 185.0, 174.0]",11.988042831420898,0.5,126.02120971679688,0.0005817413330078125,-248.09671020507812
1750932327.07868,0.0,0.5,"[174.0, 185.0, 225.0, 163.0, 141.0, 134.0, 142.0, 165.0, 185.0, 174.0]",11.72925090789795,0.5,126.2379150390625,0.0005817413330078125,-248.18655395507812
1750932327.0948856,0.0,0.5,"[174.0, 185.0, 225.0, 163.0, 141.0, 134.0, 143.0, 165.0, 185.0, 174.0]",11.796562194824219,0.0,126.46133422851562,0.0005817413330078125,-248.26235961914062
1750932327.1108236,0.0,0.5,"[174.0, 185.0, 225.0, 163.0, 141.0, 134.0, 143.0, 165.0, 185.0, 174.0]",11.988197326660156,0.0,126.693115234375,0.0005817413330078125,-248.32379150390625
1750932327.126966,0.0,0.5,"[174.0, 185.0, 225.0, 163.0, 141.0, 133.0, 141.0, 164.0, 185.0, 174.0]",11.876426696777344,0.0,126.92269897460938,0.0005817413330078125,-248.3846435546875
1750932327.142921,0.0,0.5,"[174.0, 185.0, 223.0, 163.0, 140.0, 133.0, 141.0, 164.0, 185.0, 174.0]",12.072236061096191,0.0,127.15615844726562,0.0005817413330078125,-248.44619750976562
1750932327.1849186,0.0,0.5,"[174.0, 185.0, 223.0, 162.0, 140.0, 131.0, 140.0, 163.0, 185.0, 174.0]",11.940937995910645,0.0,127.38702392578125,0.0005817413330078125,-248.50735473632812
1750932327.2010283,0.0,0.5,"[174.0, 185.0, 223.0, 162.0, 140.0, 131.0, 140.0, 162.0, 185.0, 174.0]",12.128114700317383,0.0,127.62161254882812,0.0005817413330078125,-248.56912231445312
1750932327.2026343,0.0,0.5,"[174.0, 185.0, 223.0, 162.0, 140.0, 131.0, 140.0, 162.0, 185.0, 174.0]",12.188583374023438,0.0,127.85726928710938,0.0005817413330078125,-248.63140869140625
1750932327.2445579,1.0,0.5,"[174.0, 185.0, 223.0, 162.0, 139.0, 130.0, 139.0, 162.0, 185.0, 174.0]",12.234045028686523,0.0,128.09384155273438,0.0005817413330078125,-248.6939697265625
1750932327.2609813,1.0,0.5,"[174.0, 185.0, 223.0, 162.0, 139.0, 130.0, 139.0, 162.0, 185.0, 174.0]",11.993958473205566,0.5,128.32113647460938,0.000579833984375,-248.77069091796875
1750932327.2627046,1.0,0.5,"[174.0, 185.0, 223.0, 162.0, 139.0, 130.0, 139.0, 162.0, 185.0, 174.0]",11.83894157409668,0.5,128.53897094726562,0.000579833984375,-248.8634033203125
1750932327.3046658,1.0,0.5,"[174.0, 185.0, 225.0, 162.0, 139.0, 131.0, 139.0, 164.0, 185.0, 174.0]",11.81163215637207,0.5,128.75039672851562,0.0005817413330078125,-248.96881103515625
1750932327.321183,1.0,0.5,"[174.0, 185.0, 225.0, 162.0, 139.0, 131.0, 139.0, 166.0, 185.0, 174.0]",11.807605743408203,0.5,128.95968627929688,0.000579833984375,-249.07818603515625
1750932327.322761,1.0,0.5,"[174.0, 185.0, 225.0, 162.0, 139.0, 131.0, 139.0, 166.0, 185.0, 174.0]",11.850846290588379,0.5,129.16622924804688,0.000579833984375,-249.1944580078125
1750932327.3636734,0.0,0.5,"[174.0, 185.0, 227.0, 163.0, 139.0, 134.0, 140.0, 169.0, 185.0, 174.0]",11.8859281539917,0.5,129.37155151367188,0.0005779266357421875,-249.31427001953125
1750932327.3805618,0.0,0.5,"[174.0, 185.0, 227.0, 163.0, 139.0, 134.0, 140.0, 169.0, 185.0, 174.0]",11.816680908203125,0.0,129.58242797851562,0.000579833984375,-249.42095947265625
1750932327.3973072,0.0,0.5,"[174.0, 185.0, 227.0, 162.0, 139.0, 133.0, 139.0, 168.0, 185.0, 174.0]",11.883866310119629,0.0,129.80130004882812,0.000579833984375,-249.51361083984375
1750932327.4134264,0.0,0.5,"[174.0, 185.0, 227.0, 162.0, 139.0, 133.0, 139.0, 167.0, 185.0, 174.0]",11.801753044128418,0.0,130.01901245117188,0.000579833984375,-249.6048583984375
1750932327.429182,0.0,0.5,"[174.0, 185.0, 227.0, 162.0, 138.0, 131.0, 138.0, 166.0, 185.0, 174.0]",11.940079689025879,0.0,130.23941040039062,0.000579833984375,-249.69671630859375
1750932327.4453459,1.0,0.5,"[174.0, 185.0, 226.0, 162.0, 138.0, 131.0, 138.0, 165.0, 185.0, 174.0]",11.908843994140625,0.0,130.4591064453125,0.000579833984375,-249.7886962890625
1750932327.461941,1.0,0.5,"[174.0, 185.0, 227.0, 162.0, 138.0, 131.0, 138.0, 165.0, 185.0, 174.0]",11.828859329223633,0.5,130.67080688476562,0.0005817413330078125,-249.89434814453125
1750932327.504439,1.0,0.5,"[174.0, 185.0, 227.0, 162.0, 138.0, 133.0, 138.0, 165.0, 185.0, 174.0]",11.643115997314453,0.5,130.87161254882812,0.0005817413330078125,-250.01220703125
1750932327.520628,1.0,0.5,"[174.0, 185.0, 227.0, 162.0, 138.0, 133.0, 138.0, 165.0, 185.0, 174.0]",11.549513816833496,0.5,131.0631103515625,0.0005817413330078125,-250.14138793945312
1750932327.5362968,1.0,0.5,"[174.0, 185.0, 227.0, 162.0, 138.0, 133.0, 139.0, 165.0, 185.0, 174.0]",11.688504219055176,0.5,131.25314331054688,0.0005817413330078125,-250.27755737304688
1750932327.5522885,1.0,0.5,"[174.0, 185.0, 227.0, 163.0, 139.0, 133.0, 140.0, 166.0, 185.0, 174.0]",11.702290534973145,0.5,131.4404296875,0.0005817413330078125,-250.41790771484375
1750932327.5682347,1.0,0.5,"[174.0, 185.0, 227.0, 163.0, 139.0, 134.0, 140.0, 167.0, 185.0, 174.0]",11.759757041931152,0.5,131.6246337890625,0.0005817413330078125,-250.56414794921875
1750932327.584286,1.0,0.5,"[174.0, 185.0, 227.0, 164.0, 140.0, 134.0, 141.0, 167.0, 185.0, 174.0]",11.691460609436035,0.5,131.80487060546875,0.0005817413330078125,-250.71310424804688
1750932327.6125522,1.0,0.5,"[174.0, 185.0, 227.0, 164.0, 140.0, 134.0, 143.0, 169.0, 185.0, 174.0]",11.774271965026855,0.5,131.98208618164062,0.0005817413330078125,-250.8681640625
1750932327.6285636,1.0,0.5,"[174.0, 185.0, 227.0, 164.0, 140.0, 134.0, 143.0, 169.0, 185.0, 174.0]",11.97340202331543,0.5,132.15969848632812,0.0005817413330078125,-251.02880859375
1750932327.644401,1.0,0.5,"[174.0, 185.0, 227.0, 166.0, 141.0, 134.0, 144.0, 170.0, 185.0, 174.0]",11.800929069519043,0.5,132.32998657226562,0.0005817413330078125,-251.19223022460938
1750932327.6725934,1.0,0.5,"[174.0, 185.0, 227.0, 167.0, 141.0, 135.0, 145.0, 171.0, 185.0, 174.0]",11.859548568725586,0.5,132.49783325195312,0.000583648681640625,-251.35980224609375
1750932327.6890974,1.0,0.5,"[174.0, 185.0, 227.0, 167.0, 141.0, 135.0, 145.0, 172.0, 185.0, 174.0]",11.698599815368652,0.5,132.65805053710938,0.000583648681640625,-251.53033447265625
1750932327.705249,1.0,0.5,"[174.0, 185.0, 227.0, 168.0, 142.0, 135.0, 145.0, 173.0, 185.0, 174.0]",12.055266380310059,0.5,132.81973266601562,0.0005817413330078125,-251.70919799804688
1750932327.7206109,1.0,0.5,"[174.0, 185.0, 227.0, 168.0, 142.0, 136.0, 145.0, 175.0, 185.0, 174.0]",11.901732444763184,0.5,132.97525024414062,0.0005817413330078125,-251.889404296875
1750932327.7620423,1.0,0.5,"[174.0, 185.0, 226.0, 169.0, 142.0, 136.0, 145.0, 176.0, 185.0, 174.0]",12.012073516845703,0.5,133.12759399414062,0.0005817413330078125,-252.07513427734375
1750932327.7780273,1.0,0.5,"[174.0, 185.0, 226.0, 175.0, 143.0, 136.0, 146.0, 177.0, 185.0, 174.0]",12.093713760375977,0.5,133.27706909179688,0.0005817413330078125,-252.26531982421875
1750932327.7941763,1.0,0.5,"[174.0, 185.0, 225.0, 175.0, 143.0, 137.0, 146.0, 179.0, 185.0, 174.0]",12.149883270263672,0.5,133.42105102539062,0.0005817413330078125,-252.4610595703125
1750932327.810179,0.0,0.5,"[174.0, 185.0, 224.0, 174.0, 144.0, 137.0, 146.0, 179.0, 185.0, 174.0]",12.184789657592773,0.5,133.56204223632812,0.0005817413330078125,-252.65985107421875
1750932327.8257287,0.0,0.5,"[174.0, 185.0, 223.0, 174.0, 144.0, 138.0, 146.0, 179.0, 185.0, 174.0]",12.009172439575195,0.0,133.7122802734375,0.0005817413330078125,-252.84722900390625
1750932327.8433256,0.0,0.5,"[174.0, 185.0, 223.0, 174.0, 143.0, 137.0, 146.0, 179.0, 185.0, 174.0]",11.982577323913574,0.0,133.87417602539062,0.0005817413330078125,-253.02392578125
1750932327.8839662,0.0,0.5,"[174.0, 185.0, 223.0, 174.0, 143.0, 137.0, 145.0, 178.0, 185.0, 174.0]",12.351385116577148,0.0,134.04238891601562,0.0005817413330078125,-253.204833984375
1750932327.9001887,0.0,0.5,"[174.0, 185.0, 223.0, 174.0, 143.0, 137.0, 145.0, 177.0, 185.0, 174.0]",12.158116340637207,0.0,134.20803833007812,0.0005817413330078125,-253.3828125
1750932327.916302,0.0,0.5,"[174.0, 185.0, 224.0, 174.0, 143.0, 136.0, 145.0, 176.0, 185.0, 174.0]",12.41905689239502,0.0,134.37716674804688,0.000583648681640625,-253.56475830078125
1750932327.9322512,0.0,0.5,"[174.0, 185.0, 225.0, 174.0, 142.0, 136.0, 144.0, 176.0, 185.0, 174.0]",12.087395668029785,0.0,134.54183959960938,0.0005817413330078125,-253.74169921875
1750932327.9482744,0.0,0.5,"[174.0, 185.0, 225.0, 174.0, 142.0, 136.0, 144.0, 175.0, 185.0, 174.0]",12.453813552856445,0.0,134.71157836914062,0.0005817413330078125,-253.92401123046875
1750932327.9644835,0.0,0.5,"[174.0, 185.0, 225.0, 174.0, 142.0, 135.0, 143.0, 175.0, 185.0, 174.0]",12.300246238708496,0.0,134.87924194335938,0.0005817413330078125,-254.10400390625
1750932327.993435,0.0,0.5,"[174.0, 185.0, 225.0, 174.0, 141.0, 135.0, 143.0, 173.0, 185.0, 174.0]",12.420267105102539,0.0,135.04830932617188,0.0005817413330078125,-254.2860107421875
1750932328.0096335,0.0,0.5,"[174.0, 185.0, 225.0, 174.0, 141.0, 134.0, 142.0, 172.0, 185.0, 174.0]",12.453392028808594,0.0,135.218017578125,0.000583648681640625,-254.46832275390625
1750932328.0253494,0.0,0.5,"[174.0, 185.0, 225.0, 174.0, 141.0, 134.0, 141.0, 172.0, 185.0, 174.0]",12.678844451904297,0.0,135.39080810546875,0.000583648681640625,-254.6539306640625
1750932328.0414743,0.0,0.5,"[174.0, 185.0, 225.0, 174.0, 141.0, 134.0, 141.0, 170.0, 185.0, 174.0]",12.496891021728516,0.0,135.56094360351562,0.000583648681640625,-254.83697509765625
1750932328.0824826,1.0,0.5,"[174.0, 185.0, 225.0, 174.0, 140.0, 133.0, 140.0, 170.0, 185.0, 174.0]",12.677961349487305,0.0,135.73367309570312,0.000583648681640625,-255.02261352539062
1750932328.0990305,1.0,0.5,"[174.0, 185.0, 224.0, 174.0, 140.0, 133.0, 140.0, 170.0, 185.0, 174.0]",12.275603294372559,0.5,135.88897705078125,0.000583648681640625,-255.2127685546875
1750932328.1157944,1.0,0.5,"[174.0, 185.0, 223.0, 174.0, 141.0, 133.0, 140.0, 170.0, 185.0, 174.0]",12.372071266174316,0.5,136.03109741210938,0.000583648681640625,-255.41534423828125
1750932328.1320512,1.0,0.5,"[174.0, 185.0, 223.0, 173.0, 141.0, 134.0, 141.0, 170.0, 185.0, 174.0]",12.139825820922852,0.5,136.15762329101562,0.000583648681640625,-255.62255859375
1750932328.1488528,1.0,0.5,"[174.0, 185.0, 221.0, 173.0, 142.0, 134.0, 141.0, 170.0, 185.0, 174.0]",12.202971458435059,0.5,136.27877807617188,0.0005817413330078125,-255.83444213867188
1750932328.1651244,1.0,0.5,"[174.0, 185.0, 220.0, 173.0, 143.0, 134.0, 143.0, 170.0, 185.0, 174.0]",12.166422843933105,0.5,136.39434814453125,0.0005817413330078125,-256.048583984375
1750932328.1814513,1.0,0.5,"[174.0, 185.0, 218.0, 173.0, 143.0, 135.0, 143.0, 172.0, 185.0, 174.0]",12.345027923583984,0.5,136.50747680664062,0.0005817413330078125,-256.2680358886719
1750932328.223694,1.0,0.5,"[174.0, 185.0, 217.0, 171.0, 144.0, 136.0, 144.0, 172.0, 185.0, 174.0]",12.426192283630371,0.5,136.61502075195312,0.0005817413330078125,-256.4920959472656
1750932328.2400942,1.0,0.5,"[174.0, 185.0, 214.0, 171.0, 145.0, 136.0, 144.0, 172.0, 185.0, 174.0]",12.446207046508789,0.5,136.71701049804688,0.0005817413330078125,-256.71917724609375
1750932328.2561889,1.0,0.5,"[174.0, 185.0, 212.0, 171.0, 146.0, 137.0, 144.0, 173.0, 185.0, 174.0]",12.458333015441895,0.5,136.8134765625,0.0005817413330078125,-256.94891357421875
1750932328.2722125,1.0,0.5,"[174.0, 185.0, 209.0, 170.0, 147.0, 137.0, 145.0, 175.0, 185.0, 174.0]",12.498990058898926,0.5,136.90432739257812,0.0005817413330078125,-257.1817932128906
1750932328.288214,1.0,0.5,"[174.0, 185.0, 206.0, 170.0, 154.0, 138.0, 146.0, 175.0, 185.0, 174.0]",12.458470344543457,0.5,136.98880004882812,0.0005817413330078125,-257.4162292480469
1750932328.304288,1.0,0.5,"[174.0, 185.0, 203.0, 170.0, 153.0, 139.0, 146.0, 176.0, 185.0, 174.0]",12.46017837524414,0.5,137.06735229492188,0.000579833984375,-257.6527404785156
1750932328.33284,1.0,0.5,"[174.0, 185.0, 200.0, 169.0, 153.0, 140.0, 146.0, 177.0, 185.0, 174.0]",12.637981414794922,0.5,137.14181518554688,0.000579833984375,-257.894287109375
1750932328.349491,1.0,0.5,"[174.0, 185.0, 197.0, 169.0, 153.0, 140.0, 147.0, 178.0, 185.0, 174.0]",12.540373802185059,0.5,137.20907592773438,0.000579833984375,-258.1358947753906
1750932328.3663769,1.0,0.5,"[174.0, 185.0, 193.0, 168.0, 152.0, 141.0, 148.0, 179.0, 185.0, 174.0]",12.712295532226562,0.5,137.27127075195312,0.000579833984375,-258.3824157714844
1750932328.3825617,1.0,0.5,"[174.0, 185.0, 190.0, 168.0, 152.0, 142.0, 148.0, 179.0, 185.0, 174.0]",12.571131706237793,0.5,137.32601928710938,0.000579833984375,-258.6278076171875
1750932328.4236856,1.0,0.5,"[174.0, 185.0, 188.0, 167.0, 152.0, 143.0, 149.0, 180.0, 185.0, 174.0]",12.891992568969727,0.5,137.37570190429688,0.000579833984375,-258.8808288574219
1750932328.4403558,1.0,0.5,"[174.0, 185.0, 186.0, 166.0, 152.0, 144.0, 151.0, 181.0, 185.0, 174.0]",12.539073944091797,0.5,137.41793823242188,0.000579833984375,-259.1280212402344
1750932328.4562826,1.0,0.5,"[174.0, 185.0, 183.0, 164.0, 151.0, 145.0, 152.0, 183.0, 185.0, 174.0]",12.87978744506836,0.5,137.45474243164062,0.000579833984375,-259.3829650878906
1750932328.4724963,1.0,0.5,"[174.0, 185.0, 179.0, 163.0, 151.0, 146.0, 153.0, 183.0, 185.0, 174.0]",12.716025352478027,0.5,137.48446655273438,0.000579833984375,-259.63555908203125
1750932328.488527,1.0,0.5,"[174.0, 185.0, 176.0, 162.0, 151.0, 153.0, 154.0, 184.0, 185.0, 174.0]",12.9966402053833,0.5,137.5084228515625,0.0005817413330078125,-259.8943786621094
1750932328.504271,0.0,0.5,"[174.0, 185.0, 173.0, 160.0, 150.0, 153.0, 154.0, 186.0, 185.0, 174.0]",12.725701332092285,0.5,137.525146484375,0.0005817413330078125,-260.1483459472656
1750932328.5324998,0.0,0.5,"[174.0, 185.0, 172.0, 159.0, 150.0, 153.0, 155.0, 186.0, 185.0, 174.0]",12.941457748413086,0.0,137.55551147460938,0.000583648681640625,-260.4053955078125
1750932328.548497,0.0,0.5,"[174.0, 185.0, 173.0, 159.0, 150.0, 152.0, 155.0, 186.0, 185.0, 174.0]",12.753249168395996,0.0,137.59979248046875,0.0005817413330078125,-260.6565856933594
1750932328.564505,0.0,0.5,"[174.0, 185.0, 173.0, 159.0, 150.0, 152.0, 155.0, 186.0, 185.0, 174.0]",12.952943801879883,0.0,137.64932250976562,0.0005817413330078125,-260.9108581542969
1750932328.5929995,0.0,0.5,"[174.0, 185.0, 173.0, 159.0, 150.0, 152.0, 155.0, 186.0, 185.0, 174.0]",12.911930084228516,0.0,137.69882202148438,0.0005817413330078125,-261.164306640625
1750932328.6094947,0.0,0.5,"[174.0, 185.0, 175.0, 159.0, 150.0, 152.0, 154.0, 185.0, 185.0, 174.0]",13.052325248718262,0.0,137.74899291992188,0.0005817413330078125,-261.4205017089844
1750932328.6257324,0.0,0.5,"[174.0, 185.0, 175.0, 160.0, 150.0, 152.0, 154.0, 184.0, 185.0, 174.0]",12.825457572937012,0.0,137.79812622070312,0.0005817413330078125,-261.6722412109375
1750932328.641686,0.0,0.5,"[174.0, 185.0, 175.0, 160.0, 149.0, 152.0, 154.0, 184.0, 185.0, 174.0]",13.021425247192383,0.0,137.84835815429688,0.000583648681640625,-261.92779541015625
1750932328.6823547,1.0,0.5,"[174.0, 185.0, 176.0, 160.0, 149.0, 152.0, 154.0, 184.0, 185.0, 174.0]",13.236336708068848,0.0,137.89920043945312,0.000583648681640625,-262.1875915527344
1750932328.6986768,1.0,0.5,"[174.0, 185.0, 175.0, 159.0, 149.0, 152.0, 154.0, 184.0, 185.0, 174.0]",12.854784965515137,0.5,137.93435668945312,0.000583648681640625,-262.4422607421875
1750932328.7146747,0.0,0.5,"[174.0, 185.0, 173.0, 158.0, 149.0, 152.0, 155.0, 186.0, 185.0, 174.0]",12.802144050598145,0.5,137.950439453125,0.000583648681640625,-262.6977844238281
1750932328.7308037,0.0,0.5,"[174.0, 185.0, 173.0, 158.0, 149.0, 151.0, 155.0, 186.0, 185.0, 174.0]",12.618675231933594,0.0,137.98171997070312,0.000583648681640625,-262.9482116699219
1750932328.74656,0.0,0.5,"[174.0, 185.0, 173.0, 158.0, 149.0, 151.0, 155.0, 186.0, 185.0, 174.0]",12.933394432067871,0.0,138.02261352539062,0.000583648681640625,-263.20361328125
1750932328.76293,0.0,0.5,"[174.0, 185.0, 173.0, 158.0, 148.0, 151.0, 155.0, 185.0, 185.0, 174.0]",12.672842025756836,0.0,138.06289672851562,0.0005855560302734375,-263.453857421875
1750932328.8034437,0.0,0.5,"[174.0, 185.0, 173.0, 158.0, 148.0, 151.0, 155.0, 185.0, 185.0, 174.0]",13.030588150024414,0.0,138.10421752929688,0.000583648681640625,-263.711181640625
1750932328.8199265,0.0,0.5,"[174.0, 185.0, 175.0, 158.0, 148.0, 151.0, 155.0, 184.0, 185.0, 174.0]",12.815807342529297,0.0,138.14474487304688,0.0005855560302734375,-263.9642639160156
1750932328.835964,0.0,0.5,"[174.0, 185.0, 175.0, 158.0, 148.0, 151.0, 155.0, 184.0, 185.0, 174.0]",13.074996948242188,0.0,138.18609619140625,0.000583648681640625,-264.22247314453125
1750932328.8518605,0.0,0.5,"[174.0, 185.0, 175.0, 158.0, 148.0, 151.0, 154.0, 184.0, 185.0, 174.0]",12.740966796875,0.0,138.22640991210938,0.0005855560302734375,-264.4740905761719
1750932328.867954,0.0,0.5,"[174.0, 185.0, 176.0, 158.0, 148.0, 151.0, 154.0, 184.0, 185.0, 174.0]",13.124924659729004,0.0,138.26797485351562,0.000583648681640625,-264.7332763671875
1750932328.8839707,0.0,0.5,"[174.0, 185.0, 176.0, 158.0, 148.0, 151.0, 154.0, 184.0, 185.0, 174.0]",12.914375305175781,0.0,138.30886840820312,0.000583648681640625,-264.9883117675781
1750932328.9120297,0.0,0.5,"[174.0, 185.0, 176.0, 158.0, 148.0, 151.0, 154.0, 184.0, 185.0, 174.0]",13.099325180053711,0.0,138.35049438476562,0.000583648681640625,-265.2469787597656
1750932328.9283288,0.0,0.5,"[174.0, 185.0, 176.0, 158.0, 148.0, 150.0, 154.0, 183.0, 185.0, 174.0]",13.094611167907715,0.0,138.39169311523438,0.000583648681640625,-265.505615234375
1750932328.9440684,0.0,0.5,"[174.0, 185.0, 177.0, 158.0, 147.0, 150.0, 154.0, 183.0, 185.0, 174.0]",13.297301292419434,0.0,138.43414306640625,0.000583648681640625,-265.7681579589844
1750932328.9724786,0.0,0.5,"[174.0, 185.0, 178.0, 158.0, 147.0, 150.0, 154.0, 183.0, 185.0, 174.0]",13.320744514465332,0.0,138.47647094726562,0.000583648681640625,-266.03118896484375
1750932328.988214,0.0,0.5,"[174.0, 185.0, 178.0, 158.0, 147.0, 150.0, 154.0, 183.0, 185.0, 174.0]",13.316975593566895,0.0,138.51861572265625,0.000583648681640625,-266.2941589355469
1750932329.0043225,0.0,0.5,"[174.0, 185.0, 179.0, 158.0, 147.0, 150.0, 154.0, 183.0, 185.0, 174.0]",13.284937858581543,0.0,138.5606689453125,0.000583648681640625,-266.5565185546875
1750932329.0326076,1.0,0.5,"[174.0, 185.0, 179.0, 158.0, 147.0, 150.0, 154.0, 183.0, 185.0, 174.0]",13.352058410644531,0.0,138.60305786132812,0.000583648681640625,-266.8201599121094
1750932329.0492303,1.0,0.5,"[174.0, 185.0, 178.0, 156.0, 147.0, 150.0, 154.0, 183.0, 185.0, 174.0]",13.148594856262207,0.5,138.62832641601562,0.000583648681640625,-267.0819091796875
1750932329.0649047,1.0,0.5,"[174.0, 185.0, 176.0, 155.0, 146.0, 149.0, 155.0, 184.0, 185.0, 174.0]",13.002384185791016,0.5,138.62899780273438,0.0005817413330078125,-267.3419494628906
1750932329.0819736,1.0,0.5,"[174.0, 185.0, 173.0, 154.0, 145.0, 149.0, 156.0, 186.0, 185.0, 174.0]",12.877848625183105,0.5,138.6185302734375,0.0005817413330078125,-267.59930419921875
1750932329.1229482,0.0,0.5,"[174.0, 185.0, 170.0, 152.0, 145.0, 149.0, 171.0, 187.0, 185.0, 174.0]",12.80007553100586,0.5,138.59884643554688,0.0005817413330078125,-267.85455322265625
1750932329.1394103,0.0,0.5,"[174.0, 185.0, 169.0, 151.0, 144.0, 148.0, 170.0, 187.0, 185.0, 174.0]",12.883600234985352,0.0,138.59249877929688,0.0005817413330078125,-268.1121520996094
1750932329.1555693,0.0,0.5,"[174.0, 185.0, 169.0, 151.0, 144.0, 148.0, 170.0, 188.0, 185.0, 174.0]",13.055232048034668,0.0,138.60147094726562,0.0005817413330078125,-268.37310791015625
1750932329.1716247,0.0,0.5,"[174.0, 185.0, 169.0, 151.0, 144.0, 148.0, 170.0, 188.0, 185.0, 174.0]",12.907179832458496,0.0,138.61520385742188,0.0005817413330078125,-268.6308898925781
1750932329.1866415,0.0,0.5,"[174.0, 185.0, 169.0, 151.0, 143.0, 148.0, 170.0, 188.0, 185.0, 174.0]",13.026004791259766,0.0,138.62960815429688,0.0005817413330078125,-268.8910217285156
1750932329.2017415,0.0,0.5,"[174.0, 185.0, 170.0, 151.0, 143.0, 148.0, 170.0, 187.0, 185.0, 174.0]",13.02310562133789,0.0,138.64382934570312,0.0005817413330078125,-269.1510925292969
1750932329.2394397,0.0,0.5,"[174.0, 185.0, 170.0, 151.0, 143.0, 147.0, 170.0, 187.0, 185.0, 174.0]",13.22098159790039,0.0,138.65811157226562,0.0005817413330078125,-269.4151306152344
1750932329.2548654,0.0,0.5,"[174.0, 185.0, 170.0, 151.0, 143.0, 147.0, 169.0, 187.0, 185.0, 174.0]",13.153388977050781,0.0,138.67245483398438,0.0005817413330078125,-269.67779541015625
1750932329.2700026,0.0,0.5,"[174.0, 185.0, 170.0, 151.0, 143.0, 147.0, 169.0, 187.0, 185.0, 174.0]",13.093178749084473,0.0,138.68661499023438,0.0005817413330078125,-269.93927001953125
1750932329.2850983,0.0,0.5,"[174.0, 185.0, 170.0, 149.0, 142.0, 147.0, 169.0, 187.0, 185.0, 174.0]",13.19912338256836,0.0,138.70095825195312,0.0005817413330078125,-270.2028503417969
1750932329.3000987,0.0,0.5,"[174.0, 185.0, 170.0, 149.0, 142.0, 147.0, 169.0, 187.0, 185.0, 174.0]",13.220185279846191,0.0,138.71560668945312,0.000583648681640625,-270.46685791015625
1750932329.3380606,0.0,0.5,"[174.0, 185.0, 170.0, 149.0, 142.0, 147.0, 169.0, 187.0, 185.0, 174.0]",13.422956466674805,0.0,138.73037719726562,0.000583648681640625,-270.73492431640625
1750932329.3532066,0.0,0.5,"[174.0, 185.0, 170.0, 149.0, 142.0, 146.0, 169.0, 187.0, 185.0, 174.0]",13.504277229309082,0.0,138.74484252929688,0.000583648681640625,-271.0046081542969
1750932329.3682344,0.0,0.5,"[174.0, 185.0, 170.0, 149.0, 142.0, 146.0, 169.0, 187.0, 185.0, 174.0]",13.508633613586426,0.0,138.75985717773438,0.000583648681640625,-271.27435302734375
1750932329.3831186,0.0,0.5,"[174.0, 185.0, 170.0, 148.0, 141.0, 146.0, 168.0, 187.0, 185.0, 174.0]",13.429256439208984,0.0,138.77444458007812,0.0005817413330078125,-271.54254150390625
1750932329.4214075,0.0,0.5,"[174.0, 185.0, 170.0, 148.0, 141.0, 146.0, 168.0, 187.0, 185.0, 174.0]",13.400616645812988,0.0,138.78952026367188,0.0005817413330078125,-271.81011962890625
1750932329.436199,0.0,0.5,"[174.0, 185.0, 170.0, 148.0, 141.0, 146.0, 168.0, 187.0, 185.0, 174.0]",13.469015121459961,0.0,138.80398559570312,0.0005817413330078125,-272.0791015625
1750932329.451403,0.0,0.5,"[174.0, 185.0, 170.0, 148.0, 141.0, 145.0, 168.0, 187.0, 185.0, 174.0]",13.682860374450684,0.0,138.81906127929688,0.0005817413330078125,-272.35235595703125
1750932329.4662578,0.0,0.5,"[174.0, 185.0, 170.0, 147.0, 140.0, 145.0, 168.0, 187.0, 185.0, 174.0]",13.686238288879395,0.0,138.83413696289062,0.0005817413330078125,-272.62567138671875
1750932329.4821599,0.0,0.5,"[174.0, 185.0, 170.0, 147.0, 140.0, 145.0, 167.0, 187.0, 185.0, 174.0]",13.719106674194336,0.0,138.84927368164062,0.0005817413330078125,-272.8996276855469
1750932329.5205798,0.0,0.5,"[174.0, 185.0, 170.0, 147.0, 140.0, 145.0, 167.0, 187.0, 185.0, 174.0]",13.73208999633789,0.0,138.86447143554688,0.0005817413330078125,-273.1738586425781
1750932329.5354934,0.0,0.5,"[174.0, 185.0, 170.0, 147.0, 140.0, 145.0, 167.0, 187.0, 185.0, 174.0]",13.677319526672363,0.0,138.87966918945312,0.0005817413330078125,-273.4469909667969
1750932329.5517402,0.0,0.5,"[174.0, 185.0, 170.0, 146.0, 139.0, 144.0, 167.0, 187.0, 185.0, 174.0]",13.842256546020508,0.0,138.89505004882812,0.0005817413330078125,-273.7234191894531
1750932329.5666256,0.0,0.5,"[174.0, 185.0, 169.0, 146.0, 139.0, 144.0, 167.0, 186.0, 185.0, 174.0]",13.84825611114502,0.0,138.9102783203125,0.0005817413330078125,-273.9999694824219
1750932329.5819647,0.0,0.5,"[174.0, 185.0, 169.0, 146.0, 139.0, 144.0, 166.0, 187.0, 185.0, 174.0]",13.892518043518066,0.0,138.92544555664062,0.000583648681640625,-274.27740478515625
1750932329.6198745,0.0,0.5,"[174.0, 185.0, 169.0, 145.0, 138.0, 144.0, 166.0, 190.0, 185.0, 174.0]",14.06492805480957,0.0,138.94076538085938,0.000583648681640625,-274.55828857421875
1750932329.6343224,0.0,0.5,"[174.0, 185.0, 169.0, 145.0, 138.0, 143.0, 166.0, 227.0, 185.0, 174.0]",13.915401458740234,0.0,138.95623779296875,0.000583648681640625,-274.836181640625
1750932329.649419,0.0,0.5,"[174.0, 185.0, 169.0, 145.0, 138.0, 143.0, 166.0, 227.0, 185.0, 174.0]",14.075854301452637,0.0,138.97177124023438,0.000583648681640625,-275.1172790527344
1750932329.6644173,-1.0,0.5,"[174.0, 185.0, 169.0, 145.0, 137.0, 143.0, 166.0, 227.0, 185.0, 174.0]",14.0643949508667,0.0,138.98757934570312,0.000583648681640625,-275.39813232421875
1750932329.691468,-1.0,0.5,"[174.0, 185.0, 170.0, 145.0, 137.0, 143.0, 164.0, 227.0, 185.0, 174.0]",13.905445098876953,-0.5,139.01705932617188,0.000583648681640625,-275.6746826171875
1750932329.7066934,0.0,0.5,"[174.0, 185.0, 170.0, 145.0, 138.0, 143.0, 166.0, 227.0, 185.0, 174.0]",13.51939868927002,-0.5,139.06307983398438,0.000583648681640625,-275.9411315917969
1750932329.7217543,0.0,0.5,"[174.0, 185.0, 170.0, 145.0, 138.0, 143.0, 164.0, 227.0, 185.0, 174.0]",13.832819938659668,0.0,139.09573364257812,0.0005817413330078125,-276.2158508300781
1750932329.7598646,0.0,0.5,"[174.0, 185.0, 170.0, 145.0, 137.0, 142.0, 164.0, 226.0, 185.0, 174.0]",13.66580581665039,0.0,139.12026977539062,0.000583648681640625,-276.4880676269531
1750932329.7750514,0.0,0.5,"[174.0, 185.0, 169.0, 145.0, 137.0, 142.0, 164.0, 226.0, 185.0, 174.0]",13.840371131896973,0.0,139.14462280273438,0.000583648681640625,-276.7637939453125
1750932329.789882,0.0,0.5,"[174.0, 185.0, 169.0, 144.0, 137.0, 142.0, 164.0, 226.0, 185.0, 174.0]",13.851593971252441,0.0,139.16873168945312,0.000583648681640625,-277.0397644042969
1750932329.8049476,0.0,0.5,"[174.0, 185.0, 169.0, 144.0, 136.0, 141.0, 163.0, 226.0, 185.0, 174.0]",13.915834426879883,0.0,139.19363403320312,0.000583648681640625,-277.31695556640625
1750932329.8201797,0.0,0.5,"[174.0, 185.0, 168.0, 143.0, 136.0, 141.0, 163.0, 225.0, 185.0, 174.0]",13.962996482849121,0.0,139.21817016601562,0.000583648681640625,-277.5951232910156
1750932329.8573072,-1.0,0.5,"[174.0, 185.0, 167.0, 143.0, 136.0, 141.0, 163.0, 225.0, 185.0, 174.0]",13.842148780822754,0.0,139.2427978515625,0.000583648681640625,-277.8708801269531
1750932329.8723917,-1.0,0.5,"[174.0, 185.0, 167.0, 143.0, 135.0, 140.0, 163.0, 225.0, 185.0, 174.0]",13.919225692749023,-0.5,139.28121948242188,0.000583648681640625,-278.1466064453125
1750932329.8872125,-1.0,0.5,"[174.0, 185.0, 168.0, 143.0, 135.0, 141.0, 163.0, 225.0, 185.0, 174.0]",13.502225875854492,-0.5,139.33383178710938,0.0005855560302734375,-278.4114685058594
1750932329.9023032,-1.0,0.5,"[174.0, 185.0, 170.0, 143.0, 135.0, 141.0, 163.0, 226.0, 185.0, 174.0]",13.55533504486084,-0.5,139.40481567382812,0.000583648681640625,-278.6731262207031
1750932329.940493,0.0,0.5,"[174.0, 185.0, 172.0, 144.0, 136.0, 141.0, 163.0, 226.0, 185.0, 174.0]",13.493294715881348,-0.5,139.48587036132812,0.000583648681640625,-278.9305419921875
1750932329.9554884,0.0,0.5,"[174.0, 185.0, 172.0, 144.0, 136.0, 141.0, 163.0, 227.0, 185.0, 174.0]",13.57531452178955,0.0,139.55685424804688,0.000583648681640625,-279.1925964355469
1750932329.970512,0.0,0.5,"[174.0, 185.0, 172.0, 144.0, 135.0, 141.0, 163.0, 226.0, 185.0, 174.0]",13.412664413452148,0.0,139.61135864257812,0.000583648681640625,-279.45526123046875
1750932329.9858985,0.0,0.5,"[174.0, 185.0, 172.0, 143.0, 135.0, 141.0, 163.0, 226.0, 185.0, 174.0]",13.527433395385742,0.0,139.66159057617188,0.000583648681640625,-279.7210998535156
1750932330.0015624,0.0,0.5,"[174.0, 185.0, 171.0, 143.0, 134.0, 140.0, 162.0, 226.0, 185.0, 174.0]",13.451598167419434,0.0,139.71102905273438,0.000583648681640625,-279.9855651855469
1750932330.0397222,-1.0,0.5,"[174.0, 185.0, 170.0, 143.0, 134.0, 140.0, 162.0, 226.0, 185.0, 174.0]",13.838309288024902,0.0,139.7620849609375,0.0005855560302734375,-280.257568359375
1750932330.0555248,-1.0,0.5,"[174.0, 185.0, 170.0, 143.0, 134.0, 140.0, 162.0, 226.0, 185.0, 174.0]",13.241171836853027,-0.5,139.82742309570312,0.0005855560302734375,-280.5141906738281
1750932330.0705678,-1.0,0.5,"[174.0, 185.0, 170.0, 143.0, 134.0, 140.0, 162.0, 226.0, 185.0, 174.0]",13.339704513549805,-0.5,139.91192626953125,0.0005855560302734375,-280.7672424316406
1750932330.0856082,-1.0,0.5,"[174.0, 185.0, 171.0, 144.0, 134.0, 140.0, 162.0, 227.0, 185.0, 174.0]",13.067800521850586,-0.5,140.00747680664062,0.0005855560302734375,-281.010498046875
1750932330.1004324,-1.0,0.5,"[174.0, 185.0, 172.0, 144.0, 135.0, 140.0, 163.0, 227.0, 185.0, 174.0]",13.175755500793457,-0.5,140.11318969726562,0.00058746337890625,-281.25189208984375
1750932330.1375272,-1.0,0.5,"[174.0, 185.0, 173.0, 144.0, 135.0, 140.0, 163.0, 227.0, 185.0, 174.0]",13.196501731872559,-0.5,140.22592163085938,0.00058746337890625,-281.49053955078125
1750932330.1525593,-1.0,0.5,"[174.0, 185.0, 173.0, 145.0, 135.0, 140.0, 163.0, 227.0, 185.0, 174.0]",13.205293655395508,-0.5,140.34402465820312,0.0005855560302734375,-281.7267761230469
1750932330.1677678,-1.0,0.5,"[174.0, 185.0, 175.0, 145.0, 136.0, 141.0, 164.0, 227.0, 185.0, 174.0]",13.395242691040039,-0.5,140.47061157226562,0.0005855560302734375,-281.9628601074219
1750932330.1826067,0.0,0.5,"[174.0, 185.0, 176.0, 145.0, 136.0, 141.0, 164.0, 227.0, 185.0, 174.0]",13.26452922821045,-0.5,140.60226440429688,0.0005855560302734375,-282.19317626953125
1750932330.2197096,0.0,0.5,"[174.0, 185.0, 176.0, 145.0, 136.0, 141.0, 164.0, 227.0, 185.0, 174.0]",13.365674018859863,0.0,140.72433471679688,0.000583648681640625,-282.4309997558594
1750932330.234566,0.0,0.5,"[174.0, 185.0, 176.0, 145.0, 136.0, 140.0, 164.0, 227.0, 185.0, 174.0]",13.170766830444336,0.0,140.82992553710938,0.000583648681640625,-282.6723327636719
1750932330.2495239,0.0,0.5,"[174.0, 185.0, 176.0, 144.0, 136.0, 140.0, 164.0, 227.0, 185.0, 174.0]",13.4694242477417,0.0,140.93380737304688,0.000583648681640625,-282.9208984375
1750932330.26313,-1.0,0.5,"[174.0, 185.0, 176.0, 144.0, 136.0, 140.0, 163.0, 227.0, 185.0, 174.0]",13.066235542297363,0.0,141.03433227539062,0.000583648681640625,-283.162109375
1750932330.2997983,-1.0,0.5,"[174.0, 185.0, 175.0, 144.0, 135.0, 140.0, 163.0, 227.0, 185.0, 174.0]",13.100356101989746,-0.5,141.14993286132812,0.000583648681640625,-283.3972473144531
1750932330.314594,-1.0,0.5,"[174.0, 185.0, 175.0, 144.0, 135.0, 140.0, 164.0, 227.0, 185.0, 174.0]",13.043618202209473,-0.5,141.28030395507812,0.000583648681640625,-283.62322998046875
1750932330.3293002,-1.0,0.5,"[174.0, 185.0, 175.0, 144.0, 136.0, 140.0, 164.0, 227.0, 185.0, 174.0]",12.760575294494629,-0.5,141.42294311523438,0.0005931854248046875,-283.8348388671875
1750932330.3438706,-1.0,0.5,"[174.0, 185.0, 176.0, 145.0, 136.0, 140.0, 166.0, 227.0, 185.0, 174.0]",12.893414497375488,-0.5,141.57229614257812,0.0006389617919921875,-284.0450439453125
1750932330.3822393,0.0,0.5,"[174.0, 185.0, 176.0, 145.0, 136.0, 140.0, 166.0, 227.0, 185.0, 174.0]",12.908246040344238,-0.5,141.72811889648438,0.000713348388671875,-284.2508850097656
1750932330.397538,0.0,0.5,"[174.0, 185.0, 176.0, 145.0, 136.0, 140.0, 166.0, 227.0, 185.0, 174.0]",12.966510772705078,0.0,141.8740234375,0.000827789306640625,-284.4653015136719
1750932330.4131513,0.0,0.5,"[174.0, 185.0, 175.0, 145.0, 135.0, 140.0, 166.0, 227.0, 185.0, 174.0]",12.944056510925293,0.0,142.00521850585938,0.0010013580322265625,-284.6884765625
1750932330.427989,0.0,0.5,"[174.0, 185.0, 175.0, 144.0, 135.0, 140.0, 166.0, 227.0, 185.0, 174.0]",12.942667961120605,0.0,142.13381958007812,0.0012493133544921875,-284.9131164550781
1750932330.4430609,0.0,0.5,"[174.0, 185.0, 173.0, 144.0, 134.0, 139.0, 164.0, 227.0, 185.0, 174.0]",12.99142837524414,0.0,142.26235961914062,0.0015506744384765625,-285.138916015625
1750932330.4812765,0.0,0.5,"[174.0, 185.0, 173.0, 144.0, 134.0, 139.0, 164.0, 227.0, 185.0, 174.0]",13.191325187683105,0.0,142.39328002929688,0.001918792724609375,-285.36798095703125
1750932330.4963083,0.0,0.5,"[174.0, 185.0, 172.0, 143.0, 133.0, 138.0, 163.0, 227.0, 185.0, 174.0]",13.06053638458252,0.0,142.52279663085938,0.002323150634765625,-285.5948181152344
1750932330.5114236,0.0,0.5,"[174.0, 185.0, 171.0, 143.0, 133.0, 138.0, 163.0, 227.0, 185.0, 174.0]",13.238228797912598,0.0,142.65420532226562,0.0027866363525390625,-285.8246765136719
1750932330.5263507,0.0,0.5,"[174.0, 185.0, 170.0, 141.0, 131.0, 137.0, 162.0, 227.0, 185.0, 174.0]",13.07470989227295,0.0,142.78369140625,0.003269195556640625,-286.0518493652344
1750932330.5411685,0.0,0.5,"[174.0, 185.0, 169.0, 141.0, 130.0, 137.0, 162.0, 227.0, 185.0, 174.0]",13.307621955871582,0.0,142.91561889648438,0.0037937164306640625,-286.2829895019531
1750932330.5778005,0.0,0.5,"[174.0, 185.0, 169.0, 140.0, 130.0, 136.0, 161.0, 227.0, 185.0, 174.0]",13.20739459991455,0.0,143.04635620117188,0.004322052001953125,-286.51251220703125
1750932330.59242,0.0,0.5,"[174.0, 185.0, 167.0, 140.0, 129.0, 135.0, 161.0, 227.0, 185.0, 174.0]",13.339834213256836,0.0,143.17868041992188,0.0049076080322265625,-286.7441711425781
1750932330.606654,0.0,0.5,"[174.0, 185.0, 167.0, 139.0, 129.0, 135.0, 160.0, 227.0, 185.0, 174.0]",13.312016487121582,0.0,143.31057739257812,0.005565643310546875,-286.9754333496094
1750932330.6211693,0.0,0.5,"[174.0, 185.0, 165.0, 139.0, 128.0, 134.0, 160.0, 227.0, 185.0, 174.0]",13.452412605285645,0.0,143.44393920898438,0.0062770843505859375,-287.2091064453125
1750932330.6578207,0.0,0.5,"[174.0, 185.0, 164.0, 138.0, 127.0, 134.0, 159.0, 227.0, 185.0, 174.0]",13.418063163757324,0.0,143.5772705078125,0.0070323944091796875,-287.4420166015625
1750932330.6723182,0.0,0.5,"[174.0, 185.0, 163.0, 137.0, 126.0, 133.0, 159.0, 227.0, 185.0, 174.0]",13.503776550292969,0.0,143.71102905273438,0.0078582763671875,-287.6766357421875
1750932330.6875696,0.0,0.5,"[174.0, 185.0, 162.0, 136.0, 126.0, 131.0, 158.0, 227.0, 185.0, 174.0]",13.368583679199219,0.0,143.84378051757812,0.008762359619140625,-287.9087219238281
1750932330.702712,-1.0,0.5,"[174.0, 185.0, 161.0, 135.0, 125.0, 130.0, 156.0, 227.0, 185.0, 174.0]",13.774494171142578,0.0,143.98043823242188,0.009775161743164062,-288.1479187011719
1750932330.7384684,-1.0,0.5,"[174.0, 185.0, 161.0, 134.0, 124.0, 130.0, 156.0, 227.0, 185.0, 174.0]",13.386418342590332,-0.5,144.12734985351562,0.010820388793945312,-288.3717346191406
1750932330.7534366,-1.0,0.5,"[174.0, 185.0, 161.0, 134.0, 124.0, 130.0, 156.0, 227.0, 185.0, 174.0]",13.274726867675781,-0.5,144.287353515625,0.011903762817382812,-288.5835876464844
1750932330.7686865,-1.0,0.5,"[174.0, 185.0, 161.0, 133.0, 124.0, 130.0, 158.0, 227.0, 185.0, 174.0]",12.997225761413574,-0.5,144.45706176757812,0.013006210327148438,-288.780517578125
1750932330.7831755,-1.0,0.5,"[174.0, 185.0, 162.0, 133.0, 124.0, 130.0, 159.0, 227.0, 185.0, 174.0]",13.183747291564941,-0.5,144.63504028320312,0.014158248901367188,-288.97503662109375
1750932330.8190007,-1.0,0.5,"[174.0, 185.0, 162.0, 133.0, 124.0, 131.0, 159.0, 227.0, 185.0, 174.0]",13.064196586608887,-0.5,144.81784057617188,0.015331268310546875,-289.1617431640625
1750932330.8324761,-1.0,0.5,"[174.0, 185.0, 162.0, 133.0, 124.0, 131.0, 160.0, 227.0, 185.0, 174.0]",13.217511177062988,-0.5,145.00677490234375,0.016542434692382812,-289.34661865234375
1750932330.8454876,-1.0,0.5,"[174.0, 185.0, 162.0, 132.0, 124.0, 131.0, 161.0, 227.0, 185.0, 174.0]",13.209118843078613,-0.5,145.20095825195312,0.017810821533203125,-289.5257263183594
1750932330.8590412,-1.0,0.5,"[174.0, 185.0, 162.0, 132.0, 124.0, 133.0, 162.0, 227.0, 185.0, 174.0]",13.154918670654297,-0.5,145.39822387695312,0.019138336181640625,-289.6998291015625
1750932330.8913972,-1.0,0.5,"[174.0, 185.0, 162.0, 132.0, 124.0, 133.0, 163.0, 227.0, 185.0, 174.0]",13.286201477050781,-0.5,145.60250854492188,0.020534515380859375,-289.8697204589844
1750932330.904291,-1.0,0.5,"[174.0, 185.0, 161.0, 132.0, 124.0, 134.0, 164.0, 227.0, 185.0, 174.0]",13.268778800964355,-0.5,145.81167602539062,0.021989822387695312,-290.0330810546875
1750932330.925791,-1.0,0.5,"[174.0, 185.0, 161.0, 132.0, 125.0, 134.0, 166.0, 227.0, 185.0, 174.0]",13.469934463500977,-0.5,146.02743530273438,0.02349853515625,-290.19439697265625
1750932330.9385278,-1.0,0.5,"[174.0, 185.0, 161.0, 132.0, 125.0, 135.0, 167.0, 227.0, 185.0, 174.0]",13.262457847595215,-0.5,146.24459838867188,0.025005340576171875,-290.3466796875
1750932330.9691155,-1.0,0.5,"[174.0, 185.0, 160.0, 132.0, 125.0, 136.0, 168.0, 227.0, 185.0, 174.0]",13.397894859313965,-0.5,146.46755981445312,0.026559829711914062,-290.4952697753906
1750932330.9812977,-1.0,0.5,"[174.0, 185.0, 159.0, 132.0, 126.0, 137.0, 169.0, 227.0, 185.0, 174.0]",13.547185897827148,-0.5,146.69772338867188,0.028223037719726562,-290.6382141113281
1750932331.0123272,-1.0,0.5,"[174.0, 185.0, 159.0, 132.0, 126.0, 137.0, 171.0, 227.0, 185.0, 174.0]",13.386007308959961,-0.5,146.92803955078125,0.029926300048828125,-290.774658203125
1750932331.024942,-1.0,0.5,"[174.0, 185.0, 159.0, 133.0, 127.0, 138.0, 171.0, 227.0, 185.0, 174.0]",13.503683090209961,-0.5,147.164794921875,0.03173065185546875,-290.90460205078125
1750932331.0379758,-1.0,0.5,"[174.0, 185.0, 159.0, 133.0, 127.0, 139.0, 174.0, 227.0, 185.0, 174.0]",13.45236873626709,-0.5,147.40359497070312,0.033588409423828125,-291.02850341796875
1750932331.0707052,-1.0,0.5,"[174.0, 185.0, 159.0, 133.0, 128.0, 140.0, 175.0, 227.0, 185.0, 174.0]",13.553235054016113,-0.5,147.64776611328125,0.03548240661621094,-291.1462097167969
1750932331.0843878,-1.0,0.5,"[174.0, 185.0, 159.0, 134.0, 129.0, 141.0, 176.0, 227.0, 185.0, 174.0]",13.59924030303955,-0.5,147.89590454101562,0.037441253662109375,-291.257568359375
1750932331.1094508,-1.0,0.5,"[174.0, 185.0, 159.0, 134.0, 130.0, 143.0, 177.0, 227.0, 185.0, 174.0]",13.667655944824219,-0.5,148.14859008789062,0.039485931396484375,-291.36175537109375
1750932331.1237574,-1.0,0.5,"[174.0, 185.0, 160.0, 136.0, 130.0, 144.0, 178.0, 227.0, 185.0, 174.0]",13.564406394958496,-0.5,148.401611328125,0.041553497314453125,-291.45965576171875
1750932331.1613972,-1.0,0.5,"[174.0, 185.0, 161.0, 136.0, 131.0, 145.0, 179.0, 227.0, 185.0, 174.0]",13.711930274963379,-0.5,148.66055297851562,0.04366874694824219,-291.5498962402344
1750932331.1766984,-1.0,0.5,"[174.0, 185.0, 161.0, 137.0, 133.0, 146.0, 181.0, 227.0, 185.0, 174.0]",13.581221580505371,-0.5,148.91885375976562,0.04576683044433594,-291.6338806152344
1750932331.1914978,-1.0,0.5,"[174.0, 185.0, 162.0, 138.0, 134.0, 148.0, 182.0, 227.0, 185.0, 174.0]",13.872366905212402,-0.5,149.18521118164062,0.04794883728027344,-291.7115478515625
1750932331.2067647,-1.0,0.5,"[174.0, 185.0, 162.0, 139.0, 136.0, 149.0, 183.0, 220.0, 185.0, 174.0]",13.607186317443848,-0.5,149.4486083984375,0.05013275146484375,-291.77996826171875
1750932331.2216728,-1.0,0.5,"[174.0, 185.0, 164.0, 139.0, 136.0, 150.0, 183.0, 215.0, 185.0, 174.0]",13.909089088439941,-0.5,149.71969604492188,0.0524139404296875,-291.8423156738281
1750932331.2590065,-1.0,0.5,"[174.0, 185.0, 164.0, 140.0, 138.0, 151.0, 184.0, 211.0, 185.0, 174.0]",13.779069900512695,-0.5,149.98968505859375,0.054683685302734375,-291.8975830078125
1750932331.2736142,-1.0,0.5,"[174.0, 185.0, 165.0, 141.0, 139.0, 152.0, 185.0, 209.0, 185.0, 174.0]",13.933789253234863,-0.5,150.26422119140625,0.056980133056640625,-291.9454040527344
1750932331.2886138,-1.0,0.5,"[174.0, 185.0, 167.0, 143.0, 141.0, 154.0, 185.0, 206.0, 185.0, 174.0]",13.846224784851074,-0.5,150.53823852539062,0.05930900573730469,-291.9852600097656
1750932331.304448,-1.0,0.5,"[174.0, 185.0, 169.0, 145.0, 142.0, 155.0, 185.0, 203.0, 185.0, 174.0]",13.990077018737793,-0.5,150.81619262695312,0.06169700622558594,-292.0172119140625
1750932331.3316052,-1.0,0.5,"[174.0, 185.0, 170.0, 146.0, 143.0, 156.0, 186.0, 201.0, 185.0, 174.0]",13.77234172821045,-0.5,151.090576171875,0.06412506103515625,-292.04150390625
1750932331.347682,-1.0,0.5,"[174.0, 185.0, 172.0, 147.0, 145.0, 157.0, 186.0, 198.0, 185.0, 174.0]",13.93500804901123,-0.5,151.36880493164062,0.06666183471679688,-292.0578308105469
1750932331.3636043,-1.0,0.5,"[174.0, 185.0, 173.0, 149.0, 146.0, 158.0, 186.0, 195.0, 185.0, 174.0]",14.019927978515625,-0.5,151.6490478515625,0.06925582885742188,-292.0663757324219
1750932331.4041224,-1.0,0.5,"[174.0, 185.0, 175.0, 151.0, 147.0, 159.0, 186.0, 192.0, 185.0, 174.0]",13.900861740112305,-0.5,151.92703247070312,0.07186508178710938,-292.06695556640625
1750932331.4190145,-1.0,0.5,"[174.0, 185.0, 177.0, 152.0, 149.0, 160.0, 186.0, 190.0, 185.0, 174.0]",14.08369255065918,-0.5,152.2086181640625,0.07449531555175781,-292.0596618652344
1750932331.4348679,0.0,0.5,"[174.0, 185.0, 179.0, 154.0, 150.0, 161.0, 171.0, 187.0, 185.0, 174.0]",14.04038143157959,-0.5,152.489013671875,0.07710838317871094,-292.0445861816406
1750932331.4508739,0.0,0.5,"[174.0, 185.0, 180.0, 155.0, 150.0, 161.0, 169.0, 186.0, 185.0, 174.0]",13.95239543914795,0.0,152.76803588867188,0.07989501953125,-292.0426940917969
1750932331.4669666,0.0,0.5,"[174.0, 185.0, 180.0, 155.0, 150.0, 161.0, 169.0, 186.0, 185.0, 174.0]",13.904869079589844,0.0,153.04583740234375,0.08284568786621094,-292.0550231933594
1750932331.4829729,0.0,0.5,"[174.0, 185.0, 180.0, 155.0, 150.0, 161.0, 169.0, 186.0, 185.0, 174.0]",14.132867813110352,0.0,153.32791137695312,0.085906982421875,-292.0732116699219
1750932331.5231261,0.0,0.5,"[174.0, 185.0, 179.0, 154.0, 150.0, 161.0, 170.0, 187.0, 185.0, 174.0]",14.015864372253418,0.0,153.60757446289062,0.08894538879394531,-292.0917663574219
1750932331.538813,0.0,0.5,"[174.0, 185.0, 179.0, 154.0, 150.0, 161.0, 170.0, 187.0, 185.0, 174.0]",14.159062385559082,0.0,153.89013671875,0.09214591979980469,-292.1104736328125
1750932331.554005,0.0,0.5,"[174.0, 185.0, 179.0, 154.0, 150.0, 161.0, 170.0, 187.0, 185.0, 174.0]",13.917731285095215,0.0,154.1678466796875,0.09546661376953125,-292.1291198730469
1750932331.5698655,0.0,0.5,"[174.0, 185.0, 179.0, 154.0, 150.0, 160.0, 170.0, 187.0, 185.0, 174.0]",14.286600112915039,0.0,154.45291137695312,0.09907913208007812,-292.1480712890625
1750932331.5857146,0.0,0.5,"[174.0, 185.0, 179.0, 154.0, 149.0, 160.0, 170.0, 187.0, 185.0, 174.0]",14.314275741577148,0.0,154.73855590820312,0.10288619995117188,-292.1669921875
1750932331.601142,0.0,0.5,"[174.0, 185.0, 178.0, 153.0, 149.0, 160.0, 186.0, 188.0, 185.0, 174.0]",14.396316528320312,0.0,155.02584838867188,0.10688591003417969,-292.1859436035156
1750932331.6417174,0.0,0.5,"[174.0, 185.0, 178.0, 153.0, 149.0, 160.0, 186.0, 189.0, 185.0, 174.0]",14.315824508666992,0.0,155.31149291992188,0.11104583740234375,-292.2049255371094
1750932331.6567714,0.0,0.5,"[174.0, 185.0, 178.0, 153.0, 149.0, 160.0, 186.0, 189.0, 185.0, 174.0]",14.261218070983887,0.0,155.59603881835938,0.11530494689941406,-292.22393798828125
1750932331.6723359,0.0,0.5,"[174.0, 185.0, 177.0, 153.0, 149.0, 160.0, 186.0, 189.0, 185.0, 174.0]",14.448897361755371,0.0,155.88436889648438,0.1197509765625,-292.24322509765625
1750932331.6882374,0.0,0.5,"[174.0, 185.0, 176.0, 153.0, 148.0, 160.0, 186.0, 189.0, 185.0, 174.0]",14.498651504516602,0.0,156.17367553710938,0.1242828369140625,-292.26220703125
1750932331.7045648,0.0,0.5,"[174.0, 185.0, 176.0, 153.0, 148.0, 160.0, 186.0, 189.0, 185.0, 174.0]",14.443514823913574,0.0,156.46188354492188,0.128875732421875,-292.2815246582031
1750932331.7319748,0.0,0.5,"[174.0, 185.0, 176.0, 152.0, 148.0, 159.0, 186.0, 190.0, 185.0, 174.0]",14.390012741088867,0.0,156.7490234375,0.13350868225097656,-292.3002624511719
1750932331.747003,0.0,0.5,"[174.0, 185.0, 176.0, 152.0, 148.0, 159.0, 186.0, 190.0, 185.0, 174.0]",14.514629364013672,0.0,157.03863525390625,0.13834762573242188,-292.31964111328125
1750932331.7619708,0.0,0.5,"[174.0, 185.0, 175.0, 152.0, 147.0, 159.0, 186.0, 190.0, 185.0, 174.0]",14.790924072265625,0.0,157.33377075195312,0.1435413360595703,-292.3392333984375
1750932331.800742,-1.0,0.5,"[174.0, 185.0, 175.0, 151.0, 147.0, 159.0, 186.0, 190.0, 185.0, 174.0]",14.492432594299316,0.0,157.6229248046875,0.1488361358642578,-292.3582763671875
1750932331.8158426,-1.0,0.5,"[174.0, 185.0, 175.0, 152.0, 147.0, 159.0, 186.0, 190.0, 185.0, 174.0]",14.577024459838867,-0.5,157.91439819335938,0.15394973754882812,-292.3612060546875
1750932331.8310082,-1.0,0.5,"[174.0, 185.0, 176.0, 153.0, 148.0, 160.0, 186.0, 188.0, 185.0, 174.0]",14.206558227539062,-0.5,158.19778442382812,0.15854454040527344,-292.34136962890625
1750932331.845926,-1.0,0.5,"[174.0, 185.0, 179.0, 154.0, 150.0, 161.0, 166.0, 186.0, 185.0, 174.0]",14.203511238098145,-0.5,158.4794921875,0.16290855407714844,-292.3049011230469
1750932331.8609464,-1.0,0.5,"[174.0, 185.0, 181.0, 155.0, 151.0, 161.0, 163.0, 183.0, 185.0, 174.0]",13.97453784942627,-0.5,158.75509643554688,0.16711807250976562,-292.2586975097656
1750932331.9007142,0.0,0.5,"[174.0, 185.0, 184.0, 157.0, 153.0, 161.0, 161.0, 181.0, 185.0, 174.0]",14.254952430725098,-0.5,159.03494262695312,0.17136001586914062,-292.2042541503906
1750932331.9168632,0.0,0.5,"[174.0, 185.0, 184.0, 158.0, 153.0, 162.0, 160.0, 179.0, 185.0, 174.0]",14.033830642700195,0.0,159.31283569335938,0.17609405517578125,-292.1651611328125
1750932331.9327629,0.0,0.5,"[174.0, 185.0, 185.0, 158.0, 153.0, 162.0, 160.0, 179.0, 185.0, 174.0]",14.155409812927246,0.0,159.59463500976562,0.18129730224609375,-292.1383056640625
1750932331.9487414,0.0,0.5,"[174.0, 185.0, 185.0, 158.0, 153.0, 162.0, 160.0, 179.0, 185.0, 174.0]",13.936946868896484,0.0,159.87252807617188,0.1866130828857422,-292.1175842285156
1750932331.9643292,0.0,0.5,"[174.0, 185.0, 184.0, 158.0, 153.0, 161.0, 160.0, 179.0, 185.0, 174.0]",14.068422317504883,0.0,160.15310668945312,0.1920146942138672,-292.0970764160156
1750932331.9914193,0.0,0.5,"[174.0, 185.0, 184.0, 158.0, 153.0, 161.0, 160.0, 179.0, 185.0, 174.0]",14.384062767028809,0.0,160.43997192382812,0.19765090942382812,-292.07647705078125
1750932332.0064673,0.0,0.5,"[174.0, 185.0, 184.0, 157.0, 153.0, 161.0, 160.0, 179.0, 185.0, 174.0]",14.223298072814941,0.0,160.72366333007812,0.20343589782714844,-292.0561828613281
1750932332.0211349,0.0,0.5,"[174.0, 185.0, 184.0, 156.0, 153.0, 161.0, 160.0, 179.0, 185.0, 174.0]",14.481331825256348,0.0,161.01248168945312,0.20955848693847656,-292.0352478027344
1750932332.0602555,0.0,0.5,"[174.0, 185.0, 184.0, 156.0, 153.0, 161.0, 160.0, 179.0, 185.0, 174.0]",14.273919105529785,0.0,161.29714965820312,0.2157745361328125,-292.01483154296875
1750932332.0755627,0.0,0.5,"[174.0, 185.0, 184.0, 156.0, 152.0, 161.0, 160.0, 179.0, 185.0, 174.0]",14.405023574829102,0.0,161.5844268798828,0.22216415405273438,-291.99407958984375
1750932332.0906377,0.0,0.5,"[174.0, 185.0, 184.0, 156.0, 152.0, 161.0, 160.0, 179.0, 185.0, 174.0]",14.245392799377441,0.0,161.86854553222656,0.2285442352294922,-291.9737854003906
1750932332.1055367,0.0,0.5,"[174.0, 185.0, 183.0, 156.0, 152.0, 161.0, 161.0, 179.0, 185.0, 174.0]",14.455120086669922,0.0,162.15679931640625,0.23502540588378906,-291.95269775390625
1750932332.120639,-1.0,0.5,"[174.0, 185.0, 183.0, 155.0, 152.0, 161.0, 161.0, 179.0, 185.0, 174.0]",14.662092208862305,0.0,162.44918823242188,0.24158096313476562,-291.931396484375
1750932332.165357,0.0,0.5,"[174.0, 185.0, 183.0, 156.0, 153.0, 161.0, 160.0, 179.0, 185.0, 174.0]",14.253087043762207,-0.5,162.73208618164062,0.24746322631835938,-291.8968811035156
1750932332.1851885,0.0,0.5,"[174.0, 185.0, 183.0, 156.0, 153.0, 161.0, 160.0, 179.0, 185.0, 174.0]",14.40229320526123,0.0,163.01895141601562,0.2537345886230469,-291.8716735839844
1750932332.1871755,0.0,0.5,"[174.0, 185.0, 183.0, 156.0, 153.0, 161.0, 160.0, 179.0, 185.0, 174.0]",14.327079772949219,0.0,163.304443359375,0.2599983215332031,-291.84796142578125
1750932332.2027435,0.0,0.5,"[174.0, 185.0, 183.0, 155.0, 152.0, 161.0, 161.0, 179.0, 185.0, 174.0]",14.53995418548584,0.0,163.59417724609375,0.2663917541503906,-291.8240051269531
1750932332.2407568,0.0,0.5,"[174.0, 185.0, 183.0, 155.0, 152.0, 161.0, 161.0, 179.0, 185.0, 174.0]",14.413640975952148,0.0,163.8814239501953,0.2729358673095703,-291.800537109375
1750932332.255092,0.0,0.5,"[174.0, 185.0, 181.0, 155.0, 152.0, 161.0, 161.0, 179.0, 185.0, 174.0]",14.576922416687012,0.0,164.17189025878906,0.2798004150390625,-291.77655029296875
1750932332.2705543,0.0,0.5,"[174.0, 185.0, 181.0, 155.0, 152.0, 161.0, 161.0, 179.0, 185.0, 174.0]",14.404903411865234,0.0,164.4589385986328,0.28682518005371094,-291.7530822753906
1750932332.2858431,0.0,0.5,"[174.0, 185.0, 181.0, 155.0, 152.0, 161.0, 161.0, 180.0, 185.0, 174.0]",14.720789909362793,0.0,164.75225830078125,0.2941627502441406,-291.728759765625
1750932332.3008835,0.0,0.5,"[174.0, 185.0, 181.0, 155.0, 152.0, 161.0, 162.0, 181.0, 185.0, 174.0]",14.350757598876953,0.0,165.0382080078125,0.3013343811035156,-291.70513916015625
1750932332.3390691,0.0,0.5,"[174.0, 185.0, 181.0, 155.0, 152.0, 161.0, 162.0, 181.0, 185.0, 174.0]",14.721169471740723,0.0,165.33155822753906,0.3086223602294922,-291.68109130859375
1750932332.3539896,0.0,0.5,"[174.0, 185.0, 180.0, 155.0, 152.0, 161.0, 162.0, 181.0, 185.0, 174.0]",14.633821487426758,0.0,165.62318420410156,0.31583595275878906,-291.6573181152344
1750932332.369048,0.0,0.5,"[174.0, 185.0, 179.0, 154.0, 151.0, 161.0, 162.0, 183.0, 185.0, 174.0]",14.711368560791016,0.0,165.9163055419922,0.32298851013183594,-291.6329040527344
1750932332.3839612,0.0,0.5,"[174.0, 185.0, 179.0, 154.0, 151.0, 161.0, 162.0, 183.0, 185.0, 174.0]",14.882967948913574,0.0,166.21287536621094,0.33016014099121094,-291.6085510253906
1750932332.4109511,0.0,0.5,"[174.0, 185.0, 179.0, 154.0, 151.0, 161.0, 162.0, 183.0, 185.0, 174.0]",14.712650299072266,0.0,166.50604248046875,0.3372058868408203,-291.584228515625
1750932332.4260275,0.0,0.5,"[174.0, 185.0, 179.0, 154.0, 151.0, 161.0, 162.0, 183.0, 185.0, 174.0]",14.874354362487793,0.0,166.80242919921875,0.3444404602050781,-291.5596618652344
1750932332.4411495,0.0,0.5,"[174.0, 185.0, 178.0, 154.0, 151.0, 160.0, 163.0, 184.0, 185.0, 174.0]",14.913849830627441,0.0,167.0995635986328,0.3518943786621094,-291.5347595214844
1750932332.4792798,0.0,0.5,"[174.0, 185.0, 178.0, 154.0, 151.0, 160.0, 162.0, 184.0, 185.0, 174.0]",14.91342830657959,0.0,167.39674377441406,0.35964202880859375,-291.51043701171875
1750932332.4941075,0.0,0.5,"[174.0, 185.0, 178.0, 153.0, 151.0, 160.0, 164.0, 184.0, 185.0, 174.0]",14.866084098815918,0.0,167.69293212890625,0.36756324768066406,-291.48565673828125
1750932332.5091288,0.0,0.5,"[174.0, 185.0, 178.0, 153.0, 150.0, 160.0, 164.0, 184.0, 185.0, 174.0]",14.987405776977539,0.0,167.9915771484375,0.3757591247558594,-291.4612121582031
1750932332.524416,0.0,0.5,"[174.0, 185.0, 177.0, 153.0, 150.0, 160.0, 166.0, 186.0, 185.0, 174.0]",15.00561809539795,0.0,168.29054260253906,0.3839149475097656,-291.4363708496094
1750932332.5502822,0.0,0.5,"[174.0, 185.0, 176.0, 153.0, 150.0, 160.0, 166.0, 186.0, 185.0, 174.0]",15.053593635559082,0.0,168.59048461914062,0.39202117919921875,-291.4116516113281
1750932332.5653913,-1.0,0.5,"[174.0, 185.0, 176.0, 153.0, 150.0, 160.0, 166.0, 186.0, 185.0, 174.0]",15.07234001159668,0.0,168.8907928466797,0.40003013610839844,-291.38677978515625
1750932332.580603,-1.0,0.5,"[174.0, 185.0, 177.0, 153.0, 150.0, 160.0, 164.0, 186.0, 185.0, 174.0]",14.805787086486816,-0.5,169.18418884277344,0.4069843292236328,-291.34735107421875
1750932332.6198256,0.0,0.5,"[174.0, 185.0, 178.0, 154.0, 151.0, 161.0, 162.0, 184.0, 185.0, 174.0]",14.748392105102539,-0.5,169.47349548339844,0.41272735595703125,-291.29010009765625
1750932332.6344032,0.0,0.5,"[174.0, 185.0, 179.0, 155.0, 151.0, 161.0, 161.0, 184.0, 185.0, 174.0]",14.6083402633667,0.0,169.7623291015625,0.41942787170410156,-291.24658203125
1750932332.6494436,0.0,0.5,"[174.0, 185.0, 178.0, 154.0, 151.0, 161.0, 162.0, 184.0, 185.0, 174.0]",14.84931755065918,0.0,170.05703735351562,0.4269580841064453,-291.210693359375
1750932332.6646848,0.0,0.5,"[174.0, 185.0, 178.0, 154.0, 151.0, 161.0, 162.0, 184.0, 185.0, 174.0]",14.713177680969238,0.0,170.34910583496094,0.43466949462890625,-291.1756286621094
1750932332.6910372,0.0,0.5,"[174.0, 185.0, 178.0, 154.0, 151.0, 161.0, 162.0, 184.0, 185.0, 174.0]",14.914802551269531,0.0,170.6451416015625,0.44266700744628906,-291.1398620605469
1750932332.7069893,0.0,0.5,"[174.0, 185.0, 178.0, 154.0, 151.0, 161.0, 163.0, 184.0, 185.0, 174.0]",14.832301139831543,0.0,170.93955993652344,0.45079994201660156,-291.1045227050781
1750932332.7222211,0.0,0.5,"[174.0, 185.0, 177.0, 154.0, 150.0, 161.0, 164.0, 185.0, 185.0, 174.0]",14.93702507019043,0.0,171.23605346679688,0.45909881591796875,-291.06890869140625
1750932332.7599752,0.0,0.5,"[174.0, 185.0, 177.0, 154.0, 150.0, 161.0, 164.0, 186.0, 185.0, 174.0]",14.792363166809082,0.0,171.52969360351562,0.4672355651855469,-291.0337829589844
1750932332.7747822,0.0,0.5,"[174.0, 185.0, 176.0, 153.0, 150.0, 161.0, 164.0, 186.0, 185.0, 174.0]",15.006336212158203,0.0,171.8275604248047,0.47528839111328125,-290.99786376953125
1750932332.789616,0.0,0.5,"[174.0, 185.0, 176.0, 153.0, 150.0, 161.0, 166.0, 186.0, 185.0, 174.0]",14.819836616516113,0.0,172.1217498779297,0.4831104278564453,-290.96258544921875
1750932332.8045957,0.0,0.5,"[174.0, 185.0, 176.0, 153.0, 150.0, 161.0, 166.0, 187.0, 185.0, 174.0]",15.004012107849121,0.0,172.41957092285156,0.4908447265625,-290.9266662597656
1750932332.8311312,0.0,0.5,"[174.0, 185.0, 176.0, 153.0, 150.0, 161.0, 166.0, 187.0, 185.0, 174.0]",15.023164749145508,0.0,172.71778869628906,0.4986000061035156,-290.890869140625
1750932332.84582,0.0,0.5,"[174.0, 185.0, 176.0, 153.0, 150.0, 161.0, 167.0, 187.0, 185.0, 174.0]",14.979523658752441,0.0,173.01513671875,0.5063972473144531,-290.8550720214844
1750932332.8607192,0.0,0.5,"[174.0, 185.0, 176.0, 153.0, 150.0, 161.0, 167.0, 187.0, 185.0, 174.0]",15.174609184265137,0.0,173.3163299560547,0.5145111083984375,-290.81866455078125
1750932332.8982837,-1.0,0.5,"[174.0, 185.0, 175.0, 153.0, 149.0, 161.0, 168.0, 187.0, 185.0, 174.0]",15.195133209228516,0.0,173.61795043945312,0.5228633880615234,-290.7824401855469
1750932332.9127972,-1.0,0.5,"[174.0, 185.0, 176.0, 153.0, 150.0, 161.0, 167.0, 187.0, 185.0, 174.0]",14.96517276763916,-0.5,173.9128875732422,0.5301570892333984,-290.7320251464844
1750932332.9280765,-1.0,0.5,"[174.0, 185.0, 178.0, 155.0, 151.0, 162.0, 164.0, 186.0, 185.0, 174.0]",14.763503074645996,-0.5,174.19969177246094,0.5359668731689453,-290.66204833984375
1750932332.9430308,-1.0,0.5,"[174.0, 185.0, 180.0, 156.0, 152.0, 162.0, 160.0, 184.0, 185.0, 174.0]",14.688780784606934,-0.5,174.4796600341797,0.5403308868408203,-290.5731506347656
1750932332.9814157,0.0,0.5,"[174.0, 185.0, 183.0, 159.0, 153.0, 163.0, 158.0, 181.0, 185.0, 174.0]",14.579436302185059,-0.5,174.7547149658203,0.5438880920410156,-290.4764099121094
1750932332.9964528,0.0,0.5,"[174.0, 185.0, 184.0, 160.0, 154.0, 163.0, 156.0, 179.0, 185.0, 174.0]",14.607142448425293,0.0,175.0337371826172,0.5481834411621094,-290.38995361328125
1750932333.011358,0.0,0.5,"[174.0, 185.0, 185.0, 160.0, 154.0, 163.0, 156.0, 179.0, 185.0, 174.0]",14.568315505981445,0.0,175.31594848632812,0.5534553527832031,-290.3176574707031
1750932333.0279593,0.0,0.5,"[174.0, 185.0, 185.0, 160.0, 154.0, 163.0, 156.0, 179.0, 185.0, 174.0]",14.691617965698242,0.0,175.60182189941406,0.5590267181396484,-290.2499694824219
1750932333.0441003,0.0,0.5,"[174.0, 185.0, 185.0, 160.0, 154.0, 163.0, 156.0, 179.0, 185.0, 174.0]",14.492670059204102,0.0,175.88404846191406,0.5644550323486328,-290.1841125488281
1750932333.070631,0.0,0.5,"[174.0, 185.0, 185.0, 160.0, 154.0, 163.0, 156.0, 179.0, 185.0, 174.0]",14.798714637756348,0.0,176.1722412109375,0.5700149536132812,-290.1169128417969
1750932333.0852876,0.0,0.5,"[174.0, 185.0, 185.0, 160.0, 154.0, 163.0, 156.0, 180.0, 185.0, 174.0]",14.711483001708984,0.0,176.45870971679688,0.5756626129150391,-290.0500183105469
1750932333.1004963,0.0,0.5,"[174.0, 185.0, 185.0, 160.0, 154.0, 163.0, 156.0, 180.0, 185.0, 174.0]",14.690889358520508,0.0,176.74476623535156,0.5814590454101562,-289.9831848144531
1750932333.1382473,0.0,0.5,"[174.0, 185.0, 185.0, 160.0, 154.0, 163.0, 158.0, 181.0, 185.0, 174.0]",14.718039512634277,0.0,177.03135681152344,0.5874137878417969,-289.9162292480469
1750932333.153103,0.0,0.5,"[174.0, 185.0, 186.0, 160.0, 154.0, 163.0, 158.0, 181.0, 185.0, 174.0]",14.935811042785645,0.0,177.3222198486328,0.5936241149902344,-289.8484802246094
1750932333.1685596,0.0,0.5,"[174.0, 185.0, 186.0, 160.0, 154.0, 163.0, 158.0, 181.0, 185.0, 174.0]",14.970848083496094,0.0,177.6137237548828,0.5999069213867188,-289.7803649902344
1750932333.1832197,-1.0,0.5,"[174.0, 185.0, 186.0, 159.0, 154.0, 163.0, 159.0, 181.0, 185.0, 174.0]",14.897184371948242,0.0,177.90377807617188,0.6060352325439453,-289.7125244140625
1750932333.2217648,0.0,0.5,"[174.0, 185.0, 187.0, 160.0, 155.0, 164.0, 158.0, 180.0, 185.0, 174.0]",14.549667358398438,-0.5,178.1831512451172,0.6105480194091797,-289.6312561035156
1750932333.2364302,0.0,0.5,"[174.0, 185.0, 187.0, 160.0, 155.0, 164.0, 158.0, 180.0, 185.0, 174.0]",14.791860580444336,0.0,178.47007751464844,0.6159381866455078,-289.5594177246094
1750932333.2515602,0.0,0.5,"[174.0, 185.0, 187.0, 160.0, 155.0, 164.0, 158.0, 180.0, 185.0, 174.0]",14.856256484985352,0.0,178.75851440429688,0.6212921142578125,-289.48828125
1750932333.2665944,0.0,0.5,"[174.0, 185.0, 187.0, 160.0, 154.0, 164.0, 159.0, 181.0, 185.0, 174.0]",14.789032936096191,0.0,179.0457000732422,0.6265048980712891,-289.41766357421875
1750932333.2816195,0.0,0.5,"[174.0, 185.0, 187.0, 160.0, 154.0, 164.0, 159.0, 181.0, 185.0, 174.0]",14.847826957702637,0.0,179.33407592773438,0.6316890716552734,-289.3470153808594
1750932333.3191223,0.0,0.5,"[174.0, 185.0, 187.0, 160.0, 154.0, 164.0, 159.0, 181.0, 185.0, 174.0]",14.885738372802734,0.0,179.6231689453125,0.636962890625,-289.27606201171875
1750932333.3346653,0.0,0.5,"[174.0, 185.0, 187.0, 159.0, 154.0, 164.0, 160.0, 181.0, 185.0, 174.0]",14.987818717956543,0.0,179.9141845703125,0.6424312591552734,-289.2043762207031
1750932333.349765,0.0,0.5,"[174.0, 185.0, 187.0, 159.0, 154.0, 164.0, 160.0, 181.0, 185.0, 174.0]",14.73137092590332,0.0,180.20028686523438,0.6479949951171875,-289.1342468261719
1750932333.3649497,0.0,0.5,"[174.0, 185.0, 187.0, 159.0, 154.0, 164.0, 160.0, 181.0, 185.0, 174.0]",15.027081489562988,0.0,180.49208068847656,0.6538257598876953,-289.0624694824219
1750932333.379593,0.0,0.5,"[174.0, 185.0, 187.0, 159.0, 154.0, 164.0, 160.0, 181.0, 185.0, 174.0]",15.127561569213867,0.0,180.7858123779297,0.6597919464111328,-288.9902038574219
1750932333.4174438,0.0,0.5,"[174.0, 185.0, 187.0, 159.0, 154.0, 164.0, 161.0, 181.0, 185.0, 174.0]",15.08787727355957,0.0,181.0788116455078,0.6656990051269531,-288.9183044433594
1750932333.4330165,0.0,0.5,"[174.0, 185.0, 187.0, 159.0, 154.0, 164.0, 161.0, 181.0, 185.0, 174.0]",15.184053421020508,0.0,181.37368774414062,0.6715507507324219,-288.845947265625
1750932333.447825,0.0,0.5,"[174.0, 185.0, 187.0, 159.0, 154.0, 164.0, 161.0, 181.0, 185.0, 174.0]",15.135279655456543,0.0,181.6676025390625,0.6772975921630859,-288.7737731933594
1750932333.4623308,0.0,0.5,"[174.0, 185.0, 187.0, 159.0, 154.0, 164.0, 162.0, 181.0, 185.0, 174.0]",15.127875328063965,0.0,181.96136474609375,0.6829509735107422,-288.7015380859375
1750932333.4983497,0.0,0.5,"[174.0, 185.0, 187.0, 159.0, 154.0, 164.0, 162.0, 181.0, 185.0, 174.0]",15.325517654418945,0.0,182.25894165039062,0.6885814666748047,-288.6282958984375
1750932333.5128841,0.0,0.5,"[174.0, 185.0, 187.0, 159.0, 154.0, 164.0, 162.0, 181.0, 185.0, 174.0]",15.172308921813965,0.0,182.5535888671875,0.6941566467285156,-288.5559387207031
1750932333.527074,0.0,0.5,"[174.0, 185.0, 186.0, 159.0, 154.0, 164.0, 162.0, 181.0, 185.0, 174.0]",15.35850715637207,0.0,182.851806640625,0.6999320983886719,-288.4825439453125
1750932333.541823,0.0,0.5,"[174.0, 185.0, 186.0, 159.0, 154.0, 164.0, 162.0, 181.0, 185.0, 174.0]",15.163887023925781,0.0,183.14630126953125,0.7058639526367188,-288.41033935546875
1750932333.5784926,-1.0,0.5,"[174.0, 185.0, 186.0, 158.0, 154.0, 164.0, 163.0, 181.0, 185.0, 174.0]",15.549574851989746,0.0,183.44825744628906,0.7121601104736328,-288.336181640625
1750932333.5931742,-1.0,0.5,"[174.0, 185.0, 187.0, 159.0, 154.0, 164.0, 162.0, 181.0, 185.0, 174.0]",15.076725006103516,-0.5,183.73692321777344,0.7168312072753906,-288.2491455078125
1750932333.6083124,-1.0,0.5,"[174.0, 185.0, 187.0, 160.0, 155.0, 164.0, 160.0, 179.0, 185.0, 174.0]",15.010201454162598,-0.5,184.01817321777344,0.7196102142333984,-288.1441955566406
1750932333.6231515,-1.0,0.5,"[174.0, 185.0, 190.0, 161.0, 156.0, 165.0, 158.0, 177.0, 185.0, 174.0]",14.893239974975586,-0.5,184.29092407226562,0.7206211090087891,-288.02447509765625
1750932333.6603096,0.0,0.5,"[174.0, 185.0, 192.0, 163.0, 157.0, 166.0, 155.0, 175.0, 185.0, 174.0]",14.86363697052002,-0.5,184.55712890625,0.7201786041259766,-287.89215087890625
1750932333.6751082,0.0,0.5,"[174.0, 185.0, 193.0, 163.0, 158.0, 166.0, 154.0, 173.0, 185.0, 174.0]",14.883171081542969,0.0,184.830322265625,0.72137451171875,-287.7739562988281
1750932333.6901014,0.0,0.5,"[174.0, 185.0, 193.0, 163.0, 158.0, 166.0, 154.0, 173.0, 185.0, 174.0]",14.837650299072266,0.0,185.10755920410156,0.7238883972167969,-287.66815185546875
1750932333.7048867,0.0,0.5,"[174.0, 185.0, 193.0, 164.0, 158.0, 166.0, 154.0, 173.0, 185.0, 174.0]",14.832243919372559,0.0,185.38624572753906,0.7268123626708984,-287.5665588378906
1750932333.7201295,0.0,0.5,"[174.0, 185.0, 193.0, 163.0, 158.0, 166.0, 154.0, 172.0, 185.0, 174.0]",14.822442054748535,0.0,185.66494750976562,0.7297534942626953,-287.4655456542969
1750932333.7574017,0.0,0.5,"[174.0, 185.0, 193.0, 163.0, 158.0, 166.0, 154.0, 172.0, 185.0, 174.0]",15.03390884399414,0.0,185.9476776123047,0.7327537536621094,-287.36328125
1750932333.7726862,0.0,0.5,"[174.0, 185.0, 193.0, 164.0, 158.0, 166.0, 154.0, 172.0, 185.0, 174.0]",14.973711967468262,0.0,186.2293243408203,0.7358322143554688,-287.26153564453125
1750932333.787395,0.0,0.5,"[174.0, 185.0, 193.0, 163.0, 158.0, 166.0, 155.0, 172.0, 185.0, 174.0]",14.953038215637207,0.0,186.5104217529297,0.7389907836914062,-287.1595153808594
1750932333.8024817,0.0,0.5,"[174.0, 185.0, 193.0, 163.0, 158.0, 166.0, 155.0, 172.0, 185.0, 174.0]",15.094154357910156,0.0,186.79437255859375,0.7424201965332031,-287.0570983886719
1750932333.8395538,0.0,0.5,"[174.0, 185.0, 193.0, 163.0, 157.0, 166.0, 155.0, 172.0, 185.0, 174.0]",15.132553100585938,0.0,187.07896423339844,0.7459297180175781,-286.95416259765625
1750932333.85443,0.0,0.5,"[174.0, 185.0, 193.0, 163.0, 157.0, 166.0, 155.0, 172.0, 185.0, 174.0]",15.164400100708008,0.0,187.36412048339844,0.7494697570800781,-286.8509521484375
1750932333.8696609,0.0,0.5,"[174.0, 185.0, 193.0, 163.0, 157.0, 166.0, 155.0, 172.0, 185.0, 174.0]",15.169025421142578,0.0,187.64930725097656,0.7529964447021484,-286.7475280761719
1750932333.884486,0.0,0.5,"[174.0, 185.0, 193.0, 163.0, 157.0, 166.0, 155.0, 172.0, 185.0, 174.0]",15.301338195800781,0.0,187.93695068359375,0.7565383911132812,-286.6430969238281
1750932333.9103744,0.0,0.5,"[174.0, 185.0, 193.0, 163.0, 157.0, 166.0, 155.0, 172.0, 185.0, 174.0]",15.191413879394531,0.0,188.22256469726562,0.7600631713867188,-286.53955078125
1750932333.925605,0.0,0.5,"[174.0, 185.0, 193.0, 163.0, 157.0, 166.0, 156.0, 173.0, 185.0, 174.0]",15.371881484985352,0.0,188.5115203857422,0.7635936737060547,-286.4346008300781
1750932333.940792,0.0,0.5,"[174.0, 185.0, 193.0, 163.0, 157.0, 166.0, 156.0, 173.0, 185.0, 174.0]",15.389222145080566,0.0,188.8008575439453,0.7671279907226562,-286.3297119140625
1750932333.977332,0.0,0.5,"[174.0, 185.0, 193.0, 163.0, 157.0, 166.0, 156.0, 173.0, 185.0, 174.0]",15.32138729095459,0.0,189.0889434814453,0.7706356048583984,-286.225341796875
1750932333.992079,0.0,0.5,"[174.0, 185.0, 193.0, 163.0, 157.0, 166.0, 156.0, 173.0, 185.0, 174.0]",15.29592227935791,0.0,189.37652587890625,0.7741413116455078,-286.12109375
1750932334.006947,0.0,0.5,"[174.0, 185.0, 193.0, 163.0, 157.0, 166.0, 156.0, 173.0, 185.0, 174.0]",15.633539199829102,0.0,189.67042541503906,0.7778263092041016,-286.01446533203125
1750932334.0218196,0.0,0.5,"[174.0, 185.0, 193.0, 163.0, 157.0, 166.0, 156.0, 175.0, 185.0, 174.0]",15.344115257263184,0.0,189.95884704589844,0.7816085815429688,-285.9096984863281
1750932334.0582862,0.0,0.5,"[174.0, 185.0, 193.0, 163.0, 157.0, 166.0, 156.0, 175.0, 185.0, 174.0]",15.665661811828613,0.0,190.25332641601562,0.7856197357177734,-285.80279541015625
1750932334.072832,0.0,0.5,"[174.0, 185.0, 192.0, 163.0, 157.0, 166.0, 156.0, 175.0, 185.0, 174.0]",15.374855995178223,0.0,190.5423126220703,0.7896385192871094,-285.6977844238281
1750932334.0873392,0.0,0.5,"[174.0, 185.0, 192.0, 163.0, 157.0, 166.0, 156.0, 175.0, 185.0, 174.0]",15.551000595092773,0.0,190.83468627929688,0.7938117980957031,-285.5917663574219
1750932334.1019819,0.0,0.5,"[174.0, 185.0, 192.0, 163.0, 157.0, 166.0, 158.0, 176.0, 185.0, 174.0]",15.702919960021973,0.0,191.12982177734375,0.7980518341064453,-285.4844970703125
1750932334.1387148,0.0,0.5,"[174.0, 185.0, 192.0, 163.0, 157.0, 166.0, 158.0, 176.0, 185.0, 174.0]",15.662941932678223,0.0,191.4242706298828,0.8023643493652344,-285.377685546875
1750932334.1532817,0.0,0.5,"[174.0, 185.0, 192.0, 163.0, 157.0, 166.0, 158.0, 176.0, 185.0, 174.0]",15.742935180664062,0.0,191.72024536132812,0.806732177734375,-285.2703552246094
1750932334.1679828,0.0,0.5,"[174.0, 185.0, 192.0, 163.0, 156.0, 166.0, 158.0, 176.0, 185.0, 174.0]",15.74912166595459,0.0,192.0163116455078,0.8111362457275391,-285.1629638671875
1750932334.1820624,0.0,0.5,"[174.0, 185.0, 192.0, 163.0, 156.0, 166.0, 158.0, 176.0, 185.0, 174.0]",15.729032516479492,0.0,192.31201171875,0.8155441284179688,-285.05572509765625
1750932334.2188203,0.0,0.5,"[174.0, 185.0, 192.0, 163.0, 156.0, 166.0, 158.0, 176.0, 185.0, 174.0]",15.897448539733887,0.0,192.6108856201172,0.8200225830078125,-284.9473571777344
1750932334.2324715,0.0,0.5,"[174.0, 185.0, 192.0, 163.0, 156.0, 166.0, 158.0, 178.0, 185.0, 174.0]",15.788143157958984,0.0,192.90762329101562,0.8245372772216797,-284.8395080566406
1750932334.2468162,0.0,0.5,"[174.0, 185.0, 192.0, 163.0, 156.0, 166.0, 158.0, 178.0, 185.0, 174.0]",15.77307415008545,0.0,193.2042694091797,0.8293399810791016,-284.7322998046875
1750932334.2612467,0.0,0.5,"[174.0, 185.0, 192.0, 163.0, 156.0, 166.0, 158.0, 178.0, 185.0, 174.0]",16.135408401489258,0.0,193.50758361816406,0.8343887329101562,-284.6222229003906
1750932334.2975614,0.0,0.5,"[174.0, 185.0, 192.0, 163.0, 156.0, 166.0, 158.0, 178.0, 185.0, 174.0]",15.899813652038574,0.0,193.806396484375,0.8394813537597656,-284.5135498046875
1750932334.3119187,0.0,0.5,"[174.0, 185.0, 192.0, 163.0, 156.0, 166.0, 158.0, 178.0, 185.0, 174.0]",16.113576889038086,0.0,194.1092987060547,0.8448009490966797,-284.4036560058594
1750932334.3260245,0.0,0.5,"[174.0, 185.0, 192.0, 162.0, 156.0, 165.0, 158.0, 179.0, 185.0, 174.0]",15.849102973937988,0.0,194.40713500976562,0.8501071929931641,-284.2953186035156
1750932334.3407707,0.0,0.5,"[174.0, 185.0, 192.0, 162.0, 156.0, 165.0, 158.0, 179.0, 185.0, 174.0]",16.008899688720703,0.0,194.7080535888672,0.8555717468261719,-284.18609619140625
1750932334.376798,0.0,0.5,"[174.0, 185.0, 192.0, 162.0, 156.0, 165.0, 159.0, 179.0, 185.0, 174.0]",16.2484130859375,0.0,195.01339721679688,0.8611507415771484,-284.07501220703125
1750932334.3909054,0.0,0.5,"[174.0, 185.0, 190.0, 162.0, 155.0, 165.0, 159.0, 179.0, 185.0, 174.0]",16.085163116455078,0.0,195.315673828125,0.8667182922363281,-283.9650573730469
1750932334.405589,0.0,0.5,"[174.0, 185.0, 190.0, 162.0, 155.0, 165.0, 159.0, 179.0, 185.0, 174.0]",16.227243423461914,0.0,195.62060546875,0.8723583221435547,-283.8540954589844
1750932334.4201195,0.0,0.5,"[174.0, 185.0, 190.0, 162.0, 155.0, 165.0, 159.0, 179.0, 185.0, 174.0]",16.139511108398438,0.0,195.92396545410156,0.8780918121337891,-283.74395751953125
1750932334.4556267,0.0,0.5,"[174.0, 185.0, 190.0, 162.0, 155.0, 165.0, 160.0, 180.0, 185.0, 174.0]",16.427709579467773,0.0,196.23265075683594,0.8841400146484375,-283.631591796875
1750932334.47012,0.0,0.5,"[174.0, 185.0, 190.0, 162.0, 155.0, 165.0, 160.0, 180.0, 185.0, 174.0]",16.12384605407715,0.0,196.53562927246094,0.8902931213378906,-283.5213317871094
1750932334.4846325,0.0,0.5,"[174.0, 185.0, 190.0, 161.0, 155.0, 165.0, 160.0, 181.0, 185.0, 174.0]",16.309085845947266,0.0,196.8419952392578,0.8966865539550781,-283.4095458984375
1750932334.5100467,0.0,0.5,"[174.0, 185.0, 190.0, 161.0, 155.0, 165.0, 161.0, 181.0, 185.0, 174.0]",16.34242057800293,0.0,197.1490478515625,0.9032649993896484,-283.2977294921875
1750932334.5242786,0.0,0.5,"[174.0, 185.0, 190.0, 161.0, 155.0, 165.0, 161.0, 181.0, 185.0, 174.0]",16.438785552978516,0.0,197.45794677734375,0.9100437164306641,-283.18536376953125
1750932334.5492928,0.0,0.5,"[174.0, 185.0, 190.0, 161.0, 154.0, 165.0, 162.0, 181.0, 185.0, 174.0]",16.49476432800293,0.0,197.76785278320312,0.9169273376464844,-283.0724792480469
1750932334.5635796,0.0,0.5,"[174.0, 185.0, 190.0, 161.0, 154.0, 165.0, 162.0, 181.0, 185.0, 174.0]",16.4482364654541,0.0,198.07693481445312,0.9239082336425781,-282.9600524902344
1750932334.599584,0.0,0.5,"[174.0, 185.0, 189.0, 161.0, 154.0, 165.0, 162.0, 181.0, 185.0, 174.0]",16.431442260742188,0.0,198.38551330566406,0.9308586120605469,-282.84722900390625
1750932334.6141756,0.0,0.5,"[174.0, 185.0, 189.0, 160.0, 154.0, 164.0, 162.0, 181.0, 185.0, 174.0]",16.658100128173828,0.0,198.69847106933594,0.9380073547363281,-282.73321533203125
1750932334.6284995,0.0,0.5,"[174.0, 185.0, 189.0, 160.0, 154.0, 164.0, 163.0, 183.0, 185.0, 174.0]",16.50588607788086,0.0,199.00852966308594,0.9452457427978516,-282.6201171875
1750932334.6422815,0.0,0.5,"[174.0, 185.0, 189.0, 160.0, 154.0, 164.0, 163.0, 183.0, 185.0, 174.0]",16.731019973754883,0.0,199.32286071777344,0.9529190063476562,-282.505615234375
1750932334.678321,0.0,0.5,"[174.0, 185.0, 189.0, 160.0, 154.0, 164.0, 164.0, 183.0, 185.0, 174.0]",16.52193260192871,0.0,199.63314819335938,0.9606895446777344,-282.39227294921875
1750932334.6926086,0.0,0.5,"[174.0, 185.0, 189.0, 160.0, 154.0, 164.0, 164.0, 183.0, 185.0, 174.0]",16.710168838500977,0.0,199.94705200195312,0.9688301086425781,-282.2778625488281
1750932334.7068295,0.0,0.5,"[174.0, 185.0, 189.0, 159.0, 153.0, 164.0, 164.0, 183.0, 185.0, 174.0]",16.638486862182617,0.0,200.25950622558594,0.9770832061767578,-282.1636657714844
1750932334.7220342,0.0,0.5,"[174.0, 185.0, 188.0, 159.0, 153.0, 164.0, 164.0, 183.0, 185.0, 174.0]",16.77206802368164,0.0,200.5744171142578,0.9855175018310547,-282.0484313964844
1750932334.758176,0.0,0.5,"[174.0, 185.0, 187.0, 159.0, 153.0, 164.0, 164.0, 183.0, 185.0, 174.0]",16.6674861907959,0.0,200.88742065429688,0.9940624237060547,-281.93408203125
1750932334.7728775,0.0,0.5,"[174.0, 185.0, 187.0, 159.0, 153.0, 164.0, 164.0, 183.0, 185.0, 174.0]",16.840085983276367,0.0,201.2036590576172,1.002767562866211,-281.81854248046875
1750932334.78672,0.0,0.5,"[174.0, 185.0, 187.0, 159.0, 153.0, 164.0, 166.0, 184.0, 185.0, 174.0]",16.906917572021484,0.0,201.5211181640625,1.0115814208984375,-281.7024230957031
1750932334.8005674,0.0,0.5,"[174.0, 185.0, 187.0, 158.0, 153.0, 163.0, 166.0, 184.0, 185.0, 174.0]",16.943605422973633,0.0,201.83929443359375,1.0206565856933594,-281.5861511230469
1750932334.8369534,0.0,0.5,"[174.0, 185.0, 187.0, 158.0, 153.0, 163.0, 166.0, 184.0, 185.0, 174.0]",16.814472198486328,0.0,202.15492248535156,1.0299034118652344,-281.470458984375
1750932334.8507464,0.0,0.5,"[174.0, 185.0, 186.0, 158.0, 152.0, 163.0, 166.0, 184.0, 185.0, 174.0]",16.950544357299805,0.0,202.47325134277344,1.039581298828125,-281.3542785644531
1750932334.8648176,0.0,0.5,"[174.0, 185.0, 186.0, 157.0, 152.0, 163.0, 167.0, 184.0, 185.0, 174.0]",17.028825759887695,0.0,202.79293823242188,1.0494937896728516,-281.23724365234375
1750932334.8897624,-1.0,0.5,"[174.0, 185.0, 186.0, 156.0, 152.0, 163.0, 168.0, 184.0, 185.0, 174.0]",16.837722778320312,0.0,203.10906982421875,1.0595149993896484,-281.1216125488281
1750932334.9039273,-1.0,0.5,"[174.0, 185.0, 186.0, 158.0, 152.0, 163.0, 166.0, 183.0, 185.0, 174.0]",16.85943603515625,-0.5,203.41885375976562,1.0668773651123047,-280.9886474609375
1750932334.9287858,-1.0,0.5,"[174.0, 185.0, 187.0, 158.0, 153.0, 164.0, 164.0, 181.0, 185.0, 174.0]",16.58513832092285,-0.5,203.71633911132812,1.0715827941894531,-280.8420104980469
1750932334.9431553,-1.0,0.5,"[174.0, 185.0, 189.0, 160.0, 154.0, 165.0, 161.0, 179.0, 185.0, 174.0]",16.437801361083984,-0.5,204.00209045410156,1.0733699798583984,-280.6794738769531
1750932334.9782095,0.0,0.5,"[174.0, 185.0, 190.0, 161.0, 156.0, 166.0, 158.0, 176.0, 185.0, 174.0]",16.455774307250977,-0.5,204.27976989746094,1.0727577209472656,-280.5028076171875
1750932334.9921644,0.0,0.5,"[174.0, 185.0, 192.0, 162.0, 156.0, 167.0, 156.0, 175.0, 185.0, 174.0]",16.360393524169922,0.0,204.56199645996094,1.0741748809814453,-280.3372497558594
1750932335.0067554,0.0,0.5,"[174.0, 185.0, 192.0, 162.0, 156.0, 167.0, 156.0, 173.0, 185.0, 174.0]",16.329500198364258,0.0,204.85032653808594,1.078042984008789,-280.18389892578125
1750932335.0211463,0.0,0.5,"[174.0, 185.0, 192.0, 162.0, 156.0, 167.0, 156.0, 173.0, 185.0, 174.0]",16.512556076049805,0.0,205.1444549560547,1.0830802917480469,-280.0338134765625
1750932335.0561628,0.0,0.5,"[174.0, 185.0, 192.0, 162.0, 156.0, 167.0, 156.0, 173.0, 185.0, 174.0]",16.421504974365234,0.0,205.43724060058594,1.0882987976074219,-279.8851013183594
1750932335.0702775,0.0,0.5,"[174.0, 185.0, 192.0, 162.0, 156.0, 167.0, 156.0, 173.0, 185.0, 174.0]",16.563331604003906,0.0,205.73272705078125,1.0937080383300781,-279.7354431152344
1750932335.08424,0.0,0.5,"[174.0, 185.0, 190.0, 162.0, 156.0, 167.0, 156.0, 173.0, 185.0, 174.0]",16.383941650390625,0.0,206.0248565673828,1.0990657806396484,-279.5871276855469
1750932335.1091208,0.0,0.5,"[174.0, 185.0, 190.0, 162.0, 156.0, 167.0, 156.0, 173.0, 185.0, 174.0]",16.635644912719727,0.0,206.32151794433594,1.1045379638671875,-279.43658447265625
1750932335.1233158,0.0,0.5,"[174.0, 185.0, 190.0, 161.0, 156.0, 166.0, 158.0, 173.0, 185.0, 174.0]",16.58437728881836,0.0,206.61715698242188,1.1099586486816406,-279.28631591796875
1750932335.1587808,0.0,0.5,"[174.0, 185.0, 190.0, 161.0, 156.0, 166.0, 158.0, 173.0, 185.0, 174.0]",16.640947341918945,0.0,206.91400146484375,1.1154651641845703,-279.1358947753906
1750932335.173464,0.0,0.5,"[174.0, 185.0, 190.0, 161.0, 155.0, 166.0, 158.0, 175.0, 185.0, 174.0]",16.683380126953125,0.0,207.21142578125,1.120889663696289,-278.9847412109375
1750932335.187468,0.0,0.5,"[174.0, 185.0, 190.0, 161.0, 155.0, 166.0, 158.0, 175.0, 185.0, 174.0]",16.759624481201172,0.0,207.51039123535156,1.1263866424560547,-278.833251953125
1750932335.201659,0.0,0.5,"[174.0, 185.0, 190.0, 161.0, 155.0, 166.0, 158.0, 176.0, 185.0, 174.0]",16.72750473022461,0.0,207.80860900878906,1.1319236755371094,-278.6817321777344
1750932335.2377057,0.0,0.5,"[174.0, 185.0, 190.0, 161.0, 155.0, 166.0, 158.0, 176.0, 185.0, 174.0]",16.723758697509766,0.0,208.10699462890625,1.1377429962158203,-278.5307312011719
1750932335.2526462,0.0,0.5,"[174.0, 185.0, 190.0, 161.0, 155.0, 166.0, 159.0, 176.0, 185.0, 174.0]",16.88345718383789,0.0,208.4080047607422,1.1436519622802734,-278.3778381347656
1750932335.2667704,0.0,0.5,"[174.0, 185.0, 189.0, 161.0, 155.0, 166.0, 159.0, 176.0, 185.0, 174.0]",16.72646713256836,0.0,208.70626831054688,1.1496257781982422,-278.2264709472656
1750932335.2806153,0.0,0.5,"[174.0, 185.0, 189.0, 161.0, 155.0, 166.0, 159.0, 177.0, 185.0, 174.0]",16.991832733154297,0.0,209.0092315673828,1.1557559967041016,-278.0726318359375
1750932335.315456,0.0,0.5,"[174.0, 185.0, 189.0, 161.0, 155.0, 166.0, 159.0, 178.0, 185.0, 174.0]",16.925193786621094,0.0,209.3110809326172,1.1619625091552734,-277.9195556640625
1750932335.3295329,0.0,0.5,"[174.0, 185.0, 189.0, 161.0, 155.0, 166.0, 160.0, 178.0, 185.0, 174.0]",16.94851303100586,0.0,209.6131591796875,1.1681480407714844,-277.7658996582031
1750932335.3434947,0.0,0.5,"[174.0, 185.0, 189.0, 161.0, 155.0, 166.0, 160.0, 178.0, 185.0, 174.0]",17.01750373840332,0.0,209.9166259765625,1.1744575500488281,-277.6119384765625
1750932335.37859,0.0,0.5,"[174.0, 185.0, 189.0, 160.0, 154.0, 166.0, 160.0, 179.0, 185.0, 174.0]",16.98604393005371,0.0,210.2193603515625,1.1806964874267578,-277.4579162597656
1750932335.3925817,0.0,0.5,"[174.0, 185.0, 189.0, 161.0, 154.0, 166.0, 160.0, 179.0, 185.0, 174.0]",16.97112274169922,0.0,210.52206420898438,1.1870689392089844,-277.30450439453125
1750932335.406796,0.0,0.5,"[174.0, 185.0, 189.0, 160.0, 154.0, 166.0, 161.0, 179.0, 185.0, 174.0]",17.22902488708496,0.0,210.82919311523438,1.193704605102539,-277.1484375
1750932335.4209974,0.0,0.5,"[174.0, 185.0, 189.0, 160.0, 154.0, 166.0, 161.0, 180.0, 185.0, 174.0]",16.982067108154297,0.0,211.13189697265625,1.2003974914550781,-276.99456787109375
1750932335.4557755,0.0,0.5,"[174.0, 185.0, 188.0, 160.0, 154.0, 166.0, 162.0, 181.0, 185.0, 174.0]",17.24479866027832,0.0,211.43922424316406,1.2072734832763672,-276.83819580078125
1750932335.469939,0.0,0.5,"[174.0, 185.0, 188.0, 160.0, 154.0, 166.0, 162.0, 181.0, 185.0, 174.0]",17.167869567871094,0.0,211.74525451660156,1.2142524719238281,-276.68267822265625
1750932335.4839125,0.0,0.5,"[174.0, 185.0, 187.0, 160.0, 154.0, 166.0, 162.0, 181.0, 185.0, 174.0]",17.27641487121582,0.0,212.05307006835938,1.221273422241211,-276.5258483886719
1750932335.5187843,0.0,0.5,"[174.0, 185.0, 187.0, 160.0, 154.0, 166.0, 162.0, 181.0, 185.0, 174.0]",17.266258239746094,0.0,212.36080932617188,1.2283954620361328,-276.3693542480469
1750932335.5322297,0.0,0.5,"[174.0, 185.0, 187.0, 160.0, 154.0, 166.0, 163.0, 183.0, 185.0, 174.0]",17.36424446105957,0.0,212.6702117919922,1.2355480194091797,-276.2117919921875
1750932335.545983,0.0,0.5,"[174.0, 185.0, 187.0, 160.0, 154.0, 166.0, 163.0, 183.0, 185.0, 174.0]",17.206336975097656,0.0,212.9769287109375,1.2427215576171875,-276.0559387207031
1750932335.5600615,0.0,0.5,"[174.0, 185.0, 187.0, 160.0, 154.0, 166.0, 163.0, 183.0, 185.0, 174.0]",17.528186798095703,0.0,213.28929138183594,1.2500667572021484,-275.89697265625
1750932335.5946805,0.0,0.5,"[174.0, 185.0, 187.0, 159.0, 153.0, 166.0, 164.0, 183.0, 185.0, 174.0]",17.28873062133789,0.0,213.59732055664062,1.2574653625488281,-275.74005126953125
1750932335.6093168,0.0,0.5,"[174.0, 185.0, 187.0, 159.0, 153.0, 166.0, 164.0, 184.0, 185.0, 174.0]",17.660865783691406,0.0,213.9119873046875,1.265249252319336,-275.57977294921875
1750932335.623272,0.0,0.5,"[174.0, 185.0, 187.0, 159.0, 153.0, 166.0, 164.0, 184.0, 185.0, 174.0]",17.22323226928711,0.0,214.2188262939453,1.2729415893554688,-275.42340087890625
1750932335.658193,0.0,0.5,"[174.0, 185.0, 187.0, 159.0, 153.0, 166.0, 164.0, 184.0, 185.0, 174.0]",17.60239028930664,0.0,214.53244018554688,1.2809066772460938,-275.2636413574219
1750932335.67217,0.0,0.5,"[174.0, 185.0, 186.0, 159.0, 153.0, 166.0, 164.0, 184.0, 185.0, 174.0]",17.490617752075195,0.0,214.84405517578125,1.2888984680175781,-275.1048889160156
1750932335.6859555,0.0,0.5,"[174.0, 185.0, 186.0, 159.0, 153.0, 166.0, 166.0, 185.0, 185.0, 174.0]",17.66378402709961,0.0,215.15872192382812,1.2970046997070312,-274.94451904296875
1750932335.6999621,0.0,0.5,"[174.0, 185.0, 186.0, 159.0, 153.0, 166.0, 166.0, 186.0, 185.0, 174.0]",17.5728759765625,0.0,215.47177124023438,1.3051033020019531,-274.78497314453125
1750932335.7347498,0.0,0.5,"[174.0, 185.0, 186.0, 159.0, 153.0, 166.0, 167.0, 186.0, 185.0, 174.0]",17.618478775024414,0.0,215.7855987548828,1.3132400512695312,-274.62493896484375
1750932335.7485259,0.0,0.5,"[174.0, 185.0, 186.0, 159.0, 153.0, 166.0, 168.0, 186.0, 185.0, 174.0]",17.692880630493164,0.0,216.1007843017578,1.321563720703125,-274.46429443359375
1750932335.7625902,0.0,0.5,"[174.0, 185.0, 186.0, 159.0, 153.0, 165.0, 168.0, 186.0, 185.0, 174.0]",17.660446166992188,0.0,216.4153289794922,1.3300552368164062,-274.3038330078125
1750932335.7968326,0.0,0.5,"[174.0, 185.0, 185.0, 159.0, 153.0, 165.0, 169.0, 187.0, 185.0, 174.0]",17.610506057739258,0.0,216.7289581298828,1.338754653930664,-274.1437683105469
1750932335.8101451,0.0,0.5,"[174.0, 185.0, 185.0, 158.0, 152.0, 165.0, 170.0, 187.0, 185.0, 174.0]",17.676212310791016,0.0,217.04371643066406,1.3476238250732422,-273.9830627441406
1750932335.8244605,0.0,0.5,"[174.0, 185.0, 184.0, 158.0, 152.0, 165.0, 170.0, 187.0, 185.0, 174.0]",17.961610794067383,0.0,217.363525390625,1.356740951538086,-273.8197021484375
1750932335.8487084,0.0,0.5,"[174.0, 185.0, 184.0, 158.0, 152.0, 165.0, 170.0, 187.0, 185.0, 174.0]",17.594043731689453,0.0,217.6767578125,1.3657646179199219,-273.6596374511719
1750932335.862483,0.0,0.5,"[174.0, 185.0, 184.0, 158.0, 152.0, 165.0, 171.0, 187.0, 185.0, 174.0]",17.987821578979492,0.0,217.99696350097656,1.3750438690185547,-273.49591064453125
1750932335.8967576,0.0,0.5,"[174.0, 185.0, 184.0, 157.0, 152.0, 165.0, 172.0, 189.0, 185.0, 174.0]",17.758758544921875,0.0,218.3130340576172,1.3842220306396484,-273.3341369628906
1750932335.9105263,0.0,0.5,"[174.0, 185.0, 184.0, 156.0, 152.0, 165.0, 173.0, 189.0, 185.0, 174.0]",17.954715728759766,0.0,218.6327362060547,1.3937206268310547,-273.1708984375
1750932335.924783,0.0,0.5,"[174.0, 185.0, 184.0, 156.0, 151.0, 165.0, 173.0, 189.0, 185.0, 174.0]",17.8594913482666,0.0,218.95068359375,1.403289794921875,-273.0084228515625
1750932335.9489985,0.0,0.5,"[174.0, 185.0, 184.0, 156.0, 151.0, 164.0, 174.0, 190.0, 185.0, 174.0]",17.981098175048828,0.0,219.27078247070312,1.4131793975830078,-272.8448181152344
1750932335.9632282,0.0,0.5,"[174.0, 185.0, 183.0, 156.0, 151.0, 164.0, 174.0, 190.0, 185.0, 174.0]",18.077533721923828,0.0,219.59255981445312,1.423330307006836,-272.6802673339844
1750932335.9997222,0.0,0.5,"[174.0, 185.0, 183.0, 155.0, 151.0, 164.0, 174.0, 190.0, 185.0, 174.0]",17.98133659362793,0.0,219.9125518798828,1.4335956573486328,-272.5164489746094
1750932336.0141325,0.0,0.5,"[174.0, 185.0, 183.0, 155.0, 151.0, 164.0, 176.0, 192.0, 185.0, 174.0]",18.060867309570312,0.0,220.23399353027344,1.4440593719482422,-272.35198974609375
1750932336.029473,0.0,0.5,"[174.0, 185.0, 183.0, 155.0, 151.0, 164.0, 178.0, 192.0, 185.0, 174.0]",18.15082550048828,0.0,220.55703735351562,1.4547100067138672,-272.18670654296875
1750932336.044522,0.0,0.5,"[174.0, 185.0, 183.0, 155.0, 150.0, 164.0, 180.0, 192.0, 185.0, 174.0]",18.06769371032715,0.0,220.8784942626953,1.4653434753417969,-272.0220031738281
1750932336.070167,0.0,0.5,"[174.0, 185.0, 183.0, 155.0, 150.0, 164.0, 182.0, 193.0, 185.0, 174.0]",18.17444610595703,0.0,221.20187377929688,1.4762554168701172,-271.85638427734375
1750932336.0855408,0.0,0.5,"[174.0, 185.0, 181.0, 154.0, 150.0, 164.0, 203.0, 193.0, 185.0, 174.0]",18.074758529663086,0.0,221.5233917236328,1.4872303009033203,-271.6915283203125
1750932336.1007023,-1.0,0.5,"[174.0, 185.0, 181.0, 154.0, 150.0, 164.0, 203.0, 193.0, 185.0, 174.0]",18.348037719726562,0.0,221.84979248046875,1.4986400604248047,-271.5242004394531
1750932336.1384878,-1.0,0.5,"[174.0, 185.0, 183.0, 154.0, 150.0, 164.0, 182.0, 193.0, 185.0, 174.0]",17.818872451782227,-0.5,222.15802001953125,1.506155014038086,-271.345458984375
1750932336.1538625,0.0,0.5,"[174.0, 185.0, 183.0, 155.0, 151.0, 165.0, 174.0, 192.0, 185.0, 174.0]",17.87122917175293,-0.5,222.4578857421875,1.5102577209472656,-271.1510009765625
1750932336.169347,0.0,0.5,"[174.0, 185.0, 184.0, 155.0, 152.0, 165.0, 173.0, 190.0, 185.0, 174.0]",17.615497589111328,0.0,222.76060485839844,1.5173091888427734,-270.97088623046875
1750932336.1837358,0.0,0.5,"[174.0, 185.0, 183.0, 155.0, 151.0, 165.0, 173.0, 192.0, 185.0, 174.0]",17.916950225830078,0.0,223.07135009765625,1.5258216857910156,-270.7926330566406
1750932336.2086353,0.0,0.5,"[174.0, 185.0, 183.0, 155.0, 151.0, 165.0, 174.0, 192.0, 185.0, 174.0]",17.61131477355957,0.0,223.37725830078125,1.5345191955566406,-270.6182556152344
1750932336.2219708,0.0,0.5,"[174.0, 185.0, 183.0, 155.0, 151.0, 165.0, 176.0, 192.0, 185.0, 174.0]",17.91214942932129,0.0,223.68846130371094,1.5435791015625,-270.4410400390625
1750932336.2561657,0.0,0.5,"[174.0, 185.0, 183.0, 155.0, 151.0, 165.0, 176.0, 192.0, 185.0, 174.0]",17.85816192626953,0.0,223.99874877929688,1.5528106689453125,-270.264404296875
1750932336.2704391,0.0,0.5,"[174.0, 185.0, 181.0, 155.0, 151.0, 165.0, 178.0, 192.0, 185.0, 174.0]",18.0076904296875,0.0,224.3115692138672,1.5623226165771484,-270.086181640625
1750932336.2842572,0.0,0.5,"[174.0, 185.0, 181.0, 154.0, 151.0, 165.0, 178.0, 192.0, 185.0, 174.0]",17.859045028686523,0.0,224.6218719482422,1.571990966796875,-269.9095764160156
1750932336.3083503,0.0,0.5,"[174.0, 185.0, 181.0, 154.0, 150.0, 164.0, 180.0, 193.0, 185.0, 174.0]",17.966156005859375,0.0,224.93386840820312,1.5817909240722656,-269.7315979003906
1750932336.3220518,0.0,0.5,"[174.0, 185.0, 180.0, 154.0, 150.0, 164.0, 180.0, 193.0, 185.0, 174.0]",17.963520050048828,0.0,225.24594116210938,1.5917949676513672,-269.5538635253906
1750932336.3565087,0.0,0.5,"[174.0, 185.0, 179.0, 154.0, 150.0, 164.0, 181.0, 193.0, 185.0, 174.0]",18.127077102661133,0.0,225.560791015625,1.6020774841308594,-269.3744201660156
1750932336.3705397,0.0,0.5,"[174.0, 185.0, 179.0, 153.0, 150.0, 164.0, 182.0, 193.0, 185.0, 174.0]",17.98818588256836,0.0,225.87318420410156,1.6124401092529297,-269.1962585449219
1750932336.3840597,0.0,0.5,"[174.0, 185.0, 179.0, 153.0, 150.0, 164.0, 182.0, 195.0, 185.0, 174.0]",18.142202377319336,0.0,226.18829345703125,1.6231346130371094,-269.01666259765625
1750932336.4082167,-1.0,0.5,"[174.0, 185.0, 178.0, 153.0, 149.0, 164.0, 204.0, 195.0, 185.0, 174.0]",18.19869613647461,0.0,226.50436401367188,1.6340656280517578,-268.8365173339844
1750932336.4228232,-1.0,0.5,"[174.0, 185.0, 179.0, 153.0, 150.0, 164.0, 181.0, 195.0, 185.0, 174.0]",17.740514755249023,-0.5,226.8033905029297,1.641214370727539,-268.64569091796875
1750932336.4568405,-1.0,0.5,"[174.0, 185.0, 180.0, 154.0, 151.0, 165.0, 176.0, 193.0, 185.0, 174.0]",17.842185974121094,-0.5,227.09359741210938,1.6445884704589844,-268.4380798339844
1750932336.4706998,-1.0,0.5,"[174.0, 185.0, 183.0, 156.0, 153.0, 166.0, 171.0, 190.0, 185.0, 174.0]",17.265033721923828,-0.5,227.36170959472656,1.6435718536376953,-268.2204895019531
1750932336.4847271,0.0,0.5,"[174.0, 185.0, 184.0, 158.0, 154.0, 168.0, 167.0, 187.0, 185.0, 174.0]",17.555540084838867,-0.5,227.623779296875,1.63922119140625,-267.98687744140625
1750932336.5088415,0.0,0.5,"[174.0, 185.0, 186.0, 159.0, 155.0, 168.0, 166.0, 186.0, 185.0, 174.0]",17.43692398071289,0.0,227.89230346679688,1.6377277374267578,-267.7643737792969
1750932336.5227408,0.0,0.5,"[174.0, 185.0, 187.0, 159.0, 155.0, 169.0, 166.0, 185.0, 185.0, 174.0]",17.531253814697266,0.0,228.1698455810547,1.6390647888183594,-267.55010986328125
1750932336.5569153,0.0,0.5,"[174.0, 185.0, 186.0, 159.0, 155.0, 169.0, 166.0, 186.0, 185.0, 174.0]",17.379558563232422,0.0,228.44810485839844,1.6416854858398438,-267.3418273925781
1750932336.5711253,0.0,0.5,"[174.0, 185.0, 186.0, 159.0, 155.0, 168.0, 166.0, 186.0, 185.0, 174.0]",17.557058334350586,0.0,228.72970581054688,1.644693374633789,-267.132080078125
1750932336.5847697,0.0,0.5,"[174.0, 185.0, 186.0, 159.0, 155.0, 168.0, 166.0, 186.0, 185.0, 174.0]",17.60677146911621,0.0,229.01205444335938,1.6479053497314453,-266.92169189453125
1750932336.6094358,0.0,0.5,"[174.0, 185.0, 186.0, 159.0, 155.0, 168.0, 166.0, 187.0, 185.0, 174.0]",17.518747329711914,0.0,229.29302978515625,1.6513690948486328,-266.71240234375
1750932336.6228576,0.0,0.5,"[174.0, 185.0, 186.0, 159.0, 155.0, 168.0, 166.0, 187.0, 185.0, 174.0]",17.493295669555664,0.0,229.57354736328125,1.6549835205078125,-266.50335693359375
1750932336.6582358,0.0,0.5,"[174.0, 185.0, 186.0, 159.0, 155.0, 168.0, 166.0, 187.0, 185.0, 174.0]",17.760595321655273,0.0,229.85833740234375,1.6588020324707031,-266.29107666015625
1750932336.6723151,0.0,0.5,"[174.0, 185.0, 186.0, 159.0, 155.0, 168.0, 166.0, 188.0, 185.0, 174.0]",17.609058380126953,0.0,230.1406707763672,1.6627120971679688,-266.0805969238281
1750932336.6878126,0.0,0.5,"[174.0, 185.0, 185.0, 159.0, 154.0, 168.0, 167.0, 189.0, 185.0, 174.0]",17.831911087036133,0.0,230.426513671875,1.6667137145996094,-265.8673400878906
1750932336.7037106,0.0,0.5,"[174.0, 185.0, 185.0, 159.0, 154.0, 168.0, 168.0, 189.0, 185.0, 174.0]",17.693260192871094,0.0,230.7101287841797,1.6709022521972656,-265.65576171875
1750932336.7298071,-1.0,0.5,"[174.0, 185.0, 184.0, 158.0, 154.0, 168.0, 168.0, 189.0, 185.0, 174.0]",17.829984664916992,0.0,230.99586486816406,1.6753120422363281,-265.44244384765625
1750932336.7447855,-1.0,0.5,"[174.0, 185.0, 186.0, 159.0, 155.0, 168.0, 167.0, 189.0, 185.0, 174.0]",17.5085391998291,-0.5,231.2659454345703,1.6761016845703125,-265.2195739746094
1750932336.7598803,-1.0,0.5,"[174.0, 185.0, 187.0, 160.0, 156.0, 169.0, 164.0, 187.0, 185.0, 174.0]",17.36909294128418,-0.5,231.51937866210938,1.6722450256347656,-264.9820251464844
1750932336.7948558,0.0,0.5,"[174.0, 185.0, 190.0, 162.0, 157.0, 170.0, 162.0, 184.0, 185.0, 174.0]",17.227672576904297,-0.5,231.75514221191406,1.6638374328613281,-264.73089599609375
1750932336.809226,0.0,0.5,"[174.0, 185.0, 190.0, 163.0, 158.0, 171.0, 161.0, 183.0, 185.0, 174.0]",17.138402938842773,0.0,232.00157165527344,1.659383773803711,-264.49267578125
1750932336.8233159,0.0,0.5,"[174.0, 185.0, 190.0, 163.0, 158.0, 171.0, 161.0, 183.0, 185.0, 174.0]",17.218063354492188,0.0,232.2572021484375,1.6577110290527344,-264.261962890625
1750932336.8575337,0.0,0.5,"[174.0, 185.0, 192.0, 163.0, 158.0, 171.0, 161.0, 183.0, 185.0, 174.0]",17.023530960083008,0.0,232.51165771484375,1.6567611694335938,-264.0357666015625
1750932336.8708198,0.0,0.5,"[174.0, 185.0, 192.0, 163.0, 158.0, 170.0, 161.0, 183.0, 185.0, 174.0]",17.35524559020996,0.0,232.77133178710938,1.6559810638427734,-263.8054504394531
1750932336.8844967,0.0,0.5,"[174.0, 185.0, 190.0, 163.0, 158.0, 170.0, 161.0, 183.0, 185.0, 174.0]",17.202186584472656,0.0,233.0286865234375,1.6553497314453125,-263.5771179199219
1750932336.9087963,0.0,0.5,"[174.0, 185.0, 190.0, 163.0, 158.0, 170.0, 161.0, 183.0, 185.0, 174.0]",17.340124130249023,0.0,233.2884063720703,1.6550941467285156,-263.3472900390625
1750932336.922404,0.0,0.5,"[174.0, 185.0, 190.0, 162.0, 158.0, 170.0, 161.0, 184.0, 185.0, 174.0]",17.440317153930664,0.0,233.54945373535156,1.6550121307373047,-263.1159362792969
1750932336.9567451,0.0,0.5,"[174.0, 185.0, 190.0, 162.0, 158.0, 170.0, 161.0, 184.0, 185.0, 174.0]",17.349681854248047,0.0,233.80931091308594,1.6551742553710938,-262.885986328125
1750932336.970711,0.0,0.5,"[174.0, 185.0, 190.0, 162.0, 158.0, 170.0, 161.0, 184.0, 185.0, 174.0]",17.57447624206543,0.0,234.0723114013672,1.6554298400878906,-262.6528015136719
1750932336.9841669,0.0,0.5,"[174.0, 185.0, 190.0, 162.0, 157.0, 170.0, 162.0, 184.0, 185.0, 174.0]",17.41086769104004,0.0,234.33287048339844,1.6558971405029297,-262.42181396484375
1750932337.0079088,0.0,0.5,"[174.0, 185.0, 190.0, 162.0, 157.0, 170.0, 162.0, 184.0, 185.0, 174.0]",17.599849700927734,0.0,234.59608459472656,1.656534194946289,-262.1881103515625
1750932337.0220008,0.0,0.5,"[174.0, 185.0, 190.0, 162.0, 157.0, 169.0, 162.0, 184.0, 185.0, 174.0]",17.463468551635742,0.0,234.85736083984375,1.6573677062988281,-261.9563293457031
1750932337.056593,0.0,0.5,"[174.0, 185.0, 190.0, 162.0, 157.0, 169.0, 163.0, 184.0, 185.0, 174.0]",17.772703170776367,0.0,235.1232147216797,1.6583290100097656,-261.72039794921875
1750932337.0709212,0.0,0.5,"[174.0, 185.0, 190.0, 162.0, 157.0, 169.0, 163.0, 184.0, 185.0, 174.0]",17.486940383911133,0.0,235.3848114013672,1.6594085693359375,-261.48828125
1750932337.0848196,0.0,0.5,"[174.0, 185.0, 190.0, 162.0, 157.0, 169.0, 164.0, 184.0, 185.0, 174.0]",17.804853439331055,0.0,235.6510772705078,1.6607952117919922,-261.2518310546875
1750932337.1091173,0.0,0.5,"[174.0, 185.0, 190.0, 162.0, 157.0, 169.0, 164.0, 184.0, 185.0, 174.0]",17.61197853088379,0.0,235.91448974609375,1.6624431610107422,-261.0179748535156
1750932337.1228068,0.0,0.5,"[174.0, 185.0, 190.0, 161.0, 157.0, 169.0, 164.0, 185.0, 185.0, 174.0]",17.871675491333008,0.0,236.18161010742188,1.6642932891845703,-260.7804870605469
1750932337.1561956,0.0,0.5,"[174.0, 185.0, 190.0, 161.0, 157.0, 169.0, 164.0, 185.0, 185.0, 174.0]",17.740596771240234,0.0,236.44679260253906,1.6663150787353516,-260.5447692871094
1750932337.1700325,0.0,0.5,"[174.0, 185.0, 190.0, 161.0, 156.0, 169.0, 166.0, 186.0, 185.0, 174.0]",17.926258087158203,0.0,236.71466064453125,1.6685256958007812,-260.3064880371094
1750932337.1834726,0.0,0.5,"[174.0, 185.0, 189.0, 161.0, 156.0, 169.0, 166.0, 186.0, 185.0, 174.0]",17.729751586914062,0.0,236.97972106933594,1.670989990234375,-260.0709533691406
1750932337.217434,0.0,0.5,"[174.0, 185.0, 189.0, 161.0, 156.0, 169.0, 166.0, 186.0, 185.0, 174.0]",17.9144229888916,0.0,237.24737548828125,1.6736488342285156,-259.8327941894531
1750932337.2306135,0.0,0.5,"[174.0, 185.0, 189.0, 161.0, 156.0, 168.0, 166.0, 186.0, 185.0, 174.0]",17.848079681396484,0.0,237.51416015625,1.6765098571777344,-259.59564208984375
1750932337.2442377,0.0,0.5,"[174.0, 185.0, 189.0, 161.0, 156.0, 168.0, 166.0, 186.0, 185.0, 174.0]",18.141359329223633,0.0,237.7852325439453,1.679544448852539,-259.3544921875
1750932337.268411,0.0,0.5,"[174.0, 185.0, 189.0, 161.0, 156.0, 168.0, 167.0, 186.0, 185.0, 174.0]",17.768564224243164,0.0,238.0506591796875,1.682779312133789,-259.11822509765625
1750932337.2826765,0.0,0.5,"[174.0, 185.0, 189.0, 161.0, 156.0, 168.0, 167.0, 186.0, 185.0, 174.0]",18.147777557373047,0.0,238.3216094970703,1.6863479614257812,-258.87677001953125
1750932337.3169293,0.0,0.5,"[174.0, 185.0, 189.0, 160.0, 155.0, 168.0, 167.0, 186.0, 185.0, 174.0]",17.90842628479004,0.0,238.5888671875,1.6900825500488281,-258.63836669921875
1750932337.330132,0.0,0.5,"[174.0, 185.0, 189.0, 160.0, 155.0, 168.0, 168.0, 186.0, 185.0, 174.0]",18.184036254882812,0.0,238.86041259765625,1.694122314453125,-258.396484375
1750932337.3443136,0.0,0.5,"[174.0, 185.0, 189.0, 160.0, 155.0, 168.0, 168.0, 186.0, 185.0, 174.0]",18.026504516601562,0.0,239.12950134277344,1.6982975006103516,-258.1565856933594
1750932337.3688195,0.0,0.5,"[174.0, 185.0, 189.0, 160.0, 155.0, 168.0, 168.0, 186.0, 185.0, 174.0]",18.193965911865234,0.0,239.401123046875,1.7027759552001953,-257.91448974609375
1750932337.3827207,0.0,0.5,"[174.0, 185.0, 188.0, 160.0, 155.0, 168.0, 168.0, 187.0, 185.0, 174.0]",18.13451385498047,0.0,239.67164611816406,1.707406997680664,-257.6729431152344
1750932337.417119,0.0,0.5,"[174.0, 185.0, 187.0, 160.0, 155.0, 167.0, 168.0, 187.0, 185.0, 174.0]",18.338781356811523,0.0,239.94532775878906,1.7123031616210938,-257.4288024902344
1750932337.4313512,-1.0,0.5,"[174.0, 185.0, 187.0, 159.0, 155.0, 167.0, 168.0, 187.0, 185.0, 174.0]",18.126911163330078,0.0,240.21572875976562,1.7172775268554688,-257.1873779296875
1750932337.444749,-1.0,0.5,"[174.0, 185.0, 188.0, 160.0, 155.0, 168.0, 168.0, 186.0, 185.0, 174.0]",18.067970275878906,-0.5,240.475341796875,1.7191219329833984,-256.93603515625
1750932337.468959,-1.0,0.5,"[174.0, 185.0, 189.0, 161.0, 156.0, 168.0, 166.0, 184.0, 185.0, 174.0]",17.847402572631836,-0.5,240.7178497314453,1.7167015075683594,-256.67413330078125
1750932337.4828038,0.0,0.5,"[174.0, 185.0, 192.0, 162.0, 157.0, 170.0, 163.0, 181.0, 185.0, 174.0]",17.7260799407959,-0.5,240.94308471679688,1.7097034454345703,-256.40045166015625
1750932337.5170286,0.0,0.5,"[174.0, 185.0, 192.0, 163.0, 158.0, 171.0, 162.0, 180.0, 185.0, 174.0]",17.541589736938477,0.0,241.17466735839844,1.7056903839111328,-256.1369323730469
1750932337.530855,0.0,0.5,"[174.0, 185.0, 193.0, 163.0, 158.0, 171.0, 162.0, 180.0, 185.0, 174.0]",17.633743286132812,0.0,241.41680908203125,1.7047615051269531,-255.88052368164062
1750932337.5447326,0.0,0.5,"[174.0, 185.0, 193.0, 163.0, 158.0, 171.0, 162.0, 181.0, 185.0, 174.0]",17.84954833984375,0.0,241.6634063720703,1.7045269012451172,-255.62237548828125
1750932337.568898,0.0,0.5,"[174.0, 185.0, 192.0, 163.0, 158.0, 170.0, 162.0, 181.0, 185.0, 174.0]",17.52847671508789,0.0,241.90574645996094,1.7045745849609375,-255.36907958984375
1750932337.5822055,0.0,0.5,"[174.0, 185.0, 192.0, 163.0, 158.0, 170.0, 162.0, 181.0, 185.0, 174.0]",17.936443328857422,0.0,242.15379333496094,1.7048072814941406,-255.10992431640625
1750932337.6165092,0.0,0.5,"[174.0, 185.0, 192.0, 163.0, 158.0, 170.0, 162.0, 183.0, 185.0, 174.0]",17.717792510986328,0.0,242.39878845214844,1.7051658630371094,-254.8538818359375
1750932337.6311295,0.0,0.5,"[174.0, 185.0, 192.0, 163.0, 157.0, 170.0, 163.0, 183.0, 185.0, 174.0]",17.98430061340332,0.0,242.64739990234375,1.705810546875,-254.59396362304688
1750932337.6451986,0.0,0.5,"[174.0, 185.0, 192.0, 163.0, 157.0, 170.0, 163.0, 183.0, 185.0, 174.0]",17.73407554626465,0.0,242.892578125,1.70672607421875,-254.33767700195312
1750932337.658614,0.0,0.5,"[174.0, 185.0, 192.0, 162.0, 157.0, 170.0, 163.0, 183.0, 185.0, 174.0]",17.90676498413086,0.0,243.1399688720703,1.707845687866211,-254.0787353515625
1750932337.6924763,0.0,0.5,"[174.0, 185.0, 192.0, 162.0, 157.0, 170.0, 163.0, 184.0, 185.0, 174.0]",17.954795837402344,0.0,243.38818359375,1.7092094421386719,-253.8192138671875
1750932337.7062051,0.0,0.5,"[174.0, 185.0, 192.0, 162.0, 157.0, 170.0, 163.0, 184.0, 185.0, 174.0]",18.035160064697266,0.0,243.63735961914062,1.7106666564941406,-253.55841064453125
1750932337.7200797,0.0,0.5,"[174.0, 185.0, 192.0, 162.0, 157.0, 169.0, 163.0, 184.0, 185.0, 174.0]",18.078182220458984,0.0,243.8871612548828,1.7122821807861328,-253.29702758789062
1750932337.7551966,0.0,0.5,"[174.0, 185.0, 192.0, 162.0, 157.0, 169.0, 164.0, 185.0, 185.0, 174.0]",18.0382137298584,0.0,244.13621520996094,1.714019775390625,-253.03604125976562
1750932337.7693098,0.0,0.5,"[174.0, 185.0, 192.0, 162.0, 157.0, 169.0, 164.0, 185.0, 185.0, 174.0]",18.172746658325195,0.0,244.3872833251953,1.7160148620605469,-252.77325439453125
1750932337.7827344,0.0,0.5,"[174.0, 185.0, 192.0, 162.0, 157.0, 169.0, 164.0, 186.0, 185.0, 174.0]",17.996368408203125,0.0,244.63572692871094,1.718057632446289,-252.5128173828125
1750932337.8167963,0.0,0.5,"[174.0, 185.0, 190.0, 162.0, 156.0, 169.0, 164.0, 186.0, 185.0, 174.0]",18.269224166870117,0.0,244.8880157470703,1.7204818725585938,-252.24853515625
1750932337.8302202,0.0,0.5,"[174.0, 185.0, 190.0, 162.0, 156.0, 169.0, 164.0, 187.0, 185.0, 174.0]",18.154584884643555,0.0,245.13856506347656,1.7231254577636719,-251.98577880859375
1750932337.8442104,0.0,0.5,"[174.0, 185.0, 190.0, 161.0, 156.0, 169.0, 164.0, 187.0, 185.0, 174.0]",18.359771728515625,0.0,245.39215087890625,1.7261428833007812,-251.72021484375
1750932337.8684642,0.0,0.5,"[174.0, 185.0, 190.0, 161.0, 156.0, 169.0, 164.0, 187.0, 185.0, 174.0]",18.21600341796875,0.0,245.64356994628906,1.7292747497558594,-251.45657348632812
1750932337.8823438,0.0,0.5,"[174.0, 185.0, 190.0, 161.0, 156.0, 169.0, 164.0, 187.0, 185.0, 174.0]",18.39454460144043,0.0,245.89749145507812,1.732625961303711,-251.19036865234375
1750932337.916919,0.0,0.5,"[174.0, 185.0, 190.0, 161.0, 156.0, 168.0, 164.0, 188.0, 185.0, 174.0]",18.23038673400879,0.0,246.14892578125,1.7360038757324219,-250.92636108398438
1750932337.9309142,0.0,0.5,"[174.0, 185.0, 190.0, 161.0, 156.0, 168.0, 164.0, 188.0, 185.0, 174.0]",18.414358139038086,0.0,246.40306091308594,1.739706039428711,-250.65985107421875
1750932337.945503,0.0,0.5,"[174.0, 185.0, 190.0, 161.0, 156.0, 168.0, 164.0, 189.0, 185.0, 174.0]",18.303638458251953,0.0,246.65548706054688,1.7435073852539062,-250.39474487304688
1750932337.9592488,0.0,0.5,"[174.0, 185.0, 190.0, 161.0, 155.0, 168.0, 164.0, 189.0, 185.0, 174.0]",18.622587203979492,0.0,246.91226196289062,1.7475509643554688,-250.125
1750932337.9933228,0.0,0.5,"[174.0, 185.0, 189.0, 161.0, 155.0, 168.0, 166.0, 189.0, 185.0, 174.0]",18.32972526550293,0.0,247.1648406982422,1.7517967224121094,-249.85931396484375
1750932338.0075448,0.0,0.5,"[174.0, 185.0, 189.0, 161.0, 155.0, 168.0, 166.0, 189.0, 185.0, 174.0]",18.707799911499023,0.0,247.42279052734375,1.7565078735351562,-249.58831787109375
1750932338.0213926,0.0,0.5,"[174.0, 185.0, 189.0, 161.0, 155.0, 168.0, 167.0, 189.0, 185.0, 174.0]",18.35076904296875,0.0,247.67578125,1.7613849639892578,-249.32244873046875
1750932338.055873,0.0,0.5,"[174.0, 185.0, 189.0, 160.0, 155.0, 168.0, 167.0, 190.0, 185.0, 174.0]",18.76471519470215,0.0,247.9343719482422,1.7665538787841797,-249.050537109375
1750932338.0690308,0.0,0.5,"[174.0, 185.0, 189.0, 160.0, 155.0, 167.0, 168.0, 190.0, 185.0, 174.0]",18.45525550842285,0.0,248.18856811523438,1.7717628479003906,-248.782958984375
1750932338.0830367,0.0,0.5,"[174.0, 185.0, 189.0, 160.0, 155.0, 167.0, 168.0, 190.0, 185.0, 174.0]",18.767210006713867,0.0,248.44715881347656,1.7772884368896484,-248.51095581054688
1750932338.1173742,-1.0,0.5,"[174.0, 185.0, 189.0, 160.0, 154.0, 167.0, 168.0, 190.0, 185.0, 174.0]",18.55118751525879,0.0,248.70266723632812,1.7829456329345703,-248.24200439453125
1750932338.130951,-1.0,0.5,"[174.0, 185.0, 189.0, 160.0, 155.0, 168.0, 168.0, 190.0, 185.0, 174.0]",18.529850006103516,-0.5,248.94540405273438,1.7845706939697266,-247.96197509765625
1750932338.144987,-1.0,0.5,"[174.0, 185.0, 190.0, 161.0, 156.0, 169.0, 164.0, 188.0, 185.0, 174.0]",18.236560821533203,-0.5,249.16702270507812,1.7808341979980469,-247.67230224609375
1750932338.1589453,-1.0,0.5,"[174.0, 185.0, 193.0, 163.0, 158.0, 171.0, 161.0, 185.0, 185.0, 174.0]",18.029953002929688,-0.5,249.3684844970703,1.7721176147460938,-247.37335205078125
1750932338.1934304,0.0,0.5,"[174.0, 185.0, 195.0, 165.0, 159.0, 172.0, 159.0, 183.0, 185.0, 174.0]",17.998563766479492,-0.5,249.5546875,1.7593955993652344,-247.0655517578125
1750932338.2070339,0.0,0.5,"[174.0, 185.0, 197.0, 166.0, 160.0, 173.0, 156.0, 180.0, 185.0, 174.0]",17.926733016967773,0.0,249.75062561035156,1.7500457763671875,-246.76544189453125
1750932338.2211187,0.0,0.5,"[174.0, 185.0, 198.0, 167.0, 160.0, 173.0, 156.0, 179.0, 185.0, 174.0]",18.037965774536133,0.0,249.9579620361328,1.7438907623291016,-246.47027587890625
1750932338.255528,0.0,0.5,"[174.0, 185.0, 198.0, 167.0, 160.0, 174.0, 156.0, 179.0, 185.0, 174.0]",18.063743591308594,0.0,250.17001342773438,1.7392406463623047,-246.17782592773438
1750932338.2690442,0.0,0.5,"[174.0, 185.0, 198.0, 167.0, 160.0, 173.0, 156.0, 179.0, 185.0, 174.0]",18.037086486816406,0.0,250.38226318359375,1.7348670959472656,-245.88616943359375
1750932338.2831697,0.0,0.5,"[174.0, 185.0, 198.0, 167.0, 160.0, 173.0, 156.0, 179.0, 185.0, 174.0]",17.99604034423828,0.0,250.59463500976562,1.7308158874511719,-245.59561157226562
1750932338.3175647,0.0,0.5,"[174.0, 185.0, 198.0, 167.0, 160.0, 173.0, 156.0, 179.0, 185.0, 174.0]",18.213037490844727,0.0,250.8092803955078,1.7267532348632812,-245.30133056640625
1750932338.3314507,0.0,0.5,"[174.0, 185.0, 198.0, 167.0, 160.0, 173.0, 156.0, 179.0, 185.0, 174.0]",18.18951988220215,0.0,251.02357482910156,1.722860336303711,-245.00738525390625
1750932338.3454998,0.0,0.5,"[174.0, 185.0, 198.0, 166.0, 159.0, 173.0, 156.0, 179.0, 185.0, 174.0]",18.29874038696289,0.0,251.2390899658203,1.7192344665527344,-244.71160888671875
1750932338.3590686,0.0,0.5,"[174.0, 185.0, 198.0, 166.0, 159.0, 173.0, 156.0, 179.0, 185.0, 174.0]",18.178743362426758,0.0,251.45327758789062,1.7159461975097656,-244.4178466796875
1750932338.3930624,0.0,0.5,"[174.0, 185.0, 198.0, 166.0, 159.0, 173.0, 156.0, 179.0, 185.0, 174.0]",18.449499130249023,0.0,251.67056274414062,1.7128181457519531,-244.11965942382812
1750932338.4063518,0.0,0.5,"[174.0, 185.0, 198.0, 166.0, 159.0, 173.0, 156.0, 179.0, 185.0, 174.0]",18.150314331054688,0.0,251.8842315673828,1.7099075317382812,-243.82623291015625
1750932338.4203558,0.0,0.5,"[174.0, 185.0, 198.0, 166.0, 159.0, 173.0, 158.0, 179.0, 185.0, 174.0]",18.480600357055664,0.0,252.10169982910156,1.7070465087890625,-243.52734375
1750932338.4545991,0.0,0.5,"[174.0, 185.0, 198.0, 166.0, 159.0, 173.0, 158.0, 179.0, 185.0, 174.0]",18.322206497192383,0.0,252.31729125976562,1.704315185546875,-243.2310791015625
1750932338.468721,0.0,0.5,"[174.0, 185.0, 198.0, 166.0, 159.0, 173.0, 158.0, 179.0, 185.0, 174.0]",18.6619873046875,0.0,252.5368194580078,1.7015705108642578,-242.92922973632812
1750932338.4825065,0.0,0.5,"[174.0, 185.0, 198.0, 166.0, 159.0, 173.0, 158.0, 178.0, 185.0, 174.0]",18.224380493164062,0.0,252.7511749267578,1.6989688873291016,-242.63446044921875
1750932338.51685,0.0,0.5,"[174.0, 185.0, 198.0, 166.0, 159.0, 172.0, 159.0, 178.0, 185.0, 174.0]",18.634170532226562,0.0,252.97042846679688,1.6965751647949219,-242.33306884765625
1750932338.5306182,0.0,0.5,"[174.0, 185.0, 198.0, 166.0, 159.0, 172.0, 159.0, 178.0, 185.0, 174.0]",18.461095809936523,0.0,253.18763732910156,1.6945514678955078,-242.03451538085938
1750932338.5442944,0.0,0.5,"[174.0, 185.0, 198.0, 166.0, 159.0, 172.0, 159.0, 178.0, 185.0, 174.0]",18.744205474853516,0.0,253.40797424316406,1.6927509307861328,-241.73123168945312
1750932338.5677743,0.0,0.5,"[174.0, 185.0, 198.0, 166.0, 159.0, 172.0, 160.0, 178.0, 185.0, 174.0]",18.48284912109375,0.0,253.6251678466797,1.6911907196044922,-241.43212890625
1750932338.5810337,0.0,0.5,"[174.0, 185.0, 198.0, 166.0, 159.0, 172.0, 160.0, 178.0, 185.0, 174.0]",18.731735229492188,0.0,253.84542846679688,1.68988037109375,-241.12908935546875
1750932338.6153042,0.0,0.5,"[174.0, 185.0, 197.0, 166.0, 158.0, 172.0, 160.0, 178.0, 185.0, 174.0]",18.6580867767334,0.0,254.06466674804688,1.6886844635009766,-240.82708740234375
1750932338.6287873,0.0,0.5,"[174.0, 185.0, 197.0, 166.0, 158.0, 172.0, 160.0, 178.0, 185.0, 174.0]",18.795284271240234,0.0,254.28564453125,1.687652587890625,-240.52301025390625
1750932338.642667,0.0,0.5,"[174.0, 185.0, 197.0, 165.0, 158.0, 172.0, 161.0, 177.0, 185.0, 174.0]",18.69858741760254,0.0,254.50534057617188,1.6866493225097656,-240.22039794921875
1750932338.6773348,0.0,0.5,"[174.0, 185.0, 197.0, 165.0, 158.0, 172.0, 161.0, 177.0, 185.0, 174.0]",18.81303596496582,0.0,254.7263641357422,1.68572998046875,-239.9158935546875
1750932338.6910608,0.0,0.5,"[174.0, 185.0, 197.0, 164.0, 158.0, 172.0, 162.0, 176.0, 185.0, 174.0]",18.92140769958496,0.0,254.9485321044922,1.685098648071289,-239.60952758789062
1750932338.7051208,0.0,0.5,"[174.0, 185.0, 197.0, 164.0, 158.0, 172.0, 162.0, 176.0, 185.0, 174.0]",18.86785888671875,0.0,255.17005920410156,1.6848621368408203,-239.30404663085938
1750932338.7194986,0.0,0.5,"[174.0, 185.0, 197.0, 164.0, 158.0, 171.0, 162.0, 176.0, 185.0, 174.0]",18.8520450592041,0.0,255.39125061035156,1.684885025024414,-238.99871826171875
1750932338.7545388,0.0,0.5,"[174.0, 185.0, 197.0, 164.0, 158.0, 171.0, 163.0, 178.0, 185.0, 174.0]",18.97439956665039,0.0,255.61376953125,1.6851654052734375,-238.6912841796875
1750932338.7684646,0.0,0.5,"[174.0, 185.0, 197.0, 164.0, 158.0, 171.0, 163.0, 178.0, 185.0, 174.0]",18.99871253967285,0.0,255.83673095703125,1.6857128143310547,-238.38360595703125
1750932338.7820857,0.0,0.5,"[174.0, 185.0, 197.0, 164.0, 157.0, 171.0, 164.0, 179.0, 185.0, 174.0]",19.068960189819336,0.0,256.060302734375,1.6863746643066406,-238.07464599609375
1750932338.816816,0.0,0.5,"[174.0, 185.0, 197.0, 164.0, 157.0, 171.0, 164.0, 179.0, 185.0, 174.0]",18.947351455688477,0.0,256.28271484375,1.6872444152832031,-237.767822265625
1750932338.8297567,0.0,0.5,"[174.0, 185.0, 197.0, 164.0, 157.0, 171.0, 164.0, 179.0, 185.0, 174.0]",19.14034652709961,0.0,256.5071105957031,1.6881179809570312,-237.45770263671875
1750932338.8444586,0.0,0.5,"[174.0, 185.0, 197.0, 164.0, 157.0, 171.0, 164.0, 180.0, 185.0, 174.0]",19.18427085876465,0.0,256.73199462890625,1.6891632080078125,-237.14682006835938
1750932338.8687465,0.0,0.5,"[174.0, 185.0, 197.0, 164.0, 157.0, 171.0, 164.0, 181.0, 185.0, 174.0]",19.201736450195312,0.0,256.95697021484375,1.6906013488769531,-236.8355712890625
1750932338.8824725,0.0,0.5,"[174.0, 185.0, 196.0, 163.0, 157.0, 171.0, 166.0, 181.0, 185.0, 174.0]",19.03537940979004,0.0,257.18011474609375,1.6924591064453125,-236.52716064453125
1750932338.9174607,0.0,0.5,"[174.0, 185.0, 196.0, 163.0, 157.0, 170.0, 166.0, 181.0, 185.0, 174.0]",19.355812072753906,0.0,257.4068908691406,1.6946277618408203,-236.21343994140625
1750932338.9322016,0.0,0.5,"[174.0, 185.0, 195.0, 163.0, 156.0, 170.0, 166.0, 183.0, 185.0, 174.0]",19.174345016479492,0.0,257.6315002441406,1.6970252990722656,-235.902587890625
1750932338.9467292,0.0,0.5,"[174.0, 185.0, 195.0, 163.0, 156.0, 170.0, 166.0, 183.0, 185.0, 174.0]",19.459867477416992,0.0,257.8593444824219,1.6996326446533203,-235.58709716796875
1750932338.9607897,0.0,0.5,"[174.0, 185.0, 195.0, 163.0, 156.0, 170.0, 166.0, 183.0, 185.0, 174.0]",19.153247833251953,0.0,258.08349609375,1.702352523803711,-235.2764892578125
1750932338.9962146,0.0,0.5,"[174.0, 185.0, 195.0, 163.0, 156.0, 170.0, 167.0, 184.0, 185.0, 174.0]",19.505186080932617,0.0,258.31170654296875,1.7052021026611328,-234.96011352539062
1750932339.0101182,0.0,0.5,"[174.0, 185.0, 195.0, 163.0, 156.0, 170.0, 167.0, 184.0, 185.0, 174.0]",19.240633010864258,0.0,258.53680419921875,1.708099365234375,-234.64801025390625
1750932339.0238366,0.0,0.5,"[174.0, 185.0, 195.0, 163.0, 156.0, 169.0, 167.0, 184.0, 185.0, 174.0]",19.583126068115234,0.0,258.7659606933594,1.7114906311035156,-234.33038330078125
1750932339.058896,0.0,0.5,"[174.0, 185.0, 195.0, 163.0, 156.0, 169.0, 167.0, 186.0, 185.0, 174.0]",19.286300659179688,0.0,258.991455078125,1.7151813507080078,-234.01748657226562
1750932339.0728927,0.0,0.5,"[174.0, 185.0, 194.0, 162.0, 155.0, 169.0, 168.0, 186.0, 185.0, 174.0]",19.642053604125977,0.0,259.2213134765625,1.7193679809570312,-233.69894409179688
1750932339.0870848,0.0,0.5,"[174.0, 185.0, 194.0, 162.0, 155.0, 169.0, 168.0, 187.0, 185.0, 174.0]",19.378414154052734,0.0,259.44805908203125,1.723785400390625,-233.3846435546875
1750932339.1009161,0.0,0.5,"[174.0, 185.0, 193.0, 162.0, 155.0, 169.0, 168.0, 187.0, 185.0, 174.0]",19.65911865234375,0.0,259.6777648925781,1.7283992767333984,-233.06561279296875
1750932339.1368504,0.0,0.5,"[174.0, 185.0, 193.0, 162.0, 155.0, 169.0, 169.0, 188.0, 185.0, 174.0]",19.51225471496582,0.0,259.9056091308594,1.7331180572509766,-232.74880981445312
1750932339.1509836,0.0,0.5,"[174.0, 185.0, 193.0, 162.0, 155.0, 169.0, 170.0, 189.0, 185.0, 174.0]",19.757102966308594,0.0,260.136474609375,1.7380790710449219,-232.42816162109375
1750932339.1650267,0.0,0.5,"[174.0, 185.0, 193.0, 162.0, 155.0, 168.0, 171.0, 189.0, 185.0, 174.0]",19.521636962890625,0.0,260.364501953125,1.7430534362792969,-232.11129760742188
1750932339.1787052,0.0,0.5,"[174.0, 185.0, 193.0, 162.0, 155.0, 168.0, 173.0, 190.0, 185.0, 174.0]",19.849674224853516,0.0,260.59637451171875,1.7484722137451172,-231.78912353515625
1750932339.2139637,0.0,0.5,"[174.0, 185.0, 193.0, 161.0, 154.0, 168.0, 174.0, 190.0, 185.0, 174.0]",19.535186767578125,0.0,260.824462890625,1.7541999816894531,-231.471923828125
1750932339.2280405,0.0,0.5,"[174.0, 185.0, 193.0, 161.0, 154.0, 168.0, 174.0, 190.0, 185.0, 174.0]",19.92328643798828,0.0,261.0570068359375,1.7604122161865234,-231.1484375
1750932339.24204,0.0,0.5,"[174.0, 185.0, 192.0, 161.0, 154.0, 168.0, 176.0, 192.0, 185.0, 174.0]",19.610557556152344,0.0,261.2857666015625,1.7668113708496094,-230.82989501953125
1750932339.2774143,0.0,0.5,"[174.0, 185.0, 192.0, 161.0, 154.0, 168.0, 176.0, 192.0, 185.0, 174.0]",19.96009635925293,0.0,261.5186767578125,1.773599624633789,-230.5057373046875
1750932339.2912652,0.0,0.5,"[174.0, 185.0, 192.0, 161.0, 154.0, 168.0, 177.0, 192.0, 185.0, 174.0]",19.6566219329834,0.0,261.7479248046875,1.7804679870605469,-230.18646240234375
1750932339.3053727,0.0,0.5,"[174.0, 185.0, 192.0, 161.0, 154.0, 167.0, 178.0, 193.0, 185.0, 174.0]",20.013763427734375,0.0,261.9812927246094,1.7875862121582031,-229.861328125
1750932339.3193753,0.0,0.5,"[174.0, 185.0, 192.0, 161.0, 153.0, 167.0, 178.0, 193.0, 185.0, 174.0]",19.757904052734375,0.0,262.21160888671875,1.7947006225585938,-229.54031372070312
1750932339.3541157,0.0,0.5,"[174.0, 185.0, 192.0, 161.0, 153.0, 167.0, 178.0, 193.0, 185.0, 174.0]",20.067960739135742,0.0,262.44549560546875,1.8022003173828125,-229.2142333984375
1750932339.3676858,0.0,0.5,"[174.0, 185.0, 190.0, 160.0, 153.0, 167.0, 179.0, 194.0, 185.0, 174.0]",19.792184829711914,0.0,262.6761474609375,1.81005859375,-228.89263916015625
1750932339.3812642,0.0,0.5,"[174.0, 185.0, 190.0, 160.0, 153.0, 167.0, 180.0, 195.0, 185.0, 174.0]",20.181594848632812,0.0,262.9111633300781,1.8184585571289062,-228.5645751953125
1750932339.4165137,0.0,0.5,"[174.0, 185.0, 190.0, 160.0, 153.0, 167.0, 181.0, 195.0, 185.0, 174.0]",19.82732582092285,0.0,263.14190673828125,1.8269939422607422,-228.2421875
1750932339.4299057,0.0,0.5,"[174.0, 185.0, 190.0, 160.0, 153.0, 166.0, 181.0, 195.0, 185.0, 174.0]",20.131038665771484,0.0,263.3763122558594,1.8360004425048828,-227.91497802734375
1750932339.4437058,0.0,0.5,"[174.0, 185.0, 190.0, 159.0, 152.0, 166.0, 182.0, 196.0, 185.0, 174.0]",20.03559112548828,0.0,263.6095275878906,1.8451576232910156,-227.5892333984375
1750932339.4783196,0.0,0.5,"[174.0, 185.0, 189.0, 159.0, 152.0, 166.0, 182.0, 197.0, 185.0, 174.0]",20.22785758972168,0.0,263.844970703125,1.8545703887939453,-227.2603759765625
1750932339.4919593,0.0,0.5,"[174.0, 185.0, 189.0, 159.0, 152.0, 166.0, 182.0, 197.0, 185.0, 174.0]",20.03091812133789,0.0,264.0779724121094,1.8639717102050781,-226.93463134765625
1750932339.5058904,-1.0,0.5,"[174.0, 185.0, 189.0, 159.0, 152.0, 166.0, 182.0, 197.0, 185.0, 174.0]",20.188602447509766,0.0,264.3128662109375,1.8737239837646484,-226.60638427734375
1750932339.5196493,-1.0,0.5,"[174.0, 185.0, 189.0, 159.0, 152.0, 166.0, 182.0, 197.0, 185.0, 174.0]",19.87196159362793,-0.5,264.5293884277344,1.8791637420654297,-226.27313232421875
1750932339.5545948,-1.0,0.5,"[174.0, 185.0, 190.0, 160.0, 153.0, 167.0, 178.0, 194.0, 185.0, 174.0]",19.783824920654297,-0.5,264.728515625,1.8800067901611328,-225.93121337890625
1750932339.5687485,-1.0,0.5,"[174.0, 185.0, 193.0, 161.0, 154.0, 169.0, 175.0, 192.0, 185.0, 174.0]",19.42913246154785,-0.5,264.9033203125,1.8750743865966797,-225.584228515625
1750932339.5821311,-1.0,0.5,"[174.0, 185.0, 195.0, 162.0, 156.0, 171.0, 170.0, 189.0, 185.0, 174.0]",19.44387435913086,-0.5,265.0599670410156,1.8652362823486328,-225.22842407226562
1750932339.6171596,0.0,0.5,"[174.0, 185.0, 197.0, 164.0, 158.0, 173.0, 167.0, 185.0, 185.0, 174.0]",19.286907196044922,-0.5,265.20098876953125,1.8517208099365234,-224.86962890625
1750932339.6306396,0.0,0.5,"[174.0, 185.0, 198.0, 166.0, 159.0, 174.0, 164.0, 183.0, 185.0, 174.0]",19.46259307861328,0.0,265.3517761230469,1.840627670288086,-224.51095581054688
1750932339.6448956,0.0,0.5,"[174.0, 185.0, 200.0, 166.0, 159.0, 174.0, 163.0, 183.0, 185.0, 174.0]",19.40829086303711,0.0,265.5150146484375,1.8333358764648438,-224.15887451171875
1750932339.6694052,0.0,0.5,"[174.0, 185.0, 200.0, 166.0, 159.0, 174.0, 164.0, 183.0, 185.0, 174.0]",19.4030704498291,0.0,265.6827087402344,1.8274860382080078,-223.8089599609375
1750932339.683178,0.0,0.5,"[174.0, 185.0, 200.0, 166.0, 159.0, 174.0, 164.0, 181.0, 185.0, 174.0]",19.521238327026367,0.0,265.85211181640625,1.822275161743164,-223.45721435546875
1750932339.7179828,0.0,0.5,"[174.0, 185.0, 200.0, 166.0, 159.0, 174.0, 164.0, 181.0, 185.0, 174.0]",19.36979103088379,0.0,266.0198974609375,1.817495346069336,-223.10809326171875
1750932339.7323976,0.0,0.5,"[174.0, 185.0, 198.0, 166.0, 159.0, 174.0, 164.0, 181.0, 185.0, 174.0]",19.65996551513672,0.0,266.1900939941406,1.8130168914794922,-222.753662109375
1750932339.7473228,0.0,0.5,"[174.0, 185.0, 198.0, 165.0, 159.0, 173.0, 166.0, 181.0, 185.0, 174.0]",19.472755432128906,0.0,266.3584899902344,1.8088626861572266,-222.40252685546875
1750932339.7614386,0.0,0.5,"[174.0, 185.0, 198.0, 164.0, 159.0, 173.0, 166.0, 181.0, 185.0, 174.0]",19.7570858001709,0.0,266.529541015625,1.8049545288085938,-222.04632568359375
1750932339.7966347,0.0,0.5,"[174.0, 185.0, 198.0, 164.0, 159.0, 173.0, 166.0, 181.0, 185.0, 174.0]",19.517061233520508,0.0,266.6983947753906,1.8012638092041016,-221.69439697265625
1750932339.8111415,0.0,0.5,"[174.0, 185.0, 198.0, 164.0, 158.0, 173.0, 166.0, 181.0, 185.0, 174.0]",19.793088912963867,0.0,266.8695068359375,1.7976150512695312,-221.33746337890625
1750932339.825246,0.0,0.5,"[174.0, 185.0, 198.0, 164.0, 158.0, 173.0, 166.0, 181.0, 185.0, 174.0]",19.662832260131836,0.0,267.03948974609375,1.794076919555664,-220.98284912109375
1750932339.8390188,0.0,0.5,"[174.0, 185.0, 198.0, 164.0, 158.0, 173.0, 167.0, 181.0, 185.0, 174.0]",19.865116119384766,0.0,267.2110290527344,1.7908973693847656,-220.62451171875
1750932339.874333,0.0,0.5,"[174.0, 185.0, 198.0, 164.0, 158.0, 173.0, 167.0, 183.0, 185.0, 174.0]",19.68252944946289,0.0,267.3810119628906,1.7882328033447266,-220.26947021484375
1750932339.8881207,0.0,0.5,"[174.0, 185.0, 197.0, 164.0, 158.0, 173.0, 168.0, 183.0, 185.0, 174.0]",19.867389678955078,0.0,267.5523681640625,1.7859210968017578,-219.91094970703125
1750932339.902247,0.0,0.5,"[174.0, 185.0, 197.0, 163.0, 158.0, 173.0, 168.0, 184.0, 185.0, 174.0]",19.84952735900879,0.0,267.72369384765625,1.783987045288086,-219.5528564453125
1750932339.9368675,0.0,0.5,"[174.0, 185.0, 197.0, 163.0, 158.0, 172.0, 168.0, 184.0, 185.0, 174.0]",19.905473709106445,0.0,267.8952941894531,1.7822990417480469,-219.19363403320312
1750932339.9514363,0.0,0.5,"[174.0, 185.0, 197.0, 163.0, 157.0, 172.0, 168.0, 186.0, 185.0, 174.0]",19.906675338745117,0.0,268.0669250488281,1.7808036804199219,-218.83441162109375
1750932339.9657187,0.0,0.5,"[174.0, 185.0, 197.0, 163.0, 157.0, 172.0, 168.0, 186.0, 185.0, 174.0]",19.95538902282715,0.0,268.239013671875,1.7795028686523438,-218.47430419921875
1750932339.9796152,0.0,0.5,"[174.0, 185.0, 197.0, 163.0, 157.0, 172.0, 168.0, 187.0, 185.0, 174.0]",20.0092716217041,0.0,268.4114685058594,1.7782535552978516,-218.1131591796875
1750932340.0149987,0.0,0.5,"[174.0, 185.0, 197.0, 163.0, 157.0, 172.0, 169.0, 187.0, 185.0, 174.0]",20.01827049255371,0.0,268.5837707519531,1.7773151397705078,-217.75177001953125
1750932340.028627,0.0,0.5,"[174.0, 185.0, 196.0, 163.0, 157.0, 172.0, 169.0, 189.0, 185.0, 174.0]",20.060104370117188,0.0,268.7565002441406,1.7769145965576172,-217.3896484375
1750932340.0428667,0.0,0.5,"[174.0, 185.0, 195.0, 162.0, 157.0, 172.0, 169.0, 189.0, 185.0, 174.0]",20.13811492919922,0.0,268.92987060546875,1.7769794464111328,-217.026123046875
1750932340.0776973,0.0,0.5,"[174.0, 185.0, 195.0, 162.0, 157.0, 171.0, 169.0, 189.0, 185.0, 174.0]",20.06658363342285,0.0,269.1023864746094,1.7773284912109375,-216.66375732421875
1750932340.090961,0.0,0.5,"[174.0, 185.0, 195.0, 162.0, 157.0, 171.0, 170.0, 190.0, 185.0, 174.0]",20.11607551574707,0.0,269.27520751953125,1.7779769897460938,-216.30044555664062
1750932340.1050522,0.0,0.5,"[174.0, 185.0, 195.0, 162.0, 156.0, 171.0, 170.0, 190.0, 185.0, 174.0]",20.273046493530273,0.0,269.449462890625,1.7788677215576172,-215.934326171875
1750932340.119077,0.0,0.5,"[174.0, 185.0, 194.0, 162.0, 156.0, 171.0, 170.0, 192.0, 185.0, 174.0]",20.23124122619629,0.0,269.623291015625,1.7799339294433594,-215.5689697265625
1750932340.1543117,0.0,0.5,"[174.0, 185.0, 194.0, 161.0, 156.0, 171.0, 170.0, 192.0, 185.0, 174.0]",20.265148162841797,0.0,269.79730224609375,1.78106689453125,-215.20294189453125
1750932340.1680443,0.0,0.5,"[174.0, 185.0, 193.0, 161.0, 156.0, 171.0, 170.0, 193.0, 185.0, 174.0]",20.281652450561523,0.0,269.97125244140625,1.7825241088867188,-214.83648681640625
1750932340.1822224,0.0,0.5,"[174.0, 185.0, 193.0, 161.0, 156.0, 171.0, 170.0, 193.0, 185.0, 174.0]",20.324832916259766,0.0,270.1455993652344,1.784515380859375,-214.46929931640625
1750932340.2185512,0.0,0.5,"[174.0, 185.0, 193.0, 161.0, 156.0, 170.0, 170.0, 193.0, 185.0, 174.0]",20.352895736694336,0.0,270.32025146484375,1.7870159149169922,-214.10162353515625
1750932340.2330294,0.0,0.5,"[174.0, 185.0, 193.0, 161.0, 156.0, 170.0, 170.0, 195.0, 185.0, 174.0]",20.423551559448242,0.0,270.4953918457031,1.7898578643798828,-213.73260498046875
1750932340.248357,0.0,0.5,"[174.0, 185.0, 192.0, 161.0, 155.0, 170.0, 171.0, 195.0, 185.0, 174.0]",20.37587547302246,0.0,270.6698303222656,1.7929515838623047,-213.36431884765625
1750932340.2639637,0.0,0.5,"[174.0, 185.0, 192.0, 161.0, 155.0, 170.0, 171.0, 196.0, 185.0, 174.0]",20.47169303894043,0.0,270.8450012207031,1.7962532043457031,-212.9942626953125
1750932340.2904518,0.0,0.5,"[174.0, 185.0, 192.0, 160.0, 155.0, 170.0, 171.0, 197.0, 185.0, 174.0]",20.439197540283203,0.0,271.01995849609375,1.7997722625732422,-212.62481689453125
1750932340.3062446,0.0,0.5,"[174.0, 185.0, 192.0, 160.0, 155.0, 169.0, 171.0, 197.0, 185.0, 174.0]",20.486934661865234,0.0,271.1952819824219,1.8033809661865234,-212.2545166015625
1750932340.32156,0.0,0.5,"[174.0, 185.0, 190.0, 160.0, 155.0, 169.0, 171.0, 197.0, 185.0, 174.0]",20.571460723876953,0.0,271.3711853027344,1.8073883056640625,-211.88259887695312
1750932340.3591976,0.0,0.5,"[174.0, 185.0, 190.0, 160.0, 154.0, 169.0, 171.0, 198.0, 185.0, 174.0]",20.543798446655273,0.0,271.5468444824219,1.8119125366210938,-211.51119995117188
1750932340.3743267,0.0,0.5,"[174.0, 185.0, 190.0, 160.0, 154.0, 169.0, 171.0, 198.0, 185.0, 174.0]",20.559904098510742,0.0,271.72259521484375,1.816925048828125,-211.13949584960938
1750932340.3884685,0.0,0.5,"[174.0, 185.0, 190.0, 159.0, 154.0, 169.0, 171.0, 198.0, 185.0, 174.0]",20.642364501953125,0.0,271.8989562988281,1.8222923278808594,-210.7662353515625
1750932340.4027436,0.0,0.5,"[174.0, 185.0, 189.0, 159.0, 154.0, 169.0, 171.0, 198.0, 185.0, 174.0]",20.629085540771484,0.0,272.074951171875,1.8279132843017578,-210.39312744140625
1750932340.4381208,0.0,0.5,"[174.0, 185.0, 189.0, 159.0, 154.0, 168.0, 172.0, 200.0, 185.0, 174.0]",20.719444274902344,0.0,272.251708984375,1.8337783813476562,-210.01837158203125
1750932340.452767,0.0,0.5,"[174.0, 185.0, 189.0, 159.0, 154.0, 168.0, 172.0, 200.0, 185.0, 174.0]",20.731203079223633,0.0,272.4286804199219,1.8398799896240234,-209.64346313476562
1750932340.4668293,0.0,0.5,"[174.0, 185.0, 189.0, 159.0, 153.0, 168.0, 172.0, 200.0, 185.0, 174.0]",20.733062744140625,0.0,272.6054992675781,1.8460407257080078,-209.2684326171875
1750932340.4807239,0.0,0.5,"[174.0, 185.0, 188.0, 159.0, 153.0, 168.0, 172.0, 201.0, 185.0, 174.0]",20.884626388549805,0.0,272.7835388183594,1.8527069091796875,-208.89065551757812
1750932340.515927,0.0,0.5,"[174.0, 185.0, 187.0, 158.0, 153.0, 168.0, 174.0, 201.0, 185.0, 174.0]",20.786466598510742,0.0,272.96063232421875,1.8598289489746094,-208.51458740234375
1750932340.5299003,0.0,0.5,"[174.0, 185.0, 187.0, 158.0, 153.0, 168.0, 180.0, 201.0, 185.0, 174.0]",20.72460174560547,0.0,273.1371154785156,1.8673973083496094,-208.1396484375
1750932340.5438516,0.0,0.5,"[174.0, 185.0, 187.0, 158.0, 153.0, 167.0, 182.0, 201.0, 185.0, 174.0]",20.88317108154297,0.0,273.31488037109375,1.8753700256347656,-207.76177978515625
1750932340.5792131,0.0,0.5,"[174.0, 185.0, 186.0, 158.0, 153.0, 167.0, 186.0, 201.0, 185.0, 174.0]",20.996660232543945,0.0,273.49346923828125,1.883657455444336,-207.38177490234375
1750932340.5937626,0.0,0.5,"[174.0, 185.0, 186.0, 158.0, 153.0, 167.0, 188.0, 202.0, 185.0, 174.0]",20.886558532714844,0.0,273.67108154296875,1.892110824584961,-207.0037841796875
1750932340.6073592,0.0,0.5,"[174.0, 185.0, 186.0, 157.0, 152.0, 167.0, 190.0, 203.0, 185.0, 174.0]",20.999595642089844,0.0,273.84954833984375,1.9007606506347656,-206.62368774414062
1750932340.6218083,0.0,0.5,"[174.0, 185.0, 185.0, 156.0, 152.0, 167.0, 191.0, 203.0, 185.0, 174.0]",21.011934280395508,0.0,274.0279541015625,1.9095230102539062,-206.2432861328125
1750932340.6572447,0.0,0.5,"[174.0, 185.0, 184.0, 156.0, 152.0, 166.0, 192.0, 203.0, 185.0, 174.0]",20.953994750976562,0.0,274.2059631347656,1.9188385009765625,-205.864013671875
1750932340.6712408,-1.0,0.5,"[174.0, 185.0, 184.0, 156.0, 152.0, 166.0, 192.0, 203.0, 185.0, 174.0]",21.03023910522461,0.0,274.384521484375,1.9286632537841797,-205.48333740234375
1750932340.685155,-1.0,0.5,"[174.0, 185.0, 184.0, 156.0, 152.0, 167.0, 190.0, 203.0, 185.0, 174.0]",20.773738861083984,-0.5,274.54595947265625,1.9345817565917969,-205.10055541992188
1750932340.6993065,-1.0,0.5,"[174.0, 185.0, 186.0, 158.0, 153.0, 168.0, 184.0, 201.0, 185.0, 174.0]",20.618215560913086,-0.5,274.6865234375,1.9353179931640625,-204.712890625
1750932340.7345579,-1.0,0.5,"[174.0, 185.0, 188.0, 159.0, 154.0, 169.0, 174.0, 198.0, 185.0, 174.0]",20.280290603637695,-0.5,274.80316162109375,1.9304275512695312,-204.324462890625
1750932340.7489505,0.0,0.5,"[174.0, 185.0, 190.0, 161.0, 156.0, 171.0, 166.0, 195.0, 185.0, 174.0]",20.353731155395508,-0.5,274.8991394042969,1.9200782775878906,-203.92898559570312
1750932340.76392,0.0,0.5,"[174.0, 185.0, 192.0, 162.0, 157.0, 171.0, 164.0, 193.0, 185.0, 174.0]",20.18505859375,0.0,275.00177001953125,1.9119815826416016,-203.53863525390625
1750932340.7886944,0.0,0.5,"[174.0, 185.0, 193.0, 163.0, 158.0, 172.0, 164.0, 193.0, 185.0, 174.0]",20.31816291809082,0.0,275.1167907714844,1.9071674346923828,-203.14892578125
1750932340.8034635,0.0,0.5,"[174.0, 185.0, 193.0, 163.0, 158.0, 172.0, 163.0, 193.0, 185.0, 174.0]",20.337697982788086,0.0,275.23699951171875,1.9042682647705078,-202.76034545898438
1750932340.8383255,0.0,0.5,"[174.0, 185.0, 193.0, 163.0, 158.0, 172.0, 163.0, 193.0, 185.0, 174.0]",20.363248825073242,0.0,275.35760498046875,1.9019412994384766,-202.371337890625
1750932340.8524835,0.0,0.5,"[174.0, 185.0, 193.0, 163.0, 158.0, 172.0, 163.0, 192.0, 185.0, 174.0]",20.29654312133789,0.0,275.4778137207031,1.9000492095947266,-201.983642578125
1750932340.8665872,0.0,0.5,"[174.0, 185.0, 193.0, 163.0, 158.0, 171.0, 163.0, 192.0, 185.0, 174.0]",20.455093383789062,0.0,275.5987854003906,1.8984355926513672,-201.59283447265625
1750932340.8810072,0.0,0.5,"[174.0, 185.0, 192.0, 162.0, 157.0, 171.0, 164.0, 192.0, 185.0, 174.0]",20.43608283996582,0.0,275.7193603515625,1.8970260620117188,-201.20230102539062
1750932340.9175155,0.0,0.5,"[174.0, 185.0, 192.0, 162.0, 157.0, 171.0, 166.0, 192.0, 185.0, 174.0]",20.41469383239746,0.0,275.83984375,1.8958282470703125,-200.81219482421875
1750932340.931774,0.0,0.5,"[174.0, 185.0, 192.0, 162.0, 157.0, 171.0, 167.0, 192.0, 185.0, 174.0]",20.51321792602539,0.0,275.96087646484375,1.8947410583496094,-200.420166015625
1750932340.946328,0.0,0.5,"[174.0, 185.0, 192.0, 162.0, 157.0, 171.0, 168.0, 192.0, 185.0, 174.0]",20.49138069152832,0.0,276.08154296875,1.8937816619873047,-200.02850341796875
1750932340.9613905,0.0,0.5,"[174.0, 185.0, 192.0, 162.0, 157.0, 171.0, 169.0, 192.0, 185.0, 174.0]",20.673154830932617,0.0,276.2032470703125,1.893362045288086,-199.63336181640625
1750932340.999157,0.0,0.5,"[174.0, 185.0, 192.0, 162.0, 157.0, 170.0, 170.0, 192.0, 185.0, 174.0]",20.550148010253906,0.0,276.3241271972656,1.8934059143066406,-199.24053955078125
1750932341.0139432,0.0,0.5,"[174.0, 185.0, 192.0, 162.0, 157.0, 170.0, 171.0, 192.0, 185.0, 174.0]",20.590578079223633,0.0,276.4451904296875,1.8938484191894531,-198.846923828125
1750932341.0281727,0.0,0.5,"[174.0, 185.0, 192.0, 162.0, 156.0, 170.0, 172.0, 192.0, 185.0, 174.0]",20.666946411132812,0.0,276.5665588378906,1.8945980072021484,-198.45184326171875
1750932341.0434916,0.0,0.5,"[174.0, 185.0, 192.0, 161.0, 156.0, 170.0, 173.0, 192.0, 185.0, 174.0]",20.712289810180664,0.0,276.68792724609375,1.895547866821289,-198.0557861328125
1750932341.079872,0.0,0.5,"[174.0, 185.0, 192.0, 161.0, 156.0, 170.0, 174.0, 192.0, 185.0, 174.0]",20.687110900878906,0.0,276.8092041015625,1.8966999053955078,-197.66021728515625
1750932341.0940275,0.0,0.5,"[174.0, 185.0, 190.0, 161.0, 156.0, 169.0, 175.0, 192.0, 185.0, 174.0]",20.773380279541016,0.0,276.9309997558594,1.8979988098144531,-197.26300048828125
1750932341.108467,0.0,0.5,"[174.0, 185.0, 190.0, 161.0, 156.0, 169.0, 176.0, 192.0, 185.0, 174.0]",20.822256088256836,0.0,277.0531311035156,1.8995399475097656,-196.8648681640625
1750932341.122837,0.0,0.5,"[174.0, 185.0, 190.0, 161.0, 156.0, 169.0, 176.0, 190.0, 185.0, 174.0]",20.74264144897461,0.0,277.1745910644531,1.9015960693359375,-196.46820068359375
1750932341.1588547,0.0,0.5,"[174.0, 185.0, 190.0, 161.0, 156.0, 169.0, 177.0, 190.0, 185.0, 174.0]",20.771081924438477,0.0,277.29608154296875,1.9041175842285156,-196.07095336914062
1750932341.172863,0.0,0.5,"[174.0, 185.0, 190.0, 161.0, 155.0, 169.0, 177.0, 190.0, 185.0, 174.0]",20.980539321899414,0.0,277.4188232421875,1.907083511352539,-195.66970825195312
1750932341.187766,0.0,0.5,"[174.0, 185.0, 190.0, 161.0, 155.0, 169.0, 178.0, 190.0, 185.0, 174.0]",20.884727478027344,0.0,277.5409240722656,1.9103717803955078,-195.270263671875
1750932341.2033935,0.0,0.5,"[174.0, 185.0, 190.0, 160.0, 155.0, 168.0, 178.0, 190.0, 185.0, 174.0]",20.997278213500977,0.0,277.6635437011719,1.9138870239257812,-194.86865234375
1750932341.2405114,0.0,0.5,"[174.0, 185.0, 189.0, 160.0, 155.0, 168.0, 179.0, 190.0, 185.0, 174.0]",20.946836471557617,0.0,277.7856750488281,1.9175491333007812,-194.46792602539062
1750932341.2545364,0.0,0.5,"[174.0, 185.0, 189.0, 160.0, 155.0, 168.0, 179.0, 190.0, 185.0, 174.0]",21.06301498413086,0.0,277.9085693359375,1.9213790893554688,-194.06500244140625
1750932341.269318,0.0,0.5,"[174.0, 185.0, 189.0, 160.0, 155.0, 168.0, 180.0, 190.0, 185.0, 174.0]",20.914257049560547,0.0,278.0304260253906,1.9254875183105469,-193.66488647460938
1750932341.2834654,0.0,0.5,"[174.0, 185.0, 189.0, 160.0, 154.0, 168.0, 181.0, 189.0, 185.0, 174.0]",21.165321350097656,0.0,278.15374755859375,1.9302310943603516,-193.25994873046875
1750932341.3191755,0.0,0.5,"[174.0, 185.0, 189.0, 159.0, 154.0, 168.0, 181.0, 190.0, 185.0, 174.0]",20.989669799804688,0.0,278.2757568359375,1.9353523254394531,-192.85833740234375
1750932341.3334842,0.0,0.5,"[174.0, 185.0, 189.0, 159.0, 154.0, 167.0, 182.0, 192.0, 185.0, 174.0]",21.17717933654785,0.0,278.3991394042969,1.9409980773925781,-192.45318603515625
1750932341.3475263,0.0,0.5,"[174.0, 185.0, 188.0, 159.0, 154.0, 167.0, 182.0, 193.0, 185.0, 174.0]",21.042003631591797,0.0,278.521484375,1.9468860626220703,-192.05056762695312
1750932341.3615632,0.0,0.5,"[174.0, 185.0, 187.0, 159.0, 154.0, 167.0, 182.0, 195.0, 185.0, 174.0]",21.31444549560547,0.0,278.64532470703125,1.9530658721923828,-191.6427001953125
1750932341.3976097,0.0,0.5,"[174.0, 185.0, 187.0, 159.0, 153.0, 167.0, 182.0, 197.0, 185.0, 174.0]",21.07220458984375,0.0,278.76751708984375,1.959310531616211,-191.23944091796875
1750932341.4118526,0.0,0.5,"[174.0, 185.0, 187.0, 159.0, 153.0, 167.0, 183.0, 198.0, 185.0, 174.0]",21.29315185546875,0.0,278.8912353515625,1.965810775756836,-190.83197021484375
1750932341.4264812,0.0,0.5,"[174.0, 185.0, 187.0, 158.0, 153.0, 167.0, 183.0, 200.0, 185.0, 174.0]",21.219039916992188,0.0,279.0143737792969,1.9727497100830078,-190.4259033203125
1750932341.4406486,0.0,0.5,"[174.0, 185.0, 187.0, 158.0, 153.0, 166.0, 183.0, 201.0, 185.0, 174.0]",21.345163345336914,0.0,279.1380920410156,1.9802417755126953,-190.01739501953125
1750932341.4765103,0.0,0.5,"[174.0, 185.0, 186.0, 158.0, 153.0, 166.0, 184.0, 202.0, 185.0, 174.0]",21.171953201293945,0.0,279.2604064941406,1.9880428314208984,-189.61209106445312
1750932341.4907935,0.0,0.5,"[174.0, 185.0, 186.0, 158.0, 153.0, 166.0, 184.0, 203.0, 185.0, 174.0]",21.439678192138672,0.0,279.3845520019531,1.9964103698730469,-189.20175170898438
1750932341.504902,0.0,0.5,"[174.0, 185.0, 186.0, 157.0, 152.0, 166.0, 184.0, 204.0, 185.0, 174.0]",21.32579231262207,0.0,279.5079650878906,2.0050315856933594,-188.7935791015625
1750932341.5300913,0.0,0.5,"[174.0, 185.0, 185.0, 156.0, 152.0, 166.0, 184.0, 206.0, 185.0, 174.0]",21.46210479736328,0.0,279.6319885253906,2.0138797760009766,-188.38272094726562
1750932341.5448132,0.0,0.5,"[174.0, 185.0, 184.0, 156.0, 152.0, 165.0, 184.0, 206.0, 185.0, 174.0]",21.38852310180664,0.0,279.75531005859375,2.0228118896484375,-187.97320556640625
1750932341.5697312,0.0,0.5,"[174.0, 185.0, 184.0, 156.0, 152.0, 165.0, 184.0, 207.0, 185.0, 174.0]",21.515796661376953,0.0,279.8796081542969,2.032064437866211,-187.56134033203125
1750932341.5836437,0.0,0.5,"[174.0, 185.0, 184.0, 156.0, 152.0, 165.0, 184.0, 209.0, 185.0, 174.0]",21.320892333984375,0.0,280.0024719238281,2.041738510131836,-187.15310668945312
1750932341.619952,-1.0,0.5,"[174.0, 185.0, 183.0, 155.0, 151.0, 165.0, 185.0, 209.0, 185.0, 174.0]",21.608964920043945,0.0,280.1271667480469,2.0521297454833984,-186.73944091796875
1750932341.633895,-1.0,0.5,"[174.0, 185.0, 184.0, 156.0, 152.0, 165.0, 184.0, 209.0, 185.0, 174.0]",21.17924690246582,-0.5,280.2315673828125,2.0579662322998047,-186.3289794921875
1750932341.6481502,-1.0,0.5,"[174.0, 185.0, 186.0, 158.0, 153.0, 166.0, 182.0, 207.0, 185.0, 174.0]",21.061565399169922,-0.5,280.31451416015625,2.0585384368896484,-185.91598510742188
1750932341.6623466,-1.0,0.5,"[174.0, 185.0, 187.0, 159.0, 154.0, 168.0, 179.0, 204.0, 185.0, 174.0]",20.7390079498291,-0.5,280.3731689453125,2.0533447265625,-185.50540161132812
1750932341.6990921,0.0,0.5,"[174.0, 185.0, 190.0, 161.0, 156.0, 170.0, 176.0, 201.0, 185.0, 174.0]",20.799964904785156,-0.5,280.4117431640625,2.0430526733398438,-185.09130859375
1750932341.7136133,0.0,0.5,"[174.0, 185.0, 192.0, 162.0, 157.0, 172.0, 175.0, 198.0, 185.0, 174.0]",20.575456619262695,0.0,280.4580078125,2.035165786743164,-184.6824951171875
1750932341.7286246,0.0,0.5,"[174.0, 185.0, 192.0, 163.0, 158.0, 172.0, 174.0, 198.0, 185.0, 174.0]",20.760435104370117,0.0,280.5157165527344,2.0304088592529297,-184.2713623046875
1750932341.7434733,0.0,0.5,"[174.0, 185.0, 192.0, 163.0, 158.0, 172.0, 174.0, 198.0, 185.0, 174.0]",20.643455505371094,0.0,280.5774230957031,2.0273971557617188,-183.86312866210938
1750932341.7812767,0.0,0.5,"[174.0, 185.0, 192.0, 163.0, 158.0, 172.0, 174.0, 200.0, 185.0, 174.0]",20.81996726989746,0.0,280.640380859375,2.0250301361083984,-183.4515380859375
1750932341.7953744,0.0,0.5,"[174.0, 185.0, 192.0, 162.0, 158.0, 172.0, 174.0, 200.0, 185.0, 174.0]",20.682653427124023,0.0,280.7026672363281,2.0230255126953125,-183.0426025390625
1750932341.8103766,0.0,0.5,"[174.0, 185.0, 192.0, 162.0, 157.0, 171.0, 175.0, 201.0, 185.0, 174.0]",20.886478424072266,0.0,280.765380859375,2.021268844604492,-182.62957763671875
1750932341.8252957,0.0,0.5,"[174.0, 185.0, 192.0, 162.0, 157.0, 171.0, 175.0, 201.0, 185.0, 174.0]",20.863372802734375,0.0,280.8278503417969,2.0197277069091797,-182.217041015625
1750932341.840015,0.0,0.5,"[174.0, 185.0, 192.0, 162.0, 157.0, 171.0, 175.0, 201.0, 185.0, 174.0]",20.968942642211914,0.0,280.89056396484375,2.018329620361328,-181.8023681640625
1750932341.8770368,0.0,0.5,"[174.0, 185.0, 192.0, 162.0, 157.0, 171.0, 175.0, 202.0, 185.0, 174.0]",20.869644165039062,0.0,280.9528503417969,2.0170345306396484,-181.3896484375
1750932341.8917482,0.0,0.5,"[174.0, 185.0, 192.0, 162.0, 157.0, 171.0, 175.0, 203.0, 185.0, 174.0]",20.90492820739746,0.0,281.01519775390625,2.0161170959472656,-180.97622680664062
1750932341.9070458,0.0,0.5,"[174.0, 185.0, 192.0, 162.0, 157.0, 171.0, 175.0, 203.0, 185.0, 174.0]",21.014368057250977,0.0,281.0777282714844,2.0157127380371094,-180.56060791015625
1750932341.922056,0.0,0.5,"[174.0, 185.0, 192.0, 162.0, 157.0, 170.0, 175.0, 204.0, 185.0, 174.0]",21.071096420288086,0.0,281.1402587890625,2.0157394409179688,-180.14385986328125
1750932341.9591665,0.0,0.5,"[174.0, 185.0, 192.0, 161.0, 156.0, 170.0, 176.0, 204.0, 185.0, 174.0]",21.00192642211914,0.0,281.20263671875,2.0161590576171875,-179.728515625
1750932341.9741702,0.0,0.5,"[174.0, 185.0, 190.0, 161.0, 156.0, 170.0, 176.0, 204.0, 185.0, 174.0]",21.014463424682617,0.0,281.2649841308594,2.0168724060058594,-179.3128662109375
1750932341.988111,0.0,0.5,"[174.0, 185.0, 190.0, 161.0, 156.0, 170.0, 176.0, 206.0, 185.0, 174.0]",21.12616539001465,0.0,281.3276062011719,2.017810821533203,-178.89501953125
1750932342.0035405,0.0,0.5,"[174.0, 185.0, 190.0, 161.0, 156.0, 170.0, 176.0, 206.0, 185.0, 174.0]",21.156370162963867,0.0,281.39013671875,2.0188732147216797,-178.47653198242188
1750932342.0409584,0.0,0.5,"[174.0, 185.0, 190.0, 161.0, 156.0, 169.0, 176.0, 206.0, 185.0, 174.0]",21.146284103393555,0.0,281.4526672363281,2.02008056640625,-178.05825805664062
1750932342.056521,0.0,0.5,"[174.0, 185.0, 190.0, 161.0, 156.0, 169.0, 176.0, 207.0, 185.0, 174.0]",21.14813804626465,0.0,281.5151062011719,2.0217761993408203,-177.6399383544922
1750932342.0716105,0.0,0.5,"[174.0, 185.0, 190.0, 161.0, 156.0, 169.0, 176.0, 207.0, 185.0, 174.0]",21.200450897216797,0.0,281.5775451660156,2.0239696502685547,-177.22055053710938
1750932342.0864964,0.0,0.5,"[174.0, 185.0, 190.0, 161.0, 155.0, 169.0, 176.0, 207.0, 185.0, 174.0]",21.276569366455078,0.0,281.6401672363281,2.0266265869140625,-176.79965209960938
1750932342.101689,0.0,0.5,"[174.0, 185.0, 190.0, 160.0, 155.0, 169.0, 176.0, 207.0, 185.0, 174.0]",21.293272018432617,0.0,281.70294189453125,2.0296993255615234,-176.37844848632812
1750932342.1390617,0.0,0.5,"[174.0, 185.0, 189.0, 160.0, 155.0, 169.0, 176.0, 209.0, 185.0, 174.0]",21.319623947143555,0.0,281.76556396484375,2.033010482788086,-175.95669555664062
1750932342.1537755,0.0,0.5,"[174.0, 185.0, 189.0, 160.0, 155.0, 169.0, 176.0, 209.0, 185.0, 174.0]",21.389848709106445,0.0,281.8282470703125,2.0365142822265625,-175.5335235595703
1750932342.168671,0.0,0.5,"[174.0, 185.0, 189.0, 160.0, 155.0, 168.0, 176.0, 209.0, 185.0, 174.0]",21.359304428100586,0.0,281.8907470703125,2.040149688720703,-175.11094665527344
1750932342.183191,0.0,0.5,"[174.0, 185.0, 189.0, 160.0, 154.0, 168.0, 176.0, 209.0, 185.0, 174.0]",21.332000732421875,0.0,281.953125,2.0439815521240234,-174.68890380859375
1750932342.2196908,-1.0,0.5,"[174.0, 185.0, 189.0, 160.0, 154.0, 168.0, 176.0, 210.0, 185.0, 174.0]",21.458066940307617,0.0,282.01580810546875,2.048429489135742,-174.26437377929688
1750932342.2347498,-1.0,0.5,"[174.0, 185.0, 189.0, 160.0, 155.0, 168.0, 176.0, 209.0, 185.0, 174.0]",21.21484375,-0.5,282.0599670410156,2.0486717224121094,-173.84237670898438
1750932342.2497265,-1.0,0.5,"[174.0, 185.0, 190.0, 161.0, 155.0, 169.0, 175.0, 207.0, 185.0, 174.0]",20.94024658203125,-0.5,282.0823669433594,2.0438194274902344,-173.4241943359375
1750932342.264994,-1.0,0.5,"[174.0, 185.0, 193.0, 163.0, 157.0, 171.0, 173.0, 206.0, 185.0, 174.0]",20.70846176147461,-0.5,282.083251953125,2.0338668823242188,-173.01014709472656
1750932342.2802298,-1.0,0.5,"[174.0, 185.0, 195.0, 164.0, 158.0, 173.0, 170.0, 203.0, 185.0, 174.0]",20.635766983032227,-0.5,282.0630187988281,2.0187816619873047,-172.59820556640625
1750932342.3199744,0.0,0.5,"[174.0, 185.0, 198.0, 167.0, 159.0, 176.0, 168.0, 200.0, 185.0, 174.0]",20.70596694946289,-0.5,282.0238037109375,1.999002456665039,-172.18641662597656
1750932342.3358014,0.0,0.5,"[174.0, 185.0, 201.0, 168.0, 160.0, 177.0, 167.0, 198.0, 185.0, 174.0]",20.524202346801758,0.0,281.99310302734375,1.9816741943359375,-171.77745056152344
1750932342.3503928,0.0,0.5,"[174.0, 185.0, 201.0, 169.0, 161.0, 177.0, 166.0, 198.0, 185.0, 174.0]",20.716821670532227,0.0,281.9744567871094,1.9676895141601562,-171.36376953125
1750932342.3658674,0.0,0.5,"[174.0, 185.0, 201.0, 169.0, 161.0, 177.0, 166.0, 197.0, 185.0, 174.0]",20.58539390563965,0.0,281.96099853515625,1.955657958984375,-170.95245361328125
1750932342.3811395,0.0,0.5,"[174.0, 185.0, 201.0, 169.0, 161.0, 177.0, 166.0, 197.0, 185.0, 174.0]",20.78097152709961,0.0,281.94757080078125,1.944040298461914,-170.53721618652344
1750932342.4209688,0.0,0.5,"[174.0, 185.0, 201.0, 169.0, 161.0, 177.0, 166.0, 197.0, 185.0, 174.0]",20.590984344482422,0.0,281.9342346191406,1.9329376220703125,-170.12576293945312
1750932342.437428,0.0,0.5,"[174.0, 185.0, 201.0, 169.0, 161.0, 177.0, 166.0, 197.0, 185.0, 174.0]",20.85880470275879,0.0,281.9205017089844,1.9219436645507812,-169.70895385742188
1750932342.4532218,0.0,0.5,"[174.0, 185.0, 202.0, 169.0, 161.0, 177.0, 166.0, 197.0, 185.0, 174.0]",20.780574798583984,0.0,281.9068298339844,1.9112548828125,-169.293701171875
1750932342.4690385,0.0,0.5,"[174.0, 185.0, 202.0, 169.0, 160.0, 177.0, 166.0, 197.0, 185.0, 174.0]",20.90620231628418,0.0,281.89276123046875,1.9005794525146484,-168.87594604492188
1750932342.4849102,0.0,0.5,"[174.0, 185.0, 202.0, 169.0, 160.0, 177.0, 166.0, 197.0, 185.0, 174.0]",20.739238739013672,0.0,281.87890625,1.890157699584961,-168.46151733398438
1750932342.5012407,0.0,0.5,"[174.0, 185.0, 202.0, 169.0, 160.0, 177.0, 166.0, 197.0, 185.0, 174.0]",21.053316116333008,0.0,281.8646545410156,1.8798789978027344,-168.0408172607422
1750932342.5410366,0.0,0.5,"[174.0, 185.0, 202.0, 169.0, 160.0, 176.0, 166.0, 197.0, 185.0, 174.0]",20.811519622802734,0.0,281.8504638671875,1.8702449798583984,-167.62493896484375
1750932342.5577917,0.0,0.5,"[174.0, 185.0, 202.0, 168.0, 160.0, 176.0, 166.0, 197.0, 185.0, 174.0]",21.038856506347656,0.0,281.8359069824219,1.8609142303466797,-167.2045135498047
1750932342.5733492,0.0,0.5,"[174.0, 185.0, 203.0, 168.0, 160.0, 176.0, 166.0, 197.0, 185.0, 174.0]",20.997182846069336,0.0,281.821533203125,1.8520278930664062,-166.784912109375
1750932342.5882618,0.0,0.5,"[174.0, 185.0, 202.0, 168.0, 160.0, 176.0, 164.0, 197.0, 185.0, 174.0]",21.108409881591797,0.0,281.8067932128906,1.8433189392089844,-166.36309814453125
1750932342.604296,0.0,0.5,"[174.0, 185.0, 203.0, 168.0, 160.0, 176.0, 164.0, 197.0, 185.0, 174.0]",20.997404098510742,0.0,281.79217529296875,1.8349361419677734,-165.9434814453125
1750932342.6326551,0.0,0.5,"[174.0, 185.0, 202.0, 168.0, 160.0, 176.0, 164.0, 197.0, 185.0, 174.0]",21.235103607177734,0.0,281.7772521972656,1.8265724182128906,-165.5191192626953
1750932342.648463,0.0,0.5,"[174.0, 185.0, 203.0, 168.0, 160.0, 176.0, 164.0, 197.0, 185.0, 174.0]",21.07604217529297,0.0,281.7624206542969,1.8184185028076172,-165.0979461669922
1750932342.6642072,0.0,0.5,"[174.0, 185.0, 202.0, 168.0, 159.0, 175.0, 164.0, 197.0, 185.0, 174.0]",21.254669189453125,0.0,281.747314453125,1.810628890991211,-164.67318725585938
1750932342.6916773,0.0,0.5,"[174.0, 185.0, 202.0, 168.0, 159.0, 175.0, 164.0, 197.0, 185.0, 174.0]",21.090333938598633,0.0,281.7325134277344,1.803497314453125,-164.25169372558594
1750932342.7078938,0.0,0.5,"[174.0, 185.0, 202.0, 167.0, 159.0, 175.0, 164.0, 197.0, 185.0, 174.0]",21.395444869995117,0.0,281.7171325683594,1.7966346740722656,-163.82411193847656
1750932342.7242296,0.0,0.5,"[174.0, 185.0, 202.0, 167.0, 159.0, 175.0, 164.0, 197.0, 185.0, 174.0]",21.225383758544922,0.0,281.7016906738281,1.7901649475097656,-163.39993286132812
1750932342.7530699,0.0,0.5,"[174.0, 185.0, 202.0, 167.0, 159.0, 175.0, 164.0, 196.0, 185.0, 174.0]",21.40134620666504,0.0,281.68603515625,1.7839107513427734,-162.9722442626953
1750932342.7699966,0.0,0.5,"[174.0, 185.0, 202.0, 167.0, 159.0, 175.0, 164.0, 196.0, 185.0, 174.0]",21.320056915283203,0.0,281.6705017089844,1.7779407501220703,-162.54617309570312
1750932342.7852452,0.0,0.5,"[174.0, 185.0, 201.0, 167.0, 159.0, 175.0, 164.0, 195.0, 185.0, 174.0]",21.511375427246094,0.0,281.6546630859375,1.772024154663086,-162.11627197265625
1750932342.8008556,0.0,0.5,"[174.0, 185.0, 201.0, 167.0, 159.0, 175.0, 163.0, 195.0, 185.0, 174.0]",21.262189865112305,0.0,281.6391296386719,1.766439437866211,-161.69134521484375
1750932342.8403351,0.0,0.5,"[174.0, 185.0, 201.0, 167.0, 159.0, 174.0, 163.0, 195.0, 185.0, 174.0]",21.54963493347168,0.0,281.6231689453125,1.761322021484375,-161.26068115234375
1750932342.8549228,0.0,0.5,"[174.0, 185.0, 201.0, 166.0, 159.0, 174.0, 163.0, 195.0, 185.0, 174.0]",21.448022842407227,0.0,281.6072692871094,1.7567634582519531,-160.83204650878906
1750932342.8705525,0.0,0.5,"[174.0, 185.0, 201.0, 166.0, 159.0, 174.0, 163.0, 195.0, 185.0, 174.0]",21.654380798339844,0.0,281.5909423828125,1.7525215148925781,-160.3992919921875
1750932342.8858826,0.0,0.5,"[174.0, 185.0, 201.0, 166.0, 158.0, 174.0, 163.0, 195.0, 185.0, 174.0]",21.390830993652344,0.0,281.5749206542969,1.7487449645996094,-159.97178649902344
1750932342.9015224,0.0,0.5,"[174.0, 185.0, 201.0, 166.0, 158.0, 174.0, 163.0, 195.0, 185.0, 174.0]",21.6929988861084,0.0,281.5584411621094,1.7451305389404297,-159.5382537841797
1750932342.940533,0.0,0.5,"[174.0, 185.0, 201.0, 166.0, 158.0, 174.0, 162.0, 194.0, 185.0, 174.0]",21.593379974365234,0.0,281.5419921875,1.7417488098144531,-159.10671997070312
1750932342.9560375,0.0,0.5,"[174.0, 185.0, 201.0, 166.0, 158.0, 173.0, 162.0, 193.0, 185.0, 174.0]",21.793676376342773,0.0,281.5252380371094,1.7384223937988281,-158.6711883544922
1750932342.9716399,0.0,0.5,"[174.0, 185.0, 201.0, 165.0, 158.0, 173.0, 162.0, 193.0, 185.0, 174.0]",21.528535842895508,0.0,281.5087585449219,1.7356109619140625,-158.24093627929688
1750932342.9866557,0.0,0.5,"[174.0, 185.0, 200.0, 164.0, 158.0, 173.0, 162.0, 193.0, 185.0, 174.0]",21.74278450012207,0.0,281.4918212890625,1.7332878112792969,-157.80641174316406
1750932343.0023243,0.0,0.5,"[174.0, 185.0, 200.0, 164.0, 158.0, 173.0, 162.0, 193.0, 185.0, 174.0]",21.727725982666016,0.0,281.4750061035156,1.7315044403076172,-157.3721923828125
1750932343.041852,0.0,0.5,"[174.0, 185.0, 200.0, 164.0, 157.0, 173.0, 163.0, 193.0, 185.0, 174.0]",21.975229263305664,0.0,281.45782470703125,1.7300682067871094,-156.9330291748047
1750932343.0578423,0.0,0.5,"[174.0, 185.0, 200.0, 164.0, 157.0, 173.0, 164.0, 193.0, 185.0, 174.0]",21.64548683166504,0.0,281.44085693359375,1.728994369506836,-156.50045776367188
1750932343.0733252,0.0,0.5,"[174.0, 185.0, 200.0, 164.0, 157.0, 173.0, 164.0, 192.0, 185.0, 174.0]",21.887510299682617,0.0,281.4234619140625,1.7280807495117188,-156.06304931640625
1750932343.0886245,0.0,0.5,"[174.0, 185.0, 198.0, 163.0, 157.0, 172.0, 166.0, 192.0, 185.0, 174.0]",21.9091796875,0.0,281.40606689453125,1.7273731231689453,-155.62521362304688
1750932343.104345,0.0,0.5,"[174.0, 185.0, 198.0, 163.0, 157.0, 172.0, 166.0, 192.0, 185.0, 174.0]",21.999897003173828,0.0,281.3884582519531,1.7268638610839844,-155.18556213378906
1750932343.13211,0.0,0.5,"[174.0, 185.0, 198.0, 163.0, 157.0, 172.0, 166.0, 192.0, 185.0, 174.0]",21.78156280517578,0.0,281.37115478515625,1.7270317077636719,-154.75027465820312
1750932343.147637,0.0,0.5,"[174.0, 185.0, 198.0, 163.0, 157.0, 172.0, 167.0, 192.0, 185.0, 174.0]",22.03937530517578,0.0,281.35333251953125,1.7276630401611328,-154.30984497070312
1750932343.1632638,0.0,0.5,"[174.0, 185.0, 197.0, 163.0, 156.0, 172.0, 168.0, 190.0, 185.0, 174.0]",21.94084930419922,0.0,281.3355407714844,1.728750228881836,-153.8713836669922
1750932343.2029881,0.0,0.5,"[174.0, 185.0, 197.0, 162.0, 156.0, 172.0, 168.0, 190.0, 185.0, 174.0]",22.0908145904541,0.0,281.31744384765625,1.7301521301269531,-153.42994689941406
1750932343.2177417,0.0,0.5,"[174.0, 185.0, 197.0, 162.0, 156.0, 171.0, 168.0, 190.0, 185.0, 174.0]",21.954360961914062,0.0,281.29949951171875,1.7318649291992188,-152.99122619628906
1750932343.2329535,0.0,0.5,"[174.0, 185.0, 197.0, 162.0, 156.0, 171.0, 169.0, 190.0, 185.0, 174.0]",22.232845306396484,0.0,281.2812194824219,1.7337589263916016,-152.5469512939453
1750932343.248184,0.0,0.5,"[174.0, 185.0, 197.0, 162.0, 156.0, 171.0, 169.0, 189.0, 185.0, 174.0]",21.989330291748047,0.0,281.2631530761719,1.7358360290527344,-152.1075439453125
1750932343.263902,0.0,0.5,"[174.0, 185.0, 195.0, 161.0, 156.0, 171.0, 170.0, 189.0, 185.0, 174.0]",22.220027923583984,0.0,281.2445983886719,1.7384281158447266,-151.66354370117188
1750932343.303116,0.0,0.5,"[174.0, 185.0, 195.0, 161.0, 156.0, 171.0, 170.0, 189.0, 185.0, 174.0]",22.06443977355957,0.0,281.2261657714844,1.7415885925292969,-151.22265625
1750932343.3183558,0.0,0.5,"[174.0, 185.0, 195.0, 161.0, 155.0, 170.0, 170.0, 189.0, 185.0, 174.0]",22.323305130004883,0.0,281.2073669433594,1.7452316284179688,-150.77659606933594
1750932343.3339813,0.0,0.5,"[174.0, 185.0, 194.0, 161.0, 155.0, 170.0, 171.0, 187.0, 185.0, 174.0]",22.149703979492188,0.0,281.1888427734375,1.749288558959961,-150.33401489257812
1750932343.3493872,0.0,0.5,"[174.0, 185.0, 193.0, 161.0, 155.0, 170.0, 171.0, 187.0, 185.0, 174.0]",22.302257537841797,0.0,281.1697692871094,1.753561019897461,-149.88839721679688
1750932343.364499,0.0,0.5,"[174.0, 185.0, 193.0, 160.0, 155.0, 170.0, 171.0, 187.0, 185.0, 174.0]",22.220563888549805,0.0,281.1507873535156,1.758077621459961,-149.4444122314453
1750932343.391938,0.0,0.5,"[174.0, 185.0, 193.0, 160.0, 155.0, 169.0, 172.0, 189.0, 185.0, 174.0]",22.460590362548828,0.0,281.1315612792969,1.7627754211425781,-148.99563598632812
1750932343.4076362,0.0,0.5,"[174.0, 185.0, 192.0, 160.0, 155.0, 169.0, 173.0, 189.0, 185.0, 174.0]",22.20586395263672,0.0,281.112548828125,1.7678794860839844,-148.5519561767578
1750932343.4223073,0.0,0.5,"[174.0, 185.0, 192.0, 159.0, 154.0, 169.0, 173.0, 190.0, 185.0, 174.0]",22.449331283569336,0.0,281.0930480957031,1.773580551147461,-148.10342407226562
1750932343.4614704,0.0,0.5,"[174.0, 185.0, 192.0, 159.0, 154.0, 169.0, 173.0, 192.0, 185.0, 174.0]",22.277246475219727,0.0,281.0736999511719,1.7797737121582031,-147.65834045410156
1750932343.4769979,0.0,0.5,"[174.0, 185.0, 190.0, 159.0, 154.0, 169.0, 174.0, 192.0, 185.0, 174.0]",22.51035499572754,0.0,281.0539855957031,1.786407470703125,-147.2086181640625
1750932343.4921825,0.0,0.5,"[174.0, 185.0, 190.0, 159.0, 154.0, 169.0, 174.0, 193.0, 185.0, 174.0]",22.39440155029297,0.0,281.03448486328125,1.7933940887451172,-146.76121520996094
1750932343.5075984,0.0,0.5,"[174.0, 185.0, 190.0, 159.0, 153.0, 168.0, 174.0, 194.0, 185.0, 174.0]",22.54706382751465,0.0,281.0144958496094,1.8005867004394531,-146.31077575683594
1750932343.5227983,0.0,0.5,"[174.0, 185.0, 189.0, 159.0, 153.0, 168.0, 174.0, 195.0, 185.0, 174.0]",22.40599822998047,0.0,280.99468994140625,1.8079509735107422,-145.8631591796875
1750932343.561621,0.0,0.5,"[174.0, 185.0, 189.0, 158.0, 153.0, 168.0, 174.0, 196.0, 185.0, 174.0]",22.6600341796875,0.0,280.9745178222656,1.8157215118408203,-145.4104766845703
1750932343.5769632,0.0,0.5,"[174.0, 185.0, 189.0, 158.0, 153.0, 168.0, 175.0, 197.0, 185.0, 174.0]",22.41903305053711,0.0,280.9545593261719,1.8240547180175781,-144.96261596679688
1750932343.5920131,0.0,0.5,"[174.0, 185.0, 187.0, 158.0, 153.0, 167.0, 176.0, 198.0, 185.0, 174.0]",22.627094268798828,0.0,280.9341125488281,1.8329200744628906,-144.5106201171875
1750932343.6077502,0.0,0.5,"[174.0, 185.0, 187.0, 158.0, 153.0, 167.0, 176.0, 198.0, 185.0, 174.0]",22.524063110351562,0.0,280.9138488769531,1.8422203063964844,-144.06068420410156
1750932343.6229239,0.0,0.5,"[174.0, 185.0, 187.0, 157.0, 152.0, 167.0, 177.0, 198.0, 185.0, 174.0]",22.75856590270996,0.0,280.8931884765625,1.8519268035888672,-143.6060791015625
1750932343.6612885,0.0,0.5,"[174.0, 185.0, 186.0, 156.0, 152.0, 167.0, 178.0, 200.0, 185.0, 174.0]",22.564443588256836,0.0,280.8725891113281,1.8618202209472656,-143.15536499023438
1750932343.6768312,0.0,0.5,"[174.0, 185.0, 186.0, 156.0, 152.0, 167.0, 178.0, 200.0, 185.0, 174.0]",22.767053604125977,0.0,280.8516845703125,1.8719520568847656,-142.70062255859375
1750932343.6920886,-1.0,0.5,"[174.0, 185.0, 184.0, 156.0, 152.0, 166.0, 178.0, 201.0, 185.0, 174.0]",22.621007919311523,0.0,280.8310241699219,1.8823318481445312,-142.24879455566406
1750932343.7074444,-1.0,0.5,"[174.0, 185.0, 184.0, 156.0, 152.0, 167.0, 177.0, 200.0, 185.0, 174.0]",22.51384735107422,-0.5,280.79241943359375,1.8885917663574219,-141.8002166748047
1750932343.7231412,-1.0,0.5,"[174.0, 185.0, 186.0, 158.0, 153.0, 168.0, 175.0, 198.0, 185.0, 174.0]",22.137248992919922,-0.5,280.7336730957031,1.8898811340332031,-141.36138916015625
1750932343.7628005,0.0,0.5,"[174.0, 185.0, 188.0, 160.0, 155.0, 170.0, 170.0, 195.0, 185.0, 174.0]",22.01456642150879,-0.5,280.6502685546875,1.8850345611572266,-140.92909240722656
1750932343.778665,0.0,0.5,"[174.0, 185.0, 189.0, 160.0, 155.0, 170.0, 169.0, 193.0, 185.0, 174.0]",21.923349380493164,0.0,280.57684326171875,1.8831615447998047,-140.496826171875
1750932343.7938526,0.0,0.5,"[174.0, 185.0, 189.0, 161.0, 156.0, 170.0, 168.0, 193.0, 185.0, 174.0]",21.99411964416504,0.0,280.5133361816406,1.8842334747314453,-140.06155395507812
1750932343.809346,0.0,0.5,"[174.0, 185.0, 189.0, 161.0, 156.0, 170.0, 168.0, 194.0, 185.0, 174.0]",22.01620101928711,0.0,280.4512023925781,1.885934829711914,-139.62564086914062
1750932343.8247423,0.0,0.5,"[174.0, 185.0, 189.0, 160.0, 155.0, 170.0, 169.0, 194.0, 185.0, 174.0]",21.985179901123047,0.0,280.3892517089844,1.8877830505371094,-139.19032287597656
1750932343.8529422,0.0,0.5,"[174.0, 185.0, 189.0, 160.0, 155.0, 170.0, 169.0, 195.0, 185.0, 174.0]",22.06832504272461,0.0,280.32684326171875,1.89019775390625,-138.75340270996094
1750932343.8687928,0.0,0.5,"[174.0, 185.0, 189.0, 160.0, 155.0, 170.0, 170.0, 195.0, 185.0, 174.0]",22.055383682250977,0.0,280.2640075683594,1.8930587768554688,-138.31680297851562
1750932343.8849075,0.0,0.5,"[174.0, 185.0, 189.0, 160.0, 155.0, 170.0, 170.0, 195.0, 185.0, 174.0]",22.12820816040039,0.0,280.20068359375,1.896371841430664,-137.87879943847656
1750932343.9126127,0.0,0.5,"[174.0, 185.0, 189.0, 160.0, 155.0, 170.0, 170.0, 196.0, 185.0, 174.0]",22.139127731323242,0.0,280.1372375488281,1.9000415802001953,-137.4405975341797
1750932343.9281921,0.0,0.5,"[174.0, 185.0, 189.0, 160.0, 154.0, 169.0, 171.0, 196.0, 185.0, 174.0]",22.118736267089844,0.0,280.0737609863281,1.9040279388427734,-137.00282287597656
1750932343.9440548,0.0,0.5,"[174.0, 185.0, 188.0, 160.0, 154.0, 169.0, 171.0, 197.0, 185.0, 174.0]",22.195528030395508,0.0,280.00994873046875,1.9082012176513672,-136.56353759765625
1750932343.9844303,0.0,0.5,"[174.0, 185.0, 187.0, 159.0, 154.0, 169.0, 171.0, 197.0, 185.0, 174.0]",22.269311904907227,0.0,279.94580078125,1.9125347137451172,-136.12281799316406
1750932344.0002472,0.0,0.5,"[174.0, 185.0, 187.0, 159.0, 154.0, 169.0, 172.0, 197.0, 185.0, 174.0]",22.223247528076172,0.0,279.88177490234375,1.9172439575195312,-135.68301391601562
1750932344.0162547,0.0,0.5,"[174.0, 185.0, 187.0, 159.0, 154.0, 169.0, 173.0, 197.0, 185.0, 174.0]",22.21900177001953,0.0,279.8176574707031,1.9225730895996094,-135.24331665039062
1750932344.0322342,0.0,0.5,"[174.0, 185.0, 187.0, 159.0, 153.0, 169.0, 173.0, 197.0, 185.0, 174.0]",22.319286346435547,0.0,279.7531433105469,1.9283905029296875,-134.80165100097656
1750932344.0482695,0.0,0.5,"[174.0, 185.0, 187.0, 159.0, 153.0, 168.0, 173.0, 198.0, 185.0, 174.0]",22.36851692199707,0.0,279.6883239746094,1.93463134765625,-134.35903930664062
1750932344.0644906,0.0,0.5,"[174.0, 185.0, 187.0, 159.0, 153.0, 168.0, 174.0, 198.0, 185.0, 174.0]",22.35243797302246,0.0,279.62347412109375,1.9411449432373047,-133.91676330566406
1750932344.0927198,0.0,0.5,"[174.0, 185.0, 186.0, 158.0, 153.0, 168.0, 176.0, 198.0, 185.0, 174.0]",22.29714012145996,0.0,279.5586853027344,1.9479103088378906,-133.47560119628906
1750932344.1086726,0.0,0.5,"[174.0, 185.0, 186.0, 158.0, 153.0, 168.0, 178.0, 198.0, 185.0, 174.0]",22.452383041381836,0.0,279.4933776855469,1.9548702239990234,-133.03138732910156
1750932344.1245701,0.0,0.5,"[174.0, 185.0, 186.0, 158.0, 153.0, 168.0, 178.0, 198.0, 185.0, 174.0]",22.52704620361328,0.0,279.42779541015625,1.9621334075927734,-132.58570861816406
1750932344.1525784,0.0,0.5,"[174.0, 185.0, 185.0, 158.0, 152.0, 168.0, 180.0, 198.0, 185.0, 174.0]",22.4553165435791,0.0,279.3623352050781,1.9699592590332031,-132.14146423339844
1750932344.168733,0.0,0.5,"[174.0, 185.0, 184.0, 157.0, 152.0, 168.0, 181.0, 198.0, 185.0, 174.0]",22.43314552307129,0.0,279.29681396484375,1.978322982788086,-131.69769287109375
1750932344.1846097,-1.0,0.5,"[174.0, 185.0, 184.0, 156.0, 152.0, 167.0, 182.0, 198.0, 185.0, 174.0]",22.498783111572266,0.0,279.23095703125,1.9871082305908203,-131.25265502929688
1750932344.2127244,-1.0,0.5,"[174.0, 185.0, 184.0, 157.0, 152.0, 167.0, 181.0, 198.0, 185.0, 174.0]",22.29011344909668,-0.5,279.1502380371094,1.9921245574951172,-130.8142547607422
1750932344.228737,-1.0,0.5,"[174.0, 185.0, 186.0, 159.0, 153.0, 168.0, 176.0, 197.0, 185.0, 174.0]",22.154315948486328,-0.5,279.04840087890625,1.99163818359375,-130.38304138183594
1750932344.244895,0.0,0.5,"[174.0, 185.0, 189.0, 160.0, 154.0, 169.0, 170.0, 193.0, 185.0, 174.0]",21.693500518798828,-0.5,278.9256896972656,1.9852256774902344,-129.96693420410156
1750932344.272939,0.0,0.5,"[174.0, 185.0, 189.0, 161.0, 155.0, 169.0, 168.0, 192.0, 185.0, 174.0]",21.85677719116211,0.0,278.8144836425781,1.982278823852539,-129.544189453125
1750932344.2891796,0.0,0.5,"[174.0, 185.0, 189.0, 161.0, 155.0, 169.0, 168.0, 192.0, 185.0, 174.0]",21.858783721923828,0.0,278.7119445800781,1.9822578430175781,-129.1192169189453
1750932344.305069,0.0,0.5,"[174.0, 185.0, 190.0, 161.0, 155.0, 169.0, 168.0, 192.0, 185.0, 174.0]",21.929677963256836,0.0,278.61016845703125,1.9831085205078125,-128.69259643554688
1750932344.3333242,0.0,0.5,"[174.0, 185.0, 189.0, 161.0, 155.0, 169.0, 169.0, 192.0, 185.0, 174.0]",21.741392135620117,0.0,278.5088195800781,1.9843158721923828,-128.26974487304688
1750932344.3490407,0.0,0.5,"[174.0, 185.0, 189.0, 161.0, 154.0, 169.0, 170.0, 192.0, 185.0, 174.0]",22.003652572631836,0.0,278.4062805175781,1.9859352111816406,-127.841796875
1750932344.3649821,0.0,0.5,"[174.0, 185.0, 189.0, 160.0, 154.0, 169.0, 171.0, 192.0, 185.0, 174.0]",21.9103946685791,0.0,278.3039245605469,1.9878082275390625,-127.41571044921875
1750932344.3804352,0.0,0.5,"[174.0, 185.0, 189.0, 160.0, 154.0, 168.0, 172.0, 192.0, 185.0, 174.0]",22.015819549560547,0.0,278.2008361816406,1.9898319244384766,-126.98764038085938
1750932344.4206746,0.0,0.5,"[174.0, 185.0, 189.0, 160.0, 154.0, 168.0, 173.0, 192.0, 185.0, 174.0]",21.952852249145508,0.0,278.0976867675781,1.9919300079345703,-126.56086730957031
1750932344.4360418,0.0,0.5,"[174.0, 185.0, 189.0, 160.0, 154.0, 168.0, 174.0, 193.0, 185.0, 174.0]",22.1522274017334,0.0,277.9937438964844,1.9944915771484375,-126.13018798828125
1750932344.4520054,0.0,0.5,"[174.0, 185.0, 189.0, 159.0, 153.0, 168.0, 174.0, 193.0, 185.0, 174.0]",21.90251922607422,0.0,277.8906555175781,1.9975471496582031,-125.7044677734375
1750932344.4682183,0.0,0.5,"[174.0, 185.0, 189.0, 159.0, 153.0, 168.0, 175.0, 193.0, 185.0, 174.0]",22.108339309692383,0.0,277.7868347167969,2.001192092895508,-125.27467346191406
1750932344.4841926,0.0,0.5,"[174.0, 185.0, 188.0, 159.0, 153.0, 168.0, 176.0, 193.0, 185.0, 174.0]",22.065942764282227,0.0,277.6829528808594,2.005197525024414,-124.84576416015625
1750932344.5123336,0.0,0.5,"[174.0, 185.0, 187.0, 159.0, 153.0, 167.0, 176.0, 194.0, 185.0, 174.0]",22.245607376098633,0.0,277.5779724121094,2.0094966888427734,-124.4134521484375
1750932344.5282989,0.0,0.5,"[174.0, 185.0, 187.0, 159.0, 153.0, 167.0, 176.0, 195.0, 185.0, 174.0]",22.1094970703125,0.0,277.47344970703125,2.01397705078125,-123.98381042480469
1750932344.5442133,0.0,0.5,"[174.0, 185.0, 187.0, 159.0, 153.0, 167.0, 177.0, 195.0, 185.0, 174.0]",22.328540802001953,0.0,277.3680419921875,2.0187110900878906,-123.54988098144531
1750932344.5724413,0.0,0.5,"[174.0, 185.0, 187.0, 158.0, 153.0, 167.0, 178.0, 195.0, 185.0, 174.0]",22.07656478881836,0.0,277.2636413574219,2.0235862731933594,-123.12091064453125
1750932344.5877671,0.0,0.5,"[174.0, 185.0, 187.0, 158.0, 153.0, 167.0, 178.0, 195.0, 185.0, 174.0]",22.2979736328125,0.0,277.1583251953125,2.0291748046875,-122.68759155273438
1750932344.6037111,0.0,0.5,"[174.0, 185.0, 187.0, 158.0, 152.0, 167.0, 178.0, 196.0, 185.0, 174.0]",22.176105499267578,0.0,277.0532531738281,2.035196304321289,-122.25674438476562
1750932344.6437814,0.0,0.5,"[174.0, 185.0, 186.0, 157.0, 152.0, 166.0, 178.0, 197.0, 185.0, 174.0]",22.47480583190918,0.0,276.9468078613281,2.0417633056640625,-121.820068359375
1750932344.658856,-1.0,0.5,"[174.0, 185.0, 186.0, 156.0, 152.0, 166.0, 179.0, 197.0, 185.0, 174.0]",22.182052612304688,0.0,276.84149169921875,2.0485687255859375,-121.38916015625
1750932344.6748002,-1.0,0.5,"[174.0, 185.0, 186.0, 157.0, 153.0, 166.0, 178.0, 196.0, 185.0, 174.0]",22.128389358520508,-0.5,276.7214660644531,2.0516109466552734,-120.96319580078125
1750932344.6909225,-1.0,0.5,"[174.0, 185.0, 187.0, 158.0, 154.0, 167.0, 176.0, 193.0, 185.0, 174.0]",21.875253677368164,-0.5,276.583251953125,2.049520492553711,-120.548095703125
1750932344.7071033,-1.0,0.5,"[174.0, 185.0, 189.0, 160.0, 156.0, 168.0, 173.0, 192.0, 185.0, 174.0]",21.736536026000977,-0.5,276.4229736328125,2.041238784790039,-120.14407348632812
1750932344.7234814,-1.0,0.5,"[174.0, 185.0, 192.0, 161.0, 158.0, 170.0, 168.0, 188.0, 185.0, 174.0]",21.3846435546875,-0.5,276.2414245605469,2.0268707275390625,-119.75711059570312
1750932344.7665806,0.0,0.5,"[174.0, 185.0, 195.0, 163.0, 161.0, 172.0, 164.0, 184.0, 185.0, 174.0]",21.409915924072266,-0.5,276.0428771972656,2.0082149505615234,-119.378173828125
1750932344.7838948,0.0,0.5,"[174.0, 185.0, 197.0, 165.0, 162.0, 173.0, 162.0, 183.0, 185.0, 174.0]",21.495376586914062,0.0,275.85009765625,1.9919109344482422,-118.9942626953125
1750932344.7856789,0.0,0.5,"[174.0, 185.0, 197.0, 165.0, 162.0, 173.0, 162.0, 183.0, 185.0, 174.0]",21.483470916748047,0.0,275.6708679199219,1.9798755645751953,-118.60394287109375
1750932344.802317,0.0,0.5,"[174.0, 185.0, 197.0, 166.0, 162.0, 173.0, 161.0, 181.0, 185.0, 174.0]",21.53546142578125,0.0,275.4945068359375,1.9690837860107422,-118.21115112304688
1750932344.8460162,0.0,0.5,"[174.0, 185.0, 197.0, 166.0, 162.0, 173.0, 161.0, 181.0, 185.0, 174.0]",21.388626098632812,0.0,275.3197326660156,1.9587230682373047,-117.82086181640625
1750932344.8622277,0.0,0.5,"[174.0, 185.0, 197.0, 166.0, 162.0, 173.0, 162.0, 180.0, 185.0, 174.0]",21.64344596862793,0.0,275.1427001953125,1.9483509063720703,-117.42597961425781
1750932344.8638184,0.0,0.5,"[174.0, 185.0, 197.0, 166.0, 162.0, 173.0, 162.0, 180.0, 185.0, 174.0]",21.56348991394043,0.0,274.96612548828125,1.9382038116455078,-117.03265380859375
1750932344.9072783,0.0,0.5,"[174.0, 185.0, 197.0, 166.0, 162.0, 172.0, 162.0, 179.0, 185.0, 174.0]",21.748939514160156,0.0,274.7877197265625,1.9284858703613281,-116.63606262207031
1750932344.9241612,0.0,0.5,"[174.0, 185.0, 197.0, 166.0, 162.0, 172.0, 162.0, 179.0, 185.0, 174.0]",21.515535354614258,0.0,274.61114501953125,1.9193572998046875,-116.24374389648438
1750932344.9257812,0.0,0.5,"[174.0, 185.0, 197.0, 166.0, 162.0, 172.0, 162.0, 179.0, 185.0, 174.0]",21.711427688598633,0.0,274.4326171875,1.9105052947998047,-115.8480224609375
1750932344.9425642,0.0,0.5,"[174.0, 185.0, 197.0, 166.0, 162.0, 172.0, 163.0, 179.0, 185.0, 174.0]",21.695968627929688,0.0,274.2543029785156,1.9020271301269531,-115.4525146484375
1750932344.9860337,0.0,0.5,"[174.0, 185.0, 197.0, 166.0, 161.0, 172.0, 163.0, 179.0, 185.0, 174.0]",21.869993209838867,0.0,274.0743713378906,1.8937034606933594,-115.05392456054688
1750932345.0029297,0.0,0.5,"[174.0, 185.0, 197.0, 166.0, 161.0, 172.0, 163.0, 179.0, 185.0, 174.0]",21.68097686767578,0.0,273.8960266113281,1.8856525421142578,-114.65878295898438
1750932345.0045416,0.0,0.5,"[174.0, 185.0, 197.0, 166.0, 161.0, 172.0, 163.0, 179.0, 185.0, 174.0]",21.86461067199707,0.0,273.7159423828125,1.8776321411132812,-114.26036071777344
1750932345.03452,-1.0,0.5,"[174.0, 185.0, 197.0, 166.0, 161.0, 172.0, 164.0, 181.0, 185.0, 174.0]",21.79142951965332,0.0,273.53656005859375,1.8701171875,-113.86322021484375
1750932345.0514462,-1.0,0.5,"[174.0, 185.0, 197.0, 167.0, 161.0, 172.0, 163.0, 180.0, 185.0, 174.0]",21.703744888305664,-0.5,273.34246826171875,1.8587512969970703,-113.47512817382812
1750932345.0681856,-1.0,0.5,"[174.0, 185.0, 198.0, 168.0, 162.0, 173.0, 161.0, 178.0, 185.0, 174.0]",21.371829986572266,-0.5,273.1330261230469,1.842660903930664,-113.10287475585938
1750932345.085652,0.0,0.5,"[174.0, 185.0, 200.0, 170.0, 162.0, 174.0, 158.0, 175.0, 185.0, 174.0]",21.13893699645996,-0.5,272.9063415527344,1.8212776184082031,-112.74664306640625
1750932345.1028247,0.0,0.5,"[174.0, 185.0, 201.0, 171.0, 163.0, 174.0, 156.0, 173.0, 185.0, 174.0]",21.285961151123047,0.0,272.6881408691406,1.8031063079833984,-112.38153076171875
1750932345.147605,0.0,0.5,"[174.0, 185.0, 202.0, 171.0, 163.0, 174.0, 156.0, 173.0, 185.0, 174.0]",21.179115295410156,0.0,272.4791564941406,1.7877197265625,-112.013427734375
1750932345.1649284,0.0,0.5,"[174.0, 185.0, 203.0, 171.0, 163.0, 174.0, 156.0, 173.0, 185.0, 174.0]",21.36979866027832,0.0,272.2694091796875,1.7726879119873047,-111.64132690429688
1750932345.1666327,0.0,0.5,"[174.0, 185.0, 203.0, 171.0, 163.0, 174.0, 156.0, 173.0, 185.0, 174.0]",21.138200759887695,0.0,272.06201171875,1.7580928802490234,-111.27322387695312
1750932345.183594,0.0,0.5,"[174.0, 185.0, 203.0, 173.0, 162.0, 174.0, 156.0, 173.0, 185.0, 174.0]",21.415250778198242,0.0,271.8515930175781,1.7437705993652344,-110.90043640136719
1750932345.2279754,0.0,0.5,"[174.0, 185.0, 203.0, 173.0, 162.0, 174.0, 156.0, 173.0, 185.0, 174.0]",21.316192626953125,0.0,271.6420593261719,1.730020523071289,-110.5294189453125
1750932345.2450805,0.0,0.5,"[174.0, 185.0, 203.0, 173.0, 162.0, 174.0, 156.0, 175.0, 185.0, 174.0]",21.519556045532227,0.0,271.4301452636719,1.7164630889892578,-110.15505981445312
1750932345.2467108,0.0,0.5,"[174.0, 185.0, 203.0, 173.0, 162.0, 174.0, 156.0, 175.0, 185.0, 174.0]",21.274505615234375,0.0,271.2206726074219,1.7034454345703125,-109.784912109375
1750932345.2642186,0.0,0.5,"[174.0, 185.0, 204.0, 173.0, 162.0, 173.0, 156.0, 175.0, 185.0, 174.0]",21.58534812927246,0.0,271.0079650878906,1.6904411315917969,-109.40948486328125
1750932345.294928,0.0,0.5,"[174.0, 185.0, 204.0, 173.0, 162.0, 173.0, 158.0, 175.0, 185.0, 174.0]",21.484130859375,0.0,270.7961730957031,1.677703857421875,-109.03582763671875
1750932345.311986,0.0,0.5,"[174.0, 185.0, 204.0, 173.0, 161.0, 173.0, 158.0, 175.0, 185.0, 174.0]",21.6881103515625,0.0,270.582275390625,1.6649284362792969,-108.65869140625
1750932345.3290596,0.0,0.5,"[174.0, 185.0, 204.0, 173.0, 161.0, 173.0, 158.0, 175.0, 185.0, 174.0]",21.462181091308594,0.0,270.3706359863281,1.6526756286621094,-108.28546142578125
1750932345.345951,0.0,0.5,"[174.0, 185.0, 205.0, 173.0, 161.0, 173.0, 158.0, 176.0, 185.0, 174.0]",21.678936004638672,0.0,270.1566467285156,1.6408119201660156,-107.90855407714844
1750932345.363481,0.0,0.5,"[174.0, 185.0, 206.0, 173.0, 161.0, 173.0, 158.0, 176.0, 185.0, 174.0]",21.573806762695312,0.0,269.9438171386719,1.6295509338378906,-107.53338623046875
1750932345.4075108,0.0,0.5,"[174.0, 185.0, 206.0, 173.0, 161.0, 173.0, 158.0, 176.0, 185.0, 174.0]",21.859317779541016,0.0,269.7279357910156,1.6184730529785156,-107.15338134765625
1750932345.4250493,0.0,0.5,"[174.0, 185.0, 206.0, 173.0, 161.0, 173.0, 158.0, 176.0, 185.0, 174.0]",21.6276798248291,0.0,269.5142517089844,1.6078433990478516,-106.7774658203125
1750932345.4265811,0.0,0.5,"[174.0, 185.0, 206.0, 173.0, 161.0, 173.0, 158.0, 176.0, 185.0, 174.0]",21.842453002929688,0.0,269.2983093261719,1.5973072052001953,-106.39785766601562
1750932345.4432757,0.0,0.5,"[174.0, 185.0, 206.0, 173.0, 160.0, 172.0, 158.0, 176.0, 185.0, 174.0]",21.77128791809082,0.0,269.08319091796875,1.5870304107666016,-106.0194091796875
1750932345.4868386,0.0,0.5,"[174.0, 185.0, 206.0, 173.0, 160.0, 172.0, 158.0, 177.0, 185.0, 174.0]",21.922874450683594,0.0,268.8663635253906,1.5768051147460938,-105.63845825195312
1750932345.504136,0.0,0.5,"[174.0, 185.0, 206.0, 173.0, 160.0, 172.0, 158.0, 177.0, 185.0, 174.0]",21.7713623046875,0.0,268.6510925292969,1.5672607421875,-105.26010131835938
1750932345.505767,0.0,0.5,"[174.0, 185.0, 206.0, 173.0, 160.0, 172.0, 158.0, 177.0, 185.0, 174.0]",22.018543243408203,0.0,268.4331359863281,1.5580940246582031,-104.87754821777344
1750932345.5224345,0.0,0.5,"[174.0, 185.0, 207.0, 173.0, 160.0, 172.0, 158.0, 178.0, 185.0, 174.0]",21.830238342285156,0.0,268.217041015625,1.549478530883789,-104.49826049804688
1750932345.5662,0.0,0.5,"[174.0, 185.0, 207.0, 173.0, 160.0, 171.0, 158.0, 178.0, 185.0, 174.0]",22.038251876831055,0.0,267.99871826171875,1.5410938262939453,-104.11544799804688
1750932345.5835156,0.0,0.5,"[174.0, 185.0, 207.0, 173.0, 160.0, 171.0, 158.0, 178.0, 185.0, 174.0]",21.974157333374023,0.0,267.7811279296875,1.5330867767333984,-103.73370361328125
1750932345.585235,0.0,0.5,"[174.0, 185.0, 207.0, 173.0, 160.0, 171.0, 158.0, 178.0, 185.0, 174.0]",22.140247344970703,0.0,267.5616455078125,1.525156021118164,-103.34918212890625
1750932345.6015384,0.0,0.5,"[174.0, 185.0, 207.0, 173.0, 159.0, 171.0, 158.0, 178.0, 185.0, 174.0]",22.024450302124023,0.0,267.34332275390625,1.5174522399902344,-102.96670532226562
1750932345.6455202,0.0,0.5,"[174.0, 185.0, 207.0, 173.0, 159.0, 171.0, 158.0, 178.0, 185.0, 174.0]",22.22167205810547,0.0,267.1228332519531,1.5101127624511719,-102.58087158203125
1750932345.662542,0.0,0.5,"[174.0, 185.0, 207.0, 173.0, 159.0, 171.0, 158.0, 178.0, 185.0, 174.0]",21.960254669189453,0.0,266.905029296875,1.5034847259521484,-102.19955444335938
1750932345.6641212,0.0,0.5,"[174.0, 185.0, 207.0, 173.0, 159.0, 171.0, 158.0, 178.0, 185.0, 174.0]",22.26207733154297,0.0,266.6839904785156,1.4972057342529297,-101.8131103515625
1750932345.6949787,0.0,0.5,"[174.0, 185.0, 207.0, 171.0, 159.0, 170.0, 158.0, 179.0, 185.0, 174.0]",22.207759857177734,0.0,266.46343994140625,1.4913463592529297,-101.4276123046875
1750932345.7125592,0.0,0.5,"[174.0, 185.0, 209.0, 171.0, 158.0, 170.0, 158.0, 179.0, 185.0, 174.0]",22.333452224731445,0.0,266.2414245605469,1.4857101440429688,-101.04006958007812
1750932345.7296042,0.0,0.5,"[174.0, 185.0, 209.0, 171.0, 158.0, 170.0, 158.0, 179.0, 185.0, 174.0]",22.1297550201416,0.0,266.021484375,1.4804191589355469,-100.65603637695312
1750932345.7466247,0.0,0.5,"[174.0, 185.0, 209.0, 171.0, 158.0, 170.0, 158.0, 179.0, 185.0, 174.0]",22.405759811401367,0.0,265.7986755371094,1.4751815795898438,-100.26727294921875
1750932345.763907,0.0,0.5,"[174.0, 185.0, 209.0, 171.0, 158.0, 170.0, 158.0, 179.0, 185.0, 174.0]",22.28959846496582,0.0,265.5770263671875,1.4703559875488281,-99.88050842285156
1750932345.7949262,0.0,0.5,"[174.0, 185.0, 209.0, 170.0, 158.0, 169.0, 158.0, 179.0, 185.0, 174.0]",22.48467254638672,0.0,265.3531799316406,1.466043472290039,-99.49050903320312
1750932345.812106,0.0,0.5,"[174.0, 185.0, 209.0, 170.0, 158.0, 169.0, 158.0, 179.0, 185.0, 174.0]",22.20343780517578,0.0,265.1322021484375,1.4623641967773438,-99.1053466796875
1750932345.8300142,0.0,0.5,"[174.0, 185.0, 209.0, 170.0, 157.0, 169.0, 158.0, 179.0, 185.0, 174.0]",22.511890411376953,0.0,264.907958984375,1.4590091705322266,-98.71493530273438
1750932345.846862,0.0,0.5,"[174.0, 185.0, 209.0, 170.0, 157.0, 169.0, 158.0, 179.0, 185.0, 174.0]",22.481285095214844,0.0,264.6839294433594,1.4560070037841797,-98.32510375976562
1750932345.8636622,0.0,0.5,"[174.0, 185.0, 209.0, 169.0, 157.0, 169.0, 158.0, 179.0, 185.0, 174.0]",22.611953735351562,0.0,264.4584655761719,1.4532108306884766,-97.93307495117188
1750932345.9072244,0.0,0.5,"[174.0, 185.0, 209.0, 169.0, 157.0, 169.0, 158.0, 179.0, 185.0, 174.0]",22.391498565673828,0.0,264.2352600097656,1.4506855010986328,-97.54484558105469
1750932345.924015,0.0,0.5,"[174.0, 185.0, 209.0, 169.0, 157.0, 168.0, 158.0, 179.0, 185.0, 174.0]",22.611000061035156,0.0,264.0097351074219,1.4483871459960938,-97.15289306640625
1750932345.925534,0.0,0.5,"[174.0, 185.0, 209.0, 169.0, 157.0, 168.0, 158.0, 179.0, 185.0, 174.0]",22.524564743041992,0.0,263.78515625,1.4467716217041016,-96.76237487792969
1750932345.942173,0.0,0.5,"[174.0, 185.0, 209.0, 169.0, 156.0, 168.0, 158.0, 179.0, 185.0, 174.0]",22.73765754699707,0.0,263.55816650390625,1.4456100463867188,-96.36833190917969
1750932345.9857323,0.0,0.5,"[174.0, 185.0, 209.0, 168.0, 156.0, 168.0, 158.0, 179.0, 185.0, 174.0]",22.52301788330078,0.0,263.33331298828125,1.4449348449707031,-95.97801208496094
1750932346.0027094,0.0,0.5,"[174.0, 185.0, 209.0, 168.0, 156.0, 168.0, 159.0, 179.0, 185.0, 174.0]",22.736305236816406,0.0,263.10614013671875,1.444549560546875,-95.5841064453125
1750932346.0044594,0.0,0.5,"[174.0, 185.0, 209.0, 168.0, 156.0, 168.0, 159.0, 179.0, 185.0, 174.0]",22.647552490234375,0.0,262.87994384765625,1.4444847106933594,-95.19168090820312
1750932346.0351152,0.0,0.5,"[174.0, 185.0, 209.0, 168.0, 156.0, 167.0, 160.0, 179.0, 185.0, 174.0]",22.847572326660156,0.0,262.6515197753906,1.4445533752441406,-94.79592895507812
1750932346.0523202,0.0,0.5,"[174.0, 185.0, 209.0, 167.0, 156.0, 167.0, 161.0, 178.0, 185.0, 174.0]",22.668302536010742,0.0,262.42486572265625,1.4449214935302734,-94.40328979492188
1750932346.0694098,0.0,0.5,"[174.0, 185.0, 209.0, 167.0, 155.0, 167.0, 162.0, 178.0, 185.0, 174.0]",22.86193084716797,0.0,262.19610595703125,1.4458637237548828,-94.00738525390625
1750932346.0863185,0.0,0.5,"[174.0, 185.0, 209.0, 167.0, 155.0, 167.0, 162.0, 178.0, 185.0, 174.0]",22.68422508239746,0.0,261.9692077636719,1.4473724365234375,-93.61453247070312
1750932346.104262,0.0,0.5,"[174.0, 185.0, 207.0, 167.0, 155.0, 167.0, 163.0, 178.0, 185.0, 174.0]",22.98378562927246,0.0,261.7391052246094,1.4492778778076172,-93.21659851074219
1750932346.1348877,0.0,0.5,"[174.0, 185.0, 207.0, 166.0, 155.0, 167.0, 164.0, 178.0, 185.0, 174.0]",22.765222549438477,0.0,261.5111083984375,1.451528549194336,-92.82249450683594
1750932346.1529183,0.0,0.5,"[174.0, 185.0, 207.0, 166.0, 155.0, 166.0, 164.0, 178.0, 185.0, 174.0]",22.957637786865234,0.0,261.2810363769531,1.4540138244628906,-92.42515563964844
1750932346.1697223,0.0,0.5,"[174.0, 185.0, 206.0, 166.0, 154.0, 166.0, 164.0, 178.0, 185.0, 174.0]",22.893136978149414,0.0,261.05169677734375,1.456735610961914,-92.02888488769531
1750932346.1866324,0.0,0.5,"[174.0, 185.0, 206.0, 166.0, 154.0, 166.0, 166.0, 178.0, 185.0, 174.0]",23.072307586669922,0.0,260.8204040527344,1.4596920013427734,-91.62960815429688
1750932346.2038937,0.0,0.5,"[174.0, 185.0, 206.0, 164.0, 154.0, 166.0, 166.0, 178.0, 185.0, 174.0]",22.847679138183594,0.0,260.5913391113281,1.463226318359375,-91.23422241210938
1750932346.2476678,0.0,0.5,"[174.0, 185.0, 204.0, 164.0, 154.0, 166.0, 166.0, 177.0, 185.0, 174.0]",23.064395904541016,0.0,260.35986328125,1.4672355651855469,-90.83523559570312
1750932346.264726,0.0,0.5,"[174.0, 185.0, 204.0, 164.0, 154.0, 166.0, 167.0, 179.0, 185.0, 174.0]",22.953758239746094,0.0,260.12957763671875,1.4716911315917969,-90.4381103515625
1750932346.2662656,0.0,0.5,"[174.0, 185.0, 204.0, 164.0, 154.0, 166.0, 167.0, 179.0, 185.0, 174.0]",23.219823837280273,0.0,259.8963928222656,1.4764728546142578,-90.03652954101562
1750932346.2837012,0.0,0.5,"[174.0, 185.0, 203.0, 163.0, 153.0, 165.0, 168.0, 181.0, 185.0, 174.0]",22.961816787719727,0.0,259.665771484375,1.4814929962158203,-89.63943481445312
1750932346.3267727,0.0,0.5,"[174.0, 185.0, 203.0, 163.0, 153.0, 165.0, 168.0, 183.0, 185.0, 174.0]",23.183435440063477,0.0,259.4327697753906,1.4867076873779297,-89.23861694335938
1750932346.3437197,0.0,0.5,"[174.0, 185.0, 202.0, 163.0, 153.0, 165.0, 168.0, 183.0, 185.0, 174.0]",23.108488082885742,0.0,259.2005920410156,1.4922122955322266,-88.83901977539062
1750932346.3452206,0.0,0.5,"[174.0, 185.0, 202.0, 163.0, 153.0, 165.0, 168.0, 183.0, 185.0, 174.0]",23.266889572143555,0.0,258.96661376953125,1.4982662200927734,-88.43684387207031
1750932346.3617246,0.0,0.5,"[174.0, 185.0, 201.0, 162.0, 153.0, 164.0, 169.0, 186.0, 185.0, 174.0]",23.056180953979492,0.0,258.73480224609375,1.5047931671142578,-88.03826904296875
1750932346.405229,0.0,0.5,"[174.0, 185.0, 200.0, 162.0, 152.0, 164.0, 169.0, 187.0, 185.0, 174.0]",23.29741096496582,0.0,258.5003662109375,1.5117263793945312,-87.63565063476562
1750932346.422139,0.0,0.5,"[174.0, 185.0, 200.0, 161.0, 152.0, 164.0, 170.0, 187.0, 185.0, 174.0]",23.20010757446289,0.0,258.2669677734375,1.518972396850586,-87.23468017578125
1750932346.4237232,0.0,0.5,"[174.0, 185.0, 200.0, 161.0, 152.0, 164.0, 170.0, 187.0, 185.0, 174.0]",23.362722396850586,0.0,258.03173828125,1.5264701843261719,-86.83102416992188
1750932346.4673548,0.0,0.5,"[174.0, 185.0, 198.0, 161.0, 152.0, 163.0, 170.0, 189.0, 185.0, 174.0]",23.188560485839844,0.0,257.79827880859375,1.5341567993164062,-86.43038940429688
1750932346.4840837,0.0,0.5,"[174.0, 185.0, 198.0, 160.0, 151.0, 163.0, 170.0, 190.0, 185.0, 174.0]",23.41758155822754,0.0,257.5624084472656,1.5421924591064453,-86.02583312988281
1750932346.4856591,0.0,0.5,"[174.0, 185.0, 198.0, 160.0, 151.0, 163.0, 170.0, 190.0, 185.0, 174.0]",23.2685604095459,0.0,257.328125,1.5507488250732422,-85.62382507324219
1750932346.5022106,0.0,0.5,"[174.0, 185.0, 197.0, 160.0, 151.0, 163.0, 174.0, 192.0, 185.0, 174.0]",23.44881820678711,0.0,257.0917053222656,1.5597362518310547,-85.21890258789062
1750932346.545516,0.0,0.5,"[174.0, 185.0, 196.0, 159.0, 151.0, 163.0, 176.0, 193.0, 185.0, 174.0]",23.264989852905273,0.0,256.8571472167969,1.5690650939941406,-84.81716918945312
1750932346.562401,0.0,0.5,"[174.0, 185.0, 195.0, 159.0, 150.0, 162.0, 177.0, 193.0, 185.0, 174.0]",23.520858764648438,0.0,256.6199035644531,1.5787506103515625,-84.41107177734375
1750932346.5640726,0.0,0.5,"[174.0, 185.0, 195.0, 159.0, 150.0, 162.0, 177.0, 193.0, 185.0, 174.0]",23.3958683013916,0.0,256.3839416503906,1.5886344909667969,-84.00711059570312
1750932346.6076133,0.0,0.5,"[174.0, 185.0, 193.0, 158.0, 150.0, 162.0, 179.0, 195.0, 185.0, 174.0]",23.574026107788086,0.0,256.14599609375,1.5987224578857422,-83.6002197265625
1750932346.6240082,0.0,0.5,"[174.0, 185.0, 193.0, 158.0, 150.0, 162.0, 180.0, 196.0, 185.0, 174.0]",23.365018844604492,0.0,255.91018676757812,1.6090850830078125,-83.1968994140625
1750932346.6255634,0.0,0.5,"[174.0, 185.0, 193.0, 158.0, 150.0, 162.0, 180.0, 196.0, 185.0, 174.0]",23.600257873535156,0.0,255.67184448242188,1.6200447082519531,-82.78964233398438
1750932346.6420774,0.0,0.5,"[174.0, 185.0, 192.0, 156.0, 149.0, 161.0, 182.0, 197.0, 185.0, 174.0]",23.433242797851562,0.0,255.43527221679688,1.631399154663086,-82.38522338867188
1750932346.6844583,0.0,0.5,"[174.0, 185.0, 190.0, 156.0, 149.0, 161.0, 183.0, 198.0, 185.0, 174.0]",23.66606903076172,0.0,255.19615173339844,1.643167495727539,-81.97691345214844
1750932346.7006965,-1.0,0.5,"[174.0, 185.0, 190.0, 155.0, 149.0, 161.0, 184.0, 198.0, 185.0, 174.0]",23.47414779663086,0.0,254.958984375,1.6551475524902344,-81.57191467285156
1750932346.7174358,-1.0,0.5,"[174.0, 185.0, 189.0, 155.0, 149.0, 161.0, 182.0, 198.0, 185.0, 174.0]",23.402206420898438,-0.5,254.70794677734375,1.6629676818847656,-81.17697143554688
1750932346.7345772,-1.0,0.5,"[174.0, 185.0, 190.0, 156.0, 150.0, 162.0, 179.0, 197.0, 185.0, 174.0]",23.07518196105957,-0.5,254.4450225830078,1.6661415100097656,-80.79769897460938
1750932346.751932,-1.0,0.5,"[174.0, 185.0, 190.0, 157.0, 151.0, 163.0, 175.0, 193.0, 185.0, 174.0]",23.01242446899414,-0.5,254.16403198242188,1.6637439727783203,-80.43319702148438
1750932346.770186,-1.0,0.5,"[174.0, 185.0, 192.0, 159.0, 153.0, 165.0, 169.0, 190.0, 185.0, 174.0]",22.555450439453125,-0.5,253.8685302734375,1.6553363800048828,-80.09243774414062
1750932346.7899706,0.0,0.5,"[174.0, 185.0, 193.0, 161.0, 154.0, 166.0, 163.0, 186.0, 185.0, 174.0]",22.69021987915039,-0.5,253.55459594726562,1.6416130065917969,-79.76504516601562
1750932346.809726,0.0,0.5,"[174.0, 185.0, 195.0, 162.0, 155.0, 167.0, 160.0, 184.0, 185.0, 174.0]",22.604331970214844,0.0,253.2466583251953,1.6299762725830078,-79.43424987792969
1750932346.8297193,0.0,0.5,"[174.0, 185.0, 195.0, 162.0, 156.0, 168.0, 160.0, 183.0, 185.0, 174.0]",22.727645874023438,0.0,252.94447326660156,1.62109375,-79.09480285644531
1750932346.8493185,0.0,0.5,"[174.0, 185.0, 195.0, 162.0, 156.0, 168.0, 159.0, 183.0, 185.0, 174.0]",22.622501373291016,0.0,252.64688110351562,1.6135501861572266,-78.75407409667969
1750932346.8693216,0.0,0.5,"[174.0, 185.0, 194.0, 162.0, 156.0, 168.0, 159.0, 183.0, 185.0, 174.0]",22.764867782592773,0.0,252.34771728515625,1.6062145233154297,-78.41093444824219
1750932346.887945,0.0,0.5,"[174.0, 185.0, 194.0, 162.0, 156.0, 168.0, 160.0, 183.0, 185.0, 174.0]",22.714040756225586,0.0,252.0490264892578,1.5991687774658203,-78.0687255859375
1750932346.9077287,0.0,0.5,"[174.0, 185.0, 193.0, 162.0, 156.0, 167.0, 160.0, 183.0, 185.0, 174.0]",22.800142288208008,0.0,251.74871826171875,1.592458724975586,-77.72563171386719
1750932346.927102,0.0,0.5,"[174.0, 185.0, 193.0, 162.0, 155.0, 167.0, 161.0, 183.0, 185.0, 174.0]",22.72315788269043,0.0,251.44920349121094,1.5861473083496094,-77.38388061523438
1750932346.9465623,0.0,0.5,"[174.0, 185.0, 193.0, 162.0, 155.0, 167.0, 162.0, 183.0, 185.0, 174.0]",22.904685974121094,0.0,251.1471710205078,1.5801048278808594,-77.03952026367188
1750932346.9654274,0.0,0.5,"[174.0, 185.0, 193.0, 162.0, 155.0, 167.0, 162.0, 181.0, 185.0, 174.0]",22.840213775634766,0.0,250.8459014892578,1.5743350982666016,-76.69619750976562
1750932346.9852593,0.0,0.5,"[174.0, 185.0, 193.0, 161.0, 155.0, 167.0, 163.0, 181.0, 185.0, 174.0]",22.922569274902344,0.0,250.5433349609375,1.5686893463134766,-76.351806640625
1750932347.0053196,0.0,0.5,"[174.0, 185.0, 193.0, 161.0, 155.0, 167.0, 163.0, 181.0, 185.0, 174.0]",22.905426025390625,0.0,250.24093627929688,1.5632514953613281,-76.00772094726562
1750932347.0256643,0.0,0.5,"[174.0, 185.0, 193.0, 161.0, 155.0, 166.0, 164.0, 181.0, 185.0, 174.0]",22.992586135864258,0.0,249.93736267089844,1.5581588745117188,-75.662353515625
1750932347.046085,0.0,0.5,"[174.0, 185.0, 193.0, 161.0, 155.0, 166.0, 164.0, 181.0, 185.0, 174.0]",22.940073013305664,0.0,249.63449096679688,1.5536117553710938,-75.31776428222656
1750932347.066868,0.0,0.5,"[174.0, 185.0, 192.0, 161.0, 154.0, 166.0, 166.0, 181.0, 185.0, 174.0]",22.994644165039062,0.0,249.3307647705078,1.5494613647460938,-74.97247314453125
1750932347.086838,0.0,0.5,"[174.0, 185.0, 192.0, 161.0, 154.0, 166.0, 166.0, 181.0, 185.0, 174.0]",23.041748046875,0.0,249.02630615234375,1.5456390380859375,-74.62655639648438
1750932347.1071537,0.0,0.5,"[174.0, 185.0, 192.0, 161.0, 154.0, 166.0, 166.0, 181.0, 185.0, 174.0]",23.04572105407715,0.0,248.7218017578125,1.5421142578125,-74.28054809570312
1750932347.126785,0.0,0.5,"[174.0, 185.0, 192.0, 161.0, 154.0, 166.0, 167.0, 181.0, 185.0, 174.0]",23.088783264160156,0.0,248.41664123535156,1.538766860961914,-73.93399047851562
1750932347.1463263,0.0,0.5,"[174.0, 185.0, 192.0, 160.0, 154.0, 165.0, 167.0, 181.0, 185.0, 174.0]",23.155567169189453,0.0,248.11045837402344,1.535593032836914,-73.58656311035156
1750932347.1659744,0.0,0.5,"[174.0, 185.0, 192.0, 160.0, 154.0, 165.0, 168.0, 181.0, 185.0, 174.0]",23.13970947265625,0.0,247.80442810058594,1.5328197479248047,-73.23941040039062
1750932347.185736,0.0,0.5,"[174.0, 185.0, 190.0, 160.0, 153.0, 165.0, 168.0, 183.0, 185.0, 174.0]",23.165477752685547,0.0,247.49807739257812,1.530588150024414,-72.891845703125
1750932347.204737,0.0,0.5,"[174.0, 185.0, 190.0, 160.0, 153.0, 165.0, 168.0, 183.0, 185.0, 174.0]",23.206790924072266,0.0,247.19110107421875,1.5287761688232422,-72.54371643066406
1750932347.2400239,0.0,0.5,"[174.0, 185.0, 190.0, 160.0, 153.0, 164.0, 168.0, 184.0, 185.0, 174.0]",23.234394073486328,0.0,246.88360595703125,1.5272789001464844,-72.19532775878906
1750932347.2596323,0.0,0.5,"[174.0, 185.0, 190.0, 159.0, 153.0, 164.0, 169.0, 185.0, 185.0, 174.0]",23.280704498291016,0.0,246.5753936767578,1.5260448455810547,-71.84632873535156
1750932347.279176,0.0,0.5,"[174.0, 185.0, 190.0, 159.0, 153.0, 164.0, 169.0, 186.0, 185.0, 174.0]",23.275344848632812,0.0,246.26731872558594,1.5250568389892578,-71.49734497070312
1750932347.2996032,0.0,0.5,"[174.0, 185.0, 190.0, 159.0, 153.0, 164.0, 169.0, 187.0, 185.0, 174.0]",23.34709930419922,0.0,245.95823669433594,1.5242671966552734,-71.1473388671875
1750932347.3194847,0.0,0.5,"[174.0, 185.0, 189.0, 159.0, 153.0, 164.0, 170.0, 188.0, 185.0, 174.0]",23.383941650390625,0.0,245.64852905273438,1.5238704681396484,-70.79690551757812
1750932347.3391237,0.0,0.5,"[174.0, 185.0, 189.0, 159.0, 152.0, 163.0, 170.0, 189.0, 185.0, 174.0]",23.344844818115234,0.0,245.33932495117188,1.5240097045898438,-70.44705200195312
1750932347.3592193,0.0,0.5,"[174.0, 185.0, 189.0, 158.0, 152.0, 163.0, 170.0, 190.0, 185.0, 174.0]",23.364463806152344,0.0,245.0298309326172,1.5245990753173828,-70.09695434570312
1750932347.379439,0.0,0.5,"[174.0, 185.0, 189.0, 158.0, 152.0, 163.0, 170.0, 190.0, 185.0, 174.0]",23.46645736694336,0.0,244.7188720703125,1.5255203247070312,-69.74542236328125
1750932347.3989527,0.0,0.5,"[174.0, 185.0, 188.0, 158.0, 152.0, 163.0, 171.0, 192.0, 185.0, 174.0]",23.514785766601562,0.0,244.40716552734375,1.5266971588134766,-69.39326477050781
1750932347.4183328,0.0,0.5,"[174.0, 185.0, 187.0, 158.0, 151.0, 163.0, 171.0, 192.0, 185.0, 174.0]",23.442567825317383,0.0,244.09640502929688,1.5280933380126953,-69.04219055175781
1750932347.438224,0.0,0.5,"[174.0, 185.0, 187.0, 157.0, 151.0, 162.0, 171.0, 193.0, 185.0, 174.0]",23.501869201660156,0.0,243.78488159179688,1.5296859741210938,-68.69021606445312
1750932347.4574566,0.0,0.5,"[174.0, 185.0, 187.0, 156.0, 151.0, 162.0, 171.0, 193.0, 185.0, 174.0]",23.61231231689453,0.0,243.47181701660156,1.531717300415039,-68.336669921875
1750932347.4763806,0.0,0.5,"[174.0, 185.0, 187.0, 156.0, 151.0, 162.0, 171.0, 195.0, 185.0, 174.0]",23.561208724975586,0.0,243.15933227539062,1.534250259399414,-67.98397827148438
1750932347.4965954,0.0,0.5,"[174.0, 185.0, 186.0, 156.0, 150.0, 162.0, 172.0, 195.0, 185.0, 174.0]",23.529752731323242,0.0,242.84719848632812,1.5372066497802734,-67.63180541992188
1750932347.5170019,0.0,0.5,"[174.0, 185.0, 186.0, 156.0, 150.0, 162.0, 172.0, 196.0, 185.0, 174.0]",23.620222091674805,0.0,242.53382873535156,1.54052734375,-67.2783203125
1750932347.5366352,0.0,0.5,"[174.0, 185.0, 185.0, 155.0, 150.0, 161.0, 173.0, 197.0, 185.0, 174.0]",23.732219696044922,0.0,242.21888732910156,1.5441169738769531,-66.9232177734375
1750932347.5564144,0.0,0.5,"[174.0, 185.0, 184.0, 155.0, 150.0, 161.0, 173.0, 197.0, 185.0, 174.0]",23.658390045166016,0.0,241.90489196777344,1.5478954315185547,-66.56927490234375
1750932347.5755415,0.0,0.5,"[174.0, 185.0, 184.0, 155.0, 150.0, 161.0, 174.0, 198.0, 185.0, 174.0]",23.660917282104492,0.0,241.59080505371094,1.5518207550048828,-66.21533203125
1750932347.5948553,0.0,0.5,"[174.0, 185.0, 184.0, 155.0, 149.0, 161.0, 175.0, 198.0, 185.0, 174.0]",23.771284103393555,0.0,241.27525329589844,1.5561866760253906,-65.85977172851562
1750932347.614214,0.0,0.5,"[174.0, 185.0, 183.0, 154.0, 149.0, 161.0, 176.0, 200.0, 185.0, 174.0]",23.766117095947266,0.0,240.9597625732422,1.5610599517822266,-65.5042724609375
1750932347.6340308,0.0,0.5,"[174.0, 185.0, 183.0, 154.0, 149.0, 160.0, 178.0, 200.0, 185.0, 174.0]",23.74058723449707,0.0,240.64451599121094,1.5663471221923828,-65.14926147460938
1750932347.653488,0.0,0.5,"[174.0, 185.0, 183.0, 154.0, 148.0, 160.0, 179.0, 200.0, 185.0, 174.0]",23.766176223754883,0.0,240.3288116455078,1.5719718933105469,-64.79397583007812
1750932347.672066,0.0,0.5,"[174.0, 185.0, 181.0, 153.0, 148.0, 160.0, 180.0, 201.0, 185.0, 174.0]",23.883028030395508,0.0,240.01156616210938,1.5779056549072266,-64.43692016601562
1750932347.6897554,0.0,0.5,"[174.0, 185.0, 181.0, 153.0, 148.0, 160.0, 181.0, 201.0, 185.0, 174.0]",23.880842208862305,0.0,239.69436645507812,1.5840492248535156,-64.07989501953125
1750932347.7084978,0.0,0.5,"[174.0, 185.0, 181.0, 153.0, 148.0, 159.0, 182.0, 201.0, 185.0, 174.0]",23.866317749023438,0.0,239.37725830078125,1.5903453826904297,-63.72319030761719
1750932347.7269206,0.0,0.5,"[174.0, 185.0, 180.0, 153.0, 147.0, 159.0, 183.0, 202.0, 185.0, 174.0]",23.908519744873047,0.0,239.05950927734375,1.597024917602539,-63.365936279296875
1750932347.745387,-1.0,0.5,"[174.0, 185.0, 179.0, 152.0, 147.0, 159.0, 184.0, 203.0, 185.0, 174.0]",23.9146671295166,0.0,238.74168395996094,1.6041488647460938,-63.008575439453125
1750932347.7647758,-1.0,0.5,"[174.0, 185.0, 179.0, 152.0, 147.0, 159.0, 182.0, 201.0, 185.0, 174.0]",23.651012420654297,-0.5,238.41578674316406,1.6080608367919922,-62.66575622558594
1750932347.784066,-1.0,0.5,"[174.0, 185.0, 181.0, 153.0, 148.0, 160.0, 179.0, 200.0, 185.0, 174.0]",23.502422332763672,-0.5,238.07740783691406,1.6076908111572266,-62.339508056640625
1750932347.8191686,0.0,0.5,"[174.0, 185.0, 183.0, 155.0, 149.0, 161.0, 174.0, 198.0, 185.0, 174.0]",23.19103240966797,-0.5,237.72584533691406,1.6016826629638672,-62.037017822265625
1750932347.8387406,0.0,0.5,"[174.0, 185.0, 183.0, 155.0, 149.0, 162.0, 173.0, 197.0, 185.0, 174.0]",23.178369522094727,0.0,237.38400268554688,1.5991230010986328,-61.72392272949219
1750932347.8579912,0.0,0.5,"[174.0, 185.0, 183.0, 155.0, 149.0, 162.0, 172.0, 197.0, 185.0, 174.0]",23.19410514831543,0.0,237.0464324951172,1.5982437133789062,-61.40576171875
1750932347.8769495,0.0,0.5,"[174.0, 185.0, 183.0, 155.0, 149.0, 161.0, 173.0, 197.0, 185.0, 174.0]",23.327905654907227,0.0,236.7073211669922,1.5979194641113281,-61.08531188964844
1750932347.89569,0.0,0.5,"[174.0, 185.0, 183.0, 155.0, 149.0, 161.0, 174.0, 197.0, 185.0, 174.0]",23.182214736938477,0.0,236.36997985839844,1.5978679656982422,-60.76725769042969
1750932347.915075,0.0,0.5,"[174.0, 185.0, 183.0, 155.0, 149.0, 161.0, 174.0, 197.0, 185.0, 174.0]",23.268310546875,0.0,236.03109741210938,1.5981903076171875,-60.44830322265625
1750932347.9341848,0.0,0.5,"[174.0, 185.0, 183.0, 155.0, 149.0, 161.0, 174.0, 197.0, 185.0, 174.0]",23.321741104125977,0.0,235.69110107421875,1.5988121032714844,-60.128997802734375
1750932347.9539497,0.0,0.5,"[174.0, 185.0, 181.0, 154.0, 148.0, 161.0, 175.0, 197.0, 185.0, 174.0]",23.43202781677246,0.0,235.34930419921875,1.5997142791748047,-59.80836486816406
1750932347.9729187,0.0,0.5,"[174.0, 185.0, 181.0, 154.0, 148.0, 160.0, 176.0, 197.0, 185.0, 174.0]",23.310697555541992,0.0,235.0091552734375,1.600839614868164,-59.48954772949219
1750932347.9920416,0.0,0.5,"[174.0, 185.0, 181.0, 154.0, 148.0, 160.0, 176.0, 197.0, 185.0, 174.0]",23.36494255065918,0.0,234.6681671142578,1.6022052764892578,-59.17002868652344
1750932348.0117605,0.0,0.5,"[174.0, 185.0, 180.0, 153.0, 147.0, 160.0, 176.0, 197.0, 185.0, 174.0]",23.479551315307617,0.0,234.325439453125,1.6040096282958984,-58.84901428222656
1750932348.0314763,0.0,0.5,"[174.0, 185.0, 179.0, 153.0, 147.0, 160.0, 177.0, 197.0, 185.0, 174.0]",23.425636291503906,0.0,233.9833984375,1.6061763763427734,-58.528839111328125
1750932348.051268,0.0,0.5,"[174.0, 185.0, 179.0, 153.0, 147.0, 159.0, 177.0, 197.0, 185.0, 174.0]",23.403169631958008,0.0,233.6416473388672,1.6087150573730469,-58.209014892578125
1750932348.0703301,0.0,0.5,"[174.0, 185.0, 179.0, 152.0, 147.0, 159.0, 178.0, 197.0, 185.0, 174.0]",23.498945236206055,0.0,233.29849243164062,1.6116771697998047,-57.88787841796875
1750932348.089464,0.0,0.5,"[174.0, 185.0, 178.0, 152.0, 146.0, 159.0, 178.0, 197.0, 185.0, 174.0]",23.572460174560547,0.0,232.9541778564453,1.6149654388427734,-57.56585693359375
1750932348.108606,0.0,0.5,"[174.0, 185.0, 178.0, 151.0, 146.0, 158.0, 178.0, 197.0, 185.0, 174.0]",23.546470642089844,0.0,232.61021423339844,1.6185111999511719,-57.244232177734375
1750932348.1277184,0.0,0.5,"[174.0, 185.0, 178.0, 151.0, 146.0, 158.0, 178.0, 197.0, 185.0, 174.0]",23.51803970336914,0.0,232.2666015625,1.6223163604736328,-56.92304992675781
1750932348.1475034,0.0,0.5,"[174.0, 185.0, 176.0, 151.0, 145.0, 158.0, 179.0, 197.0, 185.0, 174.0]",23.600189208984375,0.0,231.92176818847656,1.6265792846679688,-56.60078430175781
1750932348.1666834,0.0,0.5,"[174.0, 185.0, 176.0, 149.0, 145.0, 158.0, 179.0, 198.0, 185.0, 174.0]",23.676002502441406,0.0,231.57579040527344,1.6312332153320312,-56.27751159667969
1750932348.1855686,0.0,0.5,"[174.0, 185.0, 176.0, 149.0, 145.0, 157.0, 180.0, 198.0, 185.0, 174.0]",23.638086318969727,0.0,231.23033142089844,1.636178970336914,-55.954803466796875
1750932348.2043996,0.0,0.5,"[174.0, 185.0, 175.0, 148.0, 144.0, 157.0, 199.0, 200.0, 185.0, 174.0]",23.60915184020996,0.0,230.88522338867188,1.6414108276367188,-55.63258361816406
1750932348.2391171,-1.0,0.5,"[174.0, 185.0, 175.0, 148.0, 144.0, 157.0, 199.0, 201.0, 185.0, 174.0]",23.726282119750977,0.0,230.53839111328125,1.6469745635986328,-55.30877685546875
1750932348.2586563,-1.0,0.5,"[174.0, 185.0, 175.0, 148.0, 144.0, 157.0, 186.0, 201.0, 185.0, 174.0]",23.500974655151367,-0.5,230.1832275390625,1.6490440368652344,-55.00093078613281
1750932348.2777798,-1.0,0.5,"[174.0, 185.0, 176.0, 149.0, 145.0, 158.0, 177.0, 198.0, 185.0, 174.0]",23.19893455505371,-0.5,229.81954956054688,1.6469688415527344,-54.71281433105469
1750932348.2976213,-1.0,0.5,"[174.0, 185.0, 177.0, 151.0, 146.0, 160.0, 175.0, 196.0, 185.0, 174.0]",22.94521713256836,-0.5,229.4455108642578,1.6401939392089844,-54.447021484375
1750932348.318657,0.0,0.5,"[174.0, 185.0, 179.0, 152.0, 148.0, 161.0, 171.0, 192.0, 185.0, 174.0]",22.8523006439209,-0.5,229.0596160888672,1.6286296844482422,-54.202392578125
1750932348.3399122,0.0,0.5,"[174.0, 185.0, 180.0, 153.0, 149.0, 162.0, 170.0, 190.0, 185.0, 174.0]",22.85958480834961,0.0,228.67881774902344,1.6193618774414062,-53.94953918457031
1750932348.360605,0.0,0.5,"[174.0, 185.0, 181.0, 153.0, 149.0, 162.0, 169.0, 190.0, 185.0, 174.0]",22.875179290771484,0.0,228.3032684326172,1.6123676300048828,-53.68833923339844
1750932348.3818357,0.0,0.5,"[174.0, 185.0, 180.0, 153.0, 149.0, 162.0, 169.0, 190.0, 185.0, 174.0]",22.82248878479004,0.0,227.92990112304688,1.6062297821044922,-53.42584228515625
1750932348.4023502,0.0,0.5,"[174.0, 185.0, 179.0, 153.0, 149.0, 162.0, 169.0, 190.0, 185.0, 174.0]",22.860824584960938,0.0,227.55584716796875,1.6003761291503906,-53.16297912597656
1750932348.4238222,0.0,0.5,"[174.0, 185.0, 179.0, 153.0, 149.0, 161.0, 169.0, 192.0, 185.0, 174.0]",22.967647552490234,0.0,227.1798095703125,1.5946922302246094,-52.89921569824219
1750932348.444424,0.0,0.5,"[174.0, 185.0, 179.0, 153.0, 149.0, 161.0, 170.0, 192.0, 185.0, 174.0]",22.96000862121582,0.0,226.80361938476562,1.5893173217773438,-52.63592529296875
1750932348.4658334,0.0,0.5,"[174.0, 185.0, 179.0, 152.0, 148.0, 161.0, 170.0, 193.0, 185.0, 174.0]",22.942794799804688,0.0,226.4275665283203,1.584228515625,-52.373046875
1750932348.4868803,0.0,0.5,"[174.0, 185.0, 178.0, 152.0, 148.0, 161.0, 170.0, 193.0, 185.0, 174.0]",22.984249114990234,0.0,226.05076599121094,1.579376220703125,-52.10978698730469
1750932348.4885318,0.0,0.5,"[174.0, 185.0, 178.0, 152.0, 148.0, 161.0, 170.0, 193.0, 185.0, 174.0]",23.097932815551758,0.0,225.6719970703125,1.5747127532958984,-51.845367431640625
1750932348.5099223,0.0,0.5,"[174.0, 185.0, 177.0, 152.0, 148.0, 161.0, 170.0, 194.0, 185.0, 174.0]",23.116422653198242,0.0,225.29283142089844,1.5703659057617188,-51.58085632324219
1750932348.5310009,0.0,0.5,"[174.0, 185.0, 176.0, 151.0, 148.0, 160.0, 170.0, 195.0, 185.0, 174.0]",23.062484741210938,0.0,224.91455078125,1.5663280487060547,-51.31695556640625
1750932348.5521073,0.0,0.5,"[174.0, 185.0, 176.0, 151.0, 147.0, 160.0, 170.0, 195.0, 185.0, 174.0]",23.10721778869629,0.0,224.53555297851562,1.5625381469726562,-51.05253601074219
1750932348.5732324,0.0,0.5,"[174.0, 185.0, 176.0, 151.0, 147.0, 160.0, 170.0, 197.0, 185.0, 174.0]",23.228456497192383,0.0,224.15447998046875,1.559030532836914,-50.786834716796875
1750932348.594191,0.0,0.5,"[174.0, 185.0, 175.0, 151.0, 147.0, 160.0, 171.0, 197.0, 185.0, 174.0]",23.222932815551758,0.0,223.77342224121094,1.555765151977539,-50.52130126953125
1750932348.615358,0.0,0.5,"[174.0, 185.0, 175.0, 149.0, 147.0, 160.0, 171.0, 197.0, 185.0, 174.0]",23.195993423461914,0.0,223.39280700683594,1.5527172088623047,-50.25605773925781
1750932348.6365194,0.0,0.5,"[174.0, 185.0, 175.0, 149.0, 147.0, 159.0, 171.0, 198.0, 185.0, 174.0]",23.241453170776367,0.0,223.011474609375,1.549856185913086,-49.99028015136719
1750932348.6568184,0.0,0.5,"[174.0, 185.0, 173.0, 149.0, 147.0, 159.0, 171.0, 198.0, 185.0, 174.0]",23.31198501586914,0.0,222.62890625,1.5472660064697266,-49.723785400390625
1750932348.6784728,0.0,0.5,"[174.0, 185.0, 173.0, 148.0, 146.0, 159.0, 172.0, 198.0, 185.0, 174.0]",23.358530044555664,0.0,222.2455291748047,1.5449275970458984,-49.456817626953125
1750932348.6994758,0.0,0.5,"[174.0, 185.0, 172.0, 148.0, 146.0, 159.0, 174.0, 200.0, 185.0, 174.0]",23.305343627929688,0.0,221.86302185058594,1.5428237915039062,-49.190467834472656
1750932348.7202334,0.0,0.5,"[174.0, 185.0, 172.0, 148.0, 146.0, 159.0, 174.0, 200.0, 185.0, 174.0]",23.339998245239258,0.0,221.47996520996094,1.5409793853759766,-48.92369842529297
1750932348.741847,0.0,0.5,"[174.0, 185.0, 172.0, 147.0, 146.0, 158.0, 176.0, 200.0, 185.0, 174.0]",23.44843292236328,0.0,221.09506225585938,1.5393009185791016,-48.65577697753906
1750932348.7635756,0.0,0.5,"[174.0, 185.0, 171.0, 147.0, 145.0, 158.0, 176.0, 200.0, 185.0, 174.0]",23.475971221923828,0.0,220.70965576171875,1.5377559661865234,-48.38762664794922
1750932348.7847652,0.0,0.5,"[174.0, 185.0, 170.0, 147.0, 145.0, 158.0, 178.0, 201.0, 185.0, 174.0]",23.426734924316406,0.0,220.3250732421875,1.5363311767578125,-48.12001037597656
1750932348.8061256,0.0,0.5,"[174.0, 185.0, 170.0, 147.0, 145.0, 158.0, 178.0, 201.0, 185.0, 174.0]",23.47447967529297,0.0,219.9397430419922,1.5351295471191406,-47.851806640625
1750932348.8078187,0.0,0.5,"[174.0, 185.0, 170.0, 147.0, 145.0, 158.0, 178.0, 201.0, 185.0, 174.0]",23.54180145263672,0.0,219.55325317382812,1.5341796875,-47.58289337158203
1750932348.8287413,0.0,0.5,"[174.0, 185.0, 169.0, 146.0, 144.0, 158.0, 180.0, 202.0, 185.0, 174.0]",23.57109260559082,0.0,219.1662139892578,1.533426284790039,-47.313743591308594
1750932348.8486423,-1.0,0.5,"[174.0, 185.0, 168.0, 146.0, 144.0, 157.0, 181.0, 203.0, 185.0, 174.0]",23.539932250976562,0.0,218.77967834472656,1.5328521728515625,-47.04496765136719
1750932348.8700857,-1.0,0.5,"[174.0, 185.0, 169.0, 146.0, 144.0, 158.0, 179.0, 201.0, 185.0, 174.0]",23.29029083251953,-0.5,218.3880615234375,1.529195785522461,-46.79277038574219
1750932348.8915837,0.0,0.5,"[174.0, 185.0, 170.0, 147.0, 145.0, 158.0, 177.0, 200.0, 185.0, 174.0]",23.158567428588867,-0.5,217.98773193359375,1.5215587615966797,-46.5599365234375
1750932348.9130983,0.0,0.5,"[174.0, 185.0, 170.0, 147.0, 145.0, 158.0, 176.0, 200.0, 185.0, 174.0]",23.093626022338867,0.0,217.5951385498047,1.5164813995361328,-46.31669616699219
1750932348.9340096,0.0,0.5,"[174.0, 185.0, 170.0, 147.0, 145.0, 158.0, 176.0, 200.0, 185.0, 174.0]",23.191701889038086,0.0,217.20249938964844,1.512075424194336,-46.069793701171875
1750932348.9566147,0.0,0.5,"[174.0, 185.0, 170.0, 147.0, 145.0, 158.0, 177.0, 200.0, 185.0, 174.0]",23.059444427490234,0.0,216.81231689453125,1.508026123046875,-45.823951721191406
1750932348.9779258,0.0,0.5,"[174.0, 185.0, 169.0, 147.0, 145.0, 158.0, 177.0, 200.0, 185.0, 174.0]",23.25175666809082,0.0,216.41864013671875,1.5041007995605469,-45.576446533203125
1750932348.9992845,0.0,0.5,"[174.0, 185.0, 169.0, 147.0, 145.0, 158.0, 178.0, 200.0, 185.0, 174.0]",23.11570930480957,0.0,216.0271759033203,1.500284194946289,-45.330535888671875
1750932349.021256,0.0,0.5,"[174.0, 185.0, 168.0, 147.0, 145.0, 158.0, 178.0, 201.0, 185.0, 174.0]",23.317075729370117,0.0,215.63209533691406,1.4964580535888672,-45.082794189453125
1750932349.0422094,0.0,0.5,"[174.0, 185.0, 167.0, 146.0, 144.0, 158.0, 179.0, 201.0, 185.0, 174.0]",23.21042823791504,0.0,215.23880004882812,1.4926910400390625,-44.83624267578125
1750932349.0642486,0.0,0.5,"[174.0, 185.0, 167.0, 146.0, 144.0, 158.0, 179.0, 201.0, 185.0, 174.0]",23.36094856262207,0.0,214.8428192138672,1.4888973236083984,-44.588287353515625
1750932349.0855176,0.0,0.5,"[174.0, 185.0, 167.0, 146.0, 144.0, 157.0, 180.0, 201.0, 185.0, 174.0]",23.229801177978516,0.0,214.44912719726562,1.4851531982421875,-44.341636657714844
1750932349.1065612,0.0,0.5,"[174.0, 185.0, 167.0, 146.0, 144.0, 157.0, 181.0, 201.0, 185.0, 174.0]",23.481475830078125,0.0,214.05108642578125,1.481557846069336,-44.092437744140625
1750932349.108217,0.0,0.5,"[174.0, 185.0, 167.0, 146.0, 144.0, 157.0, 181.0, 201.0, 185.0, 174.0]",23.28404998779297,0.0,213.65643310546875,1.4782562255859375,-43.84526062011719
1750932349.1291916,0.0,0.5,"[174.0, 185.0, 165.0, 145.0, 143.0, 157.0, 182.0, 201.0, 185.0, 174.0]",23.460323333740234,0.0,213.25865173339844,1.4749507904052734,-43.596435546875
1750932349.1515896,0.0,0.5,"[174.0, 185.0, 165.0, 145.0, 143.0, 157.0, 182.0, 202.0, 185.0, 174.0]",23.37356185913086,0.0,212.8624267578125,1.4717082977294922,-43.34840393066406
1750932349.1727586,0.0,0.5,"[174.0, 185.0, 165.0, 145.0, 143.0, 157.0, 182.0, 203.0, 185.0, 174.0]",23.5936222076416,0.0,212.46241760253906,1.4684295654296875,-43.09809875488281
1750932349.193926,0.0,0.5,"[174.0, 185.0, 164.0, 145.0, 142.0, 157.0, 182.0, 203.0, 185.0, 174.0]",23.42367935180664,0.0,212.06532287597656,1.4651718139648438,-42.84955596923828
1750932349.2157903,-1.0,0.5,"[174.0, 185.0, 164.0, 145.0, 142.0, 156.0, 183.0, 203.0, 185.0, 174.0]",23.613515853881836,0.0,211.66493225097656,1.4618473052978516,-42.59911346435547
1750932349.2375743,-1.0,0.5,"[174.0, 185.0, 164.0, 145.0, 143.0, 157.0, 182.0, 203.0, 185.0, 174.0]",23.20014190673828,-0.5,211.26316833496094,1.45562744140625,-42.3670654296875
1750932349.259111,-1.0,0.5,"[174.0, 185.0, 167.0, 146.0, 144.0, 157.0, 181.0, 201.0, 185.0, 174.0]",23.114381790161133,-0.5,210.85369873046875,1.4463119506835938,-42.152687072753906
1750932349.280975,-1.0,0.5,"[174.0, 185.0, 169.0, 148.0, 145.0, 159.0, 178.0, 198.0, 185.0, 174.0]",22.822874069213867,-0.5,210.43911743164062,1.4331245422363281,-41.962158203125
1750932349.3036015,0.0,0.5,"[174.0, 185.0, 172.0, 149.0, 147.0, 162.0, 175.0, 195.0, 185.0, 174.0]",22.74909210205078,-0.5,210.0164031982422,1.4158401489257812,-41.79475402832031
1750932349.3256166,0.0,0.5,"[174.0, 185.0, 175.0, 151.0, 149.0, 163.0, 173.0, 193.0, 185.0, 174.0]",22.582778930664062,0.0,209.60104370117188,1.4005813598632812,-41.618011474609375
1750932349.3477569,0.0,0.5,"[174.0, 185.0, 175.0, 152.0, 149.0, 164.0, 173.0, 193.0, 185.0, 174.0]",22.791221618652344,0.0,209.18482971191406,1.3864612579345703,-41.43269348144531
1750932349.3493435,0.0,0.5,"[174.0, 185.0, 175.0, 152.0, 149.0, 164.0, 173.0, 193.0, 185.0, 174.0]",22.680326461791992,0.0,208.7715606689453,1.3727912902832031,-41.2462158203125
1750932349.371692,0.0,0.5,"[174.0, 185.0, 176.0, 152.0, 149.0, 164.0, 173.0, 193.0, 185.0, 174.0]",22.868152618408203,0.0,208.35479736328125,1.3591575622558594,-41.05833435058594
1750932349.3931956,0.0,0.5,"[174.0, 185.0, 176.0, 152.0, 149.0, 164.0, 173.0, 194.0, 185.0, 174.0]",22.621522903442383,0.0,207.9423828125,1.3460140228271484,-40.872779846191406
1750932349.4154282,0.0,0.5,"[174.0, 185.0, 176.0, 152.0, 149.0, 163.0, 173.0, 195.0, 185.0, 174.0]",22.863515853881836,0.0,207.52528381347656,1.3329181671142578,-40.685821533203125
1750932349.4374552,0.0,0.5,"[174.0, 185.0, 176.0, 151.0, 149.0, 163.0, 174.0, 196.0, 185.0, 174.0]",22.901723861694336,0.0,207.10739135742188,1.319967269897461,-40.498748779296875
1750932349.4592612,0.0,0.5,"[174.0, 185.0, 175.0, 151.0, 148.0, 163.0, 174.0, 197.0, 185.0, 174.0]",22.957292556762695,0.0,206.68838500976562,1.3071346282958984,-40.31144714355469
1750932349.4804518,0.0,0.5,"[174.0, 185.0, 175.0, 151.0, 148.0, 163.0, 174.0, 197.0, 185.0, 174.0]",22.822078704833984,0.0,206.27186584472656,1.2945175170898438,-40.12518310546875
1750932349.5026119,0.0,0.5,"[174.0, 185.0, 175.0, 151.0, 148.0, 163.0, 174.0, 198.0, 185.0, 174.0]",23.101314544677734,0.0,205.85018920898438,1.2818374633789062,-39.936767578125
1750932349.523913,0.0,0.5,"[174.0, 185.0, 175.0, 151.0, 148.0, 162.0, 174.0, 198.0, 185.0, 174.0]",22.880374908447266,0.0,205.43255615234375,1.2695446014404297,-39.75010681152344
1750932349.5454078,0.0,0.5,"[174.0, 185.0, 175.0, 151.0, 148.0, 162.0, 174.0, 200.0, 185.0, 174.0]",23.101608276367188,0.0,205.01075744628906,1.2576789855957031,-39.56190490722656
1750932349.5676024,0.0,0.5,"[174.0, 185.0, 173.0, 149.0, 148.0, 162.0, 174.0, 200.0, 185.0, 174.0]",22.953083038330078,0.0,204.59170532226562,1.24627685546875,-39.37480163574219
1750932349.5693324,0.0,0.5,"[174.0, 185.0, 173.0, 149.0, 148.0, 162.0, 174.0, 200.0, 185.0, 174.0]",23.185752868652344,0.0,204.16836547851562,1.2350482940673828,-39.185890197753906
1750932349.5905745,-1.0,0.5,"[174.0, 185.0, 173.0, 149.0, 147.0, 161.0, 175.0, 201.0, 185.0, 174.0]",23.091171264648438,0.0,203.74679565429688,1.2241020202636719,-38.99763488769531
1750932349.6128356,-1.0,0.5,"[174.0, 185.0, 173.0, 149.0, 148.0, 162.0, 174.0, 200.0, 185.0, 174.0]",22.92696762084961,-0.5,203.32159423828125,1.2108097076416016,-38.826507568359375
1750932349.6346164,0.0,0.5,"[174.0, 185.0, 175.0, 151.0, 149.0, 163.0, 173.0, 198.0, 185.0, 174.0]",22.641620635986328,-0.5,202.89495849609375,1.1948719024658203,-38.675567626953125
1750932349.6569076,0.0,0.5,"[174.0, 185.0, 175.0, 151.0, 149.0, 164.0, 172.0, 198.0, 185.0, 174.0]",22.68755531311035,0.0,202.47207641601562,1.1811809539794922,-38.51165771484375
1750932349.6779706,0.0,0.5,"[174.0, 185.0, 175.0, 151.0, 149.0, 163.0, 171.0, 198.0, 185.0, 174.0]",22.781600952148438,0.0,202.0485076904297,1.1684513092041016,-38.34423828125
1750932349.7003074,0.0,0.5,"[174.0, 185.0, 175.0, 151.0, 149.0, 163.0, 171.0, 198.0, 185.0, 174.0]",22.718721389770508,0.0,201.62615966796875,1.1562614440917969,-38.177101135253906
1750932349.7223032,0.0,0.5,"[174.0, 185.0, 175.0, 151.0, 149.0, 163.0, 171.0, 198.0, 185.0, 174.0]",22.702468872070312,0.0,201.20404052734375,1.1444263458251953,-38.01026916503906
1750932349.7442458,0.0,0.5,"[174.0, 185.0, 175.0, 151.0, 148.0, 163.0, 172.0, 200.0, 185.0, 174.0]",22.834850311279297,0.0,200.77935791015625,1.1327953338623047,-37.842689514160156
1750932349.76659,0.0,0.5,"[174.0, 185.0, 173.0, 151.0, 148.0, 163.0, 172.0, 200.0, 185.0, 174.0]",22.93900489807129,0.0,200.35267639160156,1.1213226318359375,-37.67450714111328
1750932349.7886052,0.0,0.5,"[174.0, 185.0, 173.0, 149.0, 148.0, 162.0, 172.0, 200.0, 185.0, 174.0]",22.839292526245117,0.0,199.92779541015625,1.110076904296875,-37.507171630859375
1750932349.7906077,0.0,0.5,"[174.0, 185.0, 173.0, 149.0, 148.0, 162.0, 172.0, 200.0, 185.0, 174.0]",22.861927032470703,0.0,199.50247192382812,1.0992679595947266,-37.33970642089844
1750932349.8133,0.0,0.5,"[174.0, 185.0, 173.0, 149.0, 148.0, 162.0, 172.0, 200.0, 185.0, 174.0]",22.970001220703125,0.0,199.07510375976562,1.0889434814453125,-37.17150115966797
1750932349.8340724,0.0,0.5,"[174.0, 185.0, 172.0, 149.0, 147.0, 162.0, 172.0, 201.0, 185.0, 174.0]",23.006784439086914,0.0,198.64700317382812,1.0790271759033203,-37.00312805175781
1750932349.8560767,0.0,0.5,"[174.0, 185.0, 172.0, 149.0, 147.0, 161.0, 172.0, 201.0, 185.0, 174.0]",22.970142364501953,0.0,198.21954345703125,1.0694656372070312,-36.83509063720703
1750932349.8780274,0.0,0.5,"[174.0, 185.0, 172.0, 148.0, 147.0, 161.0, 172.0, 201.0, 185.0, 174.0]",22.984560012817383,0.0,197.79180908203125,1.0601692199707031,-36.666954040527344
1750932349.9002068,-1.0,0.5,"[174.0, 185.0, 172.0, 148.0, 147.0, 161.0, 172.0, 201.0, 185.0, 174.0]",23.12369155883789,0.0,197.36146545410156,1.0510082244873047,-36.49784851074219
1750932349.9224384,-1.0,0.5,"[174.0, 185.0, 172.0, 148.0, 147.0, 161.0, 171.0, 200.0, 185.0, 174.0]",22.88140869140625,-0.5,196.9296112060547,1.0397396087646484,-36.346832275390625
1750932349.9453716,0.0,0.5,"[174.0, 185.0, 173.0, 149.0, 147.0, 163.0, 170.0, 198.0, 185.0, 174.0]",22.572389602661133,-0.5,196.49732971191406,1.0263919830322266,-36.21736145019531
1750932349.9679372,0.0,0.5,"[174.0, 185.0, 173.0, 151.0, 147.0, 163.0, 169.0, 198.0, 185.0, 174.0]",22.551956176757812,0.0,196.0691680908203,1.015085220336914,-36.07598876953125
1750932349.96972,0.0,0.5,"[174.0, 185.0, 173.0, 151.0, 147.0, 163.0, 169.0, 198.0, 185.0, 174.0]",22.63865852355957,0.0,195.6405487060547,1.0045795440673828,-35.93046569824219
1750932349.991293,0.0,0.5,"[174.0, 185.0, 173.0, 151.0, 147.0, 163.0, 169.0, 198.0, 185.0, 174.0]",22.70374298095703,0.0,195.21080017089844,0.9943599700927734,-35.784210205078125
1750932350.0137618,0.0,0.5,"[174.0, 185.0, 173.0, 149.0, 147.0, 163.0, 169.0, 198.0, 185.0, 174.0]",22.646202087402344,0.0,194.7821044921875,0.9843711853027344,-35.63841247558594
1750932350.0357914,0.0,0.5,"[174.0, 185.0, 173.0, 149.0, 147.0, 163.0, 169.0, 198.0, 185.0, 174.0]",22.695053100585938,0.0,194.35243225097656,0.9744930267333984,-35.492431640625
1750932350.0581036,0.0,0.5,"[174.0, 185.0, 172.0, 149.0, 146.0, 162.0, 169.0, 198.0, 185.0, 174.0]",22.801651000976562,0.0,193.92066955566406,0.9646549224853516,-35.345977783203125
1750932350.0802765,0.0,0.5,"[174.0, 185.0, 172.0, 149.0, 146.0, 162.0, 169.0, 198.0, 185.0, 174.0]",22.84183692932129,0.0,193.48809814453125,0.9551372528076172,-35.19939422607422
1750932350.101931,0.0,0.5,"[174.0, 185.0, 172.0, 149.0, 146.0, 162.0, 169.0, 198.0, 185.0, 174.0]",22.767236709594727,0.0,193.0569305419922,0.9460868835449219,-35.05328369140625
1750932350.1244996,-1.0,0.5,"[174.0, 185.0, 172.0, 149.0, 146.0, 162.0, 169.0, 198.0, 185.0, 174.0]",22.798503875732422,0.0,192.6251678466797,0.9373531341552734,-34.906982421875
1750932350.145975,-1.0,0.5,"[174.0, 185.0, 172.0, 149.0, 146.0, 162.0, 168.0, 198.0, 185.0, 174.0]",22.668155670166016,-0.5,192.19058227539062,0.9267864227294922,-34.778282165527344
1750932350.1692278,0.0,0.5,"[174.0, 185.0, 173.0, 151.0, 147.0, 164.0, 167.0, 196.0, 185.0, 174.0]",22.409011840820312,-0.5,191.75523376464844,0.9138584136962891,-34.672569274902344
1750932350.1709273,0.0,0.5,"[174.0, 185.0, 173.0, 151.0, 147.0, 164.0, 167.0, 196.0, 185.0, 174.0]",22.374040603637695,0.0,191.32400512695312,0.9026260375976562,-34.55360412597656
1750932350.193679,0.0,0.5,"[174.0, 185.0, 175.0, 152.0, 147.0, 164.0, 166.0, 195.0, 185.0, 174.0]",22.406278610229492,0.0,190.8931427001953,0.8918685913085938,-34.43089294433594
1750932350.2162232,0.0,0.5,"[174.0, 185.0, 175.0, 152.0, 147.0, 164.0, 166.0, 195.0, 185.0, 174.0]",22.376768112182617,0.0,190.46295166015625,0.8814983367919922,-34.307945251464844
1750932350.2391706,0.0,0.5,"[174.0, 185.0, 175.0, 152.0, 146.0, 164.0, 166.0, 195.0, 185.0, 174.0]",22.410423278808594,0.0,190.0320281982422,0.8714847564697266,-34.18505859375
1750932350.2618783,0.0,0.5,"[174.0, 185.0, 175.0, 152.0, 146.0, 164.0, 166.0, 195.0, 185.0, 174.0]",22.504714965820312,0.0,189.59922790527344,0.8617267608642578,-34.06187438964844
1750932350.284847,0.0,0.5,"[174.0, 185.0, 173.0, 151.0, 146.0, 164.0, 166.0, 195.0, 185.0, 174.0]",22.556686401367188,0.0,189.1654052734375,0.8520889282226562,-33.93848419189453
1750932350.307981,-1.0,0.5,"[174.0, 185.0, 173.0, 151.0, 146.0, 164.0, 167.0, 195.0, 185.0, 174.0]",22.485151290893555,0.0,188.73289489746094,0.842559814453125,-33.81571960449219
1750932350.3305607,-1.0,0.5,"[174.0, 185.0, 175.0, 152.0, 146.0, 164.0, 166.0, 193.0, 185.0, 174.0]",22.307357788085938,-0.5,188.2996826171875,0.8313846588134766,-33.70965576171875
1750932350.3324451,-1.0,0.5,"[174.0, 185.0, 175.0, 152.0, 146.0, 164.0, 166.0, 193.0, 185.0, 174.0]",22.214256286621094,-0.5,187.86416625976562,0.8183021545410156,-33.622779846191406
1750932350.3559978,-1.0,0.5,"[174.0, 185.0, 179.0, 154.0, 149.0, 168.0, 161.0, 189.0, 185.0, 174.0]",21.784751892089844,-0.5,187.43307495117188,0.8033466339111328,-33.56139373779297
1750932350.3801775,-1.0,0.5,"[174.0, 185.0, 183.0, 155.0, 151.0, 259.0, 159.0, 186.0, 185.0, 174.0]",21.771373748779297,-0.5,186.99954223632812,0.7863407135009766,-33.52449035644531
1750932350.4034464,0.0,0.5,"[174.0, 185.0, 186.0, 158.0, 154.0, 166.0, 156.0, 183.0, 185.0, 174.0]",21.599586486816406,-0.5,186.56825256347656,0.7677478790283203,-33.50848388671875
1750932350.4272144,0.0,0.5,"[174.0, 185.0, 189.0, 159.0, 155.0, 160.0, 154.0, 180.0, 185.0, 174.0]",21.713712692260742,0.0,186.1349334716797,0.7497615814208984,-33.4859619140625
1750932350.4510705,0.0,0.5,"[174.0, 185.0, 189.0, 159.0, 156.0, 159.0, 153.0, 179.0, 185.0, 174.0]",21.677265167236328,0.0,185.70330810546875,0.7331447601318359,-33.448699951171875
1750932350.4528158,0.0,0.5,"[174.0, 185.0, 189.0, 159.0, 156.0, 159.0, 153.0, 179.0, 185.0, 174.0]",21.711463928222656,0.0,185.2713623046875,0.7171745300292969,-33.40724182128906
1750932350.4761665,0.0,0.5,"[174.0, 185.0, 190.0, 159.0, 156.0, 159.0, 153.0, 178.0, 185.0, 174.0]",21.734066009521484,0.0,184.83897399902344,0.7015151977539062,-33.365447998046875
1750932350.4994211,0.0,0.5,"[174.0, 185.0, 189.0, 159.0, 156.0, 159.0, 152.0, 176.0, 185.0, 174.0]",21.93407440185547,0.0,184.40255737304688,0.6861610412597656,-33.32368469238281
1750932350.5225694,0.0,0.5,"[174.0, 185.0, 189.0, 159.0, 156.0, 159.0, 152.0, 176.0, 185.0, 174.0]",21.71490478515625,0.0,183.97048950195312,0.6713428497314453,-33.282379150390625
1750932350.5468864,-1.0,0.5,"[174.0, 185.0, 189.0, 159.0, 156.0, 159.0, 152.0, 176.0, 185.0, 174.0]",21.8853759765625,0.0,183.5349578857422,0.6567020416259766,-33.24128723144531
1750932350.5706306,0.0,0.5,"[174.0, 185.0, 189.0, 159.0, 157.0, 157.0, 150.0, 173.0, 185.0, 174.0]",21.570114135742188,-0.5,183.10450744628906,0.6410789489746094,-33.217193603515625
1750932350.5723023,0.0,0.5,"[174.0, 185.0, 189.0, 159.0, 157.0, 157.0, 150.0, 173.0, 185.0, 174.0]",21.790943145751953,0.0,182.67015075683594,0.626220703125,-33.18480682373047
1750932350.5956318,0.0,0.5,"[174.0, 185.0, 189.0, 159.0, 157.0, 156.0, 149.0, 172.0, 185.0, 174.0]",21.522695541381836,0.0,182.24122619628906,0.61187744140625,-33.15144348144531
1750932350.619804,0.0,0.5,"[174.0, 185.0, 189.0, 159.0, 157.0, 156.0, 148.0, 172.0, 185.0, 174.0]",21.78416633605957,0.0,181.8070831298828,0.5977001190185547,-33.11775207519531
1750932350.64361,0.0,0.5,"[174.0, 185.0, 189.0, 159.0, 157.0, 156.0, 148.0, 170.0, 185.0, 174.0]",21.69122886657715,0.0,181.37478637695312,0.5838508605957031,-33.08409118652344
1750932350.667868,0.0,0.5,"[174.0, 185.0, 189.0, 159.0, 157.0, 156.0, 148.0, 170.0, 185.0, 174.0]",21.866031646728516,0.0,180.93898010253906,0.5700855255126953,-33.050537109375
1750932350.691795,0.0,0.5,"[174.0, 185.0, 189.0, 159.0, 157.0, 156.0, 148.0, 169.0, 185.0, 174.0]",21.673532485961914,0.0,180.5070037841797,0.5567493438720703,-33.01708984375
1750932350.693442,0.0,0.5,"[174.0, 185.0, 189.0, 159.0, 157.0, 156.0, 148.0, 169.0, 185.0, 174.0]",21.94148063659668,0.0,180.06967163085938,0.5435829162597656,-32.983367919921875
1750932350.7176445,0.0,0.5,"[174.0, 185.0, 189.0, 159.0, 157.0, 156.0, 148.0, 167.0, 185.0, 174.0]",21.857192993164062,0.0,179.63401794433594,0.5307102203369141,-32.94964599609375
1750932350.7407365,0.0,0.5,"[174.0, 185.0, 189.0, 159.0, 156.0, 157.0, 148.0, 167.0, 185.0, 174.0]",21.986047744750977,0.0,179.19577026367188,0.5179080963134766,-32.91600036621094
1750932350.7647696,0.0,0.5,"[174.0, 185.0, 189.0, 159.0, 156.0, 157.0, 148.0, 165.0, 185.0, 174.0]",21.859172821044922,0.0,178.76007080078125,0.5053024291992188,-32.882354736328125
1750932350.7889225,0.0,0.5,"[174.0, 185.0, 189.0, 159.0, 156.0, 157.0, 148.0, 165.0, 185.0, 174.0]",22.080810546875,0.0,178.3199462890625,0.49262237548828125,-32.848472595214844
1750932350.812778,0.0,0.5,"[174.0, 185.0, 188.0, 159.0, 156.0, 157.0, 147.0, 164.0, 185.0, 174.0]",22.002901077270508,0.0,177.88136291503906,0.4801673889160156,-32.814605712890625
1750932350.8153377,0.0,0.5,"[174.0, 185.0, 188.0, 159.0, 156.0, 157.0, 147.0, 164.0, 185.0, 174.0]",22.15399742126465,0.0,177.43975830078125,0.46791839599609375,-32.780670166015625
1750932350.8391266,0.0,0.5,"[174.0, 185.0, 187.0, 159.0, 156.0, 157.0, 147.0, 162.0, 185.0, 174.0]",21.94065284729004,0.0,177.00241088867188,0.4562053680419922,-32.746864318847656
1750932350.863324,0.0,0.5,"[174.0, 185.0, 187.0, 159.0, 156.0, 157.0, 147.0, 161.0, 185.0, 174.0]",22.196147918701172,0.0,176.5599365234375,0.4446525573730469,-32.712867736816406
1750932350.8870482,0.0,0.5,"[174.0, 185.0, 187.0, 159.0, 156.0, 157.0, 147.0, 161.0, 185.0, 174.0]",22.168798446655273,0.0,176.11802673339844,0.433135986328125,-32.67872619628906
1750932350.9109433,0.0,0.5,"[174.0, 185.0, 187.0, 159.0, 156.0, 157.0, 147.0, 161.0, 185.0, 174.0]",22.263269424438477,0.0,175.67420959472656,0.42151451110839844,-32.64469909667969
1750932350.9125698,0.0,0.5,"[174.0, 185.0, 187.0, 159.0, 156.0, 157.0, 147.0, 161.0, 185.0, 174.0]",22.150854110717773,0.0,175.23265075683594,0.4100475311279297,-32.610565185546875
1750932350.9361448,0.0,0.5,"[174.0, 185.0, 187.0, 159.0, 156.0, 157.0, 147.0, 161.0, 185.0, 174.0]",22.395296096801758,0.0,174.7862091064453,0.3986530303955078,-32.57621765136719
1750932350.9602652,0.0,0.5,"[174.0, 185.0, 187.0, 159.0, 156.0, 157.0, 147.0, 161.0, 185.0, 174.0]",22.246801376342773,0.0,174.3427276611328,0.3877220153808594,-32.542022705078125
1750932350.9843023,0.0,0.5,"[174.0, 185.0, 187.0, 159.0, 156.0, 157.0, 147.0, 161.0, 185.0, 174.0]",22.4091854095459,0.0,173.89598083496094,0.3771190643310547,-32.50775909423828
1750932351.007376,0.0,0.5,"[174.0, 185.0, 187.0, 159.0, 156.0, 157.0, 147.0, 160.0, 185.0, 174.0]",22.264598846435547,0.0,173.45213317871094,0.36687469482421875,-32.47346496582031
1750932351.0310183,0.0,0.5,"[174.0, 185.0, 187.0, 159.0, 156.0, 157.0, 147.0, 160.0, 185.0, 174.0]",22.502099990844727,0.0,173.0035400390625,0.35640525817871094,-32.43890380859375
1750932351.0327687,0.0,0.5,"[174.0, 185.0, 187.0, 159.0, 156.0, 157.0, 147.0, 160.0, 185.0, 174.0]",22.44589614868164,0.0,172.5560760498047,0.34589195251464844,-32.40434265136719
1750932351.0564513,0.0,0.5,"[174.0, 185.0, 187.0, 159.0, 156.0, 158.0, 146.0, 160.0, 185.0, 174.0]",22.552204132080078,0.0,172.10647583007812,0.33545875549316406,-32.36973571777344
1750932351.0799975,0.0,0.5,"[174.0, 185.0, 187.0, 160.0, 156.0, 157.0, 146.0, 159.0, 185.0, 174.0]",22.44023323059082,0.0,171.65911865234375,0.3254108428955078,-32.335113525390625
1750932351.1028483,0.0,0.5,"[174.0, 185.0, 187.0, 160.0, 156.0, 158.0, 146.0, 159.0, 185.0, 174.0]",22.629072189331055,0.0,171.20797729492188,0.3156299591064453,-32.30036926269531
1750932351.1261075,0.0,0.5,"[174.0, 185.0, 187.0, 160.0, 156.0, 158.0, 146.0, 159.0, 185.0, 174.0]",22.4603328704834,0.0,170.7602081298828,0.3062095642089844,-32.265647888183594
1750932351.1491532,0.0,0.5,"[174.0, 185.0, 187.0, 160.0, 156.0, 158.0, 146.0, 159.0, 185.0, 174.0]",22.71860694885254,0.0,170.30728149414062,0.2968864440917969,-32.23069763183594
1750932351.150915,0.0,0.5,"[174.0, 185.0, 187.0, 160.0, 156.0, 158.0, 146.0, 159.0, 185.0, 174.0]",22.612634658813477,0.0,169.85647583007812,0.2874870300292969,-32.19578552246094
1750932351.1757777,0.0,0.5,"[174.0, 185.0, 188.0, 160.0, 156.0, 158.0, 146.0, 159.0, 185.0, 174.0]",22.761812210083008,0.0,169.40267944335938,0.2780914306640625,-32.16077423095703
1750932351.199949,0.0,0.5,"[174.0, 185.0, 189.0, 160.0, 156.0, 158.0, 146.0, 159.0, 185.0, 174.0]",22.59304428100586,0.0,168.95225524902344,0.26901817321777344,-32.1258544921875
1750932351.2235556,0.0,0.5,"[174.0, 185.0, 189.0, 160.0, 156.0, 158.0, 146.0, 159.0, 185.0, 174.0]",22.846004486083984,0.0,168.4967803955078,0.2601432800292969,-32.090667724609375
1750932351.2464612,0.0,0.5,"[174.0, 185.0, 189.0, 160.0, 156.0, 158.0, 146.0, 159.0, 185.0, 174.0]",22.71533966064453,0.0,168.04391479492188,0.2515525817871094,-32.05549621582031
1750932351.2698545,0.0,0.5,"[174.0, 185.0, 189.0, 160.0, 156.0, 158.0, 146.0, 159.0, 185.0, 174.0]",22.874889373779297,0.0,167.5878448486328,0.24310302734375,-32.0203857421875
1750932351.2714498,0.0,0.5,"[174.0, 185.0, 189.0, 160.0, 156.0, 158.0, 146.0, 159.0, 185.0, 174.0]",22.748210906982422,0.0,167.13430786132812,0.23485183715820312,-31.985275268554688
1750932351.2944732,0.0,0.5,"[174.0, 185.0, 189.0, 160.0, 155.0, 158.0, 146.0, 158.0, 185.0, 174.0]",22.990089416503906,0.0,166.6759490966797,0.2265338897705078,-31.9498291015625
1750932351.3175304,0.0,0.5,"[174.0, 185.0, 189.0, 160.0, 155.0, 158.0, 146.0, 158.0, 185.0, 174.0]",22.8604793548584,0.0,166.22018432617188,0.2183990478515625,-31.914474487304688
1750932351.3405335,0.0,0.5,"[174.0, 185.0, 189.0, 160.0, 155.0, 158.0, 147.0, 158.0, 185.0, 174.0]",23.014102935791016,0.0,165.76133728027344,0.21045875549316406,-31.879051208496094
1750932351.3638132,0.0,0.5,"[174.0, 185.0, 189.0, 160.0, 155.0, 158.0, 147.0, 158.0, 185.0, 174.0]",22.859115600585938,0.0,165.3055877685547,0.2027606964111328,-31.843650817871094
1750932351.3876483,0.0,0.5,"[174.0, 185.0, 189.0, 160.0, 155.0, 158.0, 147.0, 158.0, 185.0, 174.0]",23.117076873779297,0.0,164.84469604492188,0.19513893127441406,-31.807952880859375
1750932351.4103441,0.0,0.5,"[174.0, 185.0, 189.0, 160.0, 155.0, 158.0, 147.0, 158.0, 185.0, 174.0]",22.997665405273438,0.0,164.3861846923828,0.1876678466796875,-31.772323608398438
1750932351.4119794,0.0,0.5,"[174.0, 185.0, 189.0, 160.0, 155.0, 158.0, 147.0, 158.0, 185.0, 174.0]",23.141250610351562,0.0,163.92478942871094,0.1802806854248047,-31.73668670654297
1750932351.4350138,0.0,0.5,"[174.0, 185.0, 190.0, 160.0, 155.0, 158.0, 148.0, 156.0, 185.0, 174.0]",22.97891616821289,0.0,163.46664428710938,0.1730499267578125,-31.701087951660156
1750932351.4590502,0.0,0.5,"[174.0, 185.0, 190.0, 160.0, 155.0, 158.0, 148.0, 158.0, 185.0, 174.0]",23.273197174072266,0.0,163.00262451171875,0.16594696044921875,-31.665115356445312
1750932351.4830096,0.0,0.5,"[174.0, 185.0, 190.0, 160.0, 155.0, 158.0, 148.0, 158.0, 185.0, 174.0]",23.078168869018555,0.0,162.54249572753906,0.15906715393066406,-31.629364013671875
1750932351.5062737,0.0,0.5,"[174.0, 185.0, 190.0, 160.0, 155.0, 158.0, 148.0, 158.0, 185.0, 174.0]",23.30048942565918,0.0,162.0779266357422,0.1522655487060547,-31.593414306640625
1750932351.5298862,0.0,0.5,"[174.0, 185.0, 190.0, 161.0, 155.0, 158.0, 148.0, 159.0, 185.0, 174.0]",23.159408569335938,0.0,161.61618041992188,0.14560890197753906,-31.55755615234375
1750932351.531397,0.0,0.5,"[174.0, 185.0, 190.0, 161.0, 155.0, 158.0, 148.0, 159.0, 185.0, 174.0]",23.30983543395996,0.0,161.15139770507812,0.1389923095703125,-31.52159881591797
1750932351.5549304,0.0,0.5,"[174.0, 185.0, 190.0, 161.0, 155.0, 158.0, 149.0, 159.0, 185.0, 174.0]",23.211137771606445,0.0,160.68862915039062,0.13252830505371094,-31.485565185546875
1750932351.5781791,0.0,0.5,"[174.0, 185.0, 190.0, 161.0, 155.0, 158.0, 149.0, 159.0, 185.0, 174.0]",23.467504501342773,0.0,160.22073364257812,0.12627601623535156,-31.449203491210938
1750932351.6010299,0.0,0.5,"[174.0, 185.0, 190.0, 161.0, 155.0, 158.0, 149.0, 160.0, 185.0, 174.0]",23.240543365478516,0.0,159.75735473632812,0.12031364440917969,-31.413116455078125
1750932351.6240952,0.0,0.5,"[174.0, 185.0, 190.0, 161.0, 155.0, 159.0, 149.0, 161.0, 185.0, 174.0]",23.43403434753418,0.0,159.29013061523438,0.11451911926269531,-31.376876831054688
1750932351.6473825,0.0,0.5,"[174.0, 185.0, 190.0, 161.0, 155.0, 158.0, 149.0, 161.0, 185.0, 174.0]",23.35177993774414,0.0,158.82455444335938,0.10889625549316406,-31.340545654296875
1750932351.670407,0.0,0.5,"[174.0, 185.0, 190.0, 161.0, 155.0, 158.0, 150.0, 161.0, 185.0, 174.0]",23.557947158813477,0.0,158.35482788085938,0.10335731506347656,-31.304031372070312
1750932351.6721056,0.0,0.5,"[174.0, 185.0, 190.0, 161.0, 155.0, 158.0, 150.0, 161.0, 185.0, 174.0]",23.402856826782227,0.0,157.88821411132812,0.09794425964355469,-31.267684936523438
1750932351.6955454,0.0,0.5,"[174.0, 185.0, 190.0, 161.0, 155.0, 158.0, 150.0, 162.0, 185.0, 174.0]",23.56743049621582,0.0,157.41830444335938,0.09264945983886719,-31.231201171875
1750932351.7184358,0.0,0.5,"[174.0, 185.0, 190.0, 161.0, 155.0, 158.0, 150.0, 162.0, 185.0, 174.0]",23.43284034729004,0.0,156.95108032226562,0.08765220642089844,-31.194664001464844
1750932351.7414536,0.0,0.5,"[174.0, 185.0, 190.0, 161.0, 155.0, 158.0, 151.0, 162.0, 185.0, 174.0]",23.690095901489258,0.0,156.47872924804688,0.08293914794921875,-31.15789794921875
1750932351.7647746,0.0,0.5,"[174.0, 185.0, 190.0, 161.0, 155.0, 158.0, 151.0, 162.0, 185.0, 174.0]",23.495281219482422,0.0,156.01028442382812,0.07852363586425781,-31.121322631835938
1750932351.7886546,0.0,0.5,"[174.0, 185.0, 190.0, 160.0, 154.0, 158.0, 151.0, 163.0, 185.0, 174.0]",23.668476104736328,0.0,155.53836059570312,0.07431221008300781,-31.084625244140625
1750932351.811852,0.0,0.5,"[174.0, 185.0, 190.0, 160.0, 154.0, 158.0, 151.0, 163.0, 185.0, 174.0]",23.588747024536133,0.0,155.06802368164062,0.070281982421875,-31.047821044921875
1750932351.8135457,0.0,0.5,"[174.0, 185.0, 190.0, 160.0, 154.0, 158.0, 151.0, 163.0, 185.0, 174.0]",23.80885887145996,0.0,154.59332275390625,0.06635475158691406,-31.01080322265625
1750932351.8367028,0.0,0.5,"[174.0, 185.0, 190.0, 160.0, 154.0, 158.0, 151.0, 164.0, 185.0, 174.0]",23.628440856933594,0.0,154.12222290039062,0.06254959106445312,-30.97399139404297
1750932351.859666,0.0,0.5,"[174.0, 185.0, 190.0, 160.0, 154.0, 158.0, 151.0, 164.0, 185.0, 174.0]",23.807466506958008,0.0,153.64749145507812,0.05887794494628906,-30.937026977539062
1750932351.88275,0.0,0.5,"[174.0, 185.0, 190.0, 160.0, 154.0, 158.0, 151.0, 164.0, 185.0, 174.0]",23.682342529296875,0.0,153.17532348632812,0.05541801452636719,-30.899993896484375
1750932351.905973,0.0,0.5,"[174.0, 185.0, 190.0, 160.0, 154.0, 158.0, 151.0, 164.0, 185.0, 174.0]",23.90843391418457,0.0,152.6986083984375,0.052204132080078125,-30.86278533935547
1750932351.9296546,0.0,0.5,"[174.0, 185.0, 190.0, 160.0, 154.0, 158.0, 151.0, 165.0, 185.0, 174.0]",23.71312141418457,0.0,152.22579956054688,0.0492706298828125,-30.825721740722656
1750932351.9312487,0.0,0.5,"[174.0, 185.0, 190.0, 160.0, 154.0, 158.0, 151.0, 165.0, 185.0, 174.0]",23.90096664428711,0.0,151.74923706054688,0.04654884338378906,-30.788536071777344
1750932351.9549518,0.0,0.5,"[174.0, 185.0, 190.0, 160.0, 154.0, 158.0, 152.0, 165.0, 185.0, 174.0]",23.81556510925293,0.0,151.27438354492188,0.04400634765625,-30.75128173828125
1750932351.9787729,0.0,0.5,"[174.0, 185.0, 190.0, 160.0, 154.0, 158.0, 152.0, 165.0, 185.0, 174.0]",24.049928665161133,0.0,150.79489135742188,0.0415802001953125,-30.713768005371094
1750932352.0019455,0.0,0.5,"[174.0, 185.0, 190.0, 160.0, 154.0, 158.0, 152.0, 166.0, 185.0, 174.0]",23.837318420410156,0.0,150.31961059570312,0.039272308349609375,-30.676513671875
1750932352.0259116,0.0,0.5,"[174.0, 185.0, 190.0, 160.0, 153.0, 158.0, 152.0, 167.0, 185.0, 174.0]",24.028057098388672,0.0,149.84048461914062,0.03701972961425781,-30.639114379882812
1750932352.049075,0.0,0.5,"[174.0, 185.0, 190.0, 160.0, 153.0, 158.0, 152.0, 167.0, 185.0, 174.0]",23.935375213623047,0.0,149.36325073242188,0.03488731384277344,-30.601661682128906
1750932352.050971,0.0,0.5,"[174.0, 185.0, 190.0, 160.0, 153.0, 158.0, 152.0, 167.0, 185.0, 174.0]",24.136484146118164,0.0,148.88198852539062,0.03289604187011719,-30.564056396484375
1750932352.0742745,0.0,0.5,"[174.0, 185.0, 190.0, 159.0, 153.0, 158.0, 152.0, 167.0, 185.0, 174.0]",23.964330673217773,0.0,148.40420532226562,0.030986785888671875,-30.526535034179688
1750932352.098133,0.0,0.5,"[174.0, 185.0, 189.0, 159.0, 153.0, 158.0, 152.0, 167.0, 185.0, 174.0]",24.127017974853516,0.0,147.92312622070312,0.029130935668945312,-30.488983154296875
1750932352.1211925,0.0,0.5,"[174.0, 185.0, 189.0, 159.0, 153.0, 158.0, 152.0, 167.0, 185.0, 174.0]",24.04067611694336,0.0,147.44375610351562,0.027439117431640625,-30.45135498046875
1750932352.1452208,0.0,0.5,"[174.0, 185.0, 189.0, 159.0, 153.0, 158.0, 153.0, 168.0, 185.0, 174.0]",24.274938583374023,0.0,146.95974731445312,0.025867462158203125,-30.4134521484375
1750932352.1683109,0.0,0.5,"[174.0, 185.0, 189.0, 159.0, 153.0, 158.0, 153.0, 169.0, 185.0, 174.0]",24.056766510009766,0.0,146.4801025390625,0.024412155151367188,-30.375808715820312
1750932352.1701312,0.0,0.5,"[174.0, 185.0, 189.0, 159.0, 153.0, 158.0, 153.0, 169.0, 185.0, 174.0]",24.252422332763672,0.0,145.99655151367188,0.023029327392578125,-30.338027954101562
1750932352.1926339,0.0,0.5,"[174.0, 185.0, 189.0, 159.0, 153.0, 158.0, 153.0, 169.0, 185.0, 174.0]",24.15290069580078,0.0,145.51498413085938,0.021699905395507812,-30.30023193359375
1750932352.2161963,0.0,0.5,"[174.0, 185.0, 189.0, 159.0, 153.0, 158.0, 153.0, 170.0, 185.0, 174.0]",24.36460304260254,0.0,145.02914428710938,0.02032470703125,-30.26219940185547
1750932352.2396681,0.0,0.5,"[174.0, 185.0, 189.0, 159.0, 153.0, 158.0, 153.0, 170.0, 185.0, 174.0]",24.181982040405273,0.0,144.54702758789062,0.018848419189453125,-30.224334716796875
1750932352.2636437,0.0,0.5,"[174.0, 185.0, 189.0, 159.0, 153.0, 158.0, 154.0, 170.0, 185.0, 174.0]",24.368593215942383,0.0,144.06112670898438,0.017383575439453125,-30.186363220214844
1750932352.287599,0.0,0.5,"[174.0, 185.0, 189.0, 159.0, 153.0, 158.0, 154.0, 170.0, 185.0, 174.0]",24.25379753112793,0.0,143.57754516601562,0.015947341918945312,-30.148345947265625
1750932352.311522,0.0,0.5,"[174.0, 185.0, 189.0, 159.0, 153.0, 158.0, 154.0, 170.0, 185.0, 174.0]",24.470670700073242,0.0,143.08963012695312,0.014577865600585938,-30.110137939453125
1750932352.3131769,0.0,0.5,"[174.0, 185.0, 189.0, 159.0, 153.0, 158.0, 154.0, 170.0, 185.0, 174.0]",24.273685455322266,0.0,142.60565185546875,0.0133819580078125,-30.072097778320312
1750932352.3368511,0.0,0.5,"[174.0, 185.0, 188.0, 159.0, 153.0, 158.0, 154.0, 172.0, 185.0, 174.0]",24.47186279296875,0.0,142.11770629882812,0.012327194213867188,-30.03392791748047
1750932352.360755,0.0,0.5,"[174.0, 185.0, 187.0, 159.0, 153.0, 158.0, 154.0, 172.0, 185.0, 174.0]",24.353544235229492,0.0,141.63211059570312,0.011371612548828125,-29.99578094482422
1750932352.3839874,0.0,0.5,"[174.0, 185.0, 187.0, 158.0, 153.0, 158.0, 155.0, 172.0, 185.0, 174.0]",24.59546661376953,0.0,141.1417236328125,0.010438919067382812,-29.957313537597656
1750932352.4071317,0.0,0.5,"[174.0, 185.0, 187.0, 158.0, 153.0, 158.0, 155.0, 172.0, 185.0, 174.0]",24.382511138916016,0.0,140.65557861328125,0.009519577026367188,-29.91907501220703
1750932352.4310825,0.0,0.5,"[174.0, 185.0, 187.0, 158.0, 153.0, 158.0, 155.0, 172.0, 185.0, 174.0]",24.591617584228516,0.0,140.16525268554688,0.008604049682617188,-29.880653381347656
1750932352.4327033,0.0,0.5,"[174.0, 185.0, 187.0, 158.0, 153.0, 158.0, 155.0, 172.0, 185.0, 174.0]",24.471586227416992,0.0,139.67733764648438,0.00775146484375,-29.842300415039062
1750932352.455615,-1.0,0.5,"[174.0, 185.0, 187.0, 158.0, 153.0, 158.0, 155.0, 173.0, 185.0, 174.0]",24.680360794067383,0.0,139.18521118164062,0.007045745849609375,-29.803733825683594
1750932352.4791913,-1.0,0.5,"[174.0, 185.0, 187.0, 158.0, 153.0, 157.0, 154.0, 172.0, 185.0, 174.0]",24.22738265991211,-0.5,138.70114135742188,0.0064487457275390625,-29.78229522705078
1750932352.5037656,0.0,0.5,"[174.0, 185.0, 189.0, 159.0, 154.0, 155.0, 153.0, 170.0, 185.0, 174.0]",24.107255935668945,-0.5,138.21902465820312,0.0059356689453125,-29.779708862304688
1750932352.5271685,0.0,0.5,"[174.0, 185.0, 189.0, 159.0, 154.0, 155.0, 152.0, 170.0, 185.0, 174.0]",24.109560012817383,0.0,137.73703002929688,0.0055255889892578125,-29.76531982421875
1750932352.5504432,0.0,0.5,"[174.0, 185.0, 189.0, 160.0, 154.0, 154.0, 152.0, 169.0, 185.0, 174.0]",24.221227645874023,0.0,137.25289916992188,0.0051746368408203125,-29.748565673828125
1750932352.5520637,0.0,0.5,"[174.0, 185.0, 189.0, 160.0, 154.0, 154.0, 152.0, 169.0, 185.0, 174.0]",24.10002326965332,0.0,136.77120971679688,0.0048828125,-29.731727600097656
1750932352.5752282,0.0,0.5,"[174.0, 185.0, 189.0, 160.0, 154.0, 154.0, 152.0, 169.0, 185.0, 174.0]",24.266164779663086,0.0,136.28616333007812,0.0046443939208984375,-29.715286254882812
1750932352.5982814,0.0,0.5,"[174.0, 185.0, 189.0, 160.0, 154.0, 154.0, 152.0, 169.0, 185.0, 174.0]",24.078201293945312,0.0,135.80487060546875,0.0044384002685546875,-29.699081420898438
1750932352.6224308,0.0,0.5,"[174.0, 185.0, 189.0, 160.0, 154.0, 154.0, 152.0, 169.0, 185.0, 174.0]",24.330413818359375,0.0,135.31851196289062,0.004230499267578125,-29.683181762695312
1750932352.6461709,0.0,0.5,"[174.0, 185.0, 189.0, 160.0, 154.0, 154.0, 152.0, 169.0, 185.0, 174.0]",24.21765899658203,0.0,134.83444213867188,0.0040283203125,-29.667465209960938
1750932352.6693773,0.0,0.5,"[174.0, 185.0, 189.0, 159.0, 154.0, 154.0, 152.0, 170.0, 185.0, 174.0]",24.373760223388672,0.0,134.34719848632812,0.0038318634033203125,-29.651885986328125
1750932352.6710641,0.0,0.5,"[174.0, 185.0, 189.0, 159.0, 154.0, 154.0, 152.0, 170.0, 185.0, 174.0]",24.195180892944336,0.0,133.86355590820312,0.003635406494140625,-29.636276245117188
1750932352.694634,0.0,0.5,"[174.0, 185.0, 189.0, 159.0, 154.0, 154.0, 152.0, 170.0, 185.0, 174.0]",24.43813133239746,0.0,133.37503051757812,0.0034389495849609375,-29.620712280273438
1750932352.7184756,0.0,0.5,"[174.0, 185.0, 189.0, 159.0, 154.0, 154.0, 152.0, 170.0, 185.0, 174.0]",24.30971908569336,0.0,132.88906860351562,0.003253936767578125,-29.605186462402344
1750932352.7417045,0.0,0.5,"[174.0, 185.0, 189.0, 159.0, 154.0, 154.0, 153.0, 171.0, 185.0, 174.0]",24.48126983642578,0.0,132.39968872070312,0.003078460693359375,-29.589675903320312
1750932352.765742,0.0,0.5,"[174.0, 185.0, 189.0, 159.0, 154.0, 154.0, 153.0, 171.0, 185.0, 174.0]",24.303035736083984,0.0,131.91390991210938,0.0028972625732421875,-29.5740966796875
1750932352.7896118,0.0,0.5,"[174.0, 185.0, 188.0, 159.0, 154.0, 154.0, 153.0, 172.0, 185.0, 174.0]",24.545419692993164,0.0,131.42324829101562,0.0026988983154296875,-29.558509826660156
1750932352.791507,0.0,0.5,"[174.0, 185.0, 188.0, 159.0, 154.0, 154.0, 153.0, 172.0, 185.0, 174.0]",24.416526794433594,0.0,130.93515014648438,0.002490997314453125,-29.542938232421875
1750932352.8142953,0.0,0.5,"[174.0, 185.0, 188.0, 159.0, 154.0, 155.0, 153.0, 172.0, 185.0, 174.0]",24.588647842407227,0.0,130.44363403320312,0.0022830963134765625,-29.527374267578125
1750932352.8380785,0.0,0.5,"[174.0, 185.0, 188.0, 159.0, 154.0, 154.0, 153.0, 172.0, 185.0, 174.0]",24.413057327270508,0.0,129.95559692382812,0.002094268798828125,-29.51171112060547
1750932352.8618653,0.0,0.5,"[174.0, 185.0, 187.0, 159.0, 154.0, 155.0, 153.0, 172.0, 185.0, 174.0]",24.6446533203125,0.0,129.46298217773438,0.00191497802734375,-29.496070861816406
1750932352.8847864,0.0,0.5,"[174.0, 185.0, 187.0, 159.0, 154.0, 155.0, 153.0, 172.0, 185.0, 174.0]",24.52075958251953,0.0,128.97280883789062,0.001743316650390625,-29.480422973632812
1750932352.908941,0.0,0.5,"[174.0, 185.0, 187.0, 159.0, 154.0, 155.0, 153.0, 172.0, 185.0, 174.0]",24.692180633544922,0.0,128.47921752929688,0.0015811920166015625,-29.46477508544922
1750932352.9329984,0.0,0.5,"[174.0, 185.0, 187.0, 159.0, 154.0, 155.0, 153.0, 172.0, 185.0, 174.0]",24.518613815307617,0.0,127.98910522460938,0.001422882080078125,-29.44904327392578
1750932352.9346333,0.0,0.5,"[174.0, 185.0, 187.0, 159.0, 154.0, 155.0, 153.0, 172.0, 185.0, 174.0]",24.75428581237793,0.0,127.4942626953125,0.0012607574462890625,-29.433319091796875
1750932352.9580624,0.0,0.5,"[174.0, 185.0, 187.0, 159.0, 154.0, 155.0, 153.0, 172.0, 185.0, 174.0]",24.625272750854492,0.0,127.00201416015625,0.0011005401611328125,-29.417587280273438
1750932352.981976,0.0,0.5,"[174.0, 185.0, 187.0, 159.0, 154.0, 155.0, 154.0, 173.0, 185.0, 174.0]",24.796966552734375,0.0,126.50631713867188,0.0009441375732421875,-29.401870727539062
1750932353.005489,0.0,0.5,"[174.0, 185.0, 187.0, 159.0, 154.0, 155.0, 153.0, 173.0, 185.0, 174.0]",24.624332427978516,0.0,126.01406860351562,0.0007991790771484375,-29.386077880859375
1750932353.028182,0.0,0.5,"[174.0, 185.0, 187.0, 159.0, 154.0, 155.0, 154.0, 173.0, 185.0, 174.0]",24.859725952148438,0.0,125.51715087890625,0.0006694793701171875,-29.370269775390625
1750932353.029808,0.0,0.5,"[174.0, 185.0, 187.0, 159.0, 154.0, 155.0, 154.0, 173.0, 185.0, 174.0]",24.72419548034668,0.0,125.02291870117188,0.000553131103515625,-29.354476928710938
1750932353.0530398,0.0,0.5,"[174.0, 185.0, 187.0, 159.0, 154.0, 155.0, 154.0, 173.0, 185.0, 174.0]",24.900691986083984,0.0,124.525146484375,0.0004520416259765625,-29.33868408203125
1750932353.0772448,0.0,0.5,"[174.0, 185.0, 187.0, 159.0, 154.0, 155.0, 154.0, 173.0, 185.0, 174.0]",24.73143768310547,0.0,124.03076171875,0.0003566741943359375,-29.32280731201172
1750932353.101859,0.0,0.5,"[174.0, 185.0, 187.0, 159.0, 154.0, 155.0, 154.0, 173.0, 185.0, 174.0]",24.96261978149414,0.0,123.53176879882812,0.0002689361572265625,-29.30693817138672
1750932353.1259418,0.0,0.5,"[174.0, 185.0, 187.0, 159.0, 154.0, 155.0, 154.0, 173.0, 185.0, 174.0]",24.82575225830078,0.0,123.03549194335938,0.000186920166015625,-29.291061401367188
1750932353.1498702,0.0,0.5,"[174.0, 185.0, 187.0, 159.0, 154.0, 155.0, 154.0, 173.0, 185.0, 174.0]",25.00425148010254,0.0,122.53567504882812,0.000125885009765625,-29.275192260742188
1750932353.1516519,0.0,0.5,"[174.0, 185.0, 187.0, 159.0, 154.0, 155.0, 154.0, 173.0, 185.0, 174.0]",24.836164474487305,0.0,122.03921508789062,8.58306884765625e-05,-29.259239196777344
1750932353.1756172,0.0,0.5,"[174.0, 185.0, 187.0, 159.0, 154.0, 155.0, 154.0, 173.0, 185.0, 174.0]",25.061458587646484,0.0,121.53823852539062,6.67572021484375e-05,-29.243301391601562
1750932353.1986687,0.0,0.5,"[174.0, 185.0, 187.0, 159.0, 154.0, 155.0, 154.0, 173.0, 185.0, 174.0]",24.93000030517578,0.0,121.03988647460938,6.29425048828125e-05,-29.22734832763672
1750932353.2225025,0.0,0.5,"[174.0, 185.0, 186.0, 159.0, 154.0, 155.0, 154.0, 175.0, 185.0, 174.0]",25.10586166381836,0.0,120.53802490234375,7.43865966796875e-05,-29.211410522460938
1750932353.2469127,0.0,0.5,"[174.0, 185.0, 186.0, 159.0, 154.0, 155.0, 154.0, 175.0, 185.0, 174.0]",24.939794540405273,0.0,120.03948974609375,9.72747802734375e-05,-29.195388793945312
1750932353.2710147,0.0,0.5,"[174.0, 185.0, 186.0, 158.0, 154.0, 155.0, 154.0, 175.0, 185.0, 174.0]",25.16490364074707,0.0,119.53643798828125,0.0001277923583984375,-29.17937469482422
1750932353.2726328,0.0,0.5,"[174.0, 185.0, 186.0, 158.0, 154.0, 155.0, 154.0, 175.0, 185.0, 174.0]",25.032007217407227,0.0,119.03607177734375,0.000164031982421875,-29.163345336914062
1750932353.2961988,0.0,0.5,"[174.0, 185.0, 186.0, 158.0, 154.0, 155.0, 154.0, 175.0, 185.0, 174.0]",25.207691192626953,0.0,118.53216552734375,0.0002040863037109375,-29.14733123779297
1750932353.3197162,0.0,0.5,"[174.0, 185.0, 186.0, 158.0, 154.0, 155.0, 154.0, 175.0, 185.0, 174.0]",25.04352569580078,0.0,118.03155517578125,0.000247955322265625,-29.131240844726562
1750932353.3432982,0.0,0.5,"[174.0, 185.0, 186.0, 158.0, 154.0, 155.0, 154.0, 175.0, 185.0, 174.0]",25.26617431640625,0.0,117.5264892578125,0.0002918243408203125,-29.115158081054688
1750932353.3673108,-1.0,0.5,"[174.0, 185.0, 186.0, 158.0, 154.0, 155.0, 154.0, 175.0, 185.0, 174.0]",25.13222885131836,0.0,117.02410888671875,0.0003337860107421875,-29.09905242919922
1750932353.3913488,-1.0,0.5,"[174.0, 185.0, 186.0, 159.0, 154.0, 154.0, 154.0, 175.0, 185.0, 174.0]",25.013891220092773,-0.5,116.52383422851562,0.00037384033203125,-29.098373413085938
1750932353.3930435,-1.0,0.5,"[174.0, 185.0, 186.0, 159.0, 154.0, 154.0, 154.0, 175.0, 185.0, 174.0]",24.699769973754883,-0.5,116.03024291992188,0.0004119873046875,-29.118614196777344
1750932353.415916,0.0,0.5,"[174.0, 185.0, 190.0, 161.0, 157.0, 151.0, 149.0, 169.0, 185.0, 174.0]",24.468223571777344,-0.5,115.54299926757812,0.0004482269287109375,-29.16400146484375
1750932353.44058,0.0,0.5,"[174.0, 185.0, 192.0, 162.0, 158.0, 149.0, 148.0, 167.0, 185.0, 174.0]",24.476736068725586,0.0,115.054443359375,0.0004787445068359375,-29.195037841796875
1750932353.4647639,0.0,0.5,"[174.0, 185.0, 192.0, 163.0, 158.0, 149.0, 148.0, 167.0, 185.0, 174.0]",24.507164001464844,0.0,114.56503295898438,0.000507354736328125,-29.221649169921875
1750932353.488799,0.0,0.5,"[174.0, 185.0, 192.0, 163.0, 158.0, 149.0, 147.0, 166.0, 185.0, 174.0]",24.468984603881836,0.0,114.07635498046875,0.0005321502685546875,-29.2479248046875
1750932353.512958,0.0,0.5,"[174.0, 185.0, 192.0, 163.0, 259.0, 148.0, 147.0, 166.0, 185.0, 174.0]",24.557600021362305,0.0,113.58596801757812,0.000553131103515625,-29.275115966796875
1750932353.5145912,0.0,0.5,"[174.0, 185.0, 192.0, 163.0, 259.0, 148.0, 147.0, 166.0, 185.0, 174.0]",24.52401351928711,0.0,113.09625244140625,0.000568389892578125,-29.30278778076172
1750932353.5386667,0.0,0.5,"[174.0, 185.0, 193.0, 163.0, 259.0, 148.0, 147.0, 165.0, 185.0, 174.0]",24.6455135345459,0.0,112.60415649414062,0.0005817413330078125,-29.331161499023438
1750932353.5629122,0.0,0.5,"[174.0, 185.0, 193.0, 163.0, 259.0, 148.0, 147.0, 165.0, 185.0, 174.0]",24.51555633544922,0.0,112.11465454101562,0.0005931854248046875,-29.359580993652344
1750932353.5867488,0.0,0.5,"[174.0, 185.0, 193.0, 163.0, 259.0, 148.0, 146.0, 164.0, 185.0, 174.0]",24.688112258911133,0.0,111.62176513671875,0.0006008148193359375,-29.3885498046875
1750932353.6112444,0.0,0.5,"[174.0, 185.0, 193.0, 163.0, 259.0, 148.0, 146.0, 164.0, 185.0, 174.0]",24.583126068115234,0.0,111.13095092773438,0.0006046295166015625,-29.41741943359375
1750932353.6132622,0.0,0.5,"[174.0, 185.0, 193.0, 163.0, 259.0, 148.0, 146.0, 164.0, 185.0, 174.0]",24.768611907958984,0.0,110.63644409179688,0.000606536865234375,-29.44671630859375
1750932353.6383262,0.0,0.5,"[174.0, 185.0, 193.0, 163.0, 259.0, 148.0, 146.0, 164.0, 185.0, 174.0]",24.585119247436523,0.0,110.14559936523438,0.0006084442138671875,-29.475692749023438
1750932353.6622765,0.0,0.5,"[174.0, 185.0, 193.0, 163.0, 259.0, 148.0, 146.0, 164.0, 185.0, 174.0]",24.795101165771484,0.0,109.65057373046875,0.000606536865234375,-29.505142211914062
1750932353.6870975,0.0,0.5,"[174.0, 185.0, 193.0, 163.0, 259.0, 148.0, 146.0, 163.0, 185.0, 174.0]",24.684219360351562,0.0,109.15774536132812,0.0006046295166015625,-29.53436279296875
1750932353.7112482,1.0,0.5,"[174.0, 185.0, 193.0, 163.0, 259.0, 148.0, 146.0, 163.0, 185.0, 174.0]",24.870460510253906,0.0,108.66122436523438,0.00060272216796875,-29.563926696777344
1750932353.712969,1.0,0.5,"[174.0, 185.0, 193.0, 163.0, 259.0, 148.0, 146.0, 163.0, 185.0, 174.0]",24.429166793823242,0.5,108.17276000976562,0.000598907470703125,-29.575523376464844
1750932353.7367601,0.0,0.5,"[174.0, 185.0, 192.0, 162.0, 157.0, 150.0, 148.0, 165.0, 185.0, 174.0]",24.341236114501953,0.5,107.68597412109375,0.0005931854248046875,-29.569717407226562
1750932353.761174,0.0,0.5,"[174.0, 185.0, 192.0, 162.0, 157.0, 151.0, 148.0, 167.0, 185.0, 174.0]",24.28696060180664,0.0,107.20025634765625,0.0005893707275390625,-29.574859619140625
1750932353.7855306,0.0,0.5,"[174.0, 185.0, 192.0, 161.0, 157.0, 151.0, 148.0, 167.0, 185.0, 174.0]",24.402027130126953,0.0,106.7122802734375,0.0005855560302734375,-29.582443237304688
1750932353.807875,0.0,0.5,"[174.0, 185.0, 192.0, 161.0, 157.0, 151.0, 148.0, 167.0, 185.0, 174.0]",24.25244903564453,0.0,106.227294921875,0.000579833984375,-29.58977508544922
1750932353.809923,0.0,0.5,"[174.0, 185.0, 192.0, 161.0, 157.0, 151.0, 148.0, 167.0, 185.0, 174.0]",24.477924346923828,0.0,105.73779296875,0.000576019287109375,-29.596969604492188
1750932353.8334193,0.0,0.5,"[174.0, 185.0, 192.0, 161.0, 156.0, 151.0, 149.0, 167.0, 185.0, 174.0]",24.33379364013672,0.0,105.25115966796875,0.00057220458984375,-29.603622436523438
1750932353.8562496,0.0,0.5,"[174.0, 185.0, 190.0, 161.0, 156.0, 151.0, 149.0, 167.0, 185.0, 174.0]",24.513517379760742,0.0,104.76092529296875,0.000568389892578125,-29.610145568847656
1750932353.879015,0.0,0.5,"[174.0, 185.0, 192.0, 161.0, 156.0, 151.0, 148.0, 167.0, 185.0, 174.0]",24.347963333129883,0.0,104.27401733398438,0.0005645751953125,-29.616195678710938
1750932353.9024422,0.0,0.5,"[174.0, 185.0, 192.0, 161.0, 156.0, 151.0, 149.0, 167.0, 185.0, 174.0]",24.58238410949707,0.0,103.78237915039062,0.000560760498046875,-29.622329711914062
1750932353.925693,0.0,0.5,"[174.0, 185.0, 192.0, 161.0, 156.0, 151.0, 148.0, 167.0, 185.0, 174.0]",24.44618034362793,0.0,103.29351806640625,0.0005588531494140625,-29.628265380859375
1750932353.948372,0.0,0.5,"[174.0, 185.0, 192.0, 161.0, 156.0, 151.0, 148.0, 167.0, 185.0, 174.0]",24.620527267456055,0.0,102.8011474609375,0.00055694580078125,-29.634307861328125
1750932353.9500647,0.0,0.5,"[174.0, 185.0, 192.0, 161.0, 156.0, 151.0, 148.0, 167.0, 185.0, 174.0]",24.452802658081055,0.0,102.31210327148438,0.0005550384521484375,-29.64007568359375
1750932353.9730892,0.0,0.5,"[174.0, 185.0, 192.0, 161.0, 156.0, 151.0, 148.0, 167.0, 185.0, 174.0]",24.68601417541504,0.0,101.81845092773438,0.000553131103515625,-29.646041870117188
1750932353.9958928,0.0,0.5,"[174.0, 185.0, 192.0, 162.0, 156.0, 151.0, 148.0, 166.0, 185.0, 174.0]",24.55164337158203,0.0,101.32742309570312,0.0005512237548828125,-29.651870727539062
1750932354.0180938,0.0,0.5,"[174.0, 185.0, 192.0, 161.0, 156.0, 151.0, 148.0, 166.0, 185.0, 174.0]",24.725914001464844,0.0,100.83294677734375,0.0005512237548828125,-29.657867431640625
1750932354.0409493,0.0,0.5,"[174.0, 185.0, 192.0, 162.0, 156.0, 151.0, 148.0, 166.0, 185.0, 174.0]",24.558034896850586,0.0,100.34182739257812,0.00054931640625,-29.663612365722656
1750932354.0632517,0.0,0.5,"[174.0, 185.0, 192.0, 162.0, 156.0, 151.0, 148.0, 166.0, 185.0, 174.0]",24.789840698242188,0.0,99.8460693359375,0.00054931640625,-29.669570922851562
1750932354.083904,0.0,0.5,"[174.0, 185.0, 192.0, 162.0, 156.0, 151.0, 148.0, 166.0, 185.0, 174.0]",24.655481338500977,0.0,99.35299682617188,0.00054931640625,-29.67540740966797
1750932354.10512,0.0,0.5,"[174.0, 185.0, 192.0, 162.0, 156.0, 151.0, 148.0, 166.0, 185.0, 174.0]",24.830495834350586,0.0,98.85641479492188,0.00054931640625,-29.681411743164062
1750932354.1262228,0.0,0.5,"[174.0, 185.0, 192.0, 162.0, 156.0, 151.0, 148.0, 165.0, 185.0, 174.0]",24.66303062438965,0.0,98.36318969726562,0.00054931640625,-29.687171936035156
1750932354.127935,0.0,0.5,"[174.0, 185.0, 192.0, 162.0, 156.0, 151.0, 148.0, 165.0, 185.0, 174.0]",24.892934799194336,0.0,97.86538696289062,0.00054931640625,-29.693145751953125
1750932354.1491687,0.0,0.5,"[174.0, 185.0, 192.0, 162.0, 156.0, 151.0, 148.0, 165.0, 185.0, 174.0]",24.75859832763672,0.0,97.3702392578125,0.00054931640625,-29.698997497558594
1750932354.170767,0.0,0.5,"[174.0, 185.0, 192.0, 162.0, 156.0, 151.0, 148.0, 165.0, 185.0, 174.0]",24.934329986572266,0.0,96.87158203125,0.0005512237548828125,-29.70501708984375
1750932354.1915302,0.0,0.5,"[174.0, 185.0, 192.0, 162.0, 157.0, 151.0, 148.0, 165.0, 185.0, 174.0]",24.767593383789062,0.0,96.37625122070312,0.0005512237548828125,-29.710800170898438
1750932354.21167,0.0,0.5,"[174.0, 185.0, 192.0, 162.0, 156.0, 151.0, 148.0, 165.0, 185.0, 174.0]",24.995397567749023,0.0,95.87640380859375,0.0005512237548828125,-29.716796875
1750932354.2325048,0.0,0.5,"[174.0, 185.0, 192.0, 162.0, 157.0, 151.0, 148.0, 165.0, 185.0, 174.0]",24.860958099365234,0.0,95.37921142578125,0.0005512237548828125,-29.72265625
1750932354.2527642,0.0,0.5,"[174.0, 185.0, 192.0, 162.0, 156.0, 151.0, 148.0, 165.0, 185.0, 174.0]",25.03748893737793,0.0,94.87850952148438,0.000553131103515625,-29.72869110107422
1750932354.2721534,0.0,0.5,"[174.0, 185.0, 192.0, 162.0, 157.0, 151.0, 148.0, 165.0, 185.0, 174.0]",24.871614456176758,0.0,94.381103515625,0.000553131103515625,-29.7344970703125
1750932354.2926123,0.0,0.5,"[174.0, 185.0, 192.0, 162.0, 156.0, 151.0, 148.0, 165.0, 185.0, 174.0]",25.097177505493164,0.0,93.87918090820312,0.000553131103515625,-29.740509033203125
1750932354.313683,0.0,0.5,"[174.0, 185.0, 192.0, 162.0, 157.0, 151.0, 148.0, 165.0, 185.0, 174.0]",24.962629318237305,0.0,93.37997436523438,0.000553131103515625,-29.746383666992188
1750932354.3337674,0.0,0.5,"[174.0, 185.0, 192.0, 162.0, 156.0, 151.0, 148.0, 165.0, 185.0, 174.0]",25.14000129699707,0.0,92.87722778320312,0.000553131103515625,-29.75244140625
1750932354.3546145,0.0,0.5,"[174.0, 185.0, 192.0, 162.0, 157.0, 151.0, 148.0, 165.0, 185.0, 174.0]",24.975046157836914,0.0,92.37774658203125,0.0005550384521484375,-29.758262634277344
1750932354.3746827,0.0,0.5,"[174.0, 185.0, 192.0, 162.0, 157.0, 151.0, 148.0, 165.0, 185.0, 174.0]",25.19828224182129,0.0,91.87380981445312,0.0005550384521484375,-29.764297485351562
1750932354.3947465,0.0,0.5,"[174.0, 185.0, 192.0, 162.0, 157.0, 151.0, 148.0, 165.0, 185.0, 174.0]",25.063575744628906,0.0,91.37258911132812,0.0005550384521484375,-29.770187377929688
1750932354.4159403,0.0,0.5,"[174.0, 185.0, 192.0, 162.0, 156.0, 151.0, 148.0, 165.0, 185.0, 174.0]",25.241878509521484,0.0,90.8677978515625,0.0005550384521484375,-29.776260375976562
1750932354.4356198,1.0,0.5,"[174.0, 185.0, 192.0, 162.0, 157.0, 151.0, 148.0, 165.0, 185.0, 174.0]",25.077896118164062,0.0,90.36627197265625,0.0005550384521484375,-29.7821044921875
1750932354.455698,0.0,0.5,"[174.0, 185.0, 192.0, 161.0, 156.0, 152.0, 148.0, 166.0, 185.0, 174.0]",25.004589080810547,0.5,89.86624145507812,0.0005550384521484375,-29.773483276367188
1750932354.475663,0.0,0.5,"[174.0, 185.0, 190.0, 161.0, 156.0, 152.0, 149.0, 166.0, 185.0, 174.0]",24.996688842773438,0.0,89.3663330078125,0.0005550384521484375,-29.770095825195312
1750932354.4956808,0.0,0.5,"[174.0, 185.0, 190.0, 161.0, 156.0, 152.0, 149.0, 167.0, 185.0, 174.0]",25.05959129333496,0.0,88.86514282226562,0.0005550384521484375,-29.76800537109375
1750932354.5157485,0.0,0.5,"[174.0, 185.0, 190.0, 161.0, 156.0, 152.0, 149.0, 167.0, 185.0, 174.0]",24.984468460083008,0.0,88.36544799804688,0.0005550384521484375,-29.76580047607422
1750932354.5357978,0.0,0.5,"[174.0, 185.0, 190.0, 161.0, 156.0, 152.0, 149.0, 167.0, 185.0, 174.0]",25.14719009399414,0.0,87.86251831054688,0.0005550384521484375,-29.763572692871094
1750932354.5561786,0.0,0.5,"[174.0, 185.0, 190.0, 161.0, 156.0, 152.0, 149.0, 167.0, 185.0, 174.0]",25.03191375732422,0.0,87.36187744140625,0.0005550384521484375,-29.761009216308594
1750932354.5766523,0.0,0.5,"[174.0, 185.0, 190.0, 161.0, 156.0, 152.0, 149.0, 167.0, 185.0, 174.0]",25.1929931640625,0.0,86.8580322265625,0.0005550384521484375,-29.75843048095703
1750932354.596234,0.0,0.5,"[174.0, 185.0, 190.0, 161.0, 156.0, 152.0, 149.0, 167.0, 185.0, 174.0]",25.03257179260254,0.0,86.35739135742188,0.0005550384521484375,-29.755569458007812
1750932354.6172624,0.0,0.5,"[174.0, 185.0, 190.0, 161.0, 156.0, 152.0, 149.0, 167.0, 185.0, 174.0]",25.256067276000977,0.0,85.85226440429688,0.0005550384521484375,-29.75273895263672
1750932354.6379073,0.0,0.5,"[174.0, 185.0, 190.0, 161.0, 156.0, 152.0, 149.0, 167.0, 185.0, 174.0]",25.115171432495117,0.0,85.3499755859375,0.0005550384521484375,-29.74974822998047
1750932354.6578255,0.0,0.5,"[174.0, 185.0, 190.0, 161.0, 156.0, 152.0, 149.0, 167.0, 185.0, 174.0]",25.295948028564453,0.0,84.84405517578125,0.0005550384521484375,-29.74683380126953
1750932354.6782043,0.0,0.5,"[174.0, 185.0, 190.0, 161.0, 156.0, 152.0, 149.0, 167.0, 185.0, 174.0]",25.134366989135742,0.0,84.34140014648438,0.0005550384521484375,-29.743736267089844
1750932354.6979518,0.0,0.5,"[174.0, 185.0, 190.0, 161.0, 156.0, 152.0, 149.0, 167.0, 185.0, 174.0]",25.354244232177734,0.0,83.83432006835938,0.0005550384521484375,-29.740745544433594
1750932354.7180889,0.0,0.5,"[174.0, 185.0, 190.0, 161.0, 156.0, 152.0, 149.0, 167.0, 185.0, 174.0]",25.216733932495117,0.0,83.32998657226562,0.0005550384521484375,-29.737648010253906
1750932354.738238,0.0,0.5,"[174.0, 185.0, 190.0, 161.0, 156.0, 152.0, 149.0, 167.0, 185.0, 174.0]",25.397418975830078,0.0,82.82205200195312,0.0005550384521484375,-29.734657287597656
1750932354.7578988,0.0,0.5,"[174.0, 185.0, 190.0, 161.0, 156.0, 152.0, 149.0, 167.0, 185.0, 174.0]",25.235891342163086,0.0,82.31735229492188,0.0005550384521484375,-29.73150634765625
1750932354.7782924,0.0,0.5,"[174.0, 185.0, 190.0, 161.0, 156.0, 152.0, 149.0, 167.0, 185.0, 174.0]",25.45296287536621,0.0,81.80828857421875,0.0005550384521484375,-29.728477478027344
1750932354.7981431,0.0,0.5,"[174.0, 185.0, 190.0, 161.0, 156.0, 152.0, 149.0, 167.0, 185.0, 174.0]",25.316652297973633,0.0,81.30197143554688,0.0005550384521484375,-29.72534942626953
1750932354.8180592,0.0,0.5,"[174.0, 185.0, 190.0, 161.0, 156.0, 153.0, 149.0, 167.0, 185.0, 174.0]",25.497928619384766,0.0,80.79202270507812,0.0005550384521484375,-29.722335815429688
1750932354.8392668,0.0,0.5,"[174.0, 185.0, 190.0, 161.0, 156.0, 152.0, 149.0, 167.0, 185.0, 174.0]",25.337059020996094,0.0,80.2852783203125,0.0005550384521484375,-29.719161987304688
1750932354.8577108,0.0,0.5,"[174.0, 185.0, 190.0, 161.0, 156.0, 153.0, 150.0, 167.0, 185.0, 174.0]",25.551471710205078,0.0,79.77426147460938,0.0005550384521484375,-29.716110229492188
1750932354.876388,0.0,0.5,"[174.0, 185.0, 190.0, 161.0, 156.0, 152.0, 149.0, 167.0, 185.0, 174.0]",25.41546058654785,0.0,79.26596069335938,0.0005550384521484375,-29.712966918945312
1750932354.8946478,0.0,0.5,"[174.0, 185.0, 190.0, 161.0, 156.0, 153.0, 150.0, 167.0, 185.0, 174.0]",25.597665786743164,0.0,78.7540283203125,0.0005550384521484375,-29.709922790527344
1750932354.9128637,0.0,0.5,"[174.0, 185.0, 190.0, 161.0, 156.0, 152.0, 149.0, 167.0, 185.0, 174.0]",25.43776512145996,0.0,78.24526977539062,0.0005550384521484375,-29.70673370361328
1750932354.9318187,0.0,0.5,"[174.0, 185.0, 190.0, 161.0, 156.0, 153.0, 150.0, 167.0, 185.0, 174.0]",25.649534225463867,0.0,77.7322998046875,0.0005550384521484375,-29.70366668701172
1750932354.9496427,0.0,0.5,"[174.0, 185.0, 190.0, 161.0, 156.0, 152.0, 150.0, 167.0, 185.0, 174.0]",25.51342010498047,0.0,77.2220458984375,0.0005550384521484375,-29.70050048828125
1750932354.967463,0.0,0.5,"[174.0, 185.0, 190.0, 161.0, 156.0, 153.0, 150.0, 167.0, 185.0, 174.0]",25.696697235107422,0.0,76.70809936523438,0.0005550384521484375,-29.69744110107422
1750932354.9848268,0.0,0.5,"[174.0, 185.0, 190.0, 161.0, 156.0, 152.0, 150.0, 167.0, 185.0, 174.0]",25.537961959838867,0.0,76.19735717773438,0.0005550384521484375,-29.694236755371094
1750932355.016245,0.0,0.5,"[174.0, 185.0, 190.0, 161.0, 156.0, 153.0, 150.0, 167.0, 185.0, 174.0]",25.747087478637695,0.0,75.68243408203125,0.0005550384521484375,-29.69115447998047
1750932355.0341158,0.0,0.5,"[174.0, 185.0, 190.0, 161.0, 156.0, 152.0, 150.0, 167.0, 185.0, 174.0]",25.61064338684082,0.0,75.17022705078125,0.0005550384521484375,-29.687965393066406
1750932355.0520117,0.0,0.5,"[174.0, 185.0, 190.0, 161.0, 156.0, 153.0, 150.0, 167.0, 185.0, 174.0]",25.7950496673584,0.0,74.65432739257812,0.0005550384521484375,-29.684890747070312
1750932355.0690787,0.0,0.5,"[174.0, 185.0, 190.0, 161.0, 156.0, 153.0, 150.0, 167.0, 185.0, 174.0]",25.637605667114258,0.0,74.1416015625,0.0005550384521484375,-29.681663513183594
1750932355.086467,0.0,0.5,"[174.0, 185.0, 190.0, 161.0, 156.0, 153.0, 150.0, 167.0, 185.0, 174.0]",25.844112396240234,0.0,73.62472534179688,0.0005550384521484375,-29.678565979003906
1750932355.1037157,0.0,0.5,"[174.0, 185.0, 190.0, 161.0, 156.0, 153.0, 150.0, 167.0, 185.0, 174.0]",25.707199096679688,0.0,73.110595703125,0.0005550384521484375,-29.67535400390625
1750932355.147403,0.0,0.5,"[174.0, 185.0, 190.0, 161.0, 156.0, 153.0, 150.0, 167.0, 185.0, 174.0]",25.892723083496094,0.0,72.59274291992188,0.0005550384521484375,-29.672256469726562
1750932355.164065,0.0,0.5,"[174.0, 185.0, 190.0, 161.0, 156.0, 153.0, 150.0, 167.0, 185.0, 174.0]",25.736671447753906,0.0,72.07803344726562,0.0005550384521484375,-29.669021606445312
1750932355.1656818,0.0,0.5,"[174.0, 185.0, 190.0, 161.0, 156.0, 153.0, 150.0, 167.0, 185.0, 174.0]",25.94062042236328,0.0,71.5592041015625,0.0005550384521484375,-29.66590118408203
1750932355.1813896,0.0,0.5,"[174.0, 185.0, 190.0, 161.0, 156.0, 153.0, 150.0, 167.0, 185.0, 174.0]",25.803146362304688,0.0,71.04315185546875,0.0005550384521484375,-29.662673950195312
1750932355.222246,0.0,0.5,"[174.0, 185.0, 190.0, 161.0, 156.0, 153.0, 150.0, 168.0, 185.0, 174.0]",25.98970603942871,0.0,70.52337646484375,0.0005550384521484375,-29.659561157226562
1750932355.2380629,0.0,0.5,"[174.0, 185.0, 190.0, 161.0, 156.0, 153.0, 150.0, 168.0, 185.0, 174.0]",25.835121154785156,0.0,70.00668334960938,0.0005550384521484375,-29.65630340576172
1750932355.2537234,0.0,0.5,"[174.0, 185.0, 190.0, 161.0, 156.0, 153.0, 150.0, 168.0, 185.0, 174.0]",26.036624908447266,0.0,69.4859619140625,0.0005550384521484375,-29.653167724609375
1750932355.2699208,0.0,0.5,"[174.0, 185.0, 190.0, 161.0, 156.0, 153.0, 150.0, 168.0, 185.0, 174.0]",25.898530960083008,0.0,68.96798706054688,0.0005550384521484375,-29.649925231933594
1750932355.2846057,0.0,0.5,"[174.0, 185.0, 190.0, 161.0, 156.0, 153.0, 150.0, 168.0, 185.0, 174.0]",26.085983276367188,0.0,68.4462890625,0.0005550384521484375,-29.64678955078125
1750932355.312453,0.0,0.5,"[174.0, 185.0, 190.0, 161.0, 156.0, 153.0, 150.0, 168.0, 185.0, 174.0]",25.932937622070312,0.0,67.92764282226562,0.0005550384521484375,-29.643516540527344
1750932355.3276424,0.0,0.5,"[174.0, 185.0, 190.0, 161.0, 156.0, 153.0, 151.0, 168.0, 185.0, 174.0]",26.13214111328125,0.0,67.40499877929688,0.0005550384521484375,-29.640365600585938
1750932355.3435779,0.0,0.5,"[174.0, 185.0, 190.0, 161.0, 156.0, 153.0, 150.0, 168.0, 185.0, 174.0]",25.993392944335938,0.0,66.88516235351562,0.0005550384521484375,-29.637100219726562
1750932355.3809614,0.0,0.5,"[174.0, 185.0, 190.0, 161.0, 156.0, 153.0, 151.0, 168.0, 185.0, 174.0]",26.181537628173828,0.0,66.36154174804688,0.0005550384521484375,-29.633941650390625
1750932355.395818,0.0,0.5,"[174.0, 185.0, 190.0, 161.0, 156.0, 153.0, 151.0, 168.0, 185.0, 174.0]",26.030092239379883,0.0,65.8409423828125,0.0005550384521484375,-29.630661010742188
1750932355.4105499,0.0,0.5,"[174.0, 185.0, 190.0, 161.0, 155.0, 153.0, 151.0, 168.0, 185.0, 174.0]",26.227163314819336,0.0,65.31640625,0.0005550384521484375,-29.627487182617188
1750932355.425477,0.0,0.5,"[174.0, 185.0, 190.0, 161.0, 156.0, 153.0, 151.0, 168.0, 185.0, 174.0]",26.08778190612793,0.0,64.79464721679688,0.0005550384521484375,-29.62420654296875
1750932355.440559,0.0,0.5,"[174.0, 185.0, 190.0, 161.0, 155.0, 153.0, 151.0, 169.0, 185.0, 174.0]",26.2763671875,0.0,64.26913452148438,0.0005550384521484375,-29.62103271484375
1750932355.477858,0.0,0.5,"[174.0, 185.0, 190.0, 161.0, 156.0, 153.0, 151.0, 168.0, 185.0, 174.0]",26.126567840576172,0.0,63.746612548828125,0.0005550384521484375,-29.61773681640625
1750932355.4935277,0.0,0.5,"[174.0, 185.0, 190.0, 161.0, 155.0, 153.0, 151.0, 169.0, 185.0, 174.0]",26.32168197631836,0.0,63.220184326171875,0.0005550384521484375,-29.614547729492188
1750932355.508505,0.0,0.5,"[174.0, 185.0, 190.0, 161.0, 156.0, 153.0, 151.0, 169.0, 185.0, 174.0]",26.18172836303711,0.0,62.696563720703125,0.0005550384521484375,-29.611244201660156
1750932355.5235648,0.0,0.5,"[174.0, 185.0, 190.0, 161.0, 155.0, 153.0, 151.0, 169.0, 185.0, 174.0]",26.3704891204834,0.0,62.169158935546875,0.0005550384521484375,-29.608055114746094
1750932355.5599911,0.0,0.5,"[174.0, 185.0, 190.0, 161.0, 156.0, 153.0, 151.0, 169.0, 185.0, 174.0]",26.222333908081055,0.0,61.64471435546875,0.0005550384521484375,-29.604736328125
1750932355.5756721,0.0,0.5,"[174.0, 185.0, 190.0, 161.0, 155.0, 153.0, 151.0, 169.0, 185.0, 174.0]",26.415666580200195,0.0,61.116424560546875,0.0005550384521484375,-29.601531982421875
1750932355.5902727,0.0,0.5,"[174.0, 185.0, 190.0, 161.0, 156.0, 153.0, 151.0, 169.0, 185.0, 174.0]",26.275264739990234,0.0,60.590911865234375,0.0005550384521484375,-29.59821319580078
1750932355.6052642,0.0,0.5,"[174.0, 185.0, 190.0, 161.0, 155.0, 153.0, 151.0, 169.0, 185.0, 174.0]",26.46392822265625,0.0,60.0616455078125,0.0005550384521484375,-29.595001220703125
1750932355.6198378,0.0,0.5,"[174.0, 185.0, 190.0, 161.0, 156.0, 153.0, 151.0, 169.0, 185.0, 174.0]",26.317386627197266,0.0,59.535308837890625,0.0005550384521484375,-29.59166717529297
1750932355.6552942,0.0,0.5,"[174.0, 185.0, 190.0, 161.0, 155.0, 153.0, 151.0, 169.0, 185.0, 174.0]",26.509082794189453,0.0,59.005157470703125,0.0005550384521484375,-29.58844757080078
1750932355.6703908,0.0,0.5,"[174.0, 185.0, 190.0, 161.0, 156.0, 153.0, 151.0, 169.0, 185.0, 174.0]",26.368404388427734,0.0,58.477783203125,0.0005550384521484375,-29.585113525390625
1750932355.6845734,0.0,0.5,"[174.0, 185.0, 190.0, 161.0, 155.0, 153.0, 151.0, 169.0, 185.0, 174.0]",26.55672264099121,0.0,57.9466552734375,0.0005550384521484375,-29.581886291503906
1750932355.7099912,0.0,0.5,"[174.0, 185.0, 190.0, 161.0, 156.0, 153.0, 151.0, 169.0, 185.0, 174.0]",26.411714553833008,0.0,57.418426513671875,0.0005550384521484375,-29.578536987304688
1750932355.7244678,0.0,0.5,"[174.0, 185.0, 190.0, 161.0, 155.0, 153.0, 151.0, 169.0, 185.0, 174.0]",26.60190200805664,0.0,56.88641357421875,0.0005550384521484375,-29.575294494628906
1750932355.7502317,0.0,0.5,"[174.0, 185.0, 190.0, 161.0, 155.0, 153.0, 151.0, 169.0, 185.0, 174.0]",26.461145401000977,0.0,56.357208251953125,0.0005550384521484375,-29.571937561035156
1750932355.7648673,0.0,0.5,"[174.0, 185.0, 190.0, 161.0, 155.0, 153.0, 151.0, 169.0, 185.0, 174.0]",26.64891242980957,0.0,55.824249267578125,0.0005550384521484375,-29.568695068359375
1750932355.790091,0.0,0.5,"[174.0, 185.0, 190.0, 161.0, 155.0, 153.0, 151.0, 169.0, 185.0, 174.0]",26.505306243896484,0.0,55.29412841796875,0.0005550384521484375,-29.565322875976562
1750932355.804597,0.0,0.5,"[174.0, 185.0, 190.0, 161.0, 155.0, 153.0, 151.0, 169.0, 185.0, 174.0]",26.694093704223633,0.0,54.760284423828125,0.0005550384521484375,-29.56207275390625
1750932355.83013,0.0,0.5,"[174.0, 185.0, 190.0, 161.0, 155.0, 153.0, 151.0, 169.0, 185.0, 174.0]",26.553470611572266,0.0,54.229217529296875,0.0005550384521484375,-29.558700561523438
1750932355.8454854,0.0,0.5,"[174.0, 185.0, 190.0, 161.0, 155.0, 153.0, 151.0, 169.0, 185.0, 174.0]",26.740510940551758,0.0,53.69439697265625,0.0005550384521484375,-29.555435180664062
1750932355.8595304,0.0,0.5,"[174.0, 185.0, 190.0, 161.0, 155.0, 153.0, 151.0, 169.0, 185.0, 174.0]",26.598190307617188,0.0,53.162445068359375,0.0005550384521484375,-29.552047729492188
1750932355.896085,0.0,0.5,"[174.0, 185.0, 190.0, 161.0, 155.0, 153.0, 151.0, 169.0, 185.0, 174.0]",26.785654067993164,0.0,52.626739501953125,0.0005550384521484375,-29.548782348632812
1750932355.9097571,0.0,0.5,"[174.0, 185.0, 190.0, 161.0, 155.0, 153.0, 151.0, 169.0, 185.0, 174.0]",26.645362854003906,0.0,52.093841552734375,0.0005550384521484375,-29.545387268066406
1750932355.9246275,0.0,0.5,"[174.0, 185.0, 189.0, 161.0, 155.0, 153.0, 151.0, 169.0, 185.0, 174.0]",26.83154296875,0.0,51.557220458984375,0.0005550384521484375,-29.54210662841797
1750932355.949567,0.0,0.5,"[174.0, 185.0, 190.0, 161.0, 155.0, 153.0, 151.0, 169.0, 185.0, 174.0]",26.690380096435547,0.0,51.0234375,0.0005550384521484375,-29.53870391845703
1750932355.9638848,0.0,0.5,"[174.0, 185.0, 189.0, 161.0, 155.0, 153.0, 151.0, 169.0, 185.0, 174.0]",26.876577377319336,0.0,50.485931396484375,0.0005550384521484375,-29.535415649414062
1750932355.988899,0.0,0.5,"[174.0, 185.0, 189.0, 161.0, 155.0, 153.0, 151.0, 169.0, 185.0, 174.0]",26.73678970336914,0.0,49.951202392578125,0.0005550384521484375,-29.532012939453125
1750932356.0035102,0.0,0.5,"[174.0, 185.0, 189.0, 160.0, 155.0, 153.0, 151.0, 169.0, 185.0, 174.0]",26.92200469970703,0.0,49.412750244140625,0.0005550384521484375,-29.528709411621094
1750932356.0392284,0.0,0.5,"[174.0, 185.0, 189.0, 161.0, 155.0, 153.0, 151.0, 169.0, 185.0, 174.0]",26.78190040588379,0.0,48.87713623046875,0.0005550384521484375,-29.525291442871094
1750932356.05375,0.0,0.5,"[174.0, 185.0, 189.0, 160.0, 155.0, 153.0, 151.0, 169.0, 185.0, 174.0]",26.966869354248047,0.0,48.337799072265625,0.0005550384521484375,-29.521987915039062
1750932356.0680096,0.0,0.5,"[174.0, 185.0, 189.0, 161.0, 155.0, 153.0, 151.0, 169.0, 185.0, 174.0]",26.827726364135742,0.0,47.80126953125,0.0005550384521484375,-29.51856231689453
1750932356.0821042,0.0,0.5,"[174.0, 185.0, 189.0, 160.0, 155.0, 153.0, 151.0, 169.0, 185.0, 174.0]",27.01189613342285,0.0,47.26104736328125,0.0005550384521484375,-29.515243530273438
1750932356.1179466,0.0,0.5,"[174.0, 185.0, 189.0, 160.0, 155.0, 153.0, 151.0, 169.0, 185.0, 174.0]",26.872783660888672,0.0,46.723602294921875,0.0005550384521484375,-29.511810302734375
1750932356.1320188,0.0,0.5,"[174.0, 185.0, 189.0, 160.0, 155.0, 153.0, 151.0, 170.0, 185.0, 174.0]",27.056550979614258,0.0,46.182464599609375,0.0005550384521484375,-29.50848388671875
1750932356.1459582,0.0,0.5,"[174.0, 185.0, 189.0, 160.0, 155.0, 153.0, 151.0, 170.0, 185.0, 174.0]",26.91815185546875,0.0,45.644134521484375,0.0005550384521484375,-29.505043029785156
1750932356.160329,0.0,0.5,"[174.0, 185.0, 189.0, 160.0, 155.0, 153.0, 151.0, 170.0, 185.0, 174.0]",27.101215362548828,0.0,45.10211181640625,0.0005550384521484375,-29.501708984375
1750932356.1963525,0.0,0.5,"[174.0, 185.0, 189.0, 160.0, 155.0, 153.0, 151.0, 170.0, 185.0, 174.0]",26.96306037902832,0.0,44.5628662109375,0.0005550384521484375,-29.498260498046875
1750932356.212049,0.0,0.5,"[174.0, 185.0, 189.0, 160.0, 155.0, 153.0, 151.0, 170.0, 185.0, 174.0]",27.1456241607666,0.0,44.01995849609375,0.0005550384521484375,-29.494918823242188
1750932356.22757,0.0,0.5,"[174.0, 185.0, 189.0, 160.0, 155.0, 153.0, 151.0, 170.0, 185.0, 174.0]",27.008047103881836,0.0,43.47979736328125,0.0005550384521484375,-29.491455078125
1750932356.2420828,0.0,0.5,"[174.0, 185.0, 189.0, 160.0, 155.0, 153.0, 151.0, 170.0, 185.0, 174.0]",27.18996238708496,0.0,42.936004638671875,0.0005550384521484375,-29.488113403320312
1750932356.276493,0.0,0.5,"[174.0, 185.0, 189.0, 160.0, 155.0, 153.0, 151.0, 170.0, 185.0, 174.0]",27.052745819091797,0.0,42.39495849609375,0.0005550384521484375,-29.484642028808594
1750932356.2900925,0.0,0.5,"[174.0, 185.0, 189.0, 160.0, 155.0, 153.0, 151.0, 170.0, 185.0, 174.0]",27.234100341796875,0.0,41.850311279296875,0.0005550384521484375,-29.481285095214844
1750932356.303959,0.0,0.5,"[174.0, 185.0, 189.0, 160.0, 155.0, 153.0, 151.0, 170.0, 185.0, 174.0]",27.097408294677734,0.0,41.308380126953125,0.0005550384521484375,-29.477806091308594
1750932356.3275552,0.0,0.5,"[174.0, 185.0, 189.0, 160.0, 155.0, 153.0, 151.0, 170.0, 185.0, 174.0]",27.27812957763672,0.0,40.7628173828125,0.0005550384521484375,-29.474441528320312
1750932356.3411589,0.0,0.5,"[174.0, 185.0, 189.0, 160.0, 155.0, 153.0, 151.0, 170.0, 185.0, 174.0]",27.14185905456543,0.0,40.220001220703125,0.0005550384521484375,-29.47095489501953
1750932356.37565,0.0,0.5,"[174.0, 185.0, 189.0, 160.0, 155.0, 153.0, 151.0, 170.0, 185.0, 174.0]",27.321990966796875,0.0,39.673553466796875,0.0005550384521484375,-29.46758270263672
1750932356.3893535,0.0,0.5,"[174.0, 185.0, 189.0, 160.0, 155.0, 153.0, 151.0, 170.0, 185.0, 174.0]",27.186216354370117,0.0,39.129852294921875,0.0005550384521484375,-29.464088439941406
1750932356.4033694,0.0,0.5,"[174.0, 185.0, 189.0, 160.0, 155.0, 153.0, 151.0, 170.0, 185.0, 174.0]",27.365720748901367,0.0,38.582550048828125,0.0005550384521484375,-29.460708618164062
1750932356.4376984,0.0,0.5,"[174.0, 185.0, 189.0, 160.0, 155.0, 153.0, 151.0, 170.0, 185.0, 174.0]",27.230411529541016,0.0,38.037933349609375,0.0005550384521484375,-29.45720672607422
1750932356.451852,0.0,0.5,"[174.0, 185.0, 189.0, 160.0, 155.0, 153.0, 152.0, 170.0, 185.0, 174.0]",27.409297943115234,0.0,37.489776611328125,0.0005550384521484375,-29.453811645507812
1750932356.46599,0.0,0.5,"[174.0, 185.0, 189.0, 160.0, 155.0, 153.0, 151.0, 170.0, 185.0, 174.0]",27.27448844909668,0.0,36.944305419921875,0.0005550384521484375,-29.450302124023438
1750932356.479917,0.0,0.5,"[174.0, 185.0, 189.0, 160.0, 155.0, 153.0, 152.0, 170.0, 185.0, 174.0]",27.45273780822754,0.0,36.395233154296875,0.0005550384521484375,-29.44690704345703
1750932356.5137346,0.0,0.5,"[174.0, 185.0, 189.0, 160.0, 155.0, 153.0, 152.0, 170.0, 185.0, 174.0]",27.31841468811035,0.0,35.848876953125,0.0005550384521484375,-29.443389892578125
1750932356.5273354,0.0,0.5,"[174.0, 185.0, 189.0, 160.0, 155.0, 153.0, 152.0, 170.0, 185.0, 174.0]",27.496028900146484,0.0,35.298980712890625,0.0005550384521484375,-29.439979553222656
1750932356.5409708,0.0,0.5,"[174.0, 185.0, 189.0, 160.0, 155.0, 153.0, 152.0, 170.0, 185.0, 174.0]",27.362213134765625,0.0,34.751739501953125,0.0005550384521484375,-29.43645477294922
1750932356.5742211,0.0,0.5,"[174.0, 185.0, 189.0, 160.0, 155.0, 153.0, 152.0, 170.0, 185.0, 174.0]",27.5391788482666,0.0,34.200958251953125,0.0005550384521484375,-29.43303680419922
1750932356.5876806,0.0,0.5,"[174.0, 185.0, 189.0, 160.0, 155.0, 153.0, 152.0, 170.0, 185.0, 174.0]",27.405866622924805,0.0,33.652862548828125,0.0005550384521484375,-29.42950439453125
1750932356.6015072,0.0,0.5,"[174.0, 185.0, 189.0, 160.0, 155.0, 153.0, 152.0, 170.0, 185.0, 174.0]",27.582185745239258,0.0,33.101226806640625,0.0005550384521484375,-29.42607879638672
1750932356.637628,0.0,0.5,"[174.0, 185.0, 189.0, 160.0, 155.0, 153.0, 152.0, 170.0, 185.0, 174.0]",27.449392318725586,0.0,32.55224609375,0.0005550384521484375,-29.42253875732422
1750932356.6543715,0.0,0.5,"[174.0, 185.0, 189.0, 160.0, 155.0, 153.0, 152.0, 170.0, 185.0, 174.0]",27.625049591064453,0.0,31.999755859375,0.0005550384521484375,-29.419105529785156
1750932356.6716304,0.0,0.5,"[174.0, 185.0, 189.0, 160.0, 155.0, 153.0, 152.0, 170.0, 185.0, 174.0]",27.492780685424805,0.0,31.449920654296875,0.0005550384521484375,-29.415557861328125
1750932356.6874206,0.0,0.5,"[174.0, 185.0, 189.0, 160.0, 155.0, 153.0, 152.0, 170.0, 185.0, 174.0]",27.667770385742188,0.0,30.896575927734375,0.0005550384521484375,-29.41211700439453
1750932356.7017996,0.0,0.5,"[174.0, 185.0, 189.0, 160.0, 155.0, 153.0, 152.0, 170.0, 185.0, 174.0]",27.536035537719727,0.0,30.345855712890625,0.0005550384521484375,-29.408554077148438
1750932356.7354066,0.0,0.5,"[174.0, 185.0, 189.0, 160.0, 155.0, 153.0, 152.0, 170.0, 185.0, 174.0]",27.710350036621094,0.0,29.791656494140625,0.0005550384521484375,-29.405105590820312
1750932356.7496789,0.0,0.5,"[174.0, 185.0, 189.0, 160.0, 155.0, 153.0, 152.0, 170.0, 185.0, 174.0]",27.57915687561035,0.0,29.2401123046875,0.0005550384521484375,-29.40154266357422
1750932356.7639828,0.0,0.5,"[174.0, 185.0, 189.0, 160.0, 155.0, 153.0, 152.0, 170.0, 185.0, 174.0]",27.752790451049805,0.0,28.68505859375,0.0005550384521484375,-29.398086547851562
1750932356.7877588,0.0,0.5,"[174.0, 185.0, 189.0, 160.0, 155.0, 153.0, 152.0, 170.0, 185.0, 174.0]",27.62214469909668,0.0,28.13262939453125,0.0005550384521484375,-29.394515991210938
1750932356.8019378,0.0,0.5,"[174.0, 185.0, 189.0, 160.0, 155.0, 153.0, 152.0, 170.0, 185.0, 174.0]",27.795085906982422,0.0,27.57672119140625,0.0005550384521484375,-29.39104461669922
1750932356.8356786,0.0,0.5,"[174.0, 185.0, 189.0, 160.0, 155.0, 153.0, 152.0, 170.0, 185.0, 174.0]",27.66499900817871,0.0,27.0234375,0.0005550384521484375,-29.387466430664062
1750932356.8494794,0.0,0.5,"[174.0, 185.0, 189.0, 160.0, 155.0, 153.0, 152.0, 170.0, 185.0, 174.0]",27.83724594116211,0.0,26.466705322265625,0.0005550384521484375,-29.383987426757812
1750932356.8634107,0.0,0.5,"[174.0, 185.0, 189.0, 160.0, 155.0, 153.0, 152.0, 170.0, 185.0, 174.0]",27.707725524902344,0.0,25.912567138671875,0.0005550384521484375,-29.380401611328125
1750932356.896137,0.0,0.5,"[174.0, 185.0, 189.0, 160.0, 155.0, 153.0, 152.0, 170.0, 185.0, 174.0]",27.879261016845703,0.0,25.355010986328125,0.0005550384521484375,-29.376922607421875
1750932356.909589,0.0,0.5,"[174.0, 185.0, 189.0, 160.0, 155.0, 153.0, 152.0, 170.0, 185.0, 174.0]",27.750316619873047,0.0,24.79998779296875,0.0005550384521484375,-29.373321533203125
1750932356.9226105,0.0,0.5,"[174.0, 185.0, 189.0, 160.0, 155.0, 153.0, 152.0, 170.0, 185.0, 174.0]",27.921140670776367,0.0,24.2415771484375,0.0005550384521484375,-29.369834899902344
1750932356.9549847,0.0,0.5,"[174.0, 185.0, 189.0, 160.0, 155.0, 153.0, 152.0, 170.0, 185.0, 174.0]",27.792781829833984,0.0,23.685760498046875,0.0005550384521484375,-29.366226196289062
1750932356.9675715,0.0,0.5,"[174.0, 185.0, 189.0, 160.0, 155.0, 153.0, 152.0, 170.0, 185.0, 174.0]",27.96287727355957,0.0,23.126495361328125,0.0005550384521484375,-29.36273193359375
1750932356.9809954,0.0,0.5,"[174.0, 185.0, 189.0, 160.0, 155.0, 153.0, 152.0, 170.0, 185.0, 174.0]",27.835115432739258,0.0,22.569793701171875,0.0005550384521484375,-29.359115600585938
1750932357.014662,0.0,0.5,"[174.0, 185.0, 189.0, 160.0, 155.0, 153.0, 152.0, 171.0, 185.0, 174.0]",28.004478454589844,0.0,22.009735107421875,0.0005550384521484375,-29.355613708496094
1750932357.028768,0.0,0.5,"[174.0, 185.0, 189.0, 160.0, 155.0, 153.0, 152.0, 170.0, 185.0, 174.0]",27.877317428588867,0.0,21.45220947265625,0.0005550384521484375,-29.35198974609375
1750932357.0418017,0.0,0.5,"[174.0, 185.0, 189.0, 160.0, 155.0, 153.0, 152.0, 171.0, 185.0, 174.0]",28.045940399169922,0.0,20.89129638671875,0.0005550384521484375,-29.348480224609375
1750932357.074086,0.0,0.5,"[174.0, 185.0, 189.0, 160.0, 155.0, 153.0, 152.0, 171.0, 185.0, 174.0]",27.919391632080078,0.0,20.332916259765625,0.0005550384521484375,-29.3448486328125
1750932357.0869603,0.0,0.5,"[174.0, 185.0, 189.0, 160.0, 155.0, 153.0, 152.0, 171.0, 185.0, 174.0]",28.087257385253906,0.0,19.77117919921875,0.0005550384521484375,-29.341331481933594
1750932357.0999594,0.0,0.5,"[174.0, 185.0, 189.0, 160.0, 155.0, 153.0, 152.0, 171.0, 185.0, 174.0]",27.961339950561523,0.0,19.21197509765625,0.0005550384521484375,-29.337692260742188
1750932357.1318457,0.0,0.5,"[174.0, 185.0, 189.0, 160.0, 155.0, 153.0, 152.0, 171.0, 185.0, 174.0]",28.128442764282227,0.0,18.6494140625,0.0005550384521484375,-29.33416748046875
1750932357.1449752,0.0,0.5,"[174.0, 185.0, 189.0, 160.0, 155.0, 153.0, 152.0, 171.0, 185.0, 174.0]",28.003154754638672,0.0,18.08935546875,0.0005550384521484375,-29.330520629882812
1750932357.1674364,0.0,0.5,"[174.0, 185.0, 189.0, 160.0, 155.0, 153.0, 152.0, 171.0, 185.0, 174.0]",28.16948699951172,0.0,17.525970458984375,0.0005550384521484375,-29.326980590820312
1750932357.180384,0.0,0.5,"[174.0, 185.0, 189.0, 160.0, 155.0, 153.0, 152.0, 171.0, 185.0, 174.0]",28.04484748840332,0.0,16.965087890625,0.0005550384521484375,-29.323333740234375
1750932357.2135909,0.0,0.5,"[174.0, 185.0, 189.0, 160.0, 155.0, 153.0, 152.0, 171.0, 185.0, 174.0]",28.210397720336914,0.0,16.400909423828125,0.0005550384521484375,-29.319786071777344
1750932357.2271123,0.0,0.5,"[174.0, 185.0, 189.0, 160.0, 155.0, 153.0, 152.0, 171.0, 185.0, 174.0]",28.08641242980957,0.0,15.83917236328125,0.0005550384521484375,-29.316131591796875
1750932357.2399447,0.0,0.5,"[174.0, 185.0, 189.0, 160.0, 155.0, 153.0, 152.0, 171.0, 185.0, 174.0]",28.25116729736328,0.0,15.274169921875,0.0005550384521484375,-29.312576293945312
1750932357.2710938,0.0,0.5,"[174.0, 185.0, 189.0, 160.0, 155.0, 153.0, 152.0, 171.0, 185.0, 174.0]",28.127851486206055,0.0,14.71160888671875,0.0005550384521484375,-29.30890655517578
1750932357.2833056,0.0,0.5,"[174.0, 185.0, 189.0, 160.0, 155.0, 153.0, 152.0, 172.0, 185.0, 174.0]",28.291799545288086,0.0,14.145782470703125,0.0005550384521484375,-29.305343627929688
1750932357.3140674,0.0,0.5,"[174.0, 185.0, 189.0, 160.0, 155.0, 153.0, 152.0, 172.0, 185.0, 174.0]",28.169164657592773,0.0,13.582427978515625,0.0005550384521484375,-29.301673889160156
1750932357.3274825,0.0,0.5,"[174.0, 185.0, 189.0, 160.0, 155.0, 153.0, 152.0, 172.0, 185.0, 174.0]",28.332294464111328,0.0,13.015777587890625,0.0005550384521484375,-29.298110961914062
1750932357.3409576,0.0,0.5,"[174.0, 185.0, 189.0, 160.0, 155.0, 153.0, 152.0, 172.0, 185.0, 174.0]",28.210357666015625,0.0,12.45159912109375,0.0005550384521484375,-29.29442596435547
1750932357.371762,0.0,0.5,"[174.0, 185.0, 189.0, 160.0, 155.0, 153.0, 152.0, 172.0, 185.0, 174.0]",28.372655868530273,0.0,11.8841552734375,0.0005550384521484375,-29.290847778320312
1750932357.3843815,0.0,0.5,"[174.0, 185.0, 189.0, 160.0, 155.0, 153.0, 152.0, 172.0, 185.0, 174.0]",28.25141716003418,0.0,11.31915283203125,0.0005550384521484375,-29.28716278076172
1750932357.4063718,0.0,0.5,"[174.0, 185.0, 189.0, 160.0, 155.0, 153.0, 152.0, 172.0, 185.0, 174.0]",28.41287612915039,0.0,10.750885009765625,0.0005550384521484375,-29.283584594726562
1750932357.4182005,0.0,0.5,"[174.0, 185.0, 189.0, 160.0, 155.0, 153.0, 152.0, 172.0, 185.0, 174.0]",28.292362213134766,0.0,10.18505859375,0.0005550384521484375,-29.279884338378906
1750932357.4487453,0.0,0.5,"[174.0, 185.0, 189.0, 160.0, 155.0, 153.0, 152.0, 172.0, 185.0, 174.0]",28.452966690063477,0.0,9.615997314453125,0.0005550384521484375,-29.276290893554688
1750932357.4611182,0.0,0.5,"[174.0, 185.0, 189.0, 160.0, 155.0, 153.0, 152.0, 172.0, 185.0, 174.0]",28.333181381225586,0.0,9.049346923828125,0.0005550384521484375,-29.27259063720703
1750932357.4925506,0.0,0.5,"[174.0, 185.0, 189.0, 160.0, 155.0, 153.0, 152.0, 172.0, 185.0, 174.0]",28.492916107177734,0.0,8.479522705078125,0.0005550384521484375,-29.268997192382812
1750932357.5051506,0.0,0.5,"[174.0, 185.0, 189.0, 160.0, 155.0, 153.0, 152.0, 172.0, 185.0, 174.0]",28.373878479003906,0.0,7.91204833984375,0.0005550384521484375,-29.265281677246094
1750932357.5268872,0.0,0.5,"[174.0, 185.0, 188.0, 160.0, 155.0, 153.0, 152.0, 172.0, 185.0, 174.0]",28.532730102539062,0.0,7.341400146484375,0.0005550384521484375,-29.261672973632812
1750932357.5398614,0.0,0.5,"[174.0, 185.0, 189.0, 160.0, 155.0, 153.0, 152.0, 172.0, 185.0, 174.0]",28.414457321166992,0.0,6.77313232421875,0.0005550384521484375,-29.257957458496094
1750932357.5704474,0.0,0.5,"[174.0, 185.0, 188.0, 160.0, 155.0, 153.0, 152.0, 172.0, 185.0, 174.0]",28.57240867614746,0.0,6.201690673828125,0.0005550384521484375,-29.254348754882812
1750932357.582963,0.0,0.5,"[174.0, 185.0, 188.0, 160.0, 155.0, 153.0, 152.0, 172.0, 185.0, 174.0]",28.454914093017578,0.0,5.632598876953125,0.0005550384521484375,-29.250625610351562
1750932357.6147509,0.0,0.5,"[174.0, 185.0, 188.0, 160.0, 155.0, 153.0, 152.0, 172.0, 185.0, 174.0]",28.61195182800293,0.0,5.06036376953125,0.0005550384521484375,-29.24700164794922
1750932357.6279461,0.0,0.5,"[174.0, 185.0, 188.0, 160.0, 155.0, 153.0, 152.0, 172.0, 185.0, 174.0]",28.495250701904297,0.0,4.490478515625,0.0005550384521484375,-29.243270874023438
1750932357.6404629,0.0,0.5,"[174.0, 185.0, 188.0, 160.0, 155.0, 153.0, 152.0, 172.0, 185.0, 174.0]",28.65135955810547,0.0,3.91748046875,0.0005550384521484375,-29.239639282226562
1750932357.671356,0.0,0.5,"[174.0, 185.0, 188.0, 160.0, 155.0, 153.0, 152.0, 172.0, 185.0, 174.0]",28.535470962524414,0.0,3.346771240234375,0.0005550384521484375,-29.23590087890625
1750932357.6857755,0.0,0.5,"[174.0, 185.0, 178.0, 155.0, 154.0, 154.0, 156.0, 179.0, 185.0, 174.0]",0.0,0.0,0.0,0.10000038146972656,-27.93000030517578
1750932357.6983597,0.0,0.5,"[174.0, 185.0, 179.0, 155.0, 154.0, 154.0, 156.0, 179.0, 185.0, 174.0]",0.9286777377128601,0.0,-0.004119873046875,0.08189201354980469,-27.93000030517578
1750932357.7285686,0.0,0.5,"[174.0, 185.0, 179.0, 155.0, 154.0, 154.0, 156.0, 180.0, 185.0, 174.0]",0.9789978265762329,0.0,-0.013763427734375,0.06484222412109375,-27.93000030517578
1750932357.741149,0.0,0.5,"[174.0, 185.0, 179.0, 155.0, 154.0, 154.0, 156.0, 181.0, 185.0, 174.0]",1.047924518585205,0.0,-0.027587890625,0.0490875244140625,-27.930015563964844
1750932357.7712862,0.0,0.0,"[174.0, 185.0, 179.0, 155.0, 154.0, 154.0, 156.0, 181.0, 185.0, 174.0]",1.1040345430374146,0.0,-0.044403076171875,0.034786224365234375,-27.929855346679688
1750932357.7838356,0.0,0.0,"[174.0, 185.0, 180.0, 156.0, 154.0, 154.0, 156.0, 181.0, 185.0, 174.0]",0.872836172580719,0.0,-0.05633544921875,0.02204132080078125,-27.929824829101562
1750932357.8145416,0.0,0.0,"[174.0, 185.0, 180.0, 156.0, 154.0, 155.0, 156.0, 181.0, 185.0, 174.0]",0.6503580212593079,0.0,-0.063018798828125,0.010894775390625,-27.929824829101562
1750932357.826382,0.0,0.0,"[174.0, 185.0, 181.0, 156.0, 154.0, 154.0, 156.0, 181.0, 185.0, 174.0]",0.48776715993881226,0.0,-0.06103515625,0.0013484954833984375,-27.929969787597656
1750932357.8389628,0.0,0.0,"[174.0, 185.0, 181.0, 156.0, 154.0, 155.0, 158.0, 181.0, 185.0, 174.0]",0.4123600125312805,0.0,-0.06292724609375,-0.0066356658935546875,-27.92919921875
1750932357.8691814,0.0,0.0,"[174.0, 185.0, 181.0, 156.0, 154.0, 155.0, 158.0, 183.0, 185.0, 174.0]",0.32555049657821655,0.0,-0.06292724609375,-0.01313018798828125,-27.92871856689453
1750932357.881608,0.0,0.0,"[174.0, 185.0, 181.0, 156.0, 154.0, 155.0, 158.0, 183.0, 185.0, 174.0]",0.4012880325317383,0.0,-0.06292724609375,-0.018224716186523438,-27.934921264648438
1750932357.91116,0.0,0.0,"[174.0, 185.0, 181.0, 156.0, 154.0, 155.0, 158.0, 183.0, 185.0, 174.0]",0.3199296295642853,0.0,-0.06292724609375,-0.022035598754882812,-27.929779052734375
1750932357.9235268,0.0,0.0,"[174.0, 185.0, 181.0, 156.0, 154.0, 155.0, 158.0, 183.0, 185.0, 174.0]",0.2619192600250244,0.0,-0.06292724609375,-0.024682998657226562,-27.934295654296875
1750932357.9531019,0.0,0.0,"[174.0, 185.0, 181.0, 156.0, 154.0, 155.0, 158.0, 183.0, 185.0, 174.0]",0.08766613155603409,0.0,-0.06292724609375,-0.026300430297851562,-27.934974670410156
1750932357.965667,0.0,0.0,"[174.0, 185.0, 181.0, 156.0, 154.0, 155.0, 158.0, 183.0, 185.0, 174.0]",0.2859298586845398,0.0,-0.062896728515625,-0.027021408081054688,-27.929306030273438
1750932357.9781814,0.0,0.0,"[174.0, 185.0, 181.0, 156.0, 154.0, 154.0, 158.0, 183.0, 185.0, 174.0]",0.24609920382499695,0.0,-0.06292724609375,-0.0269775390625,-27.934219360351562
1750932358.0086393,0.0,0.0,"[174.0, 185.0, 181.0, 156.0, 154.0, 154.0, 158.0, 183.0, 185.0, 174.0]",0.18908721208572388,0.0,-0.062896728515625,-0.026296615600585938,-27.930503845214844
1750932358.021624,0.0,0.0,"[174.0, 185.0, 181.0, 156.0, 154.0, 154.0, 158.0, 183.0, 185.0, 174.0]",0.2393483817577362,0.0,-0.062896728515625,-0.025106430053710938,-27.925865173339844
1750932358.051426,0.0,0.0,"[174.0, 185.0, 181.0, 156.0, 154.0, 154.0, 158.0, 183.0, 185.0, 174.0]",0.08882268518209457,0.0,-0.062896728515625,-0.023515701293945312,-27.926658630371094
1750932358.0639236,0.0,0.0,"[174.0, 185.0, 181.0, 156.0, 154.0, 154.0, 158.0, 181.0, 185.0, 174.0]",0.25067558884620667,0.0,-0.062896728515625,-0.021633148193359375,-27.922012329101562
1750932358.0941799,0.0,0.0,"[174.0, 185.0, 181.0, 156.0, 154.0, 154.0, 156.0, 181.0, 185.0, 174.0]",0.1120205894112587,0.0,-0.062896728515625,-0.019550323486328125,-27.922836303710938
1750932358.1071079,0.0,0.0,"[174.0, 185.0, 181.0, 156.0, 154.0, 154.0, 156.0, 181.0, 185.0, 174.0]",0.24414555728435516,0.0,-0.062896728515625,-0.017353057861328125,-27.918479919433594
1750932358.1190946,0.0,0.0,"[174.0, 185.0, 181.0, 156.0, 154.0, 154.0, 156.0, 181.0, 185.0, 174.0]",0.11456616222858429,0.0,-0.062896728515625,-0.015110015869140625,-27.918006896972656
1750932358.149323,0.0,0.0,"[174.0, 185.0, 181.0, 156.0, 154.0, 154.0, 156.0, 181.0, 185.0, 174.0]",0.21917924284934998,0.0,-0.062896728515625,-0.01288604736328125,-27.921783447265625
1750932358.1619475,0.0,0.0,"[174.0, 185.0, 181.0, 156.0, 154.0, 154.0, 156.0, 181.0, 185.0, 174.0]",0.16938002407550812,0.0,-0.062896728515625,-0.010728836059570312,-27.924392700195312
1750932358.1919987,0.0,0.0,"[174.0, 185.0, 180.0, 156.0, 154.0, 154.0, 156.0, 181.0, 185.0, 174.0]",0.14400474727153778,0.0,-0.062896728515625,-0.008680343627929688,-27.92237091064453
1750932358.2043555,0.0,0.0,"[174.0, 185.0, 180.0, 156.0, 154.0, 154.0, 156.0, 181.0, 185.0, 174.0]",0.21118564903736115,0.0,-0.062896728515625,-0.006771087646484375,-27.92613983154297
1750932358.2256548,0.0,0.0,"[174.0, 185.0, 180.0, 156.0, 154.0, 154.0, 156.0, 181.0, 185.0, 174.0]",0.1443396508693695,0.0,-0.062896728515625,-0.0050220489501953125,-27.928436279296875
1750932358.2380748,0.0,0.0,"[174.0, 185.0, 180.0, 156.0, 154.0, 154.0, 156.0, 181.0, 185.0, 174.0]",0.19041617214679718,0.0,-0.0628662109375,-0.0034503936767578125,-27.924964904785156
1750932358.2678263,0.0,0.0,"[174.0, 185.0, 180.0, 156.0, 154.0, 154.0, 156.0, 181.0, 185.0, 174.0]",0.12468990683555603,0.0,-0.062896728515625,-0.002063751220703125,-27.922897338867188
1750932358.2802885,0.0,0.0,"[174.0, 185.0, 180.0, 156.0, 154.0, 154.0, 156.0, 181.0, 185.0, 174.0]",0.1939392387866974,0.0,-0.062896728515625,-0.0008640289306640625,-27.92658233642578
1750932358.3100169,0.0,0.0,"[174.0, 185.0, 180.0, 156.0, 154.0, 154.0, 156.0, 181.0, 185.0, 174.0]",0.1240973100066185,0.0,-0.062896728515625,0.000152587890625,-27.928848266601562
1750932358.3228528,0.0,0.0,"[174.0, 185.0, 180.0, 156.0, 154.0, 154.0, 156.0, 181.0, 185.0, 174.0]",0.1836129128932953,0.0,-0.0628662109375,0.0009899139404296875,-27.925270080566406
1750932358.352856,0.0,0.0,"[174.0, 185.0, 180.0, 156.0, 154.0, 154.0, 156.0, 181.0, 185.0, 174.0]",0.1184658482670784,0.0,-0.062896728515625,0.001659393310546875,-27.922996520996094
1750932358.3648615,0.0,0.0,"[174.0, 185.0, 180.0, 156.0, 154.0, 154.0, 156.0, 181.0, 185.0, 174.0]",0.18210257589817047,0.0,-0.062896728515625,0.00217437744140625,-27.926605224609375
1750932358.3862944,0.0,0.0,"[174.0, 185.0, 180.0, 156.0, 154.0, 154.0, 156.0, 181.0, 185.0, 174.0]",0.12003907561302185,0.0,-0.062896728515625,0.0025463104248046875,-27.928970336914062
1750932358.3984857,0.0,0.0,"[174.0, 185.0, 180.0, 156.0, 154.0, 154.0, 156.0, 181.0, 185.0, 174.0]",0.1686241179704666,0.0,-0.0628662109375,0.0027904510498046875,-27.925613403320312
1750932358.4297638,0.0,0.0,"[174.0, 185.0, 180.0, 156.0, 154.0, 154.0, 156.0, 181.0, 185.0, 174.0]",0.0994996726512909,0.0,-0.062896728515625,0.00292205810546875,-27.923629760742188
1750932358.4427533,0.0,0.0,"[174.0, 185.0, 180.0, 156.0, 154.0, 154.0, 156.0, 181.0, 185.0, 174.0]",0.1936839073896408,0.0,-0.062896728515625,0.0029582977294921875,-27.92749786376953
1750932358.4727807,0.0,0.0,"[174.0, 185.0, 180.0, 156.0, 154.0, 154.0, 156.0, 181.0, 185.0, 174.0]",0.11633335053920746,0.0,-0.062896728515625,0.0029144287109375,-27.929824829101562
1750932358.485498,0.0,0.0,"[174.0, 185.0, 180.0, 156.0, 154.0, 154.0, 156.0, 181.0, 185.0, 174.0]",0.18096794188022614,0.0,-0.0628662109375,0.002803802490234375,-27.92620849609375
1750932358.4978437,0.0,0.0,"[174.0, 185.0, 180.0, 156.0, 154.0, 154.0, 156.0, 181.0, 185.0, 174.0]",0.13335591554641724,0.0,-0.062896728515625,0.0026397705078125,-27.923545837402344
1750932358.5286782,0.0,0.0,"[174.0, 185.0, 180.0, 156.0, 154.0, 154.0, 156.0, 181.0, 185.0, 174.0]",0.09194029122591019,0.0,-0.062896728515625,0.0024356842041015625,-27.925369262695312
1750932358.5407138,0.0,0.0,"[174.0, 185.0, 180.0, 156.0, 154.0, 154.0, 156.0, 181.0, 185.0, 174.0]",0.20854878425598145,0.0,-0.062896728515625,0.0022029876708984375,-27.92121124267578
1750932358.57065,0.0,0.0,"[174.0, 185.0, 180.0, 156.0, 154.0, 154.0, 156.0, 181.0, 185.0, 174.0]",0.06536044180393219,0.0,-0.062896728515625,0.001953125,-27.919921875
1750932358.5830197,0.0,0.0,"[174.0, 185.0, 180.0, 156.0, 154.0, 154.0, 156.0, 181.0, 185.0, 174.0]",0.17550267279148102,0.0,-0.062896728515625,0.0016937255859375,-27.923423767089844
1750932358.614019,0.0,0.0,"[174.0, 185.0, 180.0, 156.0, 154.0, 154.0, 156.0, 181.0, 185.0, 174.0]",0.1351976841688156,0.0,-0.062896728515625,0.0014324188232421875,-27.926116943359375
1750932358.6272213,0.0,0.0,"[174.0, 185.0, 180.0, 156.0, 154.0, 154.0, 156.0, 181.0, 185.0, 174.0]",0.08744605630636215,0.0,-0.062896728515625,0.0011768341064453125,-27.92438507080078
1750932358.6404822,0.0,0.0,"[174.0, 185.0, 180.0, 156.0, 154.0, 154.0, 156.0, 181.0, 185.0, 174.0]",0.2080245465040207,0.0,-0.062896728515625,0.0009326934814453125,-27.928543090820312
1750932358.6709535,0.0,0.0,"[174.0, 185.0, 180.0, 156.0, 154.0, 154.0, 156.0, 181.0, 185.0, 174.0]",0.0713544562458992,0.0,-0.062896728515625,0.000701904296875,-27.929946899414062
1750932358.6826093,0.0,0.0,"[174.0, 185.0, 180.0, 156.0, 154.0, 154.0, 156.0, 181.0, 185.0, 174.0]",0.17566198110580444,0.0,-0.0628662109375,0.00048828125,-27.926437377929688
1750932358.7131512,0.0,0.0,"[174.0, 185.0, 180.0, 156.0, 154.0, 154.0, 156.0, 181.0, 185.0, 174.0]",0.13942749798297882,0.0,-0.062896728515625,0.000293731689453125,-27.923660278320312
1750932358.7250805,0.0,0.0,"[174.0, 185.0, 180.0, 156.0, 154.0, 154.0, 156.0, 181.0, 185.0, 174.0]",0.052727967500686646,0.0,-0.062896728515625,0.0001220703125,-27.924697875976562
1750932358.747181,0.0,0.0,"[174.0, 185.0, 180.0, 156.0, 154.0, 154.0, 156.0, 181.0, 185.0, 174.0]",0.1890728771686554,0.0,-0.062896728515625,-2.86102294921875e-05,-27.920921325683594
1750932358.7606251,0.0,0.0,"[174.0, 185.0, 180.0, 156.0, 154.0, 154.0, 156.0, 181.0, 185.0, 174.0]",0.1444208174943924,0.0,-0.062896728515625,-0.0001583099365234375,-27.91802978515625
1750932358.791557,0.0,0.0,"[174.0, 185.0, 180.0, 156.0, 154.0, 154.0, 156.0, 181.0, 185.0, 174.0]",0.013116549700498581,0.0,-0.062896728515625,-0.00026702880859375,-27.91827392578125
1750932358.8049161,0.0,0.0,"[174.0, 185.0, 180.0, 156.0, 154.0, 154.0, 156.0, 181.0, 185.0, 174.0]",0.11557144671678543,0.0,-0.062896728515625,-0.000354766845703125,-27.91596221923828
1750932358.8265808,0.0,0.0,"[174.0, 185.0, 180.0, 156.0, 154.0, 154.0, 156.0, 181.0, 185.0, 174.0]",0.18234601616859436,0.0,-0.062896728515625,-0.000423431396484375,-27.91960906982422
1750932358.8395405,0.0,0.0,"[174.0, 185.0, 180.0, 156.0, 154.0, 154.0, 156.0, 181.0, 185.0, 174.0]",0.14717760682106018,0.0,-0.062896728515625,-0.0004749298095703125,-27.92255401611328
1750932358.8707159,0.0,0.0,"[174.0, 185.0, 180.0, 156.0, 154.0, 154.0, 156.0, 181.0, 185.0, 174.0]",0.007950947619974613,0.0,-0.062896728515625,-0.00051116943359375,-27.922706604003906
1750932358.8832848,0.0,0.0,"[174.0, 185.0, 180.0, 156.0, 154.0, 154.0, 156.0, 181.0, 185.0, 174.0]",0.056330606341362,0.0,-0.062896728515625,-0.0005340576171875,-27.92157745361328
1750932358.9138567,0.0,0.0,"[174.0, 185.0, 180.0, 156.0, 154.0, 154.0, 156.0, 181.0, 185.0, 174.0]",0.17946521937847137,0.0,-0.062896728515625,-0.0005435943603515625,-27.9251708984375
1750932358.927043,0.0,0.0,"[174.0, 185.0, 180.0, 156.0, 154.0, 154.0, 156.0, 181.0, 185.0, 174.0]",0.14425113797187805,0.0,-0.062896728515625,-0.0005435943603515625,-27.928054809570312
1750932358.9397593,0.0,0.0,"[174.0, 185.0, 180.0, 156.0, 154.0, 154.0, 156.0, 181.0, 185.0, 174.0]",0.011507908813655376,0.0,-0.062896728515625,-0.0005340576171875,-27.927825927734375
1750932358.970039,0.0,0.0,"[174.0, 185.0, 180.0, 156.0, 154.0, 154.0, 156.0, 181.0, 185.0, 174.0]",0.10648146271705627,0.0,-0.062896728515625,-0.000518798828125,-27.929954528808594
1750932358.9827187,0.0,0.0,"[174.0, 185.0, 180.0, 156.0, 154.0, 154.0, 156.0, 181.0, 185.0, 174.0]",0.18826058506965637,0.0,-0.062896728515625,-0.0004978179931640625,-27.926185607910156
1750932359.0138812,0.0,0.0,"[174.0, 185.0, 180.0, 156.0, 154.0, 154.0, 156.0, 181.0, 185.0, 174.0]",0.14229102432727814,0.0,-0.062896728515625,-0.0004730224609375,-27.92333984375
1750932359.0258627,0.0,0.0,"[174.0, 185.0, 180.0, 156.0, 154.0, 154.0, 156.0, 181.0, 185.0, 174.0]",0.02550358697772026,0.0,-0.062896728515625,-0.0004444122314453125,-27.923851013183594
1750932359.0390272,0.0,0.0,"[174.0, 185.0, 180.0, 156.0, 154.0, 154.0, 156.0, 181.0, 185.0, 174.0]",0.18664102256298065,0.0,-0.062896728515625,-0.0004138946533203125,-27.920120239257812
1750932359.069746,0.0,0.0,"[174.0, 185.0, 180.0, 156.0, 154.0, 154.0, 156.0, 181.0, 185.0, 174.0]",0.14311203360557556,0.0,-0.062896728515625,-0.000385284423828125,-27.917251586914062
1750932359.0825996,0.0,0.0,"[174.0, 185.0, 180.0, 156.0, 154.0, 154.0, 156.0, 181.0, 185.0, 174.0]",0.019341694191098213,0.0,-0.062896728515625,-0.000354766845703125,-27.917640686035156
1750932359.112759,0.0,0.0,"[174.0, 185.0, 180.0, 156.0, 154.0, 154.0, 156.0, 181.0, 185.0, 174.0]",0.18681013584136963,0.0,-0.062896728515625,-0.0003261566162109375,-27.913902282714844
1750932359.1259298,0.0,0.0,"[174.0, 185.0, 180.0, 156.0, 154.0, 154.0, 156.0, 181.0, 185.0, 174.0]",0.1421566903591156,0.0,-0.062896728515625,-0.00029754638671875,-27.911056518554688
