timestamp,steering_input,acceleration_input,raycasts,speed,steering,position_x,position_y,position_z
1750930016.2991772,0.0,0.0,"[174.0, 185.0, 227.0, 295.0, 259.0, 259.0, 295.0, 227.0, 185.0, 174.0]",0.0,0.0,0.0,0.10000038146972656,-27.93000030517578
1750930016.6104999,0.0,0.0,"[174.0, 185.0, 178.0, 155.0, 154.0, 154.0, 156.0, 179.0, 185.0, 174.0]",0.1431841105222702,0.0,0.0,0.097137451171875,-27.93000030517578
1750930016.6353214,0.0,0.0,"[174.0, 185.0, 178.0, 155.0, 154.0, 154.0, 156.0, 179.0, 185.0, 174.0]",0.2360968291759491,0.0,0.0,0.09241485595703125,-27.93000030517578
1750930016.6631093,0.0,0.0,"[174.0, 185.0, 179.0, 155.0, 154.0, 154.0, 156.0, 179.0, 185.0, 174.0]",0.30777978897094727,0.0,0.0,0.08625984191894531,-27.93000030517578
1750930016.67887,0.0,0.0,"[174.0, 185.0, 179.0, 155.0, 154.0, 154.0, 156.0, 179.0, 185.0, 174.0]",0.36006540060043335,0.0,0.0,0.07905769348144531,-27.93000030517578
1750930016.6942863,0.0,0.0,"[174.0, 185.0, 179.0, 155.0, 154.0, 154.0, 156.0, 179.0, 185.0, 174.0]",0.3949472904205322,0.0,0.0,0.07115936279296875,-27.93000030517578
1750930016.7347002,0.0,0.0,"[174.0, 185.0, 179.0, 155.0, 154.0, 154.0, 156.0, 180.0, 185.0, 174.0]",0.41450235247612,0.0,0.0,0.06286811828613281,-27.93000030517578
1750930016.7501538,0.0,0.0,"[174.0, 185.0, 179.0, 155.0, 154.0, 154.0, 156.0, 180.0, 185.0, 174.0]",0.42082807421684265,0.0,0.0,0.05445289611816406,-27.93000030517578
1750930016.7661562,0.0,0.0,"[174.0, 185.0, 179.0, 155.0, 154.0, 154.0, 156.0, 181.0, 185.0, 174.0]",0.41598936915397644,0.0,0.0,0.04613304138183594,-27.93000030517578
1750930016.7817972,0.0,0.0,"[174.0, 185.0, 179.0, 155.0, 154.0, 154.0, 156.0, 181.0, 185.0, 174.0]",0.4019714593887329,0.0,0.0,0.03809356689453125,-27.93000030517578
1750930016.7983003,0.0,0.0,"[174.0, 185.0, 179.0, 156.0, 154.0, 154.0, 156.0, 181.0, 185.0, 174.0]",0.3806484043598175,0.0,0.0,0.03047943115234375,-27.93000030517578
1750930016.8137794,0.0,0.0,"[174.0, 185.0, 180.0, 156.0, 154.0, 154.0, 156.0, 181.0, 185.0, 174.0]",0.3537571132183075,0.0,0.0,0.023405075073242188,-27.93000030517578
1750930016.8531864,0.0,0.0,"[174.0, 185.0, 180.0, 156.0, 154.0, 154.0, 156.0, 181.0, 185.0, 174.0]",0.3228750228881836,0.0,0.0,0.016946792602539062,-27.92999267578125
1750930016.8683867,0.0,0.0,"[174.0, 185.0, 180.0, 156.0, 154.0, 154.0, 156.0, 181.0, 185.0, 174.0]",0.28941938281059265,0.0,0.0,0.011159896850585938,-27.930038452148438
1750930016.8844812,0.0,0.0,"[174.0, 185.0, 180.0, 156.0, 154.0, 154.0, 156.0, 181.0, 185.0, 174.0]",0.2562173306941986,0.0,0.0,0.0060672760009765625,-27.929466247558594
1750930016.900382,0.0,0.0,"[174.0, 185.0, 181.0, 156.0, 154.0, 154.0, 156.0, 181.0, 185.0, 174.0]",0.34839218854904175,0.0,0.0,0.0016765594482421875,-27.93487548828125
1750930016.9169483,0.0,0.0,"[174.0, 185.0, 181.0, 156.0, 154.0, 154.0, 156.0, 181.0, 185.0, 174.0]",0.255353718996048,0.0,0.0,-0.0020236968994140625,-27.931358337402344
1750930016.9324849,0.0,0.0,"[174.0, 185.0, 181.0, 156.0, 154.0, 154.0, 156.0, 181.0, 185.0, 174.0]",0.2815416157245636,0.0,0.0,-0.0050601959228515625,-27.926612854003906
1750930016.972004,0.0,0.0,"[174.0, 185.0, 181.0, 156.0, 154.0, 154.0, 156.0, 181.0, 185.0, 174.0]",0.15634490549564362,0.0,0.0,-0.007472991943359375,-27.928604125976562
1750930016.9876509,0.0,0.0,"[174.0, 185.0, 181.0, 156.0, 154.0, 154.0, 156.0, 181.0, 185.0, 174.0]",0.27455902099609375,0.0,0.0,-0.009307861328125,-27.923431396484375
1750930017.0027578,0.0,0.0,"[174.0, 185.0, 181.0, 156.0, 154.0, 154.0, 156.0, 181.0, 185.0, 174.0]",0.2245660424232483,0.0,0.0,-0.010616302490234375,-27.92772674560547
1750930017.0183873,0.0,0.0,"[174.0, 185.0, 181.0, 156.0, 154.0, 154.0, 156.0, 181.0, 185.0, 174.0]",0.08891011029481888,0.0,0.0,-0.011455535888671875,-27.929290771484375
1750930017.033277,0.0,0.0,"[174.0, 185.0, 181.0, 156.0, 154.0, 154.0, 156.0, 181.0, 185.0, 174.0]",0.1896505206823349,0.0,0.0,-0.011884689331054688,-27.925521850585938
1750930017.0720758,0.0,0.0,"[174.0, 185.0, 181.0, 156.0, 154.0, 154.0, 156.0, 181.0, 185.0, 174.0]",0.2066076397895813,0.0,0.0,-0.011960983276367188,-27.92139434814453
1750930017.0884063,0.0,0.0,"[174.0, 185.0, 181.0, 156.0, 154.0, 154.0, 156.0, 181.0, 185.0, 174.0]",0.12101753056049347,0.0,0.0,-0.011743545532226562,-27.918983459472656
1750930017.103071,0.0,0.0,"[174.0, 185.0, 181.0, 156.0, 154.0, 154.0, 156.0, 181.0, 185.0, 174.0]",0.19259010255336761,0.0,0.0,-0.011285781860351562,-27.922805786132812
1750930017.1189506,0.0,0.0,"[174.0, 185.0, 181.0, 156.0, 154.0, 154.0, 156.0, 181.0, 185.0, 174.0]",0.17800575494766235,0.0,0.0,-0.010637283325195312,-27.926307678222656
1750930017.1351902,0.0,0.0,"[174.0, 185.0, 181.0, 156.0, 154.0, 154.0, 156.0, 181.0, 185.0, 174.0]",0.16013549268245697,0.0,0.0,-0.009847640991210938,-27.929412841796875
1750930017.1627772,0.0,0.0,"[174.0, 185.0, 181.0, 156.0, 154.0, 154.0, 156.0, 181.0, 185.0, 174.0]",0.07219173014163971,0.0,0.0,-0.0089569091796875,-27.9305419921875
1750930017.178034,0.0,0.0,"[174.0, 185.0, 181.0, 156.0, 154.0, 154.0, 156.0, 181.0, 185.0, 174.0]",0.1852148175239563,0.0,0.0,-0.008007049560546875,-27.926963806152344
1750930017.194078,0.0,0.0,"[174.0, 185.0, 181.0, 156.0, 154.0, 154.0, 156.0, 181.0, 185.0, 174.0]",0.15632963180541992,0.0,0.0,-0.00702667236328125,-27.923995971679688
1750930017.2357252,0.0,0.0,"[174.0, 185.0, 181.0, 156.0, 154.0, 154.0, 156.0, 181.0, 185.0, 174.0]",0.051327187567949295,0.0,0.0,-0.0060482025146484375,-27.923690795898438
1750930017.2509887,0.0,0.0,"[174.0, 185.0, 181.0, 156.0, 154.0, 154.0, 156.0, 181.0, 185.0, 174.0]",0.15988564491271973,0.0,0.0,-0.0050907135009765625,-27.926742553710938
1750930017.252591,0.0,0.0,"[174.0, 185.0, 181.0, 156.0, 154.0, 154.0, 156.0, 181.0, 185.0, 174.0]",0.057914745062589645,0.0,0.0,-0.004177093505859375,-27.927452087402344
1750930017.290986,0.0,0.0,"[174.0, 185.0, 181.0, 156.0, 154.0, 154.0, 156.0, 181.0, 185.0, 174.0]",0.19991879165172577,0.0,0.0,-0.0033206939697265625,-27.923545837402344
1750930017.3068,0.0,0.0,"[174.0, 185.0, 180.0, 156.0, 154.0, 154.0, 156.0, 181.0, 185.0, 174.0]",0.12208255380392075,0.0,0.0,-0.0025310516357421875,-27.921234130859375
1750930017.3230789,0.0,0.0,"[174.0, 185.0, 181.0, 156.0, 154.0, 154.0, 156.0, 181.0, 185.0, 174.0]",0.18461520969867706,0.0,0.0,-0.0018177032470703125,-27.92485809326172
1750930017.339066,0.0,0.0,"[174.0, 185.0, 181.0, 156.0, 154.0, 154.0, 156.0, 181.0, 185.0, 174.0]",0.13355395197868347,0.0,0.0,-0.0011844635009765625,-27.927452087402344
1750930017.35726,0.0,0.0,"[174.0, 185.0, 181.0, 156.0, 154.0, 154.0, 156.0, 181.0, 185.0, 174.0]",0.11430472135543823,0.0,3.0517578125e-05,-0.00063323974609375,-27.92523193359375
1750930017.3729239,0.0,0.0,"[174.0, 185.0, 181.0, 156.0, 154.0, 154.0, 156.0, 181.0, 185.0, 174.0]",0.18023736774921417,0.0,3.0517578125e-05,-0.0001621246337890625,-27.928810119628906
1750930017.4123144,0.0,0.0,"[174.0, 185.0, 181.0, 156.0, 154.0, 154.0, 156.0, 181.0, 185.0, 174.0]",0.12951964139938354,0.0,3.0517578125e-05,0.0002288818359375,-27.931365966796875
1750930017.428055,0.0,0.0,"[174.0, 185.0, 181.0, 156.0, 154.0, 154.0, 156.0, 181.0, 185.0, 174.0]",0.12480492144823074,0.0,3.0517578125e-05,0.000545501708984375,-27.92889404296875
1750930017.4432287,0.0,0.0,"[174.0, 185.0, 181.0, 156.0, 154.0, 154.0, 156.0, 181.0, 185.0, 174.0]",0.1880124807357788,0.0,3.0517578125e-05,0.0007915496826171875,-27.932647705078125
1750930017.4582691,0.0,0.0,"[174.0, 185.0, 181.0, 156.0, 154.0, 154.0, 156.0, 181.0, 185.0, 174.0]",0.13074220716953278,0.0,6.103515625e-05,0.000972747802734375,-27.935256958007812
1750930017.4734495,0.0,0.0,"[174.0, 185.0, 181.0, 156.0, 154.0, 154.0, 156.0, 181.0, 185.0, 174.0]",0.10936620831489563,0.0,6.103515625e-05,0.0010967254638671875,-27.933074951171875
1750930017.4924717,0.0,0.0,"[174.0, 185.0, 181.0, 156.0, 154.0, 154.0, 156.0, 181.0, 185.0, 174.0]",0.1798066943883896,0.0,6.103515625e-05,0.0011692047119140625,-27.936668395996094
1750930017.5314748,0.0,0.0,"[174.0, 185.0, 181.0, 156.0, 154.0, 154.0, 156.0, 181.0, 185.0, 174.0]",0.1341421902179718,0.0,6.103515625e-05,0.00119781494140625,-27.939346313476562
1750930017.5462987,0.0,0.0,"[174.0, 185.0, 181.0, 156.0, 154.0, 154.0, 156.0, 181.0, 185.0, 174.0]",0.08383754640817642,0.0,9.1552734375e-05,0.0011882781982421875,-27.937667846679688
1750930017.562501,0.0,0.0,"[174.0, 185.0, 181.0, 156.0, 154.0, 154.0, 156.0, 181.0, 185.0, 174.0]",0.20048488676548004,0.0,9.1552734375e-05,0.001148223876953125,-27.941680908203125
1750930017.5776873,0.0,0.0,"[174.0, 185.0, 181.0, 156.0, 154.0, 154.0, 156.0, 181.0, 185.0, 174.0]",0.10169758647680283,0.0,9.1552734375e-05,0.0010833740234375,-27.943710327148438
1750930017.5933933,0.0,0.0,"[174.0, 185.0, 181.0, 156.0, 154.0, 154.0, 156.0, 181.0, 185.0, 174.0]",0.1957578808069229,0.0,9.1552734375e-05,0.00099945068359375,-27.939804077148438
1750930017.6324608,0.0,0.0,"[174.0, 185.0, 181.0, 156.0, 154.0, 154.0, 156.0, 181.0, 185.0, 174.0]",0.1214127317070961,0.0,9.1552734375e-05,0.0009002685546875,-27.9373779296875
1750930017.648681,0.0,0.0,"[174.0, 185.0, 181.0, 156.0, 154.0, 154.0, 156.0, 181.0, 185.0, 174.0]",0.16332045197486877,0.0,9.1552734375e-05,0.00079345703125,-27.940643310546875
1750930017.665604,0.0,0.0,"[174.0, 185.0, 181.0, 156.0, 154.0, 154.0, 156.0, 181.0, 185.0, 174.0]",0.09217379242181778,0.0,9.1552734375e-05,0.00067901611328125,-27.942481994628906
1750930017.6824694,0.0,0.0,"[174.0, 185.0, 181.0, 156.0, 154.0, 154.0, 156.0, 181.0, 185.0, 174.0]",0.2105722427368164,0.0,9.1552734375e-05,0.0005645751953125,-27.938270568847656
1750930017.6990297,0.0,0.0,"[174.0, 185.0, 181.0, 156.0, 154.0, 154.0, 156.0, 181.0, 185.0, 174.0]",0.0551212802529335,0.0,9.1552734375e-05,0.0004520416259765625,-27.937171936035156
1750930017.715734,0.0,0.0,"[174.0, 185.0, 181.0, 156.0, 154.0, 154.0, 156.0, 181.0, 185.0, 174.0]",0.18365854024887085,0.0,9.1552734375e-05,0.00034332275390625,-27.940841674804688
1750930017.7319527,0.0,0.0,"[174.0, 185.0, 181.0, 156.0, 154.0, 154.0, 156.0, 181.0, 185.0, 174.0]",0.14489775896072388,0.0,9.1552734375e-05,0.0002384185791015625,-27.943740844726562
1750930017.7715387,0.0,0.0,"[174.0, 185.0, 181.0, 156.0, 154.0, 154.0, 156.0, 181.0, 185.0, 174.0]",0.00901650171726942,0.0,9.1552734375e-05,0.0001430511474609375,-27.943588256835938
1750930017.7869635,0.0,0.0,"[174.0, 185.0, 181.0, 156.0, 154.0, 154.0, 156.0, 181.0, 185.0, 174.0]",0.05505768954753876,0.0,9.1552734375e-05,5.53131103515625e-05,-27.944686889648438
1750930017.8022335,0.0,0.0,"[174.0, 185.0, 181.0, 156.0, 154.0, 154.0, 156.0, 181.0, 185.0, 174.0]",0.17928889393806458,0.0,9.1552734375e-05,-2.288818359375e-05,-27.94110107421875
1750930017.817209,0.0,0.0,"[174.0, 185.0, 181.0, 156.0, 154.0, 154.0, 156.0, 181.0, 185.0, 174.0]",0.14334961771965027,0.0,9.1552734375e-05,-9.34600830078125e-05,-27.938232421875
1750930017.8329513,0.0,0.0,"[174.0, 185.0, 181.0, 156.0, 154.0, 154.0, 156.0, 181.0, 185.0, 174.0]",0.018594011664390564,0.0,6.103515625e-05,-0.000152587890625,-27.9385986328125
1750930017.871279,0.0,0.0,"[174.0, 185.0, 181.0, 156.0, 154.0, 154.0, 156.0, 181.0, 185.0, 174.0]",0.18376843631267548,0.0,6.103515625e-05,-0.0002040863037109375,-27.934921264648438
1750930017.8870766,0.0,0.0,"[174.0, 185.0, 181.0, 156.0, 154.0, 154.0, 156.0, 181.0, 185.0, 174.0]",0.14541347324848175,0.0,6.103515625e-05,-0.000244140625,-27.93201446533203
1750930017.9030356,0.0,0.0,"[174.0, 185.0, 181.0, 156.0, 154.0, 154.0, 156.0, 181.0, 185.0, 174.0]",0.003991772886365652,0.0,6.103515625e-05,-0.000278472900390625,-27.932083129882812
1750930017.9182158,0.0,0.0,"[174.0, 185.0, 181.0, 156.0, 154.0, 154.0, 156.0, 181.0, 185.0, 174.0]",0.01953437738120556,0.0,6.103515625e-05,-0.0003032684326171875,-27.93170166015625
1750930017.9333005,0.0,0.0,"[174.0, 185.0, 181.0, 156.0, 154.0, 154.0, 156.0, 181.0, 185.0, 174.0]",0.20610176026821136,0.0,6.103515625e-05,-0.0003204345703125,-27.935821533203125
1750930017.9723494,0.0,0.0,"[174.0, 185.0, 181.0, 156.0, 154.0, 154.0, 156.0, 181.0, 185.0, 174.0]",0.07742314785718918,0.0,6.103515625e-05,-0.000331878662109375,-27.93737030029297
1750930017.9879544,0.0,0.0,"[174.0, 185.0, 181.0, 156.0, 154.0, 154.0, 156.0, 181.0, 185.0, 174.0]",0.1860668659210205,0.0,6.103515625e-05,-0.000339508056640625,-27.93364715576172
1750930018.002872,0.0,0.0,"[174.0, 185.0, 181.0, 156.0, 154.0, 154.0, 156.0, 181.0, 185.0, 174.0]",0.14413520693778992,0.0,6.103515625e-05,-0.000339508056640625,-27.930763244628906
1750930018.0183146,0.0,0.0,"[174.0, 185.0, 181.0, 156.0, 154.0, 154.0, 156.0, 181.0, 185.0, 174.0]",0.012180095538496971,0.0,6.103515625e-05,-0.0003376007080078125,-27.931007385253906
1750930018.0332758,0.0,0.0,"[174.0, 185.0, 181.0, 156.0, 154.0, 154.0, 156.0, 181.0, 185.0, 174.0]",0.11553142219781876,0.0,6.103515625e-05,-0.000331878662109375,-27.928695678710938
1750930018.0807953,0.0,0.0,"[174.0, 185.0, 181.0, 156.0, 154.0, 154.0, 156.0, 181.0, 185.0, 174.0]",0.18333488702774048,0.0,6.103515625e-05,-0.0003223419189453125,-27.93236541748047
1750930018.0827727,0.0,0.0,"[174.0, 185.0, 181.0, 156.0, 154.0, 154.0, 156.0, 181.0, 185.0, 174.0]",0.14466337859630585,0.0,6.103515625e-05,-0.00031280517578125,-27.935256958007812
1750930018.098597,0.0,0.0,"[174.0, 185.0, 181.0, 156.0, 154.0, 154.0, 156.0, 181.0, 185.0, 174.0]",0.008341189473867416,0.0,9.1552734375e-05,-0.000301361083984375,-27.935089111328125
1750930018.11368,0.0,0.0,"[174.0, 185.0, 181.0, 156.0, 154.0, 154.0, 156.0, 181.0, 185.0, 174.0]",0.062055353075265884,0.0,6.103515625e-05,-0.0002880096435546875,-27.93633270263672
1750930018.1527145,0.0,0.0,"[174.0, 185.0, 181.0, 156.0, 154.0, 154.0, 156.0, 181.0, 185.0, 174.0]",0.17434844374656677,0.0,6.103515625e-05,-0.000274658203125,-27.932846069335938
1750930018.1687605,0.0,0.0,"[174.0, 185.0, 181.0, 156.0, 154.0, 154.0, 156.0, 181.0, 185.0, 174.0]",0.13407662510871887,0.0,6.103515625e-05,-0.0002613067626953125,-27.93016815185547
1750930018.18475,0.0,0.0,"[174.0, 185.0, 181.0, 156.0, 154.0, 154.0, 156.0, 181.0, 185.0, 174.0]",0.08983200043439865,0.0,6.103515625e-05,-0.000247955322265625,-27.931961059570312
1750930018.1996028,0.0,0.0,"[174.0, 185.0, 181.0, 156.0, 154.0, 154.0, 156.0, 181.0, 185.0, 174.0]",0.21000729501247406,0.0,6.103515625e-05,-0.00023651123046875,-27.927764892578125
1750930018.2151122,0.0,0.0,"[174.0, 185.0, 181.0, 156.0, 154.0, 154.0, 156.0, 181.0, 185.0, 174.0]",0.056724581867456436,0.0,3.0517578125e-05,-0.000225067138671875,-27.92662811279297
1750930018.242717,0.0,0.0,"[174.0, 185.0, 181.0, 156.0, 154.0, 154.0, 156.0, 181.0, 185.0, 174.0]",0.17987388372421265,0.0,3.0517578125e-05,-0.000213623046875,-27.930221557617188
1750930018.2583466,0.0,0.0,"[174.0, 185.0, 181.0, 156.0, 154.0, 154.0, 156.0, 181.0, 185.0, 174.0]",0.14243344962596893,0.0,6.103515625e-05,-0.0002040863037109375,-27.933074951171875
1750930018.2739222,0.0,0.0,"[174.0, 185.0, 181.0, 156.0, 154.0, 154.0, 156.0, 181.0, 185.0, 174.0]",0.023973817005753517,0.0,6.103515625e-05,-0.000194549560546875,-27.932594299316406
1750930018.3134372,0.0,0.0,"[174.0, 185.0, 181.0, 156.0, 154.0, 154.0, 156.0, 181.0, 185.0, 174.0]",0.18901419639587402,0.0,6.103515625e-05,-0.000186920166015625,-27.936378479003906
1750930018.3290422,0.0,0.0,"[174.0, 185.0, 181.0, 156.0, 154.0, 154.0, 156.0, 181.0, 185.0, 174.0]",0.14030884206295013,0.0,6.103515625e-05,-0.0001811981201171875,-27.939178466796875
1750930018.3449357,0.0,0.0,"[174.0, 185.0, 181.0, 156.0, 154.0, 154.0, 156.0, 181.0, 185.0, 174.0]",0.040016189217567444,0.0,9.1552734375e-05,-0.00017547607421875,-27.938385009765625
1750930018.3608568,0.0,0.0,"[174.0, 185.0, 181.0, 156.0, 154.0, 154.0, 156.0, 181.0, 185.0, 174.0]",0.21010708808898926,0.0,9.1552734375e-05,-0.000171661376953125,-27.942581176757812
1750930018.3764355,0.0,0.0,"[174.0, 185.0, 181.0, 156.0, 154.0, 154.0, 156.0, 181.0, 185.0, 174.0]",0.05625225231051445,0.0,9.1552734375e-05,-0.0001678466796875,-27.943710327148438
1750930018.3921328,0.0,0.0,"[174.0, 185.0, 181.0, 156.0, 154.0, 154.0, 156.0, 181.0, 185.0, 174.0]",0.18066678941249847,0.0,9.1552734375e-05,-0.000164031982421875,-27.940093994140625
1750930018.4325535,0.0,0.0,"[174.0, 185.0, 181.0, 156.0, 154.0, 154.0, 156.0, 181.0, 185.0, 174.0]",0.143056258559227,0.0,9.1552734375e-05,-0.0001621246337890625,-27.937232971191406
1750930018.4482737,0.0,0.0,"[174.0, 185.0, 181.0, 156.0, 154.0, 154.0, 156.0, 181.0, 185.0, 174.0]",0.019466623663902283,0.0,6.103515625e-05,-0.0001621246337890625,-27.9376220703125
1750930018.4633248,0.0,0.0,"[174.0, 185.0, 181.0, 156.0, 154.0, 154.0, 156.0, 181.0, 185.0, 174.0]",0.18795771896839142,0.0,6.103515625e-05,-0.0001621246337890625,-27.933868408203125
1750930018.4790125,0.0,0.0,"[174.0, 185.0, 181.0, 156.0, 154.0, 154.0, 156.0, 181.0, 185.0, 174.0]",0.14093536138534546,0.0,6.103515625e-05,-0.0001621246337890625,-27.931045532226562
1750930018.4941456,0.0,0.0,"[174.0, 185.0, 181.0, 156.0, 154.0, 154.0, 156.0, 181.0, 185.0, 174.0]",0.03552677854895592,0.0,6.103515625e-05,-0.0001621246337890625,-27.93175506591797
1750930018.5332544,0.0,0.0,"[174.0, 185.0, 181.0, 156.0, 154.0, 154.0, 156.0, 181.0, 185.0, 174.0]",0.20414499938488007,0.0,6.103515625e-05,-0.0001621246337890625,-27.92767333984375
1750930018.549261,0.0,0.0,"[174.0, 185.0, 181.0, 156.0, 154.0, 154.0, 156.0, 181.0, 185.0, 174.0]",0.08686091750860214,0.0,6.103515625e-05,-0.000164031982421875,-27.925933837890625
1750930018.5640202,0.0,0.0,"[174.0, 185.0, 181.0, 156.0, 154.0, 154.0, 156.0, 181.0, 185.0, 174.0]",0.2054900974035263,0.0,6.103515625e-05,-0.000164031982421875,-27.93004608154297
1750930018.579482,0.0,0.0,"[174.0, 185.0, 181.0, 156.0, 154.0, 154.0, 156.0, 181.0, 185.0, 174.0]",0.07986979931592941,0.0,6.103515625e-05,-0.0001659393310546875,-27.931640625
1750930018.5941641,0.0,0.0,"[174.0, 185.0, 181.0, 156.0, 154.0, 154.0, 156.0, 181.0, 185.0, 174.0]",0.19140160083770752,0.0,6.103515625e-05,-0.0001678466796875,-27.927810668945312
1750930018.6333318,0.0,0.0,"[174.0, 185.0, 181.0, 156.0, 154.0, 154.0, 156.0, 181.0, 185.0, 174.0]",0.13652876019477844,0.0,6.103515625e-05,-0.0001697540283203125,-27.925079345703125
1750930018.6485095,0.0,0.0,"[174.0, 185.0, 181.0, 156.0, 154.0, 154.0, 156.0, 181.0, 185.0, 174.0]",0.07020573318004608,0.0,3.0517578125e-05,-0.000171661376953125,-27.926483154296875
1750930018.6637857,0.0,0.0,"[174.0, 185.0, 181.0, 156.0, 154.0, 154.0, 156.0, 181.0, 185.0, 174.0]",0.17484639585018158,0.0,3.0517578125e-05,-0.000171661376953125,-27.922988891601562
1750930018.6794937,0.0,0.0,"[174.0, 185.0, 180.0, 156.0, 154.0, 154.0, 156.0, 181.0, 185.0, 174.0]",0.13499626517295837,0.0,3.0517578125e-05,-0.0001735687255859375,-27.9202880859375
1750930018.6947963,0.0,0.0,"[174.0, 185.0, 180.0, 156.0, 154.0, 154.0, 156.0, 181.0, 185.0, 174.0]",0.08243320882320404,0.0,3.0517578125e-05,-0.00017547607421875,-27.92193603515625
1750930018.72232,0.0,0.0,"[174.0, 185.0, 180.0, 156.0, 154.0, 154.0, 156.0, 181.0, 185.0, 174.0]",0.19863992929458618,0.0,3.0517578125e-05,-0.00017547607421875,-27.91796875
1750930018.7376125,0.0,0.0,"[174.0, 185.0, 180.0, 156.0, 154.0, 154.0, 156.0, 181.0, 185.0, 174.0]",0.11350023746490479,0.0,0.0,-0.0001773834228515625,-27.915695190429688
1750930018.7530298,0.0,0.0,"[174.0, 185.0, 180.0, 156.0, 154.0, 154.0, 156.0, 181.0, 185.0, 174.0]",0.19147458672523499,0.0,0.0,-0.0001773834228515625,-27.919525146484375
1750930018.7923832,0.0,0.0,"[174.0, 185.0, 180.0, 156.0, 154.0, 154.0, 156.0, 181.0, 185.0, 174.0]",0.13658550381660461,0.0,3.0517578125e-05,-0.000179290771484375,-27.922256469726562
1750930018.8078823,0.0,0.0,"[174.0, 185.0, 180.0, 156.0, 154.0, 154.0, 156.0, 181.0, 185.0, 174.0]",0.06961607933044434,0.0,3.0517578125e-05,-0.000179290771484375,-27.920867919921875
1750930018.8231146,0.0,0.0,"[174.0, 185.0, 180.0, 156.0, 154.0, 154.0, 156.0, 181.0, 185.0, 174.0]",0.17461460828781128,0.0,3.0517578125e-05,-0.0001811981201171875,-27.924354553222656
1750930018.838785,0.0,0.0,"[174.0, 185.0, 181.0, 156.0, 154.0, 154.0, 156.0, 181.0, 185.0, 174.0]",0.13450084626674652,0.0,3.0517578125e-05,-0.0001811981201171875,-27.927047729492188
1750930018.854008,0.0,0.0,"[174.0, 185.0, 181.0, 156.0, 154.0, 154.0, 156.0, 181.0, 185.0, 174.0]",0.08638815581798553,0.0,6.103515625e-05,-0.0001811981201171875,-27.925315856933594
1750930018.8928783,0.0,0.0,"[174.0, 185.0, 181.0, 156.0, 154.0, 154.0, 156.0, 181.0, 185.0, 174.0]",0.206773579120636,0.0,6.103515625e-05,-0.0001811981201171875,-27.92945098876953
1750930018.9163032,0.0,0.0,"[174.0, 185.0, 227.0, 295.0, 259.0, 160.0, 295.0, 190.0, 185.0, 174.0]",0.0,0.0,0.0,0.10000038146972656,-27.93000030517578
1750930018.918402,0.0,0.0,"[174.0, 185.0, 227.0, 295.0, 259.0, 160.0, 295.0, 190.0, 185.0, 174.0]",0.8976317048072815,0.0,0.0,0.08204841613769531,-27.92999267578125
1750930018.9340212,0.0,0.0,"[174.0, 185.0, 179.0, 155.0, 154.0, 154.0, 156.0, 180.0, 185.0, 174.0]",0.8460847735404968,0.0,0.0,0.06512641906738281,-27.93006134033203
1750930018.9728692,0.0,0.0,"[174.0, 185.0, 179.0, 155.0, 154.0, 154.0, 156.0, 181.0, 185.0, 174.0]",0.7937633991241455,0.0,0.0,0.049468994140625,-27.92743682861328
1750930018.9883807,0.0,0.0,"[174.0, 185.0, 179.0, 156.0, 154.0, 154.0, 156.0, 181.0, 185.0, 174.0]",0.7511568665504456,0.0,0.0,0.03524208068847656,-27.932266235351562
1750930019.0035343,0.0,0.0,"[174.0, 185.0, 180.0, 156.0, 154.0, 154.0, 156.0, 181.0, 185.0, 174.0]",0.6713192462921143,0.0,0.0,0.02254486083984375,-27.927894592285156
1750930019.019066,0.0,0.0,"[174.0, 185.0, 180.0, 156.0, 154.0, 154.0, 156.0, 181.0, 185.0, 174.0]",0.5955363512039185,0.0,0.0,0.0114288330078125,-27.923614501953125
1750930019.0345402,0.0,0.0,"[174.0, 185.0, 181.0, 156.0, 154.0, 154.0, 156.0, 181.0, 185.0, 174.0]",0.5943520069122314,0.0,0.0,0.0018939971923828125,-27.916519165039062
1750930019.0731127,0.0,0.0,"[174.0, 185.0, 181.0, 156.0, 154.0, 155.0, 158.0, 181.0, 185.0, 174.0]",0.4321935176849365,0.0,0.0,-0.0060939788818359375,-27.919822692871094
1750930019.0897298,0.0,0.0,"[174.0, 185.0, 181.0, 156.0, 154.0, 155.0, 158.0, 181.0, 185.0, 174.0]",0.42204955220222473,0.0,0.0,-0.012601852416992188,-27.925193786621094
1750930019.1055079,0.0,0.0,"[174.0, 185.0, 181.0, 156.0, 154.0, 155.0, 158.0, 183.0, 185.0, 174.0]",0.3016849458217621,0.0,0.0,-0.017724990844726562,-27.92200469970703
1750930019.1203752,0.0,0.0,"[174.0, 185.0, 181.0, 156.0, 154.0, 155.0, 158.0, 183.0, 185.0, 174.0]",0.3353005051612854,0.0,0.0,-0.02156829833984375,-27.91651153564453
1750930019.1356063,0.0,0.0,"[174.0, 185.0, 181.0, 156.0, 154.0, 154.0, 158.0, 183.0, 185.0, 174.0]",0.23569904267787933,0.0,-3.0517578125e-05,-0.024255752563476562,-27.920387268066406
1750930019.162997,0.0,0.0,"[174.0, 185.0, 181.0, 156.0, 154.0, 154.0, 158.0, 183.0, 185.0, 174.0]",0.2654070258140564,0.0,-3.0517578125e-05,-0.025915145874023438,-27.925430297851562
1750930019.1786208,0.0,0.0,"[174.0, 185.0, 181.0, 156.0, 154.0, 154.0, 158.0, 183.0, 185.0, 174.0]",0.2066003978252411,0.0,-3.0517578125e-05,-0.02667999267578125,-27.921363830566406
1750930019.1934068,0.0,0.0,"[174.0, 185.0, 181.0, 156.0, 154.0, 154.0, 158.0, 183.0, 185.0, 174.0]",0.2307383269071579,0.0,-3.0517578125e-05,-0.026681900024414062,-27.916748046875
1750930019.2321408,0.0,0.0,"[174.0, 185.0, 181.0, 156.0, 154.0, 154.0, 158.0, 183.0, 185.0, 174.0]",0.040509182959795,0.0,-3.0517578125e-05,-0.026048660278320312,-27.917251586914062
1750930019.2477872,0.0,0.0,"[174.0, 185.0, 181.0, 156.0, 154.0, 154.0, 158.0, 183.0, 185.0, 174.0]",0.23826491832733154,0.0,-3.0517578125e-05,-0.024900436401367188,-27.912628173828125
1750930019.2636874,0.0,0.0,"[174.0, 185.0, 181.0, 156.0, 154.0, 154.0, 158.0, 183.0, 185.0, 174.0]",0.08757465332746506,0.0,-3.0517578125e-05,-0.023351669311523438,-27.9134521484375
1750930019.2789812,0.0,0.0,"[174.0, 185.0, 181.0, 156.0, 154.0, 154.0, 158.0, 183.0, 185.0, 174.0]",0.24495933949947357,0.0,-3.0517578125e-05,-0.021505355834960938,-27.908912658691406
1750930019.294447,0.0,0.0,"[174.0, 185.0, 181.0, 156.0, 154.0, 154.0, 156.0, 183.0, 185.0, 174.0]",0.10294543206691742,0.0,-3.0517578125e-05,-0.019458770751953125,-27.90912628173828
1750930019.3345623,0.0,0.0,"[174.0, 185.0, 181.0, 156.0, 154.0, 154.0, 156.0, 181.0, 185.0, 174.0]",0.1652800440788269,0.0,-3.0517578125e-05,-0.017292022705078125,-27.906631469726562
1750930019.3500557,0.0,0.0,"[174.0, 185.0, 181.0, 156.0, 154.0, 154.0, 156.0, 181.0, 185.0, 174.0]",0.2365666627883911,0.0,-3.0517578125e-05,-0.015077590942382812,-27.910812377929688
1750930019.3653536,0.0,0.0,"[174.0, 185.0, 181.0, 156.0, 154.0, 154.0, 156.0, 181.0, 185.0, 174.0]",0.12505514919757843,0.0,-3.0517578125e-05,-0.012876510620117188,-27.912002563476562
1750930019.381054,0.0,0.0,"[174.0, 185.0, 180.0, 156.0, 154.0, 154.0, 156.0, 181.0, 185.0, 174.0]",0.20558279752731323,0.0,-3.0517578125e-05,-0.010740280151367188,-27.908485412597656
1750930019.3964996,0.0,0.0,"[174.0, 185.0, 180.0, 156.0, 154.0, 154.0, 156.0, 181.0, 185.0, 174.0]",0.15808050334453583,0.0,-3.0517578125e-05,-0.008707046508789062,-27.90606689453125
1750930019.4118395,0.0,0.0,"[174.0, 185.0, 180.0, 156.0, 154.0, 154.0, 156.0, 181.0, 185.0, 174.0]",0.1819698065519333,0.0,-3.0517578125e-05,-0.0068111419677734375,-27.90917205810547
1750930019.4514813,0.0,0.0,"[174.0, 185.0, 180.0, 156.0, 154.0, 154.0, 156.0, 181.0, 185.0, 174.0]",0.0944589301943779,0.0,-3.0517578125e-05,-0.0050716400146484375,-27.909912109375
1750930019.4674842,0.0,0.0,"[174.0, 185.0, 180.0, 156.0, 154.0, 154.0, 156.0, 181.0, 185.0, 174.0]",0.2047075778245926,0.0,-3.0517578125e-05,-0.0035076141357421875,-27.9061279296875
1750930019.4831676,0.0,0.0,"[174.0, 185.0, 180.0, 156.0, 154.0, 154.0, 156.0, 181.0, 185.0, 174.0]",0.13009467720985413,0.0,-3.0517578125e-05,-0.002124786376953125,-27.90392303466797
1750930019.4983094,0.0,0.0,"[174.0, 185.0, 180.0, 156.0, 154.0, 154.0, 156.0, 181.0, 185.0, 174.0]",0.19140222668647766,0.0,-3.0517578125e-05,-0.000926971435546875,-27.907562255859375
1750930019.514091,0.0,0.0,"[174.0, 185.0, 180.0, 156.0, 154.0, 154.0, 156.0, 181.0, 185.0, 174.0]",0.12433997541666031,0.0,-3.0517578125e-05,8.7738037109375e-05,-27.909828186035156
1750930019.5526521,0.0,0.0,"[174.0, 185.0, 180.0, 156.0, 154.0, 154.0, 156.0, 181.0, 185.0, 174.0]",0.18321488797664642,0.0,-3.0517578125e-05,0.000926971435546875,-27.906265258789062
1750930019.5683193,0.0,0.0,"[174.0, 185.0, 180.0, 156.0, 154.0, 154.0, 156.0, 181.0, 185.0, 174.0]",0.11831840872764587,0.0,-3.0517578125e-05,0.0016002655029296875,-27.90399169921875
1750930019.5833063,0.0,0.0,"[174.0, 185.0, 180.0, 156.0, 154.0, 154.0, 156.0, 181.0, 185.0, 174.0]",0.18252703547477722,0.0,-3.0517578125e-05,0.002117156982421875,-27.907608032226562
1750930019.600309,0.0,0.0,"[174.0, 185.0, 180.0, 156.0, 154.0, 154.0, 156.0, 181.0, 185.0, 174.0]",0.12048814445734024,0.0,-3.0517578125e-05,0.0024929046630859375,-27.909988403320312
1750930019.6157305,0.0,0.0,"[174.0, 185.0, 180.0, 156.0, 154.0, 154.0, 156.0, 181.0, 185.0, 174.0]",0.1671079695224762,0.0,-3.0517578125e-05,0.002742767333984375,-27.906654357910156
1750930019.6428351,0.0,0.0,"[174.0, 185.0, 180.0, 156.0, 154.0, 154.0, 156.0, 181.0, 185.0, 174.0]",0.0939418226480484,0.0,-3.0517578125e-05,0.002880096435546875,-27.90478515625
1750930019.6584747,0.0,0.0,"[174.0, 185.0, 180.0, 156.0, 154.0, 154.0, 156.0, 181.0, 185.0, 174.0]",0.20058657228946686,0.0,-3.0517578125e-05,0.00292205810546875,-27.908790588378906
1750930019.673815,0.0,0.0,"[174.0, 185.0, 180.0, 156.0, 154.0, 154.0, 156.0, 181.0, 185.0, 174.0]",0.09325945377349854,0.0,-3.0517578125e-05,0.0028820037841796875,-27.910659790039062
1750930019.7129705,0.0,0.0,"[174.0, 185.0, 180.0, 156.0, 154.0, 154.0, 156.0, 181.0, 185.0, 174.0]",0.20356298983097076,0.0,-3.0517578125e-05,0.002777099609375,-27.906585693359375
1750930019.7282622,0.0,0.0,"[174.0, 185.0, 180.0, 156.0, 154.0, 154.0, 156.0, 181.0, 185.0, 174.0]",0.08381379395723343,0.0,-3.0517578125e-05,0.00261688232421875,-27.904922485351562
1750930019.7436862,0.0,0.0,"[174.0, 185.0, 180.0, 156.0, 154.0, 154.0, 156.0, 181.0, 185.0, 174.0]",0.1976548284292221,0.0,-3.0517578125e-05,0.00241851806640625,-27.90886688232422
1750930019.7586088,0.0,0.0,"[174.0, 185.0, 180.0, 156.0, 154.0, 154.0, 156.0, 181.0, 185.0, 174.0]",0.11463025212287903,0.0,-3.0517578125e-05,0.00218963623046875,-27.911148071289062
1750930019.7738535,0.0,0.0,"[174.0, 185.0, 180.0, 156.0, 154.0, 154.0, 156.0, 181.0, 185.0, 174.0]",0.1903085857629776,0.0,-3.0517578125e-05,0.0019435882568359375,-27.9073486328125
1750930019.8126674,0.0,0.0,"[174.0, 185.0, 180.0, 156.0, 154.0, 154.0, 156.0, 181.0, 185.0, 174.0]",0.1372847557067871,0.0,-3.0517578125e-05,0.0016880035400390625,-27.904617309570312
1750930019.828069,0.0,0.0,"[174.0, 185.0, 180.0, 156.0, 154.0, 154.0, 156.0, 181.0, 185.0, 174.0]",0.06991034746170044,0.0,-6.103515625e-05,0.001430511474609375,-27.905990600585938
1750930019.8437436,0.0,0.0,"[174.0, 185.0, 180.0, 156.0, 154.0, 154.0, 156.0, 181.0, 185.0, 174.0]",0.1749655306339264,0.0,-6.103515625e-05,0.0011768341064453125,-27.902496337890625
1750930019.8591874,0.0,0.0,"[174.0, 185.0, 180.0, 156.0, 154.0, 154.0, 156.0, 181.0, 185.0, 174.0]",0.13587415218353271,0.0,-6.103515625e-05,0.000934600830078125,-27.899795532226562
1750930019.87485,0.0,0.0,"[174.0, 185.0, 180.0, 156.0, 154.0, 154.0, 156.0, 181.0, 185.0, 174.0]",0.08258839696645737,0.0,-6.103515625e-05,0.000705718994140625,-27.90142822265625
1750930019.9028025,0.0,0.0,"[174.0, 185.0, 180.0, 156.0, 154.0, 154.0, 156.0, 181.0, 185.0, 174.0]",0.19780804216861725,0.0,-6.103515625e-05,0.0004940032958984375,-27.897476196289062
1750930019.9179018,0.0,0.0,"[174.0, 185.0, 180.0, 156.0, 154.0, 154.0, 156.0, 181.0, 185.0, 174.0]",0.12110871821641922,0.0,-6.103515625e-05,0.000301361083984375,-27.895065307617188
1750930019.933111,0.0,0.0,"[174.0, 185.0, 180.0, 156.0, 154.0, 154.0, 156.0, 181.0, 185.0, 174.0]",0.16817350685596466,0.0,-6.103515625e-05,0.00012969970703125,-27.898422241210938
1750930019.9718738,0.0,0.0,"[174.0, 185.0, 180.0, 156.0, 154.0, 154.0, 156.0, 181.0, 185.0, 174.0]",0.11809001863002777,0.0,-6.103515625e-05,-2.09808349609375e-05,-27.900779724121094
1750930019.987377,0.0,0.0,"[174.0, 185.0, 180.0, 156.0, 154.0, 154.0, 156.0, 181.0, 185.0, 174.0]",0.18422120809555054,0.0,-6.103515625e-05,-0.0001506805419921875,-27.8970947265625
1750930020.0026712,0.0,0.0,"[174.0, 185.0, 180.0, 156.0, 154.0, 154.0, 156.0, 181.0, 185.0, 174.0]",0.1474580317735672,0.0,-6.103515625e-05,-0.0002593994140625,-27.894149780273438
1750930020.017818,0.0,0.0,"[174.0, 185.0, 180.0, 156.0, 154.0, 154.0, 156.0, 181.0, 185.0, 174.0]",0.010117934085428715,0.0,-9.1552734375e-05,-0.000347137451171875,-27.893966674804688
1750930020.0331168,0.0,0.0,"[174.0, 185.0, 180.0, 156.0, 154.0, 154.0, 156.0, 181.0, 185.0, 174.0]",0.07401666790246964,0.0,-6.103515625e-05,-0.000415802001953125,-27.89544677734375
1750930020.0714955,0.0,0.0,"[174.0, 185.0, 180.0, 156.0, 154.0, 154.0, 156.0, 181.0, 185.0, 174.0]",0.17887231707572937,0.0,-6.103515625e-05,-0.000469207763671875,-27.891876220703125
1750930020.087456,0.0,0.0,"[174.0, 185.0, 180.0, 156.0, 154.0, 154.0, 156.0, 181.0, 185.0, 174.0]",0.14421331882476807,0.0,-9.1552734375e-05,-0.0005054473876953125,-27.888992309570312
1750930020.102465,0.0,0.0,"[174.0, 185.0, 180.0, 156.0, 154.0, 154.0, 156.0, 181.0, 185.0, 174.0]",0.012209230102598667,0.0,-9.1552734375e-05,-0.0005283355712890625,-27.88922882080078
1750930020.1175485,0.0,0.0,"[174.0, 185.0, 180.0, 156.0, 154.0, 154.0, 156.0, 181.0, 185.0, 174.0]",0.11699815839529037,0.0,-6.103515625e-05,-0.0005397796630859375,-27.886886596679688
1750930020.1327531,0.0,0.0,"[174.0, 185.0, 180.0, 156.0, 154.0, 154.0, 156.0, 181.0, 185.0, 174.0]",0.1899193376302719,0.0,-9.1552734375e-05,-0.0005397796630859375,-27.89068603515625
1750930020.1724873,0.0,0.0,"[174.0, 185.0, 180.0, 156.0, 154.0, 154.0, 156.0, 181.0, 185.0, 174.0]",0.14051632583141327,0.0,-6.103515625e-05,-0.000530242919921875,-27.89349365234375
1750930020.1885724,0.0,0.0,"[174.0, 185.0, 180.0, 156.0, 154.0, 154.0, 156.0, 181.0, 185.0, 174.0]",0.039401814341545105,0.0,-6.103515625e-05,-0.000514984130859375,-27.89270782470703
1750930020.2033446,0.0,0.0,"[174.0, 185.0, 180.0, 156.0, 154.0, 154.0, 156.0, 181.0, 185.0, 174.0]",0.21028220653533936,0.0,-6.103515625e-05,-0.00049591064453125,-27.89691162109375
1750930020.218851,0.0,0.0,"[174.0, 185.0, 180.0, 156.0, 154.0, 154.0, 156.0, 181.0, 185.0, 174.0]",0.05584484338760376,0.0,-6.103515625e-05,-0.0004711151123046875,-27.898033142089844
1750930020.2335396,0.0,0.0,"[174.0, 185.0, 180.0, 156.0, 154.0, 154.0, 156.0, 181.0, 185.0, 174.0]",0.18122053146362305,0.0,-6.103515625e-05,-0.0004425048828125,-27.8944091796875
1750930020.2722075,0.0,0.0,"[174.0, 185.0, 180.0, 156.0, 154.0, 154.0, 156.0, 181.0, 185.0, 174.0]",0.14410029351711273,0.0,-6.103515625e-05,-0.0004138946533203125,-27.891525268554688
1750930020.288072,0.0,0.0,"[174.0, 185.0, 180.0, 156.0, 154.0, 154.0, 156.0, 181.0, 185.0, 174.0]",0.012226028367877007,0.0,-6.103515625e-05,-0.0003833770751953125,-27.891769409179688
1750930020.3039193,0.0,0.0,"[174.0, 185.0, 180.0, 156.0, 154.0, 154.0, 156.0, 181.0, 185.0, 174.0]",0.11425420641899109,0.0,-6.103515625e-05,-0.000354766845703125,-27.889480590820312
1750930020.3201826,0.0,0.0,"[174.0, 185.0, 180.0, 156.0, 154.0, 154.0, 156.0, 181.0, 185.0, 174.0]",0.1788462996482849,0.0,-6.103515625e-05,-0.0003261566162109375,-27.89305877685547
1750930020.3358898,0.0,0.0,"[174.0, 185.0, 180.0, 156.0, 154.0, 154.0, 156.0, 181.0, 185.0, 174.0]",0.1414722502231598,0.0,-6.103515625e-05,-0.00029754638671875,-27.895889282226562
1750930020.3635352,0.0,0.0,"[174.0, 185.0, 180.0, 156.0, 154.0, 154.0, 156.0, 181.0, 185.0, 174.0]",0.031094737350940704,0.0,-6.103515625e-05,-0.0002727508544921875,-27.895263671875
1750930020.3789334,0.0,0.0,"[174.0, 185.0, 180.0, 156.0, 154.0, 154.0, 156.0, 181.0, 185.0, 174.0]",0.1914992779493332,0.0,-6.103515625e-05,-0.000247955322265625,-27.899093627929688
1750930020.3942397,0.0,0.0,"[174.0, 185.0, 180.0, 156.0, 154.0, 154.0, 156.0, 181.0, 185.0, 174.0]",0.13493512570858002,0.0,-3.0517578125e-05,-0.0002269744873046875,-27.90179443359375
1750930020.4332404,0.0,0.0,"[174.0, 185.0, 180.0, 156.0, 154.0, 154.0, 156.0, 181.0, 185.0, 174.0]",0.08299389481544495,0.0,-3.0517578125e-05,-0.0002079010009765625,-27.900131225585938
1750930020.4483123,0.0,0.0,"[174.0, 185.0, 180.0, 156.0, 154.0, 154.0, 156.0, 181.0, 185.0, 174.0]",0.1999310851097107,0.0,-3.0517578125e-05,-0.0001926422119140625,-27.904129028320312
1750930020.46241,0.0,0.0,"[174.0, 185.0, 180.0, 156.0, 154.0, 154.0, 156.0, 181.0, 185.0, 174.0]",0.10760413110256195,0.0,-3.0517578125e-05,-0.0001773834228515625,-27.906280517578125
1750930020.4749398,0.0,0.0,"[174.0, 185.0, 180.0, 156.0, 154.0, 154.0, 156.0, 181.0, 185.0, 174.0]",0.19299441576004028,0.0,-3.0517578125e-05,-0.0001659393310546875,-27.902420043945312
1750930020.4967132,0.0,0.0,"[174.0, 185.0, 180.0, 156.0, 154.0, 154.0, 156.0, 181.0, 185.0, 174.0]",0.1315772980451584,0.0,-3.0517578125e-05,-0.000156402587890625,-27.899795532226562
1750930020.5095263,0.0,0.0,"[174.0, 185.0, 180.0, 156.0, 154.0, 154.0, 156.0, 181.0, 185.0, 174.0]",0.10888660699129105,0.0,-3.0517578125e-05,-0.0001506805419921875,-27.90196990966797
1750930020.5394845,0.0,0.0,"[174.0, 185.0, 180.0, 156.0, 154.0, 154.0, 156.0, 181.0, 185.0, 174.0]",0.18279586732387543,0.0,-3.0517578125e-05,-0.00014495849609375,-27.8983154296875
1750930020.552663,0.0,0.0,"[174.0, 185.0, 180.0, 156.0, 154.0, 154.0, 156.0, 181.0, 185.0, 174.0]",0.14340968430042267,0.0,-6.103515625e-05,-0.000141143798828125,-27.89544677734375
1750930020.5838382,0.0,0.0,"[174.0, 185.0, 180.0, 156.0, 154.0, 154.0, 156.0, 181.0, 185.0, 174.0]",0.017067275941371918,0.0,-6.103515625e-05,-0.0001392364501953125,-27.895782470703125
1750930020.5966184,0.0,0.0,"[174.0, 185.0, 180.0, 156.0, 154.0, 154.0, 156.0, 181.0, 185.0, 174.0]",0.17463016510009766,0.0,-6.103515625e-05,-0.0001373291015625,-27.892295837402344
1750930020.6098852,0.0,0.0,"[174.0, 185.0, 180.0, 156.0, 154.0, 154.0, 156.0, 181.0, 185.0, 174.0]",0.13581886887550354,0.0,-6.103515625e-05,-0.0001392364501953125,-27.88957977294922
1750930020.6408517,0.0,0.0,"[174.0, 185.0, 180.0, 156.0, 154.0, 154.0, 156.0, 181.0, 185.0, 174.0]",0.0739862248301506,0.0,-6.103515625e-05,-0.0001392364501953125,-27.89105987548828
1750930020.6535745,0.0,0.0,"[174.0, 185.0, 180.0, 156.0, 154.0, 154.0, 156.0, 181.0, 185.0, 174.0]",0.17793339490890503,0.0,-6.103515625e-05,-0.000141143798828125,-27.887496948242188
1750930020.6846356,0.0,0.0,"[174.0, 185.0, 180.0, 156.0, 154.0, 154.0, 156.0, 181.0, 185.0, 174.0]",0.14029370248317719,0.0,-6.103515625e-05,-0.00014495849609375,-27.884689331054688
1750930020.6978507,0.0,0.0,"[174.0, 185.0, 180.0, 156.0, 154.0, 154.0, 156.0, 181.0, 185.0, 174.0]",0.04016055166721344,0.0,-9.1552734375e-05,-0.0001468658447265625,-27.885498046875
1750930020.7111776,0.0,0.0,"[174.0, 185.0, 180.0, 156.0, 154.0, 154.0, 156.0, 181.0, 185.0, 174.0]",0.21026866137981415,0.0,-9.1552734375e-05,-0.0001506805419921875,-27.88128662109375
1750930020.7418516,0.0,0.0,"[174.0, 185.0, 180.0, 156.0, 154.0, 154.0, 156.0, 181.0, 185.0, 174.0]",0.05556810274720192,0.0,-9.1552734375e-05,-0.0001544952392578125,-27.88018035888672
1750930020.753825,0.0,0.0,"[174.0, 185.0, 180.0, 156.0, 154.0, 154.0, 156.0, 181.0, 185.0, 174.0]",0.1818917840719223,0.0,-9.1552734375e-05,-0.000156402587890625,-27.883819580078125
1750930020.7850332,0.0,0.0,"[174.0, 185.0, 180.0, 156.0, 154.0, 154.0, 156.0, 181.0, 185.0, 174.0]",0.143787682056427,0.0,-9.1552734375e-05,-0.00016021728515625,-27.886688232421875
1750930020.7974117,0.0,0.0,"[174.0, 185.0, 180.0, 156.0, 154.0, 154.0, 156.0, 181.0, 185.0, 174.0]",0.01430077850818634,0.0,-6.103515625e-05,-0.000164031982421875,-27.88640594482422
1750930020.810493,0.0,0.0,"[174.0, 185.0, 180.0, 156.0, 154.0, 154.0, 156.0, 181.0, 185.0, 174.0]",0.14470678567886353,0.0,-9.1552734375e-05,-0.0001678466796875,-27.889297485351562
1750930020.8409626,0.0,0.0,"[174.0, 185.0, 180.0, 156.0, 154.0, 154.0, 156.0, 181.0, 185.0, 174.0]",0.003045649267733097,0.0,-9.1552734375e-05,-0.0001697540283203125,-27.889236450195312
1750930020.8546672,0.0,0.0,"[174.0, 185.0, 180.0, 156.0, 154.0, 154.0, 156.0, 181.0, 185.0, 174.0]",0.012275008484721184,0.0,-9.1552734375e-05,-0.000171661376953125,-27.889480590820312
1750930020.8854647,0.0,0.0,"[174.0, 185.0, 180.0, 156.0, 154.0, 154.0, 156.0, 181.0, 185.0, 174.0]",0.1253550499677658,0.0,-9.1552734375e-05,-0.00017547607421875,-27.886978149414062
1750930020.8984177,0.0,0.0,"[174.0, 185.0, 180.0, 156.0, 154.0, 154.0, 156.0, 181.0, 185.0, 174.0]",0.17795288562774658,0.0,-9.1552734375e-05,-0.0001773834228515625,-27.890533447265625
1750930020.9110825,0.0,0.0,"[174.0, 185.0, 180.0, 156.0, 154.0, 154.0, 156.0, 181.0, 185.0, 174.0]",0.1413542926311493,0.0,-9.1552734375e-05,-0.000179290771484375,-27.89336395263672
1750930020.9423056,0.0,0.0,"[174.0, 185.0, 180.0, 156.0, 154.0, 154.0, 156.0, 181.0, 185.0, 174.0]",0.031247839331626892,0.0,-6.103515625e-05,-0.0001811981201171875,-27.892738342285156
1750930020.9557645,0.0,0.0,"[174.0, 185.0, 180.0, 156.0, 154.0, 154.0, 156.0, 181.0, 185.0, 174.0]",0.19204378128051758,0.0,-9.1552734375e-05,-0.0001811981201171875,-27.896575927734375
1750930020.9778674,0.0,0.0,"[174.0, 185.0, 180.0, 156.0, 154.0, 154.0, 156.0, 181.0, 185.0, 174.0]",0.1341194212436676,0.0,-6.103515625e-05,-0.00018310546875,-27.899261474609375
1750930020.990469,0.0,0.0,"[174.0, 185.0, 180.0, 156.0, 154.0, 154.0, 156.0, 181.0, 185.0, 174.0]",0.08983490616083145,0.0,-6.103515625e-05,-0.00018310546875,-27.8974609375
1750930021.021189,0.0,0.0,"[174.0, 185.0, 180.0, 156.0, 154.0, 154.0, 156.0, 181.0, 185.0, 174.0]",0.2100324034690857,0.0,-6.103515625e-05,-0.00018310546875,-27.90166473388672
1750930021.0343478,0.0,0.0,"[174.0, 185.0, 180.0, 156.0, 154.0, 154.0, 156.0, 181.0, 185.0, 174.0]",0.05677541717886925,0.0,-6.103515625e-05,-0.0001850128173828125,-27.902801513671875
1750930021.0651925,0.0,0.0,"[174.0, 185.0, 180.0, 156.0, 154.0, 154.0, 156.0, 181.0, 185.0, 174.0]",0.17980395257472992,0.0,-6.103515625e-05,-0.0001850128173828125,-27.899200439453125
1750930021.0770388,0.0,0.0,"[174.0, 185.0, 180.0, 156.0, 154.0, 154.0, 156.0, 181.0, 185.0, 174.0]",0.1426115334033966,0.0,-6.103515625e-05,-0.0001850128173828125,-27.89635467529297
1750930021.0899622,0.0,0.0,"[174.0, 185.0, 180.0, 156.0, 154.0, 154.0, 156.0, 181.0, 185.0, 174.0]",0.022748665884137154,0.0,-6.103515625e-05,-0.0001850128173828125,-27.896804809570312
1750930021.120586,0.0,0.0,"[174.0, 185.0, 180.0, 156.0, 154.0, 154.0, 156.0, 181.0, 185.0, 174.0]",0.19043006002902985,0.0,-6.103515625e-05,-0.0001850128173828125,-27.89299774169922
1750930021.133484,0.0,0.0,"[174.0, 185.0, 180.0, 156.0, 154.0, 154.0, 156.0, 181.0, 185.0, 174.0]",0.13844504952430725,0.0,-6.103515625e-05,-0.00018310546875,-27.890228271484375
1750930021.1642559,0.0,0.0,"[174.0, 185.0, 180.0, 156.0, 154.0, 154.0, 156.0, 181.0, 185.0, 174.0]",0.054707374423742294,0.0,-9.1552734375e-05,-0.00018310546875,-27.891326904296875
1750930021.1772556,0.0,0.0,"[174.0, 185.0, 180.0, 156.0, 154.0, 154.0, 156.0, 181.0, 185.0, 174.0]",0.1820473074913025,0.0,-9.1552734375e-05,-0.00018310546875,-27.887680053710938
1750930021.190895,0.0,0.0,"[174.0, 185.0, 180.0, 156.0, 154.0, 154.0, 156.0, 181.0, 185.0, 174.0]",0.14356860518455505,0.0,-9.1552734375e-05,-0.00018310546875,-27.884811401367188
1750930021.2220943,0.0,0.0,"[174.0, 185.0, 180.0, 156.0, 154.0, 154.0, 156.0, 181.0, 185.0, 174.0]",0.015969939529895782,0.0,-9.1552734375e-05,-0.00018310546875,-27.8851318359375
1750930021.235415,0.0,0.0,"[174.0, 185.0, 180.0, 156.0, 154.0, 154.0, 156.0, 181.0, 185.0, 174.0]",0.1644478589296341,0.0,-9.1552734375e-05,-0.00018310546875,-27.88184356689453
1750930021.257122,0.0,0.0,"[174.0, 185.0, 180.0, 156.0, 154.0, 154.0, 156.0, 181.0, 185.0, 174.0]",0.09879554063081741,0.0,-9.1552734375e-05,-0.0001811981201171875,-27.879867553710938
1750930021.2706182,0.0,0.0,"[174.0, 185.0, 180.0, 156.0, 154.0, 154.0, 156.0, 181.0, 185.0, 174.0]",0.20566831529140472,0.0,-9.1552734375e-05,-0.0001811981201171875,-27.88397979736328
1750930021.3012562,0.0,0.0,"[174.0, 185.0, 180.0, 156.0, 154.0, 154.0, 156.0, 181.0, 185.0, 174.0]",0.07888059318065643,0.0,-9.1552734375e-05,-0.0001811981201171875,-27.88555908203125
1750930021.3143055,0.0,0.0,"[174.0, 185.0, 180.0, 156.0, 154.0, 154.0, 156.0, 181.0, 185.0, 174.0]",0.18925300240516663,0.0,-9.1552734375e-05,-0.0001811981201171875,-27.88177490234375
1750930021.3454225,0.0,0.0,"[174.0, 185.0, 180.0, 156.0, 154.0, 154.0, 156.0, 181.0, 185.0, 174.0]",0.14014458656311035,0.0,-9.1552734375e-05,-0.0001811981201171875,-27.87896728515625
1750930021.3582315,0.0,0.0,"[174.0, 185.0, 180.0, 156.0, 154.0, 154.0, 156.0, 181.0, 185.0, 174.0]",0.0414666011929512,0.0,-9.1552734375e-05,-0.0001811981201171875,-27.879798889160156
1750930021.3710816,0.0,0.0,"[174.0, 185.0, 179.0, 156.0, 154.0, 154.0, 156.0, 181.0, 185.0, 174.0]",0.21057333052158356,0.0,-9.1552734375e-05,-0.000179290771484375,-27.875587463378906
1750930021.4018788,0.0,0.0,"[174.0, 185.0, 179.0, 156.0, 154.0, 154.0, 158.0, 181.0, 185.0, 174.0]",0.054100848734378815,0.0,-9.1552734375e-05,-0.000179290771484375,-27.87451171875
1750930021.41497,0.0,0.0,"[174.0, 185.0, 180.0, 156.0, 154.0, 154.0, 156.0, 181.0, 185.0, 174.0]",0.18509642779827118,0.0,-9.1552734375e-05,-0.000179290771484375,-27.878211975097656
1750930021.4378142,0.0,0.0,"[174.0, 185.0, 180.0, 156.0, 154.0, 154.0, 156.0, 181.0, 185.0, 174.0]",0.14355427026748657,0.0,-9.1552734375e-05,-0.000179290771484375,-27.881080627441406
1750930021.4506283,0.0,0.0,"[174.0, 185.0, 180.0, 156.0, 154.0, 154.0, 156.0, 181.0, 185.0, 174.0]",0.016075393185019493,0.0,-9.1552734375e-05,-0.000179290771484375,-27.880760192871094
1750930021.4812577,0.0,0.5,"[174.0, 185.0, 180.0, 156.0, 154.0, 154.0, 156.0, 181.0, 185.0, 174.0]",0.16556735336780548,0.0,-9.1552734375e-05,-0.000179290771484375,-27.884071350097656
1750930021.4956446,0.0,0.5,"[174.0, 185.0, 180.0, 156.0, 154.0, 154.0, 156.0, 181.0, 185.0, 174.0]",0.12414626777172089,0.0,-0.00177001953125,-0.000179290771484375,-27.885910034179688
1750930021.5177314,0.0,0.5,"[174.0, 185.0, 180.0, 156.0, 154.0, 154.0, 156.0, 181.0, 185.0, 174.0]",0.20417404174804688,0.0,-0.00408935546875,-0.000179290771484375,-27.882545471191406
1750930021.5305738,0.0,0.5,"[174.0, 185.0, 180.0, 156.0, 154.0, 154.0, 156.0, 181.0, 185.0, 174.0]",0.22340060770511627,0.0,-0.0079345703125,-0.000179290771484375,-27.884796142578125
1750930021.56067,0.0,0.5,"[174.0, 185.0, 180.0, 156.0, 154.0, 154.0, 156.0, 181.0, 185.0, 174.0]",0.292463481426239,0.0,-0.0130615234375,-0.000179290771484375,-27.881935119628906
1750930021.5737228,0.0,0.5,"[174.0, 185.0, 180.0, 156.0, 154.0, 154.0, 156.0, 181.0, 185.0, 174.0]",0.3397839069366455,0.0,-0.0196533203125,-0.000179290771484375,-27.88360595703125
1750930021.6043077,0.0,0.5,"[174.0, 185.0, 180.0, 156.0, 154.0, 154.0, 156.0, 181.0, 185.0, 174.0]",0.3927275240421295,0.0,-0.02728271484375,-0.000179290771484375,-27.881752014160156
1750930021.6177506,0.0,0.5,"[174.0, 185.0, 180.0, 156.0, 154.0, 154.0, 156.0, 181.0, 185.0, 174.0]",0.47029948234558105,0.0,-0.03662109375,-0.000179290771484375,-27.882766723632812
1750930021.6304328,0.0,0.5,"[174.0, 185.0, 180.0, 156.0, 154.0, 154.0, 156.0, 181.0, 185.0, 174.0]",0.5201959609985352,0.0,-0.0469970703125,-0.000179290771484375,-27.88219451904297
1750930021.6612878,0.0,0.5,"[174.0, 185.0, 180.0, 156.0, 154.0, 154.0, 156.0, 181.0, 185.0, 174.0]",0.5777178406715393,0.0,-0.058563232421875,-0.000179290771484375,-27.882247924804688
1750930021.6739175,0.0,0.5,"[174.0, 185.0, 180.0, 156.0, 154.0, 154.0, 156.0, 181.0, 185.0, 174.0]",0.6484289765357971,0.0,-0.071533203125,-0.000179290771484375,-27.88226318359375
1750930021.7046256,0.0,0.5,"[174.0, 185.0, 180.0, 156.0, 154.0, 154.0, 156.0, 181.0, 185.0, 174.0]",0.7102119326591492,0.0,-0.085723876953125,-0.000179290771484375,-27.88226318359375
1750930021.7175994,0.0,0.5,"[174.0, 185.0, 180.0, 156.0, 154.0, 154.0, 156.0, 181.0, 185.0, 174.0]",0.7820312976837158,0.0,-0.10137939453125,-0.000179290771484375,-27.882278442382812
1750930021.730581,0.0,0.5,"[174.0, 185.0, 180.0, 156.0, 154.0, 154.0, 156.0, 181.0, 185.0, 174.0]",0.8479664325714111,0.0,-0.11834716796875,-0.000179290771484375,-27.882278442382812
1750930021.7617142,0.0,0.5,"[174.0, 185.0, 180.0, 156.0, 154.0, 154.0, 156.0, 181.0, 185.0, 174.0]",0.903356671333313,0.0,-0.13641357421875,-0.000179290771484375,-27.882286071777344
1750930021.7741234,0.0,0.5,"[174.0, 185.0, 180.0, 156.0, 154.0, 154.0, 156.0, 181.0, 185.0, 174.0]",0.9770463705062866,0.0,-0.15594482421875,-0.000179290771484375,-27.882286071777344
1750930021.8047712,0.0,0.5,"[174.0, 185.0, 180.0, 156.0, 154.0, 154.0, 156.0, 181.0, 185.0, 174.0]",1.0177139043807983,0.0,-0.176300048828125,-0.000179290771484375,-27.882286071777344
1750930021.8173268,0.0,0.5,"[174.0, 185.0, 180.0, 156.0, 154.0, 154.0, 156.0, 181.0, 185.0, 174.0]",1.132124662399292,0.0,-0.198944091796875,-0.000179290771484375,-27.882293701171875
1750930021.8302085,0.0,0.5,"[174.0, 185.0, 180.0, 156.0, 154.0, 154.0, 156.0, 181.0, 185.0, 174.0]",1.1455985307693481,0.0,-0.22186279296875,-0.000179290771484375,-27.882308959960938
1750930021.8600104,0.0,0.5,"[174.0, 185.0, 180.0, 156.0, 154.0, 154.0, 156.0, 181.0, 185.0, 174.0]",1.219740629196167,0.0,-0.246246337890625,-0.0001811981201171875,-27.882308959960938
1750930021.8728354,0.0,0.5,"[174.0, 185.0, 180.0, 156.0, 154.0, 154.0, 156.0, 181.0, 185.0, 174.0]",1.3104056119918823,0.0,-0.2724609375,-0.0001811981201171875,-27.882308959960938
1750930021.9030983,0.0,0.5,"[174.0, 185.0, 180.0, 156.0, 154.0, 154.0, 156.0, 181.0, 185.0, 174.0]",1.3616366386413574,0.0,-0.2996826171875,-0.0001811981201171875,-27.882308959960938
1750930021.916147,0.0,0.5,"[174.0, 185.0, 180.0, 156.0, 154.0, 154.0, 156.0, 181.0, 185.0, 174.0]",1.4455366134643555,0.0,-0.32861328125,-0.0001811981201171875,-27.882308959960938
1750930021.9295537,0.0,0.5,"[174.0, 185.0, 180.0, 156.0, 154.0, 154.0, 156.0, 181.0, 185.0, 174.0]",1.4875366687774658,0.0,-0.35833740234375,-0.0001811981201171875,-27.88232421875
1750930021.9616215,0.0,0.5,"[174.0, 185.0, 180.0, 156.0, 154.0, 154.0, 156.0, 181.0, 185.0, 174.0]",1.555186152458191,0.0,-0.38946533203125,-0.0001811981201171875,-27.882339477539062
1750930021.9746563,0.0,0.5,"[174.0, 185.0, 180.0, 156.0, 154.0, 154.0, 156.0, 181.0, 185.0, 174.0]",1.6362700462341309,0.0,-0.42218017578125,-0.0001811981201171875,-27.882347106933594
1750930021.9962242,0.0,0.5,"[174.0, 185.0, 180.0, 156.0, 154.0, 154.0, 156.0, 181.0, 185.0, 174.0]",1.6816222667694092,0.0,-0.455810546875,-0.0001811981201171875,-27.882354736328125
1750930022.0094295,0.0,0.5,"[174.0, 185.0, 180.0, 156.0, 154.0, 154.0, 156.0, 181.0, 185.0, 174.0]",1.7248278856277466,0.0,-0.49029541015625,-0.0001811981201171875,-27.882362365722656
1750930022.0402498,0.0,0.5,"[174.0, 185.0, 180.0, 156.0, 154.0, 154.0, 156.0, 181.0, 185.0, 174.0]",1.8043062686920166,0.0,-0.526397705078125,-0.0001811981201171875,-27.882369995117188
1750930022.0534868,0.0,0.5,"[174.0, 185.0, 180.0, 156.0, 154.0, 154.0, 156.0, 181.0, 185.0, 174.0]",1.839979887008667,0.0,-0.563201904296875,-0.0001811981201171875,-27.882369995117188
1750930022.0842717,0.0,0.5,"[174.0, 185.0, 180.0, 156.0, 154.0, 154.0, 156.0, 181.0, 185.0, 174.0]",1.8920869827270508,0.0,-0.601043701171875,-0.0001811981201171875,-27.882369995117188
1750930022.0967653,0.0,0.5,"[174.0, 185.0, 180.0, 156.0, 154.0, 154.0, 156.0, 181.0, 185.0, 174.0]",1.9719038009643555,0.0,-0.640472412109375,-0.0001811981201171875,-27.882362365722656
1750930022.1094928,0.0,0.5,"[174.0, 185.0, 180.0, 156.0, 154.0, 154.0, 156.0, 181.0, 185.0, 174.0]",2.058068037033081,0.0,-0.681640625,-0.0001811981201171875,-27.882354736328125
1750930022.1398954,0.0,0.5,"[174.0, 185.0, 180.0, 156.0, 154.0, 154.0, 156.0, 181.0, 185.0, 174.0]",2.1323184967041016,0.0,-0.724273681640625,-0.0001811981201171875,-27.882369995117188
1750930022.152181,0.0,0.5,"[174.0, 185.0, 180.0, 156.0, 154.0, 154.0, 156.0, 181.0, 185.0, 174.0]",2.1816048622131348,0.0,-0.767913818359375,-0.0001811981201171875,-27.882369995117188
1750930022.1822588,0.0,0.5,"[174.0, 185.0, 180.0, 156.0, 154.0, 154.0, 156.0, 181.0, 185.0, 174.0]",2.2542808055877686,0.0,-0.81298828125,-0.0001811981201171875,-27.882369995117188
1750930022.1950004,0.0,0.5,"[174.0, 185.0, 180.0, 156.0, 154.0, 154.0, 156.0, 181.0, 185.0, 174.0]",2.3384532928466797,0.0,-0.859771728515625,-0.0001811981201171875,-27.88237762451172
1750930022.2169428,0.0,0.5,"[174.0, 185.0, 180.0, 156.0, 154.0, 154.0, 156.0, 181.0, 185.0, 174.0]",2.392129421234131,0.0,-0.907623291015625,-0.0001811981201171875,-27.88238525390625
1750930022.2295806,0.0,0.5,"[174.0, 185.0, 180.0, 156.0, 154.0, 154.0, 156.0, 181.0, 185.0, 174.0]",2.4224166870117188,0.0,-0.9560546875,-0.0001811981201171875,-27.882408142089844
1750930022.2601588,0.0,0.5,"[174.0, 185.0, 180.0, 156.0, 154.0, 154.0, 156.0, 181.0, 185.0, 174.0]",2.519089937210083,0.0,-1.006439208984375,-0.0001811981201171875,-27.88243865966797
1750930022.2732987,0.0,0.5,"[174.0, 185.0, 180.0, 156.0, 154.0, 154.0, 156.0, 181.0, 185.0, 174.0]",2.550945281982422,0.0,-1.057464599609375,-0.0001811981201171875,-27.882461547851562
1750930022.3041902,0.0,0.5,"[174.0, 185.0, 180.0, 156.0, 154.0, 154.0, 156.0, 181.0, 185.0, 174.0]",2.6120336055755615,0.0,-1.109710693359375,-0.0001811981201171875,-27.882492065429688
1750930022.317461,0.0,0.5,"[174.0, 185.0, 180.0, 156.0, 154.0, 154.0, 156.0, 181.0, 185.0, 174.0]",2.660889148712158,0.0,-1.162933349609375,-0.0001811981201171875,-27.882537841796875
1750930022.3303716,0.0,0.5,"[174.0, 185.0, 180.0, 156.0, 154.0, 154.0, 156.0, 181.0, 185.0, 174.0]",2.7370083332061768,0.0,-1.2176513671875,-0.0001811981201171875,-27.882583618164062
1750930022.3609812,0.0,0.5,"[174.0, 185.0, 180.0, 156.0, 154.0, 154.0, 156.0, 181.0, 185.0, 174.0]",2.7952845096588135,0.0,-1.2735595703125,-0.0001811981201171875,-27.882606506347656
1750930022.3738995,0.0,0.5,"[174.0, 185.0, 180.0, 156.0, 154.0, 154.0, 156.0, 181.0, 185.0, 174.0]",2.8626320362091064,0.0,-1.330810546875,-0.0001811981201171875,-27.882614135742188
1750930022.4051602,0.0,0.5,"[174.0, 185.0, 180.0, 156.0, 154.0, 154.0, 156.0, 181.0, 185.0, 174.0]",2.9413223266601562,0.0,-1.3896484375,-0.0001811981201171875,-27.882598876953125
1750930022.4173205,0.0,0.5,"[174.0, 185.0, 180.0, 156.0, 154.0, 154.0, 156.0, 181.0, 185.0, 174.0]",2.9642627239227295,0.0,-1.448944091796875,-0.000179290771484375,-27.882568359375
1750930022.430089,0.0,0.5,"[174.0, 185.0, 180.0, 156.0, 154.0, 154.0, 156.0, 181.0, 185.0, 174.0]",3.001788377761841,0.0,-1.50897216796875,-0.000179290771484375,-27.882545471191406
1750930022.4612544,0.0,0.5,"[174.0, 185.0, 180.0, 156.0, 154.0, 154.0, 156.0, 181.0, 185.0, 174.0]",3.080876350402832,0.0,-1.570587158203125,-0.000179290771484375,-27.88250732421875
1750930022.4740765,0.0,0.5,"[174.0, 185.0, 180.0, 156.0, 154.0, 154.0, 156.0, 181.0, 185.0, 174.0]",3.1433818340301514,0.0,-1.633453369140625,-0.000179290771484375,-27.882469177246094
1750930022.5041177,0.0,0.5,"[174.0, 185.0, 180.0, 156.0, 154.0, 154.0, 156.0, 181.0, 185.0, 174.0]",3.2306203842163086,0.0,-1.69805908203125,-0.000179290771484375,-27.8824462890625
1750930022.5166388,0.0,0.5,"[174.0, 185.0, 180.0, 156.0, 154.0, 154.0, 156.0, 181.0, 185.0, 174.0]",3.3132872581481934,0.0,-1.76434326171875,-0.000179290771484375,-27.882400512695312
1750930022.5288963,0.0,0.5,"[174.0, 185.0, 180.0, 156.0, 154.0, 154.0, 156.0, 181.0, 185.0, 174.0]",3.3666982650756836,0.0,-1.8316650390625,-0.000179290771484375,-27.882354736328125
1750930022.560065,0.0,0.5,"[174.0, 185.0, 180.0, 156.0, 154.0, 154.0, 156.0, 181.0, 185.0, 174.0]",3.398980140686035,0.0,-1.899627685546875,-0.000179290771484375,-27.882301330566406
1750930022.572746,0.0,0.5,"[174.0, 185.0, 180.0, 156.0, 154.0, 154.0, 156.0, 181.0, 185.0, 174.0]",3.462334394454956,0.0,-1.968902587890625,-0.000179290771484375,-27.88226318359375
1750930022.603285,0.0,0.5,"[174.0, 185.0, 180.0, 156.0, 154.0, 154.0, 156.0, 181.0, 185.0, 174.0]",3.533752679824829,0.0,-2.03955078125,-0.000179290771484375,-27.882225036621094
1750930022.6164181,0.0,0.5,"[174.0, 185.0, 180.0, 156.0, 154.0, 154.0, 156.0, 181.0, 185.0, 174.0]",3.597447633743286,0.0,-2.11151123046875,-0.000179290771484375,-27.8822021484375
1750930022.6294138,0.0,0.5,"[174.0, 185.0, 180.0, 156.0, 154.0, 154.0, 156.0, 181.0, 185.0, 174.0]",3.6663594245910645,0.0,-2.184844970703125,-0.000179290771484375,-27.882171630859375
1750930022.6596026,0.0,0.5,"[174.0, 185.0, 180.0, 156.0, 154.0, 154.0, 156.0, 181.0, 185.0, 174.0]",3.713965654373169,0.0,-2.259124755859375,-0.000179290771484375,-27.88214111328125
1750930022.6724696,0.0,0.5,"[174.0, 185.0, 180.0, 156.0, 154.0, 154.0, 156.0, 181.0, 185.0, 174.0]",3.789619207382202,0.0,-2.33489990234375,-0.000179290771484375,-27.882125854492188
1750930022.7030885,0.0,0.5,"[174.0, 185.0, 180.0, 156.0, 154.0, 154.0, 156.0, 181.0, 185.0, 174.0]",3.8199338912963867,0.0,-2.41131591796875,-0.000179290771484375,-27.882095336914062
1750930022.7161427,0.0,0.5,"[174.0, 185.0, 180.0, 156.0, 154.0, 154.0, 156.0, 181.0, 185.0, 174.0]",3.9085943698883057,0.0,-2.489471435546875,-0.000179290771484375,-27.882064819335938
1750930022.7304277,0.0,0.5,"[174.0, 185.0, 180.0, 156.0, 154.0, 154.0, 156.0, 181.0, 185.0, 174.0]",3.922311544418335,0.0,-2.56793212890625,-0.000179290771484375,-27.88202667236328
1750930022.7635446,0.0,0.5,"[174.0, 185.0, 180.0, 156.0, 154.0, 154.0, 156.0, 181.0, 185.0, 174.0]",4.010233402252197,0.0,-2.64813232421875,-0.000179290771484375,-27.881973266601562
1750930022.7771735,0.0,0.5,"[174.0, 185.0, 180.0, 156.0, 154.0, 154.0, 156.0, 181.0, 185.0, 174.0]",4.061599254608154,0.0,-2.7293701171875,-0.0001811981201171875,-27.881935119628906
1750930022.7908344,0.0,0.5,"[174.0, 185.0, 180.0, 156.0, 154.0, 154.0, 156.0, 181.0, 185.0, 174.0]",4.138528347015381,0.0,-2.8121337890625,-0.0001811981201171875,-27.88189697265625
1750930022.8222172,0.0,0.5,"[174.0, 185.0, 180.0, 156.0, 154.0, 154.0, 156.0, 181.0, 185.0, 174.0]",4.1840081214904785,0.0,-2.89581298828125,-0.0001811981201171875,-27.881866455078125
1750930022.8337808,0.0,0.5,"[174.0, 185.0, 180.0, 156.0, 154.0, 154.0, 156.0, 181.0, 185.0, 174.0]",4.255138397216797,0.0,-2.980926513671875,-0.0001811981201171875,-27.8818359375
1750930022.8644676,0.0,0.5,"[174.0, 185.0, 180.0, 156.0, 154.0, 154.0, 156.0, 181.0, 185.0, 174.0]",4.316825866699219,0.0,-3.0672607421875,-0.0001811981201171875,-27.881820678710938
1750930022.8769157,0.0,0.5,"[174.0, 185.0, 180.0, 156.0, 154.0, 154.0, 156.0, 181.0, 185.0, 174.0]",4.3663177490234375,0.0,-3.154571533203125,-0.0001811981201171875,-27.881797790527344
1750930022.8899329,0.0,0.5,"[174.0, 185.0, 180.0, 156.0, 154.0, 154.0, 156.0, 181.0, 185.0, 174.0]",4.42862606048584,0.0,-3.2431640625,-0.0001811981201171875,-27.881790161132812
1750930022.9201715,0.0,0.5,"[174.0, 185.0, 180.0, 156.0, 154.0, 154.0, 156.0, 181.0, 185.0, 174.0]",4.48829460144043,0.0,-3.332916259765625,-0.0001811981201171875,-27.88177490234375
1750930022.9333942,0.0,0.5,"[174.0, 185.0, 180.0, 156.0, 154.0, 154.0, 156.0, 181.0, 185.0, 174.0]",4.5455780029296875,0.0,-3.423828125,-0.0001811981201171875,-27.881759643554688
1750930022.9639556,0.0,0.5,"[174.0, 185.0, 180.0, 156.0, 154.0, 154.0, 156.0, 181.0, 185.0, 174.0]",4.6057891845703125,0.0,-3.515960693359375,-0.0001811981201171875,-27.881744384765625
1750930022.9768496,0.0,0.5,"[174.0, 185.0, 180.0, 156.0, 154.0, 154.0, 156.0, 181.0, 185.0, 174.0]",4.660689830780029,0.0,-3.609161376953125,-0.0001811981201171875,-27.881729125976562
1750930022.9894667,0.0,0.5,"[174.0, 185.0, 180.0, 156.0, 154.0, 154.0, 156.0, 181.0, 185.0, 174.0]",4.718986988067627,0.0,-3.70355224609375,-0.0001811981201171875,-27.88170623779297
1750930023.0201747,0.0,0.5,"[174.0, 185.0, 180.0, 156.0, 154.0, 154.0, 156.0, 181.0, 185.0, 174.0]",4.778564453125,0.0,-3.799102783203125,-0.0001811981201171875,-27.881698608398438
1750930023.0331697,0.0,0.5,"[174.0, 185.0, 180.0, 156.0, 154.0, 154.0, 156.0, 181.0, 185.0, 174.0]",4.836721897125244,0.0,-3.895843505859375,-0.0001811981201171875,-27.881668090820312
1750930023.0643973,0.0,0.5,"[174.0, 185.0, 180.0, 156.0, 154.0, 154.0, 156.0, 181.0, 185.0, 174.0]",4.8950886726379395,0.0,-3.993743896484375,-0.0001811981201171875,-27.88166046142578
1750930023.077339,0.0,0.5,"[174.0, 185.0, 180.0, 156.0, 154.0, 154.0, 156.0, 181.0, 185.0, 174.0]",4.953957557678223,0.0,-4.09283447265625,-0.0001811981201171875,-27.881637573242188
1750930023.0901415,0.0,0.5,"[174.0, 185.0, 180.0, 156.0, 154.0, 154.0, 156.0, 181.0, 185.0, 174.0]",5.0124406814575195,0.0,-4.193084716796875,-0.0001811981201171875,-27.881622314453125
1750930023.1210117,0.0,0.5,"[174.0, 185.0, 180.0, 156.0, 154.0, 154.0, 156.0, 181.0, 185.0, 174.0]",5.104227066040039,0.0,-4.295166015625,0.000156402587890625,-27.881576538085938
1750930023.1332715,0.0,0.5,"[174.0, 185.0, 179.0, 155.0, 154.0, 155.0, 158.0, 183.0, 185.0, 174.0]",5.109763145446777,0.0,-4.3973388671875,0.0004425048828125,-27.882156372070312
1750930023.163985,0.0,0.5,"[174.0, 185.0, 180.0, 156.0, 154.0, 154.0, 156.0, 181.0, 185.0, 174.0]",5.256464004516602,0.0,-4.502471923828125,0.0006809234619140625,-27.88109588623047
1750930023.1760254,0.0,0.5,"[174.0, 185.0, 179.0, 155.0, 154.0, 155.0, 158.0, 183.0, 185.0, 174.0]",5.139606952667236,0.0,-4.605255126953125,0.0008716583251953125,-27.883270263671875
1750930023.1974943,0.0,0.5,"[174.0, 185.0, 181.0, 156.0, 154.0, 154.0, 156.0, 181.0, 185.0, 174.0]",5.46463680267334,0.0,-4.714447021484375,0.0010204315185546875,-27.87871551513672
1750930023.210187,0.0,0.5,"[174.0, 185.0, 179.0, 155.0, 154.0, 155.0, 158.0, 183.0, 185.0, 174.0]",5.373677730560303,0.0,-4.821929931640625,0.0011272430419921875,-27.878524780273438
1750930023.240727,0.0,0.5,"[174.0, 185.0, 181.0, 156.0, 154.0, 154.0, 156.0, 181.0, 185.0, 174.0]",5.565499305725098,0.0,-4.93316650390625,0.0011997222900390625,-27.874977111816406
1750930023.2533412,0.0,0.5,"[174.0, 185.0, 179.0, 155.0, 154.0, 155.0, 158.0, 183.0, 185.0, 174.0]",5.477073669433594,0.0,-5.042694091796875,0.0012416839599609375,-27.876312255859375
1750930023.28364,0.0,0.5,"[174.0, 185.0, 181.0, 156.0, 154.0, 154.0, 156.0, 181.0, 185.0, 174.0]",5.675890922546387,0.0,-5.156158447265625,0.001255035400390625,-27.872413635253906
1750930023.2967105,0.0,0.5,"[174.0, 185.0, 179.0, 155.0, 154.0, 155.0, 158.0, 183.0, 185.0, 174.0]",5.5860137939453125,0.0,-5.267852783203125,0.001247406005859375,-27.87438201904297
1750930023.3096464,0.0,0.5,"[174.0, 185.0, 180.0, 156.0, 154.0, 154.0, 156.0, 181.0, 185.0, 174.0]",5.792276859283447,0.0,-5.3836669921875,0.0012226104736328125,-27.871177673339844
1750930023.3399541,0.0,0.5,"[174.0, 185.0, 179.0, 155.0, 154.0, 155.0, 158.0, 183.0, 185.0, 174.0]",5.702905178070068,0.0,-5.4976806640625,0.00118255615234375,-27.873741149902344
1750930023.3527184,0.0,0.5,"[174.0, 185.0, 180.0, 156.0, 154.0, 154.0, 156.0, 181.0, 185.0, 174.0]",5.900834560394287,0.0,-5.61566162109375,0.001132965087890625,-27.870880126953125
1750930023.3834875,0.0,0.5,"[174.0, 185.0, 179.0, 155.0, 154.0, 155.0, 158.0, 183.0, 185.0, 174.0]",5.8119964599609375,0.0,-5.73187255859375,0.00107574462890625,-27.873184204101562
1750930023.3958294,0.0,0.5,"[174.0, 185.0, 180.0, 156.0, 154.0, 154.0, 156.0, 181.0, 185.0, 174.0]",6.020199775695801,0.0,-5.852264404296875,0.00101470947265625,-27.870384216308594
1750930023.4170098,0.0,0.5,"[174.0, 185.0, 179.0, 155.0, 154.0, 155.0, 158.0, 183.0, 185.0, 174.0]",5.933165550231934,0.0,-5.97088623046875,0.0009517669677734375,-27.872894287109375
1750930023.429922,0.0,0.5,"[174.0, 185.0, 180.0, 156.0, 154.0, 154.0, 156.0, 181.0, 185.0, 174.0]",6.1231279373168945,0.0,-6.09332275390625,0.000888824462890625,-27.870697021484375
1750930023.4608307,0.0,0.5,"[174.0, 185.0, 179.0, 155.0, 154.0, 155.0, 158.0, 183.0, 185.0, 174.0]",6.038002014160156,0.0,-6.214080810546875,0.000827789306640625,-27.872703552246094
1750930023.473463,0.0,0.5,"[174.0, 185.0, 180.0, 156.0, 154.0, 154.0, 156.0, 181.0, 185.0, 174.0]",6.239287853240967,0.0,-6.338836669921875,0.00077056884765625,-27.8699951171875
1750930023.503664,0.0,0.5,"[174.0, 185.0, 179.0, 155.0, 154.0, 155.0, 158.0, 183.0, 185.0, 174.0]",6.156118869781494,0.0,-6.461944580078125,0.0007190704345703125,-27.872543334960938
1750930023.5159926,0.0,0.5,"[174.0, 185.0, 180.0, 156.0, 154.0, 154.0, 156.0, 181.0, 185.0, 174.0]",6.3723530769348145,0.0,-6.589324951171875,0.00067138671875,-27.86901092529297
1750930023.536963,0.0,0.5,"[174.0, 185.0, 179.0, 155.0, 154.0, 154.0, 158.0, 183.0, 185.0, 174.0]",6.291193962097168,0.0,-6.715118408203125,0.0006275177001953125,-27.872451782226562
1750930023.5491903,0.0,0.5,"[174.0, 185.0, 180.0, 156.0, 154.0, 154.0, 156.0, 181.0, 185.0, 174.0]",6.440406322479248,0.0,-6.843841552734375,0.000591278076171875,-27.86846923828125
1750930023.578844,0.0,0.5,"[174.0, 185.0, 179.0, 156.0, 154.0, 154.0, 156.0, 181.0, 185.0, 174.0]",6.363577842712402,0.0,-6.971038818359375,0.000560760498046875,-27.872947692871094
1750930023.5908773,0.0,0.5,"[174.0, 185.0, 180.0, 156.0, 154.0, 154.0, 156.0, 181.0, 185.0, 174.0]",6.590780258178711,0.0,-7.102813720703125,0.0005359649658203125,-27.86888885498047
1750930023.6209698,0.0,0.5,"[174.0, 185.0, 180.0, 156.0, 154.0, 154.0, 156.0, 181.0, 185.0, 174.0]",6.461416721343994,0.0,-7.231964111328125,0.000514984130859375,-27.872657775878906
1750930023.6334562,0.0,0.5,"[174.0, 185.0, 180.0, 156.0, 154.0, 154.0, 156.0, 181.0, 185.0, 174.0]",6.530409336090088,0.0,-7.362548828125,0.000499725341796875,-27.86993408203125
1750930023.663897,0.0,0.5,"[174.0, 185.0, 180.0, 156.0, 154.0, 154.0, 156.0, 181.0, 185.0, 174.0]",6.46530294418335,0.0,-7.491851806640625,0.00048828125,-27.872329711914062
1750930023.6764503,0.0,0.5,"[174.0, 185.0, 180.0, 156.0, 154.0, 154.0, 156.0, 181.0, 185.0, 174.0]",6.484988212585449,0.0,-7.62152099609375,0.00048065185546875,-27.87115478515625
1750930023.6891289,0.0,0.5,"[174.0, 185.0, 180.0, 156.0, 154.0, 154.0, 156.0, 181.0, 185.0, 174.0]",6.645355224609375,0.0,-7.754425048828125,0.000476837158203125,-27.872344970703125
1750930023.7188606,0.0,0.5,"[174.0, 185.0, 180.0, 156.0, 154.0, 154.0, 156.0, 181.0, 185.0, 174.0]",6.882032871246338,0.0,-7.892059326171875,0.000476837158203125,-27.871780395507812
1750930023.731519,0.0,0.5,"[174.0, 185.0, 180.0, 156.0, 154.0, 154.0, 156.0, 181.0, 185.0, 174.0]",6.789831638336182,0.0,-8.027862548828125,0.000476837158203125,-27.872161865234375
1750930023.7617114,0.0,0.5,"[174.0, 185.0, 180.0, 156.0, 154.0, 154.0, 156.0, 181.0, 185.0, 174.0]",6.747467994689941,0.0,-8.162811279296875,0.00048065185546875,-27.872329711914062
1750930023.7741287,0.0,0.5,"[174.0, 185.0, 180.0, 156.0, 154.0, 154.0, 156.0, 181.0, 185.0, 174.0]",6.877906322479248,0.0,-8.300384521484375,0.0004863739013671875,-27.872421264648438
1750930023.8036997,0.0,0.5,"[174.0, 185.0, 180.0, 156.0, 154.0, 154.0, 156.0, 181.0, 185.0, 174.0]",6.897995471954346,0.0,-8.438323974609375,0.000492095947265625,-27.87250518798828
1750930023.8160806,0.0,0.5,"[174.0, 185.0, 179.0, 156.0, 154.0, 154.0, 158.0, 181.0, 185.0, 174.0]",6.8730244636535645,0.0,-8.5758056640625,0.0004978179931640625,-27.87322235107422
1750930023.8284457,0.0,0.5,"[174.0, 185.0, 180.0, 156.0, 154.0, 154.0, 156.0, 181.0, 185.0, 174.0]",7.058186054229736,0.0,-8.716949462890625,0.0005054473876953125,-27.872291564941406
1750930023.8581867,0.0,0.5,"[174.0, 185.0, 179.0, 156.0, 154.0, 154.0, 158.0, 181.0, 185.0, 174.0]",7.10959005355835,0.0,-8.859130859375,0.00051116943359375,-27.87403106689453
1750930023.8707128,0.0,0.5,"[174.0, 185.0, 180.0, 156.0, 154.0, 154.0, 156.0, 181.0, 185.0, 174.0]",7.361268520355225,0.0,-9.00634765625,0.000518798828125,-27.87256622314453
1750930023.9010189,0.0,0.5,"[174.0, 185.0, 179.0, 156.0, 154.0, 154.0, 158.0, 181.0, 185.0, 174.0]",7.289247035980225,0.0,-9.152130126953125,0.00052642822265625,-27.874679565429688
1750930023.9136882,0.0,0.5,"[174.0, 185.0, 180.0, 156.0, 154.0, 154.0, 156.0, 181.0, 185.0, 174.0]",7.341381549835205,0.0,-9.2989501953125,0.0005321502685546875,-27.872756958007812
1750930023.9438515,0.0,0.5,"[174.0, 185.0, 180.0, 156.0, 154.0, 154.0, 156.0, 181.0, 185.0, 174.0]",7.45364236831665,0.0,-9.447998046875,0.000537872314453125,-27.874961853027344
1750930023.9568956,0.0,0.5,"[174.0, 185.0, 180.0, 156.0, 154.0, 154.0, 156.0, 181.0, 185.0, 174.0]",7.284696102142334,0.0,-9.59368896484375,0.0005435943603515625,-27.87354278564453
1750930023.9700127,0.0,0.5,"[174.0, 185.0, 180.0, 156.0, 154.0, 154.0, 156.0, 181.0, 185.0, 174.0]",7.309621334075928,0.0,-9.7398681640625,0.0005474090576171875,-27.87456512451172
1750930023.9998102,0.0,0.5,"[174.0, 185.0, 180.0, 156.0, 154.0, 154.0, 156.0, 181.0, 185.0, 174.0]",7.490044593811035,0.0,-9.889678955078125,0.0005512237548828125,-27.874588012695312
1750930024.0117314,0.0,0.5,"[174.0, 185.0, 180.0, 156.0, 154.0, 154.0, 156.0, 181.0, 185.0, 174.0]",7.50515079498291,0.0,-10.039764404296875,0.0005550384521484375,-27.874725341796875
1750930024.041497,0.0,0.5,"[174.0, 185.0, 180.0, 156.0, 154.0, 154.0, 156.0, 181.0, 185.0, 174.0]",7.750998020172119,0.0,-10.194793701171875,0.0005588531494140625,-27.875045776367188
1750930024.0540073,0.0,0.5,"[174.0, 185.0, 180.0, 156.0, 154.0, 154.0, 156.0, 181.0, 185.0, 174.0]",7.678879261016846,0.0,-10.348358154296875,0.000560760498046875,-27.875396728515625
1750930024.0837665,0.0,0.5,"[174.0, 185.0, 180.0, 156.0, 154.0, 154.0, 156.0, 181.0, 185.0, 174.0]",7.861499786376953,0.0,-10.505615234375,0.0005626678466796875,-27.875404357910156
1750930024.0963328,0.0,0.5,"[174.0, 185.0, 180.0, 156.0, 154.0, 154.0, 156.0, 181.0, 185.0, 174.0]",7.742193698883057,0.0,-10.660430908203125,0.0005626678466796875,-27.875930786132812
1750930024.1088846,0.0,0.5,"[174.0, 185.0, 180.0, 156.0, 154.0, 154.0, 156.0, 181.0, 185.0, 174.0]",7.822456359863281,0.0,-10.81689453125,0.0005645751953125,-27.875595092773438
1750930024.1384244,0.0,0.5,"[174.0, 185.0, 180.0, 156.0, 154.0, 154.0, 156.0, 181.0, 185.0, 174.0]",7.8077192306518555,0.0,-10.973052978515625,0.0005645751953125,-27.876388549804688
1750930024.151105,0.0,0.5,"[174.0, 185.0, 180.0, 156.0, 154.0, 154.0, 156.0, 181.0, 185.0, 174.0]",8.19266128540039,0.0,-11.13690185546875,0.0005645751953125,-27.876319885253906
1750930024.1810179,0.0,0.5,"[174.0, 185.0, 180.0, 156.0, 154.0, 154.0, 156.0, 181.0, 185.0, 174.0]",7.951712608337402,0.0,-11.295928955078125,0.0005645751953125,-27.876693725585938
1750930024.193351,0.0,0.5,"[174.0, 185.0, 180.0, 156.0, 154.0, 154.0, 156.0, 181.0, 185.0, 174.0]",8.203969955444336,0.0,-11.46002197265625,0.0005626678466796875,-27.87689208984375
1750930024.2232563,0.0,0.5,"[174.0, 185.0, 180.0, 156.0, 154.0, 154.0, 156.0, 181.0, 185.0, 174.0]",7.878546237945557,0.0,-11.617584228515625,0.0005626678466796875,-27.877227783203125
1750930024.2355728,0.0,0.5,"[174.0, 185.0, 180.0, 156.0, 154.0, 154.0, 156.0, 181.0, 185.0, 174.0]",8.169747352600098,0.0,-11.780975341796875,0.0005626678466796875,-27.877517700195312
1750930024.2572346,0.0,0.5,"[174.0, 185.0, 180.0, 156.0, 154.0, 154.0, 156.0, 181.0, 185.0, 174.0]",8.247579574584961,0.0,-11.9459228515625,0.000560760498046875,-27.877769470214844
1750930024.2695951,0.0,0.5,"[174.0, 185.0, 180.0, 156.0, 154.0, 154.0, 156.0, 181.0, 185.0, 174.0]",8.29043197631836,0.0,-12.111724853515625,0.000560760498046875,-27.87811279296875
1750930024.3000195,0.0,0.5,"[174.0, 185.0, 180.0, 156.0, 154.0, 154.0, 156.0, 181.0, 185.0, 174.0]",8.429360389709473,0.0,-12.28033447265625,0.000560760498046875,-27.87847900390625
1750930024.313447,0.0,0.5,"[174.0, 185.0, 180.0, 156.0, 154.0, 154.0, 156.0, 181.0, 185.0, 174.0]",8.269371032714844,0.0,-12.445709228515625,0.0005588531494140625,-27.8785400390625
1750930024.3428063,0.0,0.5,"[174.0, 185.0, 180.0, 156.0, 154.0, 154.0, 156.0, 181.0, 185.0, 174.0]",8.373200416564941,0.0,-12.613189697265625,0.0005588531494140625,-27.879074096679688
1750930024.3560734,0.0,0.5,"[174.0, 185.0, 180.0, 156.0, 154.0, 154.0, 156.0, 181.0, 185.0, 174.0]",8.623649597167969,0.0,-12.78564453125,0.00055694580078125,-27.879173278808594
1750930024.368731,0.0,0.5,"[174.0, 185.0, 180.0, 156.0, 154.0, 154.0, 156.0, 181.0, 185.0, 174.0]",8.554308891296387,0.0,-12.95672607421875,0.00055694580078125,-27.87969207763672
1750930024.4003487,0.0,0.5,"[174.0, 185.0, 180.0, 156.0, 154.0, 154.0, 156.0, 181.0, 185.0, 174.0]",8.664908409118652,0.0,-13.130035400390625,0.00055694580078125,-27.879669189453125
1750930024.4138794,0.0,0.5,"[174.0, 185.0, 180.0, 156.0, 154.0, 154.0, 156.0, 181.0, 185.0, 174.0]",8.551372528076172,0.0,-13.301055908203125,0.00055694580078125,-27.880340576171875
1750930024.4451084,0.0,0.5,"[174.0, 185.0, 180.0, 156.0, 154.0, 154.0, 156.0, 181.0, 185.0, 174.0]",8.6494140625,0.0,-13.47406005859375,0.0005550384521484375,-27.880126953125
1750930024.4571362,0.0,0.5,"[174.0, 185.0, 180.0, 156.0, 154.0, 154.0, 156.0, 181.0, 185.0, 174.0]",8.782651901245117,0.0,-13.649688720703125,0.0005550384521484375,-27.880569458007812
1750930024.4698102,0.0,0.5,"[174.0, 185.0, 180.0, 156.0, 154.0, 154.0, 156.0, 181.0, 185.0, 174.0]",8.62012004852295,0.0,-13.822113037109375,0.0005550384521484375,-27.88091278076172
1750930024.4993148,0.0,0.5,"[174.0, 185.0, 180.0, 156.0, 154.0, 154.0, 156.0, 181.0, 185.0, 174.0]",8.803011894226074,0.0,-13.9981689453125,0.0005550384521484375,-27.880813598632812
1750930024.5116866,0.0,0.5,"[174.0, 185.0, 180.0, 156.0, 154.0, 154.0, 156.0, 181.0, 185.0, 174.0]",9.006956100463867,0.0,-14.178314208984375,0.0005550384521484375,-27.881195068359375
1750930024.540909,0.0,0.5,"[174.0, 185.0, 180.0, 156.0, 154.0, 154.0, 156.0, 181.0, 185.0, 174.0]",8.938508987426758,0.0,-14.3570556640625,0.0005550384521484375,-27.881591796875
1750930024.5529933,0.0,0.5,"[174.0, 185.0, 180.0, 156.0, 154.0, 154.0, 156.0, 181.0, 185.0, 174.0]",9.102083206176758,0.0,-14.53912353515625,0.0005550384521484375,-27.8817138671875
1750930024.5823097,0.0,0.5,"[174.0, 185.0, 180.0, 156.0, 154.0, 154.0, 156.0, 181.0, 185.0, 174.0]",9.003569602966309,0.0,-14.71917724609375,0.0005550384521484375,-27.882232666015625
1750930024.5942442,0.0,0.5,"[174.0, 185.0, 180.0, 156.0, 154.0, 154.0, 156.0, 181.0, 185.0, 174.0]",9.252885818481445,0.0,-14.90423583984375,0.0005550384521484375,-27.882293701171875
1750930024.6237402,0.0,0.5,"[174.0, 185.0, 180.0, 156.0, 154.0, 154.0, 156.0, 181.0, 185.0, 174.0]",9.17092514038086,0.0,-15.087646484375,0.0005550384521484375,-27.882896423339844
1750930024.635895,0.0,0.5,"[174.0, 185.0, 180.0, 156.0, 154.0, 154.0, 156.0, 181.0, 185.0, 174.0]",9.332737922668457,0.0,-15.274322509765625,0.0005550384521484375,-27.882957458496094
1750930024.6563025,0.0,0.5,"[174.0, 185.0, 180.0, 156.0, 154.0, 154.0, 156.0, 181.0, 185.0, 174.0]",9.161152839660645,0.0,-15.45751953125,0.0005550384521484375,-27.8836669921875
1750930024.6690116,0.0,0.5,"[174.0, 185.0, 180.0, 156.0, 154.0, 154.0, 156.0, 181.0, 185.0, 174.0]",9.271660804748535,0.0,-15.642974853515625,0.0005550384521484375,-27.883934020996094
1750930024.6991732,0.0,0.5,"[174.0, 185.0, 180.0, 156.0, 154.0, 154.0, 156.0, 181.0, 185.0, 174.0]",9.389360427856445,0.0,-15.83074951171875,0.0005550384521484375,-27.884597778320312
1750930024.7121317,0.0,0.5,"[174.0, 185.0, 181.0, 156.0, 154.0, 154.0, 156.0, 181.0, 185.0, 174.0]",9.36980152130127,0.0,-16.018157958984375,0.0005550384521484375,-27.884613037109375
1750930024.7416153,0.0,0.5,"[174.0, 185.0, 180.0, 156.0, 154.0, 154.0, 156.0, 181.0, 185.0, 174.0]",9.369026184082031,0.0,-16.205535888671875,0.0005550384521484375,-27.88555908203125
1750930024.7542448,0.0,0.5,"[174.0, 185.0, 180.0, 156.0, 154.0, 154.0, 156.0, 181.0, 185.0, 174.0]",9.497235298156738,0.0,-16.395477294921875,0.0005550384521484375,-27.885299682617188
1750930024.7837973,0.0,0.5,"[174.0, 185.0, 180.0, 156.0, 154.0, 154.0, 156.0, 181.0, 185.0, 174.0]",9.433427810668945,0.0,-16.584136962890625,0.0005550384521484375,-27.885833740234375
1750930024.7961218,0.0,0.5,"[174.0, 185.0, 180.0, 156.0, 154.0, 154.0, 156.0, 181.0, 185.0, 174.0]",9.366442680358887,0.0,-16.771453857421875,0.0005550384521484375,-27.886093139648438
1750930024.80845,0.0,0.5,"[174.0, 185.0, 180.0, 156.0, 154.0, 154.0, 156.0, 181.0, 185.0, 174.0]",9.520096778869629,0.0,-16.961883544921875,0.0005550384521484375,-27.886367797851562
1750930024.837511,0.0,0.5,"[174.0, 185.0, 180.0, 156.0, 154.0, 154.0, 156.0, 181.0, 185.0, 174.0]",9.725128173828125,0.0,-17.1563720703125,0.0005550384521484375,-27.88690185546875
1750930024.8496563,0.0,0.5,"[174.0, 185.0, 180.0, 156.0, 154.0, 154.0, 156.0, 181.0, 185.0, 174.0]",9.512287139892578,0.0,-17.34661865234375,0.0005550384521484375,-27.886985778808594
1750930024.8788698,0.0,0.5,"[174.0, 185.0, 180.0, 156.0, 154.0, 154.0, 156.0, 181.0, 185.0, 174.0]",9.820313453674316,0.0,-17.54302978515625,0.0005550384521484375,-27.88750457763672
1750930024.8914394,0.0,0.5,"[174.0, 185.0, 180.0, 156.0, 154.0, 154.0, 156.0, 181.0, 185.0, 174.0]",9.889487266540527,0.0,-17.740814208984375,0.0005550384521484375,-27.887908935546875
1750930024.9204004,0.0,0.5,"[174.0, 185.0, 180.0, 156.0, 154.0, 154.0, 156.0, 181.0, 185.0, 174.0]",9.812230110168457,0.0,-17.937042236328125,0.0005550384521484375,-27.88831329345703
1750930024.932784,0.0,0.5,"[174.0, 185.0, 180.0, 156.0, 154.0, 154.0, 156.0, 181.0, 185.0, 174.0]",9.849189758300781,0.0,-18.134033203125,0.0005550384521484375,-27.8885498046875
1750930024.9622324,0.0,0.5,"[174.0, 185.0, 180.0, 156.0, 154.0, 154.0, 156.0, 181.0, 185.0, 174.0]",9.979693412780762,0.0,-18.333648681640625,0.0005550384521484375,-27.88878631591797
1750930024.9747345,0.0,0.5,"[174.0, 185.0, 180.0, 156.0, 154.0, 154.0, 156.0, 181.0, 185.0, 174.0]",9.775788307189941,0.0,-18.529144287109375,0.0005550384521484375,-27.889427185058594
1750930024.9957685,0.0,0.5,"[174.0, 185.0, 180.0, 156.0, 154.0, 154.0, 156.0, 181.0, 185.0, 174.0]",10.108530044555664,0.0,-18.7313232421875,0.0005550384521484375,-27.889541625976562
1750930025.0166636,0.0,0.5,"[174.0, 185.0, 181.0, 156.0, 154.0, 154.0, 156.0, 181.0, 185.0, 174.0]",10.140402793884277,0.0,-18.934112548828125,0.0005550384521484375,-27.889739990234375
1750930025.0290825,0.0,0.5,"[174.0, 185.0, 180.0, 156.0, 154.0, 154.0, 156.0, 181.0, 185.0, 174.0]",10.128250122070312,0.0,-19.136688232421875,0.0005550384521484375,-27.890663146972656
1750930025.0580068,0.0,0.5,"[174.0, 185.0, 181.0, 156.0, 154.0, 154.0, 156.0, 181.0, 185.0, 174.0]",10.320174217224121,0.0,-19.343109130859375,0.0005550384521484375,-27.89086151123047
1750930025.070045,0.0,0.5,"[174.0, 185.0, 180.0, 156.0, 154.0, 154.0, 156.0, 181.0, 185.0, 174.0]",10.145915985107422,0.0,-19.5460205078125,0.0005550384521484375,-27.891677856445312
1750930025.0998178,0.0,0.5,"[174.0, 185.0, 180.0, 156.0, 154.0, 154.0, 156.0, 181.0, 185.0, 174.0]",10.407498359680176,0.0,-19.754150390625,0.0005550384521484375,-27.892227172851562
1750930025.1121798,0.0,0.5,"[174.0, 185.0, 180.0, 156.0, 154.0, 154.0, 156.0, 181.0, 185.0, 174.0]",10.316001892089844,0.0,-19.960479736328125,0.0005550384521484375,-27.892684936523438
1750930025.1413846,0.0,0.5,"[174.0, 185.0, 180.0, 156.0, 154.0, 154.0, 156.0, 181.0, 185.0, 174.0]",10.511295318603516,0.0,-20.17071533203125,0.0005550384521484375,-27.892860412597656
1750930025.1539226,0.0,0.5,"[174.0, 185.0, 180.0, 156.0, 154.0, 154.0, 156.0, 181.0, 185.0, 174.0]",10.514456748962402,0.0,-20.3809814453125,0.0005550384521484375,-27.8934326171875
1750930025.183358,0.0,0.5,"[174.0, 185.0, 180.0, 156.0, 154.0, 154.0, 156.0, 181.0, 185.0, 174.0]",10.573816299438477,0.0,-20.59246826171875,0.0005550384521484375,-27.893775939941406
1750930025.19577,0.0,0.5,"[174.0, 185.0, 180.0, 156.0, 154.0, 154.0, 156.0, 181.0, 185.0, 174.0]",10.649086952209473,0.0,-20.805450439453125,0.0005550384521484375,-27.894210815429688
1750930025.216944,0.0,0.5,"[174.0, 185.0, 180.0, 156.0, 154.0, 154.0, 156.0, 181.0, 185.0, 174.0]",10.702381134033203,0.0,-21.019500732421875,0.0005550384521484375,-27.894607543945312
1750930025.229413,0.0,0.5,"[174.0, 185.0, 180.0, 156.0, 154.0, 154.0, 156.0, 181.0, 185.0, 174.0]",10.726186752319336,0.0,-21.2340087890625,0.0005550384521484375,-27.89502716064453
1750930025.2593737,0.0,0.5,"[174.0, 185.0, 180.0, 156.0, 154.0, 154.0, 156.0, 181.0, 185.0, 174.0]",10.745232582092285,0.0,-21.44891357421875,0.0005550384521484375,-27.89533233642578
1750930025.2711785,0.0,0.5,"[174.0, 185.0, 180.0, 156.0, 154.0, 154.0, 156.0, 181.0, 185.0, 174.0]",10.713330268859863,0.0,-21.663177490234375,0.0005550384521484375,-27.895599365234375
1750930025.3014054,0.0,0.5,"[174.0, 185.0, 181.0, 156.0, 154.0, 154.0, 156.0, 181.0, 185.0, 174.0]",10.840608596801758,0.0,-21.8800048828125,0.0005550384521484375,-27.895889282226562
1750930025.313643,0.0,0.5,"[174.0, 185.0, 180.0, 156.0, 154.0, 154.0, 156.0, 181.0, 185.0, 174.0]",10.790246963500977,0.0,-22.095794677734375,0.0005550384521484375,-27.896530151367188
1750930025.343587,0.0,0.5,"[174.0, 185.0, 180.0, 156.0, 154.0, 154.0, 156.0, 181.0, 185.0, 174.0]",11.14102554321289,0.0,-22.318634033203125,0.0005550384521484375,-27.897010803222656
1750930025.3555121,0.0,0.5,"[174.0, 185.0, 180.0, 156.0, 154.0, 154.0, 156.0, 181.0, 185.0, 174.0]",10.861875534057617,0.0,-22.535858154296875,0.0005550384521484375,-27.897422790527344
1750930025.376421,0.0,0.5,"[174.0, 185.0, 180.0, 156.0, 154.0, 154.0, 156.0, 181.0, 185.0, 174.0]",11.191277503967285,0.0,-22.759674072265625,0.0005550384521484375,-27.897811889648438
1750930025.3882678,0.0,0.5,"[174.0, 185.0, 180.0, 156.0, 154.0, 154.0, 156.0, 181.0, 185.0, 174.0]",10.9365234375,0.0,-22.978424072265625,0.0005550384521484375,-27.898147583007812
1750930025.417718,0.0,0.5,"[174.0, 185.0, 180.0, 156.0, 154.0, 154.0, 156.0, 181.0, 185.0, 174.0]",11.326544761657715,0.0,-23.2049560546875,0.0005550384521484375,-27.89850616455078
1750930025.4297934,0.0,0.5,"[174.0, 185.0, 180.0, 156.0, 154.0, 154.0, 156.0, 181.0, 185.0, 174.0]",11.027917861938477,0.0,-23.425506591796875,0.0005550384521484375,-27.898887634277344
1750930025.4602022,0.0,0.5,"[174.0, 185.0, 180.0, 156.0, 154.0, 154.0, 156.0, 181.0, 185.0, 174.0]",11.349781036376953,0.0,-23.652496337890625,0.0005550384521484375,-27.899192810058594
1750930025.4725153,0.0,0.5,"[174.0, 185.0, 180.0, 156.0, 154.0, 154.0, 156.0, 181.0, 185.0, 174.0]",11.265328407287598,0.0,-23.8778076171875,0.0005550384521484375,-27.899436950683594
1750930025.501963,0.0,0.5,"[174.0, 185.0, 180.0, 156.0, 154.0, 154.0, 156.0, 181.0, 185.0, 174.0]",11.445427894592285,0.0,-24.106719970703125,0.0005550384521484375,-27.89996337890625
1750930025.5147314,0.0,0.5,"[174.0, 185.0, 181.0, 156.0, 154.0, 154.0, 156.0, 181.0, 185.0, 174.0]",11.316886901855469,0.0,-24.33306884765625,0.0005550384521484375,-27.900291442871094
1750930025.5442908,0.0,0.5,"[174.0, 185.0, 180.0, 156.0, 154.0, 154.0, 156.0, 181.0, 185.0, 174.0]",11.454828262329102,0.0,-24.562164306640625,0.0005550384521484375,-27.9010009765625
1750930025.557098,0.0,0.5,"[174.0, 185.0, 180.0, 156.0, 154.0, 154.0, 156.0, 181.0, 185.0, 174.0]",11.446377754211426,0.0,-24.79107666015625,0.0005550384521484375,-27.901405334472656
1750930025.5699584,0.0,0.5,"[174.0, 185.0, 180.0, 156.0, 154.0, 154.0, 156.0, 181.0, 185.0, 174.0]",11.488872528076172,0.0,-25.020843505859375,0.0005550384521484375,-27.901657104492188
1750930025.599114,0.0,0.5,"[174.0, 185.0, 181.0, 156.0, 154.0, 154.0, 156.0, 181.0, 185.0, 174.0]",11.700028419494629,0.0,-25.254852294921875,0.0005550384521484375,-27.901870727539062
1750930025.6118166,0.0,0.5,"[174.0, 185.0, 180.0, 156.0, 154.0, 154.0, 156.0, 181.0, 185.0, 174.0]",11.52633285522461,0.0,-25.485382080078125,0.0005550384521484375,-27.90245819091797
1750930025.6414099,0.0,0.5,"[174.0, 185.0, 181.0, 156.0, 154.0, 154.0, 156.0, 181.0, 185.0, 174.0]",11.669144630432129,0.0,-25.718780517578125,0.0005550384521484375,-27.902923583984375
1750930025.6540027,0.0,0.5,"[174.0, 185.0, 180.0, 156.0, 154.0, 154.0, 156.0, 181.0, 185.0, 174.0]",11.68864917755127,0.0,-25.952545166015625,0.0005550384521484375,-27.9036865234375
1750930025.6835022,0.0,0.5,"[174.0, 185.0, 181.0, 156.0, 154.0, 154.0, 156.0, 181.0, 185.0, 174.0]",11.84365463256836,0.0,-26.189422607421875,0.0005550384521484375,-27.9039306640625
1750930025.695377,0.0,0.5,"[174.0, 185.0, 180.0, 156.0, 154.0, 154.0, 156.0, 181.0, 185.0, 174.0]",11.723281860351562,0.0,-26.42388916015625,0.0005550384521484375,-27.904556274414062
1750930025.7161188,0.0,0.5,"[174.0, 185.0, 181.0, 156.0, 154.0, 154.0, 156.0, 181.0, 185.0, 174.0]",11.928141593933105,0.0,-26.662445068359375,0.0005550384521484375,-27.904983520507812
1750930025.7283494,0.0,0.5,"[174.0, 185.0, 180.0, 156.0, 154.0, 154.0, 156.0, 181.0, 185.0, 174.0]",11.954682350158691,0.0,-26.901519775390625,0.0005550384521484375,-27.905715942382812
1750930025.7580318,0.0,0.5,"[174.0, 185.0, 181.0, 156.0, 154.0, 154.0, 156.0, 181.0, 185.0, 174.0]",11.887654304504395,0.0,-27.1392822265625,0.0005550384521484375,-27.905982971191406
1750930025.7704716,0.0,0.5,"[174.0, 185.0, 180.0, 156.0, 154.0, 154.0, 156.0, 181.0, 185.0, 174.0]",11.837594985961914,0.0,-27.37603759765625,0.0005550384521484375,-27.906776428222656
1750930025.800208,0.0,0.5,"[174.0, 185.0, 181.0, 156.0, 154.0, 154.0, 156.0, 181.0, 185.0, 174.0]",12.056523323059082,0.0,-27.617156982421875,0.0005550384521484375,-27.906951904296875
1750930025.8123899,0.0,0.5,"[174.0, 185.0, 181.0, 156.0, 154.0, 154.0, 156.0, 181.0, 185.0, 174.0]",12.149304389953613,0.0,-27.860137939453125,0.0005550384521484375,-27.907394409179688
1750930025.842219,0.0,0.5,"[174.0, 185.0, 181.0, 156.0, 154.0, 154.0, 156.0, 181.0, 185.0, 174.0]",12.196603775024414,0.0,-28.10406494140625,0.0005550384521484375,-27.907875061035156
1750930025.853485,0.0,0.5,"[174.0, 185.0, 181.0, 156.0, 154.0, 154.0, 156.0, 181.0, 185.0, 174.0]",12.227689743041992,0.0,-28.3486328125,0.0005550384521484375,-27.90831756591797
1750930025.8825247,0.0,0.5,"[174.0, 185.0, 181.0, 156.0, 154.0, 154.0, 156.0, 181.0, 185.0, 174.0]",12.252389907836914,0.0,-28.59368896484375,0.0005550384521484375,-27.908798217773438
1750930025.89548,0.0,0.5,"[174.0, 185.0, 181.0, 156.0, 154.0, 154.0, 156.0, 181.0, 185.0, 174.0]",12.277738571166992,0.0,-28.8392333984375,0.0005550384521484375,-27.90937042236328
1750930025.9167857,0.0,0.5,"[174.0, 185.0, 181.0, 156.0, 154.0, 154.0, 156.0, 181.0, 185.0, 174.0]",12.283206939697266,0.0,-29.08489990234375,0.0005550384521484375,-27.909950256347656
1750930025.9284198,0.0,0.5,"[174.0, 185.0, 181.0, 156.0, 154.0, 154.0, 156.0, 181.0, 185.0, 174.0]",12.30160140991211,0.0,-29.3309326171875,0.0005550384521484375,-27.910491943359375
1750930025.95696,0.0,0.5,"[174.0, 185.0, 181.0, 156.0, 154.0, 154.0, 156.0, 181.0, 185.0, 174.0]",12.32011890411377,0.0,-29.57733154296875,0.0005550384521484375,-27.91106414794922
1750930025.9695961,0.0,0.5,"[174.0, 185.0, 181.0, 156.0, 154.0, 154.0, 156.0, 181.0, 185.0, 174.0]",12.34055233001709,0.0,-29.824127197265625,0.0005550384521484375,-27.911727905273438
1750930025.9981515,0.0,0.5,"[174.0, 185.0, 180.0, 156.0, 154.0, 154.0, 156.0, 181.0, 185.0, 174.0]",12.5645751953125,0.0,-30.075439453125,0.0005550384521484375,-27.91228485107422
1750930026.010612,0.0,0.5,"[174.0, 185.0, 181.0, 156.0, 154.0, 154.0, 156.0, 181.0, 185.0, 174.0]",12.638049125671387,0.0,-30.32818603515625,0.0005550384521484375,-27.9124755859375
1750930026.0395956,0.0,0.5,"[174.0, 185.0, 181.0, 156.0, 154.0, 154.0, 156.0, 181.0, 185.0, 174.0]",12.624307632446289,0.0,-30.580657958984375,0.0005550384521484375,-27.91320037841797
1750930026.0516062,0.0,0.5,"[174.0, 185.0, 181.0, 156.0, 154.0, 154.0, 156.0, 181.0, 185.0, 174.0]",12.542520523071289,0.0,-30.831512451171875,0.0005550384521484375,-27.913551330566406
1750930026.0806196,0.0,0.5,"[174.0, 185.0, 181.0, 156.0, 154.0, 154.0, 156.0, 181.0, 185.0, 174.0]",12.545577049255371,0.0,-31.082427978515625,0.0005550384521484375,-27.914512634277344
1750930026.0927882,0.0,0.5,"[174.0, 185.0, 181.0, 156.0, 154.0, 154.0, 156.0, 181.0, 185.0, 174.0]",12.860699653625488,0.0,-31.33966064453125,0.0005550384521484375,-27.91492462158203
1750930026.1212072,0.0,0.5,"[174.0, 185.0, 181.0, 156.0, 154.0, 154.0, 156.0, 181.0, 185.0, 174.0]",12.687554359436035,0.0,-31.5933837890625,0.0005550384521484375,-27.91545867919922
1750930026.1338778,0.0,0.5,"[174.0, 185.0, 181.0, 156.0, 154.0, 154.0, 156.0, 181.0, 185.0, 174.0]",12.776780128479004,0.0,-31.84893798828125,0.0005550384521484375,-27.915748596191406
1750930026.1618476,0.0,0.5,"[174.0, 185.0, 181.0, 156.0, 154.0, 154.0, 156.0, 181.0, 185.0, 174.0]",12.744422912597656,0.0,-32.10382080078125,0.0005550384521484375,-27.916290283203125
1750930026.1739175,0.0,0.5,"[174.0, 185.0, 181.0, 156.0, 154.0, 154.0, 156.0, 181.0, 185.0, 174.0]",12.90419864654541,0.0,-32.361907958984375,0.0005550384521484375,-27.9168701171875
1750930026.2024162,0.0,0.5,"[174.0, 185.0, 181.0, 156.0, 154.0, 154.0, 156.0, 181.0, 185.0, 174.0]",12.891016006469727,0.0,-32.619720458984375,0.0005550384521484375,-27.917282104492188
1750930026.2145684,0.0,0.5,"[174.0, 185.0, 181.0, 156.0, 154.0, 154.0, 156.0, 181.0, 185.0, 174.0]",12.911853790283203,0.0,-32.877960205078125,0.0005550384521484375,-27.918228149414062
1750930026.244731,0.0,0.5,"[174.0, 185.0, 181.0, 156.0, 154.0, 154.0, 156.0, 181.0, 185.0, 174.0]",13.058515548706055,0.0,-33.139129638671875,0.0005550384521484375,-27.918624877929688
1750930026.2570546,0.0,0.5,"[174.0, 185.0, 181.0, 156.0, 154.0, 154.0, 156.0, 181.0, 185.0, 174.0]",12.943645477294922,0.0,-33.39801025390625,0.0005550384521484375,-27.91931915283203
1750930026.2689521,0.0,0.5,"[174.0, 185.0, 181.0, 156.0, 154.0, 154.0, 156.0, 181.0, 185.0, 174.0]",13.312430381774902,0.0,-33.66424560546875,0.0005550384521484375,-27.919822692871094
1750930026.2977412,0.0,0.5,"[174.0, 185.0, 181.0, 156.0, 154.0, 154.0, 156.0, 181.0, 185.0, 174.0]",13.017627716064453,0.0,-33.924591064453125,0.0005550384521484375,-27.92028045654297
1750930026.3101168,0.0,0.5,"[174.0, 185.0, 181.0, 156.0, 154.0, 154.0, 156.0, 181.0, 185.0, 174.0]",13.351530075073242,0.0,-34.191619873046875,0.0005550384521484375,-27.920738220214844
1750930026.3389792,0.0,0.5,"[174.0, 185.0, 181.0, 156.0, 154.0, 154.0, 156.0, 181.0, 185.0, 174.0]",13.122726440429688,0.0,-34.454071044921875,0.0005550384521484375,-27.921173095703125
1750930026.3512158,0.0,0.5,"[174.0, 185.0, 181.0, 156.0, 154.0, 154.0, 156.0, 181.0, 185.0, 174.0]",13.432787895202637,0.0,-34.722747802734375,0.0005550384521484375,-27.92182159423828
1750930026.3796642,0.0,0.5,"[174.0, 185.0, 181.0, 156.0, 154.0, 154.0, 156.0, 181.0, 185.0, 174.0]",13.213020324707031,0.0,-34.98699951171875,0.0005550384521484375,-27.922332763671875
1750930026.391511,0.0,0.5,"[174.0, 185.0, 181.0, 156.0, 154.0, 154.0, 156.0, 181.0, 185.0, 174.0]",13.33331298828125,0.0,-35.253662109375,0.0005550384521484375,-27.923179626464844
1750930026.4204118,0.0,0.5,"[174.0, 185.0, 181.0, 156.0, 154.0, 154.0, 156.0, 181.0, 185.0, 174.0]",13.350822448730469,0.0,-35.52069091796875,0.0005550384521484375,-27.923690795898438
1750930026.4325948,0.0,0.5,"[174.0, 185.0, 181.0, 156.0, 154.0, 154.0, 156.0, 181.0, 185.0, 174.0]",13.409026145935059,0.0,-35.788848876953125,0.0005550384521484375,-27.923980712890625
1750930026.4617066,0.0,0.5,"[174.0, 185.0, 181.0, 156.0, 154.0, 154.0, 156.0, 181.0, 185.0, 174.0]",13.459814071655273,0.0,-36.058074951171875,0.0005550384521484375,-27.92461395263672
1750930026.4743385,0.0,0.5,"[174.0, 185.0, 181.0, 156.0, 154.0, 154.0, 156.0, 181.0, 185.0, 174.0]",13.695162773132324,0.0,-36.33197021484375,0.0005550384521484375,-27.925270080566406
1750930026.50341,0.0,0.5,"[174.0, 185.0, 181.0, 156.0, 154.0, 154.0, 156.0, 181.0, 185.0, 174.0]",13.571822166442871,0.0,-36.6033935546875,0.0005550384521484375,-27.925613403320312
1750930026.5154803,0.0,0.5,"[174.0, 185.0, 181.0, 156.0, 154.0, 154.0, 156.0, 181.0, 185.0, 174.0]",13.682478904724121,0.0,-36.877044677734375,0.0005550384521484375,-27.92608642578125
1750930026.535775,0.0,0.5,"[174.0, 185.0, 181.0, 156.0, 154.0, 154.0, 156.0, 181.0, 185.0, 174.0]",13.441987037658691,0.0,-37.1458740234375,0.0005550384521484375,-27.926376342773438
1750930026.5560012,0.0,0.5,"[174.0, 185.0, 181.0, 156.0, 154.0, 154.0, 156.0, 181.0, 185.0, 174.0]",13.746127128601074,0.0,-37.420806884765625,0.0005550384521484375,-27.92694091796875
1750930026.5764546,0.0,0.5,"[174.0, 185.0, 181.0, 156.0, 154.0, 154.0, 156.0, 181.0, 185.0, 174.0]",13.74522876739502,0.0,-37.695709228515625,0.0005550384521484375,-27.927490234375
1750930026.587996,0.0,0.5,"[174.0, 185.0, 181.0, 156.0, 154.0, 154.0, 156.0, 181.0, 185.0, 174.0]",13.786527633666992,0.0,-37.971435546875,0.0005550384521484375,-27.92791748046875
1750930026.616568,0.0,0.5,"[174.0, 185.0, 181.0, 156.0, 154.0, 154.0, 156.0, 181.0, 185.0, 174.0]",14.018808364868164,0.0,-38.251800537109375,0.0005550384521484375,-27.92828369140625
1750930026.6272948,0.0,0.5,"[174.0, 185.0, 181.0, 156.0, 154.0, 154.0, 156.0, 181.0, 185.0, 174.0]",13.929902076721191,0.0,-38.530426025390625,0.0005550384521484375,-27.928924560546875
1750930026.6566055,0.0,0.5,"[174.0, 185.0, 181.0, 156.0, 154.0, 154.0, 156.0, 181.0, 185.0, 174.0]",14.060830116271973,0.0,-38.811614990234375,0.0005550384521484375,-27.929359436035156
1750930026.6691468,0.0,0.5,"[174.0, 185.0, 181.0, 156.0, 154.0, 154.0, 156.0, 181.0, 185.0, 174.0]",13.84416675567627,0.0,-39.0885009765625,0.0005550384521484375,-27.929969787597656
1750930026.6980982,0.0,0.5,"[174.0, 185.0, 181.0, 156.0, 154.0, 154.0, 156.0, 181.0, 185.0, 174.0]",14.059440612792969,0.0,-39.36968994140625,0.0005550384521484375,-27.93035888671875
1750930026.710175,0.0,0.5,"[174.0, 185.0, 181.0, 156.0, 154.0, 154.0, 156.0, 181.0, 185.0, 174.0]",14.201268196105957,0.0,-39.653717041015625,0.0005550384521484375,-27.93096923828125
1750930026.7385256,0.0,0.5,"[174.0, 185.0, 181.0, 156.0, 154.0, 154.0, 156.0, 181.0, 185.0, 174.0]",13.98454761505127,0.0,-39.93341064453125,0.0005550384521484375,-27.931411743164062
1750930026.7508903,0.0,0.5,"[174.0, 185.0, 181.0, 156.0, 154.0, 154.0, 156.0, 181.0, 185.0, 174.0]",14.193026542663574,0.0,-40.21728515625,0.0005550384521484375,-27.932106018066406
1750930026.7799485,0.0,0.5,"[174.0, 185.0, 181.0, 156.0, 154.0, 154.0, 156.0, 181.0, 185.0, 174.0]",14.239023208618164,0.0,-40.502044677734375,0.0005550384521484375,-27.932601928710938
1750930026.7919083,0.0,0.5,"[174.0, 185.0, 181.0, 156.0, 154.0, 154.0, 156.0, 181.0, 185.0, 174.0]",14.270963668823242,0.0,-40.7874755859375,0.0005550384521484375,-27.933006286621094
1750930026.8206978,0.0,0.5,"[174.0, 185.0, 181.0, 156.0, 154.0, 154.0, 156.0, 181.0, 185.0, 174.0]",14.324600219726562,0.0,-41.073974609375,0.0005550384521484375,-27.93341064453125
1750930026.8333883,0.0,0.5,"[174.0, 185.0, 181.0, 156.0, 154.0, 154.0, 156.0, 181.0, 185.0, 174.0]",14.380880355834961,0.0,-41.361572265625,0.0005550384521484375,-27.9339599609375
1750930026.861058,0.0,0.5,"[174.0, 185.0, 181.0, 156.0, 154.0, 154.0, 156.0, 181.0, 185.0, 174.0]",14.407135009765625,0.0,-41.64971923828125,0.0005550384521484375,-27.934585571289062
1750930026.8732865,0.0,0.5,"[174.0, 185.0, 181.0, 156.0, 154.0, 154.0, 156.0, 181.0, 185.0, 174.0]",14.412484169006348,0.0,-41.937957763671875,0.0005550384521484375,-27.935256958007812
1750930026.9021153,0.0,0.5,"[174.0, 185.0, 181.0, 156.0, 154.0, 154.0, 156.0, 181.0, 185.0, 174.0]",14.523751258850098,0.0,-42.22845458984375,0.0005550384521484375,-27.935890197753906
1750930026.9141784,0.0,0.5,"[174.0, 185.0, 181.0, 156.0, 154.0, 154.0, 156.0, 181.0, 185.0, 174.0]",14.314586639404297,0.0,-42.514739990234375,0.0005550384521484375,-27.936279296875
1750930026.943187,0.0,0.5,"[174.0, 185.0, 181.0, 156.0, 154.0, 154.0, 156.0, 181.0, 185.0, 174.0]",14.613011360168457,0.0,-42.8070068359375,0.0005550384521484375,-27.93701171875
1750930026.955381,0.0,0.5,"[174.0, 185.0, 181.0, 156.0, 154.0, 154.0, 156.0, 181.0, 185.0, 174.0]",14.59335994720459,0.0,-43.098876953125,0.0005550384521484375,-27.937774658203125
1750930026.9764526,0.0,0.5,"[174.0, 185.0, 181.0, 156.0, 154.0, 154.0, 156.0, 181.0, 185.0, 174.0]",14.606427192687988,0.0,-43.3909912109375,0.0005550384521484375,-27.938156127929688
1750930026.9878688,0.0,0.5,"[174.0, 185.0, 181.0, 156.0, 154.0, 154.0, 156.0, 181.0, 185.0, 174.0]",14.633108139038086,0.0,-43.68365478515625,0.0005550384521484375,-27.93907928466797
1750930027.0169885,0.0,0.5,"[174.0, 185.0, 181.0, 156.0, 154.0, 154.0, 156.0, 181.0, 185.0, 174.0]",14.741555213928223,0.0,-43.978485107421875,0.0005550384521484375,-27.939537048339844
1750930027.0294409,0.0,0.5,"[174.0, 185.0, 181.0, 156.0, 154.0, 154.0, 156.0, 181.0, 185.0, 174.0]",14.721158027648926,0.0,-44.272918701171875,0.0005550384521484375,-27.940399169921875
1750930027.05792,0.0,0.5,"[174.0, 185.0, 181.0, 156.0, 154.0, 154.0, 156.0, 181.0, 185.0, 174.0]",14.89633846282959,0.0,-44.570831298828125,0.0005550384521484375,-27.94092559814453
1750930027.0701165,0.0,0.5,"[174.0, 185.0, 181.0, 156.0, 154.0, 154.0, 156.0, 181.0, 185.0, 174.0]",14.736213684082031,0.0,-44.865570068359375,0.0005550384521484375,-27.94171142578125
1750930027.0986753,0.0,0.5,"[174.0, 185.0, 181.0, 156.0, 154.0, 154.0, 156.0, 181.0, 185.0, 174.0]",15.013078689575195,0.0,-45.165802001953125,0.0005550384521484375,-27.94245147705078
1750930027.1100583,0.0,0.5,"[174.0, 185.0, 181.0, 156.0, 154.0, 154.0, 156.0, 181.0, 185.0, 174.0]",14.760232925415039,0.0,-45.461029052734375,0.0005550384521484375,-27.94318389892578
1750930027.139289,0.0,0.5,"[174.0, 185.0, 181.0, 156.0, 154.0, 154.0, 156.0, 181.0, 185.0, 174.0]",15.097046852111816,0.0,-45.762969970703125,0.0005550384521484375,-27.943695068359375
1750930027.1516,0.0,0.5,"[174.0, 185.0, 181.0, 156.0, 154.0, 154.0, 156.0, 181.0, 185.0, 174.0]",14.83870792388916,0.0,-46.059722900390625,0.0005550384521484375,-27.944183349609375
1750930027.1807392,0.0,0.5,"[174.0, 185.0, 181.0, 156.0, 154.0, 154.0, 156.0, 181.0, 185.0, 174.0]",15.036267280578613,0.0,-46.360443115234375,0.0005550384521484375,-27.94500732421875
1750930027.193947,0.0,0.5,"[174.0, 185.0, 181.0, 156.0, 154.0, 154.0, 156.0, 181.0, 185.0, 174.0]",15.184133529663086,0.0,-46.664154052734375,0.0005550384521484375,-27.945716857910156
1750930027.2226765,0.0,0.5,"[174.0, 185.0, 181.0, 156.0, 154.0, 154.0, 156.0, 181.0, 185.0, 174.0]",14.92286491394043,0.0,-46.96258544921875,0.0005550384521484375,-27.946189880371094
1750930027.234851,0.0,0.5,"[174.0, 185.0, 181.0, 156.0, 154.0, 154.0, 156.0, 181.0, 185.0, 174.0]",15.103307723999023,0.0,-47.264678955078125,0.0005550384521484375,-27.946937561035156
1750930027.2638261,0.0,0.5,"[174.0, 185.0, 181.0, 156.0, 154.0, 154.0, 156.0, 181.0, 185.0, 174.0]",15.429619789123535,0.0,-47.5732421875,0.0005550384521484375,-27.947547912597656
1750930027.2760174,0.0,0.5,"[174.0, 185.0, 181.0, 156.0, 154.0, 154.0, 156.0, 181.0, 185.0, 174.0]",15.080833435058594,0.0,-47.8748779296875,0.0005550384521484375,-27.9481201171875
1750930027.2963088,0.0,0.5,"[174.0, 185.0, 181.0, 156.0, 154.0, 154.0, 156.0, 181.0, 185.0, 174.0]",15.470292091369629,0.0,-48.18426513671875,0.0005550384521484375,-27.948745727539062
1750930027.3097203,0.0,0.5,"[174.0, 185.0, 181.0, 156.0, 154.0, 154.0, 156.0, 181.0, 185.0, 174.0]",15.307269096374512,0.0,-48.49041748046875,0.0005550384521484375,-27.949417114257812
1750930027.3413975,0.0,0.5,"[174.0, 185.0, 181.0, 156.0, 154.0, 154.0, 156.0, 181.0, 185.0, 174.0]",15.48404312133789,0.0,-48.80010986328125,0.0005550384521484375,-27.949874877929688
1750930027.3544772,0.0,0.5,"[174.0, 185.0, 181.0, 156.0, 154.0, 155.0, 156.0, 181.0, 185.0, 174.0]",15.336642265319824,0.0,-49.106842041015625,0.0005550384521484375,-27.950607299804688
1750930027.3878567,0.0,0.5,"[174.0, 185.0, 181.0, 156.0, 154.0, 155.0, 156.0, 181.0, 185.0, 174.0]",15.66317367553711,0.0,-49.42010498046875,0.0005550384521484375,-27.951248168945312
1750930027.4031925,0.0,0.5,"[174.0, 185.0, 181.0, 156.0, 154.0, 155.0, 156.0, 181.0, 185.0, 174.0]",15.34977912902832,0.0,-49.727081298828125,0.0005550384521484375,-27.951873779296875
1750930027.4187884,0.0,0.5,"[174.0, 185.0, 181.0, 156.0, 154.0, 155.0, 156.0, 181.0, 185.0, 174.0]",15.768848419189453,0.0,-50.04248046875,0.0005550384521484375,-27.952484130859375
1750930027.4311047,0.0,0.5,"[174.0, 185.0, 181.0, 156.0, 154.0, 155.0, 156.0, 181.0, 185.0, 174.0]",15.418824195861816,0.0,-50.350860595703125,0.0005550384521484375,-27.95306396484375
1750930027.4599197,0.0,0.5,"[174.0, 185.0, 181.0, 156.0, 154.0, 157.0, 156.0, 181.0, 185.0, 174.0]",15.79152774810791,0.0,-50.66668701171875,0.0005550384521484375,-27.953689575195312
1750930027.4724429,0.0,0.5,"[174.0, 185.0, 181.0, 156.0, 154.0, 157.0, 156.0, 181.0, 185.0, 174.0]",15.601445198059082,0.0,-50.97869873046875,0.0005550384521484375,-27.95439910888672
1750930027.5008967,0.0,0.5,"[174.0, 185.0, 181.0, 156.0, 154.0, 157.0, 156.0, 181.0, 185.0, 174.0]",15.788920402526855,0.0,-51.294464111328125,0.0005550384521484375,-27.95496368408203
1750930027.5122082,0.0,0.5,"[174.0, 185.0, 181.0, 156.0, 154.0, 157.0, 156.0, 181.0, 185.0, 174.0]",15.589896202087402,0.0,-51.606292724609375,0.0005550384521484375,-27.955780029296875
1750930027.5402896,0.0,0.5,"[174.0, 185.0, 181.0, 156.0, 154.0, 157.0, 156.0, 181.0, 185.0, 174.0]",15.924962043762207,0.0,-51.924774169921875,0.0005550384521484375,-27.956527709960938
1750930027.5521457,0.0,0.5,"[174.0, 185.0, 181.0, 156.0, 154.0, 157.0, 156.0, 181.0, 185.0, 174.0]",15.749955177307129,0.0,-52.239776611328125,0.0005550384521484375,-27.95733642578125
1750930027.5806487,0.0,0.5,"[174.0, 185.0, 181.0, 156.0, 154.0, 157.0, 156.0, 181.0, 185.0, 174.0]",15.917243003845215,0.0,-52.55810546875,0.0005550384521484375,-27.95794677734375
1750930027.5922842,0.0,0.5,"[174.0, 185.0, 181.0, 156.0, 154.0, 157.0, 156.0, 181.0, 185.0, 174.0]",15.75613021850586,0.0,-52.87322998046875,0.0005550384521484375,-27.958770751953125
1750930027.6200385,0.0,0.5,"[174.0, 185.0, 181.0, 156.0, 154.0, 157.0, 156.0, 181.0, 185.0, 174.0]",16.038341522216797,0.0,-53.194000244140625,0.0005550384521484375,-27.95929718017578
1750930027.6318738,0.0,0.5,"[174.0, 185.0, 181.0, 156.0, 154.0, 157.0, 156.0, 181.0, 185.0, 174.0]",15.929339408874512,0.0,-53.512603759765625,0.0005550384521484375,-27.959861755371094
1750930027.6595445,0.0,0.5,"[174.0, 185.0, 181.0, 156.0, 154.0, 157.0, 156.0, 181.0, 185.0, 174.0]",16.034957885742188,0.0,-53.833282470703125,0.0005550384521484375,-27.960342407226562
1750930027.671238,0.0,0.5,"[174.0, 185.0, 181.0, 156.0, 154.0, 157.0, 156.0, 181.0, 185.0, 174.0]",16.01923370361328,0.0,-54.153656005859375,0.0005550384521484375,-27.960922241210938
1750930027.69897,0.0,0.5,"[174.0, 185.0, 181.0, 156.0, 154.0, 157.0, 156.0, 181.0, 185.0, 174.0]",16.034446716308594,0.0,-54.474365234375,0.0005550384521484375,-27.96148681640625
1750930027.7106688,0.0,0.5,"[174.0, 185.0, 181.0, 156.0, 154.0, 157.0, 156.0, 181.0, 185.0, 174.0]",16.110645294189453,0.0,-54.79656982421875,0.0005550384521484375,-27.962081909179688
1750930027.7370868,0.0,0.5,"[174.0, 185.0, 181.0, 156.0, 154.0, 157.0, 156.0, 181.0, 185.0, 174.0]",16.092727661132812,0.0,-55.118438720703125,0.0005550384521484375,-27.9625244140625
1750930027.7486482,0.0,0.5,"[174.0, 185.0, 181.0, 156.0, 154.0, 157.0, 156.0, 181.0, 185.0, 174.0]",16.216705322265625,0.0,-55.4427490234375,0.0005550384521484375,-27.9630126953125
1750930027.7762427,0.0,0.5,"[174.0, 185.0, 181.0, 156.0, 154.0, 157.0, 156.0, 181.0, 185.0, 174.0]",16.173376083374023,0.0,-55.7662353515625,0.0005550384521484375,-27.963829040527344
1750930027.7873769,0.0,0.5,"[174.0, 185.0, 181.0, 156.0, 154.0, 157.0, 156.0, 181.0, 185.0, 174.0]",16.22730827331543,0.0,-56.090789794921875,0.0005550384521484375,-27.964134216308594
1750930027.8163393,0.0,0.5,"[174.0, 185.0, 181.0, 156.0, 154.0, 157.0, 156.0, 181.0, 185.0, 174.0]",16.42937660217285,0.0,-56.41937255859375,0.0005550384521484375,-27.964752197265625
1750930027.8290763,0.0,0.5,"[174.0, 185.0, 181.0, 156.0, 154.0, 157.0, 156.0, 181.0, 185.0, 174.0]",16.271448135375977,0.0,-56.744781494140625,0.0005550384521484375,-27.965286254882812
1750930027.8577588,0.0,0.5,"[174.0, 185.0, 181.0, 156.0, 153.0, 157.0, 156.0, 181.0, 185.0, 174.0]",16.472461700439453,0.0,-57.074249267578125,0.0005550384521484375,-27.965988159179688
1750930027.8702633,0.0,0.5,"[174.0, 185.0, 181.0, 156.0, 153.0, 157.0, 156.0, 181.0, 185.0, 174.0]",16.453269958496094,0.0,-57.403289794921875,0.0005550384521484375,-27.9664306640625
1750930027.897616,0.0,0.5,"[174.0, 185.0, 181.0, 156.0, 153.0, 157.0, 156.0, 181.0, 185.0, 174.0]",16.553342819213867,0.0,-57.734375,0.0005550384521484375,-27.967178344726562
1750930027.9094746,0.0,0.5,"[174.0, 185.0, 181.0, 156.0, 153.0, 157.0, 156.0, 181.0, 185.0, 174.0]",16.48385238647461,0.0,-58.064056396484375,0.0005550384521484375,-27.967575073242188
1750930027.9362729,0.0,0.5,"[174.0, 185.0, 181.0, 156.0, 153.0, 157.0, 156.0, 181.0, 185.0, 174.0]",16.545385360717773,0.0,-58.39495849609375,0.0005550384521484375,-27.96833038330078
1750930027.9477174,0.0,0.5,"[174.0, 185.0, 181.0, 156.0, 153.0, 157.0, 156.0, 181.0, 185.0, 174.0]",16.66913414001465,0.0,-58.72833251953125,0.0005550384521484375,-27.968734741210938
1750930027.975446,0.0,0.5,"[174.0, 185.0, 181.0, 156.0, 153.0, 156.0, 156.0, 181.0, 185.0, 174.0]",16.66410255432129,0.0,-59.061614990234375,0.0005550384521484375,-27.969337463378906
1750930027.994603,0.0,0.5,"[174.0, 185.0, 181.0, 156.0, 153.0, 156.0, 156.0, 181.0, 185.0, 174.0]",16.750709533691406,0.0,-59.396636962890625,0.0005550384521484375,-27.969810485839844
1750930028.0213475,0.0,0.5,"[174.0, 185.0, 181.0, 156.0, 153.0, 156.0, 156.0, 181.0, 185.0, 174.0]",16.6712703704834,0.0,-59.73004150390625,0.0005550384521484375,-27.970375061035156
1750930028.0323684,0.0,0.5,"[174.0, 185.0, 181.0, 156.0, 153.0, 156.0, 156.0, 181.0, 185.0, 174.0]",16.68450164794922,0.0,-60.063751220703125,0.0005550384521484375,-27.970901489257812
1750930028.0582345,0.0,0.5,"[174.0, 185.0, 181.0, 156.0, 153.0, 156.0, 156.0, 181.0, 185.0, 174.0]",16.94112205505371,0.0,-60.402557373046875,0.0005550384521484375,-27.971405029296875
1750930028.0698462,0.0,0.5,"[174.0, 185.0, 181.0, 156.0, 153.0, 156.0, 156.0, 181.0, 185.0, 174.0]",16.69282341003418,0.0,-60.736419677734375,0.0005550384521484375,-27.971954345703125
1750930028.0967157,0.0,0.5,"[174.0, 185.0, 181.0, 156.0, 153.0, 156.0, 156.0, 181.0, 185.0, 174.0]",16.964153289794922,0.0,-61.075714111328125,0.0005550384521484375,-27.972328186035156
1750930028.1075885,0.0,0.5,"[174.0, 185.0, 181.0, 156.0, 153.0, 156.0, 156.0, 181.0, 185.0, 174.0]",16.898609161376953,0.0,-61.413665771484375,0.0005550384521484375,-27.972793579101562
1750930028.1339648,0.0,0.5,"[174.0, 185.0, 181.0, 156.0, 153.0, 156.0, 156.0, 181.0, 185.0, 174.0]",17.01972770690918,0.0,-61.754058837890625,0.0005550384521484375,-27.973236083984375
1750930028.1603127,0.0,0.5,"[174.0, 185.0, 181.0, 156.0, 153.0, 156.0, 156.0, 181.0, 185.0, 174.0]",16.913122177124023,0.0,-62.092315673828125,0.0005550384521484375,-27.973831176757812
1750930028.1715927,0.0,0.5,"[174.0, 185.0, 181.0, 156.0, 153.0, 156.0, 156.0, 181.0, 185.0, 174.0]",17.0849552154541,0.0,-62.43402099609375,0.0005550384521484375,-27.974334716796875
1750930028.1982048,0.0,0.5,"[174.0, 185.0, 181.0, 156.0, 153.0, 156.0, 156.0, 181.0, 185.0, 174.0]",16.968673706054688,0.0,-62.773406982421875,0.0005550384521484375,-27.9749755859375
1750930028.2099552,0.0,0.5,"[174.0, 185.0, 181.0, 156.0, 153.0, 156.0, 156.0, 181.0, 185.0, 174.0]",17.137556076049805,0.0,-63.11614990234375,0.0005550384521484375,-27.975555419921875
1750930028.2366495,0.0,0.5,"[174.0, 185.0, 181.0, 156.0, 153.0, 156.0, 156.0, 181.0, 185.0, 174.0]",17.179553985595703,0.0,-63.459747314453125,0.0005550384521484375,-27.976119995117188
1750930028.2479417,0.0,0.5,"[174.0, 185.0, 181.0, 156.0, 153.0, 156.0, 156.0, 181.0, 185.0, 174.0]",17.047712326049805,0.0,-63.800689697265625,0.0005550384521484375,-27.976852416992188
1750930028.2741008,0.0,0.5,"[174.0, 185.0, 181.0, 156.0, 152.0, 156.0, 156.0, 181.0, 185.0, 174.0]",17.329574584960938,0.0,-64.14727783203125,0.0005550384521484375,-27.977508544921875
1750930028.300108,0.0,0.5,"[174.0, 185.0, 181.0, 156.0, 152.0, 156.0, 156.0, 181.0, 185.0, 174.0]",17.10032844543457,0.0,-64.48928833007812,0.0005550384521484375,-27.978103637695312
1750930028.3111749,0.0,0.5,"[174.0, 185.0, 181.0, 156.0, 152.0, 156.0, 156.0, 181.0, 185.0, 174.0]",17.32182502746582,0.0,-64.83572387695312,0.0005550384521484375,-27.978858947753906
1750930028.3371315,0.0,0.5,"[174.0, 185.0, 181.0, 156.0, 152.0, 156.0, 156.0, 181.0, 185.0, 174.0]",17.281185150146484,0.0,-65.18136596679688,0.0005550384521484375,-27.979400634765625
1750930028.3478494,0.0,0.5,"[174.0, 185.0, 181.0, 156.0, 152.0, 156.0, 156.0, 181.0, 185.0, 174.0]",17.375957489013672,0.0,-65.52886962890625,0.0005550384521484375,-27.980224609375
1750930028.37418,0.0,0.5,"[174.0, 185.0, 181.0, 156.0, 152.0, 156.0, 156.0, 181.0, 185.0, 174.0]",17.335582733154297,0.0,-65.87557983398438,0.0005550384521484375,-27.980804443359375
1750930028.400685,0.0,0.5,"[174.0, 185.0, 181.0, 156.0, 152.0, 156.0, 156.0, 181.0, 185.0, 174.0]",17.482975006103516,0.0,-66.22525024414062,0.0005550384521484375,-27.981361389160156
1750930028.4122849,0.0,0.5,"[174.0, 185.0, 181.0, 156.0, 152.0, 156.0, 156.0, 181.0, 185.0, 174.0]",17.35121726989746,0.0,-66.572265625,0.0005550384521484375,-27.98217010498047
1750930028.4381235,0.0,0.5,"[174.0, 185.0, 181.0, 156.0, 152.0, 156.0, 156.0, 181.0, 185.0, 174.0]",17.58130645751953,0.0,-66.92388916015625,0.0005550384521484375,-27.98267364501953
1750930028.4492276,0.0,0.5,"[174.0, 185.0, 181.0, 156.0, 152.0, 155.0, 156.0, 181.0, 185.0, 174.0]",17.53695297241211,0.0,-67.27462768554688,0.0005550384521484375,-27.983230590820312
1750930028.4754636,0.0,0.5,"[174.0, 185.0, 181.0, 156.0, 152.0, 155.0, 156.0, 181.0, 185.0, 174.0]",17.61008644104004,0.0,-67.6268310546875,0.0005550384521484375,-27.983802795410156
1750930028.4936893,0.0,0.5,"[174.0, 185.0, 181.0, 156.0, 152.0, 155.0, 156.0, 181.0, 185.0, 174.0]",17.620513916015625,0.0,-67.97921752929688,0.0005550384521484375,-27.98450469970703
1750930028.5196173,0.0,0.5,"[174.0, 185.0, 181.0, 156.0, 152.0, 155.0, 156.0, 181.0, 185.0, 174.0]",17.581939697265625,0.0,-68.33087158203125,0.0005550384521484375,-27.985153198242188
1750930028.5303059,0.0,0.5,"[174.0, 185.0, 181.0, 156.0, 152.0, 155.0, 156.0, 181.0, 185.0, 174.0]",17.69179916381836,0.0,-68.68472290039062,0.0005550384521484375,-27.985748291015625
1750930028.5559692,0.0,0.5,"[174.0, 185.0, 181.0, 156.0, 151.0, 155.0, 156.0, 181.0, 185.0, 174.0]",17.73316192626953,0.0,-69.03936767578125,0.0005550384521484375,-27.986587524414062
1750930028.574065,0.0,0.5,"[174.0, 185.0, 181.0, 156.0, 151.0, 155.0, 156.0, 181.0, 185.0, 174.0]",17.853836059570312,0.0,-69.39645385742188,0.0005550384521484375,-27.987197875976562
1750930028.6002176,0.0,0.5,"[174.0, 185.0, 181.0, 156.0, 151.0, 155.0, 156.0, 181.0, 185.0, 174.0]",17.77548599243164,0.0,-69.751953125,0.0005550384521484375,-27.988113403320312
1750930028.6117463,0.0,0.5,"[174.0, 185.0, 181.0, 156.0, 151.0, 155.0, 156.0, 181.0, 185.0, 174.0]",17.796308517456055,0.0,-70.10787963867188,0.0005550384521484375,-27.98858642578125
1750930028.6372511,0.0,0.5,"[174.0, 185.0, 181.0, 156.0, 151.0, 155.0, 156.0, 181.0, 185.0, 174.0]",17.852642059326172,0.0,-70.46493530273438,0.0005550384521484375,-27.989463806152344
1750930028.6485598,0.0,0.5,"[174.0, 185.0, 181.0, 156.0, 151.0, 155.0, 156.0, 181.0, 185.0, 174.0]",17.981990814208984,0.0,-70.82455444335938,0.0005550384521484375,-27.990020751953125
1750930028.6742585,0.0,0.5,"[174.0, 185.0, 181.0, 156.0, 151.0, 155.0, 156.0, 181.0, 185.0, 174.0]",17.802074432373047,0.0,-71.18060302734375,0.0005550384521484375,-27.99083709716797
1750930028.7002838,0.0,0.5,"[174.0, 185.0, 181.0, 156.0, 151.0, 155.0, 156.0, 181.0, 185.0, 174.0]",18.121335983276367,0.0,-71.54302978515625,0.0005550384521484375,-27.991470336914062
1750930028.711565,0.0,0.5,"[174.0, 185.0, 181.0, 156.0, 151.0, 155.0, 156.0, 181.0, 185.0, 174.0]",17.90399169921875,0.0,-71.901123046875,0.0005550384521484375,-27.992088317871094
1750930028.7367752,0.0,0.5,"[174.0, 185.0, 181.0, 156.0, 151.0, 155.0, 156.0, 181.0, 185.0, 174.0]",18.19843864440918,0.0,-72.26507568359375,0.0005550384521484375,-27.992752075195312
1750930028.7471542,0.0,0.5,"[174.0, 185.0, 181.0, 156.0, 151.0, 155.0, 156.0, 181.0, 185.0, 174.0]",17.988821029663086,0.0,-72.62484741210938,0.0005550384521484375,-27.993560791015625
1750930028.7792008,0.0,0.5,"[174.0, 185.0, 181.0, 156.0, 151.0, 155.0, 156.0, 181.0, 185.0, 174.0]",18.1895751953125,0.0,-72.9886474609375,0.0005550384521484375,-27.994041442871094
1750930028.7894516,0.0,0.5,"[174.0, 185.0, 181.0, 156.0, 150.0, 155.0, 156.0, 181.0, 185.0, 174.0]",18.245513916015625,0.0,-73.35354614257812,0.0005550384521484375,-27.994598388671875
1750930028.8149111,0.0,0.5,"[174.0, 185.0, 181.0, 156.0, 150.0, 154.0, 156.0, 181.0, 185.0, 174.0]",18.211212158203125,0.0,-73.7177734375,0.0005550384521484375,-27.995201110839844
1750930028.8396883,0.0,0.5,"[174.0, 185.0, 181.0, 156.0, 150.0, 154.0, 156.0, 181.0, 185.0, 174.0]",18.193445205688477,0.0,-74.08163452148438,0.0005550384521484375,-27.995956420898438
1750930028.850834,0.0,0.5,"[174.0, 185.0, 181.0, 156.0, 150.0, 154.0, 156.0, 181.0, 185.0, 174.0]",18.296476364135742,0.0,-74.44757080078125,0.0005550384521484375,-27.996841430664062
1750930028.8761737,0.0,0.5,"[174.0, 185.0, 181.0, 156.0, 150.0, 154.0, 156.0, 181.0, 185.0, 174.0]",18.31974983215332,0.0,-74.81396484375,0.0005550384521484375,-27.99755859375
1750930028.886987,0.0,0.5,"[174.0, 185.0, 181.0, 156.0, 150.0, 154.0, 156.0, 181.0, 185.0, 174.0]",18.461406707763672,0.0,-75.18319702148438,0.0005550384521484375,-27.998291015625
1750930028.9192758,0.0,0.5,"[174.0, 185.0, 181.0, 156.0, 150.0, 154.0, 156.0, 181.0, 185.0, 174.0]",18.334897994995117,0.0,-75.54989624023438,0.0005550384521484375,-27.9989013671875
1750930028.9296389,0.0,0.5,"[174.0, 185.0, 181.0, 156.0, 150.0, 154.0, 156.0, 181.0, 185.0, 174.0]",18.4720401763916,0.0,-75.91934204101562,0.0005550384521484375,-27.99962615966797
1750930028.9552472,0.0,0.5,"[174.0, 185.0, 181.0, 156.0, 150.0, 154.0, 156.0, 181.0, 185.0, 174.0]",18.324308395385742,0.0,-76.28582763671875,0.0005550384521484375,-28.0001220703125
1750930028.9809287,0.0,0.5,"[174.0, 185.0, 181.0, 156.0, 150.0, 154.0, 156.0, 181.0, 185.0, 174.0]",18.611488342285156,0.0,-76.65805053710938,0.0005550384521484375,-28.000953674316406
1750930028.991555,0.0,0.5,"[174.0, 185.0, 181.0, 156.0, 149.0, 154.0, 156.0, 181.0, 185.0, 174.0]",18.483308792114258,0.0,-77.0277099609375,0.0005550384521484375,-28.001846313476562
1750930029.0168953,0.0,0.5,"[174.0, 185.0, 181.0, 156.0, 149.0, 154.0, 156.0, 181.0, 185.0, 174.0]",18.68965721130371,0.0,-77.40151977539062,0.0005550384521484375,-28.002548217773438
1750930029.0281882,0.0,0.5,"[174.0, 185.0, 181.0, 156.0, 149.0, 154.0, 156.0, 181.0, 185.0, 174.0]",18.511274337768555,0.0,-77.771728515625,0.0005550384521484375,-28.003250122070312
1750930029.0525737,0.0,0.5,"[174.0, 185.0, 181.0, 156.0, 149.0, 154.0, 156.0, 181.0, 185.0, 174.0]",18.648405075073242,0.0,-78.14471435546875,0.0005550384521484375,-28.00389862060547
1750930029.0781236,0.0,0.5,"[174.0, 185.0, 181.0, 156.0, 149.0, 153.0, 156.0, 181.0, 185.0, 174.0]",18.713672637939453,0.0,-78.51898193359375,0.0005550384521484375,-28.004730224609375
1750930029.089184,0.0,0.5,"[174.0, 185.0, 181.0, 156.0, 149.0, 153.0, 156.0, 181.0, 185.0, 174.0]",18.76120948791504,0.0,-78.89419555664062,0.0005550384521484375,-28.005447387695312
1750930029.1150942,0.0,0.5,"[174.0, 185.0, 181.0, 156.0, 149.0, 153.0, 156.0, 181.0, 185.0, 174.0]",18.737070083618164,0.0,-79.26895141601562,0.0005550384521484375,-28.006324768066406
1750930029.1403964,0.0,0.5,"[174.0, 185.0, 181.0, 156.0, 149.0, 153.0, 156.0, 181.0, 185.0, 174.0]",18.808691024780273,0.0,-79.64511108398438,0.0005550384521484375,-28.007034301757812
1750930029.151444,0.0,0.5,"[174.0, 185.0, 181.0, 156.0, 148.0, 153.0, 156.0, 181.0, 185.0, 174.0]",18.790111541748047,0.0,-80.02090454101562,0.0005550384521484375,-28.0078125
1750930029.1768348,0.0,0.5,"[174.0, 185.0, 181.0, 156.0, 148.0, 153.0, 156.0, 181.0, 185.0, 174.0]",18.9222412109375,0.0,-80.39935302734375,0.0005550384521484375,-28.008697509765625
1750930029.187464,0.0,0.5,"[174.0, 185.0, 181.0, 156.0, 148.0, 153.0, 156.0, 181.0, 185.0, 174.0]",18.927154541015625,0.0,-80.77789306640625,0.0005550384521484375,-28.009620666503906
1750930029.2191713,0.0,0.5,"[174.0, 185.0, 181.0, 156.0, 148.0, 153.0, 156.0, 181.0, 185.0, 174.0]",18.844099044799805,0.0,-81.15478515625,0.0005550384521484375,-28.01031494140625
1750930029.229513,0.0,0.5,"[174.0, 185.0, 181.0, 156.0, 148.0, 153.0, 156.0, 181.0, 185.0, 174.0]",19.029504776000977,0.0,-81.53536987304688,0.0005550384521484375,-28.011032104492188
1750930029.255915,0.0,0.5,"[174.0, 185.0, 181.0, 156.0, 148.0, 152.0, 158.0, 181.0, 185.0, 174.0]",19.014755249023438,0.0,-81.91567993164062,0.0005550384521484375,-28.011863708496094
1750930029.2740982,0.0,0.5,"[174.0, 185.0, 181.0, 156.0, 147.0, 152.0, 168.0, 181.0, 185.0, 174.0]",18.98480796813965,0.0,-82.29537963867188,0.0005550384521484375,-28.012466430664062
1750930029.299255,0.0,0.5,"[174.0, 185.0, 181.0, 156.0, 147.0, 152.0, 161.0, 181.0, 185.0, 174.0]",19.175512313842773,0.0,-82.67886352539062,0.0005550384521484375,-28.013229370117188
1750930029.3099072,0.0,0.5,"[174.0, 185.0, 181.0, 156.0, 147.0, 152.0, 156.0, 181.0, 185.0, 174.0]",19.04469108581543,0.0,-83.05975341796875,0.0005550384521484375,-28.0140380859375
1750930029.3352814,0.0,0.5,"[174.0, 185.0, 181.0, 156.0, 147.0, 152.0, 158.0, 181.0, 185.0, 174.0]",19.268217086791992,0.0,-83.44512939453125,0.0005550384521484375,-28.0147705078125
1750930029.3533561,0.0,0.5,"[174.0, 185.0, 181.0, 156.0, 147.0, 152.0, 158.0, 181.0, 185.0, 174.0]",19.101572036743164,0.0,-83.8271484375,0.0005550384521484375,-28.015396118164062
1750930029.3785267,0.0,0.5,"[174.0, 185.0, 181.0, 156.0, 147.0, 152.0, 158.0, 181.0, 185.0, 174.0]",19.357603073120117,0.0,-84.21432495117188,0.0005550384521484375,-28.016250610351562
1750930029.3888645,0.0,0.5,"[174.0, 185.0, 181.0, 156.0, 147.0, 152.0, 158.0, 181.0, 185.0, 174.0]",19.10899543762207,0.0,-84.59649658203125,0.0005550384521484375,-28.01702880859375
1750930029.4150982,0.0,0.5,"[174.0, 185.0, 181.0, 156.0, 146.0, 152.0, 159.0, 181.0, 185.0, 174.0]",19.426021575927734,0.0,-84.98501586914062,0.0005550384521484375,-28.017898559570312
1750930029.44065,0.0,0.5,"[174.0, 185.0, 181.0, 156.0, 146.0, 151.0, 159.0, 181.0, 185.0, 174.0]",19.202314376831055,0.0,-85.36904907226562,0.0005550384521484375,-28.01866912841797
1750930029.452017,0.0,0.5,"[174.0, 185.0, 181.0, 155.0, 146.0, 151.0, 159.0, 181.0, 185.0, 174.0]",19.516342163085938,0.0,-85.75936889648438,0.0005550384521484375,-28.019493103027344
1750930029.4778874,0.0,0.5,"[174.0, 185.0, 181.0, 155.0, 146.0, 151.0, 160.0, 181.0, 185.0, 174.0]",19.181344985961914,0.0,-86.14300537109375,0.0005550384521484375,-28.02025604248047
1750930029.4884663,0.0,0.5,"[174.0, 185.0, 181.0, 155.0, 145.0, 151.0, 160.0, 181.0, 185.0, 174.0]",19.5872745513916,0.0,-86.53475952148438,0.0005550384521484375,-28.021080017089844
1750930029.5137825,-1.0,0.5,"[174.0, 185.0, 181.0, 155.0, 145.0, 151.0, 160.0, 181.0, 185.0, 174.0]",19.301990509033203,0.0,-86.92080688476562,0.0005550384521484375,-28.02191162109375
1750930029.540201,-1.0,0.5,"[174.0, 185.0, 183.0, 155.0, 145.0, 151.0, 160.0, 179.0, 185.0, 174.0]",19.360685348510742,-0.5,-87.3076171875,0.0005550384521484375,-28.039268493652344
1750930029.5512478,-1.0,0.5,"[174.0, 185.0, 184.0, 155.0, 146.0, 151.0, 158.0, 178.0, 185.0, 174.0]",18.89286231994629,-0.5,-87.68386840820312,0.0005550384521484375,-28.074020385742188
1750930029.5773096,-1.0,0.5,"[174.0, 185.0, 187.0, 156.0, 146.0, 151.0, 155.0, 175.0, 185.0, 174.0]",18.9370059967041,-0.5,-88.05880737304688,0.0005550384521484375,-28.127601623535156
1750930029.5884657,0.0,0.5,"[174.0, 185.0, 189.0, 157.0, 147.0, 152.0, 152.0, 172.0, 185.0, 174.0]",18.723360061645508,-0.5,-88.4256591796875,0.0005550384521484375,-28.202781677246094
1750930029.6159081,0.0,0.5,"[174.0, 185.0, 192.0, 158.0, 147.0, 152.0, 150.0, 170.0, 185.0, 174.0]",18.758800506591797,0.0,-88.79556274414062,0.0005550384521484375,-28.26557159423828
1750930029.6355038,0.0,0.5,"[174.0, 185.0, 192.0, 158.0, 147.0, 152.0, 149.0, 170.0, 185.0, 174.0]",18.57884407043457,0.0,-89.16375732421875,0.0005550384521484375,-28.315444946289062
1750930029.6538634,0.0,0.5,"[174.0, 185.0, 192.0, 158.0, 147.0, 152.0, 149.0, 169.0, 185.0, 174.0]",18.876461029052734,0.0,-89.53836059570312,0.0005550384521484375,-28.36243438720703
1750930029.6804738,0.0,0.5,"[174.0, 185.0, 192.0, 158.0, 147.0, 152.0, 149.0, 169.0, 185.0, 174.0]",18.701358795166016,0.0,-89.90957641601562,0.0005550384521484375,-28.4083251953125
1750930029.6916146,0.0,0.5,"[174.0, 185.0, 190.0, 157.0, 147.0, 152.0, 150.0, 169.0, 185.0, 174.0]",18.836103439331055,0.0,-90.283447265625,0.0005550384521484375,-28.454437255859375
1750930029.71814,0.0,0.5,"[174.0, 185.0, 190.0, 156.0, 147.0, 151.0, 150.0, 168.0, 185.0, 174.0]",18.99895477294922,0.0,-90.66055297851562,0.0005550384521484375,-28.500946044921875
1750930029.7290888,0.0,0.5,"[174.0, 185.0, 190.0, 156.0, 146.0, 151.0, 150.0, 167.0, 185.0, 174.0]",18.806602478027344,0.0,-91.03387451171875,0.0005550384521484375,-28.547027587890625
1750930029.7553735,0.0,0.5,"[174.0, 185.0, 190.0, 156.0, 146.0, 151.0, 151.0, 167.0, 185.0, 174.0]",18.95954704284668,0.0,-91.41018676757812,0.0005550384521484375,-28.593482971191406
1750930029.7747276,0.0,0.5,"[174.0, 185.0, 189.0, 156.0, 146.0, 151.0, 151.0, 167.0, 185.0, 174.0]",19.04520606994629,0.0,-91.78823852539062,0.0005550384521484375,-28.640213012695312
1750930029.801128,0.0,0.5,"[174.0, 185.0, 189.0, 156.0, 146.0, 151.0, 151.0, 175.0, 185.0, 174.0]",19.000093460083008,0.0,-92.16537475585938,0.0005550384521484375,-28.686752319335938
1750930029.8121738,0.0,0.5,"[174.0, 185.0, 189.0, 155.0, 146.0, 151.0, 174.0, 223.0, 185.0, 174.0]",18.986196517944336,0.0,-92.542236328125,0.0005550384521484375,-28.73332977294922
1750930029.838446,0.0,0.5,"[174.0, 185.0, 189.0, 155.0, 145.0, 151.0, 174.0, 165.0, 185.0, 174.0]",19.074045181274414,0.0,-92.92080688476562,0.0005550384521484375,-28.780166625976562
1750930029.849284,0.0,0.5,"[174.0, 185.0, 188.0, 155.0, 145.0, 151.0, 174.0, 165.0, 185.0, 174.0]",19.0878963470459,0.0,-93.29971313476562,0.0005550384521484375,-28.826919555664062
1750930029.8757799,0.0,0.5,"[174.0, 185.0, 187.0, 155.0, 145.0, 150.0, 174.0, 166.0, 185.0, 174.0]",19.18328285217285,0.0,-93.68048095703125,0.0005550384521484375,-28.87384796142578
1750930029.8949182,0.0,0.5,"[174.0, 185.0, 187.0, 154.0, 145.0, 150.0, 174.0, 166.0, 185.0, 174.0]",19.094093322753906,0.0,-94.05947875976562,0.0005550384521484375,-28.920669555664062
1750930029.9211767,0.0,0.5,"[174.0, 185.0, 187.0, 154.0, 144.0, 150.0, 174.0, 167.0, 185.0, 174.0]",19.17888832092285,0.0,-94.44015502929688,0.0005550384521484375,-28.967758178710938
1750930029.9321592,0.0,0.5,"[174.0, 185.0, 186.0, 154.0, 144.0, 150.0, 174.0, 167.0, 185.0, 174.0]",19.342588424682617,0.0,-94.8240966796875,0.0005550384521484375,-29.015113830566406
1750930029.9588177,0.0,0.5,"[174.0, 185.0, 186.0, 153.0, 144.0, 150.0, 174.0, 167.0, 185.0, 174.0]",19.241043090820312,0.0,-95.20602416992188,0.0005550384521484375,-29.062210083007812
1750930029.9705846,0.0,0.5,"[174.0, 185.0, 186.0, 153.0, 144.0, 150.0, 174.0, 167.0, 185.0, 174.0]",19.403778076171875,0.0,-95.59115600585938,0.0005550384521484375,-29.109764099121094
1750930029.996752,0.0,0.5,"[174.0, 185.0, 184.0, 153.0, 143.0, 149.0, 174.0, 168.0, 185.0, 174.0]",19.306291580200195,0.0,-95.97439575195312,0.0005550384521484375,-29.157241821289062
1750930030.0083241,0.0,0.5,"[174.0, 185.0, 184.0, 152.0, 143.0, 149.0, 173.0, 168.0, 185.0, 174.0]",19.47075653076172,0.0,-96.36087036132812,0.0005550384521484375,-29.204856872558594
1750930030.0343819,0.0,0.5,"[174.0, 185.0, 184.0, 152.0, 143.0, 149.0, 173.0, 169.0, 185.0, 174.0]",19.327579498291016,0.0,-96.74447631835938,0.0005550384521484375,-29.252281188964844
1750930030.0600731,0.0,0.5,"[174.0, 185.0, 184.0, 152.0, 142.0, 149.0, 173.0, 169.0, 185.0, 174.0]",19.52174186706543,0.0,-97.13198852539062,0.0005550384521484375,-29.300148010253906
1750930030.0706122,0.0,0.5,"[174.0, 185.0, 183.0, 151.0, 142.0, 149.0, 173.0, 169.0, 185.0, 174.0]",19.42816734313965,0.0,-97.51760864257812,0.0005550384521484375,-29.34796142578125
1750930030.096563,0.0,0.5,"[174.0, 185.0, 183.0, 151.0, 142.0, 148.0, 173.0, 171.0, 185.0, 174.0]",19.557661056518555,0.0,-97.90579223632812,0.0005550384521484375,-29.395736694335938
1750930030.1074972,0.0,0.5,"[174.0, 185.0, 181.0, 149.0, 142.0, 148.0, 173.0, 175.0, 185.0, 174.0]",19.455583572387695,0.0,-98.29202270507812,0.0005550384521484375,-29.443466186523438
1750930030.1333826,0.0,0.5,"[174.0, 185.0, 181.0, 149.0, 141.0, 148.0, 173.0, 179.0, 185.0, 174.0]",19.743688583374023,0.0,-98.68386840820312,0.0005550384521484375,-29.491836547851562
1750930030.1595268,0.0,0.5,"[174.0, 185.0, 181.0, 149.0, 141.0, 148.0, 171.0, 181.0, 185.0, 174.0]",19.469558715820312,0.0,-99.07034301757812,0.0005550384521484375,-29.539634704589844
1750930030.17067,0.0,0.5,"[174.0, 185.0, 180.0, 148.0, 141.0, 147.0, 171.0, 184.0, 185.0, 174.0]",19.712146759033203,0.0,-99.46163940429688,0.0005550384521484375,-29.587852478027344
1750930030.195795,0.0,0.5,"[174.0, 185.0, 179.0, 148.0, 140.0, 147.0, 171.0, 187.0, 185.0, 174.0]",19.693178176879883,0.0,-99.85250854492188,0.0005550384521484375,-29.636154174804688
1750930030.2139375,-1.0,0.5,"[174.0, 185.0, 178.0, 147.0, 140.0, 147.0, 171.0, 189.0, 185.0, 174.0]",19.81008529663086,0.0,-100.24575805664062,0.0005550384521484375,-29.684600830078125
1750930030.2391973,-1.0,0.5,"[174.0, 185.0, 178.0, 147.0, 140.0, 147.0, 171.0, 192.0, 185.0, 174.0]",19.375566482543945,-0.5,-100.62814331054688,0.0005550384521484375,-29.747421264648438
1750930030.2505524,-1.0,0.5,"[174.0, 185.0, 178.0, 147.0, 140.0, 147.0, 171.0, 189.0, 185.0, 174.0]",19.3659725189209,-0.5,-101.00729370117188,0.0005550384521484375,-29.826370239257812
1750930030.276717,-1.0,0.5,"[174.0, 185.0, 179.0, 148.0, 141.0, 147.0, 171.0, 185.0, 185.0, 174.0]",19.145896911621094,-0.5,-101.37649536132812,0.0005550384521484375,-29.927978515625
1750930030.2877946,-1.0,0.5,"[174.0, 185.0, 179.0, 149.0, 142.0, 148.0, 171.0, 180.0, 185.0, 174.0]",18.997098922729492,-0.5,-101.73678588867188,0.0005550384521484375,-30.048583984375
1750930030.3137996,0.0,0.5,"[174.0, 185.0, 181.0, 151.0, 142.0, 149.0, 173.0, 176.0, 185.0, 174.0]",18.88207244873047,-0.5,-102.08914184570312,0.0005550384521484375,-30.184371948242188
1750930030.3402514,0.0,0.5,"[174.0, 185.0, 181.0, 151.0, 143.0, 149.0, 173.0, 173.0, 185.0, 174.0]",19.04348373413086,0.0,-102.44906616210938,0.0005550384521484375,-30.30908203125
1750930030.3524017,0.0,0.5,"[174.0, 185.0, 181.0, 151.0, 142.0, 149.0, 171.0, 175.0, 185.0, 174.0]",18.869565963745117,0.0,-102.81015014648438,0.0005550384521484375,-30.41876220703125
1750930030.377988,0.0,0.5,"[174.0, 185.0, 181.0, 151.0, 142.0, 149.0, 171.0, 176.0, 185.0, 174.0]",19.087003707885742,0.0,-103.17642211914062,0.0005550384521484375,-30.52631378173828
1750930030.3881285,0.0,0.5,"[174.0, 185.0, 181.0, 151.0, 142.0, 148.0, 171.0, 179.0, 185.0, 174.0]",18.932775497436523,0.0,-103.53994750976562,0.0005550384521484375,-30.632278442382812
1750930030.41454,0.0,0.5,"[174.0, 185.0, 180.0, 149.0, 142.0, 148.0, 171.0, 183.0, 185.0, 174.0]",19.067934036254883,0.0,-103.90597534179688,0.0005550384521484375,-30.739303588867188
1750930030.4406297,0.0,0.5,"[174.0, 185.0, 179.0, 149.0, 141.0, 148.0, 171.0, 187.0, 185.0, 174.0]",19.036151885986328,0.0,-104.27145385742188,0.0005550384521484375,-30.846031188964844
1750930030.452083,0.0,0.5,"[174.0, 185.0, 179.0, 149.0, 141.0, 148.0, 171.0, 227.0, 185.0, 174.0]",19.236446380615234,0.0,-104.64077758789062,0.0005550384521484375,-30.953781127929688
1750930030.478196,0.0,0.5,"[174.0, 185.0, 178.0, 148.0, 141.0, 147.0, 171.0, 227.0, 185.0, 174.0]",19.064184188842773,0.0,-105.00680541992188,0.0005550384521484375,-31.06049346923828
1750930030.4892492,0.0,0.5,"[174.0, 185.0, 178.0, 148.0, 140.0, 147.0, 171.0, 227.0, 185.0, 174.0]",19.313020706176758,0.0,-105.37759399414062,0.0005550384521484375,-31.168838500976562
1750930030.5154374,0.0,0.5,"[174.0, 185.0, 177.0, 147.0, 140.0, 147.0, 170.0, 227.0, 185.0, 174.0]",19.169092178344727,0.0,-105.74557495117188,0.0005550384521484375,-31.27629852294922
1750930030.5342042,0.0,0.5,"[174.0, 185.0, 176.0, 147.0, 140.0, 147.0, 170.0, 227.0, 185.0, 174.0]",19.301551818847656,0.0,-106.11611938476562,0.0005550384521484375,-31.38457489013672
1750930030.5602725,0.0,0.5,"[174.0, 185.0, 176.0, 146.0, 139.0, 146.0, 170.0, 227.0, 185.0, 174.0]",19.186569213867188,0.0,-106.48446655273438,0.0005550384521484375,-31.492027282714844
1750930030.5707505,0.0,0.5,"[174.0, 185.0, 175.0, 146.0, 139.0, 146.0, 170.0, 227.0, 185.0, 174.0]",19.491498947143555,0.0,-106.85867309570312,0.0005550384521484375,-31.601272583007812
1750930030.5966227,0.0,0.5,"[174.0, 185.0, 175.0, 145.0, 138.0, 146.0, 170.0, 227.0, 185.0, 174.0]",19.182815551757812,0.0,-107.22702026367188,0.0005550384521484375,-31.708694458007812
1750930030.6077085,-1.0,0.5,"[174.0, 185.0, 173.0, 145.0, 138.0, 145.0, 170.0, 227.0, 185.0, 174.0]",19.40631103515625,0.0,-107.59951782226562,0.0005550384521484375,-31.817581176757812
1750930030.6338234,-1.0,0.5,"[174.0, 185.0, 173.0, 145.0, 138.0, 145.0, 170.0, 227.0, 185.0, 174.0]",19.21297836303711,-0.5,-107.96347045898438,0.0005550384521484375,-31.94091796875
1750930030.6595397,-1.0,0.5,"[174.0, 185.0, 173.0, 145.0, 139.0, 146.0, 170.0, 227.0, 185.0, 174.0]",18.97121238708496,-0.5,-108.31497192382812,0.0005550384521484375,-32.08381652832031
1750930030.6698642,-1.0,0.5,"[174.0, 185.0, 175.0, 146.0, 139.0, 146.0, 170.0, 227.0, 185.0, 174.0]",18.723712921142578,-0.5,-108.65200805664062,0.0005550384521484375,-32.24693298339844
1750930030.695507,-1.0,0.5,"[174.0, 185.0, 176.0, 147.0, 140.0, 147.0, 170.0, 227.0, 185.0, 174.0]",18.774511337280273,-0.5,-108.98165893554688,0.0005550384521484375,-32.42681884765625
1750930030.7149613,-1.0,0.5,"[174.0, 185.0, 178.0, 148.0, 141.0, 148.0, 170.0, 227.0, 185.0, 174.0]",18.473072052001953,-0.5,-109.29824829101562,0.0005550384521484375,-32.6171875
1750930030.7444406,0.0,0.5,"[174.0, 185.0, 179.0, 149.0, 142.0, 148.0, 170.0, 227.0, 185.0, 174.0]",18.64388656616211,-0.5,-109.61050415039062,0.0005550384521484375,-32.821075439453125
1750930030.7568812,0.0,0.5,"[174.0, 185.0, 179.0, 151.0, 142.0, 149.0, 171.0, 227.0, 185.0, 174.0]",18.61585235595703,0.0,-109.92861938476562,0.0005550384521484375,-33.01447296142578
1750930030.7692263,0.0,0.5,"[174.0, 185.0, 180.0, 151.0, 142.0, 149.0, 171.0, 227.0, 185.0, 174.0]",18.747007369995117,0.0,-110.25588989257812,0.0005550384521484375,-33.19740295410156
1750930030.7991793,0.0,0.5,"[174.0, 185.0, 179.0, 149.0, 142.0, 148.0, 170.0, 227.0, 185.0, 174.0]",18.52899932861328,0.0,-110.58169555664062,0.0005550384521484375,-33.37403869628906
1750930030.8120565,0.0,0.5,"[174.0, 185.0, 179.0, 149.0, 142.0, 148.0, 170.0, 227.0, 185.0, 174.0]",18.729368209838867,0.0,-110.91152954101562,0.0005550384521484375,-33.55158996582031
1750930030.8420506,0.0,0.5,"[174.0, 185.0, 178.0, 149.0, 141.0, 148.0, 170.0, 227.0, 185.0, 174.0]",18.649869918823242,0.0,-111.23995971679688,0.0005550384521484375,-33.72834014892578
1750930030.854309,-1.0,0.5,"[174.0, 185.0, 178.0, 149.0, 141.0, 148.0, 170.0, 227.0, 185.0, 174.0]",18.836599349975586,0.0,-111.57168579101562,0.0005550384521484375,-33.90690612792969
1750930030.8844216,-1.0,0.5,"[174.0, 185.0, 178.0, 149.0, 141.0, 148.0, 170.0, 226.0, 185.0, 174.0]",18.570825576782227,-0.5,-111.89022827148438,0.0005550384521484375,-34.09791564941406
1750930030.8970778,-1.0,0.5,"[174.0, 185.0, 178.0, 149.0, 141.0, 148.0, 170.0, 226.0, 185.0, 174.0]",18.296117782592773,-0.5,-112.19479370117188,0.0005550384521484375,-34.300743103027344
1750930030.9092464,-1.0,0.5,"[174.0, 185.0, 179.0, 151.0, 142.0, 148.0, 170.0, 226.0, 185.0, 174.0]",18.11969566345215,-0.5,-112.48391723632812,0.0005550384521484375,-34.51921844482422
1750930030.9396238,-1.0,0.5,"[174.0, 185.0, 181.0, 151.0, 143.0, 148.0, 170.0, 226.0, 185.0, 174.0]",18.080368041992188,-0.5,-112.75997924804688,0.0005550384521484375,-34.75279998779297
1750930030.9524856,-1.0,0.5,"[174.0, 185.0, 183.0, 152.0, 144.0, 149.0, 170.0, 226.0, 185.0, 174.0]",18.093339920043945,-0.5,-113.02713012695312,0.0005550384521484375,-34.99690246582031
1750930030.982648,0.0,0.5,"[174.0, 185.0, 185.0, 153.0, 144.0, 149.0, 170.0, 226.0, 185.0, 174.0]",17.926847457885742,-0.5,-113.28219604492188,0.0005550384521484375,-35.24885559082031
1750930030.995016,0.0,0.5,"[174.0, 185.0, 186.0, 154.0, 145.0, 149.0, 170.0, 226.0, 185.0, 174.0]",18.145442962646484,0.0,-113.54885864257812,0.0005550384521484375,-35.4949951171875
1750930031.025142,0.0,0.5,"[174.0, 185.0, 186.0, 154.0, 145.0, 149.0, 170.0, 226.0, 185.0, 174.0]",17.995315551757812,0.0,-113.82388305664062,0.00055694580078125,-35.72715759277344
1750930031.0371034,0.0,0.5,"[174.0, 185.0, 186.0, 153.0, 144.0, 148.0, 170.0, 226.0, 185.0, 174.0]",18.19410514831543,0.0,-114.10427856445312,0.00055694580078125,-35.95905303955078
1750930031.0495825,0.0,0.5,"[174.0, 185.0, 185.0, 153.0, 144.0, 148.0, 170.0, 226.0, 185.0, 174.0]",17.982412338256836,0.0,-114.38198852539062,0.00055694580078125,-36.18760681152344
1750930031.07927,0.0,0.5,"[174.0, 185.0, 184.0, 153.0, 144.0, 148.0, 170.0, 225.0, 185.0, 174.0]",18.177406311035156,0.0,-114.66262817382812,0.00055694580078125,-36.41868591308594
1750930031.0918171,0.0,0.5,"[174.0, 185.0, 184.0, 153.0, 144.0, 148.0, 169.0, 225.0, 185.0, 174.0]",18.058879852294922,0.0,-114.94161987304688,0.00055694580078125,-36.648101806640625
1750930031.122255,0.0,0.5,"[174.0, 185.0, 184.0, 152.0, 143.0, 148.0, 169.0, 225.0, 185.0, 174.0]",18.29716682434082,0.0,-115.22421264648438,0.00055694580078125,-36.880584716796875
1750930031.1347198,0.0,0.5,"[174.0, 185.0, 183.0, 152.0, 143.0, 148.0, 169.0, 225.0, 185.0, 174.0]",18.19817543029785,0.0,-115.50527954101562,0.00055694580078125,-37.11182403564453
1750930031.164235,0.0,0.5,"[174.0, 185.0, 183.0, 152.0, 143.0, 147.0, 169.0, 225.0, 185.0, 174.0]",18.277587890625,0.0,-115.78756713867188,0.00055694580078125,-37.34407043457031
1750930031.1767135,0.0,0.5,"[174.0, 185.0, 183.0, 151.0, 143.0, 147.0, 169.0, 225.0, 185.0, 174.0]",18.336000442504883,0.0,-116.07083129882812,0.00055694580078125,-37.57701110839844
1750930031.1885734,0.0,0.5,"[174.0, 185.0, 181.0, 151.0, 142.0, 147.0, 169.0, 225.0, 185.0, 174.0]",18.352251052856445,0.0,-116.35427856445312,0.00055694580078125,-37.810150146484375
1750930031.2187834,0.0,0.5,"[174.0, 185.0, 181.0, 151.0, 142.0, 147.0, 168.0, 225.0, 185.0, 174.0]",18.36496925354004,0.0,-116.63796997070312,0.00055694580078125,-38.04350280761719
1750930031.2308831,0.0,0.5,"[174.0, 185.0, 181.0, 151.0, 142.0, 146.0, 168.0, 223.0, 185.0, 174.0]",18.376834869384766,0.0,-116.92178344726562,0.00055694580078125,-38.27696228027344
1750930031.2602997,0.0,0.5,"[174.0, 185.0, 180.0, 149.0, 142.0, 146.0, 168.0, 223.0, 185.0, 174.0]",18.429790496826172,0.0,-117.20645141601562,0.00055694580078125,-38.511146545410156
1750930031.2726142,0.0,0.5,"[174.0, 185.0, 179.0, 149.0, 141.0, 146.0, 168.0, 223.0, 185.0, 174.0]",18.551593780517578,0.0,-117.49288940429688,0.00055694580078125,-38.74696350097656
1750930031.3023045,-1.0,0.5,"[174.0, 185.0, 179.0, 149.0, 141.0, 146.0, 168.0, 223.0, 185.0, 174.0]",18.459440231323242,0.0,-117.77798461914062,0.0005550384521484375,-38.98152160644531
1750930031.3148866,-1.0,0.5,"[174.0, 185.0, 179.0, 149.0, 141.0, 145.0, 168.0, 223.0, 185.0, 174.0]",18.46413803100586,-0.5,-118.05203247070312,0.0005550384521484375,-39.22906494140625
1750930031.3442743,-1.0,0.5,"[174.0, 185.0, 179.0, 149.0, 141.0, 145.0, 168.0, 223.0, 185.0, 174.0]",17.87356185913086,-0.5,-118.30300903320312,0.0005550384521484375,-39.483604431152344
1750930031.357155,-1.0,0.5,"[174.0, 185.0, 181.0, 151.0, 142.0, 146.0, 168.0, 223.0, 185.0, 174.0]",18.016855239868164,-0.5,-118.54098510742188,0.0005550384521484375,-39.75416564941406
1750930031.3693948,-1.0,0.5,"[174.0, 185.0, 183.0, 152.0, 142.0, 146.0, 168.0, 223.0, 185.0, 174.0]",17.761934280395508,-0.5,-118.76205444335938,0.0005550384521484375,-40.0322265625
1750930031.3996122,-1.0,0.5,"[174.0, 185.0, 184.0, 153.0, 143.0, 146.0, 168.0, 223.0, 185.0, 174.0]",17.99998664855957,-0.5,-118.97463989257812,0.0005550384521484375,-40.32276153564453
1750930031.4119427,-1.0,0.5,"[174.0, 185.0, 186.0, 153.0, 143.0, 147.0, 168.0, 223.0, 185.0, 174.0]",17.649700164794922,-0.5,-119.17221069335938,0.0005550384521484375,-40.61531066894531
1750930031.4426258,0.0,0.5,"[174.0, 185.0, 187.0, 154.0, 143.0, 147.0, 168.0, 223.0, 185.0, 174.0]",18.0128116607666,-0.5,-119.36270141601562,0.0005550384521484375,-40.92106628417969
1750930031.455648,0.0,0.5,"[174.0, 185.0, 189.0, 155.0, 143.0, 147.0, 168.0, 223.0, 185.0, 174.0]",17.658004760742188,0.0,-119.55667114257812,0.00055694580078125,-41.21620178222656
1750930031.477029,0.0,0.5,"[174.0, 185.0, 189.0, 155.0, 143.0, 147.0, 168.0, 221.0, 185.0, 174.0]",17.94873046875,0.0,-119.76339721679688,0.0005550384521484375,-41.509674072265625
1750930031.4902194,0.0,0.5,"[174.0, 185.0, 189.0, 155.0, 143.0, 147.0, 168.0, 221.0, 185.0, 174.0]",17.758045196533203,0.0,-119.97482299804688,0.0005550384521484375,-41.79505920410156
1750930031.5212429,0.0,0.5,"[174.0, 185.0, 187.0, 155.0, 142.0, 146.0, 167.0, 221.0, 185.0, 174.0]",18.047969818115234,0.0,-120.19076538085938,0.0005550384521484375,-42.08427429199219
1750930031.5340304,0.0,0.5,"[174.0, 185.0, 187.0, 155.0, 142.0, 146.0, 167.0, 221.0, 185.0, 174.0]",17.807735443115234,0.0,-120.40420532226562,0.0005550384521484375,-42.369415283203125
1750930031.5649104,0.0,0.5,"[174.0, 185.0, 187.0, 154.0, 142.0, 146.0, 167.0, 221.0, 185.0, 174.0]",18.10174560546875,0.0,-120.62106323242188,0.0005550384521484375,-42.6593017578125
1750930031.578196,0.0,0.5,"[174.0, 185.0, 187.0, 154.0, 142.0, 146.0, 167.0, 221.0, 185.0, 174.0]",17.882482528686523,0.0,-120.83541870117188,0.0005550384521484375,-42.945594787597656
1750930031.5903938,0.0,0.5,"[174.0, 185.0, 186.0, 154.0, 141.0, 145.0, 167.0, 220.0, 185.0, 174.0]",18.052396774291992,0.0,-121.05154418945312,0.0005550384521484375,-43.23480224609375
1750930031.6213014,0.0,0.5,"[174.0, 185.0, 186.0, 154.0, 141.0, 145.0, 167.0, 220.0, 185.0, 174.0]",18.036949157714844,0.0,-121.26760864257812,0.0005550384521484375,-43.523681640625
1750930031.6343997,-1.0,0.5,"[174.0, 185.0, 186.0, 153.0, 141.0, 145.0, 166.0, 220.0, 185.0, 174.0]",18.222688674926758,0.0,-121.48605346679688,0.0005550384521484375,-43.8154296875
1750930031.6653316,-1.0,0.5,"[174.0, 185.0, 186.0, 153.0, 140.0, 145.0, 166.0, 220.0, 185.0, 174.0]",17.78719711303711,-0.5,-121.68399047851562,0.0005550384521484375,-44.11100769042969
1750930031.6777577,-1.0,0.5,"[174.0, 185.0, 186.0, 153.0, 141.0, 145.0, 166.0, 220.0, 185.0, 174.0]",17.681241989135742,-0.5,-121.86367797851562,0.0005550384521484375,-44.41560363769531
1750930031.6904917,-1.0,0.5,"[174.0, 185.0, 187.0, 153.0, 141.0, 145.0, 166.0, 220.0, 185.0, 174.0]",17.494047164916992,-0.5,-122.02230834960938,0.0005550384521484375,-44.727447509765625
1750930031.7225282,-1.0,0.5,"[174.0, 185.0, 189.0, 153.0, 141.0, 145.0, 166.0, 220.0, 185.0, 174.0]",17.443387985229492,-0.5,-122.16641235351562,0.0005550384521484375,-45.04515075683594
1750930031.7355819,-1.0,0.5,"[174.0, 185.0, 190.0, 153.0, 142.0, 145.0, 166.0, 220.0, 185.0, 174.0]",17.37773895263672,-0.5,-122.29708862304688,0.0005550384521484375,-45.367218017578125
1750930031.7577047,-1.0,0.5,"[174.0, 185.0, 192.0, 154.0, 142.0, 145.0, 164.0, 220.0, 185.0, 174.0]",17.389944076538086,-0.5,-122.41757202148438,0.0005550384521484375,-45.69346618652344
1750930031.7707934,0.0,0.5,"[174.0, 185.0, 193.0, 154.0, 143.0, 145.0, 164.0, 219.0, 185.0, 174.0]",17.555265426635742,-0.5,-122.52639770507812,0.0005550384521484375,-46.02729797363281
1750930031.8037496,0.0,0.5,"[174.0, 185.0, 193.0, 154.0, 143.0, 145.0, 164.0, 218.0, 185.0, 174.0]",17.384082794189453,0.0,-122.64828491210938,0.0005550384521484375,-46.3529052734375
1750930031.817041,0.0,0.5,"[174.0, 185.0, 192.0, 154.0, 142.0, 145.0, 164.0, 218.0, 185.0, 174.0]",17.538103103637695,0.0,-122.78512573242188,0.0005550384521484375,-46.675872802734375
1750930031.8298457,0.0,0.5,"[174.0, 185.0, 192.0, 153.0, 142.0, 145.0, 164.0, 218.0, 185.0, 174.0]",17.311498641967773,0.0,-122.92355346679688,0.0005550384521484375,-46.99320983886719
1750930031.8618104,0.0,0.5,"[174.0, 185.0, 190.0, 153.0, 142.0, 144.0, 164.0, 218.0, 185.0, 174.0]",17.49176597595215,0.0,-123.06393432617188,0.0005550384521484375,-47.31365966796875
1750930031.8750682,0.0,0.5,"[174.0, 185.0, 190.0, 153.0, 141.0, 144.0, 163.0, 218.0, 185.0, 174.0]",17.532405853271484,0.0,-123.20486450195312,0.0005550384521484375,-47.634727478027344
1750930031.89828,0.0,0.5,"[174.0, 185.0, 189.0, 152.0, 141.0, 144.0, 163.0, 218.0, 185.0, 174.0]",17.511146545410156,0.0,-123.34597778320312,0.00055694580078125,-47.95527648925781
1750930031.9110167,-1.0,0.5,"[174.0, 185.0, 189.0, 152.0, 141.0, 143.0, 163.0, 217.0, 185.0, 174.0]",17.800630569458008,0.0,-123.48922729492188,0.00055694580078125,-48.28119659423828
1750930031.9430885,-1.0,0.5,"[174.0, 185.0, 189.0, 152.0, 140.0, 143.0, 163.0, 217.0, 185.0, 174.0]",17.18396759033203,-0.5,-123.61459350585938,0.00055694580078125,-48.60118865966797
1750930031.9561179,-1.0,0.5,"[174.0, 185.0, 189.0, 152.0, 140.0, 143.0, 162.0, 217.0, 185.0, 174.0]",17.30296516418457,-0.5,-123.72470092773438,0.00055694580078125,-48.92927551269531
1750930031.979606,-1.0,0.5,"[174.0, 185.0, 189.0, 152.0, 140.0, 143.0, 162.0, 217.0, 185.0, 174.0]",16.972198486328125,-0.5,-123.80960083007812,0.00055694580078125,-49.2579345703125
1750930031.992634,-1.0,0.5,"[174.0, 185.0, 189.0, 153.0, 140.0, 143.0, 162.0, 217.0, 185.0, 174.0]",16.980005264282227,-0.5,-123.87759399414062,0.00055694580078125,-49.59065246582031
1750930032.026179,-1.0,0.5,"[174.0, 185.0, 189.0, 153.0, 140.0, 143.0, 162.0, 215.0, 185.0, 174.0]",16.872644424438477,-0.5,-123.93374633789062,0.00055694580078125,-49.92340087890625
1750930032.0394974,-1.0,0.5,"[174.0, 185.0, 190.0, 154.0, 140.0, 143.0, 162.0, 215.0, 185.0, 174.0]",16.997095108032227,-0.5,-123.97775268554688,0.00055694580078125,-50.26048278808594
1750930032.0533016,-1.0,0.5,"[174.0, 185.0, 190.0, 154.0, 140.0, 143.0, 162.0, 215.0, 185.0, 174.0]",17.057519912719727,-0.5,-124.01089477539062,0.00055694580078125,-50.60002136230469
1750930032.0852637,-1.0,0.5,"[174.0, 185.0, 192.0, 154.0, 141.0, 143.0, 162.0, 215.0, 185.0, 174.0]",16.929546356201172,-0.5,-124.03079223632812,0.00055694580078125,-50.938018798828125
1750930032.0983539,-1.0,0.5,"[174.0, 185.0, 192.0, 154.0, 141.0, 142.0, 162.0, 215.0, 185.0, 174.0]",17.014461517333984,-0.5,-124.04080200195312,0.00055694580078125,-51.278167724609375
1750930032.1114259,-1.0,0.5,"[174.0, 185.0, 193.0, 154.0, 141.0, 142.0, 162.0, 215.0, 185.0, 174.0]",17.077199935913086,-0.5,-124.03793334960938,0.00055694580078125,-51.61968994140625
1750930032.1436458,-1.0,0.5,"[174.0, 185.0, 195.0, 154.0, 141.0, 142.0, 162.0, 214.0, 185.0, 174.0]",17.056896209716797,-0.5,-124.02481079101562,0.00055694580078125,-51.96058654785156
1750930032.1572402,-1.0,0.5,"[174.0, 185.0, 195.0, 154.0, 141.0, 142.0, 162.0, 214.0, 185.0, 174.0]",16.963098526000977,-0.5,-123.99819946289062,0.00055694580078125,-52.298797607421875
1750930032.174691,-1.0,0.5,"[174.0, 185.0, 195.0, 154.0, 141.0, 142.0, 162.0, 214.0, 185.0, 174.0]",17.06648826599121,-0.5,-123.96145629882812,0.00055694580078125,-52.63813781738281
1750930032.2055554,-1.0,0.5,"[174.0, 185.0, 195.0, 155.0, 140.0, 142.0, 162.0, 214.0, 185.0, 174.0]",17.06519317626953,-0.5,-123.91299438476562,0.00055694580078125,-52.975982666015625
1750930032.2224588,-1.0,0.5,"[174.0, 185.0, 195.0, 155.0, 140.0, 142.0, 162.0, 214.0, 185.0, 174.0]",17.111854553222656,-0.5,-123.85232543945312,0.00055694580078125,-53.31280517578125
1750930032.2395322,-1.0,0.5,"[174.0, 185.0, 195.0, 155.0, 140.0, 142.0, 162.0, 215.0, 185.0, 174.0]",17.02177619934082,-0.5,-123.78036499023438,0.00055694580078125,-53.64555358886719
1750930032.2568133,-1.0,0.5,"[174.0, 185.0, 195.0, 155.0, 140.0, 142.0, 161.0, 215.0, 185.0, 174.0]",17.19949722290039,-0.5,-123.69650268554688,0.00055694580078125,-53.97917175292969
1750930032.273696,-1.0,0.5,"[174.0, 185.0, 196.0, 155.0, 140.0, 142.0, 161.0, 215.0, 185.0, 174.0]",17.02994728088379,-0.5,-123.60220336914062,0.0005550384521484375,-54.30645751953125
1750930032.318495,0.0,0.5,"[174.0, 185.0, 197.0, 155.0, 140.0, 143.0, 161.0, 215.0, 185.0, 174.0]",17.12033462524414,-0.5,-123.49600219726562,0.0005550384521484375,-54.6319580078125
1750930032.3361619,0.0,0.5,"[174.0, 185.0, 197.0, 154.0, 140.0, 142.0, 161.0, 215.0, 185.0, 174.0]",17.204345703125,0.0,-123.40298461914062,0.0005550384521484375,-54.96324157714844
1750930032.3377962,0.0,0.5,"[174.0, 185.0, 197.0, 154.0, 140.0, 142.0, 161.0, 215.0, 185.0, 174.0]",17.183753967285156,0.0,-123.32571411132812,0.0005550384521484375,-55.29811096191406
1750930032.3552194,0.0,0.5,"[174.0, 185.0, 195.0, 153.0, 139.0, 142.0, 160.0, 215.0, 185.0, 174.0]",17.146028518676758,0.0,-123.25192260742188,0.0005550384521484375,-55.63299560546875
1750930032.3873925,0.0,0.5,"[174.0, 185.0, 195.0, 153.0, 138.0, 141.0, 160.0, 214.0, 185.0, 174.0]",17.175861358642578,0.0,-123.17898559570312,0.0005550384521484375,-55.96868896484375
1750930032.4049022,0.0,0.5,"[174.0, 185.0, 194.0, 152.0, 138.0, 141.0, 159.0, 214.0, 185.0, 174.0]",17.29376983642578,0.0,-123.10531616210938,0.0005550384521484375,-56.30662536621094
1750930032.4223506,0.0,0.5,"[174.0, 185.0, 193.0, 152.0, 137.0, 141.0, 159.0, 212.0, 185.0, 174.0]",17.24437141418457,0.0,-123.03219604492188,0.0005550384521484375,-56.6436767578125
1750930032.439387,0.0,0.5,"[174.0, 185.0, 193.0, 151.0, 137.0, 140.0, 159.0, 212.0, 185.0, 174.0]",17.30717658996582,0.0,-122.95840454101562,0.0005550384521484375,-56.98185729980469
1750930032.4560986,0.0,0.5,"[174.0, 185.0, 193.0, 151.0, 136.0, 140.0, 158.0, 211.0, 185.0, 174.0]",17.379220962524414,0.0,-122.88467407226562,0.00055694580078125,-57.321533203125
1750930032.4876072,-1.0,0.5,"[174.0, 185.0, 192.0, 149.0, 136.0, 139.0, 158.0, 211.0, 185.0, 174.0]",17.33180046081543,0.0,-122.81076049804688,0.00055694580078125,-57.66020202636719
1750930032.505586,-1.0,0.5,"[174.0, 185.0, 192.0, 149.0, 136.0, 139.0, 156.0, 211.0, 185.0, 174.0]",17.106975555419922,-0.5,-122.72555541992188,0.00055694580078125,-57.99156188964844
1750930032.523605,-1.0,0.5,"[174.0, 185.0, 192.0, 148.0, 135.0, 139.0, 156.0, 211.0, 185.0, 174.0]",17.14923858642578,-0.5,-122.62203979492188,0.00055694580078125,-58.31855773925781
1750930032.5416107,-1.0,0.5,"[174.0, 185.0, 190.0, 148.0, 135.0, 138.0, 156.0, 211.0, 185.0, 174.0]",16.681964874267578,-0.5,-122.50155639648438,0.00055694580078125,-58.62968444824219
1750930032.5596488,-1.0,0.5,"[174.0, 185.0, 189.0, 147.0, 135.0, 138.0, 156.0, 211.0, 185.0, 174.0]",16.8944149017334,-0.5,-122.36416625976562,0.00055694580078125,-58.93836975097656
1750930032.5767097,-1.0,0.5,"[174.0, 185.0, 189.0, 147.0, 135.0, 138.0, 155.0, 211.0, 185.0, 174.0]",16.619150161743164,-0.5,-122.21658325195312,0.00055694580078125,-59.236175537109375
1750930032.5943542,-1.0,0.5,"[174.0, 185.0, 187.0, 147.0, 135.0, 137.0, 155.0, 212.0, 185.0, 174.0]",16.950759887695312,-0.5,-122.05581665039062,0.00055694580078125,-59.53466796875
1750930032.6394293,-1.0,0.5,"[174.0, 185.0, 187.0, 147.0, 135.0, 137.0, 155.0, 212.0, 185.0, 174.0]",16.63169288635254,-0.5,-121.88839721679688,0.00055694580078125,-59.82209777832031
1750930032.6566167,-1.0,0.5,"[174.0, 185.0, 186.0, 147.0, 135.0, 136.0, 155.0, 214.0, 185.0, 174.0]",16.969066619873047,-0.5,-121.70736694335938,0.00055694580078125,-60.109161376953125
1750930032.65819,-1.0,0.5,"[174.0, 185.0, 186.0, 147.0, 135.0, 136.0, 155.0, 214.0, 185.0, 174.0]",16.600080490112305,-0.5,-121.52066040039062,0.00055694580078125,-60.38365173339844
1750930032.6754038,-1.0,0.5,"[174.0, 185.0, 184.0, 147.0, 135.0, 136.0, 155.0, 218.0, 185.0, 174.0]",16.907514572143555,-0.5,-121.32101440429688,0.00055694580078125,-60.656585693359375
1750930032.7076626,-1.0,0.5,"[174.0, 185.0, 184.0, 147.0, 134.0, 136.0, 155.0, 221.0, 185.0, 174.0]",16.815479278564453,-0.5,-121.11416625976562,0.00055694580078125,-60.92176818847656
1750930032.726117,-1.0,0.5,"[174.0, 185.0, 184.0, 147.0, 134.0, 135.0, 156.0, 227.0, 185.0, 174.0]",16.82941246032715,-0.5,-120.89736938476562,0.00055694580078125,-61.17927551269531
1750930032.7438607,-1.0,0.5,"[174.0, 185.0, 183.0, 147.0, 133.0, 135.0, 156.0, 227.0, 185.0, 174.0]",16.817546844482422,-0.5,-120.67312622070312,0.00055694580078125,-61.429931640625
1750930032.7606876,-1.0,0.5,"[174.0, 185.0, 183.0, 147.0, 133.0, 135.0, 156.0, 227.0, 185.0, 174.0]",16.94171142578125,-0.5,-120.43807983398438,0.00055694580078125,-61.67396545410156
1750930032.7769287,-1.0,0.5,"[174.0, 185.0, 183.0, 147.0, 131.0, 135.0, 158.0, 227.0, 185.0, 174.0]",16.850950241088867,-0.5,-120.19680786132812,0.00055694580078125,-61.9093017578125
1750930032.7931042,-1.0,0.5,"[174.0, 185.0, 183.0, 146.0, 131.0, 135.0, 158.0, 227.0, 185.0, 174.0]",17.046119689941406,-0.5,-119.94400024414062,0.00055694580078125,-62.1380615234375
1750930032.836123,-1.0,0.5,"[174.0, 185.0, 184.0, 145.0, 131.0, 134.0, 159.0, 227.0, 185.0, 174.0]",16.8355655670166,-0.5,-119.68783569335938,0.00055694580078125,-62.35658264160156
1750930032.853166,-1.0,0.5,"[174.0, 185.0, 184.0, 145.0, 130.0, 135.0, 160.0, 227.0, 185.0, 174.0]",16.959726333618164,-0.5,-119.42153930664062,0.00055694580078125,-62.566619873046875
1750930032.8699691,-1.0,0.5,"[174.0, 185.0, 184.0, 144.0, 130.0, 135.0, 161.0, 227.0, 185.0, 174.0]",16.969419479370117,-0.5,-119.14834594726562,0.00055694580078125,-62.768035888671875
1750930032.888473,-1.0,0.5,"[174.0, 185.0, 184.0, 144.0, 130.0, 135.0, 162.0, 227.0, 185.0, 174.0]",17.006752014160156,-0.5,-118.86795043945312,0.00055694580078125,-62.960540771484375
1750930032.9071114,-1.0,0.5,"[174.0, 185.0, 183.0, 143.0, 130.0, 136.0, 164.0, 227.0, 185.0, 174.0]",17.058813095092773,-0.5,-118.57998657226562,0.00055694580078125,-63.143585205078125
1750930032.9263084,-1.0,0.5,"[174.0, 185.0, 181.0, 143.0, 129.0, 136.0, 171.0, 227.0, 185.0, 174.0]",17.005508422851562,-0.5,-118.28695678710938,0.00055694580078125,-63.31622314453125
1750930032.9450128,-1.0,0.5,"[174.0, 185.0, 179.0, 141.0, 129.0, 137.0, 182.0, 227.0, 185.0, 174.0]",16.975759506225586,-0.5,-117.98873901367188,0.00055694580078125,-63.47845458984375
1750930032.9623306,-1.0,0.5,"[174.0, 185.0, 178.0, 141.0, 130.0, 138.0, 179.0, 225.0, 185.0, 174.0]",16.92917251586914,-0.5,-117.68606567382812,0.00055694580078125,-63.63020324707031
1750930032.9805822,-1.0,0.5,"[174.0, 185.0, 178.0, 140.0, 130.0, 138.0, 178.0, 223.0, 185.0, 174.0]",17.027896881103516,-0.5,-117.37637329101562,0.0005550384521484375,-63.77197265625
1750930032.9983172,-1.0,0.5,"[174.0, 185.0, 176.0, 140.0, 130.0, 139.0, 178.0, 221.0, 185.0, 174.0]",17.14356803894043,-0.5,-117.05996704101562,0.0005550384521484375,-63.90399169921875
1750930033.0173726,-1.0,0.5,"[174.0, 185.0, 175.0, 140.0, 131.0, 140.0, 177.0, 218.0, 185.0, 174.0]",17.015933990478516,-0.5,-116.74166870117188,0.00055694580078125,-64.0244140625
1750930033.035225,-1.0,0.5,"[174.0, 185.0, 175.0, 140.0, 131.0, 142.0, 176.0, 215.0, 185.0, 174.0]",17.12199592590332,-0.5,-116.41714477539062,0.00055694580078125,-64.13369750976562
1750930033.067765,-1.0,0.5,"[174.0, 185.0, 173.0, 140.0, 133.0, 144.0, 175.0, 214.0, 185.0, 174.0]",16.968074798583984,-0.5,-116.09262084960938,0.0005550384521484375,-64.23294067382812
1750930033.0866296,-1.0,0.5,"[174.0, 185.0, 173.0, 141.0, 134.0, 148.0, 174.0, 211.0, 185.0, 174.0]",17.181095123291016,-0.5,-115.76046752929688,0.00055694580078125,-64.3209228515625
1750930033.1064196,-1.0,0.5,"[174.0, 185.0, 172.0, 141.0, 135.0, 160.0, 173.0, 207.0, 185.0, 174.0]",17.11880111694336,-0.5,-115.42660522460938,0.0005550384521484375,-64.39682006835938
1750930033.1253867,-1.0,0.5,"[174.0, 185.0, 172.0, 143.0, 136.0, 159.0, 171.0, 204.0, 185.0, 174.0]",17.07805633544922,-0.5,-115.09115600585938,0.0005550384521484375,-64.46121215820312
1750930033.144395,-1.0,0.5,"[174.0, 185.0, 172.0, 143.0, 137.0, 158.0, 170.0, 202.0, 185.0, 174.0]",17.116788864135742,-0.5,-114.75296020507812,0.0005550384521484375,-64.51425170898438
1750930033.163247,-1.0,0.5,"[174.0, 185.0, 173.0, 144.0, 138.0, 157.0, 169.0, 200.0, 185.0, 174.0]",17.207828521728516,-0.5,-114.41128540039062,0.00055694580078125,-64.55572509765625
1750930033.182449,-1.0,0.5,"[174.0, 185.0, 173.0, 145.0, 140.0, 156.0, 168.0, 197.0, 185.0, 174.0]",17.065448760986328,-0.5,-114.07131958007812,0.00055694580078125,-64.58601379394531
1750930033.2017426,-1.0,0.5,"[174.0, 185.0, 175.0, 146.0, 142.0, 156.0, 167.0, 193.0, 185.0, 174.0]",17.349977493286133,-0.5,-113.72476196289062,0.00055694580078125,-64.60369873046875
1750930033.2201605,-1.0,0.5,"[174.0, 185.0, 176.0, 147.0, 146.0, 155.0, 166.0, 192.0, 185.0, 174.0]",17.093854904174805,-0.5,-113.38296508789062,0.00055694580078125,-64.61056518554688
1750930033.239506,-1.0,0.5,"[174.0, 185.0, 176.0, 148.0, 160.0, 154.0, 163.0, 189.0, 185.0, 174.0]",17.36098289489746,-0.5,-113.03579711914062,0.00055694580078125,-64.60491943359375
1750930033.2579975,0.0,0.5,"[174.0, 185.0, 178.0, 149.0, 160.0, 153.0, 161.0, 186.0, 185.0, 174.0]",17.05901527404785,-0.5,-112.69503784179688,0.00055694580078125,-64.58772277832031
1750930033.276874,0.0,0.5,"[174.0, 185.0, 179.0, 151.0, 160.0, 152.0, 160.0, 184.0, 185.0, 174.0]",17.33481788635254,0.0,-112.34841918945312,0.0005588531494140625,-64.58123779296875
1750930033.2958593,0.0,0.5,"[174.0, 185.0, 179.0, 152.0, 160.0, 152.0, 159.0, 184.0, 185.0, 174.0]",17.067188262939453,0.0,-112.00717163085938,0.0005588531494140625,-64.58859252929688
1750930033.3284345,0.0,0.5,"[174.0, 185.0, 178.0, 152.0, 159.0, 152.0, 159.0, 184.0, 185.0, 174.0]",17.26283836364746,0.0,-111.66220092773438,0.0005588531494140625,-64.60238647460938
1750930033.346849,0.0,0.5,"[174.0, 185.0, 178.0, 152.0, 159.0, 152.0, 159.0, 184.0, 185.0, 174.0]",17.16518211364746,0.0,-111.31918334960938,0.0005588531494140625,-64.61700439453125
1750930033.3650465,0.0,0.5,"[174.0, 185.0, 178.0, 152.0, 159.0, 152.0, 159.0, 184.0, 185.0, 174.0]",17.470951080322266,0.0,-110.97012329101562,0.0005588531494140625,-64.63226318359375
1750930033.383938,0.0,0.5,"[174.0, 185.0, 176.0, 151.0, 159.0, 152.0, 159.0, 184.0, 185.0, 174.0]",17.307096481323242,0.0,-110.62429809570312,0.0005588531494140625,-64.64743041992188
1750930033.402209,-1.0,0.5,"[174.0, 185.0, 176.0, 151.0, 159.0, 152.0, 159.0, 184.0, 185.0, 174.0]",17.522624969482422,0.0,-110.27420043945312,0.0005588531494140625,-64.66279602050781
1750930033.421049,-1.0,0.5,"[174.0, 185.0, 176.0, 152.0, 160.0, 151.0, 159.0, 183.0, 185.0, 174.0]",17.04660415649414,-0.5,-109.93325805664062,0.0005588531494140625,-64.66207885742188
1750930033.4372752,-1.0,0.5,"[174.0, 185.0, 178.0, 153.0, 158.0, 151.0, 158.0, 181.0, 185.0, 174.0]",17.033672332763672,-0.5,-109.59310913085938,0.0005588531494140625,-64.64263916015625
1750930033.4538815,-1.0,0.5,"[174.0, 185.0, 179.0, 155.0, 157.0, 150.0, 155.0, 179.0, 185.0, 174.0]",16.78346824645996,-0.5,-109.26004028320312,0.0005588531494140625,-64.60110473632812
1750930033.4962904,0.0,0.5,"[174.0, 185.0, 181.0, 159.0, 156.0, 148.0, 153.0, 176.0, 185.0, 174.0]",16.766420364379883,-0.5,-108.92953491210938,0.0005588531494140625,-64.54437255859375
1750930033.513687,0.0,0.5,"[174.0, 185.0, 184.0, 161.0, 156.0, 148.0, 152.0, 175.0, 185.0, 174.0]",16.60616111755371,0.0,-108.60079956054688,0.0005588531494140625,-64.49691772460938
1750930033.515295,0.0,0.5,"[174.0, 185.0, 184.0, 161.0, 156.0, 148.0, 152.0, 175.0, 185.0, 174.0]",16.885957717895508,0.0,-108.26486206054688,0.0005588531494140625,-64.46273803710938
1750930033.5446515,0.0,0.5,"[174.0, 185.0, 184.0, 163.0, 155.0, 147.0, 151.0, 173.0, 185.0, 174.0]",16.574499130249023,0.0,-107.93447875976562,0.0005588531494140625,-64.43571472167969
1750930033.561635,0.0,0.5,"[174.0, 185.0, 184.0, 163.0, 155.0, 147.0, 151.0, 173.0, 185.0, 174.0]",16.901363372802734,0.0,-107.59750366210938,0.0005588531494140625,-64.4090576171875
1750930033.578705,0.0,0.5,"[174.0, 185.0, 184.0, 164.0, 155.0, 147.0, 151.0, 173.0, 185.0, 174.0]",16.75307273864746,0.0,-107.26345825195312,0.0005588531494140625,-64.3828125
1750930033.5954678,0.0,0.5,"[174.0, 185.0, 184.0, 164.0, 155.0, 147.0, 151.0, 172.0, 185.0, 174.0]",17.059879302978516,0.0,-106.92330932617188,0.0005588531494140625,-64.3563232421875
1750930033.6249893,0.0,0.5,"[174.0, 185.0, 184.0, 164.0, 155.0, 147.0, 151.0, 172.0, 185.0, 174.0]",16.7961368560791,0.0,-106.58840942382812,0.0005588531494140625,-64.33016967773438
1750930033.6419723,0.0,0.5,"[174.0, 185.0, 185.0, 165.0, 155.0, 147.0, 150.0, 172.0, 185.0, 174.0]",16.98625373840332,0.0,-106.24966430664062,0.0005588531494140625,-64.30400085449219
1750930033.6588511,0.0,0.5,"[174.0, 185.0, 185.0, 167.0, 155.0, 146.0, 150.0, 172.0, 185.0, 174.0]",16.964704513549805,0.0,-105.91140747070312,0.0005588531494140625,-64.27767944335938
1750930033.6757078,0.0,0.5,"[174.0, 185.0, 185.0, 167.0, 155.0, 146.0, 150.0, 172.0, 185.0, 174.0]",17.094585418701172,0.0,-105.57052612304688,0.0005588531494140625,-64.25106811523438
1750930033.7052433,0.0,0.5,"[174.0, 185.0, 186.0, 169.0, 155.0, 146.0, 149.0, 172.0, 185.0, 174.0]",16.920690536499023,0.0,-105.23312377929688,0.0005588531494140625,-64.22492980957031
1750930033.7218485,0.0,0.5,"[174.0, 185.0, 186.0, 170.0, 155.0, 146.0, 149.0, 172.0, 185.0, 174.0]",17.25528335571289,0.0,-104.88906860351562,0.0005588531494140625,-64.19816589355469
1750930033.738048,0.0,0.5,"[174.0, 185.0, 186.0, 171.0, 155.0, 146.0, 149.0, 171.0, 185.0, 174.0]",16.997154235839844,0.0,-104.55014038085938,0.0005588531494140625,-64.17185974121094
1750930033.7549038,0.0,0.5,"[174.0, 185.0, 186.0, 173.0, 154.0, 146.0, 149.0, 171.0, 185.0, 174.0]",17.272018432617188,0.0,-104.20578002929688,0.0005588531494140625,-64.14486694335938
1750930033.7965395,0.0,0.5,"[174.0, 185.0, 186.0, 173.0, 154.0, 146.0, 149.0, 170.0, 185.0, 174.0]",17.173246383666992,0.0,-103.86337280273438,0.00055694580078125,-64.11808776855469
1750930033.8132098,0.0,0.5,"[174.0, 185.0, 186.0, 174.0, 154.0, 145.0, 149.0, 170.0, 185.0, 174.0]",17.25047492980957,0.0,-103.51943969726562,0.00055694580078125,-64.0911865234375
1750930033.8148744,0.0,0.5,"[174.0, 185.0, 186.0, 174.0, 154.0, 145.0, 149.0, 170.0, 185.0, 174.0]",17.352697372436523,0.0,-103.17337036132812,0.00055694580078125,-64.0643310546875
1750930033.8563783,0.0,0.5,"[174.0, 185.0, 187.0, 175.0, 154.0, 145.0, 149.0, 170.0, 185.0, 174.0]",17.198833465576172,0.0,-102.83047485351562,0.00055694580078125,-64.03753662109375
1750930033.8727925,0.0,0.5,"[174.0, 185.0, 188.0, 175.0, 154.0, 145.0, 148.0, 170.0, 185.0, 174.0]",17.462617874145508,0.0,-102.48226928710938,0.00055694580078125,-64.0103759765625
1750930033.8743718,0.0,0.5,"[174.0, 185.0, 188.0, 175.0, 154.0, 145.0, 148.0, 170.0, 185.0, 174.0]",17.365570068359375,0.0,-102.13601684570312,0.00055694580078125,-63.983184814453125
1750930033.9163847,0.0,0.5,"[174.0, 185.0, 189.0, 177.0, 154.0, 145.0, 148.0, 169.0, 185.0, 174.0]",17.38290023803711,0.0,-101.78939819335938,0.00055694580078125,-63.956451416015625
1750930033.9330573,0.0,0.5,"[174.0, 185.0, 189.0, 177.0, 154.0, 144.0, 148.0, 169.0, 185.0, 174.0]",17.607229232788086,0.0,-101.43832397460938,0.00055694580078125,-63.92903137207031
1750930033.9346774,0.0,0.5,"[174.0, 185.0, 189.0, 177.0, 154.0, 144.0, 148.0, 169.0, 185.0, 174.0]",17.417747497558594,0.0,-101.09103393554688,0.00055694580078125,-63.902008056640625
1750930033.9766092,0.0,0.5,"[174.0, 185.0, 190.0, 177.0, 154.0, 144.0, 148.0, 169.0, 185.0, 174.0]",17.610870361328125,0.0,-100.73989868164062,0.00055694580078125,-63.8743896484375
1750930033.9933558,0.0,0.5,"[174.0, 185.0, 192.0, 177.0, 153.0, 144.0, 148.0, 169.0, 185.0, 174.0]",17.523540496826172,0.0,-100.39047241210938,0.00055694580078125,-63.847076416015625
1750930033.9951248,0.0,0.5,"[174.0, 185.0, 192.0, 177.0, 153.0, 144.0, 148.0, 169.0, 185.0, 174.0]",17.774572372436523,0.0,-100.03604125976562,0.00055694580078125,-63.81941223144531
1750930034.024239,0.0,0.5,"[174.0, 185.0, 192.0, 178.0, 153.0, 143.0, 148.0, 167.0, 185.0, 174.0]",17.536880493164062,0.0,-99.68637084960938,0.00055694580078125,-63.792083740234375
1750930034.040641,0.0,0.5,"[174.0, 185.0, 193.0, 178.0, 153.0, 143.0, 148.0, 167.0, 185.0, 174.0]",17.888246536254883,0.0,-99.32968139648438,0.00055694580078125,-63.7642822265625
1750930034.0571973,0.0,0.5,"[174.0, 185.0, 193.0, 179.0, 153.0, 143.0, 147.0, 167.0, 185.0, 174.0]",17.55583381652832,0.0,-98.97964477539062,0.00055694580078125,-63.737060546875
1750930034.0732558,0.0,0.5,"[174.0, 185.0, 194.0, 179.0, 153.0, 143.0, 147.0, 167.0, 185.0, 174.0]",17.850744247436523,0.0,-98.62374877929688,0.00055694580078125,-63.709136962890625
1750930034.1154327,0.0,0.5,"[174.0, 185.0, 195.0, 179.0, 152.0, 142.0, 147.0, 167.0, 185.0, 174.0]",17.853416442871094,0.0,-98.26773071289062,0.00055694580078125,-63.68119812011719
1750930034.1324663,0.0,0.5,"[174.0, 185.0, 195.0, 179.0, 152.0, 142.0, 147.0, 167.0, 185.0, 174.0]",17.878984451293945,0.0,-97.91128540039062,0.00055694580078125,-63.65342712402344
1750930034.1485634,0.0,0.5,"[174.0, 185.0, 196.0, 179.0, 152.0, 142.0, 147.0, 166.0, 185.0, 174.0]",17.930927276611328,0.0,-97.55374145507812,0.00055694580078125,-63.625396728515625
1750930034.164299,1.0,0.5,"[174.0, 185.0, 197.0, 179.0, 152.0, 142.0, 146.0, 165.0, 185.0, 174.0]",17.820302963256836,0.0,-97.19839477539062,0.0005588531494140625,-63.59782409667969
1750930034.180589,1.0,0.5,"[174.0, 185.0, 196.0, 178.0, 152.0, 142.0, 146.0, 167.0, 185.0, 174.0]",17.73609733581543,0.5,-96.84384155273438,0.0005588531494140625,-63.58647155761719
1750930034.1967123,1.0,0.5,"[174.0, 185.0, 193.0, 176.0, 153.0, 142.0, 147.0, 169.0, 185.0, 174.0]",17.54922103881836,0.5,-96.49301147460938,0.0005588531494140625,-63.59541320800781
1750930034.212583,1.0,0.5,"[174.0, 185.0, 192.0, 173.0, 155.0, 143.0, 148.0, 172.0, 185.0, 174.0]",17.224000930786133,0.5,-96.14968872070312,0.00055694580078125,-63.62420654296875
1750930034.2540991,0.0,0.5,"[174.0, 185.0, 189.0, 170.0, 156.0, 145.0, 151.0, 175.0, 185.0, 174.0]",17.359830856323242,0.5,-95.80545043945312,0.00055694580078125,-63.66949462890625
1750930034.2709591,0.0,0.5,"[174.0, 185.0, 187.0, 169.0, 157.0, 145.0, 151.0, 176.0, 185.0, 174.0]",17.27307891845703,0.0,-95.46170043945312,0.00055694580078125,-63.70343017578125
1750930034.2883487,0.0,0.5,"[174.0, 185.0, 187.0, 168.0, 157.0, 145.0, 151.0, 177.0, 185.0, 174.0]",17.220670700073242,0.0,-95.11788940429688,0.00055694580078125,-63.72383117675781
1750930034.3051012,0.0,0.5,"[174.0, 185.0, 187.0, 168.0, 157.0, 145.0, 151.0, 176.0, 185.0, 174.0]",17.232295989990234,0.0,-94.77359008789062,0.00055694580078125,-63.73963928222656
1750930034.3224723,0.0,0.5,"[174.0, 185.0, 187.0, 169.0, 157.0, 145.0, 151.0, 176.0, 185.0, 174.0]",17.38865089416504,0.0,-94.4261474609375,0.00055694580078125,-63.75444030761719
1750930034.3395295,0.0,0.5,"[174.0, 185.0, 188.0, 169.0, 157.0, 145.0, 151.0, 176.0, 185.0, 174.0]",17.284910202026367,0.0,-94.08074951171875,0.00055694580078125,-63.76911926269531
1750930034.356549,0.0,0.5,"[174.0, 185.0, 189.0, 169.0, 157.0, 145.0, 151.0, 176.0, 185.0, 174.0]",17.519481658935547,0.0,-93.73068237304688,0.00055694580078125,-63.78387451171875
1750930034.3738272,0.0,0.5,"[174.0, 185.0, 189.0, 169.0, 157.0, 145.0, 150.0, 175.0, 185.0, 174.0]",17.389732360839844,0.0,-93.38320922851562,0.00055694580078125,-63.798675537109375
1750930034.4171288,1.0,0.5,"[174.0, 185.0, 189.0, 169.0, 157.0, 144.0, 150.0, 175.0, 185.0, 174.0]",17.596553802490234,0.0,-93.03158569335938,0.00055694580078125,-63.81343078613281
1750930034.4351099,1.0,0.5,"[174.0, 185.0, 188.0, 169.0, 157.0, 145.0, 151.0, 175.0, 185.0, 174.0]",17.107425689697266,0.5,-92.69070434570312,0.00055694580078125,-63.84281921386719
1750930034.436775,1.0,0.5,"[174.0, 185.0, 188.0, 169.0, 157.0, 145.0, 151.0, 175.0, 185.0, 174.0]",17.190595626831055,0.5,-92.35012817382812,0.00055694580078125,-63.89012145996094
1750930034.455218,1.0,0.5,"[174.0, 185.0, 184.0, 165.0, 159.0, 147.0, 152.0, 178.0, 185.0, 174.0]",16.90449333190918,0.5,-92.01870727539062,0.00055694580078125,-63.95689392089844
1750930034.4885163,0.0,0.5,"[174.0, 185.0, 181.0, 162.0, 160.0, 148.0, 154.0, 181.0, 185.0, 174.0]",16.923351287841797,0.5,-91.69076538085938,0.00055694580078125,-64.0406494140625
1750930034.5081553,0.0,0.5,"[174.0, 185.0, 180.0, 161.0, 159.0, 149.0, 154.0, 181.0, 185.0, 174.0]",16.72153663635254,0.0,-91.3641357421875,0.0005588531494140625,-64.11245727539062
1750930034.527662,0.0,0.5,"[174.0, 185.0, 179.0, 161.0, 159.0, 149.0, 154.0, 183.0, 185.0, 174.0]",16.96392822265625,0.0,-91.03009033203125,0.0005588531494140625,-64.1717529296875
1750930034.547278,0.0,0.5,"[174.0, 185.0, 179.0, 161.0, 159.0, 149.0, 154.0, 183.0, 185.0, 174.0]",16.803735733032227,0.0,-90.69833374023438,0.0005588531494140625,-64.22540283203125
1750930034.5662377,0.0,0.5,"[174.0, 185.0, 179.0, 161.0, 159.0, 149.0, 154.0, 183.0, 185.0, 174.0]",17.067203521728516,0.0,-90.36126708984375,0.0005588531494140625,-64.27925109863281
1750930034.5854886,0.0,0.5,"[174.0, 185.0, 179.0, 161.0, 159.0, 149.0, 154.0, 183.0, 185.0, 174.0]",16.894420623779297,0.0,-90.02755737304688,0.0005588531494140625,-64.33230590820312
1750930034.6044796,0.0,0.5,"[174.0, 185.0, 179.0, 161.0, 159.0, 149.0, 154.0, 181.0, 185.0, 174.0]",17.13734245300293,0.0,-89.68905639648438,0.0005588531494140625,-64.38595581054688
1750930034.6243892,1.0,0.5,"[174.0, 185.0, 179.0, 161.0, 159.0, 148.0, 154.0, 181.0, 185.0, 174.0]",16.958791732788086,0.0,-89.35403442382812,0.0005588531494140625,-64.43905639648438
1750930034.6432693,1.0,0.5,"[174.0, 185.0, 179.0, 161.0, 159.0, 149.0, 154.0, 183.0, 185.0, 174.0]",16.89814567565918,0.5,-89.02279663085938,0.0005588531494140625,-64.50607299804688
1750930034.6623745,1.0,0.5,"[174.0, 185.0, 177.0, 159.0, 159.0, 150.0, 155.0, 184.0, 185.0, 174.0]",16.568811416625977,0.5,-88.70184326171875,0.0005588531494140625,-64.5885009765625
1750930034.6813252,1.0,0.5,"[174.0, 185.0, 175.0, 157.0, 159.0, 151.0, 156.0, 185.0, 185.0, 174.0]",16.51730728149414,0.5,-88.38784790039062,0.0005588531494140625,-64.691162109375
1750930034.700542,0.0,0.5,"[174.0, 185.0, 172.0, 154.0, 158.0, 153.0, 158.0, 187.0, 185.0, 174.0]",16.511199951171875,0.5,-88.07949829101562,0.0005588531494140625,-64.809326171875
1750930034.7196562,0.0,0.5,"[174.0, 185.0, 170.0, 153.0, 156.0, 153.0, 159.0, 189.0, 185.0, 174.0]",16.414663314819336,0.0,-87.76931762695312,0.0005588531494140625,-64.9168701171875
1750930034.7390726,0.0,0.5,"[174.0, 185.0, 170.0, 153.0, 156.0, 154.0, 159.0, 189.0, 185.0, 174.0]",16.49172592163086,0.0,-87.45248413085938,0.0005588531494140625,-65.00860595703125
1750930034.7578459,0.0,0.5,"[174.0, 185.0, 170.0, 153.0, 156.0, 154.0, 159.0, 189.0, 185.0, 174.0]",16.390098571777344,0.0,-87.13662719726562,0.000560760498046875,-65.0963134765625
1750930034.7769747,0.0,0.5,"[174.0, 185.0, 170.0, 153.0, 156.0, 153.0, 159.0, 189.0, 185.0, 174.0]",16.4711971282959,0.0,-86.81906127929688,0.000560760498046875,-65.183837890625
1750930034.795597,0.0,0.5,"[174.0, 185.0, 170.0, 153.0, 156.0, 154.0, 159.0, 189.0, 185.0, 174.0]",16.572038650512695,0.0,-86.49945068359375,0.000560760498046875,-65.27159118652344
1750930034.829218,0.0,0.5,"[174.0, 185.0, 170.0, 153.0, 156.0, 154.0, 159.0, 188.0, 185.0, 174.0]",16.444480895996094,0.0,-86.18234252929688,0.0005588531494140625,-65.35888671875
1750930034.8480966,0.0,0.5,"[174.0, 185.0, 170.0, 153.0, 156.0, 153.0, 159.0, 188.0, 185.0, 174.0]",16.671506881713867,0.0,-85.86087036132812,0.0005588531494140625,-65.44741821289062
1750930034.867119,0.0,0.5,"[174.0, 185.0, 170.0, 153.0, 156.0, 154.0, 159.0, 188.0, 185.0, 174.0]",16.6749324798584,0.0,-85.53933715820312,0.000560760498046875,-65.53587341308594
1750930034.8859563,0.0,0.5,"[174.0, 185.0, 170.0, 153.0, 156.0, 153.0, 159.0, 187.0, 185.0, 174.0]",16.560039520263672,0.0,-85.22006225585938,0.000560760498046875,-65.62393188476562
1750930034.9042892,0.0,0.5,"[174.0, 185.0, 171.0, 153.0, 156.0, 153.0, 159.0, 187.0, 185.0, 174.0]",16.893781661987305,0.0,-84.89425659179688,0.000560760498046875,-65.71351623535156
1750930034.9221566,0.0,0.5,"[174.0, 185.0, 171.0, 153.0, 156.0, 153.0, 159.0, 187.0, 185.0, 174.0]",16.582138061523438,0.0,-84.57449340820312,0.0005588531494140625,-65.80143737792969
1750930034.9413822,0.0,0.5,"[174.0, 185.0, 172.0, 153.0, 156.0, 153.0, 159.0, 187.0, 185.0, 174.0]",16.982833862304688,0.0,-84.24697875976562,0.0005588531494140625,-65.8914794921875
1750930034.9598525,0.0,0.5,"[174.0, 185.0, 172.0, 153.0, 156.0, 153.0, 159.0, 187.0, 185.0, 174.0]",16.748733520507812,0.0,-83.92398071289062,0.0005588531494140625,-65.98025512695312
1750930034.9789076,0.0,0.5,"[174.0, 185.0, 172.0, 153.0, 156.0, 153.0, 159.0, 187.0, 185.0, 174.0]",16.932382583618164,0.0,-83.59750366210938,0.0005588531494140625,-66.07023620605469
1750930034.9974935,0.0,0.5,"[174.0, 185.0, 172.0, 154.0, 156.0, 153.0, 159.0, 187.0, 185.0, 174.0]",16.82138442993164,0.0,-83.27310180664062,0.0005588531494140625,-66.15940856933594
1750930035.0151925,0.0,0.5,"[174.0, 185.0, 172.0, 154.0, 156.0, 153.0, 159.0, 187.0, 185.0, 174.0]",17.083189010620117,0.0,-82.94366455078125,0.0005588531494140625,-66.24992370605469
1750930035.0481598,0.0,0.5,"[174.0, 185.0, 172.0, 154.0, 156.0, 153.0, 159.0, 187.0, 185.0, 174.0]",16.886281967163086,0.0,-82.61801147460938,0.0005588531494140625,-66.33944702148438
1750930035.0665991,0.0,0.5,"[174.0, 185.0, 172.0, 154.0, 156.0, 153.0, 159.0, 187.0, 185.0, 174.0]",17.030956268310547,0.0,-82.28958129882812,0.0005588531494140625,-66.42977905273438
1750930035.0853443,0.0,0.5,"[174.0, 185.0, 172.0, 154.0, 156.0, 153.0, 159.0, 187.0, 185.0, 174.0]",17.261371612548828,0.0,-81.95672607421875,0.0005588531494140625,-66.52133178710938
1750930035.1035132,0.0,0.5,"[174.0, 185.0, 173.0, 154.0, 156.0, 153.0, 159.0, 187.0, 185.0, 174.0]",16.882009506225586,0.0,-81.63119506835938,0.0005588531494140625,-66.61093139648438
1750930035.1216822,0.0,0.5,"[174.0, 185.0, 173.0, 154.0, 156.0, 153.0, 158.0, 187.0, 185.0, 174.0]",17.263456344604492,0.0,-81.29827880859375,0.0005588531494140625,-66.70249938964844
1750930035.1400356,0.0,0.5,"[174.0, 185.0, 173.0, 154.0, 156.0, 153.0, 158.0, 187.0, 185.0, 174.0]",17.198192596435547,0.0,-80.96661376953125,0.0005588531494140625,-66.79367065429688
1750930035.158609,0.0,0.5,"[174.0, 185.0, 173.0, 154.0, 156.0, 153.0, 158.0, 187.0, 185.0, 174.0]",17.242706298828125,0.0,-80.63412475585938,0.0005588531494140625,-66.88510131835938
1750930035.1775398,0.0,0.5,"[174.0, 185.0, 173.0, 154.0, 157.0, 153.0, 158.0, 187.0, 185.0, 174.0]",17.22657585144043,0.0,-80.30191040039062,0.0005588531494140625,-66.97640991210938
1750930035.1962447,0.0,0.5,"[174.0, 185.0, 173.0, 154.0, 156.0, 153.0, 158.0, 187.0, 185.0, 174.0]",17.353439331054688,0.0,-79.96722412109375,0.0005588531494140625,-67.06826782226562
1750930035.229783,0.0,0.5,"[174.0, 185.0, 173.0, 155.0, 157.0, 153.0, 158.0, 186.0, 185.0, 174.0]",17.301591873168945,0.0,-79.63357543945312,0.0005588531494140625,-67.16000366210938
1750930035.249108,0.0,0.5,"[174.0, 185.0, 173.0, 155.0, 157.0, 153.0, 158.0, 186.0, 185.0, 174.0]",17.444015502929688,0.0,-79.29718017578125,0.0005588531494140625,-67.2525634765625
1750930035.2670317,0.0,0.5,"[174.0, 185.0, 175.0, 155.0, 157.0, 153.0, 158.0, 186.0, 185.0, 174.0]",17.381074905395508,0.0,-78.9620361328125,0.0005588531494140625,-67.34486389160156
1750930035.2858448,0.0,0.5,"[174.0, 185.0, 175.0, 155.0, 157.0, 153.0, 158.0, 186.0, 185.0, 174.0]",17.34760856628418,0.0,-78.62753295898438,0.0005588531494140625,-67.43698120117188
1750930035.3046536,0.0,0.5,"[174.0, 185.0, 175.0, 155.0, 157.0, 153.0, 158.0, 186.0, 185.0, 174.0]",17.55341911315918,0.0,-78.2890625,0.0005588531494140625,-67.5301513671875
1750930035.3228483,0.0,0.5,"[174.0, 185.0, 175.0, 155.0, 157.0, 153.0, 158.0, 186.0, 185.0, 174.0]",17.567039489746094,0.0,-77.95028686523438,0.0005588531494140625,-67.62335205078125
1750930035.341277,0.0,0.5,"[174.0, 185.0, 175.0, 155.0, 157.0, 153.0, 158.0, 186.0, 185.0, 174.0]",17.60558319091797,0.0,-77.61083984375,0.0005588531494140625,-67.7169189453125
1750930035.3593426,0.0,0.5,"[174.0, 185.0, 175.0, 155.0, 157.0, 153.0, 158.0, 186.0, 185.0, 174.0]",17.560361862182617,0.0,-77.27215576171875,0.0005588531494140625,-67.80984497070312
1750930035.3780198,0.0,0.5,"[174.0, 185.0, 175.0, 155.0, 157.0, 153.0, 158.0, 186.0, 185.0, 174.0]",17.667823791503906,0.0,-76.93148803710938,0.0005588531494140625,-67.90373229980469
1750930035.3960886,0.0,0.5,"[174.0, 185.0, 175.0, 155.0, 157.0, 153.0, 158.0, 186.0, 185.0, 174.0]",17.649417877197266,0.0,-76.59115600585938,0.0005588531494140625,-67.997314453125
1750930035.4155252,0.0,0.5,"[174.0, 185.0, 175.0, 155.0, 157.0, 153.0, 158.0, 186.0, 185.0, 174.0]",17.812971115112305,0.0,-76.24765014648438,0.0005588531494140625,-68.09184265136719
1750930035.4486873,0.0,0.5,"[174.0, 185.0, 176.0, 155.0, 157.0, 153.0, 158.0, 185.0, 185.0, 174.0]",17.710037231445312,0.0,-75.90615844726562,0.0005588531494140625,-68.1859130859375
1750930035.4670272,0.0,0.5,"[174.0, 185.0, 176.0, 155.0, 157.0, 153.0, 158.0, 185.0, 185.0, 174.0]",17.796409606933594,0.0,-75.56298828125,0.0005588531494140625,-68.28030395507812
1750930035.4851565,0.0,0.5,"[174.0, 185.0, 176.0, 155.0, 157.0, 153.0, 158.0, 185.0, 185.0, 174.0]",17.823055267333984,0.0,-75.21929931640625,0.0005588531494140625,-68.3748779296875
1750930035.503599,0.0,0.5,"[174.0, 185.0, 176.0, 155.0, 157.0, 153.0, 158.0, 184.0, 185.0, 174.0]",17.87495994567871,0.0,-74.87466430664062,0.0005588531494140625,-68.46994018554688
1750930035.5221376,0.0,0.5,"[174.0, 185.0, 176.0, 156.0, 157.0, 153.0, 158.0, 184.0, 185.0, 174.0]",17.91800308227539,0.0,-74.52914428710938,0.0005588531494140625,-68.56501770019531
1750930035.540075,0.0,0.5,"[174.0, 185.0, 176.0, 156.0, 157.0, 153.0, 158.0, 184.0, 185.0, 174.0]",18.066654205322266,0.0,-74.1807861328125,0.0005588531494140625,-68.66094970703125
1750930035.5581272,0.0,0.5,"[174.0, 185.0, 176.0, 156.0, 157.0, 153.0, 158.0, 184.0, 185.0, 174.0]",17.828792572021484,0.0,-73.83694458007812,0.0005588531494140625,-68.75544738769531
1750930035.57639,0.0,0.5,"[174.0, 185.0, 176.0, 156.0, 157.0, 153.0, 158.0, 184.0, 185.0, 174.0]",18.010568618774414,0.0,-73.48968505859375,0.0005588531494140625,-68.85111999511719
1750930035.5946937,0.0,0.5,"[174.0, 185.0, 177.0, 156.0, 157.0, 153.0, 158.0, 184.0, 185.0, 174.0]",18.036767959594727,0.0,-73.141845703125,0.0005588531494140625,-68.94674682617188
1750930035.6421998,0.0,0.5,"[174.0, 185.0, 177.0, 156.0, 157.0, 153.0, 158.0, 184.0, 185.0, 174.0]",18.133176803588867,0.0,-72.79220581054688,0.0005588531494140625,-69.04301452636719
1750930035.6605852,0.0,0.5,"[174.0, 185.0, 178.0, 156.0, 157.0, 153.0, 156.0, 184.0, 185.0, 174.0]",18.189008712768555,0.0,-72.44146728515625,0.0005588531494140625,-69.13958740234375
1750930035.6622343,0.0,0.5,"[174.0, 185.0, 178.0, 156.0, 157.0, 153.0, 156.0, 184.0, 185.0, 174.0]",18.153072357177734,0.0,-72.0914306640625,0.0005588531494140625,-69.2359619140625
1750930035.6803246,0.0,0.5,"[174.0, 185.0, 178.0, 156.0, 157.0, 153.0, 156.0, 184.0, 185.0, 174.0]",18.239320755004883,0.0,-71.73974609375,0.000560760498046875,-69.33279418945312
1750930035.6982915,0.0,0.5,"[174.0, 185.0, 178.0, 156.0, 157.0, 153.0, 156.0, 184.0, 185.0, 174.0]",18.248985290527344,0.0,-71.38790893554688,0.0005588531494140625,-69.42982482910156
1750930035.7169986,0.0,0.5,"[174.0, 185.0, 178.0, 156.0, 157.0, 153.0, 156.0, 184.0, 185.0, 174.0]",18.255640029907227,0.0,-71.03585815429688,0.0005588531494140625,-69.52665710449219
1750930035.7354302,0.0,0.5,"[174.0, 185.0, 178.0, 156.0, 157.0, 153.0, 156.0, 184.0, 185.0, 174.0]",18.299636840820312,0.0,-70.68301391601562,0.0005588531494140625,-69.62388610839844
1750930035.767722,0.0,0.5,"[174.0, 185.0, 178.0, 157.0, 157.0, 153.0, 156.0, 184.0, 185.0, 174.0]",18.50482749938965,0.0,-70.32620239257812,0.0005588531494140625,-69.72213745117188
1750930035.7855217,0.0,0.5,"[174.0, 185.0, 179.0, 157.0, 157.0, 153.0, 156.0, 183.0, 185.0, 174.0]",18.197265625,0.0,-69.97531127929688,0.0005588531494140625,-69.81877136230469
1750930035.803442,1.0,0.5,"[174.0, 185.0, 179.0, 157.0, 157.0, 153.0, 156.0, 183.0, 185.0, 174.0]",18.611106872558594,0.0,-69.61642456054688,0.0005588531494140625,-69.91754150390625
1750930035.821668,1.0,0.5,"[174.0, 185.0, 178.0, 156.0, 156.0, 153.0, 158.0, 184.0, 185.0, 174.0]",17.98586082458496,0.5,-69.27468872070312,0.0005588531494140625,-70.02980041503906
1750930035.8393726,0.0,0.5,"[174.0, 185.0, 176.0, 155.0, 155.0, 154.0, 159.0, 186.0, 185.0, 174.0]",18.089693069458008,0.5,-68.93719482421875,0.0005588531494140625,-70.16018676757812
1750930035.8574185,0.0,0.5,"[174.0, 185.0, 175.0, 154.0, 154.0, 155.0, 159.0, 186.0, 185.0, 174.0]",17.837369918823242,0.0,-68.59945678710938,0.0005588531494140625,-70.27505493164062
1750930035.8745465,0.0,0.5,"[174.0, 185.0, 175.0, 154.0, 154.0, 155.0, 159.0, 186.0, 185.0, 174.0]",18.1437931060791,0.0,-68.25424194335938,0.0005588531494140625,-70.38687133789062
1750930035.9203215,0.0,0.5,"[174.0, 185.0, 175.0, 154.0, 154.0, 155.0, 159.0, 186.0, 185.0, 174.0]",17.85371971130371,0.0,-67.914306640625,0.000560760498046875,-70.49617004394531
1750930035.9376006,0.0,0.5,"[174.0, 185.0, 175.0, 154.0, 154.0, 155.0, 159.0, 186.0, 185.0, 174.0]",18.173416137695312,0.0,-67.56814575195312,0.000560760498046875,-70.6070556640625
1750930035.9391596,0.0,0.5,"[174.0, 185.0, 175.0, 154.0, 154.0, 155.0, 159.0, 186.0, 185.0, 174.0]",18.032630920410156,0.0,-67.22470092773438,0.000560760498046875,-70.71707153320312
1750930035.9567034,0.0,0.5,"[174.0, 185.0, 175.0, 154.0, 154.0, 155.0, 159.0, 186.0, 185.0, 174.0]",18.277400970458984,0.0,-66.8765869140625,0.000560760498046875,-70.82864379882812
1750930035.9746168,0.0,0.5,"[174.0, 185.0, 175.0, 154.0, 154.0, 155.0, 159.0, 186.0, 185.0, 174.0]",18.086488723754883,0.0,-66.53207397460938,0.000560760498046875,-70.93887329101562
1750930036.0202649,0.0,0.5,"[174.0, 185.0, 176.0, 154.0, 154.0, 155.0, 159.0, 186.0, 185.0, 174.0]",18.284814834594727,0.0,-66.18386840820312,0.000560760498046875,-71.05059814453125
1750930036.0384421,0.0,0.5,"[174.0, 185.0, 176.0, 154.0, 154.0, 155.0, 159.0, 186.0, 185.0, 174.0]",18.148269653320312,0.0,-65.83819580078125,0.000560760498046875,-71.161376953125
1750930036.0400605,0.0,0.5,"[174.0, 185.0, 176.0, 154.0, 154.0, 155.0, 159.0, 186.0, 185.0, 174.0]",18.288440704345703,0.0,-65.48989868164062,0.000560760498046875,-71.27310180664062
1750930036.05791,0.0,0.5,"[174.0, 185.0, 176.0, 154.0, 154.0, 155.0, 159.0, 186.0, 185.0, 174.0]",18.300506591796875,0.0,-65.14132690429688,0.000560760498046875,-71.38467407226562
1750930036.0758653,0.0,0.5,"[174.0, 185.0, 176.0, 154.0, 154.0, 155.0, 159.0, 186.0, 185.0, 174.0]",18.404438018798828,0.0,-64.79080200195312,0.000560760498046875,-71.49703979492188
1750930036.1076322,0.0,0.5,"[174.0, 185.0, 176.0, 154.0, 154.0, 155.0, 159.0, 186.0, 185.0, 174.0]",18.475276947021484,0.0,-64.43896484375,0.000560760498046875,-71.60989379882812
1750930036.126357,0.0,0.5,"[174.0, 185.0, 176.0, 154.0, 154.0, 155.0, 159.0, 186.0, 185.0, 174.0]",18.4554386138916,0.0,-64.08743286132812,0.000560760498046875,-71.72250366210938
1750930036.1441042,0.0,0.5,"[174.0, 185.0, 176.0, 154.0, 154.0, 155.0, 159.0, 186.0, 185.0, 174.0]",18.39210319519043,0.0,-63.737213134765625,0.000560760498046875,-71.83497619628906
1750930036.1616917,0.0,0.5,"[174.0, 185.0, 176.0, 154.0, 154.0, 155.0, 159.0, 186.0, 185.0, 174.0]",18.54144287109375,0.0,-63.384033203125,0.000560760498046875,-71.94801330566406
1750930036.179661,0.0,0.5,"[174.0, 185.0, 176.0, 154.0, 154.0, 155.0, 159.0, 186.0, 185.0, 174.0]",18.607425689697266,0.0,-63.0296630859375,0.000560760498046875,-72.06161499023438
1750930036.1972895,0.0,0.5,"[174.0, 185.0, 176.0, 154.0, 154.0, 155.0, 159.0, 186.0, 185.0, 174.0]",18.551246643066406,0.0,-62.67626953125,0.000560760498046875,-72.17462158203125
1750930036.2151759,0.0,0.5,"[174.0, 185.0, 176.0, 155.0, 154.0, 155.0, 159.0, 186.0, 185.0, 174.0]",18.506221771240234,0.0,-62.323883056640625,0.000560760498046875,-72.28787231445312
1750930036.2469134,0.0,0.5,"[174.0, 185.0, 176.0, 154.0, 154.0, 155.0, 159.0, 186.0, 185.0, 174.0]",18.696041107177734,0.0,-61.9677734375,0.000560760498046875,-72.40191650390625
1750930036.264874,0.0,0.5,"[174.0, 185.0, 176.0, 155.0, 154.0, 155.0, 159.0, 186.0, 185.0, 174.0]",18.743331909179688,0.0,-61.61077880859375,0.000560760498046875,-72.51629638671875
1750930036.2830517,0.0,0.5,"[174.0, 185.0, 176.0, 154.0, 154.0, 155.0, 159.0, 186.0, 185.0, 174.0]",18.77495765686035,0.0,-61.253173828125,0.0005588531494140625,-72.63082885742188
1750930036.3006732,0.0,0.5,"[174.0, 185.0, 176.0, 155.0, 154.0, 155.0, 159.0, 186.0, 185.0, 174.0]",18.624828338623047,0.0,-60.89849853515625,0.0005588531494140625,-72.74459838867188
1750930036.318451,0.0,0.5,"[174.0, 185.0, 176.0, 155.0, 154.0, 155.0, 159.0, 186.0, 185.0, 174.0]",18.898855209350586,0.0,-60.53857421875,0.0005588531494140625,-72.86001586914062
1750930036.3362992,0.0,0.5,"[174.0, 185.0, 176.0, 155.0, 154.0, 155.0, 159.0, 186.0, 185.0, 174.0]",18.762428283691406,0.0,-60.1812744140625,0.000560760498046875,-72.97468566894531
1750930036.3682263,0.0,0.5,"[174.0, 185.0, 176.0, 155.0, 154.0, 155.0, 159.0, 186.0, 185.0, 174.0]",18.965660095214844,0.0,-59.82000732421875,0.000560760498046875,-73.09033203125
1750930036.3865724,0.0,0.5,"[174.0, 185.0, 176.0, 155.0, 154.0, 155.0, 159.0, 186.0, 185.0, 174.0]",18.8916015625,0.0,-59.460205078125,0.000560760498046875,-73.20565795898438
1750930036.4039414,0.0,0.5,"[174.0, 185.0, 176.0, 155.0, 154.0, 155.0, 159.0, 186.0, 185.0, 174.0]",18.99886703491211,0.0,-59.09832763671875,0.000560760498046875,-73.32154846191406
1750930036.4217823,0.0,0.5,"[174.0, 185.0, 176.0, 155.0, 154.0, 155.0, 159.0, 186.0, 185.0, 174.0]",18.83736228942871,0.0,-58.739593505859375,0.000560760498046875,-73.43659973144531
1750930036.4391837,0.0,0.5,"[174.0, 185.0, 176.0, 155.0, 154.0, 155.0, 159.0, 186.0, 185.0, 174.0]",19.10418128967285,0.0,-58.375732421875,0.000560760498046875,-73.55323791503906
1750930036.456985,0.0,0.5,"[174.0, 185.0, 176.0, 155.0, 154.0, 155.0, 159.0, 186.0, 185.0, 174.0]",18.994813919067383,0.0,-58.014007568359375,0.0005588531494140625,-73.66928100585938
1750930036.4748766,0.0,0.5,"[174.0, 185.0, 176.0, 155.0, 154.0, 155.0, 159.0, 186.0, 185.0, 174.0]",19.155052185058594,0.0,-57.649169921875,0.0005588531494140625,-73.7861328125
1750930036.5211062,0.0,0.5,"[174.0, 185.0, 176.0, 155.0, 154.0, 155.0, 159.0, 186.0, 185.0, 174.0]",19.039457321166992,0.0,-57.286529541015625,0.0005588531494140625,-73.90235900878906
1750930036.5388522,0.0,0.5,"[174.0, 185.0, 176.0, 155.0, 154.0, 155.0, 159.0, 186.0, 185.0, 174.0]",19.16231918334961,0.0,-56.92156982421875,0.0005588531494140625,-74.019287109375
1750930036.5408847,0.0,0.5,"[174.0, 185.0, 176.0, 155.0, 154.0, 155.0, 159.0, 186.0, 185.0, 174.0]",19.125024795532227,0.0,-56.557373046875,0.000560760498046875,-74.13619995117188
1750930036.5585628,0.0,0.5,"[174.0, 185.0, 176.0, 155.0, 154.0, 155.0, 159.0, 186.0, 185.0, 174.0]",19.384300231933594,0.0,-56.188201904296875,0.000560760498046875,-74.25454711914062
1750930036.5764544,0.0,0.5,"[174.0, 185.0, 177.0, 155.0, 155.0, 155.0, 159.0, 186.0, 185.0, 174.0]",19.0543155670166,0.0,-55.8253173828125,0.000560760498046875,-74.37094116210938
1750930036.5940783,0.0,0.5,"[174.0, 185.0, 177.0, 155.0, 154.0, 155.0, 159.0, 186.0, 185.0, 174.0]",19.324935913085938,0.0,-55.457244873046875,0.000560760498046875,-74.48883056640625
1750930036.6395721,0.0,0.5,"[174.0, 185.0, 177.0, 155.0, 155.0, 155.0, 159.0, 186.0, 185.0, 174.0]",19.39472770690918,0.0,-55.087860107421875,0.000560760498046875,-74.60722351074219
1750930036.6575205,0.0,0.5,"[174.0, 185.0, 177.0, 155.0, 154.0, 155.0, 159.0, 186.0, 185.0, 174.0]",19.355722427368164,0.0,-54.71917724609375,0.000560760498046875,-74.72531127929688
1750930036.659158,0.0,0.5,"[174.0, 185.0, 177.0, 155.0, 154.0, 155.0, 159.0, 186.0, 185.0, 174.0]",19.377599716186523,0.0,-54.350189208984375,0.000560760498046875,-74.84375
1750930036.676601,0.0,0.5,"[174.0, 185.0, 177.0, 155.0, 155.0, 155.0, 159.0, 186.0, 185.0, 174.0]",19.46253204345703,0.0,-53.979522705078125,0.000560760498046875,-74.96258544921875
1750930036.6935935,0.0,0.5,"[174.0, 185.0, 177.0, 155.0, 155.0, 155.0, 159.0, 186.0, 185.0, 174.0]",19.53714942932129,0.0,-53.607421875,0.000560760498046875,-75.08183288574219
1750930036.738467,0.0,0.5,"[174.0, 185.0, 178.0, 155.0, 155.0, 155.0, 159.0, 186.0, 185.0, 174.0]",19.482912063598633,0.0,-53.236358642578125,0.000560760498046875,-75.2008056640625
1750930036.7555797,0.0,0.5,"[174.0, 185.0, 178.0, 155.0, 155.0, 155.0, 159.0, 185.0, 185.0, 174.0]",19.476016998291016,0.0,-52.86541748046875,0.000560760498046875,-75.31967163085938
1750930036.7572653,0.0,0.5,"[174.0, 185.0, 178.0, 155.0, 155.0, 155.0, 159.0, 185.0, 185.0, 174.0]",19.564590454101562,0.0,-52.492767333984375,0.000560760498046875,-75.43899536132812
1750930036.7746978,0.0,0.5,"[174.0, 185.0, 178.0, 155.0, 155.0, 155.0, 159.0, 185.0, 185.0, 174.0]",19.583431243896484,0.0,-52.11981201171875,0.000560760498046875,-75.55857849121094
1750930036.8194885,0.0,0.5,"[174.0, 185.0, 178.0, 155.0, 155.0, 155.0, 159.0, 185.0, 185.0, 174.0]",19.701309204101562,0.0,-51.74462890625,0.000560760498046875,-75.67898559570312
1750930036.8368766,0.0,0.5,"[174.0, 185.0, 178.0, 155.0, 155.0, 155.0, 159.0, 185.0, 185.0, 174.0]",19.64681625366211,0.0,-51.3704833984375,0.000560760498046875,-75.79904174804688
1750930036.838463,0.0,0.5,"[174.0, 185.0, 178.0, 155.0, 155.0, 155.0, 159.0, 185.0, 185.0, 174.0]",19.64927864074707,0.0,-50.99627685546875,0.000560760498046875,-75.91911315917969
1750930036.8558562,0.0,0.5,"[174.0, 185.0, 178.0, 155.0, 155.0, 155.0, 159.0, 185.0, 185.0, 174.0]",19.700193405151367,0.0,-50.62109375,0.000560760498046875,-76.0394287109375
1750930036.886862,0.0,0.5,"[174.0, 185.0, 178.0, 155.0, 155.0, 155.0, 159.0, 185.0, 185.0, 174.0]",19.818309783935547,0.0,-50.24365234375,0.000560760498046875,-76.160400390625
1750930036.9048307,0.0,0.5,"[174.0, 185.0, 178.0, 155.0, 155.0, 155.0, 159.0, 185.0, 185.0, 174.0]",19.725322723388672,0.0,-49.86798095703125,0.000560760498046875,-76.28089904785156
1750930036.9220657,0.0,0.5,"[174.0, 185.0, 178.0, 155.0, 155.0, 155.0, 159.0, 185.0, 185.0, 174.0]",19.84194564819336,0.0,-49.4901123046875,0.000560760498046875,-76.40211486816406
1750930036.9389217,0.0,0.5,"[174.0, 185.0, 178.0, 155.0, 155.0, 155.0, 158.0, 185.0, 185.0, 174.0]",19.953289031982422,0.0,-49.110137939453125,0.000560760498046875,-76.52406311035156
1750930036.9561288,0.0,0.5,"[174.0, 185.0, 178.0, 155.0, 155.0, 155.0, 158.0, 185.0, 185.0, 174.0]",19.839509963989258,0.0,-48.7322998046875,0.000560760498046875,-76.64523315429688
1750930036.9871662,0.0,0.5,"[174.0, 185.0, 178.0, 155.0, 155.0, 154.0, 158.0, 184.0, 185.0, 174.0]",19.884624481201172,0.0,-48.353607177734375,0.000560760498046875,-76.76667785644531
1750930037.0047045,0.0,0.5,"[174.0, 185.0, 178.0, 155.0, 155.0, 154.0, 158.0, 184.0, 185.0, 174.0]",20.063430786132812,0.0,-47.971466064453125,0.000560760498046875,-76.88912963867188
1750930037.0224388,0.0,0.5,"[174.0, 185.0, 178.0, 155.0, 155.0, 155.0, 158.0, 184.0, 185.0, 174.0]",19.988924026489258,0.0,-47.59075927734375,0.000560760498046875,-77.01106262207031
1750930037.039069,0.0,0.5,"[174.0, 185.0, 178.0, 155.0, 155.0, 155.0, 158.0, 184.0, 185.0, 174.0]",20.066261291503906,0.0,-47.208587646484375,0.000560760498046875,-77.13360595703125
1750930037.056201,0.0,0.5,"[174.0, 185.0, 178.0, 155.0, 155.0, 154.0, 158.0, 184.0, 185.0, 174.0]",20.114402770996094,0.0,-46.825531005859375,0.000560760498046875,-77.25651550292969
1750930037.0870168,0.0,0.5,"[174.0, 185.0, 178.0, 155.0, 155.0, 154.0, 158.0, 184.0, 185.0, 174.0]",20.070724487304688,0.0,-46.44329833984375,0.000560760498046875,-77.37908935546875
1750930037.104222,0.0,0.5,"[174.0, 185.0, 178.0, 155.0, 155.0, 154.0, 158.0, 184.0, 185.0, 174.0]",20.044452667236328,0.0,-46.061553955078125,0.000560760498046875,-77.50146484375
1750930037.1212754,0.0,0.5,"[174.0, 185.0, 178.0, 155.0, 155.0, 154.0, 158.0, 184.0, 185.0, 174.0]",20.218585968017578,0.0,-45.676483154296875,0.000560760498046875,-77.62490844726562
1750930037.1382704,0.0,0.5,"[174.0, 185.0, 178.0, 155.0, 155.0, 154.0, 158.0, 184.0, 185.0, 174.0]",20.261417388916016,0.0,-45.29058837890625,0.000560760498046875,-77.74862670898438
1750930037.1554365,0.0,0.5,"[174.0, 185.0, 179.0, 155.0, 155.0, 154.0, 158.0, 184.0, 185.0, 174.0]",20.236703872680664,0.0,-44.905181884765625,0.000560760498046875,-77.87220764160156
1750930037.186508,0.0,0.5,"[174.0, 185.0, 179.0, 155.0, 155.0, 154.0, 158.0, 184.0, 185.0, 174.0]",20.215412139892578,0.0,-44.520172119140625,0.0005588531494140625,-77.99560546875
1750930037.203568,0.0,0.5,"[174.0, 185.0, 179.0, 155.0, 155.0, 154.0, 158.0, 184.0, 185.0, 174.0]",20.255857467651367,0.0,-44.134368896484375,0.0005588531494140625,-78.11923217773438
1750930037.2213113,0.0,0.5,"[174.0, 185.0, 179.0, 155.0, 155.0, 154.0, 158.0, 184.0, 185.0, 174.0]",20.410242080688477,0.0,-43.74566650390625,0.000560760498046875,-78.24388122558594
1750930037.238599,0.0,0.5,"[174.0, 185.0, 179.0, 155.0, 155.0, 154.0, 158.0, 184.0, 185.0, 174.0]",20.3906192779541,0.0,-43.35736083984375,0.000560760498046875,-78.36849975585938
1750930037.2552857,0.0,0.5,"[174.0, 185.0, 179.0, 155.0, 155.0, 154.0, 158.0, 184.0, 185.0, 174.0]",20.35721778869629,0.0,-42.969635009765625,0.000560760498046875,-78.49276733398438
1750930037.285911,0.0,0.5,"[174.0, 185.0, 179.0, 155.0, 155.0, 154.0, 158.0, 184.0, 185.0, 174.0]",20.432453155517578,0.0,-42.58050537109375,0.000560760498046875,-78.61750793457031
1750930037.3035898,0.0,0.5,"[174.0, 185.0, 179.0, 156.0, 155.0, 154.0, 158.0, 184.0, 185.0, 174.0]",20.512697219848633,0.0,-42.189849853515625,0.000560760498046875,-78.74285888671875
1750930037.3204453,0.0,0.5,"[174.0, 185.0, 179.0, 156.0, 155.0, 154.0, 158.0, 184.0, 185.0, 174.0]",20.431489944458008,0.0,-41.800750732421875,0.000560760498046875,-78.86761474609375
1750930037.3376453,0.0,0.5,"[174.0, 185.0, 179.0, 156.0, 155.0, 154.0, 158.0, 184.0, 185.0, 174.0]",20.5626277923584,0.0,-41.40911865234375,0.000560760498046875,-78.99313354492188
1750930037.354381,0.0,0.5,"[174.0, 185.0, 179.0, 156.0, 155.0, 154.0, 158.0, 184.0, 185.0, 174.0]",20.61850929260254,0.0,-41.01641845703125,0.000560760498046875,-79.1190185546875
1750930037.3977656,0.0,0.5,"[174.0, 185.0, 179.0, 156.0, 155.0, 154.0, 158.0, 184.0, 185.0, 174.0]",20.583148956298828,0.0,-40.624420166015625,0.000560760498046875,-79.24468994140625
1750930037.414279,0.0,0.5,"[174.0, 185.0, 179.0, 156.0, 155.0, 154.0, 158.0, 184.0, 185.0, 174.0]",20.554784774780273,0.0,-40.23297119140625,0.000560760498046875,-79.3702392578125
1750930037.415901,0.0,0.5,"[174.0, 185.0, 179.0, 156.0, 155.0, 154.0, 158.0, 184.0, 185.0, 174.0]",20.65936279296875,0.0,-39.839508056640625,0.000560760498046875,-79.49642944335938
1750930037.4457207,0.0,0.5,"[174.0, 185.0, 179.0, 156.0, 154.0, 154.0, 158.0, 184.0, 185.0, 174.0]",20.799959182739258,0.0,-39.443389892578125,0.000560760498046875,-79.62342834472656
1750930037.4626634,0.0,0.5,"[174.0, 185.0, 179.0, 156.0, 154.0, 154.0, 158.0, 184.0, 185.0, 174.0]",20.67325210571289,0.0,-39.049652099609375,0.000560760498046875,-79.74966430664062
1750930037.4790354,0.0,0.5,"[174.0, 185.0, 179.0, 156.0, 154.0, 154.0, 158.0, 184.0, 185.0, 174.0]",20.697816848754883,0.0,-38.65545654296875,0.000560760498046875,-79.87603759765625
1750930037.4963171,0.0,0.5,"[174.0, 185.0, 179.0, 156.0, 154.0, 154.0, 158.0, 184.0, 185.0, 174.0]",20.87672233581543,0.0,-38.25787353515625,0.000560760498046875,-80.0035400390625
1750930037.527044,0.0,0.5,"[174.0, 185.0, 179.0, 156.0, 154.0, 154.0, 158.0, 184.0, 185.0, 174.0]",20.800344467163086,0.0,-37.861724853515625,0.000560760498046875,-80.13058471679688
1750930037.543784,0.0,0.5,"[174.0, 185.0, 179.0, 156.0, 154.0, 154.0, 158.0, 184.0, 185.0, 174.0]",20.844545364379883,0.0,-37.464752197265625,0.000560760498046875,-80.25784301757812
1750930037.5608964,0.0,0.5,"[174.0, 185.0, 179.0, 156.0, 154.0, 154.0, 158.0, 184.0, 185.0, 174.0]",20.922513961791992,0.0,-37.066253662109375,0.000560760498046875,-80.38552856445312
1750930037.5775406,0.0,0.5,"[174.0, 185.0, 179.0, 156.0, 154.0, 154.0, 158.0, 184.0, 185.0, 174.0]",20.854204177856445,0.0,-36.669097900390625,0.000560760498046875,-80.51289367675781
1750930037.5940185,0.0,0.5,"[174.0, 185.0, 179.0, 156.0, 154.0, 154.0, 158.0, 184.0, 185.0, 174.0]",20.94440269470215,0.0,-36.270233154296875,0.000560760498046875,-80.64088439941406
1750930037.6369252,0.0,0.5,"[174.0, 185.0, 179.0, 156.0, 154.0, 154.0, 158.0, 184.0, 185.0, 174.0]",21.047922134399414,0.0,-35.869384765625,0.000560760498046875,-80.7694091796875
1750930037.6539497,0.0,0.5,"[174.0, 185.0, 179.0, 156.0, 154.0, 154.0, 158.0, 184.0, 185.0, 174.0]",21.01096534729004,0.0,-35.469207763671875,0.000560760498046875,-80.89767456054688
1750930037.655474,0.0,0.5,"[174.0, 185.0, 179.0, 156.0, 154.0, 154.0, 158.0, 184.0, 185.0, 174.0]",21.006389617919922,0.0,-35.069122314453125,0.000560760498046875,-81.02592468261719
1750930037.6846564,0.0,0.5,"[174.0, 185.0, 179.0, 156.0, 154.0, 154.0, 158.0, 184.0, 185.0, 174.0]",21.035905838012695,0.0,-34.668487548828125,0.0005626678466796875,-81.15435791015625
1750930037.701697,0.0,0.5,"[174.0, 185.0, 179.0, 156.0, 154.0, 154.0, 158.0, 184.0, 185.0, 174.0]",21.158166885375977,0.0,-34.265533447265625,0.0005626678466796875,-81.28352355957031
1750930037.7190669,0.0,0.5,"[174.0, 185.0, 179.0, 156.0, 154.0, 154.0, 158.0, 184.0, 185.0, 174.0]",21.142763137817383,0.0,-33.862884521484375,0.0005626678466796875,-81.41264343261719
1750930037.7362602,0.0,0.5,"[174.0, 185.0, 180.0, 156.0, 154.0, 154.0, 158.0, 184.0, 185.0, 174.0]",21.131532669067383,0.0,-33.460418701171875,0.0005626678466796875,-81.54165649414062
1750930037.7664921,0.0,0.5,"[174.0, 185.0, 180.0, 156.0, 154.0, 154.0, 158.0, 184.0, 185.0, 174.0]",21.170595169067383,0.0,-33.057220458984375,0.0005626678466796875,-81.67095947265625
1750930037.7835314,0.0,0.5,"[174.0, 185.0, 180.0, 156.0, 154.0, 154.0, 158.0, 184.0, 185.0, 174.0]",21.293405532836914,0.0,-32.651702880859375,0.0005626678466796875,-81.80099487304688
1750930037.7998672,0.0,0.5,"[174.0, 185.0, 180.0, 156.0, 154.0, 154.0, 158.0, 184.0, 185.0, 174.0]",21.250682830810547,0.0,-32.246978759765625,0.0005626678466796875,-81.93074035644531
1750930037.8166032,0.0,0.5,"[174.0, 185.0, 180.0, 156.0, 154.0, 154.0, 158.0, 184.0, 185.0, 174.0]",21.242578506469727,0.0,-31.8424072265625,0.0005626678466796875,-82.0604248046875
1750930037.8327794,0.0,0.5,"[174.0, 185.0, 180.0, 156.0, 154.0, 154.0, 158.0, 183.0, 185.0, 174.0]",21.33268165588379,0.0,-31.436126708984375,0.0005626678466796875,-82.190673828125
1750930037.875955,0.0,0.5,"[174.0, 185.0, 180.0, 156.0, 154.0, 154.0, 158.0, 183.0, 185.0, 174.0]",21.4385986328125,0.0,-31.027801513671875,0.0005626678466796875,-82.32156372070312
1750930037.8920424,0.0,0.5,"[174.0, 185.0, 181.0, 156.0, 154.0, 154.0, 158.0, 183.0, 185.0, 174.0]",21.368389129638672,0.0,-30.620849609375,0.0005626678466796875,-82.45205688476562
1750930037.9091845,0.0,0.5,"[174.0, 185.0, 181.0, 156.0, 154.0, 154.0, 158.0, 183.0, 185.0, 174.0]",21.34880828857422,0.0,-30.214263916015625,0.0005626678466796875,-82.58241271972656
1750930037.925133,0.0,0.5,"[174.0, 185.0, 181.0, 156.0, 154.0, 154.0, 158.0, 183.0, 185.0, 174.0]",21.504592895507812,0.0,-29.804718017578125,0.0005626678466796875,-82.7137451171875
1750930037.9424956,0.0,0.5,"[174.0, 185.0, 181.0, 156.0, 154.0, 154.0, 158.0, 183.0, 185.0, 174.0]",21.544145584106445,0.0,-29.3944091796875,0.0005626678466796875,-82.8453369140625
1750930037.959973,0.0,0.5,"[174.0, 185.0, 181.0, 156.0, 154.0, 154.0, 158.0, 183.0, 185.0, 174.0]",21.50823211669922,0.0,-28.98480224609375,0.0005626678466796875,-82.97665405273438
1750930037.978379,0.0,0.5,"[174.0, 185.0, 181.0, 156.0, 154.0, 154.0, 158.0, 183.0, 185.0, 174.0]",21.496929168701172,0.0,-28.57537841796875,0.0005626678466796875,-83.10791015625
1750930037.9957683,0.0,0.5,"[174.0, 185.0, 181.0, 156.0, 154.0, 154.0, 158.0, 183.0, 185.0, 174.0]",21.569961547851562,0.0,-28.164581298828125,0.0005626678466796875,-83.23959350585938
1750930038.0269146,0.0,0.5,"[174.0, 185.0, 181.0, 156.0, 154.0, 154.0, 158.0, 183.0, 185.0, 174.0]",21.687820434570312,0.0,-27.75152587890625,0.0005626678466796875,-83.37203979492188
1750930038.0436227,0.0,0.5,"[174.0, 185.0, 181.0, 156.0, 154.0, 154.0, 158.0, 183.0, 185.0, 174.0]",21.622364044189453,0.0,-27.3397216796875,0.0005626678466796875,-83.50410461425781
1750930038.060262,0.0,0.5,"[174.0, 185.0, 181.0, 156.0, 154.0, 154.0, 158.0, 183.0, 185.0, 174.0]",21.604549407958984,0.0,-26.92828369140625,0.0005626678466796875,-83.63603210449219
1750930038.077035,0.0,0.5,"[174.0, 185.0, 181.0, 157.0, 154.0, 154.0, 158.0, 183.0, 185.0, 174.0]",21.73814582824707,0.0,-26.5142822265625,0.000560760498046875,-83.76876831054688
1750930038.0931554,0.0,0.5,"[174.0, 185.0, 181.0, 157.0, 154.0, 154.0, 158.0, 183.0, 185.0, 174.0]",21.800575256347656,0.0,-26.099090576171875,0.000560760498046875,-83.90194702148438
1750930038.1355174,0.0,0.5,"[174.0, 185.0, 181.0, 157.0, 154.0, 154.0, 158.0, 183.0, 185.0, 174.0]",21.743532180786133,0.0,-25.68499755859375,0.000560760498046875,-84.03472900390625
1750930038.1530447,0.0,0.5,"[174.0, 185.0, 181.0, 157.0, 154.0, 154.0, 158.0, 183.0, 185.0, 174.0]",21.73798370361328,0.0,-25.27099609375,0.000560760498046875,-84.16744995117188
1750930038.1695528,0.0,0.5,"[174.0, 185.0, 181.0, 157.0, 154.0, 157.0, 158.0, 183.0, 185.0, 174.0]",21.848913192749023,0.0,-24.854888916015625,0.000560760498046875,-84.30088806152344
1750930038.186378,0.0,0.5,"[174.0, 185.0, 181.0, 157.0, 154.0, 157.0, 156.0, 183.0, 185.0, 174.0]",21.916362762451172,0.0,-24.437469482421875,0.000560760498046875,-84.4346923828125
1750930038.202516,0.0,0.5,"[174.0, 185.0, 181.0, 157.0, 154.0, 157.0, 156.0, 183.0, 185.0, 174.0]",21.870948791503906,0.0,-24.02093505859375,0.000560760498046875,-84.56826782226562
1750930038.2193005,0.0,0.5,"[174.0, 185.0, 181.0, 157.0, 154.0, 157.0, 156.0, 183.0, 185.0, 174.0]",21.851137161254883,0.0,-23.60479736328125,0.0005626678466796875,-84.70169067382812
1750930038.2361019,0.0,0.5,"[174.0, 185.0, 181.0, 157.0, 154.0, 157.0, 156.0, 183.0, 185.0, 174.0]",21.975202560424805,0.0,-23.186279296875,0.0005626678466796875,-84.83586120605469
1750930038.2663763,0.0,0.5,"[174.0, 185.0, 181.0, 157.0, 154.0, 157.0, 156.0, 183.0, 185.0, 174.0]",22.049230575561523,0.0,-22.766357421875,0.0005626678466796875,-84.97055053710938
1750930038.283267,0.0,0.5,"[174.0, 185.0, 181.0, 157.0, 154.0, 157.0, 156.0, 183.0, 185.0, 174.0]",21.990570068359375,0.0,-22.3475341796875,0.0005626678466796875,-85.10484313964844
1750930038.3002381,0.0,0.5,"[174.0, 185.0, 181.0, 157.0, 154.0, 157.0, 156.0, 183.0, 185.0, 174.0]",21.988401412963867,0.0,-21.92877197265625,0.0005626678466796875,-85.23912048339844
1750930038.317138,0.0,0.5,"[174.0, 185.0, 181.0, 158.0, 153.0, 157.0, 156.0, 181.0, 185.0, 174.0]",22.086027145385742,0.0,-21.508148193359375,0.0005626678466796875,-85.37400817871094
1750930038.333345,0.0,0.5,"[174.0, 185.0, 181.0, 158.0, 153.0, 157.0, 156.0, 181.0, 185.0, 174.0]",22.150819778442383,0.0,-21.086273193359375,0.0005626678466796875,-85.50924682617188
1750930038.3757164,0.0,0.5,"[174.0, 185.0, 181.0, 158.0, 153.0, 157.0, 156.0, 181.0, 185.0, 174.0]",22.112417221069336,0.0,-20.6651611328125,0.0005626678466796875,-85.644287109375
1750930038.392402,0.0,0.5,"[174.0, 185.0, 181.0, 158.0, 153.0, 157.0, 156.0, 181.0, 185.0, 174.0]",22.09583854675293,0.0,-20.244354248046875,0.0005626678466796875,-85.77919006347656
1750930038.4093924,0.0,0.5,"[174.0, 185.0, 181.0, 158.0, 153.0, 157.0, 156.0, 181.0, 185.0, 174.0]",22.217365264892578,0.0,-19.821197509765625,0.0005626678466796875,-85.91485595703125
1750930038.4272103,0.0,0.5,"[174.0, 185.0, 181.0, 158.0, 153.0, 157.0, 156.0, 181.0, 185.0, 174.0]",22.28897476196289,0.0,-19.396728515625,0.0005626678466796875,-86.05099487304688
1750930038.4450014,0.0,0.5,"[174.0, 185.0, 181.0, 158.0, 153.0, 157.0, 156.0, 181.0, 185.0, 174.0]",22.23200798034668,0.0,-18.97332763671875,0.0005626678466796875,-86.186767578125
1750930038.4626915,0.0,0.5,"[174.0, 185.0, 183.0, 158.0, 153.0, 157.0, 156.0, 181.0, 185.0, 174.0]",22.224559783935547,0.0,-18.550048828125,0.0005626678466796875,-86.32247924804688
1750930038.4805229,0.0,0.5,"[174.0, 185.0, 183.0, 158.0, 153.0, 156.0, 156.0, 181.0, 185.0, 174.0]",22.330778121948242,0.0,-18.124786376953125,0.0005626678466796875,-86.4588623046875
1750930038.497349,0.0,0.5,"[174.0, 185.0, 183.0, 158.0, 153.0, 156.0, 156.0, 181.0, 185.0, 174.0]",22.402503967285156,0.0,-17.6981201171875,0.0005626678466796875,-86.59564208984375
1750930038.513769,0.0,0.5,"[174.0, 185.0, 183.0, 158.0, 153.0, 156.0, 156.0, 181.0, 185.0, 174.0]",22.35448455810547,0.0,-17.272369384765625,0.0005626678466796875,-86.73216247558594
1750930038.5552857,0.0,0.5,"[174.0, 185.0, 183.0, 158.0, 153.0, 156.0, 156.0, 181.0, 185.0, 174.0]",22.33447265625,0.0,-16.847015380859375,0.0005645751953125,-86.8685302734375
1750930038.5718822,0.0,0.5,"[174.0, 185.0, 183.0, 158.0, 153.0, 156.0, 156.0, 181.0, 185.0, 174.0]",22.458168029785156,0.0,-16.419281005859375,0.0005645751953125,-87.00566101074219
1750930038.5881379,0.0,0.5,"[174.0, 185.0, 183.0, 158.0, 153.0, 156.0, 156.0, 181.0, 185.0, 174.0]",22.52667999267578,0.0,-15.99029541015625,0.0005645751953125,-87.14324951171875
1750930038.6039708,0.0,0.5,"[174.0, 185.0, 183.0, 158.0, 153.0, 156.0, 156.0, 181.0, 185.0, 174.0]",22.471803665161133,0.0,-15.56231689453125,0.0005645751953125,-87.28048706054688
1750930038.6201391,0.0,0.5,"[174.0, 185.0, 183.0, 158.0, 153.0, 156.0, 156.0, 181.0, 185.0, 174.0]",22.46857452392578,0.0,-15.1343994140625,0.0005645751953125,-87.41767883300781
1750930038.6363761,0.0,0.5,"[174.0, 185.0, 183.0, 158.0, 152.0, 156.0, 156.0, 181.0, 185.0, 174.0]",22.564231872558594,0.0,-14.704681396484375,0.0005645751953125,-87.55548095703125
1750930038.6660109,0.0,0.5,"[174.0, 185.0, 183.0, 158.0, 152.0, 156.0, 156.0, 181.0, 185.0, 174.0]",22.631380081176758,0.0,-14.273651123046875,0.0005645751953125,-87.69366455078125
1750930038.682376,0.0,0.5,"[174.0, 185.0, 183.0, 158.0, 152.0, 156.0, 156.0, 181.0, 185.0, 174.0]",22.59085464477539,0.0,-13.843414306640625,0.0005645751953125,-87.83163452148438
1750930038.698657,0.0,0.5,"[174.0, 185.0, 183.0, 158.0, 152.0, 156.0, 156.0, 181.0, 185.0, 174.0]",22.572681427001953,0.0,-13.41351318359375,0.0005645751953125,-87.96945190429688
1750930038.7154572,0.0,0.5,"[174.0, 185.0, 183.0, 158.0, 152.0, 156.0, 156.0, 181.0, 185.0, 174.0]",22.69402503967285,0.0,-12.981292724609375,0.0005645751953125,-88.1080322265625
1750930038.7455196,0.0,0.5,"[174.0, 185.0, 183.0, 158.0, 152.0, 156.0, 156.0, 181.0, 185.0, 174.0]",22.760103225708008,0.0,-12.5478515625,0.0005626678466796875,-88.24703979492188
1750930038.7623332,0.0,0.5,"[174.0, 185.0, 183.0, 158.0, 152.0, 156.0, 156.0, 181.0, 185.0, 174.0]",22.707725524902344,0.0,-12.115386962890625,0.0005626678466796875,-88.38571166992188
1750930038.778191,0.0,0.5,"[174.0, 185.0, 183.0, 158.0, 152.0, 156.0, 156.0, 181.0, 185.0, 174.0]",22.70359992980957,0.0,-11.6829833984375,0.0005626678466796875,-88.52435302734375
1750930038.7945154,0.0,0.5,"[174.0, 185.0, 183.0, 158.0, 152.0, 156.0, 156.0, 181.0, 185.0, 174.0]",22.799467086791992,0.0,-11.248779296875,0.0005645751953125,-88.66357421875
1750930038.8359673,0.0,0.5,"[174.0, 185.0, 183.0, 158.0, 152.0, 156.0, 156.0, 181.0, 185.0, 174.0]",22.866600036621094,0.0,-10.81329345703125,0.0005645751953125,-88.80320739746094
1750930038.852687,0.0,0.5,"[174.0, 185.0, 183.0, 158.0, 152.0, 156.0, 156.0, 181.0, 185.0, 174.0]",22.825000762939453,0.0,-10.378570556640625,0.0005645751953125,-88.94259643554688
1750930038.868944,0.0,0.5,"[174.0, 185.0, 183.0, 158.0, 152.0, 156.0, 156.0, 181.0, 185.0, 174.0]",22.8085880279541,0.0,-9.944183349609375,0.0005645751953125,-89.08184814453125
1750930038.8849385,0.0,0.5,"[174.0, 185.0, 183.0, 158.0, 151.0, 156.0, 156.0, 181.0, 185.0, 174.0]",22.92644691467285,0.0,-9.507537841796875,0.0005645751953125,-89.22184753417969
1750930038.9022143,0.0,0.5,"[174.0, 185.0, 183.0, 158.0, 151.0, 156.0, 156.0, 181.0, 185.0, 174.0]",22.989280700683594,0.0,-9.069732666015625,0.0005645751953125,-89.36225891113281
1750930038.9206944,0.0,0.5,"[174.0, 185.0, 183.0, 158.0, 151.0, 155.0, 156.0, 181.0, 185.0, 174.0]",22.9410343170166,0.0,-8.6328125,0.0005645751953125,-89.50234985351562
1750930038.9398065,0.0,0.5,"[174.0, 185.0, 183.0, 158.0, 151.0, 155.0, 156.0, 181.0, 185.0, 174.0]",22.93721580505371,0.0,-8.19598388671875,0.0005626678466796875,-89.64241027832031
1750930038.9620938,0.0,0.5,"[174.0, 185.0, 183.0, 157.0, 151.0, 155.0, 156.0, 181.0, 185.0, 174.0]",23.030555725097656,0.0,-7.757354736328125,0.0005626678466796875,-89.78305053710938
1750930038.9806504,0.0,0.5,"[174.0, 185.0, 183.0, 157.0, 151.0, 155.0, 156.0, 181.0, 185.0, 174.0]",23.095691680908203,0.0,-7.3175048828125,0.0005626678466796875,-89.92408752441406
1750930038.9972708,0.0,0.5,"[174.0, 185.0, 184.0, 157.0, 151.0, 155.0, 156.0, 181.0, 185.0, 174.0]",23.05600357055664,0.0,-6.87841796875,0.0005626678466796875,-90.06488037109375
1750930039.0140724,0.0,0.5,"[174.0, 185.0, 184.0, 157.0, 151.0, 155.0, 156.0, 181.0, 185.0, 174.0]",23.042591094970703,0.0,-6.4395751953125,0.0005645751953125,-90.20558166503906
1750930039.0554047,0.0,0.5,"[174.0, 185.0, 183.0, 157.0, 151.0, 155.0, 156.0, 181.0, 185.0, 174.0]",23.15508270263672,0.0,-5.998565673828125,0.0005645751953125,-90.34696960449219
1750930039.0719185,0.0,0.5,"[174.0, 185.0, 183.0, 157.0, 150.0, 155.0, 156.0, 181.0, 185.0, 174.0]",23.214948654174805,0.0,-5.55645751953125,0.0005645751953125,-90.48875427246094
1750930039.0881407,0.0,0.5,"[174.0, 185.0, 183.0, 157.0, 150.0, 155.0, 156.0, 181.0, 185.0, 174.0]",23.171062469482422,0.0,-5.11517333984375,0.0005645751953125,-90.6302490234375
1750930039.1040947,0.0,0.5,"[174.0, 185.0, 183.0, 157.0, 150.0, 155.0, 156.0, 181.0, 185.0, 174.0]",23.16750144958496,0.0,-4.6739501953125,0.0005645751953125,-90.77171325683594
1750930039.1199355,0.0,0.5,"[174.0, 185.0, 183.0, 157.0, 150.0, 155.0, 156.0, 181.0, 185.0, 174.0]",23.259469985961914,0.0,-4.23095703125,0.0005645751953125,-90.91375732421875
1750930039.1360502,0.0,0.5,"[174.0, 185.0, 183.0, 156.0, 150.0, 155.0, 156.0, 181.0, 185.0, 174.0]",23.32176399230957,0.0,-3.78680419921875,0.0005645751953125,-91.05616760253906
1750930039.16439,0.0,0.5,"[174.0, 185.0, 183.0, 156.0, 150.0, 155.0, 156.0, 180.0, 185.0, 174.0]",23.28420066833496,0.0,-3.343353271484375,0.0005645751953125,-91.1983642578125
1750930039.1799183,0.0,0.5,"[174.0, 185.0, 183.0, 156.0, 150.0, 155.0, 156.0, 180.0, 185.0, 174.0]",23.274328231811523,0.0,-2.90008544921875,0.0005645751953125,-91.34046936035156
1750930039.1956384,0.0,0.5,"[174.0, 185.0, 183.0, 156.0, 150.0, 155.0, 156.0, 180.0, 185.0, 174.0]",23.380525588989258,0.0,-2.454803466796875,0.0005626678466796875,-91.48323059082031
1750930039.2239013,0.0,0.5,"[174.0, 185.0, 183.0, 156.0, 150.0, 155.0, 156.0, 180.0, 185.0, 174.0]",23.436853408813477,0.0,-2.008453369140625,0.0005626678466796875,-91.62637329101562
1750930039.2399747,0.0,0.5,"[174.0, 185.0, 183.0, 156.0, 149.0, 155.0, 156.0, 180.0, 185.0, 174.0]",23.3983211517334,0.0,-1.562835693359375,0.0005645751953125,-91.76925659179688
1750930039.2558699,0.0,0.5,"[174.0, 185.0, 183.0, 156.0, 149.0, 154.0, 156.0, 180.0, 185.0, 174.0]",23.39543342590332,0.0,-1.117279052734375,0.0005645751953125,-91.912109375
1750930039.2841034,0.0,0.5,"[174.0, 185.0, 183.0, 156.0, 149.0, 154.0, 156.0, 180.0, 185.0, 174.0]",23.484996795654297,0.0,-0.670013427734375,0.0005645751953125,-92.05551147460938
1750930039.300695,0.0,0.5,"[174.0, 185.0, 183.0, 156.0, 149.0, 154.0, 156.0, 180.0, 185.0, 174.0]",23.544275283813477,0.0,-0.22161865234375,0.0005645751953125,-92.19931030273438
1750930039.3166382,0.0,0.5,"[174.0, 185.0, 183.0, 156.0, 149.0, 154.0, 156.0, 180.0, 185.0, 174.0]",23.509668350219727,0.0,0.22613525390625,0.0005645751953125,-92.34288024902344
1750930039.3326159,0.0,0.5,"[174.0, 185.0, 183.0, 156.0, 149.0, 154.0, 156.0, 180.0, 185.0, 174.0]",23.503986358642578,0.0,0.67376708984375,0.0005645751953125,-92.48638916015625
1750930039.3739536,0.0,0.5,"[174.0, 185.0, 183.0, 156.0, 148.0, 154.0, 156.0, 180.0, 185.0, 174.0]",23.60247230529785,0.0,1.123291015625,0.0005645751953125,-92.6304931640625
1750930039.3909605,0.0,0.5,"[174.0, 185.0, 183.0, 156.0, 148.0, 154.0, 156.0, 179.0, 185.0, 174.0]",23.65546989440918,0.0,1.57379150390625,0.0005645751953125,-92.77497863769531
1750930039.4075186,0.0,0.0,"[174.0, 185.0, 183.0, 156.0, 148.0, 154.0, 156.0, 179.0, 185.0, 174.0]",23.622379302978516,0.0,2.023681640625,0.0005645751953125,-92.91925048828125
1750930039.424172,0.0,0.0,"[174.0, 185.0, 183.0, 156.0, 148.0, 154.0, 156.0, 179.0, 185.0, 174.0]",23.62134552001953,0.0,2.473541259765625,0.0005645751953125,-93.0634765625
1750930039.441012,0.0,0.0,"[174.0, 185.0, 183.0, 156.0, 148.0, 154.0, 156.0, 179.0, 185.0, 174.0]",23.355743408203125,0.0,2.918365478515625,0.0005645751953125,-93.20608520507812
1750930039.4577625,0.0,0.0,"[174.0, 185.0, 181.0, 156.0, 148.0, 154.0, 158.0, 179.0, 185.0, 174.0]",23.09050750732422,0.0,3.358123779296875,0.0005645751953125,-93.34710693359375
1750930039.47402,0.0,0.0,"[174.0, 185.0, 181.0, 156.0, 147.0, 154.0, 159.0, 179.0, 185.0, 174.0]",22.82573699951172,0.0,3.792816162109375,0.0005645751953125,-93.48651123046875
1750930039.5162458,0.0,0.0,"[174.0, 185.0, 181.0, 156.0, 147.0, 154.0, 160.0, 179.0, 185.0, 174.0]",22.561359405517578,0.0,4.22247314453125,0.0005645751953125,-93.62432861328125
1750930039.5339205,0.0,0.0,"[174.0, 185.0, 181.0, 156.0, 147.0, 153.0, 160.0, 179.0, 185.0, 174.0]",22.29741668701172,0.0,4.647125244140625,0.0005645751953125,-93.76055908203125
1750930039.5506687,0.0,0.0,"[174.0, 185.0, 181.0, 155.0, 147.0, 153.0, 161.0, 179.0, 185.0, 174.0]",22.033924102783203,0.0,5.066741943359375,0.0005645751953125,-93.89515686035156
1750930039.5675476,0.0,0.0,"[174.0, 185.0, 181.0, 155.0, 147.0, 153.0, 162.0, 179.0, 185.0, 174.0]",21.77083396911621,0.0,5.4813232421875,0.0005645751953125,-94.02816772460938
1750930039.5845945,0.0,0.0,"[174.0, 185.0, 181.0, 155.0, 147.0, 153.0, 162.0, 179.0, 185.0, 174.0]",21.508136749267578,0.0,5.89093017578125,0.0005664825439453125,-94.15956115722656
1750930039.6010773,0.0,0.0,"[174.0, 185.0, 181.0, 155.0, 147.0, 153.0, 163.0, 179.0, 185.0, 174.0]",21.245908737182617,0.0,6.2955322265625,0.0005664825439453125,-94.28936767578125
1750930039.6178682,0.0,0.0,"[174.0, 185.0, 181.0, 154.0, 146.0, 153.0, 164.0, 179.0, 185.0, 174.0]",20.98408317565918,0.0,6.695159912109375,0.0005664825439453125,-94.41757202148438
1750930039.6348975,0.0,0.0,"[174.0, 185.0, 181.0, 154.0, 146.0, 153.0, 164.0, 179.0, 185.0, 174.0]",20.722728729248047,0.0,7.089813232421875,0.0005664825439453125,-94.54415893554688
1750930039.6786745,0.0,0.0,"[174.0, 185.0, 181.0, 154.0, 146.0, 153.0, 164.0, 179.0, 185.0, 174.0]",20.461660385131836,0.0,7.4794921875,0.0005664825439453125,-94.66917419433594
1750930039.6958344,0.0,0.0,"[174.0, 185.0, 181.0, 154.0, 146.0, 153.0, 166.0, 179.0, 185.0, 174.0]",20.201107025146484,0.0,7.86419677734375,0.0005664825439453125,-94.7926025390625
1750930039.6974173,0.0,0.0,"[174.0, 185.0, 181.0, 154.0, 146.0, 153.0, 166.0, 179.0, 185.0, 174.0]",19.940948486328125,0.0,8.24395751953125,0.0005664825439453125,-94.9144287109375
1750930039.7141697,0.0,0.0,"[174.0, 185.0, 181.0, 153.0, 146.0, 153.0, 170.0, 179.0, 185.0, 174.0]",19.68120002746582,0.0,8.618743896484375,0.000568389892578125,-95.03466796875
1750930039.7574863,0.0,0.0,"[174.0, 185.0, 181.0, 153.0, 145.0, 152.0, 170.0, 179.0, 185.0, 174.0]",19.4218692779541,0.0,8.988616943359375,0.000568389892578125,-95.1533203125
1750930039.7744167,0.0,0.0,"[174.0, 185.0, 181.0, 153.0, 145.0, 152.0, 170.0, 179.0, 185.0, 174.0]",19.163005828857422,0.0,9.35357666015625,0.000568389892578125,-95.2703857421875
1750930039.7760675,0.0,0.0,"[174.0, 185.0, 181.0, 153.0, 145.0, 152.0, 170.0, 179.0, 185.0, 174.0]",18.90447235107422,0.0,9.713592529296875,0.000568389892578125,-95.38589477539062
1750930039.806181,0.0,0.0,"[174.0, 185.0, 181.0, 152.0, 145.0, 152.0, 170.0, 181.0, 185.0, 174.0]",18.64638328552246,0.0,10.068695068359375,0.000568389892578125,-95.49981689453125
1750930039.8232446,-1.0,0.0,"[174.0, 185.0, 181.0, 152.0, 145.0, 152.0, 170.0, 183.0, 185.0, 174.0]",18.388761520385742,0.0,10.41888427734375,0.000568389892578125,-95.61215209960938
1750930039.8405085,-1.0,0.0,"[174.0, 185.0, 181.0, 152.0, 145.0, 152.0, 169.0, 181.0, 185.0, 174.0]",17.833086013793945,-0.5,10.763397216796875,0.000568389892578125,-95.7044677734375
1750930039.8568552,-1.0,0.0,"[174.0, 185.0, 184.0, 152.0, 146.0, 152.0, 169.0, 179.0, 185.0, 174.0]",17.323781967163086,-0.5,11.10272216796875,0.000568389892578125,-95.7745361328125
1750930039.8726065,-1.0,0.0,"[174.0, 185.0, 184.0, 153.0, 147.0, 152.0, 162.0, 176.0, 185.0, 174.0]",16.86613655090332,-0.5,11.43682861328125,0.000568389892578125,-95.82083129882812
1750930039.9105666,0.0,0.0,"[174.0, 185.0, 186.0, 155.0, 148.0, 151.0, 159.0, 173.0, 185.0, 174.0]",16.54176902770996,-0.5,11.766326904296875,0.000568389892578125,-95.85073852539062
1750930039.9256613,0.0,0.0,"[174.0, 185.0, 187.0, 155.0, 150.0, 151.0, 158.0, 171.0, 185.0, 174.0]",16.225730895996094,0.0,12.088043212890625,0.000568389892578125,-95.89324951171875
1750930039.9406705,0.0,0.0,"[174.0, 185.0, 187.0, 155.0, 150.0, 151.0, 158.0, 172.0, 185.0, 174.0]",15.940810203552246,0.0,12.40155029296875,0.000568389892578125,-95.95108032226562
1750930039.955746,0.0,0.0,"[174.0, 185.0, 186.0, 155.0, 150.0, 151.0, 158.0, 172.0, 185.0, 174.0]",15.686429023742676,0.0,12.7095947265625,0.0005702972412109375,-96.01065063476562
1750930039.9819155,0.0,0.0,"[174.0, 185.0, 186.0, 155.0, 150.0, 151.0, 158.0, 172.0, 185.0, 174.0]",15.43350887298584,0.0,13.012542724609375,0.0005702972412109375,-96.06979370117188
1750930039.9964502,0.0,0.0,"[174.0, 185.0, 186.0, 155.0, 149.0, 151.0, 159.0, 173.0, 185.0, 174.0]",15.180996894836426,0.0,13.310516357421875,0.000568389892578125,-96.12811279296875
1750930040.0230713,0.0,0.0,"[174.0, 185.0, 186.0, 155.0, 149.0, 151.0, 159.0, 173.0, 185.0, 174.0]",14.928853988647461,0.0,13.603515625,0.000568389892578125,-96.18548583984375
1750930040.038707,0.0,0.0,"[174.0, 185.0, 185.0, 154.0, 149.0, 151.0, 159.0, 173.0, 185.0, 174.0]",14.677123069763184,0.0,13.891571044921875,0.000568389892578125,-96.24191284179688
1750930040.0537379,0.0,0.0,"[174.0, 185.0, 184.0, 154.0, 149.0, 151.0, 159.0, 175.0, 185.0, 174.0]",14.425824165344238,0.0,14.174713134765625,0.000568389892578125,-96.29736328125
1750930040.0916843,0.0,0.0,"[174.0, 185.0, 184.0, 154.0, 149.0, 151.0, 160.0, 175.0, 185.0, 174.0]",14.174870491027832,0.0,14.45294189453125,0.000568389892578125,-96.35186767578125
1750930040.1068628,0.0,0.0,"[174.0, 185.0, 184.0, 154.0, 149.0, 150.0, 160.0, 175.0, 185.0, 174.0]",13.924347877502441,0.0,14.726226806640625,0.000568389892578125,-96.4053955078125
1750930040.1218395,0.0,0.0,"[174.0, 185.0, 184.0, 154.0, 149.0, 150.0, 162.0, 176.0, 185.0, 174.0]",13.674263954162598,0.0,14.994598388671875,0.000568389892578125,-96.45797729492188
1750930040.1365554,0.0,0.0,"[174.0, 185.0, 184.0, 154.0, 149.0, 150.0, 164.0, 176.0, 185.0, 174.0]",13.42453384399414,0.0,15.258087158203125,0.0005702972412109375,-96.50958251953125
1750930040.1516917,0.0,0.0,"[174.0, 185.0, 183.0, 154.0, 149.0, 150.0, 164.0, 176.0, 185.0, 174.0]",13.175230026245117,0.0,15.516693115234375,0.0005702972412109375,-96.56024169921875
1750930040.1900053,-1.0,0.0,"[174.0, 185.0, 183.0, 153.0, 149.0, 150.0, 166.0, 176.0, 185.0, 174.0]",12.926324844360352,0.0,15.7703857421875,0.0005702972412109375,-96.60993957519531
1750930040.2043831,-1.0,0.0,"[174.0, 185.0, 184.0, 154.0, 149.0, 150.0, 164.0, 176.0, 185.0, 174.0]",12.388854026794434,-0.5,16.01629638671875,0.0005702972412109375,-96.640380859375
1750930040.2192879,-1.0,0.0,"[174.0, 185.0, 184.0, 155.0, 149.0, 150.0, 158.0, 173.0, 185.0, 174.0]",11.92635440826416,-0.5,16.254638671875,0.000568389892578125,-96.64913940429688
1750930040.2342913,-1.0,0.0,"[174.0, 185.0, 186.0, 156.0, 150.0, 150.0, 155.0, 171.0, 185.0, 174.0]",11.628865242004395,-0.5,16.487213134765625,0.000568389892578125,-96.646240234375
1750930040.2733247,0.0,0.0,"[174.0, 185.0, 187.0, 157.0, 150.0, 149.0, 153.0, 169.0, 185.0, 174.0]",11.378498077392578,-0.5,16.714630126953125,0.000568389892578125,-96.637939453125
1750930040.2891774,0.0,0.0,"[174.0, 185.0, 187.0, 158.0, 150.0, 149.0, 152.0, 167.0, 185.0, 174.0]",11.043456077575684,0.0,16.935333251953125,0.000568389892578125,-96.64617919921875
1750930040.304275,0.0,0.0,"[174.0, 185.0, 187.0, 158.0, 150.0, 149.0, 153.0, 168.0, 185.0, 174.0]",10.773959159851074,0.0,17.149383544921875,0.000568389892578125,-96.67100524902344
1750930040.3193917,0.0,0.0,"[174.0, 185.0, 187.0, 158.0, 150.0, 149.0, 153.0, 169.0, 185.0, 174.0]",10.528496742248535,0.0,17.358795166015625,0.000568389892578125,-96.69320678710938
1750930040.3344226,0.0,0.5,"[174.0, 185.0, 187.0, 158.0, 150.0, 149.0, 153.0, 169.0, 185.0, 174.0]",10.28380298614502,0.0,17.56329345703125,0.000568389892578125,-96.71502685546875
1750930040.3723145,0.0,0.5,"[174.0, 185.0, 187.0, 158.0, 150.0, 149.0, 153.0, 169.0, 185.0, 174.0]",10.039504051208496,0.0,17.762939453125,0.000568389892578125,-96.73635864257812
1750930040.38774,0.0,0.5,"[174.0, 185.0, 187.0, 157.0, 150.0, 149.0, 153.0, 169.0, 185.0, 174.0]",10.443047523498535,0.0,17.97064208984375,0.000568389892578125,-96.75851440429688
1750930040.402621,0.0,0.5,"[174.0, 185.0, 187.0, 157.0, 150.0, 149.0, 153.0, 169.0, 185.0, 174.0]",10.198505401611328,0.0,18.1734619140625,0.000568389892578125,-96.78018188476562
1750930040.417904,0.0,0.5,"[174.0, 185.0, 187.0, 157.0, 150.0, 149.0, 153.0, 169.0, 185.0, 174.0]",10.372325897216797,0.0,18.379730224609375,0.000568389892578125,-96.80220031738281
1750930040.433546,0.0,0.5,"[174.0, 185.0, 187.0, 157.0, 150.0, 149.0, 153.0, 170.0, 185.0, 174.0]",10.070969581604004,0.0,18.58001708984375,0.000568389892578125,-96.82357788085938
1750930040.4710772,0.0,0.5,"[174.0, 185.0, 187.0, 156.0, 149.0, 149.0, 154.0, 170.0, 185.0, 174.0]",10.427935600280762,0.0,18.787384033203125,0.000568389892578125,-96.84571838378906
1750930040.4865365,-1.0,0.5,"[174.0, 185.0, 186.0, 156.0, 149.0, 148.0, 154.0, 170.0, 185.0, 174.0]",10.448582649230957,0.0,18.99517822265625,0.000568389892578125,-96.86788940429688
1750930040.5016186,-1.0,0.5,"[174.0, 185.0, 187.0, 158.0, 149.0, 148.0, 153.0, 169.0, 185.0, 174.0]",10.236530303955078,-0.5,19.199798583984375,0.000568389892578125,-96.87451171875
1750930040.5164661,-1.0,0.5,"[174.0, 185.0, 188.0, 159.0, 149.0, 148.0, 151.0, 167.0, 185.0, 174.0]",10.122169494628906,-0.5,19.402008056640625,0.000568389892578125,-96.86447143554688
1750930040.5438476,-1.0,0.5,"[174.0, 185.0, 189.0, 159.0, 149.0, 148.0, 149.0, 164.0, 185.0, 174.0]",10.111104965209961,-0.5,19.603118896484375,0.000568389892578125,-96.84349060058594
1750930040.558871,0.0,0.5,"[174.0, 185.0, 190.0, 161.0, 149.0, 148.0, 147.0, 162.0, 185.0, 174.0]",10.186655044555664,-0.5,19.80548095703125,0.000568389892578125,-96.8199462890625
1750930040.5740852,0.0,0.5,"[174.0, 185.0, 190.0, 164.0, 149.0, 147.0, 146.0, 161.0, 185.0, 174.0]",9.947551727294922,0.0,20.004364013671875,0.0005664825439453125,-96.81478881835938
1750930040.6126888,0.0,0.0,"[174.0, 185.0, 190.0, 164.0, 149.0, 147.0, 146.0, 161.0, 185.0, 174.0]",10.292238235473633,0.0,20.2100830078125,0.0005664825439453125,-96.82225036621094
1750930040.6276042,0.0,0.0,"[174.0, 185.0, 190.0, 164.0, 149.0, 147.0, 146.0, 161.0, 185.0, 174.0]",10.204935073852539,0.0,20.414093017578125,0.0005664825439453125,-96.82867431640625
1750930040.6429188,0.0,0.0,"[174.0, 185.0, 190.0, 164.0, 148.0, 147.0, 146.0, 161.0, 185.0, 174.0]",9.960776329040527,0.0,20.61322021484375,0.0005664825439453125,-96.834716796875
1750930040.6578968,0.0,0.0,"[174.0, 185.0, 190.0, 164.0, 148.0, 147.0, 146.0, 161.0, 185.0, 174.0]",9.71696662902832,0.0,20.807464599609375,0.0005664825439453125,-96.84071350097656
1750930040.6730924,0.0,0.0,"[174.0, 185.0, 190.0, 164.0, 148.0, 147.0, 146.0, 161.0, 185.0, 174.0]",9.473605155944824,0.0,20.996826171875,0.0005664825439453125,-96.84652709960938
1750930040.7113457,0.0,0.0,"[174.0, 185.0, 190.0, 164.0, 148.0, 147.0, 146.0, 161.0, 185.0, 174.0]",9.230621337890625,0.0,21.181365966796875,0.0005664825439453125,-96.85220336914062
1750930040.7262151,0.0,0.0,"[174.0, 185.0, 190.0, 164.0, 148.0, 147.0, 146.0, 161.0, 185.0, 174.0]",8.988033294677734,0.0,21.36102294921875,0.0005664825439453125,-96.85772705078125
1750930040.7409961,0.0,0.0,"[174.0, 185.0, 190.0, 163.0, 148.0, 147.0, 146.0, 161.0, 185.0, 174.0]",8.745796203613281,0.0,21.535858154296875,0.0005664825439453125,-96.86311340332031
1750930040.7561007,0.0,0.0,"[174.0, 185.0, 190.0, 163.0, 148.0, 147.0, 146.0, 161.0, 185.0, 174.0]",8.503948211669922,0.0,21.70587158203125,0.0005664825439453125,-96.86834716796875
1750930040.782471,0.0,0.5,"[174.0, 185.0, 190.0, 163.0, 148.0, 146.0, 147.0, 161.0, 185.0, 174.0]",8.262560844421387,0.0,21.87103271484375,0.0005664825439453125,-96.8734130859375
1750930040.7975583,0.0,0.5,"[174.0, 185.0, 190.0, 163.0, 148.0, 146.0, 147.0, 161.0, 185.0, 174.0]",8.021474838256836,0.0,22.031402587890625,0.0005664825439453125,-96.87835693359375
1750930040.8122015,0.0,0.5,"[174.0, 185.0, 190.0, 163.0, 148.0, 146.0, 148.0, 161.0, 185.0, 174.0]",8.452588081359863,0.0,22.20037841796875,0.0005664825439453125,-96.883544921875
1750930040.850036,0.0,0.5,"[174.0, 185.0, 190.0, 163.0, 148.0, 146.0, 148.0, 161.0, 185.0, 174.0]",8.211235046386719,0.0,22.364501953125,0.0005645751953125,-96.88859558105469
1750930040.865331,-1.0,0.5,"[174.0, 185.0, 190.0, 163.0, 147.0, 146.0, 148.0, 161.0, 185.0, 174.0]",8.521119117736816,0.0,22.53485107421875,0.0005645751953125,-96.89382934570312
1750930040.880551,-1.0,0.5,"[174.0, 185.0, 192.0, 163.0, 147.0, 146.0, 147.0, 160.0, 185.0, 174.0]",8.007908821105957,-0.5,22.69451904296875,0.0005664825439453125,-96.88128662109375
1750930040.8955927,-1.0,0.5,"[174.0, 185.0, 192.0, 163.0, 147.0, 146.0, 144.0, 158.0, 185.0, 174.0]",8.263669967651367,-0.5,22.857391357421875,0.0005664825439453125,-96.85317993164062
1750930040.9223752,-1.0,0.5,"[174.0, 185.0, 193.0, 163.0, 147.0, 145.0, 142.0, 156.0, 185.0, 174.0]",8.049437522888184,-0.5,23.016021728515625,0.0005664825439453125,-96.82574462890625
1750930040.9376318,-1.0,0.5,"[174.0, 185.0, 195.0, 163.0, 147.0, 145.0, 140.0, 153.0, 185.0, 174.0]",8.314180374145508,-0.5,23.17913818359375,0.0005664825439453125,-96.79348754882812
1750930040.953165,0.0,0.5,"[174.0, 185.0, 197.0, 165.0, 147.0, 145.0, 139.0, 151.0, 185.0, 174.0]",8.270200729370117,-0.5,23.341064453125,0.0005664825439453125,-96.75973510742188
1750930040.9922905,0.0,0.0,"[174.0, 185.0, 197.0, 166.0, 146.0, 144.0, 138.0, 151.0, 185.0, 174.0]",8.25514030456543,0.0,23.5057373046875,0.0005664825439453125,-96.74766540527344
1750930041.0077806,0.0,0.0,"[174.0, 185.0, 197.0, 166.0, 146.0, 144.0, 138.0, 151.0, 185.0, 174.0]",7.952699184417725,0.0,23.6646728515625,0.0005664825439453125,-96.74151611328125
1750930041.0234485,0.0,0.0,"[174.0, 185.0, 197.0, 166.0, 146.0, 144.0, 138.0, 151.0, 185.0, 174.0]",7.711873531341553,0.0,23.818695068359375,0.0005664825439453125,-96.73329162597656
1750930041.0387824,0.0,0.0,"[174.0, 185.0, 197.0, 166.0, 146.0, 144.0, 138.0, 151.0, 185.0, 174.0]",7.471635341644287,0.0,23.967926025390625,0.0005664825439453125,-96.72615051269531
1750930041.0546064,0.0,0.0,"[174.0, 185.0, 197.0, 166.0, 146.0, 144.0, 138.0, 150.0, 185.0, 174.0]",7.231842041015625,0.0,24.112396240234375,0.0005664825439453125,-96.718994140625
1750930041.0946667,0.0,0.0,"[174.0, 185.0, 197.0, 166.0, 146.0, 144.0, 138.0, 150.0, 185.0, 174.0]",6.992454528808594,0.0,24.2520751953125,0.0005664825439453125,-96.71211242675781
1750930041.1105473,0.0,0.0,"[174.0, 185.0, 197.0, 166.0, 146.0, 144.0, 138.0, 150.0, 185.0, 174.0]",6.753411769866943,0.0,24.386993408203125,0.0005664825439453125,-96.70547485351562
1750930041.1266332,0.0,0.0,"[174.0, 185.0, 197.0, 166.0, 146.0, 144.0, 138.0, 150.0, 185.0, 174.0]",6.514779567718506,0.0,24.517120361328125,0.0005664825439453125,-96.69906616210938
1750930041.1425545,0.0,0.5,"[174.0, 185.0, 197.0, 166.0, 146.0, 144.0, 138.0, 150.0, 185.0, 174.0]",6.276493072509766,0.0,24.642486572265625,0.000568389892578125,-96.69290161132812
1750930041.1583772,0.0,0.5,"[174.0, 185.0, 197.0, 164.0, 146.0, 143.0, 138.0, 150.0, 185.0, 174.0]",6.03865385055542,0.0,24.76312255859375,0.000568389892578125,-96.68695068359375
1750930041.174182,-1.0,0.5,"[174.0, 185.0, 197.0, 164.0, 146.0, 143.0, 139.0, 150.0, 185.0, 174.0]",6.382117748260498,0.0,24.890625,0.000568389892578125,-96.68067932128906
1750930041.215313,-1.0,0.5,"[174.0, 185.0, 197.0, 164.0, 145.0, 143.0, 137.0, 148.0, 185.0, 174.0]",5.890407562255859,-0.5,25.006103515625,0.000568389892578125,-96.65744018554688
1750930041.2319727,0.0,0.5,"[174.0, 185.0, 198.0, 164.0, 145.0, 143.0, 134.0, 147.0, 185.0, 174.0]",6.206425189971924,-0.5,25.12603759765625,0.000568389892578125,-96.62539672851562
1750930041.24819,0.0,0.5,"[174.0, 185.0, 198.0, 164.0, 145.0, 143.0, 134.0, 146.0, 185.0, 174.0]",5.844566345214844,0.0,25.24237060546875,0.000568389892578125,-96.61395263671875
1750930041.2642465,0.0,0.5,"[174.0, 185.0, 198.0, 164.0, 145.0, 142.0, 136.0, 146.0, 184.0, 174.0]",6.16321325302124,0.0,25.36541748046875,0.000568389892578125,-96.60700988769531
1750930041.2804024,0.0,0.5,"[174.0, 185.0, 198.0, 164.0, 145.0, 142.0, 136.0, 146.0, 184.0, 174.0]",6.003650665283203,0.0,25.48504638671875,0.000568389892578125,-96.59642028808594
1750930041.297413,0.0,0.5,"[174.0, 185.0, 200.0, 164.0, 145.0, 142.0, 136.0, 145.0, 183.0, 174.0]",6.142901420593262,0.0,25.607635498046875,0.000568389892578125,-96.588623046875
1750930041.3133037,0.0,0.5,"[174.0, 185.0, 201.0, 164.0, 145.0, 142.0, 136.0, 145.0, 183.0, 174.0]",6.3481316566467285,0.0,25.734161376953125,0.000568389892578125,-96.57786560058594
1750930041.354284,0.0,0.5,"[174.0, 185.0, 206.0, 164.0, 145.0, 142.0, 136.0, 145.0, 182.0, 174.0]",6.434109687805176,0.0,25.862579345703125,0.000568389892578125,-96.56991577148438
1750930041.37023,0.0,0.5,"[174.0, 185.0, 205.0, 164.0, 145.0, 142.0, 137.0, 145.0, 182.0, 174.0]",6.408803939819336,0.0,25.990203857421875,0.000568389892578125,-96.55795288085938
1750930041.3866198,0.0,0.5,"[174.0, 185.0, 209.0, 164.0, 144.0, 142.0, 136.0, 145.0, 182.0, 174.0]",6.514155387878418,0.0,26.120330810546875,0.0005664825439453125,-96.55166625976562
1750930041.402993,0.0,0.5,"[174.0, 185.0, 209.0, 163.0, 144.0, 142.0, 137.0, 145.0, 182.0, 174.0]",6.388138771057129,0.0,26.247528076171875,0.0005664825439453125,-96.53952026367188
1750930041.4196327,0.0,0.5,"[174.0, 185.0, 209.0, 163.0, 144.0, 142.0, 136.0, 144.0, 181.0, 174.0]",6.567769527435303,0.0,26.378753662109375,0.0005664825439453125,-96.53378295898438
1750930041.4355829,0.0,0.5,"[174.0, 185.0, 209.0, 163.0, 144.0, 142.0, 138.0, 145.0, 182.0, 174.0]",6.6028265953063965,0.0,26.510406494140625,0.0005664825439453125,-96.52340698242188
1750930041.4639769,0.0,0.5,"[174.0, 185.0, 209.0, 163.0, 144.0, 141.0, 136.0, 144.0, 179.0, 174.0]",6.586480140686035,0.0,26.641845703125,0.0005664825439453125,-96.5147705078125
1750930041.479979,0.0,0.5,"[174.0, 185.0, 209.0, 163.0, 144.0, 141.0, 138.0, 144.0, 181.0, 174.0]",6.609786033630371,0.0,26.773468017578125,0.0005664825439453125,-96.50245666503906
1750930041.496859,0.0,0.5,"[174.0, 185.0, 209.0, 163.0, 144.0, 141.0, 137.0, 143.0, 179.0, 174.0]",6.8210859298706055,0.0,26.90972900390625,0.0005664825439453125,-96.49604797363281
1750930041.5127525,0.0,0.5,"[174.0, 185.0, 209.0, 163.0, 144.0, 141.0, 138.0, 144.0, 179.0, 174.0]",6.684070587158203,0.0,27.04278564453125,0.0005664825439453125,-96.48321533203125
1750930041.5543365,-1.0,0.5,"[174.0, 185.0, 209.0, 163.0, 144.0, 141.0, 138.0, 143.0, 179.0, 174.0]",6.9562907218933105,0.0,27.181732177734375,0.0005664825439453125,-96.47579956054688
1750930041.5707982,-1.0,0.5,"[174.0, 185.0, 209.0, 163.0, 143.0, 140.0, 136.0, 141.0, 176.0, 174.0]",6.7637481689453125,-0.5,27.31243896484375,0.0005664825439453125,-96.44100952148438
1750930041.5870388,-1.0,0.5,"[174.0, 185.0, 209.0, 162.0, 143.0, 140.0, 133.0, 139.0, 173.0, 174.0]",6.4702653884887695,-0.5,27.437408447265625,0.000568389892578125,-96.40744018554688
1750930041.6031036,-1.0,0.5,"[174.0, 185.0, 207.0, 162.0, 143.0, 140.0, 132.0, 137.0, 170.0, 174.0]",6.922235012054443,-0.5,27.56982421875,0.0005664825439453125,-96.36700439453125
1750930041.6197004,-1.0,0.5,"[174.0, 185.0, 207.0, 162.0, 143.0, 139.0, 129.0, 134.0, 167.0, 174.0]",6.711864471435547,-0.5,27.699005126953125,0.0005664825439453125,-96.3304443359375
1750930041.6362355,0.0,0.5,"[174.0, 185.0, 207.0, 162.0, 142.0, 139.0, 126.0, 133.0, 164.0, 174.0]",7.0835089683532715,-0.5,27.833404541015625,0.0005664825439453125,-96.28564453125
1750930041.666277,0.0,0.5,"[174.0, 185.0, 207.0, 162.0, 142.0, 138.0, 126.0, 132.0, 163.0, 174.0]",6.726482391357422,0.0,27.966339111328125,0.0005664825439453125,-96.2650146484375
1750930041.683423,0.0,0.5,"[174.0, 185.0, 207.0, 162.0, 142.0, 138.0, 126.0, 132.0, 162.0, 174.0]",6.849044322967529,0.0,28.10198974609375,0.0005664825439453125,-96.24603271484375
1750930041.7009063,0.0,0.5,"[174.0, 185.0, 207.0, 161.0, 142.0, 138.0, 126.0, 131.0, 161.0, 174.0]",6.892185211181641,0.0,28.238311767578125,0.0005664825439453125,-96.22561645507812
1750930041.71784,0.0,0.5,"[174.0, 185.0, 207.0, 161.0, 142.0, 138.0, 128.0, 131.0, 161.0, 174.0]",7.08745813369751,0.0,28.37860107421875,0.0005645751953125,-96.20521545410156
1750930041.734962,0.0,0.5,"[174.0, 185.0, 207.0, 161.0, 142.0, 138.0, 126.0, 130.0, 160.0, 174.0]",6.879237174987793,0.0,28.514739990234375,0.0005645751953125,-96.18539428710938
1750930041.7775846,1.0,0.5,"[174.0, 185.0, 207.0, 161.0, 142.0, 137.0, 128.0, 130.0, 159.0, 174.0]",7.031296730041504,0.0,28.653839111328125,0.0005664825439453125,-96.16464233398438
1750930041.794263,1.0,0.5,"[174.0, 185.0, 207.0, 161.0, 142.0, 138.0, 130.0, 131.0, 161.0, 174.0]",6.9639573097229,0.5,28.7930908203125,0.0005664825439453125,-96.16482543945312
1750930041.7958975,1.0,0.5,"[174.0, 185.0, 207.0, 161.0, 142.0, 138.0, 130.0, 131.0, 161.0, 174.0]",6.921163558959961,0.5,28.931243896484375,0.0005664825439453125,-96.17376708984375
1750930041.8244712,1.0,0.5,"[174.0, 185.0, 206.0, 161.0, 142.0, 138.0, 136.0, 134.0, 165.0, 174.0]",6.927524566650391,0.5,29.06964111328125,0.0005664825439453125,-96.18016052246094
1750930041.840502,1.0,0.5,"[174.0, 185.0, 206.0, 161.0, 141.0, 138.0, 137.0, 136.0, 167.0, 174.0]",7.137269496917725,0.5,29.2117919921875,0.0005645751953125,-96.19308471679688
1750930041.855465,1.0,0.5,"[174.0, 185.0, 206.0, 161.0, 141.0, 139.0, 140.0, 140.0, 170.0, 174.0]",7.0775628089904785,0.5,29.35296630859375,0.0005645751953125,-96.20339965820312
1750930041.8836925,0.0,0.5,"[174.0, 185.0, 206.0, 161.0, 141.0, 139.0, 142.0, 142.0, 172.0, 174.0]",7.174230098724365,0.5,29.495452880859375,0.0005664825439453125,-96.22027587890625
1750930041.9003239,0.0,0.5,"[174.0, 185.0, 206.0, 161.0, 141.0, 139.0, 142.0, 143.0, 172.0, 174.0]",7.040555477142334,0.0,29.636077880859375,0.0005664825439453125,-96.212890625
1750930041.9164014,0.0,0.5,"[174.0, 185.0, 206.0, 161.0, 141.0, 138.0, 142.0, 143.0, 170.0, 174.0]",7.167322635650635,0.0,29.779144287109375,0.0005664825439453125,-96.203857421875
1750930041.9447207,0.0,0.5,"[174.0, 185.0, 206.0, 160.0, 141.0, 138.0, 143.0, 144.0, 170.0, 174.0]",7.18634557723999,0.0,29.922607421875,0.0005645751953125,-96.19511413574219
1750930041.96065,0.0,0.5,"[174.0, 185.0, 205.0, 160.0, 141.0, 138.0, 143.0, 144.0, 170.0, 174.0]",7.424820423126221,0.0,30.070831298828125,0.0005645751953125,-96.186279296875
1750930041.9766507,1.0,0.5,"[174.0, 185.0, 204.0, 160.0, 141.0, 138.0, 143.0, 145.0, 170.0, 174.0]",7.445879936218262,0.0,30.219482421875,0.0005645751953125,-96.17727661132812
1750930041.9927056,1.0,0.5,"[174.0, 185.0, 204.0, 160.0, 141.0, 138.0, 145.0, 147.0, 172.0, 174.0]",7.001572608947754,0.5,30.359161376953125,0.0005645751953125,-96.18693542480469
1750930042.0331953,0.0,0.5,"[174.0, 185.0, 204.0, 160.0, 141.0, 138.0, 146.0, 150.0, 176.0, 174.0]",7.201201915740967,0.5,30.50146484375,0.0005645751953125,-96.20928955078125
1750930042.049465,0.0,0.5,"[174.0, 185.0, 204.0, 160.0, 140.0, 138.0, 146.0, 151.0, 176.0, 174.0]",6.862254619598389,0.0,30.638671875,0.0005645751953125,-96.21255493164062
1750930042.0655298,0.0,0.5,"[174.0, 185.0, 204.0, 160.0, 140.0, 138.0, 146.0, 151.0, 176.0, 174.0]",7.095790863037109,0.0,30.780242919921875,0.0005664825439453125,-96.20295715332031
1750930042.0813339,0.0,0.5,"[174.0, 185.0, 204.0, 160.0, 140.0, 138.0, 146.0, 153.0, 178.0, 174.0]",7.09816837310791,0.0,30.922210693359375,0.0005664825439453125,-96.2015380859375
1750930042.0974941,0.0,0.5,"[174.0, 185.0, 204.0, 159.0, 140.0, 137.0, 146.0, 151.0, 177.0, 174.0]",7.223566055297852,0.0,31.066558837890625,0.0005664825439453125,-96.1954345703125
1750930042.113616,0.0,0.5,"[174.0, 185.0, 203.0, 159.0, 140.0, 137.0, 146.0, 153.0, 179.0, 174.0]",7.2442522048950195,0.0,31.211395263671875,0.0005664825439453125,-96.19189453125
1750930042.1540065,0.0,0.5,"[174.0, 185.0, 203.0, 159.0, 140.0, 137.0, 145.0, 153.0, 179.0, 174.0]",7.260070323944092,0.0,31.35650634765625,0.000568389892578125,-96.18716430664062
1750930042.1698132,1.0,0.5,"[174.0, 185.0, 203.0, 159.0, 139.0, 137.0, 145.0, 154.0, 180.0, 174.0]",7.492234706878662,0.0,31.50628662109375,0.000568389892578125,-96.18252563476562
1750930042.1844869,1.0,0.5,"[174.0, 185.0, 203.0, 159.0, 139.0, 137.0, 146.0, 156.0, 183.0, 174.0]",7.1824846267700195,0.5,31.649017333984375,0.000568389892578125,-96.19891357421875
1750930042.1993866,1.0,0.5,"[174.0, 185.0, 203.0, 159.0, 139.0, 137.0, 146.0, 159.0, 185.0, 174.0]",7.250781536102295,0.5,31.791778564453125,0.000568389892578125,-96.22431945800781
1750930042.213914,1.0,0.5,"[174.0, 185.0, 203.0, 159.0, 139.0, 137.0, 147.0, 162.0, 185.0, 174.0]",7.208735466003418,0.5,31.933837890625,0.000568389892578125,-96.2489013671875
1750930042.2535915,0.0,0.5,"[174.0, 185.0, 203.0, 159.0, 139.0, 137.0, 147.0, 165.0, 185.0, 174.0]",7.229498386383057,0.5,32.075836181640625,0.000568389892578125,-96.27616882324219
1750930042.2693,0.0,0.5,"[174.0, 185.0, 201.0, 159.0, 139.0, 137.0, 147.0, 166.0, 185.0, 174.0]",7.221169471740723,0.0,32.2191162109375,0.000568389892578125,-96.29421997070312
1750930042.2846472,0.0,0.5,"[174.0, 185.0, 201.0, 158.0, 139.0, 136.0, 147.0, 167.0, 185.0, 174.0]",7.363880157470703,0.0,32.366302490234375,0.000568389892578125,-96.2894287109375
1750930042.3004158,0.0,0.5,"[174.0, 185.0, 201.0, 158.0, 139.0, 136.0, 147.0, 167.0, 185.0, 174.0]",7.2242889404296875,0.0,32.5103759765625,0.0005664825439453125,-96.30043029785156
1750930042.3171184,0.0,0.5,"[174.0, 185.0, 201.0, 158.0, 138.0, 136.0, 146.0, 167.0, 185.0, 174.0]",7.416929721832275,0.0,32.658721923828125,0.000568389892578125,-96.30044555664062
1750930042.3331358,0.0,0.5,"[174.0, 185.0, 201.0, 158.0, 138.0, 136.0, 146.0, 167.0, 185.0, 174.0]",7.435269355773926,0.0,32.807159423828125,0.000568389892578125,-96.30911254882812
1750930042.3728006,0.0,0.5,"[174.0, 185.0, 201.0, 158.0, 138.0, 136.0, 146.0, 167.0, 185.0, 174.0]",7.534440040588379,0.0,32.957855224609375,0.000568389892578125,-96.31071472167969
1750930042.3893561,0.0,0.5,"[174.0, 185.0, 201.0, 156.0, 138.0, 135.0, 146.0, 167.0, 185.0, 174.0]",7.45879602432251,0.0,33.106842041015625,0.000568389892578125,-96.31787109375
1750930042.4049487,1.0,0.5,"[174.0, 185.0, 200.0, 156.0, 137.0, 135.0, 146.0, 169.0, 185.0, 174.0]",7.620090007781982,0.0,33.259246826171875,0.000568389892578125,-96.32032775878906
1750930042.4214349,1.0,0.5,"[174.0, 185.0, 200.0, 156.0, 137.0, 135.0, 146.0, 170.0, 185.0, 174.0]",7.450322151184082,0.5,33.40576171875,0.000568389892578125,-96.34738159179688
1750930042.4373426,1.0,0.5,"[174.0, 185.0, 200.0, 156.0, 137.0, 135.0, 146.0, 173.0, 185.0, 174.0]",7.357387065887451,0.5,33.54925537109375,0.000568389892578125,-96.38002014160156
1750930042.4534428,1.0,0.5,"[174.0, 185.0, 200.0, 156.0, 137.0, 135.0, 146.0, 175.0, 185.0, 174.0]",7.578218936920166,0.5,33.696075439453125,0.000568389892578125,-96.41757202148438
1750930042.4940374,0.0,0.5,"[174.0, 185.0, 200.0, 156.0, 137.0, 135.0, 147.0, 176.0, 185.0, 174.0]",7.424899101257324,0.5,33.840606689453125,0.000568389892578125,-96.45176696777344
1750930042.5095737,0.0,0.5,"[174.0, 185.0, 200.0, 156.0, 137.0, 135.0, 147.0, 176.0, 185.0, 174.0]",7.449157238006592,0.0,33.986175537109375,0.0005664825439453125,-96.48336791992188
1750930042.525196,0.0,0.5,"[174.0, 185.0, 198.0, 156.0, 137.0, 134.0, 146.0, 176.0, 185.0, 174.0]",7.471283435821533,0.0,34.135589599609375,0.0005664825439453125,-96.48687744140625
1750930042.541475,0.0,0.5,"[174.0, 185.0, 198.0, 155.0, 137.0, 134.0, 146.0, 175.0, 185.0, 174.0]",7.511922359466553,0.0,34.28424072265625,0.0005664825439453125,-96.50860595703125
1750930042.557892,0.0,0.5,"[174.0, 185.0, 198.0, 155.0, 136.0, 134.0, 146.0, 175.0, 185.0, 174.0]",7.57867956161499,0.0,34.435546875,0.0005664825439453125,-96.51730346679688
1750930042.574483,0.0,0.5,"[174.0, 185.0, 198.0, 155.0, 136.0, 133.0, 146.0, 175.0, 185.0, 174.0]",7.633535385131836,0.0,34.587066650390625,0.0005664825439453125,-96.53622436523438
1750930042.6177208,1.0,0.5,"[174.0, 185.0, 198.0, 155.0, 136.0, 133.0, 146.0, 175.0, 185.0, 174.0]",7.601689338684082,0.0,34.73870849609375,0.0005645751953125,-96.54692077636719
1750930042.6351492,1.0,0.5,"[174.0, 185.0, 197.0, 155.0, 136.0, 133.0, 145.0, 176.0, 185.0, 174.0]",7.511468410491943,0.5,34.88275146484375,0.0005645751953125,-96.58963012695312
1750930042.6369047,1.0,0.5,"[174.0, 185.0, 197.0, 155.0, 136.0, 133.0, 145.0, 176.0, 185.0, 174.0]",7.38602876663208,0.5,35.025146484375,0.0005664825439453125,-96.62893676757812
1750930042.6539345,1.0,0.5,"[174.0, 185.0, 197.0, 154.0, 136.0, 133.0, 145.0, 177.0, 185.0, 174.0]",7.525115013122559,0.5,35.1680908203125,0.0005664825439453125,-96.676025390625
1750930042.6963003,0.0,0.0,"[174.0, 185.0, 197.0, 154.0, 136.0, 133.0, 145.0, 178.0, 185.0, 174.0]",7.659983158111572,0.5,35.31402587890625,0.0005664825439453125,-96.72262573242188
1750930042.7131088,0.0,0.0,"[174.0, 185.0, 197.0, 154.0, 135.0, 133.0, 145.0, 178.0, 185.0, 174.0]",7.428340435028076,0.0,35.4576416015625,0.0005664825439453125,-96.7606201171875
1750930042.7291667,0.0,0.0,"[174.0, 185.0, 197.0, 154.0, 135.0, 131.0, 145.0, 177.0, 185.0, 174.0]",7.170153617858887,0.0,35.60040283203125,0.0005664825439453125,-96.774169921875
1750930042.745176,0.0,0.0,"[174.0, 185.0, 197.0, 154.0, 135.0, 131.0, 144.0, 176.0, 185.0, 174.0]",6.923216342926025,0.0,35.735931396484375,0.0005664825439453125,-96.802490234375
1750930042.761328,0.0,0.0,"[174.0, 185.0, 195.0, 153.0, 135.0, 131.0, 144.0, 176.0, 185.0, 174.0]",6.68114709854126,0.0,35.868438720703125,0.0005664825439453125,-96.81973266601562
1750930042.7780757,0.0,0.0,"[174.0, 185.0, 195.0, 153.0, 134.0, 131.0, 144.0, 176.0, 185.0, 174.0]",6.441423416137695,0.0,35.9951171875,0.0005664825439453125,-96.84326171875
1750930042.79423,0.0,0.0,"[174.0, 185.0, 195.0, 153.0, 134.0, 130.0, 144.0, 176.0, 185.0, 174.0]",6.20286226272583,0.0,36.117889404296875,0.0005664825439453125,-96.86093139648438
1750930042.8364046,1.0,0.0,"[174.0, 185.0, 195.0, 153.0, 134.0, 130.0, 143.0, 176.0, 185.0, 174.0]",5.964982986450195,0.0,36.235382080078125,0.0005664825439453125,-96.88177490234375
1750930042.853867,1.0,0.0,"[174.0, 185.0, 195.0, 153.0, 134.0, 130.0, 143.0, 176.0, 185.0, 174.0]",5.508896827697754,0.5,36.338714599609375,0.0005664825439453125,-96.919921875
1750930042.8555973,1.0,0.0,"[174.0, 185.0, 195.0, 153.0, 134.0, 130.0, 143.0, 176.0, 185.0, 174.0]",5.3181257247924805,0.5,36.43902587890625,0.0005664825439453125,-96.95535278320312
1750930042.8865867,1.0,0.0,"[174.0, 185.0, 194.0, 152.0, 134.0, 130.0, 143.0, 176.0, 185.0, 174.0]",5.016566753387451,0.5,36.53240966796875,0.000568389892578125,-96.99200439453125
1750930042.9037418,0.0,0.0,"[174.0, 185.0, 193.0, 152.0, 134.0, 130.0, 143.0, 176.0, 185.0, 174.0]",4.822819709777832,0.5,36.6221923828125,0.0002803802490234375,-97.02728271484375
1750930042.9200315,0.0,0.0,"[174.0, 185.0, 193.0, 152.0, 133.0, 130.0, 143.0, 176.0, 185.0, 174.0]",4.522880554199219,0.0,36.710418701171875,2.86102294921875e-05,-97.04719543457031
1750930042.936915,0.0,0.5,"[174.0, 185.0, 193.0, 152.0, 133.0, 129.0, 143.0, 176.0, 185.0, 174.0]",4.2855658531188965,0.0,36.7943115234375,-0.0001850128173828125,-97.06484985351562
1750930042.9537134,0.0,0.5,"[174.0, 185.0, 193.0, 152.0, 133.0, 129.0, 143.0, 176.0, 185.0, 174.0]",4.265221118927002,0.0,36.877777099609375,-0.000362396240234375,-97.08235168457031
1750930042.9969556,0.0,0.5,"[174.0, 185.0, 193.0, 152.0, 133.0, 129.0, 143.0, 176.0, 185.0, 174.0]",4.288551330566406,0.0,36.96173095703125,-0.0005054473876953125,-97.09994506835938
1750930043.0137331,0.0,0.5,"[174.0, 185.0, 193.0, 152.0, 133.0, 129.0, 141.0, 176.0, 185.0, 174.0]",4.38909912109375,0.0,37.047637939453125,-0.0006160736083984375,-97.11795043945312
1750930043.0163445,1.0,0.5,"[174.0, 185.0, 193.0, 152.0, 133.0, 129.0, 141.0, 176.0, 185.0, 174.0]",4.400635719299316,0.0,37.1337890625,-0.000698089599609375,-97.13600158691406
1750930043.0477855,1.0,0.5,"[174.0, 185.0, 192.0, 151.0, 131.0, 129.0, 141.0, 176.0, 185.0, 174.0]",4.327873706817627,0.5,37.214691162109375,-0.0007534027099609375,-97.16677856445312
1750930043.0657747,1.0,0.5,"[174.0, 185.0, 192.0, 151.0, 131.0, 128.0, 141.0, 176.0, 185.0, 174.0]",4.318077564239502,0.5,37.294525146484375,-0.0007839202880859375,-97.19970703125
1750930043.084149,1.0,0.5,"[174.0, 185.0, 192.0, 151.0, 131.0, 128.0, 141.0, 176.0, 185.0, 174.0]",4.425184726715088,0.5,37.376007080078125,-0.0007953643798828125,-97.2342529296875
1750930043.1019347,0.0,0.5,"[174.0, 185.0, 192.0, 151.0, 131.0, 128.0, 141.0, 176.0, 185.0, 174.0]",4.437939643859863,0.5,37.457427978515625,-0.000789642333984375,-97.26960754394531
1750930043.1199176,0.0,0.5,"[174.0, 185.0, 192.0, 151.0, 131.0, 128.0, 140.0, 176.0, 185.0, 174.0]",4.482579708099365,0.0,37.544097900390625,-0.00077056884765625,-97.29257202148438
1750930043.1370502,0.0,0.5,"[174.0, 185.0, 192.0, 151.0, 131.0, 128.0, 140.0, 175.0, 185.0, 174.0]",4.511213302612305,0.0,37.63165283203125,-0.00074005126953125,-97.31428527832031
1750930043.1540134,0.0,0.5,"[174.0, 185.0, 192.0, 151.0, 130.0, 128.0, 140.0, 175.0, 185.0, 174.0]",4.595425128936768,0.0,37.72088623046875,-0.0006999969482421875,-97.33633422851562
1750930043.1982203,0.0,0.5,"[174.0, 185.0, 192.0, 149.0, 130.0, 127.0, 140.0, 175.0, 185.0, 174.0]",4.60511589050293,0.0,37.810302734375,-0.0006561279296875,-97.3583984375
1750930043.2154,0.0,0.5,"[174.0, 185.0, 190.0, 149.0, 130.0, 127.0, 139.0, 175.0, 185.0, 174.0]",4.716512680053711,0.0,37.901885986328125,-0.000606536865234375,-97.38102722167969
1750930043.2171378,1.0,0.5,"[174.0, 185.0, 190.0, 149.0, 130.0, 127.0, 139.0, 175.0, 185.0, 174.0]",4.725959777832031,0.0,37.99365234375,-0.0005550384521484375,-97.4036865234375
1750930043.2343295,1.0,0.5,"[174.0, 185.0, 190.0, 149.0, 130.0, 127.0, 139.0, 173.0, 185.0, 174.0]",4.639690399169922,0.5,38.07928466796875,-0.0005016326904296875,-97.43939208984375
1750930043.2793982,0.0,0.5,"[174.0, 185.0, 190.0, 149.0, 130.0, 127.0, 139.0, 173.0, 185.0, 174.0]",4.640038967132568,0.5,38.163787841796875,-0.00045013427734375,-97.47779846191406
1750930043.2972243,0.0,0.5,"[174.0, 185.0, 190.0, 149.0, 129.0, 126.0, 139.0, 173.0, 185.0, 174.0]",4.681952476501465,0.0,38.2537841796875,-0.000400543212890625,-97.50360107421875
1750930043.2988756,0.0,0.5,"[174.0, 185.0, 190.0, 149.0, 129.0, 126.0, 139.0, 173.0, 185.0, 174.0]",4.682061195373535,0.0,38.34423828125,-0.0003528594970703125,-97.52784729003906
1750930043.3162975,0.0,0.5,"[174.0, 185.0, 189.0, 148.0, 129.0, 126.0, 138.0, 172.0, 185.0, 174.0]",4.798787593841553,0.0,38.43695068359375,-0.0003108978271484375,-97.5526123046875
1750930043.3467278,0.0,0.5,"[174.0, 185.0, 189.0, 148.0, 129.0, 126.0, 138.0, 172.0, 185.0, 174.0]",4.799977779388428,0.0,38.52972412109375,-0.000270843505859375,-97.57736206054688
1750930043.3641338,0.0,0.5,"[174.0, 185.0, 189.0, 148.0, 128.0, 125.0, 138.0, 172.0, 185.0, 174.0]",4.915399551391602,0.0,38.62469482421875,-0.00023651123046875,-97.60272216796875
1750930043.3817785,0.0,0.5,"[174.0, 185.0, 189.0, 147.0, 128.0, 125.0, 137.0, 172.0, 185.0, 174.0]",4.918698310852051,0.0,38.719757080078125,-0.00020599365234375,-97.62809753417969
1750930043.3989277,0.0,0.5,"[174.0, 185.0, 189.0, 147.0, 128.0, 125.0, 137.0, 170.0, 185.0, 174.0]",5.031238079071045,0.0,38.81695556640625,-0.000179290771484375,-97.654052734375
1750930043.41666,0.0,0.5,"[174.0, 185.0, 187.0, 147.0, 128.0, 124.0, 137.0, 170.0, 185.0, 174.0]",4.811920166015625,0.0,38.909942626953125,0.0001850128173828125,-97.67886352539062
1750930043.4341757,1.0,0.5,"[174.0, 185.0, 187.0, 147.0, 127.0, 124.0, 136.0, 170.0, 185.0, 174.0]",5.088864803314209,0.0,39.008270263671875,0.0001583099365234375,-97.70512390136719
1750930043.4794462,1.0,0.5,"[174.0, 185.0, 187.0, 147.0, 127.0, 124.0, 136.0, 170.0, 185.0, 174.0]",5.174256324768066,0.5,39.101043701171875,0.000461578369140625,-97.75100708007812
1750930043.496991,0.0,0.5,"[174.0, 185.0, 187.0, 147.0, 127.0, 124.0, 136.0, 170.0, 185.0, 174.0]",5.03250789642334,0.5,39.192352294921875,0.000713348388671875,-97.7933349609375
1750930043.4987726,0.0,0.5,"[174.0, 185.0, 187.0, 147.0, 127.0, 124.0, 136.0, 170.0, 185.0, 174.0]",5.055909633636475,0.0,39.28900146484375,0.0005970001220703125,-97.82305908203125
1750930043.5160887,0.0,0.5,"[174.0, 185.0, 186.0, 146.0, 126.0, 123.0, 134.0, 169.0, 185.0, 174.0]",5.346743583679199,0.0,39.392303466796875,0.0007991790771484375,-97.85072326660156
1750930043.5475817,0.0,0.5,"[174.0, 185.0, 186.0, 146.0, 126.0, 123.0, 134.0, 169.0, 185.0, 174.0]",5.061486721038818,0.0,39.489044189453125,0.000957489013671875,-97.88055419921875
1750930043.5656986,0.0,0.5,"[174.0, 185.0, 186.0, 145.0, 126.0, 123.0, 134.0, 167.0, 185.0, 174.0]",5.174476623535156,0.0,39.589019775390625,0.00107574462890625,-97.90730285644531
1750930043.5829625,0.0,0.5,"[174.0, 185.0, 186.0, 145.0, 125.0, 122.0, 133.0, 167.0, 185.0, 174.0]",5.373134136199951,0.0,39.691680908203125,0.00115966796875,-97.93899536132812
1750930043.6005683,0.0,0.5,"[174.0, 185.0, 184.0, 145.0, 125.0, 122.0, 133.0, 167.0, 185.0, 174.0]",5.445225715637207,0.0,39.796875,0.0012111663818359375,-97.96719360351562
1750930043.618046,0.0,0.5,"[174.0, 185.0, 184.0, 145.0, 125.0, 121.0, 133.0, 166.0, 185.0, 174.0]",5.428476333618164,0.0,39.900604248046875,0.0012359619140625,-97.99928283691406
1750930043.6358743,1.0,0.0,"[174.0, 185.0, 184.0, 144.0, 124.0, 121.0, 132.0, 165.0, 185.0, 174.0]",5.613080024719238,0.0,40.008880615234375,0.0012359619140625,-98.02891540527344
1750930043.6665719,1.0,0.0,"[174.0, 185.0, 184.0, 144.0, 124.0, 121.0, 132.0, 165.0, 185.0, 174.0]",5.2340545654296875,0.5,40.10943603515625,0.0012187957763671875,-98.05804443359375
1750930043.6841438,1.0,0.0,"[174.0, 185.0, 183.0, 144.0, 124.0, 121.0, 132.0, 164.0, 185.0, 174.0]",5.041194915771484,0.5,40.190093994140625,0.001186370849609375,-98.1185302734375
1750930043.7011974,1.0,0.0,"[174.0, 185.0, 183.0, 144.0, 124.0, 121.0, 132.0, 164.0, 185.0, 174.0]",4.726946830749512,0.5,40.273651123046875,0.000858306884765625,-98.16275024414062
1750930043.719071,1.0,0.0,"[174.0, 185.0, 183.0, 144.0, 124.0, 120.0, 131.0, 164.0, 185.0, 174.0]",4.487004280090332,0.5,40.353057861328125,0.000560760498046875,-98.20452880859375
1750930043.7360628,1.0,0.0,"[174.0, 185.0, 183.0, 143.0, 123.0, 120.0, 131.0, 164.0, 185.0, 174.0]",4.247260570526123,0.5,40.42791748046875,0.0002956390380859375,-98.24472045898438
1750930043.7679071,1.0,0.0,"[174.0, 185.0, 183.0, 143.0, 123.0, 120.0, 131.0, 163.0, 185.0, 174.0]",4.007997989654541,0.5,40.498199462890625,6.4849853515625e-05,-98.28323364257812
1750930043.7850988,1.0,0.0,"[174.0, 185.0, 183.0, 143.0, 123.0, 120.0, 131.0, 162.0, 185.0, 174.0]",3.769183397293091,0.5,40.56402587890625,-0.000133514404296875,-98.31997680664062
1750930043.8025742,1.0,0.0,"[174.0, 185.0, 183.0, 143.0, 123.0, 120.0, 131.0, 162.0, 185.0, 174.0]",3.530954122543335,0.5,40.62542724609375,-0.0002994537353515625,-98.3548583984375
1750930043.820346,1.0,0.0,"[174.0, 185.0, 183.0, 141.0, 123.0, 120.0, 130.0, 162.0, 185.0, 174.0]",3.293168306350708,0.5,40.682464599609375,-0.00043487548828125,-98.3878173828125
1750930043.8378792,1.0,0.0,"[174.0, 185.0, 183.0, 139.0, 123.0, 120.0, 130.0, 162.0, 185.0, 174.0]",3.0560247898101807,0.5,40.73516845703125,-0.0005397796630859375,-98.41873168945312
1750930043.856007,1.0,0.0,"[174.0, 185.0, 183.0, 137.0, 123.0, 120.0, 130.0, 162.0, 185.0, 174.0]",2.8194899559020996,0.5,40.783660888671875,-0.0006198883056640625,-98.44754028320312
1750930043.889143,1.0,0.0,"[174.0, 185.0, 183.0, 137.0, 123.0, 120.0, 130.0, 161.0, 185.0, 174.0]",2.583488702774048,0.5,40.827911376953125,-0.0006732940673828125,-98.47421264648438
1750930043.9074886,1.0,0.5,"[174.0, 185.0, 183.0, 137.0, 123.0, 120.0, 130.0, 161.0, 185.0, 174.0]",2.3482446670532227,0.5,40.868011474609375,-0.0007076263427734375,-98.49862670898438
1750930043.9254994,1.0,0.5,"[174.0, 185.0, 183.0, 137.0, 123.0, 119.0, 130.0, 161.0, 185.0, 174.0]",2.316789150238037,0.5,40.907501220703125,-0.0007228851318359375,-98.52291870117188
1750930043.9433494,1.0,0.5,"[174.0, 185.0, 183.0, 137.0, 123.0, 119.0, 130.0, 161.0, 185.0, 174.0]",2.4201974868774414,0.5,40.948577880859375,-0.0007228851318359375,-98.54852294921875
1750930043.96158,1.0,0.5,"[174.0, 185.0, 183.0, 137.0, 123.0, 119.0, 130.0, 161.0, 185.0, 174.0]",2.4562809467315674,0.5,40.990081787109375,-0.00070953369140625,-98.57476806640625
1750930043.9803379,1.0,0.5,"[174.0, 185.0, 183.0, 137.0, 123.0, 119.0, 130.0, 161.0, 185.0, 174.0]",2.5345847606658936,0.5,41.032867431640625,-0.0006847381591796875,-98.60200500488281
1750930043.998838,1.0,0.5,"[174.0, 185.0, 183.0, 136.0, 123.0, 119.0, 130.0, 161.0, 185.0, 174.0]",2.5656118392944336,0.5,41.076080322265625,-0.000652313232421875,-98.62966918945312
1750930044.017663,1.0,0.5,"[174.0, 185.0, 183.0, 136.0, 122.0, 119.0, 129.0, 160.0, 185.0, 174.0]",2.6197218894958496,0.5,41.12005615234375,-0.0006122589111328125,-98.65812683105469
1750930044.0355268,1.0,0.5,"[174.0, 185.0, 183.0, 136.0, 122.0, 119.0, 129.0, 160.0, 185.0, 174.0]",2.682575225830078,0.5,41.164886474609375,-0.000568389892578125,-98.68759155273438
1750930044.0838826,1.0,0.5,"[174.0, 185.0, 183.0, 136.0, 122.0, 119.0, 129.0, 159.0, 185.0, 174.0]",2.75638484954834,0.5,41.210845947265625,-0.000522613525390625,-98.71804809570312
1750930044.1026177,1.0,0.5,"[174.0, 185.0, 183.0, 136.0, 122.0, 119.0, 129.0, 159.0, 185.0, 174.0]",2.7914440631866455,0.5,41.257110595703125,-0.000476837158203125,-98.74929809570312
1750930044.1043005,1.0,0.5,"[174.0, 185.0, 183.0, 136.0, 122.0, 119.0, 129.0, 159.0, 185.0, 174.0]",2.847551107406616,0.5,41.30419921875,-0.0004291534423828125,-98.78131103515625
1750930044.1230876,1.0,0.5,"[174.0, 185.0, 183.0, 136.0, 122.0, 118.0, 129.0, 159.0, 185.0, 174.0]",2.9376792907714844,0.5,41.352569580078125,-0.000385284423828125,-98.814697265625
1750930044.1419108,1.0,0.5,"[174.0, 185.0, 183.0, 136.0, 122.0, 118.0, 129.0, 159.0, 185.0, 174.0]",2.9553613662719727,0.5,41.401031494140625,-0.0003414154052734375,-98.84854125976562
1750930044.16155,1.0,0.5,"[174.0, 185.0, 183.0, 136.0, 122.0, 118.0, 129.0, 159.0, 185.0, 174.0]",3.052618980407715,0.5,41.450836181640625,-0.0003032684326171875,-98.88381958007812
1750930044.1804378,1.0,0.5,"[174.0, 185.0, 183.0, 134.0, 122.0, 118.0, 128.0, 159.0, 185.0, 174.0]",3.095543384552002,0.5,41.501190185546875,-0.00026702880859375,-98.91986083984375
1750930044.1987808,1.0,0.5,"[174.0, 185.0, 183.0, 134.0, 122.0, 118.0, 128.0, 158.0, 185.0, 174.0]",3.0993449687957764,0.5,41.551300048828125,-0.00023651123046875,-98.95635986328125
1750930044.2175972,1.0,0.5,"[174.0, 185.0, 183.0, 134.0, 121.0, 118.0, 128.0, 158.0, 185.0, 174.0]",3.1901121139526367,0.5,41.602569580078125,-0.00020599365234375,-98.99430847167969
1750930044.2361748,1.0,0.5,"[174.0, 185.0, 183.0, 134.0, 121.0, 117.0, 128.0, 158.0, 185.0, 174.0]",3.2247486114501953,0.5,41.654144287109375,-0.00018310546875,-99.03305053710938
1750930044.269457,1.0,0.0,"[174.0, 185.0, 183.0, 134.0, 121.0, 117.0, 128.0, 158.0, 185.0, 174.0]",3.2913625240325928,0.5,41.70660400390625,-0.00016021728515625,-99.07281494140625
1750930044.2881105,1.0,0.0,"[174.0, 185.0, 183.0, 134.0, 121.0, 117.0, 128.0, 158.0, 185.0, 174.0]",3.152161121368408,0.5,41.756561279296875,-0.0001430511474609375,-99.11126708984375
1750930044.3067973,1.0,0.0,"[174.0, 185.0, 183.0, 134.0, 121.0, 117.0, 128.0, 156.0, 185.0, 174.0]",2.9168224334716797,0.5,41.80255126953125,-0.00012969970703125,-99.14714050292969
1750930044.3241918,1.0,0.0,"[174.0, 185.0, 183.0, 134.0, 121.0, 117.0, 128.0, 156.0, 185.0, 174.0]",2.6819140911102295,0.5,41.84466552734375,-0.0001201629638671875,-99.18035888671875
1750930044.3428338,1.0,0.0,"[174.0, 185.0, 183.0, 133.0, 121.0, 117.0, 128.0, 156.0, 185.0, 174.0]",2.4475481510162354,0.5,41.8829345703125,-0.000110626220703125,-99.21089172363281
1750930044.361678,1.0,0.0,"[174.0, 185.0, 183.0, 133.0, 121.0, 117.0, 128.0, 156.0, 185.0, 174.0]",2.2137157917022705,0.5,41.91741943359375,-0.0001068115234375,-99.23866271972656
1750930044.3811395,1.0,0.0,"[174.0, 185.0, 183.0, 133.0, 121.0, 117.0, 128.0, 156.0, 185.0, 174.0]",1.9803675413131714,0.5,41.948150634765625,-0.0001049041748046875,-99.26364135742188
1750930044.3997047,1.0,0.0,"[174.0, 185.0, 183.0, 133.0, 120.0, 117.0, 126.0, 156.0, 185.0, 174.0]",1.7475993633270264,0.5,41.975189208984375,-0.000102996826171875,-99.28578186035156
1750930044.4186876,1.0,0.0,"[174.0, 185.0, 183.0, 133.0, 120.0, 117.0, 126.0, 156.0, 185.0, 174.0]",1.5153874158859253,0.5,41.998565673828125,-0.0001049041748046875,-99.3050537109375
1750930044.4378269,1.0,0.0,"[174.0, 185.0, 183.0, 133.0, 120.0, 117.0, 126.0, 156.0, 185.0, 174.0]",1.283813238143921,0.5,42.018341064453125,-0.0001068115234375,-99.32144165039062
1750930044.456733,1.0,0.0,"[174.0, 185.0, 183.0, 133.0, 120.0, 116.0, 126.0, 156.0, 185.0, 174.0]",1.052973747253418,0.5,42.034515380859375,-0.000110626220703125,-99.33493041992188
1750930044.4756405,1.0,0.0,"[174.0, 185.0, 183.0, 133.0, 120.0, 116.0, 126.0, 156.0, 185.0, 174.0]",0.8228018879890442,0.5,42.047149658203125,-0.0001125335693359375,-99.34548950195312
1750930044.5094829,1.0,0.0,"[174.0, 185.0, 183.0, 133.0, 120.0, 116.0, 126.0, 155.0, 185.0, 174.0]",0.5935433506965637,0.5,42.056243896484375,-0.000118255615234375,-99.35311889648438
1750930044.5283103,1.0,0.5,"[174.0, 185.0, 183.0, 133.0, 120.0, 116.0, 126.0, 155.0, 185.0, 174.0]",0.3652152419090271,0.5,42.06182861328125,-0.0001220703125,-99.35781860351562
1750930044.547029,1.0,0.5,"[174.0, 185.0, 183.0, 133.0, 120.0, 116.0, 126.0, 155.0, 185.0, 174.0]",0.4251697063446045,0.5,42.068328857421875,-0.0001277923583984375,-99.36329650878906
1750930044.5665207,1.0,0.5,"[174.0, 185.0, 183.0, 133.0, 120.0, 116.0, 126.0, 155.0, 185.0, 174.0]",0.4630267322063446,0.5,42.0753173828125,-0.000133514404296875,-99.36935424804688
1750930044.585473,1.0,0.5,"[174.0, 185.0, 183.0, 133.0, 120.0, 116.0, 126.0, 155.0, 185.0, 174.0]",0.5454804301261902,0.5,42.083770751953125,-0.0001392364501953125,-99.37628173828125
1750930044.6039991,1.0,0.5,"[174.0, 185.0, 183.0, 133.0, 120.0, 116.0, 126.0, 155.0, 185.0, 174.0]",0.5944252610206604,0.5,42.092864990234375,-0.0001430511474609375,-99.38394165039062
1750930044.6228359,1.0,0.5,"[174.0, 185.0, 183.0, 133.0, 120.0, 116.0, 126.0, 155.0, 185.0, 174.0]",0.6707866191864014,0.5,42.103057861328125,-0.0001468658447265625,-99.39263916015625
1750930044.6409245,1.0,0.5,"[174.0, 185.0, 183.0, 133.0, 120.0, 116.0, 126.0, 155.0, 185.0, 174.0]",0.7054550647735596,0.5,42.113739013671875,-0.000152587890625,-99.40185546875
1750930044.658387,1.0,0.5,"[174.0, 185.0, 183.0, 133.0, 120.0, 116.0, 126.0, 155.0, 185.0, 174.0]",0.7790999412536621,0.5,42.125579833984375,-0.000156402587890625,-99.4119873046875
1750930044.6771402,1.0,0.5,"[174.0, 185.0, 183.0, 133.0, 120.0, 116.0, 126.0, 155.0, 185.0, 174.0]",0.8601037859916687,0.5,42.138702392578125,-0.0001583099365234375,-99.42311096191406
1750930044.6962385,1.0,0.5,"[174.0, 185.0, 183.0, 133.0, 120.0, 116.0, 126.0, 155.0, 185.0, 174.0]",0.9163631200790405,0.5,42.152557373046875,-0.0001621246337890625,-99.43510437011719
1750930044.7303782,1.0,0.5,"[174.0, 185.0, 183.0, 133.0, 120.0, 116.0, 126.0, 155.0, 185.0, 174.0]",0.9731882214546204,0.5,42.1673583984375,-0.000164031982421875,-99.44773864746094
1750930044.7493272,1.0,0.5,"[174.0, 185.0, 183.0, 133.0, 120.0, 116.0, 126.0, 155.0, 185.0, 174.0]",1.0095906257629395,0.5,42.1826171875,-0.0001678466796875,-99.46095275878906
1750930044.7681625,1.0,0.5,"[174.0, 185.0, 183.0, 133.0, 120.0, 116.0, 126.0, 155.0, 185.0, 174.0]",1.0978798866271973,0.5,42.199127197265625,-0.0001697540283203125,-99.47543334960938
1750930044.786457,1.0,0.5,"[174.0, 185.0, 183.0, 133.0, 120.0, 116.0, 126.0, 155.0, 185.0, 174.0]",1.1400554180145264,0.5,42.2164306640625,-0.000171661376953125,-99.49029541015625
1750930044.8045354,1.0,0.5,"[174.0, 185.0, 183.0, 133.0, 120.0, 116.0, 125.0, 155.0, 185.0, 174.0]",1.1971205472946167,0.5,42.234344482421875,-0.0001735687255859375,-99.50619506835938
1750930044.8232868,1.0,0.5,"[174.0, 185.0, 183.0, 133.0, 120.0, 116.0, 125.0, 155.0, 185.0, 174.0]",1.2893705368041992,0.5,42.253631591796875,-0.00017547607421875,-99.52330017089844
1750930044.841311,1.0,0.5,"[174.0, 185.0, 183.0, 133.0, 120.0, 116.0, 125.0, 155.0, 185.0, 174.0]",1.3178784847259521,0.5,42.273284912109375,-0.00017547607421875,-99.54086303710938
1750930044.8594666,1.0,0.5,"[174.0, 185.0, 183.0, 132.0, 120.0, 116.0, 125.0, 155.0, 185.0, 174.0]",1.3649694919586182,0.5,42.293548583984375,-0.0001773834228515625,-99.55914306640625
1750930044.8783867,1.0,0.5,"[174.0, 185.0, 183.0, 132.0, 120.0, 116.0, 125.0, 155.0, 185.0, 174.0]",1.4560046195983887,0.5,42.315277099609375,-0.0001773834228515625,-99.57853698730469
1750930044.8973346,1.0,0.5,"[174.0, 185.0, 183.0, 132.0, 120.0, 116.0, 125.0, 155.0, 185.0, 174.0]",1.5037585496902466,0.5,42.337646484375,-0.00017547607421875,-99.5986328125
1750930044.915838,1.0,0.5,"[174.0, 185.0, 183.0, 132.0, 120.0, 116.0, 125.0, 154.0, 185.0, 174.0]",1.5754979848861694,0.5,42.36090087890625,-0.00017547607421875,-99.61990356445312
1750930044.9492521,1.0,0.5,"[174.0, 185.0, 183.0, 132.0, 120.0, 116.0, 125.0, 154.0, 185.0, 174.0]",1.6113340854644775,0.5,42.38470458984375,-0.00017547607421875,-99.64161682128906
1750930044.9678457,1.0,0.5,"[174.0, 185.0, 183.0, 132.0, 119.0, 116.0, 125.0, 154.0, 185.0, 174.0]",1.6975781917572021,0.5,42.409637451171875,-0.00017547607421875,-99.6646728515625
1750930044.986549,1.0,0.5,"[174.0, 185.0, 183.0, 132.0, 119.0, 116.0, 125.0, 153.0, 185.0, 174.0]",1.7245361804962158,0.5,42.434906005859375,-0.00017547607421875,-99.68812561035156
1750930045.005461,1.0,0.5,"[174.0, 185.0, 183.0, 132.0, 119.0, 116.0, 125.0, 153.0, 185.0, 174.0]",1.7894082069396973,0.5,42.461029052734375,-0.00017547607421875,-99.71261596679688
1750930045.023835,1.0,0.5,"[174.0, 185.0, 183.0, 132.0, 119.0, 115.0, 124.0, 153.0, 185.0, 174.0]",1.8616082668304443,0.5,42.488128662109375,-0.00017547607421875,-99.73812866210938
1750930045.0428193,1.0,0.5,"[174.0, 185.0, 183.0, 132.0, 119.0, 115.0, 124.0, 153.0, 185.0, 174.0]",1.9181451797485352,0.5,42.51593017578125,-0.0001735687255859375,-99.76457214355469
1750930045.0617707,1.0,0.5,"[174.0, 185.0, 183.0, 132.0, 119.0, 115.0, 124.0, 153.0, 185.0, 174.0]",1.961504340171814,0.5,42.544342041015625,-0.0001735687255859375,-99.79161071777344
1750930045.0806544,1.0,0.5,"[174.0, 185.0, 184.0, 132.0, 119.0, 115.0, 124.0, 153.0, 185.0, 174.0]",2.0354127883911133,0.5,42.5736083984375,-0.0001735687255859375,-99.81991577148438
1750930045.1003556,1.0,0.5,"[174.0, 185.0, 184.0, 132.0, 114.0, 115.0, 124.0, 153.0, 185.0, 174.0]",2.084563970565796,0.5,42.603607177734375,-0.000171661376953125,-99.848876953125
1750930045.1195302,1.0,0.5,"[174.0, 185.0, 186.0, 132.0, 113.0, 115.0, 124.0, 153.0, 185.0, 174.0]",2.156351327896118,0.5,42.634307861328125,-0.000171661376953125,-99.879150390625
1750930045.1382701,1.0,0.5,"[174.0, 185.0, 207.0, 132.0, 113.0, 115.0, 124.0, 153.0, 185.0, 174.0]",2.1742382049560547,0.5,42.665252685546875,-0.0001697540283203125,-99.90969848632812
1750930045.1574423,1.0,0.5,"[174.0, 185.0, 207.0, 132.0, 113.0, 115.0, 124.0, 153.0, 185.0, 174.0]",2.269331932067871,0.5,42.69732666015625,-0.0001697540283203125,-99.94181823730469
1750930045.1766028,1.0,0.5,"[174.0, 185.0, 207.0, 132.0, 113.0, 115.0, 124.0, 153.0, 185.0, 174.0]",2.3113951683044434,0.5,42.729888916015625,-0.0001697540283203125,-99.97463989257812
1750930045.195225,1.0,0.5,"[174.0, 185.0, 207.0, 132.0, 113.0, 115.0, 123.0, 153.0, 185.0, 174.0]",2.3853158950805664,0.5,42.763336181640625,-0.0001697540283203125,-100.0086669921875
1750930045.2452886,1.0,0.5,"[174.0, 185.0, 207.0, 132.0, 113.0, 114.0, 123.0, 151.0, 185.0, 174.0]",2.433088541030884,0.5,42.797393798828125,-0.0001678466796875,-100.04342651367188
1750930045.264688,1.0,0.5,"[174.0, 185.0, 207.0, 131.0, 113.0, 114.0, 123.0, 151.0, 185.0, 174.0]",2.4877216815948486,0.5,42.8319091796875,-0.0001678466796875,-100.07925415039062
1750930045.2662559,1.0,0.5,"[174.0, 185.0, 207.0, 131.0, 113.0, 114.0, 123.0, 151.0, 185.0, 174.0]",2.5452065467834473,0.5,42.867095947265625,-0.0001678466796875,-100.11602783203125
1750930045.2850027,1.0,0.5,"[174.0, 185.0, 209.0, 131.0, 112.0, 114.0, 123.0, 151.0, 185.0, 174.0]",2.56217622756958,0.5,42.9022216796875,-0.0001678466796875,-100.15335083007812
1750930045.303956,1.0,0.5,"[174.0, 185.0, 209.0, 131.0, 112.0, 114.0, 123.0, 151.0, 185.0, 174.0]",2.6486737728118896,0.5,42.938262939453125,-0.0001678466796875,-100.19216918945312
1750930045.322636,1.0,0.5,"[174.0, 185.0, 209.0, 131.0, 112.0, 114.0, 123.0, 151.0, 185.0, 174.0]",2.6784300804138184,0.5,42.974700927734375,-0.0001678466796875,-100.2314453125
1750930045.3418164,1.0,0.5,"[174.0, 185.0, 209.0, 131.0, 112.0, 114.0, 123.0, 150.0, 185.0, 174.0]",2.7394537925720215,0.5,43.01171875,-0.0001678466796875,-100.27182006835938
1750930045.3607383,1.0,0.5,"[174.0, 185.0, 209.0, 131.0, 112.0, 113.0, 122.0, 150.0, 185.0, 174.0]",2.8046059608459473,0.5,43.049285888671875,-0.0001678466796875,-100.31349182128906
1750930045.380036,1.0,0.5,"[174.0, 185.0, 209.0, 131.0, 112.0, 113.0, 122.0, 150.0, 185.0, 174.0]",2.834571599960327,0.5,43.087127685546875,-0.0001678466796875,-100.35568237304688
1750930045.3985066,1.0,0.5,"[174.0, 185.0, 209.0, 131.0, 111.0, 113.0, 122.0, 150.0, 185.0, 174.0]",2.9031505584716797,0.5,43.125579833984375,-0.0001678466796875,-100.39920043945312
1750930045.4169014,1.0,0.5,"[174.0, 185.0, 209.0, 131.0, 111.0, 113.0, 122.0, 150.0, 185.0, 174.0]",2.939105987548828,0.5,43.164154052734375,-0.0001659393310546875,-100.44354248046875
1750930045.4368215,1.0,0.5,"[174.0, 185.0, 209.0, 131.0, 111.0, 113.0, 122.0, 148.0, 185.0, 174.0]",3.0176875591278076,0.5,43.203582763671875,-0.0001678466796875,-100.4892578125
1750930045.4562116,1.0,0.5,"[174.0, 185.0, 209.0, 131.0, 111.0, 113.0, 122.0, 148.0, 185.0, 174.0]",3.108625888824463,0.5,43.243865966796875,-0.0001678466796875,-100.53659057617188
1750930045.4902368,1.0,0.5,"[174.0, 185.0, 209.0, 131.0, 111.0, 113.0, 122.0, 148.0, 185.0, 174.0]",3.1331751346588135,0.5,43.2841796875,-0.0001678466796875,-100.58457946777344
1750930045.5092041,1.0,0.5,"[174.0, 185.0, 209.0, 131.0, 111.0, 112.0, 122.0, 148.0, 185.0, 174.0]",3.2051117420196533,0.5,43.32513427734375,-0.0001659393310546875,-100.63388061523438
1750930045.5283284,1.0,0.5,"[174.0, 185.0, 209.0, 131.0, 110.0, 112.0, 122.0, 147.0, 185.0, 174.0]",3.2408535480499268,0.5,43.366119384765625,-0.0001659393310546875,-100.68411254882812
1750930045.5471609,1.0,0.5,"[174.0, 185.0, 209.0, 131.0, 110.0, 112.0, 121.0, 147.0, 185.0, 174.0]",3.2742855548858643,0.5,43.407196044921875,-0.0001678466796875,-100.735107421875
1750930045.5667534,1.0,0.5,"[174.0, 185.0, 209.0, 131.0, 110.0, 112.0, 121.0, 147.0, 185.0, 174.0]",3.335672378540039,0.5,43.448638916015625,-0.0001678466796875,-100.78738403320312
1750930045.5864382,1.0,0.5,"[174.0, 185.0, 209.0, 131.0, 110.0, 112.0, 121.0, 147.0, 185.0, 174.0]",3.4096407890319824,0.5,43.490631103515625,-0.0001678466796875,-100.84109497070312
1750930045.605477,1.0,0.5,"[174.0, 185.0, 209.0, 131.0, 110.0, 112.0, 121.0, 147.0, 185.0, 174.0]",3.436599016189575,0.5,43.5325927734375,-0.0001678466796875,-100.89553833007812
1750930045.6242476,1.0,0.5,"[174.0, 185.0, 209.0, 131.0, 110.0, 112.0, 120.0, 145.0, 185.0, 174.0]",3.5292317867279053,0.5,43.575347900390625,-0.0001678466796875,-100.95172119140625
1750930045.6436012,1.0,0.5,"[174.0, 185.0, 209.0, 131.0, 109.0, 111.0, 119.0, 145.0, 185.0, 174.0]",3.5800986289978027,0.5,43.6182861328125,-0.0001697540283203125,-101.00900268554688
1750930045.6623998,1.0,0.5,"[174.0, 185.0, 209.0, 131.0, 109.0, 105.0, 119.0, 145.0, 185.0, 174.0]",3.607846975326538,0.5,43.661285400390625,-0.0001735687255859375,-101.06695556640625
1750930045.6818902,1.0,0.5,"[174.0, 185.0, 209.0, 131.0, 109.0, 105.0, 119.0, 145.0, 185.0, 174.0]",3.6887848377227783,0.5,43.704620361328125,-0.000179290771484375,-101.12666320800781
1750930045.7010884,1.0,0.5,"[174.0, 185.0, 209.0, 131.0, 109.0, 104.0, 119.0, 145.0, 185.0, 174.0]",3.7286877632141113,0.5,43.748016357421875,-0.0001850128173828125,-101.18730163574219
1750930045.7199686,1.0,0.5,"[174.0, 185.0, 209.0, 131.0, 109.0, 104.0, 118.0, 144.0, 185.0, 174.0]",3.7987613677978516,0.5,43.791778564453125,-0.00019073486328125,-101.24942016601562
1750930045.7391696,1.0,0.5,"[174.0, 185.0, 209.0, 131.0, 109.0, 104.0, 118.0, 144.0, 185.0, 174.0]",3.8268015384674072,0.5,43.835418701171875,-0.0001983642578125,-101.31228637695312
1750930045.7579644,1.0,0.5,"[174.0, 185.0, 209.0, 131.0, 109.0, 104.0, 118.0, 144.0, 185.0, 174.0]",3.9187777042388916,0.5,43.879608154296875,-0.0002079010009765625,-101.37701416015625
1750930045.7770913,1.0,0.5,"[174.0, 185.0, 209.0, 131.0, 108.0, 103.0, 118.0, 144.0, 185.0, 174.0]",3.933199405670166,0.5,43.923431396484375,-0.000217437744140625,-101.44235229492188
1750930045.7963398,1.0,0.5,"[174.0, 185.0, 209.0, 131.0, 108.0, 103.0, 117.0, 143.0, 185.0, 174.0]",4.0216288566589355,0.5,43.9676513671875,-0.0002269744873046875,-101.509521484375
1750930045.8315141,1.0,0.5,"[174.0, 185.0, 207.0, 131.0, 108.0, 103.0, 117.0, 142.0, 185.0, 174.0]",4.053486347198486,0.5,44.011810302734375,-0.00023651123046875,-101.5775146484375
1750930045.8498533,1.0,0.5,"[174.0, 185.0, 207.0, 131.0, 108.0, 102.0, 117.0, 142.0, 185.0, 174.0]",4.1155242919921875,0.5,44.055999755859375,-0.000247955322265625,-101.64695739746094
1750930045.8691807,1.0,0.5,"[174.0, 185.0, 207.0, 131.0, 108.0, 102.0, 117.0, 142.0, 185.0, 174.0]",4.154601097106934,0.5,44.100006103515625,-0.00028228759765625,-101.71745300292969
1750930045.8879356,1.0,0.5,"[174.0, 185.0, 207.0, 131.0, 108.0, 102.0, 116.0, 142.0, 185.0, 174.0]",4.219405174255371,0.5,44.14410400390625,-0.0003299713134765625,-101.78939819335938
1750930045.9074001,1.0,0.5,"[174.0, 185.0, 207.0, 131.0, 108.0, 102.0, 116.0, 141.0, 185.0, 174.0]",4.2671003341674805,0.5,44.188018798828125,-0.0003948211669921875,-101.86256408691406
1750930045.9263709,1.0,0.5,"[174.0, 185.0, 207.0, 131.0, 108.0, 101.0, 116.0, 141.0, 185.0, 174.0]",4.341541290283203,0.5,44.232086181640625,-0.0004711151123046875,-101.93739318847656
1750930045.945771,1.0,0.5,"[174.0, 185.0, 207.0, 131.0, 107.0, 101.0, 108.0, 141.0, 185.0, 174.0]",4.339401721954346,0.5,44.27545166015625,-0.000553131103515625,-102.0125732421875
1750930045.9660702,1.0,0.5,"[174.0, 185.0, 207.0, 132.0, 107.0, 101.0, 108.0, 140.0, 185.0, 174.0]",4.4298624992370605,0.5,44.318939208984375,-0.0006465911865234375,-102.08975219726562
1750930045.9860198,1.0,0.5,"[174.0, 185.0, 207.0, 132.0, 107.0, 101.0, 107.0, 139.0, 185.0, 174.0]",4.463402271270752,0.5,44.3621826171875,-0.0007457733154296875,-102.1678466796875
1750930046.0053892,1.0,0.5,"[174.0, 185.0, 206.0, 132.0, 107.0, 101.0, 107.0, 139.0, 185.0, 174.0]",4.536756992340088,0.5,44.405303955078125,-0.0008525848388671875,-102.2476806640625
1750930046.0253181,1.0,0.5,"[174.0, 185.0, 206.0, 132.0, 107.0, 100.0, 106.0, 137.0, 185.0, 174.0]",4.562963008880615,0.5,44.447998046875,-0.0009632110595703125,-102.32833862304688
1750930046.0454564,1.0,0.5,"[174.0, 185.0, 206.0, 132.0, 107.0, 100.0, 106.0, 137.0, 185.0, 174.0]",4.656978607177734,0.5,44.490814208984375,-0.00110626220703125,-102.41107177734375
1750930046.0648212,1.0,0.5,"[174.0, 185.0, 206.0, 133.0, 107.0, 100.0, 106.0, 137.0, 185.0, 174.0]",4.656819820404053,0.5,44.53277587890625,-0.001270294189453125,-102.49420166015625
1750930046.0849295,1.0,0.5,"[174.0, 185.0, 206.0, 133.0, 107.0, 100.0, 104.0, 136.0, 185.0, 174.0]",4.759421348571777,0.5,44.574920654296875,-0.001461029052734375,-102.57955932617188
1750930046.1050253,1.0,0.5,"[174.0, 185.0, 206.0, 133.0, 107.0, 99.0, 104.0, 136.0, 185.0, 174.0]",4.773536682128906,0.5,44.616363525390625,-0.001667022705078125,-102.66555786132812
1750930046.1255345,1.0,0.5,"[174.0, 185.0, 206.0, 158.0, 107.0, 99.0, 104.0, 136.0, 185.0, 174.0]",4.8663225173950195,0.5,44.657745361328125,-0.0018939971923828125,-102.75364685058594
1750930046.145343,1.0,0.5,"[174.0, 185.0, 206.0, 158.0, 107.0, 99.0, 104.0, 136.0, 185.0, 174.0]",4.870527267456055,0.5,44.698333740234375,-0.0021877288818359375,-102.84219360351562
1750930046.165031,1.0,0.5,"[174.0, 185.0, 206.0, 158.0, 107.0, 99.0, 103.0, 123.0, 185.0, 174.0]",4.969107627868652,0.5,44.738861083984375,-0.0025348663330078125,-102.93293762207031
1750930046.1850846,1.0,0.5,"[174.0, 185.0, 205.0, 158.0, 107.0, 99.0, 103.0, 123.0, 185.0, 174.0]",4.985325813293457,0.5,44.778656005859375,-0.0028972625732421875,-103.02436828613281
1750930046.2048702,1.0,0.5,"[174.0, 185.0, 204.0, 158.0, 107.0, 99.0, 103.0, 123.0, 185.0, 174.0]",5.075778007507324,0.5,44.818206787109375,-0.0032863616943359375,-103.11785888671875
1750930046.2246535,1.0,0.5,"[174.0, 185.0, 204.0, 159.0, 108.0, 99.0, 102.0, 122.0, 185.0, 174.0]",4.876986980438232,0.5,44.854705810546875,-0.00334930419921875,-103.20831298828125
1750930046.2438526,1.0,0.5,"[174.0, 185.0, 204.0, 159.0, 108.0, 99.0, 102.0, 122.0, 185.0, 174.0]",5.106503009796143,0.5,44.89251708984375,-0.003826141357421875,-103.30317687988281
1750930046.2629824,1.0,0.5,"[174.0, 185.0, 204.0, 159.0, 108.0, 98.0, 102.0, 120.0, 185.0, 174.0]",5.241889953613281,0.5,44.929718017578125,-0.003986358642578125,-103.40118408203125
1750930046.2817838,1.0,0.5,"[174.0, 185.0, 203.0, 159.0, 108.0, 98.0, 102.0, 120.0, 185.0, 174.0]",5.329563140869141,0.5,44.968597412109375,-0.0041980743408203125,-103.50045776367188
1750930046.3009884,1.0,0.5,"[174.0, 185.0, 203.0, 159.0, 108.0, 98.0, 102.0, 120.0, 185.0, 174.0]",5.185762405395508,0.5,45.00177001953125,-0.00450897216796875,-103.59872436523438
1750930046.320272,1.0,0.5,"[174.0, 185.0, 203.0, 159.0, 108.0, 98.0, 101.0, 119.0, 185.0, 174.0]",5.13285493850708,0.5,45.037506103515625,-0.00494384765625,-103.6949462890625
1750930046.3406794,1.0,0.5,"[174.0, 185.0, 201.0, 159.0, 109.0, 98.0, 101.0, 119.0, 185.0, 174.0]",5.375822067260742,0.5,45.069854736328125,-0.005496978759765625,-103.7974853515625
1750930046.3605657,1.0,0.5,"[174.0, 185.0, 201.0, 159.0, 109.0, 99.0, 101.0, 119.0, 167.0, 174.0]",5.546437740325928,0.5,45.106658935546875,-0.0061550140380859375,-103.90213012695312
1750930046.3802702,1.0,0.5,"[174.0, 185.0, 200.0, 159.0, 109.0, 99.0, 101.0, 117.0, 165.0, 174.0]",5.608523845672607,0.5,45.138153076171875,-0.0069217681884765625,-104.009765625
1750930046.3994846,1.0,0.5,"[174.0, 185.0, 200.0, 159.0, 109.0, 99.0, 101.0, 117.0, 164.0, 174.0]",5.662198543548584,0.5,45.17266845703125,-0.0078125,-104.11763000488281
1750930046.419263,1.0,0.5,"[174.0, 185.0, 200.0, 159.0, 110.0, 99.0, 101.0, 117.0, 163.0, 174.0]",5.750463485717773,0.5,45.20306396484375,-0.008800506591796875,-104.22854614257812
1750930046.4385004,1.0,0.5,"[174.0, 185.0, 198.0, 159.0, 110.0, 99.0, 101.0, 117.0, 161.0, 174.0]",5.773434162139893,0.5,45.2353515625,-0.009897232055664062,-104.33938598632812
1750930046.4576476,1.0,0.5,"[174.0, 185.0, 198.0, 159.0, 111.0, 99.0, 101.0, 116.0, 161.0, 174.0]",5.805391788482666,0.5,45.263458251953125,-0.01114654541015625,-104.45204162597656
1750930046.477055,1.0,0.5,"[174.0, 185.0, 197.0, 159.0, 111.0, 100.0, 101.0, 116.0, 160.0, 174.0]",5.713687896728516,0.5,45.29278564453125,-0.012477874755859375,-104.56248474121094
1750930046.4965794,1.0,0.5,"[174.0, 185.0, 197.0, 159.0, 112.0, 100.0, 101.0, 116.0, 158.0, 174.0]",5.992141246795654,0.5,45.31976318359375,-0.013950347900390625,-104.67924499511719
1750930046.51556,1.0,0.5,"[174.0, 185.0, 197.0, 159.0, 112.0, 100.0, 101.0, 116.0, 158.0, 174.0]",5.878757953643799,0.5,45.34619140625,-0.01552581787109375,-104.79379272460938
1750930046.548906,1.0,0.5,"[174.0, 185.0, 195.0, 158.0, 118.0, 101.0, 101.0, 116.0, 158.0, 174.0]",6.059634208679199,0.5,45.371734619140625,-0.017269134521484375,-104.91226196289062
1750930046.5678804,1.0,0.5,"[174.0, 185.0, 195.0, 158.0, 141.0, 101.0, 102.0, 116.0, 157.0, 174.0]",5.963787078857422,0.5,45.3946533203125,-0.01912689208984375,-105.029296875
1750930046.5865316,1.0,0.5,"[174.0, 185.0, 194.0, 158.0, 141.0, 101.0, 102.0, 116.0, 156.0, 174.0]",6.140570163726807,0.5,45.418701171875,-0.021089553833007812,-105.14971923828125
1750930046.6053977,1.0,0.5,"[174.0, 185.0, 193.0, 158.0, 141.0, 102.0, 102.0, 116.0, 155.0, 174.0]",6.232990741729736,0.5,45.439605712890625,-0.0230712890625,-105.2725830078125
1750930046.6239848,1.0,0.5,"[174.0, 185.0, 193.0, 158.0, 142.0, 102.0, 102.0, 116.0, 155.0, 174.0]",6.074730396270752,0.5,45.45928955078125,-0.025072097778320312,-105.3924560546875
1750930046.6426847,1.0,0.5,"[174.0, 185.0, 192.0, 158.0, 142.0, 103.0, 102.0, 116.0, 155.0, 174.0]",6.15109395980835,0.5,45.477203369140625,-0.027162551879882812,-105.51416015625
1750930046.6607575,1.0,0.5,"[174.0, 185.0, 192.0, 158.0, 142.0, 104.0, 103.0, 117.0, 155.0, 174.0]",6.214925289154053,0.5,45.496002197265625,-0.029172897338867188,-105.63700866699219
1750930046.6796858,1.0,0.5,"[174.0, 185.0, 192.0, 158.0, 142.0, 104.0, 103.0, 117.0, 155.0, 174.0]",6.415862083435059,0.5,45.5096435546875,-0.03140068054199219,-105.76458740234375
1750930046.6983585,1.0,0.5,"[174.0, 185.0, 190.0, 158.0, 142.0, 105.0, 104.0, 117.0, 155.0, 174.0]",6.282711505889893,0.5,45.52728271484375,-0.0335235595703125,-105.88897705078125
1750930046.7174616,1.0,0.5,"[174.0, 185.0, 190.0, 158.0, 143.0, 105.0, 104.0, 117.0, 155.0, 174.0]",6.6180739402771,0.5,45.537750244140625,-0.03586769104003906,-106.02090454101562
1750930046.7359746,1.0,0.5,"[174.0, 185.0, 189.0, 158.0, 143.0, 107.0, 106.0, 119.0, 155.0, 174.0]",6.2974019050598145,0.5,45.552459716796875,-0.03798675537109375,-106.14596557617188
1750930046.7704747,1.0,0.5,"[174.0, 185.0, 189.0, 158.0, 143.0, 107.0, 106.0, 117.0, 155.0, 174.0]",6.702691555023193,0.5,45.562103271484375,-0.04041290283203125,-106.27964782714844
1750930046.7895007,1.0,0.5,"[174.0, 185.0, 187.0, 158.0, 143.0, 108.0, 107.0, 119.0, 155.0, 174.0]",6.3354363441467285,0.5,45.572296142578125,-0.04262351989746094,-106.40592956542969
1750930046.8079553,1.0,0.5,"[174.0, 185.0, 187.0, 158.0, 143.0, 110.0, 107.0, 119.0, 155.0, 174.0]",6.725335121154785,0.5,45.578369140625,-0.045238494873046875,-106.540283203125
1750930046.827093,1.0,0.5,"[174.0, 185.0, 186.0, 157.0, 144.0, 119.0, 108.0, 120.0, 155.0, 174.0]",6.520599842071533,0.5,45.584747314453125,-0.04762840270996094,-106.67050170898438
1750930046.845888,1.0,0.5,"[174.0, 185.0, 186.0, 156.0, 144.0, 122.0, 108.0, 120.0, 155.0, 174.0]",6.789832592010498,0.5,45.587188720703125,-0.05035209655761719,-106.80625915527344
1750930046.8659093,1.0,0.5,"[174.0, 185.0, 184.0, 155.0, 143.0, 143.0, 110.0, 122.0, 157.0, 174.0]",6.576096534729004,0.5,45.58990478515625,-0.052764892578125,-106.93772888183594
1750930046.885017,1.0,0.5,"[174.0, 185.0, 184.0, 155.0, 143.0, 143.0, 110.0, 122.0, 157.0, 174.0]",6.983016490936279,0.5,45.5855712890625,-0.0554962158203125,-107.07730102539062
1750930046.904062,1.0,0.5,"[174.0, 185.0, 183.0, 154.0, 143.0, 143.0, 111.0, 123.0, 158.0, 174.0]",6.824348449707031,0.5,45.5858154296875,-0.05800819396972656,-107.21376037597656
1750930046.9231973,1.0,0.5,"[174.0, 185.0, 181.0, 154.0, 143.0, 144.0, 112.0, 123.0, 158.0, 174.0]",7.0799736976623535,0.5,45.57794189453125,-0.06085205078125,-107.3551025390625
1750930046.9425492,1.0,0.5,"[174.0, 185.0, 180.0, 153.0, 143.0, 144.0, 113.0, 125.0, 161.0, 174.0]",6.994372367858887,0.5,45.57421875,-0.06363868713378906,-107.49491882324219
1750930046.9622698,1.0,0.5,"[174.0, 185.0, 179.0, 153.0, 143.0, 144.0, 114.0, 125.0, 161.0, 174.0]",7.145438194274902,0.5,45.56292724609375,-0.06661605834960938,-107.63734436035156
1750930046.9823964,1.0,0.5,"[174.0, 185.0, 178.0, 152.0, 142.0, 144.0, 116.0, 127.0, 162.0, 174.0]",7.100646018981934,0.5,45.55401611328125,-0.06961250305175781,-107.779052734375
1750930047.0023282,1.0,0.5,"[174.0, 185.0, 176.0, 151.0, 142.0, 144.0, 120.0, 127.0, 163.0, 174.0]",7.186532020568848,0.5,45.53948974609375,-0.0727081298828125,-107.9219970703125
1750930047.0231307,1.0,0.5,"[174.0, 185.0, 176.0, 149.0, 142.0, 144.0, 124.0, 128.0, 164.0, 174.0]",7.042736053466797,0.5,45.525543212890625,-0.07583427429199219,-108.0621337890625
1750930047.0438805,1.0,0.5,"[174.0, 185.0, 175.0, 149.0, 142.0, 144.0, 128.0, 130.0, 165.0, 174.0]",7.061412334442139,0.5,45.508056640625,-0.07908058166503906,-108.20223999023438
1750930047.0646844,1.0,0.5,"[174.0, 185.0, 173.0, 148.0, 141.0, 144.0, 132.0, 131.0, 167.0, 174.0]",7.365972518920898,0.5,45.4886474609375,-0.08247184753417969,-108.34823608398438
1750930047.0856807,1.0,0.5,"[174.0, 185.0, 172.0, 147.0, 141.0, 144.0, 136.0, 132.0, 168.0, 174.0]",7.225019454956055,0.5,45.467681884765625,-0.08577346801757812,-108.49114990234375
1750930047.1065912,1.0,0.5,"[174.0, 185.0, 170.0, 146.0, 140.0, 144.0, 139.0, 133.0, 170.0, 174.0]",7.4223713874816895,0.5,45.443634033203125,-0.08904075622558594,-108.63760375976562
1750930047.1267993,1.0,0.5,"[174.0, 185.0, 169.0, 145.0, 140.0, 144.0, 143.0, 134.0, 171.0, 174.0]",7.328266143798828,0.5,45.417388916015625,-0.09227752685546875,-108.78176879882812
1750930047.1477823,0.0,0.5,"[174.0, 185.0, 167.0, 144.0, 140.0, 144.0, 163.0, 137.0, 173.0, 174.0]",7.561730861663818,0.5,45.388397216796875,-0.09565544128417969,-108.93016052246094
1750930047.1686873,0.0,0.5,"[174.0, 185.0, 167.0, 144.0, 139.0, 144.0, 163.0, 139.0, 173.0, 174.0]",7.573955535888672,0.0,45.375701904296875,-0.10017776489257812,-109.08103942871094
1750930047.1890233,0.0,0.5,"[174.0, 185.0, 167.0, 143.0, 139.0, 144.0, 163.0, 140.0, 172.0, 174.0]",7.51201868057251,0.0,45.37451171875,-0.10538101196289062,-109.23118591308594
1750930047.20913,0.0,0.5,"[174.0, 185.0, 166.0, 143.0, 139.0, 145.0, 163.0, 141.0, 172.0, 174.0]",7.624664783477783,0.0,45.367431640625,-0.11045265197753906,-109.3834228515625
1750930047.22986,0.0,0.5,"[174.0, 185.0, 165.0, 143.0, 139.0, 145.0, 163.0, 141.0, 171.0, 174.0]",7.669493675231934,0.0,45.36285400390625,-0.11571502685546875,-109.53665161132812
1750930047.249969,0.0,0.5,"[174.0, 185.0, 165.0, 143.0, 139.0, 145.0, 163.0, 142.0, 170.0, 174.0]",7.788947105407715,0.0,45.357330322265625,-0.12104034423828125,-109.6922607421875
1750930047.269822,0.0,0.5,"[174.0, 185.0, 165.0, 143.0, 139.0, 145.0, 163.0, 143.0, 170.0, 174.0]",7.864853858947754,0.0,45.352020263671875,-0.12650108337402344,-109.849365234375
1750930047.2898388,0.0,0.5,"[174.0, 185.0, 164.0, 143.0, 139.0, 145.0, 163.0, 144.0, 170.0, 174.0]",7.760376930236816,0.0,45.346771240234375,-0.1319599151611328,-110.00439453125
1750930047.3102305,0.0,0.5,"[174.0, 185.0, 164.0, 143.0, 139.0, 145.0, 164.0, 145.0, 169.0, 174.0]",8.017580032348633,0.0,45.341339111328125,-0.13775253295898438,-110.16455078125
1750930047.3309355,0.0,0.5,"[174.0, 185.0, 164.0, 141.0, 139.0, 145.0, 164.0, 146.0, 168.0, 174.0]",7.837367534637451,0.0,45.33587646484375,-0.1434955596923828,-110.32109069824219
1750930047.3511353,0.0,0.5,"[174.0, 185.0, 163.0, 141.0, 138.0, 145.0, 164.0, 147.0, 167.0, 174.0]",8.124899864196777,0.0,45.33038330078125,-0.1494731903076172,-110.48338317871094
1750930047.3710916,0.0,0.5,"[174.0, 185.0, 162.0, 141.0, 138.0, 145.0, 164.0, 148.0, 167.0, 174.0]",8.077542304992676,0.0,45.324981689453125,-0.15545272827148438,-110.64474487304688
1750930047.3912933,0.0,0.5,"[174.0, 185.0, 162.0, 141.0, 138.0, 145.0, 164.0, 149.0, 167.0, 174.0]",8.233539581298828,0.0,45.31915283203125,-0.1616058349609375,-110.80918884277344
1750930047.411256,0.0,0.5,"[174.0, 185.0, 162.0, 141.0, 138.0, 145.0, 164.0, 150.0, 167.0, 174.0]",8.054972648620605,0.0,45.313995361328125,-0.16768646240234375,-110.9700927734375
1750930047.4324489,0.0,0.5,"[174.0, 185.0, 162.0, 141.0, 138.0, 145.0, 164.0, 150.0, 168.0, 174.0]",8.089093208312988,0.0,45.308074951171875,-0.1738739013671875,-111.13165283203125
1750930047.453049,0.0,0.5,"[174.0, 185.0, 161.0, 140.0, 138.0, 145.0, 164.0, 151.0, 170.0, 174.0]",8.227113723754883,0.0,45.302703857421875,-0.1802520751953125,-111.29597473144531
1750930047.4734728,0.0,0.5,"[174.0, 185.0, 161.0, 140.0, 137.0, 145.0, 164.0, 153.0, 171.0, 174.0]",8.332538604736328,0.0,45.297149658203125,-0.18682289123535156,-111.46240234375
1750930047.493983,0.0,0.5,"[174.0, 185.0, 160.0, 140.0, 137.0, 145.0, 164.0, 153.0, 173.0, 174.0]",8.344202041625977,0.0,45.29132080078125,-0.19348907470703125,-111.62905883789062
1750930047.5142715,0.0,0.5,"[174.0, 185.0, 159.0, 140.0, 137.0, 144.0, 164.0, 154.0, 174.0, 174.0]",8.368688583374023,0.0,45.285675048828125,-0.20018959045410156,-111.79620361328125
1750930047.534378,0.0,0.5,"[174.0, 185.0, 159.0, 140.0, 137.0, 144.0, 164.0, 155.0, 176.0, 174.0]",8.607969284057617,0.0,45.279693603515625,-0.20703506469726562,-111.96810913085938
1750930047.5542526,0.0,0.5,"[174.0, 185.0, 159.0, 139.0, 137.0, 144.0, 166.0, 156.0, 178.0, 174.0]",8.454968452453613,0.0,45.274139404296875,-0.2138805389404297,-112.13699340820312
1750930047.5752945,0.0,0.5,"[174.0, 185.0, 158.0, 139.0, 136.0, 144.0, 166.0, 156.0, 179.0, 174.0]",8.667645454406738,0.0,45.267913818359375,-0.22093963623046875,-112.31008911132812
1750930047.5957534,0.0,0.5,"[174.0, 185.0, 158.0, 139.0, 136.0, 144.0, 166.0, 158.0, 181.0, 174.0]",8.707025527954102,0.0,45.262176513671875,-0.22815513610839844,-112.48397827148438
1750930047.6162739,0.0,0.5,"[174.0, 185.0, 158.0, 139.0, 136.0, 144.0, 166.0, 158.0, 182.0, 174.0]",8.7717866897583,0.0,45.2562255859375,-0.2355022430419922,-112.65914916992188
1750930047.6367557,0.0,0.5,"[174.0, 185.0, 156.0, 139.0, 136.0, 144.0, 166.0, 159.0, 184.0, 174.0]",8.964442253112793,0.0,45.250091552734375,-0.2430572509765625,-112.83818054199219
1750930047.6575828,0.0,0.5,"[174.0, 185.0, 156.0, 138.0, 136.0, 144.0, 166.0, 159.0, 185.0, 174.0]",8.900225639343262,0.0,45.24420166015625,-0.25057220458984375,-113.01593017578125
1750930047.6591601,0.0,0.5,"[174.0, 185.0, 156.0, 138.0, 136.0, 144.0, 166.0, 159.0, 185.0, 174.0]",9.023538589477539,0.0,45.237884521484375,-0.2582130432128906,-113.19613647460938
1750930047.6799114,0.0,0.5,"[174.0, 185.0, 155.0, 138.0, 135.0, 144.0, 166.0, 162.0, 185.0, 174.0]",8.787741661071777,0.0,45.23211669921875,-0.2657299041748047,-113.37162780761719
1750930047.6997094,0.0,0.5,"[174.0, 185.0, 155.0, 137.0, 135.0, 144.0, 166.0, 162.0, 185.0, 174.0]",9.12559700012207,0.0,45.2257080078125,-0.2736244201660156,-113.55386352539062
1750930047.719904,0.0,0.5,"[174.0, 185.0, 155.0, 137.0, 135.0, 143.0, 166.0, 163.0, 185.0, 174.0]",9.008787155151367,0.0,45.2196044921875,-0.2814769744873047,-113.7337646484375
1750930047.7400181,0.0,0.5,"[174.0, 185.0, 154.0, 137.0, 134.0, 143.0, 166.0, 194.0, 185.0, 174.0]",9.24364185333252,0.0,45.21356201171875,-0.28959083557128906,-113.91835021972656
1750930047.7610002,0.0,0.5,"[174.0, 185.0, 153.0, 137.0, 134.0, 143.0, 166.0, 223.0, 185.0, 174.0]",9.30576229095459,0.0,45.20709228515625,-0.29778289794921875,-114.10417175292969
1750930047.7810938,-1.0,0.5,"[174.0, 185.0, 153.0, 136.0, 134.0, 143.0, 166.0, 223.0, 185.0, 174.0]",9.177582740783691,0.0,45.200927734375,-0.30583953857421875,-114.28744506835938
1750930047.8013113,-1.0,0.5,"[174.0, 185.0, 153.0, 137.0, 134.0, 143.0, 166.0, 223.0, 185.0, 174.0]",9.051872253417969,-0.5,45.21234130859375,-0.3153209686279297,-114.46786499023438
1750930047.8206062,-1.0,0.5,"[174.0, 185.0, 155.0, 138.0, 134.0, 143.0, 166.0, 188.0, 185.0, 174.0]",8.89696216583252,-0.5,45.24053955078125,-0.3260307312011719,-114.64323425292969
1750930047.8409417,-1.0,0.5,"[174.0, 185.0, 156.0, 139.0, 135.0, 143.0, 166.0, 180.0, 185.0, 174.0]",9.177934646606445,-0.5,45.27252197265625,-0.33724403381347656,-114.82363891601562
1750930047.8607545,0.0,0.5,"[174.0, 185.0, 158.0, 141.0, 135.0, 144.0, 167.0, 171.0, 185.0, 174.0]",9.0144624710083,-0.5,45.306976318359375,-0.3485698699951172,-115.000244140625
1750930047.8808322,0.0,0.5,"[174.0, 185.0, 159.0, 141.0, 135.0, 144.0, 167.0, 173.0, 185.0, 174.0]",9.242924690246582,0.0,45.328369140625,-0.359039306640625,-115.18356323242188
1750930047.9008687,0.0,0.5,"[174.0, 185.0, 158.0, 141.0, 135.0, 143.0, 167.0, 180.0, 185.0, 174.0]",8.990543365478516,0.0,45.331298828125,-0.36775970458984375,-115.36312866210938
1750930047.9209967,0.0,0.5,"[174.0, 185.0, 158.0, 140.0, 135.0, 143.0, 167.0, 183.0, 185.0, 174.0]",9.166239738464355,0.0,45.3394775390625,-0.3771343231201172,-115.54603576660156
1750930047.940977,0.0,0.5,"[174.0, 185.0, 158.0, 140.0, 134.0, 143.0, 167.0, 187.0, 185.0, 174.0]",9.211459159851074,0.0,45.34649658203125,-0.3864402770996094,-115.72988891601562
1750930047.960986,0.0,0.5,"[174.0, 185.0, 156.0, 139.0, 134.0, 143.0, 167.0, 190.0, 185.0, 174.0]",9.379424095153809,0.0,45.353912353515625,-0.3960914611816406,-115.91708374023438
1750930047.981032,0.0,0.5,"[174.0, 185.0, 156.0, 139.0, 134.0, 143.0, 167.0, 193.0, 185.0, 174.0]",9.242047309875488,0.0,45.3609619140625,-0.4056892395019531,-116.10154724121094
1750930048.001089,0.0,0.5,"[174.0, 185.0, 156.0, 138.0, 133.0, 143.0, 167.0, 196.0, 185.0, 174.0]",9.384684562683105,0.0,45.368316650390625,-0.4155254364013672,-116.28884887695312
1750930048.0211725,0.0,0.5,"[174.0, 185.0, 156.0, 138.0, 133.0, 142.0, 167.0, 223.0, 185.0, 174.0]",9.432633399963379,0.0,45.375274658203125,-0.4253673553466797,-116.47711181640625
1750930048.0412505,0.0,0.5,"[174.0, 185.0, 155.0, 137.0, 133.0, 142.0, 166.0, 223.0, 185.0, 174.0]",9.635550498962402,0.0,45.3831787109375,-0.43549346923828125,-116.66940307617188
1750930048.0611835,0.0,0.5,"[174.0, 185.0, 155.0, 137.0, 131.0, 142.0, 166.0, 223.0, 185.0, 174.0]",9.528325080871582,0.0,45.390228271484375,-0.44552040100097656,-116.85955810546875
1750930048.0813742,0.0,0.5,"[174.0, 185.0, 155.0, 137.0, 131.0, 142.0, 166.0, 224.0, 185.0, 174.0]",9.801002502441406,0.0,45.39788818359375,-0.4557914733886719,-117.05517578125
1750930048.10254,0.0,0.5,"[174.0, 185.0, 154.0, 136.0, 130.0, 141.0, 166.0, 225.0, 185.0, 174.0]",9.674169540405273,0.0,45.405517578125,-0.465972900390625,-117.24822998046875
1750930048.1240206,0.0,0.5,"[174.0, 185.0, 154.0, 135.0, 130.0, 141.0, 166.0, 225.0, 185.0, 174.0]",9.824932098388672,0.0,45.412994384765625,-0.4763832092285156,-117.44430541992188
1750930048.1453986,-1.0,0.5,"[174.0, 185.0, 153.0, 134.0, 130.0, 141.0, 166.0, 226.0, 185.0, 174.0]",9.919449806213379,0.0,45.42095947265625,-0.48690223693847656,-117.64227294921875
1750930048.1666675,-1.0,0.5,"[174.0, 185.0, 154.0, 134.0, 130.0, 141.0, 166.0, 225.0, 185.0, 174.0]",9.679275512695312,-0.5,45.444122314453125,-0.49869346618652344,-117.8341064453125
1750930048.1860447,-1.0,0.5,"[174.0, 185.0, 156.0, 134.0, 130.0, 141.0, 166.0, 224.0, 185.0, 174.0]",9.52488899230957,-0.5,45.48553466796875,-0.5120792388916016,-118.01956176757812
1750930048.2055678,-1.0,0.5,"[174.0, 185.0, 158.0, 136.0, 131.0, 141.0, 167.0, 223.0, 185.0, 174.0]",9.545079231262207,-0.5,45.5322265625,-0.5258159637451172,-118.20414733886719
1750930048.2241433,-1.0,0.5,"[174.0, 185.0, 159.0, 136.0, 133.0, 142.0, 168.0, 221.0, 185.0, 174.0]",9.592458724975586,-0.5,45.582275390625,-0.5398674011230469,-118.38880920410156
1750930048.2431068,0.0,0.5,"[174.0, 185.0, 159.0, 137.0, 134.0, 142.0, 168.0, 190.0, 185.0, 174.0]",9.783151626586914,-0.5,45.6365966796875,-0.5545330047607422,-118.57620239257812
1750930048.262497,0.0,0.5,"[174.0, 185.0, 159.0, 137.0, 134.0, 142.0, 168.0, 189.0, 185.0, 174.0]",9.728972434997559,0.0,45.67645263671875,-0.5678138732910156,-118.76620483398438
1750930048.281066,0.0,0.5,"[174.0, 185.0, 159.0, 136.0, 133.0, 142.0, 168.0, 221.0, 185.0, 174.0]",9.721071243286133,0.0,45.700347900390625,-0.579437255859375,-118.95880126953125
1750930048.2997828,0.0,0.5,"[174.0, 185.0, 158.0, 136.0, 133.0, 141.0, 168.0, 221.0, 185.0, 174.0]",9.746517181396484,0.0,45.7266845703125,-0.5913333892822266,-119.15158081054688
1750930048.3183868,0.0,0.5,"[174.0, 185.0, 156.0, 134.0, 133.0, 141.0, 168.0, 223.0, 185.0, 174.0]",9.857638359069824,0.0,45.753082275390625,-0.6033802032470703,-119.34658813476562
1750930048.3398063,-1.0,0.5,"[174.0, 185.0, 156.0, 134.0, 131.0, 141.0, 168.0, 223.0, 185.0, 174.0]",10.124841690063477,0.0,45.7802734375,-0.6157932281494141,-119.54685974121094
1750930048.363331,-1.0,0.5,"[174.0, 185.0, 156.0, 134.0, 133.0, 141.0, 168.0, 223.0, 185.0, 174.0]",9.721359252929688,-0.5,45.82257080078125,-0.6294498443603516,-119.73614501953125
1750930048.3864298,-1.0,0.5,"[174.0, 185.0, 156.0, 135.0, 134.0, 141.0, 177.0, 221.0, 185.0, 174.0]",9.61474895477295,-0.5,45.885467529296875,-0.6451778411865234,-119.91717529296875
1750930048.40513,-1.0,0.5,"[174.0, 185.0, 158.0, 136.0, 135.0, 141.0, 176.0, 221.0, 185.0, 174.0]",9.520855903625488,-0.5,45.9483642578125,-0.6608505249023438,-120.09622192382812
1750930048.4231431,-1.0,0.5,"[174.0, 185.0, 158.0, 137.0, 136.0, 142.0, 177.0, 185.0, 185.0, 174.0]",9.69580364227295,-0.5,46.0179443359375,-0.6773033142089844,-120.27647399902344
1750930048.441425,-1.0,0.5,"[174.0, 185.0, 159.0, 138.0, 136.0, 142.0, 177.0, 183.0, 185.0, 174.0]",9.691360473632812,-0.5,46.08843994140625,-0.6938190460205078,-120.45626831054688
1750930048.4592848,-1.0,0.5,"[174.0, 185.0, 159.0, 139.0, 136.0, 143.0, 177.0, 179.0, 185.0, 174.0]",9.853218078613281,-0.5,46.165191650390625,-0.7111225128173828,-120.63694763183594
1750930048.478021,0.0,0.5,"[174.0, 185.0, 161.0, 140.0, 136.0, 143.0, 177.0, 176.0, 185.0, 174.0]",9.870233535766602,-0.5,46.245880126953125,-0.7287807464599609,-120.81625366210938
1750930048.4965327,0.0,0.5,"[174.0, 185.0, 161.0, 140.0, 136.0, 143.0, 177.0, 176.0, 185.0, 174.0]",10.010149002075195,0.0,46.314239501953125,-0.7452754974365234,-121.00369262695312
1750930048.530619,0.0,0.5,"[174.0, 185.0, 160.0, 139.0, 136.0, 143.0, 177.0, 177.0, 185.0, 174.0]",9.89702320098877,0.0,46.36590576171875,-0.7598915100097656,-121.19419860839844
1750930048.5495572,0.0,0.5,"[174.0, 185.0, 159.0, 139.0, 135.0, 143.0, 177.0, 179.0, 185.0, 174.0]",9.949028015136719,0.0,46.4195556640625,-0.7748928070068359,-121.38522338867188
1750930048.568626,0.0,0.5,"[174.0, 185.0, 159.0, 139.0, 135.0, 143.0, 177.0, 179.0, 185.0, 174.0]",10.038482666015625,0.0,46.473419189453125,-0.7900276184082031,-121.57803344726562
1750930048.5877464,-1.0,0.5,"[174.0, 185.0, 158.0, 138.0, 134.0, 142.0, 177.0, 181.0, 185.0, 174.0]",10.294281005859375,0.0,46.528656005859375,-0.8055438995361328,-121.77578735351562
1750930048.6066496,-1.0,0.5,"[174.0, 185.0, 159.0, 139.0, 134.0, 143.0, 177.0, 179.0, 185.0, 174.0]",9.919756889343262,-0.5,46.59954833984375,-0.8226203918457031,-121.96028137207031
1750930048.6257782,-1.0,0.5,"[174.0, 185.0, 160.0, 140.0, 135.0, 143.0, 178.0, 176.0, 185.0, 174.0]",9.775489807128906,-0.5,46.687103271484375,-0.8414592742919922,-122.13407897949219
1750930048.6448662,-1.0,0.5,"[174.0, 185.0, 161.0, 141.0, 135.0, 144.0, 178.0, 175.0, 185.0, 174.0]",9.66004753112793,-0.5,46.776031494140625,-0.8603038787841797,-122.3045654296875
1750930048.6636312,-1.0,0.5,"[174.0, 185.0, 162.0, 143.0, 136.0, 144.0, 177.0, 172.0, 185.0, 174.0]",9.97331428527832,-0.5,46.871246337890625,-0.8802261352539062,-122.47869873046875
1750930048.681764,-1.0,0.5,"[174.0, 185.0, 164.0, 144.0, 136.0, 145.0, 176.0, 169.0, 185.0, 174.0]",10.081463813781738,-0.5,46.9710693359375,-0.9006633758544922,-122.65267944335938
1750930048.7001846,0.0,0.5,"[174.0, 185.0, 165.0, 144.0, 136.0, 146.0, 175.0, 167.0, 185.0, 174.0]",10.146829605102539,-0.5,47.075592041015625,-0.9216289520263672,-122.82537841796875
1750930048.718989,0.0,0.5,"[174.0, 185.0, 166.0, 144.0, 136.0, 146.0, 175.0, 167.0, 185.0, 174.0]",10.059113502502441,0.0,47.16229248046875,-0.9404621124267578,-123.00592041015625
1750930048.7369564,0.0,0.5,"[174.0, 185.0, 165.0, 143.0, 136.0, 146.0, 176.0, 168.0, 185.0, 174.0]",10.089436531066895,0.0,47.23956298828125,-0.9582672119140625,-123.19146728515625
1750930048.7557147,0.0,0.5,"[174.0, 185.0, 165.0, 143.0, 136.0, 146.0, 176.0, 168.0, 185.0, 174.0]",10.099397659301758,0.0,47.316162109375,-0.9760417938232422,-123.37753295898438
1750930048.7888665,0.0,0.5,"[174.0, 185.0, 164.0, 141.0, 135.0, 145.0, 176.0, 170.0, 185.0, 174.0]",10.250558853149414,0.0,47.39459228515625,-0.9941425323486328,-123.56607055664062
1750930048.8065817,-1.0,0.5,"[174.0, 185.0, 164.0, 141.0, 135.0, 145.0, 176.0, 213.0, 185.0, 174.0]",10.289938926696777,0.0,47.473175048828125,-1.0123729705810547,-123.75540161132812
1750930048.8244052,-1.0,0.5,"[174.0, 185.0, 164.0, 141.0, 135.0, 145.0, 176.0, 202.0, 185.0, 174.0]",10.0206937789917,-0.5,47.56439208984375,-1.0319290161132812,-123.93278503417969
1750930048.843065,-1.0,0.5,"[174.0, 185.0, 167.0, 141.0, 136.0, 146.0, 175.0, 167.0, 185.0, 174.0]",9.806252479553223,-0.5,47.66943359375,-1.0529098510742188,-124.09707641601562
1750930048.8607929,-1.0,0.5,"[174.0, 185.0, 169.0, 141.0, 136.0, 147.0, 174.0, 164.0, 185.0, 174.0]",10.122288703918457,-0.5,47.783447265625,-1.0751972198486328,-124.26287841796875
1750930048.8791537,0.0,0.5,"[174.0, 185.0, 170.0, 143.0, 137.0, 148.0, 174.0, 162.0, 185.0, 174.0]",9.987714767456055,-0.5,47.8983154296875,-1.0974884033203125,-124.42475891113281
1750930048.898149,0.0,0.5,"[174.0, 185.0, 170.0, 143.0, 137.0, 158.0, 173.0, 162.0, 185.0, 174.0]",10.098909378051758,0.0,48.000457763671875,-1.1183013916015625,-124.59776306152344
1750930048.916315,0.0,0.5,"[174.0, 185.0, 169.0, 141.0, 136.0, 148.0, 174.0, 171.0, 185.0, 174.0]",10.177523612976074,0.0,48.089080810546875,-1.1375007629394531,-124.77999877929688
1750930048.9493594,0.0,0.5,"[174.0, 185.0, 169.0, 141.0, 136.0, 147.0, 174.0, 183.0, 185.0, 174.0]",10.229985237121582,0.0,48.181640625,-1.1572513580322266,-124.96139526367188
1750930048.9681075,0.0,0.5,"[174.0, 185.0, 167.0, 140.0, 136.0, 147.0, 174.0, 192.0, 185.0, 174.0]",10.1897554397583,0.0,48.273193359375,-1.1768550872802734,-125.14241027832031
1750930048.9864426,0.0,0.5,"[174.0, 185.0, 167.0, 140.0, 135.0, 147.0, 174.0, 200.0, 185.0, 174.0]",10.568367004394531,0.0,48.368316650390625,-1.197195053100586,-125.330078125
1750930049.0047133,0.0,0.5,"[174.0, 185.0, 165.0, 139.0, 135.0, 147.0, 174.0, 205.0, 185.0, 174.0]",10.338873863220215,0.0,48.461395263671875,-1.2170791625976562,-125.51364135742188
1750930049.0236306,0.0,0.5,"[174.0, 185.0, 164.0, 139.0, 134.0, 146.0, 174.0, 210.0, 185.0, 174.0]",10.678632736206055,0.0,48.5574951171875,-1.2375736236572266,-125.7032470703125
1750930049.042168,0.0,0.5,"[174.0, 185.0, 164.0, 138.0, 134.0, 146.0, 174.0, 211.0, 185.0, 174.0]",10.393939018249512,0.0,48.651153564453125,-1.2574691772460938,-125.88778686523438
1750930049.0601914,0.0,0.5,"[174.0, 185.0, 162.0, 137.0, 133.0, 146.0, 174.0, 214.0, 185.0, 174.0]",10.704913139343262,0.0,48.747650146484375,-1.2779598236083984,-126.07778930664062
1750930049.0781586,-1.0,0.5,"[174.0, 185.0, 161.0, 137.0, 133.0, 145.0, 174.0, 215.0, 185.0, 174.0]",10.622991561889648,0.0,48.84344482421875,-1.2982807159423828,-126.26632690429688
1750930049.0972824,-1.0,0.5,"[174.0, 185.0, 161.0, 137.0, 133.0, 146.0, 174.0, 214.0, 185.0, 174.0]",10.505681037902832,-0.5,48.951202392578125,-1.3200702667236328,-126.44540405273438
1750930049.116335,-1.0,0.5,"[174.0, 185.0, 161.0, 137.0, 134.0, 157.0, 173.0, 211.0, 185.0, 174.0]",10.198321342468262,-0.5,49.073944091796875,-1.3436107635498047,-126.60659790039062
1750930049.1507149,0.0,0.5,"[174.0, 185.0, 161.0, 138.0, 134.0, 157.0, 172.0, 207.0, 185.0, 174.0]",10.548702239990234,-0.5,49.204986572265625,-1.3684158325195312,-126.77008056640625
1750930049.169884,0.0,0.5,"[174.0, 185.0, 161.0, 137.0, 134.0, 157.0, 171.0, 207.0, 185.0, 174.0]",10.231074333190918,0.0,49.31842041015625,-1.3904991149902344,-126.93893432617188
1750930049.189382,0.0,0.5,"[174.0, 185.0, 159.0, 137.0, 134.0, 157.0, 172.0, 209.0, 185.0, 174.0]",10.603802680969238,0.0,49.423736572265625,-1.4116344451904297,-127.12179565429688
1750930049.2077951,0.0,0.5,"[174.0, 185.0, 159.0, 136.0, 133.0, 157.0, 172.0, 211.0, 185.0, 174.0]",10.5088472366333,0.0,49.529144287109375,-1.4326725006103516,-127.30239868164062
1750930049.2262871,0.0,0.5,"[174.0, 185.0, 158.0, 135.0, 133.0, 156.0, 172.0, 212.0, 185.0, 174.0]",10.653643608093262,0.0,49.63604736328125,-1.4537601470947266,-127.48550415039062
1750930049.2451262,-1.0,0.5,"[174.0, 185.0, 156.0, 134.0, 131.0, 156.0, 172.0, 214.0, 185.0, 174.0]",10.772905349731445,0.0,49.744140625,-1.4749412536621094,-127.67068481445312
1750930049.263936,-1.0,0.5,"[174.0, 185.0, 156.0, 134.0, 131.0, 156.0, 171.0, 212.0, 185.0, 174.0]",10.470722198486328,-0.5,49.864898681640625,-1.49774169921875,-127.84024047851562
1750930049.2825763,-1.0,0.5,"[174.0, 185.0, 156.0, 135.0, 133.0, 156.0, 170.0, 209.0, 185.0, 174.0]",10.23381233215332,-0.5,49.99761962890625,-1.5220890045166016,-127.994140625
1750930049.3017309,-1.0,0.5,"[174.0, 185.0, 158.0, 136.0, 134.0, 156.0, 170.0, 206.0, 185.0, 174.0]",10.341559410095215,-0.5,50.136627197265625,-1.547149658203125,-128.14523315429688
1750930049.3205688,0.0,0.5,"[174.0, 185.0, 158.0, 137.0, 135.0, 156.0, 169.0, 203.0, 185.0, 174.0]",10.442473411560059,-0.5,50.278472900390625,-1.5726089477539062,-128.29638671875
1750930049.3396866,0.0,0.5,"[174.0, 185.0, 158.0, 137.0, 136.0, 156.0, 169.0, 203.0, 185.0, 174.0]",10.508668899536133,0.0,50.410369873046875,-1.5964298248291016,-128.45828247070312
1750930049.3587573,0.0,0.5,"[174.0, 185.0, 156.0, 136.0, 135.0, 156.0, 169.0, 204.0, 185.0, 174.0]",10.40086841583252,0.0,50.5267333984375,-1.617696762084961,-128.62939453125
1750930049.3779926,0.0,0.5,"[174.0, 185.0, 155.0, 135.0, 134.0, 156.0, 169.0, 206.0, 185.0, 174.0]",10.643409729003906,0.0,50.64862060546875,-1.6397514343261719,-128.80252075195312
1750930049.397086,0.0,0.5,"[174.0, 185.0, 155.0, 134.0, 134.0, 156.0, 169.0, 207.0, 185.0, 174.0]",10.746474266052246,0.0,50.771331787109375,-1.6619548797607422,-128.97756958007812
1750930049.4159708,0.0,0.5,"[174.0, 185.0, 153.0, 133.0, 133.0, 156.0, 169.0, 207.0, 185.0, 174.0]",10.722128868103027,0.0,50.893768310546875,-1.6839637756347656,-129.15223693847656
1750930049.4503753,-1.0,0.5,"[174.0, 185.0, 151.0, 133.0, 133.0, 155.0, 168.0, 209.0, 185.0, 174.0]",10.624195098876953,0.0,51.015106201171875,-1.7057838439941406,-129.32530212402344
1750930049.4695926,-1.0,0.5,"[174.0, 185.0, 151.0, 133.0, 133.0, 155.0, 168.0, 207.0, 185.0, 174.0]",10.327699661254883,-0.5,51.147979736328125,-1.72918701171875,-129.48171997070312
1750930049.4890618,-1.0,0.5,"[174.0, 185.0, 153.0, 134.0, 134.0, 155.0, 168.0, 205.0, 185.0, 174.0]",10.507022857666016,-0.5,51.29681396484375,-1.754873275756836,-129.62782287597656
1750930049.508251,-1.0,0.5,"[174.0, 185.0, 154.0, 135.0, 135.0, 155.0, 167.0, 203.0, 185.0, 174.0]",10.56881332397461,-0.5,51.450347900390625,-1.7810592651367188,-129.7707061767578
1750930049.5273182,0.0,0.5,"[174.0, 185.0, 155.0, 137.0, 137.0, 155.0, 167.0, 200.0, 185.0, 174.0]",10.671772003173828,-0.5,51.6082763671875,-1.8078384399414062,-129.9117889404297
1750930049.5466073,0.0,0.5,"[174.0, 185.0, 155.0, 137.0, 137.0, 154.0, 167.0, 200.0, 185.0, 174.0]",10.359151840209961,0.0,51.752197265625,-1.8321552276611328,-130.05880737304688
1750930049.566236,0.0,0.5,"[174.0, 185.0, 154.0, 136.0, 137.0, 154.0, 166.0, 201.0, 185.0, 174.0]",10.671945571899414,0.0,51.88787841796875,-1.855142593383789,-130.22195434570312
1750930049.5858495,0.0,0.5,"[174.0, 185.0, 153.0, 135.0, 136.0, 154.0, 166.0, 201.0, 185.0, 174.0]",10.718589782714844,0.0,52.02471923828125,-1.878286361694336,-130.38534545898438
1750930049.604822,-1.0,0.5,"[174.0, 185.0, 151.0, 134.0, 136.0, 154.0, 166.0, 203.0, 185.0, 174.0]",10.71273422241211,0.0,52.16156005859375,-1.9012393951416016,-130.54861450195312
1750930049.62312,-1.0,0.5,"[174.0, 185.0, 153.0, 134.0, 154.0, 153.0, 166.0, 201.0, 185.0, 174.0]",10.405119895935059,-0.5,52.30828857421875,-1.925588607788086,-130.6941680908203
1750930049.6422675,-1.0,0.5,"[174.0, 185.0, 153.0, 136.0, 153.0, 152.0, 164.0, 198.0, 185.0, 174.0]",10.341511726379395,-0.5,52.46807861328125,-1.9518795013427734,-130.82281494140625
1750930049.6613173,-1.0,0.5,"[174.0, 185.0, 155.0, 137.0, 152.0, 151.0, 163.0, 197.0, 185.0, 174.0]",10.467628479003906,-0.5,52.631103515625,-1.9786186218261719,-130.95143127441406
1750930049.6804168,-1.0,0.5,"[174.0, 185.0, 156.0, 139.0, 152.0, 150.0, 162.0, 193.0, 185.0, 174.0]",10.560103416442871,-0.5,52.799468994140625,-2.0060691833496094,-131.07594299316406
1750930049.6993375,0.0,0.5,"[174.0, 185.0, 158.0, 140.0, 152.0, 150.0, 160.0, 192.0, 185.0, 174.0]",10.649728775024414,-0.5,52.970672607421875,-2.0339813232421875,-131.19955444335938
1750930049.7182999,0.0,0.5,"[174.0, 185.0, 158.0, 140.0, 152.0, 149.0, 160.0, 190.0, 185.0, 174.0]",10.594593048095703,0.0,53.132080078125,-2.05999755859375,-131.33433532714844
1750930049.7374966,0.0,0.5,"[174.0, 185.0, 158.0, 139.0, 151.0, 149.0, 160.0, 192.0, 185.0, 174.0]",10.683347702026367,0.0,53.283203125,-2.0841102600097656,-131.48345947265625
1750930049.7561326,-1.0,0.5,"[174.0, 185.0, 156.0, 139.0, 151.0, 148.0, 160.0, 193.0, 185.0, 174.0]",10.534097671508789,0.0,53.43402099609375,-2.108013153076172,-131.62860107421875
1750930049.7904003,-1.0,0.5,"[174.0, 185.0, 156.0, 139.0, 151.0, 148.0, 159.0, 192.0, 185.0, 174.0]",10.433676719665527,-0.5,53.595306396484375,-2.133678436279297,-131.75852966308594
1750930049.8089182,-1.0,0.5,"[174.0, 185.0, 159.0, 141.0, 151.0, 147.0, 158.0, 189.0, 185.0, 174.0]",10.4566011428833,-0.5,53.767547607421875,-2.1611366271972656,-131.87391662597656
1750930049.8280084,-1.0,0.5,"[174.0, 185.0, 161.0, 148.0, 151.0, 146.0, 156.0, 187.0, 185.0, 174.0]",10.339630126953125,-0.5,53.94140625,-2.188739776611328,-131.98239135742188
1750930049.8464918,-1.0,0.5,"[174.0, 185.0, 162.0, 173.0, 151.0, 145.0, 155.0, 185.0, 185.0, 174.0]",10.350564956665039,-0.5,54.117950439453125,-2.2166004180908203,-132.0868682861328
1750930049.8657777,0.0,0.5,"[174.0, 185.0, 164.0, 170.0, 151.0, 144.0, 153.0, 183.0, 185.0, 174.0]",10.67802619934082,-0.5,54.30181884765625,-2.2454681396484375,-132.19158935546875
1750930049.8849125,0.0,0.5,"[174.0, 185.0, 164.0, 170.0, 150.0, 143.0, 152.0, 181.0, 185.0, 174.0]",10.452227592468262,0.0,54.47479248046875,-2.272144317626953,-132.30589294433594
1750930049.904682,0.0,0.5,"[174.0, 185.0, 164.0, 169.0, 150.0, 143.0, 152.0, 183.0, 185.0, 174.0]",10.567410469055176,0.0,54.640411376953125,-2.2972240447998047,-132.43478393554688
1750930049.922822,-1.0,0.5,"[174.0, 185.0, 164.0, 169.0, 150.0, 143.0, 152.0, 183.0, 185.0, 174.0]",10.6104097366333,0.0,54.806732177734375,-2.322256088256836,-132.56417846679688
1750930049.9418623,-1.0,0.5,"[174.0, 185.0, 164.0, 168.0, 150.0, 142.0, 151.0, 183.0, 185.0, 174.0]",10.364959716796875,-0.5,54.97894287109375,-2.3484325408935547,-132.6765899658203
1750930049.9606824,-1.0,0.5,"[174.0, 185.0, 166.0, 166.0, 148.0, 141.0, 149.0, 179.0, 185.0, 174.0]",10.463830947875977,-0.5,55.16302490234375,-2.3767166137695312,-132.7720184326172
1750930049.9801593,-1.0,0.5,"[174.0, 185.0, 169.0, 164.0, 147.0, 141.0, 148.0, 176.0, 185.0, 174.0]",10.506206512451172,-0.5,55.350921630859375,-2.4053611755371094,-132.861572265625
1750930050.0028627,-1.0,0.5,"[174.0, 185.0, 180.0, 164.0, 146.0, 140.0, 148.0, 175.0, 185.0, 174.0]",10.578753471374512,-0.5,55.54083251953125,-2.4342002868652344,-132.95028686523438
1750930050.0221093,-1.0,0.5,"[174.0, 185.0, 227.0, 164.0, 145.0, 139.0, 148.0, 172.0, 185.0, 174.0]",10.599196434020996,-0.5,55.73382568359375,-2.4633941650390625,-133.03302001953125
1750930050.0413826,0.0,0.5,"[174.0, 185.0, 227.0, 164.0, 143.0, 139.0, 147.0, 169.0, 185.0, 174.0]",10.710844039916992,-0.5,55.930084228515625,-2.4929561614990234,-133.1135711669922
1750930050.05965,0.0,0.5,"[174.0, 185.0, 226.0, 164.0, 143.0, 138.0, 146.0, 168.0, 185.0, 174.0]",10.470383644104004,0.0,56.116241455078125,-2.5204296112060547,-133.20545959472656
1750930050.0787148,0.0,0.5,"[174.0, 185.0, 225.0, 163.0, 142.0, 137.0, 145.0, 169.0, 185.0, 174.0]",10.63929557800293,0.0,56.297027587890625,-2.5465965270996094,-133.3146209716797
1750930050.0981312,0.0,0.5,"[174.0, 185.0, 225.0, 163.0, 141.0, 137.0, 144.0, 169.0, 185.0, 174.0]",10.877740859985352,0.0,56.48297119140625,-2.5732879638671875,-133.42434692382812
1750930050.117425,0.0,0.5,"[174.0, 185.0, 223.0, 163.0, 141.0, 136.0, 144.0, 169.0, 185.0, 174.0]",10.789936065673828,0.0,56.66754150390625,-2.5995635986328125,-133.5330352783203
1750930050.1361895,0.0,0.5,"[174.0, 185.0, 221.0, 162.0, 140.0, 136.0, 143.0, 169.0, 185.0, 174.0]",11.06973648071289,0.0,56.85675048828125,-2.62628173828125,-133.6448211669922
1750930050.1701005,1.0,0.5,"[174.0, 185.0, 220.0, 162.0, 139.0, 135.0, 141.0, 170.0, 185.0, 174.0]",10.991320610046387,0.0,57.0447998046875,-2.6525306701660156,-133.75563049316406
1750930050.1888914,1.0,0.5,"[174.0, 185.0, 218.0, 161.0, 139.0, 134.0, 140.0, 172.0, 185.0, 174.0]",10.88292121887207,0.5,57.22100830078125,-2.676340103149414,-133.8811798095703
1750930050.2076614,1.0,0.5,"[174.0, 185.0, 220.0, 160.0, 139.0, 134.0, 140.0, 175.0, 185.0, 174.0]",10.630389213562012,0.5,57.379974365234375,-2.696950912475586,-134.02085876464844
1750930050.2265232,1.0,0.5,"[174.0, 185.0, 220.0, 159.0, 139.0, 133.0, 140.0, 178.0, 185.0, 174.0]",10.661468505859375,0.5,57.536224365234375,-2.7167606353759766,-134.1645965576172
1750930050.2444055,1.0,0.5,"[174.0, 185.0, 220.0, 159.0, 139.0, 133.0, 141.0, 176.0, 185.0, 174.0]",10.818622589111328,0.5,57.692535400390625,-2.7361679077148438,-134.3129425048828
1750930050.2629187,1.0,0.5,"[174.0, 185.0, 221.0, 158.0, 139.0, 131.0, 141.0, 175.0, 185.0, 174.0]",10.784643173217773,0.5,57.84368896484375,-2.754274368286133,-134.4657440185547
1750930050.281573,1.0,0.5,"[174.0, 185.0, 221.0, 156.0, 139.0, 131.0, 143.0, 172.0, 185.0, 174.0]",10.771092414855957,0.5,57.99310302734375,-2.771818161010742,-134.61993408203125
1750930050.3001513,1.0,0.5,"[174.0, 185.0, 221.0, 155.0, 139.0, 131.0, 143.0, 170.0, 185.0, 174.0]",10.929912567138672,0.5,58.139984130859375,-2.7884483337402344,-134.78097534179688
1750930050.3195724,1.0,0.5,"[174.0, 185.0, 221.0, 153.0, 139.0, 131.0, 143.0, 169.0, 185.0, 174.0]",11.05178165435791,0.5,58.285308837890625,-2.804370880126953,-134.94676208496094
1750930050.3384976,1.0,0.5,"[174.0, 185.0, 223.0, 152.0, 139.0, 131.0, 143.0, 169.0, 185.0, 174.0]",11.072147369384766,0.5,58.427734375,-2.8194580078125,-135.11566162109375
1750930050.3571947,1.0,0.5,"[174.0, 185.0, 223.0, 152.0, 138.0, 130.0, 141.0, 170.0, 185.0, 174.0]",11.201522827148438,0.5,58.56732177734375,-2.833467483520508,-135.29031372070312
1750930050.3760014,1.0,0.5,"[174.0, 185.0, 225.0, 152.0, 136.0, 130.0, 140.0, 171.0, 185.0, 174.0]",11.151949882507324,0.5,58.702972412109375,-2.846324920654297,-135.46688842773438
1750930050.4099135,0.0,0.5,"[174.0, 185.0, 227.0, 152.0, 135.0, 130.0, 140.0, 172.0, 185.0, 174.0]",11.168073654174805,0.5,58.834197998046875,-2.857912063598633,-135.6472625732422
1750930050.4286075,0.0,0.5,"[174.0, 185.0, 227.0, 152.0, 134.0, 130.0, 139.0, 172.0, 185.0, 174.0]",11.078778266906738,0.0,58.9801025390625,-2.8718814849853516,-135.81344604492188
1750930050.4483893,0.0,0.5,"[174.0, 185.0, 221.0, 149.0, 134.0, 129.0, 138.0, 170.0, 185.0, 174.0]",11.225737571716309,0.0,59.13818359375,-2.887592315673828,-135.9720916748047
1750930050.4676757,0.0,0.5,"[174.0, 185.0, 220.0, 148.0, 133.0, 128.0, 137.0, 170.0, 185.0, 174.0]",11.091569900512695,0.0,59.293609619140625,-2.9025230407714844,-136.12966918945312
1750930050.4863782,0.0,0.5,"[174.0, 185.0, 218.0, 147.0, 131.0, 127.0, 136.0, 169.0, 185.0, 174.0]",11.235295295715332,0.0,59.450775146484375,-2.9173622131347656,-136.2895965576172
1750930050.504654,0.0,0.5,"[174.0, 185.0, 217.0, 145.0, 130.0, 126.0, 134.0, 168.0, 185.0, 174.0]",11.389814376831055,0.0,59.610595703125,-2.932159423828125,-136.45123291015625
1750930050.5237148,0.0,0.5,"[174.0, 185.0, 215.0, 144.0, 129.0, 125.0, 133.0, 165.0, 185.0, 174.0]",11.414374351501465,0.0,59.77093505859375,-2.9467105865478516,-136.6130828857422
1750930050.5424473,0.0,0.5,"[174.0, 185.0, 212.0, 143.0, 128.0, 124.0, 132.0, 164.0, 185.0, 174.0]",11.422591209411621,0.0,59.9305419921875,-2.960865020751953,-136.77589416503906
1750930050.560952,0.0,0.5,"[174.0, 185.0, 211.0, 140.0, 127.0, 123.0, 131.0, 162.0, 185.0, 174.0]",11.604696273803711,0.0,60.093658447265625,-2.975198745727539,-136.9403839111328
1750930050.58005,0.0,0.5,"[174.0, 185.0, 207.0, 139.0, 126.0, 121.0, 130.0, 160.0, 185.0, 174.0]",11.440398216247559,0.0,60.25390625,-2.988964080810547,-137.10311889648438
1750930050.5987763,0.0,0.5,"[174.0, 185.0, 206.0, 138.0, 125.0, 120.0, 128.0, 158.0, 185.0, 174.0]",11.801961898803711,0.0,60.419647216796875,-3.003084182739258,-137.27061462402344
1750930050.61815,1.0,0.5,"[174.0, 185.0, 204.0, 138.0, 124.0, 119.0, 126.0, 156.0, 185.0, 174.0]",11.652239799499512,0.0,60.583221435546875,-3.0168418884277344,-137.43600463867188
1750930050.6371987,1.0,0.5,"[174.0, 185.0, 203.0, 137.0, 122.0, 118.0, 125.0, 154.0, 185.0, 174.0]",11.573102951049805,0.5,60.735931396484375,-3.0285491943359375,-137.60955810546875
1750930050.6560853,1.0,0.5,"[174.0, 185.0, 204.0, 134.0, 121.0, 118.0, 125.0, 153.0, 185.0, 174.0]",11.4473295211792,0.5,60.873443603515625,-3.0374908447265625,-137.7924041748047
1750930050.690021,1.0,0.5,"[174.0, 185.0, 206.0, 134.0, 120.0, 118.0, 124.0, 151.0, 185.0, 174.0]",11.275004386901855,0.5,60.998931884765625,-3.044414520263672,-137.97962951660156
1750930050.7095482,1.0,0.5,"[174.0, 185.0, 207.0, 134.0, 119.0, 118.0, 124.0, 150.0, 185.0, 174.0]",11.451523780822754,0.5,61.1214599609375,-3.050495147705078,-138.17303466796875
1750930050.728225,1.0,0.5,"[174.0, 185.0, 211.0, 134.0, 118.0, 118.0, 124.0, 150.0, 185.0, 174.0]",11.372809410095215,0.5,61.237335205078125,-3.055450439453125,-138.3686981201172
1750930050.7468371,1.0,0.5,"[174.0, 185.0, 212.0, 136.0, 117.0, 117.0, 124.0, 148.0, 185.0, 174.0]",11.704388618469238,0.5,61.352935791015625,-3.059925079345703,-138.5721893310547
1750930050.765229,1.0,0.5,"[174.0, 185.0, 223.0, 136.0, 116.0, 116.0, 124.0, 148.0, 185.0, 174.0]",11.444243431091309,0.5,61.461273193359375,-3.0634899139404297,-138.77378845214844
1750930050.7839475,1.0,0.5,"[174.0, 185.0, 221.0, 137.0, 115.0, 115.0, 124.0, 147.0, 185.0, 174.0]",11.747703552246094,0.5,61.567962646484375,-3.0664291381835938,-138.98309326171875
1750930050.802482,1.0,0.5,"[174.0, 185.0, 221.0, 138.0, 114.0, 114.0, 124.0, 147.0, 185.0, 174.0]",11.38940143585205,0.5,61.666595458984375,-3.068452835083008,-139.18841552734375
1750930050.8208678,1.0,0.5,"[174.0, 185.0, 220.0, 138.0, 114.0, 112.0, 124.0, 147.0, 185.0, 174.0]",11.679817199707031,0.5,61.762786865234375,-3.069711685180664,-139.40127563476562
1750930050.838455,1.0,0.5,"[174.0, 185.0, 218.0, 140.0, 113.0, 111.0, 124.0, 147.0, 185.0, 174.0]",11.6050443649292,0.5,61.8538818359375,-3.0702762603759766,-139.61474609375
1750930050.8566697,1.0,0.5,"[174.0, 185.0, 218.0, 140.0, 110.0, 110.0, 123.0, 147.0, 185.0, 174.0]",11.794751167297363,0.5,61.94012451171875,-3.0698814392089844,-139.8343048095703
1750930050.888879,1.0,0.5,"[174.0, 185.0, 217.0, 143.0, 110.0, 109.0, 121.0, 147.0, 185.0, 174.0]",11.79900074005127,0.5,62.0230712890625,-3.0689773559570312,-140.05523681640625
1750930050.9066231,1.0,0.5,"[174.0, 185.0, 217.0, 144.0, 110.0, 108.0, 118.0, 147.0, 185.0, 174.0]",11.817014694213867,0.5,62.098907470703125,-3.067005157470703,-140.27906799316406
1750930050.9246953,1.0,0.5,"[174.0, 185.0, 215.0, 145.0, 111.0, 107.0, 117.0, 147.0, 185.0, 174.0]",11.836939811706543,0.5,62.171234130859375,-3.0645694732666016,-140.5044708251953
1750930050.942812,1.0,0.5,"[174.0, 185.0, 215.0, 147.0, 111.0, 105.0, 115.0, 146.0, 185.0, 174.0]",11.838332176208496,0.5,62.236785888671875,-3.0611438751220703,-140.73196411132812
1750930050.960873,1.0,0.5,"[174.0, 185.0, 214.0, 148.0, 112.0, 104.0, 114.0, 142.0, 185.0, 174.0]",11.84791374206543,0.5,62.298736572265625,-3.057188034057617,-140.9606475830078
1750930050.9788642,1.0,0.5,"[174.0, 185.0, 212.0, 151.0, 113.0, 100.0, 111.0, 140.0, 185.0, 174.0]",12.009247779846191,0.5,62.354400634765625,-3.052095413208008,-141.19424438476562
1750930050.9957507,1.0,0.5,"[174.0, 185.0, 212.0, 153.0, 114.0, 101.0, 110.0, 137.0, 185.0, 174.0]",11.814056396484375,0.5,62.404327392578125,-3.046377182006836,-141.42510986328125
1750930051.026949,1.0,0.5,"[174.0, 185.0, 211.0, 155.0, 115.0, 101.0, 108.0, 134.0, 185.0, 174.0]",11.951727867126465,0.5,62.44873046875,-3.039701461791992,-141.65989685058594
1750930051.0449224,1.0,0.5,"[174.0, 185.0, 210.0, 158.0, 116.0, 101.0, 107.0, 131.0, 185.0, 174.0]",12.053067207336426,0.5,62.48785400390625,-3.0321712493896484,-141.89764404296875
1750930051.062824,1.0,0.5,"[174.0, 185.0, 209.0, 161.0, 117.0, 102.0, 106.0, 128.0, 185.0, 174.0]",12.084287643432617,0.5,62.522125244140625,-3.0239124298095703,-142.13674926757812
1750930051.0810134,1.0,0.5,"[174.0, 185.0, 207.0, 168.0, 118.0, 102.0, 101.0, 125.0, 185.0, 174.0]",12.105050086975098,0.5,62.549407958984375,-3.0145702362060547,-142.3771209716797
1750930051.099,1.0,0.5,"[174.0, 185.0, 207.0, 167.0, 120.0, 103.0, 102.0, 123.0, 180.0, 174.0]",12.067100524902344,0.5,62.571533203125,-3.004476547241211,-142.6172332763672
1750930051.117029,1.0,0.5,"[174.0, 185.0, 206.0, 167.0, 121.0, 104.0, 102.0, 120.0, 173.0, 174.0]",12.040013313293457,0.5,62.587249755859375,-2.9934558868408203,-142.85726928710938
1750930051.1345596,1.0,0.5,"[174.0, 185.0, 204.0, 166.0, 122.0, 105.0, 102.0, 113.0, 169.0, 174.0]",12.154318809509277,0.5,62.5982666015625,-2.9816246032714844,-143.09982299804688
1750930051.1807642,1.0,0.5,"[174.0, 185.0, 204.0, 164.0, 124.0, 106.0, 103.0, 113.0, 164.0, 174.0]",12.163908958435059,0.5,62.601593017578125,-2.968608856201172,-143.3427276611328
1750930051.199178,1.0,0.5,"[174.0, 185.0, 203.0, 164.0, 126.0, 107.0, 104.0, 114.0, 159.0, 174.0]",12.134745597839355,0.5,62.60125732421875,-2.955028533935547,-143.5850372314453
1750930051.2009451,1.0,0.5,"[174.0, 185.0, 203.0, 164.0, 126.0, 107.0, 104.0, 114.0, 159.0, 174.0]",12.132890701293945,0.5,62.592864990234375,-2.940204620361328,-143.8271026611328
1750930051.2190974,1.0,0.5,"[174.0, 185.0, 201.0, 162.0, 130.0, 110.0, 106.0, 116.0, 147.0, 174.0]",12.356350898742676,0.5,62.579254150390625,-2.9242820739746094,-144.07333374023438
1750930051.2376704,1.0,0.5,"[174.0, 185.0, 200.0, 161.0, 133.0, 111.0, 107.0, 116.0, 147.0, 174.0]",12.196516990661621,0.5,62.5592041015625,-2.907512664794922,-144.31585693359375
1750930051.2557006,1.0,0.5,"[174.0, 185.0, 200.0, 161.0, 135.0, 113.0, 108.0, 117.0, 147.0, 174.0]",12.359698295593262,0.5,62.533233642578125,-2.889657974243164,-144.56103515625
1750930051.290032,1.0,0.5,"[174.0, 185.0, 198.0, 160.0, 138.0, 114.0, 110.0, 119.0, 148.0, 174.0]",12.230595588684082,0.5,62.501373291015625,-2.8710250854492188,-144.8028564453125
1750930051.3098376,1.0,0.5,"[174.0, 185.0, 198.0, 159.0, 148.0, 116.0, 111.0, 120.0, 150.0, 174.0]",12.22872543334961,0.5,62.463653564453125,-2.8514270782470703,-145.043701171875
1750930051.3293958,1.0,0.5,"[174.0, 185.0, 197.0, 159.0, 148.0, 118.0, 113.0, 121.0, 151.0, 174.0]",12.38315200805664,0.5,62.4197998046875,-2.8306617736816406,-145.28656005859375
1750930051.3496466,1.0,0.5,"[174.0, 185.0, 194.0, 158.0, 147.0, 120.0, 115.0, 123.0, 153.0, 174.0]",12.14638614654541,0.5,62.369598388671875,-2.809175491333008,-145.5232696533203
1750930051.3697069,1.0,0.5,"[174.0, 185.0, 192.0, 156.0, 146.0, 122.0, 116.0, 125.0, 155.0, 174.0]",12.307890892028809,0.5,62.313995361328125,-2.7864933013916016,-145.76199340820312
1750930051.3897686,1.0,0.5,"[174.0, 185.0, 190.0, 156.0, 145.0, 124.0, 118.0, 127.0, 157.0, 174.0]",12.271862983703613,0.5,62.25201416015625,-2.762819290161133,-145.998291015625
1750930051.4094357,1.0,0.5,"[174.0, 185.0, 188.0, 155.0, 145.0, 127.0, 121.0, 129.0, 160.0, 174.0]",12.27370834350586,0.5,62.18408203125,-2.7381534576416016,-146.23287963867188
1750930051.4293036,1.0,0.5,"[174.0, 185.0, 186.0, 154.0, 144.0, 129.0, 123.0, 131.0, 162.0, 174.0]",12.60856819152832,0.5,62.108154296875,-2.7118186950683594,-146.47190856933594
1750930051.4491835,1.0,0.5,"[174.0, 185.0, 184.0, 154.0, 143.0, 131.0, 125.0, 134.0, 165.0, 174.0]",12.29759407043457,0.5,62.0283203125,-2.6851539611816406,-146.7030029296875
1750930051.4690762,1.0,0.5,"[174.0, 185.0, 181.0, 153.0, 142.0, 149.0, 128.0, 136.0, 168.0, 174.0]",12.616850852966309,0.5,61.940765380859375,-2.656900405883789,-146.93795776367188
1750930051.4887638,1.0,0.5,"[174.0, 185.0, 179.0, 154.0, 149.0, 148.0, 130.0, 139.0, 172.0, 174.0]",12.241765022277832,0.5,61.85015869140625,-2.628631591796875,-147.1636505126953
1750930051.5087895,1.0,0.5,"[174.0, 185.0, 177.0, 152.0, 141.0, 147.0, 132.0, 142.0, 176.0, 174.0]",12.508957862854004,0.5,61.751708984375,-2.598897933959961,-147.39170837402344
1750930051.5288694,1.0,0.5,"[174.0, 185.0, 175.0, 151.0, 140.0, 146.0, 134.0, 145.0, 179.0, 174.0]",12.338013648986816,0.5,61.64813232421875,-2.5686187744140625,-147.61361694335938
1750930051.548774,1.0,0.5,"[174.0, 185.0, 172.0, 148.0, 139.0, 145.0, 138.0, 147.0, 184.0, 174.0]",12.547920227050781,0.5,61.537811279296875,-2.5370635986328125,-147.83680725097656
1750930051.5690343,1.0,0.5,"[174.0, 185.0, 170.0, 146.0, 142.0, 144.0, 140.0, 151.0, 185.0, 174.0]",12.43186092376709,0.5,61.423126220703125,-2.5050106048583984,-148.05506896972656
1750930051.5898037,1.0,0.5,"[174.0, 185.0, 167.0, 145.0, 138.0, 144.0, 143.0, 154.0, 185.0, 174.0]",12.323197364807129,0.5,61.3031005859375,-2.47247314453125,-148.2678680419922
1750930051.6103296,1.0,0.5,"[174.0, 185.0, 165.0, 143.0, 137.0, 143.0, 160.0, 158.0, 185.0, 174.0]",12.429803848266602,0.5,61.1768798828125,-2.438976287841797,-148.47940063476562
1750930051.6306038,1.0,0.5,"[174.0, 185.0, 162.0, 140.0, 137.0, 142.0, 168.0, 161.0, 185.0, 174.0]",12.547500610351562,0.5,61.0445556640625,-2.4044532775878906,-148.68980407714844
1750930051.651271,1.0,0.5,"[174.0, 185.0, 160.0, 138.0, 136.0, 141.0, 167.0, 164.0, 185.0, 174.0]",12.25572395324707,0.5,60.909332275390625,-2.370046615600586,-148.89134216308594
1750930051.6702864,0.0,0.5,"[174.0, 185.0, 158.0, 137.0, 134.0, 140.0, 166.0, 167.0, 185.0, 174.0]",12.389102935791016,0.5,60.76873779296875,-2.334848403930664,-149.09230041503906
1750930051.6896813,0.0,0.5,"[174.0, 185.0, 156.0, 135.0, 133.0, 140.0, 164.0, 169.0, 185.0, 174.0]",12.624598503112793,0.0,60.6375732421875,-2.2996902465820312,-149.30517578125
1750930051.7086768,0.0,0.5,"[174.0, 185.0, 155.0, 134.0, 131.0, 139.0, 164.0, 169.0, 185.0, 174.0]",12.237727165222168,0.0,60.52325439453125,-2.2665977478027344,-149.51904296875
1750930051.728068,0.0,0.5,"[174.0, 185.0, 154.0, 133.0, 131.0, 139.0, 163.0, 169.0, 185.0, 174.0]",12.559134483337402,0.0,60.408599853515625,-2.23284912109375,-149.73997497558594
1750930051.7491388,0.0,0.5,"[174.0, 185.0, 153.0, 133.0, 130.0, 139.0, 163.0, 172.0, 185.0, 174.0]",12.310131072998047,0.0,60.296539306640625,-2.199636459350586,-149.95668029785156
1750930051.7730114,0.0,0.5,"[174.0, 185.0, 151.0, 132.0, 130.0, 139.0, 163.0, 175.0, 185.0, 174.0]",12.447778701782227,0.0,60.183013916015625,-2.1659374237060547,-150.1756591796875
1750930051.7947712,0.0,0.5,"[174.0, 185.0, 151.0, 132.0, 130.0, 138.0, 162.0, 176.0, 185.0, 174.0]",12.475086212158203,0.0,60.06951904296875,-2.132139205932617,-150.395263671875
1750930051.8154635,0.0,0.5,"[174.0, 185.0, 150.0, 131.0, 129.0, 138.0, 162.0, 179.0, 185.0, 174.0]",12.69813060760498,0.0,59.9541015625,-2.0976524353027344,-150.6188507080078
1750930051.836905,0.0,0.5,"[174.0, 185.0, 150.0, 131.0, 129.0, 138.0, 162.0, 181.0, 185.0, 174.0]",12.556600570678711,0.0,59.839630126953125,-2.063396453857422,-150.83973693847656
1750930051.8585453,0.0,0.5,"[174.0, 185.0, 148.0, 130.0, 128.0, 138.0, 161.0, 184.0, 185.0, 174.0]",12.682747840881348,0.0,59.724273681640625,-2.028696060180664,-151.06295776367188
1750930051.8605294,0.0,0.5,"[174.0, 185.0, 148.0, 130.0, 128.0, 138.0, 161.0, 184.0, 185.0, 174.0]",12.572937965393066,0.0,59.609710693359375,-1.9942455291748047,-151.2841339111328
1750930051.8815014,0.0,0.5,"[174.0, 185.0, 147.0, 129.0, 127.0, 137.0, 161.0, 188.0, 185.0, 174.0]",12.776293754577637,0.0,59.493682861328125,-1.9591789245605469,-151.5090789794922
1750930051.9017816,0.0,0.5,"[174.0, 185.0, 146.0, 129.0, 126.0, 137.0, 160.0, 189.0, 185.0, 174.0]",12.607078552246094,0.0,59.378814697265625,-1.9244155883789062,-151.73081970214844
1750930051.9220214,0.0,0.5,"[174.0, 185.0, 145.0, 128.0, 126.0, 137.0, 160.0, 190.0, 185.0, 174.0]",12.691049575805664,0.0,59.263336181640625,-1.889333724975586,-151.95411682128906
1750930051.9412231,0.0,0.5,"[174.0, 185.0, 144.0, 128.0, 125.0, 137.0, 160.0, 192.0, 185.0, 174.0]",12.526900291442871,0.0,59.14910888671875,-1.8546333312988281,-152.17437744140625
1750930051.961034,0.0,0.5,"[174.0, 185.0, 144.0, 126.0, 125.0, 137.0, 160.0, 193.0, 185.0, 174.0]",12.890384674072266,0.0,59.031890869140625,-1.8189525604248047,-152.40121459960938
1750930051.9806662,0.0,0.5,"[174.0, 185.0, 142.0, 126.0, 124.0, 137.0, 159.0, 195.0, 185.0, 174.0]",12.530399322509766,0.0,58.91796875,-1.7841949462890625,-152.6217041015625
1750930051.9994473,-1.0,0.5,"[174.0, 185.0, 142.0, 125.0, 124.0, 136.0, 159.0, 197.0, 185.0, 174.0]",12.787750244140625,0.0,58.80169677734375,-1.7486629486083984,-152.84671020507812
1750930052.0189664,-1.0,0.5,"[174.0, 185.0, 141.0, 125.0, 124.0, 136.0, 159.0, 196.0, 185.0, 174.0]",12.340829849243164,-0.5,58.702728271484375,-1.7153263092041016,-153.0703582763672
1750930052.0380125,-1.0,0.5,"[174.0, 185.0, 142.0, 126.0, 124.0, 137.0, 159.0, 193.0, 185.0, 174.0]",12.26113510131836,-0.5,58.618865966796875,-1.6834754943847656,-153.29856872558594
1750930052.0571399,-1.0,0.5,"[174.0, 185.0, 144.0, 128.0, 125.0, 137.0, 160.0, 190.0, 185.0, 174.0]",12.298954010009766,-0.5,58.550201416015625,-1.6530094146728516,-153.5327911376953
1750930052.0770693,-1.0,0.5,"[174.0, 185.0, 145.0, 129.0, 126.0, 137.0, 160.0, 187.0, 185.0, 174.0]",12.12539291381836,-0.5,58.490570068359375,-1.6237163543701172,-153.76602172851562
1750930052.0970247,-1.0,0.5,"[174.0, 185.0, 147.0, 130.0, 127.0, 138.0, 161.0, 183.0, 185.0, 174.0]",12.406984329223633,-0.5,58.434783935546875,-1.5942535400390625,-154.00601196289062
1750930052.1172569,-1.0,0.5,"[174.0, 185.0, 149.0, 131.0, 129.0, 138.0, 161.0, 180.0, 185.0, 174.0]",12.20016098022461,-0.5,58.386138916015625,-1.5659294128417969,-154.24342346191406
1750930052.1368377,-1.0,0.5,"[174.0, 185.0, 151.0, 132.0, 130.0, 138.0, 162.0, 176.0, 185.0, 174.0]",12.432645797729492,-0.5,58.342254638671875,-1.537567138671875,-154.4865264892578
1750930052.1565876,-1.0,0.5,"[174.0, 185.0, 153.0, 133.0, 131.0, 139.0, 162.0, 173.0, 185.0, 174.0]",12.202520370483398,-0.5,58.305419921875,-1.5102996826171875,-154.7262420654297
1750930052.1918314,-1.0,0.5,"[174.0, 185.0, 155.0, 134.0, 133.0, 139.0, 163.0, 170.0, 185.0, 174.0]",12.49638843536377,-0.5,58.273468017578125,-1.4829635620117188,-154.9726104736328
1750930052.2114053,-1.0,0.5,"[174.0, 185.0, 156.0, 136.0, 135.0, 139.0, 161.0, 166.0, 185.0, 174.0]",12.30657958984375,-0.5,58.248504638671875,-1.4566593170166016,-155.216064453125
1750930052.2309737,-1.0,0.5,"[174.0, 185.0, 158.0, 137.0, 136.0, 140.0, 159.0, 163.0, 185.0, 174.0]",12.402078628540039,-0.5,58.228973388671875,-1.4306526184082031,-155.4619598388672
1750930052.251525,-1.0,0.5,"[174.0, 185.0, 159.0, 138.0, 136.0, 140.0, 155.0, 159.0, 185.0, 174.0]",12.20400333404541,-0.5,58.216552734375,-1.4056682586669922,-155.70443725585938
1750930052.27128,-1.0,0.5,"[174.0, 185.0, 161.0, 140.0, 136.0, 141.0, 152.0, 156.0, 182.0, 174.0]",12.538817405700684,-0.5,58.209564208984375,-1.3806171417236328,-155.953857421875
1750930052.2905424,0.0,0.5,"[174.0, 185.0, 162.0, 141.0, 136.0, 141.0, 149.0, 151.0, 177.0, 174.0]",12.205376625061035,-0.5,58.2088623046875,-1.3567943572998047,-156.19679260253906
1750930052.3102763,0.0,0.5,"[174.0, 185.0, 162.0, 141.0, 137.0, 141.0, 148.0, 150.0, 176.0, 174.0]",12.392207145690918,0.0,58.19415283203125,-1.3310661315917969,-156.44285583496094
1750930052.3297203,0.0,0.5,"[174.0, 185.0, 162.0, 141.0, 137.0, 141.0, 148.0, 151.0, 176.0, 174.0]",12.311790466308594,0.0,58.160614013671875,-1.3036231994628906,-156.68524169921875
1750930052.3488865,0.0,0.5,"[174.0, 185.0, 162.0, 141.0, 137.0, 141.0, 148.0, 151.0, 178.0, 174.0]",12.49321174621582,0.0,58.126922607421875,-1.2756481170654297,-156.93124389648438
1750930052.3684359,0.0,0.5,"[174.0, 185.0, 162.0, 141.0, 136.0, 141.0, 148.0, 153.0, 179.0, 174.0]",12.341880798339844,0.0,58.09332275390625,-1.2478103637695312,-157.1741943359375
1750930052.3882446,0.0,0.5,"[174.0, 185.0, 162.0, 141.0, 136.0, 141.0, 148.0, 153.0, 179.0, 174.0]",12.523000717163086,0.0,58.0594482421875,-1.2193965911865234,-157.42071533203125
1750930052.4076033,0.0,0.5,"[174.0, 185.0, 161.0, 141.0, 136.0, 141.0, 148.0, 153.0, 180.0, 174.0]",12.432699203491211,0.0,58.025665283203125,-1.191070556640625,-157.66543579101562
1750930052.427148,0.0,0.5,"[174.0, 185.0, 161.0, 141.0, 136.0, 140.0, 149.0, 154.0, 182.0, 174.0]",12.596747398376465,0.0,57.991668701171875,-1.1622257232666016,-157.91339111328125
1750930052.4471536,0.0,0.5,"[174.0, 185.0, 161.0, 140.0, 136.0, 140.0, 149.0, 155.0, 182.0, 174.0]",12.432992935180664,0.0,57.957916259765625,-1.1335697174072266,-158.1580810546875
1750930052.4667373,0.0,0.5,"[174.0, 185.0, 160.0, 140.0, 136.0, 140.0, 149.0, 155.0, 183.0, 174.0]",12.559700012207031,0.0,57.923980712890625,-1.1044788360595703,-158.40525817871094
1750930052.4859724,0.0,0.5,"[174.0, 185.0, 160.0, 140.0, 136.0, 140.0, 149.0, 155.0, 184.0, 174.0]",12.396071434020996,0.0,57.8902587890625,-1.0756397247314453,-158.64918518066406
1750930052.50518,0.0,0.5,"[174.0, 185.0, 159.0, 140.0, 136.0, 140.0, 150.0, 155.0, 185.0, 174.0]",12.669424057006836,0.0,57.8560791015625,-1.0460586547851562,-158.89849853515625
1750930052.52494,0.0,0.5,"[174.0, 185.0, 159.0, 139.0, 136.0, 140.0, 150.0, 156.0, 185.0, 174.0]",12.4203462600708,0.0,57.82257080078125,-1.0169334411621094,-159.14291381835938
1750930052.5448155,0.0,0.5,"[174.0, 185.0, 159.0, 139.0, 136.0, 140.0, 150.0, 156.0, 185.0, 174.0]",12.694591522216797,0.0,57.788116455078125,-0.9870719909667969,-159.39268493652344
1750930052.5655725,0.0,0.5,"[174.0, 185.0, 158.0, 139.0, 136.0, 139.0, 151.0, 156.0, 185.0, 174.0]",12.643694877624512,0.0,57.753875732421875,-0.9572982788085938,-159.64144897460938
1750930052.5849192,0.0,0.5,"[174.0, 185.0, 158.0, 139.0, 135.0, 139.0, 151.0, 158.0, 185.0, 174.0]",12.5601806640625,0.0,57.719940185546875,-0.9276599884033203,-159.88858032226562
1750930052.604529,0.0,0.5,"[174.0, 185.0, 158.0, 138.0, 135.0, 139.0, 150.0, 158.0, 185.0, 174.0]",12.493115425109863,0.0,57.6861572265625,-0.8980808258056641,-160.13436889648438
1750930052.6244373,-1.0,0.5,"[174.0, 185.0, 156.0, 138.0, 135.0, 139.0, 149.0, 158.0, 185.0, 174.0]",12.498392105102539,0.0,57.652313232421875,-0.8684425354003906,-160.3802490234375
1750930052.6439977,-1.0,0.5,"[174.0, 185.0, 158.0, 139.0, 135.0, 139.0, 148.0, 156.0, 185.0, 174.0]",12.51747989654541,-0.5,57.634063720703125,-0.8399314880371094,-160.6282958984375
1750930052.6634,-1.0,0.5,"[174.0, 185.0, 159.0, 140.0, 135.0, 139.0, 147.0, 153.0, 184.0, 174.0]",12.11449146270752,-0.5,57.635284423828125,-0.8139152526855469,-160.8691864013672
1750930052.682527,0.0,0.5,"[174.0, 185.0, 160.0, 143.0, 135.0, 139.0, 144.0, 150.0, 179.0, 174.0]",12.192733764648438,-0.5,57.650238037109375,-0.7889823913574219,-161.11129760742188
1750930052.7014124,0.0,0.5,"[174.0, 185.0, 161.0, 145.0, 135.0, 139.0, 143.0, 148.0, 177.0, 174.0]",12.146275520324707,0.0,57.648284912109375,-0.7626094818115234,-161.352783203125
1750930052.72176,0.0,0.5,"[174.0, 185.0, 161.0, 145.0, 135.0, 139.0, 143.0, 148.0, 177.0, 174.0]",12.283059120178223,0.0,57.632904052734375,-0.7348175048828125,-161.5963897705078
1750930052.7415438,0.0,0.5,"[174.0, 185.0, 160.0, 145.0, 135.0, 139.0, 143.0, 148.0, 178.0, 174.0]",12.06167221069336,0.0,57.616180419921875,-0.7073440551757812,-161.83546447753906
1750930052.7613368,0.0,0.5,"[174.0, 185.0, 160.0, 145.0, 135.0, 138.0, 143.0, 148.0, 178.0, 174.0]",12.244746208190918,0.0,57.598785400390625,-0.6792755126953125,-162.078125
1750930052.7805336,0.0,0.5,"[174.0, 185.0, 159.0, 145.0, 135.0, 138.0, 142.0, 149.0, 179.0, 174.0]",12.30507755279541,0.0,57.581634521484375,-0.6510257720947266,-162.32199096679688
1750930052.799736,0.0,0.5,"[174.0, 185.0, 159.0, 145.0, 135.0, 138.0, 141.0, 149.0, 179.0, 174.0]",12.216629981994629,0.0,57.564239501953125,-0.6228923797607422,-162.56407165527344
1750930052.8187435,0.0,0.5,"[174.0, 185.0, 159.0, 145.0, 135.0, 138.0, 141.0, 149.0, 179.0, 174.0]",12.360950469970703,0.0,57.546875,-0.5943794250488281,-162.80902099609375
1750930052.8379605,0.0,0.5,"[174.0, 185.0, 159.0, 145.0, 134.0, 138.0, 141.0, 149.0, 179.0, 174.0]",12.24014663696289,0.0,57.529296875,-0.566070556640625,-163.05154418945312
1750930052.857171,0.0,0.5,"[174.0, 185.0, 159.0, 145.0, 134.0, 138.0, 141.0, 150.0, 179.0, 174.0]",12.558982849121094,0.0,57.511566162109375,-0.5370731353759766,-163.3004150390625
1750930052.8767276,0.0,0.5,"[174.0, 185.0, 159.0, 146.0, 134.0, 138.0, 140.0, 150.0, 179.0, 174.0]",12.290181159973145,0.0,57.4942626953125,-0.5087223052978516,-163.54396057128906
1750930052.8972447,0.0,0.5,"[174.0, 185.0, 158.0, 146.0, 134.0, 138.0, 140.0, 150.0, 180.0, 174.0]",12.604619026184082,0.0,57.47650146484375,-0.4796581268310547,-163.7937469482422
1750930052.9166915,0.0,0.5,"[174.0, 185.0, 158.0, 146.0, 134.0, 138.0, 140.0, 150.0, 180.0, 174.0]",12.300219535827637,0.0,57.4591064453125,-0.4513702392578125,-164.03750610351562
1750930052.9510725,0.0,0.5,"[174.0, 185.0, 158.0, 146.0, 134.0, 137.0, 140.0, 150.0, 181.0, 174.0]",12.570272445678711,0.0,57.441192626953125,-0.4225444793701172,-164.28660583496094
1750930052.970742,0.0,0.5,"[174.0, 185.0, 158.0, 147.0, 134.0, 137.0, 140.0, 150.0, 181.0, 174.0]",12.312864303588867,0.0,57.423736572265625,-0.3944377899169922,-164.53062438964844
1750930052.9895473,0.0,0.5,"[174.0, 185.0, 158.0, 147.0, 134.0, 137.0, 140.0, 151.0, 182.0, 174.0]",12.574736595153809,0.0,57.406158447265625,-0.3658447265625,-164.77987670898438
1750930053.0078585,0.0,0.5,"[174.0, 185.0, 159.0, 147.0, 135.0, 137.0, 140.0, 151.0, 182.0, 174.0]",12.566442489624023,0.0,57.388427734375,-0.33745384216308594,-165.02896118164062
1750930053.0269911,0.0,0.5,"[174.0, 185.0, 159.0, 147.0, 135.0, 138.0, 140.0, 151.0, 182.0, 174.0]",12.494285583496094,0.0,57.37066650390625,-0.3093433380126953,-165.27662658691406
1750930053.0452874,0.0,0.5,"[174.0, 185.0, 159.0, 147.0, 135.0, 138.0, 140.0, 151.0, 183.0, 174.0]",12.440502166748047,0.0,57.352783203125,-0.28147125244140625,-165.52322387695312
1750930053.0642638,0.0,0.5,"[174.0, 185.0, 160.0, 149.0, 135.0, 138.0, 139.0, 153.0, 184.0, 174.0]",12.626507759094238,0.0,57.33447265625,-0.2533855438232422,-165.7735137939453
1750930053.0835683,0.0,0.5,"[174.0, 185.0, 161.0, 149.0, 135.0, 138.0, 139.0, 153.0, 185.0, 174.0]",12.654851913452148,0.0,57.31634521484375,-0.22547531127929688,-166.0244140625
1750930053.1029086,0.0,0.5,"[174.0, 185.0, 162.0, 149.0, 135.0, 138.0, 139.0, 153.0, 185.0, 174.0]",12.624675750732422,0.0,57.298309326171875,-0.197967529296875,-166.27474975585938
1750930053.121982,0.0,0.5,"[174.0, 185.0, 162.0, 149.0, 135.0, 138.0, 139.0, 153.0, 185.0, 174.0]",12.627304077148438,0.0,57.2803955078125,-0.17058753967285156,-166.52516174316406
1750930053.1410415,0.0,0.5,"[174.0, 185.0, 162.0, 151.0, 135.0, 138.0, 139.0, 153.0, 185.0, 174.0]",12.698437690734863,0.0,57.262451171875,-0.143310546875,-166.7770233154297
1750930053.1606646,1.0,0.5,"[174.0, 185.0, 163.0, 151.0, 136.0, 138.0, 139.0, 153.0, 185.0, 174.0]",12.754557609558105,0.0,57.24432373046875,-0.11611557006835938,-167.03001403808594
1750930053.1810987,1.0,0.5,"[174.0, 185.0, 162.0, 151.0, 136.0, 138.0, 140.0, 154.0, 185.0, 174.0]",12.475212097167969,0.5,57.211822509765625,-0.08917045593261719,-167.2759246826172
1750930053.2016776,1.0,0.5,"[174.0, 185.0, 161.0, 151.0, 136.0, 138.0, 142.0, 156.0, 185.0, 174.0]",12.32327938079834,0.5,57.16461181640625,-0.06221771240234375,-167.51632690429688
1750930053.222027,0.0,0.5,"[174.0, 185.0, 159.0, 147.0, 136.0, 138.0, 145.0, 159.0, 185.0, 174.0]",12.147713661193848,0.5,57.102813720703125,-0.035518646240234375,-167.74977111816406
1750930053.242039,0.0,0.5,"[174.0, 185.0, 158.0, 147.0, 136.0, 138.0, 146.0, 160.0, 185.0, 174.0]",12.145181655883789,0.0,57.055389404296875,-0.009408950805664062,-167.98655700683594
1750930053.261277,0.0,0.5,"[174.0, 185.0, 159.0, 147.0, 136.0, 138.0, 146.0, 160.0, 185.0, 174.0]",12.231334686279297,0.0,57.02178955078125,0.016069412231445312,-168.22752380371094
1750930053.2803216,0.0,0.5,"[174.0, 185.0, 159.0, 149.0, 137.0, 138.0, 146.0, 161.0, 185.0, 174.0]",12.193808555603027,0.0,56.989410400390625,0.04097557067871094,-168.46795654296875
1750930053.2995248,0.0,0.5,"[174.0, 185.0, 159.0, 151.0, 137.0, 139.0, 146.0, 161.0, 185.0, 174.0]",12.33156681060791,0.0,56.95660400390625,0.06573486328125,-168.7111358642578
1750930053.3184023,0.0,0.5,"[174.0, 185.0, 160.0, 151.0, 137.0, 139.0, 146.0, 161.0, 185.0, 174.0]",12.217087745666504,0.0,56.92437744140625,0.08986282348632812,-168.95213317871094
1750930053.3373277,0.0,0.5,"[174.0, 185.0, 161.0, 153.0, 137.0, 139.0, 147.0, 161.0, 185.0, 174.0]",12.49580192565918,0.0,56.891204833984375,0.11422348022460938,-169.19863891601562
1750930053.356515,0.0,0.5,"[174.0, 185.0, 162.0, 154.0, 138.0, 139.0, 147.0, 161.0, 185.0, 174.0]",12.186090469360352,0.0,56.85888671875,0.13765716552734375,-169.43907165527344
1750930053.3909776,0.0,0.5,"[174.0, 185.0, 162.0, 154.0, 138.0, 139.0, 147.0, 162.0, 185.0, 174.0]",12.509035110473633,0.0,56.825714111328125,0.16127395629882812,-169.6859130859375
1750930053.409746,0.0,0.5,"[174.0, 185.0, 162.0, 154.0, 138.0, 140.0, 147.0, 162.0, 185.0, 174.0]",12.39081859588623,0.0,56.792877197265625,0.1843891143798828,-169.93045043945312
1750930053.4289877,0.0,0.5,"[174.0, 185.0, 164.0, 155.0, 138.0, 140.0, 148.0, 162.0, 185.0, 174.0]",12.534178733825684,0.0,56.75946044921875,0.20750045776367188,-170.17782592773438
1750930053.4485567,0.0,0.5,"[174.0, 185.0, 164.0, 155.0, 138.0, 140.0, 148.0, 162.0, 185.0, 174.0]",12.418532371520996,0.0,56.726470947265625,0.23021316528320312,-170.42294311523438
1750930053.4671056,0.0,0.5,"[174.0, 185.0, 164.0, 155.0, 139.0, 140.0, 148.0, 162.0, 185.0, 174.0]",12.629722595214844,0.0,56.69281005859375,0.2530364990234375,-170.6722412109375
1750930053.4867902,0.0,0.5,"[174.0, 185.0, 165.0, 155.0, 139.0, 140.0, 148.0, 163.0, 185.0, 174.0]",12.466765403747559,0.0,56.65960693359375,0.2754936218261719,-170.9183349609375
1750930053.5059109,0.0,0.5,"[174.0, 185.0, 165.0, 155.0, 139.0, 140.0, 148.0, 163.0, 185.0, 174.0]",12.642166137695312,0.0,56.62603759765625,0.29849815368652344,-171.16787719726562
1750930053.5244906,0.0,0.5,"[174.0, 185.0, 166.0, 155.0, 139.0, 140.0, 148.0, 163.0, 185.0, 174.0]",12.48554801940918,0.0,56.5927734375,0.32150840759277344,-171.41429138183594
1750930053.5435987,0.0,0.5,"[174.0, 185.0, 166.0, 155.0, 139.0, 140.0, 148.0, 164.0, 185.0, 174.0]",12.730331420898438,0.0,56.55908203125,0.345184326171875,-171.66554260253906
1750930053.5626237,0.0,0.5,"[174.0, 185.0, 166.0, 155.0, 139.0, 140.0, 148.0, 164.0, 185.0, 174.0]",12.375656127929688,0.0,56.526092529296875,0.36849021911621094,-171.9097442626953
1750930053.5820847,0.0,0.5,"[174.0, 185.0, 166.0, 155.0, 138.0, 140.0, 148.0, 163.0, 185.0, 174.0]",12.768372535705566,0.0,56.49200439453125,0.3931255340576172,-172.16162109375
1750930053.6013973,0.0,0.5,"[174.0, 185.0, 166.0, 155.0, 138.0, 139.0, 148.0, 163.0, 185.0, 174.0]",12.601726531982422,0.0,56.458465576171875,0.417877197265625,-172.41018676757812
1750930053.6207397,0.0,0.5,"[174.0, 185.0, 166.0, 154.0, 138.0, 139.0, 148.0, 162.0, 185.0, 174.0]",12.815300941467285,0.0,56.424530029296875,0.44353294372558594,-172.66293334960938
1750930053.6400766,1.0,0.5,"[174.0, 185.0, 165.0, 154.0, 137.0, 138.0, 148.0, 162.0, 185.0, 174.0]",12.628976821899414,0.0,56.390594482421875,0.4692955017089844,-172.91189575195312
1750930053.658591,1.0,0.5,"[174.0, 185.0, 164.0, 153.0, 137.0, 138.0, 148.0, 164.0, 185.0, 174.0]",12.467378616333008,0.5,56.334747314453125,0.4958000183105469,-173.15347290039062
1750930053.6778831,1.0,0.5,"[174.0, 185.0, 159.0, 153.0, 136.0, 137.0, 151.0, 167.0, 185.0, 174.0]",12.216545104980469,0.5,56.255950927734375,0.5228080749511719,-173.38316345214844
1750930053.6972747,0.0,0.5,"[174.0, 185.0, 155.0, 152.0, 135.0, 136.0, 152.0, 169.0, 185.0, 174.0]",12.311264991760254,0.5,56.17193603515625,0.5505714416503906,-173.61294555664062
1750930053.7164624,0.0,0.5,"[174.0, 185.0, 153.0, 151.0, 134.0, 135.0, 152.0, 170.0, 185.0, 174.0]",12.239081382751465,0.0,56.106719970703125,0.5781917572021484,-173.84725952148438
1750930053.750981,0.0,0.5,"[174.0, 185.0, 154.0, 149.0, 133.0, 134.0, 151.0, 169.0, 185.0, 174.0]",12.128327369689941,0.0,56.059814453125,0.6052837371826172,-174.0836944580078
1750930053.7704523,0.0,0.5,"[174.0, 185.0, 154.0, 149.0, 131.0, 133.0, 149.0, 167.0, 185.0, 174.0]",12.307744979858398,0.0,56.008880615234375,0.6332378387451172,-174.32289123535156
1750930053.7895503,0.0,0.5,"[174.0, 185.0, 154.0, 148.0, 131.0, 131.0, 148.0, 167.0, 185.0, 174.0]",12.081563949584961,0.0,55.959197998046875,0.6610565185546875,-174.55772399902344
1750930053.808435,0.0,0.5,"[174.0, 185.0, 154.0, 147.0, 130.0, 131.0, 147.0, 167.0, 185.0, 174.0]",12.229223251342773,0.0,55.908447265625,0.6898593902587891,-174.7952423095703
1750930053.827699,0.0,0.5,"[174.0, 185.0, 155.0, 146.0, 129.0, 130.0, 146.0, 165.0, 185.0, 174.0]",12.31558609008789,0.0,55.85784912109375,0.7193393707275391,-175.03448486328125
1750930053.8465538,0.0,0.5,"[174.0, 185.0, 155.0, 145.0, 128.0, 129.0, 145.0, 165.0, 185.0, 174.0]",12.295400619506836,0.0,55.8072509765625,0.7494544982910156,-175.2732391357422
1750930053.8645127,0.0,0.5,"[174.0, 183.0, 155.0, 145.0, 128.0, 128.0, 144.0, 164.0, 185.0, 174.0]",12.433631896972656,0.0,55.756195068359375,0.7802448272705078,-175.5146484375
1750930053.8836198,0.0,0.5,"[174.0, 182.0, 155.0, 144.0, 127.0, 128.0, 144.0, 164.0, 185.0, 174.0]",12.407161712646484,0.0,55.705291748046875,0.8114356994628906,-175.75550842285156
1750930053.9027321,0.0,0.5,"[174.0, 182.0, 155.0, 144.0, 126.0, 127.0, 143.0, 163.0, 185.0, 174.0]",12.231319427490234,0.0,55.654998779296875,0.8426837921142578,-175.99285888671875
1750930053.9221022,0.0,0.5,"[174.0, 183.0, 156.0, 143.0, 126.0, 127.0, 142.0, 163.0, 185.0, 174.0]",12.510690689086914,0.0,55.6036376953125,0.8752059936523438,-176.23558044433594
1750930053.9415722,0.0,0.5,"[174.0, 185.0, 156.0, 143.0, 126.0, 126.0, 141.0, 162.0, 185.0, 174.0]",12.297934532165527,0.0,55.5526123046875,0.9075374603271484,-176.4739990234375
1750930053.9606698,0.0,0.5,"[174.0, 185.0, 158.0, 143.0, 125.0, 126.0, 140.0, 162.0, 185.0, 174.0]",12.51269817352295,0.0,55.50140380859375,0.9406375885009766,-176.71670532226562
1750930053.9797482,0.0,0.5,"[174.0, 185.0, 158.0, 141.0, 125.0, 126.0, 140.0, 162.0, 185.0, 174.0]",12.296830177307129,0.0,55.4510498046875,0.9734096527099609,-176.9552001953125
1750930053.9986362,0.0,0.5,"[174.0, 185.0, 159.0, 141.0, 125.0, 126.0, 140.0, 162.0, 185.0, 174.0]",12.68050765991211,0.0,55.399261474609375,1.007558822631836,-177.20111083984375
1750930054.0177672,0.0,0.5,"[174.0, 185.0, 159.0, 143.0, 125.0, 126.0, 139.0, 161.0, 185.0, 174.0]",12.428764343261719,0.0,55.348114013671875,1.0412712097167969,-177.4420166015625
1750930054.0359578,0.0,0.5,"[174.0, 185.0, 160.0, 143.0, 125.0, 126.0, 139.0, 160.0, 185.0, 174.0]",12.513387680053711,0.0,55.296844482421875,1.0749759674072266,-177.6846466064453
1750930054.0702903,0.0,0.5,"[174.0, 185.0, 162.0, 143.0, 125.0, 126.0, 139.0, 159.0, 185.0, 174.0]",12.544439315795898,0.0,55.245330810546875,1.1086997985839844,-177.9278564453125
1750930054.0897474,0.0,0.5,"[174.0, 185.0, 162.0, 143.0, 125.0, 126.0, 139.0, 159.0, 185.0, 174.0]",12.541370391845703,0.0,55.193817138671875,1.1424179077148438,-178.17100524902344
1750930054.1089494,0.0,0.5,"[174.0, 185.0, 164.0, 143.0, 125.0, 126.0, 138.0, 158.0, 185.0, 174.0]",12.644265174865723,0.0,55.141815185546875,1.176504135131836,-178.4161376953125
1750930054.1278164,0.0,0.5,"[174.0, 185.0, 164.0, 144.0, 126.0, 126.0, 138.0, 158.0, 185.0, 174.0]",12.50647258758545,0.0,55.090545654296875,1.2100715637207031,-178.65863037109375
1750930054.1469147,0.0,0.5,"[174.0, 185.0, 166.0, 144.0, 126.0, 126.0, 138.0, 158.0, 185.0, 174.0]",12.644464492797852,0.0,55.03839111328125,1.2436504364013672,-178.90380859375
1750930054.1649961,0.0,0.5,"[174.0, 185.0, 167.0, 144.0, 126.0, 126.0, 138.0, 156.0, 185.0, 174.0]",12.433231353759766,0.0,54.987274169921875,1.2764453887939453,-179.14495849609375
1750930054.184058,0.0,0.5,"[174.0, 185.0, 169.0, 144.0, 126.0, 126.0, 138.0, 156.0, 185.0, 174.0]",12.584325790405273,0.0,54.9354248046875,1.3096466064453125,-179.38897705078125
1750930054.202695,1.0,0.5,"[174.0, 185.0, 170.0, 145.0, 126.0, 126.0, 137.0, 155.0, 185.0, 174.0]",12.683298110961914,0.0,54.883392333984375,1.343149185180664,-179.63497924804688
1750930054.222074,1.0,0.5,"[174.0, 185.0, 170.0, 145.0, 127.0, 126.0, 138.0, 156.0, 185.0, 174.0]",12.310077667236328,0.5,54.814666748046875,1.3750419616699219,-179.86923217773438
1750930054.2410898,1.0,0.5,"[174.0, 185.0, 167.0, 146.0, 127.0, 126.0, 139.0, 158.0, 185.0, 174.0]",12.346990585327148,0.5,54.7283935546875,1.4062957763671875,-180.0985107421875
1750930054.260124,0.0,0.5,"[174.0, 185.0, 164.0, 147.0, 127.0, 126.0, 141.0, 159.0, 185.0, 174.0]",11.89748477935791,0.5,54.63348388671875,1.4358844757080078,-180.314697265625
1750930054.2788267,0.0,0.5,"[174.0, 185.0, 164.0, 147.0, 127.0, 126.0, 141.0, 159.0, 185.0, 174.0]",12.109118461608887,0.0,54.551544189453125,1.4667644500732422,-180.54046630859375
1750930054.2975318,0.0,0.5,"[174.0, 185.0, 166.0, 147.0, 127.0, 126.0, 141.0, 159.0, 185.0, 174.0]",12.103599548339844,0.0,54.485870361328125,1.4981822967529297,-180.7713623046875
1750930054.3163497,0.0,0.5,"[174.0, 185.0, 168.0, 147.0, 127.0, 126.0, 141.0, 158.0, 185.0, 174.0]",11.963509559631348,0.0,54.420684814453125,1.5290546417236328,-180.99948120117188
1750930054.3499253,0.0,0.5,"[174.0, 185.0, 170.0, 147.0, 127.0, 126.0, 140.0, 158.0, 185.0, 174.0]",12.00876235961914,0.0,54.355377197265625,1.5600471496582031,-181.228515625
1750930054.368973,0.0,0.5,"[174.0, 185.0, 172.0, 147.0, 127.0, 125.0, 140.0, 156.0, 185.0, 174.0]",12.205792427062988,0.0,54.288909912109375,1.5915870666503906,-181.4613037109375
1750930054.3880646,0.0,0.5,"[174.0, 185.0, 173.0, 147.0, 127.0, 125.0, 139.0, 156.0, 185.0, 174.0]",12.151215553283691,0.0,54.22296142578125,1.6231708526611328,-181.69305419921875
1750930054.406687,0.0,0.5,"[174.0, 185.0, 175.0, 147.0, 127.0, 125.0, 138.0, 155.0, 185.0, 174.0]",12.241522789001465,0.0,54.156646728515625,1.6551971435546875,-181.92654418945312
1750930054.4255872,0.0,0.5,"[174.0, 185.0, 176.0, 147.0, 127.0, 125.0, 138.0, 155.0, 185.0, 174.0]",12.053977966308594,0.0,54.091064453125,1.6868629455566406,-182.1563720703125
1750930054.4445288,0.0,0.5,"[174.0, 185.0, 178.0, 147.0, 126.0, 124.0, 137.0, 153.0, 185.0, 174.0]",12.366093635559082,0.0,54.024078369140625,1.719552993774414,-182.39218139648438
1750930054.4633994,1.0,0.5,"[174.0, 185.0, 179.0, 147.0, 126.0, 124.0, 136.0, 153.0, 185.0, 174.0]",12.221369743347168,0.0,53.957763671875,1.7520580291748047,-182.62518310546875
1750930054.4825854,1.0,0.5,"[174.0, 185.0, 178.0, 147.0, 126.0, 123.0, 136.0, 153.0, 185.0, 174.0]",12.082293510437012,0.5,53.873626708984375,1.7838153839111328,-182.8494873046875
1750930054.501611,1.0,0.5,"[174.0, 185.0, 175.0, 147.0, 126.0, 123.0, 137.0, 155.0, 185.0, 174.0]",11.70473575592041,0.5,53.774139404296875,1.8138561248779297,-183.0592041015625
1750930054.520765,1.0,0.5,"[174.0, 185.0, 171.0, 147.0, 126.0, 123.0, 137.0, 156.0, 185.0, 174.0]",11.87653923034668,0.5,53.66326904296875,1.8437862396240234,-183.26715087890625
1750930054.5395348,0.0,0.5,"[174.0, 185.0, 167.0, 147.0, 126.0, 123.0, 136.0, 159.0, 185.0, 174.0]",11.781805038452148,0.5,53.549530029296875,1.8732719421386719,-183.47140502929688
1750930054.5577905,0.0,0.5,"[174.0, 185.0, 167.0, 147.0, 125.0, 122.0, 136.0, 159.0, 185.0, 174.0]",11.857012748718262,0.0,53.445587158203125,1.9036273956298828,-183.682373046875
1750930054.5758119,0.0,0.5,"[174.0, 185.0, 167.0, 147.0, 125.0, 122.0, 134.0, 158.0, 185.0, 174.0]",11.698001861572266,0.0,53.358856201171875,1.934295654296875,-183.89749145507812
1750930054.608279,0.0,0.5,"[174.0, 185.0, 168.0, 146.0, 125.0, 122.0, 134.0, 158.0, 185.0, 174.0]",11.857794761657715,0.0,53.272369384765625,1.9653244018554688,-184.11614990234375
1750930054.6260135,0.0,0.5,"[174.0, 185.0, 168.0, 146.0, 124.0, 121.0, 134.0, 156.0, 185.0, 174.0]",11.810070991516113,0.0,53.18695068359375,1.9961605072021484,-184.33416748046875
1750930054.6439943,0.0,0.5,"[174.0, 185.0, 170.0, 146.0, 124.0, 121.0, 134.0, 155.0, 185.0, 174.0]",11.84766960144043,0.0,53.1004638671875,2.0269317626953125,-184.55264282226562
1750930054.6618676,0.0,0.5,"[174.0, 185.0, 170.0, 146.0, 124.0, 121.0, 133.0, 155.0, 185.0, 174.0]",11.848321914672852,0.0,53.014984130859375,2.057666778564453,-184.771484375
1750930054.679564,0.0,0.5,"[174.0, 185.0, 171.0, 146.0, 124.0, 121.0, 133.0, 154.0, 185.0, 174.0]",11.797379493713379,0.0,52.928314208984375,2.0880603790283203,-184.98883056640625
1750930054.69783,1.0,0.5,"[174.0, 185.0, 172.0, 146.0, 124.0, 120.0, 133.0, 153.0, 185.0, 174.0]",11.842121124267578,0.0,52.842926025390625,2.1184921264648438,-185.2076416015625
1750930054.715134,1.0,0.5,"[174.0, 185.0, 171.0, 146.0, 124.0, 121.0, 133.0, 154.0, 185.0, 174.0]",11.442748069763184,0.5,52.746307373046875,2.1473255157470703,-185.4130859375
1750930054.758553,0.0,0.5,"[174.0, 185.0, 170.0, 146.0, 124.0, 121.0, 133.0, 155.0, 185.0, 174.0]",11.561285018920898,0.5,52.637115478515625,2.175832748413086,-185.61492919921875
1750930054.7760406,0.0,0.5,"[174.0, 185.0, 170.0, 146.0, 124.0, 121.0, 133.0, 155.0, 185.0, 174.0]",11.4761962890625,0.0,52.5399169921875,2.2046241760253906,-185.82086181640625
1750930054.7776978,0.0,0.5,"[174.0, 185.0, 170.0, 146.0, 124.0, 121.0, 133.0, 155.0, 185.0, 174.0]",11.630398750305176,0.0,52.448028564453125,2.2338943481445312,-186.03253173828125
1750930054.7944775,0.0,0.5,"[174.0, 185.0, 172.0, 147.0, 125.0, 121.0, 134.0, 155.0, 185.0, 174.0]",11.466686248779297,0.0,52.3587646484375,2.262683868408203,-186.24179077148438
1750930054.8381217,0.0,0.5,"[174.0, 185.0, 172.0, 147.0, 125.0, 121.0, 134.0, 155.0, 185.0, 174.0]",11.474546432495117,0.0,52.26904296875,2.2913150787353516,-186.4510498046875
1750930054.8552475,0.0,0.5,"[174.0, 185.0, 173.0, 147.0, 125.0, 122.0, 134.0, 155.0, 185.0, 174.0]",11.606374740600586,0.0,52.17864990234375,2.3201828002929688,-186.66290283203125
1750930054.8568282,0.0,0.5,"[174.0, 185.0, 173.0, 147.0, 125.0, 122.0, 134.0, 155.0, 185.0, 174.0]",11.584173202514648,0.0,52.087982177734375,2.348796844482422,-186.87420654296875
1750930054.8733444,0.0,0.5,"[174.0, 185.0, 176.0, 148.0, 126.0, 122.0, 136.0, 155.0, 185.0, 174.0]",11.581072807312012,0.0,51.997222900390625,2.3770618438720703,-187.08541870117188
1750930054.916248,0.0,0.5,"[174.0, 185.0, 179.0, 148.0, 126.0, 123.0, 136.0, 155.0, 185.0, 174.0]",11.76270580291748,0.0,51.905059814453125,2.4053993225097656,-187.29998779296875
1750930054.933344,1.0,0.5,"[174.0, 185.0, 180.0, 148.0, 126.0, 123.0, 136.0, 155.0, 185.0, 174.0]",11.635125160217285,0.0,51.814056396484375,2.43310546875,-187.51235961914062
1750930054.9514852,1.0,0.5,"[174.0, 185.0, 179.0, 149.0, 127.0, 123.0, 137.0, 156.0, 185.0, 174.0]",11.505837440490723,0.5,51.708221435546875,2.459423065185547,-187.71499633789062
1750930054.970735,1.0,0.5,"[174.0, 185.0, 177.0, 151.0, 127.0, 124.0, 137.0, 158.0, 185.0, 174.0]",11.266412734985352,0.5,51.588470458984375,2.4839401245117188,-187.904296875
1750930054.988908,1.0,0.5,"[174.0, 185.0, 175.0, 152.0, 128.0, 124.0, 137.0, 160.0, 185.0, 174.0]",11.200104713439941,0.5,51.460968017578125,2.507333755493164,-188.08697509765625
1750930055.007131,0.0,0.5,"[174.0, 185.0, 172.0, 153.0, 129.0, 125.0, 138.0, 162.0, 185.0, 174.0]",11.166289329528809,0.5,51.32952880859375,2.529998779296875,-188.26611328125
1750930055.0255637,0.0,0.5,"[174.0, 185.0, 172.0, 153.0, 129.0, 125.0, 138.0, 164.0, 185.0, 174.0]",11.201448440551758,0.0,51.211883544921875,2.553651809692383,-188.45529174804688
1750930055.0435424,0.0,0.5,"[174.0, 185.0, 173.0, 153.0, 129.0, 125.0, 138.0, 163.0, 185.0, 174.0]",11.140890121459961,0.0,51.108367919921875,2.5778656005859375,-188.651123046875
1750930055.0613225,0.0,0.5,"[174.0, 185.0, 173.0, 153.0, 129.0, 125.0, 138.0, 163.0, 185.0, 174.0]",11.18935489654541,0.0,51.00286865234375,2.6019744873046875,-188.84698486328125
1750930055.0792105,0.0,0.5,"[174.0, 185.0, 175.0, 153.0, 129.0, 125.0, 138.0, 162.0, 185.0, 174.0]",11.169099807739258,0.0,50.89862060546875,2.626077651977539,-189.0430908203125
1750930055.097158,0.0,0.5,"[174.0, 185.0, 176.0, 153.0, 129.0, 125.0, 138.0, 162.0, 185.0, 174.0]",11.139654159545898,0.0,50.793792724609375,2.6501026153564453,-189.23818969726562
1750930055.1153028,0.0,0.5,"[174.0, 185.0, 176.0, 153.0, 129.0, 125.0, 137.0, 162.0, 185.0, 174.0]",11.348932266235352,0.0,50.6878662109375,2.6748218536376953,-189.43740844726562
1750930055.1540937,0.0,0.5,"[174.0, 185.0, 178.0, 152.0, 128.0, 124.0, 137.0, 161.0, 185.0, 174.0]",11.365259170532227,0.0,50.5810546875,2.6996612548828125,-189.63653564453125
1750930055.1691697,1.0,0.5,"[174.0, 185.0, 179.0, 152.0, 128.0, 124.0, 137.0, 161.0, 185.0, 174.0]",11.409867286682129,0.0,50.474090576171875,2.724811553955078,-189.83651733398438
1750930055.1843805,1.0,0.5,"[174.0, 185.0, 177.0, 152.0, 128.0, 124.0, 136.0, 161.0, 185.0, 174.0]",11.135359764099121,0.5,50.3533935546875,2.7481212615966797,-190.022216796875
1750930055.2000992,1.0,0.5,"[174.0, 185.0, 175.0, 153.0, 128.0, 124.0, 136.0, 163.0, 185.0, 174.0]",10.762924194335938,0.5,50.2181396484375,2.7689132690429688,-190.18838500976562
1750930055.2158887,1.0,0.5,"[174.0, 185.0, 172.0, 154.0, 129.0, 124.0, 136.0, 164.0, 185.0, 174.0]",10.984969139099121,0.5,50.076385498046875,2.790010452270508,-190.35491943359375
1750930055.2436113,0.0,0.5,"[174.0, 185.0, 169.0, 154.0, 129.0, 124.0, 136.0, 164.0, 185.0, 174.0]",10.975495338439941,0.5,49.93218994140625,2.810962677001953,-190.51910400390625
1750930055.2594838,0.0,0.5,"[174.0, 185.0, 168.0, 154.0, 129.0, 124.0, 134.0, 162.0, 185.0, 174.0]",10.812583923339844,0.0,49.80584716796875,2.833637237548828,-190.693115234375
1750930055.2749114,0.0,0.5,"[174.0, 185.0, 169.0, 153.0, 128.0, 123.0, 133.0, 161.0, 185.0, 174.0]",10.99341869354248,0.0,49.68878173828125,2.8580245971679688,-190.87762451171875
1750930055.3143332,0.0,0.5,"[174.0, 185.0, 169.0, 153.0, 128.0, 122.0, 132.0, 159.0, 185.0, 174.0]",10.873650550842285,0.0,49.5706787109375,2.882261276245117,-191.05865478515625
1750930055.3299432,0.0,0.5,"[174.0, 185.0, 170.0, 152.0, 127.0, 122.0, 131.0, 156.0, 185.0, 174.0]",11.028091430664062,0.0,49.451202392578125,2.907167434692383,-191.24237060546875
1750930055.345506,0.0,0.5,"[174.0, 185.0, 170.0, 152.0, 127.0, 121.0, 130.0, 155.0, 185.0, 174.0]",10.932324409484863,0.0,49.3328857421875,2.9322261810302734,-191.42449951171875
1750930055.3610287,0.0,0.5,"[174.0, 185.0, 170.0, 152.0, 126.0, 120.0, 129.0, 153.0, 185.0, 174.0]",11.025300025939941,0.0,49.2135009765625,2.957712173461914,-191.608154296875
1750930055.3771944,1.0,0.5,"[174.0, 185.0, 170.0, 151.0, 126.0, 119.0, 128.0, 151.0, 185.0, 174.0]",10.975516319274902,0.0,49.0948486328125,2.9833908081054688,-191.791015625
1750930055.3921008,1.0,0.5,"[174.0, 185.0, 170.0, 151.0, 125.0, 119.0, 126.0, 150.0, 185.0, 174.0]",10.73507022857666,0.5,48.96319580078125,3.0070323944091797,-191.958984375
1750930055.430859,1.0,0.5,"[174.0, 185.0, 166.0, 152.0, 125.0, 118.0, 126.0, 150.0, 185.0, 174.0]",10.69060230255127,0.5,48.820159912109375,3.029306411743164,-192.1163330078125
1750930055.447039,0.0,0.5,"[174.0, 185.0, 164.0, 152.0, 126.0, 118.0, 126.0, 149.0, 185.0, 174.0]",10.652475357055664,0.5,48.670074462890625,3.050691604614258,-192.26602172851562
1750930055.4608796,0.0,0.5,"[174.0, 185.0, 162.0, 153.0, 125.0, 118.0, 125.0, 148.0, 185.0, 174.0]",10.485784530639648,0.0,48.533843994140625,3.0735340118408203,-192.423828125
1750930055.4748437,0.0,0.5,"[174.0, 185.0, 163.0, 152.0, 125.0, 117.0, 124.0, 147.0, 185.0, 174.0]",10.48223876953125,0.0,48.4080810546875,3.0975875854492188,-192.58981323242188
1750930055.509741,0.0,0.5,"[174.0, 185.0, 164.0, 152.0, 124.0, 116.0, 123.0, 145.0, 185.0, 174.0]",10.524450302124023,0.0,48.28375244140625,3.121814727783203,-192.7579345703125
1750930055.523623,0.0,0.5,"[174.0, 185.0, 166.0, 152.0, 124.0, 115.0, 122.0, 144.0, 185.0, 174.0]",10.64352798461914,0.0,48.15692138671875,3.1461181640625,-192.92715454101562
1750930055.537831,0.0,0.5,"[174.0, 185.0, 167.0, 152.0, 123.0, 115.0, 121.0, 142.0, 185.0, 174.0]",10.638803482055664,0.0,48.03076171875,3.1702938079833984,-193.0968017578125
1750930055.5518434,0.0,0.5,"[174.0, 185.0, 168.0, 152.0, 123.0, 114.0, 121.0, 142.0, 185.0, 174.0]",10.463272094726562,0.0,47.906951904296875,3.194059371948242,-193.2637939453125
1750930055.5867476,1.0,0.5,"[174.0, 185.0, 170.0, 152.0, 123.0, 114.0, 119.0, 141.0, 185.0, 174.0]",10.794636726379395,0.0,47.778472900390625,3.218320846557617,-193.43560791015625
1750930055.6008728,1.0,0.5,"[174.0, 185.0, 170.0, 152.0, 123.0, 113.0, 118.0, 141.0, 185.0, 174.0]",10.39214038848877,0.5,47.645294189453125,3.2403945922851562,-193.5936279296875
1750930055.6157746,1.0,0.5,"[174.0, 185.0, 168.0, 154.0, 123.0, 114.0, 118.0, 141.0, 185.0, 174.0]",10.375097274780273,0.5,47.502838134765625,3.261106491088867,-193.74310302734375
1750930055.6413982,1.0,0.5,"[174.0, 185.0, 166.0, 155.0, 124.0, 114.0, 119.0, 141.0, 185.0, 174.0]",10.270298957824707,0.5,47.351104736328125,3.2798385620117188,-193.8802490234375
1750930055.6564212,1.0,0.5,"[174.0, 185.0, 163.0, 156.0, 125.0, 115.0, 119.0, 142.0, 185.0, 174.0]",10.281644821166992,0.5,47.197021484375,3.2980804443359375,-194.01519775390625
1750930055.6818924,0.0,0.5,"[174.0, 185.0, 161.0, 158.0, 126.0, 116.0, 121.0, 142.0, 185.0, 174.0]",10.50981616973877,0.5,47.03594970703125,3.3161468505859375,-194.1490478515625
1750930055.6969738,0.0,0.5,"[174.0, 185.0, 160.0, 158.0, 127.0, 117.0, 121.0, 142.0, 185.0, 174.0]",10.238890647888184,0.0,46.889007568359375,3.335062026977539,-194.2904052734375
1750930055.7120235,0.0,0.5,"[174.0, 185.0, 162.0, 159.0, 127.0, 116.0, 120.0, 141.0, 185.0, 174.0]",10.478469848632812,0.0,46.7489013671875,3.355670928955078,-194.44488525390625
1750930055.7493083,0.0,0.5,"[174.0, 185.0, 162.0, 159.0, 127.0, 116.0, 119.0, 141.0, 185.0, 174.0]",10.352298736572266,0.0,46.611236572265625,3.3760128021240234,-194.59820556640625
1750930055.76414,0.0,0.5,"[174.0, 185.0, 164.0, 159.0, 127.0, 116.0, 119.0, 140.0, 185.0, 174.0]",10.481680870056152,0.0,46.471527099609375,3.3964576721191406,-194.75314331054688
1750930055.7791119,0.0,0.5,"[174.0, 185.0, 165.0, 160.0, 127.0, 116.0, 119.0, 139.0, 185.0, 174.0]",10.439167976379395,0.0,46.33258056640625,3.4167442321777344,-194.90765380859375
1750930055.7939427,0.0,0.5,"[174.0, 185.0, 167.0, 160.0, 127.0, 116.0, 119.0, 139.0, 185.0, 174.0]",10.488629341125488,0.0,46.192901611328125,3.436901092529297,-195.0628662109375
1750930055.8316157,1.0,0.5,"[174.0, 185.0, 168.0, 160.0, 128.0, 116.0, 118.0, 138.0, 185.0, 174.0]",10.30968952178955,0.0,46.05548095703125,3.4563522338867188,-195.21536254882812
1750930055.8458054,1.0,0.5,"[174.0, 185.0, 167.0, 161.0, 128.0, 117.0, 119.0, 138.0, 185.0, 174.0]",10.339995384216309,0.5,45.906494140625,3.474172592163086,-195.357666015625
1750930055.8614283,1.0,0.5,"[174.0, 185.0, 165.0, 162.0, 129.0, 118.0, 120.0, 139.0, 185.0, 174.0]",10.172252655029297,0.5,45.748779296875,3.489826202392578,-195.4852294921875
1750930055.8760781,1.0,0.5,"[174.0, 185.0, 162.0, 162.0, 131.0, 119.0, 121.0, 139.0, 185.0, 174.0]",10.137259483337402,0.5,45.586090087890625,3.504148483276367,-195.6053466796875
1750930055.9026048,1.0,0.5,"[174.0, 185.0, 159.0, 163.0, 133.0, 120.0, 122.0, 141.0, 185.0, 174.0]",10.177794456481934,0.5,45.420440673828125,3.517749786376953,-195.722900390625
1750930055.9174528,0.0,0.5,"[174.0, 185.0, 158.0, 164.0, 134.0, 121.0, 123.0, 141.0, 185.0, 174.0]",10.158930778503418,0.5,45.252777099609375,3.5304088592529297,-195.8369140625
1750930055.933446,0.0,0.5,"[174.0, 184.0, 156.0, 166.0, 135.0, 122.0, 124.0, 142.0, 185.0, 174.0]",10.257891654968262,0.0,45.0911865234375,3.543853759765625,-195.962646484375
1750930055.9737854,0.0,0.5,"[174.0, 185.0, 158.0, 166.0, 134.0, 121.0, 123.0, 141.0, 185.0, 174.0]",10.09517765045166,0.0,44.94268798828125,3.558126449584961,-196.09869384765625
1750930055.9896624,0.0,0.5,"[174.0, 185.0, 158.0, 166.0, 134.0, 121.0, 123.0, 141.0, 185.0, 174.0]",10.314538955688477,0.0,44.79052734375,3.5723209381103516,-196.23724365234375
1750930056.005035,0.0,0.5,"[174.0, 185.0, 158.0, 166.0, 134.0, 121.0, 123.0, 141.0, 185.0, 174.0]",10.285945892333984,0.0,44.638885498046875,3.5861282348632812,-196.3756103515625
1750930056.0209765,0.0,0.5,"[174.0, 185.0, 159.0, 164.0, 134.0, 121.0, 123.0, 140.0, 185.0, 174.0]",10.305885314941406,0.0,44.486968994140625,3.599519729614258,-196.5142822265625
1750930056.0358105,0.0,0.5,"[174.0, 185.0, 159.0, 164.0, 134.0, 121.0, 122.0, 139.0, 185.0, 174.0]",10.325925827026367,0.0,44.334686279296875,3.6124439239501953,-196.65313720703125
1750930056.0637877,0.0,0.5,"[174.0, 185.0, 160.0, 164.0, 134.0, 121.0, 122.0, 139.0, 185.0, 174.0]",10.338134765625,0.0,44.182220458984375,3.6249351501464844,-196.79226684570312
1750930056.0794668,0.0,0.5,"[174.0, 185.0, 161.0, 164.0, 134.0, 121.0, 122.0, 139.0, 185.0, 174.0]",10.359143257141113,0.0,44.029510498046875,3.6370677947998047,-196.9317626953125
1750930056.095229,0.0,0.5,"[174.0, 185.0, 162.0, 164.0, 134.0, 120.0, 122.0, 138.0, 185.0, 174.0]",10.321520805358887,0.0,43.8775634765625,3.648843765258789,-197.07098388671875
1750930056.1361337,0.0,0.5,"[174.0, 185.0, 162.0, 164.0, 134.0, 120.0, 122.0, 137.0, 185.0, 174.0]",10.487354278564453,0.0,43.72314453125,3.660493850708008,-197.21243286132812
1750930056.152026,0.0,0.5,"[174.0, 185.0, 163.0, 166.0, 134.0, 120.0, 122.0, 137.0, 185.0, 174.0]",10.494953155517578,0.0,43.568389892578125,3.6716156005859375,-197.35379028320312
1750930056.1678724,0.0,0.5,"[174.0, 185.0, 164.0, 166.0, 134.0, 120.0, 122.0, 137.0, 184.0, 174.0]",10.527390480041504,0.0,43.41326904296875,3.6824893951416016,-197.49575805664062
1750930056.1839387,0.0,0.5,"[174.0, 185.0, 165.0, 166.0, 134.0, 120.0, 122.0, 137.0, 182.0, 174.0]",10.484313011169434,0.0,43.25872802734375,3.692811965942383,-197.63711547851562
1750930056.199094,0.0,0.5,"[174.0, 185.0, 165.0, 166.0, 134.0, 120.0, 122.0, 137.0, 182.0, 174.0]",10.452411651611328,0.0,43.10479736328125,3.7029361724853516,-197.7781982421875
1750930056.2144804,0.0,0.5,"[174.0, 185.0, 167.0, 166.0, 134.0, 120.0, 122.0, 137.0, 182.0, 174.0]",10.617622375488281,0.0,42.948394775390625,3.712972640991211,-197.92147827148438
1750930056.2556937,0.0,0.5,"[174.0, 185.0, 167.0, 166.0, 134.0, 120.0, 122.0, 136.0, 182.0, 174.0]",10.76902961730957,0.0,42.789581298828125,3.7229442596435547,-198.066650390625
1750930056.2720833,0.0,0.5,"[174.0, 185.0, 169.0, 166.0, 134.0, 120.0, 122.0, 136.0, 181.0, 174.0]",10.802674293518066,0.0,42.63055419921875,3.732860565185547,-198.2125244140625
1750930056.2883105,0.0,0.5,"[174.0, 185.0, 170.0, 167.0, 134.0, 121.0, 122.0, 136.0, 180.0, 174.0]",10.791329383850098,0.0,42.471588134765625,3.7423362731933594,-198.35821533203125
1750930056.304157,0.0,0.5,"[174.0, 185.0, 173.0, 167.0, 134.0, 121.0, 122.0, 136.0, 179.0, 174.0]",10.775986671447754,0.0,42.312835693359375,3.7515907287597656,-198.503662109375
1750930056.3200939,0.0,0.5,"[174.0, 185.0, 177.0, 167.0, 134.0, 121.0, 121.0, 136.0, 179.0, 174.0]",10.741777420043945,0.0,42.154632568359375,3.7605457305908203,-198.64874267578125
1750930056.3362453,1.0,0.5,"[174.0, 185.0, 180.0, 167.0, 134.0, 121.0, 121.0, 136.0, 179.0, 174.0]",10.7889986038208,0.0,41.995758056640625,3.7693138122558594,-198.79449462890625
1750930056.363075,0.0,0.5,"[174.0, 185.0, 180.0, 168.0, 135.0, 121.0, 122.0, 136.0, 179.0, 174.0]",10.881099700927734,0.5,41.825347900390625,3.7770462036132812,-198.92962646484375
1750930056.37878,0.0,0.5,"[174.0, 185.0, 183.0, 168.0, 135.0, 121.0, 122.0, 136.0, 179.0, 174.0]",10.574702262878418,0.0,41.668731689453125,3.784576416015625,-199.071533203125
1750930056.3943298,0.0,0.5,"[174.0, 185.0, 186.0, 168.0, 135.0, 121.0, 122.0, 136.0, 177.0, 174.0]",10.927873611450195,0.0,41.506378173828125,3.791839599609375,-199.21771240234375
1750930056.4332788,0.0,0.5,"[174.0, 185.0, 188.0, 168.0, 135.0, 121.0, 122.0, 136.0, 176.0, 174.0]",10.773045539855957,0.0,41.346405029296875,3.7986507415771484,-199.36184692382812
1750930056.4489212,0.0,0.5,"[174.0, 185.0, 190.0, 168.0, 135.0, 121.0, 122.0, 134.0, 176.0, 174.0]",10.891261100769043,0.0,41.1846923828125,3.8050384521484375,-199.5076904296875
1750930056.4647224,0.0,0.5,"[174.0, 185.0, 192.0, 168.0, 135.0, 120.0, 121.0, 134.0, 176.0, 174.0]",10.77031135559082,0.0,41.02484130859375,3.810884475708008,-199.65194702148438
1750930056.4799511,0.0,0.5,"[174.0, 185.0, 194.0, 168.0, 134.0, 120.0, 121.0, 134.0, 173.0, 174.0]",11.048842430114746,0.0,40.860870361328125,3.816129684448242,-199.79998779296875
1750930056.4956694,0.0,0.5,"[174.0, 185.0, 196.0, 168.0, 134.0, 120.0, 121.0, 134.0, 173.0, 174.0]",10.94558048248291,0.0,40.698486328125,3.820728302001953,-199.94674682617188
1750930056.5345728,0.0,0.5,"[174.0, 185.0, 198.0, 167.0, 134.0, 119.0, 121.0, 133.0, 173.0, 174.0]",11.138142585754395,0.0,40.533203125,3.8247852325439453,-200.09603881835938
1750930056.5498626,1.0,0.5,"[174.0, 185.0, 200.0, 167.0, 134.0, 119.0, 121.0, 133.0, 171.0, 174.0]",11.168896675109863,0.0,40.36761474609375,3.8283748626708984,-200.24591064453125
1750930056.5650666,1.0,0.5,"[174.0, 185.0, 198.0, 168.0, 134.0, 120.0, 121.0, 133.0, 172.0, 174.0]",10.860713958740234,0.5,40.19677734375,3.8309764862060547,-200.38006591796875
1750930056.5799809,1.0,0.5,"[174.0, 185.0, 196.0, 168.0, 135.0, 120.0, 122.0, 134.0, 173.0, 174.0]",10.708657264709473,0.5,40.019989013671875,3.8326950073242188,-200.50091552734375
1750930056.596269,1.0,0.5,"[174.0, 185.0, 193.0, 169.0, 137.0, 122.0, 124.0, 137.0, 176.0, 174.0]",10.78757381439209,0.5,39.835235595703125,3.8334903717041016,-200.61233520507812
1750930056.627867,1.0,0.5,"[174.0, 185.0, 189.0, 170.0, 138.0, 123.0, 125.0, 139.0, 179.0, 174.0]",10.783123016357422,0.5,39.64825439453125,3.8335399627685547,-200.7198486328125
1750930056.6455135,1.0,0.5,"[174.0, 185.0, 187.0, 170.0, 140.0, 124.0, 126.0, 141.0, 182.0, 174.0]",10.97227954864502,0.5,39.4549560546875,3.8329010009765625,-200.82373046875
1750930056.6647725,0.0,0.5,"[174.0, 185.0, 183.0, 171.0, 141.0, 125.0, 128.0, 144.0, 185.0, 174.0]",10.816793441772461,0.5,39.262939453125,3.8319263458251953,-200.92333984375
1750930056.683862,0.0,0.5,"[174.0, 185.0, 183.0, 171.0, 142.0, 126.0, 128.0, 145.0, 185.0, 174.0]",10.892656326293945,0.0,39.07470703125,3.8305625915527344,-201.03302001953125
1750930056.7027915,0.0,0.5,"[174.0, 185.0, 184.0, 173.0, 142.0, 126.0, 128.0, 145.0, 185.0, 174.0]",10.921466827392578,0.0,38.8944091796875,3.829090118408203,-201.15631103515625
1750930056.7220078,0.0,0.5,"[174.0, 185.0, 186.0, 173.0, 142.0, 126.0, 128.0, 145.0, 185.0, 174.0]",10.923407554626465,0.0,38.715240478515625,3.827301025390625,-201.28131103515625
1750930056.7424934,0.0,0.5,"[174.0, 185.0, 187.0, 173.0, 143.0, 126.0, 128.0, 145.0, 185.0, 174.0]",10.965019226074219,0.0,38.535858154296875,3.8254241943359375,-201.407470703125
1750930056.7623308,0.0,0.5,"[174.0, 185.0, 189.0, 173.0, 143.0, 126.0, 128.0, 146.0, 185.0, 174.0]",11.014463424682617,0.0,38.3551025390625,3.823375701904297,-201.53335571289062
1750930056.781282,0.0,0.5,"[174.0, 185.0, 189.0, 174.0, 143.0, 126.0, 128.0, 146.0, 185.0, 174.0]",11.154027938842773,0.0,38.172515869140625,3.8212928771972656,-201.6614990234375
1750930056.8002853,0.0,0.5,"[174.0, 185.0, 192.0, 174.0, 143.0, 126.0, 128.0, 147.0, 185.0, 174.0]",11.119485855102539,0.0,37.99029541015625,3.8190479278564453,-201.78897094726562
1750930056.8197086,0.0,0.5,"[174.0, 185.0, 192.0, 174.0, 143.0, 126.0, 128.0, 147.0, 185.0, 174.0]",11.307829856872559,0.0,37.805084228515625,3.816579818725586,-201.918701171875
1750930056.8393016,0.0,0.5,"[174.0, 185.0, 193.0, 174.0, 143.0, 126.0, 128.0, 147.0, 185.0, 174.0]",11.205146789550781,0.0,37.6214599609375,3.81390380859375,-202.04714965820312
1750930056.8584092,0.0,0.5,"[174.0, 185.0, 195.0, 174.0, 143.0, 126.0, 128.0, 147.0, 185.0, 174.0]",11.404519081115723,0.0,37.434600830078125,3.8109359741210938,-202.17794799804688
1750930056.8773742,0.0,0.5,"[174.0, 185.0, 197.0, 174.0, 143.0, 126.0, 128.0, 146.0, 185.0, 174.0]",11.30217170715332,0.0,37.249481201171875,3.8076953887939453,-202.30758666992188
1750930056.8966167,1.0,0.5,"[174.0, 185.0, 198.0, 174.0, 143.0, 126.0, 128.0, 145.0, 185.0, 174.0]",11.468300819396973,0.0,37.061614990234375,3.8040618896484375,-202.43914794921875
1750930056.9310086,1.0,0.5,"[174.0, 185.0, 197.0, 175.0, 144.0, 127.0, 128.0, 146.0, 185.0, 174.0]",11.048661231994629,0.5,36.871734619140625,3.8002071380615234,-202.55206298828125
1750930056.951839,1.0,0.5,"[174.0, 185.0, 194.0, 176.0, 145.0, 128.0, 129.0, 147.0, 185.0, 174.0]",11.017502784729004,0.5,36.674041748046875,3.7960205078125,-202.64935302734375
1750930056.9719868,1.0,0.5,"[174.0, 185.0, 192.0, 177.0, 147.0, 129.0, 130.0, 148.0, 185.0, 174.0]",10.946168899536133,0.5,36.4727783203125,3.791471481323242,-202.7353515625
1750930056.9909017,1.0,0.5,"[174.0, 185.0, 189.0, 178.0, 148.0, 131.0, 132.0, 150.0, 185.0, 174.0]",11.120692253112793,0.5,36.266876220703125,3.7865219116210938,-202.81927490234375
1750930057.009787,0.0,0.5,"[174.0, 185.0, 187.0, 179.0, 149.0, 133.0, 133.0, 151.0, 185.0, 174.0]",11.174735069274902,0.5,36.057952880859375,3.781167984008789,-202.89849853515625
1750930057.0290375,0.0,0.5,"[174.0, 185.0, 186.0, 179.0, 149.0, 134.0, 133.0, 151.0, 185.0, 174.0]",11.11052417755127,0.0,35.85614013671875,3.7753028869628906,-202.9913330078125
1750930057.0480714,0.0,0.5,"[174.0, 185.0, 187.0, 179.0, 149.0, 134.0, 133.0, 151.0, 185.0, 174.0]",11.115863800048828,0.0,35.661163330078125,3.7690200805664062,-203.09796142578125
1750930057.0670226,0.0,0.5,"[174.0, 185.0, 187.0, 179.0, 149.0, 133.0, 133.0, 151.0, 185.0, 174.0]",11.144328117370605,0.0,35.465850830078125,3.76251220703125,-203.20513916015625
1750930057.0858161,0.0,0.5,"[174.0, 185.0, 189.0, 179.0, 149.0, 133.0, 132.0, 150.0, 185.0, 174.0]",11.345396041870117,0.0,35.267059326171875,3.7556915283203125,-203.3143310546875
1750930057.1045952,0.0,0.5,"[174.0, 185.0, 189.0, 179.0, 148.0, 133.0, 132.0, 150.0, 185.0, 174.0]",11.21255874633789,0.0,35.07049560546875,3.7488040924072266,-203.42205810546875
1750930057.1232853,0.0,0.5,"[174.0, 185.0, 190.0, 179.0, 148.0, 131.0, 132.0, 149.0, 185.0, 174.0]",11.401751518249512,0.0,34.870758056640625,3.741605758666992,-203.53189086914062
1750930057.1417215,0.0,0.5,"[174.0, 185.0, 190.0, 179.0, 148.0, 131.0, 131.0, 148.0, 185.0, 174.0]",11.438322067260742,0.0,34.670318603515625,3.734193801879883,-203.64190673828125
1750930057.1607013,0.0,0.5,"[174.0, 185.0, 192.0, 179.0, 148.0, 131.0, 131.0, 147.0, 185.0, 174.0]",11.498939514160156,0.0,34.468841552734375,3.7265682220458984,-203.75250244140625
1750930057.1784296,1.0,0.5,"[174.0, 185.0, 193.0, 179.0, 148.0, 130.0, 130.0, 147.0, 185.0, 174.0]",11.52385425567627,0.0,34.266845703125,3.718790054321289,-203.86325073242188
1750930057.196919,1.0,0.5,"[174.0, 185.0, 192.0, 179.0, 148.0, 131.0, 131.0, 147.0, 185.0, 174.0]",11.246192932128906,0.5,34.062408447265625,3.711301803588867,-203.95672607421875
1750930057.2151399,1.0,0.5,"[174.0, 185.0, 190.0, 179.0, 149.0, 133.0, 132.0, 148.0, 185.0, 174.0]",11.162635803222656,0.5,33.852752685546875,3.7040367126464844,-204.0330810546875
1750930057.2636113,0.0,0.5,"[174.0, 185.0, 188.0, 179.0, 150.0, 135.0, 133.0, 150.0, 185.0, 174.0]",10.917831420898438,0.5,33.644683837890625,3.6969432830810547,-204.0989990234375
1750930057.2814069,0.0,0.5,"[174.0, 185.0, 187.0, 179.0, 150.0, 136.0, 134.0, 150.0, 185.0, 174.0]",11.193548202514648,0.0,33.435760498046875,3.6892929077148438,-204.1790771484375
1750930057.2830787,0.0,0.5,"[174.0, 185.0, 187.0, 179.0, 150.0, 136.0, 134.0, 150.0, 185.0, 174.0]",11.190326690673828,0.0,33.232330322265625,3.681276321411133,-204.27203369140625
1750930057.3015397,0.0,0.5,"[174.0, 185.0, 189.0, 179.0, 150.0, 136.0, 133.0, 150.0, 185.0, 174.0]",11.065153121948242,0.0,33.032135009765625,3.673259735107422,-204.365966796875
1750930057.3204558,0.0,0.5,"[174.0, 185.0, 190.0, 179.0, 150.0, 135.0, 133.0, 149.0, 185.0, 174.0]",11.23021125793457,0.0,32.82891845703125,3.6651039123535156,-204.4613037109375
1750930057.3385634,0.0,0.5,"[174.0, 185.0, 192.0, 179.0, 150.0, 135.0, 132.0, 148.0, 185.0, 174.0]",11.289769172668457,0.0,32.624725341796875,3.656871795654297,-204.55731201171875
1750930057.3564048,0.0,0.5,"[174.0, 185.0, 193.0, 295.0, 150.0, 135.0, 132.0, 148.0, 185.0, 174.0]",11.322937965393066,0.0,32.419952392578125,3.6486778259277344,-204.6536865234375
1750930057.3897078,0.0,0.5,"[174.0, 185.0, 193.0, 181.0, 150.0, 135.0, 132.0, 147.0, 185.0, 174.0]",11.53061294555664,0.0,32.211456298828125,3.640338897705078,-204.75189208984375
1750930057.408554,0.0,0.5,"[174.0, 185.0, 195.0, 181.0, 150.0, 134.0, 132.0, 147.0, 185.0, 174.0]",11.372804641723633,0.0,32.0057373046875,3.6321563720703125,-204.84854125976562
1750930057.426603,0.0,0.5,"[174.0, 185.0, 197.0, 181.0, 150.0, 134.0, 131.0, 146.0, 185.0, 174.0]",11.530638694763184,0.0,31.797210693359375,3.6239547729492188,-204.9466552734375
1750930057.4444482,1.0,0.5,"[174.0, 185.0, 197.0, 181.0, 149.0, 134.0, 131.0, 145.0, 185.0, 174.0]",11.584789276123047,0.0,31.587677001953125,3.6157894134521484,-205.04519653320312
1750930057.462729,1.0,0.5,"[174.0, 185.0, 197.0, 295.0, 150.0, 135.0, 131.0, 145.0, 185.0, 174.0]",11.48474407196045,0.5,31.37274169921875,3.60809326171875,-205.12591552734375
1750930057.4804983,1.0,0.5,"[174.0, 185.0, 193.0, 178.0, 151.0, 136.0, 133.0, 147.0, 185.0, 174.0]",11.114235877990723,0.5,31.158050537109375,3.601034164428711,-205.18301391601562
1750930057.4982784,1.0,0.5,"[174.0, 185.0, 192.0, 176.0, 151.0, 138.0, 134.0, 150.0, 185.0, 174.0]",11.314468383789062,0.5,30.937591552734375,3.5941600799560547,-205.23358154296875
1750930057.5153933,0.0,0.5,"[174.0, 185.0, 189.0, 174.0, 152.0, 140.0, 137.0, 151.0, 185.0, 174.0]",11.163333892822266,0.5,30.719268798828125,3.587553024291992,-205.2799072265625
1750930057.5558486,0.0,0.5,"[174.0, 185.0, 188.0, 173.0, 152.0, 140.0, 137.0, 151.0, 185.0, 174.0]",11.394794464111328,0.0,30.500762939453125,3.5807361602783203,-205.34420776367188
1750930057.5734031,0.0,0.5,"[174.0, 185.0, 189.0, 173.0, 152.0, 140.0, 136.0, 150.0, 185.0, 174.0]",11.09033203125,0.0,30.294097900390625,3.5740585327148438,-205.42449951171875
1750930057.589644,0.0,0.5,"[174.0, 185.0, 189.0, 173.0, 151.0, 139.0, 136.0, 150.0, 185.0, 174.0]",11.470195770263672,0.0,30.078369140625,3.5675125122070312,-205.502197265625
1750930057.6055484,0.0,0.5,"[174.0, 185.0, 189.0, 173.0, 151.0, 139.0, 134.0, 148.0, 185.0, 174.0]",11.276678085327148,0.0,29.8668212890625,3.561250686645508,-205.5802001953125
1750930057.6221783,0.0,0.5,"[174.0, 185.0, 190.0, 173.0, 150.0, 138.0, 134.0, 147.0, 185.0, 174.0]",11.600325584411621,0.0,29.64910888671875,3.5550613403320312,-205.66012573242188
1750930057.6386938,0.0,0.5,"[174.0, 185.0, 190.0, 173.0, 150.0, 137.0, 133.0, 147.0, 185.0, 174.0]",11.286694526672363,0.0,29.437286376953125,3.549283981323242,-205.73785400390625
1750930057.6551688,0.0,0.5,"[174.0, 185.0, 190.0, 171.0, 149.0, 136.0, 132.0, 145.0, 185.0, 174.0]",11.611993789672852,0.0,29.21929931640625,3.543733596801758,-205.81781005859375
1750930057.6963828,1.0,0.5,"[174.0, 185.0, 190.0, 171.0, 148.0, 136.0, 131.0, 144.0, 185.0, 174.0]",11.498982429504395,0.0,29.00341796875,3.5385971069335938,-205.89694213867188
1750930057.713146,1.0,0.5,"[174.0, 185.0, 189.0, 170.0, 148.0, 136.0, 132.0, 144.0, 185.0, 174.0]",11.42850399017334,0.5,28.7835693359375,3.5339107513427734,-205.959228515625
1750930057.7289202,1.0,0.5,"[174.0, 185.0, 186.0, 168.0, 149.0, 137.0, 133.0, 146.0, 185.0, 174.0]",11.117182731628418,0.5,28.56414794921875,3.530061721801758,-205.99505615234375
1750930057.7448957,0.0,0.5,"[174.0, 185.0, 183.0, 165.0, 150.0, 137.0, 134.0, 147.0, 185.0, 174.0]",11.278287887573242,0.5,28.340911865234375,3.5266494750976562,-206.02728271484375
1750930057.7608502,0.0,0.5,"[174.0, 185.0, 183.0, 164.0, 149.0, 137.0, 134.0, 147.0, 185.0, 174.0]",11.01009464263916,0.0,28.125946044921875,3.523530960083008,-206.07489013671875
1750930057.7768567,0.0,0.5,"[174.0, 185.0, 183.0, 164.0, 149.0, 136.0, 134.0, 147.0, 185.0, 174.0]",11.157310485839844,0.0,27.912628173828125,3.520517349243164,-206.14035034179688
1750930057.7924693,0.0,0.5,"[174.0, 185.0, 183.0, 163.0, 148.0, 136.0, 133.0, 145.0, 185.0, 174.0]",11.3098726272583,0.0,27.6956787109375,3.517833709716797,-206.20428466796875
1750930057.833385,0.0,0.5,"[174.0, 185.0, 181.0, 163.0, 148.0, 135.0, 132.0, 145.0, 184.0, 174.0]",11.101187705993652,0.0,27.4827880859375,3.5155601501464844,-206.26727294921875
1750930057.8490627,0.0,0.5,"[174.0, 185.0, 181.0, 163.0, 147.0, 134.0, 132.0, 144.0, 182.0, 174.0]",11.319563865661621,0.0,27.2655029296875,3.513641357421875,-206.33074951171875
1750930057.8636398,0.0,0.5,"[174.0, 185.0, 183.0, 163.0, 146.0, 133.0, 131.0, 142.0, 180.0, 174.0]",11.54147720336914,0.0,27.04412841796875,3.512166976928711,-206.39617919921875
1750930057.8799496,0.0,0.5,"[174.0, 185.0, 181.0, 163.0, 146.0, 131.0, 130.0, 141.0, 179.0, 174.0]",11.349413871765137,0.0,26.826568603515625,3.5110950469970703,-206.4609375
1750930057.895824,1.0,0.5,"[174.0, 185.0, 183.0, 162.0, 145.0, 131.0, 130.0, 141.0, 177.0, 174.0]",11.52730941772461,0.0,26.60546875,3.5103912353515625,-206.52618408203125
1750930057.9244134,1.0,0.5,"[174.0, 185.0, 181.0, 161.0, 146.0, 131.0, 130.0, 141.0, 177.0, 174.0]",11.331745147705078,0.5,26.3841552734375,3.5101356506347656,-206.57504272460938
1750930057.9403107,1.0,0.5,"[174.0, 185.0, 178.0, 160.0, 146.0, 131.0, 132.0, 142.0, 179.0, 174.0]",11.11931324005127,0.5,26.163665771484375,3.510496139526367,-206.6038818359375
1750930057.9561243,1.0,0.5,"[174.0, 185.0, 176.0, 158.0, 148.0, 133.0, 133.0, 145.0, 182.0, 174.0]",11.0660400390625,0.5,25.943145751953125,3.511289596557617,-206.62286376953125
1750930057.9843245,0.0,0.5,"[174.0, 185.0, 173.0, 155.0, 149.0, 134.0, 136.0, 147.0, 185.0, 174.0]",10.98653793334961,0.5,25.7237548828125,3.5124778747558594,-206.63519287109375
1750930058.0000894,0.0,0.5,"[174.0, 185.0, 172.0, 155.0, 149.0, 134.0, 136.0, 148.0, 185.0, 174.0]",11.048052787780762,0.0,25.504547119140625,3.5136756896972656,-206.66290283203125
1750930058.0162332,0.0,0.5,"[174.0, 185.0, 173.0, 155.0, 149.0, 134.0, 136.0, 147.0, 185.0, 174.0]",11.138347625732422,0.0,25.286468505859375,3.5147705078125,-206.70828247070312
1750930058.0440934,0.0,0.5,"[174.0, 185.0, 173.0, 155.0, 149.0, 133.0, 134.0, 147.0, 185.0, 174.0]",11.179598808288574,0.0,25.0675048828125,3.5160694122314453,-206.75360107421875
1750930058.0599298,0.0,0.5,"[174.0, 185.0, 173.0, 155.0, 149.0, 133.0, 134.0, 147.0, 185.0, 174.0]",11.102782249450684,0.0,24.850067138671875,3.5175437927246094,-206.79852294921875
1750930058.0752873,0.0,0.5,"[174.0, 185.0, 173.0, 155.0, 149.0, 131.0, 133.0, 146.0, 183.0, 174.0]",11.307268142700195,0.0,24.6285400390625,3.5192623138427734,-206.84408569335938
1750930058.1155868,1.0,0.5,"[174.0, 185.0, 173.0, 155.0, 149.0, 131.0, 133.0, 146.0, 183.0, 174.0]",11.403105735778809,0.0,24.4052734375,3.5211753845214844,-206.89053344726562
1750930058.1317024,1.0,0.5,"[174.0, 185.0, 172.0, 154.0, 149.0, 133.0, 133.0, 147.0, 185.0, 174.0]",11.079859733581543,0.5,24.185150146484375,3.5234203338623047,-206.91583251953125
1750930058.1474946,1.0,0.5,"[174.0, 185.0, 170.0, 152.0, 151.0, 134.0, 134.0, 150.0, 185.0, 174.0]",10.98023796081543,0.5,23.96563720703125,3.5259323120117188,-206.92196655273438
1750930058.163209,1.0,0.5,"[174.0, 185.0, 167.0, 151.0, 259.0, 135.0, 136.0, 153.0, 185.0, 174.0]",10.869810104370117,0.5,23.748260498046875,3.528656005859375,-206.919677734375
1750930058.178802,1.0,0.5,"[174.0, 185.0, 165.0, 148.0, 150.0, 136.0, 137.0, 155.0, 185.0, 174.0]",11.066515922546387,0.5,23.527008056640625,3.531524658203125,-206.91436767578125
1750930058.1937976,1.0,0.5,"[174.0, 185.0, 162.0, 146.0, 150.0, 138.0, 138.0, 158.0, 185.0, 174.0]",11.062901496887207,0.5,23.306121826171875,3.5345535278320312,-206.90228271484375
1750930058.228876,0.0,0.5,"[174.0, 185.0, 159.0, 145.0, 148.0, 139.0, 139.0, 159.0, 185.0, 174.0]",11.064714431762695,0.5,23.085357666015625,3.537618637084961,-206.8870849609375
1750930058.243952,0.0,0.5,"[174.0, 185.0, 159.0, 143.0, 147.0, 140.0, 140.0, 159.0, 185.0, 174.0]",11.009910583496094,0.0,22.865203857421875,3.540567398071289,-206.88543701171875
1750930058.2587395,0.0,0.5,"[174.0, 185.0, 159.0, 144.0, 147.0, 140.0, 139.0, 159.0, 185.0, 174.0]",11.034255027770996,0.0,22.645050048828125,3.543333053588867,-206.90069580078125
1750930058.2738702,0.0,0.5,"[174.0, 185.0, 159.0, 143.0, 147.0, 139.0, 139.0, 158.0, 185.0, 174.0]",11.089552879333496,0.0,22.423828125,3.546110153198242,-206.91619873046875
1750930058.310991,0.0,0.5,"[174.0, 185.0, 158.0, 143.0, 147.0, 139.0, 139.0, 158.0, 185.0, 174.0]",11.276686668395996,0.0,22.1988525390625,3.5489025115966797,-206.9320068359375
1750930058.3250399,0.0,0.5,"[174.0, 185.0, 158.0, 143.0, 147.0, 139.0, 139.0, 158.0, 185.0, 174.0]",11.142158508300781,0.0,21.9765625,3.5516490936279297,-206.94744873046875
1750930058.3390894,0.0,0.5,"[174.0, 185.0, 158.0, 143.0, 147.0, 139.0, 138.0, 156.0, 185.0, 174.0]",11.312274932861328,0.0,21.750885009765625,3.5543899536132812,-206.96331787109375
1750930058.3525875,1.0,0.5,"[174.0, 185.0, 158.0, 143.0, 147.0, 139.0, 138.0, 156.0, 185.0, 174.0]",11.157353401184082,0.0,21.528289794921875,3.557088851928711,-206.97857666015625
1750930058.3875835,1.0,0.5,"[174.0, 185.0, 156.0, 143.0, 146.0, 140.0, 138.0, 156.0, 185.0, 174.0]",11.022319793701172,0.5,21.307861328125,3.559904098510742,-206.97958374023438
1750930058.4016225,0.0,0.5,"[174.0, 185.0, 155.0, 140.0, 145.0, 141.0, 140.0, 158.0, 185.0, 174.0]",10.808405876159668,0.5,21.092620849609375,3.562854766845703,-206.9595947265625
1750930058.4161208,0.0,0.5,"[174.0, 185.0, 154.0, 139.0, 144.0, 141.0, 140.0, 158.0, 185.0, 174.0]",10.883979797363281,0.0,20.875,3.565977096557617,-206.95669555664062
1750930058.4405003,0.0,0.5,"[174.0, 185.0, 154.0, 139.0, 144.0, 141.0, 139.0, 158.0, 185.0, 174.0]",10.912200927734375,0.0,20.657012939453125,3.569242477416992,-206.96719360351562
1750930058.454503,0.0,0.5,"[174.0, 185.0, 153.0, 139.0, 144.0, 141.0, 139.0, 156.0, 185.0, 174.0]",10.981529235839844,0.0,20.43756103515625,3.572744369506836,-206.97476196289062
1750930058.4900086,0.0,0.5,"[174.0, 185.0, 153.0, 139.0, 144.0, 141.0, 139.0, 156.0, 185.0, 174.0]",11.027390480041504,0.0,20.217193603515625,3.5763816833496094,-206.9827880859375
1750930058.504448,0.0,0.5,"[174.0, 185.0, 153.0, 139.0, 144.0, 140.0, 138.0, 156.0, 185.0, 174.0]",11.046490669250488,0.0,19.996429443359375,3.5801773071289062,-206.99090576171875
1750930058.5185342,0.0,0.5,"[174.0, 185.0, 153.0, 139.0, 144.0, 140.0, 138.0, 155.0, 185.0, 174.0]",11.185074806213379,0.0,19.772918701171875,3.5841197967529297,-206.99908447265625
1750930058.5323956,0.0,0.5,"[174.0, 185.0, 153.0, 139.0, 144.0, 140.0, 138.0, 155.0, 185.0, 174.0]",11.046960830688477,0.0,19.552154541015625,3.5881080627441406,-207.00689697265625
1750930058.5674422,0.0,0.5,"[174.0, 185.0, 151.0, 139.0, 144.0, 140.0, 138.0, 155.0, 185.0, 174.0]",11.239585876464844,0.0,19.327545166015625,3.592191696166992,-207.0150146484375
1750930058.581637,0.0,0.5,"[174.0, 185.0, 151.0, 139.0, 144.0, 139.0, 137.0, 153.0, 185.0, 174.0]",11.273799896240234,0.0,19.10223388671875,3.5963134765625,-207.02285766601562
1750930058.5954988,0.0,0.5,"[174.0, 185.0, 151.0, 138.0, 143.0, 139.0, 137.0, 153.0, 185.0, 174.0]",11.243697166442871,0.0,18.8775634765625,3.600461959838867,-207.03118896484375
1750930058.6306245,0.0,0.5,"[174.0, 185.0, 151.0, 138.0, 143.0, 139.0, 137.0, 151.0, 185.0, 174.0]",11.261137008666992,0.0,18.652496337890625,3.6046390533447266,-207.03890991210938
1750930058.6447144,0.0,0.5,"[174.0, 185.0, 151.0, 138.0, 143.0, 139.0, 136.0, 151.0, 185.0, 174.0]",11.440535545349121,0.0,18.42388916015625,3.6088600158691406,-207.0474853515625
1750930058.658594,0.0,0.5,"[174.0, 185.0, 151.0, 138.0, 143.0, 139.0, 136.0, 151.0, 185.0, 174.0]",11.42369270324707,0.0,18.19561767578125,3.613048553466797,-207.05572509765625
1750930058.6727464,0.0,0.5,"[174.0, 185.0, 150.0, 137.0, 143.0, 138.0, 136.0, 150.0, 185.0, 174.0]",11.432732582092285,0.0,17.967132568359375,3.6172218322753906,-207.06387329101562
1750930058.707814,0.0,0.5,"[174.0, 185.0, 150.0, 137.0, 143.0, 138.0, 136.0, 150.0, 185.0, 174.0]",11.505877494812012,0.0,17.737213134765625,3.6213150024414062,-207.072021484375
1750930058.7220616,0.0,0.5,"[174.0, 185.0, 150.0, 137.0, 143.0, 138.0, 134.0, 149.0, 185.0, 174.0]",11.666559219360352,0.0,17.504058837890625,3.6254615783691406,-207.08026123046875
1750930058.7358854,0.0,0.5,"[174.0, 185.0, 150.0, 137.0, 142.0, 138.0, 134.0, 148.0, 185.0, 174.0]",11.530367851257324,0.0,17.273651123046875,3.629659652709961,-207.0887451171875
1750930058.7604067,0.0,0.5,"[174.0, 185.0, 150.0, 137.0, 143.0, 138.0, 134.0, 148.0, 185.0, 174.0]",11.714256286621094,0.0,17.03955078125,3.6339893341064453,-207.09695434570312
1750930058.7746503,1.0,0.5,"[174.0, 185.0, 150.0, 137.0, 142.0, 138.0, 134.0, 147.0, 185.0, 174.0]",11.615575790405273,0.0,16.80743408203125,3.638355255126953,-207.10568237304688
1750930058.809264,1.0,0.5,"[174.0, 185.0, 148.0, 136.0, 142.0, 138.0, 134.0, 148.0, 185.0, 174.0]",11.587650299072266,0.5,16.57586669921875,3.6427955627441406,-207.09744262695312
1750930058.823189,0.0,0.5,"[174.0, 183.0, 145.0, 133.0, 140.0, 140.0, 136.0, 150.0, 185.0, 174.0]",11.086522102355957,0.5,16.355682373046875,3.6470947265625,-207.07159423828125
1750930058.8372486,0.0,0.5,"[174.0, 182.0, 144.0, 133.0, 139.0, 141.0, 137.0, 150.0, 185.0, 174.0]",11.348976135253906,0.0,16.129150390625,3.6515560150146484,-207.05816650390625
1750930058.8511567,0.0,0.5,"[174.0, 182.0, 144.0, 133.0, 139.0, 141.0, 136.0, 150.0, 185.0, 174.0]",11.093660354614258,0.0,15.907318115234375,3.655946731567383,-207.058837890625
1750930058.8854787,0.0,0.5,"[174.0, 181.0, 144.0, 133.0, 139.0, 140.0, 136.0, 150.0, 185.0, 174.0]",11.473435401916504,0.0,15.67791748046875,3.6605052947998047,-207.058837890625
1750930058.899224,0.0,0.5,"[174.0, 181.0, 144.0, 133.0, 139.0, 141.0, 136.0, 150.0, 185.0, 174.0]",11.279102325439453,0.0,15.452362060546875,3.6649951934814453,-207.05886840820312
1750930058.9131644,0.0,0.5,"[174.0, 180.0, 144.0, 133.0, 139.0, 141.0, 136.0, 150.0, 185.0, 174.0]",11.420805931091309,0.0,15.2239990234375,3.669534683227539,-207.05859375
1750930058.9465065,0.0,0.5,"[174.0, 179.0, 143.0, 132.0, 139.0, 141.0, 136.0, 150.0, 185.0, 174.0]",11.539556503295898,0.0,14.993255615234375,3.674100875854492,-207.05859375
1750930058.960402,0.0,0.5,"[174.0, 179.0, 143.0, 132.0, 139.0, 141.0, 136.0, 149.0, 185.0, 174.0]",11.380711555480957,0.0,14.76568603515625,3.6785926818847656,-207.05816650390625
1750930058.9742715,0.0,0.5,"[174.0, 179.0, 143.0, 132.0, 139.0, 141.0, 136.0, 149.0, 185.0, 174.0]",11.735794067382812,0.0,14.531005859375,3.683176040649414,-207.05792236328125
1750930059.008942,0.0,0.5,"[174.0, 179.0, 142.0, 132.0, 139.0, 141.0, 136.0, 148.0, 185.0, 174.0]",11.648431777954102,0.0,14.298065185546875,3.6874465942382812,-207.05758666992188
1750930059.023019,0.0,0.5,"[174.0, 178.0, 142.0, 132.0, 139.0, 141.0, 136.0, 148.0, 185.0, 174.0]",11.784664154052734,0.0,14.062408447265625,3.6912918090820312,-207.05755615234375
1750930059.0375109,0.0,0.5,"[174.0, 178.0, 142.0, 132.0, 140.0, 141.0, 136.0, 148.0, 185.0, 174.0]",11.6090669631958,0.0,13.83026123046875,3.6946277618408203,-207.05743408203125
1750930059.0515091,0.0,0.5,"[174.0, 178.0, 142.0, 132.0, 140.0, 141.0, 136.0, 148.0, 185.0, 174.0]",11.735245704650879,0.0,13.5955810546875,3.697610855102539,-207.0576171875
1750930059.0853875,0.0,0.5,"[174.0, 177.0, 142.0, 132.0, 140.0, 141.0, 136.0, 148.0, 185.0, 174.0]",11.65087604522705,0.0,13.362579345703125,3.7002220153808594,-207.0572509765625
1750930059.0995424,0.0,0.5,"[174.0, 177.0, 142.0, 132.0, 140.0, 141.0, 136.0, 148.0, 185.0, 174.0]",11.769536018371582,0.0,13.127197265625,3.702516555786133,-207.05697631835938
1750930059.1134877,0.0,0.5,"[174.0, 177.0, 142.0, 132.0, 140.0, 141.0, 136.0, 148.0, 185.0, 174.0]",11.966622352600098,0.0,12.88787841796875,3.7046260833740234,-207.05715942382812
1750930059.1480086,0.0,0.5,"[174.0, 177.0, 142.0, 132.0, 140.0, 142.0, 136.0, 148.0, 185.0, 174.0]",12.026103019714355,0.0,12.647369384765625,3.7065505981445312,-207.05703735351562
1750930059.1616051,0.0,0.5,"[174.0, 176.0, 142.0, 133.0, 141.0, 142.0, 136.0, 148.0, 185.0, 174.0]",12.029184341430664,0.0,12.406768798828125,3.7083206176757812,-207.05682373046875
1750930059.1756449,0.0,0.5,"[174.0, 176.0, 142.0, 133.0, 141.0, 142.0, 136.0, 148.0, 185.0, 174.0]",12.0530366897583,0.0,12.165740966796875,3.7099742889404297,-207.05661010742188
1750930059.1999922,0.0,0.5,"[174.0, 176.0, 142.0, 133.0, 141.0, 142.0, 136.0, 148.0, 185.0, 174.0]",12.12285327911377,0.0,11.92327880859375,3.7115631103515625,-207.05645751953125
1750930059.2139602,0.0,0.5,"[174.0, 176.0, 142.0, 133.0, 141.0, 142.0, 137.0, 148.0, 185.0, 174.0]",12.175850868225098,0.0,11.67974853515625,3.713115692138672,-207.05633544921875
1750930059.2480125,0.0,0.5,"[174.0, 176.0, 142.0, 133.0, 141.0, 142.0, 137.0, 148.0, 185.0, 174.0]",12.186153411865234,0.0,11.43603515625,3.714639663696289,-207.0562744140625
1750930059.2619448,0.0,0.5,"[174.0, 176.0, 142.0, 133.0, 142.0, 143.0, 137.0, 148.0, 185.0, 174.0]",12.165767669677734,0.0,11.192718505859375,3.7161426544189453,-207.05615234375
1750930059.2757719,0.0,0.5,"[174.0, 176.0, 142.0, 133.0, 142.0, 143.0, 137.0, 149.0, 185.0, 174.0]",12.162985801696777,0.0,10.949493408203125,3.7176551818847656,-207.05584716796875
1750930059.3101468,0.0,0.5,"[174.0, 176.0, 142.0, 133.0, 142.0, 143.0, 137.0, 148.0, 185.0, 174.0]",12.37554931640625,0.0,10.70196533203125,3.7187767028808594,-207.0555419921875
1750930059.3239934,0.0,0.5,"[174.0, 176.0, 142.0, 133.0, 142.0, 143.0, 137.0, 149.0, 185.0, 174.0]",12.309598922729492,0.0,10.455780029296875,3.719545364379883,-207.0552978515625
1750930059.3380399,0.0,0.5,"[174.0, 176.0, 142.0, 133.0, 142.0, 143.0, 137.0, 148.0, 185.0, 174.0]",12.320307731628418,0.0,10.209381103515625,3.719989776611328,-207.05511474609375
1750930059.3515396,0.0,0.5,"[174.0, 176.0, 142.0, 133.0, 142.0, 144.0, 137.0, 148.0, 185.0, 174.0]",12.358154296875,0.0,9.96221923828125,3.72015380859375,-207.054931640625
1750930059.3860424,0.0,0.5,"[174.0, 176.0, 142.0, 133.0, 142.0, 143.0, 137.0, 148.0, 185.0, 174.0]",12.573616027832031,0.0,9.710723876953125,3.720081329345703,-207.05490112304688
1750930059.400102,0.0,0.5,"[174.0, 174.0, 142.0, 133.0, 142.0, 144.0, 137.0, 148.0, 185.0, 174.0]",12.438674926757812,0.0,9.46197509765625,3.7198123931884766,-207.05474853515625
1750930059.4141886,0.0,0.5,"[174.0, 174.0, 142.0, 133.0, 142.0, 143.0, 137.0, 148.0, 185.0, 174.0]",12.595804214477539,0.0,9.210052490234375,3.719392776489258,-207.05459594726562
1750930059.449483,0.0,0.5,"[174.0, 173.0, 142.0, 133.0, 142.0, 144.0, 137.0, 148.0, 185.0, 174.0]",12.603555679321289,0.0,8.957977294921875,3.7188568115234375,-207.05447387695312
1750930059.4632292,0.0,0.5,"[174.0, 173.0, 142.0, 133.0, 142.0, 143.0, 137.0, 148.0, 185.0, 174.0]",12.630450248718262,0.0,8.70538330078125,3.718240737915039,-207.05410766601562
1750930059.4773004,0.0,0.5,"[174.0, 173.0, 142.0, 133.0, 142.0, 143.0, 137.0, 147.0, 185.0, 174.0]",12.807965278625488,0.0,8.44921875,3.717571258544922,-207.053955078125
1750930059.491024,0.0,0.5,"[174.0, 173.0, 141.0, 133.0, 142.0, 143.0, 137.0, 147.0, 185.0, 174.0]",12.719489097595215,0.0,8.19482421875,3.7168750762939453,-207.0538330078125
1750930059.5254624,0.0,0.5,"[174.0, 173.0, 141.0, 133.0, 142.0, 143.0, 137.0, 147.0, 184.0, 174.0]",12.97258472442627,0.0,7.93536376953125,3.7161712646484375,-207.0537109375
1750930059.5392938,0.0,0.5,"[174.0, 172.0, 141.0, 133.0, 142.0, 143.0, 136.0, 147.0, 183.0, 174.0]",12.884998321533203,0.0,7.67767333984375,3.7154808044433594,-207.05343627929688
1750930059.5533822,0.0,0.5,"[174.0, 171.0, 141.0, 132.0, 142.0, 143.0, 136.0, 147.0, 183.0, 174.0]",13.013077735900879,0.0,7.41741943359375,3.7148170471191406,-207.05331420898438
1750930059.5874944,0.0,0.5,"[174.0, 171.0, 141.0, 132.0, 142.0, 143.0, 136.0, 146.0, 182.0, 174.0]",12.790355682373047,0.0,7.16162109375,3.714191436767578,-207.0531005859375
1750930059.6010268,0.0,0.5,"[174.0, 170.0, 141.0, 132.0, 142.0, 143.0, 136.0, 146.0, 182.0, 174.0]",12.976299285888672,0.0,6.902069091796875,3.7136077880859375,-207.05316162109375
1750930059.6150012,0.0,0.5,"[174.0, 170.0, 140.0, 132.0, 142.0, 143.0, 136.0, 146.0, 182.0, 174.0]",13.088356971740723,0.0,6.64031982421875,3.7130584716796875,-207.05303955078125
1750930059.6499116,0.0,0.5,"[174.0, 170.0, 139.0, 131.0, 141.0, 143.0, 136.0, 145.0, 182.0, 174.0]",13.057815551757812,0.0,6.379150390625,3.7125511169433594,-207.0528564453125
1750930059.6643977,0.0,0.5,"[174.0, 169.0, 139.0, 131.0, 141.0, 143.0, 136.0, 145.0, 181.0, 174.0]",13.080994606018066,0.0,6.1175537109375,3.7120933532714844,-207.052490234375
1750930059.6785748,0.0,0.5,"[174.0, 169.0, 139.0, 131.0, 141.0, 142.0, 136.0, 145.0, 180.0, 174.0]",13.327016830444336,0.0,5.85101318359375,3.711688995361328,-207.052001953125
1750930059.6928039,0.0,0.5,"[174.0, 168.0, 139.0, 131.0, 141.0, 142.0, 134.0, 145.0, 179.0, 174.0]",13.168462753295898,0.0,5.587646484375,3.7113418579101562,-207.0518798828125
1750930059.7274077,0.0,0.5,"[174.0, 167.0, 138.0, 131.0, 141.0, 142.0, 134.0, 145.0, 179.0, 174.0]",13.313935279846191,0.0,5.32135009765625,3.711048126220703,-207.051513671875
1750930059.7414515,0.0,0.5,"[174.0, 167.0, 137.0, 131.0, 141.0, 142.0, 134.0, 145.0, 179.0, 174.0]",13.161864280700684,0.0,5.05810546875,3.710805892944336,-207.0513916015625
1750930059.7558389,0.0,0.5,"[174.0, 167.0, 137.0, 131.0, 141.0, 142.0, 134.0, 144.0, 179.0, 174.0]",13.360457420349121,0.0,4.790924072265625,3.7106075286865234,-207.0509033203125
1750930059.7800276,0.0,0.5,"[174.0, 167.0, 137.0, 131.0, 141.0, 142.0, 134.0, 144.0, 178.0, 174.0]",13.295721054077148,0.0,4.524993896484375,3.71044921875,-207.05072021484375
1750930059.7932484,0.0,0.5,"[174.0, 166.0, 137.0, 130.0, 141.0, 142.0, 134.0, 144.0, 177.0, 174.0]",13.592674255371094,0.0,4.253143310546875,3.7103271484375,-207.05038452148438
1750930059.8281689,0.0,0.5,"[174.0, 166.0, 137.0, 130.0, 141.0, 142.0, 134.0, 143.0, 177.0, 174.0]",13.24197006225586,0.0,3.988311767578125,3.710237503051758,-207.05023193359375
1750930059.8419611,0.0,0.5,"[174.0, 165.0, 137.0, 130.0, 140.0, 142.0, 134.0, 143.0, 176.0, 174.0]",13.588295936584473,0.0,3.716522216796875,3.710172653198242,-207.050048828125
1750930059.856097,0.0,0.5,"[174.0, 165.0, 137.0, 130.0, 141.0, 142.0, 133.0, 142.0, 176.0, 174.0]",13.420783042907715,0.0,3.4481201171875,3.7101268768310547,-207.04983520507812
1750930059.8799796,0.0,0.5,"[174.0, 164.0, 136.0, 130.0, 140.0, 142.0, 133.0, 142.0, 176.0, 174.0]",13.631414413452148,0.0,3.175506591796875,3.7100982666015625,-207.0499267578125
1750930059.8941095,0.0,0.5,"[174.0, 164.0, 136.0, 129.0, 140.0, 142.0, 133.0, 142.0, 176.0, 174.0]",13.64250659942627,0.0,2.90264892578125,3.7100791931152344,-207.04986572265625
1750930059.9281495,0.0,0.5,"[174.0, 164.0, 136.0, 129.0, 140.0, 142.0, 133.0, 142.0, 174.0, 174.0]",13.476212501525879,0.0,2.63311767578125,3.7100791931152344,-207.04953002929688
1750930059.9420934,0.0,0.5,"[174.0, 164.0, 136.0, 129.0, 140.0, 142.0, 133.0, 142.0, 174.0, 174.0]",13.857792854309082,0.0,2.35595703125,3.7100982666015625,-207.04931640625
1750930059.956037,0.0,0.5,"[174.0, 163.0, 136.0, 129.0, 140.0, 142.0, 133.0, 142.0, 173.0, 174.0]",13.598733901977539,0.0,2.083984375,3.710132598876953,-207.04910278320312
1750930059.9804296,0.0,0.5,"[174.0, 163.0, 136.0, 129.0, 140.0, 142.0, 132.0, 141.0, 173.0, 174.0]",13.850722312927246,0.0,1.806976318359375,3.7101783752441406,-207.0491943359375
1750930059.9934943,0.0,0.5,"[174.0, 162.0, 134.0, 129.0, 140.0, 142.0, 132.0, 141.0, 173.0, 174.0]",13.934947967529297,0.0,1.528289794921875,3.710233688354492,-207.0491943359375
1750930060.007754,0.0,0.5,"[174.0, 161.0, 134.0, 129.0, 140.0, 141.0, 132.0, 141.0, 173.0, 174.0]",13.807230949401855,0.0,1.25213623046875,3.710296630859375,-207.048828125
1750930060.0416088,0.0,0.5,"[174.0, 161.0, 134.0, 129.0, 140.0, 142.0, 132.0, 141.0, 172.0, 174.0]",14.018179893493652,0.0,0.971771240234375,3.7103614807128906,-207.04876708984375
1750930060.0552564,0.0,0.5,"[174.0, 161.0, 134.0, 129.0, 140.0, 142.0, 132.0, 141.0, 172.0, 174.0]",14.056862831115723,0.0,0.690643310546875,3.7104263305664062,-207.048583984375
1750930060.0893004,0.0,0.5,"[174.0, 161.0, 134.0, 129.0, 140.0, 141.0, 132.0, 141.0, 171.0, 174.0]",14.129280090332031,0.0,0.408050537109375,3.710491180419922,-207.04830932617188
1750930060.1032574,0.0,0.5,"[174.0, 161.0, 134.0, 129.0, 140.0, 141.0, 132.0, 141.0, 171.0, 174.0]",14.137311935424805,0.0,0.12530517578125,3.7105541229248047,-207.04803466796875
1750930060.1173413,0.0,0.5,"[174.0, 160.0, 134.0, 129.0, 140.0, 141.0, 132.0, 140.0, 170.0, 174.0]",14.1419095993042,0.0,-0.15753173828125,3.710613250732422,-207.04779052734375
1750930060.1308756,0.0,0.5,"[174.0, 160.0, 133.0, 128.0, 140.0, 141.0, 132.0, 140.0, 170.0, 174.0]",14.211978912353516,0.0,-0.4417724609375,3.7106685638427734,-207.047607421875
1750930060.1646905,0.0,0.5,"[174.0, 159.0, 133.0, 128.0, 140.0, 141.0, 132.0, 140.0, 170.0, 174.0]",14.225030899047852,0.0,-0.726287841796875,3.7107181549072266,-207.0474853515625
1750930060.1785336,0.0,0.5,"[174.0, 158.0, 133.0, 128.0, 139.0, 141.0, 132.0, 139.0, 170.0, 174.0]",14.254858016967773,0.0,-1.011383056640625,3.7107620239257812,-207.04727172851562
1750930060.1919408,0.0,0.5,"[174.0, 158.0, 133.0, 128.0, 139.0, 141.0, 132.0, 139.0, 169.0, 174.0]",14.251421928405762,0.0,-1.296417236328125,3.7108001708984375,-207.04696655273438
1750930060.2259157,0.0,0.5,"[174.0, 158.0, 133.0, 128.0, 139.0, 141.0, 131.0, 139.0, 169.0, 174.0]",14.375703811645508,0.0,-1.58392333984375,3.710834503173828,-207.04669189453125
1750930060.2396173,0.0,0.5,"[174.0, 157.0, 133.0, 127.0, 139.0, 141.0, 131.0, 139.0, 168.0, 174.0]",14.473647117614746,0.0,-1.873382568359375,3.7108631134033203,-207.04660034179688
1750930060.2534995,0.0,0.5,"[174.0, 157.0, 133.0, 128.0, 139.0, 141.0, 131.0, 138.0, 168.0, 174.0]",14.346501350402832,0.0,-2.160308837890625,3.7108840942382812,-207.04623413085938
1750930060.2875097,0.0,0.5,"[174.0, 156.0, 132.0, 127.0, 139.0, 141.0, 131.0, 138.0, 167.0, 174.0]",14.522734642028809,0.0,-2.450775146484375,3.710897445678711,-207.04620361328125
1750930060.3009338,0.0,0.5,"[174.0, 156.0, 132.0, 127.0, 139.0, 141.0, 131.0, 138.0, 167.0, 174.0]",14.576517105102539,0.0,-2.7423095703125,3.7109031677246094,-207.0460205078125
1750930060.3147025,0.0,0.5,"[174.0, 155.0, 131.0, 127.0, 139.0, 141.0, 131.0, 137.0, 167.0, 174.0]",14.613105773925781,0.0,-3.034576416015625,3.7109012603759766,-207.04571533203125
1750930060.347627,0.0,0.5,"[174.0, 155.0, 131.0, 126.0, 139.0, 141.0, 131.0, 137.0, 167.0, 174.0]",14.643157958984375,0.0,-3.327423095703125,3.7108936309814453,-207.04541015625
1750930060.361887,0.0,0.5,"[174.0, 155.0, 131.0, 126.0, 139.0, 141.0, 131.0, 137.0, 167.0, 174.0]",14.620660781860352,0.0,-3.619842529296875,3.7108802795410156,-207.045166015625
1750930060.3759136,0.0,0.5,"[174.0, 155.0, 131.0, 126.0, 139.0, 141.0, 130.0, 137.0, 166.0, 174.0]",14.61767864227295,0.0,-3.912200927734375,3.7108612060546875,-207.044921875
1750930060.4001288,0.0,0.5,"[174.0, 154.0, 130.0, 126.0, 139.0, 141.0, 130.0, 137.0, 165.0, 174.0]",14.659357070922852,0.0,-4.20538330078125,3.7108383178710938,-207.0445556640625
1750930060.414031,0.0,0.5,"[174.0, 154.0, 130.0, 126.0, 139.0, 141.0, 130.0, 137.0, 165.0, 174.0]",14.756291389465332,0.0,-4.500518798828125,3.710813522338867,-207.04425048828125
1750930060.4479196,0.0,0.5,"[174.0, 153.0, 130.0, 126.0, 139.0, 141.0, 130.0, 137.0, 164.0, 174.0]",14.680397033691406,0.0,-4.79412841796875,3.710786819458008,-207.04409790039062
1750930060.4622602,0.0,0.5,"[174.0, 153.0, 130.0, 125.0, 139.0, 141.0, 130.0, 136.0, 164.0, 174.0]",14.804481506347656,0.0,-5.0902099609375,3.7107582092285156,-207.04403686523438
1750930060.4761147,0.0,0.5,"[174.0, 153.0, 130.0, 125.0, 139.0, 141.0, 130.0, 136.0, 164.0, 174.0]",14.814569473266602,0.0,-5.386505126953125,3.7107276916503906,-207.043701171875
1750930060.5002375,0.0,0.5,"[174.0, 153.0, 130.0, 125.0, 139.0, 140.0, 130.0, 136.0, 164.0, 174.0]",14.999927520751953,0.0,-5.686492919921875,3.7106971740722656,-207.0433349609375
1750930060.5142272,0.0,0.5,"[174.0, 152.0, 129.0, 125.0, 138.0, 141.0, 130.0, 136.0, 164.0, 174.0]",14.882610321044922,0.0,-5.984161376953125,3.710660934448242,-207.04318237304688
1750930060.548476,0.0,0.5,"[174.0, 152.0, 129.0, 125.0, 139.0, 140.0, 130.0, 136.0, 163.0, 174.0]",14.917317390441895,0.0,-6.282501220703125,3.710620880126953,-207.04254150390625
1750930060.5623982,0.0,0.5,"[174.0, 152.0, 129.0, 125.0, 139.0, 140.0, 130.0, 136.0, 163.0, 174.0]",15.145751953125,0.0,-6.585418701171875,3.709413528442383,-207.04278564453125
1750930060.5762115,0.0,0.5,"[174.0, 152.0, 129.0, 125.0, 139.0, 141.0, 130.0, 136.0, 163.0, 174.0]",15.042590141296387,0.0,-6.886260986328125,3.7070770263671875,-207.042724609375
1750930060.599814,0.0,0.5,"[174.0, 152.0, 130.0, 125.0, 139.0, 141.0, 130.0, 136.0, 163.0, 174.0]",15.292789459228516,0.0,-7.19207763671875,3.7036972045898438,-207.0426025390625
1750930060.6139085,0.0,0.5,"[174.0, 152.0, 130.0, 126.0, 139.0, 141.0, 130.0, 136.0, 163.0, 174.0]",15.153457641601562,0.0,-7.4951171875,3.699422836303711,-207.0426025390625
1750930060.6471293,0.0,0.5,"[174.0, 153.0, 130.0, 126.0, 140.0, 142.0, 130.0, 136.0, 164.0, 174.0]",15.361589431762695,0.0,-7.80230712890625,3.6943397521972656,-207.04251098632812
1750930060.6607883,0.0,0.5,"[174.0, 153.0, 130.0, 126.0, 140.0, 142.0, 131.0, 137.0, 164.0, 174.0]",15.128070831298828,0.0,-8.104827880859375,3.688631057739258,-207.04248046875
1750930060.6743693,0.0,0.5,"[174.0, 153.0, 130.0, 127.0, 141.0, 142.0, 131.0, 137.0, 164.0, 174.0]",15.422285079956055,0.0,-8.4132080078125,3.682344436645508,-207.0421142578125
1750930060.7077959,0.0,0.5,"[174.0, 153.0, 131.0, 128.0, 142.0, 143.0, 132.0, 137.0, 165.0, 174.0]",15.320228576660156,0.0,-8.71954345703125,3.6756820678710938,-207.04190063476562
1750930060.7214658,0.0,0.5,"[174.0, 154.0, 132.0, 129.0, 142.0, 144.0, 132.0, 138.0, 166.0, 174.0]",15.467989921569824,0.0,-9.02880859375,3.668651580810547,-207.04165649414062
1750930060.7350078,0.0,0.5,"[174.0, 155.0, 133.0, 129.0, 143.0, 144.0, 133.0, 139.0, 167.0, 174.0]",15.383944511413574,0.0,-9.336395263671875,3.6613922119140625,-207.04150390625
1750930060.7691104,0.0,0.5,"[174.0, 155.0, 133.0, 130.0, 143.0, 145.0, 134.0, 140.0, 167.0, 174.0]",15.46210765838623,0.0,-9.64556884765625,3.6540069580078125,-207.04144287109375
1750930060.7832663,0.0,0.5,"[174.0, 156.0, 134.0, 130.0, 144.0, 146.0, 134.0, 141.0, 168.0, 174.0]",15.525212287902832,0.0,-9.955963134765625,3.6456985473632812,-207.04144287109375
1750930060.7970216,0.0,0.5,"[174.0, 157.0, 134.0, 131.0, 145.0, 147.0, 136.0, 141.0, 169.0, 174.0]",15.56511402130127,0.0,-10.267120361328125,3.636157989501953,-207.04159545898438
1750930060.810125,0.0,0.5,"[174.0, 158.0, 134.0, 131.0, 145.0, 147.0, 136.0, 142.0, 170.0, 174.0]",15.652298927307129,0.0,-10.5799560546875,3.6251773834228516,-207.0416259765625
1750930060.8435652,0.0,0.5,"[174.0, 159.0, 136.0, 132.0, 146.0, 147.0, 136.0, 142.0, 170.0, 174.0]",15.668728828430176,0.0,-10.89306640625,3.6121749877929688,-207.04150390625
1750930060.8567364,0.0,0.5,"[174.0, 160.0, 136.0, 132.0, 147.0, 148.0, 137.0, 143.0, 171.0, 174.0]",15.765681266784668,0.0,-11.208038330078125,3.5972976684570312,-207.0413818359375
1750930060.8800359,0.0,0.5,"[174.0, 161.0, 137.0, 133.0, 147.0, 149.0, 138.0, 144.0, 172.0, 174.0]",15.78063678741455,0.0,-11.523223876953125,3.580873489379883,-207.041259765625
1750930060.8939195,0.0,0.5,"[174.0, 161.0, 137.0, 133.0, 147.0, 149.0, 138.0, 145.0, 173.0, 174.0]",15.875570297241211,0.0,-11.840240478515625,3.563091278076172,-207.0411376953125
1750930060.9272265,0.0,0.5,"[174.0, 163.0, 138.0, 134.0, 148.0, 150.0, 139.0, 145.0, 174.0, 174.0]",15.827357292175293,0.0,-12.156219482421875,3.5443038940429688,-207.041015625
1750930060.9403236,0.0,0.5,"[174.0, 164.0, 139.0, 135.0, 149.0, 151.0, 140.0, 146.0, 176.0, 174.0]",15.866661071777344,0.0,-12.472930908203125,3.5246753692626953,-207.04083251953125
1750930060.953675,0.0,0.5,"[174.0, 164.0, 140.0, 136.0, 150.0, 152.0, 140.0, 147.0, 176.0, 174.0]",16.031009674072266,0.0,-12.79290771484375,3.504270553588867,-207.0406494140625
1750930060.9866612,0.0,0.5,"[174.0, 165.0, 141.0, 137.0, 150.0, 152.0, 140.0, 147.0, 178.0, 174.0]",16.024524688720703,0.0,-13.11273193359375,3.483377456665039,-207.04046630859375
1750930060.9999952,0.0,0.5,"[174.0, 167.0, 142.0, 137.0, 151.0, 153.0, 141.0, 148.0, 179.0, 174.0]",16.087507247924805,0.0,-13.43377685546875,3.462217330932617,-207.04031372070312
1750930061.0137913,0.0,0.5,"[174.0, 167.0, 142.0, 138.0, 152.0, 153.0, 143.0, 150.0, 180.0, 174.0]",16.07178497314453,0.0,-13.7545166015625,3.4409351348876953,-207.04031372070312
1750930061.047417,0.0,0.5,"[174.0, 168.0, 143.0, 139.0, 152.0, 154.0, 143.0, 150.0, 181.0, 174.0]",16.25157928466797,0.0,-14.07879638671875,3.4188594818115234,-207.040283203125
1750930061.061102,0.0,0.5,"[174.0, 170.0, 144.0, 139.0, 153.0, 154.0, 144.0, 151.0, 182.0, 174.0]",16.212936401367188,0.0,-14.4022216796875,3.3958091735839844,-207.04010009765625
1750930061.0744615,0.0,0.5,"[174.0, 170.0, 145.0, 139.0, 153.0, 155.0, 144.0, 151.0, 183.0, 174.0]",16.361162185668945,0.0,-14.728546142578125,3.3716201782226562,-207.03997802734375
1750930061.1079519,0.0,0.5,"[174.0, 171.0, 145.0, 140.0, 153.0, 155.0, 145.0, 151.0, 184.0, 174.0]",16.351215362548828,0.0,-15.054595947265625,3.3464012145996094,-207.039794921875
1750930061.12183,0.0,0.5,"[174.0, 172.0, 145.0, 140.0, 154.0, 155.0, 145.0, 153.0, 185.0, 174.0]",16.452238082885742,0.0,-15.382598876953125,3.3201732635498047,-207.0396728515625
1750930061.1352375,0.0,0.5,"[174.0, 173.0, 146.0, 141.0, 154.0, 156.0, 145.0, 153.0, 185.0, 174.0]",16.33221435546875,0.0,-15.708160400390625,3.293424606323242,-207.03955078125
1750930061.1686316,0.0,0.5,"[174.0, 173.0, 147.0, 141.0, 154.0, 156.0, 146.0, 154.0, 185.0, 174.0]",16.62921142578125,0.0,-16.039581298828125,3.2656784057617188,-207.03948974609375
1750930061.182093,0.0,0.5,"[174.0, 174.0, 147.0, 141.0, 154.0, 156.0, 146.0, 155.0, 185.0, 174.0]",16.399259567260742,0.0,-16.366363525390625,3.237894058227539,-207.03933715820312
1750930061.1954775,0.0,0.5,"[174.0, 176.0, 147.0, 141.0, 155.0, 157.0, 146.0, 155.0, 185.0, 174.0]",16.730796813964844,0.0,-16.69976806640625,3.209331512451172,-207.03915405273438
1750930061.2285259,0.0,0.5,"[174.0, 176.0, 147.0, 141.0, 155.0, 157.0, 146.0, 155.0, 185.0, 174.0]",16.557937622070312,0.0,-17.029693603515625,3.1808853149414062,-207.03900146484375
1750930061.241559,0.0,0.5,"[174.0, 176.0, 148.0, 143.0, 155.0, 157.0, 147.0, 155.0, 185.0, 174.0]",16.821016311645508,0.0,-17.3648681640625,3.1519718170166016,-207.03884887695312
1750930061.255693,0.0,0.5,"[174.0, 177.0, 148.0, 143.0, 155.0, 157.0, 147.0, 156.0, 185.0, 174.0]",16.667112350463867,0.0,-17.696990966796875,3.1233253479003906,-207.03872680664062
1750930061.288377,0.0,0.5,"[174.0, 178.0, 149.0, 143.0, 155.0, 157.0, 147.0, 156.0, 185.0, 174.0]",17.095233917236328,0.0,-18.037628173828125,3.0940990447998047,-207.03857421875
1750930061.3021612,0.0,0.5,"[174.0, 179.0, 150.0, 143.0, 155.0, 157.0, 147.0, 156.0, 185.0, 174.0]",16.74912452697754,0.0,-18.37139892578125,3.065317153930664,-207.03839111328125
1750930061.316038,0.0,0.5,"[174.0, 179.0, 150.0, 143.0, 155.0, 157.0, 148.0, 156.0, 185.0, 174.0]",17.17337989807129,0.0,-18.71356201171875,3.035676956176758,-207.0382080078125
1750930061.339433,0.0,0.5,"[174.0, 179.0, 150.0, 143.0, 155.0, 157.0, 148.0, 158.0, 185.0, 174.0]",16.747304916381836,0.0,-19.047271728515625,3.0067195892333984,-207.03802490234375
1750930061.353796,0.0,0.5,"[174.0, 180.0, 150.0, 144.0, 155.0, 157.0, 148.0, 158.0, 185.0, 174.0]",17.173044204711914,0.0,-19.38946533203125,2.9771804809570312,-207.037841796875
1750930061.388499,0.0,0.5,"[174.0, 181.0, 150.0, 144.0, 156.0, 157.0, 148.0, 158.0, 185.0, 174.0]",16.926753997802734,0.0,-19.72674560546875,2.9481658935546875,-207.03759765625
1750930061.4021192,0.0,0.5,"[174.0, 182.0, 151.0, 144.0, 155.0, 157.0, 148.0, 158.0, 185.0, 174.0]",17.31903839111328,0.0,-20.071868896484375,2.918670654296875,-207.03753662109375
1750930061.416093,0.0,0.5,"[174.0, 182.0, 151.0, 144.0, 155.0, 157.0, 148.0, 158.0, 185.0, 174.0]",17.05081558227539,0.0,-20.411651611328125,2.889780044555664,-207.03753662109375
1750930061.4396408,0.0,0.5,"[174.0, 182.0, 151.0, 144.0, 155.0, 157.0, 148.0, 158.0, 185.0, 174.0]",17.25102996826172,0.0,-20.755462646484375,2.8607177734375,-207.03741455078125
1750930061.4532275,0.0,0.5,"[174.0, 182.0, 151.0, 144.0, 155.0, 157.0, 148.0, 159.0, 185.0, 174.0]",17.342575073242188,0.0,-21.10107421875,2.8316688537597656,-207.0374755859375
1750930061.4864166,0.0,0.5,"[174.0, 182.0, 151.0, 144.0, 155.0, 157.0, 148.0, 159.0, 185.0, 174.0]",17.314353942871094,0.0,-21.4461669921875,2.802835464477539,-207.037353515625
1750930061.4995203,0.0,0.5,"[174.0, 183.0, 151.0, 144.0, 155.0, 157.0, 148.0, 159.0, 185.0, 174.0]",17.3835391998291,0.0,-21.792633056640625,2.7740230560302734,-207.03729248046875
1750930061.5132139,0.0,0.5,"[174.0, 183.0, 151.0, 144.0, 155.0, 157.0, 148.0, 159.0, 185.0, 174.0]",17.453323364257812,0.0,-22.140533447265625,2.7452526092529297,-207.03713989257812
1750930061.546397,0.0,0.5,"[174.0, 184.0, 151.0, 144.0, 155.0, 156.0, 148.0, 159.0, 185.0, 174.0]",17.567909240722656,0.0,-22.490692138671875,2.716522216796875,-207.03671264648438
1750930061.559871,0.0,0.5,"[174.0, 184.0, 151.0, 144.0, 154.0, 156.0, 148.0, 159.0, 185.0, 174.0]",17.524883270263672,0.0,-22.840057373046875,2.688131332397461,-207.0364990234375
1750930061.5727615,0.0,0.5,"[174.0, 185.0, 151.0, 144.0, 154.0, 156.0, 148.0, 159.0, 185.0, 174.0]",17.556373596191406,0.0,-23.19000244140625,2.6593971252441406,-207.03643798828125
1750930061.606419,0.0,0.5,"[174.0, 185.0, 153.0, 144.0, 155.0, 156.0, 148.0, 159.0, 185.0, 174.0]",17.771512985229492,0.0,-23.544158935546875,2.629365921020508,-207.036376953125
1750930061.6201205,0.0,0.5,"[174.0, 185.0, 153.0, 145.0, 155.0, 157.0, 149.0, 160.0, 185.0, 174.0]",17.586000442504883,0.0,-23.89453125,2.5986976623535156,-207.0362548828125
1750930061.6346598,0.0,0.5,"[174.0, 185.0, 154.0, 145.0, 155.0, 157.0, 149.0, 161.0, 185.0, 174.0]",17.803070068359375,0.0,-24.249176025390625,2.5669174194335938,-207.0361328125
1750930061.6682358,0.0,0.5,"[174.0, 185.0, 155.0, 146.0, 156.0, 157.0, 150.0, 162.0, 185.0, 174.0]",17.97228240966797,0.0,-24.60711669921875,2.5341529846191406,-207.0360107421875
1750930061.6820383,0.0,0.5,"[174.0, 185.0, 156.0, 147.0, 156.0, 158.0, 151.0, 163.0, 185.0, 174.0]",17.73910140991211,0.0,-24.960357666015625,2.5011520385742188,-207.03579711914062
1750930061.6959906,0.0,0.5,"[174.0, 185.0, 158.0, 147.0, 157.0, 159.0, 152.0, 164.0, 185.0, 174.0]",18.013965606689453,0.0,-25.319061279296875,2.4671974182128906,-207.03564453125
1750930061.7193756,0.0,0.5,"[174.0, 185.0, 158.0, 148.0, 158.0, 159.0, 153.0, 165.0, 185.0, 174.0]",18.051836013793945,0.0,-25.678436279296875,2.4327869415283203,-207.03549194335938
1750930061.7332582,0.0,0.5,"[174.0, 185.0, 159.0, 149.0, 159.0, 160.0, 154.0, 167.0, 185.0, 174.0]",18.0822811126709,0.0,-26.03839111328125,2.39794921875,-207.0352783203125
1750930061.7670166,0.0,0.5,"[174.0, 185.0, 161.0, 151.0, 159.0, 161.0, 154.0, 168.0, 185.0, 174.0]",18.11695671081543,0.0,-26.3990478515625,2.3628692626953125,-207.0352783203125
1750930061.780558,0.0,0.5,"[174.0, 185.0, 162.0, 152.0, 160.0, 162.0, 155.0, 170.0, 185.0, 174.0]",18.255868911743164,0.0,-26.7623291015625,2.3262939453125,-207.0352783203125
1750930061.793784,0.0,0.5,"[174.0, 185.0, 164.0, 153.0, 161.0, 163.0, 156.0, 171.0, 185.0, 174.0]",18.105785369873047,0.0,-27.12249755859375,2.288778305053711,-207.03515625
1750930061.8272514,0.0,0.5,"[174.0, 185.0, 165.0, 153.0, 162.0, 163.0, 158.0, 172.0, 185.0, 174.0]",18.408615112304688,0.0,-27.488616943359375,2.249919891357422,-207.03509521484375
1750930061.8407512,0.0,0.5,"[174.0, 185.0, 167.0, 154.0, 162.0, 164.0, 159.0, 173.0, 185.0, 174.0]",18.18401527404785,0.0,-27.850189208984375,2.211030960083008,-207.03494262695312
1750930061.8543704,0.0,0.5,"[174.0, 185.0, 168.0, 155.0, 163.0, 164.0, 159.0, 175.0, 185.0, 174.0]",18.50002670288086,0.0,-28.218048095703125,2.1711463928222656,-207.0347900390625
1750930061.8880727,0.0,0.5,"[174.0, 185.0, 169.0, 155.0, 163.0, 165.0, 160.0, 175.0, 185.0, 174.0]",18.380229949951172,0.0,-28.583465576171875,2.1312389373779297,-207.03457641601562
1750930061.9014926,0.0,0.5,"[174.0, 185.0, 170.0, 156.0, 163.0, 165.0, 160.0, 176.0, 185.0, 174.0]",18.713336944580078,0.0,-28.95550537109375,2.090475082397461,-207.034423828125
1750930061.915474,0.0,0.5,"[174.0, 185.0, 170.0, 156.0, 164.0, 165.0, 160.0, 176.0, 185.0, 174.0]",18.422138214111328,0.0,-29.321746826171875,2.050191879272461,-207.03411865234375
1750930061.9485583,0.0,0.5,"[174.0, 185.0, 171.0, 157.0, 164.0, 165.0, 161.0, 178.0, 185.0, 174.0]",18.828413009643555,0.0,-29.696075439453125,2.0090370178222656,-207.03387451171875
1750930061.962345,0.0,0.5,"[174.0, 185.0, 172.0, 158.0, 164.0, 165.0, 161.0, 178.0, 185.0, 174.0]",18.453248977661133,0.0,-30.062896728515625,1.9686603546142578,-207.0335693359375
1750930061.9760108,0.0,0.5,"[174.0, 185.0, 172.0, 158.0, 163.0, 165.0, 161.0, 178.0, 185.0, 174.0]",18.885265350341797,0.0,-30.4383544921875,1.9274463653564453,-207.03326416015625
1750930061.9992638,0.0,0.5,"[174.0, 185.0, 173.0, 158.0, 163.0, 165.0, 161.0, 179.0, 185.0, 174.0]",18.55382537841797,0.0,-30.8072509765625,1.8872089385986328,-207.03298950195312
1750930062.0126133,0.0,0.5,"[174.0, 185.0, 173.0, 158.0, 163.0, 164.0, 161.0, 179.0, 185.0, 174.0]",19.037874221801758,0.0,-31.18585205078125,1.8466758728027344,-207.03277587890625
1750930062.046163,0.0,0.5,"[174.0, 185.0, 173.0, 158.0, 163.0, 164.0, 161.0, 179.0, 185.0, 174.0]",18.61925506591797,0.0,-31.556182861328125,1.8077659606933594,-207.03262329101562
1750930062.0594845,0.0,0.5,"[174.0, 185.0, 173.0, 158.0, 163.0, 164.0, 161.0, 179.0, 185.0, 174.0]",19.11415672302246,0.0,-31.936492919921875,1.7690505981445312,-207.03240966796875
1750930062.072847,0.0,0.5,"[174.0, 185.0, 173.0, 158.0, 162.0, 164.0, 161.0, 179.0, 185.0, 174.0]",18.997760772705078,0.0,-32.314605712890625,1.7315044403076172,-207.03216552734375
1750930062.1064208,0.0,0.5,"[174.0, 185.0, 173.0, 158.0, 162.0, 163.0, 161.0, 179.0, 185.0, 174.0]",19.016855239868164,0.0,-32.69317626953125,1.694864273071289,-207.03173828125
1750930062.1198866,0.0,0.5,"[174.0, 185.0, 175.0, 158.0, 162.0, 163.0, 161.0, 179.0, 185.0, 174.0]",19.10439682006836,0.0,-33.07354736328125,1.6587944030761719,-207.03143310546875
1750930062.1336107,0.0,0.5,"[174.0, 185.0, 175.0, 158.0, 161.0, 162.0, 160.0, 179.0, 185.0, 174.0]",19.178512573242188,0.0,-33.455474853515625,1.623331069946289,-207.03125
1750930062.1669471,0.0,0.5,"[174.0, 185.0, 175.0, 157.0, 161.0, 162.0, 160.0, 179.0, 185.0, 174.0]",19.18787384033203,0.0,-33.837646484375,1.5883464813232422,-207.03115844726562
1750930062.1799293,0.0,0.5,"[174.0, 185.0, 175.0, 157.0, 160.0, 162.0, 160.0, 179.0, 185.0, 174.0]",19.17296600341797,0.0,-34.21954345703125,1.5539207458496094,-207.031005859375
1750930062.1934712,0.0,0.5,"[174.0, 185.0, 175.0, 157.0, 160.0, 161.0, 160.0, 179.0, 185.0, 174.0]",19.414432525634766,0.0,-34.606292724609375,1.5193862915039062,-207.03094482421875
1750930062.2271218,0.0,0.5,"[174.0, 185.0, 175.0, 156.0, 160.0, 161.0, 160.0, 179.0, 185.0, 174.0]",19.37387466430664,0.0,-34.992279052734375,1.4854297637939453,-207.03091430664062
1750930062.2406182,0.0,0.5,"[174.0, 185.0, 175.0, 156.0, 159.0, 161.0, 160.0, 179.0, 185.0, 174.0]",19.488149642944336,0.0,-35.380615234375,1.4519920349121094,-207.030517578125
1750930062.2540855,0.0,0.5,"[174.0, 185.0, 175.0, 156.0, 159.0, 160.0, 160.0, 180.0, 185.0, 174.0]",19.563610076904297,0.0,-35.770477294921875,1.4189872741699219,-207.030517578125
1750930062.2878046,0.0,0.5,"[174.0, 185.0, 175.0, 156.0, 159.0, 160.0, 160.0, 180.0, 185.0, 174.0]",19.421422958374023,0.0,-36.157562255859375,1.3866596221923828,-207.03012084960938
1750930062.3011017,0.0,0.5,"[174.0, 185.0, 175.0, 156.0, 159.0, 160.0, 160.0, 181.0, 185.0, 174.0]",19.65569305419922,0.0,-36.549346923828125,1.3542633056640625,-207.0303955078125
1750930062.3144872,1.0,0.5,"[174.0, 185.0, 176.0, 156.0, 159.0, 160.0, 160.0, 181.0, 185.0, 174.0]",19.58187484741211,0.0,-36.939666748046875,1.3222389221191406,-207.03033447265625
1750930062.3477519,1.0,0.5,"[174.0, 185.0, 175.0, 156.0, 158.0, 161.0, 161.0, 183.0, 185.0, 174.0]",19.452539443969727,0.5,-37.3271484375,1.2906265258789062,-207.01556396484375
1750930062.3617322,0.0,0.5,"[174.0, 185.0, 173.0, 154.0, 157.0, 166.0, 162.0, 185.0, 185.0, 174.0]",19.221664428710938,0.5,-37.708892822265625,1.2596073150634766,-206.98248291015625
1750930062.3754728,0.0,0.5,"[174.0, 185.0, 172.0, 154.0, 156.0, 166.0, 163.0, 187.0, 185.0, 174.0]",19.404638290405273,0.0,-38.09515380859375,1.2282447814941406,-206.96136474609375
1750930062.40921,0.0,0.5,"[174.0, 185.0, 173.0, 154.0, 156.0, 166.0, 164.0, 187.0, 185.0, 174.0]",19.220924377441406,0.0,-38.477935791015625,1.1971588134765625,-206.94439697265625
1750930062.4230325,0.0,0.5,"[174.0, 185.0, 173.0, 154.0, 156.0, 166.0, 164.0, 188.0, 185.0, 174.0]",19.432945251464844,0.0,-38.864990234375,1.1656627655029297,-206.92843627929688
1750930062.4369712,0.0,0.5,"[174.0, 185.0, 173.0, 155.0, 157.0, 166.0, 164.0, 189.0, 185.0, 174.0]",19.326732635498047,0.0,-39.249908447265625,1.1342239379882812,-206.91259765625
1750930062.4603963,0.0,0.5,"[174.0, 185.0, 175.0, 155.0, 157.0, 166.0, 166.0, 190.0, 185.0, 174.0]",19.506088256835938,0.0,-39.638427734375,1.1023101806640625,-206.897216796875
1750930062.4742723,0.0,0.5,"[174.0, 185.0, 175.0, 155.0, 157.0, 166.0, 166.0, 190.0, 185.0, 174.0]",19.6275691986084,0.0,-40.029388427734375,1.0705547332763672,-206.8817138671875
1750930062.5084565,0.0,0.5,"[174.0, 185.0, 175.0, 155.0, 157.0, 166.0, 166.0, 192.0, 185.0, 174.0]",19.506086349487305,0.0,-40.417938232421875,1.0394840240478516,-206.8663330078125
1750930062.5217752,0.0,0.5,"[174.0, 185.0, 175.0, 155.0, 157.0, 166.0, 166.0, 192.0, 185.0, 174.0]",19.656700134277344,0.0,-40.809539794921875,1.0085811614990234,-206.85064697265625
1750930062.5350578,0.0,0.5,"[174.0, 185.0, 175.0, 155.0, 157.0, 166.0, 167.0, 192.0, 185.0, 174.0]",19.622146606445312,0.0,-41.20050048828125,0.9781665802001953,-206.83489990234375
1750930062.5691812,0.0,0.5,"[174.0, 185.0, 176.0, 155.0, 157.0, 166.0, 167.0, 192.0, 185.0, 174.0]",19.659862518310547,0.0,-41.59222412109375,0.9479236602783203,-206.81918334960938
1750930062.5825498,0.0,0.5,"[174.0, 185.0, 176.0, 155.0, 157.0, 166.0, 167.0, 193.0, 185.0, 174.0]",19.83407211303711,0.0,-41.9874267578125,0.9177131652832031,-206.8033447265625
1750930062.5961456,0.0,0.5,"[174.0, 185.0, 176.0, 155.0, 157.0, 166.0, 167.0, 193.0, 185.0, 174.0]",19.784536361694336,0.0,-42.38165283203125,0.8877029418945312,-206.78765869140625
1750930062.6200173,0.0,0.5,"[174.0, 185.0, 176.0, 155.0, 156.0, 166.0, 167.0, 193.0, 185.0, 174.0]",19.907957077026367,0.0,-42.77838134765625,0.8577060699462891,-206.77191162109375
1750930062.633857,0.0,0.5,"[174.0, 185.0, 175.0, 155.0, 156.0, 165.0, 167.0, 193.0, 185.0, 174.0]",19.854656219482422,0.0,-43.174041748046875,0.8278827667236328,-206.75616455078125
1750930062.667633,0.0,0.5,"[174.0, 185.0, 175.0, 155.0, 156.0, 165.0, 167.0, 193.0, 185.0, 174.0]",19.917844772338867,0.0,-43.571014404296875,0.7987174987792969,-206.7403564453125
1750930062.6812904,0.0,0.5,"[174.0, 185.0, 175.0, 155.0, 156.0, 165.0, 167.0, 193.0, 185.0, 174.0]",20.055479049682617,0.0,-43.97076416015625,0.7700901031494141,-206.724365234375
1750930062.6953902,0.0,0.5,"[174.0, 185.0, 175.0, 154.0, 155.0, 164.0, 166.0, 193.0, 185.0, 174.0]",20.12092399597168,0.0,-44.371917724609375,0.7425060272216797,-206.70822143554688
1750930062.7298074,0.0,0.5,"[174.0, 185.0, 175.0, 154.0, 155.0, 164.0, 166.0, 193.0, 185.0, 174.0]",20.144893646240234,0.0,-44.773590087890625,0.7157745361328125,-206.6920166015625
1750930062.743408,0.0,0.5,"[174.0, 185.0, 175.0, 154.0, 155.0, 164.0, 166.0, 193.0, 185.0, 174.0]",20.16012191772461,0.0,-45.1756591796875,0.6898899078369141,-206.67584228515625
1750930062.7566903,0.0,0.5,"[174.0, 185.0, 175.0, 154.0, 154.0, 163.0, 166.0, 193.0, 185.0, 174.0]",20.18107032775879,0.0,-45.578155517578125,0.6645946502685547,-206.65963745117188
1750930062.77997,0.0,0.5,"[174.0, 185.0, 175.0, 153.0, 154.0, 163.0, 166.0, 193.0, 185.0, 174.0]",20.239238739013672,0.0,-45.981842041015625,0.6398334503173828,-206.64340209960938
1750930062.7935858,0.0,0.5,"[174.0, 185.0, 173.0, 153.0, 154.0, 163.0, 166.0, 193.0, 185.0, 174.0]",20.228334426879883,0.0,-46.3853759765625,0.6154594421386719,-206.6273193359375
1750930062.8267329,0.0,0.5,"[174.0, 185.0, 173.0, 153.0, 154.0, 162.0, 166.0, 193.0, 185.0, 174.0]",20.273792266845703,0.0,-46.789825439453125,0.5914039611816406,-206.61129760742188
1750930062.8398407,0.0,0.5,"[174.0, 185.0, 173.0, 153.0, 153.0, 162.0, 166.0, 193.0, 185.0, 174.0]",20.508028030395508,0.0,-47.198944091796875,0.5672569274902344,-206.59503173828125
1750930062.8535912,0.0,0.5,"[174.0, 185.0, 173.0, 153.0, 153.0, 162.0, 166.0, 193.0, 185.0, 174.0]",20.287052154541016,0.0,-47.603668212890625,0.5438079833984375,-206.57888793945312
1750930062.8873553,0.0,0.5,"[174.0, 185.0, 172.0, 152.0, 153.0, 162.0, 164.0, 193.0, 185.0, 174.0]",20.510377883911133,0.0,-48.012908935546875,0.5206375122070312,-206.5625
1750930062.9014058,0.0,0.5,"[174.0, 185.0, 172.0, 152.0, 153.0, 161.0, 164.0, 193.0, 185.0, 174.0]",20.520475387573242,0.0,-48.42236328125,0.49826812744140625,-206.54611206054688
1750930062.9153473,0.0,0.5,"[174.0, 185.0, 172.0, 152.0, 153.0, 161.0, 164.0, 193.0, 185.0, 174.0]",20.502803802490234,0.0,-48.83154296875,0.47663307189941406,-206.52987670898438
1750930062.9485514,0.0,0.5,"[174.0, 185.0, 172.0, 152.0, 152.0, 161.0, 164.0, 193.0, 185.0, 174.0]",20.575489044189453,0.0,-49.2421875,0.45559120178222656,-206.513671875
1750930062.9624913,0.0,0.5,"[174.0, 185.0, 172.0, 151.0, 152.0, 161.0, 164.0, 193.0, 185.0, 174.0]",20.702144622802734,0.0,-49.6553955078125,0.43488311767578125,-206.4974365234375
1750930062.9765892,0.0,0.5,"[174.0, 185.0, 171.0, 151.0, 152.0, 160.0, 164.0, 193.0, 185.0, 174.0]",20.591136932373047,0.0,-50.06640625,0.41472434997558594,-206.48114013671875
1750930063.0004172,0.0,0.5,"[174.0, 185.0, 170.0, 151.0, 152.0, 160.0, 164.0, 193.0, 185.0, 174.0]",20.7368221282959,0.0,-50.480316162109375,0.3946666717529297,-206.4647216796875
1750930063.013928,0.0,0.0,"[174.0, 185.0, 170.0, 151.0, 151.0, 160.0, 164.0, 193.0, 185.0, 174.0]",20.770292282104492,0.0,-50.894927978515625,0.3747997283935547,-206.44827270507812
1750930063.0481973,0.0,0.0,"[174.0, 185.0, 170.0, 149.0, 151.0, 160.0, 164.0, 193.0, 185.0, 174.0]",20.72648811340332,0.0,-51.30865478515625,0.3550586700439453,-206.43170166015625
1750930063.0620348,0.0,0.0,"[174.0, 185.0, 170.0, 149.0, 151.0, 159.0, 164.0, 193.0, 185.0, 174.0]",20.462480545043945,0.0,-51.717132568359375,0.3358306884765625,-206.41525268554688
1750930063.075732,0.0,0.0,"[174.0, 185.0, 169.0, 149.0, 151.0, 159.0, 164.0, 193.0, 185.0, 174.0]",20.191469192504883,0.0,-52.120208740234375,0.3172798156738281,-206.39901733398438
1750930063.1098156,0.0,0.0,"[174.0, 185.0, 169.0, 149.0, 150.0, 159.0, 164.0, 193.0, 185.0, 174.0]",19.928224563598633,0.0,-52.518035888671875,0.2992534637451172,-206.38299560546875
1750930063.1225016,0.0,0.0,"[174.0, 185.0, 169.0, 149.0, 150.0, 159.0, 164.0, 193.0, 185.0, 174.0]",19.67025375366211,0.0,-52.910736083984375,0.28163909912109375,-206.3671875
1750930063.1363115,0.0,0.0,"[174.0, 185.0, 169.0, 149.0, 150.0, 159.0, 164.0, 193.0, 185.0, 174.0]",19.415489196777344,0.0,-53.29833984375,0.264373779296875,-206.3515625
1750930063.1594555,0.0,0.0,"[174.0, 185.0, 168.0, 149.0, 150.0, 159.0, 164.0, 193.0, 185.0, 174.0]",19.163541793823242,0.0,-53.680938720703125,0.24740219116210938,-206.33612060546875
1750930063.1728108,0.0,0.0,"[174.0, 185.0, 168.0, 149.0, 150.0, 159.0, 164.0, 194.0, 185.0, 174.0]",18.914043426513672,0.0,-54.05853271484375,0.23067665100097656,-206.32089233398438
1750930063.2054753,0.0,0.0,"[174.0, 185.0, 168.0, 149.0, 150.0, 159.0, 164.0, 195.0, 185.0, 174.0]",18.66661262512207,0.0,-54.431182861328125,0.21416091918945312,-206.30584716796875
1750930063.2189019,0.0,0.0,"[174.0, 185.0, 168.0, 149.0, 150.0, 159.0, 164.0, 195.0, 185.0, 174.0]",18.420940399169922,0.0,-54.7989501953125,0.19782066345214844,-206.291015625
1750930063.2319238,0.0,0.0,"[174.0, 185.0, 168.0, 149.0, 150.0, 159.0, 164.0, 195.0, 185.0, 174.0]",18.176679611206055,0.0,-55.161834716796875,0.18163681030273438,-206.27639770507812
1750930063.2645228,0.0,0.0,"[174.0, 185.0, 168.0, 149.0, 150.0, 159.0, 164.0, 195.0, 185.0, 174.0]",17.93357276916504,0.0,-55.519866943359375,0.16558837890625,-206.261962890625
1750930063.277999,0.0,0.0,"[174.0, 185.0, 168.0, 149.0, 151.0, 159.0, 164.0, 196.0, 185.0, 174.0]",17.69454574584961,0.0,-55.873077392578125,0.14960479736328125,-206.24771118164062
1750930063.291139,0.0,0.0,"[174.0, 185.0, 168.0, 149.0, 151.0, 159.0, 166.0, 197.0, 185.0, 174.0]",17.45735740661621,0.0,-56.221588134765625,0.1336517333984375,-206.233642578125
1750930063.3261163,0.0,0.0,"[174.0, 185.0, 168.0, 149.0, 151.0, 159.0, 166.0, 197.0, 185.0, 174.0]",17.18113136291504,0.0,-56.564605712890625,0.11842918395996094,-206.21981811523438
1750930063.3401778,0.0,0.0,"[174.0, 185.0, 167.0, 149.0, 151.0, 159.0, 166.0, 197.0, 185.0, 174.0]",16.88243293762207,0.0,-56.90167236328125,0.10441780090332031,-206.20623779296875
1750930063.3549106,0.0,0.0,"[174.0, 185.0, 167.0, 148.0, 150.0, 159.0, 166.0, 197.0, 185.0, 174.0]",16.5887508392334,0.0,-57.232940673828125,0.09152412414550781,-206.19287109375
1750930063.3904119,0.0,0.0,"[174.0, 185.0, 167.0, 148.0, 150.0, 158.0, 164.0, 197.0, 185.0, 174.0]",16.300539016723633,0.0,-57.5584716796875,0.07963752746582031,-206.17974853515625
1750930063.4034808,0.0,0.0,"[174.0, 185.0, 166.0, 147.0, 150.0, 158.0, 164.0, 196.0, 185.0, 174.0]",16.01803970336914,0.0,-57.878387451171875,0.06864547729492188,-206.1668701171875
1750930063.4171798,0.0,0.0,"[174.0, 185.0, 165.0, 147.0, 149.0, 158.0, 164.0, 195.0, 185.0, 174.0]",15.741209030151367,0.0,-58.192779541015625,0.05843544006347656,-206.15423583984375
1750930063.4307306,0.0,0.0,"[174.0, 185.0, 164.0, 146.0, 149.0, 157.0, 163.0, 195.0, 185.0, 174.0]",15.469947814941406,0.0,-58.501800537109375,0.04889869689941406,-206.14178466796875
1750930063.4630487,0.0,0.0,"[174.0, 185.0, 163.0, 146.0, 148.0, 156.0, 163.0, 193.0, 185.0, 174.0]",15.203970909118652,0.0,-58.80548095703125,0.039928436279296875,-206.1295166015625
1750930063.476025,0.0,0.0,"[174.0, 185.0, 162.0, 145.0, 147.0, 156.0, 162.0, 193.0, 185.0, 174.0]",14.942960739135742,0.0,-59.103973388671875,0.03142547607421875,-206.11749267578125
1750930063.499419,0.0,0.0,"[174.0, 185.0, 161.0, 144.0, 147.0, 155.0, 162.0, 192.0, 185.0, 174.0]",14.686484336853027,0.0,-59.397369384765625,0.023305892944335938,-206.10568237304688
1750930063.5132453,0.0,0.0,"[174.0, 185.0, 159.0, 143.0, 146.0, 154.0, 161.0, 190.0, 185.0, 174.0]",14.434087753295898,0.0,-59.685699462890625,0.0154876708984375,-206.09405517578125
1750930063.546177,0.0,0.0,"[174.0, 185.0, 159.0, 143.0, 145.0, 153.0, 160.0, 190.0, 185.0, 174.0]",14.140390396118164,0.0,-59.96820068359375,0.00872802734375,-206.08270263671875
1750930063.559464,0.0,0.0,"[174.0, 185.0, 158.0, 141.0, 144.0, 153.0, 160.0, 189.0, 185.0, 174.0]",13.84482192993164,0.0,-60.24481201171875,0.003078460693359375,-206.07156372070312
1750930063.572748,0.0,0.0,"[174.0, 185.0, 156.0, 140.0, 144.0, 152.0, 159.0, 189.0, 185.0, 174.0]",13.55062484741211,0.0,-60.51556396484375,-0.0015392303466796875,-206.0606689453125
1750930063.6058543,0.0,0.0,"[174.0, 185.0, 155.0, 140.0, 143.0, 151.0, 158.0, 187.0, 185.0, 174.0]",13.249568939208984,0.0,-60.78033447265625,-0.0049686431884765625,-206.05001831054688
1750930063.619301,0.0,0.0,"[174.0, 185.0, 155.0, 139.0, 143.0, 151.0, 158.0, 187.0, 185.0, 174.0]",12.95677661895752,0.0,-61.03924560546875,-0.007373809814453125,-206.03961181640625
1750930063.6325312,0.0,0.0,"[174.0, 185.0, 153.0, 139.0, 142.0, 150.0, 158.0, 186.0, 185.0, 174.0]",12.672026634216309,0.0,-61.29248046875,-0.008920669555664062,-206.0294189453125
1750930063.6657548,0.0,0.5,"[174.0, 185.0, 153.0, 138.0, 142.0, 150.0, 156.0, 186.0, 185.0, 174.0]",12.394942283630371,0.0,-61.5401611328125,-0.009761810302734375,-206.01943969726562
1750930063.6797576,0.0,0.5,"[174.0, 185.0, 151.0, 137.0, 141.0, 149.0, 156.0, 184.0, 185.0, 174.0]",12.124974250793457,0.0,-61.782470703125,-0.010046005249023438,-206.00970458984375
1750930063.6932657,0.0,0.5,"[174.0, 185.0, 151.0, 137.0, 141.0, 149.0, 156.0, 184.0, 185.0, 174.0]",12.461992263793945,0.0,-62.031494140625,-0.010009765625,-205.99966430664062
1750930063.7269266,0.0,0.5,"[174.0, 185.0, 150.0, 136.0, 140.0, 148.0, 155.0, 184.0, 185.0, 174.0]",12.102554321289062,0.0,-62.273345947265625,-0.009664535522460938,-205.98992919921875
1750930063.7407653,0.0,0.5,"[174.0, 185.0, 149.0, 136.0, 140.0, 148.0, 155.0, 183.0, 185.0, 174.0]",12.297359466552734,0.0,-62.51910400390625,-0.009166717529296875,-205.98004150390625
1750930063.7538488,0.0,0.5,"[174.0, 185.0, 148.0, 135.0, 140.0, 148.0, 155.0, 183.0, 185.0, 174.0]",12.38502311706543,0.0,-62.7666015625,-0.008569717407226562,-205.9700927734375
1750930063.7869961,0.0,0.0,"[174.0, 185.0, 147.0, 134.0, 139.0, 147.0, 158.0, 183.0, 185.0, 174.0]",12.496284484863281,0.0,-63.016326904296875,-0.008045196533203125,-205.9600830078125
1750930063.80055,0.0,0.0,"[174.0, 185.0, 147.0, 134.0, 139.0, 147.0, 167.0, 181.0, 185.0, 174.0]",12.4285249710083,0.0,-63.26470947265625,-0.0075321197509765625,-205.9501953125
1750930063.8135052,0.0,0.0,"[174.0, 185.0, 146.0, 133.0, 139.0, 147.0, 167.0, 181.0, 185.0, 174.0]",12.187629699707031,0.0,-63.508270263671875,-0.0071048736572265625,-205.94061279296875
1750930063.8470404,0.0,0.0,"[174.0, 185.0, 145.0, 133.0, 138.0, 147.0, 167.0, 181.0, 185.0, 174.0]",11.948814392089844,0.0,-63.7470703125,-0.0068035125732421875,-205.93118286132812
1750930063.8601606,0.0,0.0,"[174.0, 184.0, 145.0, 133.0, 138.0, 146.0, 167.0, 181.0, 185.0, 174.0]",11.701373100280762,0.0,-63.98089599609375,-0.006488800048828125,-205.92196655273438
1750930063.8735955,0.0,0.0,"[174.0, 182.0, 145.0, 133.0, 138.0, 146.0, 167.0, 181.0, 185.0, 174.0]",11.448966979980469,0.0,-64.20968627929688,-0.00605010986328125,-205.9129638671875
1750930063.9072015,0.0,0.0,"[174.0, 182.0, 144.0, 132.0, 138.0, 146.0, 166.0, 180.0, 185.0, 174.0]",11.198517799377441,0.0,-64.43350219726562,-0.0055179595947265625,-205.90411376953125
1750930063.9206674,0.0,0.0,"[174.0, 181.0, 144.0, 132.0, 138.0, 146.0, 166.0, 179.0, 185.0, 174.0]",10.949851036071777,0.0,-64.65231323242188,-0.0049228668212890625,-205.8955078125
1750930063.9341695,0.0,0.0,"[174.0, 180.0, 143.0, 132.0, 137.0, 146.0, 166.0, 179.0, 185.0, 174.0]",10.702783584594727,0.0,-64.8662109375,-0.004291534423828125,-205.88705444335938
1750930063.967532,0.0,0.0,"[174.0, 179.0, 142.0, 131.0, 137.0, 146.0, 166.0, 179.0, 185.0, 174.0]",10.4571533203125,0.0,-65.0751953125,-0.0036468505859375,-205.87881469726562
1750930063.9816043,0.0,0.0,"[174.0, 179.0, 142.0, 131.0, 137.0, 146.0, 166.0, 179.0, 185.0, 174.0]",10.21279525756836,0.0,-65.27926635742188,-0.0030078887939453125,-205.87075805664062
1750930063.9950287,0.0,0.0,"[174.0, 178.0, 142.0, 131.0, 137.0, 145.0, 166.0, 179.0, 185.0, 174.0]",9.969524383544922,0.0,-65.478515625,-0.0023899078369140625,-205.8629150390625
1750930064.028311,0.0,0.0,"[174.0, 177.0, 142.0, 131.0, 137.0, 145.0, 166.0, 179.0, 185.0, 174.0]",9.72719955444336,0.0,-65.67291259765625,-0.001804351806640625,-205.855224609375
1750930064.0411541,0.0,0.0,"[174.0, 176.0, 141.0, 131.0, 137.0, 145.0, 166.0, 179.0, 185.0, 174.0]",9.485699653625488,0.0,-65.86245727539062,-0.0012607574462890625,-205.84774780273438
1750930064.0548372,0.0,0.0,"[174.0, 176.0, 141.0, 131.0, 137.0, 145.0, 166.0, 179.0, 185.0, 174.0]",9.244885444641113,0.0,-66.04721069335938,-0.000766754150390625,-205.8404541015625
1750930064.088081,0.0,0.0,"[174.0, 176.0, 141.0, 131.0, 137.0, 145.0, 166.0, 179.0, 185.0, 174.0]",9.004637718200684,0.0,-66.2271728515625,-0.000324249267578125,-205.8333740234375
1750930064.1015744,0.0,0.0,"[174.0, 174.0, 141.0, 131.0, 137.0, 145.0, 166.0, 179.0, 185.0, 174.0]",8.764869689941406,0.0,-66.40234375,6.29425048828125e-05,-205.82644653320312
1750930064.1154432,0.0,0.0,"[174.0, 173.0, 141.0, 131.0, 137.0, 145.0, 166.0, 179.0, 185.0, 174.0]",8.525505065917969,0.0,-66.57272338867188,0.000396728515625,-205.8197021484375
1750930064.148215,0.0,0.0,"[174.0, 173.0, 141.0, 131.0, 137.0, 145.0, 166.0, 179.0, 185.0, 174.0]",8.286492347717285,0.0,-66.73831176757812,0.000675201416015625,-205.81317138671875
1750930064.1616354,0.0,0.0,"[174.0, 173.0, 140.0, 130.0, 137.0, 145.0, 166.0, 179.0, 185.0, 174.0]",8.04772663116455,0.0,-66.89913940429688,0.000904083251953125,-205.80682373046875
1750930064.1751418,0.0,0.0,"[174.0, 173.0, 140.0, 130.0, 137.0, 145.0, 166.0, 179.0, 185.0, 174.0]",7.8092122077941895,0.0,-67.05520629882812,0.0010833740234375,-205.8006591796875
1750930064.2083278,0.0,0.0,"[174.0, 172.0, 139.0, 130.0, 136.0, 145.0, 166.0, 179.0, 185.0, 174.0]",7.570895195007324,0.0,-67.20651245117188,0.001220703125,-205.79470825195312
1750930064.2214277,0.0,0.0,"[174.0, 171.0, 139.0, 130.0, 136.0, 145.0, 166.0, 179.0, 185.0, 174.0]",7.332767963409424,0.0,-67.35305786132812,0.001316070556640625,-205.7889404296875
1750930064.2348313,0.0,0.0,"[174.0, 171.0, 139.0, 130.0, 136.0, 145.0, 166.0, 179.0, 185.0, 174.0]",7.094816207885742,0.0,-67.49484252929688,0.0013790130615234375,-205.7833251953125
1750930064.2677162,0.0,0.0,"[174.0, 170.0, 139.0, 130.0, 136.0, 145.0, 166.0, 179.0, 185.0, 174.0]",6.857039928436279,0.0,-67.63186645507812,0.0014095306396484375,-205.77789306640625
1750930064.2809515,0.0,0.0,"[174.0, 170.0, 138.0, 130.0, 136.0, 145.0, 166.0, 179.0, 185.0, 174.0]",6.619414806365967,0.0,-67.76416015625,0.0014133453369140625,-205.772705078125
1750930064.2942665,0.0,0.0,"[174.0, 170.0, 138.0, 129.0, 136.0, 145.0, 166.0, 179.0, 185.0, 174.0]",6.381982803344727,0.0,-67.89169311523438,0.0013980865478515625,-205.76763916015625
1750930064.3268375,0.0,0.0,"[174.0, 170.0, 137.0, 129.0, 136.0, 145.0, 166.0, 179.0, 185.0, 174.0]",6.144749164581299,0.0,-68.01449584960938,0.0013637542724609375,-205.7628173828125
1750930064.3400235,0.0,0.0,"[174.0, 169.0, 137.0, 129.0, 136.0, 145.0, 164.0, 179.0, 185.0, 174.0]",5.907692909240723,0.0,-68.132568359375,0.001316070556640625,-205.75814819335938
1750930064.3530715,0.0,0.0,"[174.0, 169.0, 137.0, 129.0, 136.0, 145.0, 164.0, 179.0, 185.0, 174.0]",5.67087459564209,0.0,-68.24588012695312,0.00125885009765625,-205.753662109375
1750930064.386075,0.0,0.0,"[174.0, 168.0, 137.0, 129.0, 136.0, 144.0, 164.0, 179.0, 185.0, 174.0]",5.434296131134033,0.0,-68.3544921875,0.001194000244140625,-205.7493896484375
1750930064.3988016,0.0,0.0,"[174.0, 167.0, 137.0, 129.0, 136.0, 144.0, 164.0, 179.0, 185.0, 174.0]",5.197956085205078,0.0,-68.4583740234375,0.001125335693359375,-205.74530029296875
1750930064.4118261,0.0,0.0,"[174.0, 167.0, 137.0, 129.0, 136.0, 144.0, 164.0, 179.0, 185.0, 174.0]",4.961885929107666,0.0,-68.55752563476562,0.001056671142578125,-205.74136352539062
1750930064.4453056,0.0,0.0,"[174.0, 167.0, 137.0, 129.0, 136.0, 144.0, 164.0, 179.0, 185.0, 174.0]",4.739048004150391,0.0,-68.65225219726562,0.000705718994140625,-205.73760986328125
1750930064.4584045,-1.0,0.0,"[174.0, 167.0, 136.0, 129.0, 136.0, 144.0, 164.0, 179.0, 185.0, 174.0]",4.501884460449219,0.0,-68.74221801757812,0.0003948211669921875,-205.73406982421875
1750930064.4722698,-1.0,0.0,"[174.0, 168.0, 137.0, 129.0, 136.0, 144.0, 164.0, 178.0, 185.0, 174.0]",4.084566593170166,-0.5,-68.82327270507812,0.0001239776611328125,-205.74411010742188
1750930064.5051758,-1.0,0.0,"[174.0, 170.0, 138.0, 130.0, 137.0, 144.0, 164.0, 178.0, 185.0, 174.0]",3.8396565914154053,-0.5,-68.89926147460938,-0.0001087188720703125,-205.7552490234375
1750930064.5184107,-1.0,0.5,"[174.0, 170.0, 139.0, 131.0, 137.0, 144.0, 164.0, 176.0, 185.0, 174.0]",3.600931406021118,-0.5,-68.97042846679688,-0.00030517578125,-205.7662353515625
1750930064.5314221,0.0,0.5,"[174.0, 172.0, 141.0, 132.0, 138.0, 144.0, 164.0, 176.0, 185.0, 174.0]",3.5817370414733887,-0.5,-69.04116821289062,-0.0004634857177734375,-205.77761840820312
1750930064.5642018,0.0,0.5,"[174.0, 172.0, 141.0, 131.0, 138.0, 144.0, 164.0, 176.0, 185.0, 174.0]",3.564495325088501,0.0,-69.11245727539062,-0.00058746337890625,-205.7774658203125
1750930064.5775757,0.0,0.5,"[174.0, 171.0, 141.0, 131.0, 137.0, 144.0, 164.0, 176.0, 185.0, 174.0]",3.6587131023406982,0.0,-69.18560791015625,-0.000682830810546875,-205.77679443359375
1750930064.590977,0.0,0.5,"[174.0, 171.0, 141.0, 131.0, 137.0, 144.0, 164.0, 176.0, 185.0, 174.0]",3.7095770835876465,0.0,-69.25979614257812,-0.0007476806640625,-205.776123046875
1750930064.6237242,0.0,0.5,"[174.0, 171.0, 140.0, 131.0, 137.0, 144.0, 164.0, 176.0, 185.0, 174.0]",3.7465765476226807,0.0,-69.33474731445312,-0.000789642333984375,-205.77545166015625
1750930064.6365738,0.0,0.5,"[174.0, 170.0, 140.0, 131.0, 137.0, 144.0, 164.0, 176.0, 185.0, 174.0]",3.8158769607543945,0.0,-69.41104125976562,-0.0008087158203125,-205.77471923828125
1750930064.6598082,0.0,0.5,"[174.0, 170.0, 140.0, 131.0, 137.0, 144.0, 164.0, 176.0, 185.0, 174.0]",3.870915174484253,0.0,-69.48846435546875,-0.0008106231689453125,-205.77398681640625
1750930064.6725664,0.0,0.5,"[174.0, 170.0, 140.0, 131.0, 137.0, 144.0, 163.0, 176.0, 185.0, 174.0]",3.9237492084503174,0.0,-69.56692504882812,-0.000797271728515625,-205.77325439453125
1750930064.7052794,-1.0,0.5,"[174.0, 170.0, 139.0, 131.0, 137.0, 143.0, 163.0, 176.0, 185.0, 174.0]",4.0094170570373535,0.0,-69.64712524414062,-0.00077056884765625,-205.77252197265625
1750930064.7188857,-1.0,0.5,"[174.0, 171.0, 141.0, 132.0, 137.0, 143.0, 163.0, 175.0, 185.0, 174.0]",3.8964076042175293,-0.5,-69.72409057617188,-0.0007343292236328125,-205.78463745117188
1750930064.7319164,-1.0,0.5,"[174.0, 173.0, 141.0, 133.0, 138.0, 144.0, 163.0, 175.0, 185.0, 174.0]",3.9637229442596436,-0.5,-69.80215454101562,-0.000690460205078125,-205.79840087890625
1750930064.7654335,-1.0,0.5,"[174.0, 174.0, 142.0, 133.0, 139.0, 144.0, 163.0, 173.0, 185.0, 174.0]",3.9690346717834473,-0.5,-69.88021850585938,-0.0006427764892578125,-205.81280517578125
1750930064.7788942,-1.0,0.5,"[174.0, 176.0, 144.0, 134.0, 139.0, 144.0, 163.0, 173.0, 185.0, 174.0]",4.063666820526123,-0.5,-69.96002197265625,-0.0005931854248046875,-205.8282470703125
1750930064.791952,-1.0,0.5,"[174.0, 178.0, 145.0, 135.0, 140.0, 144.0, 163.0, 172.0, 185.0, 174.0]",4.085599422454834,-0.5,-70.04013061523438,-0.0005397796630859375,-205.84432983398438
1750930064.8265278,0.0,0.5,"[174.0, 179.0, 146.0, 136.0, 140.0, 144.0, 163.0, 172.0, 185.0, 174.0]",4.171692848205566,-0.5,-70.12176513671875,-0.00048828125,-205.86154174804688
1750930064.8405905,0.0,0.5,"[174.0, 179.0, 146.0, 136.0, 140.0, 144.0, 163.0, 171.0, 185.0, 174.0]",4.14132022857666,0.0,-70.20449829101562,-0.0004367828369140625,-205.86566162109375
1750930064.8540695,0.0,0.5,"[174.0, 179.0, 145.0, 136.0, 140.0, 143.0, 163.0, 171.0, 185.0, 174.0]",4.234244346618652,0.0,-70.28912353515625,-0.00038909912109375,-205.8690185546875
1750930064.887582,0.0,0.5,"[174.0, 179.0, 145.0, 136.0, 140.0, 143.0, 163.0, 171.0, 185.0, 174.0]",4.270071029663086,0.0,-70.37445068359375,-0.00034332275390625,-205.872314453125
1750930064.9016106,0.0,0.5,"[174.0, 179.0, 145.0, 136.0, 140.0, 143.0, 163.0, 170.0, 185.0, 174.0]",4.344299793243408,0.0,-70.46127319335938,-0.000301361083984375,-205.875732421875
1750930064.9153283,0.0,0.5,"[174.0, 179.0, 145.0, 136.0, 140.0, 143.0, 163.0, 170.0, 185.0, 174.0]",4.374429702758789,0.0,-70.5487060546875,-0.000263214111328125,-205.87911987304688
1750930064.9495678,0.0,0.5,"[174.0, 179.0, 145.0, 136.0, 140.0, 143.0, 163.0, 170.0, 185.0, 174.0]",4.4764885902404785,0.0,-70.63815307617188,-0.0002307891845703125,-205.88259887695312
1750930064.9636416,-1.0,0.5,"[174.0, 179.0, 145.0, 136.0, 139.0, 143.0, 163.0, 170.0, 185.0, 174.0]",4.4909186363220215,0.0,-70.7279052734375,-0.0002002716064453125,-205.8861083984375
1750930064.977973,-1.0,0.5,"[174.0, 181.0, 147.0, 137.0, 139.0, 143.0, 163.0, 170.0, 185.0, 174.0]",4.415560245513916,-0.5,-70.8145751953125,-0.00017547607421875,-205.90313720703125
1750930064.9915495,-1.0,0.5,"[174.0, 182.0, 148.0, 137.0, 140.0, 143.0, 163.0, 169.0, 185.0, 174.0]",4.412982940673828,-0.5,-70.900634765625,-0.0001544952392578125,-205.92266845703125
1750930065.0263803,-1.0,0.5,"[174.0, 184.0, 149.0, 138.0, 140.0, 143.0, 163.0, 168.0, 185.0, 174.0]",4.493992805480957,-0.5,-70.98806762695312,-0.0001373291015625,-205.9434814453125
1750930065.0408843,0.0,0.5,"[174.0, 185.0, 150.0, 139.0, 140.0, 143.0, 163.0, 167.0, 185.0, 174.0]",4.504179954528809,-0.5,-71.07550048828125,-0.0001239776611328125,-205.9652099609375
1750930065.0548985,0.0,0.5,"[174.0, 185.0, 150.0, 139.0, 140.0, 143.0, 163.0, 167.0, 185.0, 174.0]",4.558216571807861,0.0,-71.16629028320312,-0.00011444091796875,-205.97366333007812
1750930065.0894444,0.0,0.5,"[174.0, 185.0, 150.0, 139.0, 140.0, 143.0, 163.0, 167.0, 185.0, 174.0]",4.573489189147949,0.0,-71.25747680664062,-0.0001068115234375,-205.98065185546875
1750930065.1031778,0.0,0.5,"[174.0, 185.0, 150.0, 139.0, 139.0, 143.0, 163.0, 167.0, 185.0, 174.0]",4.677140235900879,0.0,-71.35073852539062,-0.000102996826171875,-205.9876708984375
1750930065.117223,0.0,0.5,"[174.0, 185.0, 150.0, 139.0, 139.0, 143.0, 163.0, 167.0, 185.0, 174.0]",4.6822662353515625,0.0,-71.44412231445312,-9.918212890625e-05,-205.99472045898438
1750930065.1312087,0.0,0.5,"[174.0, 185.0, 150.0, 139.0, 139.0, 143.0, 163.0, 166.0, 185.0, 174.0]",4.794768810272217,0.0,-71.53976440429688,-9.918212890625e-05,-206.001953125
1750930065.165117,0.0,0.5,"[174.0, 185.0, 150.0, 139.0, 139.0, 143.0, 162.0, 166.0, 185.0, 174.0]",4.797205448150635,0.0,-71.63543701171875,-0.0001010894775390625,-206.0091552734375
1750930065.1791599,0.0,0.5,"[174.0, 185.0, 150.0, 139.0, 139.0, 143.0, 162.0, 165.0, 185.0, 174.0]",4.911402225494385,0.0,-71.73336791992188,-0.000102996826171875,-206.01654052734375
1750930065.1925366,0.0,0.5,"[174.0, 185.0, 150.0, 139.0, 139.0, 142.0, 162.0, 165.0, 185.0, 174.0]",4.914271354675293,0.0,-71.83139038085938,-0.0001068115234375,-206.02392578125
1750930065.2266445,0.0,0.5,"[174.0, 185.0, 150.0, 139.0, 139.0, 142.0, 162.0, 165.0, 185.0, 174.0]",5.027247905731201,0.0,-71.931640625,-0.0001125335693359375,-206.031494140625
1750930065.2401946,0.0,0.5,"[174.0, 185.0, 150.0, 139.0, 139.0, 142.0, 162.0, 165.0, 185.0, 174.0]",4.806395530700684,0.0,-72.02749633789062,0.0002193450927734375,-206.03875732421875
1750930065.2542,0.0,0.5,"[174.0, 185.0, 150.0, 139.0, 138.0, 142.0, 162.0, 165.0, 185.0, 174.0]",5.082353115081787,0.0,-72.12887573242188,0.000171661376953125,-206.04638671875
1750930065.2886944,0.0,0.5,"[174.0, 185.0, 150.0, 139.0, 138.0, 142.0, 162.0, 166.0, 185.0, 174.0]",5.418331623077393,0.0,-72.23690795898438,0.0004520416259765625,-206.05453491210938
1750930065.3024879,0.0,0.5,"[174.0, 185.0, 150.0, 139.0, 138.0, 142.0, 162.0, 168.0, 185.0, 174.0]",5.184010982513428,0.0,-72.34030151367188,0.0006847381591796875,-206.06231689453125
1750930065.3162854,0.0,0.5,"[174.0, 185.0, 150.0, 139.0, 138.0, 142.0, 162.0, 168.0, 185.0, 174.0]",5.1143479347229,0.0,-72.44229125976562,0.0008716583251953125,-206.07000732421875
1750930065.3405297,0.0,0.5,"[174.0, 185.0, 150.0, 139.0, 138.0, 142.0, 162.0, 170.0, 185.0, 174.0]",5.062490463256836,0.0,-72.54327392578125,0.0010166168212890625,-206.07763671875
1750930065.3545654,0.0,0.5,"[174.0, 185.0, 150.0, 139.0, 138.0, 142.0, 162.0, 171.0, 185.0, 174.0]",5.293371200561523,0.0,-72.64883422851562,0.0011234283447265625,-206.08563232421875
1750930065.3890533,-1.0,0.5,"[174.0, 185.0, 150.0, 139.0, 138.0, 141.0, 161.0, 172.0, 185.0, 174.0]",5.678086757659912,0.0,-72.7620849609375,0.0011959075927734375,-206.09414672851562
1750930065.402713,-1.0,0.5,"[174.0, 185.0, 151.0, 139.0, 138.0, 141.0, 161.0, 170.0, 185.0, 174.0]",5.1930623054504395,-0.5,-72.86325073242188,0.0012359619140625,-206.1175537109375
1750930065.4169633,-1.0,0.5,"[174.0, 185.0, 153.0, 141.0, 138.0, 142.0, 161.0, 167.0, 185.0, 174.0]",5.34388542175293,-0.5,-72.965576171875,0.001251220703125,-206.1484375
1750930065.4404924,-1.0,0.5,"[174.0, 185.0, 154.0, 141.0, 138.0, 142.0, 161.0, 167.0, 185.0, 174.0]",5.550731658935547,-0.5,-73.07333374023438,0.00124359130859375,-206.17523193359375
1750930065.4555442,-1.0,0.5,"[174.0, 185.0, 156.0, 143.0, 138.0, 142.0, 162.0, 163.0, 185.0, 174.0]",5.379888534545898,-0.5,-73.175537109375,0.001220703125,-206.20880126953125
1750930065.4809728,-1.0,0.5,"[174.0, 185.0, 156.0, 144.0, 138.0, 142.0, 161.0, 163.0, 185.0, 174.0]",5.736372947692871,-0.5,-73.28616333007812,0.00118255615234375,-206.2392578125
1750930065.4946146,0.0,0.5,"[174.0, 185.0, 159.0, 145.0, 138.0, 142.0, 161.0, 160.0, 185.0, 174.0]",5.4851484298706055,-0.5,-73.389892578125,0.001132965087890625,-206.27493286132812
1750930065.529622,0.0,0.5,"[174.0, 185.0, 159.0, 145.0, 138.0, 142.0, 161.0, 159.0, 185.0, 174.0]",5.272588729858398,0.0,-73.48989868164062,0.0010776519775390625,-206.30841064453125
1750930065.5440295,0.0,0.5,"[174.0, 185.0, 159.0, 145.0, 138.0, 141.0, 161.0, 160.0, 185.0, 174.0]",5.52578592300415,0.0,-73.60040283203125,0.001018524169921875,-206.3077392578125
1750930065.5580537,0.0,0.5,"[174.0, 185.0, 159.0, 145.0, 138.0, 141.0, 161.0, 161.0, 185.0, 174.0]",5.549527168273926,0.0,-73.70706176757812,0.000957489013671875,-206.33843994140625
1750930065.5722997,0.0,0.5,"[174.0, 185.0, 159.0, 145.0, 138.0, 141.0, 161.0, 163.0, 185.0, 174.0]",5.54231071472168,0.0,-73.81787109375,0.000896453857421875,-206.34088134765625
1750930065.6071923,0.0,0.5,"[174.0, 185.0, 159.0, 145.0, 138.0, 141.0, 161.0, 163.0, 185.0, 174.0]",5.589056015014648,0.0,-73.925048828125,0.0008373260498046875,-206.37255859375
1750930065.6212323,0.0,0.5,"[174.0, 185.0, 159.0, 145.0, 138.0, 141.0, 161.0, 165.0, 185.0, 174.0]",5.743391513824463,0.0,-74.0399169921875,0.0007801055908203125,-206.3740234375
1750930065.6354408,0.0,0.5,"[174.0, 185.0, 159.0, 145.0, 138.0, 141.0, 161.0, 166.0, 185.0, 174.0]",5.7110795974731445,0.0,-74.14993286132812,0.000728607177734375,-206.4046630859375
1750930065.670524,0.0,0.5,"[174.0, 185.0, 159.0, 145.0, 137.0, 141.0, 161.0, 167.0, 185.0, 174.0]",5.678503513336182,0.0,-74.26351928710938,0.000682830810546875,-206.4063720703125
1750930065.6843436,0.0,0.5,"[174.0, 185.0, 159.0, 145.0, 137.0, 141.0, 161.0, 168.0, 185.0, 174.0]",5.969437122344971,0.0,-74.37826538085938,0.000640869140625,-206.43927001953125
1750930065.6984744,0.0,0.5,"[174.0, 185.0, 159.0, 145.0, 137.0, 140.0, 160.0, 170.0, 185.0, 174.0]",5.86201810836792,0.0,-74.49551391601562,0.0006046295166015625,-206.4407958984375
1750930065.7125912,0.0,0.5,"[174.0, 185.0, 159.0, 145.0, 137.0, 140.0, 160.0, 171.0, 185.0, 174.0]",5.994995594024658,0.0,-74.611328125,0.0005741119384765625,-206.47177124023438
1750930065.746984,0.0,0.5,"[174.0, 185.0, 159.0, 145.0, 137.0, 140.0, 160.0, 209.0, 185.0, 174.0]",6.0183844566345215,0.0,-74.73159790039062,0.00054931640625,-206.476806640625
1750930065.7605994,0.0,0.5,"[174.0, 185.0, 159.0, 145.0, 137.0, 140.0, 160.0, 209.0, 185.0, 174.0]",6.248682975769043,0.0,-74.85308837890625,0.0005283355712890625,-206.50607299804688
1750930065.774505,0.0,0.5,"[174.0, 185.0, 159.0, 145.0, 136.0, 140.0, 160.0, 209.0, 185.0, 174.0]",6.155974388122559,0.0,-74.9759521484375,0.0005130767822265625,-206.51388549804688
1750930065.8092985,0.0,0.5,"[174.0, 185.0, 159.0, 145.0, 136.0, 140.0, 160.0, 209.0, 185.0, 174.0]",6.331350803375244,0.0,-75.09933471679688,0.0005016326904296875,-206.5423583984375
1750930065.8233817,0.0,0.5,"[174.0, 185.0, 160.0, 145.0, 136.0, 140.0, 160.0, 209.0, 185.0, 174.0]",6.223822593688965,0.0,-75.22348022460938,0.0004940032958984375,-206.55133056640625
1750930065.8374655,0.0,0.5,"[174.0, 185.0, 159.0, 144.0, 136.0, 139.0, 159.0, 209.0, 185.0, 174.0]",6.370829105377197,0.0,-75.3477783203125,0.0004901885986328125,-206.579345703125
1750930065.8514957,0.0,0.5,"[174.0, 185.0, 160.0, 145.0, 136.0, 139.0, 159.0, 209.0, 185.0, 174.0]",6.4297637939453125,0.0,-75.47579956054688,0.0004901885986328125,-206.5914306640625
1750930065.8859682,0.0,0.5,"[174.0, 185.0, 159.0, 144.0, 135.0, 139.0, 159.0, 209.0, 185.0, 174.0]",6.448533535003662,0.0,-75.60232543945312,0.0004901885986328125,-206.61651611328125
1750930065.8998895,0.0,0.5,"[174.0, 185.0, 161.0, 145.0, 135.0, 139.0, 159.0, 209.0, 185.0, 174.0]",6.483313083648682,0.0,-75.73089599609375,0.0004940032958984375,-206.6331787109375
1750930065.913437,0.0,0.5,"[174.0, 185.0, 159.0, 144.0, 135.0, 139.0, 159.0, 209.0, 185.0, 174.0]",6.517361640930176,0.0,-75.85922241210938,0.0004978179931640625,-206.65606689453125
1750930065.9480138,0.0,0.5,"[174.0, 185.0, 161.0, 144.0, 135.0, 139.0, 159.0, 207.0, 185.0, 174.0]",6.646676063537598,0.0,-75.99038696289062,0.0005035400390625,-206.67776489257812
1750930065.9619524,0.0,0.5,"[174.0, 185.0, 159.0, 144.0, 135.0, 138.0, 158.0, 207.0, 185.0, 174.0]",6.51546573638916,0.0,-76.11907958984375,0.00051116943359375,-206.6981201171875
1750930065.9757469,0.0,0.5,"[174.0, 185.0, 161.0, 144.0, 134.0, 138.0, 158.0, 207.0, 185.0, 174.0]",6.693911552429199,0.0,-76.25164794921875,0.0005168914794921875,-206.7169189453125
1750930066.0003314,0.0,0.5,"[174.0, 185.0, 159.0, 144.0, 134.0, 138.0, 158.0, 207.0, 185.0, 174.0]",6.7409162521362305,0.0,-76.3846435546875,0.0005245208740234375,-206.739013671875
1750930066.0147235,0.0,0.5,"[174.0, 185.0, 161.0, 144.0, 134.0, 138.0, 158.0, 207.0, 185.0, 174.0]",6.791724681854248,0.0,-76.51919555664062,0.000530242919921875,-206.7576904296875
1750930066.0490775,0.0,0.5,"[174.0, 185.0, 159.0, 143.0, 134.0, 137.0, 158.0, 207.0, 185.0, 174.0]",6.830211162567139,0.0,-76.654052734375,0.000537872314453125,-206.7794189453125
1750930066.0628667,0.0,0.5,"[174.0, 185.0, 161.0, 144.0, 133.0, 137.0, 156.0, 207.0, 185.0, 174.0]",7.063064098358154,0.0,-76.79415893554688,0.0005435943603515625,-206.79742431640625
1750930066.0770156,0.0,0.5,"[174.0, 185.0, 159.0, 143.0, 133.0, 137.0, 156.0, 207.0, 185.0, 174.0]",6.931089401245117,0.0,-76.93087768554688,0.00054931640625,-206.8203125
1750930066.0910637,-1.0,0.5,"[174.0, 185.0, 160.0, 143.0, 133.0, 137.0, 156.0, 207.0, 185.0, 174.0]",7.1150593757629395,0.0,-77.07205200195312,0.0005550384521484375,-206.83810424804688
1750930066.126046,-1.0,0.5,"[174.0, 185.0, 161.0, 143.0, 133.0, 137.0, 156.0, 207.0, 185.0, 174.0]",6.850480079650879,-0.5,-77.19998168945312,0.0005588531494140625,-206.88720703125
1750930066.1401649,-1.0,0.5,"[174.0, 185.0, 163.0, 143.0, 133.0, 137.0, 156.0, 206.0, 185.0, 174.0]",6.775321006774902,-0.5,-77.32974243164062,0.0005626678466796875,-206.92620849609375
1750930066.1541605,-1.0,0.5,"[174.0, 185.0, 164.0, 143.0, 133.0, 137.0, 156.0, 206.0, 185.0, 174.0]",6.913752555847168,-0.5,-77.45703125,0.0005664825439453125,-206.980224609375
1750930066.1885657,0.0,0.0,"[174.0, 185.0, 166.0, 143.0, 133.0, 137.0, 156.0, 206.0, 185.0, 174.0]",7.003078937530518,-0.5,-77.58987426757812,0.0005702972412109375,-207.02459716796875
1750930066.2015538,0.0,0.0,"[174.0, 185.0, 166.0, 143.0, 133.0, 136.0, 156.0, 206.0, 185.0, 174.0]",7.00570011138916,0.0,-77.72427368164062,0.00057220458984375,-207.06423950195312
1750930066.215521,0.0,0.0,"[174.0, 185.0, 166.0, 143.0, 131.0, 136.0, 156.0, 206.0, 185.0, 174.0]",6.756794452667236,0.0,-77.85812377929688,0.0005741119384765625,-207.08282470703125
1750930066.2500124,0.0,0.0,"[174.0, 185.0, 166.0, 143.0, 131.0, 136.0, 155.0, 205.0, 185.0, 174.0]",6.51265811920166,0.0,-77.984130859375,0.000576019287109375,-207.11578369140625
1750930066.2632186,0.0,0.0,"[174.0, 185.0, 166.0, 141.0, 131.0, 136.0, 155.0, 205.0, 185.0, 174.0]",6.2712554931640625,0.0,-78.10794067382812,0.000576019287109375,-207.13589477539062
1750930066.277548,0.0,0.0,"[174.0, 185.0, 166.0, 141.0, 131.0, 135.0, 155.0, 204.0, 185.0, 174.0]",6.03156852722168,0.0,-78.22515869140625,0.000576019287109375,-207.16439819335938
1750930066.2914724,0.0,0.0,"[174.0, 185.0, 166.0, 141.0, 130.0, 135.0, 155.0, 204.0, 185.0, 174.0]",5.793045997619629,0.0,-78.33926391601562,0.000576019287109375,-207.18438720703125
1750930066.326154,0.0,0.0,"[174.0, 185.0, 166.0, 141.0, 130.0, 135.0, 155.0, 204.0, 185.0, 174.0]",5.555393218994141,0.0,-78.44744873046875,0.000576019287109375,-207.20974731445312
1750930066.340506,0.0,0.0,"[174.0, 185.0, 165.0, 140.0, 130.0, 135.0, 154.0, 204.0, 185.0, 174.0]",5.318453311920166,0.0,-78.55215454101562,0.000576019287109375,-207.22857666015625
1750930066.3545008,0.0,0.0,"[174.0, 185.0, 166.0, 140.0, 130.0, 135.0, 154.0, 204.0, 185.0, 174.0]",5.082143306732178,0.0,-78.651123046875,0.000576019287109375,-207.25164794921875
1750930066.3895724,0.0,0.5,"[174.0, 185.0, 165.0, 140.0, 129.0, 134.0, 154.0, 204.0, 185.0, 174.0]",4.846503734588623,0.0,-78.74658203125,0.000576019287109375,-207.2685546875
1750930066.403586,-1.0,0.5,"[174.0, 185.0, 165.0, 140.0, 129.0, 134.0, 154.0, 204.0, 185.0, 174.0]",4.821935176849365,0.0,-78.84109497070312,0.000286102294921875,-207.28775024414062
1750930066.4175086,-1.0,0.5,"[174.0, 185.0, 167.0, 140.0, 129.0, 134.0, 154.0, 204.0, 185.0, 174.0]",4.621819019317627,-0.5,-78.92752075195312,3.4332275390625e-05,-207.32046508789062
1750930066.4317694,-1.0,0.5,"[174.0, 185.0, 167.0, 140.0, 129.0, 134.0, 154.0, 204.0, 185.0, 174.0]",4.720376491546631,-0.5,-79.01492309570312,-0.000179290771484375,-207.356201171875
1750930066.4660256,-1.0,0.5,"[174.0, 185.0, 169.0, 140.0, 129.0, 134.0, 154.0, 203.0, 185.0, 174.0]",4.722270488739014,-0.5,-79.1019287109375,-0.0003566741943359375,-207.39288330078125
1750930066.4798255,-1.0,0.5,"[174.0, 185.0, 170.0, 140.0, 129.0, 134.0, 154.0, 203.0, 185.0, 174.0]",4.817390441894531,-0.5,-79.19033813476562,-0.0005016326904296875,-207.43118286132812
1750930066.4935007,-1.0,0.5,"[174.0, 185.0, 171.0, 140.0, 129.0, 134.0, 154.0, 203.0, 185.0, 174.0]",4.841814041137695,-0.5,-79.27883911132812,-0.0006122589111328125,-207.47048950195312
1750930066.528028,-1.0,0.5,"[174.0, 185.0, 172.0, 140.0, 129.0, 134.0, 154.0, 203.0, 185.0, 174.0]",4.909938335418701,-0.5,-79.36813354492188,-0.00069427490234375,-207.51132202148438
1750930066.5418472,-1.0,0.5,"[174.0, 185.0, 172.0, 140.0, 129.0, 134.0, 154.0, 203.0, 185.0, 174.0]",4.947082996368408,-0.5,-79.457763671875,-0.0007495880126953125,-207.55328369140625
1750930066.5557978,-1.0,0.5,"[174.0, 185.0, 172.0, 140.0, 129.0, 134.0, 154.0, 202.0, 185.0, 174.0]",5.0120038986206055,-0.5,-79.54806518554688,-0.000782012939453125,-207.59677124023438
1750930066.5906365,0.0,0.5,"[174.0, 185.0, 172.0, 140.0, 129.0, 134.0, 154.0, 201.0, 185.0, 174.0]",5.050734519958496,-0.5,-79.63864135742188,-0.0007953643798828125,-207.6414794921875
1750930066.604405,0.0,0.5,"[174.0, 185.0, 172.0, 140.0, 129.0, 133.0, 154.0, 201.0, 185.0, 174.0]",5.057543754577637,0.0,-79.73486328125,-0.000789642333984375,-207.67266845703125
1750930066.6175668,0.0,0.5,"[174.0, 185.0, 171.0, 140.0, 129.0, 133.0, 153.0, 201.0, 185.0, 174.0]",5.075806617736816,0.0,-79.83282470703125,-0.0004329681396484375,-207.69931030273438
1750930066.6308086,0.0,0.5,"[174.0, 185.0, 170.0, 140.0, 129.0, 133.0, 153.0, 201.0, 185.0, 174.0]",5.246637344360352,0.0,-79.93240356445312,-0.0001125335693359375,-207.732421875
1750930066.6642675,0.0,0.5,"[174.0, 185.0, 170.0, 139.0, 128.0, 133.0, 153.0, 201.0, 185.0, 174.0]",5.084947109222412,0.0,-80.03079223632812,0.0001697540283203125,-207.75814819335938
1750930066.6779225,0.0,0.5,"[174.0, 185.0, 170.0, 139.0, 128.0, 133.0, 153.0, 201.0, 185.0, 174.0]",5.2334794998168945,0.0,-80.12985229492188,0.0004100799560546875,-207.79196166992188
1750930066.692092,0.0,0.5,"[174.0, 185.0, 169.0, 139.0, 128.0, 131.0, 153.0, 201.0, 185.0, 174.0]",5.263503074645996,0.0,-80.23141479492188,0.0006122589111328125,-207.8197021484375
1750930066.7264054,0.0,0.5,"[174.0, 185.0, 169.0, 139.0, 128.0, 131.0, 153.0, 201.0, 185.0, 174.0]",5.417530059814453,0.0,-80.33517456054688,0.0007762908935546875,-207.850830078125
1750930066.7400672,0.0,0.5,"[174.0, 185.0, 169.0, 138.0, 127.0, 131.0, 152.0, 200.0, 185.0, 174.0]",5.43262243270874,0.0,-80.43878173828125,0.000904083251953125,-207.883544921875
1750930066.7542694,-1.0,0.5,"[174.0, 185.0, 169.0, 138.0, 127.0, 131.0, 152.0, 200.0, 185.0, 174.0]",5.432876110076904,0.0,-80.542724609375,0.0010013580322265625,-207.91522216796875
1750930066.7883723,-1.0,0.5,"[174.0, 185.0, 169.0, 138.0, 127.0, 131.0, 152.0, 200.0, 185.0, 174.0]",5.565587520599365,-0.5,-80.6339111328125,0.0010662078857421875,-207.97906494140625
1750930066.8017027,-1.0,0.5,"[174.0, 185.0, 169.0, 138.0, 127.0, 131.0, 152.0, 200.0, 185.0, 174.0]",5.546924114227295,-0.5,-80.73757934570312,0.00110626220703125,-208.01861572265625
1750930066.8154104,-1.0,0.5,"[174.0, 185.0, 169.0, 138.0, 127.0, 131.0, 152.0, 200.0, 185.0, 174.0]",5.509359836578369,-0.5,-80.82785034179688,0.001125335693359375,-208.08181762695312
1750930066.8498576,-1.0,0.5,"[174.0, 185.0, 169.0, 138.0, 127.0, 130.0, 152.0, 198.0, 185.0, 174.0]",5.7095537185668945,-0.5,-80.93222045898438,0.0011234283447265625,-208.12811279296875
1750930066.8634534,-1.0,0.5,"[174.0, 185.0, 169.0, 138.0, 128.0, 130.0, 152.0, 198.0, 185.0, 174.0]",5.673539161682129,-0.5,-81.02505493164062,0.0011081695556640625,-208.19338989257812
1750930066.877339,-1.0,0.5,"[174.0, 185.0, 169.0, 138.0, 127.0, 130.0, 152.0, 198.0, 185.0, 174.0]",5.935604572296143,-0.5,-81.12997436523438,0.001079559326171875,-208.24893188476562
1750930066.8914063,-1.0,0.5,"[174.0, 185.0, 169.0, 138.0, 127.0, 130.0, 152.0, 198.0, 185.0, 174.0]",5.773525714874268,-0.5,-81.22637939453125,0.001041412353515625,-208.31246948242188
1750930066.9257016,-1.0,0.5,"[174.0, 185.0, 169.0, 137.0, 127.0, 130.0, 151.0, 197.0, 185.0, 174.0]",6.037985801696777,-0.5,-81.32962036132812,0.0009975433349609375,-208.3751220703125
1750930066.9393787,-1.0,0.5,"[174.0, 185.0, 170.0, 138.0, 127.0, 130.0, 151.0, 197.0, 185.0, 174.0]",5.823515892028809,-0.5,-81.42752075195312,0.000949859619140625,-208.43820190429688
1750930066.9530308,-1.0,0.5,"[174.0, 185.0, 170.0, 137.0, 127.0, 130.0, 151.0, 197.0, 185.0, 174.0]",6.196002960205078,-0.5,-81.52932739257812,0.0009002685546875,-208.5089111328125
1750930066.9868832,-1.0,0.5,"[174.0, 185.0, 170.0, 138.0, 127.0, 130.0, 151.0, 197.0, 185.0, 174.0]",5.870761394500732,-0.5,-81.62921142578125,0.0008487701416015625,-208.57058715820312
1750930067.0005858,-1.0,0.5,"[174.0, 185.0, 169.0, 137.0, 126.0, 130.0, 151.0, 197.0, 185.0, 174.0]",6.258725643157959,-0.5,-81.728515625,0.0007991790771484375,-208.64678955078125
1750930067.0141814,-1.0,0.5,"[174.0, 185.0, 169.0, 138.0, 126.0, 130.0, 151.0, 195.0, 185.0, 174.0]",6.032006740570068,-0.5,-81.82891845703125,0.0007534027099609375,-208.71365356445312
1750930067.0472677,-1.0,0.5,"[174.0, 185.0, 169.0, 137.0, 126.0, 130.0, 151.0, 195.0, 185.0, 174.0]",6.299111843109131,-0.5,-81.92776489257812,0.00070953369140625,-208.79177856445312
1750930067.06076,-1.0,0.5,"[174.0, 185.0, 169.0, 138.0, 126.0, 130.0, 151.0, 195.0, 185.0, 174.0]",6.089817523956299,-0.5,-82.02658081054688,0.00067138671875,-208.86297607421875
1750930067.0745356,-1.0,0.5,"[174.0, 185.0, 169.0, 138.0, 126.0, 130.0, 151.0, 195.0, 185.0, 174.0]",6.36490535736084,-0.5,-82.1240234375,0.0006351470947265625,-208.94488525390625
1750930067.1082754,-1.0,0.5,"[174.0, 185.0, 169.0, 138.0, 126.0, 131.0, 151.0, 193.0, 185.0, 174.0]",6.142309665679932,-0.5,-82.22012329101562,0.0006046295166015625,-209.02142333984375
1750930067.1215127,-1.0,0.5,"[174.0, 185.0, 169.0, 138.0, 126.0, 130.0, 151.0, 193.0, 185.0, 174.0]",6.402179718017578,-0.5,-82.31576538085938,0.000579833984375,-209.10653686523438
1750930067.1351855,-1.0,0.5,"[174.0, 185.0, 169.0, 138.0, 126.0, 130.0, 151.0, 193.0, 185.0, 174.0]",6.3407111167907715,-0.5,-82.41348266601562,0.00055694580078125,-209.1873779296875
1750930067.1667092,-1.0,0.5,"[174.0, 185.0, 169.0, 137.0, 126.0, 130.0, 151.0, 193.0, 185.0, 174.0]",6.550599098205566,-0.5,-82.509033203125,0.0005397796630859375,-209.27700805664062
1750930067.1803517,-1.0,0.5,"[174.0, 185.0, 169.0, 137.0, 126.0, 130.0, 151.0, 192.0, 185.0, 174.0]",6.337466716766357,-0.5,-82.60577392578125,0.00052642822265625,-209.35891723632812
1750930067.193059,-1.0,0.5,"[174.0, 185.0, 169.0, 137.0, 125.0, 130.0, 149.0, 192.0, 185.0, 174.0]",6.5949201583862305,-0.5,-82.69998168945312,0.0005168914794921875,-209.45123291015625
1750930067.2258937,-1.0,0.5,"[174.0, 185.0, 169.0, 137.0, 125.0, 130.0, 149.0, 192.0, 185.0, 174.0]",6.477992057800293,-0.5,-82.79672241210938,0.0005092620849609375,-209.53741455078125
1750930067.2385266,-1.0,0.5,"[174.0, 185.0, 169.0, 137.0, 125.0, 130.0, 149.0, 192.0, 185.0, 174.0]",6.526731491088867,-0.5,-82.88870239257812,0.0005054473876953125,-209.63003540039062
1750930067.2516072,-1.0,0.5,"[174.0, 185.0, 169.0, 137.0, 125.0, 130.0, 148.0, 190.0, 185.0, 174.0]",6.5556135177612305,-0.5,-82.98602294921875,0.0005035400390625,-209.7178955078125
1750930067.283259,-1.0,0.5,"[174.0, 185.0, 169.0, 136.0, 125.0, 129.0, 148.0, 190.0, 185.0, 174.0]",6.9357709884643555,-0.5,-83.083740234375,0.0005054473876953125,-209.81634521484375
1750930067.2965217,-1.0,0.5,"[174.0, 185.0, 169.0, 136.0, 125.0, 129.0, 148.0, 190.0, 185.0, 174.0]",6.644345283508301,-0.5,-83.17739868164062,0.000507354736328125,-209.91058349609375
1750930067.319441,-1.0,0.5,"[174.0, 185.0, 169.0, 136.0, 125.0, 129.0, 147.0, 190.0, 185.0, 174.0]",7.0354413986206055,-0.5,-83.27145385742188,0.00051116943359375,-210.0152587890625
1750930067.3326266,-1.0,0.5,"[174.0, 185.0, 169.0, 136.0, 125.0, 129.0, 147.0, 190.0, 185.0, 174.0]",6.748579025268555,-0.5,-83.364990234375,0.000514984130859375,-210.11257934570312
1750930067.3640995,-1.0,0.5,"[174.0, 185.0, 169.0, 136.0, 125.0, 129.0, 147.0, 189.0, 185.0, 174.0]",7.130485534667969,-0.5,-83.45718383789062,0.0005207061767578125,-210.22137451171875
1750930067.377606,-1.0,0.5,"[174.0, 185.0, 169.0, 136.0, 125.0, 129.0, 146.0, 189.0, 185.0, 174.0]",6.795868873596191,-0.5,-83.54824829101562,0.00052642822265625,-210.322265625
1750930067.3905406,-1.0,0.5,"[174.0, 185.0, 167.0, 135.0, 125.0, 129.0, 146.0, 189.0, 185.0, 174.0]",7.171387672424316,-0.5,-83.63699340820312,0.0005321502685546875,-210.4349365234375
1750930067.4221976,-1.0,0.5,"[174.0, 185.0, 167.0, 135.0, 126.0, 128.0, 145.0, 189.0, 185.0, 174.0]",7.0480756759643555,-0.5,-83.72854614257812,0.000537872314453125,-210.5421142578125
1750930067.4352071,-1.0,0.5,"[174.0, 185.0, 167.0, 134.0, 125.0, 128.0, 145.0, 189.0, 185.0, 174.0]",7.274012088775635,-0.5,-83.81552124023438,0.00054168701171875,-210.65875244140625
1750930067.467354,-1.0,0.5,"[174.0, 185.0, 167.0, 134.0, 125.0, 128.0, 145.0, 189.0, 185.0, 174.0]",7.208840847015381,-0.5,-83.90582275390625,0.0005474090576171875,-210.7711181640625
1750930067.4808517,-1.0,0.5,"[174.0, 185.0, 165.0, 134.0, 125.0, 128.0, 144.0, 189.0, 185.0, 174.0]",7.288089275360107,-0.5,-83.9901123046875,0.000553131103515625,-210.89007568359375
1750930067.4937851,-1.0,0.5,"[174.0, 185.0, 165.0, 134.0, 125.0, 128.0, 144.0, 189.0, 185.0, 174.0]",7.162567615509033,-0.5,-84.07635498046875,0.00055694580078125,-211.00445556640625
1750930067.524762,-1.0,0.5,"[174.0, 185.0, 165.0, 134.0, 124.0, 128.0, 143.0, 187.0, 185.0, 174.0]",7.256415843963623,-0.5,-84.15740966796875,0.000560760498046875,-211.12481689453125
1750930067.5377886,-1.0,0.5,"[174.0, 185.0, 165.0, 134.0, 124.0, 128.0, 143.0, 187.0, 185.0, 174.0]",7.401777744293213,-0.5,-84.24160766601562,0.0005645751953125,-211.24658203125
1750930067.5507307,-1.0,0.5,"[174.0, 185.0, 165.0, 134.0, 124.0, 128.0, 143.0, 187.0, 185.0, 174.0]",7.346615314483643,-0.5,-84.32199096679688,0.0005664825439453125,-211.36956787109375
1750930067.581354,-1.0,0.5,"[174.0, 185.0, 164.0, 134.0, 124.0, 127.0, 141.0, 187.0, 185.0, 174.0]",7.461389541625977,-0.5,-84.4013671875,0.0005702972412109375,-211.4959716796875
1750930067.5938885,-1.0,0.5,"[174.0, 185.0, 164.0, 134.0, 124.0, 127.0, 141.0, 187.0, 185.0, 174.0]",7.618188381195068,-0.5,-84.48184204101562,0.00057220458984375,-211.62533569335938
1750930067.6241615,-1.0,0.5,"[174.0, 185.0, 164.0, 134.0, 124.0, 126.0, 140.0, 187.0, 185.0, 174.0]",7.448105335235596,-0.5,-84.55703735351562,0.00057220458984375,-211.75390625
1750930067.6367443,-1.0,0.5,"[174.0, 185.0, 164.0, 135.0, 123.0, 125.0, 140.0, 187.0, 185.0, 174.0]",7.738679885864258,-0.5,-84.63394165039062,0.0005741119384765625,-211.88821411132812
1750930067.6579385,-1.0,0.5,"[174.0, 185.0, 164.0, 134.0, 123.0, 125.0, 139.0, 187.0, 185.0, 174.0]",7.551764011383057,-0.5,-84.70700073242188,0.0005741119384765625,-212.02041625976562
1750930067.6708572,-1.0,0.5,"[174.0, 185.0, 164.0, 134.0, 123.0, 124.0, 139.0, 187.0, 185.0, 174.0]",7.8552632331848145,-0.5,-84.78109741210938,0.0005741119384765625,-212.158935546875
1750930067.7017055,-1.0,0.5,"[174.0, 185.0, 164.0, 133.0, 123.0, 124.0, 138.0, 187.0, 185.0, 174.0]",7.745678424835205,-0.5,-84.85098266601562,0.0005741119384765625,-212.29721069335938
1750930067.714321,-1.0,0.5,"[174.0, 185.0, 164.0, 133.0, 123.0, 123.0, 138.0, 187.0, 185.0, 174.0]",7.764484882354736,-0.5,-84.91976928710938,0.0005741119384765625,-212.43643188476562
1750930067.7446253,-1.0,0.5,"[174.0, 185.0, 164.0, 133.0, 123.0, 122.0, 137.0, 187.0, 185.0, 174.0]",7.848325729370117,-0.5,-84.98635864257812,0.0005741119384765625,-212.57858276367188
1750930067.7569184,-1.0,0.5,"[174.0, 185.0, 164.0, 133.0, 123.0, 122.0, 137.0, 187.0, 185.0, 174.0]",7.861608505249023,-0.5,-85.05117797851562,0.0005741119384765625,-212.72183227539062
1750930067.7786982,-1.0,0.5,"[174.0, 185.0, 164.0, 132.0, 122.0, 121.0, 136.0, 187.0, 185.0, 174.0]",7.980578422546387,-0.5,-85.11505126953125,0.0005741119384765625,-212.86810302734375
1750930067.7904234,-1.0,0.5,"[174.0, 185.0, 164.0, 132.0, 122.0, 121.0, 136.0, 187.0, 185.0, 174.0]",7.73460578918457,-0.5,-85.17385864257812,0.00057220458984375,-213.01116943359375
1750930067.820902,-1.0,0.5,"[174.0, 185.0, 164.0, 132.0, 121.0, 120.0, 134.0, 187.0, 185.0, 174.0]",7.943795204162598,-0.5,-85.23287963867188,0.00057220458984375,-213.15869140625
1750930067.8339036,-1.0,0.5,"[174.0, 185.0, 164.0, 132.0, 120.0, 119.0, 134.0, 189.0, 185.0, 174.0]",8.08571720123291,-0.5,-85.28994750976562,0.00057220458984375,-213.30999755859375
1750930067.8644652,-1.0,0.5,"[174.0, 185.0, 162.0, 131.0, 120.0, 119.0, 134.0, 189.0, 185.0, 174.0]",8.210000038146973,-0.5,-85.34494018554688,0.0005702972412109375,-213.4647216796875
1750930067.8768866,-1.0,0.5,"[174.0, 185.0, 162.0, 131.0, 119.0, 118.0, 134.0, 190.0, 185.0, 174.0]",8.161051750183105,-0.5,-85.39865112304688,0.0005702972412109375,-213.61883544921875
1750930067.8898423,-1.0,0.5,"[174.0, 185.0, 162.0, 131.0, 118.0, 117.0, 133.0, 192.0, 185.0, 174.0]",8.296154975891113,-0.5,-85.44796752929688,0.0005702972412109375,-213.77728271484375
1750930067.9204137,-1.0,0.5,"[174.0, 185.0, 161.0, 131.0, 117.0, 116.0, 133.0, 200.0, 185.0, 174.0]",8.16869068145752,-0.5,-85.4971923828125,0.0005702972412109375,-213.93304443359375
1750930067.9329607,-1.0,0.5,"[174.0, 185.0, 161.0, 131.0, 116.0, 116.0, 133.0, 204.0, 185.0, 174.0]",8.361005783081055,-0.5,-85.54180908203125,0.000568389892578125,-214.09423828125
1750930067.9633431,-1.0,0.5,"[174.0, 185.0, 160.0, 131.0, 115.0, 115.0, 133.0, 227.0, 185.0, 174.0]",8.312198638916016,-0.5,-85.58645629882812,0.000568389892578125,-214.25436401367188
1750930067.976123,-1.0,0.5,"[174.0, 185.0, 159.0, 130.0, 114.0, 114.0, 132.0, 227.0, 185.0, 174.0]",8.49813175201416,-0.5,-85.62631225585938,0.000568389892578125,-214.41958618164062
1750930067.997915,-1.0,0.5,"[174.0, 185.0, 159.0, 129.0, 113.0, 113.0, 132.0, 227.0, 185.0, 174.0]",8.341070175170898,-0.5,-85.66555786132812,0.000568389892578125,-214.58172607421875
1750930068.0106695,-1.0,0.5,"[174.0, 185.0, 159.0, 128.0, 112.0, 112.0, 132.0, 227.0, 185.0, 174.0]",8.441845893859863,-0.5,-85.69906616210938,0.000568389892578125,-214.7471923828125
1750930068.0403175,-1.0,0.5,"[174.0, 185.0, 158.0, 126.0, 111.0, 112.0, 132.0, 227.0, 185.0, 174.0]",8.354752540588379,-0.5,-85.73342895507812,0.0005664825439453125,-214.91073608398438
1750930068.0532935,-1.0,0.5,"[174.0, 185.0, 158.0, 125.0, 110.0, 111.0, 132.0, 227.0, 185.0, 174.0]",8.695764541625977,-0.5,-85.762939453125,0.0005664825439453125,-215.08212280273438
1750930068.0839121,-1.0,0.5,"[174.0, 185.0, 158.0, 123.0, 109.0, 110.0, 132.0, 227.0, 185.0, 174.0]",8.463424682617188,-0.5,-85.79055786132812,0.0005664825439453125,-215.24911499023438
1750930068.0959628,-1.0,0.5,"[174.0, 185.0, 158.0, 122.0, 108.0, 109.0, 131.0, 227.0, 185.0, 174.0]",8.677176475524902,-0.5,-85.81503295898438,0.0005664825439453125,-215.42092895507812
1750930068.1162271,-1.0,0.5,"[174.0, 185.0, 158.0, 121.0, 107.0, 109.0, 132.0, 227.0, 185.0, 174.0]",8.654936790466309,-0.5,-85.83743286132812,0.0005664825439453125,-215.59259033203125
1750930068.137311,-1.0,0.5,"[174.0, 185.0, 156.0, 118.0, 106.0, 108.0, 131.0, 227.0, 185.0, 174.0]",8.812764167785645,-0.5,-85.85549926757812,0.0005664825439453125,-215.76788330078125
1750930068.149835,-1.0,0.5,"[174.0, 185.0, 153.0, 117.0, 104.0, 108.0, 132.0, 227.0, 185.0, 174.0]",8.802311897277832,-0.5,-85.87283325195312,0.0005664825439453125,-215.94308471679688
1750930068.1784635,-1.0,0.5,"[174.0, 185.0, 151.0, 115.0, 103.0, 107.0, 131.0, 227.0, 185.0, 174.0]",8.860115051269531,-0.5,-85.8839111328125,0.0005664825439453125,-216.11993408203125
1750930068.189542,-1.0,0.5,"[174.0, 185.0, 148.0, 114.0, 102.0, 107.0, 132.0, 227.0, 185.0, 174.0]",8.919018745422363,-0.5,-85.89523315429688,0.0005664825439453125,-216.2979736328125
1750930068.218348,-1.0,0.5,"[174.0, 185.0, 145.0, 111.0, 101.0, 107.0, 132.0, 220.0, 185.0, 174.0]",8.833578109741211,-0.5,-85.90081787109375,0.0005664825439453125,-216.47454833984375
1750930068.2303994,-1.0,0.5,"[174.0, 185.0, 142.0, 110.0, 100.0, 106.0, 132.0, 218.0, 185.0, 174.0]",8.908767700195312,-0.5,-85.90524291992188,0.0005664825439453125,-216.65264892578125
1750930068.258728,-1.0,0.5,"[174.0, 185.0, 139.0, 108.0, 99.0, 106.0, 132.0, 217.0, 185.0, 174.0]",8.765324592590332,-0.5,-85.90414428710938,0.0005664825439453125,-216.82797241210938
1750930068.2702968,-1.0,0.5,"[174.0, 185.0, 136.0, 107.0, 98.0, 106.0, 132.0, 215.0, 185.0, 174.0]",9.067047119140625,-0.5,-85.90139770507812,0.0005664825439453125,-217.00927734375
1750930068.299629,-1.0,0.5,"[174.0, 185.0, 134.0, 104.0, 97.0, 105.0, 133.0, 215.0, 185.0, 174.0]",9.040181159973145,-0.5,-85.89495849609375,0.000568389892578125,-217.19000244140625
1750930068.3117034,-1.0,0.5,"[174.0, 185.0, 130.0, 102.0, 97.0, 105.0, 133.0, 214.0, 185.0, 174.0]",9.17646598815918,-0.5,-85.88510131835938,0.000568389892578125,-217.37322998046875
1750930068.3408122,-1.0,0.5,"[174.0, 185.0, 128.0, 101.0, 96.0, 105.0, 139.0, 212.0, 185.0, 174.0]",8.942671775817871,-0.5,-85.87222290039062,0.000568389892578125,-217.5516357421875
1750930068.352346,-1.0,0.5,"[174.0, 185.0, 125.0, 99.0, 96.0, 105.0, 155.0, 212.0, 185.0, 174.0]",9.3070707321167,-0.5,-85.855224609375,0.000568389892578125,-217.73699951171875
1750930068.3809462,-1.0,0.5,"[174.0, 185.0, 121.0, 97.0, 95.0, 105.0, 171.0, 211.0, 185.0, 174.0]",9.204686164855957,-0.5,-85.8355712890625,0.000568389892578125,-217.9200439453125
1750930068.393321,-1.0,0.5,"[174.0, 185.0, 117.0, 97.0, 95.0, 105.0, 171.0, 211.0, 185.0, 174.0]",9.365196228027344,-0.5,-85.81167602539062,0.000568389892578125,-218.1058349609375
1750930068.4227898,-1.0,0.5,"[174.0, 179.0, 114.0, 96.0, 95.0, 105.0, 171.0, 209.0, 185.0, 174.0]",9.067188262939453,-0.5,-85.785400390625,0.000568389892578125,-218.28524780273438
1750930068.4347353,-1.0,0.5,"[174.0, 173.0, 111.0, 95.0, 94.0, 105.0, 171.0, 209.0, 185.0, 174.0]",9.402563095092773,-0.5,-85.75469970703125,0.000568389892578125,-218.47076416015625
1750930068.4635205,-1.0,0.5,"[174.0, 164.0, 109.0, 95.0, 94.0, 105.0, 171.0, 207.0, 185.0, 174.0]",9.418113708496094,-0.5,-85.72030639648438,0.000568389892578125,-218.65597534179688
1750930068.4752142,-1.0,0.5,"[174.0, 158.0, 108.0, 94.0, 94.0, 105.0, 173.0, 207.0, 185.0, 174.0]",9.411100387573242,-0.5,-85.68209838867188,0.000568389892578125,-218.84027099609375
1750930068.5023227,-1.0,0.5,"[174.0, 152.0, 107.0, 94.0, 94.0, 106.0, 173.0, 206.0, 185.0, 174.0]",9.343403816223145,-0.5,-85.6414794921875,0.000568389892578125,-219.02264404296875
1750930068.5136318,-1.0,0.5,"[174.0, 144.0, 106.0, 93.0, 93.0, 106.0, 173.0, 204.0, 185.0, 174.0]",9.546615600585938,-0.5,-85.59567260742188,0.000568389892578125,-219.2080078125
1750930068.5412047,-1.0,0.5,"[174.0, 140.0, 105.0, 93.0, 93.0, 106.0, 173.0, 203.0, 185.0, 174.0]",9.50268268585205,-0.5,-85.54568481445312,0.000568389892578125,-219.39138793945312
1750930068.5526707,-1.0,0.5,"[174.0, 138.0, 104.0, 93.0, 93.0, 107.0, 173.0, 201.0, 185.0, 174.0]",9.565751075744629,-0.5,-85.493896484375,0.000568389892578125,-219.5755615234375
1750930068.5804293,-1.0,0.5,"[174.0, 135.0, 103.0, 92.0, 93.0, 109.0, 173.0, 201.0, 185.0, 174.0]",9.665807723999023,-0.5,-85.43649291992188,0.000568389892578125,-219.76016235351562
1750930068.5920038,-1.0,0.5,"[174.0, 134.0, 103.0, 92.0, 94.0, 117.0, 164.0, 200.0, 185.0, 174.0]",9.535667419433594,-0.5,-85.37753295898438,0.000568389892578125,-219.9415283203125
1750930068.6199563,-1.0,0.5,"[174.0, 132.0, 102.0, 92.0, 94.0, 127.0, 163.0, 198.0, 185.0, 174.0]",9.968891143798828,-0.5,-85.31130981445312,0.000568389892578125,-220.12957763671875
1750930068.631761,-1.0,0.5,"[174.0, 131.0, 102.0, 92.0, 94.0, 151.0, 162.0, 197.0, 185.0, 174.0]",9.71497631072998,-0.5,-85.24337768554688,0.000568389892578125,-220.3116455078125
1750930068.65953,-1.0,0.5,"[174.0, 129.0, 102.0, 92.0, 95.0, 151.0, 161.0, 195.0, 185.0, 174.0]",9.962430000305176,-0.5,-85.1697998046875,0.000568389892578125,-220.49676513671875
1750930068.6704617,-1.0,0.5,"[174.0, 129.0, 100.0, 92.0, 95.0, 151.0, 160.0, 193.0, 185.0, 174.0]",9.624214172363281,-0.5,-85.09524536132812,0.000568389892578125,-220.67425537109375
1750930068.7003205,-1.0,0.5,"[174.0, 128.0, 100.0, 93.0, 96.0, 151.0, 160.0, 192.0, 185.0, 174.0]",9.914286613464355,-0.5,-85.0150146484375,0.000568389892578125,-220.8555908203125
1750930068.7119062,-1.0,0.5,"[174.0, 127.0, 100.0, 93.0, 98.0, 152.0, 159.0, 190.0, 185.0, 174.0]",9.92505168914795,-0.5,-84.93099975585938,0.000568389892578125,-221.035400390625
1750930068.7399015,-1.0,0.5,"[174.0, 126.0, 100.0, 93.0, 103.0, 152.0, 158.0, 190.0, 185.0, 174.0]",9.908370971679688,-0.5,-84.84341430664062,0.000568389892578125,-221.21319580078125
1750930068.7511806,-1.0,0.5,"[174.0, 126.0, 102.0, 94.0, 109.0, 152.0, 158.0, 189.0, 185.0, 174.0]",10.105721473693848,-0.5,-84.75006103515625,0.000568389892578125,-221.3924560546875
1750930068.7813056,-1.0,0.5,"[174.0, 126.0, 102.0, 94.0, 115.0, 152.0, 156.0, 187.0, 185.0, 174.0]",10.017210006713867,-0.5,-84.655029296875,0.000568389892578125,-221.56881713867188
1750930068.7933822,-1.0,0.5,"[174.0, 126.0, 102.0, 95.0, 120.0, 152.0, 155.0, 186.0, 185.0, 174.0]",10.267455101013184,-0.5,-84.552490234375,0.000568389892578125,-221.74673461914062
1750930068.8244605,-1.0,0.5,"[174.0, 126.0, 103.0, 99.0, 125.0, 152.0, 154.0, 184.0, 185.0, 174.0]",10.140802383422852,-0.5,-84.44900512695312,0.000568389892578125,-221.921142578125
1750930068.837294,-1.0,0.5,"[174.0, 127.0, 103.0, 103.0, 149.0, 152.0, 154.0, 183.0, 185.0, 174.0]",10.288744926452637,-0.5,-84.33929443359375,0.000568389892578125,-222.09524536132812
1750930068.8511198,-1.0,0.5,"[174.0, 128.0, 105.0, 109.0, 150.0, 152.0, 153.0, 181.0, 185.0, 174.0]",10.095169067382812,-0.5,-84.22946166992188,0.000568389892578125,-222.2646484375
1750930068.8847537,-1.0,0.5,"[174.0, 129.0, 106.0, 113.0, 150.0, 144.0, 152.0, 179.0, 185.0, 174.0]",10.238303184509277,-0.5,-84.11285400390625,0.000568389892578125,-222.4329833984375
1750930068.8984535,-1.0,0.5,"[174.0, 130.0, 111.0, 118.0, 150.0, 143.0, 151.0, 178.0, 185.0, 174.0]",10.245108604431152,-0.5,-83.993408203125,0.000568389892578125,-222.59945678710938
1750930068.9127548,-1.0,0.5,"[174.0, 132.0, 116.0, 123.0, 150.0, 141.0, 149.0, 176.0, 185.0, 174.0]",10.286272048950195,-0.5,-83.8699951171875,0.000568389892578125,-222.7640380859375
1750930068.9496534,0.0,0.5,"[174.0, 133.0, 121.0, 127.0, 151.0, 140.0, 148.0, 175.0, 185.0, 174.0]",10.524584770202637,-0.5,-83.74078369140625,0.000568389892578125,-222.93023681640625
1750930068.9637182,0.0,0.5,"[174.0, 134.0, 124.0, 129.0, 151.0, 140.0, 147.0, 173.0, 185.0, 174.0]",10.32315444946289,0.0,-83.627197265625,0.000568389892578125,-223.10263061523438
1750930068.978651,0.0,0.5,"[174.0, 135.0, 124.0, 130.0, 151.0, 140.0, 147.0, 173.0, 185.0, 174.0]",10.401082992553711,0.0,-83.52392578125,0.000568389892578125,-223.283203125
1750930068.9933338,0.0,0.5,"[174.0, 135.0, 125.0, 130.0, 150.0, 140.0, 146.0, 172.0, 185.0, 174.0]",10.330435752868652,0.0,-83.421875,0.000568389892578125,-223.46286010742188
1750930069.0308845,0.0,0.5,"[174.0, 136.0, 125.0, 131.0, 150.0, 139.0, 146.0, 172.0, 185.0, 174.0]",10.707338333129883,0.0,-83.31588745117188,0.000568389892578125,-223.64892578125
1750930069.0452342,0.0,0.5,"[174.0, 137.0, 126.0, 131.0, 150.0, 139.0, 146.0, 172.0, 185.0, 174.0]",10.462364196777344,0.0,-83.21240234375,0.000568389892578125,-223.830810546875
1750930069.060581,0.0,0.5,"[174.0, 138.0, 127.0, 131.0, 150.0, 139.0, 146.0, 172.0, 185.0, 174.0]",10.750563621520996,0.0,-83.1060791015625,0.000568389892578125,-224.0177001953125
1750930069.0758245,0.0,0.5,"[174.0, 139.0, 128.0, 163.0, 150.0, 139.0, 146.0, 171.0, 185.0, 174.0]",10.41569995880127,0.0,-83.0029296875,0.000568389892578125,-224.19866943359375
1750930069.1131573,-1.0,0.5,"[174.0, 140.0, 128.0, 162.0, 150.0, 138.0, 146.0, 170.0, 185.0, 174.0]",10.69478702545166,0.0,-82.89691162109375,0.000568389892578125,-224.38442993164062
1750930069.128883,-1.0,0.5,"[174.0, 144.0, 130.0, 163.0, 150.0, 138.0, 145.0, 170.0, 185.0, 174.0]",10.46285343170166,-0.5,-82.780517578125,0.000568389892578125,-224.55831909179688
1750930069.1439464,-1.0,0.5,"[174.0, 150.0, 134.0, 163.0, 150.0, 137.0, 144.0, 167.0, 185.0, 174.0]",10.292549133300781,-0.5,-82.65353393554688,0.000568389892578125,-224.7203369140625
1750930069.158705,-1.0,0.5,"[174.0, 155.0, 140.0, 164.0, 150.0, 136.0, 142.0, 165.0, 185.0, 174.0]",10.344998359680176,-0.5,-82.51608276367188,0.000568389892578125,-224.875
1750930069.1742935,-1.0,0.5,"[174.0, 163.0, 145.0, 166.0, 150.0, 135.0, 140.0, 164.0, 185.0, 174.0]",10.436066627502441,-0.5,-82.37509155273438,0.000568389892578125,-225.02886962890625
1750930069.2128,-1.0,0.5,"[174.0, 169.0, 149.0, 166.0, 150.0, 134.0, 139.0, 162.0, 185.0, 174.0]",10.275527954101562,-0.5,-82.23321533203125,0.000568389892578125,-225.17755126953125
1750930069.2286534,0.0,0.5,"[174.0, 176.0, 156.0, 166.0, 151.0, 133.0, 137.0, 159.0, 185.0, 174.0]",10.431513786315918,-0.5,-82.0859375,0.000568389892578125,-225.3253173828125
1750930069.2447176,0.0,0.5,"[174.0, 180.0, 168.0, 166.0, 151.0, 131.0, 136.0, 158.0, 185.0, 174.0]",10.440926551818848,0.0,-81.94973754882812,0.000568389892578125,-225.48358154296875
1750930069.2605376,0.0,0.5,"[174.0, 182.0, 173.0, 166.0, 150.0, 130.0, 136.0, 158.0, 185.0, 174.0]",10.43746566772461,0.0,-81.82513427734375,0.000568389892578125,-225.65106201171875
1750930069.2765641,0.0,0.5,"[174.0, 183.0, 180.0, 166.0, 150.0, 130.0, 136.0, 156.0, 185.0, 174.0]",10.376195907592773,0.0,-81.70156860351562,0.000568389892578125,-225.81781005859375
1750930069.3032095,0.0,0.5,"[174.0, 185.0, 184.0, 166.0, 150.0, 130.0, 134.0, 156.0, 185.0, 174.0]",10.590546607971191,0.0,-81.57522583007812,0.000568389892578125,-225.98779296875
1750930069.3186305,0.0,0.5,"[174.0, 185.0, 187.0, 166.0, 150.0, 129.0, 134.0, 155.0, 185.0, 174.0]",10.66180419921875,0.0,-81.44827270507812,0.000568389892578125,-226.15911865234375
1750930069.333722,0.0,0.5,"[174.0, 185.0, 189.0, 166.0, 150.0, 129.0, 133.0, 155.0, 185.0, 174.0]",10.649502754211426,0.0,-81.32135009765625,0.000568389892578125,-226.33016967773438
1750930069.3724122,0.0,0.5,"[174.0, 185.0, 190.0, 166.0, 150.0, 128.0, 133.0, 154.0, 185.0, 174.0]",10.600316047668457,0.0,-81.19503784179688,0.000568389892578125,-226.50042724609375
1750930069.3879304,1.0,0.5,"[174.0, 185.0, 192.0, 166.0, 150.0, 128.0, 132.0, 153.0, 185.0, 174.0]",10.593184471130371,0.0,-81.06890869140625,0.000568389892578125,-226.670654296875
1750930069.4035597,1.0,0.5,"[174.0, 185.0, 190.0, 166.0, 150.0, 128.0, 133.0, 153.0, 185.0, 174.0]",10.424921989440918,0.5,-80.958740234375,0.000568389892578125,-226.84765625
1750930069.418827,1.0,0.5,"[174.0, 185.0, 188.0, 164.0, 150.0, 128.0, 134.0, 154.0, 185.0, 174.0]",10.259148597717285,0.5,-80.86648559570312,0.000568389892578125,-227.03094482421875
1750930069.432987,1.0,0.5,"[174.0, 182.0, 184.0, 164.0, 149.0, 129.0, 134.0, 155.0, 185.0, 174.0]",10.419157981872559,0.5,-80.78018188476562,0.000568389892578125,-227.22061157226562
1750930069.470104,1.0,0.5,"[174.0, 179.0, 181.0, 163.0, 149.0, 130.0, 136.0, 156.0, 185.0, 174.0]",10.323807716369629,0.5,-80.6976318359375,0.000568389892578125,-227.40988159179688
1750930069.4855008,1.0,0.5,"[174.0, 173.0, 177.0, 163.0, 149.0, 130.0, 137.0, 158.0, 185.0, 174.0]",10.617033958435059,0.5,-80.61669921875,0.000568389892578125,-227.606201171875
1750930069.4997215,1.0,0.5,"[174.0, 170.0, 173.0, 163.0, 149.0, 131.0, 137.0, 158.0, 185.0, 174.0]",10.32038688659668,0.5,-80.54254150390625,0.000568389892578125,-227.798828125
1750930069.513451,1.0,0.5,"[174.0, 167.0, 170.0, 162.0, 148.0, 133.0, 138.0, 159.0, 185.0, 174.0]",10.601546287536621,0.5,-80.47061157226562,0.000568389892578125,-227.998291015625
1750930069.5472147,1.0,0.5,"[174.0, 165.0, 167.0, 161.0, 148.0, 134.0, 138.0, 161.0, 185.0, 174.0]",10.621771812438965,0.5,-80.40255737304688,0.000568389892578125,-228.19952392578125
1750930069.5600069,1.0,0.5,"[174.0, 161.0, 162.0, 160.0, 148.0, 135.0, 139.0, 162.0, 185.0, 174.0]",10.608307838439941,0.5,-80.33843994140625,0.000568389892578125,-228.4017333984375
1750930069.572813,1.0,0.5,"[174.0, 159.0, 159.0, 159.0, 147.0, 135.0, 139.0, 164.0, 185.0, 174.0]",10.676380157470703,0.5,-80.279541015625,0.000568389892578125,-228.60699462890625
1750930069.6034403,1.0,0.5,"[174.0, 154.0, 155.0, 158.0, 147.0, 149.0, 140.0, 165.0, 185.0, 174.0]",10.804412841796875,0.5,-80.22396850585938,0.000568389892578125,-228.81582641601562
1750930069.6160204,1.0,0.5,"[174.0, 152.0, 151.0, 157.0, 146.0, 149.0, 140.0, 166.0, 185.0, 174.0]",10.742573738098145,0.5,-80.17266845703125,0.000568389892578125,-229.02447509765625
1750930069.6440187,1.0,0.5,"[174.0, 148.0, 147.0, 155.0, 146.0, 149.0, 141.0, 167.0, 185.0, 174.0]",10.937479019165039,0.5,-80.12554931640625,0.000568389892578125,-229.23809814453125
1750930069.6551614,1.0,0.5,"[174.0, 145.0, 143.0, 152.0, 145.0, 149.0, 143.0, 167.0, 185.0, 174.0]",10.829034805297852,0.5,-80.08334350585938,0.000568389892578125,-229.45050048828125
1750930069.680129,1.0,0.5,"[167.0, 140.0, 139.0, 148.0, 145.0, 148.0, 144.0, 169.0, 185.0, 174.0]",10.847233772277832,0.5,-80.04623413085938,0.000568389892578125,-229.66424560546875
1750930069.692136,1.0,0.5,"[158.0, 137.0, 136.0, 145.0, 144.0, 148.0, 145.0, 170.0, 185.0, 174.0]",10.649895668029785,0.5,-80.01394653320312,0.000568389892578125,-229.87481689453125
1750930069.719248,1.0,0.5,"[152.0, 132.0, 132.0, 143.0, 144.0, 148.0, 146.0, 170.0, 185.0, 174.0]",10.960761070251465,0.5,-79.98532104492188,0.000568389892578125,-230.09213256835938
1750930069.7304432,1.0,0.5,"[147.0, 129.0, 128.0, 139.0, 143.0, 147.0, 146.0, 172.0, 185.0, 174.0]",10.85693359375,0.5,-79.9610595703125,0.000568389892578125,-230.30792236328125
1750930069.7571263,0.0,0.5,"[142.0, 123.0, 123.0, 135.0, 142.0, 147.0, 168.0, 173.0, 185.0, 174.0]",11.024459838867188,0.5,-79.94277954101562,0.000568389892578125,-230.52764892578125
1750930069.7774758,0.0,0.5,"[140.0, 122.0, 121.0, 133.0, 142.0, 147.0, 168.0, 173.0, 185.0, 174.0]",10.967392921447754,0.0,-79.91006469726562,0.000568389892578125,-230.74453735351562
1750930069.7900848,0.0,0.5,"[144.0, 124.0, 123.0, 133.0, 142.0, 146.0, 168.0, 173.0, 185.0, 174.0]",10.96964168548584,0.0,-79.86416625976562,0.000568389892578125,-230.95907592773438
1750930069.8172307,0.0,0.5,"[148.0, 127.0, 125.0, 133.0, 142.0, 146.0, 168.0, 172.0, 185.0, 174.0]",11.129951477050781,0.0,-79.81387329101562,0.000568389892578125,-231.1759033203125
1750930069.8286858,0.0,0.5,"[151.0, 129.0, 126.0, 134.0, 141.0, 146.0, 168.0, 172.0, 185.0, 174.0]",10.943580627441406,0.0,-79.76498413085938,0.000568389892578125,-231.3892822265625
1750930069.8555465,0.0,0.5,"[155.0, 132.0, 128.0, 134.0, 141.0, 146.0, 168.0, 172.0, 185.0, 174.0]",11.231424331665039,0.0,-79.71469116210938,0.000568389892578125,-231.60821533203125
1750930069.8825054,0.0,0.5,"[159.0, 134.0, 129.0, 135.0, 141.0, 146.0, 167.0, 172.0, 185.0, 174.0]",11.057631492614746,0.0,-79.66537475585938,0.000568389892578125,-231.82379150390625
1750930069.8937674,0.0,0.5,"[162.0, 136.0, 130.0, 135.0, 141.0, 146.0, 167.0, 172.0, 185.0, 174.0]",11.17410945892334,0.0,-79.61526489257812,0.000568389892578125,-232.04156494140625
1750930069.9204788,0.0,0.5,"[166.0, 138.0, 132.0, 136.0, 141.0, 145.0, 167.0, 170.0, 185.0, 174.0]",11.160823822021484,0.0,-79.56546020507812,0.000568389892578125,-232.2591552734375
1750930069.931722,0.0,0.5,"[170.0, 140.0, 133.0, 136.0, 140.0, 145.0, 167.0, 171.0, 185.0, 174.0]",11.315739631652832,0.0,-79.51492309570312,0.000568389892578125,-232.479736328125
1750930069.9586396,0.0,0.5,"[173.0, 143.0, 134.0, 136.0, 140.0, 145.0, 167.0, 171.0, 185.0, 174.0]",11.390629768371582,0.0,-79.46383666992188,0.000568389892578125,-232.7017822265625
1750930069.9699252,0.0,0.5,"[174.0, 145.0, 136.0, 137.0, 140.0, 145.0, 167.0, 170.0, 185.0, 174.0]",11.304698944091797,0.0,-79.41360473632812,0.000568389892578125,-232.92221069335938
1750930069.9974778,0.0,0.5,"[174.0, 147.0, 136.0, 137.0, 140.0, 145.0, 167.0, 170.0, 185.0, 174.0]",11.706071853637695,0.0,-79.36123657226562,0.000568389892578125,-233.150390625
1750930070.00897,0.0,0.5,"[174.0, 149.0, 136.0, 137.0, 140.0, 144.0, 166.0, 170.0, 185.0, 174.0]",11.459507942199707,0.0,-79.30996704101562,0.000568389892578125,-233.373779296875
1750930070.03592,0.0,0.5,"[174.0, 151.0, 137.0, 138.0, 139.0, 144.0, 166.0, 169.0, 185.0, 174.0]",11.722799301147461,0.0,-79.25750732421875,0.0005702972412109375,-233.602294921875
1750930070.0631602,0.0,0.5,"[174.0, 153.0, 137.0, 138.0, 139.0, 144.0, 166.0, 169.0, 185.0, 174.0]",11.375432014465332,0.0,-79.20660400390625,0.0005702972412109375,-233.82403564453125
1750930070.0738468,0.0,0.5,"[174.0, 155.0, 138.0, 138.0, 139.0, 144.0, 166.0, 169.0, 185.0, 174.0]",11.698760032653809,0.0,-79.15426635742188,0.0005702972412109375,-234.05209350585938
1750930070.1008687,0.0,0.5,"[174.0, 157.0, 139.0, 139.0, 139.0, 144.0, 166.0, 168.0, 185.0, 174.0]",11.734623908996582,0.0,-79.10183715820312,0.0005702972412109375,-234.28085327148438
1750930070.1119769,0.0,0.5,"[174.0, 158.0, 139.0, 139.0, 138.0, 143.0, 166.0, 180.0, 185.0, 174.0]",11.713302612304688,0.0,-79.04946899414062,0.0005702972412109375,-234.50918579101562
1750930070.1392772,0.0,0.5,"[174.0, 160.0, 140.0, 139.0, 138.0, 143.0, 164.0, 190.0, 185.0, 174.0]",11.738495826721191,0.0,-78.99679565429688,0.0005702972412109375,-234.73797607421875
1750930070.1506543,0.0,0.5,"[174.0, 161.0, 141.0, 139.0, 138.0, 143.0, 164.0, 225.0, 185.0, 174.0]",11.872693061828613,0.0,-78.94342041015625,0.0005702972412109375,-234.9693603515625
1750930070.1776564,0.0,0.5,"[174.0, 161.0, 141.0, 140.0, 138.0, 143.0, 164.0, 225.0, 185.0, 174.0]",11.869643211364746,0.0,-78.89022827148438,0.000568389892578125,-235.20068359375
1750930070.1889832,-1.0,0.5,"[174.0, 162.0, 142.0, 140.0, 137.0, 142.0, 164.0, 225.0, 185.0, 174.0]",11.917306900024414,0.0,-78.83682250976562,0.000568389892578125,-235.4329833984375
1750930070.2156422,-1.0,0.5,"[174.0, 166.0, 144.0, 141.0, 137.0, 142.0, 164.0, 225.0, 185.0, 174.0]",11.809224128723145,-0.5,-78.76766967773438,0.000568389892578125,-235.6588134765625
1750930070.2426627,-1.0,0.5,"[174.0, 172.0, 148.0, 143.0, 137.0, 143.0, 164.0, 225.0, 185.0, 174.0]",11.360427856445312,-0.5,-78.6824951171875,0.000568389892578125,-235.86944580078125
1750930070.254047,-1.0,0.5,"[174.0, 179.0, 153.0, 144.0, 137.0, 143.0, 164.0, 226.0, 185.0, 174.0]",11.502949714660645,-0.5,-78.58688354492188,0.000568389892578125,-236.07870483398438
1750930070.278545,-1.0,0.5,"[174.0, 185.0, 158.0, 145.0, 138.0, 143.0, 164.0, 226.0, 185.0, 174.0]",11.495107650756836,-0.5,-78.48629760742188,0.0005702972412109375,-236.28543090820312
1750930070.2889805,-1.0,0.5,"[174.0, 185.0, 162.0, 146.0, 138.0, 143.0, 164.0, 227.0, 185.0, 174.0]",11.64137077331543,-0.5,-78.37899780273438,0.000568389892578125,-236.4920654296875
1750930070.3141046,-1.0,0.5,"[174.0, 185.0, 167.0, 147.0, 138.0, 143.0, 166.0, 180.0, 185.0, 174.0]",11.503047943115234,-0.5,-78.26852416992188,0.0005702972412109375,-236.69384765625
1750930070.3402984,-1.0,0.5,"[174.0, 185.0, 171.0, 148.0, 139.0, 143.0, 166.0, 175.0, 185.0, 174.0]",11.809514045715332,-0.5,-78.15078735351562,0.0005702972412109375,-236.89862060546875
1750930070.3517048,-1.0,0.5,"[174.0, 185.0, 175.0, 149.0, 139.0, 143.0, 166.0, 166.0, 185.0, 174.0]",11.48687744140625,-0.5,-78.03115844726562,0.0005702972412109375,-237.0947265625
1750930070.3816922,-1.0,0.5,"[174.0, 185.0, 176.0, 149.0, 139.0, 144.0, 166.0, 160.0, 185.0, 174.0]",11.833389282226562,-0.5,-77.90304565429688,0.0005702972412109375,-237.29373168945312
1750930070.3944907,-1.0,0.5,"[174.0, 185.0, 178.0, 149.0, 140.0, 144.0, 167.0, 156.0, 185.0, 174.0]",11.64752197265625,-0.5,-77.77285766601562,0.0005702972412109375,-237.48690795898438
1750930070.4264138,-1.0,0.5,"[174.0, 185.0, 179.0, 151.0, 140.0, 144.0, 167.0, 151.0, 185.0, 174.0]",11.761066436767578,-0.5,-77.6363525390625,0.0005702972412109375,-237.678466796875
1750930070.4394891,0.0,0.5,"[174.0, 185.0, 181.0, 151.0, 141.0, 144.0, 167.0, 147.0, 179.0, 174.0]",11.999414443969727,-0.5,-77.49288940429688,0.0005702972412109375,-237.870849609375
1750930070.4527514,0.0,0.5,"[174.0, 185.0, 181.0, 151.0, 141.0, 144.0, 167.0, 147.0, 176.0, 174.0]",11.792680740356445,0.0,-77.36456298828125,0.0005702972412109375,-238.0687255859375
1750930070.486153,0.0,0.5,"[174.0, 185.0, 181.0, 151.0, 141.0, 144.0, 167.0, 151.0, 172.0, 174.0]",11.922796249389648,0.0,-77.24795532226562,0.0005702972412109375,-238.2767333984375
1750930070.499931,0.0,0.5,"[174.0, 185.0, 181.0, 149.0, 140.0, 143.0, 167.0, 158.0, 169.0, 174.0]",11.771488189697266,0.0,-77.13412475585938,0.0005702972412109375,-238.48284912109375
1750930070.5130231,0.0,0.5,"[174.0, 185.0, 181.0, 149.0, 140.0, 143.0, 167.0, 162.0, 165.0, 174.0]",12.003673553466797,0.0,-77.01785278320312,0.0005702972412109375,-238.69287109375
1750930070.5456927,0.0,0.5,"[174.0, 185.0, 181.0, 149.0, 140.0, 143.0, 167.0, 227.0, 162.0, 174.0]",11.907605171203613,0.0,-76.90274047851562,0.0005702972412109375,-238.9013671875
1750930070.5582862,0.0,0.5,"[174.0, 185.0, 181.0, 149.0, 140.0, 143.0, 166.0, 227.0, 164.0, 174.0]",12.084078788757324,0.0,-76.78567504882812,0.0005702972412109375,-239.11279296875
1750930070.5717578,0.0,0.5,"[174.0, 185.0, 181.0, 148.0, 139.0, 142.0, 166.0, 227.0, 168.0, 174.0]",12.005813598632812,0.0,-76.66970825195312,0.0005702972412109375,-239.32305908203125
1750930070.6032138,0.0,0.5,"[174.0, 185.0, 181.0, 148.0, 139.0, 142.0, 166.0, 227.0, 173.0, 174.0]",12.297555923461914,0.0,-76.55072021484375,0.0005702972412109375,-239.53829956054688
1750930070.6161265,0.0,0.5,"[174.0, 185.0, 181.0, 148.0, 139.0, 142.0, 166.0, 227.0, 177.0, 174.0]",12.169646263122559,0.0,-76.43310546875,0.0005702972412109375,-239.75140380859375
1750930070.6472616,0.0,0.5,"[174.0, 185.0, 181.0, 147.0, 138.0, 142.0, 164.0, 227.0, 182.0, 174.0]",12.301481246948242,0.0,-76.31405639648438,0.0005702972412109375,-239.9666748046875
1750930070.6599865,0.0,0.5,"[174.0, 185.0, 180.0, 147.0, 138.0, 141.0, 164.0, 227.0, 185.0, 174.0]",12.142816543579102,0.0,-76.19683837890625,0.0005702972412109375,-240.17938232421875
1750930070.6730156,0.0,0.5,"[174.0, 185.0, 180.0, 147.0, 138.0, 141.0, 164.0, 227.0, 185.0, 174.0]",12.3833646774292,0.0,-76.07723999023438,0.0005702972412109375,-240.396240234375
1750930070.7046869,0.0,0.5,"[174.0, 185.0, 179.0, 146.0, 137.0, 141.0, 164.0, 227.0, 185.0, 174.0]",12.38519287109375,0.0,-75.95767211914062,0.0005702972412109375,-240.61318969726562
1750930070.7178137,0.0,0.5,"[174.0, 185.0, 179.0, 146.0, 137.0, 140.0, 163.0, 227.0, 185.0, 174.0]",12.513457298278809,0.0,-75.83648681640625,0.0005702972412109375,-240.8321533203125
1750930070.7310116,0.0,0.5,"[174.0, 185.0, 178.0, 145.0, 137.0, 140.0, 163.0, 227.0, 185.0, 174.0]",12.51513385772705,0.0,-75.71566772460938,0.0005702972412109375,-241.0513916015625
1750930070.7620482,0.0,0.5,"[174.0, 185.0, 178.0, 145.0, 136.0, 140.0, 163.0, 227.0, 185.0, 174.0]",12.45396900177002,0.0,-75.5950927734375,0.0005702972412109375,-241.26934814453125
1750930070.774318,0.0,0.5,"[174.0, 185.0, 176.0, 145.0, 136.0, 140.0, 163.0, 227.0, 185.0, 174.0]",12.454411506652832,0.0,-75.4749755859375,0.0005702972412109375,-241.487548828125
1750930070.8054614,0.0,0.5,"[174.0, 185.0, 176.0, 144.0, 136.0, 139.0, 162.0, 227.0, 185.0, 174.0]",12.527180671691895,0.0,-75.35354614257812,0.0005702972412109375,-241.7066650390625
1750930070.817398,0.0,0.5,"[174.0, 185.0, 175.0, 144.0, 135.0, 139.0, 162.0, 227.0, 185.0, 174.0]",12.644266128540039,0.0,-75.23147583007812,0.0005702972412109375,-241.92813110351562
1750930070.8302279,0.0,0.5,"[174.0, 185.0, 175.0, 143.0, 135.0, 138.0, 162.0, 227.0, 185.0, 174.0]",12.563209533691406,0.0,-75.10986328125,0.0005702972412109375,-242.14801025390625
1750930070.860919,0.0,0.5,"[174.0, 185.0, 173.0, 143.0, 134.0, 138.0, 161.0, 227.0, 185.0, 174.0]",12.770326614379883,0.0,-74.98623657226562,0.0005702972412109375,-242.37152099609375
1750930070.873515,0.0,0.5,"[174.0, 185.0, 173.0, 141.0, 134.0, 138.0, 161.0, 227.0, 185.0, 174.0]",12.801919937133789,0.0,-74.86233520507812,0.0005702972412109375,-242.5955810546875
1750930070.9044614,0.0,0.5,"[174.0, 185.0, 172.0, 141.0, 134.0, 137.0, 161.0, 227.0, 185.0, 174.0]",12.79257869720459,0.0,-74.73855590820312,0.0005702972412109375,-242.81948852539062
1750930070.91678,0.0,0.5,"[174.0, 185.0, 171.0, 141.0, 133.0, 137.0, 160.0, 227.0, 185.0, 174.0]",12.813911437988281,0.0,-74.61465454101562,0.0005702972412109375,-243.0438232421875
1750930070.9385195,0.0,0.5,"[174.0, 185.0, 170.0, 140.0, 133.0, 136.0, 160.0, 227.0, 185.0, 174.0]",12.775274276733398,0.0,-74.4912109375,0.0005702972412109375,-243.26754760742188
1750930070.9510052,0.0,0.5,"[174.0, 185.0, 169.0, 139.0, 131.0, 136.0, 160.0, 227.0, 185.0, 174.0]",12.939830780029297,0.0,-74.36624145507812,0.0005702972412109375,-243.49417114257812
1750930070.9826214,-1.0,0.5,"[174.0, 185.0, 169.0, 139.0, 130.0, 135.0, 159.0, 226.0, 185.0, 174.0]",13.037630081176758,0.0,-74.24017333984375,0.0005702972412109375,-243.722412109375
1750930070.9951491,-1.0,0.5,"[174.0, 185.0, 167.0, 139.0, 130.0, 135.0, 159.0, 227.0, 185.0, 174.0]",12.65487003326416,-0.5,-74.10470581054688,0.0005702972412109375,-243.93621826171875
1750930071.0280054,-1.0,0.5,"[174.0, 185.0, 167.0, 139.0, 130.0, 135.0, 159.0, 227.0, 185.0, 174.0]",12.763980865478516,-0.5,-73.95266723632812,0.0005702972412109375,-244.14129638671875
1750930071.040926,-1.0,0.5,"[174.0, 185.0, 167.0, 139.0, 130.0, 135.0, 160.0, 227.0, 185.0, 174.0]",12.345866203308105,-0.5,-73.79388427734375,0.0005702972412109375,-244.33038330078125
1750930071.0537815,-1.0,0.5,"[174.0, 185.0, 169.0, 140.0, 130.0, 136.0, 160.0, 227.0, 185.0, 174.0]",12.720781326293945,-0.5,-73.624267578125,0.0005702972412109375,-244.52001953125
1750930071.0861447,-1.0,0.5,"[174.0, 185.0, 169.0, 141.0, 130.0, 136.0, 161.0, 227.0, 185.0, 174.0]",12.485018730163574,-0.5,-73.45321655273438,0.0005702972412109375,-244.70193481445312
1750930071.100067,-1.0,0.5,"[174.0, 185.0, 169.0, 141.0, 130.0, 136.0, 162.0, 227.0, 185.0, 174.0]",12.860379219055176,-0.5,-73.272216796875,0.0005702972412109375,-244.88467407226562
1750930071.1136458,-1.0,0.5,"[174.0, 185.0, 170.0, 141.0, 130.0, 136.0, 162.0, 227.0, 185.0, 174.0]",12.591647148132324,-0.5,-73.0904541015625,0.0005702972412109375,-245.0589599609375
1750930071.147453,-1.0,0.5,"[174.0, 185.0, 170.0, 141.0, 130.0, 137.0, 163.0, 227.0, 185.0, 174.0]",12.853841781616211,-0.5,-72.90017700195312,0.0005702972412109375,-245.23184204101562
1750930071.1619208,-1.0,0.5,"[174.0, 185.0, 172.0, 141.0, 130.0, 137.0, 164.0, 227.0, 185.0, 174.0]",12.491989135742188,-0.5,-72.71084594726562,0.0005702972412109375,-245.39483642578125
1750930071.175972,-1.0,0.5,"[174.0, 185.0, 172.0, 141.0, 130.0, 138.0, 166.0, 227.0, 185.0, 174.0]",12.824995994567871,-0.5,-72.51229858398438,0.0005702972412109375,-245.5572509765625
1750930071.200649,-1.0,0.5,"[174.0, 185.0, 173.0, 141.0, 130.0, 138.0, 166.0, 227.0, 185.0, 174.0]",12.842686653137207,-0.5,-72.31021118164062,0.0005702972412109375,-245.71578979492188
1750930071.2142632,-1.0,0.5,"[174.0, 185.0, 175.0, 141.0, 131.0, 139.0, 167.0, 227.0, 185.0, 174.0]",12.808550834655762,-0.5,-72.10354614257812,0.0005702972412109375,-245.8671875
1750930071.2491531,-1.0,0.5,"[174.0, 185.0, 175.0, 141.0, 131.0, 139.0, 168.0, 227.0, 185.0, 174.0]",12.966409683227539,-0.5,-71.89120483398438,0.0005702972412109375,-246.01605224609375
1750930071.2634199,-1.0,0.5,"[174.0, 185.0, 175.0, 141.0, 131.0, 140.0, 169.0, 227.0, 185.0, 174.0]",12.808011054992676,-0.5,-71.67706298828125,0.0005702972412109375,-246.1566162109375
1750930071.2768524,-1.0,0.5,"[174.0, 185.0, 173.0, 141.0, 133.0, 140.0, 171.0, 227.0, 185.0, 174.0]",12.960102081298828,-0.5,-71.45755004882812,0.0005702972412109375,-246.29449462890625
1750930071.302186,-1.0,0.5,"[174.0, 185.0, 173.0, 141.0, 133.0, 141.0, 173.0, 227.0, 185.0, 174.0]",12.943474769592285,-0.5,-71.23379516601562,0.0005702972412109375,-246.42462158203125
1750930071.31719,0.0,0.5,"[174.0, 185.0, 173.0, 141.0, 134.0, 142.0, 174.0, 227.0, 185.0, 174.0]",13.095174789428711,-0.5,-71.00460815429688,0.0005702972412109375,-246.55142211914062
1750930071.3320487,0.0,0.5,"[174.0, 185.0, 173.0, 141.0, 134.0, 142.0, 174.0, 226.0, 185.0, 174.0]",12.838048934936523,0.0,-70.78778076171875,0.0005702972412109375,-246.68893432617188
1750930071.3673818,-1.0,0.5,"[174.0, 185.0, 172.0, 141.0, 133.0, 142.0, 174.0, 226.0, 185.0, 174.0]",13.108719825744629,0.0,-70.57452392578125,0.0005702972412109375,-246.8414306640625
1750930071.3816493,-1.0,0.5,"[174.0, 185.0, 172.0, 140.0, 133.0, 142.0, 175.0, 225.0, 185.0, 174.0]",12.70429515838623,-0.5,-70.3603515625,0.0005702972412109375,-246.9781494140625
1750930071.3964062,-1.0,0.5,"[174.0, 185.0, 172.0, 140.0, 134.0, 143.0, 176.0, 223.0, 185.0, 174.0]",12.646873474121094,-0.5,-70.13833618164062,0.0005702972412109375,-247.09933471679688
1750930071.4229755,-1.0,0.5,"[174.0, 185.0, 172.0, 141.0, 134.0, 144.0, 177.0, 220.0, 185.0, 174.0]",12.618928909301758,-0.5,-69.90911865234375,0.0005702972412109375,-247.2049560546875
1750930071.4392376,-1.0,0.5,"[174.0, 185.0, 172.0, 141.0, 135.0, 144.0, 178.0, 217.0, 185.0, 174.0]",12.587822914123535,-0.5,-69.67807006835938,0.0005702972412109375,-247.30490112304688
1750930071.455407,-1.0,0.5,"[174.0, 185.0, 172.0, 143.0, 135.0, 145.0, 179.0, 214.0, 185.0, 174.0]",12.602376937866211,-0.5,-69.44400024414062,0.0005702972412109375,-247.3984375
1750930071.4960077,0.0,0.5,"[174.0, 185.0, 172.0, 143.0, 136.0, 146.0, 182.0, 211.0, 185.0, 174.0]",12.662625312805176,-0.5,-69.20663452148438,0.0005702972412109375,-247.48666381835938
1750930071.512516,0.0,0.5,"[174.0, 185.0, 172.0, 143.0, 136.0, 147.0, 183.0, 210.0, 185.0, 174.0]",12.794116020202637,0.0,-68.97225952148438,0.0005702972412109375,-247.58938598632812
1750930071.5287979,0.0,0.5,"[174.0, 185.0, 172.0, 143.0, 136.0, 147.0, 183.0, 211.0, 185.0, 174.0]",12.604042053222656,0.0,-68.74847412109375,0.0005702972412109375,-247.70541381835938
1750930071.545009,0.0,0.5,"[174.0, 185.0, 170.0, 141.0, 136.0, 146.0, 183.0, 211.0, 185.0, 174.0]",12.701262474060059,0.0,-68.52395629882812,0.0005702972412109375,-247.82421875
1750930071.560712,0.0,0.5,"[174.0, 185.0, 170.0, 141.0, 135.0, 146.0, 183.0, 211.0, 185.0, 174.0]",12.590824127197266,0.0,-68.30126953125,0.0005702972412109375,-247.94180297851562
1750930071.5769396,0.0,0.5,"[174.0, 185.0, 169.0, 141.0, 135.0, 146.0, 183.0, 212.0, 185.0, 174.0]",12.97208023071289,0.0,-68.0718994140625,0.00057220458984375,-248.06304931640625
1750930071.6052144,0.0,0.5,"[174.0, 185.0, 168.0, 140.0, 135.0, 146.0, 183.0, 213.0, 185.0, 174.0]",12.833328247070312,0.0,-67.84500122070312,0.00057220458984375,-248.18301391601562
1750930071.6216354,0.0,0.5,"[174.0, 185.0, 167.0, 139.0, 134.0, 145.0, 183.0, 214.0, 185.0, 174.0]",12.922456741333008,0.0,-67.61660766601562,0.00057220458984375,-248.30398559570312
1750930071.6377418,0.0,0.5,"[174.0, 185.0, 167.0, 139.0, 134.0, 145.0, 183.0, 214.0, 185.0, 174.0]",12.736723899841309,0.0,-67.391357421875,0.00057220458984375,-248.42294311523438
1750930071.6537545,-1.0,0.5,"[174.0, 185.0, 165.0, 139.0, 134.0, 145.0, 183.0, 214.0, 185.0, 174.0]",13.119074821472168,0.0,-67.159423828125,0.00057220458984375,-248.545654296875
1750930071.6942265,-1.0,0.5,"[174.0, 185.0, 165.0, 139.0, 134.0, 145.0, 183.0, 214.0, 185.0, 174.0]",12.688506126403809,-0.5,-66.927001953125,0.00057220458984375,-248.64752197265625
1750930071.7097626,-1.0,0.5,"[174.0, 185.0, 165.0, 139.0, 135.0, 146.0, 183.0, 211.0, 185.0, 174.0]",12.67861557006836,-0.5,-66.686767578125,0.00057220458984375,-248.72869873046875
1750930071.725805,0.0,0.5,"[174.0, 185.0, 166.0, 140.0, 135.0, 148.0, 182.0, 209.0, 185.0, 174.0]",12.279104232788086,-0.5,-66.45086669921875,0.00057220458984375,-248.7969970703125
1750930071.7414887,0.0,0.5,"[174.0, 185.0, 166.0, 140.0, 136.0, 148.0, 182.0, 209.0, 185.0, 174.0]",12.523083686828613,0.0,-66.21505737304688,0.00057220458984375,-248.88140869140625
1750930071.7577949,0.0,0.5,"[174.0, 185.0, 165.0, 139.0, 136.0, 148.0, 182.0, 209.0, 185.0, 174.0]",12.500053405761719,0.0,-65.98471069335938,0.00057220458984375,-248.978515625
1750930071.7747676,0.0,0.5,"[174.0, 185.0, 164.0, 139.0, 135.0, 148.0, 182.0, 209.0, 185.0, 174.0]",12.363526344299316,0.0,-65.75814819335938,0.00057220458984375,-249.07757568359375
1750930071.8161464,0.0,0.5,"[174.0, 185.0, 164.0, 139.0, 135.0, 148.0, 182.0, 209.0, 185.0, 174.0]",12.599535942077637,0.0,-65.52731323242188,0.00057220458984375,-249.17861938476562
1750930071.8329916,-1.0,0.5,"[174.0, 185.0, 162.0, 138.0, 134.0, 148.0, 182.0, 210.0, 185.0, 174.0]",12.564905166625977,0.0,-65.29708862304688,0.00057220458984375,-249.2794189453125
1750930071.8493903,-1.0,0.5,"[174.0, 185.0, 162.0, 138.0, 135.0, 148.0, 183.0, 209.0, 185.0, 174.0]",12.30826187133789,-0.5,-65.065185546875,0.00057220458984375,-249.36199951171875
1750930071.8659906,-1.0,0.5,"[174.0, 185.0, 164.0, 139.0, 136.0, 149.0, 179.0, 207.0, 185.0, 174.0]",12.429805755615234,-0.5,-64.8250732421875,0.00057220458984375,-249.4263916015625
1750930071.8821754,-1.0,0.5,"[174.0, 185.0, 164.0, 140.0, 137.0, 151.0, 178.0, 205.0, 185.0, 174.0]",12.041587829589844,-0.5,-64.5897216796875,0.00057220458984375,-249.4774169921875
1750930071.8992867,-1.0,0.5,"[174.0, 185.0, 165.0, 141.0, 138.0, 152.0, 176.0, 203.0, 185.0, 174.0]",12.371904373168945,-0.5,-64.34646606445312,0.00057220458984375,-249.52264404296875
1750930071.9152918,-1.0,0.5,"[174.0, 185.0, 167.0, 143.0, 139.0, 154.0, 175.0, 201.0, 185.0, 174.0]",12.238646507263184,-0.5,-64.10470581054688,0.00057220458984375,-249.5609130859375
1750930071.9537313,-1.0,0.5,"[174.0, 185.0, 167.0, 143.0, 140.0, 155.0, 173.0, 198.0, 185.0, 174.0]",12.367630958557129,-0.5,-63.859619140625,0.00057220458984375,-249.594482421875
1750930071.969529,-1.0,0.5,"[174.0, 185.0, 169.0, 145.0, 142.0, 156.0, 171.0, 197.0, 185.0, 174.0]",12.198084831237793,-0.5,-63.61700439453125,0.00057220458984375,-249.62005615234375
1750930071.9847329,-1.0,0.5,"[174.0, 185.0, 170.0, 146.0, 143.0, 158.0, 169.0, 194.0, 185.0, 174.0]",12.386229515075684,-0.5,-63.370208740234375,0.00057220458984375,-249.641357421875
1750930071.9996285,-1.0,0.5,"[174.0, 185.0, 172.0, 147.0, 144.0, 159.0, 168.0, 192.0, 185.0, 174.0]",12.468384742736816,-0.5,-63.121246337890625,0.00057220458984375,-249.65560913085938
1750930072.01478,-1.0,0.5,"[174.0, 185.0, 173.0, 148.0, 145.0, 161.0, 166.0, 190.0, 185.0, 174.0]",12.505627632141113,-0.5,-62.871307373046875,0.00057220458984375,-249.66473388671875
1750930072.0526476,-1.0,0.5,"[174.0, 185.0, 175.0, 149.0, 147.0, 161.0, 164.0, 188.0, 185.0, 174.0]",12.515790939331055,-0.5,-62.621002197265625,0.00057220458984375,-249.66641235351562
1750930072.0678139,-1.0,0.5,"[174.0, 185.0, 176.0, 151.0, 148.0, 161.0, 162.0, 186.0, 185.0, 174.0]",12.519871711730957,-0.5,-62.37060546875,0.00057220458984375,-249.66302490234375
1750930072.0825787,-1.0,0.5,"[174.0, 185.0, 178.0, 153.0, 149.0, 160.0, 161.0, 184.0, 185.0, 174.0]",12.57790470123291,-0.5,-62.119293212890625,0.00057220458984375,-249.65203857421875
1750930072.0977087,-1.0,0.5,"[174.0, 185.0, 179.0, 154.0, 151.0, 158.0, 159.0, 181.0, 185.0, 174.0]",12.577068328857422,-0.5,-61.8682861328125,0.00057220458984375,-249.63568115234375
1750930072.1127,-1.0,0.5,"[174.0, 185.0, 181.0, 155.0, 152.0, 157.0, 158.0, 179.0, 185.0, 174.0]",12.615933418273926,-0.5,-61.617095947265625,0.0005702972412109375,-249.61184692382812
1750930072.1505551,-1.0,0.5,"[174.0, 185.0, 184.0, 157.0, 154.0, 155.0, 155.0, 176.0, 185.0, 174.0]",12.710855484008789,-0.5,-61.36456298828125,0.0005702972412109375,-249.58258056640625
1750930072.1659622,0.0,0.5,"[174.0, 185.0, 186.0, 159.0, 155.0, 153.0, 153.0, 173.0, 185.0, 174.0]",12.653517723083496,-0.5,-61.1142578125,0.0005702972412109375,-249.54534912109375
1750930072.1809857,0.0,0.5,"[174.0, 185.0, 187.0, 160.0, 156.0, 152.0, 152.0, 173.0, 185.0, 174.0]",12.612832069396973,0.0,-60.863189697265625,0.0005702972412109375,-249.520751953125
1750930072.1959138,0.0,0.5,"[174.0, 185.0, 187.0, 160.0, 156.0, 152.0, 152.0, 172.0, 185.0, 174.0]",12.633234024047852,0.0,-60.6107177734375,0.0005702972412109375,-249.51119995117188
1750930072.2346985,0.0,0.5,"[174.0, 185.0, 187.0, 160.0, 156.0, 152.0, 152.0, 172.0, 185.0, 174.0]",12.863486289978027,0.0,-60.353485107421875,0.0005702972412109375,-249.50686645507812
1750930072.249748,0.0,0.5,"[174.0, 185.0, 187.0, 160.0, 156.0, 152.0, 152.0, 172.0, 185.0, 174.0]",12.681595802307129,0.0,-60.099884033203125,0.0005702972412109375,-249.50274658203125
1750930072.2648196,0.0,0.5,"[174.0, 185.0, 187.0, 160.0, 156.0, 152.0, 152.0, 172.0, 185.0, 174.0]",13.008312225341797,0.0,-59.839752197265625,0.0005702972412109375,-249.49850463867188
1750930072.2799788,0.0,0.5,"[174.0, 185.0, 187.0, 160.0, 156.0, 152.0, 152.0, 172.0, 185.0, 174.0]",12.719446182250977,0.0,-59.58538818359375,0.0005702972412109375,-249.494384765625
1750930072.2949836,0.0,0.5,"[174.0, 185.0, 187.0, 160.0, 156.0, 152.0, 152.0, 172.0, 185.0, 174.0]",13.126315116882324,0.0,-59.322906494140625,0.0005702972412109375,-249.49017333984375
1750930072.3329666,0.0,0.5,"[174.0, 185.0, 187.0, 160.0, 156.0, 152.0, 152.0, 172.0, 185.0, 174.0]",12.837373733520508,0.0,-59.066192626953125,0.0005702972412109375,-249.48611450195312
1750930072.348166,0.0,0.5,"[174.0, 185.0, 187.0, 160.0, 156.0, 152.0, 152.0, 172.0, 185.0, 174.0]",13.122732162475586,0.0,-58.80377197265625,0.0005702972412109375,-249.48202514648438
1750930072.3632138,0.0,0.5,"[174.0, 185.0, 187.0, 160.0, 156.0, 152.0, 152.0, 172.0, 185.0, 174.0]",12.820571899414062,0.0,-58.547393798828125,0.0005702972412109375,-249.47796630859375
1750930072.3783464,0.0,0.5,"[174.0, 185.0, 187.0, 160.0, 156.0, 152.0, 152.0, 172.0, 185.0, 174.0]",13.195341110229492,0.0,-58.28350830078125,0.0005702972412109375,-249.47354125976562
1750930072.3930047,0.0,0.5,"[174.0, 185.0, 187.0, 160.0, 156.0, 152.0, 152.0, 172.0, 185.0, 174.0]",13.13644790649414,0.0,-58.02081298828125,0.0005702972412109375,-249.46905517578125
1750930072.4315093,0.0,0.5,"[174.0, 185.0, 187.0, 160.0, 156.0, 152.0, 152.0, 172.0, 185.0, 174.0]",13.250686645507812,0.0,-57.755828857421875,0.0005702972412109375,-249.46484375
1750930072.446524,0.0,0.5,"[174.0, 185.0, 187.0, 160.0, 156.0, 152.0, 152.0, 172.0, 185.0, 174.0]",13.077848434448242,0.0,-57.49432373046875,0.0005702972412109375,-249.46044921875
1750930072.4615066,0.0,0.5,"[174.0, 185.0, 187.0, 160.0, 156.0, 152.0, 152.0, 172.0, 185.0, 174.0]",13.294906616210938,0.0,-57.22845458984375,0.0005702972412109375,-249.45632934570312
1750930072.4764626,0.0,0.5,"[174.0, 185.0, 187.0, 160.0, 156.0, 152.0, 152.0, 172.0, 185.0, 174.0]",13.14297103881836,0.0,-56.96563720703125,0.0005702972412109375,-249.45199584960938
1750930072.5027332,0.0,0.5,"[174.0, 185.0, 187.0, 160.0, 156.0, 152.0, 152.0, 172.0, 185.0, 174.0]",13.345010757446289,0.0,-56.698760986328125,0.0005702972412109375,-249.44802856445312
1750930072.5175707,0.0,0.5,"[174.0, 185.0, 187.0, 160.0, 156.0, 152.0, 152.0, 172.0, 185.0, 174.0]",13.482680320739746,0.0,-56.42913818359375,0.0005702972412109375,-249.44387817382812
1750930072.532512,0.0,0.5,"[174.0, 185.0, 187.0, 160.0, 156.0, 152.0, 152.0, 172.0, 185.0, 174.0]",13.324373245239258,0.0,-56.162689208984375,0.00057220458984375,-249.43939208984375
1750930072.5702515,0.0,0.5,"[174.0, 185.0, 187.0, 160.0, 156.0, 152.0, 152.0, 172.0, 185.0, 174.0]",13.480351448059082,0.0,-55.89312744140625,0.00057220458984375,-249.43499755859375
1750930072.5855625,0.0,0.5,"[174.0, 185.0, 187.0, 160.0, 156.0, 152.0, 152.0, 172.0, 185.0, 174.0]",13.460728645324707,0.0,-55.623931884765625,0.00057220458984375,-249.43026733398438
1750930072.6001756,0.0,0.5,"[174.0, 185.0, 187.0, 160.0, 156.0, 152.0, 152.0, 172.0, 185.0, 174.0]",13.646726608276367,0.0,-55.351043701171875,0.00057220458984375,-249.42593383789062
1750930072.6155686,0.0,0.5,"[174.0, 185.0, 187.0, 160.0, 156.0, 152.0, 152.0, 172.0, 185.0, 174.0]",13.507284164428711,0.0,-55.0809326171875,0.00057220458984375,-249.42132568359375
1750930072.653359,0.0,0.5,"[174.0, 185.0, 187.0, 160.0, 156.0, 152.0, 152.0, 172.0, 185.0, 174.0]",13.800148010253906,0.0,-54.804962158203125,0.00057220458984375,-249.4168701171875
1750930072.6676621,0.0,0.5,"[174.0, 185.0, 187.0, 160.0, 156.0, 152.0, 152.0, 172.0, 185.0, 174.0]",13.452627182006836,0.0,-54.53594970703125,0.00057220458984375,-249.41253662109375
1750930072.6828818,0.0,0.5,"[174.0, 185.0, 187.0, 160.0, 156.0, 152.0, 152.0, 172.0, 185.0, 174.0]",13.815328598022461,0.0,-54.259674072265625,0.00057220458984375,-249.40811157226562
1750930072.6976564,0.0,0.5,"[174.0, 185.0, 187.0, 160.0, 156.0, 152.0, 152.0, 172.0, 185.0, 174.0]",13.819331169128418,0.0,-53.98333740234375,0.00057220458984375,-249.40362548828125
1750930072.713204,0.0,0.5,"[174.0, 185.0, 187.0, 160.0, 156.0, 152.0, 152.0, 172.0, 185.0, 174.0]",13.808672904968262,0.0,-53.707183837890625,0.0005702972412109375,-249.39923095703125
1750930072.7509127,0.0,0.5,"[174.0, 185.0, 187.0, 160.0, 156.0, 152.0, 152.0, 172.0, 185.0, 174.0]",13.766560554504395,0.0,-53.431915283203125,0.0005702972412109375,-249.39495849609375
1750930072.76654,0.0,0.5,"[174.0, 185.0, 187.0, 160.0, 156.0, 152.0, 152.0, 172.0, 185.0, 174.0]",13.962380409240723,0.0,-53.152679443359375,0.0005702972412109375,-249.390625
1750930072.781967,0.0,0.5,"[174.0, 185.0, 187.0, 160.0, 156.0, 152.0, 152.0, 172.0, 185.0, 174.0]",13.847819328308105,0.0,-52.875762939453125,0.0005702972412109375,-249.385986328125
1750930072.7969096,0.0,0.5,"[174.0, 185.0, 188.0, 160.0, 156.0, 152.0, 151.0, 172.0, 185.0, 174.0]",14.054086685180664,0.0,-52.5947265625,0.0005702972412109375,-249.38134765625
1750930072.8234909,0.0,0.5,"[174.0, 185.0, 187.0, 160.0, 156.0, 152.0, 152.0, 172.0, 185.0, 174.0]",14.03039836883545,0.0,-52.31414794921875,0.00057220458984375,-249.37652587890625
1750930072.839372,0.0,0.5,"[174.0, 185.0, 188.0, 160.0, 156.0, 152.0, 151.0, 171.0, 185.0, 174.0]",14.031400680541992,0.0,-52.0335693359375,0.00057220458984375,-249.37225341796875
1750930072.8553884,0.0,0.5,"[174.0, 185.0, 188.0, 160.0, 156.0, 152.0, 152.0, 171.0, 185.0, 174.0]",14.176734924316406,0.0,-51.75006103515625,0.00057220458984375,-249.367431640625
1750930072.8952038,0.0,0.5,"[174.0, 185.0, 188.0, 160.0, 156.0, 152.0, 152.0, 171.0, 185.0, 174.0]",14.15520191192627,0.0,-51.467010498046875,0.00057220458984375,-249.36279296875
1750930072.910307,0.0,0.5,"[174.0, 185.0, 188.0, 160.0, 156.0, 152.0, 152.0, 171.0, 185.0, 174.0]",14.208218574523926,0.0,-51.182891845703125,0.00057220458984375,-249.3582763671875
1750930072.9253426,0.0,0.5,"[174.0, 185.0, 188.0, 160.0, 156.0, 152.0, 151.0, 171.0, 185.0, 174.0]",14.421439170837402,0.0,-50.894500732421875,0.00057220458984375,-249.35372924804688
1750930072.9404197,0.0,0.5,"[174.0, 185.0, 188.0, 160.0, 156.0, 152.0, 151.0, 171.0, 185.0, 174.0]",14.270681381225586,0.0,-50.609100341796875,0.00057220458984375,-249.34902954101562
1750930072.9550738,0.0,0.5,"[174.0, 185.0, 188.0, 160.0, 156.0, 152.0, 151.0, 171.0, 185.0, 174.0]",14.422547340393066,0.0,-50.320709228515625,0.00057220458984375,-249.34442138671875
1750930072.9930804,0.0,0.5,"[174.0, 185.0, 188.0, 160.0, 156.0, 152.0, 151.0, 171.0, 185.0, 174.0]",14.277499198913574,0.0,-50.035186767578125,0.00057220458984375,-249.339599609375
1750930073.0078087,0.0,0.5,"[174.0, 185.0, 188.0, 160.0, 156.0, 152.0, 151.0, 171.0, 185.0, 174.0]",14.632368087768555,0.0,-49.742584228515625,0.00057220458984375,-249.3348388671875
1750930073.0234432,0.0,0.5,"[174.0, 185.0, 188.0, 160.0, 156.0, 152.0, 151.0, 171.0, 185.0, 174.0]",14.307299613952637,0.0,-49.45648193359375,0.00057220458984375,-249.33016967773438
1750930073.0386863,0.0,0.5,"[174.0, 185.0, 188.0, 160.0, 156.0, 152.0, 151.0, 170.0, 185.0, 174.0]",14.668835639953613,0.0,-49.16314697265625,0.00057220458984375,-249.32528686523438
1750930073.0536425,0.0,0.5,"[174.0, 185.0, 188.0, 160.0, 156.0, 152.0, 151.0, 171.0, 185.0, 174.0]",14.532087326049805,0.0,-48.872528076171875,0.00057220458984375,-249.32037353515625
1750930073.0912287,0.0,0.5,"[174.0, 185.0, 189.0, 160.0, 156.0, 152.0, 151.0, 170.0, 185.0, 174.0]",14.73023509979248,0.0,-48.577972412109375,0.00057220458984375,-249.315673828125
1750930073.105917,0.0,0.5,"[174.0, 185.0, 188.0, 160.0, 156.0, 152.0, 151.0, 170.0, 185.0, 174.0]",14.583291053771973,0.0,-48.286346435546875,0.00057220458984375,-249.31082153320312
1750930073.1209877,0.0,0.5,"[174.0, 185.0, 189.0, 160.0, 156.0, 152.0, 151.0, 170.0, 185.0, 174.0]",14.814661026000977,0.0,-47.990081787109375,0.00057220458984375,-249.30621337890625
1750930073.1357443,0.0,0.5,"[174.0, 185.0, 189.0, 160.0, 156.0, 152.0, 151.0, 170.0, 185.0, 174.0]",14.635115623474121,0.0,-47.697418212890625,0.00057220458984375,-249.30145263671875
1750930073.1735582,0.0,0.5,"[174.0, 185.0, 189.0, 160.0, 156.0, 152.0, 151.0, 170.0, 185.0, 174.0]",14.798264503479004,0.0,-47.4014892578125,0.00057220458984375,-249.296875
1750930073.18897,0.0,0.5,"[174.0, 185.0, 189.0, 160.0, 156.0, 152.0, 151.0, 170.0, 185.0, 174.0]",14.773781776428223,0.0,-47.106048583984375,0.00057220458984375,-249.2919921875
1750930073.203152,0.0,0.5,"[174.0, 185.0, 189.0, 160.0, 156.0, 152.0, 151.0, 170.0, 185.0, 174.0]",14.957784652709961,0.0,-46.80694580078125,0.00057220458984375,-249.28704833984375
1750930073.2179916,0.0,0.5,"[174.0, 185.0, 189.0, 161.0, 156.0, 152.0, 151.0, 170.0, 185.0, 174.0]",14.804396629333496,0.0,-46.510894775390625,0.00057220458984375,-249.28228759765625
1750930073.2327182,0.0,0.5,"[174.0, 185.0, 189.0, 160.0, 156.0, 152.0, 151.0, 170.0, 185.0, 174.0]",15.014790534973145,0.0,-46.21063232421875,0.00057220458984375,-249.27716064453125
1750930073.2710376,0.0,0.5,"[174.0, 185.0, 189.0, 160.0, 156.0, 152.0, 151.0, 170.0, 185.0, 174.0]",15.045161247253418,0.0,-45.9097900390625,0.00057220458984375,-249.27215576171875
1750930073.286265,0.0,0.5,"[174.0, 185.0, 189.0, 160.0, 156.0, 152.0, 151.0, 170.0, 185.0, 174.0]",15.066946983337402,0.0,-45.608489990234375,0.00057220458984375,-249.2672119140625
1750930073.3011749,0.0,0.5,"[174.0, 185.0, 189.0, 161.0, 156.0, 152.0, 151.0, 170.0, 185.0, 174.0]",15.11312198638916,0.0,-45.306243896484375,0.00057220458984375,-249.26226806640625
1750930073.3161576,0.0,0.5,"[174.0, 185.0, 189.0, 161.0, 156.0, 152.0, 151.0, 170.0, 185.0, 174.0]",15.169476509094238,0.0,-45.002899169921875,0.00057220458984375,-249.25726318359375
1750930073.3421848,0.0,0.5,"[174.0, 185.0, 189.0, 161.0, 156.0, 152.0, 151.0, 170.0, 185.0, 174.0]",15.189737319946289,0.0,-44.69915771484375,0.00057220458984375,-249.2523193359375
1750930073.356916,0.0,0.5,"[174.0, 185.0, 189.0, 161.0, 156.0, 152.0, 151.0, 170.0, 185.0, 174.0]",15.239416122436523,0.0,-44.3944091796875,0.00057220458984375,-249.247314453125
1750930073.383251,0.0,0.5,"[174.0, 185.0, 189.0, 161.0, 156.0, 152.0, 151.0, 170.0, 185.0, 174.0]",15.251425743103027,0.0,-44.08941650390625,0.00057220458984375,-249.24237060546875
1750930073.398232,0.0,0.5,"[174.0, 185.0, 189.0, 161.0, 156.0, 152.0, 151.0, 170.0, 185.0, 174.0]",15.289151191711426,0.0,-43.78369140625,0.00057220458984375,-249.2373046875
1750930073.4127858,0.0,0.5,"[174.0, 185.0, 189.0, 161.0, 156.0, 152.0, 151.0, 170.0, 185.0, 174.0]",15.3217134475708,0.0,-43.477294921875,0.00057220458984375,-249.23220825195312
1750930073.4508395,0.0,0.5,"[174.0, 185.0, 189.0, 161.0, 156.0, 152.0, 151.0, 170.0, 185.0, 174.0]",15.337687492370605,0.0,-43.170562744140625,0.00057220458984375,-249.22711181640625
1750930073.4668005,0.0,0.5,"[174.0, 185.0, 189.0, 161.0, 156.0, 152.0, 151.0, 170.0, 185.0, 174.0]",15.410895347595215,0.0,-42.862396240234375,0.00057220458984375,-249.22201538085938
1750930073.483163,0.0,0.5,"[174.0, 185.0, 189.0, 161.0, 156.0, 152.0, 151.0, 170.0, 185.0, 174.0]",15.427061080932617,0.0,-42.55389404296875,0.00057220458984375,-249.21694946289062
1750930073.4993846,0.0,0.5,"[174.0, 185.0, 189.0, 161.0, 156.0, 152.0, 151.0, 170.0, 185.0, 174.0]",15.43105697631836,0.0,-42.245330810546875,0.00057220458984375,-249.21194458007812
1750930073.5156038,0.0,0.5,"[174.0, 185.0, 189.0, 161.0, 156.0, 152.0, 151.0, 170.0, 185.0, 174.0]",15.481356620788574,0.0,-41.93572998046875,0.00057220458984375,-249.2069091796875
1750930073.543466,0.0,0.5,"[174.0, 185.0, 189.0, 161.0, 156.0, 152.0, 151.0, 170.0, 185.0, 174.0]",15.649749755859375,0.0,-41.622772216796875,0.00057220458984375,-249.2017822265625
1750930073.558816,0.0,0.5,"[174.0, 185.0, 189.0, 161.0, 156.0, 152.0, 151.0, 170.0, 185.0, 174.0]",15.429487228393555,0.0,-41.314239501953125,0.00057220458984375,-249.19696044921875
1750930073.5736732,0.0,0.5,"[174.0, 185.0, 189.0, 161.0, 156.0, 152.0, 151.0, 170.0, 185.0, 174.0]",15.608292579650879,0.0,-41.002105712890625,0.00057220458984375,-249.19183349609375
1750930073.611334,0.0,0.5,"[174.0, 185.0, 189.0, 161.0, 156.0, 152.0, 151.0, 170.0, 185.0, 174.0]",15.68981647491455,0.0,-40.6883544921875,0.00057220458984375,-249.18695068359375
1750930073.626715,0.0,0.5,"[174.0, 185.0, 189.0, 161.0, 156.0, 152.0, 151.0, 170.0, 185.0, 174.0]",15.704999923706055,0.0,-40.374298095703125,0.00057220458984375,-249.18185424804688
1750930073.6417537,0.0,0.5,"[174.0, 185.0, 189.0, 161.0, 156.0, 152.0, 151.0, 170.0, 185.0, 174.0]",15.718878746032715,0.0,-40.0599365234375,0.00057220458984375,-249.17694091796875
1750930073.6569803,0.0,0.5,"[174.0, 185.0, 189.0, 161.0, 156.0, 152.0, 151.0, 170.0, 185.0, 174.0]",15.902173042297363,0.0,-39.741943359375,0.00057220458984375,-249.17196655273438
1750930073.683915,0.0,0.5,"[174.0, 185.0, 189.0, 161.0, 156.0, 152.0, 151.0, 170.0, 185.0, 174.0]",15.712968826293945,0.0,-39.427734375,0.00057220458984375,-249.16680908203125
1750930073.698537,0.0,0.5,"[174.0, 185.0, 189.0, 161.0, 156.0, 152.0, 150.0, 169.0, 185.0, 174.0]",15.894116401672363,0.0,-39.109893798828125,0.00057220458984375,-249.16183471679688
1750930073.7141047,0.0,0.5,"[174.0, 185.0, 189.0, 161.0, 156.0, 152.0, 150.0, 169.0, 185.0, 174.0]",15.892136573791504,0.0,-38.792083740234375,0.00057220458984375,-249.15667724609375
1750930073.7517815,0.0,0.5,"[174.0, 185.0, 189.0, 161.0, 156.0, 152.0, 150.0, 169.0, 185.0, 174.0]",16.035274505615234,0.0,-38.471405029296875,0.00057220458984375,-249.15139770507812
1750930073.767005,0.0,0.5,"[174.0, 185.0, 189.0, 161.0, 156.0, 151.0, 150.0, 169.0, 185.0, 174.0]",15.828843116760254,0.0,-38.154876708984375,0.00057220458984375,-249.14642333984375
1750930073.7834578,0.0,0.5,"[174.0, 185.0, 189.0, 161.0, 156.0, 152.0, 150.0, 169.0, 185.0, 174.0]",15.99009895324707,0.0,-37.835113525390625,0.00057220458984375,-249.14117431640625
1750930073.7996604,0.0,0.5,"[174.0, 185.0, 189.0, 161.0, 156.0, 151.0, 150.0, 169.0, 185.0, 174.0]",16.111278533935547,0.0,-37.512939453125,0.00057220458984375,-249.13616943359375
1750930073.816431,0.0,0.5,"[174.0, 185.0, 189.0, 161.0, 156.0, 151.0, 150.0, 169.0, 185.0, 174.0]",16.059141159057617,0.0,-37.191802978515625,0.00057220458984375,-249.13104248046875
1750930073.8470619,0.0,0.5,"[174.0, 185.0, 189.0, 161.0, 156.0, 151.0, 150.0, 169.0, 185.0, 174.0]",16.038928985595703,0.0,-36.871063232421875,0.00057220458984375,-249.1258544921875
1750930073.8645468,0.0,0.5,"[174.0, 185.0, 189.0, 161.0, 156.0, 151.0, 150.0, 169.0, 185.0, 174.0]",16.34428596496582,0.0,-36.544219970703125,0.00057220458984375,-249.12066650390625
1750930073.88122,0.0,0.5,"[174.0, 185.0, 189.0, 161.0, 156.0, 151.0, 150.0, 169.0, 185.0, 174.0]",16.029022216796875,0.0,-36.223663330078125,0.00057220458984375,-249.1156005859375
1750930073.8990633,0.0,0.5,"[174.0, 185.0, 189.0, 161.0, 156.0, 151.0, 150.0, 169.0, 185.0, 174.0]",16.384037017822266,0.0,-35.896026611328125,0.00057220458984375,-249.11029052734375
1750930073.9189236,0.0,0.5,"[174.0, 185.0, 189.0, 161.0, 156.0, 151.0, 150.0, 169.0, 185.0, 174.0]",16.287765502929688,0.0,-35.5703125,0.00057220458984375,-249.10504150390625
1750930073.9366739,0.0,0.5,"[174.0, 185.0, 189.0, 161.0, 156.0, 151.0, 150.0, 169.0, 185.0, 174.0]",16.32758903503418,0.0,-35.243804931640625,0.00057220458984375,-249.09979248046875
1750930073.9700787,0.0,0.5,"[174.0, 185.0, 189.0, 161.0, 156.0, 151.0, 150.0, 169.0, 185.0, 174.0]",16.31686019897461,0.0,-34.917510986328125,0.00057220458984375,-249.09463500976562
1750930073.9858704,0.0,0.5,"[174.0, 185.0, 189.0, 161.0, 156.0, 151.0, 150.0, 169.0, 185.0, 174.0]",16.443906784057617,0.0,-34.58868408203125,0.00057220458984375,-249.08953857421875
1750930074.0008638,0.0,0.5,"[174.0, 185.0, 189.0, 161.0, 156.0, 151.0, 149.0, 169.0, 185.0, 174.0]",16.446529388427734,0.0,-34.259796142578125,0.00057220458984375,-249.08428955078125
1750930074.0163534,0.0,0.5,"[174.0, 185.0, 189.0, 161.0, 156.0, 151.0, 149.0, 169.0, 185.0, 174.0]",16.495725631713867,0.0,-33.929931640625,0.00057220458984375,-249.0789794921875
1750930074.0428634,0.0,0.5,"[174.0, 185.0, 189.0, 161.0, 156.0, 151.0, 150.0, 169.0, 185.0, 174.0]",16.4880428314209,0.0,-33.600189208984375,0.00057220458984375,-249.07373046875
1750930074.0576947,0.0,0.5,"[174.0, 185.0, 189.0, 161.0, 156.0, 151.0, 149.0, 169.0, 185.0, 174.0]",16.638044357299805,0.0,-33.267486572265625,0.00057220458984375,-249.068603515625
1750930074.0727024,0.0,0.5,"[174.0, 185.0, 189.0, 161.0, 156.0, 151.0, 149.0, 169.0, 185.0, 174.0]",16.56446647644043,0.0,-32.936248779296875,0.00057220458984375,-249.06329345703125
1750930074.1104715,0.0,0.5,"[174.0, 185.0, 189.0, 161.0, 156.0, 151.0, 149.0, 169.0, 185.0, 174.0]",16.608078002929688,0.0,-32.6041259765625,0.00057220458984375,-249.05807495117188
1750930074.1256044,0.0,0.5,"[174.0, 185.0, 189.0, 161.0, 156.0, 151.0, 149.0, 168.0, 185.0, 174.0]",16.7707462310791,0.0,-32.26873779296875,0.00057220458984375,-249.052734375
1750930074.1397564,0.0,0.5,"[174.0, 185.0, 189.0, 161.0, 156.0, 151.0, 149.0, 169.0, 185.0, 174.0]",16.69451904296875,0.0,-31.934906005859375,0.00057220458984375,-249.04714965820312
1750930074.154759,0.0,0.5,"[174.0, 185.0, 190.0, 161.0, 156.0, 151.0, 149.0, 168.0, 185.0, 174.0]",16.723522186279297,0.0,-31.6004638671875,0.00057220458984375,-249.04202270507812
1750930074.1929424,0.0,0.5,"[174.0, 185.0, 189.0, 161.0, 156.0, 151.0, 149.0, 168.0, 185.0, 174.0]",16.869863510131836,0.0,-31.26312255859375,0.00057220458984375,-249.0364990234375
1750930074.2078688,0.0,0.5,"[174.0, 185.0, 190.0, 161.0, 156.0, 151.0, 149.0, 168.0, 185.0, 174.0]",16.670969009399414,0.0,-30.92974853515625,0.00057220458984375,-249.03125
1750930074.2230773,0.0,0.5,"[174.0, 185.0, 190.0, 161.0, 156.0, 151.0, 149.0, 168.0, 185.0, 174.0]",17.01158905029297,0.0,-30.58953857421875,0.00057220458984375,-249.02581787109375
1750930074.238128,0.0,0.5,"[174.0, 185.0, 190.0, 161.0, 156.0, 151.0, 149.0, 168.0, 185.0, 174.0]",16.827648162841797,0.0,-30.2530517578125,0.00057220458984375,-249.02047729492188
1750930074.2527492,0.0,0.5,"[174.0, 185.0, 190.0, 161.0, 156.0, 151.0, 149.0, 168.0, 185.0, 174.0]",17.032699584960938,0.0,-29.912445068359375,0.00057220458984375,-249.01495361328125
1750930074.2908382,0.0,0.5,"[174.0, 185.0, 190.0, 161.0, 156.0, 151.0, 149.0, 168.0, 185.0, 174.0]",16.87236213684082,0.0,-29.57501220703125,0.00057220458984375,-249.00970458984375
1750930074.3059843,0.0,0.5,"[174.0, 185.0, 190.0, 161.0, 156.0, 151.0, 149.0, 168.0, 185.0, 174.0]",17.160804748535156,0.0,-29.231842041015625,0.00057220458984375,-249.004150390625
1750930074.3211658,0.0,0.5,"[174.0, 185.0, 190.0, 161.0, 156.0, 151.0, 149.0, 167.0, 185.0, 174.0]",17.036195755004883,0.0,-28.89117431640625,0.00057220458984375,-248.9986572265625
1750930074.336079,0.0,0.5,"[174.0, 185.0, 190.0, 161.0, 156.0, 151.0, 149.0, 167.0, 185.0, 174.0]",17.119653701782227,0.0,-28.548828125,0.00057220458984375,-248.99310302734375
1750930074.3741798,0.0,0.5,"[174.0, 185.0, 190.0, 161.0, 156.0, 151.0, 149.0, 167.0, 185.0, 174.0]",17.122364044189453,0.0,-28.2064208984375,0.00057220458984375,-248.98779296875
1750930074.3895462,0.0,0.5,"[174.0, 185.0, 190.0, 161.0, 156.0, 151.0, 149.0, 167.0, 185.0, 174.0]",17.33803367614746,0.0,-27.859710693359375,0.00057220458984375,-248.9822998046875
1750930074.4046564,0.0,0.5,"[174.0, 185.0, 190.0, 161.0, 156.0, 151.0, 149.0, 167.0, 185.0, 174.0]",17.061525344848633,0.0,-27.518524169921875,0.00057220458984375,-248.97677612304688
1750930074.4201262,0.0,0.5,"[174.0, 185.0, 190.0, 161.0, 156.0, 151.0, 149.0, 167.0, 185.0, 174.0]",17.283077239990234,0.0,-27.17291259765625,0.00057220458984375,-248.97140502929688
1750930074.4355044,0.0,0.5,"[174.0, 185.0, 190.0, 161.0, 156.0, 151.0, 149.0, 167.0, 185.0, 174.0]",17.300779342651367,0.0,-26.826934814453125,0.00057220458984375,-248.96591186523438
1750930074.4731476,0.0,0.5,"[174.0, 185.0, 190.0, 161.0, 156.0, 151.0, 149.0, 167.0, 185.0, 174.0]",17.290693283081055,0.0,-26.481170654296875,0.00057220458984375,-248.96023559570312
1750930074.4881477,0.0,0.5,"[174.0, 185.0, 190.0, 161.0, 156.0, 151.0, 149.0, 167.0, 185.0, 174.0]",17.383831024169922,0.0,-26.133514404296875,0.00057220458984375,-248.9544677734375
1750930074.5034416,0.0,0.5,"[174.0, 185.0, 190.0, 161.0, 156.0, 151.0, 149.0, 167.0, 185.0, 174.0]",17.44939422607422,0.0,-25.784576416015625,0.00057220458984375,-248.94869995117188
1750930074.518229,0.0,0.5,"[174.0, 185.0, 190.0, 161.0, 156.0, 151.0, 149.0, 167.0, 185.0, 174.0]",17.414411544799805,0.0,-25.43634033203125,0.00057220458984375,-248.94308471679688
1750930074.53333,0.0,0.5,"[174.0, 185.0, 190.0, 161.0, 156.0, 151.0, 149.0, 167.0, 185.0, 174.0]",17.49097442626953,0.0,-25.086578369140625,0.00057220458984375,-248.93756103515625
1750930074.5717218,0.0,0.5,"[174.0, 185.0, 190.0, 161.0, 156.0, 151.0, 149.0, 167.0, 185.0, 174.0]",17.554140090942383,0.0,-24.73553466796875,0.00057220458984375,-248.93194580078125
1750930074.586906,0.0,0.5,"[174.0, 185.0, 190.0, 161.0, 156.0, 151.0, 149.0, 167.0, 185.0, 174.0]",17.517223358154297,0.0,-24.385223388671875,0.00057220458984375,-248.9261474609375
1750930074.6019938,0.0,0.5,"[174.0, 185.0, 190.0, 161.0, 156.0, 151.0, 149.0, 167.0, 185.0, 174.0]",17.576601028442383,0.0,-24.03375244140625,0.00057220458984375,-248.92041015625
1750930074.6168478,0.0,0.5,"[174.0, 185.0, 190.0, 161.0, 157.0, 151.0, 148.0, 167.0, 185.0, 174.0]",17.672035217285156,0.0,-23.68035888671875,0.00057220458984375,-248.9146728515625
1750930074.6430182,0.0,0.5,"[174.0, 185.0, 190.0, 161.0, 156.0, 151.0, 149.0, 167.0, 185.0, 174.0]",17.64366912841797,0.0,-23.327545166015625,0.00057220458984375,-248.90875244140625
1750930074.6576,0.0,0.5,"[174.0, 185.0, 190.0, 161.0, 156.0, 151.0, 148.0, 167.0, 185.0, 174.0]",17.836139678955078,0.0,-22.970855712890625,0.00057220458984375,-248.90283203125
1750930074.672737,0.0,0.5,"[174.0, 185.0, 190.0, 161.0, 156.0, 151.0, 149.0, 167.0, 185.0, 174.0]",17.697961807250977,0.0,-22.616943359375,0.00057220458984375,-248.89700317382812
1750930074.7102973,0.0,0.5,"[174.0, 185.0, 190.0, 161.0, 157.0, 151.0, 148.0, 167.0, 185.0, 174.0]",17.80162239074707,0.0,-22.260955810546875,0.00057220458984375,-248.89129638671875
1750930074.7255387,0.0,0.5,"[174.0, 185.0, 190.0, 161.0, 157.0, 151.0, 148.0, 167.0, 185.0, 174.0]",17.74639129638672,0.0,-21.906097412109375,0.00057220458984375,-248.88546752929688
1750930074.740957,0.0,0.5,"[174.0, 185.0, 190.0, 161.0, 157.0, 151.0, 148.0, 167.0, 185.0, 174.0]",17.968355178833008,0.0,-21.546783447265625,0.00057220458984375,-248.87948608398438
1750930074.7561915,0.0,0.5,"[174.0, 185.0, 190.0, 161.0, 156.0, 151.0, 148.0, 167.0, 185.0, 174.0]",17.86785316467285,0.0,-21.189453125,0.00057220458984375,-248.87350463867188
1750930074.7830858,0.0,0.5,"[174.0, 185.0, 190.0, 161.0, 156.0, 151.0, 148.0, 167.0, 185.0, 174.0]",18.069202423095703,0.0,-20.828125,0.00057220458984375,-248.8675537109375
1750930074.7980068,0.0,0.5,"[174.0, 185.0, 190.0, 161.0, 157.0, 151.0, 148.0, 167.0, 185.0, 174.0]",17.80894660949707,0.0,-20.47198486328125,0.00057220458984375,-248.86175537109375
1750930074.813187,0.0,0.5,"[174.0, 185.0, 190.0, 161.0, 156.0, 151.0, 148.0, 167.0, 185.0, 174.0]",18.090377807617188,0.0,-20.1102294921875,0.00057220458984375,-248.85577392578125
1750930074.8512576,0.0,0.5,"[174.0, 185.0, 190.0, 161.0, 157.0, 151.0, 148.0, 166.0, 185.0, 174.0]",18.04813575744629,0.0,-19.74932861328125,0.00057220458984375,-248.8499755859375
1750930074.8661325,0.0,0.5,"[174.0, 185.0, 190.0, 161.0, 156.0, 151.0, 148.0, 166.0, 185.0, 174.0]",18.10943031311035,0.0,-19.387176513671875,0.00057220458984375,-248.84393310546875
1750930074.8812442,0.0,0.5,"[174.0, 185.0, 190.0, 161.0, 157.0, 151.0, 148.0, 166.0, 185.0, 174.0]",17.973716735839844,0.0,-19.027740478515625,0.0005741119384765625,-248.838134765625
1750930074.8963275,0.0,0.5,"[174.0, 185.0, 190.0, 161.0, 157.0, 151.0, 148.0, 166.0, 185.0, 174.0]",18.268465042114258,0.0,-18.662445068359375,0.0005741119384765625,-248.83221435546875
1750930074.9222991,0.0,0.5,"[174.0, 185.0, 190.0, 161.0, 157.0, 151.0, 148.0, 166.0, 185.0, 174.0]",18.08281707763672,0.0,-18.300811767578125,0.0005741119384765625,-248.82635498046875
1750930074.9372735,0.0,0.5,"[174.0, 185.0, 190.0, 161.0, 157.0, 151.0, 148.0, 166.0, 185.0, 174.0]",18.362722396850586,0.0,-17.933624267578125,0.0005741119384765625,-248.82037353515625
1750930074.9635808,0.0,0.5,"[174.0, 185.0, 190.0, 161.0, 156.0, 151.0, 148.0, 166.0, 185.0, 174.0]",18.11851692199707,0.0,-17.5712890625,0.0005741119384765625,-248.8143310546875
1750930074.978395,0.0,0.5,"[174.0, 185.0, 190.0, 161.0, 157.0, 151.0, 148.0, 166.0, 185.0, 174.0]",18.422204971313477,0.0,-17.202911376953125,0.0005741119384765625,-248.8084716796875
1750930074.9934454,0.0,0.5,"[174.0, 185.0, 190.0, 161.0, 157.0, 151.0, 148.0, 165.0, 185.0, 174.0]",18.21347999572754,0.0,-16.83868408203125,0.0005741119384765625,-248.802734375
1750930075.0316234,0.0,0.5,"[174.0, 185.0, 190.0, 161.0, 157.0, 151.0, 148.0, 165.0, 185.0, 174.0]",18.54730796813965,0.0,-16.4677734375,0.0005741119384765625,-248.79666137695312
1750930075.046543,0.0,0.5,"[174.0, 185.0, 190.0, 161.0, 157.0, 151.0, 148.0, 165.0, 185.0, 174.0]",18.222612380981445,0.0,-16.1033935546875,0.0005741119384765625,-248.79061889648438
1750930075.061633,0.0,0.5,"[174.0, 185.0, 190.0, 161.0, 157.0, 151.0, 148.0, 165.0, 185.0, 174.0]",18.56101417541504,0.0,-15.732208251953125,0.0005741119384765625,-248.78460693359375
1750930075.0767827,0.0,0.5,"[174.0, 185.0, 190.0, 161.0, 157.0, 151.0, 148.0, 165.0, 185.0, 174.0]",18.339282989501953,0.0,-15.365478515625,0.0005741119384765625,-248.7786865234375
1750930075.1030047,0.0,0.5,"[174.0, 185.0, 190.0, 161.0, 157.0, 151.0, 148.0, 165.0, 185.0, 174.0]",18.74989128112793,0.0,-14.990509033203125,0.0005741119384765625,-248.7725830078125
1750930075.1186001,0.0,0.5,"[174.0, 185.0, 190.0, 161.0, 157.0, 151.0, 148.0, 165.0, 185.0, 174.0]",18.275426864624023,0.0,-14.62506103515625,0.0005741119384765625,-248.76666259765625
1750930075.1336167,0.0,0.5,"[174.0, 185.0, 190.0, 161.0, 157.0, 151.0, 148.0, 165.0, 185.0, 174.0]",18.672590255737305,0.0,-14.251678466796875,0.0005741119384765625,-248.76055908203125
1750930075.1712008,0.0,0.5,"[174.0, 185.0, 190.0, 161.0, 157.0, 151.0, 148.0, 165.0, 185.0, 174.0]",18.578922271728516,0.0,-13.880126953125,0.0005741119384765625,-248.75445556640625
1750930075.186672,0.0,0.5,"[174.0, 185.0, 192.0, 161.0, 157.0, 151.0, 148.0, 165.0, 185.0, 174.0]",18.837791442871094,0.0,-13.50341796875,0.0005741119384765625,-248.74832153320312
1750930075.2015371,0.0,0.5,"[174.0, 185.0, 190.0, 161.0, 157.0, 151.0, 148.0, 165.0, 185.0, 174.0]",18.494211196899414,0.0,-13.13360595703125,0.0005741119384765625,-248.74224853515625
1750930075.2168005,0.0,0.5,"[174.0, 185.0, 192.0, 161.0, 157.0, 151.0, 148.0, 165.0, 185.0, 174.0]",18.81190299987793,0.0,-12.757415771484375,0.0005741119384765625,-248.7362060546875
1750930075.2434158,0.0,0.5,"[174.0, 185.0, 192.0, 162.0, 157.0, 151.0, 148.0, 165.0, 185.0, 174.0]",18.733327865600586,0.0,-12.382781982421875,0.0005741119384765625,-248.730224609375
1750930075.2589889,0.0,0.5,"[174.0, 185.0, 192.0, 162.0, 157.0, 151.0, 148.0, 165.0, 185.0, 174.0]",18.977933883666992,0.0,-12.003265380859375,0.0005741119384765625,-248.72402954101562
1750930075.2739716,0.0,0.5,"[174.0, 185.0, 192.0, 162.0, 157.0, 151.0, 148.0, 165.0, 185.0, 174.0]",18.668785095214844,0.0,-11.62994384765625,0.0005741119384765625,-248.718017578125
1750930075.3118978,0.0,0.5,"[174.0, 185.0, 192.0, 162.0, 157.0, 151.0, 148.0, 165.0, 185.0, 174.0]",18.88766098022461,0.0,-11.25225830078125,0.0005741119384765625,-248.71173095703125
1750930075.3272352,0.0,0.5,"[174.0, 185.0, 192.0, 162.0, 157.0, 151.0, 148.0, 164.0, 185.0, 174.0]",18.91828155517578,0.0,-10.873931884765625,0.0005741119384765625,-248.70562744140625
1750930075.3422468,0.0,0.5,"[174.0, 185.0, 192.0, 162.0, 157.0, 151.0, 148.0, 164.0, 185.0, 174.0]",19.00620460510254,0.0,-10.493865966796875,0.0005741119384765625,-248.69931030273438
1750930075.3571737,0.0,0.5,"[174.0, 185.0, 192.0, 162.0, 157.0, 151.0, 148.0, 164.0, 185.0, 174.0]",18.815427780151367,0.0,-10.11761474609375,0.0005741119384765625,-248.693359375
1750930075.3836002,0.0,0.5,"[174.0, 185.0, 192.0, 162.0, 157.0, 151.0, 148.0, 164.0, 185.0, 174.0]",19.134841918945312,0.0,-9.734954833984375,0.0005741119384765625,-248.68707275390625
1750930075.3984768,0.0,0.5,"[174.0, 185.0, 192.0, 162.0, 157.0, 151.0, 148.0, 164.0, 185.0, 174.0]",18.908645629882812,0.0,-9.356842041015625,0.0005741119384765625,-248.680908203125
1750930075.4131413,0.0,0.5,"[174.0, 185.0, 192.0, 162.0, 157.0, 151.0, 148.0, 164.0, 185.0, 174.0]",19.24951171875,0.0,-8.971893310546875,0.0005741119384765625,-248.674560546875
1750930075.450969,0.0,0.5,"[174.0, 185.0, 192.0, 162.0, 157.0, 150.0, 148.0, 164.0, 185.0, 174.0]",18.907506942749023,0.0,-8.593780517578125,0.0005741119384765625,-248.66842651367188
1750930075.4662209,0.0,0.5,"[174.0, 185.0, 192.0, 162.0, 157.0, 150.0, 147.0, 164.0, 185.0, 174.0]",19.307018280029297,0.0,-8.20770263671875,0.0005741119384765625,-248.66204833984375
1750930075.4809668,0.0,0.5,"[174.0, 185.0, 192.0, 162.0, 157.0, 151.0, 148.0, 164.0, 185.0, 174.0]",19.04652976989746,0.0,-7.82684326171875,0.0005741119384765625,-248.65560913085938
1750930075.4968414,0.0,0.5,"[174.0, 185.0, 192.0, 162.0, 157.0, 150.0, 147.0, 164.0, 185.0, 174.0]",19.33875274658203,0.0,-7.440093994140625,0.0005741119384765625,-248.64938354492188
1750930075.5235066,0.0,0.5,"[174.0, 185.0, 192.0, 162.0, 157.0, 150.0, 147.0, 164.0, 185.0, 174.0]",19.1610107421875,0.0,-7.05694580078125,0.0005741119384765625,-248.64328002929688
1750930075.5385005,0.0,0.5,"[174.0, 185.0, 192.0, 162.0, 157.0, 150.0, 147.0, 164.0, 185.0, 174.0]",19.461719512939453,0.0,-6.667755126953125,0.0005741119384765625,-248.63693237304688
1750930075.5533237,0.0,0.5,"[174.0, 185.0, 192.0, 162.0, 157.0, 150.0, 147.0, 164.0, 185.0, 174.0]",19.101177215576172,0.0,-6.285797119140625,0.0005741119384765625,-248.630615234375
1750930075.5909007,0.0,0.5,"[174.0, 185.0, 192.0, 162.0, 157.0, 150.0, 147.0, 164.0, 185.0, 174.0]",19.43488311767578,0.0,-5.897125244140625,0.0005741119384765625,-248.62432861328125
1750930075.6058908,0.0,0.5,"[174.0, 185.0, 192.0, 162.0, 157.0, 150.0, 147.0, 164.0, 185.0, 174.0]",19.386245727539062,0.0,-5.50946044921875,0.0005741119384765625,-248.61807250976562
1750930075.622098,0.0,0.5,"[174.0, 185.0, 192.0, 162.0, 157.0, 150.0, 147.0, 164.0, 185.0, 174.0]",19.546274185180664,0.0,-5.11859130859375,0.0005741119384765625,-248.61166381835938
1750930075.6385567,0.0,0.5,"[174.0, 185.0, 192.0, 162.0, 157.0, 150.0, 147.0, 164.0, 185.0, 174.0]",19.374011993408203,0.0,-4.731170654296875,0.0005741119384765625,-248.6053466796875
1750930075.655319,0.0,0.5,"[174.0, 185.0, 192.0, 162.0, 157.0, 150.0, 147.0, 164.0, 185.0, 174.0]",19.6358699798584,0.0,-4.3385009765625,0.0005741119384765625,-248.59881591796875
1750930075.6974413,0.0,0.5,"[174.0, 185.0, 192.0, 162.0, 157.0, 150.0, 147.0, 164.0, 185.0, 174.0]",19.43219757080078,0.0,-3.949920654296875,0.0005741119384765625,-248.5924072265625
1750930075.714253,0.0,0.5,"[174.0, 185.0, 192.0, 162.0, 157.0, 150.0, 147.0, 164.0, 185.0, 174.0]",19.600351333618164,0.0,-3.557952880859375,0.0005741119384765625,-248.5859375
1750930075.7161376,0.0,0.5,"[174.0, 185.0, 192.0, 162.0, 157.0, 150.0, 147.0, 164.0, 185.0, 174.0]",19.58614158630371,0.0,-3.166290283203125,0.0005741119384765625,-248.57958984375
1750930075.7442358,0.0,0.5,"[174.0, 185.0, 192.0, 162.0, 157.0, 150.0, 147.0, 164.0, 185.0, 174.0]",19.709327697753906,0.0,-2.77215576171875,0.0005741119384765625,-248.57305908203125
1750930075.7594967,0.0,0.5,"[174.0, 185.0, 192.0, 162.0, 157.0, 150.0, 147.0, 163.0, 185.0, 174.0]",19.491050720214844,0.0,-2.38238525390625,0.0005741119384765625,-248.56683349609375
1750930075.7741125,0.0,0.5,"[174.0, 185.0, 192.0, 162.0, 157.0, 150.0, 147.0, 163.0, 185.0, 174.0]",19.79656410217285,0.0,-1.98651123046875,0.0005741119384765625,-248.56033325195312
1750930075.8122215,0.0,0.5,"[174.0, 185.0, 192.0, 162.0, 157.0, 150.0, 147.0, 163.0, 185.0, 174.0]",19.687490463256836,0.0,-1.592803955078125,0.0005741119384765625,-248.55386352539062
1750930075.8280869,0.0,0.5,"[174.0, 185.0, 192.0, 162.0, 157.0, 150.0, 147.0, 163.0, 185.0, 174.0]",19.930461883544922,0.0,-1.194244384765625,0.0005741119384765625,-248.54730224609375
1750930075.8429995,0.0,0.5,"[174.0, 185.0, 192.0, 162.0, 157.0, 150.0, 147.0, 163.0, 185.0, 174.0]",19.642860412597656,0.0,-0.80145263671875,0.0005741119384765625,-248.54098510742188
1750930075.8577785,0.0,0.5,"[174.0, 185.0, 192.0, 162.0, 157.0, 150.0, 147.0, 163.0, 185.0, 174.0]",19.86060905456543,0.0,-0.404296875,0.0005741119384765625,-248.53439331054688
1750930075.873093,0.0,0.5,"[174.0, 185.0, 192.0, 162.0, 157.0, 150.0, 147.0, 162.0, 185.0, 174.0]",19.87708854675293,0.0,-0.006805419921875,0.0005741119384765625,-248.5279541015625
1750930075.9112227,0.0,0.5,"[174.0, 185.0, 192.0, 162.0, 157.0, 150.0, 147.0, 163.0, 185.0, 174.0]",19.987058639526367,0.0,0.39288330078125,0.0005741119384765625,-248.52133178710938
1750930075.9258442,0.0,0.5,"[174.0, 185.0, 192.0, 162.0, 157.0, 150.0, 147.0, 162.0, 185.0, 174.0]",19.78619384765625,0.0,0.78857421875,0.0005741119384765625,-248.51507568359375
1750930075.9406939,0.0,0.5,"[174.0, 185.0, 192.0, 162.0, 157.0, 150.0, 147.0, 162.0, 185.0, 174.0]",20.069555282592773,0.0,1.189910888671875,0.0005741119384765625,-248.50848388671875
1750930075.9559896,0.0,0.5,"[174.0, 185.0, 192.0, 162.0, 157.0, 150.0, 147.0, 162.0, 185.0, 174.0]",19.952064514160156,0.0,1.588897705078125,0.0005741119384765625,-248.50189208984375
1750930075.9952028,0.0,0.5,"[174.0, 185.0, 192.0, 162.0, 157.0, 150.0, 147.0, 162.0, 185.0, 174.0]",20.086036682128906,0.0,1.99053955078125,0.0005741119384765625,-248.49530029296875
1750930076.011219,0.0,0.5,"[174.0, 185.0, 192.0, 162.0, 157.0, 150.0, 146.0, 162.0, 185.0, 174.0]",19.98523712158203,0.0,2.39019775390625,0.0005741119384765625,-248.489013671875
1750930076.0273395,0.0,0.5,"[174.0, 185.0, 192.0, 162.0, 157.0, 150.0, 146.0, 162.0, 185.0, 174.0]",20.215476989746094,0.0,2.794464111328125,0.0005741119384765625,-248.48236083984375
1750930076.0442333,0.0,0.5,"[174.0, 185.0, 192.0, 162.0, 157.0, 150.0, 146.0, 162.0, 185.0, 174.0]",20.05853271484375,0.0,3.195587158203125,0.0005741119384765625,-248.475830078125
1750930076.060057,0.0,0.5,"[174.0, 185.0, 192.0, 162.0, 157.0, 150.0, 146.0, 162.0, 185.0, 174.0]",20.23273468017578,0.0,3.600189208984375,0.0005741119384765625,-248.4691162109375
1750930076.076039,0.0,0.5,"[174.0, 185.0, 192.0, 162.0, 157.0, 150.0, 146.0, 162.0, 185.0, 174.0]",20.090925216674805,0.0,4.001953125,0.0005741119384765625,-248.462646484375
1750930076.1039696,0.0,0.5,"[174.0, 185.0, 192.0, 162.0, 157.0, 150.0, 146.0, 162.0, 185.0, 174.0]",20.333816528320312,0.0,4.4085693359375,0.0005741119384765625,-248.4560546875
1750930076.1201665,0.0,0.5,"[174.0, 185.0, 193.0, 162.0, 157.0, 150.0, 146.0, 162.0, 185.0, 174.0]",20.225034713745117,0.0,4.813018798828125,0.0005741119384765625,-248.4495849609375
1750930076.1362257,0.0,0.5,"[174.0, 185.0, 192.0, 162.0, 157.0, 150.0, 146.0, 162.0, 185.0, 174.0]",20.397899627685547,0.0,5.220916748046875,0.0005741119384765625,-248.44284057617188
1750930076.162986,0.0,0.5,"[174.0, 185.0, 193.0, 162.0, 157.0, 150.0, 146.0, 162.0, 185.0, 174.0]",20.20047950744629,0.0,5.6248779296875,0.0005741119384765625,-248.43634033203125
1750930076.1785324,0.0,0.5,"[174.0, 185.0, 193.0, 162.0, 157.0, 150.0, 146.0, 162.0, 185.0, 174.0]",20.42455291748047,0.0,6.0333251953125,0.000576019287109375,-248.42965698242188
1750930076.193204,0.0,0.5,"[174.0, 185.0, 193.0, 162.0, 157.0, 150.0, 146.0, 162.0, 185.0, 174.0]",20.35574722290039,0.0,6.44036865234375,0.000576019287109375,-248.42315673828125
1750930076.2310464,0.0,0.5,"[174.0, 185.0, 193.0, 162.0, 157.0, 150.0, 146.0, 162.0, 185.0, 174.0]",20.499849319458008,0.0,6.850311279296875,0.0005741119384765625,-248.4163818359375
1750930076.2458405,0.0,0.5,"[174.0, 185.0, 193.0, 162.0, 157.0, 150.0, 146.0, 162.0, 185.0, 174.0]",20.354650497436523,0.0,7.257354736328125,0.0005741119384765625,-248.40985107421875
1750930076.2608728,0.0,0.5,"[174.0, 185.0, 193.0, 162.0, 157.0, 150.0, 146.0, 162.0, 185.0, 174.0]",20.61425018310547,0.0,7.669586181640625,0.0005741119384765625,-248.40313720703125
1750930076.275749,0.0,0.5,"[174.0, 185.0, 193.0, 162.0, 157.0, 150.0, 146.0, 161.0, 185.0, 174.0]",20.45496940612793,0.0,8.078643798828125,0.0005741119384765625,-248.3966064453125
1750930076.3132052,0.0,0.5,"[174.0, 185.0, 193.0, 162.0, 157.0, 150.0, 146.0, 161.0, 185.0, 174.0]",20.644733428955078,0.0,8.491485595703125,0.0005741119384765625,-248.3897705078125
1750930076.3287416,0.0,0.5,"[174.0, 185.0, 193.0, 162.0, 157.0, 150.0, 146.0, 161.0, 185.0, 174.0]",20.490840911865234,0.0,8.9012451171875,0.0005741119384765625,-248.3831787109375
1750930076.3444622,0.0,0.5,"[174.0, 185.0, 193.0, 162.0, 157.0, 150.0, 146.0, 161.0, 185.0, 174.0]",20.70305061340332,0.0,9.31524658203125,0.0005741119384765625,-248.37646484375
1750930076.360525,0.0,0.5,"[174.0, 185.0, 193.0, 162.0, 157.0, 150.0, 146.0, 161.0, 185.0, 174.0]",20.639333724975586,0.0,9.72796630859375,0.0005741119384765625,-248.36990356445312
1750930076.3768284,0.0,0.5,"[174.0, 185.0, 193.0, 162.0, 157.0, 150.0, 146.0, 161.0, 185.0, 174.0]",20.765012741088867,0.0,10.143218994140625,0.0005741119384765625,-248.363037109375
1750930076.4039764,0.0,0.5,"[174.0, 185.0, 193.0, 162.0, 157.0, 150.0, 146.0, 161.0, 185.0, 174.0]",20.611244201660156,0.0,10.555389404296875,0.0005741119384765625,-248.35641479492188
1750930076.4193525,0.0,0.5,"[174.0, 185.0, 193.0, 162.0, 157.0, 150.0, 146.0, 161.0, 185.0, 174.0]",20.879762649536133,0.0,10.972930908203125,0.0005741119384765625,-248.349609375
1750930076.4344764,0.0,0.5,"[174.0, 185.0, 193.0, 162.0, 157.0, 150.0, 146.0, 161.0, 185.0, 174.0]",20.705036163330078,0.0,11.386993408203125,0.0005741119384765625,-248.34292602539062
1750930076.47232,0.0,0.5,"[174.0, 185.0, 193.0, 162.0, 157.0, 150.0, 146.0, 161.0, 185.0, 174.0]",20.873687744140625,0.0,11.80438232421875,0.000576019287109375,-248.3360595703125
1750930076.4874258,0.0,0.5,"[174.0, 185.0, 193.0, 162.0, 157.0, 150.0, 146.0, 161.0, 185.0, 174.0]",20.77037811279297,0.0,12.219757080078125,0.000576019287109375,-248.32940673828125
1750930076.502534,0.0,0.5,"[174.0, 185.0, 193.0, 162.0, 157.0, 150.0, 146.0, 161.0, 185.0, 174.0]",21.01754379272461,0.0,12.640045166015625,0.000576019287109375,-248.3226318359375
1750930076.5175874,0.0,0.5,"[174.0, 185.0, 193.0, 162.0, 157.0, 150.0, 146.0, 161.0, 185.0, 174.0]",20.82249641418457,0.0,13.056427001953125,0.000576019287109375,-248.31588745117188
1750930076.5327423,0.0,0.5,"[174.0, 185.0, 193.0, 162.0, 157.0, 150.0, 146.0, 161.0, 185.0, 174.0]",21.03127670288086,0.0,13.477020263671875,0.000576019287109375,-248.30902099609375
1750930076.571442,0.0,0.5,"[174.0, 185.0, 193.0, 163.0, 157.0, 150.0, 146.0, 160.0, 185.0, 174.0]",20.925264358520508,0.0,13.895477294921875,0.000576019287109375,-248.3023681640625
1750930076.5867608,0.0,0.5,"[174.0, 185.0, 193.0, 162.0, 157.0, 150.0, 146.0, 160.0, 185.0, 174.0]",21.063718795776367,0.0,14.316680908203125,0.000576019287109375,-248.29541015625
1750930076.6018007,0.0,0.5,"[174.0, 185.0, 193.0, 162.0, 157.0, 150.0, 146.0, 160.0, 185.0, 174.0]",20.951221466064453,0.0,14.73565673828125,0.000576019287109375,-248.28863525390625
1750930076.6169076,0.0,0.5,"[174.0, 185.0, 193.0, 162.0, 157.0, 150.0, 146.0, 160.0, 185.0, 174.0]",21.199111938476562,0.0,15.159576416015625,0.000576019287109375,-248.28173828125
1750930076.6445034,0.0,0.5,"[174.0, 185.0, 193.0, 163.0, 157.0, 150.0, 145.0, 160.0, 185.0, 174.0]",21.02517318725586,0.0,15.58001708984375,0.000576019287109375,-248.27496337890625
1750930076.6599052,0.0,0.5,"[174.0, 185.0, 193.0, 163.0, 157.0, 150.0, 145.0, 160.0, 185.0, 174.0]",21.22078514099121,0.0,16.00439453125,0.000576019287109375,-248.26800537109375
1750930076.6748252,0.0,0.5,"[174.0, 185.0, 193.0, 163.0, 157.0, 149.0, 145.0, 159.0, 185.0, 174.0]",21.096012115478516,0.0,16.426239013671875,0.000576019287109375,-248.26126098632812
1750930076.713813,0.0,0.5,"[174.0, 185.0, 193.0, 163.0, 157.0, 150.0, 145.0, 159.0, 185.0, 174.0]",21.273771286010742,0.0,16.851654052734375,0.000576019287109375,-248.25430297851562
1750930076.7296488,0.0,0.5,"[174.0, 185.0, 193.0, 163.0, 157.0, 149.0, 145.0, 159.0, 185.0, 174.0]",21.12617301940918,0.0,17.274139404296875,0.000576019287109375,-248.24758911132812
1750930076.7450962,0.0,0.5,"[174.0, 185.0, 193.0, 163.0, 157.0, 149.0, 145.0, 159.0, 185.0, 174.0]",21.38694190979004,0.0,17.701812744140625,0.000576019287109375,-248.24066162109375
1750930076.7602396,0.0,0.5,"[174.0, 185.0, 193.0, 163.0, 157.0, 149.0, 145.0, 159.0, 185.0, 174.0]",21.226255416870117,0.0,18.12628173828125,0.000576019287109375,-248.23388671875
1750930076.7759218,0.0,0.5,"[174.0, 185.0, 193.0, 163.0, 157.0, 149.0, 145.0, 159.0, 185.0, 174.0]",21.389402389526367,0.0,18.55401611328125,0.000576019287109375,-248.22689819335938
1750930076.814208,0.0,0.5,"[174.0, 185.0, 193.0, 163.0, 157.0, 149.0, 145.0, 159.0, 185.0, 174.0]",21.26396369934082,0.0,18.979248046875,0.000576019287109375,-248.22012329101562
1750930076.8293257,0.0,0.5,"[174.0, 185.0, 193.0, 163.0, 157.0, 149.0, 145.0, 159.0, 185.0, 174.0]",21.50130844116211,0.0,19.409210205078125,0.000576019287109375,-248.21319580078125
1750930076.8449667,0.0,0.5,"[174.0, 185.0, 193.0, 163.0, 157.0, 149.0, 145.0, 159.0, 185.0, 174.0]",21.366226196289062,0.0,19.83648681640625,0.000576019287109375,-248.206298828125
1750930076.8600936,0.0,0.5,"[174.0, 185.0, 193.0, 163.0, 157.0, 149.0, 145.0, 159.0, 185.0, 174.0]",21.509431838989258,0.0,20.266632080078125,0.0005741119384765625,-248.19927978515625
1750930076.8752584,0.0,0.5,"[174.0, 185.0, 193.0, 163.0, 157.0, 149.0, 145.0, 159.0, 185.0, 174.0]",21.38408088684082,0.0,20.694244384765625,0.000576019287109375,-248.1925048828125
1750930076.9136765,0.0,0.5,"[174.0, 185.0, 193.0, 163.0, 157.0, 149.0, 145.0, 159.0, 185.0, 174.0]",21.657367706298828,0.0,21.127349853515625,0.000576019287109375,-248.18551635742188
1750930076.9282475,0.0,0.5,"[174.0, 185.0, 193.0, 163.0, 157.0, 149.0, 145.0, 159.0, 185.0, 174.0]",21.437984466552734,0.0,21.5560302734375,0.000576019287109375,-248.17864990234375
1750930076.943281,0.0,0.5,"[174.0, 185.0, 193.0, 163.0, 157.0, 149.0, 145.0, 159.0, 185.0, 174.0]",21.636606216430664,0.0,21.98870849609375,0.000576019287109375,-248.17153930664062
1750930076.958464,0.0,0.5,"[174.0, 185.0, 193.0, 163.0, 157.0, 149.0, 145.0, 159.0, 185.0, 174.0]",21.551712036132812,0.0,22.419708251953125,0.000576019287109375,-248.1646728515625
1750930076.9735236,0.0,0.5,"[174.0, 185.0, 193.0, 163.0, 157.0, 149.0, 145.0, 159.0, 185.0, 174.0]",21.73870277404785,0.0,22.854400634765625,0.000576019287109375,-248.1575927734375
1750930077.0124583,0.0,0.5,"[174.0, 185.0, 193.0, 163.0, 157.0, 149.0, 145.0, 159.0, 185.0, 174.0]",21.60894203186035,0.0,23.286529541015625,0.000576019287109375,-248.150634765625
1750930077.0276265,0.0,0.5,"[174.0, 185.0, 193.0, 163.0, 157.0, 149.0, 145.0, 159.0, 185.0, 174.0]",21.7535400390625,0.0,23.7215576171875,0.000576019287109375,-248.1435546875
1750930077.0426626,0.0,0.5,"[174.0, 185.0, 193.0, 163.0, 157.0, 149.0, 144.0, 158.0, 185.0, 174.0]",21.646503448486328,0.0,24.1544189453125,0.000576019287109375,-248.13671875
1750930077.0576265,0.0,0.5,"[174.0, 185.0, 193.0, 163.0, 157.0, 149.0, 144.0, 158.0, 185.0, 174.0]",21.898914337158203,0.0,24.59234619140625,0.000576019287109375,-248.12957763671875
1750930077.0726783,0.0,0.5,"[174.0, 185.0, 194.0, 163.0, 157.0, 149.0, 144.0, 158.0, 185.0, 174.0]",21.702219009399414,0.0,25.026336669921875,0.000576019287109375,-248.12258911132812
1750930077.1109278,0.0,0.5,"[174.0, 185.0, 193.0, 163.0, 157.0, 149.0, 144.0, 158.0, 185.0, 174.0]",21.88665008544922,0.0,25.464019775390625,0.000576019287109375,-248.11541748046875
1750930077.1266088,0.0,0.5,"[174.0, 185.0, 194.0, 163.0, 157.0, 149.0, 144.0, 158.0, 185.0, 174.0]",21.79819679260254,0.0,25.89990234375,0.000576019287109375,-248.10848999023438
1750930077.1417296,0.0,0.5,"[174.0, 185.0, 194.0, 163.0, 157.0, 149.0, 144.0, 158.0, 185.0, 174.0]",21.9779109954834,0.0,26.33941650390625,0.000576019287109375,-248.101318359375
1750930077.1568422,0.0,0.5,"[174.0, 185.0, 194.0, 163.0, 157.0, 149.0, 144.0, 158.0, 185.0, 174.0]",21.850940704345703,0.0,26.7763671875,0.000576019287109375,-248.09429931640625
1750930077.1834114,0.0,0.5,"[174.0, 185.0, 194.0, 163.0, 157.0, 149.0, 144.0, 158.0, 185.0, 174.0]",21.999055862426758,0.0,27.21630859375,0.000576019287109375,-248.087158203125
1750930077.1986146,0.0,0.5,"[174.0, 185.0, 194.0, 163.0, 157.0, 149.0, 144.0, 158.0, 185.0, 174.0]",21.89352798461914,0.0,27.65411376953125,0.000576019287109375,-248.08026123046875
1750930077.213907,0.0,0.5,"[174.0, 185.0, 194.0, 163.0, 157.0, 149.0, 144.0, 158.0, 185.0, 174.0]",22.14382553100586,0.0,28.096923828125,0.000576019287109375,-248.07308959960938
1750930077.253033,0.0,0.5,"[174.0, 185.0, 194.0, 163.0, 157.0, 149.0, 144.0, 158.0, 185.0, 174.0]",21.943801879882812,0.0,28.5357666015625,0.000576019287109375,-248.0660400390625
1750930077.2681298,0.0,0.5,"[174.0, 185.0, 194.0, 163.0, 157.0, 149.0, 144.0, 158.0, 185.0, 174.0]",22.13069725036621,0.0,28.978302001953125,0.000576019287109375,-248.05880737304688
1750930077.2831876,0.0,0.5,"[174.0, 185.0, 195.0, 163.0, 157.0, 149.0, 144.0, 158.0, 185.0, 174.0]",22.0382137298584,0.0,29.41900634765625,0.000576019287109375,-248.05181884765625
1750930077.2982519,0.0,0.5,"[174.0, 185.0, 195.0, 163.0, 157.0, 149.0, 144.0, 158.0, 185.0, 174.0]",22.22692108154297,0.0,29.863494873046875,0.000576019287109375,-248.04461669921875
1750930077.3140488,0.0,0.5,"[174.0, 185.0, 195.0, 163.0, 157.0, 149.0, 144.0, 158.0, 185.0, 174.0]",22.093963623046875,0.0,30.305328369140625,0.000576019287109375,-248.03753662109375
1750930077.3524528,0.0,0.5,"[174.0, 185.0, 195.0, 163.0, 157.0, 149.0, 144.0, 158.0, 185.0, 174.0]",22.244062423706055,0.0,30.750152587890625,0.000576019287109375,-248.0302734375
1750930077.3680482,0.0,0.5,"[174.0, 185.0, 195.0, 163.0, 157.0, 149.0, 144.0, 158.0, 185.0, 174.0]",22.131755828857422,0.0,31.192718505859375,0.000576019287109375,-248.0233154296875
1750930077.3829632,0.0,0.5,"[174.0, 185.0, 195.0, 163.0, 157.0, 149.0, 144.0, 156.0, 185.0, 174.0]",22.38307762145996,0.0,31.64031982421875,0.000576019287109375,-248.01605224609375
1750930077.398056,0.0,0.5,"[174.0, 185.0, 195.0, 163.0, 157.0, 149.0, 144.0, 156.0, 185.0, 174.0]",22.188932418823242,0.0,32.08404541015625,0.000576019287109375,-248.00894165039062
1750930077.413398,0.0,0.5,"[174.0, 185.0, 195.0, 163.0, 157.0, 149.0, 144.0, 156.0, 185.0, 174.0]",22.372724533081055,0.0,32.53143310546875,0.000576019287109375,-248.00164794921875
1750930077.4529564,0.0,0.5,"[174.0, 185.0, 195.0, 163.0, 157.0, 149.0, 144.0, 156.0, 185.0, 174.0]",22.27549171447754,0.0,32.976898193359375,0.000576019287109375,-247.99459838867188
1750930077.4689074,0.0,0.5,"[174.0, 185.0, 195.0, 163.0, 157.0, 149.0, 144.0, 156.0, 185.0, 174.0]",22.464937210083008,0.0,33.426116943359375,0.000576019287109375,-247.9873046875
1750930077.4849806,0.0,0.5,"[174.0, 185.0, 195.0, 163.0, 157.0, 149.0, 144.0, 156.0, 185.0, 174.0]",22.33165168762207,0.0,33.872711181640625,0.000576019287109375,-247.98016357421875
1750930077.5009868,0.0,0.5,"[174.0, 185.0, 195.0, 163.0, 157.0, 149.0, 144.0, 156.0, 185.0, 174.0]",22.484161376953125,0.0,34.32232666015625,0.000576019287109375,-247.97283935546875
1750930077.516716,0.0,0.5,"[174.0, 185.0, 195.0, 163.0, 157.0, 149.0, 144.0, 156.0, 185.0, 174.0]",22.37226676940918,0.0,34.76971435546875,0.000576019287109375,-247.96578979492188
1750930077.5439107,0.0,0.5,"[174.0, 185.0, 195.0, 163.0, 157.0, 149.0, 144.0, 156.0, 185.0, 174.0]",22.618274688720703,0.0,35.222015380859375,0.000576019287109375,-247.95849609375
1750930077.559184,0.0,0.5,"[174.0, 185.0, 195.0, 163.0, 157.0, 149.0, 144.0, 156.0, 185.0, 174.0]",22.428314208984375,0.0,35.6705322265625,0.000576019287109375,-247.95132446289062
1750930077.5751536,0.0,0.5,"[174.0, 185.0, 195.0, 163.0, 157.0, 149.0, 144.0, 156.0, 185.0, 174.0]",22.610414505004883,0.0,36.1226806640625,0.000576019287109375,-247.9439697265625
1750930077.6149893,0.0,0.5,"[174.0, 185.0, 195.0, 163.0, 157.0, 149.0, 143.0, 156.0, 185.0, 174.0]",22.504308700561523,0.0,36.572723388671875,0.000576019287109375,-247.93685913085938
1750930077.6302319,0.0,0.5,"[174.0, 185.0, 195.0, 163.0, 157.0, 149.0, 143.0, 156.0, 185.0, 174.0]",22.711645126342773,0.0,37.026885986328125,0.000576019287109375,-247.92950439453125
1750930077.64628,0.0,0.5,"[174.0, 185.0, 195.0, 163.0, 157.0, 148.0, 143.0, 156.0, 185.0, 174.0]",22.567420959472656,0.0,37.478179931640625,0.000576019287109375,-247.92230224609375
1750930077.6622744,0.0,0.5,"[174.0, 185.0, 195.0, 163.0, 157.0, 149.0, 143.0, 156.0, 185.0, 174.0]",22.72079849243164,0.0,37.932525634765625,0.000576019287109375,-247.9149169921875
1750930077.678377,0.0,0.5,"[174.0, 185.0, 195.0, 163.0, 157.0, 148.0, 143.0, 156.0, 185.0, 174.0]",22.608613967895508,0.0,38.3846435546875,0.000576019287109375,-247.90777587890625
1750930077.6944222,0.0,0.5,"[174.0, 185.0, 195.0, 163.0, 157.0, 148.0, 143.0, 155.0, 185.0, 174.0]",22.851865768432617,0.0,38.84161376953125,0.000576019287109375,-247.90045166015625
1750930077.7348313,0.0,0.5,"[174.0, 185.0, 195.0, 163.0, 157.0, 148.0, 143.0, 155.0, 185.0, 174.0]",22.665143966674805,0.0,39.29486083984375,0.000576019287109375,-247.8931884765625
1750930077.7506835,0.0,0.5,"[174.0, 185.0, 195.0, 163.0, 157.0, 148.0, 143.0, 155.0, 185.0, 174.0]",22.847929000854492,0.0,39.75177001953125,0.0005779266357421875,-247.8857421875
1750930077.766783,0.0,0.5,"[174.0, 185.0, 195.0, 163.0, 157.0, 148.0, 143.0, 155.0, 185.0, 174.0]",22.734182357788086,0.0,40.206390380859375,0.0005779266357421875,-247.87857055664062
1750930077.782745,0.0,0.5,"[174.0, 185.0, 195.0, 163.0, 157.0, 148.0, 143.0, 155.0, 185.0, 174.0]",22.944087982177734,0.0,40.66522216796875,0.0005779266357421875,-247.87115478515625
1750930077.798263,0.0,0.5,"[174.0, 185.0, 195.0, 163.0, 157.0, 148.0, 143.0, 155.0, 185.0, 174.0]",22.799047470092773,0.0,41.121124267578125,0.0005779266357421875,-247.8638916015625
1750930077.813633,0.0,0.5,"[174.0, 185.0, 195.0, 163.0, 157.0, 148.0, 143.0, 155.0, 185.0, 174.0]",22.955724716186523,0.0,41.580169677734375,0.0005779266357421875,-247.8564453125
1750930077.8533957,0.0,0.5,"[174.0, 185.0, 195.0, 163.0, 157.0, 148.0, 143.0, 155.0, 185.0, 174.0]",22.841062545776367,0.0,42.036956787109375,0.0005779266357421875,-247.8492431640625
1750930077.8697906,0.0,0.5,"[174.0, 185.0, 195.0, 163.0, 157.0, 148.0, 143.0, 155.0, 185.0, 174.0]",23.080820083618164,0.0,42.498504638671875,0.000576019287109375,-247.841796875
1750930077.8853226,0.0,0.5,"[174.0, 185.0, 195.0, 163.0, 157.0, 148.0, 143.0, 155.0, 185.0, 174.0]",22.900104522705078,0.0,42.956451416015625,0.000576019287109375,-247.83450317382812
1750930077.9013476,0.0,0.5,"[174.0, 185.0, 195.0, 163.0, 157.0, 148.0, 143.0, 155.0, 185.0, 174.0]",23.08040428161621,0.0,43.417999267578125,0.000576019287109375,-247.8270263671875
1750930077.9163668,0.0,0.5,"[174.0, 185.0, 195.0, 163.0, 157.0, 148.0, 143.0, 155.0, 185.0, 174.0]",22.959840774536133,0.0,43.87713623046875,0.000576019287109375,-247.81976318359375
1750930077.9441307,0.0,0.5,"[174.0, 185.0, 195.0, 163.0, 157.0, 148.0, 143.0, 155.0, 185.0, 174.0]",23.177743911743164,0.0,44.34063720703125,0.000576019287109375,-247.81228637695312
1750930077.9599674,0.0,0.5,"[174.0, 185.0, 195.0, 163.0, 157.0, 148.0, 142.0, 155.0, 185.0, 174.0]",23.02849769592285,0.0,44.8011474609375,0.000576019287109375,-247.804931640625
1750930077.9759986,0.0,0.5,"[174.0, 185.0, 195.0, 163.0, 157.0, 148.0, 142.0, 155.0, 185.0, 174.0]",23.188560485839844,0.0,45.264862060546875,0.000576019287109375,-247.79742431640625
1750930078.0158372,0.0,0.5,"[174.0, 185.0, 195.0, 163.0, 157.0, 148.0, 142.0, 154.0, 185.0, 174.0]",23.068679809570312,0.0,45.726165771484375,0.000576019287109375,-247.7901611328125
1750930078.0303416,0.0,0.5,"[174.0, 185.0, 195.0, 163.0, 157.0, 148.0, 142.0, 154.0, 185.0, 174.0]",23.307161331176758,0.0,46.1922607421875,0.0005779266357421875,-247.78268432617188
1750930078.0470598,0.0,0.5,"[174.0, 185.0, 196.0, 163.0, 157.0, 148.0, 142.0, 154.0, 185.0, 174.0]",23.1315860748291,0.0,46.654815673828125,0.000576019287109375,-247.77532958984375
1750930078.0627317,0.0,0.5,"[174.0, 185.0, 195.0, 163.0, 157.0, 148.0, 142.0, 154.0, 185.0, 174.0]",23.310203552246094,0.0,47.1209716796875,0.0005779266357421875,-247.76776123046875
1750930078.0781665,0.0,0.5,"[174.0, 185.0, 196.0, 163.0, 157.0, 148.0, 142.0, 154.0, 185.0, 174.0]",23.1838321685791,0.0,47.5845947265625,0.0005779266357421875,-247.76043701171875
1750930078.0941224,0.0,0.5,"[174.0, 185.0, 196.0, 163.0, 157.0, 148.0, 142.0, 154.0, 185.0, 174.0]",23.407039642333984,0.0,48.05267333984375,0.0005779266357421875,-247.7529296875
1750930078.1344292,0.0,0.5,"[174.0, 185.0, 196.0, 163.0, 157.0, 148.0, 141.0, 153.0, 185.0, 174.0]",23.25495719909668,0.0,48.5177001953125,0.0005779266357421875,-247.74551391601562
1750930078.1505876,0.0,0.5,"[174.0, 185.0, 196.0, 163.0, 157.0, 148.0, 141.0, 153.0, 185.0, 174.0]",23.419086456298828,0.0,48.98602294921875,0.000576019287109375,-247.7379150390625
1750930078.1665103,0.0,0.5,"[174.0, 185.0, 196.0, 163.0, 157.0, 148.0, 141.0, 153.0, 185.0, 174.0]",23.292736053466797,0.0,49.451812744140625,0.000576019287109375,-247.7305908203125
1750930078.182459,0.0,0.5,"[174.0, 185.0, 196.0, 163.0, 157.0, 148.0, 141.0, 153.0, 185.0, 174.0]",23.529876708984375,0.0,49.92236328125,0.000576019287109375,-247.72305297851562
1750930078.1977837,0.0,0.5,"[174.0, 185.0, 196.0, 163.0, 157.0, 148.0, 141.0, 153.0, 185.0, 174.0]",23.360549926757812,0.0,50.389495849609375,0.000576019287109375,-247.71563720703125
1750930078.2133274,0.0,0.5,"[174.0, 185.0, 196.0, 163.0, 157.0, 148.0, 141.0, 153.0, 185.0, 174.0]",23.537023544311523,0.0,50.860198974609375,0.0005779266357421875,-247.7080078125
1750930078.2532384,0.0,0.5,"[174.0, 185.0, 197.0, 163.0, 157.0, 148.0, 141.0, 153.0, 185.0, 174.0]",23.405181884765625,0.0,51.328216552734375,0.0005779266357421875,-247.70062255859375
1750930078.2693777,0.0,0.5,"[174.0, 185.0, 197.0, 163.0, 157.0, 148.0, 141.0, 153.0, 185.0, 174.0]",23.63286590576172,0.0,51.800811767578125,0.0005779266357421875,-247.69305419921875
1750930078.2854855,0.0,0.5,"[174.0, 185.0, 197.0, 163.0, 157.0, 148.0, 141.0, 153.0, 185.0, 174.0]",23.478796005249023,0.0,52.270355224609375,0.000576019287109375,-247.68557739257812
1750930078.3015928,0.0,0.5,"[174.0, 185.0, 197.0, 163.0, 157.0, 148.0, 141.0, 153.0, 185.0, 174.0]",23.64676856994629,0.0,52.74322509765625,0.000576019287109375,-247.67791748046875
1750930078.3166928,0.0,0.5,"[174.0, 185.0, 197.0, 163.0, 157.0, 148.0, 141.0, 153.0, 185.0, 174.0]",23.513906478881836,0.0,53.21343994140625,0.000576019287109375,-247.6705322265625
1750930078.345941,0.0,0.5,"[174.0, 185.0, 197.0, 163.0, 157.0, 148.0, 141.0, 153.0, 185.0, 174.0]",23.749601364135742,0.0,53.6883544921875,0.000576019287109375,-247.66293334960938
1750930078.3623106,0.0,0.5,"[174.0, 185.0, 197.0, 164.0, 157.0, 148.0, 141.0, 153.0, 185.0, 174.0]",23.586101531982422,0.0,54.1600341796875,0.000576019287109375,-247.65545654296875
1750930078.3791025,0.0,0.5,"[174.0, 185.0, 197.0, 163.0, 157.0, 148.0, 141.0, 153.0, 185.0, 174.0]",23.761333465576172,0.0,54.63519287109375,0.0005779266357421875,-247.64776611328125
1750930078.3952286,0.0,0.5,"[174.0, 185.0, 197.0, 164.0, 157.0, 148.0, 141.0, 151.0, 185.0, 174.0]",23.624225616455078,0.0,55.107635498046875,0.0005779266357421875,-247.64031982421875
1750930078.437332,0.0,0.5,"[174.0, 185.0, 197.0, 164.0, 157.0, 148.0, 141.0, 151.0, 185.0, 174.0]",23.854787826538086,0.0,55.58465576171875,0.0005779266357421875,-247.6326904296875
1750930078.4533033,0.0,0.5,"[174.0, 185.0, 197.0, 164.0, 157.0, 148.0, 140.0, 151.0, 185.0, 174.0]",23.700191497802734,0.0,56.05859375,0.0005779266357421875,-247.62518310546875
1750930078.454989,0.0,0.5,"[174.0, 185.0, 197.0, 164.0, 157.0, 148.0, 140.0, 151.0, 185.0, 174.0]",23.87151527404785,0.0,56.535980224609375,0.0005779266357421875,-247.61746215820312
1750930078.4965606,0.0,0.5,"[174.0, 185.0, 197.0, 164.0, 157.0, 147.0, 140.0, 151.0, 185.0, 174.0]",23.732093811035156,0.0,57.01055908203125,0.0005779266357421875,-247.6099853515625
1750930078.5131238,0.0,0.5,"[174.0, 185.0, 197.0, 164.0, 157.0, 148.0, 140.0, 151.0, 185.0, 174.0]",23.966358184814453,0.0,57.48980712890625,0.0005779266357421875,-247.60232543945312
1750930078.5295227,0.0,0.5,"[174.0, 185.0, 197.0, 164.0, 158.0, 147.0, 140.0, 151.0, 185.0, 174.0]",23.808794021606445,0.0,57.9659423828125,0.0005779266357421875,-247.59478759765625
1750930078.5468218,0.0,0.5,"[174.0, 185.0, 197.0, 164.0, 158.0, 148.0, 140.0, 151.0, 185.0, 174.0]",23.983503341674805,0.0,58.445526123046875,0.0005779266357421875,-247.5870361328125
1750930078.5646331,0.0,0.5,"[174.0, 185.0, 197.0, 164.0, 158.0, 147.0, 140.0, 151.0, 185.0, 174.0]",23.840213775634766,0.0,58.922271728515625,0.000579833984375,-247.57952880859375
1750930078.581765,0.0,0.5,"[174.0, 185.0, 197.0, 164.0, 158.0, 147.0, 140.0, 151.0, 185.0, 174.0]",24.07265853881836,0.0,59.4036865234375,0.000579833984375,-247.57183837890625
1750930078.5992901,0.0,0.5,"[174.0, 185.0, 197.0, 164.0, 158.0, 147.0, 140.0, 151.0, 185.0, 174.0]",23.919673919677734,0.0,59.88201904296875,0.0005779266357421875,-247.56427001953125
1750930078.6167846,0.0,0.5,"[174.0, 185.0, 197.0, 164.0, 158.0, 147.0, 140.0, 151.0, 185.0, 174.0]",24.093505859375,0.0,60.36383056640625,0.0005779266357421875,-247.55648803710938
1750930078.6467543,0.0,0.5,"[174.0, 185.0, 197.0, 164.0, 158.0, 147.0, 140.0, 151.0, 185.0, 174.0]",23.947233200073242,0.0,60.84271240234375,0.0005779266357421875,-247.5489501953125
1750930078.6636152,0.0,0.5,"[174.0, 185.0, 197.0, 164.0, 158.0, 147.0, 140.0, 151.0, 185.0, 174.0]",24.1804256439209,0.0,61.326263427734375,0.0005779266357421875,-247.54122924804688
1750930078.6799617,0.0,0.5,"[174.0, 185.0, 197.0, 164.0, 158.0, 147.0, 140.0, 150.0, 185.0, 174.0]",24.028291702270508,0.0,61.8067626953125,0.0005779266357421875,-247.53363037109375
1750930078.6957119,0.0,0.5,"[174.0, 185.0, 197.0, 164.0, 158.0, 147.0, 140.0, 150.0, 185.0, 174.0]",24.20317268371582,0.0,62.290771484375,0.0005779266357421875,-247.52581787109375
1750930078.7375832,0.0,0.5,"[174.0, 185.0, 197.0, 164.0, 158.0, 147.0, 140.0, 150.0, 185.0, 174.0]",24.053993225097656,0.0,62.77178955078125,0.0005779266357421875,-247.518310546875
1750930078.7538035,0.0,0.5,"[174.0, 185.0, 197.0, 164.0, 158.0, 147.0, 140.0, 150.0, 185.0, 174.0]",24.28663444519043,0.0,63.2574462890625,0.0005779266357421875,-247.51052856445312
1750930078.7553928,0.0,0.5,"[174.0, 185.0, 197.0, 164.0, 158.0, 147.0, 140.0, 150.0, 185.0, 174.0]",24.136981964111328,0.0,63.740142822265625,0.0005779266357421875,-247.50289916992188
1750930078.7969193,0.0,0.5,"[174.0, 185.0, 197.0, 164.0, 157.0, 147.0, 140.0, 150.0, 185.0, 174.0]",24.31215476989746,0.0,64.226318359375,0.0005779266357421875,-247.49508666992188
1750930078.8128324,0.0,0.5,"[174.0, 185.0, 197.0, 164.0, 157.0, 147.0, 140.0, 150.0, 185.0, 174.0]",24.15988540649414,0.0,64.70944213867188,0.0005779266357421875,-247.48751831054688
1750930078.828946,0.0,0.5,"[174.0, 185.0, 197.0, 164.0, 157.0, 147.0, 140.0, 150.0, 185.0, 174.0]",24.39247703552246,0.0,65.19723510742188,0.0005779266357421875,-247.479736328125
1750930078.8450928,0.0,0.5,"[174.0, 185.0, 197.0, 164.0, 157.0, 147.0, 140.0, 150.0, 185.0, 174.0]",24.244638442993164,0.0,65.68206787109375,0.0005779266357421875,-247.4720458984375
1750930078.8607457,0.0,0.5,"[174.0, 185.0, 197.0, 164.0, 157.0, 147.0, 140.0, 150.0, 185.0, 174.0]",24.42045021057129,0.0,66.17041015625,0.0005779266357421875,-247.4642333984375
1750930078.8770359,0.0,0.5,"[174.0, 185.0, 197.0, 164.0, 157.0, 147.0, 139.0, 150.0, 185.0, 174.0]",24.26527976989746,0.0,66.65567016601562,0.0005779266357421875,-247.45660400390625
1750930078.9058826,0.0,0.5,"[174.0, 185.0, 197.0, 164.0, 157.0, 147.0, 139.0, 150.0, 185.0, 174.0]",24.497255325317383,0.0,67.14553833007812,0.0005779266357421875,-247.44879150390625
1750930078.9220767,0.0,0.5,"[174.0, 185.0, 197.0, 164.0, 157.0, 147.0, 139.0, 149.0, 185.0, 174.0]",24.351940155029297,0.0,67.63250732421875,0.0005779266357421875,-247.44110107421875
1750930078.9381602,0.0,0.5,"[174.0, 185.0, 197.0, 164.0, 157.0, 147.0, 139.0, 150.0, 185.0, 174.0]",24.52787971496582,0.0,68.12301635742188,0.0005779266357421875,-247.4332275390625
1750930078.9541142,0.0,0.5,"[174.0, 185.0, 197.0, 164.0, 157.0, 147.0, 139.0, 149.0, 185.0, 174.0]",24.370206832885742,0.0,68.6103515625,0.0005779266357421875,-247.42559814453125
1750930078.995478,0.0,0.5,"[174.0, 185.0, 197.0, 164.0, 157.0, 147.0, 139.0, 149.0, 185.0, 174.0]",24.601665496826172,0.0,69.10232543945312,0.000576019287109375,-247.417724609375
1750930079.0120685,0.0,0.5,"[174.0, 185.0, 197.0, 164.0, 157.0, 147.0, 139.0, 149.0, 184.0, 174.0]",24.45848274230957,0.0,69.5914306640625,0.000576019287109375,-247.4100341796875
1750930079.0284433,0.0,0.5,"[174.0, 185.0, 197.0, 164.0, 157.0, 147.0, 139.0, 149.0, 184.0, 174.0]",24.634546279907227,0.0,70.08407592773438,0.0005779266357421875,-247.402099609375
1750930079.0445662,0.0,0.5,"[174.0, 185.0, 197.0, 164.0, 157.0, 147.0, 139.0, 148.0, 184.0, 174.0]",24.474790573120117,0.0,70.573486328125,0.0005779266357421875,-247.39447021484375
1750930079.0603316,0.0,0.5,"[174.0, 185.0, 197.0, 164.0, 157.0, 147.0, 139.0, 148.0, 183.0, 174.0]",24.705339431762695,0.0,71.06753540039062,0.0005779266357421875,-247.3865966796875
1750930079.076466,0.0,0.5,"[174.0, 185.0, 197.0, 164.0, 157.0, 147.0, 139.0, 148.0, 183.0, 174.0]",24.564064025878906,0.0,71.55874633789062,0.0005779266357421875,-247.37884521484375
1750930079.1052566,0.0,0.5,"[174.0, 185.0, 197.0, 164.0, 157.0, 147.0, 139.0, 148.0, 183.0, 174.0]",24.740501403808594,0.0,72.05349731445312,0.0005779266357421875,-247.37091064453125
1750930079.1214523,0.0,0.5,"[174.0, 185.0, 197.0, 164.0, 157.0, 147.0, 138.0, 148.0, 182.0, 174.0]",24.578908920288086,0.0,72.54501342773438,0.0005779266357421875,-247.36322021484375
1750930079.1377847,0.0,0.5,"[174.0, 185.0, 197.0, 164.0, 157.0, 147.0, 138.0, 148.0, 182.0, 174.0]",24.808351516723633,0.0,73.04110717773438,0.0005779266357421875,-247.35531616210938
1750930079.1546752,0.0,0.5,"[174.0, 185.0, 197.0, 164.0, 157.0, 147.0, 138.0, 148.0, 182.0, 174.0]",24.668745040893555,0.0,73.534423828125,0.0005779266357421875,-247.3475341796875
1750930079.1964757,0.0,0.5,"[174.0, 185.0, 197.0, 164.0, 157.0, 147.0, 138.0, 148.0, 182.0, 174.0]",24.845544815063477,0.0,74.03128051757812,0.0005779266357421875,-247.339599609375
1750930079.212679,0.0,0.5,"[174.0, 185.0, 198.0, 164.0, 157.0, 147.0, 138.0, 147.0, 182.0, 174.0]",24.682819366455078,0.0,74.52487182617188,0.000579833984375,-247.33187866210938
1750930079.2285218,0.0,0.5,"[174.0, 185.0, 198.0, 164.0, 157.0, 147.0, 138.0, 147.0, 182.0, 174.0]",24.91082191467285,0.0,75.02304077148438,0.000579833984375,-247.32394409179688
1750930079.2455544,0.0,0.5,"[174.0, 185.0, 198.0, 164.0, 157.0, 147.0, 138.0, 147.0, 182.0, 174.0]",24.772672653198242,0.0,75.5184326171875,0.000579833984375,-247.316162109375
1750930079.2626476,0.0,0.5,"[174.0, 185.0, 198.0, 164.0, 157.0, 147.0, 138.0, 147.0, 182.0, 174.0]",24.949831008911133,0.0,76.01736450195312,0.000579833984375,-247.30816650390625
1750930079.2794647,0.0,0.5,"[174.0, 185.0, 198.0, 164.0, 156.0, 147.0, 138.0, 147.0, 181.0, 174.0]",24.78632164001465,0.0,76.51303100585938,0.000579833984375,-247.3004150390625
1750930079.2960265,0.0,0.5,"[174.0, 185.0, 198.0, 164.0, 156.0, 147.0, 138.0, 147.0, 181.0, 174.0]",25.012699127197266,0.0,77.01321411132812,0.000579833984375,-247.29244995117188
1750930079.3387794,0.0,0.5,"[174.0, 185.0, 198.0, 164.0, 156.0, 147.0, 138.0, 147.0, 181.0, 174.0]",24.875713348388672,0.0,77.51065063476562,0.000579833984375,-247.28463745117188
1750930079.3556833,0.0,0.5,"[174.0, 185.0, 198.0, 164.0, 156.0, 147.0, 138.0, 147.0, 181.0, 174.0]",25.053300857543945,0.0,78.01165771484375,0.0005779266357421875,-247.276611328125
1750930079.3572109,0.0,0.5,"[174.0, 185.0, 198.0, 164.0, 156.0, 147.0, 138.0, 147.0, 181.0, 174.0]",24.889564514160156,0.0,78.5093994140625,0.0005779266357421875,-247.26885986328125
1750930079.3867543,0.0,0.5,"[174.0, 185.0, 198.0, 164.0, 156.0, 147.0, 138.0, 147.0, 180.0, 174.0]",25.11387825012207,0.0,79.01162719726562,0.0005779266357421875,-247.2608642578125
1750930079.4027073,0.0,0.5,"[174.0, 185.0, 198.0, 164.0, 156.0, 147.0, 138.0, 147.0, 179.0, 174.0]",24.97796058654785,0.0,79.5111083984375,0.0005779266357421875,-247.25302124023438
1750930079.4194431,0.0,0.5,"[174.0, 185.0, 198.0, 164.0, 156.0, 147.0, 138.0, 147.0, 179.0, 174.0]",25.155967712402344,0.0,80.01416015625,0.0005779266357421875,-247.2449951171875
1750930079.4363205,0.0,0.5,"[174.0, 185.0, 198.0, 164.0, 156.0, 147.0, 138.0, 146.0, 179.0, 174.0]",24.992382049560547,0.0,80.51394653320312,0.0005779266357421875,-247.2371826171875
1750930079.4665227,0.0,0.5,"[174.0, 185.0, 198.0, 164.0, 156.0, 147.0, 138.0, 146.0, 179.0, 174.0]",25.21479034423828,0.0,81.0181884765625,0.0005779266357421875,-247.22918701171875
1750930079.4828832,0.0,0.5,"[174.0, 185.0, 198.0, 164.0, 156.0, 147.0, 138.0, 146.0, 179.0, 174.0]",25.079105377197266,0.0,81.51968383789062,0.0005779266357421875,-247.2213134765625
1750930079.4995265,0.0,0.5,"[174.0, 185.0, 198.0, 164.0, 156.0, 147.0, 138.0, 146.0, 179.0, 174.0]",25.25792694091797,0.0,82.02481079101562,0.0005779266357421875,-247.2132568359375
1750930079.5163102,0.0,0.5,"[174.0, 185.0, 198.0, 164.0, 156.0, 146.0, 137.0, 145.0, 179.0, 174.0]",25.094772338867188,0.0,82.52664184570312,0.000579833984375,-247.2054443359375
1750930079.5461972,0.0,0.5,"[174.0, 185.0, 198.0, 164.0, 156.0, 147.0, 137.0, 145.0, 179.0, 174.0]",25.31501007080078,0.0,83.03286743164062,0.000579833984375,-247.1973876953125
1750930079.5632079,0.0,0.5,"[174.0, 185.0, 198.0, 164.0, 156.0, 146.0, 137.0, 145.0, 178.0, 174.0]",25.17959976196289,0.0,83.53640747070312,0.000579833984375,-247.18951416015625
1750930079.5802274,0.0,0.5,"[174.0, 185.0, 198.0, 164.0, 156.0, 147.0, 137.0, 145.0, 178.0, 174.0]",25.359270095825195,0.0,84.04351806640625,0.000579833984375,-247.181396484375
1750930079.5966554,0.0,0.5,"[174.0, 185.0, 198.0, 164.0, 156.0, 146.0, 137.0, 145.0, 178.0, 174.0]",25.196718215942383,0.0,84.54739379882812,0.0005779266357421875,-247.17355346679688
1750930079.6259587,1.0,0.5,"[174.0, 185.0, 198.0, 164.0, 155.0, 146.0, 137.0, 145.0, 177.0, 174.0]",25.414499282836914,0.0,85.05560302734375,0.000579833984375,-247.16546630859375
1750930079.6432574,0.0,0.5,"[174.0, 185.0, 198.0, 164.0, 155.0, 147.0, 138.0, 147.0, 179.0, 174.0]",25.008333206176758,0.5,85.55569458007812,0.000579833984375,-247.17532348632812
1750930079.6601999,0.0,0.5,"[174.0, 185.0, 197.0, 164.0, 155.0, 148.0, 139.0, 147.0, 180.0, 174.0]",25.160259246826172,0.0,86.05886840820312,0.000579833984375,-247.17852783203125
1750930079.67733,0.0,0.5,"[174.0, 185.0, 197.0, 163.0, 155.0, 148.0, 139.0, 147.0, 181.0, 174.0]",24.9902400970459,0.0,86.55868530273438,0.0005779266357421875,-247.18048095703125
1750930079.6943552,0.0,0.5,"[174.0, 185.0, 197.0, 163.0, 155.0, 148.0, 139.0, 148.0, 181.0, 174.0]",25.19460105895996,0.0,87.06256103515625,0.0005779266357421875,-247.18218994140625
1750930079.7381818,0.0,0.5,"[174.0, 185.0, 197.0, 163.0, 155.0, 148.0, 139.0, 148.0, 181.0, 174.0]",25.068004608154297,0.0,87.56393432617188,0.0005779266357421875,-247.184326171875
1750930079.7555878,0.0,0.5,"[174.0, 185.0, 197.0, 163.0, 155.0, 148.0, 139.0, 148.0, 182.0, 174.0]",25.261367797851562,0.0,88.06915283203125,0.0005779266357421875,-247.18661499023438
1750930079.757309,0.0,0.5,"[174.0, 185.0, 197.0, 163.0, 155.0, 148.0, 139.0, 148.0, 182.0, 174.0]",25.09347152709961,0.0,88.57101440429688,0.0005779266357421875,-247.18923950195312
1750930079.7876365,0.0,0.5,"[174.0, 185.0, 197.0, 163.0, 155.0, 148.0, 139.0, 148.0, 182.0, 174.0]",25.297277450561523,0.0,89.07693481445312,0.000579833984375,-247.19189453125
1750930079.8042254,0.0,0.5,"[174.0, 185.0, 197.0, 163.0, 155.0, 148.0, 139.0, 148.0, 182.0, 174.0]",25.167917251586914,0.0,89.58029174804688,0.000579833984375,-247.19476318359375
1750930079.8209205,0.0,0.5,"[174.0, 185.0, 197.0, 163.0, 155.0, 148.0, 139.0, 148.0, 182.0, 174.0]",25.361875534057617,0.0,90.0875244140625,0.000579833984375,-247.19757080078125
1750930079.8376935,0.0,0.5,"[174.0, 185.0, 197.0, 163.0, 155.0, 148.0, 139.0, 148.0, 182.0, 174.0]",25.195415496826172,0.0,90.5914306640625,0.000579833984375,-247.2005615234375
1750930079.8547707,0.0,0.5,"[174.0, 185.0, 197.0, 163.0, 155.0, 148.0, 140.0, 148.0, 182.0, 174.0]",25.397981643676758,0.0,91.099365234375,0.000579833984375,-247.20346069335938
1750930079.897887,0.0,0.5,"[174.0, 185.0, 197.0, 163.0, 155.0, 148.0, 139.0, 148.0, 182.0, 174.0]",25.268877029418945,0.0,91.604736328125,0.000579833984375,-247.20648193359375
1750930079.914833,0.0,0.5,"[174.0, 185.0, 197.0, 163.0, 155.0, 149.0, 140.0, 148.0, 182.0, 174.0]",25.461652755737305,0.0,92.11398315429688,0.000579833984375,-247.20941162109375
1750930079.9163964,0.0,0.5,"[174.0, 185.0, 197.0, 163.0, 155.0, 149.0, 140.0, 148.0, 182.0, 174.0]",25.296525955200195,0.0,92.61990356445312,0.0005779266357421875,-247.21249389648438
1750930079.9593718,0.0,0.5,"[174.0, 185.0, 197.0, 163.0, 154.0, 149.0, 140.0, 148.0, 182.0, 174.0]",25.498332977294922,0.0,93.12985229492188,0.0005779266357421875,-247.2154541015625
1750930079.976971,0.0,0.5,"[174.0, 185.0, 197.0, 163.0, 154.0, 148.0, 140.0, 148.0, 182.0, 174.0]",25.368745803833008,0.0,93.63720703125,0.0005779266357421875,-247.218505859375
1750930079.9788966,0.0,0.5,"[174.0, 185.0, 197.0, 163.0, 154.0, 148.0, 140.0, 148.0, 182.0, 174.0]",25.560640335083008,0.0,94.14840698242188,0.0005779266357421875,-247.221435546875
1750930079.9956193,0.0,0.5,"[174.0, 185.0, 197.0, 163.0, 154.0, 148.0, 140.0, 148.0, 182.0, 174.0]",25.396982192993164,0.0,94.65634155273438,0.0005779266357421875,-247.22454833984375
1750930080.0393846,0.0,0.0,"[174.0, 185.0, 197.0, 163.0, 154.0, 149.0, 140.0, 148.0, 182.0, 174.0]",25.598140716552734,0.0,95.16830444335938,0.0005779266357421875,-247.22750854492188
1750930080.0559585,0.0,0.0,"[174.0, 185.0, 197.0, 163.0, 154.0, 148.0, 140.0, 148.0, 182.0, 174.0]",25.4676570892334,0.0,95.67764282226562,0.0005779266357421875,-247.2305908203125
1750930080.0574765,0.0,0.0,"[174.0, 185.0, 197.0, 163.0, 154.0, 148.0, 140.0, 148.0, 182.0, 174.0]",25.199098587036133,0.0,96.18161010742188,0.0005779266357421875,-247.2335205078125
1750930080.087146,0.0,0.0,"[174.0, 185.0, 197.0, 163.0, 154.0, 148.0, 140.0, 148.0, 182.0, 174.0]",24.930891036987305,0.0,96.68023681640625,0.0005779266357421875,-247.23626708984375
1750930080.104175,0.0,0.0,"[174.0, 185.0, 197.0, 163.0, 154.0, 148.0, 140.0, 148.0, 182.0, 174.0]",24.663179397583008,0.0,97.17349243164062,0.0005779266357421875,-247.23883056640625
1750930080.1211536,0.0,0.0,"[174.0, 185.0, 197.0, 163.0, 153.0, 148.0, 140.0, 148.0, 182.0, 174.0]",24.395877838134766,0.0,97.66140747070312,0.0005779266357421875,-247.24124145507812
1750930080.138321,0.0,0.0,"[174.0, 185.0, 197.0, 163.0, 153.0, 148.0, 140.0, 148.0, 182.0, 174.0]",24.12900733947754,0.0,98.14398193359375,0.0005779266357421875,-247.24359130859375
1750930080.1553829,0.0,0.0,"[174.0, 185.0, 197.0, 163.0, 153.0, 148.0, 140.0, 149.0, 182.0, 174.0]",23.862525939941406,0.0,98.6212158203125,0.0005779266357421875,-247.245849609375
1750930080.1990678,0.0,0.0,"[174.0, 185.0, 197.0, 163.0, 153.0, 147.0, 140.0, 149.0, 182.0, 174.0]",23.59650993347168,0.0,99.0931396484375,0.000579833984375,-247.248046875
1750930080.2158864,0.0,0.0,"[174.0, 185.0, 197.0, 163.0, 153.0, 147.0, 140.0, 149.0, 182.0, 174.0]",23.330902099609375,0.0,99.55975341796875,0.0005817413330078125,-247.25018310546875
1750930080.217477,0.0,0.0,"[174.0, 185.0, 197.0, 163.0, 153.0, 147.0, 140.0, 149.0, 182.0, 174.0]",23.065776824951172,0.0,100.02105712890625,0.0005817413330078125,-247.2523193359375
1750930080.2475955,0.0,0.0,"[174.0, 185.0, 197.0, 163.0, 153.0, 147.0, 140.0, 149.0, 182.0, 174.0]",22.801036834716797,0.0,100.47708129882812,0.0005817413330078125,-247.25439453125
1750930080.2645357,0.0,0.0,"[174.0, 185.0, 197.0, 163.0, 153.0, 147.0, 140.0, 149.0, 182.0, 174.0]",22.536701202392578,0.0,100.92782592773438,0.0005817413330078125,-247.2564697265625
1750930080.281484,0.0,0.0,"[174.0, 185.0, 197.0, 163.0, 153.0, 147.0, 140.0, 149.0, 183.0, 174.0]",22.272809982299805,0.0,101.37326049804688,0.000583648681640625,-247.258544921875
1750930080.2985232,0.0,0.0,"[174.0, 185.0, 197.0, 163.0, 152.0, 147.0, 140.0, 149.0, 183.0, 174.0]",22.0093936920166,0.0,101.81344604492188,0.0005817413330078125,-247.26055908203125
1750930080.3155427,0.0,0.0,"[174.0, 185.0, 197.0, 163.0, 152.0, 147.0, 140.0, 149.0, 183.0, 174.0]",21.746309280395508,0.0,102.24838256835938,0.0005817413330078125,-247.26254272460938
1750930080.3592649,0.0,0.0,"[174.0, 185.0, 197.0, 163.0, 152.0, 147.0, 140.0, 149.0, 183.0, 174.0]",21.48369789123535,0.0,102.67803955078125,0.0005817413330078125,-247.2645263671875
1750930080.3767765,0.0,0.0,"[174.0, 185.0, 197.0, 163.0, 152.0, 146.0, 140.0, 149.0, 183.0, 174.0]",21.22146987915039,0.0,103.10244750976562,0.0005817413330078125,-247.26644897460938
1750930080.378357,0.0,0.0,"[174.0, 185.0, 197.0, 163.0, 152.0, 146.0, 140.0, 149.0, 183.0, 174.0]",20.959659576416016,0.0,103.52163696289062,0.000583648681640625,-247.26837158203125
1750930080.395047,0.0,0.0,"[174.0, 185.0, 197.0, 163.0, 152.0, 146.0, 140.0, 149.0, 183.0, 174.0]",20.698347091674805,0.0,103.93560791015625,0.0005817413330078125,-247.270263671875
1750930080.4389312,0.0,0.0,"[174.0, 185.0, 197.0, 163.0, 152.0, 146.0, 140.0, 149.0, 183.0, 174.0]",20.437355041503906,0.0,104.3443603515625,0.0005817413330078125,-247.27215576171875
1750930080.4558864,0.0,0.0,"[174.0, 185.0, 197.0, 163.0, 151.0, 146.0, 140.0, 149.0, 183.0, 174.0]",20.176786422729492,0.0,104.74789428710938,0.000583648681640625,-247.27398681640625
1750930080.4574432,0.0,0.0,"[174.0, 185.0, 197.0, 163.0, 151.0, 146.0, 140.0, 149.0, 183.0, 174.0]",19.91665267944336,0.0,105.14620971679688,0.0005855560302734375,-247.27581787109375
1750930080.487484,0.0,0.5,"[174.0, 185.0, 197.0, 163.0, 151.0, 146.0, 140.0, 149.0, 183.0, 174.0]",19.657011032104492,0.0,105.53936767578125,0.0005855560302734375,-247.27761840820312
1750930080.5051486,0.0,0.5,"[174.0, 185.0, 197.0, 163.0, 151.0, 146.0, 140.0, 149.0, 183.0, 174.0]",19.397747039794922,0.0,105.92730712890625,0.000583648681640625,-247.2794189453125
1750930080.5215228,0.0,0.5,"[174.0, 185.0, 197.0, 163.0, 151.0, 145.0, 140.0, 150.0, 184.0, 174.0]",19.031431198120117,0.0,106.30792236328125,0.000583648681640625,-247.2811279296875
1750930080.5383894,0.0,0.5,"[174.0, 185.0, 197.0, 163.0, 151.0, 145.0, 140.0, 150.0, 184.0, 174.0]",19.445945739746094,0.0,106.69683837890625,0.000583648681640625,-247.28292846679688
1750930080.5561693,0.0,0.5,"[174.0, 185.0, 197.0, 163.0, 151.0, 145.0, 140.0, 150.0, 184.0, 174.0]",19.156585693359375,0.0,107.07998657226562,0.000583648681640625,-247.28466796875
1750930080.5997603,0.0,0.5,"[174.0, 185.0, 197.0, 163.0, 151.0, 145.0, 140.0, 150.0, 184.0, 174.0]",19.56139373779297,0.0,107.47119140625,0.000583648681640625,-247.28646850585938
1750930080.616409,0.0,0.5,"[174.0, 185.0, 197.0, 163.0, 150.0, 145.0, 140.0, 150.0, 184.0, 174.0]",19.18362045288086,0.0,107.8548583984375,0.000583648681640625,-247.2882080078125
1750930080.6180198,0.0,0.5,"[174.0, 185.0, 197.0, 163.0, 150.0, 145.0, 140.0, 150.0, 184.0, 174.0]",19.5993595123291,0.0,108.24685668945312,0.000583648681640625,-247.2900390625
1750930080.6347249,0.0,0.5,"[174.0, 185.0, 197.0, 162.0, 150.0, 144.0, 140.0, 150.0, 184.0, 174.0]",19.30064582824707,0.0,108.63284301757812,0.000583648681640625,-247.29180908203125
1750930080.677299,0.0,0.5,"[174.0, 185.0, 197.0, 162.0, 150.0, 144.0, 140.0, 150.0, 184.0, 174.0]",19.64420509338379,0.0,109.02572631835938,0.000583648681640625,-247.2935791015625
1750930080.694905,0.0,0.5,"[174.0, 185.0, 197.0, 162.0, 150.0, 144.0, 140.0, 150.0, 184.0, 174.0]",19.423078536987305,0.0,109.4141845703125,0.000583648681640625,-247.29537963867188
1750930080.7123952,1.0,0.0,"[174.0, 185.0, 197.0, 165.0, 150.0, 144.0, 140.0, 150.0, 184.0, 174.0]",19.660669326782227,0.0,109.80740356445312,0.0005817413330078125,-247.29718017578125
1750930080.7295675,1.0,0.0,"[174.0, 185.0, 196.0, 161.0, 150.0, 145.0, 141.0, 151.0, 185.0, 174.0]",19.320098876953125,0.5,110.19326782226562,0.0005817413330078125,-247.31777954101562
1750930080.747131,0.0,0.0,"[174.0, 185.0, 194.0, 161.0, 150.0, 145.0, 144.0, 155.0, 185.0, 174.0]",18.805986404418945,0.5,110.56719970703125,0.0005817413330078125,-247.3580322265625
1750930080.7646365,0.0,0.0,"[174.0, 185.0, 193.0, 161.0, 150.0, 145.0, 145.0, 156.0, 185.0, 174.0]",18.519750595092773,0.0,110.936767578125,0.000579833984375,-247.383056640625
1750930080.781859,0.0,0.0,"[174.0, 185.0, 193.0, 160.0, 150.0, 145.0, 146.0, 156.0, 185.0, 174.0]",18.258827209472656,0.0,111.30142211914062,0.000579833984375,-247.40240478515625
1750930080.7987025,0.0,0.0,"[174.0, 185.0, 193.0, 160.0, 149.0, 145.0, 146.0, 156.0, 185.0, 174.0]",18.001680374145508,0.0,111.66098022460938,0.000579833984375,-247.420654296875
1750930080.816485,0.0,0.0,"[174.0, 185.0, 193.0, 160.0, 149.0, 145.0, 146.0, 156.0, 185.0, 174.0]",17.745033264160156,0.0,112.01544189453125,0.000579833984375,-247.4384765625
1750930080.8466756,0.0,0.0,"[174.0, 185.0, 193.0, 163.0, 149.0, 144.0, 146.0, 156.0, 185.0, 174.0]",17.48876190185547,0.0,112.36477661132812,0.000579833984375,-247.45599365234375
1750930080.8631883,0.0,0.0,"[174.0, 185.0, 193.0, 170.0, 149.0, 144.0, 146.0, 158.0, 185.0, 174.0]",17.232982635498047,0.0,112.70901489257812,0.000579833984375,-247.47323608398438
1750930080.879723,0.0,0.0,"[174.0, 185.0, 193.0, 170.0, 149.0, 144.0, 146.0, 158.0, 185.0, 174.0]",16.9775333404541,0.0,113.04812622070312,0.000579833984375,-247.490234375
1750930080.8965929,0.0,0.0,"[174.0, 185.0, 193.0, 170.0, 148.0, 144.0, 146.0, 158.0, 185.0, 174.0]",16.722551345825195,0.0,113.38217163085938,0.000579833984375,-247.50701904296875
1750930080.9252071,0.0,0.0,"[174.0, 185.0, 193.0, 170.0, 148.0, 143.0, 146.0, 158.0, 185.0, 174.0]",16.467939376831055,0.0,113.71112060546875,0.000579833984375,-247.52349853515625
1750930080.942132,0.0,0.0,"[174.0, 185.0, 193.0, 170.0, 148.0, 143.0, 145.0, 158.0, 185.0, 174.0]",16.213775634765625,0.0,114.03497314453125,0.000579833984375,-247.53976440429688
1750930080.958869,0.0,0.0,"[174.0, 185.0, 193.0, 170.0, 148.0, 143.0, 145.0, 158.0, 185.0, 174.0]",15.959996223449707,0.0,114.35379028320312,0.000579833984375,-247.55575561523438
1750930080.97584,0.0,0.0,"[174.0, 185.0, 193.0, 170.0, 148.0, 143.0, 145.0, 158.0, 185.0, 174.0]",15.706605911254883,0.0,114.66751098632812,0.0005817413330078125,-247.57150268554688
1750930081.0185363,0.0,0.5,"[174.0, 185.0, 193.0, 169.0, 148.0, 143.0, 145.0, 159.0, 185.0, 174.0]",15.453660011291504,0.0,114.9761962890625,0.0005817413330078125,-247.58697509765625
1750930081.0353382,0.0,0.5,"[174.0, 185.0, 192.0, 169.0, 147.0, 142.0, 145.0, 159.0, 185.0, 174.0]",15.201081275939941,0.0,115.27984619140625,0.0005817413330078125,-247.60223388671875
1750930081.0369291,0.0,0.5,"[174.0, 185.0, 192.0, 169.0, 147.0, 142.0, 145.0, 159.0, 185.0, 174.0]",15.140730857849121,0.0,115.582275390625,0.0005817413330078125,-247.617431640625
1750930081.06657,0.0,0.5,"[174.0, 185.0, 192.0, 169.0, 147.0, 142.0, 144.0, 159.0, 185.0, 174.0]",15.44256591796875,0.0,115.8907470703125,0.000583648681640625,-247.63287353515625
1750930081.082484,0.0,0.5,"[174.0, 185.0, 192.0, 169.0, 147.0, 142.0, 144.0, 159.0, 185.0, 174.0]",15.037217140197754,0.0,116.19113159179688,0.000583648681640625,-247.64794921875
1750930081.0985675,0.0,0.5,"[174.0, 185.0, 192.0, 169.0, 147.0, 142.0, 144.0, 159.0, 185.0, 174.0]",15.429535865783691,0.0,116.49932861328125,0.000583648681640625,-247.6634521484375
1750930081.1147013,0.0,0.5,"[174.0, 185.0, 192.0, 168.0, 146.0, 141.0, 144.0, 159.0, 185.0, 174.0]",15.324993133544922,0.0,116.80545043945312,0.000583648681640625,-247.67880249023438
1750930081.156621,1.0,0.5,"[174.0, 185.0, 192.0, 168.0, 146.0, 141.0, 144.0, 159.0, 185.0, 174.0]",15.384584426879883,0.0,117.11273193359375,0.0005855560302734375,-247.6942138671875
1750930081.1727328,1.0,0.5,"[174.0, 185.0, 192.0, 168.0, 146.0, 141.0, 144.0, 162.0, 185.0, 174.0]",15.187252044677734,0.5,117.41513061523438,0.0005855560302734375,-247.72280883789062
1750930081.1888669,1.0,0.5,"[174.0, 185.0, 190.0, 168.0, 146.0, 141.0, 145.0, 163.0, 185.0, 174.0]",14.914276123046875,0.5,117.7099609375,0.000583648681640625,-247.76812744140625
1750930081.2052386,1.0,0.5,"[174.0, 185.0, 189.0, 168.0, 147.0, 142.0, 147.0, 165.0, 185.0, 174.0]",14.839065551757812,0.5,117.99923706054688,0.000583648681640625,-247.83444213867188
1750930081.2218828,0.0,0.5,"[174.0, 185.0, 187.0, 169.0, 147.0, 142.0, 149.0, 169.0, 185.0, 174.0]",14.925052642822266,0.5,118.28704833984375,0.0005817413330078125,-247.91357421875
1750930081.2386968,0.0,0.5,"[174.0, 185.0, 186.0, 169.0, 147.0, 142.0, 151.0, 170.0, 185.0, 174.0]",14.714488983154297,0.0,118.57366943359375,0.0005817413330078125,-247.98031616210938
1750930081.2543156,0.0,0.5,"[174.0, 185.0, 184.0, 168.0, 147.0, 142.0, 152.0, 171.0, 185.0, 174.0]",14.945220947265625,0.0,118.86749267578125,0.000583648681640625,-248.03515625
1750930081.2967513,0.0,0.5,"[174.0, 185.0, 184.0, 168.0, 147.0, 142.0, 151.0, 171.0, 185.0, 174.0]",14.7383394241333,0.0,119.158447265625,0.0005817413330078125,-248.08248901367188
1750930081.3135536,0.0,0.5,"[174.0, 185.0, 184.0, 168.0, 146.0, 142.0, 151.0, 171.0, 185.0, 174.0]",14.913490295410156,0.0,119.45294189453125,0.0005817413330078125,-248.12973022460938
1750930081.3300786,0.0,0.5,"[174.0, 185.0, 184.0, 168.0, 146.0, 142.0, 151.0, 171.0, 185.0, 174.0]",15.079546928405762,0.0,119.75076293945312,0.0005817413330078125,-248.17733764648438
1750930081.3470829,1.0,0.5,"[174.0, 185.0, 184.0, 168.0, 146.0, 141.0, 150.0, 171.0, 185.0, 174.0]",14.985300064086914,0.0,120.04672241210938,0.000579833984375,-248.22454833984375
1750930081.3641195,1.0,0.0,"[174.0, 185.0, 183.0, 168.0, 146.0, 141.0, 151.0, 172.0, 185.0, 174.0]",14.768658638000488,0.5,120.335205078125,0.000579833984375,-248.28799438476562
1750930081.3805337,1.0,0.0,"[174.0, 185.0, 181.0, 168.0, 146.0, 141.0, 151.0, 175.0, 185.0, 174.0]",14.523990631103516,0.5,120.61343383789062,0.000579833984375,-248.37142944335938
1750930081.396897,1.0,0.0,"[174.0, 185.0, 179.0, 168.0, 146.0, 142.0, 152.0, 178.0, 185.0, 174.0]",14.158631324768066,0.5,120.87905883789062,0.000579833984375,-248.46954345703125
1750930081.4272678,0.0,0.0,"[174.0, 185.0, 176.0, 168.0, 146.0, 142.0, 153.0, 181.0, 185.0, 174.0]",13.893088340759277,0.5,121.13632202148438,0.000579833984375,-248.57452392578125
1750930081.444653,0.0,0.0,"[174.0, 185.0, 175.0, 168.0, 146.0, 142.0, 153.0, 183.0, 185.0, 174.0]",13.564082145690918,0.0,121.39279174804688,0.000579833984375,-248.6629638671875
1750930081.4617677,0.0,0.0,"[174.0, 185.0, 175.0, 168.0, 146.0, 142.0, 153.0, 183.0, 185.0, 174.0]",13.282438278198242,0.0,121.64907836914062,0.000579833984375,-248.73291015625
1750930081.4786172,0.0,0.0,"[174.0, 185.0, 175.0, 168.0, 146.0, 142.0, 153.0, 183.0, 185.0, 174.0]",13.033188819885254,0.0,121.90078735351562,0.000579833984375,-248.80059814453125
1750930081.4957752,0.0,0.0,"[174.0, 185.0, 173.0, 168.0, 146.0, 142.0, 153.0, 183.0, 185.0, 174.0]",12.784473419189453,0.0,122.14776611328125,0.000579833984375,-248.8668212890625
1750930081.5384336,0.0,0.5,"[174.0, 185.0, 173.0, 168.0, 145.0, 141.0, 153.0, 183.0, 185.0, 174.0]",12.53618049621582,0.0,122.38992309570312,0.000579833984375,-248.93170166015625
1750930081.5551362,0.0,0.5,"[174.0, 185.0, 173.0, 167.0, 145.0, 141.0, 152.0, 183.0, 185.0, 174.0]",12.288288116455078,0.0,122.62734985351562,0.000579833984375,-248.99530029296875
1750930081.556777,0.0,0.5,"[174.0, 185.0, 173.0, 167.0, 145.0, 141.0, 152.0, 183.0, 185.0, 174.0]",12.503329277038574,0.0,122.86886596679688,0.0005817413330078125,-249.05999755859375
1750930081.5865297,0.0,0.5,"[174.0, 185.0, 172.0, 167.0, 145.0, 141.0, 152.0, 183.0, 185.0, 174.0]",12.098333358764648,0.0,123.10260009765625,0.0005817413330078125,-249.12261962890625
1750930081.6030457,0.0,0.5,"[174.0, 185.0, 170.0, 167.0, 145.0, 140.0, 152.0, 181.0, 185.0, 174.0]",12.443925857543945,0.0,123.343017578125,0.0005817413330078125,-249.18701171875
1750930081.6195757,0.0,0.5,"[174.0, 185.0, 170.0, 167.0, 144.0, 140.0, 152.0, 181.0, 185.0, 174.0]",12.409704208374023,0.0,123.58273315429688,0.0005817413330078125,-249.251220703125
1750930081.635593,0.0,0.5,"[174.0, 185.0, 169.0, 167.0, 144.0, 140.0, 151.0, 181.0, 185.0, 174.0]",12.442452430725098,0.0,123.8231201171875,0.0005817413330078125,-249.31561279296875
1750930081.6774552,0.0,0.5,"[174.0, 185.0, 167.0, 166.0, 144.0, 140.0, 151.0, 181.0, 185.0, 174.0]",12.826545715332031,0.0,124.0709228515625,0.0005817413330078125,-249.38198852539062
1750930081.69415,0.0,0.5,"[174.0, 185.0, 167.0, 166.0, 144.0, 139.0, 150.0, 180.0, 185.0, 174.0]",12.574308395385742,0.0,124.3138427734375,0.000583648681640625,-249.44708251953125
1750930081.6958952,0.0,0.5,"[174.0, 185.0, 167.0, 166.0, 144.0, 139.0, 150.0, 180.0, 185.0, 174.0]",12.898455619812012,0.0,124.56301879882812,0.000583648681640625,-249.51382446289062
1750930081.7391498,0.0,0.5,"[174.0, 185.0, 164.0, 166.0, 143.0, 139.0, 149.0, 179.0, 185.0, 174.0]",12.625373840332031,0.0,124.80691528320312,0.000583648681640625,-249.57916259765625
1750930081.7563093,0.0,0.5,"[174.0, 185.0, 163.0, 166.0, 143.0, 138.0, 148.0, 179.0, 185.0, 174.0]",12.992098808288574,0.0,125.05792236328125,0.000583648681640625,-249.6463623046875
1750930081.75803,0.0,0.5,"[174.0, 185.0, 163.0, 166.0, 143.0, 138.0, 148.0, 179.0, 185.0, 174.0]",12.712739944458008,0.0,125.30352783203125,0.000583648681640625,-249.712158203125
1750930081.7749803,0.0,0.5,"[174.0, 185.0, 166.0, 164.0, 143.0, 138.0, 148.0, 178.0, 185.0, 174.0]",13.080709457397461,0.0,125.55624389648438,0.0005817413330078125,-249.77981567382812
1750930081.8177412,0.0,0.5,"[174.0, 185.0, 173.0, 164.0, 142.0, 137.0, 147.0, 178.0, 185.0, 174.0]",12.800078392028809,0.0,125.80349731445312,0.0005817413330078125,-249.8460693359375
1750930081.8344538,0.0,0.5,"[174.0, 185.0, 225.0, 164.0, 142.0, 137.0, 147.0, 178.0, 185.0, 174.0]",13.154542922973633,0.0,126.0576171875,0.0005817413330078125,-249.91424560546875
1750930081.8360243,0.0,0.5,"[174.0, 185.0, 225.0, 164.0, 142.0, 137.0, 147.0, 178.0, 185.0, 174.0]",12.838286399841309,0.0,126.30563354492188,0.0005817413330078125,-249.980712890625
1750930081.8780816,0.0,0.5,"[174.0, 185.0, 225.0, 163.0, 141.0, 136.0, 146.0, 176.0, 185.0, 174.0]",13.17895793914795,0.0,126.56021118164062,0.0005817413330078125,-250.049072265625
1750930081.8944614,0.0,0.5,"[174.0, 185.0, 225.0, 163.0, 141.0, 136.0, 146.0, 176.0, 185.0, 174.0]",13.0822114944458,0.0,126.81289672851562,0.0005817413330078125,-250.116943359375
1750930081.896024,0.0,0.5,"[174.0, 185.0, 225.0, 163.0, 141.0, 136.0, 146.0, 176.0, 185.0, 174.0]",13.284732818603516,0.0,127.06954956054688,0.0005817413330078125,-250.18560791015625
1750930081.938159,0.0,0.5,"[174.0, 185.0, 223.0, 163.0, 141.0, 135.0, 145.0, 175.0, 185.0, 174.0]",13.117207527160645,0.0,127.32296752929688,0.0005817413330078125,-250.2535400390625
1750930081.9550538,0.0,0.5,"[174.0, 185.0, 223.0, 162.0, 140.0, 135.0, 144.0, 175.0, 185.0, 174.0]",13.234715461730957,0.0,127.57867431640625,0.0005817413330078125,-250.32183837890625
1750930081.9567308,0.0,0.5,"[174.0, 185.0, 223.0, 162.0, 140.0, 135.0, 144.0, 175.0, 185.0, 174.0]",13.132195472717285,0.0,127.83233642578125,0.0005817413330078125,-250.38995361328125
1750930081.985956,0.0,0.5,"[174.0, 185.0, 223.0, 162.0, 140.0, 134.0, 143.0, 173.0, 185.0, 174.0]",13.499542236328125,0.0,128.09310913085938,0.0005817413330078125,-250.45989990234375
1750930082.0023177,0.0,0.5,"[174.0, 185.0, 221.0, 162.0, 139.0, 134.0, 143.0, 173.0, 185.0, 174.0]",13.236352920532227,0.0,128.34878540039062,0.0005817413330078125,-250.52850341796875
1750930082.0188978,0.0,0.5,"[174.0, 185.0, 221.0, 161.0, 139.0, 133.0, 141.0, 173.0, 185.0, 174.0]",13.60942554473877,0.0,128.61166381835938,0.0005817413330078125,-250.59906005859375
1750930082.0354092,0.0,0.5,"[174.0, 185.0, 221.0, 161.0, 138.0, 133.0, 141.0, 173.0, 185.0, 174.0]",13.291661262512207,0.0,128.86843872070312,0.0005817413330078125,-250.66790771484375
1750930082.0779855,1.0,0.0,"[174.0, 185.0, 221.0, 161.0, 138.0, 131.0, 140.0, 172.0, 185.0, 174.0]",13.612330436706543,0.0,129.13137817382812,0.000579833984375,-250.73843383789062
1750930082.0943282,1.0,0.0,"[174.0, 185.0, 221.0, 161.0, 138.0, 131.0, 140.0, 172.0, 185.0, 174.0]",13.183696746826172,0.5,129.38162231445312,0.0005817413330078125,-250.82159423828125
1750930082.0959377,1.0,0.0,"[174.0, 185.0, 221.0, 161.0, 138.0, 131.0, 140.0, 172.0, 185.0, 174.0]",12.7003755569458,0.5,129.61578369140625,0.000579833984375,-250.91995239257812
1750930082.1380198,0.0,0.0,"[174.0, 185.0, 223.0, 161.0, 138.0, 133.0, 140.0, 172.0, 185.0, 174.0]",12.342710494995117,0.5,129.83673095703125,0.0005817413330078125,-251.030029296875
1750930082.1543818,0.0,0.0,"[174.0, 185.0, 223.0, 161.0, 138.0, 133.0, 140.0, 170.0, 185.0, 174.0]",12.013060569763184,0.0,130.05807495117188,0.0005817413330078125,-251.12347412109375
1750930082.1559842,0.0,0.0,"[174.0, 185.0, 223.0, 161.0, 138.0, 133.0, 140.0, 170.0, 185.0, 174.0]",11.73615837097168,0.0,130.28060913085938,0.0005817413330078125,-251.19818115234375
1750930082.1982443,0.0,0.5,"[174.0, 185.0, 221.0, 160.0, 137.0, 131.0, 139.0, 169.0, 185.0, 174.0]",11.489490509033203,0.0,130.49819946289062,0.0005817413330078125,-251.27197265625
1750930082.2144568,0.0,0.5,"[174.0, 185.0, 221.0, 160.0, 137.0, 131.0, 139.0, 169.0, 185.0, 174.0]",11.243269920349121,0.0,130.71115112304688,0.0005817413330078125,-251.34417724609375
1750930082.216293,0.0,0.5,"[174.0, 185.0, 221.0, 160.0, 137.0, 131.0, 139.0, 169.0, 185.0, 174.0]",11.558830261230469,0.0,130.93008422851562,0.0005817413330078125,-251.41842651367188
1750930082.2587738,0.0,0.5,"[174.0, 185.0, 220.0, 159.0, 136.0, 130.0, 138.0, 166.0, 185.0, 174.0]",11.306741714477539,0.0,131.14425659179688,0.0005817413330078125,-251.49105834960938
1750930082.2745864,0.0,0.5,"[174.0, 185.0, 220.0, 159.0, 135.0, 130.0, 137.0, 165.0, 185.0, 174.0]",11.686640739440918,0.0,131.3656005859375,0.0005817413330078125,-251.56613159179688
1750930082.27629,1.0,0.5,"[174.0, 185.0, 220.0, 159.0, 135.0, 130.0, 137.0, 165.0, 185.0, 174.0]",11.440145492553711,0.0,131.582275390625,0.0005817413330078125,-251.63961791992188
1750930082.318703,1.0,0.5,"[174.0, 185.0, 220.0, 158.0, 135.0, 129.0, 136.0, 164.0, 185.0, 174.0]",11.467377662658691,0.5,131.79327392578125,0.0005817413330078125,-251.7294921875
1750930082.3350282,1.0,0.5,"[174.0, 185.0, 220.0, 159.0, 135.0, 129.0, 136.0, 164.0, 185.0, 174.0]",11.006596565246582,0.5,131.98745727539062,0.0005817413330078125,-251.83319091796875
1750930082.3366518,1.0,0.5,"[174.0, 185.0, 220.0, 159.0, 135.0, 129.0, 136.0, 164.0, 185.0, 174.0]",11.34648609161377,0.5,132.18289184570312,0.0005817413330078125,-251.94854736328125
1750930082.365933,1.0,0.5,"[174.0, 185.0, 223.0, 159.0, 135.0, 129.0, 137.0, 164.0, 185.0, 174.0]",11.090487480163574,0.5,132.37136840820312,0.000583648681640625,-252.06549072265625
1750930082.382109,1.0,0.5,"[174.0, 185.0, 227.0, 159.0, 135.0, 129.0, 138.0, 164.0, 185.0, 174.0]",11.39402961730957,0.5,132.56210327148438,0.000583648681640625,-252.190185546875
1750930082.3985264,0.0,0.5,"[174.0, 185.0, 227.0, 160.0, 136.0, 129.0, 138.0, 164.0, 185.0, 174.0]",11.123331069946289,0.5,132.74545288085938,0.000583648681640625,-252.31619262695312
1750930082.4149835,0.0,0.5,"[174.0, 185.0, 227.0, 160.0, 135.0, 129.0, 138.0, 164.0, 185.0, 174.0]",11.297863006591797,0.0,132.93975830078125,0.000583648681640625,-252.4315185546875
1750930082.4556913,0.0,0.5,"[174.0, 185.0, 227.0, 159.0, 135.0, 128.0, 138.0, 164.0, 185.0, 174.0]",11.095210075378418,0.0,133.13833618164062,0.000583648681640625,-252.53054809570312
1750930082.4720166,0.0,0.5,"[174.0, 185.0, 227.0, 159.0, 134.0, 128.0, 137.0, 162.0, 185.0, 174.0]",11.285333633422852,0.0,133.34072875976562,0.000583648681640625,-252.63043212890625
1750930082.4877274,0.0,0.5,"[174.0, 185.0, 227.0, 159.0, 134.0, 127.0, 137.0, 162.0, 185.0, 174.0]",11.407753944396973,0.0,133.545166015625,0.000583648681640625,-252.73175048828125
1750930082.5039234,1.0,0.5,"[174.0, 185.0, 227.0, 158.0, 134.0, 127.0, 136.0, 161.0, 185.0, 174.0]",11.199482917785645,0.0,133.74575805664062,0.000583648681640625,-252.83139038085938
1750930082.5199978,1.0,0.5,"[174.0, 185.0, 227.0, 158.0, 133.0, 127.0, 136.0, 161.0, 185.0, 174.0]",11.114509582519531,0.5,133.93795776367188,0.000583648681640625,-252.94308471679688
1750930082.5362098,1.0,0.5,"[174.0, 185.0, 227.0, 158.0, 134.0, 126.0, 137.0, 161.0, 185.0, 174.0]",11.086122512817383,0.5,134.11859130859375,0.000583648681640625,-253.0716552734375
1750930082.5772235,1.0,0.5,"[174.0, 185.0, 227.0, 159.0, 134.0, 127.0, 137.0, 162.0, 185.0, 174.0]",10.947010040283203,0.5,134.29067993164062,0.0005817413330078125,-253.20703125
1750930082.593584,1.0,0.5,"[174.0, 185.0, 227.0, 159.0, 134.0, 127.0, 137.0, 162.0, 185.0, 174.0]",10.982190132141113,0.5,134.46041870117188,0.0005817413330078125,-253.34637451171875
1750930082.609542,1.0,0.5,"[174.0, 185.0, 227.0, 160.0, 135.0, 127.0, 137.0, 163.0, 185.0, 174.0]",10.989278793334961,0.5,134.62728881835938,0.0005817413330078125,-253.48944091796875
1750930082.626137,0.0,0.5,"[174.0, 185.0, 227.0, 160.0, 135.0, 127.0, 137.0, 164.0, 185.0, 174.0]",11.135013580322266,0.5,134.79324340820312,0.0005817413330078125,-253.637939453125
1750930082.6423264,0.0,0.5,"[174.0, 185.0, 227.0, 160.0, 135.0, 127.0, 136.0, 164.0, 185.0, 174.0]",11.093487739562988,0.0,134.9686279296875,0.0005817413330078125,-253.7738037109375
1750930082.65834,0.0,0.5,"[174.0, 185.0, 227.0, 160.0, 134.0, 126.0, 136.0, 163.0, 185.0, 174.0]",10.935019493103027,0.0,135.15182495117188,0.0005817413330078125,-253.89328002929688
1750930082.6741893,1.0,0.5,"[174.0, 185.0, 227.0, 159.0, 134.0, 125.0, 134.0, 162.0, 185.0, 174.0]",11.334333419799805,0.0,135.34051513671875,0.0005817413330078125,-254.0189208984375
1750930082.71512,1.0,0.5,"[174.0, 185.0, 227.0, 159.0, 134.0, 125.0, 134.0, 162.0, 185.0, 174.0]",10.945402145385742,0.5,135.51284790039062,0.000583648681640625,-254.1539306640625
1750930082.7312958,1.0,0.5,"[174.0, 185.0, 227.0, 160.0, 134.0, 125.0, 134.0, 164.0, 185.0, 174.0]",10.901459693908691,0.5,135.67062377929688,0.000583648681640625,-254.30438232421875
1750930082.7474923,1.0,0.5,"[174.0, 185.0, 227.0, 160.0, 134.0, 126.0, 134.0, 164.0, 185.0, 174.0]",10.75500202178955,0.5,135.82095336914062,0.000583648681640625,-254.458251953125
1750930082.763893,1.0,0.5,"[174.0, 185.0, 227.0, 161.0, 135.0, 126.0, 134.0, 163.0, 185.0, 174.0]",10.974093437194824,0.5,135.9713134765625,0.0005817413330078125,-254.61813354492188
1750930082.7805448,1.0,0.5,"[174.0, 185.0, 227.0, 162.0, 135.0, 126.0, 134.0, 162.0, 185.0, 174.0]",10.794279098510742,0.5,136.11541748046875,0.0005817413330078125,-254.77886962890625
1750930082.796636,1.0,0.5,"[174.0, 185.0, 227.0, 162.0, 135.0, 127.0, 134.0, 162.0, 185.0, 174.0]",11.033970832824707,0.5,136.25961303710938,0.0005817413330078125,-254.9459228515625
1750930082.8255694,1.0,0.5,"[174.0, 185.0, 226.0, 163.0, 136.0, 127.0, 134.0, 162.0, 185.0, 174.0]",11.021854400634766,0.5,136.39920043945312,0.0005817413330078125,-255.11654663085938
1750930082.8417275,1.0,0.5,"[174.0, 185.0, 226.0, 164.0, 136.0, 128.0, 134.0, 162.0, 185.0, 174.0]",10.954254150390625,0.5,136.53512573242188,0.0005817413330078125,-255.28839111328125
1750930082.8577716,1.0,0.5,"[174.0, 185.0, 226.0, 166.0, 137.0, 128.0, 134.0, 162.0, 185.0, 174.0]",11.063589096069336,0.5,136.66720581054688,0.0005817413330078125,-255.46588134765625
1750930082.8737252,1.0,0.5,"[174.0, 185.0, 226.0, 166.0, 137.0, 129.0, 136.0, 162.0, 185.0, 174.0]",11.124056816101074,0.5,136.79727172851562,0.000579833984375,-255.64639282226562
1750930082.9154942,1.0,0.5,"[174.0, 185.0, 225.0, 174.0, 138.0, 129.0, 136.0, 162.0, 185.0, 174.0]",11.021292686462402,0.5,136.92071533203125,0.000579833984375,-255.82901000976562
1750930082.93192,1.0,0.5,"[174.0, 185.0, 225.0, 174.0, 138.0, 129.0, 136.0, 162.0, 185.0, 174.0]",11.09627914428711,0.5,137.04177856445312,0.000579833984375,-256.0150146484375
1750930082.948576,1.0,0.5,"[174.0, 185.0, 223.0, 173.0, 139.0, 129.0, 137.0, 162.0, 185.0, 174.0]",11.003504753112793,0.5,137.15762329101562,0.0005817413330078125,-256.2021179199219
1750930082.965596,1.0,0.5,"[174.0, 185.0, 223.0, 173.0, 139.0, 130.0, 137.0, 163.0, 185.0, 174.0]",11.123554229736328,0.5,137.26986694335938,0.000579833984375,-256.3941955566406
1750930082.9821763,1.0,0.5,"[174.0, 185.0, 221.0, 173.0, 140.0, 130.0, 138.0, 164.0, 185.0, 174.0]",11.355451583862305,0.5,137.38034057617188,0.0005817413330078125,-256.5926208496094
1750930082.9991038,1.0,0.5,"[174.0, 185.0, 220.0, 173.0, 141.0, 131.0, 138.0, 164.0, 185.0, 174.0]",11.373530387878418,0.5,137.48666381835938,0.0005817413330078125,-256.7937316894531
1750930083.0159042,1.0,0.5,"[174.0, 185.0, 220.0, 173.0, 141.0, 131.0, 139.0, 164.0, 185.0, 174.0]",11.301615715026855,0.5,137.58737182617188,0.0005817413330078125,-256.99609375
1750930083.0585964,1.0,0.5,"[174.0, 185.0, 218.0, 171.0, 142.0, 133.0, 139.0, 165.0, 185.0, 174.0]",11.285004615783691,0.5,137.68307495117188,0.0005817413330078125,-257.20050048828125
1750930083.075249,1.0,0.5,"[174.0, 185.0, 217.0, 171.0, 143.0, 133.0, 140.0, 165.0, 185.0, 174.0]",11.49891185760498,0.5,137.7764892578125,0.0005817413330078125,-257.41064453125
1750930083.076848,1.0,0.5,"[174.0, 185.0, 217.0, 171.0, 143.0, 133.0, 140.0, 165.0, 185.0, 174.0]",11.383898735046387,0.5,137.86373901367188,0.0005817413330078125,-257.6209411621094
1750930083.1065037,1.0,0.5,"[174.0, 185.0, 214.0, 170.0, 145.0, 134.0, 140.0, 167.0, 185.0, 174.0]",11.469477653503418,0.5,137.94631958007812,0.000583648681640625,-257.8349304199219
1750930083.1230047,1.0,0.5,"[174.0, 185.0, 212.0, 170.0, 146.0, 135.0, 141.0, 169.0, 185.0, 174.0]",11.67535400390625,0.5,138.02670288085938,0.000583648681640625,-258.0541687011719
1750930083.1395655,1.0,0.5,"[174.0, 185.0, 210.0, 170.0, 147.0, 136.0, 141.0, 170.0, 185.0, 174.0]",11.492778778076172,0.5,138.09967041015625,0.0005817413330078125,-258.2721252441406
1750930083.1558626,1.0,0.5,"[174.0, 185.0, 207.0, 170.0, 153.0, 137.0, 143.0, 170.0, 185.0, 174.0]",11.577766418457031,0.5,138.16909790039062,0.000583648681640625,-258.4930114746094
1750930083.1982946,1.0,0.5,"[174.0, 185.0, 206.0, 169.0, 153.0, 137.0, 144.0, 172.0, 185.0, 174.0]",11.55394458770752,0.5,138.23110961914062,0.000583648681640625,-258.7156066894531
1750930083.2145877,1.0,0.5,"[174.0, 185.0, 203.0, 169.0, 153.0, 138.0, 144.0, 172.0, 185.0, 174.0]",11.720446586608887,0.5,138.29022216796875,0.000583648681640625,-258.94244384765625
1750930083.2162073,1.0,0.5,"[174.0, 185.0, 203.0, 169.0, 153.0, 138.0, 144.0, 172.0, 185.0, 174.0]",11.728497505187988,0.5,138.34402465820312,0.000583648681640625,-259.1707458496094
1750930083.258656,1.0,0.5,"[174.0, 185.0, 198.0, 168.0, 152.0, 140.0, 146.0, 173.0, 185.0, 174.0]",11.809134483337402,0.5,138.39175415039062,0.000583648681640625,-259.4020690917969
1750930083.274638,1.0,0.5,"[174.0, 185.0, 195.0, 167.0, 152.0, 141.0, 146.0, 175.0, 185.0, 174.0]",11.792128562927246,0.5,138.4349365234375,0.000583648681640625,-259.6339111328125
1750930083.2762635,1.0,0.5,"[174.0, 185.0, 195.0, 167.0, 152.0, 141.0, 146.0, 175.0, 185.0, 174.0]",11.76663589477539,0.5,138.47164916992188,0.000583648681640625,-259.8663635253906
1750930083.3178606,1.0,0.5,"[174.0, 185.0, 190.0, 166.0, 151.0, 143.0, 148.0, 176.0, 185.0, 174.0]",11.717765808105469,0.5,138.50363159179688,0.000583648681640625,-260.0985412597656
1750930083.33389,1.0,0.5,"[174.0, 185.0, 189.0, 164.0, 151.0, 144.0, 149.0, 177.0, 185.0, 174.0]",11.819324493408203,0.5,138.52957153320312,0.000583648681640625,-260.33349609375
1750930083.3355355,1.0,0.5,"[174.0, 185.0, 189.0, 164.0, 151.0, 144.0, 149.0, 177.0, 185.0, 174.0]",11.975890159606934,0.5,138.55059814453125,0.0005817413330078125,-260.57208251953125
1750930083.3767185,1.0,0.5,"[174.0, 185.0, 184.0, 163.0, 150.0, 153.0, 152.0, 179.0, 185.0, 174.0]",11.964479446411133,0.5,138.56613159179688,0.0005817413330078125,-260.8108825683594
1750930083.392798,1.0,0.5,"[174.0, 185.0, 181.0, 162.0, 150.0, 152.0, 153.0, 181.0, 185.0, 174.0]",12.014665603637695,0.5,138.57492065429688,0.0005817413330078125,-261.051025390625
1750930083.4088166,1.0,0.5,"[174.0, 185.0, 179.0, 160.0, 150.0, 152.0, 154.0, 183.0, 185.0, 174.0]",12.184945106506348,0.5,138.578369140625,0.000579833984375,-261.2947082519531
1750930083.4249656,1.0,0.5,"[174.0, 185.0, 176.0, 159.0, 149.0, 152.0, 155.0, 184.0, 185.0, 174.0]",12.079374313354492,0.5,138.57638549804688,0.000579833984375,-261.5362854003906
1750930083.4407275,1.0,0.5,"[174.0, 185.0, 173.0, 156.0, 149.0, 151.0, 156.0, 185.0, 185.0, 174.0]",12.2061767578125,0.5,138.56814575195312,0.0005817413330078125,-261.7802734375
1750930083.4569063,1.0,0.5,"[174.0, 185.0, 172.0, 155.0, 148.0, 151.0, 158.0, 187.0, 185.0, 174.0]",12.036431312561035,0.5,138.5545654296875,0.0005817413330078125,-262.0206298828125
1750930083.4855175,1.0,0.5,"[174.0, 185.0, 169.0, 153.0, 147.0, 151.0, 159.0, 188.0, 185.0, 174.0]",12.206019401550293,0.5,138.53427124023438,0.0005817413330078125,-262.263916015625
1750930083.501244,1.0,0.5,"[174.0, 185.0, 165.0, 149.0, 147.0, 151.0, 160.0, 190.0, 185.0, 174.0]",12.31095027923584,0.5,138.50735473632812,0.000583648681640625,-262.5086669921875
1750930083.5170767,0.0,0.5,"[174.0, 185.0, 163.0, 147.0, 146.0, 150.0, 161.0, 192.0, 185.0, 174.0]",12.214211463928223,0.5,138.47537231445312,0.000583648681640625,-262.7508544921875
1750930083.543923,0.0,0.5,"[174.0, 185.0, 162.0, 147.0, 146.0, 150.0, 162.0, 192.0, 185.0, 174.0]",12.10006046295166,0.0,138.45761108398438,0.000583648681640625,-262.9921875
1750930083.5592124,0.0,0.5,"[174.0, 185.0, 161.0, 146.0, 146.0, 150.0, 164.0, 192.0, 185.0, 174.0]",12.225663185119629,0.0,138.45529174804688,0.000583648681640625,-263.2366943359375
1750930083.5741005,0.0,0.5,"[174.0, 185.0, 162.0, 146.0, 145.0, 150.0, 166.0, 192.0, 185.0, 174.0]",12.297276496887207,0.0,138.45547485351562,0.000583648681640625,-263.4826354980469
1750930083.6124873,0.0,0.5,"[174.0, 185.0, 161.0, 146.0, 145.0, 150.0, 173.0, 192.0, 185.0, 174.0]",12.171374320983887,0.0,138.45584106445312,0.000583648681640625,-263.72607421875
1750930083.6290941,0.0,0.5,"[174.0, 185.0, 161.0, 147.0, 145.0, 150.0, 171.0, 192.0, 185.0, 174.0]",12.462516784667969,0.0,138.45596313476562,0.000583648681640625,-263.9753112792969
1750930083.6449716,0.0,0.5,"[174.0, 185.0, 162.0, 147.0, 145.0, 149.0, 171.0, 192.0, 185.0, 174.0]",12.292374610900879,0.0,138.45614624023438,0.0005817413330078125,-264.2211608886719
1750930083.6602063,0.0,0.5,"[174.0, 185.0, 161.0, 147.0, 145.0, 149.0, 171.0, 192.0, 185.0, 174.0]",12.449400901794434,0.0,138.45645141601562,0.0005817413330078125,-264.47015380859375
1750930083.6753561,0.0,0.5,"[174.0, 185.0, 162.0, 147.0, 145.0, 149.0, 171.0, 192.0, 185.0, 174.0]",12.512259483337402,0.0,138.45632934570312,0.000583648681640625,-264.72039794921875
1750930083.7134788,0.0,0.5,"[174.0, 185.0, 161.0, 147.0, 145.0, 149.0, 171.0, 192.0, 185.0, 174.0]",12.708691596984863,0.0,138.45669555664062,0.0005817413330078125,-264.9745788574219
1750930083.728674,0.0,0.5,"[174.0, 185.0, 162.0, 147.0, 145.0, 149.0, 171.0, 192.0, 185.0, 174.0]",12.588089942932129,0.0,138.45693969726562,0.0005817413330078125,-265.2263488769531
1750930083.7442899,0.0,0.5,"[174.0, 185.0, 161.0, 147.0, 144.0, 149.0, 171.0, 192.0, 185.0, 174.0]",12.75722885131836,0.0,138.45736694335938,0.0005817413330078125,-265.48150634765625
1750930083.7596126,0.0,0.5,"[174.0, 185.0, 162.0, 147.0, 144.0, 149.0, 171.0, 192.0, 185.0, 174.0]",12.648865699768066,0.0,138.45745849609375,0.0005817413330078125,-265.7344970703125
1750930083.7744272,0.0,0.5,"[174.0, 185.0, 161.0, 147.0, 144.0, 149.0, 171.0, 192.0, 185.0, 174.0]",12.768627166748047,0.0,138.45773315429688,0.0005817413330078125,-265.9898681640625
1750930083.8125644,0.0,0.5,"[174.0, 185.0, 162.0, 147.0, 144.0, 148.0, 170.0, 192.0, 185.0, 174.0]",12.573515892028809,0.0,138.45779418945312,0.0005817413330078125,-266.2413330078125
1750930083.8267064,0.0,0.5,"[174.0, 185.0, 161.0, 147.0, 144.0, 148.0, 170.0, 192.0, 185.0, 174.0]",12.905405044555664,0.0,138.45809936523438,0.000583648681640625,-266.49945068359375
1750930083.8415155,0.0,0.5,"[174.0, 185.0, 162.0, 147.0, 144.0, 148.0, 170.0, 192.0, 185.0, 174.0]",12.681685447692871,0.0,138.45828247070312,0.000583648681640625,-266.7530822753906
1750930083.8565063,0.0,0.5,"[174.0, 185.0, 162.0, 147.0, 143.0, 148.0, 170.0, 192.0, 185.0, 174.0]",12.878822326660156,0.0,138.45877075195312,0.000583648681640625,-267.0106506347656
1750930083.8949757,0.0,0.5,"[174.0, 185.0, 162.0, 146.0, 143.0, 148.0, 170.0, 192.0, 185.0, 174.0]",13.03018569946289,0.0,138.45907592773438,0.000583648681640625,-267.271240234375
1750930083.9097197,0.0,0.5,"[174.0, 185.0, 162.0, 146.0, 143.0, 148.0, 170.0, 192.0, 185.0, 174.0]",12.895340919494629,0.0,138.45962524414062,0.0005817413330078125,-267.5291442871094
1750930083.9246433,0.0,0.5,"[174.0, 185.0, 162.0, 146.0, 143.0, 148.0, 170.0, 192.0, 185.0, 174.0]",13.230673789978027,0.0,138.4599609375,0.000583648681640625,-267.79376220703125
1750930083.9396272,0.0,0.5,"[174.0, 185.0, 161.0, 146.0, 143.0, 147.0, 170.0, 192.0, 185.0, 174.0]",12.852588653564453,0.0,138.460205078125,0.0005817413330078125,-268.0508117675781
1750930083.954539,-1.0,0.5,"[174.0, 185.0, 161.0, 146.0, 142.0, 147.0, 169.0, 192.0, 185.0, 174.0]",13.182435989379883,0.0,138.46029663085938,0.0005817413330078125,-268.314453125
1750930083.9930456,-1.0,0.5,"[174.0, 185.0, 162.0, 147.0, 142.0, 147.0, 169.0, 192.0, 185.0, 174.0]",12.901445388793945,-0.5,138.47427368164062,0.0005817413330078125,-268.5721130371094
1750930084.0082083,-1.0,0.5,"[174.0, 185.0, 164.0, 148.0, 143.0, 147.0, 170.0, 190.0, 185.0, 174.0]",12.668065071105957,-0.5,138.507080078125,0.0005817413330078125,-268.8233337402344
1750930084.0229156,-1.0,0.5,"[174.0, 185.0, 169.0, 149.0, 143.0, 148.0, 170.0, 189.0, 185.0, 174.0]",12.655340194702148,-0.5,138.55508422851562,0.0005817413330078125,-269.07183837890625
1750930084.0386765,0.0,0.5,"[174.0, 185.0, 172.0, 152.0, 144.0, 148.0, 170.0, 187.0, 185.0, 174.0]",12.76203441619873,-0.5,138.61129760742188,0.000583648681640625,-269.32080078125
1750930084.0537481,0.0,0.5,"[174.0, 185.0, 173.0, 152.0, 144.0, 148.0, 170.0, 186.0, 185.0, 174.0]",12.766870498657227,0.0,138.6552734375,0.000583648681640625,-269.57232666015625
1750930084.094974,0.0,0.5,"[174.0, 185.0, 173.0, 152.0, 144.0, 148.0, 170.0, 185.0, 185.0, 174.0]",12.706981658935547,0.0,138.68368530273438,0.000583648681640625,-269.8248596191406
1750930084.1111255,0.0,0.5,"[174.0, 185.0, 173.0, 152.0, 144.0, 148.0, 170.0, 185.0, 185.0, 174.0]",12.728601455688477,0.0,138.70828247070312,0.000583648681640625,-270.0782470703125
1750930084.1270623,0.0,0.5,"[174.0, 185.0, 173.0, 152.0, 143.0, 148.0, 170.0, 184.0, 185.0, 174.0]",12.86786937713623,0.0,138.7327880859375,0.000583648681640625,-270.3344421386719
1750930084.143134,0.0,0.5,"[174.0, 185.0, 173.0, 152.0, 143.0, 147.0, 170.0, 184.0, 185.0, 174.0]",12.855060577392578,0.0,138.75735473632812,0.000583648681640625,-270.5903625488281
1750930084.1591547,0.0,0.5,"[174.0, 185.0, 173.0, 151.0, 143.0, 147.0, 169.0, 184.0, 185.0, 174.0]",12.85869026184082,0.0,138.78176879882812,0.000583648681640625,-270.84637451171875
1750930084.1751509,0.0,0.5,"[174.0, 185.0, 173.0, 151.0, 143.0, 147.0, 169.0, 184.0, 185.0, 174.0]",12.953060150146484,0.0,138.80624389648438,0.000583648681640625,-271.1042785644531
1750930084.2158651,0.0,0.5,"[174.0, 185.0, 173.0, 151.0, 143.0, 147.0, 169.0, 184.0, 185.0, 174.0]",13.165687561035156,0.0,138.8311767578125,0.0005817413330078125,-271.3664245605469
1750930084.2322452,0.0,0.5,"[174.0, 185.0, 173.0, 151.0, 142.0, 147.0, 169.0, 184.0, 185.0, 174.0]",13.031407356262207,0.0,138.85614013671875,0.0005817413330078125,-271.6258544921875
1750930084.2482114,0.0,0.5,"[174.0, 185.0, 173.0, 151.0, 142.0, 147.0, 169.0, 184.0, 185.0, 174.0]",13.173304557800293,0.0,138.88125610351562,0.000583648681640625,-271.88812255859375
1750930084.2645967,0.0,0.5,"[174.0, 185.0, 173.0, 151.0, 142.0, 146.0, 169.0, 184.0, 185.0, 174.0]",13.027674674987793,0.0,138.90628051757812,0.000583648681640625,-272.1474609375
1750930084.2814496,0.0,0.5,"[174.0, 185.0, 173.0, 149.0, 142.0, 146.0, 168.0, 184.0, 185.0, 174.0]",13.33269214630127,0.0,138.931640625,0.000583648681640625,-272.41290283203125
1750930084.2974648,0.0,0.5,"[174.0, 185.0, 175.0, 149.0, 142.0, 146.0, 168.0, 184.0, 185.0, 174.0]",12.958599090576172,0.0,138.95639038085938,0.000583648681640625,-272.6708984375
1750930084.313321,0.0,0.5,"[174.0, 185.0, 175.0, 149.0, 141.0, 146.0, 168.0, 183.0, 185.0, 174.0]",13.263287544250488,0.0,138.98190307617188,0.000583648681640625,-272.9349365234375
1750930084.3543725,0.0,0.5,"[174.0, 185.0, 173.0, 149.0, 141.0, 146.0, 168.0, 183.0, 185.0, 174.0]",13.360955238342285,0.0,139.00759887695312,0.000583648681640625,-273.200927734375
1750930084.3706167,0.0,0.5,"[174.0, 185.0, 175.0, 149.0, 141.0, 145.0, 168.0, 183.0, 185.0, 174.0]",13.311613082885742,0.0,139.03268432617188,0.000583648681640625,-273.4659729003906
1750930084.3863556,0.0,0.5,"[174.0, 185.0, 175.0, 149.0, 141.0, 145.0, 167.0, 183.0, 185.0, 174.0]",13.569294929504395,0.0,139.05856323242188,0.000583648681640625,-273.7361145019531
1750930084.402231,0.0,0.5,"[174.0, 185.0, 175.0, 148.0, 141.0, 145.0, 167.0, 183.0, 185.0, 174.0]",13.301557540893555,0.0,139.08389282226562,0.000583648681640625,-274.0009460449219
1750930084.4176202,0.0,0.5,"[174.0, 185.0, 175.0, 148.0, 140.0, 145.0, 167.0, 183.0, 185.0, 174.0]",13.697690963745117,0.0,139.11007690429688,0.000583648681640625,-274.2736511230469
1750930084.4327917,0.0,0.5,"[174.0, 185.0, 175.0, 148.0, 140.0, 144.0, 167.0, 183.0, 185.0, 174.0]",13.410961151123047,0.0,139.1357421875,0.0005817413330078125,-274.5406494140625
1750930084.4707599,-1.0,0.5,"[174.0, 185.0, 175.0, 148.0, 140.0, 144.0, 167.0, 183.0, 185.0, 174.0]",13.717575073242188,0.0,139.16207885742188,0.000583648681640625,-274.813720703125
1750930084.4863572,-1.0,0.5,"[174.0, 185.0, 175.0, 148.0, 140.0, 144.0, 167.0, 181.0, 185.0, 174.0]",13.304300308227539,-0.5,139.20260620117188,0.000583648681640625,-275.0766906738281
1750930084.5025163,-1.0,0.5,"[174.0, 185.0, 176.0, 148.0, 140.0, 144.0, 167.0, 179.0, 185.0, 174.0]",13.296648025512695,-0.5,139.25881958007812,0.000583648681640625,-275.33660888671875
1750930084.518734,-1.0,0.5,"[174.0, 185.0, 176.0, 149.0, 140.0, 145.0, 167.0, 178.0, 185.0, 174.0]",13.064935684204102,-0.5,139.33319091796875,0.000583648681640625,-275.58709716796875
1750930084.534028,-1.0,0.5,"[174.0, 185.0, 179.0, 149.0, 140.0, 145.0, 167.0, 176.0, 185.0, 174.0]",13.219104766845703,-0.5,139.41555786132812,0.000583648681640625,-275.83831787109375
1750930084.5735407,-1.0,0.5,"[174.0, 185.0, 180.0, 151.0, 140.0, 145.0, 168.0, 173.0, 185.0, 174.0]",13.037205696105957,-0.5,139.50479125976562,0.000583648681640625,-276.08331298828125
1750930084.5894566,-1.0,0.5,"[174.0, 185.0, 183.0, 151.0, 141.0, 145.0, 168.0, 172.0, 185.0, 174.0]",13.182962417602539,-0.5,139.60003662109375,0.000583648681640625,-276.32916259765625
1750930084.6050558,-1.0,0.5,"[174.0, 185.0, 184.0, 152.0, 141.0, 145.0, 168.0, 169.0, 185.0, 174.0]",13.183213233947754,-0.5,139.70248413085938,0.000583648681640625,-276.5721130371094
1750930084.6203835,-1.0,0.5,"[174.0, 185.0, 186.0, 153.0, 141.0, 145.0, 169.0, 167.0, 185.0, 174.0]",13.285737991333008,-0.5,139.81243896484375,0.000583648681640625,-276.8139953613281
1750930084.6351483,-1.0,0.5,"[174.0, 185.0, 187.0, 153.0, 142.0, 145.0, 169.0, 164.0, 185.0, 174.0]",13.37155532836914,-0.5,139.92935180664062,0.000583648681640625,-277.0545349121094
1750930084.6726837,0.0,0.5,"[174.0, 185.0, 187.0, 154.0, 142.0, 146.0, 169.0, 161.0, 185.0, 174.0]",13.225436210632324,-0.5,140.05130004882812,0.000583648681640625,-277.28924560546875
1750930084.6881654,0.0,0.5,"[174.0, 185.0, 188.0, 154.0, 142.0, 146.0, 169.0, 159.0, 185.0, 174.0]",13.216914176940918,0.0,140.16043090820312,0.0005817413330078125,-277.5299987792969
1750930084.7032924,0.0,0.5,"[174.0, 185.0, 187.0, 153.0, 142.0, 145.0, 169.0, 158.0, 185.0, 174.0]",13.132930755615234,0.0,140.25704956054688,0.000583648681640625,-277.77423095703125
1750930084.7180357,0.0,0.5,"[174.0, 185.0, 187.0, 153.0, 142.0, 145.0, 169.0, 158.0, 185.0, 174.0]",13.349369049072266,0.0,140.35000610351562,0.000583648681640625,-278.0245056152344
1750930084.7331173,0.0,0.5,"[174.0, 185.0, 187.0, 153.0, 142.0, 145.0, 169.0, 156.0, 185.0, 174.0]",13.452244758605957,0.0,140.44332885742188,0.000583648681640625,-278.27685546875
1750930084.7715216,0.0,0.5,"[174.0, 185.0, 187.0, 153.0, 141.0, 145.0, 169.0, 155.0, 185.0, 174.0]",13.4137601852417,0.0,140.53640747070312,0.0005817413330078125,-278.5284729003906
1750930084.7861698,0.0,0.5,"[174.0, 185.0, 187.0, 152.0, 141.0, 145.0, 169.0, 155.0, 185.0, 174.0]",13.391961097717285,0.0,140.62942504882812,0.0005817413330078125,-278.7796325683594
1750930084.8007615,0.0,0.5,"[174.0, 185.0, 186.0, 152.0, 141.0, 144.0, 168.0, 153.0, 185.0, 174.0]",13.597672462463379,0.0,140.72409057617188,0.000583648681640625,-279.0345764160156
1750930084.816351,0.0,0.5,"[174.0, 185.0, 186.0, 152.0, 141.0, 144.0, 168.0, 153.0, 185.0, 174.0]",13.665764808654785,0.0,140.8189697265625,0.000583648681640625,-279.2908935546875
1750930084.854076,0.0,0.5,"[174.0, 185.0, 186.0, 151.0, 140.0, 144.0, 168.0, 151.0, 185.0, 174.0]",13.663195610046387,0.0,140.91375732421875,0.000583648681640625,-279.54718017578125
1750930084.8694806,0.0,0.5,"[174.0, 185.0, 185.0, 151.0, 140.0, 144.0, 168.0, 156.0, 185.0, 174.0]",13.622488021850586,0.0,141.00823974609375,0.0005817413330078125,-279.802734375
1750930084.8844974,0.0,0.5,"[174.0, 185.0, 184.0, 151.0, 140.0, 143.0, 167.0, 162.0, 185.0, 174.0]",13.625357627868652,0.0,141.10281372070312,0.000583648681640625,-280.05828857421875
1750930084.899548,0.0,0.5,"[174.0, 185.0, 184.0, 149.0, 139.0, 143.0, 167.0, 227.0, 185.0, 174.0]",13.728466033935547,0.0,141.19827270507812,0.000583648681640625,-280.31573486328125
1750930084.914655,0.0,0.5,"[174.0, 185.0, 184.0, 149.0, 139.0, 143.0, 167.0, 227.0, 185.0, 174.0]",13.66557502746582,0.0,141.29299926757812,0.000583648681640625,-280.5721130371094
1750930084.9521234,0.0,0.5,"[174.0, 185.0, 184.0, 149.0, 139.0, 142.0, 167.0, 227.0, 185.0, 174.0]",13.840574264526367,0.0,141.38888549804688,0.000583648681640625,-280.831787109375
1750930084.9676027,0.0,0.5,"[174.0, 185.0, 183.0, 148.0, 139.0, 142.0, 166.0, 227.0, 185.0, 174.0]",13.784043312072754,0.0,141.48464965820312,0.000583648681640625,-281.0903015136719
1750930084.9827452,0.0,0.5,"[174.0, 185.0, 183.0, 148.0, 138.0, 142.0, 166.0, 227.0, 185.0, 174.0]",14.07726764678955,0.0,141.58236694335938,0.000583648681640625,-281.3543395996094
1750930084.997715,0.0,0.5,"[174.0, 185.0, 183.0, 147.0, 138.0, 141.0, 166.0, 227.0, 185.0, 174.0]",13.852690696716309,0.0,141.67855834960938,0.000583648681640625,-281.6141662597656
1750930085.0127351,0.0,0.5,"[174.0, 185.0, 181.0, 147.0, 138.0, 141.0, 164.0, 227.0, 185.0, 174.0]",14.11641788482666,0.0,141.77645874023438,0.000583648681640625,-281.87896728515625
1750930085.0502594,0.0,0.5,"[174.0, 185.0, 181.0, 147.0, 137.0, 141.0, 164.0, 227.0, 185.0, 174.0]",13.898423194885254,0.0,141.87295532226562,0.000583648681640625,-282.1396484375
1750930085.0646293,0.0,0.5,"[174.0, 185.0, 181.0, 146.0, 137.0, 140.0, 164.0, 227.0, 185.0, 174.0]",14.095884323120117,0.0,141.97055053710938,0.000583648681640625,-282.4041442871094
1750930085.079783,0.0,0.5,"[174.0, 185.0, 179.0, 146.0, 136.0, 140.0, 163.0, 227.0, 185.0, 174.0]",14.113809585571289,0.0,142.0684814453125,0.000583648681640625,-282.66888427734375
1750930085.0945652,0.0,0.5,"[174.0, 185.0, 179.0, 145.0, 136.0, 140.0, 163.0, 227.0, 185.0, 174.0]",14.14653491973877,0.0,142.16671752929688,0.000583648681640625,-282.9342346191406
1750930085.1324754,0.0,0.5,"[174.0, 185.0, 178.0, 145.0, 136.0, 139.0, 162.0, 227.0, 185.0, 174.0]",14.302900314331055,0.0,142.26608276367188,0.000583648681640625,-283.2024841308594
1750930085.1467757,0.0,0.5,"[174.0, 185.0, 177.0, 144.0, 135.0, 139.0, 162.0, 227.0, 185.0, 174.0]",14.167360305786133,0.0,142.3643798828125,0.000583648681640625,-283.4682312011719
1750930085.162107,0.0,0.5,"[174.0, 185.0, 176.0, 144.0, 135.0, 138.0, 162.0, 227.0, 185.0, 174.0]",14.37084674835205,0.0,142.46438598632812,0.0005970001220703125,-283.7377014160156
1750930085.1768527,0.0,0.5,"[174.0, 185.0, 175.0, 143.0, 134.0, 138.0, 161.0, 227.0, 185.0, 174.0]",14.298211097717285,0.0,142.563720703125,0.0006504058837890625,-284.005859375
1750930085.202623,0.0,0.5,"[174.0, 185.0, 175.0, 143.0, 134.0, 137.0, 161.0, 227.0, 185.0, 174.0]",14.259201049804688,0.0,142.66275024414062,0.0007534027099609375,-284.2732849121094
1750930085.2170672,0.0,0.5,"[174.0, 185.0, 173.0, 141.0, 133.0, 137.0, 160.0, 227.0, 185.0, 174.0]",14.45195198059082,0.0,142.76318359375,0.0009326934814453125,-284.5443115234375
1750930085.2434573,0.0,0.5,"[174.0, 185.0, 172.0, 140.0, 131.0, 136.0, 160.0, 226.0, 185.0, 174.0]",14.535032272338867,0.0,142.86395263671875,0.0012035369873046875,-284.8169860839844
1750930085.2581494,0.0,0.5,"[174.0, 185.0, 171.0, 140.0, 131.0, 136.0, 159.0, 226.0, 185.0, 174.0]",14.481298446655273,0.0,142.96444702148438,0.001560211181640625,-285.088623046875
1750930085.2731059,0.0,0.5,"[174.0, 185.0, 170.0, 139.0, 130.0, 135.0, 159.0, 225.0, 185.0, 174.0]",14.556013107299805,0.0,143.06546020507812,0.0019779205322265625,-285.3616638183594
1750930085.31057,-1.0,0.5,"[174.0, 185.0, 169.0, 138.0, 130.0, 134.0, 158.0, 225.0, 185.0, 174.0]",14.706181526184082,0.0,143.16757202148438,0.0024547576904296875,-285.63751220703125
1750930085.3253555,-1.0,0.5,"[174.0, 185.0, 167.0, 138.0, 129.0, 134.0, 158.0, 225.0, 185.0, 174.0]",14.385936737060547,-0.5,143.28298950195312,0.002948760986328125,-285.90106201171875
1750930085.3402267,-1.0,0.5,"[174.0, 185.0, 167.0, 138.0, 129.0, 134.0, 158.0, 225.0, 185.0, 174.0]",14.211332321166992,-0.5,143.41366577148438,0.003452301025390625,-286.1534729003906
1750930085.3551795,-1.0,0.5,"[174.0, 185.0, 167.0, 138.0, 129.0, 134.0, 158.0, 226.0, 185.0, 174.0]",14.094663619995117,-0.5,143.55770874023438,0.0039920806884765625,-286.395751953125
1750930085.3927243,-1.0,0.5,"[174.0, 185.0, 167.0, 139.0, 128.0, 134.0, 159.0, 227.0, 185.0, 174.0]",14.06762981414795,-0.5,143.71151733398438,0.0045795440673828125,-286.63134765625
1750930085.4073908,-1.0,0.5,"[174.0, 185.0, 167.0, 139.0, 128.0, 134.0, 159.0, 227.0, 185.0, 174.0]",14.16191577911377,-0.5,143.87374877929688,0.0052280426025390625,-286.863525390625
1750930085.4226341,-1.0,0.5,"[174.0, 185.0, 167.0, 139.0, 128.0, 134.0, 159.0, 227.0, 185.0, 174.0]",14.18359661102295,-0.5,144.04244995117188,0.0059604644775390625,-287.0915832519531
1750930085.4374843,-1.0,0.5,"[174.0, 185.0, 168.0, 139.0, 128.0, 134.0, 160.0, 227.0, 185.0, 174.0]",14.260007858276367,-0.5,144.21902465820312,0.0067539215087890625,-287.3155212402344
1750930085.4638672,-1.0,0.5,"[174.0, 185.0, 169.0, 139.0, 128.0, 135.0, 161.0, 227.0, 185.0, 174.0]",14.157482147216797,-0.5,144.39981079101562,0.0075969696044921875,-287.533447265625
1750930085.478752,-1.0,0.5,"[174.0, 185.0, 169.0, 139.0, 128.0, 135.0, 161.0, 227.0, 185.0, 174.0]",14.291120529174805,-0.5,144.58975219726562,0.008523941040039062,-287.74700927734375
1750930085.4935904,-1.0,0.5,"[174.0, 185.0, 170.0, 138.0, 128.0, 135.0, 162.0, 227.0, 185.0, 174.0]",14.253396987915039,-0.5,144.78439331054688,0.009519577026367188,-287.9552917480469
1750930085.5276423,-1.0,0.5,"[174.0, 185.0, 170.0, 138.0, 128.0, 135.0, 163.0, 227.0, 185.0, 174.0]",14.266114234924316,-0.5,144.98513793945312,0.01058197021484375,-288.1580505371094
1750930085.5414934,-1.0,0.5,"[174.0, 185.0, 170.0, 138.0, 128.0, 136.0, 164.0, 227.0, 185.0, 174.0]",14.375181198120117,-0.5,145.19354248046875,0.011743545532226562,-288.3561096191406
1750930085.5548728,-1.0,0.5,"[174.0, 185.0, 170.0, 138.0, 128.0, 136.0, 164.0, 227.0, 185.0, 174.0]",14.327325820922852,-0.5,145.40695190429688,0.012989044189453125,-288.5473327636719
1750930085.5887206,-1.0,0.5,"[174.0, 185.0, 170.0, 138.0, 128.0, 137.0, 167.0, 227.0, 185.0, 174.0]",14.396749496459961,-0.5,145.62686157226562,0.014324188232421875,-288.7331848144531
1750930085.601969,-1.0,0.5,"[174.0, 185.0, 170.0, 138.0, 129.0, 137.0, 167.0, 227.0, 185.0, 174.0]",14.235895156860352,-0.5,145.84933471679688,0.0157012939453125,-288.910888671875
1750930085.6141138,-1.0,0.5,"[174.0, 185.0, 169.0, 138.0, 129.0, 138.0, 169.0, 227.0, 185.0, 174.0]",14.577625274658203,-0.5,146.08224487304688,0.01717376708984375,-289.0862121582031
1750930085.6443522,-1.0,0.5,"[174.0, 185.0, 169.0, 138.0, 129.0, 139.0, 170.0, 227.0, 185.0, 174.0]",14.262290954589844,-0.5,146.31503295898438,0.018657684326171875,-289.2510986328125
1750930085.6565526,-1.0,0.5,"[174.0, 185.0, 169.0, 138.0, 130.0, 140.0, 171.0, 227.0, 185.0, 174.0]",14.589431762695312,-0.5,146.55804443359375,0.020275115966796875,-289.4125671386719
1750930085.6870751,-1.0,0.5,"[174.0, 185.0, 168.0, 138.0, 130.0, 140.0, 173.0, 227.0, 185.0, 174.0]",14.364350318908691,-0.5,146.80209350585938,0.021963119506835938,-289.56414794921875
1750930085.6999888,-1.0,0.5,"[174.0, 185.0, 168.0, 138.0, 131.0, 141.0, 174.0, 227.0, 185.0, 174.0]",14.5306978225708,-0.5,147.05270385742188,0.023744583129882812,-289.7112731933594
1750930085.7130778,-1.0,0.5,"[174.0, 185.0, 168.0, 139.0, 131.0, 142.0, 175.0, 227.0, 185.0, 174.0]",14.615171432495117,-0.5,147.30947875976562,0.025606155395507812,-289.8509216308594
1750930085.746646,-1.0,0.5,"[174.0, 185.0, 168.0, 139.0, 133.0, 143.0, 176.0, 227.0, 185.0, 174.0]",14.571859359741211,-0.5,147.56951904296875,0.02751922607421875,-289.9825134277344
1750930085.7600124,-1.0,0.5,"[174.0, 185.0, 169.0, 139.0, 134.0, 144.0, 177.0, 227.0, 185.0, 174.0]",14.5263090133667,-0.5,147.83224487304688,0.029481887817382812,-290.10650634765625
1750930085.774915,-1.0,0.5,"[174.0, 185.0, 169.0, 140.0, 135.0, 145.0, 178.0, 227.0, 185.0, 174.0]",14.621809005737305,-0.5,148.1002197265625,0.03153038024902344,-290.22357177734375
1750930085.8112714,-1.0,0.5,"[174.0, 185.0, 169.0, 141.0, 135.0, 146.0, 179.0, 227.0, 185.0, 174.0]",14.639477729797363,-0.5,148.37216186523438,0.033626556396484375,-290.3320617675781
1750930085.8264143,-1.0,0.5,"[174.0, 185.0, 169.0, 141.0, 136.0, 148.0, 181.0, 227.0, 185.0, 174.0]",14.657468795776367,-0.5,148.64743041992188,0.03575897216796875,-290.432861328125
1750930085.8416708,-1.0,0.5,"[174.0, 185.0, 170.0, 143.0, 137.0, 149.0, 182.0, 227.0, 185.0, 174.0]",14.679126739501953,-0.5,148.92593383789062,0.03789520263671875,-290.5257568359375
1750930085.8566577,-1.0,0.5,"[174.0, 185.0, 170.0, 143.0, 138.0, 150.0, 183.0, 220.0, 185.0, 174.0]",14.712995529174805,-0.5,149.20779418945312,0.04004859924316406,-290.6102600097656
1750930085.8835337,-1.0,0.5,"[174.0, 185.0, 172.0, 144.0, 139.0, 151.0, 183.0, 213.0, 185.0, 174.0]",14.671852111816406,-0.5,149.49099731445312,0.04219818115234375,-290.6870422363281
1750930085.8988476,-1.0,0.5,"[174.0, 185.0, 172.0, 145.0, 140.0, 152.0, 184.0, 209.0, 185.0, 174.0]",14.787699699401855,-0.5,149.778564453125,0.044376373291015625,-290.75604248046875
1750930085.9137197,-1.0,0.5,"[174.0, 185.0, 173.0, 146.0, 142.0, 153.0, 185.0, 206.0, 185.0, 174.0]",14.676713943481445,-0.5,150.06625366210938,0.046504974365234375,-290.81427001953125
1750930085.952074,-1.0,0.5,"[174.0, 185.0, 175.0, 147.0, 143.0, 154.0, 185.0, 203.0, 185.0, 174.0]",14.893940925598145,-0.5,150.35958862304688,0.0486602783203125,-290.8659362792969
1750930085.9675848,-1.0,0.5,"[174.0, 185.0, 176.0, 148.0, 144.0, 155.0, 186.0, 200.0, 185.0, 174.0]",14.751057624816895,-0.5,150.6514892578125,0.05080986022949219,-290.9087829589844
1750930085.9836898,-1.0,0.5,"[174.0, 185.0, 178.0, 149.0, 145.0, 157.0, 186.0, 197.0, 185.0, 174.0]",14.9098539352417,-0.5,150.94784545898438,0.05298805236816406,-290.94189453125
1750930085.9997869,-1.0,0.5,"[174.0, 185.0, 179.0, 152.0, 147.0, 158.0, 186.0, 193.0, 185.0, 174.0]",14.758743286132812,-0.5,151.24185180664062,0.05519866943359375,-290.9676513671875
1750930086.0159018,-1.0,0.5,"[174.0, 185.0, 181.0, 153.0, 148.0, 159.0, 188.0, 190.0, 185.0, 174.0]",15.003746032714844,-0.5,151.54153442382812,0.057468414306640625,-290.98333740234375
1750930086.0568697,0.0,0.5,"[174.0, 185.0, 183.0, 154.0, 149.0, 160.0, 188.0, 187.0, 185.0, 174.0]",14.850930213928223,-0.5,151.83843994140625,0.059722900390625,-290.990478515625
1750930086.0730903,0.0,0.5,"[174.0, 185.0, 183.0, 155.0, 150.0, 160.0, 188.0, 186.0, 185.0, 174.0]",14.93315315246582,0.0,152.136474609375,0.06234931945800781,-291.00970458984375
1750930086.0890667,0.0,0.5,"[174.0, 185.0, 183.0, 155.0, 150.0, 160.0, 188.0, 186.0, 185.0, 174.0]",14.69921875,0.0,152.42849731445312,0.06526756286621094,-291.0435485839844
1750930086.104987,0.0,0.5,"[174.0, 185.0, 183.0, 155.0, 149.0, 160.0, 188.0, 186.0, 185.0, 174.0]",14.99053955078125,0.0,152.72549438476562,0.0684356689453125,-291.08428955078125
1750930086.1208003,0.0,0.5,"[174.0, 185.0, 183.0, 155.0, 149.0, 160.0, 188.0, 187.0, 185.0, 174.0]",14.843289375305176,0.0,153.01953125,0.07162857055664062,-291.125
1750930086.1367896,0.0,0.5,"[174.0, 185.0, 183.0, 154.0, 149.0, 160.0, 188.0, 187.0, 185.0, 174.0]",15.050728797912598,0.0,153.31768798828125,0.07492256164550781,-291.1662292480469
1750930086.1651118,0.0,0.5,"[174.0, 185.0, 181.0, 154.0, 149.0, 160.0, 188.0, 188.0, 185.0, 174.0]",15.066095352172852,0.0,153.61611938476562,0.07823944091796875,-291.20770263671875
1750930086.1809444,0.0,0.5,"[174.0, 185.0, 181.0, 154.0, 149.0, 159.0, 186.0, 189.0, 185.0, 174.0]",15.09012222290039,0.0,153.91500854492188,0.08161354064941406,-291.24932861328125
1750930086.196521,0.0,0.5,"[174.0, 185.0, 181.0, 154.0, 148.0, 159.0, 186.0, 189.0, 185.0, 174.0]",15.090409278869629,0.0,154.21395874023438,0.08506965637207031,-291.290771484375
1750930086.235811,0.0,0.5,"[174.0, 185.0, 180.0, 153.0, 148.0, 159.0, 186.0, 189.0, 185.0, 174.0]",15.229968070983887,0.0,154.51568603515625,0.08864212036132812,-291.3323974609375
1750930086.2515395,0.0,0.5,"[174.0, 185.0, 179.0, 153.0, 148.0, 159.0, 186.0, 190.0, 185.0, 174.0]",15.198686599731445,0.0,154.8167724609375,0.09226417541503906,-291.3740539550781
1750930086.266987,0.0,0.5,"[174.0, 185.0, 179.0, 153.0, 148.0, 159.0, 186.0, 190.0, 185.0, 174.0]",15.253215789794922,0.0,155.11892700195312,0.09615707397460938,-291.4158630371094
1750930086.2825358,0.0,0.5,"[174.0, 185.0, 179.0, 153.0, 147.0, 159.0, 186.0, 190.0, 185.0, 174.0]",15.313867568969727,0.0,155.42227172851562,0.100311279296875,-291.4579162597656
1750930086.2980719,0.0,0.5,"[174.0, 185.0, 178.0, 152.0, 147.0, 158.0, 186.0, 192.0, 185.0, 174.0]",15.26695442199707,0.0,155.72470092773438,0.10477828979492188,-291.4998474121094
1750930086.3140996,0.0,0.5,"[174.0, 185.0, 178.0, 152.0, 147.0, 158.0, 186.0, 192.0, 185.0, 174.0]",15.291850090026855,0.0,156.02755737304688,0.10947608947753906,-291.5419006347656
1750930086.3541765,-1.0,0.5,"[174.0, 185.0, 177.0, 152.0, 147.0, 158.0, 186.0, 192.0, 185.0, 174.0]",15.497139930725098,0.0,156.33450317382812,0.11446380615234375,-291.5845947265625
1750930086.3703294,-1.0,0.5,"[174.0, 185.0, 177.0, 152.0, 147.0, 158.0, 186.0, 192.0, 185.0, 174.0]",15.10236644744873,-0.5,156.63552856445312,0.11920547485351562,-291.609375
1750930086.3861473,0.0,0.5,"[174.0, 185.0, 178.0, 153.0, 147.0, 159.0, 186.0, 189.0, 185.0, 174.0]",15.108709335327148,-0.5,156.93759155273438,0.12379264831542969,-291.6161193847656
1750930086.4017253,0.0,0.5,"[174.0, 185.0, 178.0, 153.0, 147.0, 159.0, 186.0, 189.0, 185.0, 174.0]",14.74215030670166,0.0,157.23162841796875,0.1286163330078125,-291.63714599609375
1750930086.417412,0.0,0.5,"[174.0, 185.0, 178.0, 153.0, 147.0, 159.0, 186.0, 190.0, 185.0, 174.0]",15.124571800231934,0.0,157.53262329101562,0.1337566375732422,-291.6666259765625
1750930086.4453223,0.0,0.5,"[174.0, 185.0, 178.0, 152.0, 147.0, 158.0, 186.0, 190.0, 185.0, 174.0]",14.87807559967041,0.0,157.82864379882812,0.1389598846435547,-291.6963806152344
1750930086.461411,0.0,0.5,"[174.0, 185.0, 176.0, 152.0, 147.0, 158.0, 186.0, 190.0, 185.0, 174.0]",15.13248062133789,0.0,158.12973022460938,0.14445877075195312,-291.7266845703125
1750930086.4770525,0.0,0.5,"[174.0, 185.0, 176.0, 152.0, 147.0, 158.0, 186.0, 190.0, 185.0, 174.0]",15.1795015335083,0.0,158.43173217773438,0.15019798278808594,-291.75726318359375
1750930086.5040119,0.0,0.5,"[174.0, 185.0, 176.0, 151.0, 146.0, 158.0, 186.0, 190.0, 185.0, 174.0]",15.228761672973633,0.0,158.73471069335938,0.1562633514404297,-291.78765869140625
1750930086.519666,0.0,0.5,"[174.0, 185.0, 176.0, 151.0, 146.0, 158.0, 186.0, 192.0, 185.0, 174.0]",15.125411033630371,0.0,159.03561401367188,0.16256332397460938,-291.8181457519531
1750930086.534974,0.0,0.5,"[174.0, 185.0, 175.0, 151.0, 146.0, 158.0, 185.0, 192.0, 185.0, 174.0]",15.089714050292969,0.0,159.33584594726562,0.16902923583984375,-291.8479309082031
1750930086.5736299,-1.0,0.5,"[174.0, 185.0, 175.0, 149.0, 146.0, 157.0, 185.0, 192.0, 185.0, 174.0]",15.303879737854004,0.0,159.64028930664062,0.17576026916503906,-291.8787841796875
1750930086.589129,-1.0,0.5,"[174.0, 185.0, 175.0, 151.0, 146.0, 158.0, 185.0, 192.0, 185.0, 174.0]",15.011375427246094,-0.5,159.94015502929688,0.18210601806640625,-291.89227294921875
1750930086.6042604,-1.0,0.5,"[174.0, 185.0, 176.0, 151.0, 147.0, 158.0, 186.0, 190.0, 185.0, 174.0]",14.949212074279785,-0.5,160.23904418945312,0.188018798828125,-291.88818359375
1750930086.619772,-1.0,0.5,"[174.0, 185.0, 178.0, 152.0, 148.0, 159.0, 186.0, 187.0, 185.0, 174.0]",14.550923347473145,-0.5,160.52920532226562,0.1934185028076172,-291.86614990234375
1750930086.6352153,-1.0,0.5,"[174.0, 185.0, 179.0, 153.0, 149.0, 160.0, 186.0, 185.0, 185.0, 174.0]",14.686738014221191,-0.5,160.82070922851562,0.1986255645751953,-291.83038330078125
1750930086.6732903,0.0,0.5,"[174.0, 185.0, 183.0, 155.0, 151.0, 160.0, 164.0, 183.0, 185.0, 174.0]",14.77568531036377,-0.5,161.1126708984375,0.2037525177001953,-291.7851257324219
1750930086.6882777,0.0,0.5,"[174.0, 185.0, 183.0, 155.0, 151.0, 161.0, 163.0, 181.0, 185.0, 174.0]",14.68951416015625,0.0,161.40469360351562,0.2096080780029297,-291.7535400390625
1750930086.703263,0.0,0.5,"[174.0, 185.0, 183.0, 155.0, 151.0, 161.0, 163.0, 181.0, 185.0, 174.0]",14.670964241027832,0.0,161.69761657714844,0.2161731719970703,-291.7377624511719
1750930086.7183068,0.0,0.5,"[174.0, 185.0, 183.0, 155.0, 151.0, 160.0, 163.0, 181.0, 185.0, 174.0]",14.82974624633789,0.0,161.99391174316406,0.22306060791015625,-291.7262878417969
1750930086.7331371,0.0,0.5,"[174.0, 185.0, 183.0, 155.0, 151.0, 160.0, 163.0, 181.0, 185.0, 174.0]",14.58755874633789,0.0,162.28538513183594,0.22994041442871094,-291.7156066894531
1750930086.772261,-1.0,0.5,"[174.0, 185.0, 183.0, 155.0, 151.0, 160.0, 163.0, 181.0, 185.0, 174.0]",14.775713920593262,0.0,162.5806121826172,0.2369232177734375,-291.7045593261719
1750930086.7876534,-1.0,0.5,"[174.0, 185.0, 183.0, 155.0, 151.0, 160.0, 163.0, 180.0, 185.0, 174.0]",14.761914253234863,-0.5,162.87457275390625,0.24335479736328125,-291.6778564453125
1750930086.802696,-1.0,0.5,"[174.0, 185.0, 183.0, 156.0, 152.0, 161.0, 161.0, 179.0, 185.0, 174.0]",14.261286735534668,-0.5,163.15673828125,0.2490386962890625,-291.6365966796875
1750930086.817542,-1.0,0.5,"[174.0, 185.0, 185.0, 158.0, 153.0, 161.0, 159.0, 176.0, 185.0, 174.0]",14.453659057617188,-0.5,163.43963623046875,0.2541522979736328,-291.577392578125
1750930086.8443959,0.0,0.5,"[174.0, 185.0, 187.0, 159.0, 154.0, 162.0, 156.0, 175.0, 185.0, 174.0]",14.158574104309082,-0.5,163.71356201171875,0.2586555480957031,-291.5057678222656
1750930086.8595169,0.0,0.5,"[174.0, 185.0, 187.0, 160.0, 154.0, 162.0, 155.0, 173.0, 185.0, 174.0]",14.344243049621582,0.0,163.99444580078125,0.2638874053955078,-291.4476318359375
1750930086.8746622,0.0,0.5,"[174.0, 185.0, 187.0, 160.0, 154.0, 162.0, 155.0, 173.0, 185.0, 174.0]",14.21739387512207,0.0,164.27581787109375,0.269989013671875,-291.4070739746094
1750930086.9138417,0.0,0.5,"[174.0, 185.0, 187.0, 160.0, 154.0, 162.0, 156.0, 173.0, 185.0, 174.0]",14.395450592041016,0.0,164.5609588623047,0.2764110565185547,-291.3677978515625
1750930086.9287992,0.0,0.5,"[174.0, 185.0, 187.0, 160.0, 154.0, 162.0, 156.0, 173.0, 185.0, 174.0]",14.242538452148438,0.0,164.84315490722656,0.2828559875488281,-291.3294982910156
1750930086.9441967,0.0,0.5,"[174.0, 185.0, 187.0, 159.0, 154.0, 162.0, 156.0, 173.0, 185.0, 174.0]",14.455194473266602,0.0,165.1295166015625,0.28931617736816406,-291.29034423828125
1750930086.9598136,0.0,0.5,"[174.0, 185.0, 187.0, 159.0, 154.0, 162.0, 156.0, 173.0, 185.0, 174.0]",14.298409461975098,0.0,165.41281127929688,0.295654296875,-291.25189208984375
1750930086.974831,0.0,0.5,"[174.0, 185.0, 187.0, 159.0, 154.0, 162.0, 156.0, 173.0, 185.0, 174.0]",14.563708305358887,0.0,165.7013397216797,0.3020210266113281,-291.21246337890625
1750930087.01427,0.0,0.5,"[174.0, 185.0, 187.0, 159.0, 154.0, 162.0, 156.0, 173.0, 185.0, 174.0]",14.522775650024414,0.0,165.9890594482422,0.30829620361328125,-291.1732177734375
1750930087.0299168,0.0,0.5,"[174.0, 185.0, 187.0, 159.0, 154.0, 162.0, 156.0, 173.0, 185.0, 174.0]",14.491837501525879,0.0,166.27618408203125,0.3144969940185547,-291.1341552734375
1750930087.0450776,0.0,0.5,"[174.0, 185.0, 186.0, 159.0, 154.0, 162.0, 156.0, 175.0, 185.0, 174.0]",14.473995208740234,0.0,166.5629425048828,0.3206291198730469,-291.0950927734375
1750930087.0601962,0.0,0.5,"[174.0, 185.0, 186.0, 159.0, 154.0, 162.0, 156.0, 175.0, 185.0, 174.0]",14.599784851074219,0.0,166.85218811035156,0.32674598693847656,-291.0555419921875
1750930087.0754533,0.0,0.5,"[174.0, 185.0, 186.0, 159.0, 153.0, 162.0, 158.0, 175.0, 185.0, 174.0]",14.806350708007812,0.0,167.14552307128906,0.33287620544433594,-291.0154113769531
1750930087.1138504,0.0,0.5,"[174.0, 185.0, 186.0, 159.0, 153.0, 162.0, 158.0, 175.0, 185.0, 174.0]",14.654027938842773,0.0,167.4358673095703,0.3389892578125,-290.9758605957031
1750930087.1291764,0.0,0.5,"[174.0, 185.0, 186.0, 159.0, 153.0, 162.0, 158.0, 176.0, 185.0, 174.0]",14.821727752685547,0.0,167.7294921875,0.345367431640625,-290.9356384277344
1750930087.1447623,0.0,0.5,"[174.0, 185.0, 186.0, 159.0, 153.0, 162.0, 158.0, 176.0, 185.0, 174.0]",14.661698341369629,0.0,168.01995849609375,0.3518714904785156,-290.8960266113281
1750930087.1603415,0.0,0.5,"[174.0, 185.0, 186.0, 159.0, 153.0, 162.0, 158.0, 176.0, 185.0, 174.0]",14.882136344909668,0.0,168.31475830078125,0.3584632873535156,-290.8554992675781
1750930087.1753445,0.0,0.5,"[174.0, 185.0, 186.0, 159.0, 153.0, 162.0, 158.0, 176.0, 185.0, 174.0]",14.797040939331055,0.0,168.60787963867188,0.3650245666503906,-290.8153381347656
1750930087.2145364,0.0,0.5,"[174.0, 185.0, 185.0, 159.0, 153.0, 162.0, 158.0, 177.0, 185.0, 174.0]",14.825955390930176,0.0,168.90158081054688,0.3715839385986328,-290.7750244140625
1750930087.22928,0.0,0.5,"[174.0, 185.0, 184.0, 159.0, 153.0, 162.0, 159.0, 178.0, 185.0, 174.0]",14.951332092285156,0.0,169.19778442382812,0.3781871795654297,-290.7345275878906
1750930087.2443755,0.0,0.5,"[174.0, 185.0, 184.0, 159.0, 153.0, 162.0, 159.0, 178.0, 185.0, 174.0]",14.944393157958984,0.0,169.49388122558594,0.38480186462402344,-290.6943359375
1750930087.2592645,0.0,0.5,"[174.0, 185.0, 184.0, 158.0, 153.0, 162.0, 159.0, 179.0, 185.0, 174.0]",14.938031196594238,0.0,169.789794921875,0.3913688659667969,-290.65374755859375
1750930087.274576,0.0,0.5,"[174.0, 185.0, 184.0, 158.0, 153.0, 162.0, 159.0, 179.0, 185.0, 174.0]",15.019330978393555,0.0,170.08738708496094,0.39798927307128906,-290.61346435546875
1750930087.3132274,-1.0,0.5,"[174.0, 185.0, 184.0, 158.0, 153.0, 162.0, 159.0, 179.0, 185.0, 174.0]",15.106647491455078,0.0,170.3866729736328,0.4046287536621094,-290.5726013183594
1750930087.328281,0.0,0.5,"[174.0, 185.0, 185.0, 159.0, 153.0, 162.0, 159.0, 179.0, 185.0, 174.0]",14.660028457641602,-0.5,170.6745147705078,0.4100914001464844,-290.5170593261719
1750930087.343599,0.0,0.5,"[174.0, 185.0, 185.0, 159.0, 153.0, 162.0, 159.0, 179.0, 185.0, 174.0]",14.973445892333984,0.0,170.97030639648438,0.4167003631591797,-290.47076416015625
1750930087.358649,0.0,0.5,"[174.0, 185.0, 184.0, 159.0, 153.0, 162.0, 159.0, 179.0, 185.0, 174.0]",14.508663177490234,0.0,171.25717163085938,0.42341041564941406,-290.4275817871094
1750930087.3746994,0.0,0.5,"[174.0, 185.0, 184.0, 159.0, 153.0, 162.0, 159.0, 179.0, 185.0, 174.0]",14.839738845825195,0.0,171.55062866210938,0.43029212951660156,-290.3837585449219
1750930087.4138184,0.0,0.5,"[174.0, 185.0, 184.0, 159.0, 153.0, 162.0, 159.0, 179.0, 185.0, 174.0]",15.168395042419434,0.0,171.85060119628906,0.4373130798339844,-290.33905029296875
1750930087.4294784,0.0,0.5,"[174.0, 185.0, 184.0, 159.0, 153.0, 162.0, 159.0, 180.0, 185.0, 174.0]",14.818581581115723,0.0,172.14366149902344,0.44416236877441406,-290.29541015625
1750930087.4446983,0.0,0.5,"[174.0, 185.0, 184.0, 159.0, 153.0, 162.0, 159.0, 180.0, 185.0, 174.0]",15.186341285705566,0.0,172.44400024414062,0.4511585235595703,-290.250732421875
1750930087.459641,0.0,0.5,"[174.0, 185.0, 184.0, 158.0, 153.0, 162.0, 160.0, 181.0, 185.0, 174.0]",14.817617416381836,0.0,172.73704528808594,0.4579601287841797,-290.2070617675781
1750930087.4747336,0.0,0.5,"[174.0, 185.0, 184.0, 158.0, 153.0, 162.0, 160.0, 181.0, 185.0, 174.0]",15.199165344238281,0.0,173.03762817382812,0.46489906311035156,-290.16229248046875
1750930087.513439,0.0,0.5,"[174.0, 185.0, 184.0, 158.0, 153.0, 162.0, 160.0, 181.0, 185.0, 174.0]",15.027386665344238,0.0,173.33482360839844,0.4717445373535156,-290.1180419921875
1750930087.5287902,0.0,0.5,"[174.0, 185.0, 184.0, 158.0, 152.0, 162.0, 161.0, 181.0, 185.0, 174.0]",15.194307327270508,0.0,173.63526916503906,0.47864723205566406,-290.072998046875
1750930087.543817,0.0,0.5,"[174.0, 185.0, 183.0, 158.0, 152.0, 162.0, 161.0, 183.0, 185.0, 174.0]",15.144099235534668,0.0,173.9347381591797,0.4857292175292969,-290.02825927734375
1750930087.5586007,0.0,0.5,"[174.0, 185.0, 183.0, 158.0, 152.0, 162.0, 162.0, 183.0, 185.0, 174.0]",15.114248275756836,0.0,174.23361206054688,0.4930744171142578,-289.98358154296875
1750930087.573684,0.0,0.5,"[174.0, 185.0, 183.0, 158.0, 152.0, 162.0, 162.0, 183.0, 185.0, 174.0]",15.243276596069336,0.0,174.5350341796875,0.5005683898925781,-289.9384765625
1750930087.6114366,0.0,0.5,"[174.0, 185.0, 183.0, 158.0, 152.0, 162.0, 162.0, 183.0, 185.0, 174.0]",15.282369613647461,0.0,174.8372802734375,0.5080680847167969,-289.89361572265625
1750930087.6268682,0.0,0.5,"[174.0, 185.0, 183.0, 158.0, 152.0, 162.0, 163.0, 183.0, 185.0, 174.0]",15.415888786315918,0.0,175.1421356201172,0.5155601501464844,-289.84814453125
1750930087.6419463,0.0,0.5,"[174.0, 185.0, 183.0, 158.0, 152.0, 162.0, 164.0, 184.0, 185.0, 174.0]",15.263293266296387,0.0,175.44400024414062,0.5229454040527344,-289.80328369140625
1750930087.6569629,-1.0,0.5,"[174.0, 185.0, 183.0, 158.0, 152.0, 162.0, 164.0, 184.0, 185.0, 174.0]",15.600263595581055,0.0,175.75250244140625,0.5304203033447266,-289.75726318359375
1750930087.6834192,-1.0,0.5,"[174.0, 185.0, 183.0, 158.0, 152.0, 162.0, 163.0, 183.0, 185.0, 174.0]",15.05952262878418,-0.5,176.04751586914062,0.5363674163818359,-289.6968994140625
1750930087.697876,-1.0,0.5,"[174.0, 185.0, 184.0, 159.0, 153.0, 163.0, 161.0, 181.0, 185.0, 174.0]",15.181160926818848,-0.5,176.34097290039062,0.5409965515136719,-289.619140625
1750930087.7131343,-1.0,0.5,"[174.0, 185.0, 187.0, 160.0, 154.0, 163.0, 158.0, 179.0, 185.0, 174.0]",14.774300575256348,-0.5,176.62069702148438,0.5438480377197266,-289.5239562988281
1750930087.7520714,0.0,0.5,"[174.0, 185.0, 190.0, 162.0, 155.0, 164.0, 154.0, 176.0, 185.0, 174.0]",15.029631614685059,-0.5,176.90090942382812,0.5457859039306641,-289.4151611328125
1750930087.767195,0.0,0.5,"[174.0, 185.0, 190.0, 162.0, 156.0, 164.0, 154.0, 175.0, 185.0, 174.0]",14.749317169189453,0.0,177.18142700195312,0.5493221282958984,-289.323974609375
1750930087.7828023,0.0,0.5,"[174.0, 185.0, 190.0, 162.0, 156.0, 164.0, 154.0, 175.0, 185.0, 174.0]",15.027944564819336,0.0,177.47171020507812,0.5544776916503906,-289.2461853027344
1750930087.797754,0.0,0.5,"[174.0, 185.0, 192.0, 162.0, 156.0, 164.0, 154.0, 175.0, 185.0, 174.0]",14.616549491882324,0.0,177.75457763671875,0.559661865234375,-289.1725769042969
1750930087.813072,0.0,0.5,"[174.0, 185.0, 192.0, 162.0, 156.0, 164.0, 154.0, 175.0, 185.0, 174.0]",14.983077049255371,0.0,178.04464721679688,0.5648899078369141,-289.0975341796875
1750930087.8515499,0.0,0.5,"[174.0, 185.0, 192.0, 162.0, 156.0, 164.0, 154.0, 176.0, 185.0, 174.0]",14.956403732299805,0.0,178.33421325683594,0.5700149536132812,-289.0226745605469
1750930087.8660586,0.0,0.5,"[174.0, 185.0, 192.0, 162.0, 156.0, 164.0, 154.0, 176.0, 185.0, 174.0]",14.994372367858887,0.0,178.62452697753906,0.5750541687011719,-288.94769287109375
1750930087.880307,0.0,0.5,"[174.0, 185.0, 192.0, 162.0, 156.0, 164.0, 154.0, 176.0, 185.0, 174.0]",15.019946098327637,0.0,178.91537475585938,0.5800209045410156,-288.8727111816406
1750930087.895838,0.0,0.5,"[174.0, 185.0, 192.0, 162.0, 156.0, 164.0, 154.0, 176.0, 185.0, 174.0]",15.07894229888916,0.0,179.2073974609375,0.5849380493164062,-288.79754638671875
1750930087.934863,0.0,0.5,"[174.0, 185.0, 192.0, 162.0, 156.0, 164.0, 155.0, 176.0, 185.0, 174.0]",14.998285293579102,0.0,179.49781799316406,0.5897502899169922,-288.72265625
1750930087.949617,0.0,0.5,"[174.0, 185.0, 192.0, 162.0, 156.0, 164.0, 155.0, 176.0, 185.0, 174.0]",15.026102066040039,0.0,179.7887725830078,0.5944995880126953,-288.6476135253906
1750930087.964759,0.0,0.5,"[174.0, 185.0, 192.0, 162.0, 156.0, 164.0, 156.0, 176.0, 185.0, 174.0]",15.253691673278809,0.0,180.0841827392578,0.5992813110351562,-288.57159423828125
1750930087.9794436,0.0,0.5,"[174.0, 185.0, 192.0, 162.0, 156.0, 164.0, 156.0, 176.0, 185.0, 174.0]",15.25141429901123,0.0,180.3795166015625,0.6041297912597656,-288.4954528808594
1750930087.9946947,0.0,0.5,"[174.0, 185.0, 192.0, 161.0, 156.0, 164.0, 156.0, 176.0, 185.0, 174.0]",15.283929824829102,0.0,180.67547607421875,0.6091594696044922,-288.41912841796875
1750930088.0331557,0.0,0.5,"[174.0, 185.0, 192.0, 161.0, 156.0, 164.0, 158.0, 176.0, 185.0, 174.0]",15.284178733825684,0.0,180.97145080566406,0.614227294921875,-288.3428649902344
1750930088.0484633,0.0,0.5,"[174.0, 185.0, 192.0, 161.0, 156.0, 164.0, 158.0, 176.0, 185.0, 174.0]",15.380841255187988,0.0,181.269287109375,0.6193408966064453,-288.26611328125
1750930088.0635026,0.0,0.5,"[174.0, 185.0, 192.0, 161.0, 156.0, 164.0, 158.0, 176.0, 185.0, 174.0]",15.363786697387695,0.0,181.56675720214844,0.6244411468505859,-288.18927001953125
1750930088.0787966,0.0,0.5,"[174.0, 185.0, 192.0, 161.0, 156.0, 164.0, 158.0, 176.0, 185.0, 174.0]",15.309473037719727,0.0,181.8631591796875,0.6295204162597656,-288.1126403808594
1750930088.0937095,0.0,0.5,"[174.0, 185.0, 192.0, 161.0, 156.0, 164.0, 159.0, 176.0, 185.0, 174.0]",15.366562843322754,0.0,182.16065979003906,0.6346168518066406,-288.03570556640625
1750930088.1307163,0.0,0.5,"[174.0, 185.0, 192.0, 161.0, 155.0, 164.0, 159.0, 176.0, 185.0, 174.0]",15.692567825317383,0.0,182.46449279785156,0.63983154296875,-287.95721435546875
1750930088.1457767,0.0,0.5,"[174.0, 185.0, 190.0, 161.0, 155.0, 164.0, 159.0, 176.0, 185.0, 174.0]",15.303747177124023,0.0,182.7607879638672,0.6449146270751953,-287.8806457519531
1750930088.160653,0.0,0.5,"[174.0, 185.0, 190.0, 161.0, 155.0, 164.0, 160.0, 176.0, 185.0, 174.0]",15.684170722961426,0.0,183.06443786621094,0.6501197814941406,-287.8021240234375
1750930088.175724,0.0,0.5,"[174.0, 185.0, 190.0, 161.0, 155.0, 164.0, 160.0, 177.0, 185.0, 174.0]",15.49725341796875,0.0,183.3644561767578,0.6552619934082031,-287.7244873046875
1750930088.2131724,0.0,0.5,"[174.0, 185.0, 190.0, 161.0, 155.0, 164.0, 160.0, 177.0, 185.0, 174.0]",15.713062286376953,0.0,183.66871643066406,0.6606960296630859,-287.6460266113281
1750930088.2274458,-1.0,0.5,"[174.0, 185.0, 190.0, 161.0, 155.0, 164.0, 160.0, 177.0, 185.0, 174.0]",15.648635864257812,0.0,183.9716796875,0.6662387847900391,-287.56768798828125
1750930088.2420545,-1.0,0.5,"[174.0, 185.0, 190.0, 161.0, 156.0, 165.0, 159.0, 176.0, 185.0, 174.0]",15.447653770446777,-0.5,184.2657012939453,0.6699295043945312,-287.47283935546875
1750930088.2572002,-1.0,0.5,"[174.0, 185.0, 192.0, 162.0, 156.0, 165.0, 158.0, 175.0, 185.0, 174.0]",15.19815444946289,-0.5,184.54830932617188,0.6715946197509766,-287.36090087890625
1750930088.2831764,0.0,0.5,"[174.0, 185.0, 195.0, 164.0, 157.0, 166.0, 154.0, 172.0, 185.0, 174.0]",15.045287132263184,-0.5,184.82130432128906,0.6715717315673828,-287.2343444824219
1750930088.2981293,0.0,0.5,"[174.0, 185.0, 195.0, 164.0, 158.0, 166.0, 153.0, 170.0, 185.0, 174.0]",15.016973495483398,0.0,185.0978546142578,0.6727123260498047,-287.1171875
1750930088.3132133,0.0,0.5,"[174.0, 185.0, 196.0, 164.0, 158.0, 166.0, 153.0, 170.0, 185.0, 174.0]",15.06843376159668,0.0,185.38133239746094,0.6756515502929688,-287.01495361328125
1750930088.3510323,0.0,0.5,"[174.0, 185.0, 195.0, 164.0, 158.0, 166.0, 153.0, 170.0, 185.0, 174.0]",15.000872611999512,0.0,185.66461181640625,0.6789321899414062,-286.9161682128906
1750930088.366218,0.0,0.5,"[174.0, 185.0, 195.0, 164.0, 158.0, 166.0, 153.0, 170.0, 185.0, 174.0]",15.378497123718262,0.0,185.95516967773438,0.6823158264160156,-286.8153381347656
1750930088.3813462,0.0,0.5,"[174.0, 185.0, 195.0, 164.0, 158.0, 166.0, 154.0, 170.0, 185.0, 174.0]",15.130647659301758,0.0,186.24105834960938,0.6856307983398438,-286.7161865234375
1750930088.3960066,0.0,0.5,"[174.0, 185.0, 195.0, 164.0, 158.0, 166.0, 154.0, 169.0, 185.0, 174.0]",15.503194808959961,0.0,186.53402709960938,0.6889934539794922,-286.61468505859375
1750930088.4338775,0.0,0.5,"[174.0, 185.0, 195.0, 164.0, 158.0, 166.0, 154.0, 169.0, 185.0, 174.0]",15.192719459533691,0.0,186.8211212158203,0.6922645568847656,-286.5152282714844
1750930088.4497218,0.0,0.5,"[174.0, 185.0, 195.0, 164.0, 158.0, 166.0, 154.0, 169.0, 185.0, 174.0]",15.554625511169434,0.0,187.11505126953125,0.6956119537353516,-286.41339111328125
1750930088.4645357,0.0,0.5,"[174.0, 185.0, 195.0, 164.0, 158.0, 166.0, 154.0, 169.0, 185.0, 174.0]",15.18393611907959,0.0,187.40194702148438,0.6989650726318359,-286.31390380859375
1750930088.4795456,0.0,0.5,"[174.0, 185.0, 195.0, 164.0, 158.0, 166.0, 154.0, 169.0, 185.0, 174.0]",15.538007736206055,0.0,187.6954803466797,0.7024784088134766,-286.2119445800781
1750930088.4945836,0.0,0.5,"[174.0, 185.0, 195.0, 164.0, 158.0, 166.0, 155.0, 170.0, 185.0, 174.0]",15.382737159729004,0.0,187.98605346679688,0.7060184478759766,-286.1109313964844
1750930088.5319982,0.0,0.5,"[174.0, 185.0, 195.0, 164.0, 158.0, 166.0, 155.0, 170.0, 185.0, 174.0]",15.596429824829102,0.0,188.28077697753906,0.7097129821777344,-286.0088195800781
1750930088.5466084,0.0,0.5,"[174.0, 185.0, 195.0, 164.0, 157.0, 166.0, 155.0, 170.0, 185.0, 174.0]",15.430383682250977,0.0,188.57228088378906,0.7133998870849609,-285.9075927734375
1750930088.5612586,0.0,0.5,"[174.0, 185.0, 195.0, 164.0, 157.0, 166.0, 155.0, 170.0, 185.0, 174.0]",15.745281219482422,0.0,188.8697967529297,0.71722412109375,-285.804443359375
1750930088.5759165,0.0,0.5,"[174.0, 185.0, 195.0, 164.0, 157.0, 166.0, 155.0, 171.0, 185.0, 174.0]",15.48255729675293,0.0,189.16232299804688,0.7210102081298828,-285.7029724121094
1750930088.6126974,0.0,0.5,"[174.0, 185.0, 195.0, 164.0, 157.0, 166.0, 156.0, 172.0, 185.0, 174.0]",15.765603065490723,0.0,189.46026611328125,0.7249183654785156,-285.599853515625
1750930088.6277509,0.0,0.5,"[174.0, 185.0, 195.0, 164.0, 157.0, 166.0, 156.0, 172.0, 185.0, 174.0]",15.630918502807617,0.0,189.75564575195312,0.7288074493408203,-285.4975280761719
1750930088.64274,0.0,0.5,"[174.0, 185.0, 195.0, 164.0, 157.0, 166.0, 156.0, 172.0, 185.0, 174.0]",15.77355670928955,0.0,190.0536651611328,0.7326507568359375,-285.39410400390625
1750930088.6576118,0.0,0.5,"[174.0, 185.0, 195.0, 164.0, 157.0, 166.0, 156.0, 172.0, 185.0, 174.0]",15.560261726379395,0.0,190.3477020263672,0.7365207672119141,-285.292236328125
1750930088.6839924,0.0,0.5,"[174.0, 185.0, 195.0, 164.0, 157.0, 166.0, 156.0, 173.0, 185.0, 174.0]",15.884787559509277,0.0,190.6477813720703,0.7406425476074219,-285.18798828125
1750930088.6987648,0.0,0.5,"[174.0, 185.0, 194.0, 164.0, 157.0, 166.0, 156.0, 173.0, 185.0, 174.0]",15.772565841674805,0.0,190.94570922851562,0.7448787689208984,-285.0843811035156
1750930088.7131953,0.0,0.5,"[174.0, 185.0, 194.0, 164.0, 157.0, 166.0, 156.0, 173.0, 185.0, 174.0]",15.94537353515625,0.0,191.2469940185547,0.7493686676025391,-284.97991943359375
1750930088.7498724,0.0,0.5,"[174.0, 185.0, 194.0, 164.0, 157.0, 166.0, 156.0, 173.0, 185.0, 174.0]",15.7403564453125,0.0,191.54429626464844,0.7538776397705078,-284.8764953613281
1750930088.76513,0.0,0.5,"[174.0, 185.0, 193.0, 163.0, 157.0, 166.0, 158.0, 175.0, 185.0, 174.0]",16.10354995727539,0.0,191.84849548339844,0.7586174011230469,-284.7707824707031
1750930088.7801075,0.0,0.5,"[174.0, 185.0, 193.0, 163.0, 157.0, 166.0, 158.0, 175.0, 185.0, 174.0]",15.778794288635254,0.0,192.1465301513672,0.7633438110351562,-284.6671142578125
1750930088.794991,0.0,0.5,"[174.0, 185.0, 193.0, 163.0, 157.0, 166.0, 158.0, 175.0, 185.0, 174.0]",16.094390869140625,0.0,192.4505615234375,0.7682476043701172,-284.5614929199219
1750930088.832584,0.0,0.5,"[174.0, 185.0, 193.0, 163.0, 156.0, 166.0, 158.0, 176.0, 185.0, 174.0]",15.93995475769043,0.0,192.7516326904297,0.7731304168701172,-284.4567565917969
1750930088.8474832,0.0,0.5,"[174.0, 185.0, 193.0, 163.0, 156.0, 166.0, 158.0, 176.0, 185.0, 174.0]",16.095426559448242,0.0,193.0557861328125,0.7781181335449219,-284.3514709472656
1750930088.8619378,0.0,0.5,"[174.0, 185.0, 193.0, 163.0, 156.0, 166.0, 158.0, 176.0, 185.0, 174.0]",16.154953002929688,0.0,193.36102294921875,0.7831211090087891,-284.2456359863281
1750930088.876433,0.0,0.5,"[174.0, 185.0, 193.0, 163.0, 156.0, 166.0, 158.0, 176.0, 185.0, 174.0]",16.03293228149414,0.0,193.6638641357422,0.7882556915283203,-284.1403503417969
1750930088.912993,0.0,0.5,"[174.0, 185.0, 193.0, 163.0, 156.0, 166.0, 158.0, 176.0, 185.0, 174.0]",16.2270565032959,0.0,193.97036743164062,0.7936878204345703,-284.0338134765625
1750930088.9266527,0.0,0.5,"[174.0, 185.0, 193.0, 163.0, 156.0, 166.0, 158.0, 177.0, 185.0, 174.0]",16.236431121826172,0.0,194.27703857421875,0.7993354797363281,-283.92718505859375
1750930088.9413347,0.0,0.5,"[174.0, 185.0, 193.0, 163.0, 156.0, 165.0, 158.0, 177.0, 185.0, 174.0]",16.126073837280273,0.0,194.58155822753906,0.8050746917724609,-283.82110595703125
1750930088.956205,0.0,0.5,"[174.0, 185.0, 193.0, 163.0, 156.0, 165.0, 159.0, 178.0, 185.0, 174.0]",16.3044490814209,0.0,194.8894500732422,0.8110179901123047,-283.7138671875
1750930088.9935713,0.0,0.5,"[174.0, 185.0, 192.0, 163.0, 156.0, 165.0, 159.0, 178.0, 185.0, 174.0]",16.367111206054688,0.0,195.19859313964844,0.8171482086181641,-283.6064453125
1750930089.007939,0.0,0.5,"[174.0, 185.0, 192.0, 162.0, 155.0, 165.0, 159.0, 178.0, 185.0, 174.0]",16.215744018554688,0.0,195.5047607421875,0.8232536315917969,-283.4996643066406
1750930089.0227647,0.0,0.5,"[174.0, 185.0, 192.0, 162.0, 155.0, 165.0, 159.0, 179.0, 185.0, 174.0]",16.474515914916992,0.0,195.81594848632812,0.8295650482177734,-283.3915710449219
1750930089.037389,0.0,0.5,"[174.0, 185.0, 192.0, 162.0, 155.0, 165.0, 159.0, 179.0, 185.0, 174.0]",16.385589599609375,0.0,196.1254425048828,0.8358612060546875,-283.2840270996094
1750930089.0631614,0.0,0.5,"[174.0, 185.0, 192.0, 162.0, 155.0, 165.0, 160.0, 179.0, 185.0, 174.0]",16.48587417602539,0.0,196.4367218017578,0.8422508239746094,-283.1755065917969
1750930089.0780525,0.0,0.5,"[174.0, 185.0, 192.0, 162.0, 155.0, 165.0, 160.0, 179.0, 185.0, 174.0]",16.536741256713867,0.0,196.74903869628906,0.8489627838134766,-283.06689453125
1750930089.0924907,0.0,0.5,"[174.0, 185.0, 192.0, 161.0, 155.0, 165.0, 161.0, 179.0, 185.0, 174.0]",16.57959747314453,0.0,197.0620880126953,0.8559150695800781,-282.957763671875
1750930089.129896,0.0,0.5,"[174.0, 185.0, 192.0, 161.0, 155.0, 165.0, 161.0, 179.0, 185.0, 174.0]",16.61840057373047,0.0,197.37594604492188,0.8631553649902344,-282.8486328125
1750930089.1445088,0.0,0.5,"[174.0, 185.0, 190.0, 161.0, 154.0, 164.0, 162.0, 180.0, 185.0, 174.0]",16.57585334777832,0.0,197.68887329101562,0.8704986572265625,-282.7394104003906
1750930089.1586459,0.0,0.5,"[174.0, 185.0, 190.0, 161.0, 154.0, 164.0, 162.0, 181.0, 185.0, 174.0]",16.535799026489258,0.0,198.00119018554688,0.8780593872070312,-282.63092041015625
1750930089.17318,0.0,0.5,"[174.0, 185.0, 190.0, 161.0, 154.0, 164.0, 162.0, 181.0, 185.0, 174.0]",16.7364444732666,0.0,198.31712341308594,0.8857631683349609,-282.5206298828125
1750930089.209877,0.0,0.5,"[174.0, 185.0, 190.0, 161.0, 154.0, 164.0, 163.0, 181.0, 185.0, 174.0]",16.67191505432129,0.0,198.63185119628906,0.8935222625732422,-282.4107666015625
1750930089.2241778,0.0,0.5,"[174.0, 185.0, 190.0, 160.0, 154.0, 164.0, 163.0, 181.0, 185.0, 174.0]",16.87309455871582,0.0,198.95033264160156,0.9014148712158203,-282.29949951171875
1750930089.238618,0.0,0.5,"[174.0, 185.0, 190.0, 160.0, 154.0, 164.0, 164.0, 181.0, 185.0, 174.0]",16.74370765686035,0.0,199.26644897460938,0.9094161987304688,-282.18927001953125
1750930089.252666,-1.0,0.5,"[174.0, 185.0, 190.0, 160.0, 154.0, 164.0, 164.0, 181.0, 185.0, 174.0]",16.943857192993164,0.0,199.5862579345703,0.9177513122558594,-282.0775146484375
1750930089.2914207,-1.0,0.5,"[174.0, 185.0, 190.0, 160.0, 154.0, 164.0, 163.0, 181.0, 185.0, 174.0]",16.52276039123535,-0.5,199.8921661376953,0.9236545562744141,-281.9526672363281
1750930089.3064246,-1.0,0.5,"[174.0, 185.0, 192.0, 161.0, 155.0, 165.0, 161.0, 179.0, 185.0, 174.0]",16.442052841186523,-0.5,200.18846130371094,0.9268150329589844,-281.81005859375
1750930089.32115,-1.0,0.5,"[174.0, 185.0, 193.0, 162.0, 156.0, 166.0, 158.0, 176.0, 185.0, 174.0]",16.170873641967773,-0.5,200.4712677001953,0.9272670745849609,-281.6531677246094
1750930089.335954,0.0,0.5,"[174.0, 185.0, 196.0, 164.0, 157.0, 167.0, 154.0, 173.0, 185.0, 174.0]",16.323123931884766,-0.5,200.74880981445312,0.9255313873291016,-281.48126220703125
1750930089.3726451,0.0,0.5,"[174.0, 185.0, 197.0, 164.0, 158.0, 167.0, 152.0, 172.0, 185.0, 174.0]",16.150619506835938,0.0,201.0303955078125,0.9261131286621094,-281.322998046875
1750930089.3870149,0.0,0.5,"[174.0, 185.0, 197.0, 165.0, 158.0, 167.0, 152.0, 172.0, 185.0, 174.0]",16.208229064941406,0.0,201.31845092773438,0.9286098480224609,-281.1743469238281
1750930089.401427,0.0,0.5,"[174.0, 185.0, 197.0, 165.0, 158.0, 167.0, 152.0, 171.0, 185.0, 174.0]",16.05562973022461,0.0,201.6065673828125,0.9321098327636719,-281.0325927734375
1750930089.4162621,0.0,0.5,"[174.0, 185.0, 197.0, 164.0, 158.0, 167.0, 152.0, 171.0, 185.0, 174.0]",16.341957092285156,0.0,201.90008544921875,0.9357757568359375,-280.88885498046875
1750930089.4529958,0.0,0.5,"[174.0, 185.0, 197.0, 164.0, 158.0, 167.0, 153.0, 171.0, 185.0, 174.0]",16.293107986450195,0.0,202.19277954101562,0.93939208984375,-280.74566650390625
1750930089.4678714,0.0,0.5,"[174.0, 185.0, 197.0, 164.0, 158.0, 167.0, 153.0, 171.0, 185.0, 174.0]",16.37966537475586,0.0,202.48709106445312,0.9431171417236328,-280.6018371582031
1750930089.4823294,0.0,0.5,"[174.0, 185.0, 197.0, 164.0, 157.0, 167.0, 153.0, 170.0, 185.0, 174.0]",16.369609832763672,0.0,202.78123474121094,0.9470806121826172,-280.4581298828125
1750930089.4967089,0.0,0.5,"[174.0, 185.0, 197.0, 164.0, 157.0, 167.0, 154.0, 170.0, 185.0, 174.0]",16.368379592895508,0.0,203.07533264160156,0.9512615203857422,-280.31439208984375
1750930089.5329103,0.0,0.5,"[174.0, 185.0, 196.0, 164.0, 157.0, 167.0, 154.0, 170.0, 185.0, 174.0]",16.315662384033203,0.0,203.3684844970703,0.9556217193603516,-280.171142578125
1750930089.547438,0.0,0.5,"[174.0, 185.0, 196.0, 164.0, 157.0, 167.0, 154.0, 170.0, 185.0, 174.0]",16.425642013549805,0.0,203.6636199951172,0.9601688385009766,-280.02691650390625
1750930089.5618029,0.0,0.5,"[174.0, 185.0, 195.0, 164.0, 157.0, 167.0, 154.0, 170.0, 185.0, 174.0]",16.54396629333496,0.0,203.96075439453125,0.9648323059082031,-279.88140869140625
1750930089.5771997,0.0,0.5,"[174.0, 185.0, 195.0, 164.0, 157.0, 167.0, 154.0, 170.0, 185.0, 174.0]",16.44838523864746,0.0,204.25625610351562,0.9695892333984375,-279.7369079589844
1750930089.602797,0.0,0.5,"[174.0, 185.0, 195.0, 163.0, 157.0, 167.0, 154.0, 170.0, 185.0, 174.0]",16.549877166748047,0.0,204.55357360839844,0.9744453430175781,-279.5915222167969
1750930089.6170683,0.0,0.5,"[174.0, 185.0, 195.0, 163.0, 157.0, 167.0, 155.0, 170.0, 185.0, 174.0]",16.723846435546875,0.0,204.85398864746094,0.9793434143066406,-279.4445495605469
1750930089.6416967,0.0,0.5,"[174.0, 185.0, 195.0, 163.0, 157.0, 167.0, 155.0, 170.0, 185.0, 174.0]",16.529905319213867,0.0,205.1508331298828,0.9840736389160156,-279.2991027832031
1750930089.6558204,0.0,0.5,"[174.0, 185.0, 195.0, 163.0, 157.0, 167.0, 155.0, 170.0, 185.0, 174.0]",16.724576950073242,0.0,205.45130920410156,0.9889144897460938,-279.1522216796875
1750930089.6921375,0.0,0.5,"[174.0, 185.0, 194.0, 163.0, 156.0, 167.0, 156.0, 170.0, 185.0, 174.0]",16.736284255981445,0.0,205.7519073486328,0.993927001953125,-279.0050354003906
1750930089.7069392,0.0,0.5,"[174.0, 185.0, 194.0, 163.0, 156.0, 167.0, 156.0, 170.0, 185.0, 174.0]",16.848257064819336,0.0,206.0546112060547,0.9992656707763672,-278.8570861816406
1750930089.7220438,0.0,0.5,"[174.0, 185.0, 193.0, 163.0, 156.0, 167.0, 156.0, 170.0, 185.0, 174.0]",16.73914337158203,0.0,206.35520935058594,1.00469970703125,-278.7098083496094
1750930089.7365692,0.0,0.5,"[174.0, 185.0, 193.0, 163.0, 156.0, 167.0, 156.0, 170.0, 185.0, 174.0]",16.926382064819336,0.0,206.65931701660156,1.0104408264160156,-278.56121826171875
1750930089.773186,0.0,0.5,"[174.0, 185.0, 193.0, 163.0, 156.0, 167.0, 156.0, 171.0, 185.0, 174.0]",16.774555206298828,0.0,206.96060180664062,1.0162315368652344,-278.4137268066406
1750930089.7879884,0.0,0.5,"[174.0, 185.0, 193.0, 163.0, 156.0, 167.0, 156.0, 172.0, 185.0, 174.0]",16.970670700073242,0.0,207.26539611816406,1.0222244262695312,-278.2644958496094
1750930089.8021622,0.0,0.5,"[174.0, 185.0, 193.0, 162.0, 156.0, 167.0, 158.0, 172.0, 185.0, 174.0]",16.89287757873535,0.0,207.56861877441406,1.0281944274902344,-278.1156311035156
1750930089.816302,0.0,0.5,"[174.0, 185.0, 193.0, 162.0, 156.0, 167.0, 158.0, 172.0, 185.0, 174.0]",16.892471313476562,0.0,207.87205505371094,1.0342273712158203,-277.9671936035156
1750930089.8519316,0.0,0.5,"[174.0, 185.0, 193.0, 162.0, 156.0, 167.0, 158.0, 173.0, 185.0, 174.0]",17.0224609375,0.0,208.17764282226562,1.0401420593261719,-277.8172607421875
1750930089.866292,0.0,0.5,"[174.0, 185.0, 193.0, 162.0, 156.0, 167.0, 158.0, 173.0, 185.0, 174.0]",17.006704330444336,0.0,208.4829864501953,1.0461463928222656,-277.66754150390625
1750930089.8803208,0.0,0.5,"[174.0, 185.0, 192.0, 162.0, 155.0, 167.0, 158.0, 173.0, 185.0, 174.0]",17.061723709106445,0.0,208.7892608642578,1.0523796081542969,-277.5172119140625
1750930089.8945503,0.0,0.5,"[174.0, 185.0, 192.0, 162.0, 155.0, 166.0, 158.0, 175.0, 185.0, 174.0]",17.21084213256836,0.0,209.09815979003906,1.0588817596435547,-277.365478515625
1750930089.929853,0.0,0.5,"[174.0, 185.0, 192.0, 162.0, 155.0, 166.0, 159.0, 175.0, 185.0, 174.0]",17.10647201538086,0.0,209.40524291992188,1.0655632019042969,-277.21478271484375
1750930089.9444344,0.0,0.5,"[174.0, 185.0, 192.0, 162.0, 155.0, 166.0, 159.0, 175.0, 185.0, 174.0]",17.29265022277832,0.0,209.7156219482422,1.0724620819091797,-277.0623474121094
1750930089.9587693,0.0,0.5,"[174.0, 185.0, 192.0, 162.0, 155.0, 166.0, 159.0, 176.0, 185.0, 174.0]",17.16889190673828,0.0,210.02386474609375,1.0794906616210938,-276.91119384765625
1750930089.9725494,0.0,0.5,"[174.0, 185.0, 192.0, 161.0, 155.0, 166.0, 160.0, 176.0, 185.0, 174.0]",17.341909408569336,0.0,210.33505249023438,1.0866374969482422,-276.7582092285156
1750930090.0080695,0.0,0.5,"[174.0, 185.0, 192.0, 161.0, 155.0, 166.0, 160.0, 176.0, 185.0, 174.0]",17.267221450805664,0.0,210.64495849609375,1.0938167572021484,-276.6059875488281
1750930090.0226648,0.0,0.5,"[174.0, 185.0, 190.0, 161.0, 155.0, 166.0, 160.0, 177.0, 185.0, 174.0]",17.343297958374023,0.0,210.9562225341797,1.1009445190429688,-276.45306396484375
1750930090.036659,0.0,0.5,"[174.0, 185.0, 190.0, 161.0, 155.0, 166.0, 161.0, 178.0, 185.0, 174.0]",17.299222946166992,0.0,211.26675415039062,1.1081352233886719,-276.3006591796875
1750930090.0720444,0.0,0.5,"[174.0, 185.0, 190.0, 161.0, 154.0, 166.0, 161.0, 178.0, 185.0, 174.0]",17.521730422973633,0.0,211.5812530517578,1.1156044006347656,-276.1462707519531
1750930090.0859156,0.0,0.5,"[174.0, 185.0, 190.0, 161.0, 154.0, 166.0, 162.0, 179.0, 185.0, 174.0]",17.30453872680664,0.0,211.89175415039062,1.1231346130371094,-275.99359130859375
1750930090.0999033,0.0,0.5,"[174.0, 185.0, 190.0, 161.0, 154.0, 166.0, 162.0, 179.0, 185.0, 174.0]",17.510671615600586,0.0,212.2060546875,1.1309642791748047,-275.83929443359375
1750930090.113629,0.0,0.5,"[174.0, 185.0, 190.0, 161.0, 154.0, 166.0, 162.0, 179.0, 185.0, 174.0]",17.349803924560547,0.0,212.51734924316406,1.138824462890625,-275.6861877441406
1750930090.1492102,0.0,0.5,"[174.0, 185.0, 190.0, 161.0, 154.0, 166.0, 162.0, 180.0, 185.0, 174.0]",17.55666160583496,0.0,212.8323516845703,1.1468887329101562,-275.5312805175781
1750930090.1639068,0.0,0.5,"[174.0, 185.0, 189.0, 161.0, 154.0, 166.0, 163.0, 181.0, 185.0, 174.0]",17.564611434936523,0.0,213.14743041992188,1.1550102233886719,-275.3761291503906
1750930090.178023,0.0,0.5,"[174.0, 185.0, 189.0, 160.0, 154.0, 166.0, 163.0, 181.0, 185.0, 174.0]",17.524568557739258,0.0,213.4618682861328,1.1632061004638672,-275.22149658203125
1750930090.1918552,0.0,0.5,"[174.0, 185.0, 189.0, 160.0, 154.0, 166.0, 164.0, 181.0, 185.0, 174.0]",17.64188003540039,0.0,213.7783966064453,1.171487808227539,-275.0658264160156
1750930090.227443,0.0,0.5,"[174.0, 185.0, 189.0, 160.0, 154.0, 166.0, 164.0, 181.0, 185.0, 174.0]",17.519275665283203,0.0,214.09262084960938,1.1797237396240234,-274.9110107421875
1750930090.2420647,0.0,0.5,"[174.0, 185.0, 189.0, 160.0, 153.0, 166.0, 164.0, 183.0, 185.0, 174.0]",17.833385467529297,0.0,214.41253662109375,1.1883487701416016,-274.7535705566406
1750930090.2562273,0.0,0.5,"[174.0, 185.0, 189.0, 160.0, 153.0, 166.0, 164.0, 183.0, 185.0, 174.0]",17.61783790588379,0.0,214.72854614257812,1.1970176696777344,-274.5979309082031
1750930090.2914746,0.0,0.5,"[174.0, 185.0, 189.0, 160.0, 153.0, 166.0, 166.0, 183.0, 185.0, 174.0]",17.882911682128906,0.0,215.04925537109375,1.205953598022461,-274.43988037109375
1750930090.305129,0.0,0.5,"[174.0, 185.0, 188.0, 160.0, 153.0, 166.0, 166.0, 183.0, 185.0, 174.0]",17.587080001831055,0.0,215.36465454101562,1.2148551940917969,-274.284423828125
1750930090.3190825,0.0,0.5,"[174.0, 185.0, 188.0, 160.0, 153.0, 165.0, 167.0, 184.0, 185.0, 174.0]",17.88141441345215,0.0,215.68528747558594,1.2239723205566406,-274.12628173828125
1750930090.3330662,0.0,0.5,"[174.0, 185.0, 187.0, 159.0, 153.0, 165.0, 168.0, 184.0, 185.0, 174.0]",17.845508575439453,0.0,216.0052947998047,1.2331466674804688,-273.968505859375
1750930090.3681104,0.0,0.5,"[174.0, 185.0, 187.0, 159.0, 153.0, 165.0, 168.0, 184.0, 185.0, 174.0]",17.810163497924805,0.0,216.32461547851562,1.2423839569091797,-273.8109130859375
1750930090.3824935,0.0,0.5,"[174.0, 185.0, 187.0, 159.0, 153.0, 165.0, 169.0, 184.0, 185.0, 174.0]",18.005115509033203,0.0,216.6473846435547,1.2518310546875,-273.65155029296875
1750930090.3963776,0.0,0.5,"[174.0, 185.0, 187.0, 159.0, 153.0, 165.0, 170.0, 185.0, 185.0, 174.0]",17.908823013305664,0.0,216.96841430664062,1.2613983154296875,-273.49298095703125
1750930090.4312637,0.0,0.5,"[174.0, 185.0, 187.0, 159.0, 152.0, 165.0, 170.0, 186.0, 185.0, 174.0]",18.05365562438965,0.0,217.29208374023438,1.2712745666503906,-273.333251953125
1750930090.4445074,0.0,0.5,"[174.0, 185.0, 187.0, 159.0, 152.0, 165.0, 171.0, 186.0, 185.0, 174.0]",17.91286277770996,0.0,217.61325073242188,1.2812557220458984,-273.1748352050781
1750930090.4583857,0.0,0.5,"[174.0, 185.0, 187.0, 158.0, 152.0, 165.0, 172.0, 186.0, 185.0, 174.0]",18.100107192993164,0.0,217.9376678466797,1.2914371490478516,-273.0145568847656
1750930090.472415,0.0,0.5,"[174.0, 185.0, 186.0, 158.0, 152.0, 165.0, 173.0, 187.0, 185.0, 174.0]",17.968807220458984,0.0,218.2598114013672,1.3016796112060547,-272.8555908203125
1750930090.5077314,0.0,0.5,"[174.0, 185.0, 186.0, 158.0, 152.0, 164.0, 174.0, 187.0, 185.0, 174.0]",18.11871337890625,0.0,218.58460998535156,1.3120746612548828,-272.6952209472656
1750930090.5214546,0.0,0.5,"[174.0, 185.0, 186.0, 158.0, 152.0, 164.0, 174.0, 188.0, 185.0, 174.0]",18.039199829101562,0.0,218.90806579589844,1.3225898742675781,-272.5357360839844
1750930090.5355883,-1.0,0.5,"[174.0, 185.0, 186.0, 157.0, 152.0, 164.0, 174.0, 189.0, 185.0, 174.0]",18.20269203186035,0.0,219.23431396484375,1.3333091735839844,-272.3745422363281
1750930090.5705023,-1.0,0.5,"[174.0, 185.0, 186.0, 158.0, 152.0, 165.0, 173.0, 188.0, 185.0, 174.0]",18.014867782592773,-0.5,219.550048828125,1.3410587310791016,-272.201171875
1750930090.5848753,-1.0,0.5,"[174.0, 185.0, 187.0, 159.0, 153.0, 166.0, 170.0, 187.0, 185.0, 174.0]",17.597373962402344,-0.5,219.84947204589844,1.3452777862548828,-272.0162353515625
1750930090.599109,-1.0,0.5,"[174.0, 185.0, 189.0, 160.0, 154.0, 167.0, 167.0, 184.0, 185.0, 174.0]",17.68878173828125,-0.5,220.1389617919922,1.345541000366211,-271.8128662109375
1750930090.6137803,-1.0,0.5,"[174.0, 185.0, 192.0, 161.0, 155.0, 168.0, 162.0, 181.0, 185.0, 174.0]",17.2973575592041,-0.5,220.4105682373047,1.3421573638916016,-271.5986328125
1750930090.6497529,0.0,0.5,"[174.0, 185.0, 194.0, 163.0, 157.0, 169.0, 158.0, 177.0, 185.0, 174.0]",17.589509963989258,-0.5,220.67823791503906,1.3362064361572266,-271.3704528808594
1750930090.6638103,0.0,0.5,"[174.0, 185.0, 195.0, 164.0, 158.0, 170.0, 156.0, 175.0, 185.0, 174.0]",17.444469451904297,0.0,220.94921875,1.3321533203125,-271.1507263183594
1750930090.6777086,0.0,0.5,"[174.0, 185.0, 197.0, 164.0, 159.0, 170.0, 155.0, 175.0, 185.0, 174.0]",17.452144622802734,0.0,221.2274932861328,1.330556869506836,-270.9400329589844
1750930090.6917768,0.0,0.5,"[174.0, 185.0, 197.0, 164.0, 159.0, 170.0, 155.0, 175.0, 185.0, 174.0]",17.551258087158203,0.0,221.5123291015625,1.3306846618652344,-270.7348937988281
1750930090.7268775,0.0,0.5,"[174.0, 185.0, 197.0, 164.0, 158.0, 170.0, 155.0, 175.0, 185.0, 174.0]",17.568626403808594,0.0,221.798095703125,1.3310909271240234,-270.5304260253906
1750930090.7408447,0.0,0.5,"[174.0, 185.0, 197.0, 164.0, 158.0, 170.0, 156.0, 175.0, 185.0, 174.0]",17.54229164123535,0.0,222.08349609375,1.3316936492919922,-270.3263854980469
1750930090.7546666,0.0,0.5,"[174.0, 185.0, 197.0, 164.0, 158.0, 170.0, 156.0, 175.0, 185.0, 174.0]",17.683305740356445,0.0,222.37136840820312,1.3325958251953125,-270.1209411621094
1750930090.7901323,0.0,0.5,"[174.0, 185.0, 196.0, 164.0, 158.0, 170.0, 156.0, 175.0, 185.0, 174.0]",17.457834243774414,0.0,222.6553955078125,1.3335952758789062,-269.9178771972656
1750930090.8041098,0.0,0.5,"[174.0, 185.0, 196.0, 164.0, 158.0, 170.0, 156.0, 175.0, 185.0, 174.0]",17.799745559692383,0.0,222.94503784179688,1.3347816467285156,-269.7109069824219
1750930090.8183148,0.0,0.5,"[174.0, 185.0, 196.0, 164.0, 158.0, 170.0, 158.0, 175.0, 185.0, 174.0]",17.59126853942871,0.0,223.23121643066406,1.3360538482666016,-269.5062561035156
1750930090.8321733,0.0,0.5,"[174.0, 185.0, 196.0, 164.0, 158.0, 170.0, 158.0, 175.0, 185.0, 174.0]",17.833932876586914,0.0,223.52137756347656,1.3374347686767578,-269.2988586425781
1750930090.8665142,0.0,0.5,"[174.0, 185.0, 195.0, 164.0, 158.0, 170.0, 158.0, 176.0, 185.0, 174.0]",17.767364501953125,0.0,223.81039428710938,1.3388595581054688,-269.0921325683594
1750930090.8802774,0.0,0.5,"[174.0, 185.0, 195.0, 164.0, 158.0, 170.0, 159.0, 176.0, 185.0, 174.0]",17.81245994567871,0.0,224.1002197265625,1.3403377532958984,-268.8849792480469
1750930090.8942134,0.0,0.5,"[174.0, 185.0, 195.0, 164.0, 158.0, 170.0, 159.0, 176.0, 185.0, 174.0]",17.916414260864258,0.0,224.3917236328125,1.3418502807617188,-268.6766052246094
1750930090.929116,0.0,0.5,"[174.0, 185.0, 195.0, 163.0, 158.0, 170.0, 160.0, 176.0, 185.0, 174.0]",17.893878936767578,0.0,224.68272399902344,1.3434410095214844,-268.4682922363281
1750930090.9432015,0.0,0.5,"[174.0, 185.0, 195.0, 163.0, 158.0, 170.0, 160.0, 176.0, 185.0, 174.0]",17.954465866088867,0.0,224.97488403320312,1.3453941345214844,-268.259521484375
1750930090.9569566,0.0,0.5,"[174.0, 185.0, 195.0, 163.0, 158.0, 170.0, 160.0, 176.0, 185.0, 174.0]",17.957582473754883,0.0,225.266845703125,1.3475189208984375,-268.0503845214844
1750930090.9813197,0.0,0.5,"[174.0, 185.0, 195.0, 163.0, 158.0, 170.0, 160.0, 176.0, 185.0, 174.0]",18.068416595458984,0.0,225.5607452392578,1.3499279022216797,-267.84014892578125
1750930090.995373,0.0,0.5,"[174.0, 185.0, 195.0, 163.0, 157.0, 169.0, 161.0, 176.0, 185.0, 174.0]",17.952640533447266,0.0,225.8525390625,1.3524188995361328,-267.6309509277344
1750930091.0308714,0.0,0.5,"[174.0, 185.0, 195.0, 163.0, 157.0, 169.0, 161.0, 176.0, 185.0, 174.0]",18.153913497924805,0.0,226.14779663085938,1.3551597595214844,-267.4196472167969
1750930091.0452917,0.0,0.5,"[174.0, 185.0, 194.0, 163.0, 157.0, 169.0, 161.0, 177.0, 185.0, 174.0]",18.081132888793945,0.0,226.44175720214844,1.3579635620117188,-267.20904541015625
1750930091.0593538,0.0,0.5,"[174.0, 185.0, 194.0, 163.0, 157.0, 169.0, 162.0, 176.0, 185.0, 174.0]",18.19780158996582,0.0,226.7377471923828,1.3609275817871094,-266.9972839355469
1750930091.0733755,0.0,0.5,"[174.0, 185.0, 193.0, 163.0, 157.0, 169.0, 162.0, 177.0, 185.0, 174.0]",18.014310836791992,0.0,227.03054809570312,1.3638362884521484,-266.787353515625
1750930091.1085331,0.0,0.5,"[174.0, 185.0, 193.0, 163.0, 157.0, 169.0, 162.0, 177.0, 185.0, 174.0]",18.333879470825195,0.0,227.32864379882812,1.3670730590820312,-266.5738525390625
1750930091.1226408,0.0,0.5,"[174.0, 185.0, 193.0, 163.0, 157.0, 169.0, 162.0, 177.0, 185.0, 174.0]",18.193574905395508,0.0,227.62445068359375,1.3706092834472656,-266.3619689941406
1750930091.1366541,0.0,0.5,"[174.0, 185.0, 193.0, 162.0, 157.0, 169.0, 162.0, 178.0, 185.0, 174.0]",18.43714141845703,0.0,227.92404174804688,1.3744564056396484,-266.14703369140625
1750930091.1717794,0.0,0.5,"[174.0, 185.0, 193.0, 162.0, 156.0, 169.0, 163.0, 178.0, 185.0, 174.0]",18.20659637451172,0.0,228.21990966796875,1.3785171508789062,-265.934814453125
1750930091.185754,0.0,0.5,"[174.0, 185.0, 193.0, 162.0, 156.0, 169.0, 163.0, 179.0, 185.0, 174.0]",18.396480560302734,0.0,228.5187530517578,1.3828086853027344,-265.72021484375
1750930091.1991656,0.0,0.5,"[174.0, 185.0, 193.0, 162.0, 156.0, 169.0, 163.0, 179.0, 185.0, 174.0]",18.31314468383789,0.0,228.81639099121094,1.3873138427734375,-265.5068054199219
1750930091.2125788,0.0,0.5,"[174.0, 185.0, 192.0, 162.0, 156.0, 168.0, 164.0, 179.0, 185.0, 174.0]",18.622467041015625,0.0,229.11892700195312,1.3919830322265625,-265.2896423339844
1750930091.247822,0.0,0.5,"[174.0, 185.0, 192.0, 162.0, 156.0, 168.0, 164.0, 180.0, 185.0, 174.0]",18.239797592163086,0.0,229.41522216796875,1.3966484069824219,-265.0768737792969
1750930091.2620666,0.0,0.5,"[174.0, 185.0, 192.0, 162.0, 156.0, 168.0, 164.0, 181.0, 185.0, 174.0]",18.626909255981445,0.0,229.71775817871094,1.4014968872070312,-264.8595275878906
1750930091.2758212,0.0,0.5,"[174.0, 185.0, 192.0, 161.0, 156.0, 168.0, 164.0, 181.0, 185.0, 174.0]",18.39556884765625,0.0,230.01646423339844,1.4065742492675781,-264.6448059082031
1750930091.311093,0.0,0.5,"[174.0, 185.0, 192.0, 161.0, 156.0, 168.0, 164.0, 183.0, 185.0, 174.0]",18.737716674804688,0.0,230.3206787109375,1.4121322631835938,-264.426025390625
1750930091.3249073,0.0,0.5,"[174.0, 185.0, 192.0, 161.0, 155.0, 168.0, 164.0, 183.0, 185.0, 174.0]",18.342851638793945,0.0,230.6184844970703,1.4179019927978516,-264.2118835449219
1750930091.3388414,0.0,0.5,"[174.0, 185.0, 192.0, 161.0, 155.0, 168.0, 166.0, 184.0, 185.0, 174.0]",18.742074966430664,0.0,230.92271423339844,1.4240570068359375,-263.99298095703125
1750930091.3525836,-1.0,0.5,"[174.0, 185.0, 190.0, 161.0, 155.0, 168.0, 166.0, 184.0, 185.0, 174.0]",18.58090591430664,0.0,231.22422790527344,1.4303359985351562,-263.7758483886719
1750930091.3875387,-1.0,0.5,"[174.0, 185.0, 192.0, 161.0, 155.0, 168.0, 166.0, 183.0, 185.0, 174.0]",18.45342254638672,-0.5,231.51463317871094,1.4334735870361328,-263.548095703125
1750930091.4013538,-1.0,0.5,"[174.0, 185.0, 193.0, 162.0, 156.0, 169.0, 162.0, 181.0, 185.0, 174.0]",18.185453414916992,-0.5,231.78611755371094,1.4317035675048828,-263.3060607910156
1750930091.414875,-1.0,0.5,"[174.0, 185.0, 195.0, 164.0, 158.0, 170.0, 160.0, 178.0, 185.0, 174.0]",17.9482421875,-0.5,232.03872680664062,1.4251956939697266,-263.0511169433594
1750930091.4503365,0.0,0.5,"[174.0, 185.0, 198.0, 166.0, 159.0, 171.0, 156.0, 175.0, 185.0, 174.0]",18.122350692749023,-0.5,232.28109741210938,1.414937973022461,-262.7818298339844
1750930091.46427,0.0,0.5,"[174.0, 185.0, 200.0, 167.0, 160.0, 172.0, 155.0, 172.0, 185.0, 174.0]",17.80474090576172,0.0,232.52679443359375,1.4075050354003906,-262.5242004394531
1750930091.4781632,0.0,0.5,"[174.0, 185.0, 200.0, 167.0, 161.0, 172.0, 154.0, 172.0, 185.0, 174.0]",18.03271484375,0.0,232.78347778320312,1.4027881622314453,-262.2708740234375
1750930091.4925194,0.0,0.5,"[174.0, 185.0, 200.0, 167.0, 160.0, 172.0, 154.0, 172.0, 185.0, 174.0]",18.0015926361084,0.0,233.04478454589844,1.3999900817871094,-262.0232238769531
1750930091.5274212,0.0,0.5,"[174.0, 185.0, 200.0, 167.0, 160.0, 172.0, 154.0, 172.0, 185.0, 174.0]",18.126779556274414,0.0,233.30859375,1.397623062133789,-261.7745666503906
1750930091.541356,0.0,0.5,"[174.0, 185.0, 200.0, 167.0, 160.0, 172.0, 154.0, 172.0, 185.0, 174.0]",18.049793243408203,0.0,233.57142639160156,1.3954601287841797,-261.5271301269531
1750930091.5553787,0.0,0.5,"[174.0, 185.0, 200.0, 167.0, 160.0, 172.0, 154.0, 172.0, 185.0, 174.0]",17.993295669555664,0.0,233.83346557617188,1.3934612274169922,-261.2804870605469
1750930091.5907297,0.0,0.5,"[174.0, 185.0, 200.0, 167.0, 160.0, 172.0, 154.0, 172.0, 185.0, 174.0]",18.175893783569336,0.0,234.09815979003906,1.3915119171142578,-261.0313415527344
1750930091.6043475,0.0,0.5,"[174.0, 185.0, 200.0, 167.0, 160.0, 172.0, 154.0, 172.0, 185.0, 174.0]",18.243995666503906,0.0,234.36375427246094,1.3895740509033203,-260.7811584472656
1750930091.6187794,0.0,0.5,"[174.0, 185.0, 200.0, 167.0, 160.0, 172.0, 154.0, 172.0, 185.0, 174.0]",18.245880126953125,0.0,234.6295166015625,1.3877639770507812,-260.5310974121094
1750930091.631806,0.0,0.5,"[174.0, 185.0, 200.0, 167.0, 160.0, 171.0, 154.0, 172.0, 185.0, 174.0]",18.206823348999023,0.0,234.89443969726562,1.3860931396484375,-260.2812805175781
1750930091.6660333,0.0,0.5,"[174.0, 185.0, 200.0, 167.0, 160.0, 171.0, 154.0, 172.0, 185.0, 174.0]",18.278146743774414,0.0,235.16078186035156,1.3848495483398438,-260.0308837890625
1750930091.6797168,0.0,0.5,"[174.0, 185.0, 200.0, 167.0, 160.0, 171.0, 154.0, 173.0, 185.0, 174.0]",18.451677322387695,0.0,235.42941284179688,1.38385009765625,-259.7778625488281
1750930091.6939242,0.0,0.5,"[174.0, 185.0, 200.0, 167.0, 160.0, 171.0, 154.0, 173.0, 185.0, 174.0]",18.352251052856445,0.0,235.6966552734375,1.3831615447998047,-259.5262756347656
1750930091.7288532,0.0,0.5,"[174.0, 185.0, 200.0, 167.0, 159.0, 171.0, 154.0, 173.0, 185.0, 174.0]",18.3358097076416,0.0,235.96331787109375,1.3825817108154297,-259.2745361328125
1750930091.7427819,0.0,0.5,"[174.0, 185.0, 200.0, 167.0, 159.0, 171.0, 155.0, 173.0, 185.0, 174.0]",18.35296058654785,0.0,236.2305450439453,1.3822975158691406,-259.02288818359375
1750930091.7568707,0.0,0.5,"[174.0, 185.0, 198.0, 167.0, 159.0, 171.0, 155.0, 173.0, 185.0, 174.0]",18.559307098388672,0.0,236.50051879882812,1.3820629119873047,-258.7681579589844
1750930091.7813184,0.0,0.5,"[174.0, 185.0, 198.0, 166.0, 159.0, 171.0, 156.0, 173.0, 185.0, 174.0]",18.520095825195312,0.0,236.76991271972656,1.3819160461425781,-258.5139465332031
1750930091.7951725,0.0,0.5,"[174.0, 185.0, 198.0, 166.0, 159.0, 171.0, 156.0, 173.0, 185.0, 174.0]",18.519760131835938,0.0,237.0391845703125,1.3819160461425781,-258.2596130371094
1750930091.8306289,0.0,0.5,"[174.0, 185.0, 198.0, 166.0, 159.0, 171.0, 156.0, 173.0, 185.0, 174.0]",18.65314483642578,0.0,237.31039428710938,1.3821868896484375,-258.0034484863281
1750930091.8439362,0.0,0.5,"[174.0, 185.0, 198.0, 166.0, 159.0, 171.0, 158.0, 173.0, 185.0, 174.0]",18.60897445678711,0.0,237.58094787597656,1.3827743530273438,-257.7478942871094
1750930091.858127,0.0,0.5,"[174.0, 185.0, 198.0, 166.0, 159.0, 171.0, 158.0, 173.0, 185.0, 174.0]",18.590938568115234,0.0,237.85122680664062,1.3836803436279297,-257.4925537109375
1750930091.8722315,0.0,0.5,"[174.0, 185.0, 198.0, 166.0, 159.0, 170.0, 158.0, 173.0, 185.0, 174.0]",18.685762405395508,0.0,238.12286376953125,1.384918212890625,-257.23590087890625
1750930091.9073544,0.0,0.5,"[174.0, 185.0, 198.0, 166.0, 159.0, 170.0, 159.0, 173.0, 185.0, 174.0]",18.659324645996094,0.0,238.3939208984375,1.3863277435302734,-256.9794006347656
1750930091.92121,0.0,0.5,"[174.0, 185.0, 198.0, 166.0, 159.0, 170.0, 159.0, 173.0, 185.0, 174.0]",18.951440811157227,0.0,238.66928100585938,1.3879871368408203,-256.71893310546875
1750930091.9351568,0.0,0.5,"[174.0, 185.0, 198.0, 166.0, 159.0, 170.0, 160.0, 173.0, 185.0, 174.0]",18.548999786376953,0.0,238.93870544433594,1.3897361755371094,-256.46392822265625
1750930091.9704874,0.0,0.5,"[174.0, 185.0, 198.0, 166.0, 158.0, 170.0, 160.0, 173.0, 185.0, 174.0]",18.948617935180664,0.0,239.2139892578125,1.3916606903076172,-256.2034606933594
1750930091.984464,0.0,0.5,"[174.0, 185.0, 198.0, 165.0, 158.0, 170.0, 160.0, 173.0, 185.0, 174.0]",18.80855941772461,0.0,239.4872283935547,1.3938407897949219,-255.9449462890625
1750930091.998956,0.0,0.5,"[174.0, 185.0, 197.0, 165.0, 158.0, 170.0, 160.0, 173.0, 185.0, 174.0]",19.05801773071289,0.0,239.76400756835938,1.3962974548339844,-255.682861328125
1750930092.0135736,0.0,0.5,"[174.0, 185.0, 197.0, 164.0, 158.0, 170.0, 161.0, 173.0, 185.0, 174.0]",18.778520584106445,0.0,240.03663635253906,1.399017333984375,-255.424560546875
1750930092.0486681,0.0,0.5,"[174.0, 185.0, 197.0, 164.0, 158.0, 169.0, 161.0, 173.0, 185.0, 174.0]",19.117807388305664,0.0,240.31410217285156,1.4021110534667969,-255.1614990234375
1750930092.0625868,0.0,0.5,"[174.0, 185.0, 197.0, 164.0, 158.0, 169.0, 162.0, 173.0, 185.0, 174.0]",18.831010818481445,0.0,240.58734130859375,1.4054279327392578,-254.90234375
1750930092.0766728,0.0,0.5,"[174.0, 185.0, 197.0, 164.0, 158.0, 169.0, 162.0, 175.0, 185.0, 174.0]",19.129905700683594,0.0,240.86500549316406,1.4090862274169922,-254.63916015625
1750930092.1117544,0.0,0.5,"[174.0, 185.0, 197.0, 164.0, 157.0, 169.0, 162.0, 175.0, 185.0, 174.0]",19.0194034576416,0.0,241.14097595214844,1.4128646850585938,-254.37738037109375
1750930092.1256247,0.0,0.5,"[174.0, 185.0, 197.0, 164.0, 157.0, 169.0, 162.0, 176.0, 185.0, 174.0]",19.122331619262695,0.0,241.41845703125,1.4168319702148438,-254.11419677734375
1750930092.1396134,0.0,0.5,"[174.0, 185.0, 197.0, 164.0, 157.0, 169.0, 162.0, 176.0, 185.0, 174.0]",19.168275833129883,0.0,241.69654846191406,1.420949935913086,-253.85037231445312
1750930092.1531181,0.0,0.5,"[174.0, 185.0, 196.0, 163.0, 157.0, 169.0, 163.0, 178.0, 185.0, 174.0]",19.061111450195312,0.0,241.9729461669922,1.4253425598144531,-253.58786010742188
1750930092.1885042,0.0,0.5,"[174.0, 185.0, 195.0, 163.0, 157.0, 169.0, 163.0, 178.0, 185.0, 174.0]",19.152957916259766,0.0,242.25062561035156,1.4300308227539062,-253.32403564453125
1750930092.2021148,0.0,0.5,"[174.0, 185.0, 195.0, 163.0, 157.0, 168.0, 163.0, 179.0, 185.0, 174.0]",19.332090377807617,0.0,242.5309600830078,1.4351673126220703,-253.05780029296875
1750930092.2155373,0.0,0.5,"[174.0, 185.0, 195.0, 163.0, 157.0, 168.0, 163.0, 179.0, 185.0, 174.0]",19.16366195678711,0.0,242.8087615966797,1.4405517578125,-252.79376220703125
1750930092.2508643,0.0,0.5,"[174.0, 185.0, 195.0, 163.0, 157.0, 168.0, 164.0, 180.0, 185.0, 174.0]",19.410449981689453,0.0,243.09010314941406,1.4462890625,-252.5263671875
1750930092.265069,0.0,0.5,"[174.0, 185.0, 195.0, 163.0, 156.0, 168.0, 164.0, 181.0, 185.0, 174.0]",19.235502243041992,0.0,243.3686981201172,1.4521026611328125,-252.2611083984375
1750930092.2788346,0.0,0.5,"[174.0, 185.0, 195.0, 163.0, 156.0, 168.0, 164.0, 181.0, 185.0, 174.0]",19.414321899414062,0.0,243.65011596679688,1.4582290649414062,-251.99365234375
1750930092.2929482,0.0,0.5,"[174.0, 185.0, 194.0, 163.0, 156.0, 168.0, 164.0, 183.0, 185.0, 174.0]",19.29575538635254,0.0,243.9296875,1.4644050598144531,-251.72769165039062
1750930092.3276677,0.0,0.5,"[174.0, 185.0, 193.0, 162.0, 156.0, 168.0, 164.0, 183.0, 185.0, 174.0]",19.427934646606445,0.0,244.2111358642578,1.4709320068359375,-251.45989990234375
1750930092.3420165,0.0,0.5,"[174.0, 185.0, 193.0, 162.0, 156.0, 167.0, 164.0, 184.0, 185.0, 174.0]",19.383317947387695,0.0,244.4917449951172,1.4777202606201172,-251.1925048828125
1750930092.3559146,0.0,0.5,"[174.0, 185.0, 193.0, 162.0, 156.0, 167.0, 166.0, 184.0, 185.0, 174.0]",19.640600204467773,0.0,244.77615356445312,1.4850292205810547,-250.921630859375
1750930092.3910537,0.0,0.5,"[174.0, 185.0, 193.0, 162.0, 155.0, 167.0, 166.0, 184.0, 185.0, 174.0]",19.36517906188965,0.0,245.05638122558594,1.4925060272216797,-250.65438842773438
1750930092.405031,0.0,0.5,"[174.0, 185.0, 193.0, 162.0, 155.0, 167.0, 166.0, 185.0, 185.0, 174.0]",19.540708541870117,0.0,245.33926391601562,1.5003986358642578,-250.38485717773438
1750930092.4193287,0.0,0.5,"[174.0, 185.0, 193.0, 161.0, 155.0, 167.0, 166.0, 186.0, 185.0, 174.0]",19.53495216369629,0.0,245.62184143066406,1.5084381103515625,-250.11517333984375
1750930092.433025,0.0,0.5,"[174.0, 185.0, 192.0, 161.0, 155.0, 167.0, 166.0, 187.0, 185.0, 174.0]",19.62919044494629,0.0,245.9058837890625,1.5167198181152344,-249.84429931640625
1750930092.4682121,0.0,0.5,"[174.0, 185.0, 192.0, 161.0, 155.0, 167.0, 167.0, 187.0, 185.0, 174.0]",19.71321678161621,0.0,246.19105529785156,1.5251312255859375,-249.57217407226562
1750930092.4821007,0.0,0.5,"[174.0, 185.0, 192.0, 161.0, 155.0, 167.0, 168.0, 187.0, 185.0, 174.0]",19.644615173339844,0.0,246.4752197265625,1.5338134765625,-249.30096435546875
1750930092.4962347,0.0,0.5,"[174.0, 185.0, 192.0, 161.0, 154.0, 166.0, 168.0, 188.0, 185.0, 174.0]",19.686994552612305,0.0,246.75982666015625,1.5428333282470703,-249.029052734375
1750930092.531381,0.0,0.5,"[174.0, 185.0, 192.0, 161.0, 154.0, 166.0, 169.0, 189.0, 185.0, 174.0]",19.844791412353516,0.0,247.0466766357422,1.5523529052734375,-248.7548828125
1750930092.5453477,0.0,0.5,"[174.0, 185.0, 190.0, 160.0, 154.0, 166.0, 170.0, 189.0, 185.0, 174.0]",19.65721893310547,0.0,247.33070373535156,1.5620784759521484,-248.48324584960938
1750930092.5593152,0.0,0.5,"[174.0, 185.0, 190.0, 160.0, 154.0, 166.0, 170.0, 189.0, 185.0, 174.0]",19.78424835205078,0.0,247.61659240722656,1.5721759796142578,-248.20986938476562
1750930092.5735416,0.0,0.5,"[174.0, 185.0, 190.0, 160.0, 154.0, 166.0, 172.0, 190.0, 185.0, 174.0]",19.729454040527344,0.0,247.90147399902344,1.5823898315429688,-247.93704223632812
1750930092.608486,0.0,0.5,"[174.0, 185.0, 190.0, 160.0, 153.0, 166.0, 173.0, 190.0, 185.0, 174.0]",19.951736450195312,0.0,248.18972778320312,1.5929431915283203,-247.66131591796875
1750930092.6216345,0.0,0.5,"[174.0, 185.0, 189.0, 160.0, 153.0, 165.0, 174.0, 190.0, 185.0, 174.0]",19.779468536376953,0.0,248.4753875732422,1.6034774780273438,-247.38787841796875
1750930092.6355069,0.0,0.5,"[174.0, 185.0, 189.0, 159.0, 153.0, 165.0, 175.0, 190.0, 185.0, 174.0]",20.026153564453125,0.0,248.7646942138672,1.6144943237304688,-247.111083984375
1750930092.6709356,0.0,0.5,"[174.0, 185.0, 189.0, 159.0, 153.0, 165.0, 176.0, 192.0, 185.0, 174.0]",19.811790466308594,0.0,249.05075073242188,1.6257553100585938,-246.83712768554688
1750930092.6847007,0.0,0.5,"[174.0, 185.0, 189.0, 159.0, 153.0, 165.0, 176.0, 192.0, 185.0, 174.0]",19.982961654663086,0.0,249.3393096923828,1.6375541687011719,-246.56085205078125
1750930092.6990263,0.0,0.5,"[174.0, 185.0, 189.0, 159.0, 153.0, 165.0, 177.0, 192.0, 185.0, 174.0]",19.899438858032227,0.0,249.6263885498047,1.6495227813720703,-246.28546142578125
1750930092.7135742,0.0,0.5,"[174.0, 185.0, 188.0, 159.0, 153.0, 164.0, 177.0, 192.0, 185.0, 174.0]",20.113862991333008,0.0,249.91668701171875,1.661947250366211,-246.00726318359375
1750930092.749167,0.0,0.5,"[174.0, 185.0, 187.0, 158.0, 152.0, 164.0, 178.0, 193.0, 185.0, 174.0]",19.963376998901367,0.0,250.20465087890625,1.6744232177734375,-245.73098754882812
1750930092.7637289,-1.0,0.5,"[174.0, 185.0, 187.0, 158.0, 152.0, 164.0, 178.0, 193.0, 185.0, 174.0]",20.132850646972656,0.0,250.49514770507812,1.6872234344482422,-245.45245361328125
1750930092.7777157,-1.0,0.5,"[174.0, 185.0, 187.0, 159.0, 152.0, 164.0, 178.0, 192.0, 185.0, 174.0]",19.729705810546875,-0.5,250.76963806152344,1.6962928771972656,-245.16912841796875
1750930092.7917116,-1.0,0.5,"[174.0, 185.0, 189.0, 159.0, 153.0, 165.0, 175.0, 190.0, 185.0, 174.0]",19.722320556640625,-0.5,251.0313720703125,1.7013015747070312,-244.87408447265625
1750930092.828159,-1.0,0.5,"[174.0, 185.0, 190.0, 160.0, 154.0, 167.0, 170.0, 189.0, 185.0, 174.0]",19.377552032470703,-0.5,251.26861572265625,1.7001266479492188,-244.567626953125
1750930092.841946,0.0,0.5,"[174.0, 185.0, 193.0, 162.0, 156.0, 169.0, 166.0, 185.0, 185.0, 174.0]",19.330446243286133,-0.5,251.4885711669922,1.694162368774414,-244.249755859375
1750930092.8561084,0.0,0.5,"[174.0, 185.0, 194.0, 163.0, 157.0, 170.0, 163.0, 183.0, 185.0, 174.0]",19.21989631652832,0.0,251.71463012695312,1.6908206939697266,-243.9388427734375
1750930092.8908403,0.0,0.5,"[174.0, 185.0, 195.0, 163.0, 157.0, 170.0, 162.0, 183.0, 185.0, 174.0]",19.3653564453125,0.0,251.9512939453125,1.6905193328857422,-243.63226318359375
1750930092.905151,0.0,0.5,"[174.0, 185.0, 195.0, 163.0, 157.0, 170.0, 162.0, 183.0, 185.0, 174.0]",19.262310028076172,0.0,252.19149780273438,1.6919498443603516,-243.3310546875
1750930092.9191637,0.0,0.5,"[174.0, 185.0, 195.0, 163.0, 157.0, 170.0, 163.0, 183.0, 185.0, 174.0]",19.40204429626465,0.0,252.43423461914062,1.6937980651855469,-243.0283203125
1750930092.9331968,0.0,0.5,"[174.0, 185.0, 195.0, 163.0, 157.0, 170.0, 163.0, 183.0, 185.0, 174.0]",19.322702407836914,0.0,252.67599487304688,1.6957283020019531,-242.72686767578125
1750930092.968259,0.0,0.5,"[174.0, 185.0, 195.0, 163.0, 157.0, 170.0, 164.0, 183.0, 185.0, 174.0]",19.412485122680664,0.0,252.91883850097656,1.6978836059570312,-242.4239501953125
1750930092.9823318,0.0,0.5,"[174.0, 185.0, 195.0, 163.0, 157.0, 170.0, 164.0, 183.0, 185.0, 174.0]",19.422121047973633,0.0,253.16159057617188,1.7003440856933594,-242.12069702148438
1750930092.996347,0.0,0.5,"[174.0, 185.0, 195.0, 163.0, 157.0, 170.0, 164.0, 183.0, 185.0, 174.0]",19.584293365478516,0.0,253.4064178466797,1.7032108306884766,-241.81497192382812
1750930093.0315356,0.0,0.5,"[174.0, 185.0, 194.0, 163.0, 157.0, 169.0, 166.0, 183.0, 185.0, 174.0]",19.438695907592773,0.0,253.6493377685547,1.706308364868164,-241.51144409179688
1750930093.045097,0.0,0.5,"[174.0, 185.0, 194.0, 163.0, 156.0, 169.0, 166.0, 183.0, 185.0, 174.0]",19.530471801757812,0.0,253.8933868408203,1.7096710205078125,-241.20648193359375
1750930093.0591502,0.0,0.5,"[174.0, 185.0, 193.0, 162.0, 156.0, 169.0, 166.0, 183.0, 185.0, 174.0]",19.585071563720703,0.0,254.137939453125,1.7131595611572266,-240.9005126953125
1750930093.073219,0.0,0.5,"[174.0, 185.0, 193.0, 162.0, 156.0, 169.0, 167.0, 183.0, 185.0, 174.0]",19.73474884033203,0.0,254.3843994140625,1.7168235778808594,-240.59222412109375
1750930093.1074457,0.0,0.5,"[174.0, 185.0, 193.0, 162.0, 156.0, 169.0, 167.0, 183.0, 185.0, 174.0]",19.54938507080078,0.0,254.62843322753906,1.720510482788086,-240.28677368164062
1750930093.121474,0.0,0.5,"[174.0, 185.0, 193.0, 162.0, 156.0, 169.0, 168.0, 183.0, 185.0, 174.0]",19.790271759033203,0.0,254.8756561279297,1.7244434356689453,-239.97769165039062
1750930093.1353405,0.0,0.5,"[174.0, 185.0, 193.0, 162.0, 156.0, 169.0, 168.0, 183.0, 185.0, 174.0]",19.618083953857422,0.0,255.12060546875,1.7286529541015625,-239.67120361328125
1750930093.1705873,0.0,0.5,"[174.0, 185.0, 193.0, 162.0, 156.0, 169.0, 168.0, 184.0, 185.0, 174.0]",19.766447067260742,0.0,255.367431640625,1.7333145141601562,-239.3624267578125
1750930093.1845791,0.0,0.5,"[174.0, 185.0, 193.0, 162.0, 155.0, 168.0, 169.0, 184.0, 185.0, 174.0]",19.737104415893555,0.0,255.61363220214844,1.7382030487060547,-239.05389404296875
1750930093.1975477,0.0,0.5,"[174.0, 185.0, 192.0, 161.0, 155.0, 168.0, 169.0, 185.0, 185.0, 174.0]",19.834476470947266,0.0,255.8612060546875,1.7434501647949219,-238.7440185546875
1750930093.221484,0.0,0.5,"[174.0, 185.0, 192.0, 161.0, 155.0, 168.0, 169.0, 186.0, 185.0, 174.0]",19.7995548248291,0.0,256.10809326171875,1.7488269805908203,-238.4344482421875
1750930093.2357366,0.0,0.5,"[174.0, 185.0, 192.0, 161.0, 155.0, 168.0, 170.0, 186.0, 185.0, 174.0]",19.901752471923828,0.0,256.35638427734375,1.7544307708740234,-238.12338256835938
1750930093.2707727,0.0,0.5,"[174.0, 185.0, 192.0, 161.0, 155.0, 168.0, 170.0, 187.0, 185.0, 174.0]",19.874624252319336,0.0,256.60418701171875,1.7601051330566406,-237.8126220703125
1750930093.2847655,0.0,0.5,"[174.0, 185.0, 192.0, 161.0, 155.0, 168.0, 170.0, 187.0, 185.0, 174.0]",20.001985549926758,0.0,256.85357666015625,1.765981674194336,-237.4998779296875
1750930093.2989607,0.0,0.5,"[174.0, 185.0, 192.0, 161.0, 155.0, 168.0, 170.0, 189.0, 185.0, 174.0]",19.762056350708008,0.0,257.0997619628906,1.77203369140625,-237.19073486328125
1750930093.313132,0.0,0.5,"[174.0, 185.0, 192.0, 161.0, 154.0, 168.0, 171.0, 189.0, 185.0, 174.0]",20.05699920654297,0.0,257.3497314453125,1.778665542602539,-236.8770751953125
1750930093.3488038,0.0,0.5,"[174.0, 185.0, 190.0, 160.0, 154.0, 167.0, 171.0, 189.0, 185.0, 174.0]",20.014835357666016,0.0,257.5990295410156,1.7856006622314453,-236.56393432617188
1750930093.3632038,0.0,0.5,"[174.0, 185.0, 190.0, 160.0, 154.0, 167.0, 172.0, 190.0, 185.0, 174.0]",20.086864471435547,0.0,257.84930419921875,1.792898178100586,-236.249755859375
1750930093.377133,0.0,0.5,"[174.0, 185.0, 190.0, 160.0, 154.0, 167.0, 174.0, 190.0, 185.0, 174.0]",19.950050354003906,0.0,258.09759521484375,1.8002967834472656,-235.93753051757812
1750930093.402478,0.0,0.5,"[174.0, 185.0, 190.0, 160.0, 154.0, 167.0, 176.0, 192.0, 185.0, 174.0]",20.22134017944336,0.0,258.34942626953125,1.8080425262451172,-235.62115478515625
1750930093.417313,0.0,0.5,"[174.0, 185.0, 190.0, 160.0, 153.0, 167.0, 176.0, 192.0, 185.0, 174.0]",20.051738739013672,0.0,258.59906005859375,1.8158435821533203,-235.307373046875
1750930093.442167,0.0,0.5,"[174.0, 185.0, 189.0, 160.0, 153.0, 167.0, 178.0, 193.0, 185.0, 174.0]",20.195960998535156,0.0,258.8504333496094,1.8238544464111328,-234.9913330078125
1750930093.4562814,0.0,0.5,"[174.0, 185.0, 189.0, 159.0, 153.0, 166.0, 179.0, 193.0, 185.0, 174.0]",20.146331787109375,0.0,259.1009826660156,1.8320903778076172,-234.6759033203125
1750930093.491772,0.0,0.5,"[174.0, 185.0, 189.0, 159.0, 153.0, 166.0, 180.0, 194.0, 185.0, 174.0]",20.308443069458008,0.0,259.35369873046875,1.8409137725830078,-234.3580322265625
1750930093.5056374,0.0,0.5,"[174.0, 185.0, 189.0, 159.0, 153.0, 166.0, 182.0, 195.0, 185.0, 174.0]",20.092294692993164,0.0,259.6034240722656,1.8499088287353516,-234.0433349609375
1750930093.5191865,0.0,0.5,"[174.0, 185.0, 189.0, 159.0, 153.0, 166.0, 182.0, 196.0, 185.0, 174.0]",20.312942504882812,0.0,259.8560485839844,1.8593902587890625,-233.725341796875
1750930093.5333724,0.0,0.5,"[174.0, 185.0, 188.0, 159.0, 153.0, 166.0, 183.0, 197.0, 185.0, 174.0]",20.298065185546875,0.0,260.10833740234375,1.8690605163574219,-233.40744018554688
1750930093.5692325,0.0,0.5,"[174.0, 185.0, 187.0, 159.0, 152.0, 166.0, 184.0, 197.0, 185.0, 174.0]",20.334861755371094,0.0,260.3609619140625,1.8789291381835938,-233.0888671875
1750930093.583747,-1.0,0.5,"[174.0, 185.0, 187.0, 158.0, 152.0, 166.0, 184.0, 198.0, 185.0, 174.0]",20.347339630126953,0.0,260.613525390625,1.8889045715332031,-232.76992797851562
1750930093.5978844,-1.0,0.5,"[174.0, 185.0, 187.0, 159.0, 152.0, 166.0, 183.0, 197.0, 185.0, 174.0]",20.184276580810547,-0.5,260.8515319824219,1.8948516845703125,-232.44390869140625
1750930093.6120899,-1.0,0.5,"[174.0, 185.0, 189.0, 159.0, 153.0, 167.0, 178.0, 195.0, 185.0, 174.0]",19.941577911376953,-0.5,261.069580078125,1.8956241607666016,-232.1099853515625
1750930093.647902,0.0,0.5,"[174.0, 185.0, 190.0, 161.0, 154.0, 169.0, 174.0, 192.0, 185.0, 174.0]",19.59283447265625,-0.5,261.2637939453125,1.8907546997070312,-231.7696533203125
1750930093.6613488,0.0,0.5,"[174.0, 185.0, 192.0, 161.0, 155.0, 169.0, 171.0, 192.0, 185.0, 174.0]",19.782087326049805,0.0,261.4715270996094,1.8897418975830078,-231.43295288085938
1750930093.6755228,0.0,0.5,"[174.0, 185.0, 192.0, 161.0, 155.0, 169.0, 172.0, 192.0, 185.0, 174.0]",19.63762664794922,0.0,261.68707275390625,1.8919410705566406,-231.1046142578125
1750930093.7107115,0.0,0.5,"[174.0, 185.0, 192.0, 161.0, 155.0, 169.0, 172.0, 192.0, 185.0, 174.0]",19.721240997314453,0.0,261.90509033203125,1.8949165344238281,-230.77593994140625
1750930093.7249694,0.0,0.5,"[174.0, 185.0, 192.0, 161.0, 155.0, 169.0, 173.0, 192.0, 185.0, 174.0]",19.806730270385742,0.0,262.12408447265625,1.898122787475586,-230.44586181640625
1750930093.7390425,0.0,0.5,"[174.0, 185.0, 192.0, 161.0, 155.0, 169.0, 174.0, 192.0, 185.0, 174.0]",19.66987419128418,0.0,262.3417053222656,1.9015331268310547,-230.1181640625
1750930093.7527225,0.0,0.5,"[174.0, 185.0, 192.0, 161.0, 154.0, 169.0, 174.0, 193.0, 185.0, 174.0]",19.909427642822266,0.0,262.56170654296875,1.9050045013427734,-229.78631591796875
1750930093.7887135,0.0,0.5,"[174.0, 185.0, 192.0, 161.0, 154.0, 169.0, 175.0, 193.0, 185.0, 174.0]",19.817323684692383,0.0,262.78057861328125,1.9086570739746094,-229.45587158203125
1750930093.8028128,0.0,0.5,"[174.0, 185.0, 190.0, 161.0, 154.0, 169.0, 176.0, 193.0, 185.0, 174.0]",20.025949478149414,0.0,263.0017395019531,1.9128265380859375,-229.12200927734375
1750930093.8175263,0.0,0.5,"[174.0, 185.0, 190.0, 161.0, 154.0, 168.0, 176.0, 193.0, 185.0, 174.0]",19.790246963500977,0.0,263.2203063964844,1.9173774719238281,-228.79205322265625
1750930093.8430135,0.0,0.5,"[174.0, 185.0, 190.0, 161.0, 154.0, 168.0, 176.0, 193.0, 185.0, 174.0]",19.99015998840332,0.0,263.4408874511719,1.9222488403320312,-228.45864868164062
1750930093.8570075,0.0,0.5,"[174.0, 185.0, 190.0, 160.0, 153.0, 168.0, 177.0, 194.0, 185.0, 174.0]",19.875686645507812,0.0,263.6603698730469,1.9274234771728516,-228.12725830078125
1750930093.8817554,0.0,0.5,"[174.0, 185.0, 190.0, 160.0, 153.0, 168.0, 177.0, 195.0, 185.0, 174.0]",20.062475204467773,0.0,263.881591796875,1.9327678680419922,-227.79254150390625
1750930093.89606,0.0,0.5,"[174.0, 185.0, 190.0, 160.0, 153.0, 168.0, 178.0, 195.0, 185.0, 174.0]",20.074996948242188,0.0,264.10296630859375,1.9382915496826172,-227.4576416015625
1750930093.932054,0.0,0.5,"[174.0, 185.0, 190.0, 160.0, 153.0, 168.0, 178.0, 195.0, 185.0, 174.0]",20.123600006103516,0.0,264.3247375488281,1.9438915252685547,-227.121826171875
1750930093.9462264,0.0,0.5,"[174.0, 185.0, 189.0, 159.0, 153.0, 168.0, 178.0, 195.0, 185.0, 174.0]",20.01912498474121,0.0,264.5455322265625,1.9497127532958984,-226.787841796875
1750930093.9603586,0.0,0.5,"[174.0, 185.0, 189.0, 159.0, 153.0, 167.0, 179.0, 196.0, 185.0, 174.0]",20.285367965698242,0.0,264.7690734863281,1.956064224243164,-226.4493408203125
1750930093.9743042,0.0,0.5,"[174.0, 185.0, 189.0, 159.0, 153.0, 167.0, 179.0, 196.0, 185.0, 174.0]",20.00364112854004,0.0,264.989501953125,1.9627704620361328,-226.11553955078125
1750930094.010004,0.0,0.5,"[174.0, 185.0, 189.0, 159.0, 152.0, 167.0, 180.0, 197.0, 185.0, 174.0]",20.21383285522461,0.0,265.2120666503906,1.969858169555664,-225.77810668945312
1750930094.024302,0.0,0.5,"[174.0, 185.0, 189.0, 159.0, 152.0, 167.0, 180.0, 197.0, 185.0, 174.0]",20.15970230102539,0.0,265.4341735839844,1.9772987365722656,-225.44168090820312
1750930094.038505,0.0,0.5,"[174.0, 185.0, 188.0, 158.0, 152.0, 167.0, 181.0, 197.0, 185.0, 174.0]",20.32558822631836,0.0,265.6578369140625,1.9849605560302734,-225.10232543945312
1750930094.0526443,0.0,0.5,"[174.0, 185.0, 188.0, 158.0, 152.0, 167.0, 181.0, 197.0, 185.0, 174.0]",20.286720275878906,0.0,265.8811340332031,1.9928131103515625,-224.763671875
1750930094.088123,0.0,0.5,"[174.0, 185.0, 187.0, 158.0, 151.0, 166.0, 181.0, 197.0, 185.0, 174.0]",20.277271270751953,0.0,266.10406494140625,2.000711441040039,-224.42498779296875
1750930094.1017816,0.0,0.5,"[174.0, 185.0, 187.0, 158.0, 151.0, 166.0, 181.0, 198.0, 185.0, 174.0]",20.335773468017578,0.0,266.3279113769531,2.0088977813720703,-224.08551025390625
1750930094.1155522,0.0,0.5,"[174.0, 185.0, 187.0, 156.0, 151.0, 166.0, 182.0, 200.0, 185.0, 174.0]",20.35410499572754,0.0,266.55169677734375,2.017538070678711,-223.74557495117188
1750930094.1514685,0.0,0.5,"[174.0, 185.0, 187.0, 156.0, 151.0, 166.0, 182.0, 200.0, 185.0, 174.0]",20.366252899169922,0.0,266.77581787109375,2.0267276763916016,-223.40557861328125
1750930094.1655943,0.0,0.5,"[174.0, 185.0, 186.0, 156.0, 150.0, 166.0, 182.0, 201.0, 185.0, 174.0]",20.445817947387695,0.0,267.0004577636719,2.0362548828125,-223.06402587890625
1750930094.1797137,0.0,0.5,"[174.0, 185.0, 186.0, 156.0, 150.0, 165.0, 182.0, 203.0, 185.0, 174.0]",20.438915252685547,0.0,267.22515869140625,2.0461788177490234,-222.72268676757812
1750930094.1939452,0.0,0.5,"[174.0, 185.0, 185.0, 155.0, 150.0, 165.0, 182.0, 203.0, 185.0, 174.0]",20.537635803222656,0.0,267.45068359375,2.0563392639160156,-222.37954711914062
1750930094.2303114,0.0,0.5,"[174.0, 185.0, 184.0, 155.0, 150.0, 165.0, 211.0, 204.0, 185.0, 174.0]",20.483739852905273,0.0,267.67572021484375,2.0667037963867188,-222.037353515625
1750930094.244786,0.0,0.5,"[174.0, 185.0, 184.0, 155.0, 149.0, 164.0, 295.0, 206.0, 185.0, 174.0]",20.507043838500977,0.0,267.900634765625,2.077119827270508,-221.694580078125
1750930094.2589195,0.0,0.5,"[174.0, 185.0, 184.0, 154.0, 149.0, 164.0, 210.0, 206.0, 185.0, 174.0]",20.569948196411133,0.0,268.12646484375,2.0878124237060547,-221.35086059570312
1750930094.2727888,0.0,0.5,"[174.0, 185.0, 183.0, 154.0, 149.0, 164.0, 210.0, 207.0, 185.0, 174.0]",20.611331939697266,0.0,268.35247802734375,2.098979949951172,-221.00628662109375
1750930094.3082387,-1.0,0.5,"[174.0, 185.0, 183.0, 154.0, 149.0, 164.0, 210.0, 207.0, 185.0, 174.0]",20.57091522216797,0.0,268.5783996582031,2.1107444763183594,-220.66265869140625
1750930094.3227487,-1.0,0.5,"[174.0, 185.0, 183.0, 154.0, 149.0, 164.0, 210.0, 207.0, 185.0, 174.0]",20.347248077392578,-0.5,268.78497314453125,2.117645263671875,-220.3121337890625
1750930094.3370361,-1.0,0.5,"[174.0, 185.0, 184.0, 155.0, 150.0, 166.0, 180.0, 205.0, 185.0, 174.0]",20.132078170776367,-0.5,268.97119140625,2.1194229125976562,-219.95513916015625
1750930094.3618877,-1.0,0.5,"[174.0, 185.0, 186.0, 156.0, 152.0, 168.0, 177.0, 202.0, 185.0, 174.0]",19.859760284423828,-0.5,269.1339111328125,2.115398406982422,-219.59283447265625
1750930094.3760867,-1.0,0.5,"[174.0, 185.0, 187.0, 159.0, 154.0, 169.0, 175.0, 198.0, 185.0, 174.0]",19.849889755249023,-0.5,269.27886962890625,2.1066246032714844,-219.22332763671875
1750930094.4122412,0.0,0.5,"[174.0, 185.0, 190.0, 160.0, 156.0, 172.0, 171.0, 195.0, 185.0, 174.0]",19.887670516967773,-0.5,269.4087829589844,2.093782424926758,-218.84759521484375
1750930094.4260366,0.0,0.5,"[174.0, 185.0, 192.0, 161.0, 157.0, 173.0, 170.0, 193.0, 185.0, 174.0]",19.799036026000977,0.0,269.5455017089844,2.083181381225586,-218.47613525390625
1750930094.4402328,0.0,0.5,"[174.0, 185.0, 192.0, 162.0, 157.0, 173.0, 169.0, 193.0, 185.0, 174.0]",19.864288330078125,0.0,269.69537353515625,2.07659912109375,-218.1082763671875
1750930094.454515,0.0,0.5,"[174.0, 185.0, 192.0, 162.0, 157.0, 173.0, 169.0, 193.0, 185.0, 174.0]",19.869089126586914,0.0,269.8503112792969,2.0719261169433594,-217.74237060546875
1750930094.4899893,0.0,0.5,"[174.0, 185.0, 192.0, 161.0, 157.0, 173.0, 169.0, 193.0, 185.0, 174.0]",19.917919158935547,0.0,270.006103515625,2.067798614501953,-217.375732421875
1750930094.5033526,0.0,0.5,"[174.0, 185.0, 192.0, 161.0, 157.0, 172.0, 169.0, 193.0, 185.0, 174.0]",19.866004943847656,0.0,270.1614685058594,2.0640201568603516,-217.01007080078125
1750930094.5175648,0.0,0.5,"[174.0, 185.0, 192.0, 161.0, 157.0, 172.0, 169.0, 193.0, 185.0, 174.0]",19.919893264770508,0.0,270.3171691894531,2.0604686737060547,-216.64340209960938
1750930094.542442,0.0,0.5,"[174.0, 185.0, 192.0, 161.0, 157.0, 172.0, 170.0, 194.0, 185.0, 174.0]",20.041643142700195,0.0,270.4736328125,2.0570449829101562,-216.27438354492188
1750930094.556265,0.0,0.5,"[174.0, 185.0, 190.0, 161.0, 157.0, 172.0, 170.0, 195.0, 185.0, 174.0]",20.045005798339844,0.0,270.6298828125,2.0536956787109375,-215.90521240234375
1750930094.5927258,0.0,0.5,"[174.0, 185.0, 190.0, 161.0, 157.0, 172.0, 170.0, 195.0, 185.0, 174.0]",20.043869018554688,0.0,270.7862548828125,2.0504817962646484,-215.53610229492188
1750930094.6074038,0.0,0.5,"[174.0, 185.0, 190.0, 161.0, 157.0, 172.0, 170.0, 196.0, 185.0, 174.0]",20.11615753173828,0.0,270.94305419921875,2.0476837158203125,-215.16558837890625
1750930094.621739,0.0,0.5,"[174.0, 185.0, 190.0, 161.0, 156.0, 172.0, 170.0, 197.0, 185.0, 174.0]",20.1744384765625,0.0,271.10015869140625,2.0453338623046875,-214.79397583007812
1750930094.6357253,0.0,0.5,"[174.0, 185.0, 190.0, 160.0, 156.0, 172.0, 170.0, 197.0, 185.0, 174.0]",20.123817443847656,0.0,271.25689697265625,2.0434207916259766,-214.42327880859375
1750930094.6715038,0.0,0.5,"[174.0, 185.0, 190.0, 160.0, 156.0, 171.0, 170.0, 197.0, 185.0, 174.0]",20.211776733398438,0.0,271.4142761230469,2.041851043701172,-214.05096435546875
1750930094.6858265,0.0,0.5,"[174.0, 185.0, 190.0, 160.0, 156.0, 171.0, 170.0, 197.0, 185.0, 174.0]",20.19002914428711,0.0,271.57122802734375,2.040485382080078,-213.67889404296875
1750930094.6999228,0.0,0.5,"[174.0, 185.0, 189.0, 160.0, 156.0, 171.0, 170.0, 198.0, 185.0, 174.0]",20.3133544921875,0.0,271.7292175292969,2.039339065551758,-213.30462646484375
1750930094.7138896,0.0,0.5,"[174.0, 185.0, 189.0, 160.0, 156.0, 171.0, 170.0, 198.0, 185.0, 174.0]",20.345760345458984,0.0,271.887451171875,2.0383338928222656,-212.92974853515625
1750930094.750484,0.0,0.5,"[174.0, 185.0, 189.0, 160.0, 156.0, 171.0, 170.0, 198.0, 185.0, 174.0]",20.243072509765625,0.0,272.0447082519531,2.037395477294922,-212.55667114257812
1750930094.7649252,0.0,0.5,"[174.0, 185.0, 189.0, 160.0, 155.0, 171.0, 170.0, 198.0, 185.0, 174.0]",20.42400360107422,0.0,272.20330810546875,2.0368900299072266,-212.18023681640625
1750930094.7790217,0.0,0.5,"[174.0, 185.0, 189.0, 159.0, 155.0, 171.0, 170.0, 200.0, 185.0, 174.0]",20.42879867553711,0.0,272.3618469238281,2.0368804931640625,-211.80368041992188
1750930094.7934604,0.0,0.5,"[174.0, 185.0, 188.0, 159.0, 155.0, 170.0, 170.0, 200.0, 185.0, 174.0]",20.405139923095703,0.0,272.5201721191406,2.0373077392578125,-211.42755126953125
1750930094.8304274,0.0,0.5,"[174.0, 185.0, 187.0, 159.0, 155.0, 170.0, 170.0, 200.0, 185.0, 174.0]",20.384233474731445,0.0,272.6783142089844,2.038097381591797,-211.0517578125
1750930094.84498,0.0,0.5,"[174.0, 185.0, 187.0, 159.0, 155.0, 170.0, 170.0, 200.0, 185.0, 174.0]",20.500717163085938,0.0,272.8373107910156,2.0391597747802734,-210.673828125
1750930094.8591142,0.0,0.5,"[174.0, 185.0, 187.0, 159.0, 155.0, 170.0, 170.0, 200.0, 185.0, 174.0]",20.542865753173828,0.0,272.99639892578125,2.0403900146484375,-210.2950439453125
1750930094.873538,0.0,0.5,"[174.0, 185.0, 187.0, 159.0, 155.0, 170.0, 171.0, 201.0, 185.0, 174.0]",20.653480529785156,0.0,273.1563720703125,2.041788101196289,-209.9141845703125
1750930094.91006,0.0,0.5,"[174.0, 185.0, 187.0, 159.0, 154.0, 170.0, 171.0, 201.0, 185.0, 174.0]",20.52172088623047,0.0,273.3151550292969,2.0432796478271484,-209.53573608398438
1750930094.9241066,0.0,0.5,"[174.0, 185.0, 186.0, 159.0, 154.0, 169.0, 171.0, 201.0, 185.0, 174.0]",20.660953521728516,0.0,273.47509765625,2.045269012451172,-209.15472412109375
1750930094.9383554,0.0,0.5,"[174.0, 185.0, 186.0, 158.0, 154.0, 169.0, 171.0, 201.0, 185.0, 174.0]",20.516769409179688,0.0,273.6336669921875,2.047708511352539,-208.7762451171875
1750930094.9527633,0.0,0.5,"[174.0, 185.0, 186.0, 158.0, 154.0, 169.0, 171.0, 201.0, 185.0, 174.0]",20.843473434448242,0.0,273.7947692871094,2.0506458282470703,-208.39178466796875
1750930094.9891567,0.0,0.5,"[174.0, 185.0, 185.0, 158.0, 154.0, 169.0, 171.0, 201.0, 185.0, 174.0]",20.542150497436523,0.0,273.9533386230469,2.0538558959960938,-208.01278686523438
1750930095.0034034,0.0,0.5,"[174.0, 185.0, 184.0, 158.0, 153.0, 169.0, 172.0, 202.0, 185.0, 174.0]",20.837295532226562,0.0,274.1143493652344,2.0574512481689453,-207.62841796875
1750930095.0175862,-1.0,0.5,"[174.0, 185.0, 184.0, 158.0, 153.0, 169.0, 175.0, 202.0, 185.0, 174.0]",20.73305892944336,0.0,274.2744445800781,2.061239242553711,-207.24591064453125
1750930095.0425186,-1.0,0.5,"[174.0, 185.0, 185.0, 158.0, 154.0, 169.0, 172.0, 201.0, 185.0, 174.0]",20.615018844604492,-0.5,274.41864013671875,2.0609569549560547,-206.85968017578125
1750930095.0565665,-1.0,0.5,"[174.0, 185.0, 186.0, 159.0, 155.0, 170.0, 169.0, 200.0, 185.0, 174.0]",20.274024963378906,-0.5,274.5434875488281,2.056161880493164,-206.47393798828125
1750930095.0925589,0.0,0.5,"[174.0, 185.0, 189.0, 161.0, 156.0, 171.0, 167.0, 198.0, 185.0, 174.0]",20.247880935668945,-0.5,274.64630126953125,2.045957565307617,-206.08236694335938
1750930095.1073534,0.0,0.5,"[174.0, 185.0, 189.0, 161.0, 157.0, 171.0, 167.0, 197.0, 185.0, 174.0]",20.00930404663086,0.0,274.7601318359375,2.0396881103515625,-205.69876098632812
1750930095.1217835,0.0,0.5,"[174.0, 185.0, 189.0, 161.0, 157.0, 172.0, 166.0, 197.0, 185.0, 174.0]",20.226526260375977,0.0,274.8843078613281,2.0362625122070312,-205.31378173828125
1750930095.135694,0.0,0.5,"[174.0, 185.0, 189.0, 161.0, 157.0, 171.0, 166.0, 197.0, 185.0, 174.0]",20.025671005249023,0.0,275.00848388671875,2.0335865020751953,-204.93301391601562
1750930095.1719532,0.0,0.5,"[174.0, 185.0, 189.0, 161.0, 157.0, 171.0, 166.0, 197.0, 185.0, 174.0]",20.26612663269043,0.0,275.13433837890625,2.0312042236328125,-204.5477294921875
1750930095.1859133,0.0,0.5,"[174.0, 185.0, 189.0, 161.0, 157.0, 171.0, 166.0, 197.0, 185.0, 174.0]",20.223630905151367,0.0,275.2596130371094,2.0289878845214844,-204.16314697265625
1750930095.1999733,0.0,0.5,"[174.0, 185.0, 189.0, 161.0, 157.0, 171.0, 166.0, 197.0, 185.0, 174.0]",20.312755584716797,0.0,275.3856201171875,2.0269508361816406,-203.77694702148438
1750930095.2136612,0.0,0.5,"[174.0, 185.0, 189.0, 161.0, 157.0, 171.0, 166.0, 197.0, 185.0, 174.0]",20.263002395629883,0.0,275.51104736328125,2.02496337890625,-203.3916015625
1750930095.2493992,0.0,0.5,"[174.0, 185.0, 189.0, 161.0, 156.0, 171.0, 166.0, 197.0, 185.0, 174.0]",20.47622299194336,0.0,275.63787841796875,2.0234737396240234,-203.002197265625
1750930095.2639842,0.0,0.5,"[174.0, 185.0, 189.0, 161.0, 156.0, 171.0, 168.0, 197.0, 185.0, 174.0]",20.241464614868164,0.0,275.7629699707031,2.0224533081054688,-202.6171875
1750930095.2782974,0.0,0.5,"[174.0, 185.0, 189.0, 161.0, 156.0, 171.0, 169.0, 197.0, 185.0, 174.0]",20.444625854492188,0.0,275.8894348144531,2.0218734741210938,-202.22833251953125
1750930095.2916555,0.0,0.5,"[174.0, 185.0, 189.0, 160.0, 156.0, 170.0, 170.0, 197.0, 185.0, 174.0]",20.373510360717773,0.0,276.0151062011719,2.021566390991211,-201.84075927734375
1750930095.3278832,0.0,0.5,"[174.0, 185.0, 189.0, 160.0, 156.0, 170.0, 171.0, 197.0, 185.0, 174.0]",20.613609313964844,0.0,276.1423645019531,2.021556854248047,-201.4486083984375
1750930095.341633,0.0,0.5,"[174.0, 185.0, 189.0, 160.0, 156.0, 170.0, 172.0, 197.0, 185.0, 174.0]",20.401628494262695,0.0,276.2681579589844,2.0217437744140625,-201.0604248046875
1750930095.3566232,0.0,0.5,"[174.0, 185.0, 189.0, 160.0, 156.0, 170.0, 174.0, 197.0, 185.0, 174.0]",20.57001495361328,0.0,276.3949890136719,2.022062301635742,-200.6690673828125
1750930095.393788,0.0,0.5,"[174.0, 185.0, 188.0, 160.0, 155.0, 170.0, 174.0, 197.0, 185.0, 174.0]",20.578617095947266,0.0,276.52166748046875,2.0224533081054688,-200.2774658203125
1750930095.4078493,0.0,0.5,"[174.0, 185.0, 188.0, 160.0, 155.0, 169.0, 175.0, 196.0, 185.0, 174.0]",20.68792152404785,0.0,276.64910888671875,2.0233688354492188,-199.88385009765625
1750930095.422726,0.0,0.5,"[174.0, 185.0, 187.0, 160.0, 155.0, 169.0, 176.0, 196.0, 185.0, 174.0]",20.497438430786133,0.0,276.7750549316406,2.0247135162353516,-199.49371337890625
1750930095.4371967,0.0,0.5,"[174.0, 185.0, 187.0, 159.0, 155.0, 169.0, 176.0, 196.0, 185.0, 174.0]",20.734989166259766,0.0,276.9026794433594,2.0265655517578125,-199.09912109375
1750930095.461997,0.0,0.5,"[174.0, 185.0, 187.0, 159.0, 155.0, 169.0, 177.0, 195.0, 185.0, 174.0]",20.620580673217773,0.0,277.02935791015625,2.0287303924560547,-198.7066650390625
1750930095.4766479,0.0,0.5,"[174.0, 185.0, 187.0, 159.0, 155.0, 169.0, 178.0, 195.0, 185.0, 174.0]",20.799894332885742,0.0,277.15704345703125,2.031156539916992,-198.31076049804688
1750930095.5139983,0.0,0.5,"[174.0, 185.0, 187.0, 159.0, 154.0, 169.0, 178.0, 195.0, 185.0, 174.0]",20.68904685974121,0.0,277.2837829589844,2.0337295532226562,-197.9168701171875
1750930095.5288932,0.0,0.5,"[174.0, 185.0, 187.0, 159.0, 154.0, 168.0, 179.0, 195.0, 185.0, 174.0]",20.870319366455078,0.0,277.411865234375,2.036527633666992,-197.51959228515625
1750930095.543559,0.0,0.5,"[174.0, 185.0, 187.0, 159.0, 154.0, 168.0, 180.0, 195.0, 185.0, 174.0]",20.720911026000977,0.0,277.5388488769531,2.0394229888916016,-197.1251220703125
1750930095.5577364,0.0,0.5,"[174.0, 185.0, 186.0, 159.0, 154.0, 168.0, 181.0, 195.0, 185.0, 174.0]",20.926721572875977,0.0,277.66705322265625,2.042879104614258,-196.72674560546875
1750930095.582593,0.0,0.5,"[174.0, 185.0, 186.0, 158.0, 154.0, 168.0, 181.0, 195.0, 185.0, 174.0]",20.825775146484375,0.0,277.79437255859375,2.046781539916992,-196.33016967773438
1750930095.597255,0.0,0.5,"[174.0, 185.0, 186.0, 158.0, 154.0, 168.0, 182.0, 195.0, 185.0, 174.0]",21.0172061920166,0.0,277.9230651855469,2.051197052001953,-195.93002319335938
1750930095.6233714,0.0,0.5,"[174.0, 185.0, 186.0, 158.0, 153.0, 168.0, 182.0, 195.0, 185.0, 174.0]",20.77903175354004,0.0,278.04998779296875,2.055856704711914,-195.5343017578125
1750930095.6373868,0.0,0.5,"[174.0, 185.0, 185.0, 158.0, 153.0, 167.0, 182.0, 194.0, 185.0, 174.0]",21.081743240356445,0.0,278.1788024902344,2.060873031616211,-195.13287353515625
1750930095.6640975,0.0,0.5,"[174.0, 185.0, 184.0, 158.0, 153.0, 167.0, 183.0, 194.0, 185.0, 174.0]",20.92403221130371,0.0,278.3064880371094,2.0660400390625,-194.734375
1750930095.6799238,0.0,0.5,"[174.0, 185.0, 184.0, 157.0, 153.0, 167.0, 183.0, 193.0, 185.0, 174.0]",21.121688842773438,0.0,278.4354248046875,2.071401596069336,-194.3321533203125
1750930095.6957757,0.0,0.5,"[174.0, 185.0, 184.0, 156.0, 153.0, 167.0, 184.0, 195.0, 185.0, 174.0]",20.957054138183594,0.0,278.56317138671875,2.076894760131836,-193.9329833984375
1750930095.7338874,0.0,0.5,"[174.0, 185.0, 184.0, 156.0, 153.0, 167.0, 184.0, 197.0, 185.0, 174.0]",21.16243553161621,0.0,278.69219970703125,2.083028793334961,-193.5299072265625
1750930095.7482743,0.0,0.5,"[174.0, 185.0, 184.0, 156.0, 152.0, 167.0, 184.0, 198.0, 185.0, 174.0]",21.00424575805664,0.0,278.81988525390625,2.0895347595214844,-193.1297607421875
1750930095.7629614,0.0,0.5,"[174.0, 185.0, 183.0, 156.0, 152.0, 166.0, 184.0, 200.0, 185.0, 174.0]",21.301664352416992,0.0,278.94952392578125,2.096607208251953,-192.7239990234375
1750930095.7774649,0.0,0.5,"[174.0, 185.0, 183.0, 155.0, 152.0, 166.0, 185.0, 201.0, 185.0, 174.0]",21.032934188842773,0.0,279.07733154296875,2.1039066314697266,-192.32330322265625
1750930095.8029978,-1.0,0.5,"[174.0, 185.0, 183.0, 155.0, 152.0, 166.0, 185.0, 202.0, 185.0, 174.0]",21.254785537719727,0.0,279.20660400390625,2.111570358276367,-191.91839599609375
1750930095.8175108,-1.0,0.5,"[174.0, 185.0, 183.0, 156.0, 152.0, 166.0, 184.0, 201.0, 185.0, 174.0]",20.85934066772461,-0.5,279.3165283203125,2.114715576171875,-191.5159912109375
1750930095.8431923,-1.0,0.5,"[174.0, 185.0, 184.0, 158.0, 153.0, 167.0, 182.0, 200.0, 185.0, 174.0]",20.89542579650879,-0.5,279.4070129394531,2.1127395629882812,-191.10797119140625
1750930095.8582077,-1.0,0.5,"[174.0, 185.0, 187.0, 159.0, 155.0, 169.0, 178.0, 197.0, 185.0, 174.0]",20.297630310058594,-0.5,279.4720764160156,2.1050682067871094,-190.70733642578125
1750930095.8729186,0.0,0.5,"[174.0, 185.0, 189.0, 161.0, 157.0, 171.0, 175.0, 192.0, 185.0, 174.0]",20.57044792175293,-0.5,279.5169372558594,2.0923919677734375,-190.298583984375
1750930095.9110572,0.0,0.5,"[174.0, 185.0, 190.0, 162.0, 158.0, 172.0, 174.0, 190.0, 185.0, 174.0]",20.298900604248047,0.0,279.5707092285156,2.0828399658203125,-189.89630126953125
1750930095.9258735,0.0,0.5,"[174.0, 185.0, 192.0, 163.0, 158.0, 173.0, 173.0, 190.0, 185.0, 174.0]",20.489524841308594,0.0,279.635498046875,2.0763797760009766,-189.49172973632812
1750930095.9402137,0.0,0.5,"[174.0, 185.0, 192.0, 163.0, 158.0, 173.0, 173.0, 190.0, 185.0, 174.0]",20.44344139099121,0.0,279.70501708984375,2.0715389251708984,-189.08883666992188
1750930095.9547496,0.0,0.5,"[174.0, 185.0, 192.0, 163.0, 158.0, 173.0, 173.0, 192.0, 185.0, 174.0]",20.60679054260254,0.0,279.77581787109375,2.067127227783203,-188.682861328125
1750930095.9924417,0.0,0.5,"[174.0, 185.0, 192.0, 163.0, 158.0, 172.0, 174.0, 192.0, 185.0, 174.0]",20.358257293701172,0.0,279.84552001953125,2.0628929138183594,-188.28173828125
1750930096.00711,0.0,0.5,"[174.0, 185.0, 192.0, 163.0, 158.0, 172.0, 174.0, 193.0, 185.0, 174.0]",20.561594009399414,0.0,279.916015625,2.058774948120117,-187.8765869140625
1750930096.0220394,0.0,0.5,"[174.0, 185.0, 192.0, 163.0, 158.0, 172.0, 174.0, 193.0, 185.0, 174.0]",20.64897346496582,0.0,279.986572265625,2.0548973083496094,-187.4697265625
1750930096.0369785,0.0,0.5,"[174.0, 185.0, 192.0, 162.0, 158.0, 172.0, 174.0, 195.0, 185.0, 174.0]",20.679073333740234,0.0,280.05712890625,2.0515518188476562,-187.06219482421875
1750930096.062707,0.0,0.5,"[174.0, 185.0, 192.0, 162.0, 158.0, 172.0, 174.0, 196.0, 185.0, 174.0]",20.59986686706543,0.0,280.1271057128906,2.0486011505126953,-186.65618896484375
1750930096.078158,0.0,0.5,"[174.0, 185.0, 192.0, 162.0, 158.0, 172.0, 174.0, 197.0, 185.0, 174.0]",20.790996551513672,0.0,280.19775390625,2.0460376739501953,-186.2464599609375
1750930096.0930247,0.0,0.5,"[174.0, 185.0, 192.0, 162.0, 157.0, 172.0, 175.0, 197.0, 185.0, 174.0]",20.559131622314453,0.0,280.26727294921875,2.043712615966797,-185.8411865234375
1750930096.1302497,0.0,0.5,"[174.0, 185.0, 192.0, 162.0, 157.0, 171.0, 175.0, 198.0, 185.0, 174.0]",20.843799591064453,0.0,280.33795166015625,2.0416526794433594,-185.43035888671875
1750930096.1450903,0.0,0.5,"[174.0, 185.0, 192.0, 162.0, 157.0, 171.0, 175.0, 198.0, 185.0, 174.0]",20.790019989013672,0.0,280.4083251953125,2.0397396087646484,-185.02056884765625
1750930096.1601713,0.0,0.5,"[174.0, 185.0, 192.0, 162.0, 157.0, 171.0, 175.0, 200.0, 185.0, 174.0]",20.912918090820312,0.0,280.4791564941406,2.0379467010498047,-184.60833740234375
1750930096.175188,0.0,0.5,"[174.0, 185.0, 190.0, 162.0, 157.0, 171.0, 176.0, 200.0, 185.0, 174.0]",20.69964599609375,0.0,280.54901123046875,2.036466598510742,-184.2003173828125
1750930096.2130802,0.0,0.5,"[174.0, 185.0, 190.0, 162.0, 157.0, 171.0, 176.0, 201.0, 185.0, 174.0]",21.002208709716797,0.0,280.6199645996094,2.035562515258789,-183.78631591796875
1750930096.2283523,0.0,0.5,"[174.0, 185.0, 190.0, 161.0, 157.0, 171.0, 176.0, 201.0, 185.0, 174.0]",20.877893447875977,0.0,280.69024658203125,2.0350513458251953,-183.37469482421875
1750930096.24337,0.0,0.5,"[174.0, 185.0, 190.0, 161.0, 157.0, 171.0, 176.0, 202.0, 185.0, 174.0]",21.01712989807129,0.0,280.7611999511719,2.035001754760742,-182.96038818359375
1750930096.2581584,0.0,0.5,"[174.0, 185.0, 190.0, 161.0, 156.0, 170.0, 176.0, 203.0, 185.0, 174.0]",20.886430740356445,0.0,280.8313903808594,2.035167694091797,-182.548583984375
1750930096.2733052,0.0,0.5,"[174.0, 185.0, 190.0, 161.0, 156.0, 170.0, 176.0, 203.0, 185.0, 174.0]",21.148225784301758,0.0,280.9023742675781,2.0355587005615234,-182.13165283203125
1750930096.311163,0.0,0.5,"[174.0, 185.0, 190.0, 161.0, 156.0, 170.0, 176.0, 204.0, 185.0, 174.0]",20.950593948364258,0.0,280.9725646972656,2.036081314086914,-181.71856689453125
1750930096.326588,0.0,0.5,"[174.0, 185.0, 190.0, 161.0, 156.0, 170.0, 176.0, 204.0, 185.0, 174.0]",21.23497200012207,0.0,281.0438537597656,2.0367908477783203,-181.29986572265625
1750930096.3416514,0.0,0.5,"[174.0, 185.0, 190.0, 161.0, 156.0, 169.0, 177.0, 206.0, 185.0, 174.0]",20.950284957885742,0.0,281.114013671875,2.0379199981689453,-180.88677978515625
1750930096.3567274,0.0,0.5,"[174.0, 185.0, 190.0, 161.0, 156.0, 169.0, 177.0, 206.0, 185.0, 174.0]",21.156475067138672,0.0,281.18499755859375,2.0396671295166016,-180.46966552734375
1750930096.3945522,0.0,0.5,"[174.0, 185.0, 189.0, 160.0, 155.0, 169.0, 177.0, 206.0, 185.0, 174.0]",21.155248641967773,0.0,281.255615234375,2.0417747497558594,-180.052490234375
1750930096.409076,0.0,0.5,"[174.0, 185.0, 189.0, 160.0, 155.0, 169.0, 177.0, 207.0, 185.0, 174.0]",21.348960876464844,0.0,281.326904296875,2.0443038940429688,-179.63153076171875
1750930096.4236825,0.0,0.5,"[174.0, 185.0, 189.0, 160.0, 155.0, 169.0, 177.0, 207.0, 185.0, 174.0]",21.141115188598633,0.0,281.3971862792969,2.0470237731933594,-179.214599609375
1750930096.4388895,0.0,0.5,"[174.0, 185.0, 189.0, 160.0, 155.0, 169.0, 177.0, 207.0, 185.0, 174.0]",21.30790138244629,0.0,281.4682922363281,2.050081253051758,-178.79443359375
1750930096.453808,0.0,0.5,"[174.0, 185.0, 189.0, 160.0, 155.0, 168.0, 177.0, 209.0, 185.0, 174.0]",21.225418090820312,0.0,281.5389099121094,2.053224563598633,-178.3758544921875
1750930096.491453,0.0,0.5,"[174.0, 185.0, 189.0, 160.0, 155.0, 168.0, 177.0, 209.0, 185.0, 174.0]",21.459922790527344,0.0,281.61016845703125,2.0565834045410156,-177.95262145996094
1750930096.5061939,0.0,0.5,"[174.0, 185.0, 188.0, 159.0, 154.0, 168.0, 177.0, 209.0, 185.0, 174.0]",21.25456428527832,0.0,281.68048095703125,2.0604171752929688,-177.5334014892578
1750930096.521046,0.0,0.5,"[174.0, 185.0, 187.0, 159.0, 154.0, 168.0, 177.0, 209.0, 185.0, 174.0]",21.443771362304688,0.0,281.751708984375,2.064910888671875,-177.11050415039062
1750930096.5360527,0.0,0.5,"[174.0, 185.0, 187.0, 159.0, 154.0, 168.0, 177.0, 211.0, 185.0, 174.0]",21.305166244506836,0.0,281.8221740722656,2.0697174072265625,-176.69029235839844
1750930096.5739918,0.0,0.5,"[174.0, 185.0, 187.0, 159.0, 154.0, 168.0, 177.0, 211.0, 185.0, 174.0]",21.54269027709961,0.0,281.893310546875,2.0749282836914062,-176.265380859375
1750930096.589139,0.0,0.5,"[174.0, 185.0, 187.0, 159.0, 154.0, 167.0, 177.0, 211.0, 185.0, 174.0]",21.424406051635742,0.0,281.96380615234375,2.0803298950195312,-175.8427734375
1750930096.6035964,0.0,0.5,"[174.0, 185.0, 187.0, 159.0, 153.0, 167.0, 177.0, 211.0, 185.0, 174.0]",21.55427360534668,0.0,282.03497314453125,2.0860462188720703,-175.41763305664062
1750930096.6178405,0.0,0.5,"[174.0, 185.0, 186.0, 158.0, 153.0, 167.0, 178.0, 212.0, 185.0, 174.0]",21.428810119628906,0.0,282.1054382324219,2.091794967651367,-174.99493408203125
1750930096.6331341,0.0,0.5,"[174.0, 185.0, 186.0, 158.0, 153.0, 167.0, 178.0, 212.0, 185.0, 174.0]",21.701738357543945,0.0,282.1767883300781,2.0980224609375,-174.5668487548828
1750930096.6706765,0.0,0.5,"[174.0, 185.0, 186.0, 158.0, 153.0, 167.0, 178.0, 212.0, 185.0, 174.0]",21.447641372680664,0.0,282.24713134765625,2.104696273803711,-174.1437530517578
1750930096.6852918,0.0,0.5,"[174.0, 185.0, 186.0, 158.0, 153.0, 166.0, 178.0, 212.0, 185.0, 174.0]",21.66120147705078,0.0,282.3182067871094,2.1119728088378906,-173.71646118164062
1750930096.7000568,0.0,0.5,"[174.0, 185.0, 185.0, 157.0, 153.0, 166.0, 182.0, 214.0, 185.0, 174.0]",21.626232147216797,0.0,282.38885498046875,2.1195507049560547,-173.28981018066406
1750930096.7151687,0.0,0.5,"[174.0, 185.0, 184.0, 156.0, 153.0, 166.0, 182.0, 214.0, 185.0, 174.0]",21.698413848876953,0.0,282.4598388671875,2.127531051635742,-172.86175537109375
1750930096.7533202,-1.0,0.5,"[174.0, 185.0, 184.0, 156.0, 152.0, 166.0, 184.0, 214.0, 185.0, 174.0]",21.644655227661133,0.0,282.5303955078125,2.1356754302978516,-172.43472290039062
1750930096.7684472,-1.0,0.5,"[174.0, 185.0, 184.0, 157.0, 153.0, 166.0, 182.0, 214.0, 185.0, 174.0]",21.57805824279785,-0.5,282.5852355957031,2.1399154663085938,-172.00668334960938
1750930096.7833085,-1.0,0.5,"[174.0, 185.0, 186.0, 158.0, 153.0, 167.0, 176.0, 212.0, 185.0, 174.0]",21.201021194458008,-0.5,282.61883544921875,2.1389408111572266,-171.58399963378906
1750930096.7978246,-1.0,0.5,"[174.0, 185.0, 189.0, 160.0, 154.0, 169.0, 174.0, 209.0, 185.0, 174.0]",21.005098342895508,-0.5,282.6286926269531,2.1324119567871094,-171.1640625
1750930096.8131006,0.0,0.5,"[174.0, 185.0, 190.0, 162.0, 156.0, 171.0, 173.0, 207.0, 185.0, 174.0]",20.828889846801758,-0.5,282.6136779785156,2.1200599670410156,-170.74794006347656
1750930096.8536701,0.0,0.5,"[174.0, 185.0, 192.0, 163.0, 157.0, 172.0, 171.0, 206.0, 185.0, 174.0]",21.01959800720215,0.0,282.6107482910156,2.111225128173828,-170.32765197753906
1750930096.8692713,0.0,0.5,"[174.0, 185.0, 193.0, 163.0, 157.0, 172.0, 170.0, 205.0, 185.0, 174.0]",20.715608596801758,0.0,282.62091064453125,2.1063060760498047,-169.9134979248047
1750930096.8850994,0.0,0.5,"[174.0, 185.0, 193.0, 163.0, 157.0, 172.0, 170.0, 205.0, 185.0, 174.0]",21.05144691467285,0.0,282.63397216796875,2.102306365966797,-169.49269104003906
1750930096.901698,0.0,0.5,"[174.0, 185.0, 193.0, 163.0, 157.0, 172.0, 170.0, 205.0, 185.0, 174.0]",20.82655143737793,0.0,282.64703369140625,2.098611831665039,-169.07638549804688
1750930096.9171534,0.0,0.5,"[174.0, 185.0, 193.0, 163.0, 157.0, 172.0, 170.0, 205.0, 185.0, 174.0]",21.156126022338867,0.0,282.66015625,2.0949859619140625,-168.6534881591797
1750930096.9443238,0.0,0.5,"[174.0, 185.0, 193.0, 163.0, 156.0, 172.0, 170.0, 205.0, 185.0, 174.0]",20.814638137817383,0.0,282.6729431152344,2.0915794372558594,-168.23741149902344
1750930096.9597058,0.0,0.5,"[174.0, 185.0, 193.0, 163.0, 156.0, 172.0, 170.0, 205.0, 185.0, 174.0]",21.21402359008789,0.0,282.6856689453125,2.0886402130126953,-167.81333923339844
1750930096.9753265,0.0,0.5,"[174.0, 185.0, 193.0, 163.0, 156.0, 171.0, 170.0, 206.0, 185.0, 174.0]",20.8735294342041,0.0,282.69793701171875,2.0861778259277344,-167.39605712890625
1750930097.015755,0.0,0.5,"[174.0, 185.0, 193.0, 163.0, 156.0, 171.0, 170.0, 206.0, 185.0, 174.0]",21.289405822753906,0.0,282.7105712890625,2.0841407775878906,-166.970458984375
1750930097.0314026,0.0,0.5,"[174.0, 185.0, 193.0, 163.0, 156.0, 171.0, 170.0, 205.0, 185.0, 174.0]",21.001497268676758,0.0,282.7230529785156,2.082479476928711,-166.5506134033203
1750930097.0468135,0.0,0.5,"[174.0, 185.0, 192.0, 162.0, 156.0, 171.0, 170.0, 206.0, 185.0, 174.0]",21.32571029663086,0.0,282.73541259765625,2.080982208251953,-166.12428283691406
1750930097.0623453,0.0,0.5,"[174.0, 185.0, 192.0, 162.0, 155.0, 171.0, 170.0, 206.0, 185.0, 174.0]",21.070249557495117,0.0,282.7474365234375,2.079662322998047,-165.7030487060547
1750930097.077735,0.0,0.5,"[174.0, 185.0, 192.0, 162.0, 155.0, 171.0, 170.0, 206.0, 185.0, 174.0]",21.418607711791992,0.0,282.75970458984375,2.0784454345703125,-165.2748565673828
1750930097.104611,0.0,0.5,"[174.0, 185.0, 192.0, 162.0, 155.0, 171.0, 170.0, 206.0, 185.0, 174.0]",21.056396484375,0.0,282.7716979980469,2.077535629272461,-164.85389709472656
1750930097.1198325,0.0,0.5,"[174.0, 185.0, 192.0, 162.0, 155.0, 170.0, 170.0, 206.0, 185.0, 174.0]",21.459020614624023,0.0,282.7837829589844,2.077178955078125,-164.4248809814453
1750930097.1353579,0.0,0.5,"[174.0, 185.0, 192.0, 162.0, 155.0, 170.0, 170.0, 205.0, 185.0, 174.0]",21.1549129486084,0.0,282.7955627441406,2.0772743225097656,-164.001953125
1750930097.174811,0.0,0.5,"[174.0, 185.0, 192.0, 162.0, 154.0, 170.0, 170.0, 205.0, 185.0, 174.0]",21.577726364135742,0.0,282.80755615234375,2.0777854919433594,-163.57057189941406
1750930097.1900358,0.0,0.5,"[174.0, 185.0, 192.0, 161.0, 154.0, 169.0, 170.0, 205.0, 185.0, 174.0]",21.170639038085938,0.0,282.8192443847656,2.0786075592041016,-163.14732360839844
1750930097.2052948,0.0,0.5,"[174.0, 185.0, 192.0, 161.0, 154.0, 169.0, 171.0, 205.0, 185.0, 174.0]",21.55722999572754,0.0,282.8309631347656,2.07965087890625,-162.71633911132812
1750930097.2204447,0.0,0.5,"[174.0, 185.0, 192.0, 161.0, 154.0, 169.0, 173.0, 205.0, 185.0, 174.0]",21.356679916381836,0.0,282.8424072265625,2.0808334350585938,-162.28936767578125
1750930097.2347083,0.0,0.5,"[174.0, 185.0, 190.0, 161.0, 154.0, 169.0, 173.0, 205.0, 185.0, 174.0]",21.652687072753906,0.0,282.854248046875,2.0822181701660156,-161.85647583007812
1750930097.2736943,0.0,0.5,"[174.0, 185.0, 190.0, 161.0, 153.0, 169.0, 174.0, 204.0, 185.0, 174.0]",21.334850311279297,0.0,282.8658142089844,2.084047317504883,-161.42994689941406
1750930097.2888691,0.0,0.5,"[174.0, 185.0, 190.0, 160.0, 153.0, 169.0, 174.0, 204.0, 185.0, 174.0]",21.757469177246094,0.0,282.8775329589844,2.0864830017089844,-160.99496459960938
1750930097.3039186,0.0,0.5,"[174.0, 185.0, 190.0, 160.0, 153.0, 168.0, 175.0, 204.0, 185.0, 174.0]",21.35501480102539,0.0,282.888916015625,2.0893096923828125,-160.56802368164062
1750930097.319062,0.0,0.5,"[174.0, 185.0, 190.0, 160.0, 153.0, 168.0, 175.0, 204.0, 185.0, 174.0]",21.75426483154297,0.0,282.90032958984375,2.092540740966797,-160.1331024169922
1750930097.3339694,0.0,0.5,"[174.0, 185.0, 190.0, 160.0, 153.0, 168.0, 176.0, 204.0, 185.0, 174.0]",21.504322052001953,0.0,282.91143798828125,2.096017837524414,-159.7031707763672
1750930097.3731792,0.0,0.5,"[174.0, 185.0, 189.0, 159.0, 153.0, 168.0, 176.0, 204.0, 185.0, 174.0]",21.839458465576172,0.0,282.9227294921875,2.0997772216796875,-159.26654052734375
1750930097.3883138,0.0,0.5,"[174.0, 185.0, 189.0, 159.0, 152.0, 168.0, 177.0, 204.0, 185.0, 174.0]",21.508995056152344,0.0,282.933837890625,2.103656768798828,-158.83651733398438
1750930097.4037774,0.0,0.5,"[174.0, 185.0, 189.0, 159.0, 152.0, 168.0, 177.0, 204.0, 185.0, 174.0]",21.879920959472656,0.0,282.9449768066406,2.1078338623046875,-158.39907836914062
1750930097.4190998,-1.0,0.5,"[174.0, 185.0, 189.0, 159.0, 152.0, 167.0, 178.0, 204.0, 185.0, 174.0]",21.56612777709961,0.0,282.9557800292969,2.1124935150146484,-157.96791076660156
1750930097.4341447,-1.0,0.5,"[174.0, 185.0, 189.0, 159.0, 152.0, 168.0, 177.0, 203.0, 185.0, 174.0]",21.64073944091797,-0.5,282.9508056640625,2.113584518432617,-157.53512573242188
1750930097.4737952,-1.0,0.5,"[174.0, 185.0, 190.0, 159.0, 153.0, 169.0, 174.0, 201.0, 185.0, 174.0]",21.150394439697266,-0.5,282.9224548339844,2.1089859008789062,-157.11309814453125
1750930097.4896035,0.0,0.5,"[174.0, 185.0, 192.0, 161.0, 155.0, 172.0, 170.0, 200.0, 185.0, 174.0]",21.090438842773438,-0.5,282.868896484375,2.0981521606445312,-156.69483947753906
1750930097.5057364,0.0,0.5,"[174.0, 185.0, 193.0, 161.0, 156.0, 173.0, 169.0, 198.0, 185.0, 174.0]",21.01918601989746,0.0,282.8276062011719,2.0908050537109375,-156.27655029296875
1750930097.521242,0.0,0.5,"[174.0, 185.0, 193.0, 161.0, 156.0, 173.0, 168.0, 198.0, 185.0, 174.0]",20.998464584350586,0.0,282.7972412109375,2.086507797241211,-155.85769653320312
1750930097.5368302,0.0,0.5,"[174.0, 185.0, 193.0, 161.0, 156.0, 173.0, 169.0, 197.0, 185.0, 174.0]",21.223037719726562,0.0,282.76824951171875,2.0827579498291016,-155.4342498779297
1750930097.5772815,0.0,0.5,"[174.0, 185.0, 193.0, 161.0, 156.0, 173.0, 169.0, 197.0, 185.0, 174.0]",20.93924903869629,0.0,282.7397155761719,2.079456329345703,-155.01644897460938
1750930097.5928962,0.0,0.5,"[174.0, 185.0, 193.0, 161.0, 156.0, 173.0, 169.0, 197.0, 185.0, 174.0]",21.21794891357422,0.0,282.7104187011719,2.0766162872314453,-154.59310913085938
1750930097.6083884,0.0,0.5,"[174.0, 185.0, 192.0, 161.0, 156.0, 173.0, 169.0, 196.0, 185.0, 174.0]",21.096696853637695,0.0,282.6811828613281,2.074249267578125,-154.1721954345703
1750930097.6240714,0.0,0.5,"[174.0, 185.0, 192.0, 161.0, 156.0, 172.0, 170.0, 195.0, 185.0, 174.0]",21.248802185058594,0.0,282.6512145996094,2.0721473693847656,-153.74827575683594
1750930097.640023,0.0,0.5,"[174.0, 185.0, 192.0, 161.0, 156.0, 172.0, 170.0, 195.0, 185.0, 174.0]",21.128067016601562,0.0,282.6214599609375,2.0703868865966797,-153.32676696777344
1750930097.6559594,0.0,0.5,"[174.0, 185.0, 192.0, 160.0, 156.0, 172.0, 170.0, 195.0, 185.0, 174.0]",21.303560256958008,0.0,282.59130859375,2.0688228607177734,-152.90176391601562
1750930097.6964703,0.0,0.5,"[174.0, 185.0, 192.0, 160.0, 155.0, 172.0, 170.0, 195.0, 185.0, 174.0]",21.269189834594727,0.0,282.5612487792969,2.0674381256103516,-152.47744750976562
1750930097.7122355,0.0,0.5,"[174.0, 185.0, 190.0, 160.0, 155.0, 172.0, 171.0, 193.0, 185.0, 174.0]",21.391408920288086,0.0,282.5308837890625,2.066181182861328,-152.0507049560547
1750930097.72814,0.0,0.5,"[174.0, 185.0, 190.0, 160.0, 155.0, 172.0, 171.0, 193.0, 185.0, 174.0]",21.189441680908203,0.0,282.5008850097656,2.0654563903808594,-151.6279754638672
1750930097.7441819,0.0,0.5,"[174.0, 185.0, 190.0, 159.0, 155.0, 171.0, 171.0, 193.0, 185.0, 174.0]",21.468048095703125,0.0,282.47027587890625,2.065227508544922,-151.19970703125
1750930097.7598903,0.0,0.5,"[174.0, 185.0, 190.0, 159.0, 155.0, 171.0, 172.0, 193.0, 185.0, 174.0]",21.388002395629883,0.0,282.4397888183594,2.065460205078125,-150.77304077148438
1750930097.7755027,0.0,0.5,"[174.0, 185.0, 189.0, 159.0, 155.0, 171.0, 172.0, 192.0, 185.0, 174.0]",21.497718811035156,0.0,282.40875244140625,2.06597900390625,-150.34420776367188
1750930097.8163269,0.0,0.5,"[174.0, 185.0, 189.0, 159.0, 154.0, 171.0, 173.0, 193.0, 185.0, 174.0]",21.38700294494629,0.0,282.3779602050781,2.066791534423828,-149.91757202148438
1750930097.832786,0.0,0.5,"[174.0, 185.0, 189.0, 159.0, 154.0, 171.0, 173.0, 193.0, 185.0, 174.0]",21.587421417236328,0.0,282.34674072265625,2.0678024291992188,-149.48695373535156
1750930097.8485222,0.0,0.5,"[174.0, 185.0, 189.0, 158.0, 154.0, 171.0, 173.0, 194.0, 185.0, 174.0]",21.47799301147461,0.0,282.3157043457031,2.068971633911133,-149.0585174560547
1750930097.8645616,0.0,0.5,"[174.0, 185.0, 187.0, 158.0, 154.0, 170.0, 173.0, 195.0, 185.0, 174.0]",21.631202697753906,0.0,282.2842712402344,2.0703678131103516,-148.62704467773438
1750930097.880555,0.0,0.5,"[174.0, 185.0, 187.0, 158.0, 154.0, 170.0, 174.0, 196.0, 185.0, 174.0]",21.455116271972656,0.0,282.2532043457031,2.072357177734375,-148.19906616210938
1750930097.896519,0.0,0.5,"[174.0, 185.0, 187.0, 158.0, 154.0, 170.0, 174.0, 197.0, 185.0, 174.0]",21.71398162841797,0.0,282.2215270996094,2.074850082397461,-147.7659454345703
1750930097.937027,0.0,0.5,"[174.0, 185.0, 187.0, 157.0, 153.0, 170.0, 174.0, 197.0, 185.0, 174.0]",21.623456954956055,0.0,282.19000244140625,2.0777721405029297,-147.3346405029297
1750930097.9526167,0.0,0.5,"[174.0, 185.0, 186.0, 156.0, 153.0, 169.0, 174.0, 198.0, 185.0, 174.0]",21.760053634643555,0.0,282.157958984375,2.080991744995117,-146.900634765625
1750930097.968228,0.0,0.5,"[174.0, 185.0, 186.0, 156.0, 153.0, 169.0, 174.0, 198.0, 185.0, 174.0]",21.56728172302246,0.0,282.12628173828125,2.0844573974609375,-146.47047424316406
1750930097.9837646,0.0,0.5,"[174.0, 185.0, 185.0, 156.0, 153.0, 169.0, 174.0, 200.0, 185.0, 174.0]",21.83873748779297,0.0,282.0940246582031,2.0881271362304688,-146.034912109375
1750930097.9988892,0.0,0.5,"[174.0, 185.0, 184.0, 156.0, 153.0, 169.0, 174.0, 200.0, 185.0, 174.0]",21.737781524658203,0.0,282.06195068359375,2.0919361114501953,-145.6013641357422
1750930098.014748,0.0,0.5,"[174.0, 185.0, 184.0, 155.0, 153.0, 169.0, 175.0, 200.0, 185.0, 174.0]",21.86036491394043,0.0,282.0294189453125,2.0962066650390625,-145.16539001464844
1750930098.055192,0.0,0.5,"[174.0, 185.0, 184.0, 155.0, 153.0, 168.0, 175.0, 201.0, 185.0, 174.0]",21.69175910949707,0.0,281.99725341796875,2.1010284423828125,-144.73277282714844
1750930098.0709314,0.0,0.5,"[174.0, 185.0, 183.0, 155.0, 152.0, 168.0, 176.0, 201.0, 185.0, 174.0]",21.966264724731445,0.0,281.9644775390625,2.1063671112060547,-144.29470825195312
1750930098.0865939,-1.0,0.5,"[174.0, 185.0, 183.0, 155.0, 152.0, 168.0, 176.0, 201.0, 185.0, 174.0]",21.84813690185547,0.0,281.9318542480469,2.1120758056640625,-143.8590087890625
1750930098.1021047,-1.0,0.5,"[174.0, 185.0, 183.0, 155.0, 153.0, 169.0, 175.0, 201.0, 185.0, 174.0]",21.685152053833008,-0.5,281.8821105957031,2.113534927368164,-143.4281768798828
1750930098.117984,-1.0,0.5,"[174.0, 185.0, 184.0, 156.0, 154.0, 170.0, 173.0, 200.0, 185.0, 174.0]",21.33768081665039,-0.5,281.81451416015625,2.1103134155273438,-143.00682067871094
1750930098.1339123,-1.0,0.5,"[174.0, 185.0, 186.0, 159.0, 155.0, 171.0, 170.0, 197.0, 185.0, 174.0]",21.352684020996094,-0.5,281.7264099121094,2.101869583129883,-142.5890350341797
1750930098.1747453,0.0,0.5,"[174.0, 185.0, 188.0, 161.0, 157.0, 172.0, 168.0, 193.0, 185.0, 174.0]",21.025007247924805,-0.5,281.6164245605469,2.0875778198242188,-142.1834259033203
1750930098.1912336,0.0,0.5,"[174.0, 185.0, 189.0, 162.0, 158.0, 172.0, 166.0, 192.0, 185.0, 174.0]",21.121551513671875,0.0,281.5145263671875,2.076152801513672,-141.7736358642578
1750930098.2071354,0.0,0.5,"[174.0, 185.0, 190.0, 162.0, 158.0, 173.0, 166.0, 192.0, 185.0, 174.0]",21.00166893005371,0.0,281.4252624511719,2.0685195922851562,-141.36326599121094
1750930098.2230902,0.0,0.5,"[174.0, 185.0, 190.0, 162.0, 158.0, 172.0, 166.0, 192.0, 185.0, 174.0]",21.258487701416016,0.0,281.3379211425781,2.0620594024658203,-140.9472198486328
1750930098.239203,0.0,0.5,"[174.0, 185.0, 190.0, 162.0, 158.0, 172.0, 166.0, 192.0, 185.0, 174.0]",21.021711349487305,0.0,281.2519226074219,2.0561180114746094,-140.5357208251953
1750930098.2551832,0.0,0.5,"[174.0, 185.0, 190.0, 162.0, 158.0, 172.0, 166.0, 192.0, 185.0, 174.0]",21.210662841796875,0.0,281.16485595703125,2.0503387451171875,-140.12057495117188
1750930098.295963,0.0,0.5,"[174.0, 185.0, 190.0, 162.0, 158.0, 172.0, 166.0, 192.0, 185.0, 174.0]",21.166893005371094,0.0,281.0780029296875,2.0447845458984375,-139.70628356933594
1750930098.3125343,0.0,0.5,"[174.0, 185.0, 190.0, 162.0, 158.0, 172.0, 166.0, 192.0, 185.0, 174.0]",21.37834930419922,0.0,280.989990234375,2.0392417907714844,-139.28790283203125
1750930098.3285983,0.0,0.5,"[174.0, 185.0, 190.0, 162.0, 158.0, 172.0, 166.0, 192.0, 185.0, 174.0]",21.169906616210938,0.0,280.90283203125,2.0340633392333984,-138.8736114501953
1750930098.3446283,0.0,0.5,"[174.0, 185.0, 190.0, 162.0, 157.0, 172.0, 166.0, 193.0, 185.0, 174.0]",21.367910385131836,0.0,280.81451416015625,2.0293521881103516,-138.45550537109375
1750930098.3606462,0.0,0.5,"[174.0, 185.0, 190.0, 162.0, 157.0, 172.0, 166.0, 193.0, 185.0, 174.0]",21.22437286376953,0.0,280.72686767578125,2.0251712799072266,-138.04019165039062
1750930098.3765538,0.0,0.5,"[174.0, 185.0, 190.0, 162.0, 157.0, 171.0, 166.0, 193.0, 185.0, 174.0]",21.5174503326416,0.0,280.63787841796875,2.021320343017578,-137.61915588378906
1750930098.418056,0.0,0.5,"[174.0, 185.0, 190.0, 162.0, 157.0, 171.0, 166.0, 193.0, 185.0, 174.0]",21.30996322631836,0.0,280.5497741699219,2.0178356170654297,-137.20217895507812
1750930098.4336963,0.0,0.5,"[174.0, 185.0, 190.0, 162.0, 157.0, 171.0, 166.0, 193.0, 185.0, 174.0]",21.534860610961914,0.0,280.46038818359375,2.014474868774414,-136.78086853027344
1750930098.4352975,0.0,0.5,"[174.0, 185.0, 190.0, 162.0, 157.0, 171.0, 166.0, 193.0, 185.0, 174.0]",21.45441436767578,0.0,280.371337890625,2.0112972259521484,-136.36114501953125
1750930098.4762719,0.0,0.5,"[174.0, 185.0, 190.0, 161.0, 157.0, 171.0, 167.0, 193.0, 185.0, 174.0]",21.589868545532227,0.0,280.2816162109375,2.0082321166992188,-135.93878173828125
1750930098.4920595,0.0,0.5,"[174.0, 185.0, 190.0, 161.0, 156.0, 171.0, 167.0, 193.0, 185.0, 174.0]",21.38749122619629,0.0,280.1929016113281,2.0057449340820312,-135.5203399658203
1750930098.508069,0.0,0.5,"[174.0, 185.0, 189.0, 161.0, 156.0, 171.0, 167.0, 193.0, 185.0, 174.0]",21.668563842773438,0.0,280.102783203125,2.003742218017578,-135.09645080566406
1750930098.523839,0.0,0.5,"[174.0, 185.0, 189.0, 161.0, 156.0, 171.0, 167.0, 193.0, 185.0, 174.0]",21.559537887573242,0.0,280.0130920410156,2.002195358276367,-134.67469787597656
1750930098.5407245,0.0,0.5,"[174.0, 185.0, 189.0, 161.0, 156.0, 170.0, 168.0, 193.0, 185.0, 174.0]",21.713394165039062,0.0,279.9224853515625,2.0009632110595703,-134.24998474121094
1750930098.557096,0.0,0.5,"[174.0, 185.0, 189.0, 161.0, 156.0, 170.0, 168.0, 193.0, 185.0, 174.0]",21.550020217895508,0.0,279.8326416015625,2.0000572204589844,-133.82846069335938
1750930098.5853317,0.0,0.5,"[174.0, 185.0, 189.0, 161.0, 156.0, 170.0, 168.0, 193.0, 185.0, 174.0]",21.776939392089844,0.0,279.74169921875,1.999338150024414,-133.40252685546875
1750930098.6014984,0.0,0.5,"[174.0, 185.0, 189.0, 161.0, 155.0, 170.0, 168.0, 193.0, 185.0, 174.0]",21.726404190063477,0.0,279.6510314941406,1.9987812042236328,-132.97756958007812
1750930098.6174176,0.0,0.5,"[174.0, 185.0, 189.0, 161.0, 155.0, 170.0, 168.0, 194.0, 185.0, 174.0]",21.81913185119629,0.0,279.55975341796875,1.9984683990478516,-132.55084228515625
1750930098.6461134,0.0,0.5,"[174.0, 185.0, 189.0, 161.0, 155.0, 170.0, 168.0, 194.0, 185.0, 174.0]",21.6761474609375,0.0,279.4691467285156,1.9987754821777344,-132.12689208984375
1750930098.6619961,0.0,0.5,"[174.0, 185.0, 189.0, 160.0, 155.0, 169.0, 169.0, 194.0, 185.0, 174.0]",21.942157745361328,0.0,279.377197265625,1.9995746612548828,-131.69778442382812
1750930098.6782718,0.0,0.5,"[174.0, 185.0, 189.0, 160.0, 155.0, 169.0, 169.0, 194.0, 185.0, 174.0]",21.74127197265625,0.0,279.2861633300781,2.0008087158203125,-131.27259826660156
1750930098.6945765,0.0,0.5,"[174.0, 185.0, 189.0, 160.0, 155.0, 169.0, 169.0, 194.0, 185.0, 174.0]",21.919313430786133,0.0,279.1939697265625,2.0023117065429688,-130.84402465820312
1750930098.735957,0.0,0.5,"[174.0, 185.0, 188.0, 160.0, 154.0, 169.0, 169.0, 194.0, 185.0, 174.0]",21.868534088134766,0.0,279.10198974609375,2.0040740966796875,-130.41644287109375
1750930098.7521112,0.0,0.5,"[174.0, 185.0, 187.0, 160.0, 154.0, 169.0, 170.0, 194.0, 185.0, 174.0]",22.046838760375977,0.0,279.00927734375,2.006061553955078,-129.98536682128906
1750930098.7674205,0.0,0.5,"[174.0, 185.0, 187.0, 160.0, 154.0, 169.0, 171.0, 194.0, 185.0, 174.0]",21.911880493164062,0.0,278.91717529296875,2.0082054138183594,-129.55691528320312
1750930098.7835016,0.0,0.5,"[174.0, 185.0, 187.0, 159.0, 154.0, 168.0, 173.0, 194.0, 185.0, 174.0]",22.0792179107666,0.0,278.8240661621094,2.0108680725097656,-129.12527465820312
1750930098.799249,0.0,0.5,"[174.0, 185.0, 187.0, 159.0, 154.0, 168.0, 174.0, 193.0, 185.0, 174.0]",21.848005294799805,0.0,278.7320556640625,2.014087677001953,-128.6981201171875
1750930098.8155093,0.0,0.5,"[174.0, 185.0, 187.0, 159.0, 153.0, 168.0, 174.0, 193.0, 185.0, 174.0]",22.140939712524414,0.0,278.6385192871094,2.017780303955078,-128.2653045654297
1750930098.8574932,0.0,0.5,"[174.0, 185.0, 187.0, 159.0, 153.0, 168.0, 175.0, 194.0, 185.0, 174.0]",22.08208656311035,0.0,278.545166015625,2.021841049194336,-127.83366394042969
1750930098.8738997,0.0,0.5,"[174.0, 185.0, 187.0, 159.0, 153.0, 168.0, 176.0, 195.0, 185.0, 174.0]",22.210988998413086,0.0,278.4510498046875,2.0261898040771484,-127.39955139160156
1750930098.8905666,0.0,0.5,"[174.0, 185.0, 186.0, 159.0, 153.0, 168.0, 176.0, 195.0, 185.0, 174.0]",21.973669052124023,0.0,278.35809326171875,2.0307693481445312,-126.97004699707031
1750930098.9065993,0.0,0.5,"[174.0, 185.0, 186.0, 158.0, 153.0, 168.0, 177.0, 196.0, 185.0, 174.0]",22.26034927368164,0.0,278.2637634277344,2.0355281829833984,-126.53497314453125
1750930098.9225984,0.0,0.5,"[174.0, 185.0, 186.0, 158.0, 153.0, 167.0, 178.0, 197.0, 185.0, 174.0]",22.18745994567871,0.0,278.169677734375,2.0406360626220703,-126.10134887695312
1750930098.938577,0.0,0.5,"[174.0, 185.0, 186.0, 158.0, 152.0, 167.0, 178.0, 197.0, 185.0, 174.0]",22.352859497070312,0.0,278.0746765136719,2.0463714599609375,-125.66453552246094
1750930098.9548423,-1.0,0.5,"[174.0, 185.0, 186.0, 158.0, 152.0, 167.0, 179.0, 197.0, 185.0, 174.0]",22.082542419433594,0.0,277.98095703125,2.0525741577148438,-125.23298645019531
1750930098.996359,-1.0,0.5,"[174.0, 185.0, 186.0, 158.0, 152.0, 167.0, 178.0, 197.0, 185.0, 174.0]",21.962814331054688,-0.5,277.8710632324219,2.0547351837158203,-124.80770874023438
1750930099.012375,-1.0,0.5,"[174.0, 185.0, 187.0, 159.0, 153.0, 168.0, 175.0, 194.0, 185.0, 174.0]",21.907817840576172,-0.5,277.7423400878906,2.0520782470703125,-124.38888549804688
1750930099.028769,0.0,0.5,"[174.0, 185.0, 189.0, 160.0, 155.0, 169.0, 171.0, 192.0, 185.0, 174.0]",21.514429092407227,-0.5,277.59503173828125,2.0440101623535156,-123.98468017578125
1750930099.0454266,0.0,0.5,"[174.0, 185.0, 190.0, 161.0, 156.0, 169.0, 169.0, 190.0, 185.0, 174.0]",21.653467178344727,0.0,277.4556579589844,2.038543701171875,-123.57467651367188
1750930099.0622036,0.0,0.5,"[174.0, 185.0, 190.0, 161.0, 157.0, 169.0, 169.0, 190.0, 185.0, 174.0]",21.58283042907715,0.0,277.3258056640625,2.0357742309570312,-123.16302490234375
1750930099.0783904,0.0,0.5,"[174.0, 185.0, 190.0, 161.0, 157.0, 169.0, 170.0, 190.0, 185.0, 174.0]",21.70146942138672,0.0,277.1968078613281,2.034046173095703,-122.74862670898438
1750930099.0943573,0.0,0.5,"[174.0, 185.0, 190.0, 161.0, 157.0, 169.0, 170.0, 190.0, 185.0, 174.0]",21.511478424072266,0.0,277.0685729980469,2.0327682495117188,-122.33795166015625
1750930099.1364532,0.0,0.5,"[174.0, 185.0, 190.0, 161.0, 156.0, 169.0, 170.0, 190.0, 185.0, 174.0]",21.813081741333008,0.0,276.9383239746094,2.0318965911865234,-121.92156982421875
1750930099.1525276,0.0,0.5,"[174.0, 185.0, 190.0, 160.0, 156.0, 169.0, 171.0, 190.0, 185.0, 174.0]",21.690452575683594,0.0,276.8084411621094,2.0313034057617188,-121.50767517089844
1750930099.1689537,0.0,0.5,"[174.0, 185.0, 190.0, 160.0, 156.0, 169.0, 171.0, 190.0, 185.0, 174.0]",21.821237564086914,0.0,276.6778259277344,2.031024932861328,-121.09124755859375
1750930099.1855385,0.0,0.5,"[174.0, 185.0, 190.0, 160.0, 156.0, 168.0, 172.0, 190.0, 185.0, 174.0]",21.685863494873047,0.0,276.5476989746094,2.0308685302734375,-120.67752075195312
1750930099.2022865,0.0,0.5,"[174.0, 185.0, 189.0, 160.0, 156.0, 168.0, 173.0, 190.0, 185.0, 174.0]",21.93819236755371,0.0,276.41607666015625,2.0308589935302734,-120.25895690917969
1750930099.21852,0.0,0.5,"[174.0, 185.0, 189.0, 160.0, 156.0, 168.0, 173.0, 190.0, 185.0, 174.0]",21.777530670166016,0.0,276.28521728515625,2.0311927795410156,-119.84353637695312
1750930099.2346008,0.0,0.5,"[174.0, 185.0, 189.0, 159.0, 156.0, 168.0, 173.0, 190.0, 185.0, 174.0]",21.947757720947266,0.0,276.1534423828125,2.032175064086914,-119.42483520507812
1750930099.2772455,0.0,0.5,"[174.0, 185.0, 189.0, 159.0, 156.0, 168.0, 174.0, 192.0, 185.0, 174.0]",21.764440536499023,0.0,276.0224304199219,2.033538818359375,-119.00973510742188
1750930099.29452,0.0,0.5,"[174.0, 185.0, 189.0, 159.0, 155.0, 168.0, 174.0, 192.0, 185.0, 174.0]",22.065263748168945,0.0,275.88958740234375,2.035341262817383,-118.58889770507812
1750930099.3108828,0.0,0.5,"[174.0, 185.0, 188.0, 159.0, 155.0, 167.0, 174.0, 192.0, 185.0, 174.0]",21.925554275512695,0.0,275.7573547363281,2.0374107360839844,-118.17080688476562
1750930099.3279586,0.0,0.5,"[174.0, 185.0, 187.0, 159.0, 155.0, 167.0, 175.0, 192.0, 185.0, 174.0]",22.10198402404785,0.0,275.6241760253906,2.0397777557373047,-117.74929809570312
1750930099.3450606,0.0,0.5,"[174.0, 185.0, 187.0, 158.0, 155.0, 167.0, 175.0, 192.0, 185.0, 174.0]",21.96124839782715,0.0,275.4916687011719,2.042257308959961,-117.33055114746094
1750930099.3619106,0.0,0.5,"[174.0, 185.0, 187.0, 158.0, 155.0, 167.0, 175.0, 193.0, 185.0, 174.0]",22.144933700561523,0.0,275.3581237792969,2.045024871826172,-116.90826416015625
1750930099.3784816,0.0,0.5,"[174.0, 185.0, 187.0, 158.0, 155.0, 167.0, 176.0, 193.0, 185.0, 174.0]",21.92167854309082,0.0,275.2256164550781,2.048269271850586,-116.4903564453125
1750930099.3959508,0.0,0.5,"[174.0, 185.0, 186.0, 158.0, 155.0, 167.0, 176.0, 195.0, 185.0, 174.0]",22.178466796875,0.0,275.0917053222656,2.052164077758789,-116.06748962402344
1750930099.4391267,0.0,0.5,"[174.0, 185.0, 186.0, 157.0, 154.0, 166.0, 176.0, 196.0, 185.0, 174.0]",22.12298011779785,0.0,274.9579162597656,2.056425094604492,-115.64576721191406
1750930099.4565465,0.0,0.5,"[174.0, 185.0, 186.0, 156.0, 154.0, 166.0, 176.0, 197.0, 185.0, 174.0]",22.24877166748047,0.0,274.8233337402344,2.0610904693603516,-115.22166442871094
1750930099.4581492,0.0,0.5,"[174.0, 185.0, 186.0, 156.0, 154.0, 166.0, 176.0, 197.0, 185.0, 174.0]",22.0462646484375,0.0,274.68963623046875,2.0659027099609375,-114.801513671875
1750930099.4741411,0.0,0.5,"[174.0, 185.0, 184.0, 156.0, 154.0, 166.0, 176.0, 198.0, 185.0, 174.0]",22.330270767211914,0.0,274.5543518066406,2.071023941040039,-114.37593078613281
1750930099.5161574,0.0,0.5,"[174.0, 185.0, 184.0, 156.0, 154.0, 166.0, 177.0, 200.0, 185.0, 174.0]",22.20594024658203,0.0,274.419677734375,2.0762367248535156,-113.9527587890625
1750930099.5321703,0.0,0.5,"[174.0, 185.0, 184.0, 155.0, 154.0, 165.0, 177.0, 200.0, 185.0, 174.0]",22.379806518554688,0.0,274.2840270996094,2.0820560455322266,-113.5262451171875
1750930099.548355,-1.0,0.5,"[174.0, 185.0, 183.0, 155.0, 153.0, 165.0, 177.0, 201.0, 185.0, 174.0]",22.136568069458008,0.0,274.1495361328125,2.0882949829101562,-113.1044921875
1750930099.5650752,-1.0,0.5,"[174.0, 185.0, 184.0, 155.0, 154.0, 166.0, 176.0, 201.0, 185.0, 174.0]",22.05305290222168,-0.5,274.0005798339844,2.090902328491211,-112.68936157226562
1750930099.5812306,-1.0,0.5,"[174.0, 185.0, 184.0, 157.0, 155.0, 166.0, 175.0, 198.0, 185.0, 174.0]",21.930288314819336,-0.5,273.8323059082031,2.0882911682128906,-112.28431701660156
1750930099.5977557,-1.0,0.5,"[174.0, 185.0, 187.0, 159.0, 157.0, 168.0, 173.0, 197.0, 185.0, 174.0]",21.53852653503418,-0.5,273.647216796875,2.0804061889648438,-111.89541625976562
1750930099.6153579,-1.0,0.5,"[174.0, 185.0, 189.0, 162.0, 159.0, 169.0, 169.0, 193.0, 185.0, 174.0]",21.529314041137695,-0.5,273.4424133300781,2.0670318603515625,-111.51689147949219
1750930099.6600451,0.0,0.5,"[174.0, 185.0, 192.0, 164.0, 160.0, 171.0, 167.0, 189.0, 185.0, 174.0]",21.427433013916016,-0.5,273.2216491699219,2.0488548278808594,-111.1500244140625
1750930099.677197,0.0,0.5,"[174.0, 185.0, 193.0, 167.0, 161.0, 172.0, 164.0, 187.0, 185.0, 174.0]",21.47677993774414,0.0,273.00640869140625,2.032787322998047,-110.77865600585938
1750930099.6788077,0.0,0.5,"[174.0, 185.0, 193.0, 167.0, 161.0, 172.0, 164.0, 187.0, 185.0, 174.0]",21.525981903076172,0.0,272.8033752441406,2.0210418701171875,-110.39920043945312
1750930099.6960933,0.0,0.5,"[174.0, 185.0, 195.0, 167.0, 161.0, 172.0, 164.0, 187.0, 185.0, 174.0]",21.438030242919922,0.0,272.6037292480469,2.010650634765625,-110.01991271972656
1750930099.7405975,0.0,0.5,"[174.0, 185.0, 195.0, 167.0, 160.0, 172.0, 164.0, 187.0, 185.0, 174.0]",21.416275024414062,0.0,272.4043884277344,2.0007057189941406,-109.64093017578125
1750930099.757589,0.0,0.5,"[174.0, 185.0, 195.0, 167.0, 160.0, 172.0, 164.0, 187.0, 185.0, 174.0]",21.604190826416016,0.0,272.2030944824219,1.9909744262695312,-109.25871276855469
1750930099.7592468,0.0,0.5,"[174.0, 185.0, 195.0, 167.0, 160.0, 172.0, 164.0, 187.0, 185.0, 174.0]",21.651531219482422,0.0,272.00115966796875,1.981414794921875,-108.87576293945312
1750930099.7765095,0.0,0.5,"[174.0, 185.0, 196.0, 167.0, 160.0, 172.0, 164.0, 187.0, 185.0, 174.0]",21.629919052124023,0.0,271.79925537109375,1.9720306396484375,-108.4932861328125
1750930099.8206902,0.0,0.5,"[174.0, 185.0, 197.0, 168.0, 160.0, 171.0, 164.0, 188.0, 185.0, 174.0]",21.69112205505371,0.0,271.5966796875,1.962686538696289,-108.10980224609375
1750930099.8373892,0.0,0.5,"[174.0, 185.0, 197.0, 168.0, 160.0, 171.0, 164.0, 188.0, 185.0, 174.0]",21.652111053466797,0.0,271.3943176269531,1.953826904296875,-107.72705078125
1750930099.839056,0.0,0.5,"[174.0, 185.0, 197.0, 168.0, 160.0, 171.0, 164.0, 188.0, 185.0, 174.0]",21.63722801208496,0.0,271.1920166015625,1.9454803466796875,-107.3446044921875
1750930099.856804,0.0,0.5,"[174.0, 185.0, 197.0, 168.0, 159.0, 171.0, 164.0, 189.0, 185.0, 174.0]",21.782005310058594,0.0,270.98828125,1.9375572204589844,-106.95962524414062
1750930099.8879128,0.0,0.5,"[174.0, 185.0, 197.0, 168.0, 159.0, 171.0, 164.0, 189.0, 185.0, 174.0]",21.896284103393555,0.0,270.7833557128906,1.929941177368164,-106.57269287109375
1750930099.9055097,0.0,0.5,"[174.0, 185.0, 197.0, 168.0, 159.0, 171.0, 164.0, 189.0, 185.0, 174.0]",21.77640724182129,0.0,270.5794372558594,1.9226760864257812,-106.18789672851562
1750930099.922474,0.0,0.5,"[174.0, 185.0, 197.0, 168.0, 159.0, 171.0, 164.0, 189.0, 185.0, 174.0]",21.820924758911133,0.0,270.37506103515625,1.9155902862548828,-105.8023681640625
1750930099.939227,0.0,0.5,"[174.0, 185.0, 197.0, 168.0, 159.0, 170.0, 164.0, 189.0, 185.0, 174.0]",21.943115234375,0.0,270.1694641113281,1.9086246490478516,-105.41470336914062
1750930099.9562488,0.0,0.5,"[174.0, 185.0, 198.0, 168.0, 159.0, 170.0, 164.0, 190.0, 185.0, 174.0]",21.950397491455078,0.0,269.9637451171875,1.9018688201904297,-105.02694702148438
1750930100.0003295,0.0,0.5,"[174.0, 185.0, 198.0, 168.0, 159.0, 170.0, 164.0, 190.0, 185.0, 174.0]",21.903079986572266,0.0,269.7584228515625,1.895751953125,-104.64002990722656
1750930100.0170507,0.0,0.5,"[174.0, 185.0, 198.0, 168.0, 158.0, 170.0, 164.0, 190.0, 185.0, 174.0]",21.90897560119629,0.0,269.552978515625,1.8901195526123047,-104.2530517578125
1750930100.018722,0.0,0.5,"[174.0, 185.0, 198.0, 168.0, 158.0, 170.0, 164.0, 190.0, 185.0, 174.0]",22.099363327026367,0.0,269.3456115722656,1.8848743438720703,-103.86276245117188
1750930100.035852,0.0,0.5,"[174.0, 185.0, 198.0, 168.0, 158.0, 169.0, 164.0, 190.0, 185.0, 174.0]",22.07344627380371,0.0,269.1383361816406,1.8799419403076172,-103.4730224609375
1750930100.0799305,0.0,0.5,"[174.0, 185.0, 198.0, 168.0, 158.0, 169.0, 164.0, 190.0, 185.0, 174.0]",22.099416732788086,0.0,268.9308166503906,1.8753089904785156,-103.08279418945312
1750930100.0970743,0.0,0.5,"[174.0, 185.0, 198.0, 168.0, 158.0, 169.0, 164.0, 190.0, 185.0, 174.0]",22.14255142211914,0.0,268.7228088378906,1.8708209991455078,-102.69186401367188
1750930100.098729,0.0,0.5,"[174.0, 185.0, 198.0, 168.0, 158.0, 169.0, 164.0, 190.0, 185.0, 174.0]",22.106704711914062,0.0,268.5150146484375,1.8665351867675781,-102.3016357421875
1750930100.1160223,0.0,0.5,"[174.0, 185.0, 198.0, 168.0, 157.0, 169.0, 164.0, 192.0, 185.0, 174.0]",22.141714096069336,0.0,268.30682373046875,1.8627567291259766,-101.91079711914062
1750930100.1596234,-1.0,0.5,"[174.0, 185.0, 198.0, 168.0, 157.0, 169.0, 164.0, 192.0, 185.0, 174.0]",22.23090171813965,0.0,268.09771728515625,1.8595523834228516,-101.5184326171875
1750930100.1770914,-1.0,0.5,"[174.0, 185.0, 200.0, 169.0, 157.0, 169.0, 164.0, 190.0, 185.0, 174.0]",22.011014938354492,-0.5,267.87506103515625,1.8521690368652344,-101.13873291015625
1750930100.1787229,-1.0,0.5,"[174.0, 185.0, 200.0, 169.0, 157.0, 169.0, 164.0, 190.0, 185.0, 174.0]",21.647340774536133,-0.5,267.6398620605469,1.8403701782226562,-100.77545166015625
1750930100.1960647,-1.0,0.5,"[174.0, 185.0, 204.0, 170.0, 159.0, 171.0, 160.0, 186.0, 185.0, 174.0]",21.543962478637695,-0.5,267.38616943359375,1.82275390625,-100.4276123046875
1750930100.2437177,0.0,0.5,"[174.0, 185.0, 207.0, 171.0, 160.0, 172.0, 158.0, 183.0, 185.0, 174.0]",21.462778091430664,-0.5,267.11578369140625,1.799734115600586,-100.09500122070312
1750930100.2634473,0.0,0.5,"[174.0, 185.0, 209.0, 173.0, 161.0, 173.0, 156.0, 181.0, 185.0, 174.0]",21.402149200439453,0.0,266.85546875,1.7799930572509766,-99.75579833984375
1750930100.265027,0.0,0.5,"[174.0, 185.0, 209.0, 173.0, 161.0, 173.0, 156.0, 181.0, 185.0, 174.0]",21.492124557495117,0.0,266.602294921875,1.7632160186767578,-99.40884399414062
1750930100.2842495,0.0,0.5,"[174.0, 185.0, 211.0, 173.0, 161.0, 173.0, 155.0, 179.0, 185.0, 174.0]",21.271089553833008,0.0,266.3540344238281,1.7479076385498047,-99.06370544433594
1750930100.303279,0.0,0.5,"[174.0, 185.0, 211.0, 173.0, 161.0, 173.0, 154.0, 179.0, 185.0, 174.0]",21.561338424682617,0.0,266.10223388671875,1.7328872680664062,-98.71394348144531
1750930100.3227782,0.0,0.5,"[174.0, 185.0, 212.0, 171.0, 161.0, 173.0, 154.0, 179.0, 185.0, 174.0]",21.519384384155273,0.0,265.8507080078125,1.7182292938232422,-98.36502075195312
1750930100.3418198,0.0,0.5,"[174.0, 185.0, 212.0, 171.0, 161.0, 173.0, 154.0, 178.0, 185.0, 174.0]",21.628475189208984,0.0,265.59765625,1.7037849426269531,-98.01449584960938
1750930100.3616602,0.0,0.5,"[174.0, 185.0, 212.0, 171.0, 161.0, 173.0, 154.0, 178.0, 185.0, 174.0]",21.456707000732422,0.0,265.3466491699219,1.689718246459961,-97.66668701171875
1750930100.3810706,0.0,0.5,"[174.0, 185.0, 212.0, 171.0, 160.0, 173.0, 154.0, 178.0, 185.0, 174.0]",21.74782371520996,0.0,265.0920104980469,1.6755733489990234,-97.31434631347656
1750930100.4005728,0.0,0.5,"[174.0, 185.0, 212.0, 171.0, 160.0, 173.0, 153.0, 177.0, 185.0, 174.0]",21.596851348876953,0.0,264.8390808105469,1.6616554260253906,-96.96449279785156
1750930100.4201703,0.0,0.5,"[174.0, 185.0, 212.0, 171.0, 160.0, 172.0, 153.0, 176.0, 185.0, 174.0]",21.7733211517334,0.0,264.58392333984375,1.6480827331542969,-96.61187744140625
1750930100.4396598,0.0,0.5,"[174.0, 185.0, 214.0, 171.0, 160.0, 172.0, 153.0, 176.0, 185.0, 174.0]",21.59640884399414,0.0,264.3309326171875,1.6351795196533203,-96.26205444335938
1750930100.459008,0.0,0.5,"[174.0, 185.0, 214.0, 170.0, 160.0, 172.0, 153.0, 176.0, 185.0, 174.0]",21.886890411376953,0.0,264.07427978515625,1.622507095336914,-95.90765380859375
1750930100.4781408,0.0,0.5,"[174.0, 185.0, 213.0, 170.0, 160.0, 172.0, 152.0, 175.0, 185.0, 174.0]",21.73998260498047,0.0,263.8193359375,1.6102771759033203,-95.5556640625
1750930100.4978585,0.0,0.5,"[174.0, 185.0, 212.0, 170.0, 160.0, 172.0, 152.0, 175.0, 185.0, 174.0]",21.90629768371582,0.0,263.56219482421875,1.5981903076171875,-95.20114135742188
1750930100.517298,0.0,0.5,"[174.0, 185.0, 212.0, 170.0, 160.0, 172.0, 152.0, 175.0, 185.0, 174.0]",21.794248580932617,0.0,263.30645751953125,1.5863990783691406,-94.84835815429688
1750930100.5525928,0.0,0.5,"[174.0, 185.0, 212.0, 170.0, 159.0, 172.0, 152.0, 175.0, 185.0, 174.0]",22.033466339111328,0.0,263.0478210449219,1.574615478515625,-94.49176025390625
1750930100.572033,0.0,0.5,"[174.0, 185.0, 212.0, 169.0, 159.0, 171.0, 151.0, 173.0, 185.0, 174.0]",21.892894744873047,0.0,262.7908020019531,1.5632152557373047,-94.137451171875
1750930100.5913556,0.0,0.5,"[174.0, 185.0, 211.0, 169.0, 159.0, 171.0, 152.0, 173.0, 185.0, 174.0]",22.07613182067871,0.0,262.5314636230469,1.5522499084472656,-93.78030395507812
1750930100.6111224,0.0,0.5,"[174.0, 185.0, 211.0, 169.0, 159.0, 171.0, 152.0, 173.0, 185.0, 174.0]",21.850963592529297,0.0,262.27484130859375,1.5418987274169922,-93.42669677734375
1750930100.6317065,0.0,0.5,"[174.0, 185.0, 211.0, 169.0, 159.0, 171.0, 152.0, 172.0, 185.0, 174.0]",22.148157119750977,0.0,262.0145263671875,1.5317573547363281,-93.06845092773438
1750930100.651385,0.0,0.5,"[174.0, 185.0, 211.0, 169.0, 159.0, 171.0, 152.0, 172.0, 185.0, 174.0]",22.085668563842773,0.0,261.7548828125,1.5219593048095703,-92.71122741699219
1750930100.6702266,0.0,0.5,"[174.0, 185.0, 211.0, 169.0, 159.0, 171.0, 153.0, 172.0, 185.0, 174.0]",22.206134796142578,0.0,261.4936218261719,1.512308120727539,-92.35220336914062
1750930100.6893709,0.0,0.5,"[174.0, 185.0, 209.0, 168.0, 159.0, 171.0, 153.0, 171.0, 185.0, 174.0]",22.02385139465332,0.0,261.234619140625,1.502960205078125,-91.99603271484375
1750930100.7100406,0.0,0.5,"[174.0, 185.0, 209.0, 168.0, 159.0, 170.0, 154.0, 170.0, 185.0, 174.0]",22.311355590820312,0.0,260.97210693359375,1.4936809539794922,-91.63531494140625
1750930100.731358,0.0,0.5,"[174.0, 185.0, 209.0, 168.0, 159.0, 170.0, 154.0, 170.0, 185.0, 174.0]",22.158519744873047,0.0,260.7113342285156,1.4849739074707031,-91.277099609375
1750930100.7502444,0.0,0.5,"[174.0, 185.0, 209.0, 168.0, 158.0, 170.0, 154.0, 170.0, 185.0, 174.0]",22.347301483154297,0.0,260.4481506347656,1.4766674041748047,-90.91595458984375
1750930100.7695873,0.0,0.5,"[174.0, 185.0, 209.0, 167.0, 158.0, 170.0, 155.0, 169.0, 185.0, 174.0]",22.14878273010254,0.0,260.18743896484375,1.4688968658447266,-90.55790710449219
1750930100.788433,0.0,0.5,"[174.0, 185.0, 207.0, 167.0, 158.0, 170.0, 155.0, 168.0, 185.0, 174.0]",22.459402084350586,0.0,259.9228820800781,1.4613151550292969,-90.19497680664062
1750930100.807672,0.0,0.5,"[174.0, 185.0, 207.0, 167.0, 158.0, 169.0, 155.0, 167.0, 185.0, 174.0]",22.27159309387207,0.0,259.6604309082031,1.4540519714355469,-89.83514404296875
1750930100.827569,0.0,0.5,"[174.0, 185.0, 207.0, 167.0, 158.0, 169.0, 156.0, 167.0, 185.0, 174.0]",22.509944915771484,0.0,259.3950500488281,1.4468936920166016,-89.4715576171875
1750930100.8468273,0.0,0.5,"[174.0, 185.0, 207.0, 167.0, 158.0, 169.0, 156.0, 167.0, 185.0, 174.0]",22.3289737701416,0.0,259.13189697265625,1.4399986267089844,-89.11080932617188
1750930100.866685,0.0,0.5,"[174.0, 185.0, 206.0, 166.0, 158.0, 169.0, 156.0, 169.0, 185.0, 174.0]",22.528356552124023,0.0,258.86614990234375,1.4334907531738281,-88.74700927734375
1750930100.8862982,0.0,0.5,"[174.0, 185.0, 206.0, 166.0, 157.0, 169.0, 156.0, 169.0, 185.0, 174.0]",22.363967895507812,0.0,258.6024169921875,1.4275398254394531,-88.38583374023438
1750930100.9057238,0.0,0.5,"[174.0, 185.0, 206.0, 166.0, 157.0, 169.0, 158.0, 170.0, 185.0, 174.0]",22.650087356567383,0.0,258.33514404296875,1.421915054321289,-88.02011108398438
1750930100.9244342,0.0,0.5,"[174.0, 185.0, 206.0, 166.0, 157.0, 169.0, 158.0, 170.0, 185.0, 174.0]",22.496095657348633,0.0,258.0697326660156,1.416707992553711,-87.65684509277344
1750930100.9438105,0.0,0.5,"[174.0, 185.0, 204.0, 166.0, 157.0, 168.0, 158.0, 171.0, 185.0, 174.0]",22.654003143310547,0.0,257.80218505859375,1.411703109741211,-87.29122924804688
1750930100.9627466,0.0,0.5,"[174.0, 185.0, 204.0, 164.0, 157.0, 168.0, 158.0, 172.0, 185.0, 174.0]",22.50856590270996,0.0,257.53643798828125,1.4069881439208984,-86.92791748046875
1750930100.982007,0.0,0.5,"[174.0, 185.0, 204.0, 164.0, 157.0, 168.0, 158.0, 172.0, 185.0, 174.0]",22.77634048461914,0.0,257.26739501953125,1.4023685455322266,-86.56036376953125
1750930101.0014606,0.0,0.5,"[174.0, 185.0, 203.0, 164.0, 157.0, 168.0, 159.0, 173.0, 185.0, 174.0]",22.59783172607422,0.0,257.0004577636719,1.3982276916503906,-86.19569396972656
1750930101.0211241,0.0,0.5,"[174.0, 185.0, 203.0, 164.0, 156.0, 168.0, 159.0, 173.0, 185.0, 174.0]",22.776752471923828,0.0,256.731201171875,1.3945140838623047,-85.82827758789062
1750930101.0397997,0.0,0.5,"[174.0, 185.0, 203.0, 163.0, 156.0, 168.0, 159.0, 175.0, 185.0, 174.0]",22.62030029296875,0.0,256.4638671875,1.3912601470947266,-85.46331787109375
1750930101.0588367,0.0,0.5,"[174.0, 185.0, 203.0, 163.0, 156.0, 167.0, 159.0, 175.0, 185.0, 174.0]",22.90201759338379,0.0,256.19305419921875,1.388326644897461,-85.09390258789062
1750930101.0779688,0.0,0.5,"[174.0, 185.0, 201.0, 163.0, 156.0, 167.0, 160.0, 175.0, 185.0, 174.0]",22.729026794433594,0.0,255.9242706298828,1.3857345581054688,-84.727294921875
1750930101.0970068,0.0,0.5,"[174.0, 185.0, 201.0, 163.0, 156.0, 167.0, 160.0, 176.0, 185.0, 174.0]",22.90212059020996,0.0,255.6532440185547,1.3833236694335938,-84.35806274414062
1750930101.1315045,0.0,0.5,"[174.0, 185.0, 201.0, 163.0, 156.0, 167.0, 160.0, 176.0, 185.0, 174.0]",22.773733139038086,0.0,255.38380432128906,1.3811111450195312,-83.99082946777344
1750930101.1510236,0.0,0.5,"[174.0, 185.0, 200.0, 163.0, 155.0, 167.0, 160.0, 177.0, 185.0, 174.0]",23.00960922241211,0.0,255.11146545410156,1.3793087005615234,-83.619873046875
1750930101.1702492,0.0,0.5,"[174.0, 185.0, 200.0, 163.0, 155.0, 167.0, 160.0, 178.0, 185.0, 174.0]",22.80497932434082,0.0,254.84158325195312,1.3780078887939453,-83.252197265625
1750930101.1891868,0.0,0.5,"[174.0, 185.0, 200.0, 162.0, 155.0, 166.0, 160.0, 178.0, 185.0, 174.0]",22.995092391967773,0.0,254.5691680908203,1.377044677734375,-82.88166809082031
1750930101.208243,0.0,0.5,"[174.0, 185.0, 200.0, 162.0, 155.0, 166.0, 160.0, 179.0, 185.0, 174.0]",22.901132583618164,0.0,254.2979278564453,1.376485824584961,-82.51260375976562
1750930101.2270408,0.0,0.5,"[174.0, 185.0, 198.0, 162.0, 155.0, 166.0, 161.0, 179.0, 185.0, 174.0]",23.134061813354492,0.0,254.0238037109375,1.3762321472167969,-82.13986206054688
1750930101.246349,0.0,0.5,"[174.0, 185.0, 198.0, 162.0, 155.0, 166.0, 161.0, 179.0, 185.0, 174.0]",22.938058853149414,0.0,253.7519989013672,1.3762359619140625,-81.77029418945312
1750930101.264829,0.0,0.5,"[174.0, 185.0, 198.0, 162.0, 154.0, 166.0, 161.0, 179.0, 185.0, 174.0]",23.13016700744629,0.0,253.47772216796875,1.3763999938964844,-81.39776611328125
1750930101.2836912,0.0,0.5,"[174.0, 185.0, 197.0, 162.0, 154.0, 166.0, 161.0, 180.0, 185.0, 174.0]",22.98383140563965,0.0,253.2052764892578,1.377004623413086,-81.02752685546875
1750930101.3028939,0.0,0.5,"[174.0, 185.0, 197.0, 161.0, 154.0, 165.0, 161.0, 181.0, 185.0, 174.0]",23.24704360961914,0.0,252.9295196533203,1.3780384063720703,-80.6531982421875
1750930101.3220847,0.0,0.5,"[174.0, 185.0, 197.0, 161.0, 154.0, 165.0, 161.0, 181.0, 185.0, 174.0]",23.04621124267578,0.0,252.65614318847656,1.379446029663086,-80.2821044921875
1750930101.3407094,0.0,0.5,"[174.0, 185.0, 195.0, 161.0, 154.0, 165.0, 162.0, 181.0, 185.0, 174.0]",23.225976943969727,0.0,252.38043212890625,1.3812103271484375,-79.90826416015625
1750930101.3592014,0.0,0.5,"[174.0, 185.0, 195.0, 161.0, 153.0, 165.0, 164.0, 181.0, 185.0, 174.0]",23.12973976135254,0.0,252.10598754882812,1.3833332061767578,-79.535888671875
1750930101.3777528,0.0,0.5,"[174.0, 185.0, 194.0, 161.0, 153.0, 165.0, 164.0, 183.0, 185.0, 174.0]",23.359569549560547,0.0,251.82864379882812,1.3856964111328125,-79.159912109375
1750930101.3966544,0.0,0.5,"[174.0, 185.0, 193.0, 161.0, 153.0, 164.0, 166.0, 183.0, 185.0, 174.0]",23.173566818237305,0.0,251.55348205566406,1.3882484436035156,-78.7869873046875
1750930101.430788,0.0,0.5,"[174.0, 185.0, 193.0, 160.0, 153.0, 164.0, 167.0, 183.0, 185.0, 174.0]",23.352310180664062,0.0,251.2760467529297,1.3912277221679688,-78.41128540039062
1750930101.4497008,0.0,0.5,"[174.0, 185.0, 192.0, 160.0, 153.0, 164.0, 168.0, 183.0, 185.0, 174.0]",23.21255874633789,0.0,251.0003662109375,1.394643783569336,-78.03775024414062
1750930101.4678564,0.0,0.5,"[174.0, 185.0, 192.0, 160.0, 153.0, 164.0, 169.0, 184.0, 185.0, 174.0]",23.448266983032227,0.0,250.72171020507812,1.3984088897705078,-77.66058349609375
1750930101.4859948,0.0,0.5,"[174.0, 185.0, 192.0, 160.0, 153.0, 164.0, 169.0, 184.0, 185.0, 174.0]",23.27743911743164,0.0,250.4451141357422,1.4024848937988281,-77.2861328125
1750930101.5040412,0.0,0.5,"[174.0, 185.0, 192.0, 159.0, 152.0, 163.0, 170.0, 184.0, 185.0, 174.0]",23.444482803344727,0.0,250.1663360595703,1.4068889617919922,-76.90914916992188
1750930101.52202,0.0,0.5,"[174.0, 185.0, 192.0, 159.0, 152.0, 163.0, 171.0, 184.0, 185.0, 174.0]",23.332866668701172,0.0,249.88897705078125,1.4115581512451172,-76.53390502929688
1750930101.5402272,0.0,0.5,"[174.0, 185.0, 190.0, 159.0, 152.0, 163.0, 171.0, 184.0, 185.0, 174.0]",23.57575798034668,0.0,249.6085968017578,1.4165000915527344,-76.15483093261719
1750930101.55816,0.0,0.5,"[174.0, 185.0, 190.0, 159.0, 152.0, 163.0, 172.0, 184.0, 185.0, 174.0]",23.364099502563477,0.0,249.33070373535156,1.4218254089355469,-75.77920532226562
1750930101.5763862,-1.0,0.5,"[174.0, 185.0, 190.0, 159.0, 151.0, 163.0, 173.0, 185.0, 185.0, 174.0]",23.561147689819336,0.0,249.05027770996094,1.4275703430175781,-75.40054321289062
1750930101.6260717,-1.0,0.5,"[174.0, 185.0, 190.0, 159.0, 152.0, 163.0, 172.0, 184.0, 185.0, 174.0]",23.19314956665039,-0.5,248.7615966796875,1.4295940399169922,-75.0374755859375
1750930101.6450932,-1.0,0.5,"[174.0, 185.0, 192.0, 159.0, 152.0, 164.0, 170.0, 183.0, 185.0, 174.0]",23.103864669799805,-0.5,248.45938110351562,1.4271621704101562,-74.68792724609375
1750930101.6467113,-1.0,0.5,"[174.0, 185.0, 192.0, 159.0, 152.0, 164.0, 170.0, 183.0, 185.0, 174.0]",22.74245262145996,-0.5,248.14439392089844,1.4192466735839844,-74.35990905761719
1750930101.6668231,0.0,0.5,"[174.0, 185.0, 195.0, 162.0, 155.0, 166.0, 162.0, 175.0, 185.0, 174.0]",22.63532829284668,-0.5,247.8133544921875,1.405517578125,-74.05142211914062
1750930101.687548,0.0,0.5,"[174.0, 185.0, 197.0, 163.0, 156.0, 167.0, 160.0, 173.0, 185.0, 174.0]",22.62779426574707,0.0,247.49151611328125,1.395263671875,-73.73342895507812
1750930101.7082953,0.0,0.5,"[174.0, 185.0, 197.0, 163.0, 156.0, 167.0, 160.0, 172.0, 185.0, 174.0]",22.724056243896484,0.0,247.17518615722656,1.3878231048583984,-73.40716552734375
1750930101.728588,0.0,0.5,"[174.0, 185.0, 197.0, 163.0, 156.0, 167.0, 160.0, 172.0, 185.0, 174.0]",22.63372039794922,0.0,246.861083984375,1.3811454772949219,-73.08126831054688
1750930101.7492244,0.0,0.5,"[174.0, 185.0, 197.0, 163.0, 156.0, 167.0, 160.0, 172.0, 185.0, 174.0]",22.64637565612793,0.0,246.54656982421875,1.3747577667236328,-72.75540161132812
1750930101.7697284,0.0,0.5,"[174.0, 185.0, 197.0, 163.0, 156.0, 167.0, 160.0, 172.0, 185.0, 174.0]",22.758319854736328,0.0,246.23019409179688,1.368551254272461,-72.42822265625
1750930101.7903254,0.0,0.5,"[174.0, 185.0, 197.0, 163.0, 155.0, 167.0, 161.0, 172.0, 185.0, 174.0]",22.752323150634766,0.0,245.91366577148438,1.362680435180664,-72.10137939453125
1750930101.8105354,0.0,0.5,"[174.0, 185.0, 196.0, 163.0, 155.0, 167.0, 161.0, 173.0, 185.0, 174.0]",22.764068603515625,0.0,245.59677124023438,1.3570327758789062,-71.7745361328125
1750930101.830782,0.0,0.5,"[174.0, 185.0, 196.0, 162.0, 155.0, 166.0, 162.0, 175.0, 185.0, 174.0]",22.768905639648438,0.0,245.27963256835938,1.3516654968261719,-71.44778442382812
1750930101.8516793,0.0,0.5,"[174.0, 185.0, 195.0, 162.0, 155.0, 166.0, 162.0, 175.0, 185.0, 174.0]",22.88768196105957,0.0,244.9607696533203,1.3466930389404297,-71.119384765625
1750930101.8727016,0.0,0.5,"[174.0, 185.0, 195.0, 162.0, 155.0, 166.0, 162.0, 176.0, 185.0, 174.0]",22.891542434692383,0.0,244.64178466796875,1.3421440124511719,-70.79098510742188
1750930101.8942454,0.0,0.5,"[174.0, 185.0, 195.0, 162.0, 155.0, 166.0, 162.0, 176.0, 185.0, 174.0]",22.872785568237305,0.0,244.32293701171875,1.3378658294677734,-70.46299743652344
1750930101.9160628,0.0,0.5,"[174.0, 185.0, 195.0, 162.0, 154.0, 166.0, 163.0, 178.0, 185.0, 174.0]",22.923900604248047,0.0,244.0032501220703,1.333944320678711,-70.13438415527344
1750930101.9366972,0.0,0.5,"[174.0, 185.0, 195.0, 162.0, 154.0, 165.0, 163.0, 179.0, 185.0, 174.0]",23.0152587890625,0.0,243.6823272705078,1.3304004669189453,-69.80441284179688
1750930101.9566004,0.0,0.5,"[174.0, 185.0, 195.0, 161.0, 154.0, 165.0, 163.0, 179.0, 185.0, 174.0]",23.018970489501953,0.0,243.36131286621094,1.3271808624267578,-69.47442626953125
1750930101.9767356,0.0,0.5,"[174.0, 185.0, 194.0, 161.0, 154.0, 165.0, 164.0, 180.0, 185.0, 174.0]",23.002098083496094,0.0,243.04043579101562,1.3241767883300781,-69.14479064941406
1750930101.9968643,0.0,0.5,"[174.0, 185.0, 193.0, 161.0, 154.0, 165.0, 164.0, 181.0, 185.0, 174.0]",23.03622055053711,0.0,242.71896362304688,1.3216190338134766,-68.81477355957031
1750930102.0173755,0.0,0.5,"[174.0, 185.0, 193.0, 161.0, 153.0, 164.0, 164.0, 181.0, 185.0, 174.0]",23.11392593383789,0.0,242.39642333984375,1.3194618225097656,-68.48361206054688
1750930102.037986,0.0,0.5,"[174.0, 185.0, 193.0, 161.0, 153.0, 164.0, 164.0, 183.0, 185.0, 174.0]",23.146408081054688,0.0,242.07342529296875,1.317657470703125,-68.15200805664062
1750930102.0578883,0.0,0.5,"[174.0, 185.0, 193.0, 161.0, 153.0, 164.0, 164.0, 183.0, 185.0, 174.0]",23.104206085205078,0.0,241.75088500976562,1.3161697387695312,-67.82112121582031
1750930102.0595012,0.0,0.5,"[174.0, 185.0, 193.0, 161.0, 153.0, 164.0, 164.0, 183.0, 185.0, 174.0]",23.15784454345703,0.0,241.42747497558594,1.3150615692138672,-67.48957824707031
1750930102.07987,0.0,0.5,"[174.0, 185.0, 192.0, 160.0, 153.0, 164.0, 166.0, 184.0, 185.0, 174.0]",23.254919052124023,0.0,241.1027374267578,1.3142509460449219,-67.1566162109375
1750930102.0997787,0.0,0.5,"[174.0, 185.0, 192.0, 160.0, 153.0, 163.0, 166.0, 185.0, 185.0, 174.0]",23.244430541992188,0.0,240.77813720703125,1.3137683868408203,-66.82382202148438
1750930102.1198719,0.0,0.5,"[174.0, 185.0, 192.0, 160.0, 152.0, 163.0, 166.0, 186.0, 185.0, 174.0]",23.237051010131836,0.0,240.45352172851562,1.313690185546875,-66.49124145507812
1750930102.139771,0.0,0.5,"[174.0, 185.0, 192.0, 160.0, 152.0, 163.0, 166.0, 186.0, 185.0, 174.0]",23.25491714477539,0.0,240.1285400390625,1.3140087127685547,-66.15853881835938
1750930102.159882,0.0,0.5,"[174.0, 185.0, 192.0, 159.0, 152.0, 163.0, 166.0, 187.0, 185.0, 174.0]",23.362796783447266,0.0,239.80206298828125,1.314645767211914,-65.82424926757812
1750930102.1798735,0.0,0.5,"[174.0, 185.0, 190.0, 159.0, 152.0, 163.0, 166.0, 187.0, 185.0, 174.0]",23.367713928222656,0.0,239.4755096435547,1.315622329711914,-65.48989868164062
1750930102.1994004,0.0,0.5,"[174.0, 185.0, 190.0, 159.0, 151.0, 162.0, 166.0, 187.0, 185.0, 174.0]",23.336977005004883,0.0,239.14926147460938,1.3169212341308594,-65.1561279296875
1750930102.2190466,0.0,0.5,"[174.0, 185.0, 190.0, 159.0, 151.0, 162.0, 167.0, 189.0, 185.0, 174.0]",23.38422966003418,0.0,238.82225036621094,1.3185234069824219,-64.82177734375
1750930102.239012,0.0,0.5,"[174.0, 185.0, 190.0, 159.0, 151.0, 162.0, 167.0, 189.0, 185.0, 174.0]",23.465789794921875,0.0,238.49412536621094,1.3204383850097656,-64.48623657226562
1750930102.2590044,0.0,0.5,"[174.0, 185.0, 189.0, 159.0, 151.0, 162.0, 167.0, 189.0, 185.0, 174.0]",23.480833053588867,0.0,238.16580200195312,1.3228588104248047,-64.15048217773438
1750930102.2790525,0.0,0.5,"[174.0, 185.0, 189.0, 158.0, 150.0, 161.0, 167.0, 190.0, 185.0, 174.0]",23.44866943359375,0.0,237.83779907226562,1.3256149291992188,-63.8153076171875
1750930102.298754,0.0,0.5,"[174.0, 185.0, 189.0, 158.0, 150.0, 161.0, 168.0, 190.0, 185.0, 174.0]",23.4718074798584,0.0,237.5093536376953,1.328695297241211,-63.47991943359375
1750930102.318596,0.0,0.5,"[174.0, 185.0, 189.0, 158.0, 150.0, 161.0, 168.0, 190.0, 185.0, 174.0]",23.590234756469727,0.0,237.17929077148438,1.3320598602294922,-63.14280700683594
1750930102.3392978,0.0,0.5,"[174.0, 185.0, 188.0, 157.0, 150.0, 161.0, 170.0, 190.0, 185.0, 174.0]",23.57839012145996,0.0,236.84939575195312,1.3357715606689453,-62.80586242675781
1750930102.359099,0.0,0.5,"[174.0, 185.0, 187.0, 156.0, 149.0, 161.0, 171.0, 192.0, 185.0, 174.0]",23.558753967285156,0.0,236.5196533203125,1.3397331237792969,-62.46931457519531
1750930102.379359,0.0,0.5,"[174.0, 185.0, 187.0, 156.0, 149.0, 160.0, 172.0, 192.0, 185.0, 174.0]",23.621660232543945,0.0,236.1889190673828,1.3440666198730469,-62.131988525390625
1750930102.3985796,0.0,0.5,"[174.0, 185.0, 187.0, 156.0, 149.0, 160.0, 174.0, 192.0, 185.0, 174.0]",23.644990921020508,0.0,235.85789489746094,1.3488883972167969,-61.7943115234375
1750930102.4183521,0.0,0.5,"[174.0, 185.0, 186.0, 156.0, 149.0, 160.0, 174.0, 192.0, 185.0, 174.0]",23.65351104736328,0.0,235.52671813964844,1.3541374206542969,-61.45652770996094
1750930102.4377053,0.0,0.5,"[174.0, 185.0, 186.0, 155.0, 148.0, 160.0, 175.0, 193.0, 185.0, 174.0]",23.673654556274414,0.0,235.1951904296875,1.359670639038086,-61.1185302734375
1750930102.4725032,0.0,0.5,"[174.0, 185.0, 186.0, 155.0, 148.0, 159.0, 176.0, 193.0, 185.0, 174.0]",23.692901611328125,0.0,234.86328125,1.3654537200927734,-60.78038024902344
1750930102.4916806,0.0,0.5,"[174.0, 185.0, 184.0, 155.0, 148.0, 159.0, 176.0, 193.0, 185.0, 174.0]",23.768800735473633,0.0,234.5303192138672,1.3714790344238281,-60.441131591796875
1750930102.5112484,0.0,0.5,"[174.0, 185.0, 184.0, 155.0, 147.0, 159.0, 177.0, 193.0, 185.0, 174.0]",23.7780818939209,0.0,234.197265625,1.3778114318847656,-60.10173034667969
1750930102.5312333,0.0,0.5,"[174.0, 185.0, 184.0, 154.0, 147.0, 159.0, 178.0, 193.0, 185.0, 174.0]",23.764883041381836,0.0,233.8643035888672,1.3845252990722656,-59.76261901855469
1750930102.5507534,0.0,0.5,"[174.0, 185.0, 184.0, 154.0, 147.0, 158.0, 178.0, 194.0, 185.0, 174.0]",23.80022430419922,0.0,233.5307159423828,1.3917407989501953,-59.42314147949219
1750930102.5703552,0.0,0.5,"[174.0, 185.0, 183.0, 153.0, 147.0, 158.0, 179.0, 195.0, 185.0, 174.0]",23.84605598449707,0.0,233.1964874267578,1.3993701934814453,-59.0830078125
1750930102.5900502,0.0,0.5,"[174.0, 185.0, 183.0, 153.0, 146.0, 158.0, 179.0, 195.0, 185.0, 174.0]",23.8719482421875,0.0,232.86192321777344,1.4073619842529297,-58.74249267578125
1750930102.6091635,0.0,0.5,"[174.0, 185.0, 181.0, 153.0, 146.0, 157.0, 180.0, 195.0, 185.0, 174.0]",23.874813079833984,0.0,232.5272216796875,1.4155559539794922,-58.40203857421875
1750930102.6283374,0.0,0.5,"[174.0, 185.0, 181.0, 152.0, 146.0, 157.0, 180.0, 195.0, 185.0, 174.0]",23.91073989868164,0.0,232.19189453125,1.423919677734375,-58.061187744140625
1750930102.6483364,0.0,0.5,"[174.0, 185.0, 181.0, 152.0, 145.0, 157.0, 197.0, 195.0, 185.0, 174.0]",23.950408935546875,0.0,231.85604858398438,1.4324684143066406,-57.719757080078125
1750930102.668153,-1.0,0.5,"[174.0, 185.0, 179.0, 151.0, 145.0, 157.0, 197.0, 195.0, 185.0, 174.0]",23.970991134643555,0.0,231.51995849609375,1.4414596557617188,-57.37799072265625
1750930102.6873956,-1.0,0.5,"[174.0, 185.0, 180.0, 151.0, 145.0, 157.0, 180.0, 195.0, 185.0, 174.0]",23.726877212524414,-0.5,231.17529296875,1.4471511840820312,-57.05186462402344
1750930102.7072809,-1.0,0.5,"[174.0, 185.0, 181.0, 152.0, 146.0, 158.0, 178.0, 193.0, 185.0, 174.0]",23.41864585876465,-0.5,230.8223114013672,1.449117660522461,-56.7440185546875
1750930102.7273283,-1.0,0.5,"[174.0, 185.0, 183.0, 153.0, 147.0, 159.0, 175.0, 190.0, 185.0, 174.0]",23.300565719604492,-0.5,230.45538330078125,1.446075439453125,-56.45674133300781
1750930102.7485492,0.0,0.5,"[174.0, 185.0, 184.0, 154.0, 148.0, 161.0, 170.0, 187.0, 185.0, 174.0]",23.019794464111328,-0.5,230.0779266357422,1.4379119873046875,-56.19325256347656
1750930102.770703,0.0,0.5,"[174.0, 185.0, 186.0, 155.0, 149.0, 161.0, 169.0, 185.0, 185.0, 174.0]",23.086612701416016,0.0,229.7060089111328,1.4322986602783203,-55.919677734375
1750930102.7933278,0.0,0.5,"[174.0, 185.0, 186.0, 155.0, 149.0, 161.0, 168.0, 184.0, 185.0, 174.0]",23.085243225097656,0.0,229.33963012695312,1.4287948608398438,-55.63873291015625
1750930102.8156214,0.0,0.5,"[174.0, 185.0, 185.0, 155.0, 149.0, 161.0, 168.0, 184.0, 185.0, 174.0]",23.07741355895996,0.0,228.97451782226562,1.4260387420654297,-55.35639953613281
1750930102.837388,0.0,0.5,"[174.0, 185.0, 184.0, 155.0, 149.0, 161.0, 168.0, 184.0, 185.0, 174.0]",23.151222229003906,0.0,228.6079864501953,1.4237041473388672,-55.073486328125
1750930102.8590925,0.0,0.5,"[174.0, 185.0, 184.0, 154.0, 149.0, 161.0, 169.0, 186.0, 185.0, 174.0]",23.12919807434082,0.0,228.2415008544922,1.4216575622558594,-54.791229248046875
1750930102.8812337,0.0,0.5,"[174.0, 185.0, 184.0, 154.0, 149.0, 161.0, 169.0, 186.0, 185.0, 174.0]",23.090686798095703,0.0,227.87535095214844,1.4198856353759766,-54.509796142578125
1750930102.8833568,0.0,0.5,"[174.0, 185.0, 184.0, 154.0, 149.0, 161.0, 169.0, 186.0, 185.0, 174.0]",23.230525970458984,0.0,227.50680541992188,1.4182891845703125,-54.226898193359375
1750930102.9050734,0.0,0.5,"[174.0, 185.0, 183.0, 154.0, 148.0, 160.0, 170.0, 188.0, 185.0, 174.0]",23.300138473510742,0.0,227.1370086669922,1.4168548583984375,-53.943328857421875
1750930102.9257529,0.0,0.5,"[174.0, 185.0, 183.0, 153.0, 148.0, 160.0, 170.0, 189.0, 185.0, 174.0]",23.261234283447266,0.0,226.76776123046875,1.4155349731445312,-53.66033935546875
1750930102.9457557,0.0,0.5,"[174.0, 185.0, 181.0, 153.0, 148.0, 160.0, 170.0, 190.0, 185.0, 174.0]",23.242982864379883,0.0,226.3987274169922,1.414541244506836,-53.37767028808594
1750930102.9667542,0.0,0.5,"[174.0, 185.0, 181.0, 153.0, 148.0, 160.0, 170.0, 190.0, 185.0, 174.0]",23.30948829650879,0.0,226.02859497070312,1.4139690399169922,-53.09423828125
1750930102.987967,0.0,0.5,"[174.0, 185.0, 181.0, 153.0, 147.0, 160.0, 170.0, 192.0, 185.0, 174.0]",23.361663818359375,0.0,225.65760803222656,1.4137935638427734,-52.810211181640625
1750930103.0087576,0.0,0.5,"[174.0, 185.0, 179.0, 152.0, 147.0, 159.0, 171.0, 192.0, 185.0, 174.0]",23.3660888671875,0.0,225.2864532470703,1.4138908386230469,-52.52622985839844
1750930103.0298164,0.0,0.5,"[174.0, 185.0, 179.0, 152.0, 147.0, 159.0, 171.0, 193.0, 185.0, 174.0]",23.357088088989258,0.0,224.91537475585938,1.414236068725586,-52.24247741699219
1750930103.0506477,0.0,0.5,"[174.0, 185.0, 179.0, 151.0, 147.0, 159.0, 171.0, 193.0, 185.0, 174.0]",23.452665328979492,0.0,224.54278564453125,1.4147567749023438,-51.957550048828125
1750930103.071466,0.0,0.5,"[174.0, 185.0, 178.0, 151.0, 147.0, 159.0, 171.0, 195.0, 185.0, 174.0]",23.487119674682617,0.0,224.16966247558594,1.4154491424560547,-51.67218017578125
1750930103.0940168,0.0,0.5,"[174.0, 185.0, 178.0, 151.0, 146.0, 159.0, 172.0, 195.0, 185.0, 174.0]",23.466020584106445,0.0,223.7967987060547,1.4163475036621094,-51.38716125488281
1750930103.1160383,0.0,0.5,"[174.0, 185.0, 176.0, 151.0, 146.0, 158.0, 173.0, 197.0, 185.0, 174.0]",23.480106353759766,0.0,223.4236602783203,1.4175739288330078,-51.10205078125
1750930103.1380606,0.0,0.5,"[174.0, 185.0, 176.0, 149.0, 146.0, 158.0, 173.0, 197.0, 185.0, 174.0]",23.568693161010742,0.0,223.04913330078125,1.4191513061523438,-50.815826416015625
1750930103.1596184,0.0,0.5,"[174.0, 185.0, 176.0, 149.0, 145.0, 158.0, 174.0, 197.0, 185.0, 174.0]",23.564464569091797,0.0,222.67466735839844,1.4210281372070312,-50.52967834472656
1750930103.1613784,0.0,0.5,"[174.0, 185.0, 176.0, 149.0, 145.0, 158.0, 174.0, 197.0, 185.0, 174.0]",23.56834602355957,0.0,222.30006408691406,1.423095703125,-50.24357604980469
1750930103.1822972,0.0,0.5,"[174.0, 185.0, 175.0, 148.0, 145.0, 158.0, 178.0, 198.0, 185.0, 174.0]",23.607946395874023,0.0,221.9247589111328,1.4253292083740234,-49.95707702636719
1750930103.2030375,0.0,0.5,"[174.0, 185.0, 173.0, 148.0, 145.0, 157.0, 180.0, 200.0, 185.0, 174.0]",23.677438735961914,0.0,221.54840087890625,1.4277095794677734,-49.669677734375
1750930103.2246704,0.0,0.5,"[174.0, 185.0, 173.0, 147.0, 144.0, 157.0, 181.0, 200.0, 185.0, 174.0]",23.702693939208984,0.0,221.17166137695312,1.430267333984375,-49.38194274902344
1750930103.246238,0.0,0.5,"[174.0, 185.0, 172.0, 147.0, 144.0, 157.0, 182.0, 201.0, 185.0, 174.0]",23.6943416595459,0.0,220.79498291015625,1.4329605102539062,-49.09440612792969
1750930103.2678845,0.0,0.5,"[174.0, 185.0, 172.0, 147.0, 144.0, 157.0, 183.0, 201.0, 185.0, 174.0]",23.690996170043945,0.0,220.41831970214844,1.4358863830566406,-48.806976318359375
1750930103.2906592,0.0,0.5,"[174.0, 185.0, 171.0, 146.0, 144.0, 156.0, 184.0, 201.0, 185.0, 174.0]",23.77128791809082,0.0,220.04039001464844,1.4390792846679688,-48.5185546875
1750930103.3137562,0.0,0.5,"[174.0, 185.0, 170.0, 146.0, 143.0, 156.0, 184.0, 202.0, 185.0, 174.0]",23.784822463989258,0.0,219.6622314453125,1.4425010681152344,-48.22998046875
1750930103.3372502,0.0,0.5,"[174.0, 185.0, 170.0, 146.0, 143.0, 156.0, 185.0, 203.0, 185.0, 174.0]",23.79548454284668,0.0,219.2838592529297,1.446065902709961,-47.94135284423828
1750930103.3603487,0.0,0.5,"[174.0, 185.0, 169.0, 145.0, 143.0, 156.0, 186.0, 203.0, 185.0, 174.0]",23.80661392211914,0.0,218.90525817871094,1.4497566223144531,-47.65265655517578
1750930103.3832872,0.0,0.5,"[174.0, 185.0, 168.0, 145.0, 142.0, 156.0, 186.0, 203.0, 185.0, 174.0]",23.887454986572266,0.0,218.52540588378906,1.4535560607910156,-47.36293029785156
1750930103.3855743,0.0,0.5,"[174.0, 185.0, 168.0, 145.0, 142.0, 156.0, 186.0, 203.0, 185.0, 174.0]",23.89846420288086,0.0,218.14540100097656,1.457427978515625,-47.07304382324219
1750930103.4080608,0.0,0.5,"[174.0, 185.0, 167.0, 144.0, 142.0, 155.0, 199.0, 204.0, 185.0, 174.0]",23.906618118286133,0.0,217.7652130126953,1.4613571166992188,-46.78312683105469
1750930103.431738,-1.0,0.5,"[174.0, 185.0, 165.0, 144.0, 142.0, 155.0, 295.0, 205.0, 185.0, 174.0]",23.920185089111328,0.0,217.384765625,1.4654178619384766,-46.49310302734375
1750930103.4546947,-1.0,0.5,"[174.0, 185.0, 165.0, 144.0, 142.0, 155.0, 199.0, 204.0, 185.0, 174.0]",23.706340789794922,-0.5,216.99710083007812,1.4662189483642578,-46.22013854980469
1750930103.4781775,-1.0,0.5,"[174.0, 185.0, 167.0, 145.0, 143.0, 156.0, 184.0, 203.0, 185.0, 174.0]",23.395645141601562,-0.5,216.603759765625,1.463552474975586,-45.96672058105469
1750930103.5006895,-1.0,0.5,"[174.0, 185.0, 169.0, 147.0, 144.0, 157.0, 180.0, 201.0, 185.0, 174.0]",23.252729415893555,-0.5,216.20050048828125,1.456502914428711,-45.735191345214844
1750930103.5027559,-1.0,0.5,"[174.0, 185.0, 169.0, 147.0, 144.0, 157.0, 180.0, 201.0, 185.0, 174.0]",23.056655883789062,-0.5,215.78944396972656,1.4450550079345703,-45.526519775390625
1750930103.5270882,-1.0,0.5,"[174.0, 185.0, 175.0, 152.0, 148.0, 161.0, 170.0, 193.0, 185.0, 174.0]",22.9752254486084,-0.5,215.37049865722656,1.4295082092285156,-45.33839416503906
1750930103.5521734,0.0,0.5,"[174.0, 185.0, 178.0, 154.0, 150.0, 164.0, 164.0, 190.0, 185.0, 174.0]",22.897422790527344,-0.5,214.94439697265625,1.4097843170166016,-45.1717529296875
1750930103.5769594,0.0,0.5,"[174.0, 185.0, 181.0, 155.0, 151.0, 166.0, 162.0, 189.0, 185.0, 174.0]",22.920188903808594,0.0,214.52197265625,1.3921031951904297,-44.994598388671875
1750930103.6015706,0.0,0.5,"[174.0, 185.0, 181.0, 156.0, 152.0, 166.0, 161.0, 187.0, 185.0, 174.0]",22.93400001525879,0.0,214.1027069091797,1.3763427734375,-44.809234619140625
1750930103.6249928,0.0,0.5,"[174.0, 185.0, 181.0, 156.0, 152.0, 166.0, 161.0, 187.0, 185.0, 174.0]",22.96086311340332,0.0,213.6841583251953,1.3614311218261719,-44.620887756347656
1750930103.6270316,0.0,0.5,"[174.0, 185.0, 181.0, 156.0, 152.0, 166.0, 161.0, 187.0, 185.0, 174.0]",22.9307918548584,0.0,213.26608276367188,1.3467350006103516,-44.432952880859375
1750930103.6519356,0.0,0.5,"[174.0, 185.0, 183.0, 156.0, 152.0, 166.0, 162.0, 187.0, 185.0, 174.0]",22.99049949645996,0.0,212.84671020507812,1.33197021484375,-44.24497985839844
1750930103.6764917,0.0,0.5,"[174.0, 185.0, 183.0, 156.0, 152.0, 166.0, 162.0, 187.0, 185.0, 174.0]",23.118362426757812,0.0,212.42483520507812,1.3171119689941406,-44.05633544921875
1750930103.7009404,0.0,0.5,"[174.0, 185.0, 183.0, 156.0, 152.0, 166.0, 163.0, 187.0, 185.0, 174.0]",23.07977867126465,0.0,212.00357055664062,1.3024559020996094,-43.86822509765625
1750930103.7246978,0.0,0.5,"[174.0, 185.0, 183.0, 156.0, 152.0, 166.0, 164.0, 186.0, 185.0, 174.0]",23.086444854736328,0.0,211.58206176757812,1.2881660461425781,-43.6802978515625
1750930103.7265368,0.0,0.5,"[174.0, 185.0, 183.0, 156.0, 152.0, 166.0, 164.0, 186.0, 185.0, 174.0]",23.152511596679688,0.0,211.15928649902344,1.2742023468017578,-43.491943359375
1750930103.7484365,0.0,0.5,"[174.0, 185.0, 183.0, 155.0, 151.0, 166.0, 164.0, 186.0, 185.0, 174.0]",23.19379234313965,0.0,210.73574829101562,1.2605609893798828,-43.30323791503906
1750930103.7711205,0.0,0.5,"[174.0, 185.0, 183.0, 155.0, 151.0, 165.0, 166.0, 186.0, 185.0, 174.0]",23.224271774291992,0.0,210.3115997314453,1.2470855712890625,-43.11439514160156
1750930103.7937992,0.0,0.5,"[174.0, 185.0, 183.0, 155.0, 151.0, 165.0, 166.0, 186.0, 185.0, 174.0]",23.246837615966797,0.0,209.886962890625,1.233572006225586,-42.92555236816406
1750930103.8165755,0.0,0.5,"[174.0, 185.0, 183.0, 155.0, 151.0, 165.0, 166.0, 186.0, 185.0, 174.0]",23.3153018951416,0.0,209.46107482910156,1.2201213836669922,-42.736114501953125
1750930103.8392994,0.0,0.5,"[174.0, 185.0, 183.0, 155.0, 151.0, 165.0, 167.0, 185.0, 185.0, 174.0]",23.349853515625,0.0,209.03460693359375,1.2070198059082031,-42.546287536621094
1750930103.861478,0.0,0.5,"[174.0, 185.0, 183.0, 155.0, 151.0, 164.0, 167.0, 184.0, 185.0, 174.0]",23.348390579223633,0.0,208.6081085205078,1.19427490234375,-42.356544494628906
1750930103.863177,0.0,0.5,"[174.0, 185.0, 183.0, 155.0, 151.0, 164.0, 167.0, 184.0, 185.0, 174.0]",23.340177536010742,0.0,208.1817169189453,1.1818656921386719,-42.16694641113281
1750930103.885286,0.0,0.5,"[174.0, 185.0, 183.0, 155.0, 150.0, 164.0, 168.0, 184.0, 185.0, 174.0]",23.423748016357422,0.0,207.75379943847656,1.1696739196777344,-41.976654052734375
1750930103.9075446,0.0,0.5,"[174.0, 185.0, 183.0, 155.0, 150.0, 164.0, 168.0, 184.0, 185.0, 174.0]",23.490205764770508,0.0,207.3246612548828,1.1576156616210938,-41.78582763671875
1750930103.9294183,0.0,0.5,"[174.0, 185.0, 183.0, 154.0, 150.0, 164.0, 168.0, 186.0, 185.0, 174.0]",23.475187301635742,0.0,206.89576721191406,1.1455307006835938,-41.595191955566406
1750930103.9511998,0.0,0.5,"[174.0, 185.0, 183.0, 154.0, 150.0, 163.0, 169.0, 187.0, 185.0, 174.0]",23.521242141723633,0.0,206.4660186767578,1.1337089538574219,-41.40422058105469
1750930103.9735389,0.0,0.5,"[174.0, 185.0, 181.0, 154.0, 150.0, 163.0, 169.0, 187.0, 185.0, 174.0]",23.557865142822266,0.0,206.0355987548828,1.122274398803711,-41.212913513183594
1750930103.99567,0.0,0.5,"[174.0, 185.0, 181.0, 154.0, 150.0, 163.0, 169.0, 188.0, 185.0, 174.0]",23.53278160095215,0.0,205.60562133789062,1.1112251281738281,-41.021820068359375
1750930104.017813,0.0,0.5,"[174.0, 185.0, 181.0, 154.0, 149.0, 163.0, 170.0, 189.0, 185.0, 174.0]",23.597841262817383,0.0,205.1744384765625,1.1004199981689453,-40.83021545410156
1750930104.0403793,0.0,0.5,"[174.0, 185.0, 181.0, 153.0, 149.0, 163.0, 170.0, 189.0, 185.0, 174.0]",23.696533203125,0.0,204.74142456054688,1.0898113250732422,-40.63787841796875
1750930104.0420585,0.0,0.5,"[174.0, 185.0, 181.0, 153.0, 149.0, 163.0, 170.0, 189.0, 185.0, 174.0]",23.692522048950195,0.0,204.30848693847656,1.0793285369873047,-40.445556640625
1750930104.0632253,0.0,0.5,"[174.0, 185.0, 180.0, 153.0, 149.0, 162.0, 170.0, 190.0, 185.0, 174.0]",23.679967880249023,0.0,203.87576293945312,1.0689716339111328,-40.25335693359375
1750930104.0855987,0.0,0.5,"[174.0, 185.0, 179.0, 153.0, 149.0, 162.0, 170.0, 192.0, 185.0, 174.0]",23.74258041381836,0.0,203.44190979003906,1.0590038299560547,-40.06060791015625
1750930104.1077657,0.0,0.5,"[174.0, 185.0, 179.0, 153.0, 149.0, 162.0, 170.0, 192.0, 185.0, 174.0]",23.768980026245117,0.0,203.00753784179688,1.0494384765625,-39.86767578125
1750930104.130164,0.0,0.5,"[174.0, 185.0, 179.0, 153.0, 148.0, 161.0, 171.0, 193.0, 185.0, 174.0]",23.80478286743164,0.0,202.5724639892578,1.0401668548583984,-39.674560546875
1750930104.1525662,0.0,0.5,"[174.0, 185.0, 179.0, 152.0, 148.0, 161.0, 171.0, 193.0, 185.0, 174.0]",23.81691551208496,0.0,202.1371307373047,1.0311832427978516,-39.481414794921875
1750930104.174695,0.0,0.5,"[174.0, 185.0, 178.0, 152.0, 148.0, 161.0, 171.0, 194.0, 185.0, 174.0]",23.875450134277344,0.0,201.70077514648438,1.0223922729492188,-39.28770446777344
1750930104.1969442,0.0,0.5,"[174.0, 185.0, 178.0, 152.0, 148.0, 161.0, 171.0, 195.0, 185.0, 174.0]",23.909488677978516,0.0,201.26377868652344,1.0137386322021484,-39.09373474121094
1750930104.2184415,0.0,0.5,"[174.0, 185.0, 178.0, 152.0, 147.0, 161.0, 171.0, 195.0, 185.0, 174.0]",23.935359954833984,0.0,200.82626342773438,1.0052337646484375,-38.89964294433594
1750930104.2406297,0.0,0.5,"[174.0, 185.0, 177.0, 151.0, 147.0, 160.0, 171.0, 197.0, 185.0, 174.0]",23.969791412353516,0.0,200.38809204101562,0.9972133636474609,-38.70531463623047
1750930104.2423577,0.0,0.5,"[174.0, 185.0, 177.0, 151.0, 147.0, 160.0, 171.0, 197.0, 185.0, 174.0]",23.9670467376709,0.0,199.9499969482422,0.9896011352539062,-38.51092529296875
1750930104.2649777,0.0,0.5,"[174.0, 185.0, 176.0, 151.0, 147.0, 160.0, 172.0, 197.0, 185.0, 174.0]",23.98473358154297,0.0,199.51156616210938,0.9823455810546875,-38.31639862060547
1750930104.286795,0.0,0.5,"[174.0, 185.0, 176.0, 151.0, 147.0, 160.0, 172.0, 198.0, 185.0, 174.0]",24.092144012451172,0.0,199.0711212158203,0.9753055572509766,-38.121116638183594
1750930104.3092382,0.0,0.5,"[174.0, 185.0, 175.0, 149.0, 147.0, 159.0, 173.0, 198.0, 185.0, 174.0]",24.088293075561523,0.0,198.63072204589844,0.9684944152832031,-37.925926208496094
1750930104.3310635,0.0,0.5,"[174.0, 185.0, 175.0, 149.0, 146.0, 159.0, 173.0, 198.0, 185.0, 174.0]",24.09221839904785,0.0,198.19027709960938,0.9618129730224609,-37.730621337890625
1750930104.3530426,0.0,0.5,"[174.0, 185.0, 175.0, 149.0, 146.0, 158.0, 173.0, 198.0, 185.0, 174.0]",24.154001235961914,0.0,197.74871826171875,0.9553165435791016,-37.53477478027344
1750930104.3753352,0.0,0.5,"[174.0, 185.0, 173.0, 149.0, 146.0, 158.0, 173.0, 200.0, 185.0, 174.0]",24.188838958740234,0.0,197.30648803710938,0.9492130279541016,-37.33873748779297
1750930104.3977714,0.0,0.5,"[174.0, 185.0, 173.0, 148.0, 146.0, 158.0, 173.0, 200.0, 185.0, 174.0]",24.166446685791016,0.0,196.8646240234375,0.9435214996337891,-37.142974853515625
1750930104.419622,0.0,0.5,"[174.0, 185.0, 173.0, 148.0, 145.0, 158.0, 173.0, 200.0, 185.0, 174.0]",24.194189071655273,0.0,196.4222412109375,0.938140869140625,-36.94697570800781
1750930104.4213045,0.0,0.5,"[174.0, 185.0, 173.0, 148.0, 145.0, 158.0, 173.0, 200.0, 185.0, 174.0]",24.269559860229492,0.0,195.97848510742188,0.9330253601074219,-36.750335693359375
1750930104.4433599,0.0,0.5,"[174.0, 185.0, 172.0, 147.0, 145.0, 157.0, 174.0, 201.0, 185.0, 174.0]",24.316368103027344,0.0,195.53384399414062,0.928070068359375,-36.55340576171875
1750930104.466455,0.0,0.5,"[174.0, 185.0, 172.0, 147.0, 144.0, 157.0, 175.0, 201.0, 185.0, 174.0]",24.292428970336914,0.0,195.08961486816406,0.9232139587402344,-36.35673522949219
1750930104.4885006,-1.0,0.5,"[174.0, 185.0, 170.0, 147.0, 144.0, 157.0, 176.0, 201.0, 185.0, 174.0]",24.339031219482422,0.0,194.64454650878906,0.9184284210205078,-36.159637451171875
1750930104.510481,-1.0,0.5,"[174.0, 185.0, 171.0, 147.0, 144.0, 157.0, 175.0, 201.0, 185.0, 174.0]",24.07063102722168,-0.5,194.1984405517578,0.9120559692382812,-35.97880554199219
1750930104.5327425,-1.0,0.5,"[174.0, 185.0, 172.0, 148.0, 145.0, 158.0, 172.0, 200.0, 185.0, 174.0]",23.965728759765625,-0.5,193.74610900878906,0.90325927734375,-35.82051086425781
1750930104.5547988,-1.0,0.5,"[174.0, 185.0, 175.0, 149.0, 146.0, 161.0, 168.0, 197.0, 185.0, 174.0]",23.498733520507812,-0.5,193.29446411132812,0.8917140960693359,-35.69102478027344
1750930104.5777798,0.0,0.5,"[174.0, 185.0, 177.0, 153.0, 147.0, 163.0, 166.0, 193.0, 185.0, 174.0]",23.5295352935791,-0.5,192.8358917236328,0.8773193359375,-35.586326599121094
1750930104.6015255,0.0,0.5,"[174.0, 185.0, 179.0, 154.0, 148.0, 165.0, 164.0, 192.0, 185.0, 174.0]",23.3430118560791,0.0,192.3837127685547,0.8645114898681641,-35.47087097167969
1750930104.6032488,0.0,0.5,"[174.0, 185.0, 179.0, 154.0, 148.0, 165.0, 164.0, 192.0, 185.0, 174.0]",23.530773162841797,0.0,191.93035888671875,0.8527126312255859,-35.34515380859375
1750930104.6266165,0.0,0.5,"[174.0, 185.0, 179.0, 154.0, 148.0, 259.0, 163.0, 190.0, 185.0, 174.0]",23.386327743530273,0.0,191.48016357421875,0.8412723541259766,-35.21879577636719
1750930104.6497216,0.0,0.5,"[174.0, 185.0, 179.0, 154.0, 148.0, 259.0, 163.0, 190.0, 185.0, 174.0]",23.570085525512695,0.0,191.0263671875,0.8300800323486328,-35.09168243408203
1750930104.672546,0.0,0.5,"[174.0, 185.0, 179.0, 154.0, 148.0, 165.0, 163.0, 190.0, 185.0, 174.0]",23.38344955444336,0.0,190.57594299316406,0.8192844390869141,-34.966331481933594
1750930104.695768,0.0,0.5,"[174.0, 185.0, 179.0, 154.0, 147.0, 165.0, 163.0, 190.0, 185.0, 174.0]",23.654701232910156,0.0,190.1201934814453,0.8086490631103516,-34.839874267578125
1750930104.7185724,0.0,0.5,"[174.0, 185.0, 179.0, 154.0, 147.0, 165.0, 163.0, 190.0, 185.0, 174.0]",23.510114669799805,0.0,189.66708374023438,0.7983169555664062,-34.71467590332031
1750930104.7419202,0.0,0.5,"[174.0, 185.0, 179.0, 154.0, 147.0, 165.0, 163.0, 190.0, 185.0, 174.0]",23.682870864868164,0.0,189.21067810058594,0.788055419921875,-34.58842468261719
1750930104.743555,0.0,0.5,"[174.0, 185.0, 179.0, 154.0, 147.0, 165.0, 163.0, 190.0, 185.0, 174.0]",23.552471160888672,0.0,188.7567138671875,0.7779026031494141,-34.463104248046875
1750930104.7662063,0.0,0.5,"[174.0, 185.0, 179.0, 153.0, 147.0, 164.0, 163.0, 190.0, 185.0, 174.0]",23.803857803344727,0.0,188.2978973388672,0.7679100036621094,-34.336463928222656
1750930104.7893803,0.0,0.5,"[174.0, 185.0, 178.0, 153.0, 147.0, 164.0, 163.0, 190.0, 185.0, 174.0]",23.579877853393555,0.0,187.8433380126953,0.7583904266357422,-34.211219787597656
1750930104.812341,0.0,0.5,"[174.0, 185.0, 178.0, 153.0, 147.0, 164.0, 164.0, 190.0, 185.0, 174.0]",23.79790687561035,0.0,187.38462829589844,0.7491340637207031,-34.08457946777344
1750930104.8352733,0.0,0.5,"[174.0, 185.0, 178.0, 152.0, 146.0, 164.0, 164.0, 190.0, 185.0, 174.0]",23.68144989013672,0.0,186.92811584472656,0.7401866912841797,-33.95873260498047
1750930104.858342,0.0,0.5,"[174.0, 185.0, 178.0, 152.0, 146.0, 164.0, 164.0, 190.0, 185.0, 174.0]",23.921241760253906,0.0,186.4669647216797,0.7313556671142578,-33.831634521484375
1750930104.8814573,0.0,0.5,"[174.0, 185.0, 178.0, 152.0, 146.0, 259.0, 166.0, 190.0, 185.0, 174.0]",23.735107421875,0.0,186.0093536376953,0.7226333618164062,-33.705711364746094
1750930104.883258,0.0,0.5,"[174.0, 185.0, 178.0, 152.0, 146.0, 259.0, 166.0, 190.0, 185.0, 174.0]",23.93956184387207,0.0,185.54786682128906,0.7138309478759766,-33.578453063964844
1750930104.9069154,0.0,0.5,"[174.0, 185.0, 178.0, 151.0, 146.0, 163.0, 166.0, 190.0, 185.0, 174.0]",23.816848754882812,0.0,185.08871459960938,0.7053699493408203,-33.451934814453125
1750930104.930136,0.0,0.5,"[174.0, 185.0, 178.0, 151.0, 146.0, 163.0, 166.0, 189.0, 185.0, 174.0]",24.023244857788086,0.0,184.62559509277344,0.6971321105957031,-33.324256896972656
1750930104.9528735,0.0,0.5,"[174.0, 185.0, 177.0, 151.0, 145.0, 163.0, 167.0, 190.0, 185.0, 174.0]",23.83416748046875,0.0,184.16604614257812,0.6891994476318359,-33.197845458984375
1750930104.9760385,0.0,0.5,"[174.0, 185.0, 177.0, 149.0, 145.0, 163.0, 167.0, 189.0, 185.0, 174.0]",24.068923950195312,0.0,183.70204162597656,0.6814079284667969,-33.06993103027344
1750930104.9994285,0.0,0.5,"[174.0, 185.0, 176.0, 149.0, 145.0, 163.0, 167.0, 189.0, 185.0, 174.0]",23.95317268371582,0.0,183.24024963378906,0.6737918853759766,-32.94270324707031
1750930105.022584,0.0,0.5,"[174.0, 185.0, 176.0, 149.0, 145.0, 163.0, 167.0, 189.0, 185.0, 174.0]",24.12570571899414,0.0,182.77513122558594,0.665985107421875,-32.814537048339844
1750930105.024584,0.0,0.5,"[174.0, 185.0, 176.0, 149.0, 145.0, 163.0, 167.0, 189.0, 185.0, 174.0]",24.014297485351562,0.0,182.31211853027344,0.6581611633300781,-32.687156677246094
1750930105.0476427,0.0,0.5,"[174.0, 185.0, 176.0, 148.0, 145.0, 162.0, 168.0, 189.0, 185.0, 174.0]",24.202882766723633,0.0,181.8455352783203,0.6505126953125,-32.558509826660156
1750930105.0705795,0.0,0.5,"[174.0, 185.0, 176.0, 148.0, 144.0, 162.0, 168.0, 189.0, 185.0, 174.0]",24.020254135131836,0.0,181.38243103027344,0.6431312561035156,-32.43098449707031
1750930105.0937033,0.0,0.5,"[174.0, 185.0, 175.0, 147.0, 144.0, 162.0, 168.0, 189.0, 185.0, 174.0]",24.254560470581055,0.0,180.9148406982422,0.6358642578125,-32.30206298828125
1750930105.1165335,0.0,0.5,"[174.0, 185.0, 175.0, 147.0, 144.0, 162.0, 169.0, 190.0, 185.0, 174.0]",24.093704223632812,0.0,180.45030212402344,0.6287841796875,-32.1741943359375
1750930105.1391454,0.0,0.5,"[174.0, 185.0, 173.0, 147.0, 144.0, 162.0, 169.0, 190.0, 185.0, 174.0]",24.319889068603516,0.0,179.9814453125,0.6216716766357422,-32.04493713378906
1750930105.1620862,0.0,0.5,"[174.0, 185.0, 173.0, 147.0, 144.0, 162.0, 170.0, 192.0, 185.0, 174.0]",24.175350189208984,0.0,179.51535034179688,0.6143455505371094,-31.916580200195312
1750930105.1638324,0.0,0.5,"[174.0, 185.0, 173.0, 147.0, 144.0, 162.0, 170.0, 192.0, 185.0, 174.0]",24.391159057617188,0.0,179.0451202392578,0.6067829132080078,-31.786972045898438
1750930105.186885,0.0,0.5,"[174.0, 185.0, 172.0, 146.0, 143.0, 162.0, 171.0, 193.0, 185.0, 174.0]",24.227088928222656,0.0,178.57801818847656,0.5993785858154297,-31.658370971679688
1750930105.20927,0.0,0.5,"[174.0, 185.0, 172.0, 146.0, 143.0, 162.0, 171.0, 193.0, 185.0, 174.0]",24.42782211303711,0.0,178.1071014404297,0.5920944213867188,-31.52849578857422
1750930105.2326365,0.0,0.5,"[174.0, 185.0, 170.0, 145.0, 143.0, 161.0, 172.0, 194.0, 185.0, 174.0]",24.263025283813477,0.0,177.63931274414062,0.5850009918212891,-31.39965057373047
1750930105.255818,0.0,0.5,"[174.0, 185.0, 170.0, 145.0, 143.0, 161.0, 173.0, 195.0, 185.0, 174.0]",24.514890670776367,0.0,177.16668701171875,0.5779628753662109,-31.269371032714844
1750930105.27892,-1.0,0.5,"[174.0, 185.0, 170.0, 145.0, 143.0, 161.0, 173.0, 195.0, 185.0, 174.0]",24.342857360839844,0.0,176.6973419189453,0.5708465576171875,-31.140167236328125
1750930105.3017986,-1.0,0.5,"[174.0, 185.0, 170.0, 145.0, 143.0, 162.0, 173.0, 195.0, 185.0, 174.0]",24.28099250793457,-0.5,176.22555541992188,0.5622653961181641,-31.025421142578125
1750930105.3034153,-1.0,0.5,"[174.0, 185.0, 170.0, 145.0, 143.0, 162.0, 173.0, 195.0, 185.0, 174.0]",23.97465705871582,-0.5,175.7557373046875,0.5520896911621094,-30.93016815185547
1750930105.3255332,-1.0,0.5,"[174.0, 185.0, 172.0, 147.0, 146.0, 259.0, 168.0, 190.0, 185.0, 174.0]",23.84687614440918,-0.5,175.2842254638672,0.5403404235839844,-30.85943603515625
1750930105.349059,-1.0,0.5,"[174.0, 185.0, 173.0, 149.0, 149.0, 167.0, 164.0, 187.0, 185.0, 174.0]",23.46296501159668,-0.5,174.8170623779297,0.5271148681640625,-30.817153930664062
1750930105.3728113,0.0,0.5,"[174.0, 185.0, 176.0, 153.0, 152.0, 166.0, 161.0, 183.0, 185.0, 174.0]",23.479660034179688,-0.5,174.34805297851562,0.5124454498291016,-30.798828125
1750930105.3974922,0.0,0.5,"[174.0, 185.0, 178.0, 154.0, 153.0, 164.0, 159.0, 181.0, 185.0, 174.0]",23.365930557250977,0.0,173.88168334960938,0.4984111785888672,-30.772705078125
1750930105.4218981,0.0,0.5,"[174.0, 185.0, 179.0, 155.0, 154.0, 163.0, 158.0, 180.0, 185.0, 174.0]",23.52320098876953,0.0,173.41290283203125,0.48471832275390625,-30.735443115234375
1750930105.4455922,0.0,0.5,"[174.0, 185.0, 179.0, 155.0, 155.0, 163.0, 158.0, 179.0, 185.0, 174.0]",23.472476959228516,0.0,172.94534301757812,0.47098350524902344,-30.6956787109375
1750930105.447266,0.0,0.5,"[174.0, 185.0, 179.0, 155.0, 155.0, 163.0, 158.0, 179.0, 185.0, 174.0]",23.603181838989258,0.0,172.47515869140625,0.4572277069091797,-30.655868530273438
1750930105.4710267,0.0,0.5,"[174.0, 185.0, 179.0, 155.0, 155.0, 163.0, 158.0, 179.0, 185.0, 174.0]",23.449682235717773,0.0,172.00794982910156,0.44382286071777344,-30.617279052734375
1750930105.494689,0.0,0.5,"[174.0, 185.0, 179.0, 156.0, 155.0, 162.0, 158.0, 179.0, 185.0, 174.0]",23.645036697387695,0.0,171.53680419921875,0.430572509765625,-30.578826904296875
1750930105.517346,0.0,0.5,"[174.0, 185.0, 179.0, 156.0, 155.0, 163.0, 158.0, 179.0, 185.0, 174.0]",23.47955894470215,0.0,171.0688934326172,0.4176597595214844,-30.54126739501953
1750930105.5407639,0.0,0.5,"[174.0, 185.0, 179.0, 156.0, 155.0, 162.0, 158.0, 179.0, 185.0, 174.0]",23.758159637451172,0.0,170.5954132080078,0.40480613708496094,-30.50334930419922
1750930105.564077,0.0,0.5,"[174.0, 185.0, 179.0, 156.0, 155.0, 162.0, 158.0, 179.0, 185.0, 174.0]",23.585206985473633,0.0,170.1253662109375,0.39206504821777344,-30.465866088867188
1750930105.5657616,0.0,0.5,"[174.0, 185.0, 179.0, 156.0, 155.0, 162.0, 158.0, 179.0, 185.0, 174.0]",23.77083969116211,0.0,169.65162658691406,0.3793449401855469,-30.428054809570312
1750930105.5888736,0.0,0.5,"[174.0, 185.0, 180.0, 156.0, 155.0, 162.0, 158.0, 179.0, 185.0, 174.0]",23.627120971679688,0.0,169.18072509765625,0.3670330047607422,-30.390724182128906
1750930105.612125,0.0,0.5,"[174.0, 185.0, 181.0, 156.0, 155.0, 162.0, 159.0, 179.0, 185.0, 174.0]",23.86603355407715,0.0,168.705078125,0.3548870086669922,-30.35277557373047
1750930105.636777,0.0,0.5,"[174.0, 185.0, 181.0, 156.0, 155.0, 162.0, 159.0, 179.0, 185.0, 174.0]",23.70199203491211,0.0,168.23268127441406,0.3430671691894531,-30.315200805664062
1750930105.6601057,0.0,0.5,"[174.0, 185.0, 181.0, 156.0, 155.0, 162.0, 159.0, 178.0, 185.0, 174.0]",23.907800674438477,0.0,167.7561798095703,0.33133697509765625,-30.2772216796875
1750930105.6840196,0.0,0.5,"[174.0, 185.0, 181.0, 156.0, 154.0, 162.0, 159.0, 178.0, 185.0, 174.0]",23.769155502319336,0.0,167.28240966796875,0.3198833465576172,-30.239715576171875
1750930105.6856627,0.0,0.5,"[174.0, 185.0, 181.0, 156.0, 154.0, 162.0, 159.0, 178.0, 185.0, 174.0]",23.980121612548828,0.0,166.80445861816406,0.3084735870361328,-30.20165252685547
1750930105.7090683,0.0,0.5,"[174.0, 185.0, 181.0, 156.0, 154.0, 162.0, 159.0, 178.0, 185.0, 174.0]",23.851078033447266,0.0,166.32907104492188,0.2974109649658203,-30.163864135742188
1750930105.7326267,0.0,0.5,"[174.0, 185.0, 181.0, 156.0, 154.0, 162.0, 159.0, 178.0, 185.0, 174.0]",24.017581939697266,0.0,165.85035705566406,0.2865104675292969,-30.125717163085938
1750930105.7577848,0.0,0.5,"[174.0, 185.0, 181.0, 156.0, 154.0, 162.0, 159.0, 178.0, 185.0, 174.0]",23.900348663330078,0.0,165.37396240234375,0.27585411071777344,-30.087966918945312
1750930105.7834203,0.0,0.5,"[174.0, 185.0, 181.0, 156.0, 154.0, 162.0, 159.0, 178.0, 185.0, 174.0]",24.147768020629883,0.0,164.89263916015625,0.26521873474121094,-30.0496826171875
1750930105.7855034,0.0,0.5,"[174.0, 185.0, 181.0, 156.0, 154.0, 162.0, 159.0, 178.0, 185.0, 174.0]",23.922977447509766,0.0,164.41578674316406,0.2548179626464844,-30.011863708496094
1750930105.8099737,0.0,0.5,"[174.0, 185.0, 181.0, 156.0, 154.0, 162.0, 160.0, 179.0, 185.0, 174.0]",24.140830993652344,0.0,163.93460083007812,0.24457931518554688,-29.97350311279297
1750930105.835286,0.0,0.5,"[174.0, 185.0, 181.0, 156.0, 154.0, 162.0, 160.0, 179.0, 185.0, 174.0]",24.019031524658203,0.0,163.45582580566406,0.23464584350585938,-29.935516357421875
1750930105.860908,0.0,0.5,"[174.0, 185.0, 181.0, 156.0, 154.0, 162.0, 160.0, 179.0, 185.0, 174.0]",24.284332275390625,0.0,162.97177124023438,0.2248096466064453,-29.896942138671875
1750930105.8852916,0.0,0.5,"[174.0, 185.0, 181.0, 156.0, 154.0, 162.0, 160.0, 179.0, 185.0, 174.0]",24.03236198425293,0.0,162.4927215576172,0.21525192260742188,-29.85888671875
1750930105.8870862,0.0,0.5,"[174.0, 185.0, 181.0, 156.0, 154.0, 162.0, 160.0, 179.0, 185.0, 174.0]",24.254243850708008,0.0,162.00926208496094,0.20572471618652344,-29.82030487060547
1750930105.9105422,0.0,0.5,"[174.0, 185.0, 183.0, 156.0, 154.0, 162.0, 160.0, 179.0, 185.0, 174.0]",24.198497772216797,0.0,161.5269012451172,0.1963062286376953,-29.781982421875
1750930105.9344044,0.0,0.5,"[174.0, 185.0, 183.0, 156.0, 154.0, 162.0, 160.0, 180.0, 185.0, 174.0]",24.386831283569336,0.0,161.04080200195312,0.18692970275878906,-29.743263244628906
1750930105.9577124,0.0,0.5,"[174.0, 185.0, 183.0, 156.0, 154.0, 162.0, 160.0, 180.0, 185.0, 174.0]",24.1569881439209,0.0,160.55926513671875,0.1780681610107422,-29.705032348632812
1750930105.9817095,0.0,0.5,"[174.0, 185.0, 183.0, 156.0, 154.0, 161.0, 160.0, 181.0, 185.0, 174.0]",24.37223243713379,0.0,160.07345581054688,0.16943740844726562,-29.666244506835938
1750930106.005809,0.0,0.5,"[174.0, 185.0, 183.0, 156.0, 154.0, 161.0, 160.0, 181.0, 185.0, 174.0]",24.28916358947754,0.0,159.58926391601562,0.16110610961914062,-29.62774658203125
1750930106.0076544,0.0,0.5,"[174.0, 185.0, 183.0, 156.0, 154.0, 161.0, 160.0, 181.0, 185.0, 174.0]",24.529022216796875,0.0,159.10031127929688,0.15290260314941406,-29.58875274658203
1750930106.0303943,0.0,0.5,"[174.0, 185.0, 183.0, 156.0, 154.0, 161.0, 160.0, 181.0, 185.0, 174.0]",24.278305053710938,0.0,158.6163330078125,0.14496994018554688,-29.550270080566406
1750930106.053605,0.0,0.5,"[174.0, 185.0, 183.0, 156.0, 153.0, 161.0, 160.0, 181.0, 185.0, 174.0]",24.500886917114258,0.0,158.1279296875,0.13707542419433594,-29.511253356933594
1750930106.0769966,0.0,0.5,"[174.0, 185.0, 183.0, 156.0, 153.0, 161.0, 160.0, 181.0, 185.0, 174.0]",24.427080154418945,0.0,157.6409912109375,0.12938880920410156,-29.47247314453125
1750930106.10007,0.0,0.5,"[174.0, 185.0, 183.0, 156.0, 153.0, 161.0, 160.0, 181.0, 185.0, 174.0]",24.635181427001953,0.0,157.14990234375,0.12207603454589844,-29.43321990966797
1750930106.1241775,0.0,0.5,"[174.0, 185.0, 183.0, 156.0, 153.0, 161.0, 160.0, 181.0, 185.0, 174.0]",24.37030601501465,0.0,156.66409301757812,0.11529159545898438,-29.394546508789062
1750930106.1257777,0.0,0.5,"[174.0, 185.0, 183.0, 156.0, 153.0, 161.0, 160.0, 181.0, 185.0, 174.0]",24.59751319885254,0.0,156.17373657226562,0.10881996154785156,-29.35528564453125
1750930106.1491337,0.0,0.5,"[174.0, 185.0, 181.0, 156.0, 153.0, 161.0, 160.0, 181.0, 185.0, 174.0]",24.556676864624023,0.0,155.68417358398438,0.10268211364746094,-29.316253662109375
1750930106.1722145,0.0,0.5,"[174.0, 185.0, 181.0, 156.0, 153.0, 160.0, 160.0, 181.0, 185.0, 174.0]",24.74936294555664,0.0,155.19082641601562,0.09674263000488281,-29.276809692382812
1750930106.1962306,0.0,0.5,"[174.0, 185.0, 181.0, 155.0, 153.0, 160.0, 160.0, 183.0, 185.0, 174.0]",24.50706672668457,0.0,154.70223999023438,0.09107780456542969,-29.237899780273438
1750930106.2199998,0.0,0.5,"[174.0, 185.0, 181.0, 155.0, 153.0, 160.0, 160.0, 183.0, 185.0, 174.0]",24.734657287597656,0.0,154.20916748046875,0.08551406860351562,-29.198387145996094
1750930106.2433124,0.0,0.5,"[174.0, 185.0, 181.0, 155.0, 153.0, 160.0, 160.0, 183.0, 185.0, 174.0]",24.63755226135254,0.0,153.71798706054688,0.08022689819335938,-29.159156799316406
1750930106.2449405,0.0,0.5,"[174.0, 185.0, 181.0, 155.0, 153.0, 160.0, 160.0, 183.0, 185.0, 174.0]",24.877971649169922,0.0,153.22207641601562,0.07516670227050781,-29.119430541992188
1750930106.2683961,0.0,0.5,"[174.0, 185.0, 181.0, 155.0, 152.0, 160.0, 160.0, 183.0, 185.0, 174.0]",24.604019165039062,0.0,152.7315673828125,0.07056999206542969,-29.08031463623047
1750930106.292121,0.0,0.5,"[174.0, 185.0, 181.0, 155.0, 152.0, 160.0, 160.0, 183.0, 185.0, 174.0]",24.836894989013672,0.0,152.23641967773438,0.06630516052246094,-29.040603637695312
1750930106.315414,0.0,0.5,"[174.0, 185.0, 181.0, 155.0, 152.0, 160.0, 160.0, 183.0, 185.0, 174.0]",24.756258010864258,0.0,151.74288940429688,0.06237220764160156,-29.001190185546875
1750930106.3395896,0.0,0.5,"[174.0, 185.0, 181.0, 155.0, 152.0, 160.0, 160.0, 183.0, 185.0, 174.0]",24.976146697998047,0.0,151.24496459960938,0.05864906311035156,-28.961288452148438
1750930106.3641162,0.0,0.5,"[174.0, 185.0, 181.0, 155.0, 152.0, 160.0, 160.0, 183.0, 185.0, 174.0]",24.725507736206055,0.0,150.75204467773438,0.055171966552734375,-28.921913146972656
1750930106.3660576,0.0,0.5,"[174.0, 185.0, 181.0, 155.0, 152.0, 160.0, 160.0, 183.0, 185.0, 174.0]",24.957826614379883,0.0,150.25448608398438,0.051776885986328125,-28.881980895996094
1750930106.390415,0.0,0.5,"[174.0, 185.0, 180.0, 155.0, 152.0, 159.0, 160.0, 183.0, 185.0, 174.0]",24.874187469482422,0.0,149.75860595703125,0.04849815368652344,-28.842300415039062
1750930106.4141688,0.0,0.5,"[174.0, 185.0, 180.0, 154.0, 152.0, 159.0, 160.0, 183.0, 185.0, 174.0]",25.084314346313477,0.0,149.258544921875,0.045429229736328125,-28.802162170410156
1750930106.4391098,0.0,0.5,"[174.0, 185.0, 179.0, 154.0, 151.0, 159.0, 160.0, 183.0, 185.0, 174.0]",24.820423126220703,0.0,148.76370239257812,0.042613983154296875,-28.762619018554688
1750930106.463601,0.0,0.5,"[174.0, 185.0, 179.0, 154.0, 151.0, 159.0, 160.0, 183.0, 185.0, 174.0]",25.06756019592285,0.0,148.26397705078125,0.03985786437988281,-28.72247314453125
1750930106.4652982,0.0,0.5,"[174.0, 185.0, 179.0, 154.0, 151.0, 159.0, 160.0, 183.0, 185.0, 174.0]",25.004655838012695,0.0,147.76547241210938,0.03726959228515625,-28.682579040527344
1750930106.4900005,0.0,0.5,"[174.0, 185.0, 179.0, 154.0, 151.0, 159.0, 160.0, 184.0, 185.0, 174.0]",25.173547744750977,0.0,147.26364135742188,0.03483772277832031,-28.642295837402344
1750930106.5143924,0.0,0.5,"[174.0, 185.0, 179.0, 154.0, 151.0, 159.0, 160.0, 184.0, 185.0, 174.0]",24.941389083862305,0.0,146.76638793945312,0.032581329345703125,-28.602569580078125
1750930106.5402458,0.0,0.5,"[174.0, 185.0, 179.0, 154.0, 151.0, 159.0, 160.0, 184.0, 185.0, 174.0]",25.183378219604492,0.0,146.26437377929688,0.030406951904296875,-28.562271118164062
1750930106.5647042,0.0,0.5,"[174.0, 185.0, 179.0, 154.0, 151.0, 159.0, 161.0, 184.0, 185.0, 174.0]",25.08441162109375,0.0,145.76425170898438,0.02834320068359375,-28.522254943847656
1750930106.5664787,0.0,0.5,"[174.0, 185.0, 179.0, 154.0, 151.0, 159.0, 161.0, 184.0, 185.0, 174.0]",25.276691436767578,0.0,145.26034545898438,0.026315689086914062,-28.48181915283203
1750930106.5908682,0.0,0.5,"[174.0, 185.0, 178.0, 153.0, 151.0, 159.0, 161.0, 184.0, 185.0, 174.0]",25.066627502441406,0.0,144.76065063476562,0.024261474609375,-28.44184112548828
1750930106.6145453,0.0,0.5,"[174.0, 185.0, 178.0, 153.0, 151.0, 159.0, 161.0, 185.0, 185.0, 174.0]",25.30950355529785,0.0,144.25607299804688,0.022216796875,-28.401321411132812
1750930106.6383145,0.0,0.5,"[174.0, 185.0, 178.0, 153.0, 151.0, 159.0, 161.0, 185.0, 185.0, 174.0]",25.151348114013672,0.0,143.75466918945312,0.020235061645507812,-28.361175537109375
1750930106.6622677,0.0,0.5,"[174.0, 185.0, 178.0, 153.0, 151.0, 159.0, 161.0, 186.0, 185.0, 174.0]",25.383113861083984,0.0,143.24862670898438,0.018276214599609375,-28.320541381835938
1750930106.6638815,0.0,0.5,"[174.0, 185.0, 178.0, 153.0, 151.0, 159.0, 161.0, 186.0, 185.0, 174.0]",25.17152214050293,0.0,142.74679565429688,0.016546249389648438,-28.280380249023438
1750930106.687243,0.0,0.5,"[174.0, 185.0, 177.0, 153.0, 151.0, 159.0, 161.0, 186.0, 185.0, 174.0]",25.397293090820312,0.0,142.24050903320312,0.015001296997070312,-28.239700317382812
1750930106.7102723,0.0,0.5,"[174.0, 185.0, 176.0, 153.0, 150.0, 159.0, 161.0, 186.0, 185.0, 174.0]",25.247848510742188,0.0,141.73715209960938,0.013641357421875,-28.199386596679688
1750930106.7338684,0.0,0.5,"[174.0, 185.0, 176.0, 153.0, 150.0, 159.0, 161.0, 186.0, 185.0, 174.0]",25.483448028564453,0.0,141.2291259765625,0.012386322021484375,-28.158584594726562
1750930106.7574313,0.0,0.5,"[174.0, 185.0, 176.0, 152.0, 150.0, 159.0, 162.0, 186.0, 185.0, 174.0]",25.281688690185547,0.0,140.72512817382812,0.011220932006835938,-28.11822509765625
1750930106.78118,0.0,0.5,"[174.0, 185.0, 176.0, 152.0, 150.0, 159.0, 162.0, 187.0, 185.0, 174.0]",25.503036499023438,0.0,140.21670532226562,0.010087966918945312,-28.077377319335938
1750930106.805398,-1.0,0.5,"[174.0, 185.0, 175.0, 152.0, 150.0, 159.0, 162.0, 187.0, 185.0, 174.0]",25.362014770507812,0.0,139.71109008789062,0.009050369262695312,-28.036865234375
1750930106.8072836,-1.0,0.5,"[174.0, 185.0, 175.0, 152.0, 150.0, 159.0, 162.0, 187.0, 185.0, 174.0]",25.29909896850586,-0.5,139.20565795898438,0.00818634033203125,-28.012657165527344
1750930106.8317418,-1.0,0.5,"[174.0, 185.0, 178.0, 154.0, 152.0, 157.0, 160.0, 184.0, 185.0, 174.0]",24.836143493652344,-0.5,138.70895385742188,0.0074710845947265625,-28.009689331054688
1750930106.855907,-1.0,0.5,"[174.0, 185.0, 180.0, 155.0, 154.0, 155.0, 158.0, 181.0, 185.0, 174.0]",24.74924659729004,-0.5,138.21444702148438,0.00687408447265625,-28.031524658203125
1750930106.8802302,0.0,0.5,"[174.0, 185.0, 184.0, 159.0, 156.0, 153.0, 154.0, 178.0, 185.0, 174.0]",24.45973014831543,-0.5,137.7276611328125,0.00637054443359375,-28.08002471923828
1750930106.9054914,0.0,0.5,"[174.0, 185.0, 186.0, 160.0, 157.0, 152.0, 153.0, 176.0, 185.0, 174.0]",24.58169174194336,0.0,137.23739624023438,0.0059452056884765625,-28.11687469482422
1750930106.9072096,0.0,0.5,"[174.0, 185.0, 186.0, 160.0, 157.0, 152.0, 153.0, 176.0, 185.0, 174.0]",24.41013526916504,0.0,136.75006103515625,0.0056018829345703125,-28.14581298828125
1750930106.932463,0.0,0.5,"[174.0, 185.0, 187.0, 161.0, 158.0, 151.0, 152.0, 175.0, 185.0, 174.0]",24.57070541381836,0.0,136.25946044921875,0.00531768798828125,-28.174034118652344
1750930106.9582546,0.0,0.5,"[174.0, 185.0, 187.0, 161.0, 158.0, 150.0, 152.0, 175.0, 185.0, 174.0]",24.490018844604492,0.0,135.7705078125,0.005062103271484375,-28.202903747558594
1750930106.9842563,0.0,0.5,"[174.0, 185.0, 187.0, 161.0, 158.0, 150.0, 152.0, 173.0, 185.0, 174.0]",24.66866111755371,0.0,135.27804565429688,0.0048007965087890625,-28.232566833496094
1750930106.985988,0.0,0.5,"[174.0, 185.0, 187.0, 161.0, 158.0, 150.0, 152.0, 173.0, 185.0, 174.0]",24.478647232055664,0.0,134.78939819335938,0.0045623779296875,-28.262664794921875
1750930107.0098867,0.0,0.5,"[174.0, 185.0, 187.0, 161.0, 158.0, 150.0, 152.0, 173.0, 185.0, 174.0]",24.695201873779297,0.0,134.29641723632812,0.004322052001953125,-28.29328155517578
1750930107.0348804,0.0,0.5,"[174.0, 185.0, 187.0, 161.0, 158.0, 150.0, 152.0, 173.0, 185.0, 174.0]",24.573986053466797,0.0,133.80593872070312,0.0040740966796875,-28.324134826660156
1750930107.0595608,0.0,0.5,"[174.0, 185.0, 188.0, 161.0, 158.0, 150.0, 152.0, 173.0, 185.0, 174.0]",24.780500411987305,0.0,133.31130981445312,0.0038299560546875,-28.355255126953125
1750930107.0833595,0.0,0.5,"[174.0, 185.0, 188.0, 161.0, 158.0, 150.0, 151.0, 173.0, 185.0, 174.0]",24.570161819458008,0.0,132.82089233398438,0.00360870361328125,-28.386314392089844
1750930107.0849779,0.0,0.5,"[174.0, 185.0, 188.0, 161.0, 158.0, 150.0, 151.0, 173.0, 185.0, 174.0]",24.797243118286133,0.0,132.32589721679688,0.003383636474609375,-28.41759490966797
1750930107.1095164,0.0,0.5,"[174.0, 185.0, 189.0, 161.0, 158.0, 150.0, 151.0, 173.0, 185.0, 174.0]",24.68465232849121,0.0,131.83322143554688,0.003147125244140625,-28.448883056640625
1750930107.1335816,0.0,0.5,"[174.0, 185.0, 189.0, 162.0, 259.0, 150.0, 151.0, 172.0, 185.0, 174.0]",24.88295555114746,0.0,131.3365478515625,0.0028972625732421875,-28.480323791503906
1750930107.1568396,0.0,0.5,"[174.0, 185.0, 189.0, 162.0, 158.0, 150.0, 151.0, 172.0, 185.0, 174.0]",24.677522659301758,0.0,130.843994140625,0.0026493072509765625,-28.511634826660156
1750930107.180658,0.0,0.5,"[174.0, 185.0, 189.0, 162.0, 259.0, 150.0, 151.0, 172.0, 185.0, 174.0]",24.906049728393555,0.0,130.34686279296875,0.002399444580078125,-28.543121337890625
1750930107.204955,0.0,0.5,"[174.0, 185.0, 189.0, 162.0, 158.0, 150.0, 151.0, 172.0, 185.0, 174.0]",24.7806339263916,0.0,129.85226440429688,0.0021648406982421875,-28.5745849609375
1750930107.2069163,0.0,0.5,"[174.0, 185.0, 189.0, 162.0, 158.0, 150.0, 151.0, 172.0, 185.0, 174.0]",24.988683700561523,0.0,129.35348510742188,0.0019474029541015625,-28.606185913085938
1750930107.230734,0.0,0.5,"[174.0, 185.0, 189.0, 162.0, 259.0, 150.0, 150.0, 172.0, 185.0, 174.0]",24.77695655822754,0.0,128.85891723632812,0.0017452239990234375,-28.63764190673828
1750930107.2548766,0.0,0.5,"[174.0, 185.0, 190.0, 162.0, 259.0, 149.0, 150.0, 171.0, 185.0, 174.0]",25.007766723632812,0.0,128.35977172851562,0.001552581787109375,-28.669265747070312
1750930107.2792914,0.0,0.5,"[174.0, 185.0, 190.0, 162.0, 259.0, 149.0, 149.0, 171.0, 185.0, 174.0]",24.890108108520508,0.0,127.86297607421875,0.0013637542724609375,-28.70087432861328
1750930107.303708,0.0,0.5,"[174.0, 185.0, 190.0, 162.0, 259.0, 149.0, 149.0, 170.0, 185.0, 174.0]",25.091215133666992,0.0,127.36215209960938,0.0011806488037109375,-28.73260498046875
1750930107.3053122,0.0,0.5,"[174.0, 185.0, 190.0, 162.0, 259.0, 149.0, 149.0, 170.0, 185.0, 174.0]",24.881271362304688,0.0,126.86553955078125,0.001003265380859375,-28.764205932617188
1750930107.3291237,0.0,0.5,"[174.0, 185.0, 190.0, 162.0, 259.0, 149.0, 149.0, 170.0, 185.0, 174.0]",25.11219024658203,0.0,126.36428833007812,0.000823974609375,-28.79596710205078
1750930107.3529747,0.0,0.5,"[174.0, 185.0, 190.0, 162.0, 259.0, 149.0, 149.0, 170.0, 185.0, 174.0]",24.99044418334961,0.0,125.86550903320312,0.00066375732421875,-28.82770538330078
1750930107.377106,0.0,0.5,"[174.0, 185.0, 190.0, 163.0, 259.0, 149.0, 149.0, 170.0, 185.0, 174.0]",25.192188262939453,0.0,125.3626708984375,0.0005245208740234375,-28.859573364257812
1750930107.401182,0.0,0.5,"[174.0, 185.0, 190.0, 163.0, 259.0, 149.0, 148.0, 169.0, 185.0, 174.0]",24.983076095581055,0.0,124.864013671875,0.0004062652587890625,-28.89129638671875
1750930107.4256618,1.0,0.5,"[174.0, 185.0, 190.0, 163.0, 259.0, 149.0, 148.0, 169.0, 185.0, 174.0]",25.215328216552734,0.0,124.3607177734375,0.0002994537353515625,-28.923202514648438
1750930107.427301,1.0,0.5,"[174.0, 185.0, 190.0, 163.0, 259.0, 149.0, 148.0, 169.0, 185.0, 174.0]",24.806875228881836,0.5,123.86483764648438,0.00020599365234375,-28.938751220703125
1750930107.4512854,1.0,0.5,"[174.0, 185.0, 189.0, 161.0, 157.0, 151.0, 151.0, 172.0, 185.0, 174.0]",24.773046493530273,0.5,123.369384765625,0.0001201629638671875,-28.934219360351562
1750930107.4752324,0.0,0.5,"[174.0, 185.0, 187.0, 159.0, 155.0, 153.0, 153.0, 175.0, 185.0, 174.0]",24.265336990356445,0.5,122.88494873046875,4.1961669921875e-05,-28.90520477294922
1750930107.4994767,0.0,0.5,"[174.0, 185.0, 186.0, 159.0, 154.0, 154.0, 154.0, 176.0, 185.0, 174.0]",24.474653244018555,0.0,122.39572143554688,-7.62939453125e-06,-28.888748168945312
1750930107.5229485,0.0,0.5,"[174.0, 185.0, 185.0, 158.0, 154.0, 155.0, 155.0, 176.0, 185.0, 174.0]",24.344600677490234,0.0,121.90896606445312,-3.24249267578125e-05,-28.877395629882812
1750930107.5244975,0.0,0.5,"[174.0, 185.0, 185.0, 158.0, 154.0, 155.0, 155.0, 176.0, 185.0, 174.0]",24.567338943481445,0.0,121.41775512695312,-3.814697265625e-05,-28.86602783203125
1750930107.547686,0.0,0.5,"[174.0, 185.0, 184.0, 158.0, 154.0, 155.0, 155.0, 176.0, 185.0, 174.0]",24.309415817260742,0.0,120.93170166015625,-2.47955322265625e-05,-28.854331970214844
1750930107.5723715,0.0,0.5,"[174.0, 185.0, 184.0, 158.0, 154.0, 155.0, 155.0, 176.0, 185.0, 174.0]",24.546533584594727,0.0,120.44094848632812,0.0,-28.841697692871094
1750930107.5969965,0.0,0.5,"[174.0, 185.0, 184.0, 158.0, 154.0, 155.0, 155.0, 176.0, 185.0, 174.0]",24.456335067749023,0.0,119.95199584960938,3.62396240234375e-05,-28.828781127929688
1750930107.6207716,0.0,0.5,"[174.0, 185.0, 184.0, 158.0, 154.0, 155.0, 155.0, 177.0, 185.0, 174.0]",24.64545249938965,0.0,119.45925903320312,8.0108642578125e-05,-28.815322875976562
1750930107.645751,0.0,0.5,"[174.0, 185.0, 184.0, 158.0, 154.0, 155.0, 155.0, 177.0, 185.0, 174.0]",24.419132232666016,0.0,118.9710693359375,0.00012969970703125,-28.80194091796875
1750930107.6474774,0.0,0.5,"[174.0, 185.0, 184.0, 158.0, 154.0, 155.0, 155.0, 177.0, 185.0, 174.0]",24.655742645263672,0.0,118.4781494140625,0.0001811981201171875,-28.788162231445312
1750930107.671726,0.0,0.5,"[174.0, 185.0, 184.0, 158.0, 153.0, 155.0, 155.0, 178.0, 185.0, 174.0]",24.55534553527832,0.0,117.98721313476562,0.000232696533203125,-28.77447509765625
1750930107.6957266,0.0,0.5,"[174.0, 185.0, 184.0, 158.0, 154.0, 155.0, 155.0, 178.0, 185.0, 174.0]",24.74906349182129,0.0,117.49246215820312,0.0002841949462890625,-28.76050567626953
1750930107.7200277,0.0,0.5,"[174.0, 185.0, 184.0, 157.0, 153.0, 155.0, 156.0, 178.0, 185.0, 174.0]",24.52699089050293,0.0,117.00210571289062,0.0003337860107421875,-28.746780395507812
1750930107.7448063,0.0,0.5,"[174.0, 185.0, 184.0, 157.0, 153.0, 155.0, 156.0, 178.0, 185.0, 174.0]",24.76276397705078,0.0,116.50704956054688,0.0003814697265625,-28.732772827148438
1750930107.7464669,0.0,0.5,"[174.0, 185.0, 184.0, 157.0, 153.0, 155.0, 156.0, 178.0, 185.0, 174.0]",24.655977249145508,0.0,116.01412963867188,0.000423431396484375,-28.71893310546875
1750930107.771047,0.0,0.5,"[174.0, 185.0, 184.0, 157.0, 153.0, 155.0, 156.0, 178.0, 185.0, 174.0]",24.85204315185547,0.0,115.51727294921875,0.000461578369140625,-28.704864501953125
1750930107.7950892,0.0,0.5,"[174.0, 185.0, 183.0, 157.0, 153.0, 155.0, 156.0, 178.0, 185.0, 174.0]",24.634033203125,0.0,115.0247802734375,0.00049591064453125,-28.69104766845703
1750930107.8191633,0.0,0.5,"[174.0, 185.0, 183.0, 157.0, 153.0, 155.0, 156.0, 178.0, 185.0, 174.0]",24.868810653686523,0.0,114.52761840820312,0.00052642822265625,-28.676971435546875
1750930107.8438945,0.0,0.5,"[174.0, 185.0, 183.0, 156.0, 153.0, 155.0, 156.0, 178.0, 185.0, 174.0]",24.75571632385254,0.0,114.03268432617188,0.0005512237548828125,-28.663070678710938
1750930107.8456132,0.0,0.5,"[174.0, 185.0, 183.0, 156.0, 153.0, 155.0, 156.0, 178.0, 185.0, 174.0]",24.954740524291992,0.0,113.53378295898438,0.0005702972412109375,-28.648941040039062
1750930107.869349,0.0,0.5,"[174.0, 185.0, 183.0, 156.0, 153.0, 155.0, 156.0, 179.0, 185.0, 174.0]",24.739810943603516,0.0,113.03921508789062,0.00058746337890625,-28.63507080078125
1750930107.8943968,0.0,0.5,"[174.0, 185.0, 183.0, 156.0, 153.0, 155.0, 156.0, 179.0, 185.0, 174.0]",24.973674774169922,0.0,112.5399169921875,0.000598907470703125,-28.620933532714844
1750930107.9193752,0.0,0.5,"[174.0, 185.0, 183.0, 156.0, 153.0, 155.0, 156.0, 179.0, 185.0, 174.0]",24.85557746887207,0.0,112.04299926757812,0.0006084442138671875,-28.60698699951172
1750930107.9433067,0.0,0.5,"[174.0, 185.0, 183.0, 156.0, 153.0, 155.0, 156.0, 179.0, 185.0, 174.0]",25.05695915222168,0.0,111.54208374023438,0.000614166259765625,-28.592803955078125
1750930107.9449627,0.0,0.5,"[174.0, 185.0, 183.0, 156.0, 153.0, 155.0, 156.0, 179.0, 185.0, 174.0]",24.844552993774414,0.0,111.04537963867188,0.00061798095703125,-28.578872680664062
1750930107.9695585,0.0,0.5,"[174.0, 185.0, 183.0, 156.0, 153.0, 155.0, 156.0, 179.0, 185.0, 174.0]",25.077667236328125,0.0,110.54403686523438,0.00061798095703125,-28.56468963623047
1750930107.9944625,0.0,0.5,"[174.0, 185.0, 183.0, 156.0, 153.0, 155.0, 156.0, 179.0, 185.0, 174.0]",24.95522117614746,0.0,110.04510498046875,0.00061798095703125,-28.550689697265625
1750930108.018357,0.0,0.5,"[174.0, 185.0, 183.0, 156.0, 153.0, 155.0, 156.0, 179.0, 185.0, 174.0]",25.15866470336914,0.0,109.54214477539062,0.000614166259765625,-28.536460876464844
1750930108.042403,0.0,0.5,"[174.0, 185.0, 183.0, 156.0, 153.0, 155.0, 156.0, 179.0, 185.0, 174.0]",24.948379516601562,0.0,109.04336547851562,0.0006122589111328125,-28.522476196289062
1750930108.044018,0.0,0.5,"[174.0, 185.0, 183.0, 156.0, 153.0, 155.0, 156.0, 179.0, 185.0, 174.0]",25.180871963500977,0.0,108.53994750976562,0.000606536865234375,-28.50823974609375
1750930108.068705,0.0,0.5,"[174.0, 185.0, 183.0, 156.0, 153.0, 156.0, 156.0, 179.0, 185.0, 174.0]",25.05457878112793,0.0,108.0390625,0.0006008148193359375,-28.49419403076172
1750930108.0937417,0.0,0.5,"[174.0, 185.0, 183.0, 156.0, 153.0, 155.0, 156.0, 179.0, 185.0, 174.0]",25.25980567932129,0.0,107.5340576171875,0.0005970001220703125,-28.47991180419922
1750930108.1183033,0.0,0.5,"[174.0, 185.0, 183.0, 156.0, 153.0, 156.0, 156.0, 179.0, 185.0, 174.0]",25.051408767700195,0.0,107.03323364257812,0.000591278076171875,-28.46588134765625
1750930108.1417594,0.0,0.5,"[174.0, 185.0, 183.0, 156.0, 153.0, 155.0, 156.0, 179.0, 185.0, 174.0]",25.283403396606445,0.0,106.52777099609375,0.0005855560302734375,-28.451583862304688
1750930108.1434479,0.0,0.5,"[174.0, 185.0, 183.0, 156.0, 153.0, 155.0, 156.0, 179.0, 185.0, 174.0]",25.15346336364746,0.0,106.02490234375,0.000579833984375,-28.43749237060547
1750930108.166081,0.0,0.5,"[174.0, 185.0, 181.0, 156.0, 153.0, 156.0, 156.0, 180.0, 185.0, 174.0]",25.360334396362305,0.0,105.51788330078125,0.0005741119384765625,-28.42315673828125
1750930108.1890101,0.0,0.5,"[174.0, 185.0, 181.0, 156.0, 153.0, 156.0, 156.0, 180.0, 185.0, 174.0]",25.15373992919922,0.0,105.0150146484375,0.0005702972412109375,-28.409072875976562
1750930108.2111933,0.0,0.5,"[174.0, 185.0, 181.0, 156.0, 153.0, 156.0, 156.0, 180.0, 185.0, 174.0]",25.385278701782227,0.0,104.50750732421875,0.0005664825439453125,-28.394729614257812
1750930108.2339816,0.0,0.5,"[174.0, 185.0, 181.0, 156.0, 153.0, 156.0, 158.0, 181.0, 185.0, 174.0]",25.25181770324707,0.0,104.002685546875,0.0005626678466796875,-28.380584716796875
1750930108.256087,0.0,0.5,"[174.0, 185.0, 181.0, 156.0, 153.0, 156.0, 158.0, 181.0, 185.0, 174.0]",25.46019744873047,0.0,103.49368286132812,0.0005588531494140625,-28.3662109375
1750930108.2785916,0.0,0.5,"[174.0, 185.0, 181.0, 155.0, 153.0, 156.0, 158.0, 181.0, 185.0, 174.0]",25.25543785095215,0.0,102.98876953125,0.00055694580078125,-28.352066040039062
1750930108.3011496,0.0,0.5,"[174.0, 185.0, 181.0, 155.0, 153.0, 156.0, 158.0, 181.0, 185.0, 174.0]",25.486528396606445,0.0,102.47921752929688,0.000553131103515625,-28.337677001953125
1750930108.3028247,0.0,0.5,"[174.0, 185.0, 181.0, 155.0, 153.0, 156.0, 158.0, 181.0, 185.0, 174.0]",25.34957504272461,0.0,101.97244262695312,0.0005512237548828125,-28.323486328125
1750930108.324848,0.0,0.5,"[174.0, 185.0, 181.0, 155.0, 153.0, 156.0, 158.0, 181.0, 185.0, 174.0]",25.559377670288086,0.0,101.46145629882812,0.0005512237548828125,-28.309051513671875
1750930108.3493545,0.0,0.5,"[174.0, 185.0, 181.0, 155.0, 153.0, 156.0, 158.0, 181.0, 185.0, 174.0]",25.356550216674805,0.0,100.95452880859375,0.00054931640625,-28.29486846923828
1750930108.3722649,0.0,0.5,"[174.0, 185.0, 181.0, 155.0, 153.0, 156.0, 158.0, 181.0, 185.0, 174.0]",25.587169647216797,0.0,100.4429931640625,0.00054931640625,-28.280426025390625
1750930108.3944201,0.0,0.5,"[174.0, 185.0, 181.0, 155.0, 153.0, 156.0, 158.0, 181.0, 185.0, 174.0]",25.446701049804688,0.0,99.93423461914062,0.0005474090576171875,-28.26618194580078
1750930108.4164937,0.0,0.5,"[174.0, 185.0, 181.0, 155.0, 153.0, 156.0, 158.0, 181.0, 185.0, 174.0]",25.657852172851562,0.0,99.42129516601562,0.0005474090576171875,-28.25170135498047
1750930108.4389975,0.0,0.5,"[174.0, 185.0, 181.0, 155.0, 153.0, 156.0, 158.0, 181.0, 185.0, 174.0]",25.457111358642578,0.0,98.912353515625,0.0005474090576171875,-28.237464904785156
1750930108.4605808,0.0,0.5,"[174.0, 185.0, 181.0, 155.0, 153.0, 156.0, 158.0, 181.0, 185.0, 174.0]",25.687206268310547,0.0,98.3988037109375,0.0005474090576171875,-28.222976684570312
1750930108.4621558,0.0,0.5,"[174.0, 185.0, 181.0, 155.0, 153.0, 156.0, 158.0, 181.0, 185.0, 174.0]",25.54317283630371,0.0,97.88815307617188,0.00054931640625,-28.20867919921875
1750930108.4828362,0.0,0.5,"[174.0, 185.0, 180.0, 155.0, 153.0, 156.0, 158.0, 181.0, 185.0, 174.0]",25.75562286376953,0.0,97.37322998046875,0.00054931640625,-28.19415283203125
1750930108.5037367,0.0,0.5,"[174.0, 185.0, 180.0, 155.0, 153.0, 156.0, 158.0, 181.0, 185.0, 174.0]",25.55713653564453,0.0,96.8623046875,0.00054931640625,-28.17987060546875
1750930108.524581,0.0,0.5,"[174.0, 185.0, 179.0, 155.0, 153.0, 156.0, 158.0, 181.0, 185.0, 174.0]",25.78663444519043,0.0,96.34677124023438,0.00054931640625,-28.165328979492188
1750930108.5452995,0.0,0.5,"[174.0, 185.0, 179.0, 155.0, 153.0, 156.0, 158.0, 183.0, 185.0, 174.0]",25.639007568359375,0.0,95.83419799804688,0.0005512237548828125,-28.150985717773438
1750930108.5654497,0.0,0.5,"[174.0, 185.0, 179.0, 155.0, 153.0, 156.0, 158.0, 183.0, 185.0, 174.0]",25.852693557739258,0.0,95.31735229492188,0.0005512237548828125,-28.13641357421875
1750930108.5861032,0.0,0.5,"[174.0, 185.0, 179.0, 155.0, 153.0, 156.0, 158.0, 183.0, 185.0, 174.0]",25.656627655029297,0.0,94.80441284179688,0.0005512237548828125,-28.1220703125
1750930108.606262,0.0,0.5,"[174.0, 185.0, 179.0, 155.0, 153.0, 156.0, 158.0, 183.0, 185.0, 174.0]",25.885454177856445,0.0,94.28689575195312,0.000553131103515625,-28.10748291015625
1750930108.6264622,0.0,0.5,"[174.0, 185.0, 179.0, 155.0, 153.0, 156.0, 158.0, 183.0, 185.0, 174.0]",25.73423194885254,0.0,93.77243041992188,0.000553131103515625,-28.093093872070312
1750930108.6462054,0.0,0.5,"[174.0, 185.0, 179.0, 155.0, 153.0, 156.0, 158.0, 183.0, 185.0, 174.0]",25.94907569885254,0.0,93.253662109375,0.000553131103515625,-28.078475952148438
1750930108.6666558,0.0,0.5,"[174.0, 185.0, 179.0, 155.0, 153.0, 156.0, 158.0, 183.0, 185.0, 174.0]",25.75557518005371,0.0,92.73873901367188,0.000553131103515625,-28.0640869140625
1750930108.6865025,0.0,0.5,"[174.0, 185.0, 179.0, 155.0, 153.0, 156.0, 158.0, 183.0, 185.0, 174.0]",25.983644485473633,0.0,92.21926879882812,0.000553131103515625,-28.0494384765625
1750930108.7065315,0.0,0.5,"[174.0, 185.0, 179.0, 155.0, 153.0, 156.0, 158.0, 183.0, 185.0, 174.0]",25.82889175415039,0.0,91.70291137695312,0.0005550384521484375,-28.035011291503906
1750930108.7265756,0.0,0.5,"[174.0, 185.0, 179.0, 155.0, 153.0, 156.0, 158.0, 183.0, 185.0, 174.0]",26.044801712036133,0.0,91.18222045898438,0.0005550384521484375,-28.020339965820312
1750930108.7464662,0.0,0.5,"[174.0, 185.0, 179.0, 155.0, 153.0, 156.0, 159.0, 183.0, 185.0, 174.0]",25.853961944580078,0.0,90.66534423828125,0.0005550384521484375,-28.005897521972656
1750930108.766654,0.0,0.5,"[174.0, 185.0, 179.0, 155.0, 153.0, 156.0, 159.0, 183.0, 185.0, 174.0]",26.081180572509766,0.0,90.1439208984375,0.0005550384521484375,-27.9912109375
1750930108.786241,0.0,0.5,"[174.0, 185.0, 179.0, 154.0, 153.0, 156.0, 159.0, 183.0, 185.0, 174.0]",25.923036575317383,0.0,89.62567138671875,0.0005550384521484375,-27.976730346679688
1750930108.805751,0.0,0.5,"[174.0, 185.0, 179.0, 154.0, 153.0, 156.0, 159.0, 183.0, 185.0, 174.0]",26.1398983001709,0.0,89.10308837890625,0.0005550384521484375,-27.962013244628906
1750930108.8252964,0.0,0.5,"[174.0, 185.0, 178.0, 154.0, 153.0, 156.0, 159.0, 184.0, 185.0, 174.0]",25.95174789428711,0.0,88.58425903320312,0.0005550384521484375,-27.947525024414062
1750930108.845392,0.0,0.5,"[174.0, 185.0, 178.0, 154.0, 153.0, 156.0, 159.0, 184.0, 185.0, 174.0]",26.17803955078125,0.0,88.06088256835938,0.0005550384521484375,-27.932785034179688
1750930108.8650181,0.0,0.5,"[174.0, 185.0, 178.0, 154.0, 153.0, 156.0, 159.0, 184.0, 185.0, 174.0]",26.01673126220703,0.0,87.540771484375,0.0005550384521484375,-27.918258666992188
1750930108.8842368,0.0,0.5,"[174.0, 185.0, 178.0, 154.0, 153.0, 156.0, 159.0, 184.0, 185.0, 174.0]",26.23440170288086,0.0,87.01626586914062,0.0005550384521484375,-27.90349578857422
1750930108.9044337,0.0,0.5,"[174.0, 185.0, 178.0, 154.0, 153.0, 156.0, 159.0, 184.0, 185.0, 174.0]",26.048900604248047,0.0,86.49551391601562,0.0005550384521484375,-27.888954162597656
1750930108.9242008,0.0,0.5,"[174.0, 185.0, 178.0, 154.0, 153.0, 156.0, 159.0, 184.0, 185.0, 174.0]",26.27420425415039,0.0,85.97024536132812,0.0005550384521484375,-27.874176025390625
1750930108.9433062,0.0,0.5,"[174.0, 185.0, 178.0, 154.0, 153.0, 156.0, 159.0, 184.0, 185.0, 174.0]",26.110023498535156,0.0,85.4482421875,0.0005550384521484375,-27.859596252441406
1750930108.9631345,0.0,0.5,"[174.0, 185.0, 178.0, 154.0, 153.0, 156.0, 159.0, 184.0, 185.0, 174.0]",26.328350067138672,0.0,84.921875,0.0005550384521484375,-27.84478759765625
1750930108.9823258,0.0,0.5,"[174.0, 185.0, 178.0, 154.0, 153.0, 156.0, 159.0, 184.0, 185.0, 174.0]",26.145357131958008,0.0,84.399169921875,0.0005550384521484375,-27.8302001953125
1750930109.0011368,0.0,0.5,"[174.0, 185.0, 178.0, 154.0, 153.0, 156.0, 159.0, 184.0, 185.0, 174.0]",26.369630813598633,0.0,83.87197875976562,0.0005550384521484375,-27.81536865234375
1750930109.0202942,0.0,0.5,"[174.0, 185.0, 177.0, 154.0, 153.0, 156.0, 159.0, 184.0, 185.0, 174.0]",26.20298194885254,0.0,83.34811401367188,0.0005550384521484375,-27.800750732421875
1750930109.0395055,0.0,0.5,"[174.0, 185.0, 177.0, 154.0, 153.0, 156.0, 159.0, 184.0, 185.0, 174.0]",26.421783447265625,0.0,82.81991577148438,0.0005550384521484375,-27.785888671875
1750930109.0591745,0.0,0.5,"[174.0, 185.0, 177.0, 154.0, 152.0, 156.0, 159.0, 184.0, 185.0, 174.0]",26.24106216430664,0.0,82.2952880859375,0.0005550384521484375,-27.771255493164062
1750930109.0779283,0.0,0.5,"[174.0, 185.0, 177.0, 154.0, 153.0, 156.0, 159.0, 184.0, 185.0, 174.0]",26.464309692382812,0.0,81.76620483398438,0.0005550384521484375,-27.756378173828125
1750930109.1124828,0.0,0.5,"[174.0, 185.0, 176.0, 154.0, 152.0, 156.0, 159.0, 184.0, 185.0, 174.0]",26.29562759399414,0.0,81.24050903320312,0.0005550384521484375,-27.741714477539062
1750930109.131233,0.0,0.5,"[174.0, 185.0, 176.0, 154.0, 152.0, 156.0, 159.0, 184.0, 185.0, 174.0]",26.514720916748047,0.0,80.71041870117188,0.0005550384521484375,-27.726806640625
1750930109.14999,0.0,0.5,"[174.0, 185.0, 176.0, 153.0, 152.0, 156.0, 159.0, 185.0, 185.0, 174.0]",26.335983276367188,0.0,80.18389892578125,0.0005550384521484375,-27.712127685546875
1750930109.1686985,0.0,0.5,"[174.0, 185.0, 176.0, 153.0, 152.0, 156.0, 159.0, 185.0, 185.0, 174.0]",26.558237075805664,0.0,79.6529541015625,0.0005550384521484375,-27.69720458984375
1750930109.1869378,0.0,0.5,"[174.0, 185.0, 176.0, 153.0, 152.0, 156.0, 160.0, 185.0, 185.0, 174.0]",26.38797378540039,0.0,79.12539672851562,0.0005550384521484375,-27.68248748779297
1750930109.20462,0.0,0.5,"[174.0, 185.0, 176.0, 153.0, 152.0, 156.0, 159.0, 185.0, 185.0, 174.0]",26.607189178466797,0.0,78.59344482421875,0.0005550384521484375,-27.66754150390625
1750930109.2228935,0.0,0.5,"[174.0, 185.0, 176.0, 153.0, 152.0, 156.0, 160.0, 186.0, 185.0, 174.0]",26.430084228515625,0.0,78.0650634765625,0.0005550384521484375,-27.652809143066406
1750930109.2417684,0.0,0.5,"[174.0, 185.0, 176.0, 153.0, 152.0, 156.0, 160.0, 186.0, 185.0, 174.0]",26.651411056518555,0.0,77.53225708007812,0.0005550384521484375,-27.637840270996094
1750930109.258701,0.0,0.5,"[174.0, 185.0, 176.0, 153.0, 152.0, 156.0, 160.0, 186.0, 185.0, 174.0]",26.48002052307129,0.0,77.00283813476562,0.0005550384521484375,-27.623077392578125
1750930109.2756317,0.0,0.5,"[174.0, 185.0, 176.0, 153.0, 152.0, 156.0, 160.0, 186.0, 185.0, 174.0]",26.699182510375977,0.0,76.46908569335938,0.0005550384521484375,-27.60808563232422
1750930109.3189855,0.0,0.5,"[174.0, 185.0, 176.0, 153.0, 152.0, 156.0, 160.0, 186.0, 185.0, 174.0]",26.52338409423828,0.0,75.93881225585938,0.0005550384521484375,-27.593307495117188
1750930109.335912,0.0,0.5,"[174.0, 185.0, 176.0, 153.0, 152.0, 156.0, 160.0, 186.0, 185.0, 174.0]",26.74384880065918,0.0,75.40414428710938,0.0005550384521484375,-27.578292846679688
1750930109.3374643,0.0,0.5,"[174.0, 185.0, 176.0, 153.0, 152.0, 156.0, 160.0, 186.0, 185.0, 174.0]",26.57171630859375,0.0,74.8729248046875,0.0005550384521484375,-27.563491821289062
1750930109.3681076,0.0,0.5,"[174.0, 185.0, 175.0, 153.0, 152.0, 156.0, 160.0, 186.0, 185.0, 174.0]",26.790693283081055,0.0,74.33731079101562,0.0005550384521484375,-27.548446655273438
1750930109.3847475,0.0,0.5,"[174.0, 185.0, 175.0, 153.0, 152.0, 156.0, 160.0, 186.0, 185.0, 174.0]",26.615890502929688,0.0,73.80520629882812,0.0005550384521484375,-27.53362274169922
1750930109.40144,0.0,0.5,"[174.0, 185.0, 175.0, 153.0, 152.0, 156.0, 160.0, 186.0, 185.0, 174.0]",26.835582733154297,0.0,73.26870727539062,0.0005550384521484375,-27.51856231689453
1750930109.419024,0.0,0.5,"[174.0, 185.0, 175.0, 153.0, 152.0, 156.0, 160.0, 186.0, 185.0, 174.0]",26.663028717041016,0.0,72.73565673828125,0.0005550384521484375,-27.50371551513672
1750930109.4360878,0.0,0.5,"[174.0, 185.0, 175.0, 153.0, 152.0, 156.0, 160.0, 186.0, 185.0, 174.0]",26.88170623779297,0.0,72.19821166992188,0.0005550384521484375,-27.488632202148438
1750930109.4793975,0.0,0.5,"[174.0, 185.0, 175.0, 153.0, 152.0, 156.0, 160.0, 187.0, 185.0, 174.0]",26.707653045654297,0.0,71.66427612304688,0.0005550384521484375,-27.4737548828125
1750930109.497953,0.0,0.5,"[174.0, 185.0, 175.0, 153.0, 152.0, 156.0, 160.0, 187.0, 185.0, 174.0]",26.926639556884766,0.0,71.12594604492188,0.0005550384521484375,-27.458656311035156
1750930109.499577,0.0,0.5,"[174.0, 185.0, 175.0, 153.0, 152.0, 156.0, 160.0, 187.0, 185.0, 174.0]",26.753915786743164,0.0,70.59109497070312,0.0005550384521484375,-27.443756103515625
1750930109.5161595,0.0,0.5,"[174.0, 185.0, 175.0, 153.0, 152.0, 156.0, 160.0, 187.0, 185.0, 174.0]",26.972206115722656,0.0,70.05184936523438,0.0005550384521484375,-27.428634643554688
1750930109.5571585,0.0,0.5,"[174.0, 185.0, 175.0, 153.0, 152.0, 156.0, 160.0, 187.0, 185.0, 174.0]",26.798707962036133,0.0,69.51608276367188,0.0005550384521484375,-27.413711547851562
1750930109.572001,0.0,0.5,"[174.0, 185.0, 175.0, 153.0, 152.0, 156.0, 160.0, 187.0, 185.0, 174.0]",27.017051696777344,0.0,68.9759521484375,0.0005550384521484375,-27.39856719970703
1750930109.5875306,0.0,0.5,"[174.0, 185.0, 175.0, 152.0, 152.0, 157.0, 160.0, 187.0, 185.0, 174.0]",26.844335556030273,0.0,68.43927001953125,0.0005550384521484375,-27.383621215820312
1750930109.602278,0.0,0.5,"[174.0, 185.0, 175.0, 152.0, 152.0, 156.0, 160.0, 187.0, 185.0, 174.0]",27.062166213989258,0.0,67.89825439453125,0.0005550384521484375,-27.368453979492188
1750930109.6171317,0.0,0.5,"[174.0, 185.0, 173.0, 152.0, 152.0, 157.0, 160.0, 187.0, 185.0, 174.0]",26.889108657836914,0.0,67.36068725585938,0.0005550384521484375,-27.353492736816406
1750930109.64359,0.0,0.5,"[174.0, 185.0, 173.0, 152.0, 152.0, 157.0, 160.0, 187.0, 185.0, 174.0]",27.106842041015625,0.0,66.81875610351562,0.0005550384521484375,-27.338294982910156
1750930109.6593187,0.0,0.5,"[174.0, 185.0, 173.0, 152.0, 152.0, 157.0, 160.0, 187.0, 185.0, 174.0]",26.934236526489258,0.0,66.2802734375,0.0005550384521484375,-27.32331085205078
1750930109.6744013,0.0,0.5,"[174.0, 185.0, 173.0, 152.0, 152.0, 157.0, 160.0, 187.0, 185.0, 174.0]",27.15157699584961,0.0,65.73745727539062,0.0005550384521484375,-27.30809783935547
1750930109.7114015,0.0,0.5,"[174.0, 185.0, 173.0, 152.0, 152.0, 157.0, 160.0, 187.0, 185.0, 174.0]",26.978879928588867,0.0,65.19808959960938,0.0005550384521484375,-27.2930908203125
1750930109.7264707,0.0,0.5,"[174.0, 185.0, 173.0, 152.0, 152.0, 157.0, 160.0, 187.0, 185.0, 174.0]",27.19603157043457,0.0,64.65438842773438,0.0005550384521484375,-27.277847290039062
1750930109.7414317,0.0,0.5,"[174.0, 185.0, 173.0, 152.0, 152.0, 157.0, 160.0, 187.0, 185.0, 174.0]",27.023611068725586,0.0,64.11410522460938,0.0005550384521484375,-27.2628173828125
1750930109.7564933,0.0,0.5,"[174.0, 185.0, 173.0, 152.0, 152.0, 157.0, 160.0, 187.0, 185.0, 174.0]",27.240434646606445,0.0,63.56951904296875,0.0005550384521484375,-27.24755859375
1750930109.7931535,0.0,0.5,"[174.0, 185.0, 173.0, 152.0, 152.0, 157.0, 160.0, 187.0, 185.0, 174.0]",27.068050384521484,0.0,63.02838134765625,0.0005550384521484375,-27.232513427734375
1750930109.80811,0.0,0.5,"[174.0, 185.0, 173.0, 152.0, 152.0, 157.0, 160.0, 187.0, 185.0, 174.0]",27.284635543823242,0.0,62.482879638671875,0.0005550384521484375,-27.21722412109375
1750930109.8231003,0.0,0.5,"[174.0, 185.0, 173.0, 152.0, 152.0, 157.0, 161.0, 188.0, 185.0, 174.0]",27.11244010925293,0.0,61.94085693359375,0.0005550384521484375,-27.2021484375
1750930109.8371928,0.0,0.5,"[174.0, 185.0, 172.0, 152.0, 152.0, 157.0, 161.0, 188.0, 185.0, 174.0]",27.3287296295166,0.0,61.394500732421875,0.0005550384521484375,-27.186851501464844
1750930109.8625538,0.0,0.5,"[174.0, 185.0, 172.0, 152.0, 152.0, 157.0, 161.0, 188.0, 185.0, 174.0]",27.156631469726562,0.0,60.8515625,0.0005550384521484375,-27.1717529296875
1750930109.8777108,0.0,0.5,"[174.0, 185.0, 172.0, 151.0, 152.0, 157.0, 161.0, 188.0, 185.0, 174.0]",27.372655868530273,0.0,60.304351806640625,0.0005550384521484375,-27.15643310546875
1750930109.9035184,0.0,0.5,"[174.0, 185.0, 172.0, 151.0, 151.0, 157.0, 161.0, 189.0, 185.0, 174.0]",27.200721740722656,0.0,59.760528564453125,0.0005550384521484375,-27.141311645507812
1750930109.9179757,0.0,0.5,"[174.0, 185.0, 172.0, 151.0, 152.0, 157.0, 161.0, 189.0, 185.0, 174.0]",27.416460037231445,0.0,59.212432861328125,0.0005550384521484375,-27.125961303710938
1750930109.9436216,0.0,0.5,"[174.0, 185.0, 172.0, 151.0, 151.0, 157.0, 161.0, 189.0, 185.0, 174.0]",27.24464225769043,0.0,58.667724609375,0.0005550384521484375,-27.110824584960938
1750930109.958539,0.0,0.5,"[174.0, 185.0, 172.0, 151.0, 151.0, 157.0, 161.0, 189.0, 185.0, 174.0]",27.46011734008789,0.0,58.118743896484375,0.0005550384521484375,-27.095458984375
1750930109.9734092,0.0,0.5,"[174.0, 185.0, 172.0, 151.0, 151.0, 157.0, 161.0, 189.0, 185.0, 174.0]",27.28843879699707,0.0,57.57318115234375,0.0005550384521484375,-27.080291748046875
1750930110.0103304,0.0,0.5,"[174.0, 185.0, 172.0, 151.0, 151.0, 157.0, 161.0, 189.0, 185.0, 174.0]",27.50363540649414,0.0,57.023345947265625,0.0005550384521484375,-27.064903259277344
1750930110.0254493,0.0,0.5,"[174.0, 185.0, 172.0, 151.0, 151.0, 157.0, 161.0, 189.0, 185.0, 174.0]",27.332088470458984,0.0,56.476898193359375,0.0005550384521484375,-27.049713134765625
1750930110.0395281,0.0,0.5,"[174.0, 185.0, 172.0, 151.0, 151.0, 157.0, 161.0, 189.0, 185.0, 174.0]",27.54701042175293,0.0,55.926177978515625,0.0005550384521484375,-27.03430938720703
1750930110.0540135,0.0,0.5,"[174.0, 185.0, 171.0, 151.0, 151.0, 157.0, 161.0, 189.0, 185.0, 174.0]",27.37560272216797,0.0,55.378875732421875,0.0005550384521484375,-27.01910400390625
1750930110.0904822,0.0,0.5,"[174.0, 185.0, 171.0, 151.0, 151.0, 157.0, 161.0, 189.0, 185.0, 174.0]",27.59025001525879,0.0,54.8272705078125,0.0005550384521484375,-27.00366973876953
1750930110.1052413,0.0,0.5,"[174.0, 185.0, 171.0, 151.0, 151.0, 157.0, 161.0, 189.0, 185.0, 174.0]",27.418975830078125,0.0,54.27911376953125,0.0005550384521484375,-26.988441467285156
1750930110.1198072,0.0,0.5,"[174.0, 185.0, 171.0, 151.0, 151.0, 157.0, 161.0, 189.0, 185.0, 174.0]",27.633350372314453,0.0,53.726654052734375,0.0005550384521484375,-26.972991943359375
1750930110.1345866,0.0,0.5,"[174.0, 185.0, 170.0, 151.0, 151.0, 157.0, 161.0, 189.0, 185.0, 174.0]",27.462209701538086,0.0,53.177642822265625,0.0005550384521484375,-26.957733154296875
1750930110.170545,0.0,0.5,"[174.0, 185.0, 170.0, 151.0, 151.0, 157.0, 161.0, 189.0, 185.0, 174.0]",27.676313400268555,0.0,52.62432861328125,0.0005550384521484375,-26.9422607421875
1750930110.1849391,0.0,0.5,"[174.0, 185.0, 170.0, 151.0, 151.0, 157.0, 161.0, 189.0, 185.0, 174.0]",27.50530433654785,0.0,52.074432373046875,0.0005550384521484375,-26.926986694335938
1750930110.1992934,0.0,0.5,"[174.0, 185.0, 170.0, 151.0, 151.0, 157.0, 161.0, 189.0, 185.0, 174.0]",27.71913719177246,0.0,51.520263671875,0.0005550384521484375,-26.9114990234375
1750930110.2139287,0.0,0.5,"[174.0, 185.0, 170.0, 151.0, 151.0, 157.0, 161.0, 189.0, 185.0, 174.0]",27.548267364501953,0.0,50.969512939453125,0.0005550384521484375,-26.896202087402344
1750930110.2496626,0.0,0.5,"[174.0, 185.0, 170.0, 151.0, 151.0, 157.0, 161.0, 189.0, 185.0, 174.0]",27.76182746887207,0.0,50.41448974609375,0.0005550384521484375,-26.880691528320312
1750930110.263961,0.0,0.5,"[174.0, 185.0, 170.0, 149.0, 151.0, 157.0, 161.0, 190.0, 185.0, 174.0]",27.591083526611328,0.0,49.862884521484375,0.0005550384521484375,-26.865371704101562
1750930110.2779934,0.0,0.5,"[174.0, 185.0, 170.0, 149.0, 151.0, 157.0, 161.0, 190.0, 185.0, 174.0]",27.80437660217285,0.0,49.3070068359375,0.0005550384521484375,-26.849838256835938
1750930110.2929022,0.0,0.5,"[174.0, 185.0, 170.0, 149.0, 151.0, 157.0, 161.0, 190.0, 185.0, 174.0]",27.633771896362305,0.0,48.754547119140625,0.0005550384521484375,-26.834495544433594
1750930110.3282852,0.0,0.5,"[174.0, 185.0, 170.0, 149.0, 151.0, 157.0, 161.0, 190.0, 185.0, 174.0]",27.846797943115234,0.0,48.19781494140625,0.0005550384521484375,-26.818939208984375
1750930110.3430016,0.0,0.5,"[174.0, 185.0, 169.0, 149.0, 151.0, 157.0, 162.0, 190.0, 185.0, 174.0]",27.67631721496582,0.0,47.644500732421875,0.0005550384521484375,-26.80358123779297
1750930110.3571513,0.0,0.5,"[174.0, 185.0, 169.0, 149.0, 151.0, 157.0, 162.0, 190.0, 185.0, 174.0]",27.88907814025879,0.0,47.086944580078125,0.0005550384521484375,-26.788002014160156
1750930110.3828578,0.0,0.5,"[174.0, 185.0, 169.0, 149.0, 151.0, 157.0, 162.0, 190.0, 185.0, 174.0]",27.71872901916504,0.0,46.53277587890625,0.0005550384521484375,-26.772621154785156
1750930110.397122,0.0,0.5,"[174.0, 185.0, 169.0, 149.0, 151.0, 157.0, 162.0, 190.0, 185.0, 174.0]",27.93122673034668,0.0,45.974395751953125,0.0005550384521484375,-26.75702667236328
1750930110.421962,0.0,0.5,"[174.0, 185.0, 169.0, 149.0, 151.0, 157.0, 162.0, 190.0, 185.0, 174.0]",27.761003494262695,0.0,45.41937255859375,0.0005550384521484375,-26.741622924804688
1750930110.4361553,0.0,0.5,"[174.0, 185.0, 169.0, 149.0, 151.0, 157.0, 162.0, 190.0, 185.0, 174.0]",27.973241806030273,0.0,44.860137939453125,0.0005550384521484375,-26.72600555419922
1750930110.471057,-1.0,0.5,"[174.0, 185.0, 169.0, 149.0, 151.0, 157.0, 162.0, 190.0, 185.0, 174.0]",27.803138732910156,0.0,44.304290771484375,0.0005550384521484375,-26.71057891845703
1750930110.4851875,0.0,0.5,"[174.0, 185.0, 170.0, 151.0, 152.0, 156.0, 161.0, 190.0, 185.0, 174.0]",27.734899520874023,-0.5,43.74957275390625,0.0005550384521484375,-26.711593627929688
1750930110.4988494,0.0,0.5,"[174.0, 185.0, 170.0, 151.0, 152.0, 156.0, 161.0, 189.0, 185.0, 174.0]",27.574831008911133,0.0,43.198089599609375,0.0005550384521484375,-26.70758819580078
1750930110.513323,0.0,0.5,"[174.0, 185.0, 170.0, 151.0, 152.0, 156.0, 161.0, 189.0, 185.0, 174.0]",27.77435874938965,0.0,42.64263916015625,0.0005550384521484375,-26.702438354492188
1750930110.5483975,0.0,0.5,"[174.0, 185.0, 170.0, 151.0, 152.0, 156.0, 161.0, 189.0, 185.0, 174.0]",27.605838775634766,0.0,42.090545654296875,0.0005550384521484375,-26.697586059570312
1750930110.5632412,0.0,0.5,"[174.0, 185.0, 170.0, 151.0, 152.0, 156.0, 161.0, 189.0, 185.0, 174.0]",27.814353942871094,0.0,41.534271240234375,0.0005550384521484375,-26.693084716796875
1750930110.577263,0.0,0.5,"[174.0, 185.0, 170.0, 151.0, 152.0, 156.0, 161.0, 189.0, 185.0, 174.0]",27.64531135559082,0.0,40.98138427734375,0.0005550384521484375,-26.689186096191406
1750930110.6012783,0.0,0.5,"[174.0, 185.0, 170.0, 151.0, 152.0, 156.0, 161.0, 189.0, 185.0, 174.0]",27.85639762878418,0.0,40.424285888671875,0.0005550384521484375,-26.685546875
1750930110.6154878,0.0,0.5,"[174.0, 185.0, 170.0, 151.0, 152.0, 156.0, 161.0, 189.0, 185.0, 174.0]",27.684581756591797,0.0,39.870574951171875,0.0005550384521484375,-26.68231201171875
1750930110.6500938,0.0,0.5,"[174.0, 185.0, 170.0, 151.0, 152.0, 156.0, 161.0, 189.0, 185.0, 174.0]",27.897724151611328,0.0,39.312652587890625,0.0005550384521484375,-26.679153442382812
1750930110.6641684,0.0,0.5,"[174.0, 185.0, 170.0, 151.0, 152.0, 156.0, 161.0, 189.0, 185.0, 174.0]",27.727344512939453,0.0,38.75811767578125,0.0005550384521484375,-26.67626190185547
1750930110.6781821,0.0,0.5,"[174.0, 185.0, 170.0, 151.0, 152.0, 156.0, 161.0, 189.0, 185.0, 174.0]",27.939769744873047,0.0,38.199310302734375,0.0005550384521484375,-26.67333984375
1750930110.6922128,0.0,0.5,"[174.0, 185.0, 170.0, 151.0, 152.0, 156.0, 161.0, 189.0, 185.0, 174.0]",27.76938819885254,0.0,37.643951416015625,0.0005550384521484375,-26.67059326171875
1750930110.726527,0.0,0.5,"[174.0, 185.0, 170.0, 151.0, 152.0, 156.0, 161.0, 189.0, 185.0, 174.0]",27.981687545776367,0.0,37.084320068359375,0.0005550384521484375,-26.667770385742188
1750930110.740272,0.0,0.5,"[174.0, 185.0, 170.0, 151.0, 152.0, 156.0, 161.0, 189.0, 185.0, 174.0]",27.81155776977539,0.0,36.528076171875,0.0005550384521484375,-26.665084838867188
1750930110.7542355,0.0,0.5,"[174.0, 185.0, 170.0, 151.0, 152.0, 156.0, 161.0, 189.0, 185.0, 174.0]",28.023534774780273,0.0,35.967620849609375,0.0005550384521484375,-26.662307739257812
1750930110.7882545,0.0,0.5,"[174.0, 185.0, 170.0, 151.0, 152.0, 156.0, 161.0, 189.0, 185.0, 174.0]",27.85352325439453,0.0,35.410552978515625,0.0005550384521484375,-26.659645080566406
1750930110.8018708,0.0,0.5,"[174.0, 185.0, 170.0, 151.0, 152.0, 156.0, 161.0, 189.0, 185.0, 174.0]",28.06525230407715,0.0,34.849273681640625,0.0005550384521484375,-26.656875610351562
1750930110.8155138,0.0,0.5,"[174.0, 185.0, 170.0, 151.0, 152.0, 156.0, 161.0, 189.0, 185.0, 174.0]",27.895366668701172,0.0,34.291351318359375,0.0005550384521484375,-26.65422821044922
1750930110.849744,0.0,0.5,"[174.0, 185.0, 170.0, 151.0, 152.0, 156.0, 161.0, 189.0, 185.0, 174.0]",28.106834411621094,0.0,33.729217529296875,0.0005550384521484375,-26.651458740234375
1750930110.863688,0.0,0.5,"[174.0, 185.0, 170.0, 151.0, 152.0, 156.0, 161.0, 189.0, 185.0, 174.0]",27.93708038330078,0.0,33.170501708984375,0.0005550384521484375,-26.648818969726562
1750930110.878663,0.0,0.5,"[174.0, 185.0, 170.0, 151.0, 152.0, 156.0, 161.0, 189.0, 185.0, 174.0]",28.148292541503906,0.0,32.6075439453125,0.0005550384521484375,-26.64604949951172
1750930110.89464,0.0,0.5,"[174.0, 185.0, 170.0, 151.0, 152.0, 156.0, 161.0, 189.0, 185.0, 174.0]",27.97865104675293,0.0,32.0479736328125,0.0005550384521484375,-26.643402099609375
1750930110.9306133,0.0,0.5,"[174.0, 185.0, 170.0, 151.0, 152.0, 156.0, 161.0, 189.0, 185.0, 174.0]",28.189617156982422,0.0,31.48419189453125,0.0005550384521484375,-26.640640258789062
1750930110.9448056,0.0,0.5,"[174.0, 185.0, 170.0, 151.0, 152.0, 156.0, 161.0, 189.0, 185.0, 174.0]",28.020095825195312,0.0,30.923797607421875,0.0005550384521484375,-26.637985229492188
1750930110.9588459,0.0,0.5,"[174.0, 185.0, 170.0, 151.0, 152.0, 156.0, 161.0, 189.0, 185.0, 174.0]",28.230812072753906,0.0,30.35919189453125,0.0005550384521484375,-26.635223388671875
1750930110.9728806,0.0,0.5,"[174.0, 185.0, 170.0, 151.0, 152.0, 156.0, 161.0, 189.0, 185.0, 174.0]",28.0614013671875,0.0,29.797943115234375,0.0005550384521484375,-26.63257598876953
1750930111.0064795,0.0,0.5,"[174.0, 185.0, 170.0, 151.0, 152.0, 156.0, 161.0, 189.0, 185.0, 174.0]",28.27188491821289,0.0,29.232513427734375,0.0005550384521484375,-26.629806518554688
1750930111.020628,0.0,0.5,"[174.0, 185.0, 170.0, 151.0, 152.0, 156.0, 161.0, 189.0, 185.0, 174.0]",28.102569580078125,0.0,28.67047119140625,0.0005550384521484375,-26.627151489257812
1750930111.034768,0.0,0.5,"[174.0, 185.0, 170.0, 151.0, 152.0, 156.0, 161.0, 189.0, 185.0, 174.0]",28.312828063964844,0.0,28.104217529296875,0.0005550384521484375,-26.6243896484375
1750930111.0683901,0.0,0.5,"[174.0, 185.0, 170.0, 151.0, 152.0, 156.0, 161.0, 189.0, 185.0, 174.0]",28.14360237121582,0.0,27.541351318359375,0.0005550384521484375,-26.621734619140625
1750930111.082539,0.0,0.5,"[174.0, 185.0, 170.0, 151.0, 152.0, 156.0, 161.0, 189.0, 185.0, 174.0]",28.35364532470703,0.0,26.97430419921875,0.0005550384521484375,-26.61895751953125
1750930111.0960507,0.0,0.5,"[174.0, 185.0, 170.0, 151.0, 152.0, 156.0, 161.0, 189.0, 185.0, 174.0]",28.184499740600586,0.0,26.410614013671875,0.0005550384521484375,-26.616302490234375
1750930111.129453,0.0,0.5,"[174.0, 185.0, 170.0, 151.0, 152.0, 156.0, 161.0, 189.0, 185.0, 174.0]",28.394338607788086,0.0,25.842742919921875,0.0005550384521484375,-26.61353302001953
1750930111.1427603,0.0,0.5,"[174.0, 185.0, 170.0, 151.0, 152.0, 156.0, 161.0, 189.0, 185.0, 174.0]",28.225265502929688,0.0,25.278228759765625,0.0005550384521484375,-26.610870361328125
1750930111.1566837,0.0,0.5,"[174.0, 185.0, 170.0, 151.0, 152.0, 156.0, 161.0, 189.0, 185.0, 174.0]",28.43490982055664,0.0,24.70953369140625,0.0005550384521484375,-26.60810089111328
1750930111.1805224,0.0,0.5,"[174.0, 185.0, 170.0, 151.0, 152.0, 156.0, 161.0, 189.0, 185.0, 174.0]",28.265893936157227,0.0,24.14422607421875,0.0005550384521484375,-26.605438232421875
1750930111.193498,0.0,0.5,"[174.0, 185.0, 170.0, 151.0, 152.0, 156.0, 161.0, 189.0, 185.0, 174.0]",28.475358963012695,0.0,23.574737548828125,0.0005550384521484375,-26.6026611328125
1750930111.2264168,0.0,0.5,"[174.0, 185.0, 170.0, 151.0, 152.0, 156.0, 161.0, 189.0, 185.0, 174.0]",28.306392669677734,0.0,23.00860595703125,0.0005550384521484375,-26.599998474121094
1750930111.2399125,0.0,0.5,"[174.0, 185.0, 170.0, 151.0, 152.0, 156.0, 161.0, 189.0, 185.0, 174.0]",28.515689849853516,0.0,22.43829345703125,0.0005550384521484375,-26.59722900390625
1750930111.253789,0.0,0.5,"[174.0, 185.0, 169.0, 151.0, 152.0, 156.0, 161.0, 190.0, 185.0, 174.0]",28.346744537353516,0.0,21.871368408203125,0.0005550384521484375,-26.594558715820312
1750930111.286177,0.0,0.5,"[174.0, 185.0, 170.0, 151.0, 152.0, 156.0, 161.0, 189.0, 185.0, 174.0]",28.55589485168457,0.0,21.300262451171875,0.0005550384521484375,-26.591781616210938
1750930111.3000097,0.0,0.5,"[174.0, 185.0, 169.0, 151.0, 152.0, 156.0, 161.0, 190.0, 185.0, 174.0]",28.3869686126709,0.0,20.732513427734375,0.0005550384521484375,-26.58911895751953
1750930111.3129606,0.0,0.5,"[174.0, 185.0, 169.0, 151.0, 152.0, 156.0, 161.0, 190.0, 185.0, 174.0]",28.595983505249023,0.0,20.160614013671875,0.0005550384521484375,-26.586341857910156
1750930111.345947,0.0,0.5,"[174.0, 185.0, 169.0, 151.0, 152.0, 156.0, 161.0, 190.0, 185.0, 174.0]",28.427051544189453,0.0,19.592071533203125,0.0005550384521484375,-26.58367156982422
1750930111.3589132,0.0,0.5,"[174.0, 185.0, 169.0, 151.0, 152.0, 156.0, 161.0, 190.0, 185.0, 174.0]",28.635955810546875,0.0,19.019378662109375,0.0005550384521484375,-26.580886840820312
1750930111.3719845,0.0,0.5,"[174.0, 185.0, 169.0, 151.0, 152.0, 156.0, 161.0, 190.0, 185.0, 174.0]",28.46700668334961,0.0,18.450042724609375,0.0005550384521484375,-26.578216552734375
1750930111.4039946,0.0,0.5,"[174.0, 185.0, 169.0, 151.0, 152.0, 156.0, 161.0, 190.0, 185.0, 174.0]",28.675813674926758,0.0,17.87652587890625,0.0005550384521484375,-26.575439453125
1750930111.416844,0.0,0.5,"[174.0, 185.0, 169.0, 151.0, 152.0, 156.0, 161.0, 190.0, 185.0, 174.0]",28.506816864013672,0.0,17.306396484375,0.0005550384521484375,-26.57276153564453
1750930111.439161,0.0,0.5,"[174.0, 185.0, 169.0, 151.0, 152.0, 156.0, 161.0, 190.0, 185.0, 174.0]",28.715557098388672,0.0,16.732086181640625,0.0005550384521484375,-26.569976806640625
1750930111.4519923,0.0,0.5,"[174.0, 185.0, 169.0, 151.0, 152.0, 156.0, 161.0, 190.0, 185.0, 174.0]",28.54648780822754,0.0,16.161163330078125,0.0005550384521484375,-26.567306518554688
1750930111.483759,0.0,0.5,"[174.0, 185.0, 169.0, 151.0, 152.0, 156.0, 161.0, 190.0, 185.0, 174.0]",28.75518798828125,0.0,15.5860595703125,0.0005550384521484375,-26.56452178955078
1750930111.4970148,0.0,0.5,"[174.0, 185.0, 169.0, 151.0, 152.0, 156.0, 161.0, 190.0, 185.0, 174.0]",28.586027145385742,0.0,15.01434326171875,0.0005550384521484375,-26.561843872070312
1750930111.519373,0.0,0.5,"[174.0, 185.0, 169.0, 151.0, 152.0, 156.0, 161.0, 190.0, 185.0, 174.0]",28.79471206665039,0.0,14.4384765625,0.0005550384521484375,-26.559051513671875
1750930111.532997,0.0,0.5,"[174.0, 185.0, 169.0, 151.0, 152.0, 156.0, 161.0, 190.0, 185.0, 174.0]",28.62541961669922,0.0,13.865966796875,0.0005550384521484375,-26.556373596191406
1750930111.5644605,0.0,0.5,"[174.0, 185.0, 169.0, 151.0, 152.0, 156.0, 161.0, 190.0, 185.0, 174.0]",28.834129333496094,0.0,13.289306640625,0.0005550384521484375,-26.5535888671875
1750930111.5775337,0.0,0.5,"[174.0, 185.0, 169.0, 151.0, 152.0, 156.0, 161.0, 190.0, 185.0, 174.0]",28.664670944213867,0.0,12.71600341796875,0.0005550384521484375,-26.5509033203125
1750930111.5996373,0.0,0.5,"[174.0, 185.0, 169.0, 151.0, 152.0, 156.0, 161.0, 190.0, 185.0, 174.0]",28.873441696166992,0.0,12.1385498046875,0.0005550384521484375,-26.548110961914062
1750930111.6130862,0.0,0.5,"[174.0, 185.0, 169.0, 151.0, 152.0, 156.0, 161.0, 190.0, 185.0, 174.0]",28.703781127929688,0.0,11.564483642578125,0.0005550384521484375,-26.545425415039062
1750930111.644334,0.0,0.5,"[174.0, 185.0, 169.0, 151.0, 152.0, 156.0, 161.0, 190.0, 185.0, 174.0]",28.91265869140625,0.0,10.986236572265625,0.0005550384521484375,-26.542633056640625
1750930111.6573482,0.0,0.5,"[174.0, 185.0, 169.0, 151.0, 152.0, 156.0, 161.0, 190.0, 185.0, 174.0]",28.742738723754883,0.0,10.411376953125,0.0005550384521484375,-26.539947509765625
1750930111.6787984,0.0,0.5,"[174.0, 185.0, 169.0, 151.0, 152.0, 156.0, 161.0, 190.0, 185.0, 174.0]",28.951780319213867,0.0,9.83233642578125,0.0005550384521484375,-26.537155151367188
1750930111.6913347,0.0,0.5,"[174.0, 185.0, 169.0, 151.0, 152.0, 156.0, 161.0, 190.0, 185.0, 174.0]",28.781545639038086,0.0,9.2567138671875,0.0005550384521484375,-26.534461975097656
1750930111.7227292,0.0,0.5,"[174.0, 185.0, 169.0, 151.0, 152.0, 156.0, 161.0, 190.0, 185.0, 174.0]",28.990814208984375,0.0,8.676910400390625,0.0005550384521484375,-26.53166961669922
1750930111.735066,0.0,0.5,"[174.0, 185.0, 169.0, 149.0, 152.0, 156.0, 161.0, 190.0, 185.0, 174.0]",28.820199966430664,0.0,8.10052490234375,0.0005550384521484375,-26.528976440429688
1750930111.766639,0.0,0.5,"[174.0, 185.0, 169.0, 151.0, 152.0, 156.0, 161.0, 190.0, 185.0, 174.0]",29.029766082763672,0.0,7.519927978515625,0.0005550384521484375,-26.52618408203125
1750930111.779637,0.0,0.5,"[174.0, 185.0, 169.0, 149.0, 152.0, 156.0, 161.0, 190.0, 185.0, 174.0]",28.858692169189453,0.0,6.9427490234375,0.0005550384521484375,-26.523483276367188
1750930111.7924163,0.0,0.5,"[174.0, 185.0, 169.0, 149.0, 152.0, 156.0, 161.0, 190.0, 185.0, 174.0]",29.068645477294922,0.0,6.36138916015625,0.0005550384521484375,-26.52069091796875
1750930111.823758,0.0,0.5,"[174.0, 185.0, 169.0, 149.0, 152.0, 156.0, 161.0, 190.0, 185.0, 174.0]",28.89701271057129,0.0,5.783477783203125,0.0005550384521484375,-26.517990112304688
1750930111.8365376,0.0,0.5,"[174.0, 185.0, 169.0, 149.0, 152.0, 156.0, 161.0, 190.0, 185.0, 174.0]",29.107460021972656,0.0,5.201324462890625,0.0005550384521484375,-26.51519012451172
1750930111.8675914,0.0,0.5,"[174.0, 185.0, 169.0, 149.0, 152.0, 156.0, 161.0, 190.0, 185.0, 174.0]",28.935155868530273,0.0,4.62261962890625,0.0005550384521484375,-26.512481689453125
1750930111.880671,0.0,0.5,"[174.0, 185.0, 169.0, 149.0, 152.0, 156.0, 161.0, 190.0, 185.0, 174.0]",29.146221160888672,0.0,4.039703369140625,0.0005550384521484375,-26.509689331054688
1750930111.8934317,0.0,0.5,"[174.0, 185.0, 169.0, 149.0, 152.0, 156.0, 161.0, 190.0, 185.0, 174.0]",28.973108291625977,0.0,3.46026611328125,0.0005550384521484375,-26.506980895996094
1750930111.924467,0.0,0.5,"[174.0, 185.0, 169.0, 149.0, 152.0, 156.0, 161.0, 190.0, 185.0, 174.0]",29.184947967529297,0.0,2.876556396484375,0.0005550384521484375,-26.504180908203125
1750930111.939022,0.0,0.5,"[174.0, 185.0, 178.0, 155.0, 154.0, 154.0, 156.0, 179.0, 185.0, 174.0]",0.0,0.0,0.0,0.10000038146972656,-27.93000030517578
1750930111.951637,0.0,0.5,"[174.0, 185.0, 179.0, 155.0, 154.0, 154.0, 156.0, 179.0, 185.0, 174.0]",0.9286768436431885,0.0,-0.004119873046875,0.08189201354980469,-27.93000030517578
1750930111.9822814,0.0,0.5,"[174.0, 185.0, 179.0, 155.0, 154.0, 154.0, 156.0, 180.0, 185.0, 174.0]",0.9789972901344299,0.0,-0.013763427734375,0.06484222412109375,-27.93000030517578
1750930111.9948316,0.0,0.5,"[174.0, 185.0, 179.0, 155.0, 154.0, 154.0, 156.0, 181.0, 185.0, 174.0]",1.0863478183746338,0.0,-0.028717041015625,0.0490875244140625,-27.93000030517578
1750930112.026172,0.0,0.5,"[174.0, 185.0, 179.0, 156.0, 154.0, 154.0, 156.0, 181.0, 185.0, 174.0]",1.2128260135650635,0.0,-0.048309326171875,0.034786224365234375,-27.929946899414062
1750930112.0388286,0.0,0.5,"[174.0, 185.0, 180.0, 156.0, 154.0, 154.0, 156.0, 181.0, 185.0, 174.0]",1.2105792760849,0.0,-0.06890869140625,0.02204132080078125,-27.929977416992188
1750930112.0517888,0.0,0.5,"[174.0, 185.0, 180.0, 156.0, 154.0, 154.0, 156.0, 181.0, 185.0, 174.0]",1.2014983892440796,0.0,-0.090179443359375,0.010894775390625,-27.92998504638672
1750930112.0826719,0.0,0.0,"[174.0, 185.0, 181.0, 156.0, 154.0, 155.0, 156.0, 181.0, 185.0, 174.0]",1.2522950172424316,0.0,-0.11334228515625,0.0013484954833984375,-27.929969787597656
1750930112.0958421,0.0,0.0,"[174.0, 185.0, 181.0, 156.0, 154.0, 155.0, 158.0, 181.0, 185.0, 174.0]",1.0007166862487793,0.0,-0.131683349609375,-0.0066356658935546875,-27.929954528808594
1750930112.1266813,0.0,0.0,"[174.0, 185.0, 181.0, 156.0, 154.0, 155.0, 158.0, 183.0, 185.0, 174.0]",0.6999369263648987,0.0,-0.14410400390625,-0.01313018798828125,-27.929946899414062
1750930112.13959,0.0,0.0,"[174.0, 185.0, 181.0, 156.0, 154.0, 155.0, 158.0, 183.0, 185.0, 174.0]",0.4146832227706909,0.0,-0.150634765625,-0.018224716186523438,-27.92993927001953
1750930112.151837,0.0,0.0,"[174.0, 185.0, 181.0, 156.0, 154.0, 155.0, 158.0, 183.0, 185.0, 174.0]",0.27183738350868225,0.0,-0.154510498046875,-0.022035598754882812,-27.92993927001953
1750930112.1829333,0.0,0.0,"[174.0, 185.0, 181.0, 156.0, 154.0, 155.0, 158.0, 183.0, 185.0, 174.0]",0.1335153728723526,0.0,-0.15460205078125,-0.024682998657226562,-27.930274963378906
1750930112.195344,0.0,0.0,"[174.0, 185.0, 181.0, 156.0, 154.0, 155.0, 158.0, 183.0, 185.0, 174.0]",0.10427512228488922,0.0,-0.154571533203125,-0.026300430297851562,-27.928955078125
1750930112.2259529,0.0,0.0,"[174.0, 185.0, 181.0, 156.0, 154.0, 154.0, 158.0, 183.0, 185.0, 174.0]",0.16590803861618042,0.0,-0.154571533203125,-0.027021408081054688,-27.93219757080078
1750930112.2386363,0.0,0.0,"[174.0, 185.0, 181.0, 156.0, 154.0, 154.0, 158.0, 183.0, 185.0, 174.0]",0.19413915276527405,0.0,-0.154571533203125,-0.0269775390625,-27.936080932617188
1750930112.2511487,0.0,0.0,"[174.0, 185.0, 181.0, 156.0, 154.0, 154.0, 158.0, 183.0, 185.0, 174.0]",0.2539895474910736,0.0,-0.154571533203125,-0.02629852294921875,-27.941116333007812
1750930112.2819438,0.0,0.0,"[174.0, 185.0, 181.0, 156.0, 154.0, 154.0, 158.0, 183.0, 185.0, 174.0]",0.224299356341362,0.0,-0.154571533203125,-0.025106430053710938,-27.936790466308594
1750930112.2948751,0.0,0.0,"[174.0, 185.0, 181.0, 156.0, 154.0, 154.0, 156.0, 181.0, 185.0, 174.0]",0.10064574331045151,0.0,-0.154571533203125,-0.023515701293945312,-27.93555450439453
1750930112.3254235,0.0,0.0,"[174.0, 185.0, 181.0, 156.0, 154.0, 154.0, 156.0, 181.0, 185.0, 174.0]",0.19601136445999146,0.0,-0.154571533203125,-0.021633148193359375,-27.938995361328125
1750930112.338108,0.0,0.0,"[174.0, 185.0, 181.0, 156.0, 154.0, 154.0, 156.0, 181.0, 185.0, 174.0]",0.19507896900177002,0.0,-0.154571533203125,-0.019550323486328125,-27.942291259765625
1750930112.3509107,0.0,0.0,"[174.0, 185.0, 181.0, 156.0, 154.0, 154.0, 156.0, 181.0, 185.0, 174.0]",0.15668708086013794,0.0,-0.154571533203125,-0.017351150512695312,-27.94452667236328
1750930112.3816707,0.0,0.0,"[174.0, 185.0, 181.0, 156.0, 154.0, 154.0, 156.0, 181.0, 185.0, 174.0]",0.22755230963230133,0.0,-0.154541015625,-0.015110015869140625,-27.940567016601562
1750930112.3942406,0.0,0.0,"[174.0, 185.0, 181.0, 156.0, 154.0, 154.0, 156.0, 181.0, 185.0, 174.0]",0.16034774482250214,0.0,-0.154571533203125,-0.01288604736328125,-27.938262939453125
1750930112.425789,0.0,0.0,"[174.0, 185.0, 181.0, 156.0, 154.0, 154.0, 156.0, 181.0, 185.0, 174.0]",0.20915549993515015,0.0,-0.154571533203125,-0.010728836059570312,-27.94184112548828
1750930112.4385414,0.0,0.0,"[174.0, 185.0, 181.0, 156.0, 154.0, 154.0, 156.0, 181.0, 185.0, 174.0]",0.16174347698688507,0.0,-0.154571533203125,-0.008680343627929688,-27.944351196289062
1750930112.4501317,0.0,0.0,"[174.0, 185.0, 181.0, 156.0, 154.0, 154.0, 156.0, 181.0, 185.0, 174.0]",0.1644965261220932,0.0,-0.154541015625,-0.006771087646484375,-27.941665649414062
1750930112.4808986,0.0,0.0,"[174.0, 185.0, 181.0, 156.0, 154.0, 154.0, 156.0, 181.0, 185.0, 174.0]",0.10669593513011932,0.0,-0.154541015625,-0.0050220489501953125,-27.942893981933594
1750930112.4930978,0.0,0.0,"[174.0, 185.0, 181.0, 156.0, 154.0, 154.0, 156.0, 181.0, 185.0, 174.0]",0.19183695316314697,0.0,-0.154541015625,-0.0034503936767578125,-27.93939208984375
1750930112.524045,0.0,0.0,"[174.0, 185.0, 181.0, 156.0, 154.0, 154.0, 156.0, 181.0, 185.0, 174.0]",0.12720364332199097,0.0,-0.154541015625,-0.002063751220703125,-27.937255859375
1750930112.5366983,0.0,0.0,"[174.0, 185.0, 181.0, 156.0, 154.0, 154.0, 156.0, 181.0, 185.0, 174.0]",0.19321495294570923,0.0,-0.154541015625,-0.0008640289306640625,-27.940933227539062
1750930112.5590143,0.0,0.0,"[174.0, 185.0, 181.0, 156.0, 154.0, 154.0, 156.0, 181.0, 185.0, 174.0]",0.12436618655920029,0.0,-0.154541015625,0.000152587890625,-27.943206787109375
1750930112.571815,0.0,0.0,"[174.0, 185.0, 181.0, 156.0, 154.0, 154.0, 156.0, 181.0, 185.0, 174.0]",0.18304668366909027,0.0,-0.154541015625,0.0009899139404296875,-27.93963623046875
1750930112.60238,0.0,0.0,"[174.0, 185.0, 180.0, 156.0, 154.0, 154.0, 156.0, 181.0, 185.0, 174.0]",0.1179201677441597,0.0,-0.154541015625,0.001659393310546875,-27.9373779296875
1750930112.6155267,0.0,0.0,"[174.0, 185.0, 181.0, 156.0, 154.0, 154.0, 156.0, 181.0, 185.0, 174.0]",0.1831078976392746,0.0,-0.154541015625,0.00217437744140625,-27.941001892089844
1750930112.6459475,0.0,0.0,"[174.0, 185.0, 181.0, 156.0, 154.0, 154.0, 156.0, 181.0, 185.0, 174.0]",0.12056686729192734,0.0,-0.154541015625,0.0025463104248046875,-27.943389892578125
1750930112.6589584,0.0,0.0,"[174.0, 185.0, 181.0, 156.0, 154.0, 154.0, 156.0, 181.0, 185.0, 174.0]",0.16650569438934326,0.0,-0.154541015625,0.0027904510498046875,-27.9400634765625
1750930112.672026,0.0,0.0,"[174.0, 185.0, 181.0, 156.0, 154.0, 154.0, 156.0, 181.0, 185.0, 174.0]",0.09160219132900238,0.0,-0.154541015625,0.00292205810546875,-27.93824005126953
1750930112.703049,0.0,0.0,"[174.0, 185.0, 181.0, 156.0, 154.0, 154.0, 156.0, 181.0, 185.0, 174.0]",0.20153756439685822,0.0,-0.154541015625,0.0029582977294921875,-27.94226837158203
1750930112.716585,0.0,0.0,"[174.0, 185.0, 181.0, 156.0, 154.0, 154.0, 156.0, 181.0, 185.0, 174.0]",0.08908487111330032,0.0,-0.154541015625,0.0029144287109375,-27.944046020507812
1750930112.7394984,0.0,0.0,"[174.0, 185.0, 181.0, 156.0, 154.0, 154.0, 156.0, 181.0, 185.0, 174.0]",0.20350153744220734,0.0,-0.154541015625,0.002803802490234375,-27.939979553222656
1750930112.7522175,0.0,0.0,"[174.0, 185.0, 181.0, 156.0, 154.0, 154.0, 156.0, 181.0, 185.0, 174.0]",0.08416586369276047,0.0,-0.154541015625,0.0026397705078125,-27.938308715820312
1750930112.7830791,0.0,0.0,"[174.0, 185.0, 181.0, 156.0, 154.0, 154.0, 156.0, 181.0, 185.0, 174.0]",0.19835950434207916,0.0,-0.154541015625,0.0024356842041015625,-27.94226837158203
1750930112.7955065,0.0,0.0,"[174.0, 185.0, 181.0, 156.0, 154.0, 154.0, 156.0, 181.0, 185.0, 174.0]",0.11218276619911194,0.0,-0.154541015625,0.0022029876708984375,-27.944503784179688
1750930112.8266826,0.0,0.0,"[174.0, 185.0, 181.0, 156.0, 154.0, 154.0, 156.0, 181.0, 185.0, 174.0]",0.19187726080417633,0.0,-0.154541015625,0.001953125,-27.940673828125
1750930112.839479,0.0,0.0,"[174.0, 185.0, 181.0, 156.0, 154.0, 154.0, 156.0, 181.0, 185.0, 174.0]",0.13462892174720764,0.0,-0.154541015625,0.0016937255859375,-27.93798828125
1750930112.8521204,0.0,0.0,"[174.0, 185.0, 181.0, 156.0, 154.0, 154.0, 156.0, 181.0, 185.0, 174.0]",0.0910961702466011,0.0,-0.154571533203125,0.0014324188232421875,-27.939788818359375
1750930112.882498,0.0,0.0,"[174.0, 185.0, 181.0, 156.0, 154.0, 154.0, 156.0, 181.0, 185.0, 174.0]",0.21117675304412842,0.0,-0.154541015625,0.0011768341064453125,-27.935577392578125
1750930112.8954194,0.0,0.0,"[174.0, 185.0, 181.0, 156.0, 154.0, 154.0, 156.0, 181.0, 185.0, 174.0]",0.055620692670345306,0.0,-0.154571533203125,0.0009326934814453125,-27.934494018554688
1750930112.9270205,0.0,0.0,"[174.0, 185.0, 181.0, 156.0, 154.0, 154.0, 156.0, 181.0, 185.0, 174.0]",0.18524128198623657,0.0,-0.154571533203125,0.000701904296875,-27.938186645507812
1750930112.9400878,0.0,0.0,"[174.0, 185.0, 181.0, 156.0, 154.0, 154.0, 156.0, 181.0, 185.0, 174.0]",0.14665347337722778,0.0,-0.154571533203125,0.00048828125,-27.941116333007812
1750930112.9533045,0.0,0.0,"[174.0, 185.0, 181.0, 156.0, 154.0, 154.0, 156.0, 181.0, 185.0, 174.0]",0.009879982098937035,0.0,-0.154541015625,0.000293731689453125,-27.94115447998047
1750930112.9843593,0.0,0.0,"[174.0, 185.0, 181.0, 156.0, 154.0, 154.0, 156.0, 181.0, 185.0, 174.0]",0.013494943268597126,0.0,-0.154571533203125,0.0001220703125,-27.940948486328125
1750930112.9971592,0.0,0.0,"[174.0, 185.0, 181.0, 156.0, 154.0, 154.0, 156.0, 181.0, 185.0, 174.0]",0.09357689321041107,0.0,-0.154541015625,-2.86102294921875e-05,-27.94281005859375
1750930113.0194006,0.0,0.0,"[174.0, 185.0, 181.0, 156.0, 154.0, 154.0, 156.0, 181.0, 185.0, 174.0]",0.2127932459115982,0.0,-0.154541015625,-0.0001583099365234375,-27.938560485839844
1750930113.0329285,0.0,0.0,"[174.0, 185.0, 181.0, 156.0, 154.0, 154.0, 156.0, 181.0, 185.0, 174.0]",0.04619663953781128,0.0,-0.154571533203125,-0.00026702880859375,-27.937644958496094
1750930113.0638657,0.0,0.0,"[174.0, 185.0, 181.0, 156.0, 154.0, 154.0, 156.0, 181.0, 185.0, 174.0]",0.20597346127033234,0.0,-0.154571533203125,-0.000354766845703125,-27.941757202148438
1750930113.076701,0.0,0.0,"[174.0, 185.0, 181.0, 156.0, 154.0, 154.0, 156.0, 181.0, 185.0, 174.0]",0.07998890429735184,0.0,-0.154541015625,-0.000423431396484375,-27.943359375
1750930113.0993128,0.0,0.0,"[174.0, 185.0, 181.0, 156.0, 154.0, 154.0, 156.0, 181.0, 185.0, 174.0]",0.19194859266281128,0.0,-0.154541015625,-0.0004749298095703125,-27.93952178955078
1750930113.1120422,0.0,0.0,"[174.0, 185.0, 181.0, 156.0, 154.0, 154.0, 156.0, 181.0, 185.0, 174.0]",0.1384815275669098,0.0,-0.154571533203125,-0.00051116943359375,-27.936752319335938
1750930113.143063,0.0,0.0,"[174.0, 185.0, 181.0, 156.0, 154.0, 154.0, 156.0, 181.0, 185.0, 174.0]",0.056174296885728836,0.0,-0.154571533203125,-0.0005340576171875,-27.93787384033203
1750930113.1561584,0.0,0.0,"[174.0, 185.0, 181.0, 156.0, 154.0, 154.0, 156.0, 181.0, 185.0, 174.0]",0.17918705940246582,0.0,-0.154571533203125,-0.0005435943603515625,-27.934288024902344
1750930113.1858845,0.0,0.0,"[174.0, 185.0, 180.0, 156.0, 154.0, 154.0, 156.0, 181.0, 185.0, 174.0]",0.14364656805992126,0.0,-0.154571533203125,-0.0005435943603515625,-27.931419372558594
1750930113.1987855,0.0,0.0,"[174.0, 185.0, 180.0, 156.0, 154.0, 154.0, 156.0, 181.0, 185.0, 174.0]",0.0158634502440691,0.0,-0.154571533203125,-0.0005340576171875,-27.931732177734375
1750930113.210808,0.0,0.0,"[174.0, 185.0, 180.0, 156.0, 154.0, 154.0, 156.0, 181.0, 185.0, 174.0]",0.16404224932193756,0.0,-0.154571533203125,-0.000518798828125,-27.928451538085938
1750930113.2423089,0.0,0.0,"[174.0, 185.0, 180.0, 156.0, 154.0, 154.0, 156.0, 181.0, 185.0, 174.0]",0.09749678522348404,0.0,-0.154571533203125,-0.0004978179931640625,-27.92650604248047
1750930113.2552161,0.0,0.0,"[174.0, 185.0, 180.0, 156.0, 154.0, 154.0, 156.0, 181.0, 185.0, 174.0]",0.20792484283447266,0.0,-0.154571533203125,-0.0004730224609375,-27.9306640625
1750930113.2860227,0.0,0.0,"[174.0, 185.0, 180.0, 156.0, 154.0, 154.0, 156.0, 181.0, 185.0, 174.0]",0.06756536662578583,0.0,-0.154571533203125,-0.0004444122314453125,-27.93201446533203
1750930113.2995183,0.0,0.0,"[174.0, 185.0, 180.0, 156.0, 154.0, 154.0, 156.0, 181.0, 185.0, 174.0]",0.17416179180145264,0.0,-0.154571533203125,-0.0004138946533203125,-27.92852783203125
1750930113.3123198,0.0,0.0,"[174.0, 185.0, 180.0, 156.0, 154.0, 154.0, 156.0, 181.0, 185.0, 174.0]",0.1338062584400177,0.0,-0.154571533203125,-0.000385284423828125,-27.925857543945312
1750930113.3426907,0.0,0.0,"[174.0, 185.0, 180.0, 156.0, 154.0, 154.0, 156.0, 181.0, 185.0, 174.0]",0.09206277132034302,0.0,-0.154571533203125,-0.000354766845703125,-27.927696228027344
1750930113.355497,0.0,0.0,"[174.0, 185.0, 180.0, 156.0, 154.0, 154.0, 156.0, 181.0, 185.0, 174.0]",0.21063517034053802,0.0,-0.154571533203125,-0.0003261566162109375,-27.923477172851562
1750930113.3860736,0.0,0.0,"[174.0, 185.0, 180.0, 156.0, 154.0, 154.0, 156.0, 181.0, 185.0, 174.0]",0.05371129512786865,0.0,-0.154571533203125,-0.00029754638671875,-27.922409057617188
1750930113.3986235,0.0,0.0,"[174.0, 185.0, 180.0, 156.0, 154.0, 154.0, 156.0, 181.0, 185.0, 174.0]",0.18605123460292816,0.0,-0.15460205078125,-0.000270843505859375,-27.926132202148438
1750930113.4116137,0.0,0.0,"[174.0, 185.0, 180.0, 156.0, 154.0, 154.0, 156.0, 181.0, 185.0, 174.0]",0.1427166610956192,0.0,-0.154571533203125,-0.000247955322265625,-27.928985595703125
1750930113.4426177,0.0,0.0,"[174.0, 185.0, 180.0, 156.0, 154.0, 154.0, 156.0, 181.0, 185.0, 174.0]",0.021965309977531433,0.0,-0.154571533203125,-0.0002269744873046875,-27.928543090820312
1750930113.4552648,0.0,0.0,"[174.0, 185.0, 180.0, 156.0, 154.0, 154.0, 156.0, 181.0, 185.0, 174.0]",0.19052614271640778,0.0,-0.154571533203125,-0.0002079010009765625,-27.932357788085938
1750930113.485967,0.0,0.0,"[174.0, 185.0, 180.0, 156.0, 154.0, 154.0, 156.0, 181.0, 185.0, 174.0]",0.1378060132265091,0.0,-0.154571533203125,-0.00019073486328125,-27.93511199951172
1750930113.4989014,0.0,0.0,"[174.0, 185.0, 180.0, 156.0, 154.0, 154.0, 156.0, 181.0, 185.0, 174.0]",0.05951600894331932,0.0,-0.154571533203125,-0.0001773834228515625,-27.933921813964844
1750930113.5108812,0.0,0.0,"[174.0, 185.0, 181.0, 156.0, 154.0, 154.0, 156.0, 181.0, 185.0, 174.0]",0.17597118020057678,0.0,-0.154571533203125,-0.0001659393310546875,-27.93743896484375
1750930113.5414126,0.0,0.0,"[174.0, 185.0, 181.0, 156.0, 154.0, 154.0, 156.0, 181.0, 185.0, 174.0]",0.13678857684135437,0.0,-0.154571533203125,-0.000156402587890625,-27.940170288085938
1750930113.553788,0.0,0.0,"[174.0, 185.0, 181.0, 156.0, 154.0, 154.0, 156.0, 181.0, 185.0, 174.0]",0.06772929430007935,0.0,-0.154541015625,-0.000148773193359375,-27.938819885253906
1750930113.5845747,0.0,0.0,"[174.0, 185.0, 181.0, 156.0, 154.0, 154.0, 156.0, 181.0, 185.0, 174.0]",0.17423692345619202,0.0,-0.154541015625,-0.0001430511474609375,-27.942306518554688
1750930113.5972247,0.0,0.0,"[174.0, 185.0, 181.0, 156.0, 154.0, 154.0, 156.0, 181.0, 185.0, 174.0]",0.1333576738834381,0.0,-0.154541015625,-0.000141143798828125,-27.944969177246094
1750930113.6185825,0.0,0.0,"[174.0, 185.0, 181.0, 156.0, 154.0, 154.0, 156.0, 181.0, 185.0, 174.0]",0.0953744649887085,0.0,-0.154541015625,-0.0001392364501953125,-27.94306182861328
1750930113.631518,0.0,0.0,"[174.0, 185.0, 181.0, 156.0, 154.0, 154.0, 156.0, 181.0, 185.0, 174.0]",0.20972758531570435,0.0,-0.154541015625,-0.0001373291015625,-27.94725799560547
1750930113.6620567,0.0,0.0,"[174.0, 185.0, 181.0, 156.0, 154.0, 154.0, 156.0, 181.0, 185.0, 174.0]",0.058168694376945496,0.0,-0.154541015625,-0.0001373291015625,-27.94842529296875
1750930113.674701,0.0,0.0,"[174.0, 185.0, 181.0, 156.0, 154.0, 154.0, 156.0, 181.0, 185.0, 174.0]",0.17806456983089447,0.0,-0.154541015625,-0.0001392364501953125,-27.944862365722656
1750930113.7055259,0.0,0.0,"[174.0, 185.0, 181.0, 156.0, 154.0, 154.0, 156.0, 181.0, 185.0, 174.0]",0.14045138657093048,0.0,-0.154541015625,-0.000141143798828125,-27.942047119140625
1750930113.7180707,0.0,0.0,"[174.0, 185.0, 181.0, 156.0, 154.0, 154.0, 156.0, 181.0, 185.0, 174.0]",0.03889135643839836,0.0,-0.154541015625,-0.00014495849609375,-27.942825317382812
1750930113.7312899,0.0,0.0,"[174.0, 185.0, 181.0, 156.0, 154.0, 154.0, 156.0, 181.0, 185.0, 174.0]",0.20942269265651703,0.0,-0.154541015625,-0.0001468658447265625,-27.938644409179688
1750930113.7623312,0.0,0.0,"[174.0, 185.0, 181.0, 156.0, 154.0, 154.0, 156.0, 181.0, 185.0, 174.0]",0.05973000451922417,0.0,-0.154541015625,-0.0001506805419921875,-27.93744659423828
1750930113.7747874,0.0,0.0,"[174.0, 185.0, 181.0, 156.0, 154.0, 154.0, 156.0, 181.0, 185.0, 174.0]",0.17668525874614716,0.0,-0.154541015625,-0.0001544952392578125,-27.94097900390625
1750930113.8060038,0.0,0.0,"[174.0, 185.0, 181.0, 156.0, 154.0, 154.0, 156.0, 181.0, 185.0, 174.0]",0.13855040073394775,0.0,-0.154541015625,-0.000156402587890625,-27.943756103515625
1750930113.8190844,0.0,0.0,"[174.0, 185.0, 181.0, 156.0, 154.0, 154.0, 156.0, 181.0, 185.0, 174.0]",0.053844090551137924,0.0,-0.154541015625,-0.00016021728515625,-27.942672729492188
1750930113.8309572,0.0,0.0,"[174.0, 185.0, 181.0, 156.0, 154.0, 154.0, 156.0, 181.0, 185.0, 174.0]",0.18408158421516418,0.0,-0.154541015625,-0.000164031982421875,-27.94635772705078
1750930113.8619359,0.0,0.0,"[174.0, 185.0, 181.0, 156.0, 154.0, 154.0, 156.0, 181.0, 185.0, 174.0]",0.14379803836345673,0.0,-0.154541015625,-0.0001678466796875,-27.949234008789062
1750930113.874118,0.0,0.0,"[174.0, 185.0, 181.0, 156.0, 154.0, 154.0, 156.0, 181.0, 185.0, 174.0]",0.014380283653736115,0.0,-0.154510498046875,-0.0001697540283203125,-27.948944091796875
1750930113.9061487,0.0,0.0,"[174.0, 185.0, 181.0, 156.0, 154.0, 154.0, 156.0, 181.0, 185.0, 174.0]",0.14558079838752747,0.0,-0.154541015625,-0.0001735687255859375,-27.951858520507812
1750930113.919851,0.0,0.0,"[174.0, 185.0, 181.0, 156.0, 154.0, 154.0, 156.0, 181.0, 185.0, 174.0]",0.00017400298384018242,0.0,-0.154541015625,-0.00017547607421875,-27.951858520507812
1750930113.9324327,0.0,0.0,"[174.0, 185.0, 181.0, 156.0, 154.0, 154.0, 156.0, 181.0, 185.0, 174.0]",0.0004110843874514103,0.0,-0.154541015625,-0.0001773834228515625,-27.951858520507812
1750930113.963298,0.0,0.0,"[174.0, 185.0, 181.0, 156.0, 154.0, 154.0, 156.0, 181.0, 185.0, 174.0]",0.0012079215375706553,0.0,-0.154541015625,-0.000179290771484375,-27.95183563232422
1750930113.9765487,0.0,0.0,"[174.0, 185.0, 181.0, 156.0, 154.0, 154.0, 156.0, 181.0, 185.0, 174.0]",0.00397011823952198,0.0,-0.154541015625,-0.0001811981201171875,-27.951919555664062
1750930114.007262,0.0,0.0,"[174.0, 185.0, 181.0, 156.0, 154.0, 154.0, 156.0, 181.0, 185.0, 174.0]",0.017766576260328293,0.0,-0.154541015625,-0.0001811981201171875,-27.951560974121094
1750930114.0208063,0.0,0.0,"[174.0, 185.0, 181.0, 156.0, 154.0, 154.0, 156.0, 181.0, 185.0, 174.0]",0.20579373836517334,0.0,-0.154541015625,-0.00018310546875,-27.95568084716797
1750930114.0345287,0.0,0.0,"[174.0, 185.0, 181.0, 156.0, 154.0, 154.0, 156.0, 181.0, 185.0, 174.0]",0.0782783254981041,0.0,-0.154541015625,-0.00018310546875,-27.957244873046875
