timestamp,steering_input,acceleration_input,raycasts,speed,steering,position_x,position_y,position_z
1750930241.408027,0.0,0.0,"[174.0, 185.0, 227.0, 295.0, 259.0, 259.0, 295.0, 227.0, 185.0, 174.0]",0.0,0.0,0.0,0.10000038146972656,-27.93000030517578
1750930241.5304403,0.0,0.0,"[174.0, 185.0, 178.0, 155.0, 154.0, 154.0, 156.0, 179.0, 185.0, 174.0]",0.1431841105222702,0.0,0.0,0.097137451171875,-27.93000030517578
1750930241.554949,0.0,0.0,"[174.0, 185.0, 178.0, 155.0, 154.0, 154.0, 156.0, 179.0, 185.0, 174.0]",0.2360968291759491,0.0,0.0,0.09241485595703125,-27.93000030517578
1750930241.5944233,0.0,0.0,"[174.0, 185.0, 179.0, 155.0, 154.0, 154.0, 156.0, 179.0, 185.0, 174.0]",0.30777978897094727,0.0,0.0,0.08625984191894531,-27.93000030517578
1750930241.6101887,0.0,0.0,"[174.0, 185.0, 179.0, 155.0, 154.0, 154.0, 156.0, 179.0, 185.0, 174.0]",0.36006540060043335,0.0,0.0,0.07905769348144531,-27.93000030517578
1750930241.6256406,0.0,0.0,"[174.0, 185.0, 179.0, 155.0, 154.0, 154.0, 156.0, 179.0, 185.0, 174.0]",0.3949472904205322,0.0,0.0,0.07115936279296875,-27.93000030517578
1750930241.6412168,0.0,0.0,"[174.0, 185.0, 179.0, 155.0, 154.0, 154.0, 156.0, 180.0, 185.0, 174.0]",0.41450235247612,0.0,0.0,0.06286811828613281,-27.93000030517578
1750930241.6566432,0.0,0.0,"[174.0, 185.0, 179.0, 155.0, 154.0, 154.0, 156.0, 180.0, 185.0, 174.0]",0.42082807421684265,0.0,0.0,0.05445289611816406,-27.93000030517578
1750930241.68416,0.0,0.0,"[174.0, 185.0, 179.0, 155.0, 154.0, 154.0, 156.0, 181.0, 185.0, 174.0]",0.41598936915397644,0.0,0.0,0.04613304138183594,-27.93000030517578
1750930241.6993656,0.0,0.0,"[174.0, 185.0, 179.0, 155.0, 154.0, 154.0, 156.0, 181.0, 185.0, 174.0]",0.4019714593887329,0.0,0.0,0.03809356689453125,-27.93000030517578
1750930241.7151577,0.0,0.0,"[174.0, 185.0, 179.0, 156.0, 154.0, 154.0, 156.0, 181.0, 185.0, 174.0]",0.3806484043598175,0.0,0.0,0.03047943115234375,-27.93000030517578
1750930241.7545645,0.0,0.0,"[174.0, 185.0, 180.0, 156.0, 154.0, 154.0, 156.0, 181.0, 185.0, 174.0]",0.3537571132183075,0.0,0.0,0.023405075073242188,-27.93000030517578
1750930241.7712657,0.0,0.0,"[174.0, 185.0, 180.0, 156.0, 154.0, 154.0, 156.0, 181.0, 185.0, 174.0]",0.3228750228881836,0.0,0.0,0.016946792602539062,-27.92999267578125
1750930241.7873585,0.0,0.0,"[174.0, 185.0, 180.0, 156.0, 154.0, 154.0, 156.0, 181.0, 185.0, 174.0]",0.28941938281059265,0.0,0.0,0.011159896850585938,-27.930038452148438
1750930241.8046563,0.0,0.0,"[174.0, 185.0, 180.0, 156.0, 154.0, 154.0, 156.0, 181.0, 185.0, 174.0]",0.2562173306941986,0.0,0.0,0.0060672760009765625,-27.929466247558594
1750930241.8204658,0.0,0.0,"[174.0, 185.0, 181.0, 156.0, 154.0, 154.0, 156.0, 181.0, 185.0, 174.0]",0.34839218854904175,0.0,0.0,0.0016765594482421875,-27.93487548828125
1750930241.836119,0.0,0.0,"[174.0, 185.0, 181.0, 156.0, 154.0, 154.0, 156.0, 181.0, 185.0, 174.0]",0.255353718996048,0.0,0.0,-0.0020236968994140625,-27.931358337402344
1750930241.8627536,0.0,0.0,"[174.0, 185.0, 181.0, 156.0, 154.0, 154.0, 156.0, 181.0, 185.0, 174.0]",0.2815416157245636,0.0,0.0,-0.0050601959228515625,-27.926612854003906
1750930241.8783984,0.0,0.0,"[174.0, 185.0, 181.0, 156.0, 154.0, 154.0, 156.0, 181.0, 185.0, 174.0]",0.15634490549564362,0.0,0.0,-0.007472991943359375,-27.928604125976562
1750930241.893575,0.0,0.0,"[174.0, 185.0, 181.0, 156.0, 154.0, 154.0, 156.0, 181.0, 185.0, 174.0]",0.27455902099609375,0.0,0.0,-0.009307861328125,-27.923431396484375
1750930241.9327686,0.0,0.0,"[174.0, 185.0, 181.0, 156.0, 154.0, 154.0, 156.0, 181.0, 185.0, 174.0]",0.2245660424232483,0.0,0.0,-0.010616302490234375,-27.92772674560547
1750930241.9482832,0.0,0.0,"[174.0, 185.0, 181.0, 156.0, 154.0, 154.0, 156.0, 181.0, 185.0, 174.0]",0.08891011029481888,0.0,0.0,-0.011455535888671875,-27.929290771484375
1750930241.9641106,0.0,0.0,"[174.0, 185.0, 181.0, 156.0, 154.0, 154.0, 156.0, 181.0, 185.0, 174.0]",0.1896505206823349,0.0,0.0,-0.011884689331054688,-27.925521850585938
1750930241.9799445,0.0,0.0,"[174.0, 185.0, 181.0, 156.0, 154.0, 154.0, 156.0, 181.0, 185.0, 174.0]",0.2066076397895813,0.0,0.0,-0.011960983276367188,-27.92139434814453
1750930241.9965415,0.0,0.0,"[174.0, 185.0, 181.0, 156.0, 154.0, 154.0, 156.0, 181.0, 185.0, 174.0]",0.12101753056049347,0.0,0.0,-0.011743545532226562,-27.918983459472656
1750930242.023801,0.0,0.0,"[174.0, 185.0, 181.0, 156.0, 154.0, 154.0, 156.0, 181.0, 185.0, 174.0]",0.19259010255336761,0.0,0.0,-0.011285781860351562,-27.922805786132812
1750930242.038983,0.0,0.0,"[174.0, 185.0, 181.0, 156.0, 154.0, 154.0, 156.0, 181.0, 185.0, 174.0]",0.17800575494766235,0.0,0.0,-0.010637283325195312,-27.926307678222656
1750930242.0546262,0.0,0.0,"[174.0, 185.0, 181.0, 156.0, 154.0, 154.0, 156.0, 181.0, 185.0, 174.0]",0.16013549268245697,0.0,0.0,-0.009847640991210938,-27.929412841796875
1750930242.0936804,0.0,0.0,"[174.0, 185.0, 181.0, 156.0, 154.0, 154.0, 156.0, 181.0, 185.0, 174.0]",0.07219173014163971,0.0,0.0,-0.0089569091796875,-27.9305419921875
1750930242.1091087,0.0,0.0,"[174.0, 185.0, 181.0, 156.0, 154.0, 154.0, 156.0, 181.0, 185.0, 174.0]",0.1852148175239563,0.0,0.0,-0.008007049560546875,-27.926963806152344
1750930242.1251802,0.0,0.0,"[174.0, 185.0, 181.0, 156.0, 154.0, 154.0, 156.0, 181.0, 185.0, 174.0]",0.15632963180541992,0.0,0.0,-0.00702667236328125,-27.923995971679688
1750930242.140836,0.0,0.0,"[174.0, 185.0, 181.0, 156.0, 154.0, 154.0, 156.0, 181.0, 185.0, 174.0]",0.051327187567949295,0.0,0.0,-0.0060482025146484375,-27.923690795898438
1750930242.1565166,0.0,0.0,"[174.0, 185.0, 181.0, 156.0, 154.0, 154.0, 156.0, 181.0, 185.0, 174.0]",0.15988564491271973,0.0,0.0,-0.0050907135009765625,-27.926742553710938
1750930242.183268,0.0,0.0,"[174.0, 185.0, 181.0, 156.0, 154.0, 154.0, 156.0, 181.0, 185.0, 174.0]",0.057914745062589645,0.0,0.0,-0.004177093505859375,-27.927452087402344
1750930242.198303,0.0,0.0,"[174.0, 185.0, 181.0, 156.0, 154.0, 154.0, 156.0, 181.0, 185.0, 174.0]",0.19991879165172577,0.0,0.0,-0.0033206939697265625,-27.923545837402344
1750930242.2131574,0.0,0.0,"[174.0, 185.0, 180.0, 156.0, 154.0, 154.0, 156.0, 181.0, 185.0, 174.0]",0.12208255380392075,0.0,0.0,-0.0025310516357421875,-27.921234130859375
1750930242.251564,0.0,0.0,"[174.0, 185.0, 181.0, 156.0, 154.0, 154.0, 156.0, 181.0, 185.0, 174.0]",0.18461520969867706,0.0,0.0,-0.0018177032470703125,-27.92485809326172
1750930242.266107,0.0,0.0,"[174.0, 185.0, 181.0, 156.0, 154.0, 154.0, 156.0, 181.0, 185.0, 174.0]",0.13355395197868347,0.0,0.0,-0.0011844635009765625,-27.927452087402344
1750930242.2814226,0.0,0.0,"[174.0, 185.0, 181.0, 156.0, 154.0, 154.0, 156.0, 181.0, 185.0, 174.0]",0.11430472135543823,0.0,3.0517578125e-05,-0.00063323974609375,-27.92523193359375
1750930242.2969327,0.0,0.0,"[174.0, 185.0, 181.0, 156.0, 154.0, 154.0, 156.0, 181.0, 185.0, 174.0]",0.18023736774921417,0.0,3.0517578125e-05,-0.0001621246337890625,-27.928810119628906
1750930242.3132668,0.0,0.0,"[174.0, 185.0, 181.0, 156.0, 154.0, 154.0, 156.0, 181.0, 185.0, 174.0]",0.12951964139938354,0.0,3.0517578125e-05,0.0002288818359375,-27.931365966796875
1750930242.353051,0.0,0.0,"[174.0, 185.0, 181.0, 156.0, 154.0, 154.0, 156.0, 181.0, 185.0, 174.0]",0.12480492144823074,0.0,3.0517578125e-05,0.000545501708984375,-27.92889404296875
1750930242.3685248,0.0,0.0,"[174.0, 185.0, 181.0, 156.0, 154.0, 154.0, 156.0, 181.0, 185.0, 174.0]",0.1880124807357788,0.0,3.0517578125e-05,0.0007915496826171875,-27.932647705078125
1750930242.3836927,0.0,0.0,"[174.0, 185.0, 181.0, 156.0, 154.0, 154.0, 156.0, 181.0, 185.0, 174.0]",0.13074220716953278,0.0,6.103515625e-05,0.000972747802734375,-27.935256958007812
1750930242.3996813,0.0,0.0,"[174.0, 185.0, 181.0, 156.0, 154.0, 154.0, 156.0, 181.0, 185.0, 174.0]",0.10936620831489563,0.0,6.103515625e-05,0.0010967254638671875,-27.933074951171875
1750930242.4147522,0.0,0.0,"[174.0, 185.0, 181.0, 156.0, 154.0, 154.0, 156.0, 181.0, 185.0, 174.0]",0.1798066943883896,0.0,6.103515625e-05,0.0011692047119140625,-27.936668395996094
1750930242.4425626,0.0,0.0,"[174.0, 185.0, 181.0, 156.0, 154.0, 154.0, 156.0, 181.0, 185.0, 174.0]",0.1341421902179718,0.0,6.103515625e-05,0.00119781494140625,-27.939346313476562
1750930242.4576788,0.0,0.0,"[174.0, 185.0, 181.0, 156.0, 154.0, 154.0, 156.0, 181.0, 185.0, 174.0]",0.08383754640817642,0.0,9.1552734375e-05,0.0011882781982421875,-27.937667846679688
1750930242.4727225,0.0,0.0,"[174.0, 185.0, 181.0, 156.0, 154.0, 154.0, 156.0, 181.0, 185.0, 174.0]",0.20048488676548004,0.0,9.1552734375e-05,0.001148223876953125,-27.941680908203125
1750930242.511207,0.0,0.0,"[174.0, 185.0, 181.0, 156.0, 154.0, 154.0, 156.0, 181.0, 185.0, 174.0]",0.10169758647680283,0.0,9.1552734375e-05,0.0010833740234375,-27.943710327148438
1750930242.5266247,0.0,0.0,"[174.0, 185.0, 181.0, 156.0, 154.0, 154.0, 156.0, 181.0, 185.0, 174.0]",0.1957578808069229,0.0,9.1552734375e-05,0.00099945068359375,-27.939804077148438
1750930242.5420372,0.0,0.0,"[174.0, 185.0, 181.0, 156.0, 154.0, 154.0, 156.0, 181.0, 185.0, 174.0]",0.1214127317070961,0.0,9.1552734375e-05,0.0009002685546875,-27.9373779296875
1750930242.5583813,0.0,0.0,"[174.0, 185.0, 181.0, 156.0, 154.0, 154.0, 156.0, 181.0, 185.0, 174.0]",0.16332045197486877,0.0,9.1552734375e-05,0.00079345703125,-27.940643310546875
1750930242.5737233,0.0,0.0,"[174.0, 185.0, 181.0, 156.0, 154.0, 154.0, 156.0, 181.0, 185.0, 174.0]",0.09217379242181778,0.0,9.1552734375e-05,0.00067901611328125,-27.942481994628906
1750930242.6123757,0.0,0.0,"[174.0, 185.0, 181.0, 156.0, 154.0, 154.0, 156.0, 181.0, 185.0, 174.0]",0.2105722427368164,0.0,9.1552734375e-05,0.0005645751953125,-27.938270568847656
1750930242.6280525,0.0,0.0,"[174.0, 185.0, 181.0, 156.0, 154.0, 154.0, 156.0, 181.0, 185.0, 174.0]",0.0551212802529335,0.0,9.1552734375e-05,0.0004520416259765625,-27.937171936035156
1750930242.646051,0.0,0.0,"[174.0, 185.0, 181.0, 156.0, 154.0, 154.0, 156.0, 181.0, 185.0, 174.0]",0.18365854024887085,0.0,9.1552734375e-05,0.00034332275390625,-27.940841674804688
1750930242.6618514,0.0,0.0,"[174.0, 185.0, 181.0, 156.0, 154.0, 154.0, 156.0, 181.0, 185.0, 174.0]",0.14489775896072388,0.0,9.1552734375e-05,0.0002384185791015625,-27.943740844726562
1750930242.6772006,0.0,0.0,"[174.0, 185.0, 181.0, 156.0, 154.0, 154.0, 156.0, 181.0, 185.0, 174.0]",0.00901650171726942,0.0,9.1552734375e-05,0.0001430511474609375,-27.943588256835938
1750930242.6923218,0.0,0.0,"[174.0, 185.0, 181.0, 156.0, 154.0, 154.0, 156.0, 181.0, 185.0, 174.0]",0.05505768954753876,0.0,9.1552734375e-05,5.53131103515625e-05,-27.944686889648438
1750930242.7315474,0.0,0.0,"[174.0, 185.0, 181.0, 156.0, 154.0, 154.0, 156.0, 181.0, 185.0, 174.0]",0.17928889393806458,0.0,9.1552734375e-05,-2.288818359375e-05,-27.94110107421875
1750930242.747403,0.0,0.0,"[174.0, 185.0, 181.0, 156.0, 154.0, 154.0, 156.0, 181.0, 185.0, 174.0]",0.14334961771965027,0.0,9.1552734375e-05,-9.34600830078125e-05,-27.938232421875
1750930242.7631063,0.0,0.0,"[174.0, 185.0, 181.0, 156.0, 154.0, 154.0, 156.0, 181.0, 185.0, 174.0]",0.018594011664390564,0.0,6.103515625e-05,-0.000152587890625,-27.9385986328125
1750930242.7783856,0.0,0.0,"[174.0, 185.0, 181.0, 156.0, 154.0, 154.0, 156.0, 181.0, 185.0, 174.0]",0.18376843631267548,0.0,6.103515625e-05,-0.0002040863037109375,-27.934921264648438
1750930242.7935321,0.0,0.0,"[174.0, 185.0, 181.0, 156.0, 154.0, 154.0, 156.0, 181.0, 185.0, 174.0]",0.14541347324848175,0.0,6.103515625e-05,-0.000244140625,-27.93201446533203
1750930242.83451,0.0,0.0,"[174.0, 185.0, 181.0, 156.0, 154.0, 154.0, 156.0, 181.0, 185.0, 174.0]",0.003991772886365652,0.0,6.103515625e-05,-0.000278472900390625,-27.932083129882812
1750930242.8502946,0.0,0.0,"[174.0, 185.0, 181.0, 156.0, 154.0, 154.0, 156.0, 181.0, 185.0, 174.0]",0.01953437738120556,0.0,6.103515625e-05,-0.0003032684326171875,-27.93170166015625
1750930242.8651717,0.0,0.0,"[174.0, 185.0, 181.0, 156.0, 154.0, 154.0, 156.0, 181.0, 185.0, 174.0]",0.20610176026821136,0.0,6.103515625e-05,-0.0003204345703125,-27.935821533203125
1750930242.8804634,0.0,0.0,"[174.0, 185.0, 181.0, 156.0, 154.0, 154.0, 156.0, 181.0, 185.0, 174.0]",0.07742314785718918,0.0,6.103515625e-05,-0.000331878662109375,-27.93737030029297
1750930242.8955226,0.0,0.0,"[174.0, 185.0, 181.0, 156.0, 154.0, 154.0, 156.0, 181.0, 185.0, 174.0]",0.1860668659210205,0.0,6.103515625e-05,-0.000339508056640625,-27.93364715576172
1750930242.9342144,0.0,0.0,"[174.0, 185.0, 181.0, 156.0, 154.0, 154.0, 156.0, 181.0, 185.0, 174.0]",0.14413520693778992,0.0,6.103515625e-05,-0.000339508056640625,-27.930763244628906
1750930242.9494474,0.0,0.0,"[174.0, 185.0, 181.0, 156.0, 154.0, 154.0, 156.0, 181.0, 185.0, 174.0]",0.012180095538496971,0.0,6.103515625e-05,-0.0003376007080078125,-27.931007385253906
1750930242.9643464,0.0,0.0,"[174.0, 185.0, 181.0, 156.0, 154.0, 154.0, 156.0, 181.0, 185.0, 174.0]",0.11553142219781876,0.0,6.103515625e-05,-0.000331878662109375,-27.928695678710938
1750930242.9796982,0.0,0.0,"[174.0, 185.0, 181.0, 156.0, 154.0, 154.0, 156.0, 181.0, 185.0, 174.0]",0.18333488702774048,0.0,6.103515625e-05,-0.0003223419189453125,-27.93236541748047
1750930242.994501,0.0,0.0,"[174.0, 185.0, 181.0, 156.0, 154.0, 154.0, 156.0, 181.0, 185.0, 174.0]",0.14466337859630585,0.0,6.103515625e-05,-0.00031280517578125,-27.935256958007812
1750930243.0332825,0.0,0.0,"[174.0, 185.0, 181.0, 156.0, 154.0, 154.0, 156.0, 181.0, 185.0, 174.0]",0.008341189473867416,0.0,9.1552734375e-05,-0.000301361083984375,-27.935089111328125
1750930243.0488374,0.0,0.0,"[174.0, 185.0, 181.0, 156.0, 154.0, 154.0, 156.0, 181.0, 185.0, 174.0]",0.062055353075265884,0.0,6.103515625e-05,-0.0002880096435546875,-27.93633270263672
1750930243.0640295,0.0,0.0,"[174.0, 185.0, 181.0, 156.0, 154.0, 154.0, 156.0, 181.0, 185.0, 174.0]",0.17434844374656677,0.0,6.103515625e-05,-0.000274658203125,-27.932846069335938
1750930243.0790126,0.0,0.0,"[174.0, 185.0, 181.0, 156.0, 154.0, 154.0, 156.0, 181.0, 185.0, 174.0]",0.13407662510871887,0.0,6.103515625e-05,-0.0002613067626953125,-27.93016815185547
1750930243.0940967,0.0,0.0,"[174.0, 185.0, 181.0, 156.0, 154.0, 154.0, 156.0, 181.0, 185.0, 174.0]",0.08983200043439865,0.0,6.103515625e-05,-0.000247955322265625,-27.931961059570312
1750930243.1332107,0.0,0.0,"[174.0, 185.0, 181.0, 156.0, 154.0, 154.0, 156.0, 181.0, 185.0, 174.0]",0.21000729501247406,0.0,6.103515625e-05,-0.00023651123046875,-27.927764892578125
1750930243.1482341,0.0,0.0,"[174.0, 185.0, 181.0, 156.0, 154.0, 154.0, 156.0, 181.0, 185.0, 174.0]",0.056724581867456436,0.0,3.0517578125e-05,-0.000225067138671875,-27.92662811279297
1750930243.1639726,0.0,0.0,"[174.0, 185.0, 181.0, 156.0, 154.0, 154.0, 156.0, 181.0, 185.0, 174.0]",0.17987388372421265,0.0,3.0517578125e-05,-0.000213623046875,-27.930221557617188
1750930243.1790671,0.0,0.0,"[174.0, 185.0, 181.0, 156.0, 154.0, 154.0, 156.0, 181.0, 185.0, 174.0]",0.14243344962596893,0.0,6.103515625e-05,-0.0002040863037109375,-27.933074951171875
1750930243.1941144,0.0,0.0,"[174.0, 185.0, 181.0, 156.0, 154.0, 154.0, 156.0, 181.0, 185.0, 174.0]",0.023973817005753517,0.0,6.103515625e-05,-0.000194549560546875,-27.932594299316406
1750930243.232098,0.0,0.0,"[174.0, 185.0, 181.0, 156.0, 154.0, 154.0, 156.0, 181.0, 185.0, 174.0]",0.18901419639587402,0.0,6.103515625e-05,-0.000186920166015625,-27.936378479003906
1750930243.2474384,0.0,0.0,"[174.0, 185.0, 181.0, 156.0, 154.0, 154.0, 156.0, 181.0, 185.0, 174.0]",0.14030884206295013,0.0,6.103515625e-05,-0.0001811981201171875,-27.939178466796875
1750930243.2632933,0.0,0.0,"[174.0, 185.0, 181.0, 156.0, 154.0, 154.0, 156.0, 181.0, 185.0, 174.0]",0.040016189217567444,0.0,9.1552734375e-05,-0.00017547607421875,-27.938385009765625
1750930243.278537,0.0,0.0,"[174.0, 185.0, 181.0, 156.0, 154.0, 154.0, 156.0, 181.0, 185.0, 174.0]",0.21010708808898926,0.0,9.1552734375e-05,-0.000171661376953125,-27.942581176757812
1750930243.2941225,0.0,0.0,"[174.0, 185.0, 181.0, 156.0, 154.0, 154.0, 156.0, 181.0, 185.0, 174.0]",0.05625225231051445,0.0,9.1552734375e-05,-0.0001678466796875,-27.943710327148438
1750930243.3337693,0.0,0.0,"[174.0, 185.0, 181.0, 156.0, 154.0, 154.0, 156.0, 181.0, 185.0, 174.0]",0.18066678941249847,0.0,9.1552734375e-05,-0.000164031982421875,-27.940093994140625
1750930243.3490686,0.0,0.0,"[174.0, 185.0, 181.0, 156.0, 154.0, 154.0, 156.0, 181.0, 185.0, 174.0]",0.143056258559227,0.0,9.1552734375e-05,-0.0001621246337890625,-27.937232971191406
1750930243.3644292,0.0,0.0,"[174.0, 185.0, 181.0, 156.0, 154.0, 154.0, 156.0, 181.0, 185.0, 174.0]",0.019466623663902283,0.0,6.103515625e-05,-0.0001621246337890625,-27.9376220703125
1750930243.3795617,0.0,0.0,"[174.0, 185.0, 181.0, 156.0, 154.0, 154.0, 156.0, 181.0, 185.0, 174.0]",0.18795771896839142,0.0,6.103515625e-05,-0.0001621246337890625,-27.933868408203125
1750930243.3944457,0.0,0.0,"[174.0, 185.0, 181.0, 156.0, 154.0, 154.0, 156.0, 181.0, 185.0, 174.0]",0.14093536138534546,0.0,6.103515625e-05,-0.0001621246337890625,-27.931045532226562
1750930243.4335375,0.0,0.0,"[174.0, 185.0, 181.0, 156.0, 154.0, 154.0, 156.0, 181.0, 185.0, 174.0]",0.03552677854895592,0.0,6.103515625e-05,-0.0001621246337890625,-27.93175506591797
1750930243.4764423,0.0,0.0,"[174.0, 185.0, 181.0, 156.0, 154.0, 154.0, 156.0, 181.0, 185.0, 174.0]",0.20414499938488007,0.0,6.103515625e-05,-0.0001621246337890625,-27.92767333984375
1750930243.478147,0.0,0.0,"[174.0, 185.0, 181.0, 156.0, 154.0, 154.0, 156.0, 181.0, 185.0, 174.0]",0.08686091750860214,0.0,6.103515625e-05,-0.000164031982421875,-27.925933837890625
1750930243.4795284,0.0,0.0,"[174.0, 185.0, 181.0, 156.0, 154.0, 154.0, 156.0, 181.0, 185.0, 174.0]",0.2054900974035263,0.0,6.103515625e-05,-0.000164031982421875,-27.93004608154297
1750930243.4948351,0.0,0.0,"[174.0, 185.0, 181.0, 156.0, 154.0, 154.0, 156.0, 181.0, 185.0, 174.0]",0.07986979931592941,0.0,6.103515625e-05,-0.0001659393310546875,-27.931640625
1750930243.533182,0.0,0.0,"[174.0, 185.0, 181.0, 156.0, 154.0, 154.0, 156.0, 181.0, 185.0, 174.0]",0.19140160083770752,0.0,6.103515625e-05,-0.0001678466796875,-27.927810668945312
1750930243.5477529,0.0,0.0,"[174.0, 185.0, 181.0, 156.0, 154.0, 154.0, 156.0, 181.0, 185.0, 174.0]",0.13652876019477844,0.0,6.103515625e-05,-0.0001697540283203125,-27.925079345703125
1750930243.563592,0.0,0.0,"[174.0, 185.0, 181.0, 156.0, 154.0, 154.0, 156.0, 181.0, 185.0, 174.0]",0.07020573318004608,0.0,3.0517578125e-05,-0.000171661376953125,-27.926483154296875
1750930243.5787575,0.0,0.0,"[174.0, 185.0, 181.0, 156.0, 154.0, 154.0, 156.0, 181.0, 185.0, 174.0]",0.17484639585018158,0.0,3.0517578125e-05,-0.000171661376953125,-27.922988891601562
1750930243.5940082,0.0,0.0,"[174.0, 185.0, 180.0, 156.0, 154.0, 154.0, 156.0, 181.0, 185.0, 174.0]",0.13499626517295837,0.0,3.0517578125e-05,-0.0001735687255859375,-27.9202880859375
1750930243.6325002,0.0,0.0,"[174.0, 185.0, 180.0, 156.0, 154.0, 154.0, 156.0, 181.0, 185.0, 174.0]",0.08243320882320404,0.0,3.0517578125e-05,-0.00017547607421875,-27.92193603515625
1750930243.6480715,0.0,0.0,"[174.0, 185.0, 180.0, 156.0, 154.0, 154.0, 156.0, 181.0, 185.0, 174.0]",0.19863992929458618,0.0,3.0517578125e-05,-0.00017547607421875,-27.91796875
1750930243.6641185,0.0,0.0,"[174.0, 185.0, 180.0, 156.0, 154.0, 154.0, 156.0, 181.0, 185.0, 174.0]",0.11350023746490479,0.0,0.0,-0.0001773834228515625,-27.915695190429688
1750930243.6798165,0.0,0.0,"[174.0, 185.0, 180.0, 156.0, 154.0, 154.0, 156.0, 181.0, 185.0, 174.0]",0.19147458672523499,0.0,0.0,-0.0001773834228515625,-27.919525146484375
1750930243.6952007,0.0,0.0,"[174.0, 185.0, 180.0, 156.0, 154.0, 154.0, 156.0, 181.0, 185.0, 174.0]",0.13658550381660461,0.0,3.0517578125e-05,-0.000179290771484375,-27.922256469726562
1750930243.7335813,0.0,0.0,"[174.0, 185.0, 180.0, 156.0, 154.0, 154.0, 156.0, 181.0, 185.0, 174.0]",0.06961607933044434,0.0,3.0517578125e-05,-0.000179290771484375,-27.920867919921875
1750930243.7492518,0.0,0.0,"[174.0, 185.0, 180.0, 156.0, 154.0, 154.0, 156.0, 181.0, 185.0, 174.0]",0.17461460828781128,0.0,3.0517578125e-05,-0.0001811981201171875,-27.924354553222656
1750930243.7642255,0.0,0.0,"[174.0, 185.0, 181.0, 156.0, 154.0, 154.0, 156.0, 181.0, 185.0, 174.0]",0.13450084626674652,0.0,3.0517578125e-05,-0.0001811981201171875,-27.927047729492188
1750930243.7792475,0.0,0.0,"[174.0, 185.0, 181.0, 156.0, 154.0, 154.0, 156.0, 181.0, 185.0, 174.0]",0.08638815581798553,0.0,6.103515625e-05,-0.0001811981201171875,-27.925315856933594
1750930243.7942944,0.0,0.0,"[174.0, 185.0, 181.0, 156.0, 154.0, 154.0, 156.0, 181.0, 185.0, 174.0]",0.206773579120636,0.0,6.103515625e-05,-0.0001811981201171875,-27.92945098876953
1750930243.8338785,0.0,0.0,"[174.0, 185.0, 181.0, 156.0, 154.0, 154.0, 156.0, 181.0, 185.0, 174.0]",0.07315900921821594,0.0,6.103515625e-05,-0.0001811981201171875,-27.93091583251953
1750930243.8493586,0.0,0.0,"[174.0, 185.0, 181.0, 156.0, 154.0, 154.0, 156.0, 181.0, 185.0, 174.0]",0.17812088131904602,0.0,6.103515625e-05,-0.0001811981201171875,-27.927352905273438
1750930243.8645349,0.0,0.0,"[174.0, 185.0, 181.0, 156.0, 154.0, 154.0, 156.0, 181.0, 185.0, 174.0]",0.14055560529232025,0.0,6.103515625e-05,-0.0001811981201171875,-27.924545288085938
1750930243.880253,0.0,0.0,"[174.0, 185.0, 181.0, 156.0, 154.0, 154.0, 156.0, 181.0, 185.0, 174.0]",0.03829755261540413,0.0,3.0517578125e-05,-0.0001811981201171875,-27.925308227539062
1750930243.8957028,0.0,0.0,"[174.0, 185.0, 181.0, 156.0, 154.0, 154.0, 156.0, 181.0, 185.0, 174.0]",0.20888027548789978,0.0,3.0517578125e-05,-0.0001811981201171875,-27.921127319335938
1750930243.9339318,0.0,0.0,"[174.0, 185.0, 180.0, 156.0, 154.0, 154.0, 156.0, 181.0, 185.0, 174.0]",0.062413159757852554,0.0,3.0517578125e-05,-0.0001811981201171875,-27.919883728027344
1750930243.9493196,0.0,0.0,"[174.0, 185.0, 181.0, 156.0, 154.0, 154.0, 156.0, 181.0, 185.0, 174.0]",0.17525742948055267,0.0,3.0517578125e-05,-0.0001811981201171875,-27.923385620117188
1750930243.9646878,0.0,0.0,"[174.0, 185.0, 181.0, 156.0, 154.0, 154.0, 156.0, 181.0, 185.0, 174.0]",0.13589662313461304,0.0,3.0517578125e-05,-0.0001811981201171875,-27.926109313964844
1750930243.9804957,0.0,0.0,"[174.0, 185.0, 181.0, 156.0, 154.0, 154.0, 156.0, 181.0, 185.0, 174.0]",0.07512062042951584,0.0,6.103515625e-05,-0.0001811981201171875,-27.924606323242188
1750930243.995667,0.0,0.0,"[174.0, 185.0, 181.0, 156.0, 154.0, 154.0, 156.0, 181.0, 185.0, 174.0]",0.17987997829914093,0.0,6.103515625e-05,-0.0001811981201171875,-27.928199768066406
1750930244.0341694,0.0,0.0,"[174.0, 185.0, 181.0, 156.0, 154.0, 154.0, 156.0, 181.0, 185.0, 174.0]",0.14263223111629486,0.0,6.103515625e-05,-0.0001811981201171875,-27.931053161621094
1750930244.0491917,0.0,0.0,"[174.0, 185.0, 181.0, 156.0, 154.0, 154.0, 156.0, 181.0, 185.0, 174.0]",0.02262568287551403,0.0,6.103515625e-05,-0.0001811981201171875,-27.93060302734375
1750930244.0647979,0.0,0.0,"[174.0, 185.0, 181.0, 156.0, 154.0, 154.0, 156.0, 181.0, 185.0, 174.0]",0.19050322473049164,0.0,6.103515625e-05,-0.0001811981201171875,-27.934417724609375
1750930244.0795484,0.0,0.0,"[174.0, 185.0, 181.0, 156.0, 154.0, 154.0, 156.0, 181.0, 185.0, 174.0]",0.1383039653301239,0.0,6.103515625e-05,-0.0001811981201171875,-27.937179565429688
1750930244.0935385,0.0,0.0,"[174.0, 185.0, 181.0, 156.0, 154.0, 154.0, 156.0, 181.0, 185.0, 174.0]",0.055863190442323685,0.0,9.1552734375e-05,-0.0001811981201171875,-27.936065673828125
1750930244.124174,0.0,0.0,"[174.0, 185.0, 181.0, 156.0, 154.0, 154.0, 156.0, 181.0, 185.0, 174.0]",0.17985284328460693,0.0,9.1552734375e-05,-0.000179290771484375,-27.939659118652344
1750930244.1375644,0.0,0.0,"[174.0, 185.0, 181.0, 156.0, 154.0, 154.0, 156.0, 181.0, 185.0, 174.0]",0.1422552615404129,0.0,9.1552734375e-05,-0.000179290771484375,-27.9425048828125
1750930244.150034,0.0,0.0,"[174.0, 185.0, 181.0, 156.0, 154.0, 154.0, 156.0, 181.0, 185.0, 174.0]",0.025491179898381233,0.0,9.1552734375e-05,-0.000179290771484375,-27.941993713378906
1750930244.1814299,0.0,0.0,"[174.0, 185.0, 181.0, 156.0, 154.0, 154.0, 156.0, 181.0, 185.0, 174.0]",0.18646563589572906,0.0,9.1552734375e-05,-0.000179290771484375,-27.945724487304688
1750930244.1937568,0.0,0.0,"[174.0, 185.0, 181.0, 156.0, 154.0, 154.0, 156.0, 181.0, 185.0, 174.0]",0.1427646279335022,0.0,0.0001220703125,-0.000179290771484375,-27.948577880859375
1750930244.2243998,0.0,0.0,"[174.0, 185.0, 181.0, 156.0, 154.0, 154.0, 156.0, 181.0, 185.0, 174.0]",0.021779954433441162,0.0,0.0001220703125,-0.000179290771484375,-27.948143005371094
1750930244.2387543,0.0,0.0,"[174.0, 185.0, 181.0, 156.0, 154.0, 154.0, 156.0, 181.0, 185.0, 174.0]",0.1905767023563385,0.0,0.0001220703125,-0.000179290771484375,-27.95195770263672
1750930244.2517326,0.0,0.0,"[174.0, 185.0, 181.0, 156.0, 154.0, 154.0, 156.0, 181.0, 185.0, 174.0]",0.13808007538318634,0.0,0.0001220703125,-0.000179290771484375,-27.95471954345703
1750930244.282529,0.0,0.0,"[174.0, 185.0, 181.0, 156.0, 154.0, 154.0, 156.0, 181.0, 185.0, 174.0]",0.057780079543590546,0.0,0.0001220703125,-0.000179290771484375,-27.95355987548828
1750930244.2955267,0.0,0.0,"[174.0, 185.0, 181.0, 156.0, 154.0, 154.0, 156.0, 181.0, 185.0, 174.0]",0.17730927467346191,0.0,0.000152587890625,-0.000179290771484375,-27.957107543945312
1750930244.3263338,0.0,0.0,"[174.0, 185.0, 181.0, 156.0, 154.0, 154.0, 156.0, 181.0, 185.0, 174.0]",0.13925720751285553,0.0,0.000152587890625,-0.000179290771484375,-27.95989227294922
1750930244.3395116,0.0,0.0,"[174.0, 185.0, 181.0, 156.0, 154.0, 154.0, 156.0, 181.0, 185.0, 174.0]",0.04842090606689453,0.0,0.000152587890625,-0.000179290771484375,-27.95892333984375
1750930244.3523924,0.0,0.0,"[174.0, 185.0, 181.0, 156.0, 154.0, 154.0, 156.0, 181.0, 185.0, 174.0]",0.19902966916561127,0.0,0.000152587890625,-0.000179290771484375,-27.962905883789062
1750930244.3825774,0.0,0.0,"[174.0, 185.0, 181.0, 156.0, 154.0, 154.0, 156.0, 181.0, 185.0, 174.0]",0.11273784935474396,0.0,0.000152587890625,-0.000179290771484375,-27.96515655517578
1750930244.3955615,0.0,0.0,"[174.0, 185.0, 181.0, 156.0, 154.0, 154.0, 156.0, 181.0, 185.0, 174.0]",0.19172294437885284,0.0,0.000152587890625,-0.000179290771484375,-27.961326599121094
1750930244.426575,0.0,0.0,"[174.0, 185.0, 181.0, 156.0, 154.0, 154.0, 156.0, 181.0, 185.0, 174.0]",0.13601899147033691,0.0,0.000152587890625,-0.000179290771484375,-27.958602905273438
1750930244.4396188,0.0,0.0,"[174.0, 185.0, 181.0, 156.0, 154.0, 154.0, 156.0, 181.0, 185.0, 174.0]",0.07415396720170975,0.0,0.000152587890625,-0.000179290771484375,-27.96009063720703
1750930244.4531872,0.0,0.0,"[174.0, 185.0, 181.0, 156.0, 154.0, 154.0, 156.0, 181.0, 185.0, 174.0]",0.17833708226680756,0.0,0.000152587890625,-0.000179290771484375,-27.956520080566406
1750930244.4838977,0.0,0.0,"[174.0, 185.0, 181.0, 156.0, 154.0, 154.0, 156.0, 181.0, 185.0, 174.0]",0.14090107381343842,0.0,0.0001220703125,-0.000179290771484375,-27.953704833984375
1750930244.496262,0.0,0.0,"[174.0, 185.0, 181.0, 156.0, 154.0, 154.0, 156.0, 181.0, 185.0, 174.0]",0.03555728495121002,0.0,0.0001220703125,-0.000179290771484375,-27.95441436767578
1750930244.5182974,0.0,0.0,"[174.0, 185.0, 181.0, 156.0, 154.0, 154.0, 156.0, 181.0, 185.0, 174.0]",0.2043422907590866,0.0,0.0001220703125,-0.000179290771484375,-27.950332641601562
1750930244.5313172,0.0,0.0,"[174.0, 185.0, 181.0, 156.0, 154.0, 154.0, 156.0, 181.0, 185.0, 174.0]",0.08580484241247177,0.0,0.0001220703125,-0.000179290771484375,-27.9486083984375
1750930244.5636609,0.0,0.0,"[174.0, 185.0, 181.0, 156.0, 154.0, 154.0, 156.0, 181.0, 185.0, 174.0]",0.20368555188179016,0.0,0.0001220703125,-0.000179290771484375,-27.952682495117188
1750930244.5770319,0.0,0.0,"[174.0, 185.0, 181.0, 156.0, 154.0, 154.0, 156.0, 181.0, 185.0, 174.0]",0.0894790068268776,0.0,0.0001220703125,-0.000179290771484375,-27.95447540283203
1750930244.5890281,0.0,0.0,"[174.0, 185.0, 181.0, 156.0, 154.0, 154.0, 156.0, 181.0, 185.0, 174.0]",0.2090277075767517,0.0,0.0001220703125,-0.000179290771484375,-27.950294494628906
1750930244.6204069,0.0,0.0,"[174.0, 185.0, 181.0, 156.0, 154.0, 154.0, 156.0, 181.0, 185.0, 174.0]",0.06166444346308708,0.0,0.0001220703125,-0.000179290771484375,-27.949058532714844
1750930244.633384,0.0,0.0,"[174.0, 185.0, 181.0, 156.0, 154.0, 154.0, 156.0, 181.0, 185.0, 174.0]",0.17557284235954285,0.0,0.0001220703125,-0.000179290771484375,-27.95257568359375
1750930244.6640587,0.0,0.0,"[174.0, 185.0, 181.0, 156.0, 154.0, 154.0, 156.0, 181.0, 185.0, 174.0]",0.13659073412418365,0.0,0.0001220703125,-0.000179290771484375,-27.955307006835938
1750930244.6766515,0.0,0.0,"[174.0, 185.0, 181.0, 156.0, 154.0, 154.0, 156.0, 181.0, 185.0, 174.0]",0.06950890272855759,0.0,0.000152587890625,-0.000179290771484375,-27.95391082763672
1750930244.6986673,0.0,0.0,"[174.0, 185.0, 181.0, 156.0, 154.0, 154.0, 156.0, 181.0, 185.0, 174.0]",0.1745934933423996,0.0,0.000152587890625,-0.000179290771484375,-27.95740509033203
1750930244.7113419,0.0,0.0,"[174.0, 185.0, 181.0, 156.0, 154.0, 154.0, 156.0, 181.0, 185.0, 174.0]",0.13445131480693817,0.0,0.000152587890625,-0.000179290771484375,-27.960098266601562
1750930244.7423887,0.0,0.0,"[174.0, 185.0, 181.0, 156.0, 154.0, 154.0, 156.0, 181.0, 185.0, 174.0]",0.08682484179735184,0.0,0.000152587890625,-0.000179290771484375,-27.958358764648438
1750930244.755186,0.0,0.0,"[174.0, 185.0, 181.0, 156.0, 154.0, 154.0, 156.0, 181.0, 185.0, 174.0]",0.20736347138881683,0.0,0.000152587890625,-0.000179290771484375,-27.962509155273438
1750930244.7864084,0.0,0.0,"[174.0, 185.0, 181.0, 156.0, 154.0, 154.0, 156.0, 181.0, 185.0, 174.0]",0.07014518976211548,0.0,0.00018310546875,-0.000179290771484375,-27.963912963867188
1750930244.7986326,0.0,0.0,"[174.0, 185.0, 181.0, 156.0, 154.0, 154.0, 156.0, 181.0, 185.0, 174.0]",0.175180584192276,0.0,0.000152587890625,-0.000179290771484375,-27.960403442382812
1750930244.8119485,0.0,0.0,"[174.0, 185.0, 181.0, 156.0, 154.0, 154.0, 156.0, 181.0, 185.0, 174.0]",0.1357996165752411,0.0,0.000152587890625,-0.000179290771484375,-27.957687377929688
1750930244.8429763,0.0,0.0,"[174.0, 185.0, 181.0, 156.0, 154.0, 154.0, 156.0, 181.0, 185.0, 174.0]",0.07590062916278839,0.0,0.000152587890625,-0.000179290771484375,-27.959205627441406
1750930244.856006,0.0,0.0,"[174.0, 185.0, 181.0, 156.0, 154.0, 154.0, 156.0, 181.0, 185.0, 174.0]",0.18135912716388702,0.0,0.000152587890625,-0.000179290771484375,-27.955581665039062
1750930244.8776612,0.0,0.0,"[174.0, 185.0, 181.0, 156.0, 154.0, 154.0, 156.0, 181.0, 185.0, 174.0]",0.1436605155467987,0.0,0.000152587890625,-0.000179290771484375,-27.95270538330078
1750930244.8906357,0.0,0.0,"[174.0, 185.0, 181.0, 156.0, 154.0, 154.0, 156.0, 181.0, 185.0, 174.0]",0.015221679583191872,0.0,0.0001220703125,-0.000179290771484375,-27.95301055908203
1750930244.9213588,0.0,0.0,"[174.0, 185.0, 181.0, 156.0, 154.0, 154.0, 156.0, 181.0, 185.0, 174.0]",0.15625064074993134,0.0,0.000152587890625,-0.000179290771484375,-27.94989013671875
1750930244.9339526,0.0,0.0,"[174.0, 185.0, 181.0, 156.0, 154.0, 154.0, 156.0, 181.0, 185.0, 174.0]",0.05048780143260956,0.0,0.0001220703125,-0.000179290771484375,-27.948883056640625
1750930244.9645221,0.0,0.0,"[174.0, 185.0, 181.0, 156.0, 154.0, 154.0, 156.0, 181.0, 185.0, 174.0]",0.19328318536281586,0.0,0.0001220703125,-0.000179290771484375,-27.952743530273438
1750930244.9766753,0.0,0.0,"[174.0, 185.0, 181.0, 156.0, 154.0, 154.0, 156.0, 181.0, 185.0, 174.0]",0.1313457489013672,0.0,0.000152587890625,-0.000179290771484375,-27.955368041992188
1750930244.9989054,0.0,0.0,"[174.0, 185.0, 181.0, 156.0, 154.0, 154.0, 156.0, 181.0, 185.0, 174.0]",0.11082622408866882,0.0,0.000152587890625,-0.000179290771484375,-27.953155517578125
1750930245.0119357,0.0,0.0,"[174.0, 185.0, 181.0, 156.0, 154.0, 154.0, 156.0, 181.0, 185.0, 174.0]",0.1802016645669937,0.0,0.000152587890625,-0.000179290771484375,-27.956756591796875
1750930245.0423508,0.0,0.0,"[174.0, 185.0, 181.0, 156.0, 154.0, 154.0, 156.0, 181.0, 185.0, 174.0]",0.14271163940429688,0.0,0.000152587890625,-0.000179290771484375,-27.959609985351562
1750930245.0553076,0.0,0.0,"[174.0, 185.0, 181.0, 156.0, 154.0, 154.0, 156.0, 181.0, 185.0, 174.0]",0.022117407992482185,0.0,0.00018310546875,-0.000179290771484375,-27.95916748046875
1750930245.0861688,0.0,0.0,"[174.0, 185.0, 181.0, 156.0, 154.0, 154.0, 156.0, 181.0, 185.0, 174.0]",0.19065922498703003,0.0,0.00018310546875,-0.000179290771484375,-27.962982177734375
1750930245.0989182,0.0,0.0,"[174.0, 185.0, 181.0, 156.0, 154.0, 154.0, 156.0, 181.0, 185.0, 174.0]",0.13796506822109222,0.0,0.00018310546875,-0.000179290771484375,-27.965744018554688
1750930245.111712,0.0,0.0,"[174.0, 185.0, 181.0, 156.0, 154.0, 154.0, 156.0, 181.0, 185.0, 174.0]",0.058589618653059006,0.0,0.00018310546875,-0.000179290771484375,-27.964569091796875
1750930245.1428044,0.0,0.0,"[174.0, 185.0, 181.0, 156.0, 154.0, 154.0, 156.0, 181.0, 185.0, 174.0]",0.1765969693660736,0.0,0.00018310546875,-0.000179290771484375,-27.968109130859375
1750930245.155596,0.0,0.0,"[174.0, 185.0, 181.0, 156.0, 154.0, 154.0, 156.0, 181.0, 185.0, 174.0]",0.13823652267456055,0.0,0.000213623046875,-0.000179290771484375,-27.970870971679688
1750930245.184989,0.0,0.0,"[174.0, 185.0, 227.0, 295.0, 259.0, 160.0, 295.0, 190.0, 185.0, 174.0]",0.0,0.0,0.0,0.10000038146972656,-27.93000030517578
1750930245.1981575,0.0,0.0,"[174.0, 185.0, 179.0, 155.0, 154.0, 154.0, 156.0, 179.0, 185.0, 174.0]",0.8976173400878906,0.0,0.0,0.08204841613769531,-27.930007934570312
1750930245.2111819,0.0,0.0,"[174.0, 185.0, 179.0, 155.0, 154.0, 154.0, 156.0, 180.0, 185.0, 174.0]",0.8461069464683533,0.0,0.0,0.06512641906738281,-27.929840087890625
1750930245.2422032,0.0,0.0,"[174.0, 185.0, 179.0, 155.0, 154.0, 154.0, 156.0, 181.0, 185.0, 174.0]",0.8370951414108276,0.0,0.0,0.04947090148925781,-27.935775756835938
1750930245.2551997,0.0,0.0,"[174.0, 185.0, 179.0, 156.0, 154.0, 154.0, 156.0, 181.0, 185.0, 174.0]",0.7773759961128235,0.0,0.0,0.03524208068847656,-27.92950439453125
1750930245.2864077,0.0,0.0,"[174.0, 185.0, 180.0, 156.0, 154.0, 154.0, 156.0, 181.0, 185.0, 174.0]",0.6893828511238098,0.0,0.0,0.022546768188476562,-27.93487548828125
1750930245.2998319,0.0,0.0,"[174.0, 185.0, 180.0, 156.0, 154.0, 154.0, 156.0, 181.0, 185.0, 174.0]",0.5786703824996948,0.0,0.0,0.011430740356445312,-27.931655883789062
1750930245.3124783,0.0,0.0,"[174.0, 185.0, 181.0, 156.0, 154.0, 154.0, 156.0, 181.0, 185.0, 174.0]",0.5779004693031311,0.0,0.0,0.001895904541015625,-27.925125122070312
1750930245.3436432,0.0,0.0,"[174.0, 185.0, 181.0, 156.0, 154.0, 154.0, 156.0, 181.0, 185.0, 174.0]",0.5290050506591797,0.0,0.0,-0.006092071533203125,-27.93206787109375
1750930245.3564181,0.0,0.0,"[174.0, 185.0, 181.0, 156.0, 154.0, 154.0, 158.0, 181.0, 185.0, 174.0]",0.39517495036125183,0.0,0.0,-0.012601852416992188,-27.927581787109375
1750930245.3785138,0.0,0.0,"[174.0, 185.0, 181.0, 156.0, 154.0, 155.0, 158.0, 183.0, 185.0, 174.0]",0.2797638773918152,0.0,-3.0517578125e-05,-0.01772308349609375,-27.925331115722656
1750930245.391349,0.0,0.5,"[174.0, 185.0, 181.0, 156.0, 154.0, 154.0, 158.0, 183.0, 185.0, 174.0]",0.3095284402370453,0.0,-3.0517578125e-05,-0.021566390991210938,-27.93018341064453
1750930245.4220178,0.0,0.5,"[174.0, 185.0, 181.0, 156.0, 154.0, 154.0, 158.0, 183.0, 185.0, 174.0]",0.2262120395898819,0.0,-0.000732421875,-0.02425384521484375,-27.926612854003906
1750930245.43504,0.0,0.5,"[174.0, 185.0, 181.0, 156.0, 154.0, 154.0, 158.0, 183.0, 185.0, 174.0]",0.27994564175605774,0.0,-0.0035400390625,-0.025915145874023438,-27.931182861328125
1750930245.46573,0.0,0.5,"[174.0, 185.0, 181.0, 156.0, 154.0, 154.0, 158.0, 183.0, 185.0, 174.0]",0.31754690408706665,0.0,-0.007476806640625,-0.02667999267578125,-27.92626953125
1750930245.47862,0.0,0.5,"[174.0, 185.0, 181.0, 156.0, 154.0, 154.0, 158.0, 183.0, 185.0, 174.0]",0.3449209928512573,0.0,-0.01275634765625,-0.026681900024414062,-27.930709838867188
1750930245.4912019,0.0,0.5,"[174.0, 185.0, 181.0, 156.0, 154.0, 154.0, 156.0, 181.0, 185.0, 174.0]",0.3671853244304657,0.0,-0.01904296875,-0.0260467529296875,-27.926956176757812
1750930245.5218337,0.0,0.5,"[174.0, 185.0, 181.0, 156.0, 154.0, 154.0, 158.0, 183.0, 185.0, 174.0]",0.405195951461792,0.0,-0.026947021484375,-0.024898529052734375,-27.928375244140625
1750930245.5352075,0.0,0.5,"[174.0, 185.0, 181.0, 156.0, 154.0, 154.0, 156.0, 181.0, 185.0, 174.0]",0.47294098138809204,0.0,-0.0362548828125,-0.023349761962890625,-27.92823028564453
1750930245.566534,0.0,0.5,"[174.0, 185.0, 181.0, 156.0, 154.0, 154.0, 156.0, 181.0, 185.0, 174.0]",0.5562020540237427,0.0,-0.0472412109375,-0.021505355834960938,-27.928573608398438
1750930245.579463,0.0,0.5,"[174.0, 185.0, 181.0, 156.0, 154.0, 154.0, 156.0, 181.0, 185.0, 174.0]",0.6109516024589539,0.0,-0.05926513671875,-0.019458770751953125,-27.928237915039062
1750930245.5923183,0.0,0.5,"[174.0, 185.0, 181.0, 156.0, 154.0, 154.0, 156.0, 181.0, 185.0, 174.0]",0.6407009363174438,0.0,-0.0718994140625,-0.017292022705078125,-27.928298950195312
1750930245.6231353,0.0,0.5,"[174.0, 185.0, 181.0, 156.0, 154.0, 154.0, 156.0, 181.0, 185.0, 174.0]",0.7194482088088989,0.0,-0.08612060546875,-0.015077590942382812,-27.928306579589844
1750930245.6355429,0.0,0.5,"[174.0, 185.0, 181.0, 156.0, 154.0, 154.0, 156.0, 181.0, 185.0, 174.0]",0.7656802535057068,0.0,-0.10125732421875,-0.012876510620117188,-27.928329467773438
1750930245.666275,0.0,0.5,"[174.0, 185.0, 181.0, 156.0, 154.0, 154.0, 156.0, 181.0, 185.0, 174.0]",0.828650712966919,0.0,-0.117706298828125,-0.010740280151367188,-27.928329467773438
1750930245.6787965,0.0,0.5,"[174.0, 185.0, 181.0, 156.0, 154.0, 154.0, 156.0, 181.0, 185.0, 174.0]",0.9055398106575012,0.0,-0.135711669921875,-0.008707046508789062,-27.9283447265625
1750930245.6916814,0.0,0.5,"[174.0, 185.0, 181.0, 156.0, 154.0, 154.0, 156.0, 181.0, 185.0, 174.0]",0.9714409708976746,0.0,-0.155029296875,-0.0068111419677734375,-27.9283447265625
1750930245.7223346,0.0,0.5,"[174.0, 185.0, 181.0, 156.0, 154.0, 154.0, 156.0, 181.0, 185.0, 174.0]",1.0380882024765015,0.0,-0.17572021484375,-0.00507354736328125,-27.9283447265625
1750930245.73488,0.0,0.5,"[174.0, 185.0, 181.0, 156.0, 154.0, 154.0, 156.0, 181.0, 185.0, 174.0]",1.088435411453247,0.0,-0.19744873046875,-0.003509521484375,-27.9283447265625
1750930245.764912,0.0,0.5,"[174.0, 185.0, 180.0, 156.0, 154.0, 154.0, 156.0, 181.0, 185.0, 174.0]",1.1656160354614258,0.0,-0.220703125,-0.0021266937255859375,-27.9283447265625
1750930245.7771108,0.0,0.5,"[174.0, 185.0, 180.0, 156.0, 154.0, 154.0, 156.0, 181.0, 185.0, 174.0]",1.2270612716674805,0.0,-0.245208740234375,-0.0009288787841796875,-27.92835235595703
1750930245.7897022,0.0,0.5,"[174.0, 185.0, 180.0, 156.0, 154.0, 154.0, 156.0, 181.0, 185.0, 174.0]",1.3121323585510254,0.0,-0.271453857421875,8.7738037109375e-05,-27.928359985351562
1750930245.8215613,0.0,0.5,"[174.0, 185.0, 180.0, 156.0, 154.0, 154.0, 156.0, 181.0, 185.0, 174.0]",1.3684712648391724,0.0,-0.298797607421875,0.000926971435546875,-27.928359985351562
1750930245.8345704,0.0,0.5,"[174.0, 185.0, 180.0, 156.0, 154.0, 154.0, 156.0, 181.0, 185.0, 174.0]",1.4346132278442383,0.0,-0.327484130859375,0.001598358154296875,-27.928367614746094
1750930245.8653898,0.0,0.5,"[174.0, 185.0, 180.0, 156.0, 154.0, 154.0, 156.0, 181.0, 185.0, 174.0]",1.5158780813217163,0.0,-0.3577880859375,0.002117156982421875,-27.928375244140625
1750930245.878509,0.0,0.5,"[174.0, 185.0, 180.0, 156.0, 154.0, 154.0, 156.0, 181.0, 185.0, 174.0]",1.5761833190917969,0.0,-0.389312744140625,0.0024929046630859375,-27.928375244140625
1750930245.891407,0.0,0.5,"[174.0, 185.0, 180.0, 156.0, 154.0, 154.0, 156.0, 181.0, 185.0, 174.0]",1.6330254077911377,0.0,-0.421966552734375,0.0027408599853515625,-27.928382873535156
1750930245.9228892,0.0,0.5,"[174.0, 185.0, 180.0, 156.0, 154.0, 154.0, 156.0, 181.0, 185.0, 174.0]",1.6547441482543945,0.0,-0.455078125,0.002880096435546875,-27.928390502929688
1750930245.9352765,0.0,0.5,"[174.0, 185.0, 180.0, 156.0, 154.0, 154.0, 156.0, 181.0, 185.0, 174.0]",1.7192314863204956,0.0,-0.489471435546875,0.0029201507568359375,-27.92839813232422
1750930245.9656665,0.0,0.5,"[174.0, 185.0, 180.0, 156.0, 154.0, 154.0, 156.0, 181.0, 185.0, 174.0]",1.8244025707244873,0.0,-0.52593994140625,0.0028820037841796875,-27.92839813232422
1750930245.978031,0.0,0.5,"[174.0, 185.0, 180.0, 156.0, 154.0, 154.0, 156.0, 181.0, 185.0, 174.0]",1.900136113166809,0.0,-0.56396484375,0.0027751922607421875,-27.928390502929688
1750930245.9909797,0.0,0.5,"[174.0, 185.0, 180.0, 156.0, 154.0, 154.0, 156.0, 181.0, 185.0, 174.0]",1.9473975896835327,0.0,-0.6029052734375,0.00261688232421875,-27.928382873535156
1750930246.02151,0.0,0.5,"[174.0, 185.0, 180.0, 156.0, 154.0, 154.0, 156.0, 181.0, 185.0, 174.0]",1.9706535339355469,0.0,-0.642303466796875,0.0024166107177734375,-27.928367614746094
1750930246.0339205,0.0,0.5,"[174.0, 185.0, 180.0, 156.0, 154.0, 154.0, 156.0, 181.0, 185.0, 174.0]",2.064422845840454,0.0,-0.68359375,0.00218963623046875,-27.9283447265625
1750930246.0639255,0.0,0.5,"[174.0, 185.0, 180.0, 156.0, 154.0, 154.0, 156.0, 181.0, 185.0, 174.0]",2.1575844287872314,0.0,-0.72674560546875,0.0019435882568359375,-27.928329467773438
1750930246.0767076,0.0,0.5,"[174.0, 185.0, 181.0, 156.0, 154.0, 154.0, 156.0, 181.0, 185.0, 174.0]",2.188382863998413,0.0,-0.7705078125,0.0016880035400390625,-27.928298950195312
1750930246.098683,0.0,0.5,"[174.0, 185.0, 181.0, 156.0, 154.0, 154.0, 156.0, 181.0, 185.0, 174.0]",2.2201716899871826,0.0,-0.814910888671875,0.001430511474609375,-27.92827606201172
1750930246.1108868,0.0,0.5,"[174.0, 185.0, 181.0, 156.0, 154.0, 154.0, 156.0, 181.0, 185.0, 174.0]",2.285097122192383,0.0,-0.860626220703125,0.0011768341064453125,-27.928253173828125
1750930246.1426067,0.0,0.5,"[174.0, 185.0, 181.0, 156.0, 154.0, 154.0, 156.0, 181.0, 185.0, 174.0]",2.3917927742004395,0.0,-0.908447265625,0.000934600830078125,-27.92822265625
1750930246.155428,0.0,0.5,"[174.0, 185.0, 180.0, 156.0, 154.0, 154.0, 156.0, 181.0, 185.0, 174.0]",2.450653314590454,0.0,-0.95745849609375,0.0007038116455078125,-27.928192138671875
1750930246.1861722,0.0,0.5,"[174.0, 185.0, 181.0, 156.0, 154.0, 154.0, 156.0, 181.0, 185.0, 174.0]",2.498528480529785,0.0,-1.0074462890625,0.000492095947265625,-27.928146362304688
1750930246.1991053,0.0,0.5,"[174.0, 185.0, 181.0, 156.0, 154.0, 154.0, 156.0, 181.0, 185.0, 174.0]",2.5431933403015137,0.0,-1.05828857421875,0.0002994537353515625,-27.92810821533203
1750930246.2120874,0.0,0.5,"[174.0, 185.0, 181.0, 156.0, 154.0, 154.0, 156.0, 181.0, 185.0, 174.0]",2.6409802436828613,0.0,-1.111114501953125,0.0001277923583984375,-27.928070068359375
1750930246.2430782,0.0,0.5,"[174.0, 185.0, 181.0, 156.0, 154.0, 154.0, 156.0, 181.0, 185.0, 174.0]",2.662686347961426,0.0,-1.16436767578125,-2.288818359375e-05,-27.92803192138672
1750930246.256172,0.0,0.5,"[174.0, 185.0, 181.0, 156.0, 154.0, 154.0, 156.0, 181.0, 185.0, 174.0]",2.727769613265991,0.0,-1.21893310546875,-0.0001506805419921875,-27.927993774414062
1750930246.278317,0.0,0.5,"[174.0, 185.0, 181.0, 156.0, 154.0, 154.0, 156.0, 181.0, 185.0, 174.0]",2.7805306911468506,0.0,-1.2745361328125,-0.0002593994140625,-27.92797088623047
1750930246.29181,0.0,0.5,"[174.0, 185.0, 181.0, 156.0, 154.0, 154.0, 156.0, 181.0, 185.0, 174.0]",2.861510753631592,0.0,-1.331756591796875,-0.000347137451171875,-27.927947998046875
1750930246.322671,0.0,0.5,"[174.0, 185.0, 181.0, 156.0, 154.0, 154.0, 156.0, 181.0, 185.0, 174.0]",2.917586088180542,0.0,-1.39013671875,-0.0004177093505859375,-27.927940368652344
1750930246.3356693,0.0,0.5,"[174.0, 185.0, 181.0, 156.0, 154.0, 154.0, 156.0, 181.0, 185.0, 174.0]",3.0211856365203857,0.0,-1.450531005859375,-0.000469207763671875,-27.927940368652344
1750930246.3663332,0.0,0.5,"[174.0, 185.0, 181.0, 156.0, 154.0, 154.0, 156.0, 181.0, 185.0, 174.0]",3.064720630645752,0.0,-1.5118408203125,-0.0005054473876953125,-27.927940368652344
1750930246.3794453,0.0,0.5,"[174.0, 185.0, 181.0, 156.0, 154.0, 154.0, 156.0, 181.0, 185.0, 174.0]",3.0928561687469482,0.0,-1.573699951171875,-0.0005283355712890625,-27.927932739257812
1750930246.3918533,0.0,0.5,"[174.0, 185.0, 181.0, 156.0, 154.0, 154.0, 156.0, 181.0, 185.0, 174.0]",3.1772313117980957,0.0,-1.637237548828125,-0.0005397796630859375,-27.927932739257812
1750930246.4225488,0.0,0.5,"[174.0, 185.0, 181.0, 156.0, 154.0, 154.0, 156.0, 181.0, 185.0, 174.0]",3.2430078983306885,0.0,-1.70208740234375,-0.0005397796630859375,-27.927947998046875
1750930246.4344637,0.0,0.5,"[174.0, 185.0, 181.0, 156.0, 154.0, 154.0, 156.0, 181.0, 185.0, 174.0]",3.307379722595215,0.0,-1.76824951171875,-0.0005321502685546875,-27.927955627441406
1750930246.465494,0.0,0.5,"[174.0, 185.0, 181.0, 156.0, 154.0, 154.0, 156.0, 181.0, 185.0, 174.0]",3.3745126724243164,0.0,-1.83575439453125,-0.0005168914794921875,-27.92797088623047
1750930246.4785542,0.0,0.5,"[174.0, 185.0, 181.0, 156.0, 154.0, 154.0, 156.0, 181.0, 185.0, 174.0]",3.4179983139038086,0.0,-1.90411376953125,-0.00049591064453125,-27.927993774414062
1750930246.4916458,0.0,0.5,"[174.0, 185.0, 181.0, 156.0, 154.0, 154.0, 156.0, 181.0, 185.0, 174.0]",3.456404447555542,0.0,-1.973236083984375,-0.0004711151123046875,-27.928009033203125
1750930246.5221748,0.0,0.5,"[174.0, 185.0, 181.0, 156.0, 154.0, 154.0, 156.0, 181.0, 185.0, 174.0]",3.51713490486145,0.0,-2.0435791015625,-0.0004444122314453125,-27.928009033203125
1750930246.5345619,0.0,0.5,"[174.0, 185.0, 181.0, 156.0, 154.0, 154.0, 156.0, 181.0, 185.0, 174.0]",3.6079156398773193,0.0,-2.11572265625,-0.0004138946533203125,-27.928001403808594
1750930246.566153,0.0,0.5,"[174.0, 185.0, 181.0, 156.0, 154.0, 154.0, 156.0, 181.0, 185.0, 174.0]",3.660653591156006,0.0,-2.188934326171875,-0.000385284423828125,-27.927993774414062
1750930246.5792997,0.0,0.5,"[174.0, 185.0, 181.0, 156.0, 154.0, 154.0, 156.0, 181.0, 185.0, 174.0]",3.6855363845825195,0.0,-2.262664794921875,-0.000354766845703125,-27.927993774414062
1750930246.592212,0.0,0.5,"[174.0, 185.0, 181.0, 156.0, 154.0, 154.0, 156.0, 181.0, 185.0, 174.0]",3.7847771644592285,0.0,-2.338348388671875,-0.0003261566162109375,-27.928001403808594
1750930246.6230042,0.0,0.5,"[174.0, 185.0, 181.0, 156.0, 154.0, 154.0, 156.0, 181.0, 185.0, 174.0]",3.829402208328247,0.0,-2.414947509765625,-0.0002994537353515625,-27.928009033203125
1750930246.636311,0.0,0.5,"[174.0, 185.0, 181.0, 156.0, 154.0, 154.0, 156.0, 181.0, 185.0, 174.0]",3.895185708999634,0.0,-2.492828369140625,-0.0002727508544921875,-27.928016662597656
1750930246.6581113,0.0,0.5,"[174.0, 185.0, 181.0, 156.0, 154.0, 154.0, 156.0, 181.0, 185.0, 174.0]",3.9591641426086426,0.0,-2.572021484375,-0.0002498626708984375,-27.92803955078125
1750930246.6710176,0.0,0.5,"[174.0, 185.0, 181.0, 156.0, 154.0, 154.0, 156.0, 181.0, 185.0, 174.0]",4.012906074523926,0.0,-2.65228271484375,-0.0002269744873046875,-27.928070068359375
1750930246.7019043,0.0,0.5,"[174.0, 185.0, 181.0, 156.0, 154.0, 154.0, 156.0, 181.0, 185.0, 174.0]",4.081174850463867,0.0,-2.733917236328125,-0.000209808349609375,-27.92810821533203
1750930246.714148,0.0,0.5,"[174.0, 185.0, 181.0, 156.0, 154.0, 154.0, 156.0, 181.0, 185.0, 174.0]",4.118508338928223,0.0,-2.8162841796875,-0.0001926422119140625,-27.92816162109375
1750930246.7453542,0.0,0.5,"[174.0, 185.0, 181.0, 156.0, 154.0, 154.0, 156.0, 181.0, 185.0, 174.0]",4.2112860679626465,0.0,-2.9005126953125,-0.000179290771484375,-27.928192138671875
1750930246.7582593,0.0,0.5,"[174.0, 185.0, 181.0, 156.0, 154.0, 154.0, 156.0, 181.0, 185.0, 174.0]",4.23543643951416,0.0,-2.985198974609375,-0.0001678466796875,-27.92823028564453
1750930246.7713556,0.0,0.5,"[174.0, 185.0, 181.0, 156.0, 154.0, 154.0, 156.0, 181.0, 185.0, 174.0]",4.317601680755615,0.0,-3.071563720703125,-0.0001583099365234375,-27.928268432617188
1750930246.8014622,0.0,0.5,"[174.0, 185.0, 181.0, 156.0, 154.0, 154.0, 156.0, 181.0, 185.0, 174.0]",4.359923839569092,0.0,-3.15875244140625,-0.0001506805419921875,-27.928306579589844
1750930246.8148654,0.0,0.5,"[174.0, 185.0, 181.0, 156.0, 154.0, 154.0, 156.0, 181.0, 185.0, 174.0]",4.440116882324219,0.0,-3.24755859375,-0.00014495849609375,-27.92835235595703
1750930246.845498,0.0,0.5,"[174.0, 185.0, 181.0, 156.0, 154.0, 154.0, 156.0, 181.0, 185.0, 174.0]",4.469964981079102,0.0,-3.33697509765625,-0.000141143798828125,-27.928390502929688
1750930246.857791,0.0,0.5,"[174.0, 185.0, 181.0, 156.0, 154.0, 154.0, 156.0, 181.0, 185.0, 174.0]",4.557513236999512,0.0,-3.4281005859375,-0.0001392364501953125,-27.928443908691406
1750930246.8707042,0.0,0.5,"[174.0, 185.0, 181.0, 156.0, 154.0, 154.0, 156.0, 181.0, 185.0, 174.0]",4.582075595855713,0.0,-3.519744873046875,-0.0001392364501953125,-27.928489685058594
1750930246.9015834,0.0,0.5,"[174.0, 185.0, 181.0, 156.0, 154.0, 154.0, 156.0, 181.0, 185.0, 174.0]",4.676013946533203,0.0,-3.61328125,-0.0001392364501953125,-27.928543090820312
1750930246.91456,0.0,0.5,"[174.0, 185.0, 181.0, 156.0, 154.0, 154.0, 156.0, 181.0, 185.0, 174.0]",4.700725555419922,0.0,-3.707275390625,-0.000141143798828125,-27.9285888671875
1750930246.9453769,0.0,0.5,"[174.0, 185.0, 181.0, 156.0, 154.0, 154.0, 156.0, 181.0, 185.0, 174.0]",4.79343843460083,0.0,-3.80316162109375,-0.0001430511474609375,-27.92864990234375
1750930246.958273,0.0,0.5,"[174.0, 185.0, 181.0, 156.0, 154.0, 154.0, 156.0, 181.0, 185.0, 174.0]",4.8193864822387695,0.0,-3.8995361328125,-0.00014495849609375,-27.928695678710938
1750930246.9710972,0.0,0.5,"[174.0, 185.0, 181.0, 156.0, 154.0, 154.0, 156.0, 181.0, 185.0, 174.0]",4.910365581512451,0.0,-3.99774169921875,-0.0001468658447265625,-27.928756713867188
1750930247.0022511,0.0,0.5,"[174.0, 185.0, 181.0, 156.0, 154.0, 154.0, 156.0, 181.0, 185.0, 174.0]",4.937147617340088,0.0,-4.09649658203125,-0.0001506805419921875,-27.928802490234375
1750930247.0155535,0.0,0.5,"[174.0, 185.0, 181.0, 156.0, 154.0, 154.0, 156.0, 181.0, 185.0, 174.0]",5.026724338531494,0.0,-4.197021484375,-0.0001544952392578125,-27.928863525390625
1750930247.0386667,0.0,0.5,"[174.0, 185.0, 181.0, 156.0, 154.0, 154.0, 156.0, 181.0, 185.0, 174.0]",4.940745830535889,0.0,-4.29583740234375,0.0001773834228515625,-27.928909301757812
1750930247.0516913,0.0,0.5,"[174.0, 185.0, 181.0, 156.0, 154.0, 154.0, 156.0, 181.0, 185.0, 174.0]",5.094465255737305,0.0,-4.397735595703125,0.0001316070556640625,-27.929061889648438
1750930247.0827048,0.0,0.5,"[174.0, 185.0, 181.0, 156.0, 154.0, 154.0, 156.0, 181.0, 185.0, 174.0]",5.431052207946777,0.0,-4.50634765625,0.000415802001953125,-27.929153442382812
1750930247.0957434,0.0,0.5,"[174.0, 185.0, 181.0, 156.0, 154.0, 154.0, 156.0, 181.0, 185.0, 174.0]",5.356812953948975,0.0,-4.613494873046875,0.0006504058837890625,-27.92961883544922
1750930247.1170537,0.0,0.5,"[174.0, 185.0, 181.0, 156.0, 154.0, 154.0, 156.0, 181.0, 185.0, 174.0]",5.066492557525635,0.0,-4.714813232421875,0.0008411407470703125,-27.929031372070312
1750930247.1300192,0.0,0.5,"[174.0, 185.0, 180.0, 156.0, 154.0, 154.0, 156.0, 181.0, 185.0, 174.0]",5.3197150230407715,0.0,-4.821197509765625,0.000988006591796875,-27.930633544921875
1750930247.160631,0.0,0.5,"[174.0, 185.0, 181.0, 156.0, 155.0, 154.0, 156.0, 181.0, 185.0, 174.0]",5.527949810028076,0.0,-4.931732177734375,0.0010967254638671875,-27.92803192138672
1750930247.173382,0.0,0.5,"[174.0, 185.0, 180.0, 155.0, 154.0, 155.0, 158.0, 181.0, 185.0, 174.0]",5.412591457366943,0.0,-5.0399169921875,0.001171112060546875,-27.93193817138672
1750930247.2041626,0.0,0.5,"[174.0, 185.0, 181.0, 156.0, 155.0, 154.0, 156.0, 181.0, 185.0, 174.0]",5.556446075439453,0.0,-5.151031494140625,0.0012149810791015625,-27.931434631347656
1750930247.2165,0.0,0.5,"[174.0, 185.0, 179.0, 155.0, 154.0, 155.0, 158.0, 181.0, 185.0, 174.0]",5.5745439529418945,0.0,-5.26251220703125,0.001232147216796875,-27.93244171142578
1750930247.238143,0.0,0.5,"[174.0, 185.0, 181.0, 156.0, 155.0, 154.0, 156.0, 181.0, 185.0, 174.0]",5.622897148132324,0.0,-5.37493896484375,0.0012264251708984375,-27.929443359375
1750930247.2511203,0.0,0.5,"[174.0, 185.0, 180.0, 155.0, 154.0, 155.0, 158.0, 181.0, 185.0, 174.0]",5.779760360717773,0.0,-5.49053955078125,0.0012035369873046875,-27.92919921875
1750930247.2814007,0.0,0.5,"[174.0, 185.0, 181.0, 156.0, 155.0, 154.0, 156.0, 181.0, 185.0, 174.0]",5.686546802520752,0.0,-5.604217529296875,0.00116729736328125,-27.92584228515625
1750930247.2941782,0.0,0.5,"[174.0, 185.0, 180.0, 156.0, 154.0, 154.0, 156.0, 181.0, 185.0, 174.0]",5.834731101989746,0.0,-5.72088623046875,0.0011196136474609375,-27.924148559570312
1750930247.3247998,0.0,0.5,"[174.0, 185.0, 181.0, 156.0, 155.0, 154.0, 156.0, 181.0, 185.0, 174.0]",5.8745646476745605,0.0,-5.83837890625,0.0010662078857421875,-27.924217224121094
1750930247.3369434,0.0,0.5,"[174.0, 185.0, 180.0, 156.0, 154.0, 155.0, 158.0, 181.0, 185.0, 174.0]",5.881412029266357,0.0,-5.956024169921875,0.001007080078125,-27.925498962402344
1750930247.3581336,0.0,0.5,"[174.0, 185.0, 181.0, 156.0, 155.0, 154.0, 156.0, 181.0, 185.0, 174.0]",5.9561896324157715,0.0,-6.0750732421875,0.000946044921875,-27.929161071777344
1750930247.3703876,0.0,0.5,"[174.0, 185.0, 179.0, 155.0, 154.0, 155.0, 158.0, 183.0, 185.0, 174.0]",5.958225727081299,0.0,-6.194244384765625,0.000885009765625,-27.928573608398438
1750930247.400725,0.0,0.5,"[174.0, 185.0, 181.0, 156.0, 154.0, 154.0, 156.0, 181.0, 185.0, 174.0]",6.112701416015625,0.0,-6.316497802734375,0.0008258819580078125,-27.929000854492188
1750930247.4134789,0.0,0.5,"[174.0, 185.0, 179.0, 155.0, 154.0, 155.0, 158.0, 183.0, 185.0, 174.0]",5.947026252746582,0.0,-6.4354248046875,0.00077056884765625,-27.928924560546875
1750930247.4422295,0.0,0.5,"[174.0, 185.0, 181.0, 156.0, 154.0, 154.0, 156.0, 181.0, 185.0, 174.0]",6.192452907562256,0.0,-6.559295654296875,0.0007190704345703125,-27.92877197265625
1750930247.4544332,0.0,0.5,"[174.0, 185.0, 179.0, 155.0, 154.0, 155.0, 158.0, 183.0, 185.0, 174.0]",6.2260942459106445,0.0,-6.683807373046875,0.0006732940673828125,-27.92913818359375
1750930247.4840136,0.0,0.5,"[174.0, 185.0, 181.0, 156.0, 154.0, 154.0, 156.0, 181.0, 185.0, 174.0]",6.272459506988525,0.0,-6.809234619140625,0.0006313323974609375,-27.926979064941406
1750930247.4968343,0.0,0.5,"[174.0, 185.0, 179.0, 155.0, 154.0, 155.0, 158.0, 183.0, 185.0, 174.0]",6.272397994995117,0.0,-6.9346923828125,0.0005950927734375,-27.926025390625
1750930247.5177069,0.0,0.5,"[174.0, 185.0, 181.0, 156.0, 154.0, 154.0, 156.0, 181.0, 185.0, 174.0]",6.2297163009643555,0.0,-7.05926513671875,0.0005645751953125,-27.923614501953125
1750930247.5308788,0.0,0.5,"[174.0, 185.0, 179.0, 155.0, 154.0, 155.0, 158.0, 183.0, 185.0, 174.0]",6.370668888092041,0.0,-7.1866455078125,0.000537872314453125,-27.926132202148438
1750930247.5612283,0.0,0.5,"[174.0, 185.0, 181.0, 156.0, 154.0, 154.0, 156.0, 181.0, 185.0, 174.0]",6.529201507568359,0.0,-7.31719970703125,0.000518798828125,-27.924362182617188
1750930247.5738568,0.0,0.5,"[174.0, 185.0, 179.0, 155.0, 154.0, 155.0, 158.0, 183.0, 185.0, 174.0]",6.431502342224121,0.0,-7.445831298828125,0.0005035400390625,-27.926055908203125
1750930247.6051338,0.0,0.5,"[174.0, 185.0, 181.0, 156.0, 154.0, 154.0, 156.0, 181.0, 185.0, 174.0]",6.7828168869018555,0.0,-7.581451416015625,0.000492095947265625,-27.92243194580078
1750930247.617684,0.0,0.5,"[174.0, 185.0, 179.0, 155.0, 154.0, 155.0, 158.0, 183.0, 185.0, 174.0]",6.495190620422363,0.0,-7.7113037109375,0.000484466552734375,-27.92517852783203
1750930247.629845,0.0,0.5,"[174.0, 185.0, 181.0, 156.0, 154.0, 154.0, 156.0, 181.0, 185.0, 174.0]",6.802496910095215,0.0,-7.8472900390625,0.00048065185546875,-27.920852661132812
1750930247.6590319,0.0,0.5,"[174.0, 185.0, 179.0, 155.0, 154.0, 155.0, 158.0, 183.0, 185.0, 174.0]",6.820694446563721,0.0,-7.983642578125,0.0004787445068359375,-27.92461395263672
1750930247.6710403,0.0,0.5,"[174.0, 185.0, 181.0, 156.0, 154.0, 154.0, 156.0, 181.0, 185.0, 174.0]",6.7822957038879395,0.0,-8.11920166015625,0.0004787445068359375,-27.91967010498047
1750930247.7007446,0.0,0.5,"[174.0, 185.0, 179.0, 155.0, 154.0, 155.0, 158.0, 181.0, 185.0, 174.0]",7.103425025939941,0.0,-8.26123046875,0.0004825592041015625,-27.923141479492188
1750930247.7125194,0.0,0.5,"[174.0, 185.0, 180.0, 156.0, 154.0, 154.0, 156.0, 181.0, 185.0, 174.0]",6.857964038848877,0.0,-8.398345947265625,0.0004863739013671875,-27.919021606445312
1750930247.7422354,0.0,0.5,"[174.0, 185.0, 180.0, 155.0, 154.0, 155.0, 158.0, 181.0, 185.0, 174.0]",7.180594444274902,0.0,-8.541900634765625,0.000492095947265625,-27.922767639160156
1750930247.755121,0.0,0.5,"[174.0, 185.0, 180.0, 156.0, 154.0, 154.0, 156.0, 181.0, 185.0, 174.0]",6.887050628662109,0.0,-8.6795654296875,0.000499725341796875,-27.918685913085938
1750930247.7847774,0.0,0.5,"[174.0, 185.0, 180.0, 156.0, 154.0, 155.0, 158.0, 181.0, 185.0, 174.0]",7.1944708824157715,0.0,-8.82342529296875,0.0005054473876953125,-27.922203063964844
1750930247.7970219,0.0,0.5,"[174.0, 185.0, 180.0, 156.0, 154.0, 154.0, 156.0, 181.0, 185.0, 174.0]",7.062933921813965,0.0,-8.964630126953125,0.0005130767822265625,-27.918663024902344
1750930247.8101764,0.0,0.5,"[174.0, 185.0, 180.0, 156.0, 154.0, 155.0, 156.0, 181.0, 185.0, 174.0]",7.348360538482666,0.0,-9.111602783203125,0.000518798828125,-27.920631408691406
1750930247.8404703,0.0,0.5,"[174.0, 185.0, 180.0, 156.0, 154.0, 155.0, 156.0, 181.0, 185.0, 174.0]",7.253828525543213,0.0,-9.25665283203125,0.00052642822265625,-27.918975830078125
1750930247.8532393,0.0,0.5,"[174.0, 185.0, 180.0, 156.0, 154.0, 154.0, 156.0, 181.0, 185.0, 174.0]",7.442523956298828,0.0,-9.405517578125,0.0005321502685546875,-27.91905975341797
1750930247.8829827,0.0,0.5,"[174.0, 185.0, 180.0, 156.0, 154.0, 155.0, 158.0, 181.0, 185.0, 174.0]",7.341154098510742,0.0,-9.552337646484375,0.000537872314453125,-27.91857147216797
1750930247.8951283,0.0,0.5,"[174.0, 185.0, 180.0, 156.0, 154.0, 154.0, 156.0, 181.0, 185.0, 174.0]",7.539500713348389,0.0,-9.703125,0.0005435943603515625,-27.918006896972656
1750930247.9246607,0.0,0.5,"[174.0, 185.0, 180.0, 156.0, 154.0, 155.0, 158.0, 181.0, 185.0, 174.0]",7.41334342956543,0.0,-9.85137939453125,0.0005474090576171875,-27.918067932128906
1750930247.9373105,0.0,0.5,"[174.0, 185.0, 180.0, 156.0, 154.0, 154.0, 156.0, 181.0, 185.0, 174.0]",7.630675315856934,0.0,-10.003997802734375,0.0005512237548828125,-27.91717529296875
1750930247.9501033,0.0,0.5,"[174.0, 185.0, 180.0, 156.0, 154.0, 154.0, 156.0, 181.0, 185.0, 174.0]",7.478576183319092,0.0,-10.153564453125,0.0005550384521484375,-27.91717529296875
1750930247.9797735,0.0,0.5,"[174.0, 185.0, 180.0, 156.0, 154.0, 155.0, 158.0, 181.0, 185.0, 174.0]",7.637182712554932,0.0,-10.306304931640625,0.00055694580078125,-27.916725158691406
1750930247.9922843,0.0,0.5,"[174.0, 185.0, 180.0, 156.0, 154.0, 155.0, 156.0, 181.0, 185.0, 174.0]",7.646045207977295,0.0,-10.459228515625,0.000560760498046875,-27.916229248046875
1750930248.0217323,0.0,0.5,"[174.0, 185.0, 180.0, 156.0, 154.0, 155.0, 158.0, 181.0, 185.0, 174.0]",7.898610591888428,0.0,-10.617218017578125,0.000560760498046875,-27.915817260742188
1750930248.0341587,0.0,0.5,"[174.0, 185.0, 180.0, 156.0, 154.0, 155.0, 156.0, 181.0, 185.0, 174.0]",7.67163610458374,0.0,-10.7706298828125,0.0005626678466796875,-27.915298461914062
1750930248.0639277,0.0,0.5,"[174.0, 185.0, 180.0, 155.0, 154.0, 155.0, 158.0, 181.0, 185.0, 174.0]",7.827129364013672,0.0,-10.92718505859375,0.0005626678466796875,-27.9149169921875
1750930248.0756304,0.0,0.5,"[174.0, 185.0, 180.0, 156.0, 154.0, 154.0, 156.0, 181.0, 185.0, 174.0]",7.904994487762451,0.0,-11.08526611328125,0.0005645751953125,-27.914215087890625
1750930248.10533,0.0,0.5,"[174.0, 185.0, 179.0, 155.0, 154.0, 155.0, 158.0, 183.0, 185.0, 174.0]",7.9710307121276855,0.0,-11.24468994140625,0.0005645751953125,-27.914260864257812
1750930248.1176457,0.0,0.5,"[174.0, 185.0, 180.0, 156.0, 154.0, 154.0, 156.0, 181.0, 185.0, 174.0]",8.000234603881836,0.0,-11.404693603515625,0.0005645751953125,-27.912887573242188
1750930248.130504,0.0,0.5,"[174.0, 185.0, 179.0, 155.0, 154.0, 155.0, 158.0, 181.0, 185.0, 174.0]",8.271316528320312,0.0,-11.57012939453125,0.0005626678466796875,-27.913558959960938
1750930248.160417,0.0,0.5,"[174.0, 185.0, 180.0, 156.0, 154.0, 154.0, 156.0, 181.0, 185.0, 174.0]",8.098721504211426,0.0,-11.732086181640625,0.0005626678466796875,-27.912010192871094
1750930248.1725686,0.0,0.5,"[174.0, 185.0, 179.0, 155.0, 154.0, 155.0, 158.0, 181.0, 185.0, 174.0]",8.176856994628906,0.0,-11.8956298828125,0.0005626678466796875,-27.91229248046875
1750930248.2026112,0.0,0.5,"[174.0, 185.0, 180.0, 156.0, 154.0, 155.0, 158.0, 181.0, 185.0, 174.0]",8.200028419494629,0.0,-12.05963134765625,0.000560760498046875,-27.911270141601562
1750930248.2146797,0.0,0.5,"[174.0, 185.0, 180.0, 156.0, 154.0, 154.0, 156.0, 181.0, 185.0, 174.0]",8.398970603942871,0.0,-12.22760009765625,0.000560760498046875,-27.911026000976562
1750930248.2441916,0.0,0.5,"[174.0, 185.0, 179.0, 155.0, 154.0, 155.0, 158.0, 181.0, 185.0, 174.0]",8.277050971984863,0.0,-12.393157958984375,0.000560760498046875,-27.910614013671875
1750930248.255768,0.0,0.5,"[174.0, 185.0, 180.0, 156.0, 154.0, 154.0, 156.0, 181.0, 185.0, 174.0]",8.471882820129395,0.0,-12.562591552734375,0.0005588531494140625,-27.909866333007812
1750930248.2853334,0.0,0.5,"[174.0, 185.0, 180.0, 156.0, 154.0, 155.0, 158.0, 181.0, 185.0, 174.0]",8.556418418884277,0.0,-12.73370361328125,0.0005588531494140625,-27.909683227539062
1750930248.2971203,0.0,0.5,"[174.0, 185.0, 180.0, 156.0, 154.0, 155.0, 158.0, 181.0, 185.0, 174.0]",8.51681900024414,0.0,-12.904052734375,0.00055694580078125,-27.90911865234375
1750930248.3091636,0.0,0.5,"[174.0, 185.0, 180.0, 156.0, 154.0, 154.0, 156.0, 181.0, 185.0, 174.0]",8.778326034545898,0.0,-13.079620361328125,0.00055694580078125,-27.908554077148438
1750930248.3386915,0.0,0.5,"[174.0, 185.0, 179.0, 156.0, 154.0, 155.0, 158.0, 181.0, 185.0, 174.0]",8.666740417480469,0.0,-13.2529296875,0.00055694580078125,-27.908279418945312
1750930248.3509765,0.0,0.5,"[174.0, 185.0, 180.0, 156.0, 154.0, 154.0, 156.0, 181.0, 185.0, 174.0]",8.691533088684082,0.0,-13.4267578125,0.00055694580078125,-27.9075927734375
1750930248.3803415,0.0,0.5,"[174.0, 185.0, 179.0, 155.0, 154.0, 155.0, 158.0, 181.0, 185.0, 174.0]",8.575005531311035,0.0,-13.5982666015625,0.0005550384521484375,-27.90728759765625
1750930248.393024,0.0,0.5,"[174.0, 185.0, 180.0, 156.0, 154.0, 154.0, 156.0, 181.0, 185.0, 174.0]",8.74724292755127,0.0,-13.773223876953125,0.0005550384521484375,-27.90656280517578
1750930248.4221861,0.0,0.5,"[174.0, 185.0, 179.0, 155.0, 154.0, 155.0, 158.0, 181.0, 185.0, 174.0]",8.898314476013184,0.0,-13.951171875,0.0005550384521484375,-27.906356811523438
1750930248.434196,0.0,0.5,"[174.0, 185.0, 180.0, 156.0, 154.0, 154.0, 156.0, 181.0, 185.0, 174.0]",8.6770658493042,0.0,-14.124725341796875,0.0005550384521484375,-27.905670166015625
1750930248.4633963,0.0,0.5,"[174.0, 185.0, 180.0, 156.0, 154.0, 155.0, 158.0, 181.0, 185.0, 174.0]",9.010354042053223,0.0,-14.304931640625,0.0005550384521484375,-27.905441284179688
1750930248.4753768,0.0,0.5,"[174.0, 185.0, 179.0, 155.0, 154.0, 155.0, 158.0, 181.0, 185.0, 174.0]",8.856012344360352,0.0,-14.4820556640625,0.0005550384521484375,-27.90497589111328
1750930248.5048158,0.0,0.5,"[174.0, 185.0, 180.0, 156.0, 154.0, 155.0, 158.0, 181.0, 185.0, 174.0]",9.076480865478516,0.0,-14.66357421875,0.0005550384521484375,-27.90424346923828
1750930248.5172074,0.0,0.5,"[174.0, 185.0, 179.0, 156.0, 154.0, 155.0, 158.0, 181.0, 185.0, 174.0]",9.124007225036621,0.0,-14.8460693359375,0.0005550384521484375,-27.90386199951172
1750930248.5296602,0.0,0.5,"[174.0, 185.0, 180.0, 156.0, 154.0, 155.0, 158.0, 181.0, 185.0, 174.0]",8.940675735473633,0.0,-15.024871826171875,0.0005550384521484375,-27.90332794189453
1750930248.559448,0.0,0.5,"[174.0, 185.0, 179.0, 155.0, 154.0, 155.0, 158.0, 181.0, 185.0, 174.0]",9.116497039794922,0.0,-15.207183837890625,0.0005550384521484375,-27.90283966064453
1750930248.5715554,0.0,0.5,"[174.0, 185.0, 180.0, 156.0, 154.0, 154.0, 156.0, 181.0, 185.0, 174.0]",9.30478286743164,0.0,-15.393280029296875,0.0005550384521484375,-27.902236938476562
1750930248.6006727,0.0,0.5,"[174.0, 185.0, 179.0, 155.0, 154.0, 155.0, 158.0, 181.0, 185.0, 174.0]",9.150053024291992,0.0,-15.5762939453125,0.0005550384521484375,-27.90191650390625
1750930248.6127322,0.0,0.5,"[174.0, 185.0, 180.0, 156.0, 154.0, 154.0, 158.0, 181.0, 185.0, 174.0]",9.340485572814941,0.0,-15.763092041015625,0.0005550384521484375,-27.901100158691406
1750930248.6426613,0.0,0.5,"[174.0, 185.0, 179.0, 155.0, 154.0, 155.0, 158.0, 181.0, 185.0, 174.0]",9.459545135498047,0.0,-15.952301025390625,0.0005550384521484375,-27.900802612304688
1750930248.6546597,0.0,0.5,"[174.0, 185.0, 179.0, 155.0, 154.0, 155.0, 158.0, 181.0, 185.0, 174.0]",9.406923294067383,0.0,-16.14044189453125,0.0005550384521484375,-27.900169372558594
1750930248.683781,0.0,0.5,"[174.0, 185.0, 179.0, 156.0, 154.0, 155.0, 158.0, 181.0, 185.0, 174.0]",9.523638725280762,0.0,-16.330902099609375,0.0005550384521484375,-27.8994140625
1750930248.696738,0.0,0.5,"[174.0, 185.0, 180.0, 156.0, 154.0, 154.0, 158.0, 181.0, 185.0, 174.0]",9.490922927856445,0.0,-16.520721435546875,0.0005550384521484375,-27.898971557617188
1750930248.7176776,0.0,0.5,"[174.0, 185.0, 180.0, 156.0, 154.0, 154.0, 156.0, 181.0, 185.0, 174.0]",9.511018753051758,0.0,-16.7109375,0.0005550384521484375,-27.898574829101562
1750930248.7300372,0.0,0.5,"[174.0, 185.0, 179.0, 156.0, 154.0, 155.0, 158.0, 181.0, 185.0, 174.0]",9.721318244934082,0.0,-16.905364990234375,0.0005550384521484375,-27.898300170898438
1750930248.7601938,0.0,0.5,"[174.0, 185.0, 179.0, 156.0, 154.0, 155.0, 158.0, 181.0, 185.0, 174.0]",9.717177391052246,0.0,-17.099700927734375,0.0005550384521484375,-27.89776611328125
1750930248.772068,0.0,0.5,"[174.0, 185.0, 179.0, 155.0, 154.0, 155.0, 158.0, 181.0, 185.0, 174.0]",9.713319778442383,0.0,-17.293975830078125,0.0005550384521484375,-27.897216796875
1750930248.802059,0.0,0.5,"[174.0, 185.0, 179.0, 155.0, 154.0, 155.0, 158.0, 181.0, 185.0, 174.0]",9.6159029006958,0.0,-17.486297607421875,0.0005550384521484375,-27.896560668945312
1750930248.8147852,0.0,0.5,"[174.0, 185.0, 180.0, 156.0, 154.0, 154.0, 158.0, 181.0, 185.0, 174.0]",9.755070686340332,0.0,-17.681396484375,0.0005550384521484375,-27.895973205566406
1750930248.8444,0.0,0.5,"[174.0, 185.0, 179.0, 155.0, 154.0, 155.0, 158.0, 181.0, 185.0, 174.0]",9.97095775604248,0.0,-17.88079833984375,0.0005550384521484375,-27.895652770996094
1750930248.8570607,0.0,0.5,"[174.0, 185.0, 179.0, 155.0, 154.0, 155.0, 158.0, 181.0, 185.0, 174.0]",9.845232009887695,0.0,-18.07769775390625,0.0005550384521484375,-27.89496612548828
1750930248.8778946,0.0,0.5,"[174.0, 185.0, 179.0, 155.0, 154.0, 155.0, 158.0, 183.0, 185.0, 174.0]",10.047183990478516,0.0,-18.278656005859375,0.0005550384521484375,-27.8944091796875
1750930248.889883,0.0,0.5,"[174.0, 185.0, 180.0, 156.0, 154.0, 154.0, 158.0, 181.0, 185.0, 174.0]",10.12862777709961,0.0,-18.481231689453125,0.0005550384521484375,-27.893447875976562
1750930248.9192283,0.0,0.5,"[174.0, 185.0, 179.0, 155.0, 154.0, 155.0, 158.0, 183.0, 185.0, 174.0]",10.056867599487305,0.0,-18.682373046875,0.0005550384521484375,-27.893218994140625
1750930248.9309697,0.0,0.5,"[174.0, 185.0, 180.0, 156.0, 154.0, 154.0, 156.0, 181.0, 185.0, 174.0]",10.119060516357422,0.0,-18.884735107421875,0.0005550384521484375,-27.892288208007812
1750930248.9598687,0.0,0.5,"[174.0, 185.0, 179.0, 155.0, 154.0, 155.0, 158.0, 183.0, 185.0, 174.0]",10.225345611572266,0.0,-19.0892333984375,0.0005550384521484375,-27.89220428466797
1750930248.971859,0.0,0.5,"[174.0, 185.0, 180.0, 156.0, 154.0, 154.0, 156.0, 181.0, 185.0, 174.0]",10.149364471435547,0.0,-19.292236328125,0.0005550384521484375,-27.89129638671875
1750930249.0012407,0.0,0.5,"[174.0, 185.0, 179.0, 155.0, 154.0, 155.0, 158.0, 183.0, 185.0, 174.0]",10.174954414367676,0.0,-19.4957275390625,0.0005550384521484375,-27.89130401611328
1750930249.0128434,0.0,0.5,"[174.0, 185.0, 179.0, 155.0, 154.0, 155.0, 158.0, 181.0, 185.0, 174.0]",10.460071563720703,0.0,-19.704925537109375,0.0005550384521484375,-27.89044189453125
1750930249.0423522,0.0,0.5,"[174.0, 185.0, 179.0, 155.0, 154.0, 155.0, 158.0, 181.0, 185.0, 174.0]",10.061576843261719,0.0,-19.906158447265625,0.0005550384521484375,-27.889877319335938
1750930249.0541081,0.0,0.5,"[174.0, 185.0, 179.0, 155.0, 154.0, 155.0, 158.0, 181.0, 185.0, 174.0]",10.361041069030762,0.0,-20.113372802734375,0.0005550384521484375,-27.8892822265625
1750930249.082859,0.0,0.5,"[174.0, 185.0, 179.0, 155.0, 154.0, 155.0, 158.0, 181.0, 185.0, 174.0]",10.611923217773438,0.0,-20.32562255859375,0.0005550384521484375,-27.88867950439453
1750930249.0955136,0.0,0.5,"[174.0, 185.0, 179.0, 155.0, 154.0, 155.0, 158.0, 181.0, 185.0, 174.0]",10.463947296142578,0.0,-20.534912109375,0.0005550384521484375,-27.888076782226562
1750930249.124939,0.0,0.5,"[174.0, 185.0, 179.0, 155.0, 154.0, 155.0, 158.0, 183.0, 185.0, 174.0]",10.857230186462402,0.0,-20.752044677734375,0.0005550384521484375,-27.887466430664062
1750930249.1376002,0.0,0.5,"[174.0, 185.0, 179.0, 155.0, 154.0, 155.0, 158.0, 183.0, 185.0, 174.0]",10.612024307250977,0.0,-20.96429443359375,0.0005550384521484375,-27.886856079101562
1750930249.1508904,0.0,0.5,"[174.0, 185.0, 179.0, 155.0, 154.0, 155.0, 158.0, 183.0, 185.0, 174.0]",10.823586463928223,0.0,-21.180755615234375,0.0005550384521484375,-27.88622283935547
1750930249.18012,0.0,0.5,"[174.0, 185.0, 179.0, 155.0, 154.0, 155.0, 158.0, 181.0, 185.0, 174.0]",10.412541389465332,0.0,-21.389007568359375,0.0005550384521484375,-27.885665893554688
1750930249.1927118,0.0,0.5,"[174.0, 185.0, 179.0, 155.0, 154.0, 155.0, 158.0, 181.0, 185.0, 174.0]",10.706710815429688,0.0,-21.6031494140625,0.0005550384521484375,-27.885169982910156
1750930249.2218256,0.0,0.5,"[174.0, 185.0, 179.0, 155.0, 154.0, 155.0, 158.0, 183.0, 185.0, 174.0]",10.954408645629883,0.0,-21.822235107421875,0.0005550384521484375,-27.884689331054688
1750930249.2340958,0.0,0.5,"[174.0, 185.0, 179.0, 155.0, 154.0, 155.0, 158.0, 183.0, 185.0, 174.0]",10.747873306274414,0.0,-22.03717041015625,0.0005550384521484375,-27.883941650390625
1750930249.2629964,0.0,0.5,"[174.0, 185.0, 179.0, 155.0, 154.0, 155.0, 158.0, 183.0, 185.0, 174.0]",10.896778106689453,0.0,-22.255126953125,0.0005550384521484375,-27.883392333984375
1750930249.2757297,0.0,0.5,"[174.0, 185.0, 179.0, 156.0, 154.0, 155.0, 158.0, 181.0, 185.0, 174.0]",11.019532203674316,0.0,-22.475494384765625,0.0005550384521484375,-27.88249969482422
1750930249.3043332,0.0,0.5,"[174.0, 185.0, 179.0, 155.0, 154.0, 155.0, 158.0, 183.0, 185.0, 174.0]",11.131998062133789,0.0,-22.698150634765625,0.0005550384521484375,-27.882110595703125
1750930249.3165078,0.0,0.5,"[174.0, 185.0, 179.0, 155.0, 154.0, 155.0, 158.0, 181.0, 185.0, 174.0]",11.141641616821289,0.0,-22.920989990234375,0.0005550384521484375,-27.88115692138672
1750930249.3376513,0.0,0.5,"[174.0, 185.0, 179.0, 155.0, 154.0, 155.0, 158.0, 183.0, 185.0, 174.0]",11.098011016845703,0.0,-23.1429443359375,0.0005550384521484375,-27.880752563476562
1750930249.3499925,0.0,0.5,"[174.0, 185.0, 179.0, 155.0, 154.0, 155.0, 158.0, 181.0, 185.0, 174.0]",11.084354400634766,0.0,-23.3646240234375,0.0005550384521484375,-27.879714965820312
1750930249.3796265,0.0,0.5,"[174.0, 185.0, 179.0, 155.0, 154.0, 155.0, 158.0, 183.0, 185.0, 174.0]",11.326272010803223,0.0,-23.591156005859375,0.0005550384521484375,-27.879295349121094
1750930249.3920805,0.0,0.5,"[174.0, 185.0, 179.0, 155.0, 154.0, 155.0, 158.0, 181.0, 185.0, 174.0]",11.187021255493164,0.0,-23.81488037109375,0.0005550384521484375,-27.87847900390625
1750930249.4214172,0.0,0.5,"[174.0, 185.0, 179.0, 155.0, 154.0, 155.0, 158.0, 183.0, 185.0, 174.0]",11.33931827545166,0.0,-24.041656494140625,0.0005550384521484375,-27.878067016601562
1750930249.4333062,0.0,0.5,"[174.0, 185.0, 179.0, 155.0, 154.0, 155.0, 158.0, 183.0, 185.0, 174.0]",11.362948417663574,0.0,-24.2689208984375,0.0005550384521484375,-27.877487182617188
1750930249.4626148,0.0,0.5,"[174.0, 185.0, 179.0, 155.0, 154.0, 155.0, 158.0, 183.0, 185.0, 174.0]",11.361688613891602,0.0,-24.49615478515625,0.0005550384521484375,-27.876998901367188
1750930249.4752033,0.0,0.5,"[174.0, 185.0, 179.0, 155.0, 154.0, 155.0, 158.0, 183.0, 185.0, 174.0]",11.520930290222168,0.0,-24.726593017578125,0.0005550384521484375,-27.876480102539062
1750930249.504507,0.0,0.5,"[174.0, 185.0, 179.0, 155.0, 154.0, 155.0, 158.0, 183.0, 185.0, 174.0]",11.389241218566895,0.0,-24.954376220703125,0.0005550384521484375,-27.87548828125
1750930249.516572,0.0,0.5,"[174.0, 185.0, 179.0, 155.0, 154.0, 155.0, 158.0, 183.0, 185.0, 174.0]",11.755840301513672,0.0,-25.189483642578125,0.0005550384521484375,-27.87470245361328
1750930249.5374265,0.0,0.5,"[174.0, 185.0, 179.0, 155.0, 154.0, 155.0, 158.0, 183.0, 185.0, 174.0]",11.435721397399902,0.0,-25.418182373046875,0.0005550384521484375,-27.874008178710938
1750930249.5495424,0.0,0.5,"[174.0, 185.0, 179.0, 155.0, 154.0, 155.0, 158.0, 183.0, 185.0, 174.0]",11.736021995544434,0.0,-25.652923583984375,0.0005550384521484375,-27.873252868652344
1750930249.5797133,0.0,0.5,"[174.0, 185.0, 179.0, 155.0, 154.0, 155.0, 158.0, 183.0, 185.0, 174.0]",11.606378555297852,0.0,-25.885040283203125,0.0005550384521484375,-27.87244415283203
1750930249.5928779,0.0,0.5,"[174.0, 185.0, 179.0, 155.0, 154.0, 155.0, 158.0, 183.0, 185.0, 174.0]",11.862286567687988,0.0,-26.122283935546875,0.0005550384521484375,-27.87195587158203
1750930249.6224694,0.0,0.5,"[174.0, 185.0, 179.0, 155.0, 154.0, 155.0, 158.0, 183.0, 185.0, 174.0]",11.74025821685791,0.0,-26.357086181640625,0.0005550384521484375,-27.87120819091797
1750930249.635247,0.0,0.5,"[174.0, 185.0, 179.0, 155.0, 154.0, 155.0, 158.0, 183.0, 185.0, 174.0]",11.925869941711426,0.0,-26.595611572265625,0.0005550384521484375,-27.870742797851562
1750930249.6652322,0.0,0.5,"[174.0, 185.0, 179.0, 155.0, 154.0, 155.0, 158.0, 183.0, 185.0, 174.0]",11.929201126098633,0.0,-26.834197998046875,0.0005550384521484375,-27.87005615234375
1750930249.6776931,0.0,0.5,"[174.0, 185.0, 179.0, 155.0, 154.0, 155.0, 158.0, 183.0, 185.0, 174.0]",11.952211380004883,0.0,-27.0732421875,0.0005550384521484375,-27.869369506835938
1750930249.6905339,0.0,0.5,"[174.0, 185.0, 179.0, 155.0, 154.0, 155.0, 158.0, 183.0, 185.0, 174.0]",12.013250350952148,0.0,-27.313507080078125,0.0005550384521484375,-27.868728637695312
1750930249.7199662,0.0,0.5,"[174.0, 185.0, 179.0, 155.0, 154.0, 155.0, 158.0, 183.0, 185.0, 174.0]",12.116963386535645,0.0,-27.555816650390625,0.0005550384521484375,-27.868118286132812
1750930249.7315898,0.0,0.5,"[174.0, 185.0, 179.0, 155.0, 154.0, 155.0, 158.0, 183.0, 185.0, 174.0]",12.03055477142334,0.0,-27.79644775390625,0.0005550384521484375,-27.867401123046875
1750930249.760787,0.0,0.5,"[174.0, 185.0, 179.0, 155.0, 154.0, 155.0, 158.0, 183.0, 185.0, 174.0]",12.23344612121582,0.0,-28.041107177734375,0.0005550384521484375,-27.866790771484375
1750930249.773838,0.0,0.5,"[174.0, 185.0, 179.0, 155.0, 154.0, 155.0, 158.0, 183.0, 185.0, 174.0]",12.1331205368042,0.0,-28.283782958984375,0.0005550384521484375,-27.865875244140625
1750930249.8036263,0.0,0.5,"[174.0, 185.0, 179.0, 155.0, 154.0, 155.0, 158.0, 183.0, 185.0, 174.0]",12.331405639648438,0.0,-28.5303955078125,0.0005550384521484375,-27.86517333984375
1750930249.815964,0.0,0.5,"[174.0, 185.0, 179.0, 155.0, 154.0, 155.0, 158.0, 183.0, 185.0, 174.0]",12.143792152404785,0.0,-28.773284912109375,0.0005550384521484375,-27.86432647705078
1750930249.8449337,0.0,0.5,"[174.0, 185.0, 179.0, 155.0, 154.0, 155.0, 158.0, 183.0, 185.0, 174.0]",12.332347869873047,0.0,-29.019927978515625,0.0005550384521484375,-27.86358642578125
1750930249.8576767,0.0,0.5,"[174.0, 185.0, 179.0, 155.0, 154.0, 155.0, 158.0, 183.0, 185.0, 174.0]",12.415032386779785,0.0,-29.268218994140625,0.0005550384521484375,-27.86248779296875
1750930249.8698711,0.0,0.5,"[174.0, 185.0, 179.0, 155.0, 154.0, 155.0, 158.0, 183.0, 185.0, 174.0]",12.395379066467285,0.0,-29.51611328125,0.0005550384521484375,-27.861961364746094
1750930249.8988326,0.0,0.5,"[174.0, 185.0, 179.0, 155.0, 154.0, 155.0, 158.0, 183.0, 185.0, 174.0]",12.393512725830078,0.0,-29.764007568359375,0.0005550384521484375,-27.86084747314453
1750930249.9106057,0.0,0.5,"[174.0, 185.0, 179.0, 155.0, 154.0, 155.0, 158.0, 183.0, 185.0, 174.0]",12.573263168334961,0.0,-30.015472412109375,0.0005550384521484375,-27.860145568847656
1750930249.9397902,0.0,0.5,"[174.0, 185.0, 179.0, 155.0, 154.0, 155.0, 158.0, 183.0, 185.0, 174.0]",12.469736099243164,0.0,-30.264862060546875,0.0005550384521484375,-27.85912322998047
1750930249.9509494,0.0,0.5,"[174.0, 185.0, 179.0, 155.0, 154.0, 155.0, 158.0, 183.0, 185.0, 174.0]",12.780791282653809,0.0,-30.520477294921875,0.0005550384521484375,-27.858291625976562
1750930249.9796815,0.0,0.5,"[174.0, 185.0, 179.0, 155.0, 154.0, 155.0, 158.0, 183.0, 185.0, 174.0]",12.473016738891602,0.0,-30.769927978515625,0.0005550384521484375,-27.857589721679688
1750930249.99217,0.0,0.5,"[174.0, 185.0, 179.0, 155.0, 154.0, 155.0, 158.0, 183.0, 185.0, 174.0]",12.826339721679688,0.0,-31.026458740234375,0.0005550384521484375,-27.856979370117188
1750930250.0205936,0.0,0.5,"[174.0, 185.0, 179.0, 155.0, 154.0, 155.0, 158.0, 183.0, 185.0, 174.0]",12.419851303100586,0.0,-31.27484130859375,0.0005550384521484375,-27.856346130371094
1750930250.0332978,0.0,0.5,"[174.0, 185.0, 179.0, 155.0, 154.0, 155.0, 158.0, 183.0, 185.0, 174.0]",12.718626022338867,0.0,-31.529205322265625,0.0005550384521484375,-27.855789184570312
1750930250.0615442,0.0,0.5,"[174.0, 185.0, 179.0, 155.0, 154.0, 155.0, 158.0, 183.0, 185.0, 174.0]",12.914236068725586,0.0,-31.787506103515625,0.0005550384521484375,-27.85523223876953
1750930250.0741334,0.0,0.5,"[174.0, 185.0, 179.0, 155.0, 154.0, 155.0, 158.0, 183.0, 185.0, 174.0]",12.804996490478516,0.0,-32.043609619140625,0.0005550384521484375,-27.854286193847656
1750930250.1031034,0.0,0.5,"[174.0, 185.0, 179.0, 155.0, 154.0, 155.0, 158.0, 183.0, 185.0, 174.0]",12.950221061706543,0.0,-32.3026123046875,0.0005550384521484375,-27.853500366210938
1750930250.1148264,0.0,0.5,"[174.0, 185.0, 179.0, 155.0, 154.0, 155.0, 158.0, 183.0, 185.0, 174.0]",12.795738220214844,0.0,-32.558502197265625,0.0005550384521484375,-27.852508544921875
1750930250.1446712,0.0,0.5,"[174.0, 185.0, 179.0, 155.0, 154.0, 155.0, 158.0, 183.0, 185.0, 174.0]",13.19245433807373,0.0,-32.822357177734375,0.0005550384521484375,-27.851707458496094
1750930250.15737,0.0,0.5,"[174.0, 185.0, 179.0, 155.0, 154.0, 155.0, 158.0, 183.0, 185.0, 174.0]",12.919421195983887,0.0,-33.08074951171875,0.0005550384521484375,-27.85102081298828
1750930250.1692855,0.0,0.5,"[174.0, 185.0, 179.0, 155.0, 154.0, 155.0, 158.0, 183.0, 185.0, 174.0]",13.20983600616455,0.0,-33.344940185546875,0.0005550384521484375,-27.850379943847656
1750930250.197896,0.0,0.5,"[174.0, 185.0, 179.0, 155.0, 154.0, 155.0, 158.0, 183.0, 185.0, 174.0]",12.960190773010254,0.0,-33.604156494140625,0.0005550384521484375,-27.849693298339844
1750930250.2104547,0.0,0.5,"[174.0, 185.0, 179.0, 155.0, 154.0, 155.0, 158.0, 183.0, 185.0, 174.0]",13.23477840423584,0.0,-33.86883544921875,0.0005550384521484375,-27.848709106445312
1750930250.239351,0.0,0.5,"[174.0, 185.0, 179.0, 155.0, 154.0, 155.0, 158.0, 183.0, 185.0, 174.0]",13.180425643920898,0.0,-34.1324462890625,0.0005550384521484375,-27.847824096679688
1750930250.2511182,0.0,0.5,"[174.0, 185.0, 179.0, 155.0, 154.0, 155.0, 158.0, 183.0, 185.0, 174.0]",13.33045482635498,0.0,-34.3990478515625,0.0005550384521484375,-27.84685516357422
1750930250.2799914,0.0,0.5,"[174.0, 185.0, 179.0, 155.0, 154.0, 155.0, 158.0, 183.0, 185.0, 174.0]",13.149292945861816,0.0,-34.66204833984375,0.0005550384521484375,-27.846229553222656
1750930250.292281,0.0,0.5,"[174.0, 185.0, 179.0, 155.0, 154.0, 155.0, 158.0, 183.0, 185.0, 174.0]",13.330303192138672,0.0,-34.92864990234375,0.0005550384521484375,-27.845382690429688
1750930250.3207319,0.0,0.5,"[174.0, 185.0, 179.0, 155.0, 154.0, 155.0, 158.0, 183.0, 185.0, 174.0]",13.30189037322998,0.0,-35.194671630859375,0.0005550384521484375,-27.844886779785156
1750930250.3328948,0.0,0.5,"[174.0, 185.0, 179.0, 155.0, 154.0, 155.0, 158.0, 183.0, 185.0, 174.0]",13.595911979675293,0.0,-35.466583251953125,0.0005550384521484375,-27.8441162109375
1750930250.3611658,0.0,0.5,"[174.0, 185.0, 179.0, 155.0, 154.0, 155.0, 158.0, 183.0, 185.0, 174.0]",13.286808967590332,0.0,-35.732330322265625,0.0005550384521484375,-27.843368530273438
1750930250.3736975,0.0,0.5,"[174.0, 185.0, 179.0, 155.0, 154.0, 155.0, 158.0, 183.0, 185.0, 174.0]",13.658920288085938,0.0,-36.005523681640625,0.0005550384521484375,-27.842498779296875
1750930250.4009964,0.0,0.5,"[174.0, 185.0, 179.0, 155.0, 154.0, 155.0, 158.0, 183.0, 185.0, 174.0]",13.28919792175293,0.0,-36.27130126953125,0.0005550384521484375,-27.8416748046875
1750930250.4128659,0.0,0.5,"[174.0, 185.0, 179.0, 155.0, 154.0, 155.0, 158.0, 183.0, 185.0, 174.0]",13.668368339538574,0.0,-36.544647216796875,0.0005550384521484375,-27.8409423828125
1750930250.4415247,0.0,0.5,"[174.0, 185.0, 179.0, 155.0, 154.0, 155.0, 158.0, 183.0, 185.0, 174.0]",13.437740325927734,0.0,-36.81341552734375,0.0005550384521484375,-27.840286254882812
1750930250.4534693,0.0,0.5,"[174.0, 185.0, 179.0, 155.0, 154.0, 155.0, 158.0, 183.0, 185.0, 174.0]",13.613500595092773,0.0,-37.085662841796875,0.0005550384521484375,-27.839248657226562
1750930250.4823475,0.0,0.5,"[174.0, 185.0, 179.0, 155.0, 154.0, 155.0, 158.0, 183.0, 185.0, 174.0]",13.951191902160645,0.0,-37.36468505859375,0.0005550384521484375,-27.838340759277344
1750930250.4940274,0.0,0.5,"[174.0, 185.0, 179.0, 155.0, 154.0, 155.0, 158.0, 183.0, 185.0, 174.0]",13.628813743591309,0.0,-37.63726806640625,0.0005550384521484375,-27.837547302246094
1750930250.5222924,0.0,0.5,"[174.0, 185.0, 179.0, 155.0, 154.0, 155.0, 158.0, 183.0, 185.0, 174.0]",13.959296226501465,0.0,-37.916473388671875,0.0005550384521484375,-27.8367919921875
1750930250.5351186,0.0,0.5,"[174.0, 185.0, 179.0, 155.0, 154.0, 155.0, 158.0, 183.0, 185.0, 174.0]",13.624295234680176,0.0,-38.188934326171875,0.0005550384521484375,-27.8360595703125
1750930250.5640595,0.0,0.5,"[174.0, 185.0, 179.0, 155.0, 154.0, 155.0, 158.0, 183.0, 185.0, 174.0]",14.00515079498291,0.0,-38.46905517578125,0.0005550384521484375,-27.835128784179688
1750930250.5764837,0.0,0.5,"[174.0, 185.0, 179.0, 155.0, 154.0, 155.0, 158.0, 183.0, 185.0, 174.0]",13.901518821716309,0.0,-38.7470703125,0.0005550384521484375,-27.834091186523438
1750930250.5975204,0.0,0.5,"[174.0, 185.0, 179.0, 155.0, 154.0, 155.0, 158.0, 183.0, 185.0, 174.0]",14.071102142333984,0.0,-39.02850341796875,0.0005550384521484375,-27.83342742919922
1750930250.610351,0.0,0.5,"[174.0, 185.0, 179.0, 155.0, 154.0, 155.0, 158.0, 183.0, 185.0, 174.0]",14.010367393493652,0.0,-39.308685302734375,0.0005550384521484375,-27.832679748535156
1750930250.6393118,0.0,0.5,"[174.0, 185.0, 179.0, 155.0, 154.0, 155.0, 158.0, 183.0, 185.0, 174.0]",14.04822826385498,0.0,-39.58966064453125,0.0005550384521484375,-27.83208465576172
1750930250.6512723,0.0,0.5,"[174.0, 185.0, 179.0, 155.0, 154.0, 155.0, 158.0, 183.0, 185.0, 174.0]",14.225507736206055,0.0,-39.874176025390625,0.0005550384521484375,-27.831497192382812
1750930250.680267,0.0,0.5,"[174.0, 185.0, 179.0, 155.0, 154.0, 155.0, 158.0, 183.0, 185.0, 174.0]",14.074712753295898,0.0,-40.155670166015625,0.0005550384521484375,-27.830604553222656
1750930250.692283,0.0,0.5,"[174.0, 185.0, 179.0, 155.0, 154.0, 155.0, 158.0, 183.0, 185.0, 174.0]",14.275626182556152,0.0,-40.441162109375,0.0005550384521484375,-27.829994201660156
1750930250.7217004,0.0,0.5,"[174.0, 185.0, 179.0, 155.0, 154.0, 155.0, 158.0, 183.0, 185.0, 174.0]",14.27493953704834,0.0,-40.726654052734375,0.0005550384521484375,-27.829139709472656
1750930250.7343361,0.0,0.5,"[174.0, 185.0, 179.0, 155.0, 154.0, 155.0, 158.0, 183.0, 185.0, 174.0]",14.293198585510254,0.0,-41.012542724609375,0.0005550384521484375,-27.828338623046875
1750930250.7627516,0.0,0.5,"[174.0, 185.0, 179.0, 155.0, 154.0, 155.0, 158.0, 183.0, 185.0, 174.0]",14.306384086608887,0.0,-41.29864501953125,0.0005550384521484375,-27.827407836914062
1750930250.7758088,0.0,0.5,"[174.0, 185.0, 179.0, 155.0, 154.0, 155.0, 158.0, 183.0, 185.0, 174.0]",14.497260093688965,0.0,-41.588592529296875,0.0005550384521484375,-27.826416015625
1750930250.8054683,0.0,0.5,"[174.0, 185.0, 179.0, 155.0, 154.0, 155.0, 158.0, 183.0, 185.0, 174.0]",14.31282901763916,0.0,-41.874847412109375,0.0005550384521484375,-27.825599670410156
1750930250.8176265,0.0,0.5,"[174.0, 185.0, 179.0, 155.0, 154.0, 155.0, 158.0, 183.0, 185.0, 174.0]",14.518682479858398,0.0,-42.16522216796875,0.0005550384521484375,-27.824440002441406
1750930250.829836,0.0,0.5,"[174.0, 185.0, 179.0, 155.0, 154.0, 155.0, 158.0, 183.0, 185.0, 174.0]",14.526385307312012,0.0,-42.45574951171875,0.0005550384521484375,-27.823440551757812
1750930250.858348,0.0,0.5,"[174.0, 185.0, 179.0, 155.0, 154.0, 155.0, 158.0, 183.0, 185.0, 174.0]",14.557065963745117,0.0,-42.74688720703125,0.0005550384521484375,-27.82244110107422
1750930250.870444,0.0,0.5,"[174.0, 185.0, 179.0, 155.0, 154.0, 155.0, 158.0, 183.0, 185.0, 174.0]",14.716474533081055,0.0,-43.041229248046875,0.0005550384521484375,-27.821426391601562
1750930250.8994951,0.0,0.5,"[174.0, 185.0, 179.0, 155.0, 154.0, 155.0, 158.0, 183.0, 185.0, 174.0]",14.56554889678955,0.0,-43.33251953125,0.0005550384521484375,-27.820663452148438
1750930250.9113226,0.0,0.5,"[174.0, 185.0, 179.0, 155.0, 154.0, 155.0, 158.0, 183.0, 185.0, 174.0]",14.805865287780762,0.0,-43.628631591796875,0.0005550384521484375,-27.819602966308594
1750930250.940512,0.0,0.5,"[174.0, 185.0, 179.0, 155.0, 154.0, 155.0, 158.0, 183.0, 185.0, 174.0]",14.680878639221191,0.0,-43.922271728515625,0.0005550384521484375,-27.8187255859375
1750930250.9528308,0.0,0.5,"[174.0, 185.0, 179.0, 155.0, 154.0, 155.0, 158.0, 183.0, 185.0, 174.0]",14.843907356262207,0.0,-44.219146728515625,0.0005550384521484375,-27.817733764648438
1750930250.981079,0.0,0.5,"[174.0, 185.0, 179.0, 155.0, 154.0, 155.0, 158.0, 183.0, 185.0, 174.0]",14.675186157226562,0.0,-44.51263427734375,0.0005550384521484375,-27.817047119140625
1750930250.993018,0.0,0.5,"[174.0, 185.0, 179.0, 155.0, 154.0, 155.0, 158.0, 183.0, 185.0, 174.0]",14.960951805114746,0.0,-44.811859130859375,0.0005550384521484375,-27.81610107421875
1750930251.0221071,0.0,0.5,"[174.0, 185.0, 179.0, 155.0, 154.0, 155.0, 158.0, 183.0, 185.0, 174.0]",14.886998176574707,0.0,-45.109588623046875,0.0005550384521484375,-27.815269470214844
1750930251.0337167,0.0,0.5,"[174.0, 185.0, 179.0, 155.0, 154.0, 155.0, 158.0, 183.0, 185.0, 174.0]",15.05813980102539,0.0,-45.4107666015625,0.0005550384521484375,-27.814315795898438
1750930251.0623946,0.0,0.5,"[174.0, 185.0, 179.0, 155.0, 154.0, 155.0, 158.0, 183.0, 185.0, 174.0]",14.918015480041504,0.0,-45.7091064453125,0.0005550384521484375,-27.813575744628906
1750930251.0743122,0.0,0.5,"[174.0, 185.0, 179.0, 155.0, 154.0, 155.0, 158.0, 183.0, 185.0, 174.0]",15.16414737701416,0.0,-46.01239013671875,0.0005550384521484375,-27.81256866455078
1750930251.1038346,0.0,0.5,"[174.0, 185.0, 179.0, 155.0, 154.0, 155.0, 158.0, 183.0, 185.0, 174.0]",14.999424934387207,0.0,-46.3123779296875,0.0005550384521484375,-27.81177520751953
1750930251.1156297,0.0,0.5,"[174.0, 185.0, 179.0, 155.0, 154.0, 155.0, 158.0, 183.0, 185.0, 174.0]",15.206783294677734,0.0,-46.61651611328125,0.0005550384521484375,-27.810760498046875
1750930251.1449215,0.0,0.5,"[174.0, 185.0, 179.0, 155.0, 154.0, 157.0, 158.0, 183.0, 185.0, 174.0]",15.073159217834473,0.0,-46.91796875,0.0005550384521484375,-27.809982299804688
1750930251.156594,0.0,0.5,"[174.0, 185.0, 179.0, 155.0, 154.0, 157.0, 158.0, 183.0, 185.0, 174.0]",15.25548267364502,0.0,-47.22308349609375,0.0005550384521484375,-27.808944702148438
1750930251.1775947,0.0,0.5,"[174.0, 185.0, 179.0, 155.0, 154.0, 157.0, 158.0, 183.0, 185.0, 174.0]",15.228584289550781,0.0,-47.52764892578125,0.0005550384521484375,-27.80804443359375
1750930251.1901264,0.0,0.5,"[174.0, 185.0, 179.0, 155.0, 154.0, 157.0, 158.0, 183.0, 185.0, 174.0]",15.283881187438965,0.0,-47.833343505859375,0.0005550384521484375,-27.807083129882812
1750930251.218573,0.0,0.5,"[174.0, 185.0, 179.0, 155.0, 154.0, 157.0, 158.0, 183.0, 185.0, 174.0]",15.258720397949219,0.0,-48.13848876953125,0.0005550384521484375,-27.806076049804688
1750930251.2302299,0.0,0.5,"[174.0, 185.0, 179.0, 155.0, 154.0, 157.0, 158.0, 183.0, 185.0, 174.0]",15.311466217041016,0.0,-48.444732666015625,0.0005550384521484375,-27.805015563964844
1750930251.2584805,0.0,0.5,"[174.0, 185.0, 179.0, 155.0, 154.0, 157.0, 158.0, 183.0, 185.0, 174.0]",15.432260513305664,0.0,-48.753387451171875,0.0005550384521484375,-27.804039001464844
1750930251.2704713,0.0,0.5,"[174.0, 185.0, 179.0, 155.0, 154.0, 157.0, 158.0, 183.0, 185.0, 174.0]",15.398527145385742,0.0,-49.06134033203125,0.0005550384521484375,-27.803237915039062
1750930251.299018,0.0,0.5,"[174.0, 185.0, 179.0, 155.0, 154.0, 157.0, 158.0, 183.0, 185.0, 174.0]",15.40300178527832,0.0,-49.369415283203125,0.0005550384521484375,-27.802452087402344
1750930251.3105626,0.0,0.5,"[174.0, 185.0, 179.0, 155.0, 154.0, 157.0, 158.0, 183.0, 185.0, 174.0]",15.526159286499023,0.0,-49.679931640625,0.0005550384521484375,-27.80162811279297
1750930251.3390205,0.0,0.5,"[174.0, 185.0, 179.0, 155.0, 154.0, 157.0, 158.0, 183.0, 185.0, 174.0]",15.591911315917969,0.0,-49.99176025390625,0.0005550384521484375,-27.80059814453125
1750930251.3510067,0.0,0.5,"[174.0, 185.0, 179.0, 155.0, 154.0, 157.0, 158.0, 183.0, 185.0, 174.0]",15.53045654296875,0.0,-50.3023681640625,0.0005550384521484375,-27.799896240234375
1750930251.3788614,0.0,0.5,"[174.0, 185.0, 179.0, 155.0, 154.0, 157.0, 158.0, 183.0, 185.0, 174.0]",15.511714935302734,0.0,-50.612579345703125,0.0005550384521484375,-27.798721313476562
1750930251.3904889,0.0,0.5,"[174.0, 185.0, 179.0, 155.0, 154.0, 157.0, 158.0, 183.0, 185.0, 174.0]",15.67739486694336,0.0,-50.9261474609375,0.0005550384521484375,-27.79803466796875
1750930251.4183433,0.0,0.5,"[174.0, 185.0, 179.0, 155.0, 154.0, 157.0, 158.0, 183.0, 185.0, 174.0]",15.640714645385742,0.0,-51.23895263671875,0.0005550384521484375,-27.797210693359375
1750930251.4302793,0.0,0.5,"[174.0, 185.0, 179.0, 155.0, 154.0, 157.0, 158.0, 183.0, 185.0, 174.0]",15.7042875289917,0.0,-51.55303955078125,0.0005550384521484375,-27.796340942382812
1750930251.4568305,0.0,0.5,"[174.0, 185.0, 179.0, 155.0, 154.0, 157.0, 158.0, 183.0, 185.0, 174.0]",15.76187515258789,0.0,-51.868255615234375,0.0005550384521484375,-27.79566192626953
1750930251.4767754,0.0,0.5,"[174.0, 185.0, 179.0, 155.0, 154.0, 157.0, 158.0, 183.0, 185.0, 174.0]",15.916916847229004,0.0,-52.186614990234375,0.0005550384521484375,-27.79491424560547
1750930251.496123,0.0,0.5,"[174.0, 185.0, 179.0, 155.0, 154.0, 157.0, 158.0, 183.0, 185.0, 174.0]",15.671355247497559,0.0,-52.500030517578125,0.0005550384521484375,-27.793914794921875
1750930251.5154576,0.0,0.5,"[174.0, 185.0, 179.0, 155.0, 154.0, 157.0, 158.0, 183.0, 185.0, 174.0]",15.837606430053711,0.0,-52.8167724609375,0.0005550384521484375,-27.793121337890625
1750930251.5439558,0.0,0.5,"[174.0, 185.0, 179.0, 155.0, 154.0, 157.0, 158.0, 183.0, 185.0, 174.0]",15.960260391235352,0.0,-53.135986328125,0.0005550384521484375,-27.79206085205078
1750930251.5568337,0.0,0.5,"[174.0, 185.0, 179.0, 155.0, 154.0, 157.0, 158.0, 183.0, 185.0, 174.0]",16.048809051513672,0.0,-53.45697021484375,0.0005550384521484375,-27.79119110107422
1750930251.570014,0.0,0.5,"[174.0, 185.0, 179.0, 155.0, 154.0, 157.0, 158.0, 183.0, 185.0, 174.0]",15.873247146606445,0.0,-53.7744140625,0.0005550384521484375,-27.79010772705078
1750930251.5975566,0.0,0.5,"[174.0, 185.0, 179.0, 155.0, 154.0, 157.0, 158.0, 183.0, 185.0, 174.0]",16.106325149536133,0.0,-54.0965576171875,0.0005550384521484375,-27.78913116455078
1750930251.6095295,0.0,0.5,"[174.0, 185.0, 179.0, 155.0, 154.0, 157.0, 158.0, 183.0, 185.0, 174.0]",16.159143447875977,0.0,-54.41973876953125,0.0005550384521484375,-27.787994384765625
1750930251.6366885,0.0,0.5,"[174.0, 185.0, 179.0, 155.0, 154.0, 157.0, 158.0, 183.0, 185.0, 174.0]",16.160415649414062,0.0,-54.742950439453125,0.0005550384521484375,-27.78722381591797
1750930251.656512,0.0,0.5,"[174.0, 185.0, 179.0, 155.0, 154.0, 157.0, 158.0, 183.0, 185.0, 174.0]",16.177936553955078,0.0,-55.066497802734375,0.0005550384521484375,-27.785980224609375
1750930251.6756027,0.0,0.5,"[174.0, 185.0, 179.0, 155.0, 154.0, 157.0, 158.0, 183.0, 185.0, 174.0]",16.350780487060547,0.0,-55.393524169921875,0.0005550384521484375,-27.785110473632812
1750930251.7031434,0.0,0.5,"[174.0, 185.0, 179.0, 155.0, 154.0, 157.0, 158.0, 183.0, 185.0, 174.0]",16.150033950805664,0.0,-55.716522216796875,0.0005550384521484375,-27.784072875976562
1750930251.714359,0.0,0.5,"[174.0, 185.0, 179.0, 155.0, 153.0, 157.0, 158.0, 183.0, 185.0, 174.0]",16.348468780517578,0.0,-56.043487548828125,0.0005550384521484375,-27.783218383789062
1750930251.7414386,0.0,0.5,"[174.0, 185.0, 179.0, 155.0, 153.0, 157.0, 158.0, 183.0, 185.0, 174.0]",16.398237228393555,0.0,-56.371429443359375,0.0005550384521484375,-27.782150268554688
1750930251.7528098,0.0,0.5,"[174.0, 185.0, 179.0, 155.0, 153.0, 157.0, 158.0, 183.0, 185.0, 174.0]",16.429555892944336,0.0,-56.700042724609375,0.0005550384521484375,-27.78131103515625
1750930251.780547,0.0,0.5,"[174.0, 185.0, 179.0, 155.0, 153.0, 157.0, 158.0, 183.0, 185.0, 174.0]",16.445446014404297,0.0,-57.0289306640625,0.0005550384521484375,-27.780197143554688
1750930251.7916517,0.0,0.5,"[174.0, 185.0, 179.0, 155.0, 153.0, 157.0, 158.0, 183.0, 185.0, 174.0]",16.46094512939453,0.0,-57.358154296875,0.0005550384521484375,-27.77953338623047
1750930251.8186603,0.0,0.5,"[174.0, 185.0, 179.0, 155.0, 153.0, 157.0, 158.0, 183.0, 185.0, 174.0]",16.480792999267578,0.0,-57.687774658203125,0.0005550384521484375,-27.778396606445312
1750930251.830067,0.0,0.5,"[174.0, 185.0, 179.0, 155.0, 153.0, 157.0, 158.0, 183.0, 185.0, 174.0]",16.582107543945312,0.0,-58.0194091796875,0.0005550384521484375,-27.77764892578125
1750930251.8571138,0.0,0.5,"[174.0, 185.0, 179.0, 155.0, 153.0, 157.0, 158.0, 183.0, 185.0, 174.0]",16.651714324951172,0.0,-58.352447509765625,0.0005550384521484375,-27.776611328125
1750930251.8765552,0.0,0.5,"[174.0, 185.0, 179.0, 155.0, 153.0, 156.0, 158.0, 183.0, 185.0, 174.0]",16.63007164001465,0.0,-58.685028076171875,0.0005550384521484375,-27.775863647460938
1750930251.8961234,0.0,0.5,"[174.0, 185.0, 179.0, 155.0, 153.0, 156.0, 158.0, 183.0, 185.0, 174.0]",16.631649017333984,0.0,-59.017669677734375,0.0005550384521484375,-27.774642944335938
1750930251.9150758,0.0,0.5,"[174.0, 185.0, 179.0, 155.0, 153.0, 156.0, 158.0, 183.0, 185.0, 174.0]",16.752071380615234,0.0,-59.35272216796875,0.0005550384521484375,-27.773834228515625
1750930251.942461,0.0,0.5,"[174.0, 185.0, 179.0, 155.0, 153.0, 156.0, 158.0, 183.0, 185.0, 174.0]",16.76905632019043,0.0,-59.688079833984375,0.0005550384521484375,-27.772789001464844
1750930251.9539287,0.0,0.5,"[174.0, 185.0, 179.0, 155.0, 153.0, 156.0, 158.0, 183.0, 185.0, 174.0]",16.82155990600586,0.0,-60.0245361328125,0.0005550384521484375,-27.772010803222656
1750930251.9804714,0.0,0.5,"[174.0, 185.0, 179.0, 155.0, 153.0, 156.0, 158.0, 183.0, 185.0, 174.0]",16.84526252746582,0.0,-60.361419677734375,0.0005550384521484375,-27.77080535888672
1750930251.992186,0.0,0.5,"[174.0, 185.0, 179.0, 155.0, 153.0, 156.0, 158.0, 183.0, 185.0, 174.0]",16.85270881652832,0.0,-60.698486328125,0.0005550384521484375,-27.770042419433594
1750930252.0186195,0.0,0.5,"[174.0, 185.0, 179.0, 155.0, 153.0, 156.0, 158.0, 183.0, 185.0, 174.0]",16.85120391845703,0.0,-61.035491943359375,0.0005550384521484375,-27.768829345703125
1750930252.0301604,0.0,0.5,"[174.0, 185.0, 179.0, 155.0, 153.0, 156.0, 158.0, 183.0, 185.0, 174.0]",16.95481300354004,0.0,-61.374603271484375,0.0005550384521484375,-27.768043518066406
1750930252.058019,0.0,0.5,"[174.0, 185.0, 179.0, 155.0, 153.0, 156.0, 158.0, 183.0, 185.0, 174.0]",17.060184478759766,0.0,-61.715789794921875,0.0005550384521484375,-27.76702117919922
1750930252.0699775,0.0,0.5,"[174.0, 185.0, 179.0, 155.0, 153.0, 156.0, 158.0, 183.0, 185.0, 174.0]",16.910179138183594,0.0,-62.053985595703125,0.0005550384521484375,-27.76617431640625
1750930252.0985947,0.0,0.5,"[174.0, 185.0, 179.0, 155.0, 153.0, 156.0, 158.0, 183.0, 185.0, 174.0]",17.123945236206055,0.0,-62.396484375,0.0005550384521484375,-27.76506805419922
1750930252.110523,0.0,0.5,"[174.0, 185.0, 179.0, 155.0, 153.0, 156.0, 158.0, 183.0, 185.0, 174.0]",17.00998878479004,0.0,-62.736663818359375,0.0005550384521484375,-27.764144897460938
1750930252.1375344,0.0,0.5,"[174.0, 185.0, 179.0, 155.0, 152.0, 156.0, 158.0, 183.0, 185.0, 174.0]",17.190113067626953,0.0,-63.080474853515625,0.0005550384521484375,-27.763137817382812
1750930252.149146,0.0,0.5,"[174.0, 185.0, 179.0, 155.0, 152.0, 156.0, 158.0, 183.0, 185.0, 174.0]",17.11429214477539,0.0,-63.422760009765625,0.0005550384521484375,-27.762413024902344
1750930252.1754444,0.0,0.5,"[174.0, 185.0, 179.0, 155.0, 152.0, 156.0, 158.0, 183.0, 185.0, 174.0]",17.17894172668457,0.0,-63.766326904296875,0.0005550384521484375,-27.761260986328125
1750930252.2013862,0.0,0.5,"[174.0, 185.0, 179.0, 155.0, 152.0, 156.0, 158.0, 183.0, 185.0, 174.0]",17.21912384033203,0.0,-64.1107177734375,0.0005550384521484375,-27.760452270507812
1750930252.2129364,0.0,0.5,"[174.0, 185.0, 179.0, 155.0, 152.0, 156.0, 158.0, 183.0, 185.0, 174.0]",17.265180587768555,0.0,-64.45602416992188,0.0005550384521484375,-27.759307861328125
1750930252.2393334,0.0,0.5,"[174.0, 185.0, 179.0, 155.0, 152.0, 156.0, 158.0, 183.0, 185.0, 174.0]",17.274765014648438,0.0,-64.801513671875,0.0005550384521484375,-27.758522033691406
1750930252.250509,0.0,0.5,"[174.0, 185.0, 179.0, 155.0, 152.0, 156.0, 158.0, 183.0, 185.0, 174.0]",17.340917587280273,0.0,-65.14834594726562,0.0005550384521484375,-27.757301330566406
1750930252.2769423,0.0,0.5,"[174.0, 185.0, 179.0, 155.0, 152.0, 156.0, 158.0, 183.0, 185.0, 174.0]",17.36508560180664,0.0,-65.49563598632812,0.0005550384521484375,-27.75640106201172
1750930252.296562,0.0,0.5,"[174.0, 185.0, 179.0, 155.0, 152.0, 156.0, 158.0, 183.0, 185.0, 174.0]",17.354318618774414,0.0,-65.84271240234375,0.0005550384521484375,-27.755035400390625
1750930252.3146152,0.0,0.5,"[174.0, 185.0, 179.0, 155.0, 152.0, 156.0, 158.0, 183.0, 185.0, 174.0]",17.47756004333496,0.0,-66.1922607421875,0.0005550384521484375,-27.75409698486328
1750930252.3410673,0.0,0.5,"[174.0, 185.0, 179.0, 155.0, 152.0, 156.0, 158.0, 183.0, 185.0, 174.0]",17.39706802368164,0.0,-66.54019165039062,0.0005550384521484375,-27.7529296875
1750930252.3526537,0.0,0.5,"[174.0, 185.0, 179.0, 155.0, 152.0, 155.0, 158.0, 183.0, 185.0, 174.0]",17.511106491088867,0.0,-66.89041137695312,0.0005550384521484375,-27.75214385986328
1750930252.3784869,0.0,0.5,"[174.0, 185.0, 179.0, 155.0, 152.0, 155.0, 158.0, 183.0, 185.0, 174.0]",17.653894424438477,0.0,-67.24349975585938,0.0005550384521484375,-27.751129150390625
1750930252.3890321,0.0,0.5,"[174.0, 185.0, 179.0, 155.0, 152.0, 155.0, 158.0, 183.0, 185.0, 174.0]",17.518903732299805,0.0,-67.5938720703125,0.0005550384521484375,-27.750381469726562
1750930252.414499,0.0,0.5,"[174.0, 185.0, 179.0, 155.0, 151.0, 155.0, 158.0, 183.0, 185.0, 174.0]",17.741769790649414,0.0,-67.94869995117188,0.0005550384521484375,-27.749343872070312
1750930252.4408553,0.0,0.5,"[174.0, 185.0, 179.0, 155.0, 151.0, 155.0, 158.0, 183.0, 185.0, 174.0]",17.543790817260742,0.0,-68.29959106445312,0.0005550384521484375,-27.748443603515625
1750930252.4519253,0.0,0.5,"[174.0, 185.0, 179.0, 155.0, 151.0, 155.0, 158.0, 183.0, 185.0, 174.0]",17.777957916259766,0.0,-68.6551513671875,0.0005550384521484375,-27.747337341308594
1750930252.4780734,0.0,0.5,"[174.0, 185.0, 179.0, 155.0, 151.0, 155.0, 158.0, 183.0, 185.0, 174.0]",17.570159912109375,0.0,-69.00656127929688,0.0005550384521484375,-27.74639892578125
1750930252.4890478,0.0,0.5,"[174.0, 185.0, 179.0, 155.0, 151.0, 155.0, 158.0, 183.0, 185.0, 174.0]",17.789512634277344,0.0,-69.36233520507812,0.0005550384521484375,-27.74530792236328
1750930252.5146124,0.0,0.5,"[174.0, 185.0, 179.0, 155.0, 151.0, 155.0, 158.0, 183.0, 185.0, 174.0]",17.83221435546875,0.0,-69.71896362304688,0.0005550384521484375,-27.744415283203125
1750930252.5411103,0.0,0.5,"[174.0, 185.0, 179.0, 155.0, 151.0, 155.0, 158.0, 183.0, 185.0, 174.0]",17.7586612701416,0.0,-70.07415771484375,0.0005550384521484375,-27.743270874023438
1750930252.551973,0.0,0.5,"[174.0, 185.0, 179.0, 155.0, 151.0, 155.0, 158.0, 183.0, 185.0, 174.0]",18.006261825561523,0.0,-70.43426513671875,0.0005550384521484375,-27.742385864257812
1750930252.5774062,0.0,0.5,"[174.0, 185.0, 179.0, 155.0, 151.0, 155.0, 158.0, 183.0, 185.0, 174.0]",17.8212890625,0.0,-70.79067993164062,0.0005550384521484375,-27.741424560546875
1750930252.5881681,0.0,0.5,"[174.0, 185.0, 179.0, 155.0, 151.0, 155.0, 158.0, 183.0, 185.0, 174.0]",18.107650756835938,0.0,-71.15286254882812,0.0005550384521484375,-27.740516662597656
1750930252.6216822,0.0,0.5,"[174.0, 185.0, 179.0, 155.0, 151.0, 155.0, 158.0, 183.0, 185.0, 174.0]",17.874418258666992,0.0,-71.51034545898438,0.0005550384521484375,-27.739608764648438
1750930252.6325817,0.0,0.5,"[174.0, 185.0, 179.0, 155.0, 151.0, 155.0, 158.0, 183.0, 185.0, 174.0]",18.165220260620117,0.0,-71.87362670898438,0.0005550384521484375,-27.738662719726562
1750930252.657483,0.0,0.5,"[174.0, 185.0, 179.0, 155.0, 150.0, 155.0, 158.0, 183.0, 185.0, 174.0]",17.896020889282227,0.0,-72.2315673828125,0.0005550384521484375,-27.737762451171875
1750930252.667921,0.0,0.5,"[174.0, 185.0, 179.0, 155.0, 150.0, 155.0, 158.0, 183.0, 185.0, 174.0]",18.19837760925293,0.0,-72.59552001953125,0.0005550384521484375,-27.736618041992188
1750930252.7004235,0.0,0.5,"[174.0, 185.0, 179.0, 155.0, 150.0, 154.0, 158.0, 183.0, 185.0, 174.0]",18.086618423461914,0.0,-72.95724487304688,0.0005550384521484375,-27.735488891601562
1750930252.711027,0.0,0.5,"[174.0, 185.0, 179.0, 155.0, 150.0, 154.0, 158.0, 183.0, 185.0, 174.0]",18.258689880371094,0.0,-73.32241821289062,0.0005550384521484375,-27.734466552734375
1750930252.7366233,0.0,0.5,"[174.0, 185.0, 179.0, 155.0, 150.0, 154.0, 158.0, 183.0, 185.0, 174.0]",18.186628341674805,0.0,-73.6861572265625,0.0005550384521484375,-27.733627319335938
1750930252.753526,0.0,0.5,"[174.0, 185.0, 179.0, 155.0, 150.0, 154.0, 158.0, 183.0, 185.0, 174.0]",18.28776741027832,0.0,-74.05191040039062,0.0005550384521484375,-27.73241424560547
1750930252.7787797,0.0,0.5,"[174.0, 185.0, 179.0, 155.0, 150.0, 154.0, 158.0, 183.0, 185.0, 174.0]",18.26016616821289,0.0,-74.4171142578125,0.0005550384521484375,-27.731483459472656
1750930252.7916684,0.0,0.5,"[174.0, 185.0, 179.0, 155.0, 150.0, 154.0, 158.0, 183.0, 185.0, 174.0]",18.390111923217773,0.0,-74.784912109375,0.0005550384521484375,-27.730331420898438
1750930252.819912,0.0,0.5,"[174.0, 185.0, 179.0, 155.0, 150.0, 154.0, 158.0, 183.0, 185.0, 174.0]",18.358959197998047,0.0,-75.152099609375,0.0005550384521484375,-27.729393005371094
1750930252.8320994,0.0,0.5,"[174.0, 185.0, 179.0, 155.0, 150.0, 154.0, 158.0, 183.0, 185.0, 174.0]",18.345582962036133,0.0,-75.51901245117188,0.0005550384521484375,-27.728073120117188
1750930252.8612928,0.0,0.5,"[174.0, 185.0, 179.0, 155.0, 149.0, 154.0, 158.0, 183.0, 185.0, 174.0]",18.434328079223633,0.0,-75.8876953125,0.0005550384521484375,-27.72722625732422
1750930252.873337,0.0,0.5,"[174.0, 185.0, 179.0, 155.0, 149.0, 154.0, 158.0, 183.0, 185.0, 174.0]",18.502227783203125,0.0,-76.25772094726562,0.0005550384521484375,-27.726173400878906
1750930252.9019494,0.0,0.5,"[174.0, 185.0, 179.0, 155.0, 149.0, 154.0, 158.0, 183.0, 185.0, 174.0]",18.552059173583984,0.0,-76.6287841796875,0.0005550384521484375,-27.725265502929688
1750930252.91418,0.0,0.5,"[174.0, 185.0, 179.0, 155.0, 149.0, 154.0, 158.0, 183.0, 185.0, 174.0]",18.505342483520508,0.0,-76.99887084960938,0.0005550384521484375,-27.723968505859375
1750930252.944029,0.0,0.5,"[174.0, 185.0, 179.0, 155.0, 149.0, 154.0, 158.0, 183.0, 185.0, 174.0]",18.51613426208496,0.0,-77.36920166015625,0.0005550384521484375,-27.72314453125
1750930252.9554555,0.0,0.5,"[174.0, 185.0, 179.0, 155.0, 149.0, 153.0, 158.0, 183.0, 185.0, 174.0]",18.64124298095703,0.0,-77.74203491210938,0.0005550384521484375,-27.721961975097656
1750930252.979986,0.0,0.5,"[174.0, 185.0, 179.0, 155.0, 149.0, 153.0, 158.0, 183.0, 185.0, 174.0]",18.69084358215332,0.0,-78.1158447265625,0.0005550384521484375,-27.720993041992188
1750930252.9917507,0.0,0.5,"[174.0, 185.0, 179.0, 155.0, 149.0, 153.0, 158.0, 183.0, 185.0, 174.0]",18.61183738708496,0.0,-78.48806762695312,0.0005550384521484375,-27.71966552734375
1750930253.017396,0.0,0.5,"[174.0, 185.0, 179.0, 155.0, 148.0, 153.0, 158.0, 183.0, 185.0, 174.0]",18.740737915039062,0.0,-78.86288452148438,0.0005550384521484375,-27.718719482421875
1750930253.028699,0.0,0.5,"[174.0, 185.0, 179.0, 155.0, 148.0, 153.0, 158.0, 183.0, 185.0, 174.0]",18.715103149414062,0.0,-79.2371826171875,0.0005550384521484375,-27.717605590820312
1750930253.05413,0.0,0.0,"[174.0, 185.0, 179.0, 155.0, 148.0, 153.0, 158.0, 183.0, 185.0, 174.0]",18.882200241088867,0.0,-79.61483764648438,0.0005550384521484375,-27.716629028320312
1750930253.079281,0.0,0.0,"[174.0, 185.0, 179.0, 155.0, 148.0, 153.0, 158.0, 183.0, 185.0, 174.0]",18.748273849487305,0.0,-79.98977661132812,0.0005550384521484375,-27.715599060058594
1750930253.0898314,0.0,0.0,"[174.0, 185.0, 179.0, 155.0, 148.0, 153.0, 158.0, 183.0, 185.0, 174.0]",18.490442276000977,0.0,-80.35958862304688,0.0005550384521484375,-27.714614868164062
1750930253.1154919,0.0,0.0,"[174.0, 185.0, 179.0, 155.0, 148.0, 153.0, 158.0, 183.0, 185.0, 174.0]",18.233020782470703,0.0,-80.72427368164062,0.0005550384521484375,-27.71369171142578
1750930253.1417816,0.0,0.0,"[174.0, 185.0, 179.0, 155.0, 148.0, 153.0, 158.0, 183.0, 185.0, 174.0]",17.976011276245117,0.0,-81.08377075195312,0.0005550384521484375,-27.712806701660156
1750930253.153067,0.0,0.0,"[174.0, 185.0, 179.0, 155.0, 148.0, 152.0, 168.0, 183.0, 185.0, 174.0]",17.719411849975586,0.0,-81.43817138671875,0.0005550384521484375,-27.711944580078125
1750930253.1785796,0.0,0.0,"[174.0, 185.0, 179.0, 155.0, 147.0, 152.0, 168.0, 183.0, 185.0, 174.0]",17.463226318359375,0.0,-81.78744506835938,0.0005550384521484375,-27.711105346679688
1750930253.1900961,0.0,0.0,"[174.0, 185.0, 179.0, 155.0, 147.0, 152.0, 158.0, 183.0, 185.0, 174.0]",17.207447052001953,0.0,-82.13156127929688,0.0005550384521484375,-27.71027374267578
1750930253.215758,0.0,0.0,"[174.0, 185.0, 179.0, 155.0, 147.0, 152.0, 158.0, 183.0, 185.0, 174.0]",16.95208168029785,0.0,-82.47061157226562,0.0005550384521484375,-27.709457397460938
1750930253.24146,0.0,0.0,"[174.0, 185.0, 179.0, 155.0, 147.0, 152.0, 159.0, 183.0, 185.0, 174.0]",16.697120666503906,0.0,-82.8045654296875,0.0005550384521484375,-27.708663940429688
1750930253.2519956,0.0,0.0,"[174.0, 185.0, 179.0, 155.0, 147.0, 152.0, 159.0, 183.0, 185.0, 174.0]",16.44257164001465,0.0,-83.13339233398438,0.0005550384521484375,-27.707870483398438
1750930253.2774591,0.0,0.0,"[174.0, 185.0, 179.0, 155.0, 147.0, 152.0, 159.0, 183.0, 185.0, 174.0]",16.188426971435547,0.0,-83.45718383789062,0.0005550384521484375,-27.70709228515625
1750930253.2878385,0.0,0.5,"[174.0, 185.0, 179.0, 155.0, 147.0, 152.0, 160.0, 183.0, 185.0, 174.0]",15.93468952178955,0.0,-83.77587890625,0.00055694580078125,-27.706329345703125
1750930253.3214772,0.0,0.5,"[174.0, 185.0, 179.0, 155.0, 146.0, 152.0, 160.0, 183.0, 185.0, 174.0]",15.681358337402344,0.0,-84.08950805664062,0.00055694580078125,-27.705581665039062
1750930253.3325126,0.0,0.5,"[174.0, 185.0, 179.0, 155.0, 146.0, 152.0, 160.0, 183.0, 185.0, 174.0]",15.5808744430542,0.0,-84.401123046875,0.00055694580078125,-27.704833984375
1750930253.358647,0.0,0.5,"[174.0, 185.0, 179.0, 155.0, 146.0, 151.0, 160.0, 183.0, 185.0, 174.0]",15.939428329467773,0.0,-84.71990966796875,0.00055694580078125,-27.704071044921875
1750930253.3693538,0.0,0.5,"[174.0, 185.0, 179.0, 155.0, 146.0, 151.0, 160.0, 183.0, 185.0, 174.0]",15.588214874267578,0.0,-85.03164672851562,0.00055694580078125,-27.703323364257812
1750930253.3954349,0.0,0.5,"[174.0, 185.0, 179.0, 155.0, 146.0, 151.0, 161.0, 183.0, 185.0, 174.0]",16.014822006225586,0.0,-85.35195922851562,0.00055694580078125,-27.702552795410156
1750930253.4217653,0.0,0.5,"[174.0, 185.0, 179.0, 155.0, 146.0, 151.0, 161.0, 183.0, 185.0, 174.0]",15.645251274108887,0.0,-85.66485595703125,0.00055694580078125,-27.701797485351562
1750930253.4328203,0.0,0.0,"[174.0, 185.0, 179.0, 155.0, 145.0, 151.0, 161.0, 183.0, 185.0, 174.0]",16.07183074951172,0.0,-85.98629760742188,0.00055694580078125,-27.701034545898438
1750930253.45817,0.0,0.0,"[174.0, 185.0, 179.0, 154.0, 145.0, 151.0, 175.0, 183.0, 185.0, 174.0]",15.641490936279297,0.0,-86.29913330078125,0.00055694580078125,-27.700279235839844
1750930253.4692507,0.0,0.0,"[174.0, 185.0, 179.0, 154.0, 145.0, 151.0, 175.0, 183.0, 185.0, 174.0]",15.388629913330078,0.0,-86.60690307617188,0.00055694580078125,-27.699539184570312
1750930253.4940612,0.0,0.0,"[174.0, 185.0, 179.0, 154.0, 145.0, 151.0, 175.0, 183.0, 185.0, 174.0]",15.136175155639648,0.0,-86.90960693359375,0.00055694580078125,-27.698822021484375
1750930253.5192728,0.0,0.0,"[174.0, 185.0, 179.0, 154.0, 145.0, 151.0, 175.0, 183.0, 185.0, 174.0]",14.884122848510742,0.0,-87.20730590820312,0.00055694580078125,-27.698104858398438
1750930253.5303304,0.0,0.0,"[174.0, 185.0, 179.0, 153.0, 144.0, 150.0, 174.0, 183.0, 185.0, 174.0]",14.632473945617676,0.0,-87.49993896484375,0.00055694580078125,-27.697402954101562
1750930253.5556138,0.0,0.5,"[174.0, 185.0, 179.0, 153.0, 144.0, 150.0, 174.0, 183.0, 185.0, 174.0]",14.3812255859375,0.0,-87.78756713867188,0.00055694580078125,-27.69671630859375
1750930253.581655,0.0,0.5,"[174.0, 185.0, 179.0, 153.0, 144.0, 150.0, 174.0, 183.0, 185.0, 174.0]",14.130380630493164,0.0,-88.07015991210938,0.00055694580078125,-27.69603729248047
1750930253.5919068,0.0,0.5,"[174.0, 185.0, 179.0, 153.0, 144.0, 150.0, 174.0, 183.0, 185.0, 174.0]",14.161314010620117,0.0,-88.3533935546875,0.00055694580078125,-27.695358276367188
1750930253.618227,0.0,0.5,"[174.0, 185.0, 179.0, 153.0, 144.0, 150.0, 174.0, 183.0, 185.0, 174.0]",14.239114761352539,0.0,-88.63818359375,0.00055694580078125,-27.694671630859375
1750930253.6289594,0.0,0.5,"[174.0, 185.0, 179.0, 152.0, 144.0, 150.0, 174.0, 183.0, 185.0, 174.0]",14.158875465393066,0.0,-88.92135620117188,0.00055694580078125,-27.694000244140625
1750930253.6543186,0.0,0.5,"[174.0, 185.0, 179.0, 152.0, 143.0, 150.0, 174.0, 187.0, 185.0, 174.0]",14.112399101257324,0.0,-89.20361328125,0.00055694580078125,-27.693321228027344
1750930253.6793966,0.0,0.5,"[174.0, 185.0, 179.0, 152.0, 143.0, 150.0, 174.0, 194.0, 185.0, 174.0]",14.480011940002441,0.0,-89.49319458007812,0.00055694580078125,-27.692626953125
1750930253.6900735,0.0,0.5,"[174.0, 185.0, 179.0, 151.0, 143.0, 149.0, 174.0, 183.0, 185.0, 174.0]",14.189682960510254,0.0,-89.77700805664062,0.00055694580078125,-27.691940307617188
1750930253.7149045,0.0,0.5,"[174.0, 185.0, 179.0, 151.0, 143.0, 149.0, 174.0, 183.0, 185.0, 174.0]",14.59563159942627,0.0,-90.06890869140625,0.00055694580078125,-27.691246032714844
1750930253.740205,-1.0,0.5,"[174.0, 185.0, 178.0, 151.0, 142.0, 149.0, 174.0, 184.0, 185.0, 174.0]",14.235685348510742,0.0,-90.35360717773438,0.00055694580078125,-27.69055938720703
1750930253.7511206,-1.0,0.5,"[174.0, 185.0, 179.0, 151.0, 143.0, 149.0, 174.0, 183.0, 185.0, 174.0]",14.287964820861816,-0.5,-90.63897705078125,0.0005550384521484375,-27.70580291748047
1750930253.7754977,-1.0,0.5,"[174.0, 185.0, 181.0, 151.0, 143.0, 149.0, 174.0, 181.0, 185.0, 174.0]",14.116043090820312,-0.5,-90.9195556640625,0.0005550384521484375,-27.737030029296875
1750930253.8006845,-1.0,0.0,"[174.0, 185.0, 184.0, 152.0, 143.0, 150.0, 174.0, 179.0, 185.0, 174.0]",13.984161376953125,-0.5,-91.1949462890625,0.0005550384521484375,-27.78582763671875
1750930253.8116624,0.0,0.0,"[174.0, 185.0, 185.0, 153.0, 144.0, 150.0, 174.0, 176.0, 185.0, 174.0]",13.986671447753906,-0.5,-91.46826171875,0.0005550384521484375,-27.84546661376953
1750930253.8381927,0.0,0.0,"[174.0, 185.0, 186.0, 153.0, 144.0, 150.0, 174.0, 175.0, 185.0, 174.0]",13.660139083862305,0.0,-91.73800659179688,0.0005550384521484375,-27.88872528076172
1750930253.8493917,0.0,0.0,"[174.0, 185.0, 184.0, 153.0, 144.0, 150.0, 174.0, 175.0, 185.0, 174.0]",13.380505561828613,0.0,-92.00439453125,0.0005550384521484375,-27.914321899414062
1750930253.874955,0.0,0.0,"[174.0, 185.0, 184.0, 153.0, 144.0, 150.0, 174.0, 175.0, 185.0, 174.0]",13.131179809570312,0.0,-92.265869140625,0.0005550384521484375,-27.938690185546875
1750930253.9002328,0.0,0.0,"[174.0, 185.0, 184.0, 153.0, 144.0, 150.0, 174.0, 176.0, 185.0, 174.0]",12.882329940795898,0.0,-92.52243041992188,0.0005550384521484375,-27.962448120117188
1750930253.9108403,0.0,0.0,"[174.0, 185.0, 184.0, 153.0, 144.0, 150.0, 174.0, 176.0, 185.0, 174.0]",12.633880615234375,0.0,-92.77401733398438,0.0005550384521484375,-27.9857177734375
1750930253.9364798,0.0,0.0,"[174.0, 185.0, 184.0, 153.0, 144.0, 150.0, 174.0, 176.0, 185.0, 174.0]",12.38582992553711,0.0,-93.02069091796875,0.0005550384521484375,-28.008529663085938
1750930253.9547918,0.0,0.5,"[174.0, 185.0, 183.0, 152.0, 143.0, 150.0, 174.0, 176.0, 185.0, 174.0]",12.138176918029785,0.0,-93.26242065429688,0.0005550384521484375,-28.0308837890625
1750930253.9800582,0.0,0.5,"[174.0, 185.0, 183.0, 152.0, 143.0, 150.0, 174.0, 176.0, 185.0, 174.0]",11.89091968536377,0.0,-93.49923706054688,0.0005550384521484375,-28.052780151367188
1750930253.9907017,0.0,0.5,"[174.0, 185.0, 183.0, 152.0, 143.0, 149.0, 174.0, 176.0, 185.0, 174.0]",12.145743370056152,0.0,-93.74111938476562,0.0005550384521484375,-28.07514190673828
1750930254.0158062,0.0,0.5,"[174.0, 185.0, 183.0, 152.0, 143.0, 149.0, 174.0, 176.0, 185.0, 174.0]",11.803404808044434,0.0,-93.97616577148438,0.0005550384521484375,-28.096878051757812
1750930254.0413597,0.0,0.5,"[174.0, 185.0, 181.0, 152.0, 143.0, 149.0, 174.0, 177.0, 185.0, 174.0]",12.179227828979492,0.0,-94.21871948242188,0.0005550384521484375,-28.119308471679688
1750930254.0521178,0.0,0.5,"[174.0, 185.0, 181.0, 151.0, 143.0, 149.0, 174.0, 177.0, 185.0, 174.0]",12.211827278137207,0.0,-94.4619140625,0.0005550384521484375,-28.141799926757812
1750930254.0784645,0.0,0.5,"[174.0, 185.0, 181.0, 151.0, 142.0, 149.0, 173.0, 178.0, 185.0, 174.0]",12.16403865814209,0.0,-94.70416259765625,0.0005550384521484375,-28.164199829101562
1750930254.0899746,0.0,0.5,"[174.0, 185.0, 181.0, 151.0, 142.0, 149.0, 173.0, 178.0, 185.0, 174.0]",12.142477989196777,0.0,-94.94601440429688,0.00055694580078125,-28.186553955078125
1750930254.1157212,0.0,0.0,"[174.0, 185.0, 180.0, 151.0, 142.0, 149.0, 173.0, 178.0, 185.0, 174.0]",12.184698104858398,0.0,-95.18862915039062,0.00055694580078125,-28.20899200439453
1750930254.1421654,0.0,0.0,"[174.0, 185.0, 179.0, 151.0, 142.0, 149.0, 173.0, 178.0, 185.0, 174.0]",12.533354759216309,0.0,-95.43826293945312,0.00055694580078125,-28.232078552246094
1750930254.15233,0.0,0.0,"[174.0, 185.0, 179.0, 149.0, 142.0, 148.0, 173.0, 179.0, 185.0, 174.0]",12.285466194152832,0.0,-95.68289184570312,0.00055694580078125,-28.25469970703125
1750930254.1780362,0.0,0.0,"[174.0, 185.0, 179.0, 149.0, 142.0, 148.0, 173.0, 179.0, 185.0, 174.0]",12.03797721862793,0.0,-95.92263793945312,0.00055694580078125,-28.27685546875
1750930254.1890059,0.0,0.0,"[174.0, 185.0, 179.0, 149.0, 141.0, 148.0, 173.0, 179.0, 185.0, 174.0]",11.79088020324707,0.0,-96.15750122070312,0.00055694580078125,-28.298568725585938
1750930254.2147448,0.0,0.0,"[174.0, 185.0, 178.0, 149.0, 141.0, 148.0, 173.0, 179.0, 185.0, 174.0]",11.544180870056152,0.0,-96.38735961914062,0.0005550384521484375,-28.31982421875
1750930254.2406027,0.0,0.0,"[174.0, 185.0, 178.0, 148.0, 141.0, 148.0, 173.0, 181.0, 185.0, 174.0]",11.297874450683594,0.0,-96.61239624023438,0.0005550384521484375,-28.340621948242188
1750930254.2513208,0.0,0.5,"[174.0, 185.0, 178.0, 148.0, 141.0, 148.0, 173.0, 183.0, 185.0, 174.0]",11.051962852478027,0.0,-96.83248901367188,0.0005550384521484375,-28.36096954345703
1750930254.2768574,0.0,0.5,"[174.0, 185.0, 177.0, 148.0, 141.0, 148.0, 173.0, 185.0, 185.0, 174.0]",10.80644416809082,0.0,-97.04769897460938,0.0005550384521484375,-28.380859375
1750930254.2956336,0.0,0.5,"[174.0, 185.0, 176.0, 148.0, 140.0, 147.0, 173.0, 187.0, 185.0, 174.0]",11.15837574005127,0.0,-97.26992797851562,0.0005550384521484375,-28.401405334472656
1750930254.3211749,0.0,0.5,"[174.0, 185.0, 176.0, 147.0, 140.0, 147.0, 171.0, 189.0, 185.0, 174.0]",10.912688255310059,0.0,-97.48721313476562,0.0005550384521484375,-28.421493530273438
1750930254.3323975,-1.0,0.5,"[174.0, 185.0, 176.0, 147.0, 140.0, 147.0, 171.0, 190.0, 185.0, 174.0]",11.222561836242676,0.0,-97.71072387695312,0.0005550384521484375,-28.442153930664062
1750930254.3582199,-1.0,0.5,"[174.0, 185.0, 176.0, 147.0, 140.0, 147.0, 171.0, 189.0, 185.0, 174.0]",10.681614875793457,-0.5,-97.92117309570312,0.0005550384521484375,-28.479087829589844
1750930254.3689358,-1.0,0.5,"[174.0, 185.0, 177.0, 148.0, 141.0, 148.0, 173.0, 186.0, 185.0, 174.0]",10.823685646057129,-0.5,-98.13003540039062,0.0005550384521484375,-28.53589630126953
1750930254.3948805,-1.0,0.5,"[174.0, 185.0, 178.0, 148.0, 141.0, 148.0, 173.0, 183.0, 185.0, 174.0]",10.516141891479492,-0.5,-98.33102416992188,0.0005550384521484375,-28.597915649414062
1750930254.4209998,0.0,0.5,"[174.0, 185.0, 179.0, 149.0, 142.0, 148.0, 173.0, 179.0, 185.0, 174.0]",10.860211372375488,-0.5,-98.53713989257812,0.0005550384521484375,-28.666336059570312
1750930254.4319518,0.0,0.5,"[174.0, 185.0, 179.0, 149.0, 142.0, 149.0, 173.0, 179.0, 185.0, 174.0]",10.641236305236816,0.0,-98.74362182617188,0.0005550384521484375,-28.717971801757812
1750930254.4589753,0.0,0.0,"[174.0, 185.0, 179.0, 149.0, 142.0, 148.0, 173.0, 180.0, 185.0, 174.0]",10.71258544921875,0.0,-98.95462036132812,0.0005550384521484375,-28.75531005859375
1750930254.4701095,0.0,0.0,"[174.0, 185.0, 179.0, 149.0, 141.0, 148.0, 173.0, 181.0, 185.0, 174.0]",10.712104797363281,0.0,-99.16555786132812,0.0005550384521484375,-28.792823791503906
1750930254.4967263,0.0,0.0,"[174.0, 185.0, 179.0, 148.0, 141.0, 148.0, 173.0, 183.0, 185.0, 174.0]",10.467131614685059,0.0,-99.37161254882812,0.0005550384521484375,-28.829566955566406
1750930254.5152793,0.0,0.0,"[174.0, 185.0, 178.0, 148.0, 141.0, 148.0, 173.0, 184.0, 185.0, 174.0]",10.222549438476562,0.0,-99.57290649414062,0.0005550384521484375,-28.865440368652344
1750930254.5421612,0.0,0.0,"[174.0, 185.0, 178.0, 148.0, 141.0, 148.0, 173.0, 185.0, 185.0, 174.0]",9.978358268737793,0.0,-99.76937866210938,0.0005550384521484375,-28.90045928955078
1750930254.553138,0.0,0.5,"[174.0, 185.0, 178.0, 148.0, 141.0, 148.0, 173.0, 186.0, 185.0, 174.0]",9.734557151794434,0.0,-99.96102905273438,0.0005550384521484375,-28.93462371826172
1750930254.5797155,0.0,0.5,"[174.0, 185.0, 178.0, 147.0, 141.0, 148.0, 173.0, 187.0, 185.0, 174.0]",9.491146087646484,0.0,-100.14791870117188,0.0005550384521484375,-28.967926025390625
1750930254.5911155,0.0,0.5,"[174.0, 185.0, 176.0, 147.0, 140.0, 148.0, 173.0, 188.0, 185.0, 174.0]",9.919084548950195,0.0,-100.34323120117188,0.0005550384521484375,-29.00273895263672
1750930254.6177275,0.0,0.5,"[174.0, 185.0, 176.0, 147.0, 140.0, 147.0, 173.0, 189.0, 185.0, 174.0]",9.675378799438477,0.0,-100.53372192382812,0.0005550384521484375,-29.036697387695312
1750930254.6292992,0.0,0.5,"[174.0, 185.0, 176.0, 147.0, 140.0, 147.0, 173.0, 189.0, 185.0, 174.0]",9.786240577697754,0.0,-100.72640991210938,0.0005550384521484375,-29.07103729248047
1750930254.6548984,-1.0,0.5,"[174.0, 185.0, 176.0, 147.0, 140.0, 147.0, 171.0, 192.0, 185.0, 174.0]",9.532330513000488,0.0,-100.91409301757812,0.0005550384521484375,-29.1044921875
1750930254.6810522,-1.0,0.5,"[174.0, 185.0, 176.0, 147.0, 140.0, 147.0, 173.0, 190.0, 185.0, 174.0]",9.577741622924805,-0.5,-101.09860229492188,0.0005550384521484375,-29.15606689453125
1750930254.6924186,0.0,0.5,"[174.0, 185.0, 176.0, 148.0, 141.0, 148.0, 173.0, 187.0, 185.0, 174.0]",9.439390182495117,-0.5,-101.27432250976562,0.0005550384521484375,-29.224960327148438
1750930254.719054,0.0,0.5,"[174.0, 185.0, 176.0, 148.0, 141.0, 148.0, 173.0, 187.0, 185.0, 174.0]",9.504257202148438,0.0,-101.45651245117188,0.0005550384521484375,-29.27928924560547
1750930254.7303936,0.0,0.5,"[174.0, 185.0, 176.0, 147.0, 141.0, 148.0, 171.0, 188.0, 185.0, 174.0]",9.440503120422363,0.0,-101.64181518554688,0.0005550384521484375,-29.315383911132812
1750930254.7571845,0.0,0.5,"[174.0, 185.0, 176.0, 147.0, 140.0, 148.0, 171.0, 190.0, 185.0, 174.0]",9.681385040283203,0.0,-101.83084106445312,0.0005550384521484375,-29.357498168945312
1750930254.7765393,0.0,0.5,"[174.0, 185.0, 176.0, 147.0, 140.0, 147.0, 171.0, 192.0, 185.0, 174.0]",9.5617036819458,0.0,-102.01773071289062,0.0005550384521484375,-29.397994995117188
1750930254.7954478,0.0,0.5,"[174.0, 185.0, 175.0, 147.0, 140.0, 147.0, 171.0, 194.0, 185.0, 174.0]",9.64944076538086,0.0,-102.20626831054688,0.0005550384521484375,-29.439224243164062
1750930254.8225358,0.0,0.5,"[174.0, 185.0, 175.0, 147.0, 140.0, 147.0, 171.0, 196.0, 185.0, 174.0]",9.499341011047363,0.0,-102.39193725585938,0.0005550384521484375,-29.47955322265625
1750930254.833566,0.0,0.5,"[174.0, 185.0, 175.0, 147.0, 140.0, 147.0, 171.0, 198.0, 185.0, 174.0]",9.690253257751465,0.0,-102.58120727539062,0.0005550384521484375,-29.521209716796875
1750930254.8597183,0.0,0.0,"[174.0, 185.0, 173.0, 146.0, 139.0, 147.0, 171.0, 227.0, 185.0, 174.0]",9.696757316589355,0.0,-102.77072143554688,0.0005550384521484375,-29.562461853027344
1750930254.870938,-1.0,0.0,"[174.0, 185.0, 173.0, 146.0, 139.0, 147.0, 171.0, 227.0, 185.0, 174.0]",9.679454803466797,0.0,-102.95980834960938,0.0005550384521484375,-29.603866577148438
1750930254.8978763,-1.0,0.0,"[174.0, 185.0, 173.0, 146.0, 140.0, 147.0, 171.0, 227.0, 185.0, 174.0]",9.160806655883789,-0.5,-103.13406372070312,0.0005550384521484375,-29.66045379638672
1750930254.9088268,-1.0,0.0,"[174.0, 185.0, 175.0, 147.0, 140.0, 147.0, 171.0, 195.0, 185.0, 174.0]",8.754164695739746,-0.5,-103.29360961914062,0.0005550384521484375,-29.732589721679688
1750930254.935751,-1.0,0.0,"[174.0, 185.0, 176.0, 147.0, 141.0, 148.0, 171.0, 193.0, 185.0, 174.0]",8.57026195526123,-0.5,-103.45016479492188,0.0005550384521484375,-29.802352905273438
1750930254.9619935,-1.0,0.5,"[174.0, 185.0, 176.0, 148.0, 141.0, 148.0, 171.0, 189.0, 185.0, 174.0]",8.292548179626465,-0.5,-103.60000610351562,0.0005550384521484375,-29.873397827148438
1750930254.9728568,0.0,0.5,"[174.0, 185.0, 177.0, 148.0, 141.0, 148.0, 171.0, 187.0, 185.0, 174.0]",8.061823844909668,-0.5,-103.74459838867188,0.0005550384521484375,-29.94477081298828
1750930254.999155,0.0,0.5,"[174.0, 185.0, 177.0, 148.0, 141.0, 148.0, 171.0, 187.0, 185.0, 174.0]",8.342119216918945,0.0,-103.90054321289062,0.0005550384521484375,-30.004013061523438
1750930255.0107372,0.0,0.5,"[174.0, 185.0, 176.0, 148.0, 141.0, 148.0, 171.0, 189.0, 185.0, 174.0]",8.08572769165039,0.0,-104.05630493164062,0.0005550384521484375,-30.047462463378906
1750930255.0368931,0.0,0.5,"[174.0, 185.0, 176.0, 148.0, 141.0, 148.0, 171.0, 189.0, 185.0, 174.0]",8.464062690734863,0.0,-104.21731567382812,0.0005550384521484375,-30.09986114501953
1750930255.0551796,0.0,0.5,"[174.0, 185.0, 176.0, 148.0, 141.0, 148.0, 171.0, 190.0, 185.0, 174.0]",8.222114562988281,0.0,-104.37454223632812,0.0005550384521484375,-30.147903442382812
1750930255.0809264,-1.0,0.5,"[174.0, 185.0, 176.0, 148.0, 141.0, 148.0, 171.0, 227.0, 185.0, 174.0]",8.544952392578125,0.0,-104.53768920898438,0.0005550384521484375,-30.19879150390625
1750930255.0921276,-1.0,0.5,"[174.0, 185.0, 176.0, 148.0, 141.0, 148.0, 171.0, 194.0, 185.0, 174.0]",8.172019004821777,-0.5,-104.68704223632812,0.0005550384521484375,-30.265151977539062
1750930255.118604,-1.0,0.5,"[174.0, 185.0, 178.0, 149.0, 142.0, 148.0, 171.0, 187.0, 185.0, 174.0]",8.060356140136719,-0.5,-104.82699584960938,0.0005550384521484375,-30.345199584960938
1750930255.1301062,0.0,0.5,"[174.0, 185.0, 179.0, 149.0, 142.0, 149.0, 171.0, 185.0, 185.0, 174.0]",8.220685005187988,-0.5,-104.97189331054688,0.0005550384521484375,-30.422958374023438
1750930255.1566396,0.0,0.5,"[174.0, 185.0, 179.0, 149.0, 142.0, 149.0, 171.0, 186.0, 185.0, 174.0]",8.144928932189941,0.0,-105.12307739257812,0.0005550384521484375,-30.483627319335938
1750930255.1760733,0.0,0.5,"[174.0, 185.0, 178.0, 149.0, 142.0, 149.0, 171.0, 188.0, 185.0, 174.0]",8.328723907470703,0.0,-105.28036499023438,0.0005550384521484375,-30.53838348388672
1750930255.2024767,0.0,0.5,"[174.0, 185.0, 178.0, 149.0, 142.0, 148.0, 171.0, 200.0, 185.0, 174.0]",8.20189094543457,0.0,-105.43429565429688,0.0005550384521484375,-30.595108032226562
1750930255.2134595,0.0,0.0,"[174.0, 185.0, 178.0, 148.0, 142.0, 148.0, 171.0, 205.0, 185.0, 174.0]",8.323648452758789,0.0,-105.59091186523438,0.0005550384521484375,-30.65148162841797
1750930255.2399552,0.0,0.0,"[174.0, 185.0, 178.0, 148.0, 141.0, 148.0, 171.0, 227.0, 185.0, 174.0]",8.399735450744629,0.0,-105.74868774414062,0.0005550384521484375,-30.709266662597656
1750930255.250445,0.0,0.0,"[174.0, 185.0, 178.0, 148.0, 141.0, 148.0, 171.0, 227.0, 185.0, 174.0]",8.158434867858887,0.0,-105.90206909179688,0.0005550384521484375,-30.764862060546875
1750930255.2763417,0.0,0.0,"[174.0, 185.0, 177.0, 148.0, 141.0, 148.0, 171.0, 227.0, 185.0, 174.0]",7.917540550231934,0.0,-106.05087280273438,0.0005550384521484375,-30.819053649902344
1750930255.2951484,0.0,0.0,"[174.0, 185.0, 177.0, 148.0, 141.0, 148.0, 171.0, 227.0, 185.0, 174.0]",7.677035808563232,0.0,-106.19515991210938,0.0005550384521484375,-30.871498107910156
1750930255.3216174,0.0,0.5,"[174.0, 185.0, 176.0, 148.0, 141.0, 148.0, 171.0, 227.0, 185.0, 174.0]",7.436917781829834,0.0,-106.33493041992188,0.0005550384521484375,-30.922348022460938
1750930255.3326626,0.0,0.5,"[174.0, 185.0, 176.0, 147.0, 141.0, 148.0, 171.0, 227.0, 185.0, 174.0]",7.197182655334473,0.0,-106.47024536132812,0.0005550384521484375,-30.971534729003906
1750930255.3586679,0.0,0.5,"[174.0, 185.0, 176.0, 147.0, 141.0, 148.0, 171.0, 227.0, 185.0, 174.0]",7.5996575355529785,0.0,-106.61306762695312,0.0005550384521484375,-31.023483276367188
1750930255.3696108,0.0,0.5,"[174.0, 185.0, 176.0, 147.0, 141.0, 148.0, 171.0, 227.0, 185.0, 174.0]",7.359663486480713,0.0,-106.75137329101562,0.0005550384521484375,-31.07379150390625
1750930255.3957086,-1.0,0.5,"[174.0, 185.0, 176.0, 147.0, 140.0, 148.0, 171.0, 227.0, 185.0, 174.0]",7.799924850463867,0.0,-106.89797973632812,0.0005550384521484375,-31.127105712890625
1750930255.4215958,-1.0,0.5,"[174.0, 185.0, 176.0, 147.0, 141.0, 148.0, 171.0, 227.0, 185.0, 174.0]",7.292746543884277,-0.5,-107.02810668945312,0.0005550384521484375,-31.193008422851562
1750930255.432639,0.0,0.5,"[174.0, 185.0, 176.0, 148.0, 141.0, 148.0, 171.0, 227.0, 185.0, 174.0]",7.205749034881592,-0.5,-107.14950561523438,0.0005550384521484375,-31.270668029785156
1750930255.4581687,0.0,0.5,"[174.0, 185.0, 176.0, 148.0, 141.0, 148.0, 171.0, 227.0, 185.0, 174.0]",7.2788238525390625,0.0,-107.28054809570312,0.0005550384521484375,-31.334136962890625
1750930255.469548,0.0,0.5,"[174.0, 185.0, 176.0, 148.0, 141.0, 148.0, 171.0, 227.0, 185.0, 174.0]",7.14698600769043,0.0,-107.41500854492188,0.0005550384521484375,-31.382476806640625
1750930255.4943368,0.0,0.5,"[174.0, 185.0, 176.0, 148.0, 141.0, 148.0, 171.0, 227.0, 185.0, 174.0]",7.2197184562683105,0.0,-107.54806518554688,0.0005550384521484375,-31.43860626220703
1750930255.5201697,0.0,0.5,"[174.0, 185.0, 176.0, 147.0, 141.0, 148.0, 171.0, 227.0, 185.0, 174.0]",7.240931510925293,0.0,-107.68307495117188,0.0005550384521484375,-31.490989685058594
1750930255.5309174,0.0,0.5,"[174.0, 185.0, 176.0, 147.0, 141.0, 148.0, 170.0, 227.0, 185.0, 174.0]",7.428486347198486,0.0,-107.82070922851562,0.0005550384521484375,-31.546890258789062
1750930255.5565581,0.0,0.5,"[174.0, 185.0, 175.0, 147.0, 140.0, 148.0, 170.0, 227.0, 185.0, 174.0]",7.454756259918213,0.0,-107.95925903320312,0.0005550384521484375,-31.60199737548828
1750930255.575094,0.0,0.5,"[174.0, 185.0, 175.0, 147.0, 140.0, 147.0, 170.0, 227.0, 185.0, 174.0]",7.465006351470947,0.0,-108.09793090820312,0.0005550384521484375,-31.65741729736328
1750930255.6010444,0.0,0.5,"[174.0, 185.0, 175.0, 147.0, 140.0, 147.0, 170.0, 227.0, 185.0, 174.0]",7.7317681312561035,0.0,-108.24148559570312,0.0005550384521484375,-31.714920043945312
1750930255.6118057,0.0,0.5,"[174.0, 185.0, 175.0, 147.0, 140.0, 147.0, 170.0, 227.0, 185.0, 174.0]",7.655970096588135,0.0,-108.38357543945312,0.0005550384521484375,-31.771926879882812
1750930255.6379974,0.0,0.5,"[174.0, 185.0, 175.0, 147.0, 140.0, 147.0, 170.0, 227.0, 185.0, 174.0]",7.77528715133667,0.0,-108.52804565429688,0.0005550384521484375,-31.829483032226562
1750930255.64902,0.0,0.5,"[174.0, 185.0, 173.0, 146.0, 140.0, 147.0, 170.0, 227.0, 185.0, 174.0]",7.722065448760986,0.0,-108.67129516601562,0.0005550384521484375,-31.887161254882812
1750930255.6743374,-1.0,0.5,"[174.0, 185.0, 173.0, 146.0, 140.0, 147.0, 170.0, 227.0, 185.0, 174.0]",7.788268566131592,0.0,-108.81600952148438,0.0005550384521484375,-31.94483184814453
1750930255.699635,-1.0,0.5,"[174.0, 185.0, 173.0, 147.0, 140.0, 147.0, 170.0, 227.0, 185.0, 174.0]",7.625758171081543,-0.5,-108.94992065429688,0.0005550384521484375,-32.017799377441406
1750930255.7100842,-1.0,0.5,"[174.0, 185.0, 175.0, 147.0, 140.0, 147.0, 170.0, 227.0, 185.0, 174.0]",7.535514831542969,-0.5,-109.07449340820312,0.0005550384521484375,-32.10266876220703
1750930255.7380517,0.0,0.5,"[174.0, 185.0, 175.0, 147.0, 141.0, 148.0, 170.0, 227.0, 185.0, 174.0]",7.6010003089904785,-0.5,-109.20211791992188,0.0005550384521484375,-32.1851806640625
1750930255.749737,0.0,0.5,"[174.0, 185.0, 175.0, 147.0, 141.0, 148.0, 170.0, 227.0, 185.0, 174.0]",7.622376918792725,0.0,-109.33810424804688,0.0005550384521484375,-32.25408935546875
1750930255.7765553,0.0,0.5,"[174.0, 185.0, 175.0, 147.0, 140.0, 148.0, 170.0, 227.0, 185.0, 174.0]",7.452348709106445,0.0,-109.47518920898438,0.0005550384521484375,-32.31269836425781
1750930255.7963398,0.0,0.5,"[174.0, 185.0, 175.0, 147.0, 140.0, 147.0, 170.0, 227.0, 185.0, 174.0]",7.575652122497559,0.0,-109.61245727539062,0.0005550384521484375,-32.37675476074219
1750930255.8163462,0.0,0.5,"[174.0, 185.0, 175.0, 147.0, 140.0, 147.0, 170.0, 227.0, 185.0, 174.0]",7.788774490356445,0.0,-109.75466918945312,0.0005550384521484375,-32.44041442871094
1750930255.8357766,0.0,0.5,"[174.0, 185.0, 175.0, 147.0, 140.0, 147.0, 170.0, 227.0, 185.0, 174.0]",7.755854606628418,0.0,-109.89584350585938,0.0005550384521484375,-32.50465393066406
1750930255.8629265,0.0,0.5,"[174.0, 185.0, 173.0, 146.0, 140.0, 147.0, 170.0, 227.0, 185.0, 174.0]",7.7703938484191895,0.0,-110.03732299804688,0.0005550384521484375,-32.568946838378906
1750930255.8747776,0.0,0.5,"[174.0, 185.0, 173.0, 146.0, 140.0, 147.0, 170.0, 227.0, 185.0, 174.0]",7.776127338409424,0.0,-110.17922973632812,0.0005550384521484375,-32.63256072998047
1750930255.9018607,0.0,0.0,"[174.0, 185.0, 173.0, 146.0, 139.0, 147.0, 170.0, 227.0, 185.0, 174.0]",8.17092227935791,0.0,-110.32772827148438,0.0005550384521484375,-32.700775146484375
1750930255.9129012,0.0,0.0,"[174.0, 185.0, 173.0, 146.0, 139.0, 147.0, 170.0, 227.0, 185.0, 174.0]",8.016782760620117,0.0,-110.47402954101562,0.0005550384521484375,-32.766334533691406
1750930255.9409854,0.0,0.0,"[174.0, 185.0, 173.0, 146.0, 139.0, 147.0, 170.0, 227.0, 185.0, 174.0]",7.776032447814941,0.0,-110.61544799804688,0.0005550384521484375,-32.8310546875
1750930255.9522316,0.0,0.0,"[174.0, 185.0, 173.0, 146.0, 139.0, 146.0, 170.0, 227.0, 185.0, 174.0]",7.53571081161499,0.0,-110.75283813476562,0.0005550384521484375,-32.89302062988281
1750930255.979564,-1.0,0.0,"[174.0, 185.0, 172.0, 145.0, 139.0, 146.0, 169.0, 227.0, 185.0, 174.0]",7.295801639556885,0.0,-110.88565063476562,0.0005550384521484375,-32.953453063964844
1750930255.9921265,-1.0,0.0,"[174.0, 185.0, 173.0, 146.0, 139.0, 147.0, 170.0, 227.0, 185.0, 174.0]",6.791242599487305,-0.5,-111.00125122070312,0.0005550384521484375,-33.02471160888672
1750930256.020257,-1.0,0.5,"[174.0, 185.0, 173.0, 146.0, 140.0, 147.0, 170.0, 227.0, 185.0, 174.0]",6.487976551055908,-0.5,-111.10458374023438,0.0005550384521484375,-33.10325622558594
1750930256.0319512,-1.0,0.5,"[174.0, 185.0, 175.0, 147.0, 140.0, 147.0, 170.0, 227.0, 185.0, 174.0]",6.295587539672852,-0.5,-111.20803833007812,0.0005550384521484375,-33.175048828125
1750930256.061253,0.0,0.5,"[174.0, 185.0, 175.0, 147.0, 140.0, 147.0, 170.0, 227.0, 185.0, 174.0]",6.591306209564209,-0.5,-111.31246948242188,0.0005550384521484375,-33.25548553466797
1750930256.0739284,0.0,0.5,"[174.0, 185.0, 175.0, 147.0, 140.0, 147.0, 170.0, 227.0, 185.0, 174.0]",6.248720645904541,0.0,-111.42037963867188,0.0005550384521484375,-33.3184814453125
1750930256.1029882,0.0,0.5,"[174.0, 185.0, 175.0, 147.0, 140.0, 147.0, 170.0, 227.0, 185.0, 174.0]",6.600950717926025,0.0,-111.53970336914062,0.0005550384521484375,-33.37505340576172
1750930256.1147118,0.0,0.5,"[174.0, 185.0, 175.0, 147.0, 140.0, 147.0, 170.0, 227.0, 185.0, 174.0]",6.481075763702393,0.0,-111.65304565429688,0.0005550384521484375,-33.4378662109375
1750930256.1442611,0.0,0.5,"[174.0, 185.0, 175.0, 147.0, 140.0, 147.0, 170.0, 227.0, 185.0, 174.0]",6.699396133422852,0.0,-111.77297973632812,0.00055694580078125,-33.497589111328125
1750930256.156251,0.0,0.5,"[174.0, 185.0, 175.0, 147.0, 140.0, 147.0, 170.0, 227.0, 185.0, 174.0]",6.622635364532471,0.0,-111.88980102539062,0.00055694580078125,-33.560089111328125
1750930256.1769772,0.0,0.5,"[174.0, 185.0, 173.0, 146.0, 140.0, 147.0, 170.0, 227.0, 185.0, 174.0]",6.780738353729248,0.0,-112.01077270507812,0.00055694580078125,-33.62138366699219
1750930256.1979296,-1.0,0.5,"[174.0, 185.0, 173.0, 146.0, 139.0, 147.0, 169.0, 227.0, 185.0, 174.0]",6.659448146820068,0.0,-112.12832641601562,0.00055694580078125,-33.68397521972656
1750930256.2100964,-1.0,0.5,"[174.0, 185.0, 173.0, 147.0, 140.0, 147.0, 170.0, 227.0, 185.0, 174.0]",6.491024971008301,-0.5,-112.23745727539062,0.00055694580078125,-33.7542724609375
1750930256.2400827,-1.0,0.5,"[174.0, 185.0, 175.0, 147.0, 140.0, 147.0, 170.0, 226.0, 185.0, 174.0]",6.481134414672852,-0.5,-112.33425903320312,0.00055694580078125,-33.84049987792969
1750930256.2523959,-1.0,0.5,"[174.0, 185.0, 175.0, 147.0, 140.0, 148.0, 170.0, 226.0, 185.0, 174.0]",6.6501898765563965,-0.5,-112.44119262695312,0.00055694580078125,-33.91960906982422
1750930256.2816114,0.0,0.5,"[174.0, 185.0, 176.0, 148.0, 141.0, 148.0, 170.0, 226.0, 185.0, 174.0]",6.805829048156738,-0.5,-112.54263305664062,0.00055694580078125,-34.0103759765625
1750930256.2945256,0.0,0.5,"[174.0, 185.0, 176.0, 148.0, 141.0, 148.0, 170.0, 226.0, 185.0, 174.0]",6.610203742980957,0.0,-112.65829467773438,0.00055694580078125,-34.0743408203125
1750930256.324256,0.0,0.5,"[174.0, 185.0, 175.0, 147.0, 140.0, 148.0, 170.0, 226.0, 185.0, 174.0]",6.7097930908203125,0.0,-112.77230834960938,0.0005550384521484375,-34.145164489746094
1750930256.3358703,0.0,0.5,"[174.0, 185.0, 175.0, 147.0, 140.0, 148.0, 170.0, 226.0, 185.0, 174.0]",6.779211521148682,0.0,-112.89126586914062,0.0005550384521484375,-34.210227966308594
1750930256.3660624,0.0,0.5,"[174.0, 185.0, 175.0, 147.0, 140.0, 147.0, 170.0, 226.0, 185.0, 174.0]",6.860963821411133,0.0,-113.00814819335938,0.0005550384521484375,-34.28205871582031
1750930256.3785496,0.0,0.5,"[174.0, 185.0, 175.0, 147.0, 140.0, 147.0, 170.0, 226.0, 185.0, 174.0]",6.8710808753967285,0.0,-113.12814331054688,0.0005550384521484375,-34.34905242919922
1750930256.3905556,0.0,0.5,"[174.0, 185.0, 175.0, 147.0, 140.0, 147.0, 169.0, 226.0, 185.0, 174.0]",6.891007423400879,0.0,-113.24533081054688,0.0005550384521484375,-34.42156982421875
1750930256.4204626,0.0,0.5,"[174.0, 185.0, 175.0, 147.0, 140.0, 147.0, 169.0, 226.0, 185.0, 174.0]",6.929372787475586,0.0,-113.36642456054688,0.0005550384521484375,-34.48902893066406
1750930256.4327247,-1.0,0.5,"[174.0, 185.0, 173.0, 147.0, 140.0, 147.0, 169.0, 226.0, 185.0, 174.0]",7.065557479858398,0.0,-113.48678588867188,0.0005550384521484375,-34.56306457519531
1750930256.4625509,-1.0,0.5,"[174.0, 185.0, 175.0, 147.0, 140.0, 147.0, 169.0, 226.0, 185.0, 174.0]",6.7378716468811035,-0.5,-113.59683227539062,0.0005550384521484375,-34.64079284667969
1750930256.474909,-1.0,0.5,"[174.0, 185.0, 175.0, 147.0, 140.0, 148.0, 170.0, 226.0, 185.0, 174.0]",6.7752366065979,-0.5,-113.69253540039062,0.0005550384521484375,-34.73676300048828
1750930256.5049698,-1.0,0.5,"[174.0, 185.0, 176.0, 148.0, 141.0, 148.0, 170.0, 226.0, 185.0, 174.0]",6.801371097564697,-0.5,-113.79714965820312,0.0005550384521484375,-34.823699951171875
1750930256.5177891,0.0,0.5,"[174.0, 185.0, 176.0, 148.0, 141.0, 148.0, 170.0, 226.0, 185.0, 174.0]",6.8901238441467285,-0.5,-113.89578247070312,0.0005550384521484375,-34.91991424560547
1750930256.5298514,0.0,0.5,"[174.0, 185.0, 176.0, 148.0, 141.0, 148.0, 170.0, 226.0, 185.0, 174.0]",6.931620121002197,0.0,-114.01083374023438,0.0005550384521484375,-34.99726867675781
1750930256.5597346,0.0,0.0,"[174.0, 185.0, 176.0, 148.0, 141.0, 147.0, 170.0, 226.0, 185.0, 174.0]",6.823632717132568,0.0,-114.12490844726562,0.0005550384521484375,-35.07221984863281
1750930256.5724182,0.0,0.0,"[174.0, 185.0, 176.0, 148.0, 141.0, 147.0, 169.0, 226.0, 185.0, 174.0]",7.00691556930542,0.0,-114.24215698242188,0.0005550384521484375,-35.148956298828125
1750930256.6028514,0.0,0.0,"[174.0, 185.0, 176.0, 147.0, 141.0, 147.0, 169.0, 226.0, 185.0, 174.0]",6.767816066741943,0.0,-114.35433959960938,0.0005550384521484375,-35.22466278076172
1750930256.6152453,0.0,0.0,"[174.0, 185.0, 176.0, 147.0, 141.0, 147.0, 169.0, 226.0, 185.0, 174.0]",6.529102802276611,0.0,-114.46426391601562,0.0005550384521484375,-35.295127868652344
1750930256.6458888,0.0,0.0,"[174.0, 185.0, 175.0, 147.0, 140.0, 147.0, 169.0, 226.0, 185.0, 174.0]",6.290811061859131,0.0,-114.56784057617188,0.0005550384521484375,-35.3665771484375
1750930256.6578305,-1.0,0.5,"[174.0, 185.0, 176.0, 147.0, 141.0, 147.0, 169.0, 226.0, 185.0, 174.0]",6.053116798400879,0.0,-114.67062377929688,0.0005550384521484375,-35.43054962158203
1750930256.6702166,-1.0,0.5,"[174.0, 185.0, 176.0, 148.0, 141.0, 147.0, 169.0, 226.0, 185.0, 174.0]",5.673829078674316,-0.5,-114.74636840820312,0.0005550384521484375,-35.51506042480469
1750930256.7003884,-1.0,0.5,"[174.0, 185.0, 177.0, 148.0, 141.0, 147.0, 169.0, 226.0, 185.0, 174.0]",5.9129133224487305,-0.5,-114.83724975585938,0.0005550384521484375,-35.59071350097656
1750930256.712464,-1.0,0.5,"[174.0, 185.0, 178.0, 148.0, 142.0, 147.0, 169.0, 226.0, 185.0, 174.0]",5.760218143463135,-0.5,-114.91238403320312,0.0005550384521484375,-35.67805480957031
1750930256.7420654,-1.0,0.5,"[174.0, 185.0, 178.0, 149.0, 142.0, 147.0, 169.0, 226.0, 185.0, 174.0]",5.932024002075195,-0.5,-115.00155639648438,0.0005550384521484375,-35.75628662109375
1750930256.7538974,-1.0,0.5,"[174.0, 185.0, 178.0, 149.0, 142.0, 147.0, 169.0, 226.0, 185.0, 174.0]",5.948971271514893,-0.5,-115.07894897460938,0.0005550384521484375,-35.84666442871094
1750930256.7832034,0.0,0.5,"[174.0, 185.0, 179.0, 149.0, 142.0, 148.0, 169.0, 226.0, 185.0, 174.0]",5.937256813049316,-0.5,-115.16458129882812,0.0005550384521484375,-35.92894744873047
1750930256.7955656,0.0,0.5,"[174.0, 185.0, 179.0, 149.0, 142.0, 148.0, 169.0, 225.0, 185.0, 174.0]",5.914769172668457,0.0,-115.24880981445312,0.0005550384521484375,-36.01201629638672
1750930256.825404,0.0,0.5,"[174.0, 185.0, 179.0, 149.0, 142.0, 147.0, 169.0, 225.0, 185.0, 174.0]",5.982580184936523,0.0,-115.35104370117188,0.0005550384521484375,-36.07415771484375
1750930256.8376327,0.0,0.5,"[174.0, 185.0, 179.0, 149.0, 142.0, 147.0, 169.0, 225.0, 185.0, 174.0]",6.170787811279297,0.0,-115.44015502929688,0.00055694580078125,-36.159523010253906
1750930256.8495615,0.0,0.5,"[174.0, 185.0, 179.0, 149.0, 142.0, 147.0, 169.0, 225.0, 185.0, 174.0]",6.077890872955322,0.0,-115.54269409179688,0.00055694580078125,-36.22480773925781
1750930256.8793364,0.0,0.5,"[174.0, 185.0, 178.0, 149.0, 142.0, 147.0, 169.0, 225.0, 185.0, 174.0]",6.209664344787598,0.0,-115.63418579101562,0.0005550384521484375,-36.308807373046875
1750930256.8914962,0.0,0.5,"[174.0, 185.0, 178.0, 149.0, 142.0, 147.0, 169.0, 225.0, 185.0, 174.0]",6.191070556640625,0.0,-115.73574829101562,0.00055694580078125,-36.379608154296875
1750930256.921041,-1.0,0.5,"[174.0, 185.0, 178.0, 149.0, 142.0, 147.0, 169.0, 225.0, 185.0, 174.0]",6.236376762390137,0.0,-115.82931518554688,0.0005550384521484375,-36.46208190917969
1750930256.93283,-1.0,0.5,"[174.0, 185.0, 179.0, 149.0, 142.0, 147.0, 169.0, 225.0, 185.0, 174.0]",6.130156993865967,-0.5,-115.91842651367188,0.0005550384521484375,-36.54631042480469
1750930256.9627407,-1.0,0.5,"[174.0, 185.0, 179.0, 149.0, 142.0, 147.0, 169.0, 225.0, 185.0, 174.0]",6.1762824058532715,-0.5,-115.99118041992188,0.0005550384521484375,-36.6461181640625
1750930256.9741676,-1.0,0.5,"[174.0, 185.0, 179.0, 151.0, 143.0, 147.0, 169.0, 225.0, 185.0, 174.0]",6.220517635345459,-0.5,-116.07669067382812,0.0005550384521484375,-36.73646545410156
1750930257.004096,-1.0,0.5,"[174.0, 185.0, 180.0, 151.0, 143.0, 147.0, 169.0, 225.0, 185.0, 174.0]",6.08860445022583,-0.5,-116.14907836914062,0.0005550384521484375,-36.834381103515625
1750930257.0156622,-1.0,0.5,"[174.0, 185.0, 181.0, 151.0, 143.0, 148.0, 169.0, 225.0, 185.0, 174.0]",6.227740287780762,-0.5,-116.23129272460938,0.00055694580078125,-36.92799377441406
1750930257.0452576,0.0,0.5,"[174.0, 185.0, 181.0, 152.0, 143.0, 148.0, 169.0, 225.0, 185.0, 174.0]",6.257161617279053,-0.5,-116.30422973632812,0.00055694580078125,-37.029693603515625
1750930257.0570412,0.0,0.5,"[174.0, 185.0, 181.0, 152.0, 143.0, 148.0, 169.0, 225.0, 185.0, 174.0]",6.412351608276367,0.0,-116.40286254882812,0.00055694580078125,-37.111602783203125
1750930257.077715,0.0,0.5,"[174.0, 185.0, 181.0, 151.0, 143.0, 147.0, 169.0, 225.0, 185.0, 174.0]",6.319397926330566,0.0,-116.49337768554688,0.00055694580078125,-37.199851989746094
1750930257.0897589,0.0,0.5,"[174.0, 185.0, 181.0, 152.0, 143.0, 147.0, 169.0, 225.0, 185.0, 174.0]",6.529777526855469,0.0,-116.59378051757812,0.0005550384521484375,-37.28331756591797
1750930257.1198065,0.0,0.5,"[174.0, 185.0, 181.0, 151.0, 143.0, 147.0, 169.0, 225.0, 185.0, 174.0]",6.428196907043457,0.0,-116.68521118164062,0.0005550384521484375,-37.37371826171875
1750930257.1330981,0.0,0.5,"[174.0, 185.0, 181.0, 151.0, 143.0, 147.0, 169.0, 225.0, 185.0, 174.0]",6.56381893157959,0.0,-116.78695678710938,0.0005550384521484375,-37.45671081542969
1750930257.1654527,-1.0,0.5,"[174.0, 185.0, 181.0, 151.0, 143.0, 147.0, 169.0, 225.0, 185.0, 174.0]",6.612539291381836,0.0,-116.88052368164062,0.0005550384521484375,-37.550140380859375
1750930257.1789145,-1.0,0.5,"[174.0, 185.0, 181.0, 151.0, 143.0, 147.0, 169.0, 225.0, 185.0, 174.0]",6.3537211418151855,-0.5,-116.96914672851562,0.0005550384521484375,-37.64118957519531
1750930257.1915975,-1.0,0.5,"[174.0, 185.0, 181.0, 152.0, 143.0, 147.0, 169.0, 225.0, 185.0, 174.0]",6.41599178314209,-0.5,-117.03775024414062,0.0005550384521484375,-37.749664306640625
1750930257.2219732,-1.0,0.5,"[174.0, 185.0, 183.0, 152.0, 144.0, 147.0, 169.0, 225.0, 185.0, 174.0]",6.435587406158447,-0.5,-117.12252807617188,0.0005550384521484375,-37.84651184082031
1750930257.2342985,-1.0,0.5,"[174.0, 185.0, 183.0, 153.0, 144.0, 148.0, 169.0, 225.0, 185.0, 174.0]",6.518773078918457,-0.5,-117.19082641601562,0.0005550384521484375,-37.957557678222656
1750930257.2641096,0.0,0.5,"[174.0, 185.0, 184.0, 153.0, 144.0, 148.0, 169.0, 225.0, 185.0, 174.0]",6.534511089324951,-0.5,-117.27267456054688,0.0005550384521484375,-38.05945587158203
1750930257.2764664,0.0,0.5,"[174.0, 185.0, 183.0, 153.0, 144.0, 148.0, 169.0, 225.0, 185.0, 174.0]",6.535427093505859,0.0,-117.35800170898438,0.0005550384521484375,-38.158477783203125
1750930257.2974408,0.0,0.5,"[174.0, 185.0, 183.0, 153.0, 144.0, 147.0, 169.0, 225.0, 185.0, 174.0]",6.6095123291015625,0.0,-117.45468139648438,0.0005550384521484375,-38.24859619140625
1750930257.3093193,0.0,0.5,"[174.0, 185.0, 183.0, 153.0, 144.0, 147.0, 169.0, 225.0, 185.0, 174.0]",6.678168773651123,0.0,-117.54476928710938,0.0005550384521484375,-38.34721374511719
1750930257.3394854,0.0,0.5,"[174.0, 185.0, 183.0, 153.0, 144.0, 147.0, 169.0, 225.0, 185.0, 174.0]",6.7326788902282715,0.0,-117.64218139648438,0.0005550384521484375,-38.44020080566406
1750930257.3516052,0.0,0.5,"[174.0, 185.0, 183.0, 153.0, 144.0, 147.0, 169.0, 223.0, 185.0, 174.0]",6.821842193603516,0.0,-117.73519897460938,0.0005550384521484375,-38.540008544921875
1750930257.3812633,0.0,0.5,"[174.0, 185.0, 183.0, 153.0, 144.0, 147.0, 169.0, 223.0, 185.0, 174.0]",6.902093410491943,0.0,-117.83413696289062,0.0005550384521484375,-38.63624572753906
1750930257.3937933,0.0,0.5,"[174.0, 185.0, 183.0, 153.0, 144.0, 147.0, 169.0, 223.0, 185.0, 174.0]",6.797310829162598,0.0,-117.92776489257812,0.0005550384521484375,-38.734832763671875
1750930257.4233992,-1.0,0.5,"[174.0, 185.0, 183.0, 153.0, 144.0, 147.0, 168.0, 223.0, 185.0, 174.0]",6.93245792388916,0.0,-118.02633666992188,0.0005550384521484375,-38.832305908203125
1750930257.4359212,-1.0,0.5,"[174.0, 185.0, 183.0, 153.0, 144.0, 147.0, 168.0, 223.0, 185.0, 174.0]",6.755030155181885,-0.5,-118.10330200195312,0.0005550384521484375,-38.943359375
1750930257.466252,-1.0,0.5,"[174.0, 185.0, 184.0, 153.0, 144.0, 147.0, 169.0, 223.0, 185.0, 174.0]",6.674623489379883,-0.5,-118.17715454101562,0.0005550384521484375,-39.0545654296875
1750930257.4788706,-1.0,0.5,"[174.0, 185.0, 184.0, 153.0, 144.0, 147.0, 169.0, 223.0, 185.0, 174.0]",6.785390377044678,-0.5,-118.24966430664062,0.0005550384521484375,-39.16925048828125
1750930257.490575,-1.0,0.5,"[174.0, 185.0, 186.0, 154.0, 144.0, 148.0, 169.0, 223.0, 185.0, 174.0]",6.810800075531006,-0.5,-118.32302856445312,0.0005550384521484375,-39.28404235839844
1750930257.5206516,0.0,0.5,"[174.0, 185.0, 186.0, 154.0, 144.0, 148.0, 169.0, 223.0, 185.0, 174.0]",6.811328411102295,-0.5,-118.39144897460938,0.0005550384521484375,-39.401824951171875
1750930257.532635,0.0,0.5,"[174.0, 185.0, 186.0, 154.0, 144.0, 148.0, 169.0, 223.0, 185.0, 174.0]",6.761349678039551,0.0,-118.48355102539062,0.0005550384521484375,-39.500823974609375
1750930257.5627258,0.0,0.5,"[174.0, 185.0, 186.0, 154.0, 144.0, 147.0, 169.0, 223.0, 185.0, 174.0]",6.717875957489014,0.0,-118.56753540039062,0.0005550384521484375,-39.60572814941406
1750930257.5749373,0.0,0.5,"[174.0, 185.0, 186.0, 154.0, 144.0, 147.0, 169.0, 223.0, 185.0, 174.0]",7.03041934967041,0.0,-118.66268920898438,0.0005550384521484375,-39.70921325683594
1750930257.6050367,0.0,0.5,"[174.0, 185.0, 186.0, 154.0, 143.0, 147.0, 168.0, 223.0, 185.0, 174.0]",6.878078460693359,0.0,-118.74893188476562,0.0005550384521484375,-39.81640625
1750930257.6176386,0.0,0.0,"[174.0, 185.0, 186.0, 154.0, 143.0, 147.0, 168.0, 223.0, 185.0, 174.0]",7.111615180969238,0.0,-118.84469604492188,0.0005550384521484375,-39.92158508300781
1750930257.6302133,0.0,0.0,"[174.0, 185.0, 185.0, 153.0, 143.0, 147.0, 168.0, 223.0, 185.0, 174.0]",7.1686248779296875,0.0,-118.93606567382812,0.0005550384521484375,-40.032073974609375
1750930257.6608915,0.0,0.0,"[174.0, 185.0, 185.0, 153.0, 143.0, 147.0, 168.0, 223.0, 185.0, 174.0]",6.928395748138428,0.0,-119.02731323242188,0.0005550384521484375,-40.13633728027344
1750930257.672904,0.0,0.0,"[174.0, 185.0, 185.0, 153.0, 143.0, 147.0, 168.0, 223.0, 185.0, 174.0]",6.689249515533447,0.0,-119.11398315429688,0.0005550384521484375,-40.238250732421875
1750930257.7031631,-1.0,0.0,"[174.0, 185.0, 184.0, 153.0, 143.0, 147.0, 168.0, 223.0, 185.0, 174.0]",6.450657844543457,0.0,-119.19827270507812,0.0005550384521484375,-40.335914611816406
1750930257.7147937,-1.0,0.5,"[174.0, 185.0, 186.0, 153.0, 143.0, 147.0, 168.0, 223.0, 185.0, 174.0]",5.956304550170898,-0.5,-119.26193237304688,0.0005550384521484375,-40.43659973144531
1750930257.7456198,-1.0,0.5,"[174.0, 185.0, 186.0, 154.0, 143.0, 147.0, 168.0, 223.0, 185.0, 174.0]",5.697415351867676,-0.5,-119.31588745117188,0.0005550384521484375,-40.53697204589844
1750930257.7583058,0.0,0.5,"[174.0, 185.0, 187.0, 154.0, 143.0, 147.0, 168.0, 223.0, 185.0, 174.0]",6.0326457023620605,-0.5,-119.37686157226562,0.0005550384521484375,-40.64105987548828
1750930257.770827,0.0,0.5,"[174.0, 185.0, 187.0, 154.0, 143.0, 147.0, 168.0, 223.0, 185.0, 174.0]",5.678521156311035,0.0,-119.44711303710938,0.00055694580078125,-40.73033905029297
1750930257.8015919,0.0,0.5,"[174.0, 185.0, 187.0, 154.0, 143.0, 147.0, 168.0, 223.0, 185.0, 174.0]",5.971848011016846,0.0,-119.52255249023438,0.00055694580078125,-40.82292175292969
1750930257.815039,0.0,0.5,"[174.0, 185.0, 187.0, 154.0, 143.0, 147.0, 168.0, 223.0, 185.0, 174.0]",5.990091800689697,0.0,-119.59640502929688,0.00055694580078125,-40.917259216308594
1750930257.845666,0.0,0.5,"[174.0, 185.0, 187.0, 154.0, 143.0, 147.0, 168.0, 223.0, 185.0, 174.0]",6.20423698425293,0.0,-119.67544555664062,0.00055694580078125,-41.01287841796875
1750930257.8577902,0.0,0.5,"[174.0, 185.0, 186.0, 154.0, 143.0, 147.0, 168.0, 221.0, 185.0, 174.0]",6.182562351226807,0.0,-119.75051879882812,0.00055694580078125,-41.11115264892578
1750930257.8706124,0.0,0.5,"[174.0, 185.0, 187.0, 154.0, 143.0, 147.0, 168.0, 221.0, 185.0, 174.0]",6.254129409790039,0.0,-119.83157348632812,0.00055694580078125,-41.2064208984375
1750930257.9006722,-1.0,0.5,"[174.0, 185.0, 186.0, 153.0, 142.0, 147.0, 168.0, 221.0, 185.0, 174.0]",6.334604740142822,0.0,-119.90811157226562,0.00055694580078125,-41.307403564453125
1750930257.9135914,-1.0,0.5,"[174.0, 185.0, 187.0, 154.0, 143.0, 147.0, 168.0, 221.0, 185.0, 174.0]",6.051995754241943,-0.5,-119.97732543945312,0.00055694580078125,-41.40669250488281
1750930257.9440212,-1.0,0.5,"[174.0, 185.0, 187.0, 154.0, 143.0, 147.0, 168.0, 221.0, 185.0, 174.0]",6.095341682434082,-0.5,-120.02645874023438,0.00055694580078125,-41.51824951171875
1750930257.9565277,-1.0,0.5,"[174.0, 185.0, 187.0, 155.0, 143.0, 147.0, 168.0, 221.0, 185.0, 174.0]",6.057681560516357,-0.5,-120.08822631835938,0.00055694580078125,-41.622467041015625
1750930257.9779906,0.0,0.5,"[174.0, 185.0, 189.0, 155.0, 143.0, 147.0, 168.0, 221.0, 185.0, 174.0]",6.3712358474731445,-0.5,-120.13919067382812,0.00055694580078125,-41.7392578125
1750930257.9910612,0.0,0.5,"[174.0, 185.0, 189.0, 155.0, 143.0, 147.0, 168.0, 221.0, 185.0, 174.0]",6.124159336090088,0.0,-120.21200561523438,0.0005550384521484375,-41.8377685546875
1750930258.021226,0.0,0.5,"[174.0, 185.0, 188.0, 155.0, 143.0, 147.0, 167.0, 221.0, 185.0, 174.0]",6.341517448425293,0.0,-120.28488159179688,0.00055694580078125,-41.941566467285156
1750930258.03434,0.0,0.5,"[174.0, 185.0, 187.0, 155.0, 143.0, 147.0, 167.0, 221.0, 185.0, 174.0]",6.262477874755859,0.0,-120.35983276367188,0.00055694580078125,-42.04191589355469
1750930258.0652938,0.0,0.5,"[174.0, 185.0, 187.0, 155.0, 142.0, 146.0, 167.0, 221.0, 185.0, 174.0]",6.406197547912598,0.0,-120.43325805664062,0.0005550384521484375,-42.14691925048828
1750930258.0786796,0.0,0.5,"[174.0, 185.0, 187.0, 155.0, 142.0, 146.0, 167.0, 221.0, 185.0, 174.0]",6.272406101226807,0.0,-120.50772094726562,0.0005550384521484375,-42.24784851074219
1750930258.0901423,0.0,0.5,"[174.0, 185.0, 187.0, 155.0, 142.0, 146.0, 167.0, 221.0, 185.0, 174.0]",6.381755828857422,0.0,-120.58181762695312,0.0005550384521484375,-42.351806640625
1750930258.1211565,-1.0,0.5,"[174.0, 185.0, 187.0, 155.0, 142.0, 146.0, 167.0, 221.0, 185.0, 174.0]",6.392569065093994,0.0,-120.65695190429688,0.0005550384521484375,-42.455230712890625
1750930258.1346164,-1.0,0.5,"[174.0, 185.0, 187.0, 155.0, 142.0, 146.0, 167.0, 221.0, 185.0, 174.0]",6.467846393585205,-0.5,-120.72036743164062,0.0005550384521484375,-42.567962646484375
1750930258.1652946,-1.0,0.5,"[174.0, 185.0, 189.0, 155.0, 142.0, 146.0, 167.0, 221.0, 185.0, 174.0]",6.1810302734375,-0.5,-120.76687622070312,0.0005550384521484375,-42.68250274658203
1750930258.1779222,-1.0,0.5,"[174.0, 185.0, 189.0, 155.0, 142.0, 146.0, 167.0, 221.0, 185.0, 174.0]",6.383129119873047,-0.5,-120.82315063476562,0.0005550384521484375,-42.797096252441406
1750930258.190091,-1.0,0.5,"[174.0, 185.0, 189.0, 155.0, 143.0, 146.0, 167.0, 221.0, 185.0, 174.0]",6.388095855712891,-0.5,-120.87191772460938,0.0005550384521484375,-42.915184020996094
1750930258.2202718,0.0,0.5,"[174.0, 185.0, 190.0, 155.0, 143.0, 146.0, 167.0, 221.0, 185.0, 174.0]",6.64592170715332,-0.5,-120.92434692382812,0.0005550384521484375,-43.037330627441406
1750930258.2328844,0.0,0.5,"[174.0, 185.0, 190.0, 155.0, 143.0, 146.0, 167.0, 221.0, 185.0, 174.0]",6.406089782714844,0.0,-120.99234008789062,0.0005550384521484375,-43.145904541015625
1750930258.2641337,0.0,0.5,"[174.0, 185.0, 190.0, 155.0, 143.0, 146.0, 167.0, 221.0, 185.0, 174.0]",6.436570167541504,0.0,-121.06124877929688,0.0005550384521484375,-43.254638671875
1750930258.2766287,0.0,0.5,"[174.0, 185.0, 189.0, 155.0, 142.0, 146.0, 167.0, 221.0, 185.0, 174.0]",6.467691898345947,0.0,-121.12985229492188,0.0005550384521484375,-43.36431884765625
1750930258.2985444,0.0,0.5,"[174.0, 185.0, 189.0, 155.0, 142.0, 146.0, 167.0, 221.0, 185.0, 174.0]",6.570428371429443,0.0,-121.20071411132812,0.0005550384521484375,-43.47496032714844
1750930258.3110833,0.0,0.5,"[174.0, 185.0, 189.0, 155.0, 142.0, 146.0, 167.0, 221.0, 185.0, 174.0]",6.5112762451171875,0.0,-121.26876831054688,0.0005550384521484375,-43.586021423339844
1750930258.3416107,-1.0,0.5,"[174.0, 185.0, 189.0, 155.0, 142.0, 146.0, 167.0, 221.0, 185.0, 174.0]",6.737500190734863,0.0,-121.34280395507812,0.0005550384521484375,-43.69859313964844
1750930258.3543437,-1.0,0.5,"[174.0, 185.0, 190.0, 155.0, 142.0, 146.0, 166.0, 221.0, 185.0, 174.0]",6.444861888885498,-0.5,-121.38589477539062,0.0005550384521484375,-43.820068359375
1750930258.3863974,-1.0,0.5,"[174.0, 185.0, 190.0, 155.0, 143.0, 146.0, 166.0, 221.0, 185.0, 174.0]",6.4599480628967285,-0.5,-121.43862915039062,0.0005550384521484375,-43.93803405761719
1750930258.3990335,-1.0,0.5,"[174.0, 185.0, 190.0, 155.0, 143.0, 146.0, 166.0, 221.0, 185.0, 174.0]",6.809792518615723,-0.5,-121.48373413085938,0.0005550384521484375,-44.06654357910156
1750930258.4121356,-1.0,0.5,"[174.0, 185.0, 192.0, 155.0, 143.0, 146.0, 166.0, 220.0, 185.0, 174.0]",6.550466060638428,-0.5,-121.53067016601562,0.0005550384521484375,-44.1888427734375
1750930258.4442453,0.0,0.5,"[174.0, 185.0, 192.0, 155.0, 143.0, 146.0, 166.0, 220.0, 185.0, 174.0]",6.932502746582031,-0.5,-121.57369995117188,0.0005550384521484375,-44.320648193359375
1750930258.45733,0.0,0.5,"[174.0, 185.0, 192.0, 155.0, 143.0, 146.0, 166.0, 220.0, 185.0, 174.0]",6.724717140197754,0.0,-121.64224243164062,0.0005550384521484375,-44.436363220214844
1750930258.4795618,0.0,0.5,"[174.0, 185.0, 192.0, 155.0, 143.0, 146.0, 166.0, 220.0, 185.0, 174.0]",6.9744672775268555,0.0,-121.70468139648438,0.0005550384521484375,-44.56110382080078
1750930258.4922595,0.0,0.5,"[174.0, 185.0, 192.0, 155.0, 143.0, 146.0, 166.0, 220.0, 185.0, 174.0]",6.887187957763672,0.0,-121.77352905273438,0.0005550384521484375,-44.680389404296875
1750930258.5237072,0.0,0.5,"[174.0, 185.0, 192.0, 154.0, 143.0, 146.0, 166.0, 220.0, 185.0, 174.0]",6.917510986328125,0.0,-121.83529663085938,0.0005550384521484375,-44.80419158935547
1750930258.536671,0.0,0.0,"[174.0, 185.0, 192.0, 154.0, 143.0, 145.0, 166.0, 220.0, 185.0, 174.0]",7.003151893615723,0.0,-121.90554809570312,0.0005550384521484375,-44.925384521484375
1750930258.5587692,0.0,0.0,"[174.0, 185.0, 192.0, 154.0, 142.0, 145.0, 166.0, 220.0, 185.0, 174.0]",7.077700138092041,0.0,-121.96884155273438,0.0005550384521484375,-45.051979064941406
1750930258.5716286,0.0,0.0,"[174.0, 185.0, 192.0, 154.0, 142.0, 145.0, 166.0, 220.0, 185.0, 174.0]",6.8373188972473145,0.0,-122.03707885742188,0.0005550384521484375,-45.170501708984375
1750930258.6031232,-1.0,0.0,"[174.0, 185.0, 192.0, 154.0, 142.0, 145.0, 166.0, 220.0, 185.0, 174.0]",6.5976691246032715,0.0,-122.09640502929688,0.0005550384521484375,-45.28837585449219
1750930258.6158524,-1.0,0.5,"[174.0, 185.0, 192.0, 154.0, 142.0, 145.0, 166.0, 220.0, 185.0, 174.0]",6.069236755371094,-0.5,-122.14285278320312,0.0005550384521484375,-45.40052795410156
1750930258.6481032,-1.0,0.5,"[174.0, 185.0, 193.0, 154.0, 142.0, 145.0, 166.0, 220.0, 185.0, 174.0]",5.876684188842773,-0.5,-122.16952514648438,0.0005550384521484375,-45.514976501464844
1750930258.661917,0.0,0.5,"[174.0, 185.0, 193.0, 154.0, 143.0, 145.0, 166.0, 220.0, 185.0, 174.0]",6.117800712585449,-0.5,-122.21371459960938,0.0005550384521484375,-45.62907409667969
1750930258.6748974,0.0,0.5,"[174.0, 185.0, 193.0, 154.0, 143.0, 145.0, 166.0, 220.0, 185.0, 174.0]",5.840643405914307,0.0,-122.25924682617188,0.0005550384521484375,-45.73664855957031
1750930258.7075036,0.0,0.5,"[174.0, 185.0, 193.0, 154.0, 143.0, 145.0, 164.0, 220.0, 185.0, 174.0]",6.150564670562744,0.0,-122.32077026367188,0.00055694580078125,-45.84320068359375
1750930258.720447,0.0,0.5,"[174.0, 185.0, 193.0, 154.0, 142.0, 145.0, 164.0, 220.0, 185.0, 174.0]",5.983429431915283,0.0,-122.36843872070312,0.00055694580078125,-45.95295715332031
1750930258.7339637,0.0,0.5,"[174.0, 185.0, 193.0, 154.0, 142.0, 145.0, 164.0, 219.0, 185.0, 174.0]",6.105758190155029,0.0,-122.42703247070312,0.00055694580078125,-46.06007385253906
1750930258.765972,0.0,0.5,"[174.0, 185.0, 193.0, 153.0, 142.0, 145.0, 164.0, 219.0, 185.0, 174.0]",6.272502422332764,0.0,-122.47860717773438,0.00055694580078125,-46.1744384765625
1750930258.7792609,-1.0,0.5,"[174.0, 185.0, 192.0, 154.0, 142.0, 145.0, 164.0, 218.0, 185.0, 174.0]",6.29050350189209,0.0,-122.53659057617188,0.00055694580078125,-46.286102294921875
1750930258.7920623,-1.0,0.5,"[174.0, 185.0, 192.0, 154.0, 142.0, 145.0, 164.0, 218.0, 185.0, 174.0]",6.289907455444336,-0.5,-122.56076049804688,0.00055694580078125,-46.40955352783203
1750930258.8241773,-1.0,0.5,"[174.0, 185.0, 193.0, 154.0, 142.0, 145.0, 164.0, 218.0, 185.0, 174.0]",6.196570873260498,-0.5,-122.60098266601562,0.00055694580078125,-46.52677917480469
1750930258.8374043,-1.0,0.5,"[174.0, 185.0, 193.0, 154.0, 142.0, 145.0, 164.0, 218.0, 185.0, 174.0]",6.330870628356934,-0.5,-122.62423706054688,0.00055694580078125,-46.6512451171875
1750930258.8502324,-1.0,0.5,"[174.0, 185.0, 193.0, 154.0, 142.0, 145.0, 164.0, 218.0, 185.0, 174.0]",6.409409523010254,-0.5,-122.66159057617188,0.00055694580078125,-46.77387237548828
1750930258.8822718,0.0,0.5,"[174.0, 185.0, 193.0, 154.0, 142.0, 145.0, 164.0, 218.0, 185.0, 174.0]",6.470372200012207,-0.5,-122.68283081054688,0.00055694580078125,-46.901519775390625
1750930258.8955677,0.0,0.5,"[174.0, 185.0, 193.0, 154.0, 142.0, 145.0, 164.0, 218.0, 185.0, 174.0]",6.449710369110107,0.0,-122.73916625976562,0.00055694580078125,-47.01756286621094
1750930258.9275856,0.0,0.5,"[174.0, 185.0, 192.0, 154.0, 142.0, 145.0, 164.0, 218.0, 185.0, 174.0]",6.272167682647705,0.0,-122.78091430664062,0.00055694580078125,-47.13587188720703
1750930258.940307,0.0,0.5,"[174.0, 185.0, 192.0, 154.0, 142.0, 145.0, 164.0, 218.0, 185.0, 174.0]",6.4168219566345215,0.0,-122.83609008789062,0.00055694580078125,-47.25172424316406
1750930258.9534457,0.0,0.5,"[174.0, 185.0, 192.0, 154.0, 142.0, 145.0, 164.0, 218.0, 185.0, 174.0]",6.602359771728516,0.0,-122.88070678710938,0.00055694580078125,-47.376014709472656
1750930258.985506,-1.0,0.5,"[174.0, 185.0, 192.0, 154.0, 142.0, 145.0, 164.0, 218.0, 185.0, 174.0]",6.677728652954102,0.0,-122.93801879882812,0.00055694580078125,-47.49662780761719
1750930258.9985898,-1.0,0.5,"[174.0, 185.0, 192.0, 154.0, 142.0, 145.0, 163.0, 218.0, 185.0, 174.0]",6.53737211227417,-0.5,-122.96456909179688,0.0005550384521484375,-47.624656677246094
1750930259.011605,-1.0,0.5,"[174.0, 185.0, 192.0, 154.0, 142.0, 145.0, 163.0, 218.0, 185.0, 174.0]",6.3235764503479,-0.5,-122.99270629882812,0.0005550384521484375,-47.747955322265625
1750930259.0440805,-1.0,0.5,"[174.0, 185.0, 192.0, 154.0, 142.0, 145.0, 163.0, 217.0, 185.0, 174.0]",6.700750350952148,-0.5,-123.01412963867188,0.0005550384521484375,-47.88024139404297
1750930259.0577624,0.0,0.5,"[174.0, 185.0, 192.0, 154.0, 142.0, 145.0, 163.0, 217.0, 185.0, 174.0]",6.449498176574707,-0.5,-123.04141235351562,0.0005550384521484375,-48.006317138671875
1750930259.0708776,0.0,0.5,"[174.0, 185.0, 192.0, 154.0, 142.0, 145.0, 163.0, 217.0, 185.0, 174.0]",6.604410648345947,0.0,-123.07540893554688,0.0005550384521484375,-48.13395690917969
1750930259.1030908,0.0,0.5,"[174.0, 185.0, 192.0, 154.0, 142.0, 145.0, 163.0, 217.0, 185.0, 174.0]",6.512161731719971,0.0,-123.12722778320312,0.0005550384521484375,-48.253448486328125
1750930259.1166227,0.0,0.5,"[174.0, 185.0, 192.0, 154.0, 142.0, 145.0, 163.0, 217.0, 185.0, 174.0]",6.746471881866455,0.0,-123.16580200195312,0.0005550384521484375,-48.38275146484375
1750930259.1395018,0.0,0.5,"[174.0, 185.0, 192.0, 154.0, 141.0, 144.0, 163.0, 217.0, 185.0, 174.0]",6.6580071449279785,0.0,-123.21493530273438,0.0005550384521484375,-48.506500244140625
1750930259.15271,-1.0,0.5,"[174.0, 185.0, 192.0, 154.0, 141.0, 144.0, 163.0, 217.0, 185.0, 174.0]",6.76159143447876,0.0,-123.25735473632812,0.0005550384521484375,-48.634925842285156
1750930259.1851747,-1.0,0.5,"[174.0, 185.0, 192.0, 154.0, 141.0, 144.0, 163.0, 217.0, 185.0, 174.0]",6.633467197418213,-0.5,-123.27853393554688,0.0005550384521484375,-48.76588439941406
1750930259.1980457,-1.0,0.5,"[174.0, 185.0, 192.0, 154.0, 141.0, 144.0, 163.0, 217.0, 185.0, 174.0]",6.644233226776123,-0.5,-123.29733276367188,0.0005550384521484375,-48.897430419921875
1750930259.2109468,-1.0,0.5,"[174.0, 185.0, 192.0, 155.0, 141.0, 144.0, 163.0, 217.0, 185.0, 174.0]",6.708956718444824,-0.5,-123.31680297851562,0.0005550384521484375,-49.03019714355469
1750930259.2444475,0.0,0.5,"[174.0, 185.0, 192.0, 155.0, 141.0, 144.0, 163.0, 217.0, 185.0, 174.0]",6.760923862457275,-0.5,-123.33132934570312,0.0005550384521484375,-49.16462707519531
1750930259.2572856,0.0,0.5,"[174.0, 185.0, 192.0, 155.0, 141.0, 144.0, 163.0, 217.0, 185.0, 174.0]",6.708846092224121,0.0,-123.36355590820312,0.0005550384521484375,-49.29487609863281
1750930259.280188,0.0,0.5,"[174.0, 185.0, 192.0, 155.0, 141.0, 144.0, 163.0, 217.0, 185.0, 174.0]",6.766164302825928,0.0,-123.40493774414062,0.0005550384521484375,-49.42372131347656
1750930259.293371,0.0,0.5,"[174.0, 185.0, 192.0, 155.0, 141.0, 144.0, 163.0, 215.0, 185.0, 174.0]",6.854227542877197,0.0,-123.44094848632812,0.0005550384521484375,-49.55598449707031
1750930259.326745,0.0,0.5,"[174.0, 185.0, 192.0, 154.0, 141.0, 144.0, 162.0, 215.0, 185.0, 174.0]",6.836704254150391,0.0,-123.48049926757812,0.0005550384521484375,-49.68687438964844
1750930259.3404107,0.0,0.5,"[174.0, 185.0, 190.0, 154.0, 141.0, 143.0, 162.0, 215.0, 185.0, 174.0]",6.877816200256348,0.0,-123.51815795898438,0.00055694580078125,-49.819183349609375
1750930259.35363,-1.0,0.5,"[174.0, 185.0, 190.0, 154.0, 141.0, 143.0, 162.0, 215.0, 185.0, 174.0]",6.911195278167725,0.0,-123.55709838867188,0.0005550384521484375,-49.951812744140625
1750930259.3867593,-1.0,0.5,"[174.0, 185.0, 190.0, 154.0, 141.0, 143.0, 162.0, 215.0, 185.0, 174.0]",6.869902610778809,-0.5,-123.57870483398438,0.0005550384521484375,-50.087493896484375
1750930259.3994458,-1.0,0.5,"[174.0, 185.0, 192.0, 155.0, 141.0, 143.0, 162.0, 215.0, 185.0, 174.0]",6.656587600708008,-0.5,-123.58615112304688,0.0005550384521484375,-50.220420837402344
1750930259.4124537,-1.0,0.5,"[174.0, 185.0, 192.0, 154.0, 141.0, 143.0, 162.0, 215.0, 185.0, 174.0]",6.836460590362549,-0.5,-123.60012817382812,0.00055694580078125,-50.35643005371094
1750930259.4444242,-1.0,0.5,"[174.0, 185.0, 192.0, 154.0, 141.0, 143.0, 162.0, 215.0, 185.0, 174.0]",6.64440393447876,-0.5,-123.60641479492188,0.0005550384521484375,-50.489173889160156
1750930259.4575405,-1.0,0.5,"[174.0, 185.0, 192.0, 154.0, 141.0, 143.0, 162.0, 215.0, 185.0, 174.0]",6.8939032554626465,-0.5,-123.61532592773438,0.00055694580078125,-50.62677001953125
1750930259.4703846,-1.0,0.5,"[174.0, 185.0, 192.0, 154.0, 141.0, 143.0, 162.0, 215.0, 185.0, 174.0]",6.963467121124268,-0.5,-123.61953735351562,0.00055694580078125,-50.76597595214844
1750930259.5025558,-1.0,0.5,"[174.0, 185.0, 193.0, 154.0, 141.0, 143.0, 162.0, 215.0, 185.0, 174.0]",6.928927421569824,-0.5,-123.62362670898438,0.00055694580078125,-50.90447998046875
1750930259.5155382,-1.0,0.5,"[174.0, 185.0, 193.0, 154.0, 141.0, 143.0, 162.0, 215.0, 185.0, 174.0]",6.992767333984375,-0.5,-123.62442016601562,0.00055694580078125,-51.044342041015625
1750930259.5470235,-1.0,0.5,"[174.0, 185.0, 193.0, 154.0, 141.0, 143.0, 162.0, 215.0, 185.0, 174.0]",7.0180344581604,-0.5,-123.62374877929688,0.00055694580078125,-51.1846923828125
1750930259.5605822,-1.0,0.5,"[174.0, 185.0, 193.0, 154.0, 141.0, 143.0, 162.0, 215.0, 185.0, 174.0]",7.161728382110596,-0.5,-123.62265014648438,0.00055694580078125,-51.32792663574219
1750930259.5738106,-1.0,0.5,"[174.0, 185.0, 195.0, 154.0, 141.0, 143.0, 162.0, 214.0, 185.0, 174.0]",7.142773151397705,-0.5,-123.61563110351562,0.00055694580078125,-51.470611572265625
1750930259.6059868,-1.0,0.5,"[174.0, 185.0, 195.0, 154.0, 142.0, 143.0, 163.0, 214.0, 185.0, 174.0]",7.408630847930908,-0.5,-123.61087036132812,0.00055694580078125,-51.61871337890625
1750930259.6187406,-1.0,0.5,"[174.0, 185.0, 195.0, 154.0, 142.0, 142.0, 163.0, 214.0, 185.0, 174.0]",7.247160911560059,-0.5,-123.59982299804688,0.0005550384521484375,-51.76322937011719
1750930259.6317677,-1.0,0.5,"[174.0, 185.0, 197.0, 155.0, 141.0, 142.0, 163.0, 214.0, 185.0, 174.0]",7.373030185699463,-0.5,-123.58963012695312,0.0005550384521484375,-51.91033935546875
1750930259.6640048,-1.0,0.5,"[174.0, 185.0, 197.0, 155.0, 141.0, 142.0, 163.0, 214.0, 185.0, 174.0]",7.3846635818481445,-0.5,-123.57553100585938,0.0005550384521484375,-52.05735778808594
1750930259.6784198,-1.0,0.5,"[174.0, 185.0, 197.0, 155.0, 141.0, 142.0, 162.0, 214.0, 185.0, 174.0]",7.421071529388428,-0.5,-123.56002807617188,0.0005550384521484375,-52.20497131347656
1750930259.6920414,-1.0,0.5,"[174.0, 185.0, 197.0, 155.0, 141.0, 142.0, 162.0, 214.0, 185.0, 174.0]",7.356812000274658,-0.5,-123.54220581054688,0.00055694580078125,-52.35101318359375
1750930259.7313573,-1.0,0.5,"[174.0, 185.0, 197.0, 155.0, 141.0, 142.0, 162.0, 214.0, 185.0, 174.0]",7.421920299530029,-0.5,-123.52249145507812,0.00055694580078125,-52.498138427734375
1750930259.7482202,-1.0,0.5,"[174.0, 185.0, 197.0, 155.0, 141.0, 142.0, 162.0, 214.0, 185.0, 174.0]",7.599172115325928,-0.5,-123.49838256835938,0.0005550384521484375,-52.64820861816406
1750930259.7651234,-1.0,0.5,"[174.0, 185.0, 197.0, 155.0, 141.0, 142.0, 162.0, 214.0, 185.0, 174.0]",7.624530792236328,-0.5,-123.47433471679688,0.0005550384521484375,-52.79878234863281
1750930259.7820837,-1.0,0.5,"[174.0, 185.0, 197.0, 155.0, 141.0, 142.0, 162.0, 214.0, 185.0, 174.0]",7.7520318031311035,-0.5,-123.44491577148438,0.0005550384521484375,-52.951019287109375
1750930259.7992556,0.0,0.5,"[174.0, 185.0, 197.0, 155.0, 141.0, 142.0, 162.0, 214.0, 185.0, 174.0]",7.589137554168701,-0.5,-123.41629028320312,0.0005550384521484375,-53.100067138671875
1750930259.8165138,0.0,0.5,"[174.0, 185.0, 197.0, 155.0, 140.0, 142.0, 162.0, 214.0, 185.0, 174.0]",7.568157196044922,0.0,-123.40103149414062,0.0005550384521484375,-53.25065612792969
1750930259.847634,0.0,0.5,"[174.0, 185.0, 197.0, 155.0, 140.0, 142.0, 162.0, 214.0, 185.0, 174.0]",7.789495468139648,0.0,-123.39926147460938,0.0005550384521484375,-53.40643310546875
1750930259.8654654,0.0,0.5,"[174.0, 185.0, 195.0, 155.0, 140.0, 142.0, 161.0, 214.0, 185.0, 174.0]",7.71070671081543,0.0,-123.39114379882812,0.0005550384521484375,-53.56044006347656
1750930259.8823214,0.0,0.5,"[174.0, 185.0, 195.0, 155.0, 140.0, 142.0, 161.0, 214.0, 185.0, 174.0]",7.804757118225098,0.0,-123.38601684570312,0.0005550384521484375,-53.71644592285156
1750930259.8990371,0.0,0.5,"[174.0, 185.0, 195.0, 155.0, 140.0, 142.0, 161.0, 214.0, 185.0, 174.0]",7.914297103881836,0.0,-123.37973022460938,0.0005550384521484375,-53.874603271484375
1750930259.915841,0.0,0.5,"[174.0, 185.0, 195.0, 154.0, 140.0, 141.0, 161.0, 212.0, 185.0, 174.0]",7.9366374015808105,0.0,-123.37362670898438,0.0005550384521484375,-54.033233642578125
1750930259.9597337,-1.0,0.0,"[174.0, 185.0, 195.0, 154.0, 139.0, 141.0, 161.0, 212.0, 185.0, 174.0]",7.905445575714111,0.0,-123.36752319335938,0.00055694580078125,-54.19122314453125
1750930259.9769104,-1.0,0.0,"[174.0, 185.0, 195.0, 154.0, 139.0, 141.0, 161.0, 212.0, 185.0, 174.0]",7.5946784019470215,-0.5,-123.34329223632812,0.00055694580078125,-54.34117126464844
1750930259.978527,-1.0,0.0,"[174.0, 185.0, 195.0, 154.0, 139.0, 141.0, 161.0, 212.0, 185.0, 174.0]",7.253245830535889,-0.5,-123.30636596679688,0.0005550384521484375,-54.4814453125
1750930259.9953039,-1.0,0.0,"[174.0, 185.0, 195.0, 155.0, 139.0, 141.0, 161.0, 212.0, 185.0, 174.0]",7.07552433013916,-0.5,-123.27407836914062,0.0005550384521484375,-54.619232177734375
1750930260.0398998,-1.0,0.5,"[174.0, 185.0, 195.0, 155.0, 139.0, 141.0, 160.0, 212.0, 185.0, 174.0]",6.7801642417907715,-0.5,-123.23843383789062,0.0005550384521484375,-54.75004577636719
1750930260.0574417,-1.0,0.5,"[174.0, 185.0, 195.0, 154.0, 139.0, 141.0, 160.0, 212.0, 185.0, 174.0]",6.5781941413879395,-0.5,-123.20352172851562,0.00055694580078125,-54.87690734863281
1750930260.0590022,-1.0,0.5,"[174.0, 185.0, 195.0, 154.0, 139.0, 141.0, 160.0, 212.0, 185.0, 174.0]",6.9047956466674805,-0.5,-123.16433715820312,0.00055694580078125,-55.00932312011719
1750930260.076498,-1.0,0.5,"[174.0, 185.0, 195.0, 154.0, 139.0, 141.0, 160.0, 214.0, 185.0, 174.0]",6.700406074523926,-0.5,-123.12478637695312,0.00055694580078125,-55.137359619140625
1750930260.1071143,-1.0,0.5,"[174.0, 185.0, 195.0, 154.0, 139.0, 141.0, 160.0, 214.0, 185.0, 174.0]",7.041365623474121,-0.5,-123.08145141601562,0.00055694580078125,-55.27134704589844
1750930260.1246977,-1.0,0.5,"[174.0, 185.0, 195.0, 154.0, 139.0, 141.0, 160.0, 214.0, 185.0, 174.0]",6.783367156982422,-0.5,-123.03732299804688,0.00055694580078125,-55.39964294433594
1750930260.1423078,-1.0,0.5,"[174.0, 185.0, 195.0, 154.0, 139.0, 141.0, 160.0, 214.0, 185.0, 174.0]",6.961935997009277,-0.5,-122.99075317382812,0.00055694580078125,-55.530853271484375
1750930260.1603792,-1.0,0.5,"[174.0, 185.0, 195.0, 153.0, 139.0, 142.0, 160.0, 214.0, 185.0, 174.0]",6.807432174682617,-0.5,-122.94338989257812,0.00055694580078125,-55.65850830078125
1750930260.1779993,-1.0,0.5,"[174.0, 185.0, 195.0, 153.0, 139.0, 142.0, 160.0, 214.0, 185.0, 174.0]",7.126137733459473,-0.5,-122.89199829101562,0.00055694580078125,-55.79144287109375
1750930260.196298,-1.0,0.5,"[174.0, 185.0, 196.0, 153.0, 139.0, 142.0, 160.0, 214.0, 185.0, 174.0]",7.011551380157471,-0.5,-122.84005737304688,0.00055694580078125,-55.92169189453125
1750930260.2278368,-1.0,0.5,"[174.0, 185.0, 197.0, 153.0, 139.0, 141.0, 160.0, 214.0, 185.0, 174.0]",7.088263511657715,-0.5,-122.78475952148438,0.00055694580078125,-56.05223083496094
1750930260.2452846,-1.0,0.5,"[174.0, 185.0, 197.0, 153.0, 139.0, 141.0, 160.0, 215.0, 185.0, 174.0]",7.282562732696533,-0.5,-122.72573852539062,0.00055694580078125,-56.18537902832031
1750930260.2631748,-1.0,0.5,"[174.0, 185.0, 197.0, 153.0, 139.0, 141.0, 159.0, 215.0, 185.0, 174.0]",7.279258728027344,-0.5,-122.66696166992188,0.00055694580078125,-56.31858825683594
1750930260.2806654,-1.0,0.5,"[174.0, 185.0, 197.0, 153.0, 139.0, 141.0, 159.0, 215.0, 185.0, 174.0]",7.308399677276611,-0.5,-122.60275268554688,0.00055694580078125,-56.44990539550781
1750930260.2983413,-1.0,0.5,"[174.0, 185.0, 197.0, 153.0, 139.0, 141.0, 159.0, 215.0, 185.0, 174.0]",7.293788433074951,-0.5,-122.54013061523438,0.00055694580078125,-56.581634521484375
1750930260.316178,-1.0,0.5,"[174.0, 185.0, 197.0, 153.0, 139.0, 141.0, 159.0, 215.0, 185.0, 174.0]",7.377817630767822,-0.5,-122.47158813476562,0.00055694580078125,-56.712310791015625
1750930260.3613546,-1.0,0.5,"[174.0, 185.0, 197.0, 152.0, 139.0, 141.0, 159.0, 215.0, 185.0, 174.0]",7.519011497497559,-0.5,-122.40219116210938,0.00055694580078125,-56.84571838378906
1750930260.378554,-1.0,0.5,"[174.0, 185.0, 195.0, 152.0, 139.0, 140.0, 159.0, 217.0, 185.0, 174.0]",7.581589221954346,-0.5,-122.32870483398438,0.00055694580078125,-56.978363037109375
1750930260.3801684,-1.0,0.5,"[174.0, 185.0, 195.0, 152.0, 139.0, 140.0, 159.0, 217.0, 185.0, 174.0]",7.482358932495117,-0.5,-122.25485229492188,0.00055694580078125,-57.10850524902344
1750930260.3974223,-1.0,0.5,"[174.0, 185.0, 195.0, 152.0, 139.0, 140.0, 159.0, 217.0, 185.0, 174.0]",7.682661056518555,-0.5,-122.17739868164062,0.00055694580078125,-57.24122619628906
1750930260.4144528,-1.0,0.5,"[174.0, 185.0, 195.0, 152.0, 139.0, 140.0, 159.0, 218.0, 185.0, 174.0]",7.521399021148682,-0.5,-122.09866333007812,0.00055694580078125,-57.369384765625
1750930260.458783,-1.0,0.5,"[174.0, 185.0, 194.0, 152.0, 139.0, 140.0, 159.0, 218.0, 185.0, 174.0]",7.764279842376709,-0.5,-122.01516723632812,0.0005550384521484375,-57.50032043457031
1750930260.47558,-1.0,0.5,"[174.0, 185.0, 193.0, 152.0, 139.0, 140.0, 159.0, 220.0, 185.0, 174.0]",7.680732250213623,-0.5,-121.93179321289062,0.00055694580078125,-57.62933349609375
1750930260.4772234,-1.0,0.5,"[174.0, 185.0, 193.0, 152.0, 139.0, 140.0, 159.0, 220.0, 185.0, 174.0]",7.776506423950195,-0.5,-121.84432983398438,0.00055694580078125,-57.75794982910156
1750930260.507926,-1.0,0.5,"[174.0, 185.0, 193.0, 152.0, 139.0, 140.0, 159.0, 221.0, 185.0, 174.0]",7.84247350692749,-0.5,-121.75424194335938,0.0005550384521484375,-57.886322021484375
1750930260.5251415,-1.0,0.5,"[174.0, 185.0, 193.0, 152.0, 139.0, 139.0, 160.0, 223.0, 185.0, 174.0]",7.72806453704834,-0.5,-121.66439819335938,0.0005550384521484375,-58.012115478515625
1750930260.5425773,-1.0,0.5,"[174.0, 185.0, 193.0, 152.0, 139.0, 139.0, 160.0, 225.0, 185.0, 174.0]",7.956855297088623,-0.5,-121.56790161132812,0.00055694580078125,-58.138641357421875
1750930260.5587375,-1.0,0.5,"[174.0, 185.0, 193.0, 152.0, 138.0, 139.0, 160.0, 227.0, 185.0, 174.0]",7.835139751434326,-0.5,-121.47299194335938,0.00055694580078125,-58.263336181640625
1750930260.5756824,-1.0,0.5,"[174.0, 185.0, 193.0, 152.0, 138.0, 139.0, 160.0, 227.0, 185.0, 174.0]",7.848611354827881,-0.5,-121.37423706054688,0.0005550384521484375,-58.385345458984375
1750930260.6211295,-1.0,0.5,"[174.0, 185.0, 192.0, 152.0, 138.0, 139.0, 160.0, 227.0, 185.0, 174.0]",8.013753890991211,-0.5,-121.27297973632812,0.0005550384521484375,-58.50958251953125
1750930260.6397364,-1.0,0.5,"[174.0, 185.0, 192.0, 152.0, 138.0, 139.0, 160.0, 227.0, 185.0, 174.0]",8.106950759887695,-0.5,-121.16702270507812,0.00055694580078125,-58.632293701171875
1750930260.6416788,-1.0,0.5,"[174.0, 185.0, 192.0, 152.0, 138.0, 139.0, 160.0, 227.0, 185.0, 174.0]",8.256672859191895,-0.5,-121.05899047851562,0.00055694580078125,-58.7572021484375
1750930260.6596093,-1.0,0.5,"[174.0, 185.0, 192.0, 152.0, 137.0, 139.0, 160.0, 227.0, 185.0, 174.0]",8.225543975830078,-0.5,-120.94692993164062,0.00055694580078125,-58.87763977050781
1750930260.676975,-1.0,0.5,"[174.0, 185.0, 192.0, 153.0, 137.0, 139.0, 161.0, 227.0, 185.0, 174.0]",8.266087532043457,-0.5,-120.83462524414062,0.00055694580078125,-58.99900817871094
1750930260.7086306,-1.0,0.5,"[174.0, 185.0, 192.0, 153.0, 137.0, 139.0, 161.0, 227.0, 185.0, 174.0]",8.216007232666016,-0.5,-120.71945190429688,0.00055694580078125,-59.116180419921875
1750930260.7262223,-1.0,0.5,"[174.0, 185.0, 192.0, 153.0, 137.0, 139.0, 161.0, 227.0, 185.0, 174.0]",8.26789379119873,-0.5,-120.60256958007812,0.00055694580078125,-59.233154296875
1750930260.7437174,-1.0,0.5,"[174.0, 185.0, 192.0, 153.0, 137.0, 139.0, 161.0, 227.0, 185.0, 174.0]",8.315250396728516,-0.5,-120.48165893554688,0.00055694580078125,-59.347320556640625
1750930260.760656,-1.0,0.5,"[174.0, 185.0, 192.0, 152.0, 137.0, 139.0, 162.0, 227.0, 185.0, 174.0]",8.290162086486816,-0.5,-120.36135864257812,0.00055694580078125,-59.46147155761719
1750930260.7771394,-1.0,0.5,"[174.0, 185.0, 192.0, 152.0, 136.0, 139.0, 162.0, 227.0, 185.0, 174.0]",8.391703605651855,-0.5,-120.23605346679688,0.00055694580078125,-59.57307434082031
1750930260.8058512,0.0,0.5,"[174.0, 185.0, 192.0, 152.0, 136.0, 139.0, 162.0, 227.0, 185.0, 174.0]",8.496112823486328,-0.5,-120.10781860351562,0.00055694580078125,-59.68458557128906
1750930260.8223236,0.0,0.5,"[174.0, 185.0, 192.0, 152.0, 136.0, 139.0, 162.0, 227.0, 185.0, 174.0]",8.451274871826172,0.0,-119.99118041992188,0.00055694580078125,-59.80690002441406
1750930260.8395236,0.0,0.5,"[174.0, 185.0, 192.0, 151.0, 136.0, 138.0, 162.0, 227.0, 185.0, 174.0]",8.45766544342041,0.0,-119.88522338867188,0.00055694580078125,-59.93876647949219
1750930260.8554978,0.0,0.5,"[174.0, 185.0, 192.0, 151.0, 136.0, 138.0, 162.0, 227.0, 185.0, 174.0]",8.615320205688477,0.0,-119.77304077148438,0.00055694580078125,-60.06956481933594
1750930260.89806,-1.0,0.5,"[174.0, 185.0, 190.0, 151.0, 135.0, 138.0, 161.0, 227.0, 185.0, 174.0]",8.64008903503418,0.0,-119.66195678710938,0.00055694580078125,-60.20191955566406
1750930260.914537,-1.0,0.5,"[174.0, 185.0, 190.0, 149.0, 135.0, 138.0, 162.0, 227.0, 185.0, 174.0]",8.378519058227539,-0.5,-119.54434204101562,0.00055694580078125,-60.3212890625
1750930260.9162624,-1.0,0.5,"[174.0, 185.0, 190.0, 149.0, 135.0, 138.0, 162.0, 227.0, 185.0, 174.0]",8.256367683410645,-0.5,-119.41226196289062,0.00055694580078125,-60.42034912109375
1750930260.9455032,-1.0,0.5,"[174.0, 185.0, 190.0, 149.0, 135.0, 138.0, 163.0, 227.0, 185.0, 174.0]",8.496742248535156,-0.5,-119.28048706054688,0.00055694580078125,-60.527679443359375
1750930260.9621484,-1.0,0.5,"[174.0, 185.0, 192.0, 149.0, 135.0, 138.0, 163.0, 227.0, 185.0, 174.0]",8.41874885559082,-0.5,-119.14523315429688,0.00055694580078125,-60.6279296875
1750930260.977678,-1.0,0.5,"[174.0, 185.0, 192.0, 148.0, 135.0, 138.0, 164.0, 227.0, 185.0, 174.0]",8.505773544311523,-0.5,-119.00863647460938,0.00055694580078125,-60.72930908203125
1750930260.9941044,-1.0,0.5,"[174.0, 185.0, 192.0, 148.0, 134.0, 139.0, 164.0, 227.0, 185.0, 174.0]",8.397738456726074,-0.5,-118.87081909179688,0.00055694580078125,-60.8253173828125
1750930261.0376134,0.0,0.5,"[174.0, 185.0, 192.0, 148.0, 134.0, 139.0, 166.0, 227.0, 185.0, 174.0]",8.58858585357666,-0.5,-118.72952270507812,0.00055694580078125,-60.9229736328125
1750930261.054684,0.0,0.5,"[174.0, 185.0, 192.0, 148.0, 134.0, 139.0, 166.0, 227.0, 185.0, 174.0]",8.510616302490234,0.0,-118.59762573242188,0.00055694580078125,-61.030609130859375
1750930261.0563865,0.0,0.5,"[174.0, 185.0, 192.0, 148.0, 134.0, 139.0, 166.0, 227.0, 185.0, 174.0]",8.46506118774414,0.0,-118.47756958007812,0.00055694580078125,-61.149993896484375
1750930261.0868716,-1.0,0.5,"[174.0, 185.0, 190.0, 147.0, 134.0, 138.0, 166.0, 227.0, 185.0, 174.0]",8.45401382446289,0.0,-118.35287475585938,0.00055694580078125,-61.26417541503906
1750930261.1043184,-1.0,0.5,"[174.0, 185.0, 189.0, 147.0, 133.0, 138.0, 167.0, 227.0, 185.0, 174.0]",8.379670143127441,-0.5,-118.21768188476562,0.00055694580078125,-61.36322021484375
1750930261.12154,-1.0,0.5,"[174.0, 185.0, 189.0, 146.0, 133.0, 138.0, 169.0, 227.0, 185.0, 174.0]",8.351005554199219,-0.5,-118.07443237304688,0.00055694580078125,-61.4490966796875
1750930261.1392808,-1.0,0.5,"[174.0, 185.0, 189.0, 146.0, 133.0, 139.0, 171.0, 227.0, 185.0, 174.0]",8.485421180725098,-0.5,-117.93008422851562,0.00055694580078125,-61.53834533691406
1750930261.1570978,-1.0,0.5,"[174.0, 185.0, 187.0, 146.0, 133.0, 139.0, 182.0, 227.0, 185.0, 174.0]",8.455499649047852,-0.5,-117.78347778320312,0.00055694580078125,-61.62261962890625
1750930261.188409,0.0,0.5,"[174.0, 185.0, 187.0, 146.0, 133.0, 139.0, 182.0, 227.0, 185.0, 174.0]",8.561680793762207,-0.5,-117.63455200195312,0.00055694580078125,-61.707061767578125
1750930261.2059848,0.0,0.5,"[174.0, 185.0, 186.0, 145.0, 133.0, 139.0, 182.0, 226.0, 185.0, 174.0]",8.347780227661133,0.0,-117.49551391601562,0.00055694580078125,-61.79957580566406
1750930261.2230687,0.0,0.5,"[174.0, 185.0, 186.0, 145.0, 133.0, 139.0, 182.0, 227.0, 185.0, 174.0]",8.502928733825684,0.0,-117.36550903320312,0.00055694580078125,-61.90919494628906
1750930261.2402844,0.0,0.5,"[174.0, 185.0, 185.0, 145.0, 133.0, 139.0, 182.0, 227.0, 185.0, 174.0]",8.575335502624512,0.0,-117.22940063476562,0.00055694580078125,-62.0135498046875
1750930261.2571774,0.0,0.5,"[174.0, 185.0, 184.0, 144.0, 131.0, 138.0, 182.0, 227.0, 185.0, 174.0]",8.678808212280273,0.0,-117.09323120117188,0.00055694580078125,-62.121185302734375
1750930261.2889023,-1.0,0.5,"[174.0, 185.0, 184.0, 144.0, 131.0, 138.0, 182.0, 227.0, 185.0, 174.0]",8.656755447387695,0.0,-116.95700073242188,0.00055694580078125,-62.22801208496094
1750930261.30632,-1.0,0.5,"[174.0, 185.0, 183.0, 144.0, 131.0, 138.0, 182.0, 226.0, 185.0, 174.0]",8.418230056762695,-0.5,-116.81539916992188,0.00055694580078125,-62.31907653808594
1750930261.323611,-1.0,0.5,"[174.0, 185.0, 183.0, 143.0, 131.0, 138.0, 181.0, 226.0, 185.0, 174.0]",8.228072166442871,-0.5,-116.66812133789062,0.00055694580078125,-62.3924560546875
1750930261.3414319,-1.0,0.5,"[174.0, 185.0, 181.0, 143.0, 131.0, 139.0, 182.0, 225.0, 185.0, 174.0]",8.4564790725708,-0.5,-116.51699829101562,0.00055694580078125,-62.4683837890625
1750930261.3590798,-1.0,0.5,"[174.0, 185.0, 181.0, 143.0, 131.0, 139.0, 179.0, 223.0, 185.0, 174.0]",8.475708961486816,-0.5,-116.36398315429688,0.00055694580078125,-62.541351318359375
1750930261.3765478,-1.0,0.5,"[174.0, 185.0, 181.0, 143.0, 131.0, 139.0, 179.0, 223.0, 185.0, 174.0]",8.59998607635498,-0.5,-116.20712280273438,0.00055694580078125,-62.611968994140625
1750930261.4082174,0.0,0.5,"[174.0, 185.0, 179.0, 143.0, 133.0, 140.0, 178.0, 221.0, 185.0, 174.0]",8.591824531555176,-0.5,-116.04989624023438,0.00055694580078125,-62.681243896484375
1750930261.425631,0.0,0.5,"[174.0, 185.0, 179.0, 143.0, 133.0, 140.0, 178.0, 221.0, 185.0, 174.0]",8.522329330444336,0.0,-115.89761352539062,0.00055694580078125,-62.7578125
1750930261.442755,0.0,0.5,"[174.0, 185.0, 179.0, 141.0, 131.0, 140.0, 178.0, 221.0, 185.0, 174.0]",8.459303855895996,0.0,-115.75845336914062,0.00055694580078125,-62.85406494140625
1750930261.4605184,0.0,0.5,"[174.0, 185.0, 178.0, 141.0, 131.0, 139.0, 178.0, 221.0, 185.0, 174.0]",8.498806953430176,0.0,-115.61318969726562,0.00055694580078125,-62.9422607421875
1750930261.4777308,0.0,0.5,"[174.0, 185.0, 177.0, 140.0, 131.0, 139.0, 178.0, 221.0, 185.0, 174.0]",8.74755859375,0.0,-115.46597290039062,0.00055694580078125,-63.03680419921875
1750930261.495556,-1.0,0.5,"[174.0, 185.0, 176.0, 140.0, 130.0, 139.0, 178.0, 222.0, 185.0, 174.0]",8.636048316955566,0.0,-115.31948852539062,0.00055694580078125,-63.12831115722656
1750930261.5401347,-1.0,0.5,"[174.0, 185.0, 176.0, 140.0, 130.0, 139.0, 178.0, 221.0, 185.0, 174.0]",8.556123733520508,-0.5,-115.16683959960938,0.00055694580078125,-63.205718994140625
1750930261.5578206,-1.0,0.5,"[174.0, 185.0, 175.0, 140.0, 131.0, 140.0, 177.0, 220.0, 185.0, 174.0]",8.336030960083008,-0.5,-115.01010131835938,0.0005588531494140625,-63.262481689453125
1750930261.5594218,-1.0,0.5,"[174.0, 185.0, 175.0, 140.0, 131.0, 140.0, 177.0, 220.0, 185.0, 174.0]",8.482460975646973,-0.5,-114.85171508789062,0.00055694580078125,-63.3232421875
1750930261.5774415,-1.0,0.5,"[174.0, 185.0, 175.0, 140.0, 131.0, 141.0, 176.0, 218.0, 185.0, 174.0]",8.554753303527832,-0.5,-114.69021606445312,0.00055694580078125,-63.3797607421875
1750930261.596027,-1.0,0.5,"[174.0, 185.0, 173.0, 140.0, 131.0, 142.0, 176.0, 217.0, 185.0, 174.0]",8.60572338104248,-0.5,-114.52706909179688,0.00055694580078125,-63.43450927734375
1750930261.6291027,-1.0,0.5,"[174.0, 185.0, 173.0, 140.0, 133.0, 143.0, 176.0, 215.0, 185.0, 174.0]",8.507128715515137,-0.5,-114.36471557617188,0.00055694580078125,-63.48554992675781
1750930261.6476612,-1.0,0.5,"[174.0, 185.0, 173.0, 140.0, 133.0, 144.0, 175.0, 214.0, 185.0, 174.0]",8.629744529724121,-0.5,-114.19924926757812,0.00055694580078125,-63.53450012207031
1750930261.666712,-1.0,0.5,"[174.0, 185.0, 173.0, 141.0, 133.0, 146.0, 175.0, 212.0, 185.0, 174.0]",8.70390510559082,-0.5,-114.03146362304688,0.00055694580078125,-63.58097839355469
1750930261.6848974,-1.0,0.5,"[174.0, 185.0, 172.0, 141.0, 134.0, 149.0, 174.0, 211.0, 185.0, 174.0]",8.74152946472168,-0.5,-113.86215209960938,0.00055694580078125,-63.62458801269531
1750930261.70394,-1.0,0.5,"[174.0, 185.0, 172.0, 141.0, 134.0, 160.0, 174.0, 209.0, 185.0, 174.0]",8.811220169067383,-0.5,-113.69076538085938,0.00055694580078125,-63.665557861328125
1750930261.722883,-1.0,0.5,"[174.0, 185.0, 172.0, 141.0, 135.0, 160.0, 173.0, 207.0, 185.0, 174.0]",8.881189346313477,-0.5,-113.51730346679688,0.00055694580078125,-63.70368957519531
1750930261.7424,-1.0,0.5,"[174.0, 185.0, 172.0, 143.0, 135.0, 160.0, 173.0, 206.0, 185.0, 174.0]",8.872818946838379,-0.5,-113.34329223632812,0.00055694580078125,-63.73863220214844
1750930261.761828,-1.0,0.5,"[174.0, 185.0, 173.0, 143.0, 136.0, 160.0, 171.0, 204.0, 185.0, 174.0]",8.815655708312988,-0.5,-113.16983032226562,0.00055694580078125,-63.77018737792969
1750930261.7813382,-1.0,0.5,"[174.0, 185.0, 173.0, 143.0, 137.0, 160.0, 171.0, 203.0, 185.0, 174.0]",8.829524040222168,-0.5,-112.99557495117188,0.00055694580078125,-63.798858642578125
1750930261.8009121,-1.0,0.5,"[174.0, 185.0, 173.0, 144.0, 137.0, 259.0, 170.0, 201.0, 185.0, 174.0]",9.049819946289062,-0.5,-112.81655883789062,0.00055694580078125,-63.82568359375
1750930261.8202648,-1.0,0.5,"[174.0, 185.0, 173.0, 144.0, 138.0, 158.0, 170.0, 200.0, 185.0, 174.0]",8.96269702911377,-0.5,-112.63864135742188,0.00055694580078125,-63.84745788574219
1750930261.8402488,0.0,0.5,"[174.0, 185.0, 173.0, 144.0, 139.0, 259.0, 169.0, 198.0, 185.0, 174.0]",9.092306137084961,-0.5,-112.45791625976562,0.00055694580078125,-63.867706298828125
1750930261.860332,0.0,0.5,"[174.0, 185.0, 173.0, 144.0, 140.0, 157.0, 169.0, 197.0, 185.0, 174.0]",8.894705772399902,0.0,-112.28329467773438,0.00055694580078125,-63.90141296386719
1750930261.8792806,0.0,0.5,"[174.0, 185.0, 173.0, 144.0, 139.0, 157.0, 169.0, 198.0, 185.0, 174.0]",8.93881607055664,0.0,-112.11148071289062,0.00055694580078125,-63.95082092285156
1750930261.8991656,0.0,0.5,"[174.0, 185.0, 172.0, 144.0, 139.0, 157.0, 169.0, 198.0, 185.0, 174.0]",9.111987113952637,0.0,-111.93515014648438,0.00055694580078125,-63.996978759765625
1750930261.9175801,0.0,0.5,"[174.0, 185.0, 172.0, 143.0, 139.0, 157.0, 169.0, 198.0, 185.0, 174.0]",9.168891906738281,0.0,-111.75808715820312,0.00055694580078125,-64.04466247558594
1750930261.9371717,0.0,0.5,"[174.0, 185.0, 172.0, 143.0, 139.0, 157.0, 169.0, 198.0, 185.0, 174.0]",9.271232604980469,0.0,-111.57894897460938,0.00055694580078125,-64.09259033203125
1750930261.9718926,-1.0,0.5,"[174.0, 185.0, 171.0, 143.0, 139.0, 157.0, 169.0, 198.0, 185.0, 174.0]",9.150784492492676,0.0,-111.40213012695312,0.00055694580078125,-64.1396484375
1750930261.9914746,-1.0,0.5,"[174.0, 185.0, 171.0, 143.0, 139.0, 157.0, 169.0, 198.0, 185.0, 174.0]",9.006186485290527,-0.5,-111.22500610351562,0.00055694580078125,-64.17236328125
1750930262.0102925,-1.0,0.5,"[174.0, 185.0, 172.0, 143.0, 140.0, 157.0, 168.0, 197.0, 185.0, 174.0]",8.818045616149902,-0.5,-111.04904174804688,0.00055694580078125,-64.18466186523438
1750930262.0295842,0.0,0.5,"[174.0, 185.0, 172.0, 144.0, 141.0, 156.0, 167.0, 195.0, 185.0, 174.0]",8.969802856445312,-0.5,-110.86996459960938,0.00055694580078125,-64.19558715820312
1750930262.0486424,0.0,0.5,"[174.0, 185.0, 172.0, 144.0, 142.0, 156.0, 167.0, 195.0, 185.0, 174.0]",8.916878700256348,0.0,-110.69436645507812,0.00055694580078125,-64.22653198242188
1750930262.0676396,0.0,0.5,"[174.0, 185.0, 171.0, 143.0, 141.0, 156.0, 167.0, 195.0, 185.0, 174.0]",9.03984546661377,0.0,-110.51821899414062,0.00055694580078125,-64.26742553710938
1750930262.0873992,0.0,0.5,"[174.0, 185.0, 170.0, 143.0, 142.0, 156.0, 167.0, 195.0, 185.0, 174.0]",9.098301887512207,0.0,-110.34024047851562,0.00055694580078125,-64.30522155761719
1750930262.106526,0.0,0.5,"[174.0, 185.0, 170.0, 143.0, 141.0, 156.0, 167.0, 196.0, 185.0, 174.0]",9.092037200927734,0.0,-110.16250610351562,0.00055694580078125,-64.34356689453125
1750930262.125501,0.0,0.5,"[174.0, 185.0, 170.0, 143.0, 142.0, 156.0, 167.0, 196.0, 185.0, 174.0]",9.043248176574707,0.0,-109.98580932617188,0.00055694580078125,-64.38235473632812
1750930262.1447608,-1.0,0.5,"[174.0, 185.0, 169.0, 141.0, 141.0, 156.0, 167.0, 197.0, 185.0, 174.0]",9.184699058532715,0.0,-109.80618286132812,0.00055694580078125,-64.42074584960938
1750930262.1648338,-1.0,0.5,"[174.0, 185.0, 169.0, 143.0, 142.0, 156.0, 167.0, 195.0, 185.0, 174.0]",8.735121726989746,-0.5,-109.63333129882812,0.00055694580078125,-64.44580078125
1750930262.1845937,-1.0,0.5,"[174.0, 185.0, 170.0, 144.0, 145.0, 155.0, 166.0, 193.0, 185.0, 174.0]",8.86768627166748,-0.5,-109.45596313476562,0.00055694580078125,-64.44955444335938
1750930262.2047973,-1.0,0.5,"[174.0, 185.0, 170.0, 145.0, 147.0, 155.0, 166.0, 192.0, 185.0, 174.0]",8.9120454788208,-0.5,-109.27774047851562,0.00055694580078125,-64.45123291015625
1750930262.2258506,-1.0,0.5,"[174.0, 185.0, 171.0, 145.0, 148.0, 154.0, 164.0, 190.0, 185.0, 174.0]",8.973852157592773,-0.5,-109.09829711914062,0.00055694580078125,-64.45037841796875
1750930262.2458398,-1.0,0.5,"[174.0, 185.0, 172.0, 147.0, 160.0, 153.0, 163.0, 189.0, 185.0, 174.0]",9.122413635253906,-0.5,-108.91592407226562,0.0005588531494140625,-64.44459533691406
1750930262.2647245,0.0,0.5,"[174.0, 185.0, 172.0, 147.0, 160.0, 153.0, 163.0, 188.0, 185.0, 174.0]",9.006939888000488,-0.5,-108.73593139648438,0.0005588531494140625,-64.43699645996094
1750930262.2838156,0.0,0.5,"[174.0, 185.0, 172.0, 148.0, 160.0, 153.0, 162.0, 187.0, 185.0, 174.0]",9.139664649963379,0.0,-108.55337524414062,0.0005588531494140625,-64.44573974609375
1750930262.302368,0.0,0.5,"[174.0, 185.0, 172.0, 147.0, 160.0, 153.0, 162.0, 188.0, 185.0, 174.0]",9.041004180908203,0.0,-108.37405395507812,0.0005588531494140625,-64.46920776367188
1750930262.3210661,0.0,0.5,"[174.0, 185.0, 172.0, 147.0, 160.0, 153.0, 162.0, 188.0, 185.0, 174.0]",9.255352020263672,0.0,-108.18997192382812,0.0005588531494140625,-64.48837280273438
1750930262.3398526,0.0,0.5,"[174.0, 185.0, 171.0, 147.0, 160.0, 153.0, 162.0, 188.0, 185.0, 174.0]",9.124269485473633,0.0,-108.00857543945312,0.0005588531494140625,-64.50830078125
1750930262.358808,-1.0,0.5,"[174.0, 185.0, 170.0, 147.0, 160.0, 153.0, 162.0, 188.0, 185.0, 174.0]",9.260295867919922,0.0,-107.82449340820312,0.0005588531494140625,-64.52867126464844
1750930262.3780954,-1.0,0.5,"[174.0, 185.0, 172.0, 148.0, 160.0, 152.0, 162.0, 187.0, 185.0, 174.0]",9.041304588317871,-0.5,-107.64364624023438,0.0005588531494140625,-64.529296875
1750930262.396352,-1.0,0.5,"[174.0, 185.0, 172.0, 149.0, 160.0, 152.0, 161.0, 186.0, 185.0, 174.0]",8.95119857788086,-0.5,-107.46536254882812,0.00055694580078125,-64.51298522949219
1750930262.4295056,0.0,0.5,"[174.0, 185.0, 173.0, 151.0, 160.0, 151.0, 160.0, 184.0, 185.0, 174.0]",9.076085090637207,-0.5,-107.28469848632812,0.00055694580078125,-64.49539184570312
1750930262.4482656,0.0,0.5,"[174.0, 185.0, 173.0, 151.0, 159.0, 151.0, 159.0, 184.0, 185.0, 174.0]",9.050729751586914,0.0,-107.10366821289062,0.00055694580078125,-64.4951171875
1750930262.4661658,0.0,0.5,"[174.0, 185.0, 173.0, 151.0, 159.0, 151.0, 160.0, 184.0, 185.0, 174.0]",8.93580436706543,0.0,-106.92550659179688,0.00055694580078125,-64.50872802734375
1750930262.4845352,0.0,0.5,"[174.0, 185.0, 173.0, 151.0, 159.0, 151.0, 160.0, 184.0, 185.0, 174.0]",9.19283676147461,0.0,-106.74185180664062,0.00055694580078125,-64.51776123046875
1750930262.503458,0.0,0.5,"[174.0, 185.0, 173.0, 151.0, 159.0, 151.0, 160.0, 184.0, 185.0, 174.0]",9.114240646362305,0.0,-106.55984497070312,0.00055694580078125,-64.52812194824219
1750930262.5211945,0.0,0.5,"[174.0, 185.0, 173.0, 151.0, 159.0, 151.0, 160.0, 184.0, 185.0, 174.0]",9.275893211364746,0.0,-106.37460327148438,0.00055694580078125,-64.53814697265625
1750930262.540162,-1.0,0.5,"[174.0, 185.0, 173.0, 151.0, 159.0, 151.0, 160.0, 184.0, 185.0, 174.0]",9.110225677490234,0.0,-106.19271850585938,0.00055694580078125,-64.54852294921875
1750930262.558212,-1.0,0.5,"[174.0, 185.0, 173.0, 152.0, 160.0, 151.0, 159.0, 183.0, 185.0, 174.0]",9.038872718811035,-0.5,-106.01211547851562,0.00055694580078125,-64.54109191894531
1750930262.5754657,-1.0,0.5,"[174.0, 185.0, 176.0, 154.0, 158.0, 150.0, 158.0, 181.0, 185.0, 174.0]",8.892297744750977,-0.5,-105.83596801757812,0.00055694580078125,-64.51655578613281
1750930262.6169968,0.0,0.5,"[174.0, 185.0, 176.0, 156.0, 259.0, 149.0, 156.0, 180.0, 185.0, 174.0]",9.004793167114258,-0.5,-105.65805053710938,0.00055694580078125,-64.48846435546875
1750930262.6336634,0.0,0.5,"[174.0, 185.0, 178.0, 157.0, 157.0, 149.0, 156.0, 179.0, 185.0, 174.0]",8.90895938873291,0.0,-105.47994995117188,0.00055694580078125,-64.48348999023438
1750930262.6501706,0.0,0.5,"[174.0, 185.0, 177.0, 156.0, 259.0, 149.0, 156.0, 179.0, 185.0, 174.0]",8.992681503295898,0.0,-105.30007934570312,0.00055694580078125,-64.48622131347656
1750930262.6668668,0.0,0.5,"[174.0, 185.0, 177.0, 157.0, 259.0, 149.0, 156.0, 179.0, 185.0, 174.0]",8.997112274169922,0.0,-105.12014770507812,0.00055694580078125,-64.48675537109375
1750930262.6837409,0.0,0.5,"[174.0, 185.0, 177.0, 157.0, 157.0, 149.0, 156.0, 179.0, 185.0, 174.0]",9.174093246459961,0.0,-104.93667602539062,0.00055694580078125,-64.48782348632812
1750930262.6996534,0.0,0.5,"[174.0, 185.0, 177.0, 158.0, 157.0, 149.0, 156.0, 179.0, 185.0, 174.0]",9.27794361114502,0.0,-104.75112915039062,0.00055694580078125,-64.48863220214844
1750930262.7158334,0.0,0.5,"[174.0, 185.0, 177.0, 158.0, 157.0, 149.0, 156.0, 179.0, 185.0, 174.0]",9.31714916229248,0.0,-104.56478881835938,0.00055694580078125,-64.48953247070312
1750930262.757302,0.0,0.5,"[174.0, 185.0, 176.0, 158.0, 157.0, 149.0, 156.0, 179.0, 185.0, 174.0]",9.228646278381348,0.0,-104.38021850585938,0.00055694580078125,-64.49043273925781
1750930262.7739823,0.0,0.5,"[174.0, 185.0, 176.0, 158.0, 157.0, 149.0, 156.0, 179.0, 185.0, 174.0]",9.409805297851562,0.0,-104.19204711914062,0.00055694580078125,-64.4913330078125
1750930262.7900608,0.0,0.5,"[174.0, 185.0, 177.0, 158.0, 157.0, 149.0, 156.0, 179.0, 185.0, 174.0]",9.3012113571167,0.0,-104.00601196289062,0.00055694580078125,-64.49224853515625
1750930262.8059924,0.0,0.5,"[174.0, 185.0, 176.0, 158.0, 157.0, 149.0, 156.0, 179.0, 185.0, 174.0]",9.449456214904785,0.0,-103.81704711914062,0.00055694580078125,-64.4927978515625
1750930262.8223217,0.0,0.5,"[174.0, 185.0, 176.0, 158.0, 157.0, 149.0, 156.0, 179.0, 185.0, 174.0]",9.410553932189941,0.0,-103.62881469726562,0.00055694580078125,-64.49386596679688
1750930262.8390765,0.0,0.5,"[174.0, 185.0, 176.0, 159.0, 157.0, 148.0, 156.0, 179.0, 185.0, 174.0]",9.418432235717773,0.0,-103.44046020507812,0.00055694580078125,-64.49493408203125
1750930262.8552725,0.0,0.5,"[174.0, 185.0, 176.0, 159.0, 157.0, 148.0, 156.0, 179.0, 185.0, 174.0]",9.641984939575195,0.0,-103.24758911132812,0.00055694580078125,-64.49603271484375
1750930262.897553,0.0,0.5,"[174.0, 185.0, 176.0, 159.0, 157.0, 148.0, 156.0, 179.0, 185.0, 174.0]",9.571468353271484,0.0,-103.05618286132812,0.00055694580078125,-64.49693298339844
1750930262.913375,0.0,0.5,"[174.0, 185.0, 176.0, 159.0, 157.0, 148.0, 156.0, 179.0, 185.0, 174.0]",9.621792793273926,0.0,-102.86373901367188,0.00055694580078125,-64.49813842773438
1750930262.915166,0.0,0.5,"[174.0, 185.0, 176.0, 159.0, 157.0, 148.0, 156.0, 179.0, 185.0, 174.0]",9.674332618713379,0.0,-102.67025756835938,0.00055694580078125,-64.49899291992188
1750930262.956544,0.0,0.5,"[174.0, 185.0, 176.0, 159.0, 157.0, 148.0, 156.0, 179.0, 185.0, 174.0]",9.573969841003418,0.0,-102.47879028320312,0.00055694580078125,-64.50013732910156
1750930262.9724264,0.0,0.5,"[174.0, 185.0, 176.0, 159.0, 157.0, 148.0, 156.0, 179.0, 185.0, 174.0]",9.880134582519531,0.0,-102.28121948242188,0.00055694580078125,-64.501220703125
1750930262.988585,0.0,0.5,"[174.0, 185.0, 176.0, 159.0, 157.0, 148.0, 156.0, 179.0, 185.0, 174.0]",9.683905601501465,0.0,-102.08755493164062,0.00055694580078125,-64.50228881835938
1750930263.0056121,0.0,0.5,"[174.0, 185.0, 176.0, 159.0, 157.0, 148.0, 156.0, 179.0, 185.0, 174.0]",9.757265090942383,0.0,-101.89236450195312,0.00055694580078125,-64.50314331054688
1750930263.0222733,0.0,0.5,"[174.0, 185.0, 176.0, 159.0, 157.0, 148.0, 155.0, 179.0, 185.0, 174.0]",9.937494277954102,0.0,-101.69363403320312,0.00055694580078125,-64.50439453125
1750930263.0385485,0.0,0.5,"[174.0, 185.0, 176.0, 160.0, 157.0, 148.0, 155.0, 179.0, 185.0, 174.0]",9.934859275817871,0.0,-101.49496459960938,0.00055694580078125,-64.50529479980469
1750930263.054637,0.0,0.5,"[174.0, 185.0, 176.0, 160.0, 157.0, 148.0, 155.0, 179.0, 185.0, 174.0]",9.977785110473633,0.0,-101.29537963867188,0.00055694580078125,-64.50636291503906
1750930263.0967357,0.0,0.5,"[174.0, 185.0, 177.0, 160.0, 157.0, 148.0, 155.0, 179.0, 185.0, 174.0]",10.092135429382324,0.0,-101.09353637695312,0.00055694580078125,-64.50753784179688
1750930263.1138272,0.0,0.5,"[174.0, 185.0, 177.0, 160.0, 157.0, 148.0, 155.0, 179.0, 185.0, 174.0]",10.031106948852539,0.0,-100.89291381835938,0.00055694580078125,-64.50827026367188
1750930263.1301472,0.0,0.5,"[174.0, 185.0, 178.0, 160.0, 157.0, 147.0, 155.0, 179.0, 185.0, 174.0]",10.216473579406738,0.0,-100.68862915039062,0.00055694580078125,-64.50949096679688
1750930263.1466854,0.0,0.5,"[174.0, 185.0, 178.0, 161.0, 157.0, 147.0, 155.0, 179.0, 185.0, 174.0]",10.28744125366211,0.0,-100.48287963867188,0.00055694580078125,-64.51028442382812
1750930263.1636062,0.0,0.5,"[174.0, 185.0, 178.0, 161.0, 157.0, 147.0, 155.0, 180.0, 185.0, 174.0]",10.448211669921875,0.0,-100.27389526367188,0.00055694580078125,-64.51116943359375
1750930263.1793437,0.0,0.5,"[174.0, 185.0, 179.0, 161.0, 157.0, 147.0, 155.0, 179.0, 185.0, 174.0]",10.292742729187012,0.0,-100.06802368164062,0.00055694580078125,-64.51235961914062
1750930263.1956809,0.0,0.5,"[174.0, 185.0, 179.0, 162.0, 157.0, 147.0, 155.0, 180.0, 185.0, 174.0]",10.439993858337402,0.0,-99.85928344726562,0.00055694580078125,-64.51333618164062
1750930263.2368023,0.0,0.5,"[174.0, 185.0, 179.0, 163.0, 157.0, 147.0, 154.0, 179.0, 185.0, 174.0]",10.470233917236328,0.0,-99.64987182617188,0.00055694580078125,-64.51458740234375
1750930263.2529776,0.0,0.5,"[174.0, 185.0, 179.0, 163.0, 157.0, 147.0, 154.0, 180.0, 185.0, 174.0]",10.468297004699707,0.0,-99.44046020507812,0.00055694580078125,-64.51510620117188
1750930263.2690773,0.0,0.5,"[174.0, 185.0, 179.0, 163.0, 157.0, 147.0, 154.0, 179.0, 185.0, 174.0]",10.634212493896484,0.0,-99.22781372070312,0.00055694580078125,-64.51632690429688
1750930263.286018,0.0,0.5,"[174.0, 185.0, 179.0, 163.0, 157.0, 147.0, 154.0, 180.0, 185.0, 174.0]",10.475214958190918,0.0,-99.01828002929688,0.00055694580078125,-64.51712036132812
1750930263.302167,0.0,0.5,"[174.0, 185.0, 180.0, 164.0, 157.0, 147.0, 154.0, 180.0, 185.0, 174.0]",10.753429412841797,0.0,-98.80325317382812,0.0005588531494140625,-64.51835632324219
1750930263.3181338,0.0,0.5,"[174.0, 185.0, 181.0, 165.0, 157.0, 147.0, 154.0, 179.0, 185.0, 174.0]",10.626452445983887,0.0,-98.59072875976562,0.00055694580078125,-64.51951599121094
1750930263.334408,0.0,0.5,"[174.0, 185.0, 181.0, 165.0, 157.0, 147.0, 154.0, 180.0, 185.0, 174.0]",10.798482894897461,0.0,-98.37472534179688,0.00055694580078125,-64.52035522460938
1750930263.3763285,0.0,0.5,"[174.0, 185.0, 181.0, 166.0, 156.0, 147.0, 154.0, 180.0, 185.0, 174.0]",10.834867477416992,0.0,-98.15805053710938,0.00055694580078125,-64.52142333984375
1750930263.3922124,0.0,0.5,"[174.0, 185.0, 181.0, 166.0, 156.0, 147.0, 154.0, 180.0, 185.0, 174.0]",10.921475410461426,0.0,-97.93960571289062,0.0005588531494140625,-64.5224609375
1750930263.4082441,0.0,0.5,"[174.0, 185.0, 181.0, 167.0, 156.0, 146.0, 154.0, 180.0, 185.0, 174.0]",10.922247886657715,0.0,-97.72116088867188,0.0005588531494140625,-64.52351379394531
1750930263.4244077,0.0,0.5,"[174.0, 185.0, 183.0, 167.0, 156.0, 146.0, 153.0, 180.0, 185.0, 174.0]",10.979137420654297,0.0,-97.50161743164062,0.0005588531494140625,-64.52462768554688
1750930263.440962,0.0,0.5,"[174.0, 185.0, 183.0, 167.0, 156.0, 146.0, 153.0, 180.0, 185.0, 174.0]",11.03636360168457,0.0,-97.28085327148438,0.0005588531494140625,-64.52581787109375
1750930263.4572265,0.0,0.5,"[174.0, 185.0, 183.0, 167.0, 156.0, 146.0, 153.0, 180.0, 185.0, 174.0]",11.015036582946777,0.0,-97.06057739257812,0.0005588531494140625,-64.5269775390625
1750930263.4859455,0.0,0.5,"[174.0, 185.0, 183.0, 167.0, 156.0, 146.0, 153.0, 180.0, 185.0, 174.0]",10.97960090637207,0.0,-96.84097290039062,0.0005588531494140625,-64.52813720703125
1750930263.5027573,0.0,0.5,"[174.0, 185.0, 183.0, 168.0, 156.0, 146.0, 153.0, 179.0, 185.0, 174.0]",11.174910545349121,0.0,-96.61746215820312,0.0005588531494140625,-64.52920532226562
1750930263.518929,0.0,0.5,"[174.0, 185.0, 183.0, 168.0, 156.0, 146.0, 153.0, 180.0, 185.0, 174.0]",11.26201343536377,0.0,-96.39224243164062,0.0005588531494140625,-64.52999877929688
1750930263.5354862,0.0,0.5,"[174.0, 185.0, 184.0, 169.0, 156.0, 146.0, 153.0, 179.0, 185.0, 174.0]",11.343620300292969,0.0,-96.16537475585938,0.0005588531494140625,-64.53143310546875
1750930263.577352,1.0,0.5,"[174.0, 185.0, 184.0, 169.0, 156.0, 146.0, 153.0, 180.0, 185.0, 174.0]",11.372600555419922,0.0,-95.93795776367188,0.0005588531494140625,-64.53216552734375
1750930263.593785,1.0,0.5,"[174.0, 185.0, 183.0, 167.0, 156.0, 146.0, 153.0, 181.0, 185.0, 174.0]",11.079266548156738,0.5,-95.71713256835938,0.0005588531494140625,-64.55087280273438
1750930263.595464,1.0,0.5,"[174.0, 185.0, 183.0, 167.0, 156.0, 146.0, 153.0, 181.0, 185.0, 174.0]",10.831565856933594,0.5,-95.50338745117188,0.0005588531494140625,-64.58599853515625
1750930263.6408796,0.0,0.5,"[174.0, 185.0, 179.0, 163.0, 158.0, 147.0, 155.0, 184.0, 185.0, 174.0]",10.882173538208008,0.5,-95.29086303710938,0.0005588531494140625,-64.63287353515625
1750930263.6583593,0.0,0.5,"[174.0, 185.0, 178.0, 161.0, 159.0, 148.0, 155.0, 184.0, 185.0, 174.0]",10.983503341674805,0.0,-95.07302856445312,0.0005588531494140625,-64.66151428222656
1750930263.6605074,0.0,0.5,"[174.0, 185.0, 178.0, 161.0, 159.0, 148.0, 155.0, 184.0, 185.0, 174.0]",10.836737632751465,0.0,-94.85684204101562,0.0005588531494140625,-64.6766357421875
1750930263.6785965,0.0,0.5,"[174.0, 185.0, 179.0, 162.0, 158.0, 147.0, 155.0, 184.0, 185.0, 174.0]",11.070329666137695,0.0,-94.63589477539062,0.0005588531494140625,-64.69110107421875
1750930263.6971135,0.0,0.5,"[174.0, 185.0, 179.0, 163.0, 158.0, 147.0, 155.0, 184.0, 185.0, 174.0]",10.983290672302246,0.0,-94.41671752929688,0.0005588531494140625,-64.70578002929688
1750930263.728715,0.0,0.5,"[174.0, 185.0, 179.0, 163.0, 158.0, 147.0, 155.0, 184.0, 185.0, 174.0]",11.130257606506348,0.0,-94.19461059570312,0.0005588531494140625,-64.7203369140625
1750930263.7469196,0.0,0.5,"[174.0, 185.0, 179.0, 163.0, 158.0, 147.0, 154.0, 184.0, 185.0, 174.0]",11.120762825012207,0.0,-93.97268676757812,0.00055694580078125,-64.73524475097656
1750930263.7650812,0.0,0.5,"[174.0, 185.0, 179.0, 163.0, 158.0, 147.0, 154.0, 183.0, 185.0, 174.0]",11.093087196350098,0.0,-93.7513427734375,0.00055694580078125,-64.75027465820312
1750930263.7832172,0.0,0.5,"[174.0, 185.0, 179.0, 163.0, 158.0, 147.0, 154.0, 183.0, 185.0, 174.0]",11.2733154296875,0.0,-93.52639770507812,0.00055694580078125,-64.76556396484375
1750930263.8010046,0.0,0.5,"[174.0, 185.0, 179.0, 163.0, 158.0, 147.0, 154.0, 183.0, 185.0, 174.0]",11.23680591583252,0.0,-93.30215454101562,0.00055694580078125,-64.78045654296875
1750930263.8193052,0.0,0.5,"[174.0, 185.0, 179.0, 164.0, 158.0, 147.0, 154.0, 183.0, 185.0, 174.0]",11.402494430541992,0.0,-93.07461547851562,0.0005588531494140625,-64.7957763671875
1750930263.8372946,0.0,0.5,"[174.0, 185.0, 180.0, 164.0, 158.0, 147.0, 154.0, 183.0, 185.0, 174.0]",11.249188423156738,0.0,-92.85012817382812,0.0005588531494140625,-64.81059265136719
1750930263.869067,0.0,0.5,"[174.0, 185.0, 180.0, 164.0, 158.0, 147.0, 154.0, 183.0, 185.0, 174.0]",11.553750038146973,0.0,-92.61956787109375,0.0005588531494140625,-64.82611083984375
1750930263.8868856,0.0,0.5,"[174.0, 185.0, 181.0, 165.0, 158.0, 147.0, 154.0, 183.0, 185.0, 174.0]",11.335126876831055,0.0,-92.39337158203125,0.0005588531494140625,-64.84130859375
1750930263.9048505,0.0,0.5,"[174.0, 185.0, 181.0, 165.0, 158.0, 147.0, 153.0, 183.0, 185.0, 174.0]",11.566564559936523,0.0,-92.16256713867188,0.0005588531494140625,-64.8565673828125
1750930263.9221942,0.0,0.5,"[174.0, 185.0, 181.0, 165.0, 158.0, 147.0, 153.0, 181.0, 185.0, 174.0]",11.658806800842285,0.0,-91.92990112304688,0.0005588531494140625,-64.87213134765625
1750930263.9401448,0.0,0.5,"[174.0, 185.0, 181.0, 166.0, 158.0, 147.0, 153.0, 181.0, 185.0, 174.0]",11.635509490966797,0.0,-91.69769287109375,0.0005588531494140625,-64.88766479492188
1750930263.957637,0.0,0.5,"[174.0, 185.0, 181.0, 166.0, 158.0, 146.0, 153.0, 181.0, 185.0, 174.0]",11.633389472961426,0.0,-91.46554565429688,0.0005588531494140625,-64.90325927734375
1750930263.975539,0.0,0.5,"[174.0, 185.0, 181.0, 166.0, 158.0, 146.0, 153.0, 181.0, 185.0, 174.0]",11.683658599853516,0.0,-91.23239135742188,0.0005588531494140625,-64.9189453125
1750930264.0217185,0.0,0.5,"[174.0, 185.0, 181.0, 166.0, 158.0, 146.0, 153.0, 181.0, 185.0, 174.0]",11.826653480529785,0.0,-90.99639892578125,0.00055694580078125,-64.93486022949219
1750930264.039753,0.0,0.5,"[174.0, 185.0, 181.0, 167.0, 158.0, 146.0, 153.0, 181.0, 185.0, 174.0]",11.702695846557617,0.0,-90.76284790039062,0.00055694580078125,-64.95022583007812
1750930264.0414684,0.0,0.5,"[174.0, 185.0, 181.0, 167.0, 158.0, 146.0, 153.0, 181.0, 185.0, 174.0]",12.077113151550293,0.0,-90.5218505859375,0.00055694580078125,-64.96635437011719
1750930264.0592563,0.0,0.5,"[174.0, 185.0, 183.0, 167.0, 158.0, 146.0, 152.0, 181.0, 185.0, 174.0]",11.795969009399414,0.0,-90.28646850585938,0.00055694580078125,-64.982177734375
1750930264.0766804,0.0,0.5,"[174.0, 185.0, 183.0, 167.0, 158.0, 146.0, 152.0, 180.0, 185.0, 174.0]",12.072311401367188,0.0,-90.04556274414062,0.00055694580078125,-64.99844360351562
1750930264.1087763,0.0,0.5,"[174.0, 185.0, 184.0, 167.0, 158.0, 146.0, 152.0, 179.0, 185.0, 174.0]",11.755642890930176,0.0,-89.81097412109375,0.00055694580078125,-65.01419067382812
1750930264.1266735,0.0,0.5,"[174.0, 185.0, 184.0, 167.0, 159.0, 146.0, 152.0, 179.0, 185.0, 174.0]",12.117240905761719,0.0,-89.56915283203125,0.0005588531494140625,-65.03018188476562
1750930264.1451519,0.0,0.5,"[174.0, 185.0, 184.0, 167.0, 159.0, 146.0, 152.0, 179.0, 185.0, 174.0]",12.075763702392578,0.0,-89.32815551757812,0.0005588531494140625,-65.04606628417969
1750930264.1630054,0.0,0.5,"[174.0, 185.0, 185.0, 168.0, 159.0, 145.0, 151.0, 179.0, 185.0, 174.0]",12.279924392700195,0.0,-89.0831298828125,0.0005588531494140625,-65.06256103515625
1750930264.1809888,0.0,0.5,"[174.0, 185.0, 186.0, 168.0, 159.0, 145.0, 151.0, 179.0, 185.0, 174.0]",12.174470901489258,0.0,-88.84017944335938,0.0005588531494140625,-65.0787353515625
1750930264.198941,0.0,0.5,"[174.0, 185.0, 186.0, 168.0, 159.0, 145.0, 151.0, 179.0, 185.0, 174.0]",12.348487854003906,0.0,-88.59378051757812,0.00055694580078125,-65.09539794921875
1750930264.2170613,0.0,0.5,"[174.0, 185.0, 187.0, 168.0, 159.0, 145.0, 151.0, 179.0, 185.0, 174.0]",12.205072402954102,0.0,-88.3502197265625,0.0005588531494140625,-65.11158752441406
1750930264.2487795,0.0,0.5,"[174.0, 185.0, 187.0, 168.0, 159.0, 145.0, 151.0, 178.0, 185.0, 174.0]",12.435266494750977,0.0,-88.10208129882812,0.00055694580078125,-65.12826538085938
1750930264.2663434,0.0,0.5,"[174.0, 185.0, 187.0, 169.0, 159.0, 145.0, 151.0, 178.0, 185.0, 174.0]",12.302085876464844,0.0,-87.8565673828125,0.00055694580078125,-65.14451599121094
1750930264.2839603,0.0,0.5,"[174.0, 185.0, 189.0, 169.0, 157.0, 145.0, 149.0, 178.0, 185.0, 174.0]",12.467856407165527,0.0,-87.60775756835938,0.00055694580078125,-65.1611328125
1750930264.3009508,0.0,0.5,"[174.0, 185.0, 189.0, 169.0, 159.0, 145.0, 149.0, 178.0, 185.0, 174.0]",12.508437156677246,0.0,-87.35812377929688,0.00055694580078125,-65.17759704589844
1750930264.3179996,0.0,0.5,"[174.0, 185.0, 189.0, 169.0, 157.0, 144.0, 149.0, 178.0, 185.0, 174.0]",12.54926872253418,0.0,-87.10772705078125,0.00055694580078125,-65.19459533691406
1750930264.3355415,0.0,0.5,"[174.0, 185.0, 189.0, 169.0, 157.0, 144.0, 149.0, 177.0, 185.0, 174.0]",12.592011451721191,0.0,-86.85641479492188,0.00055694580078125,-65.2110595703125
1750930264.385172,1.0,0.5,"[174.0, 185.0, 190.0, 169.0, 157.0, 144.0, 149.0, 176.0, 185.0, 174.0]",12.519909858703613,0.0,-86.60659790039062,0.00055694580078125,-65.2279052734375
1750930264.409738,1.0,0.5,"[174.0, 185.0, 189.0, 169.0, 158.0, 145.0, 149.0, 176.0, 185.0, 174.0]",12.230486869812012,0.5,-86.36373901367188,0.0005588531494140625,-65.25733947753906
1750930264.412308,1.0,0.5,"[174.0, 185.0, 189.0, 169.0, 158.0, 145.0, 149.0, 176.0, 185.0, 174.0]",12.230658531188965,0.5,-86.12445068359375,0.00055694580078125,-65.30805969238281
1750930264.4360836,1.0,0.5,"[174.0, 185.0, 186.0, 165.0, 259.0, 147.0, 152.0, 179.0, 185.0, 174.0]",12.207280158996582,0.5,-85.88870239257812,0.00055694580078125,-65.37155151367188
1750930264.455519,0.0,0.5,"[174.0, 185.0, 183.0, 163.0, 259.0, 148.0, 153.0, 181.0, 185.0, 174.0]",12.190459251403809,0.5,-85.6551513671875,0.00055694580078125,-65.44155883789062
1750930264.4745097,0.0,0.5,"[174.0, 185.0, 183.0, 162.0, 159.0, 148.0, 153.0, 181.0, 185.0, 174.0]",12.084141731262207,0.0,-85.41958618164062,0.00055694580078125,-65.49559020996094
1750930264.493541,0.0,0.5,"[174.0, 185.0, 183.0, 162.0, 159.0, 148.0, 153.0, 181.0, 185.0, 174.0]",12.23423957824707,0.0,-85.17819213867188,0.0005588531494140625,-65.53559875488281
1750930264.5120454,0.0,0.5,"[174.0, 185.0, 183.0, 162.0, 159.0, 148.0, 153.0, 181.0, 185.0, 174.0]",12.158305168151855,0.0,-84.93801879882812,0.0005588531494140625,-65.57363891601562
1750930264.5302467,0.0,0.5,"[174.0, 185.0, 183.0, 163.0, 159.0, 148.0, 153.0, 180.0, 185.0, 174.0]",12.131608963012695,0.0,-84.69833374023438,0.0005588531494140625,-65.61141967773438
1750930264.5495477,0.0,0.5,"[174.0, 185.0, 183.0, 163.0, 159.0, 148.0, 153.0, 179.0, 185.0, 174.0]",12.35761547088623,0.0,-84.45419311523438,0.0005588531494140625,-65.64974975585938
1750930264.5677297,0.0,0.5,"[174.0, 185.0, 184.0, 163.0, 159.0, 148.0, 152.0, 179.0, 185.0, 174.0]",12.398046493530273,0.0,-84.20925903320312,0.0005588531494140625,-65.68841552734375
1750930264.5864131,0.0,0.5,"[174.0, 185.0, 184.0, 163.0, 159.0, 148.0, 152.0, 179.0, 185.0, 174.0]",12.44270133972168,0.0,-83.96347045898438,0.0005588531494140625,-65.72735595703125
1750930264.6047213,1.0,0.5,"[174.0, 185.0, 184.0, 163.0, 159.0, 148.0, 152.0, 179.0, 185.0, 174.0]",12.444828987121582,0.0,-83.71762084960938,0.0005588531494140625,-65.76626586914062
1750930264.6244972,1.0,0.5,"[174.0, 185.0, 184.0, 162.0, 159.0, 148.0, 153.0, 179.0, 185.0, 174.0]",12.217447280883789,0.5,-83.47940063476562,0.0005588531494140625,-65.82066345214844
1750930264.643492,1.0,0.5,"[174.0, 185.0, 181.0, 161.0, 159.0, 149.0, 154.0, 181.0, 185.0, 174.0]",12.127176284790039,0.5,-83.24810791015625,0.0005588531494140625,-65.89361572265625
1750930264.662394,0.0,0.5,"[174.0, 185.0, 179.0, 159.0, 159.0, 151.0, 155.0, 183.0, 185.0, 174.0]",11.848710060119629,0.5,-83.0262451171875,0.0005588531494140625,-65.97686767578125
1750930264.6811452,0.0,0.5,"[174.0, 185.0, 178.0, 158.0, 159.0, 151.0, 155.0, 183.0, 185.0, 174.0]",11.927437782287598,0.0,-82.79898071289062,0.0005588531494140625,-66.04936218261719
1750930264.69993,0.0,0.5,"[174.0, 185.0, 178.0, 158.0, 159.0, 151.0, 155.0, 183.0, 185.0, 174.0]",12.07785415649414,0.0,-82.56439208984375,0.0005588531494140625,-66.10702514648438
1750930264.718455,0.0,0.5,"[174.0, 185.0, 178.0, 158.0, 159.0, 151.0, 155.0, 183.0, 185.0, 174.0]",12.07123851776123,0.0,-82.32916259765625,0.0005588531494140625,-66.16134643554688
1750930264.7370553,0.0,0.5,"[174.0, 185.0, 179.0, 159.0, 159.0, 151.0, 155.0, 183.0, 185.0, 174.0]",12.132109642028809,0.0,-82.09280395507812,0.0005588531494140625,-66.21624755859375
1750930264.7710366,0.0,0.5,"[174.0, 185.0, 179.0, 159.0, 159.0, 151.0, 155.0, 183.0, 185.0, 174.0]",12.195915222167969,0.0,-81.85507202148438,0.0005588531494140625,-66.27081298828125
1750930264.7900443,0.0,0.5,"[174.0, 185.0, 179.0, 159.0, 159.0, 151.0, 155.0, 183.0, 185.0, 174.0]",12.210613250732422,0.0,-81.61715698242188,0.0005588531494140625,-66.32598876953125
1750930264.808942,0.0,0.5,"[174.0, 185.0, 179.0, 159.0, 159.0, 151.0, 155.0, 183.0, 185.0, 174.0]",12.191658973693848,0.0,-81.37954711914062,0.0005588531494140625,-66.38058471679688
1750930264.8273187,0.0,0.5,"[174.0, 185.0, 179.0, 159.0, 159.0, 151.0, 155.0, 183.0, 185.0, 174.0]",12.225418090820312,0.0,-81.14138793945312,0.0005588531494140625,-66.43605041503906
1750930264.8462334,0.0,0.5,"[174.0, 185.0, 179.0, 159.0, 159.0, 151.0, 155.0, 183.0, 185.0, 174.0]",12.482322692871094,0.0,-80.89813232421875,0.0005588531494140625,-66.49212646484375
1750930264.8651202,0.0,0.5,"[174.0, 185.0, 179.0, 159.0, 159.0, 151.0, 155.0, 183.0, 185.0, 174.0]",12.41073989868164,0.0,-80.65631103515625,0.0005588531494140625,-66.54806518554688
1750930264.884228,0.0,0.5,"[174.0, 185.0, 179.0, 159.0, 159.0, 151.0, 155.0, 183.0, 185.0, 174.0]",12.577287673950195,0.0,-80.41116333007812,0.0005588531494140625,-66.6044921875
1750930264.903265,0.0,0.5,"[174.0, 185.0, 180.0, 159.0, 159.0, 151.0, 155.0, 181.0, 185.0, 174.0]",12.406039237976074,0.0,-80.16940307617188,0.0005588531494140625,-66.66032409667969
1750930264.9209146,0.0,0.5,"[174.0, 185.0, 180.0, 159.0, 159.0, 151.0, 155.0, 181.0, 185.0, 174.0]",12.5501127243042,0.0,-79.92477416992188,0.0005588531494140625,-66.71656799316406
1750930264.9399102,0.0,0.5,"[174.0, 185.0, 181.0, 159.0, 159.0, 151.0, 155.0, 181.0, 185.0, 174.0]",12.558036804199219,0.0,-79.68008422851562,0.000560760498046875,-66.77310180664062
1750930264.958542,0.0,0.5,"[174.0, 185.0, 181.0, 159.0, 159.0, 151.0, 154.0, 181.0, 185.0, 174.0]",12.654054641723633,0.0,-79.4334716796875,0.0005588531494140625,-66.83001708984375
1750930264.9773395,0.0,0.5,"[174.0, 185.0, 181.0, 159.0, 159.0, 151.0, 154.0, 181.0, 185.0, 174.0]",12.480844497680664,0.0,-79.19021606445312,0.0005588531494140625,-66.885986328125
1750930265.0107014,0.0,0.5,"[174.0, 185.0, 181.0, 159.0, 159.0, 151.0, 154.0, 181.0, 185.0, 174.0]",12.820961952209473,0.0,-78.94039916992188,0.0005588531494140625,-66.94375610351562
1750930265.029608,0.0,0.5,"[174.0, 185.0, 181.0, 160.0, 159.0, 151.0, 154.0, 181.0, 185.0, 174.0]",12.61982536315918,0.0,-78.69448852539062,0.0005588531494140625,-67.00064086914062
1750930265.0476065,0.0,0.5,"[174.0, 185.0, 181.0, 160.0, 159.0, 151.0, 154.0, 181.0, 185.0, 174.0]",12.786611557006836,0.0,-78.44528198242188,0.0005588531494140625,-67.05801391601562
1750930265.0667388,0.0,0.5,"[174.0, 185.0, 181.0, 160.0, 159.0, 150.0, 154.0, 181.0, 185.0, 174.0]",12.983595848083496,0.0,-78.1922607421875,0.0005588531494140625,-67.116455078125
1750930265.0857925,1.0,0.5,"[174.0, 185.0, 181.0, 160.0, 159.0, 151.0, 154.0, 181.0, 185.0, 174.0]",12.899617195129395,0.0,-77.94082641601562,0.0005588531494140625,-67.17428588867188
1750930265.1046817,1.0,0.5,"[174.0, 185.0, 181.0, 159.0, 158.0, 151.0, 155.0, 181.0, 185.0, 174.0]",12.787396430969238,0.5,-77.69610595703125,0.0005588531494140625,-67.24856567382812
1750930265.1230025,0.0,0.5,"[174.0, 185.0, 179.0, 158.0, 158.0, 152.0, 156.0, 183.0, 185.0, 174.0]",12.440374374389648,0.5,-77.46365356445312,0.0005588531494140625,-67.33723449707031
1750930265.1409483,0.0,0.5,"[174.0, 185.0, 178.0, 157.0, 157.0, 153.0, 156.0, 183.0, 185.0, 174.0]",12.589683532714844,0.0,-77.22445678710938,0.0005588531494140625,-67.4158935546875
1750930265.159665,0.0,0.5,"[174.0, 185.0, 179.0, 157.0, 157.0, 153.0, 156.0, 183.0, 185.0, 174.0]",12.491847038269043,0.0,-76.98336791992188,0.0005588531494140625,-67.48138427734375
1750930265.1785398,0.0,0.5,"[174.0, 185.0, 179.0, 157.0, 157.0, 153.0, 156.0, 183.0, 185.0, 174.0]",12.691108703613281,0.0,-76.73843383789062,0.0005588531494140625,-67.54798889160156
1750930265.1969097,0.0,0.5,"[174.0, 185.0, 179.0, 157.0, 157.0, 153.0, 156.0, 183.0, 185.0, 174.0]",12.551623344421387,0.0,-76.49612426757812,0.0005588531494140625,-67.61367797851562
1750930265.230156,0.0,0.5,"[174.0, 185.0, 179.0, 158.0, 157.0, 153.0, 156.0, 183.0, 185.0, 174.0]",12.729385375976562,0.0,-76.25051879882812,0.0005588531494140625,-67.68064880371094
1750930265.2488182,0.0,0.5,"[174.0, 185.0, 179.0, 158.0, 157.0, 152.0, 156.0, 183.0, 185.0, 174.0]",12.814438819885254,0.0,-76.00320434570312,0.0005588531494140625,-67.74783325195312
1750930265.266758,0.0,0.5,"[174.0, 185.0, 179.0, 158.0, 157.0, 152.0, 156.0, 183.0, 185.0, 174.0]",12.848893165588379,0.0,-75.75518798828125,0.0005588531494140625,-67.81515502929688
1750930265.284868,0.0,0.5,"[174.0, 185.0, 179.0, 158.0, 157.0, 152.0, 156.0, 183.0, 185.0, 174.0]",12.83367919921875,0.0,-75.50747680664062,0.0005588531494140625,-67.88243103027344
1750930265.303014,0.0,0.5,"[174.0, 185.0, 179.0, 158.0, 157.0, 152.0, 156.0, 183.0, 185.0, 174.0]",12.830389022827148,0.0,-75.25985717773438,0.0005588531494140625,-67.94976806640625
1750930265.3211262,0.0,0.5,"[174.0, 185.0, 179.0, 158.0, 157.0, 152.0, 156.0, 183.0, 185.0, 174.0]",12.828697204589844,0.0,-75.01229858398438,0.0005588531494140625,-68.01718139648438
1750930265.3400323,0.0,0.5,"[174.0, 185.0, 179.0, 158.0, 157.0, 152.0, 156.0, 183.0, 185.0, 174.0]",13.032905578613281,0.0,-74.76083374023438,0.0005588531494140625,-68.08575439453125
1750930265.3587787,0.0,0.5,"[174.0, 185.0, 179.0, 158.0, 157.0, 152.0, 156.0, 183.0, 185.0, 174.0]",13.069953918457031,0.0,-74.50860595703125,0.0005588531494140625,-68.15437316894531
1750930265.3770537,0.0,0.5,"[174.0, 185.0, 180.0, 158.0, 157.0, 152.0, 156.0, 183.0, 185.0, 174.0]",13.050917625427246,0.0,-74.2567138671875,0.0005588531494140625,-68.22279357910156
1750930265.4102182,0.0,0.5,"[174.0, 185.0, 180.0, 158.0, 158.0, 152.0, 155.0, 183.0, 185.0, 174.0]",13.021032333374023,0.0,-74.00534057617188,0.0005588531494140625,-68.29090881347656
1750930265.4289775,0.0,0.5,"[174.0, 185.0, 180.0, 158.0, 157.0, 152.0, 155.0, 181.0, 185.0, 174.0]",13.068021774291992,0.0,-73.75308227539062,0.0005588531494140625,-68.35919189453125
1750930265.44799,0.0,0.5,"[174.0, 185.0, 180.0, 158.0, 157.0, 152.0, 156.0, 181.0, 185.0, 174.0]",13.304911613464355,0.0,-73.49624633789062,0.0005588531494140625,-68.42877197265625
1750930265.4681246,0.0,0.5,"[174.0, 185.0, 181.0, 158.0, 157.0, 152.0, 155.0, 181.0, 185.0, 174.0]",13.180479049682617,0.0,-73.24188232421875,0.0005588531494140625,-68.498046875
1750930265.4880965,0.0,0.5,"[174.0, 185.0, 181.0, 158.0, 157.0, 152.0, 155.0, 181.0, 185.0, 174.0]",13.32921028137207,0.0,-72.984619140625,0.0005588531494140625,-68.56794738769531
1750930265.5081449,0.0,0.5,"[174.0, 185.0, 181.0, 158.0, 158.0, 152.0, 155.0, 181.0, 185.0, 174.0]",13.240065574645996,0.0,-72.7291259765625,0.0005588531494140625,-68.63751220703125
1750930265.5274818,0.0,0.5,"[174.0, 185.0, 181.0, 158.0, 157.0, 152.0, 155.0, 181.0, 185.0, 174.0]",13.30585765838623,0.0,-72.47222900390625,0.0005588531494140625,-68.70693969726562
1750930265.5472157,0.0,0.5,"[174.0, 185.0, 181.0, 159.0, 158.0, 152.0, 155.0, 181.0, 185.0, 174.0]",13.42712688446045,0.0,-72.21310424804688,0.0005588531494140625,-68.77742004394531
1750930265.5674264,0.0,0.5,"[174.0, 185.0, 181.0, 159.0, 157.0, 152.0, 155.0, 181.0, 185.0, 174.0]",13.26880931854248,0.0,-71.95693969726562,0.0005588531494140625,-68.84671020507812
1750930265.5873344,0.0,0.5,"[174.0, 185.0, 181.0, 159.0, 157.0, 152.0, 155.0, 181.0, 185.0, 174.0]",13.622629165649414,0.0,-71.69400024414062,0.0005588531494140625,-68.91806030273438
1750930265.607382,1.0,0.5,"[174.0, 185.0, 181.0, 159.0, 158.0, 152.0, 155.0, 181.0, 185.0, 174.0]",13.391335487365723,0.0,-71.435546875,0.0005588531494140625,-68.98831176757812
1750930265.6265557,1.0,0.5,"[174.0, 185.0, 181.0, 158.0, 157.0, 153.0, 156.0, 181.0, 185.0, 174.0]",13.322209358215332,0.5,-71.18319702148438,0.0005588531494140625,-69.07382202148438
1750930265.6443336,0.0,0.5,"[174.0, 185.0, 179.0, 156.0, 155.0, 154.0, 158.0, 183.0, 185.0, 174.0]",13.161904335021973,0.5,-70.94039916992188,0.0005588531494140625,-69.17556762695312
1750930265.662573,0.0,0.5,"[174.0, 185.0, 178.0, 155.0, 155.0, 154.0, 158.0, 184.0, 185.0, 174.0]",13.175030708312988,0.0,-70.69216918945312,0.000560760498046875,-69.26393127441406
1750930265.68185,0.0,0.5,"[174.0, 185.0, 178.0, 155.0, 155.0, 154.0, 158.0, 184.0, 185.0, 174.0]",13.185590744018555,0.0,-70.44061279296875,0.000560760498046875,-69.34310913085938
1750930265.700743,0.0,0.5,"[174.0, 185.0, 178.0, 155.0, 155.0, 154.0, 158.0, 184.0, 185.0, 174.0]",13.11318588256836,0.0,-70.19027709960938,0.000560760498046875,-69.42127990722656
1750930265.7188933,0.0,0.5,"[174.0, 185.0, 178.0, 155.0, 155.0, 154.0, 158.0, 184.0, 185.0, 174.0]",13.296859741210938,0.0,-69.93643188476562,0.000560760498046875,-69.50053405761719
1750930265.7360544,0.0,0.5,"[174.0, 185.0, 178.0, 155.0, 155.0, 154.0, 158.0, 184.0, 185.0, 174.0]",13.220423698425293,0.0,-69.68405151367188,0.000560760498046875,-69.57940673828125
1750930265.783109,0.0,0.5,"[174.0, 185.0, 178.0, 155.0, 155.0, 154.0, 158.0, 184.0, 185.0, 174.0]",13.287216186523438,0.0,-69.43038940429688,0.000560760498046875,-69.6585693359375
1750930265.8005373,0.0,0.5,"[174.0, 185.0, 178.0, 155.0, 155.0, 154.0, 158.0, 184.0, 185.0, 174.0]",13.529861450195312,0.0,-69.17205810546875,0.000560760498046875,-69.73919677734375
1750930265.802188,0.0,0.5,"[174.0, 185.0, 178.0, 155.0, 155.0, 154.0, 158.0, 184.0, 185.0, 174.0]",13.340421676635742,0.0,-68.9173583984375,0.000560760498046875,-69.81863403320312
1750930265.8208458,0.0,0.5,"[174.0, 185.0, 179.0, 156.0, 155.0, 154.0, 158.0, 184.0, 185.0, 174.0]",13.50716781616211,0.0,-68.6595458984375,0.000560760498046875,-69.89933776855469
1750930265.83978,0.0,0.5,"[174.0, 185.0, 179.0, 156.0, 155.0, 154.0, 158.0, 184.0, 185.0, 174.0]",13.490893363952637,0.0,-68.40194702148438,0.000560760498046875,-69.97964477539062
1750930265.8576536,0.0,0.5,"[174.0, 185.0, 179.0, 156.0, 155.0, 154.0, 158.0, 184.0, 185.0, 174.0]",13.692046165466309,0.0,-68.14053344726562,0.000560760498046875,-70.06118774414062
1750930265.875654,0.0,0.5,"[174.0, 185.0, 179.0, 156.0, 155.0, 154.0, 158.0, 184.0, 185.0, 174.0]",13.519177436828613,0.0,-67.88247680664062,0.000560760498046875,-70.14190673828125
1750930265.9222224,0.0,0.5,"[174.0, 185.0, 179.0, 156.0, 155.0, 154.0, 158.0, 184.0, 185.0, 174.0]",13.711389541625977,0.0,-67.62069702148438,0.000560760498046875,-70.22357177734375
1750930265.9403582,0.0,0.5,"[174.0, 185.0, 179.0, 156.0, 155.0, 154.0, 158.0, 183.0, 185.0, 174.0]",13.674518585205078,0.0,-67.35968017578125,0.000560760498046875,-70.30519104003906
1750930265.942062,0.0,0.5,"[174.0, 185.0, 179.0, 156.0, 155.0, 154.0, 158.0, 183.0, 185.0, 174.0]",13.799736022949219,0.0,-67.09616088867188,0.000560760498046875,-70.38726806640625
1750930265.960004,0.0,0.5,"[174.0, 185.0, 179.0, 156.0, 155.0, 154.0, 158.0, 183.0, 185.0, 174.0]",13.815767288208008,0.0,-66.83248901367188,0.000560760498046875,-70.46989440917969
1750930265.9775083,0.0,0.5,"[174.0, 185.0, 179.0, 156.0, 155.0, 154.0, 158.0, 184.0, 185.0, 174.0]",13.768790245056152,0.0,-66.56961059570312,0.000560760498046875,-70.55184936523438
1750930266.0096316,0.0,0.5,"[174.0, 185.0, 179.0, 156.0, 155.0, 154.0, 158.0, 183.0, 185.0, 174.0]",13.778060913085938,0.0,-66.30670166015625,0.000560760498046875,-70.6343994140625
1750930266.0275917,0.0,0.5,"[174.0, 185.0, 179.0, 156.0, 155.0, 154.0, 158.0, 183.0, 185.0, 174.0]",14.005118370056152,0.0,-66.039306640625,0.000560760498046875,-70.71786499023438
1750930266.0454013,0.0,0.5,"[174.0, 185.0, 179.0, 156.0, 155.0, 154.0, 158.0, 183.0, 185.0, 174.0]",13.88766860961914,0.0,-65.77423095703125,0.0005588531494140625,-70.80076599121094
1750930266.0631163,0.0,0.5,"[174.0, 185.0, 179.0, 156.0, 155.0, 154.0, 158.0, 183.0, 185.0, 174.0]",14.026347160339355,0.0,-65.50637817382812,0.0005588531494140625,-70.88420104980469
1750930266.0811741,0.0,0.5,"[174.0, 185.0, 179.0, 156.0, 155.0, 154.0, 158.0, 183.0, 185.0, 174.0]",14.015250205993652,0.0,-65.23886108398438,0.0005588531494140625,-70.96780395507812
1750930266.0986679,0.0,0.5,"[174.0, 185.0, 179.0, 156.0, 155.0, 154.0, 158.0, 183.0, 185.0, 174.0]",14.038058280944824,0.0,-64.97088623046875,0.0005588531494140625,-71.05158996582031
1750930266.1166039,0.0,0.5,"[174.0, 185.0, 179.0, 156.0, 155.0, 154.0, 158.0, 183.0, 185.0, 174.0]",14.052691459655762,0.0,-64.70260620117188,0.0005588531494140625,-71.13536071777344
1750930266.149567,0.0,0.5,"[174.0, 185.0, 179.0, 156.0, 155.0, 154.0, 158.0, 183.0, 185.0, 174.0]",14.21647834777832,0.0,-64.43118286132812,0.000560760498046875,-71.22010803222656
1750930266.1677542,0.0,0.5,"[174.0, 185.0, 179.0, 156.0, 155.0, 154.0, 158.0, 183.0, 185.0, 174.0]",14.246712684631348,0.0,-64.1593017578125,0.0005588531494140625,-71.30535888671875
1750930266.1857617,0.0,0.5,"[174.0, 185.0, 179.0, 156.0, 155.0, 154.0, 158.0, 183.0, 185.0, 174.0]",14.203983306884766,0.0,-63.88812255859375,0.0005588531494140625,-71.38993835449219
1750930266.2038028,0.0,0.5,"[174.0, 185.0, 179.0, 156.0, 155.0, 154.0, 158.0, 183.0, 185.0, 174.0]",14.194371223449707,0.0,-63.61724853515625,0.0005588531494140625,-71.47496032714844
1750930266.2212873,0.0,0.5,"[174.0, 185.0, 179.0, 156.0, 155.0, 154.0, 158.0, 183.0, 185.0, 174.0]",14.379323959350586,0.0,-63.34271240234375,0.0005588531494140625,-71.56057739257812
1750930266.2390842,0.0,0.5,"[174.0, 185.0, 179.0, 156.0, 155.0, 154.0, 158.0, 183.0, 185.0, 174.0]",14.326467514038086,0.0,-63.069244384765625,0.0005588531494140625,-71.64610290527344
1750930266.2564862,0.0,0.5,"[174.0, 185.0, 179.0, 156.0, 155.0, 154.0, 158.0, 183.0, 185.0, 174.0]",14.612637519836426,0.0,-62.790283203125,0.0005588531494140625,-71.7332763671875
1750930266.2881737,0.0,0.5,"[174.0, 185.0, 179.0, 156.0, 155.0, 154.0, 158.0, 183.0, 185.0, 174.0]",14.28459644317627,0.0,-62.517578125,0.0005588531494140625,-71.81843566894531
1750930266.3066783,0.0,0.5,"[174.0, 185.0, 179.0, 156.0, 155.0, 154.0, 158.0, 183.0, 185.0, 174.0]",14.663272857666016,0.0,-62.2376708984375,0.0005588531494140625,-71.9058837890625
1750930266.324628,0.0,0.5,"[174.0, 185.0, 179.0, 156.0, 155.0, 154.0, 158.0, 183.0, 185.0, 174.0]",14.419007301330566,0.0,-61.96240234375,0.0005588531494140625,-71.99188232421875
1750930266.3426218,0.0,0.5,"[174.0, 185.0, 179.0, 156.0, 155.0, 154.0, 158.0, 183.0, 185.0, 174.0]",14.787286758422852,0.0,-61.680084228515625,0.0005588531494140625,-72.0799560546875
1750930266.3608794,0.0,0.5,"[174.0, 185.0, 179.0, 156.0, 155.0, 154.0, 158.0, 183.0, 185.0, 174.0]",14.513782501220703,0.0,-61.4029541015625,0.0005588531494140625,-72.1663818359375
1750930266.378863,0.0,0.5,"[174.0, 185.0, 179.0, 156.0, 155.0, 154.0, 158.0, 183.0, 185.0, 174.0]",14.909913063049316,0.0,-61.118316650390625,0.000560760498046875,-72.2552490234375
1750930266.397779,0.0,0.5,"[174.0, 185.0, 179.0, 156.0, 155.0, 154.0, 158.0, 183.0, 185.0, 174.0]",14.591089248657227,0.0,-60.839752197265625,0.000560760498046875,-72.34225463867188
1750930266.4159608,0.0,0.5,"[174.0, 185.0, 179.0, 156.0, 155.0, 154.0, 158.0, 183.0, 185.0, 174.0]",14.97034740447998,0.0,-60.553985595703125,0.000560760498046875,-72.43157958984375
1750930266.462,0.0,0.5,"[174.0, 185.0, 180.0, 156.0, 155.0, 154.0, 156.0, 183.0, 185.0, 174.0]",14.70876693725586,0.0,-60.273223876953125,0.000560760498046875,-72.51937866210938
1750930266.4799445,0.0,0.5,"[174.0, 185.0, 180.0, 156.0, 155.0, 154.0, 156.0, 183.0, 185.0, 174.0]",15.070392608642578,0.0,-59.985565185546875,0.000560760498046875,-72.60935974121094
1750930266.4815378,0.0,0.5,"[174.0, 185.0, 180.0, 156.0, 155.0, 154.0, 156.0, 183.0, 185.0, 174.0]",14.716338157653809,0.0,-59.704620361328125,0.000560760498046875,-72.6971435546875
1750930266.499647,0.0,0.5,"[174.0, 185.0, 180.0, 156.0, 155.0, 154.0, 156.0, 183.0, 185.0, 174.0]",15.076774597167969,0.0,-59.416778564453125,0.000560760498046875,-72.78695678710938
1750930266.5193946,0.0,0.5,"[174.0, 185.0, 180.0, 156.0, 155.0, 154.0, 156.0, 183.0, 185.0, 174.0]",14.788514137268066,0.0,-59.13446044921875,0.000560760498046875,-72.87509155273438
1750930266.5380523,0.0,0.5,"[174.0, 185.0, 180.0, 156.0, 155.0, 154.0, 156.0, 183.0, 185.0, 174.0]",15.073817253112793,0.0,-58.84674072265625,0.000560760498046875,-72.96519470214844
1750930266.5561175,0.0,0.5,"[174.0, 185.0, 181.0, 156.0, 155.0, 154.0, 156.0, 183.0, 185.0, 174.0]",15.081177711486816,0.0,-58.558929443359375,0.000560760498046875,-73.05535888671875
1750930266.6027038,0.0,0.5,"[174.0, 185.0, 180.0, 156.0, 155.0, 154.0, 156.0, 183.0, 185.0, 174.0]",15.140365600585938,0.0,-58.269866943359375,0.000560760498046875,-73.14556884765625
1750930266.6214993,0.0,0.5,"[174.0, 185.0, 181.0, 157.0, 156.0, 154.0, 156.0, 183.0, 185.0, 174.0]",15.066049575805664,0.0,-57.982330322265625,0.000560760498046875,-73.23562622070312
1750930266.6231961,0.0,0.5,"[174.0, 185.0, 181.0, 157.0, 156.0, 154.0, 156.0, 183.0, 185.0, 174.0]",15.119709968566895,0.0,-57.693603515625,0.000560760498046875,-73.32559204101562
1750930266.6403408,0.0,0.5,"[174.0, 185.0, 181.0, 157.0, 155.0, 154.0, 156.0, 183.0, 185.0, 174.0]",15.329235076904297,0.0,-57.401031494140625,0.000560760498046875,-73.41717529296875
1750930266.6582294,0.0,0.5,"[174.0, 185.0, 181.0, 157.0, 155.0, 154.0, 156.0, 183.0, 185.0, 174.0]",15.21647834777832,0.0,-57.11053466796875,0.000560760498046875,-73.50791931152344
1750930266.6756353,0.0,0.5,"[174.0, 185.0, 181.0, 157.0, 156.0, 154.0, 156.0, 183.0, 185.0, 174.0]",15.443849563598633,0.0,-56.81573486328125,0.000560760498046875,-73.60009765625
1750930266.7216163,0.0,0.5,"[174.0, 185.0, 181.0, 157.0, 155.0, 154.0, 156.0, 183.0, 185.0, 174.0]",15.283061027526855,0.0,-56.52392578125,0.000560760498046875,-73.69107055664062
1750930266.7387862,0.0,0.5,"[174.0, 185.0, 181.0, 157.0, 156.0, 154.0, 156.0, 183.0, 185.0, 174.0]",15.465463638305664,0.0,-56.228668212890625,0.000560760498046875,-73.78323364257812
1750930266.7404552,0.0,0.5,"[174.0, 185.0, 181.0, 157.0, 156.0, 154.0, 156.0, 183.0, 185.0, 174.0]",15.400609970092773,0.0,-55.934600830078125,0.000560760498046875,-73.87480163574219
1750930266.7580032,0.0,0.5,"[174.0, 185.0, 181.0, 157.0, 156.0, 154.0, 156.0, 183.0, 185.0, 174.0]",15.511995315551758,0.0,-55.63848876953125,0.000560760498046875,-73.96743774414062
1750930266.7758439,0.0,0.5,"[174.0, 185.0, 181.0, 157.0, 155.0, 154.0, 156.0, 183.0, 185.0, 174.0]",15.461996078491211,0.0,-55.34326171875,0.000560760498046875,-74.0594482421875
1750930266.8206928,0.0,0.5,"[174.0, 185.0, 181.0, 158.0, 156.0, 154.0, 156.0, 181.0, 185.0, 174.0]",15.4292631149292,0.0,-55.048797607421875,0.000560760498046875,-74.15167236328125
1750930266.8391201,0.0,0.5,"[174.0, 185.0, 181.0, 158.0, 156.0, 154.0, 156.0, 183.0, 185.0, 174.0]",15.607308387756348,0.0,-54.750732421875,0.000560760498046875,-74.24444580078125
1750930266.8408444,0.0,0.5,"[174.0, 185.0, 181.0, 158.0, 156.0, 154.0, 156.0, 183.0, 185.0, 174.0]",15.696688652038574,0.0,-54.451019287109375,0.000560760498046875,-74.33786010742188
1750930266.8580732,0.0,0.5,"[174.0, 185.0, 181.0, 158.0, 156.0, 154.0, 156.0, 181.0, 185.0, 174.0]",15.524394035339355,0.0,-54.1546630859375,0.000560760498046875,-74.430419921875
1750930266.8760283,0.0,0.5,"[174.0, 185.0, 181.0, 158.0, 156.0, 154.0, 156.0, 181.0, 185.0, 174.0]",15.691115379333496,0.0,-53.85504150390625,0.000560760498046875,-74.52374267578125
1750930266.9211707,0.0,0.5,"[174.0, 185.0, 181.0, 158.0, 156.0, 154.0, 156.0, 181.0, 185.0, 174.0]",15.712520599365234,0.0,-53.5550537109375,0.000560760498046875,-74.61737060546875
1750930266.9390512,0.0,0.5,"[174.0, 185.0, 181.0, 158.0, 156.0, 154.0, 156.0, 181.0, 185.0, 174.0]",15.885567665100098,0.0,-53.2518310546875,0.000560760498046875,-74.71218872070312
1750930266.9407775,0.0,0.5,"[174.0, 185.0, 181.0, 158.0, 156.0, 154.0, 156.0, 181.0, 185.0, 174.0]",15.626592636108398,0.0,-52.9534912109375,0.000560760498046875,-74.8052978515625
1750930266.9571857,0.0,0.5,"[174.0, 185.0, 181.0, 158.0, 156.0, 154.0, 156.0, 181.0, 185.0, 174.0]",15.803836822509766,0.0,-52.65185546875,0.000560760498046875,-74.89974975585938
1750930266.98861,0.0,0.5,"[174.0, 185.0, 181.0, 158.0, 156.0, 154.0, 156.0, 181.0, 185.0, 174.0]",16.100387573242188,0.0,-52.344512939453125,0.0005626678466796875,-74.99578857421875
1750930267.0063832,0.0,0.5,"[174.0, 185.0, 181.0, 158.0, 156.0, 154.0, 156.0, 181.0, 185.0, 174.0]",15.742810249328613,0.0,-52.043975830078125,0.000560760498046875,-75.0897216796875
1750930267.0240755,0.0,0.5,"[174.0, 185.0, 181.0, 158.0, 156.0, 154.0, 156.0, 181.0, 185.0, 174.0]",16.162857055664062,0.0,-51.73541259765625,0.000560760498046875,-75.18608093261719
1750930267.0412257,0.0,0.5,"[174.0, 185.0, 181.0, 158.0, 156.0, 154.0, 156.0, 181.0, 185.0, 174.0]",15.732498168945312,0.0,-51.43505859375,0.000560760498046875,-75.27983093261719
1750930267.0584111,0.0,0.5,"[174.0, 185.0, 181.0, 158.0, 156.0, 154.0, 156.0, 181.0, 185.0, 174.0]",16.110572814941406,0.0,-51.127471923828125,0.0005626678466796875,-75.37582397460938
1750930267.076114,0.0,0.5,"[174.0, 185.0, 181.0, 158.0, 155.0, 154.0, 156.0, 181.0, 185.0, 174.0]",16.079296112060547,0.0,-50.82049560546875,0.0005626678466796875,-75.47161865234375
1750930267.1212618,0.0,0.5,"[174.0, 185.0, 183.0, 158.0, 156.0, 154.0, 156.0, 181.0, 185.0, 174.0]",16.21367645263672,0.0,-50.511016845703125,0.000560760498046875,-75.56842041015625
1750930267.138897,0.0,0.5,"[174.0, 185.0, 181.0, 158.0, 155.0, 154.0, 156.0, 181.0, 185.0, 174.0]",16.02543830871582,0.0,-50.205047607421875,0.0005626678466796875,-75.6639404296875
1750930267.1407351,0.0,0.5,"[174.0, 185.0, 181.0, 158.0, 155.0, 154.0, 156.0, 181.0, 185.0, 174.0]",16.202768325805664,0.0,-49.89581298828125,0.000560760498046875,-75.76075744628906
1750930267.1584523,0.0,0.5,"[174.0, 185.0, 183.0, 158.0, 156.0, 153.0, 156.0, 181.0, 185.0, 174.0]",16.204322814941406,0.0,-49.586456298828125,0.0005626678466796875,-75.85740661621094
1750930267.1758397,0.0,0.5,"[174.0, 185.0, 183.0, 158.0, 155.0, 154.0, 156.0, 181.0, 185.0, 174.0]",16.325843811035156,0.0,-49.274749755859375,0.0005626678466796875,-75.95458984375
1750930267.2209213,0.0,0.5,"[174.0, 185.0, 183.0, 158.0, 156.0, 153.0, 156.0, 181.0, 185.0, 174.0]",16.230321884155273,0.0,-48.96490478515625,0.0005626678466796875,-76.05136108398438
1750930267.2386844,0.0,0.5,"[174.0, 185.0, 183.0, 158.0, 155.0, 153.0, 156.0, 181.0, 185.0, 174.0]",16.341745376586914,0.0,-48.652923583984375,0.0005626678466796875,-76.14877319335938
1750930267.2404625,0.0,0.5,"[174.0, 185.0, 183.0, 158.0, 155.0, 153.0, 156.0, 181.0, 185.0, 174.0]",16.57701301574707,0.0,-48.336456298828125,0.000560760498046875,-76.24758911132812
1750930267.2577784,0.0,0.5,"[174.0, 185.0, 183.0, 158.0, 156.0, 153.0, 156.0, 181.0, 185.0, 174.0]",16.3504695892334,0.0,-48.024322509765625,0.0005626678466796875,-76.34512329101562
1750930267.274758,0.0,0.5,"[174.0, 185.0, 183.0, 158.0, 155.0, 153.0, 156.0, 181.0, 185.0, 174.0]",16.5322265625,0.0,-47.708648681640625,0.000560760498046875,-76.4434814453125
1750930267.319239,0.0,0.5,"[174.0, 185.0, 183.0, 158.0, 155.0, 153.0, 156.0, 181.0, 185.0, 174.0]",16.472734451293945,0.0,-47.3941650390625,0.000560760498046875,-76.54165649414062
1750930267.3365176,0.0,0.5,"[174.0, 185.0, 183.0, 158.0, 156.0, 153.0, 156.0, 181.0, 185.0, 174.0]",16.60169219970703,0.0,-47.07720947265625,0.000560760498046875,-76.640625
1750930267.3381343,0.0,0.5,"[174.0, 185.0, 183.0, 158.0, 156.0, 153.0, 156.0, 181.0, 185.0, 174.0]",16.547731399536133,0.0,-46.76123046875,0.000560760498046875,-76.739013671875
1750930267.3559244,0.0,0.5,"[174.0, 185.0, 183.0, 158.0, 155.0, 153.0, 156.0, 181.0, 185.0, 174.0]",16.752918243408203,0.0,-46.44140625,0.000560760498046875,-76.83892822265625
1750930267.4003322,0.0,0.5,"[174.0, 185.0, 183.0, 158.0, 155.0, 153.0, 156.0, 181.0, 185.0, 174.0]",16.664323806762695,0.0,-46.123260498046875,0.000560760498046875,-76.93817138671875
1750930267.4178665,0.0,0.5,"[174.0, 185.0, 183.0, 158.0, 155.0, 153.0, 156.0, 181.0, 185.0, 174.0]",16.85366439819336,0.0,-45.801513671875,0.000560760498046875,-77.03874206542969
1750930267.4196217,0.0,0.5,"[174.0, 185.0, 183.0, 158.0, 155.0, 153.0, 156.0, 181.0, 185.0, 174.0]",16.672496795654297,0.0,-45.483184814453125,0.000560760498046875,-77.13798522949219
1750930267.4370859,0.0,0.5,"[174.0, 185.0, 183.0, 158.0, 155.0, 153.0, 156.0, 181.0, 185.0, 174.0]",16.981700897216797,0.0,-45.15899658203125,0.000560760498046875,-77.23922729492188
1750930267.468206,0.0,0.5,"[174.0, 185.0, 183.0, 158.0, 155.0, 153.0, 156.0, 181.0, 185.0, 174.0]",16.743762969970703,0.0,-44.839324951171875,0.0005626678466796875,-77.3389892578125
1750930267.4860032,0.0,0.5,"[174.0, 185.0, 183.0, 158.0, 155.0, 153.0, 156.0, 181.0, 185.0, 174.0]",16.965730667114258,0.0,-44.515472412109375,0.0005626678466796875,-77.44027709960938
1750930267.5033522,0.0,0.5,"[174.0, 185.0, 183.0, 158.0, 155.0, 153.0, 156.0, 181.0, 185.0, 174.0]",16.913063049316406,0.0,-44.192596435546875,0.0005626678466796875,-77.54109191894531
1750930267.5203726,0.0,0.5,"[174.0, 185.0, 183.0, 158.0, 155.0, 153.0, 156.0, 181.0, 185.0, 174.0]",17.022436141967773,0.0,-43.86761474609375,0.0005626678466796875,-77.64254760742188
1750930267.5388873,0.0,0.5,"[174.0, 185.0, 183.0, 158.0, 155.0, 153.0, 156.0, 180.0, 185.0, 174.0]",17.020343780517578,0.0,-43.54266357421875,0.0005626678466796875,-77.74395751953125
1750930267.5562875,0.0,0.5,"[174.0, 185.0, 183.0, 158.0, 155.0, 153.0, 156.0, 180.0, 185.0, 174.0]",17.03343391418457,0.0,-43.217437744140625,0.0005626678466796875,-77.84539794921875
1750930267.600632,0.0,0.5,"[174.0, 185.0, 183.0, 159.0, 155.0, 153.0, 156.0, 180.0, 185.0, 174.0]",17.023096084594727,0.0,-42.892425537109375,0.0005626678466796875,-77.94680786132812
1750930267.6183481,0.0,0.5,"[174.0, 185.0, 183.0, 159.0, 155.0, 153.0, 156.0, 180.0, 185.0, 174.0]",17.174888610839844,0.0,-42.564544677734375,0.000560760498046875,-78.04911804199219
1750930267.6200755,0.0,0.5,"[174.0, 185.0, 183.0, 159.0, 155.0, 153.0, 156.0, 180.0, 185.0, 174.0]",17.12820053100586,0.0,-42.237518310546875,0.000560760498046875,-78.15118408203125
1750930267.6370578,0.0,0.5,"[174.0, 185.0, 184.0, 159.0, 155.0, 153.0, 155.0, 180.0, 185.0, 174.0]",17.111907958984375,0.0,-41.91082763671875,0.000560760498046875,-78.25311279296875
1750930267.6672719,0.0,0.5,"[174.0, 185.0, 184.0, 159.0, 155.0, 153.0, 156.0, 180.0, 185.0, 174.0]",17.1905574798584,0.0,-41.58258056640625,0.000560760498046875,-78.35545349121094
1750930267.6843472,0.0,0.5,"[174.0, 185.0, 184.0, 159.0, 155.0, 153.0, 156.0, 180.0, 185.0, 174.0]",17.2492618560791,0.0,-41.2532958984375,0.0005626678466796875,-78.45831298828125
1750930267.7017658,0.0,0.5,"[174.0, 185.0, 184.0, 159.0, 155.0, 153.0, 155.0, 179.0, 185.0, 174.0]",17.385541915893555,0.0,-40.92144775390625,0.0005626678466796875,-78.56210327148438
1750930267.7185695,0.0,0.5,"[174.0, 185.0, 184.0, 159.0, 155.0, 153.0, 155.0, 180.0, 185.0, 174.0]",17.198625564575195,0.0,-40.593109130859375,0.0005626678466796875,-78.66459655761719
1750930267.7352712,0.0,0.5,"[174.0, 185.0, 184.0, 159.0, 155.0, 153.0, 155.0, 179.0, 185.0, 174.0]",17.390419006347656,0.0,-40.26116943359375,0.0005626678466796875,-78.76849365234375
1750930267.778166,0.0,0.5,"[174.0, 185.0, 184.0, 159.0, 155.0, 153.0, 155.0, 179.0, 185.0, 174.0]",17.368379592895508,0.0,-39.92962646484375,0.0005626678466796875,-78.87210083007812
1750930267.795499,0.0,0.5,"[174.0, 185.0, 184.0, 159.0, 155.0, 153.0, 155.0, 179.0, 185.0, 174.0]",17.449731826782227,0.0,-39.596466064453125,0.0005626678466796875,-78.97604370117188
1750930267.7971895,0.0,0.5,"[174.0, 185.0, 184.0, 159.0, 155.0, 153.0, 155.0, 179.0, 185.0, 174.0]",17.592802047729492,0.0,-39.260528564453125,0.0005626678466796875,-79.08074951171875
1750930267.827681,0.0,0.5,"[174.0, 185.0, 184.0, 159.0, 155.0, 153.0, 155.0, 179.0, 185.0, 174.0]",17.382143020629883,0.0,-38.9287109375,0.000560760498046875,-79.18438720703125
1750930267.8446243,0.0,0.5,"[174.0, 185.0, 184.0, 159.0, 155.0, 153.0, 155.0, 179.0, 185.0, 174.0]",17.5539493560791,0.0,-38.593536376953125,0.000560760498046875,-79.28884887695312
1750930267.86171,0.0,0.5,"[174.0, 185.0, 184.0, 159.0, 155.0, 153.0, 155.0, 179.0, 185.0, 174.0]",17.540151596069336,0.0,-38.2586669921875,0.000560760498046875,-79.3934326171875
1750930267.8785868,0.0,0.5,"[174.0, 185.0, 184.0, 159.0, 155.0, 153.0, 155.0, 179.0, 185.0, 174.0]",17.832801818847656,0.0,-37.918243408203125,0.000560760498046875,-79.49978637695312
1750930267.8955572,0.0,0.5,"[174.0, 185.0, 184.0, 159.0, 155.0, 153.0, 155.0, 179.0, 185.0, 174.0]",17.44886589050293,0.0,-37.58514404296875,0.000560760498046875,-79.60386657714844
1750930267.938392,0.0,0.5,"[174.0, 185.0, 184.0, 159.0, 155.0, 153.0, 155.0, 179.0, 185.0, 174.0]",17.855920791625977,0.0,-37.2442626953125,0.000560760498046875,-79.71034240722656
1750930267.9556272,0.0,0.5,"[174.0, 185.0, 184.0, 159.0, 155.0, 153.0, 155.0, 179.0, 185.0, 174.0]",17.65504264831543,0.0,-36.9072265625,0.000560760498046875,-79.81558227539062
1750930267.9571693,0.0,0.5,"[174.0, 185.0, 184.0, 159.0, 155.0, 153.0, 155.0, 179.0, 185.0, 174.0]",17.879405975341797,0.0,-36.565887451171875,0.000560760498046875,-79.92218017578125
1750930267.9868252,0.0,0.5,"[174.0, 185.0, 184.0, 159.0, 155.0, 153.0, 155.0, 179.0, 185.0, 174.0]",17.722936630249023,0.0,-36.2275390625,0.000560760498046875,-80.02777099609375
1750930268.0040903,0.0,0.5,"[174.0, 185.0, 184.0, 159.0, 155.0, 153.0, 155.0, 179.0, 185.0, 174.0]",17.918920516967773,0.0,-35.885467529296875,0.000560760498046875,-80.13467407226562
1750930268.020808,0.0,0.5,"[174.0, 185.0, 184.0, 159.0, 155.0, 153.0, 155.0, 179.0, 185.0, 174.0]",17.76586151123047,0.0,-35.5462646484375,0.000560760498046875,-80.240478515625
1750930268.0378015,0.0,0.5,"[174.0, 185.0, 184.0, 159.0, 155.0, 153.0, 155.0, 179.0, 185.0, 174.0]",18.02107048034668,0.0,-35.20220947265625,0.000560760498046875,-80.34783935546875
1750930268.0540445,0.0,0.5,"[174.0, 185.0, 184.0, 159.0, 155.0, 153.0, 155.0, 179.0, 185.0, 174.0]",17.937707901000977,0.0,-34.859710693359375,0.000560760498046875,-80.45458984375
1750930268.097403,0.0,0.5,"[174.0, 185.0, 184.0, 159.0, 155.0, 153.0, 155.0, 179.0, 185.0, 174.0]",17.987579345703125,0.0,-34.516357421875,0.000560760498046875,-80.56199645996094
1750930268.1144834,0.0,0.5,"[174.0, 185.0, 184.0, 159.0, 155.0, 153.0, 155.0, 179.0, 185.0, 174.0]",18.05340003967285,0.0,-34.171661376953125,0.000560760498046875,-80.66943359375
1750930268.1317468,0.0,0.5,"[174.0, 185.0, 184.0, 159.0, 155.0, 153.0, 155.0, 179.0, 185.0, 174.0]",18.12883758544922,0.0,-33.825592041015625,0.000560760498046875,-80.77761840820312
1750930268.149112,0.0,0.5,"[174.0, 185.0, 184.0, 159.0, 155.0, 153.0, 155.0, 179.0, 185.0, 174.0]",18.09288215637207,0.0,-33.480133056640625,0.0005626678466796875,-80.8853759765625
1750930268.1672852,0.0,0.5,"[174.0, 185.0, 185.0, 159.0, 155.0, 153.0, 155.0, 179.0, 185.0, 174.0]",18.150348663330078,0.0,-33.133697509765625,0.0005626678466796875,-80.99378967285156
1750930268.1855521,0.0,0.5,"[174.0, 185.0, 184.0, 159.0, 155.0, 153.0, 155.0, 179.0, 185.0, 174.0]",18.198043823242188,0.0,-32.7862548828125,0.0005626678466796875,-81.10215759277344
1750930268.2032607,0.0,0.5,"[174.0, 185.0, 185.0, 159.0, 155.0, 153.0, 155.0, 179.0, 185.0, 174.0]",18.218429565429688,0.0,-32.4384765625,0.0005626678466796875,-81.21084594726562
1750930268.2201247,0.0,0.5,"[174.0, 185.0, 185.0, 159.0, 155.0, 153.0, 155.0, 179.0, 185.0, 174.0]",18.22715950012207,0.0,-32.0904541015625,0.0005626678466796875,-81.31935119628906
1750930268.2370856,0.0,0.5,"[174.0, 185.0, 185.0, 159.0, 155.0, 153.0, 155.0, 178.0, 185.0, 174.0]",18.333547592163086,0.0,-31.740478515625,0.0005626678466796875,-81.42877197265625
1750930268.266971,0.0,0.5,"[174.0, 185.0, 185.0, 159.0, 155.0, 153.0, 155.0, 178.0, 185.0, 174.0]",18.219318389892578,0.0,-31.392608642578125,0.0005626678466796875,-81.53720092773438
1750930268.2839386,0.0,0.5,"[174.0, 185.0, 185.0, 159.0, 155.0, 153.0, 155.0, 178.0, 185.0, 174.0]",18.41853141784668,0.0,-31.041015625,0.0005626678466796875,-81.64714050292969
1750930268.3009512,0.0,0.5,"[174.0, 185.0, 185.0, 159.0, 155.0, 153.0, 155.0, 178.0, 185.0, 174.0]",18.45885467529297,0.0,-30.68865966796875,0.0005626678466796875,-81.75726318359375
1750930268.317549,0.0,0.5,"[174.0, 185.0, 186.0, 159.0, 155.0, 153.0, 154.0, 178.0, 185.0, 174.0]",18.48029899597168,0.0,-30.33587646484375,0.0005626678466796875,-81.86753845214844
1750930268.334543,0.0,0.5,"[174.0, 185.0, 186.0, 159.0, 155.0, 153.0, 155.0, 178.0, 185.0, 174.0]",18.500768661499023,0.0,-29.982635498046875,0.0005626678466796875,-81.97770690917969
1750930268.377396,0.0,0.5,"[174.0, 185.0, 186.0, 159.0, 155.0, 153.0, 154.0, 178.0, 185.0, 174.0]",18.48089027404785,0.0,-29.629913330078125,0.0005645751953125,-82.088134765625
1750930268.3944478,0.0,0.5,"[174.0, 185.0, 186.0, 159.0, 155.0, 153.0, 154.0, 178.0, 185.0, 174.0]",18.463857650756836,0.0,-29.27734375,0.0005626678466796875,-82.197998046875
1750930268.3962097,0.0,0.5,"[174.0, 185.0, 186.0, 159.0, 155.0, 153.0, 154.0, 178.0, 185.0, 174.0]",18.561384201049805,0.0,-28.923065185546875,0.0005626678466796875,-82.30880737304688
1750930268.4380457,0.0,0.5,"[174.0, 185.0, 186.0, 159.0, 155.0, 153.0, 154.0, 178.0, 185.0, 174.0]",18.703691482543945,0.0,-28.56597900390625,0.0005645751953125,-82.4202880859375
1750930268.4549081,0.0,0.5,"[174.0, 185.0, 186.0, 159.0, 155.0, 153.0, 154.0, 178.0, 185.0, 174.0]",18.5789852142334,0.0,-28.2113037109375,0.0005645751953125,-82.53109741210938
1750930268.456711,0.0,0.5,"[174.0, 185.0, 186.0, 159.0, 155.0, 153.0, 154.0, 178.0, 185.0, 174.0]",18.74519920349121,0.0,-27.853363037109375,0.0005645751953125,-82.64260864257812
1750930268.4860904,0.0,0.5,"[174.0, 185.0, 186.0, 159.0, 155.0, 153.0, 154.0, 178.0, 185.0, 174.0]",18.61026954650879,0.0,-27.498046875,0.0005645751953125,-82.75344848632812
1750930268.5024793,0.0,0.5,"[174.0, 185.0, 186.0, 159.0, 155.0, 153.0, 154.0, 178.0, 185.0, 174.0]",18.893213272094727,0.0,-27.1373291015625,0.0005626678466796875,-82.86601257324219
1750930268.5189652,0.0,0.5,"[174.0, 185.0, 186.0, 160.0, 155.0, 153.0, 154.0, 178.0, 185.0, 174.0]",18.712173461914062,0.0,-26.7801513671875,0.0005626678466796875,-82.97769165039062
1750930268.5359428,0.0,0.5,"[174.0, 185.0, 186.0, 159.0, 155.0, 153.0, 154.0, 178.0, 185.0, 174.0]",18.849868774414062,0.0,-26.42022705078125,0.0005645751953125,-83.08984375
1750930268.5785525,0.0,0.5,"[174.0, 185.0, 186.0, 160.0, 154.0, 153.0, 154.0, 177.0, 185.0, 174.0]",18.80452537536621,0.0,-26.06121826171875,0.0005645751953125,-83.20188903808594
1750930268.5954163,0.0,0.5,"[174.0, 185.0, 186.0, 160.0, 154.0, 153.0, 154.0, 177.0, 185.0, 174.0]",19.055908203125,0.0,-25.697418212890625,0.0005645751953125,-83.31550598144531
1750930268.5970244,0.0,0.5,"[174.0, 185.0, 186.0, 160.0, 154.0, 153.0, 154.0, 177.0, 185.0, 174.0]",18.76457405090332,0.0,-25.3392333984375,0.0005645751953125,-83.427490234375
1750930268.6260645,0.0,0.5,"[174.0, 185.0, 186.0, 160.0, 154.0, 153.0, 154.0, 177.0, 185.0, 174.0]",19.036333084106445,0.0,-24.97576904296875,0.0005645751953125,-83.54086303710938
1750930268.6429796,0.0,0.5,"[174.0, 185.0, 186.0, 160.0, 154.0, 153.0, 154.0, 177.0, 185.0, 174.0]",19.00746726989746,0.0,-24.612884521484375,0.0005645751953125,-83.65409851074219
1750930268.6595926,0.0,0.5,"[174.0, 185.0, 186.0, 160.0, 154.0, 153.0, 154.0, 176.0, 185.0, 174.0]",19.070247650146484,0.0,-24.248809814453125,0.0005645751953125,-83.76776123046875
1750930268.6759737,0.0,0.5,"[174.0, 185.0, 186.0, 160.0, 154.0, 153.0, 154.0, 176.0, 185.0, 174.0]",19.001678466796875,0.0,-23.8861083984375,0.0005645751953125,-83.88119506835938
1750930268.7190216,0.0,0.5,"[174.0, 185.0, 186.0, 160.0, 154.0, 153.0, 154.0, 176.0, 185.0, 174.0]",19.226980209350586,0.0,-23.51904296875,0.0005645751953125,-83.99588012695312
1750930268.735849,0.0,0.5,"[174.0, 185.0, 187.0, 160.0, 154.0, 153.0, 154.0, 176.0, 185.0, 174.0]",19.096372604370117,0.0,-23.15447998046875,0.0005645751953125,-84.10971069335938
1750930268.7375662,0.0,0.5,"[174.0, 185.0, 187.0, 160.0, 154.0, 153.0, 154.0, 176.0, 185.0, 174.0]",19.29694175720215,0.0,-22.786102294921875,0.0005626678466796875,-84.22476196289062
1750930268.7670257,0.0,0.5,"[174.0, 185.0, 187.0, 160.0, 154.0, 153.0, 154.0, 176.0, 185.0, 174.0]",19.125415802001953,0.0,-22.4210205078125,0.0005626678466796875,-84.33895874023438
1750930268.7839105,0.0,0.5,"[174.0, 185.0, 187.0, 160.0, 154.0, 153.0, 154.0, 176.0, 185.0, 174.0]",19.31948471069336,0.0,-22.052154541015625,0.0005626678466796875,-84.45401000976562
1750930268.8008592,0.0,0.5,"[174.0, 185.0, 187.0, 160.0, 154.0, 153.0, 154.0, 176.0, 185.0, 174.0]",19.168418884277344,0.0,-21.68621826171875,0.0005626678466796875,-84.56828308105469
1750930268.818335,0.0,0.5,"[174.0, 185.0, 187.0, 160.0, 154.0, 153.0, 154.0, 176.0, 185.0, 174.0]",19.470571517944336,0.0,-21.31451416015625,0.0005626678466796875,-84.684326171875
1750930268.8350196,0.0,0.5,"[174.0, 185.0, 187.0, 160.0, 154.0, 153.0, 154.0, 176.0, 185.0, 174.0]",19.225460052490234,0.0,-20.947509765625,0.0005626678466796875,-84.79904174804688
1750930268.8770902,0.0,0.5,"[174.0, 185.0, 187.0, 160.0, 154.0, 153.0, 154.0, 176.0, 185.0, 174.0]",19.470712661743164,0.0,-20.575775146484375,0.0005626678466796875,-84.91502380371094
1750930268.8935087,0.0,0.5,"[174.0, 185.0, 187.0, 160.0, 154.0, 153.0, 154.0, 176.0, 185.0, 174.0]",19.323530197143555,0.0,-20.206878662109375,0.0005626678466796875,-85.03022766113281
1750930268.909711,0.0,0.5,"[174.0, 185.0, 187.0, 160.0, 154.0, 153.0, 154.0, 176.0, 185.0, 174.0]",19.5084171295166,0.0,-19.83441162109375,0.0005626678466796875,-85.146484375
1750930268.9258094,0.0,0.5,"[174.0, 185.0, 187.0, 160.0, 154.0, 153.0, 153.0, 176.0, 185.0, 174.0]",19.39809799194336,0.0,-19.46417236328125,0.0005626678466796875,-85.26235961914062
1750930268.9421163,0.0,0.5,"[174.0, 185.0, 187.0, 160.0, 154.0, 153.0, 153.0, 176.0, 185.0, 174.0]",19.598554611206055,0.0,-19.089996337890625,0.0005626678466796875,-85.37910461425781
1750930268.959459,0.0,0.5,"[174.0, 185.0, 187.0, 160.0, 154.0, 156.0, 153.0, 175.0, 185.0, 174.0]",19.572599411010742,0.0,-18.71630859375,0.0005626678466796875,-85.49575805664062
1750930268.976404,0.0,0.5,"[174.0, 185.0, 187.0, 160.0, 153.0, 156.0, 153.0, 175.0, 185.0, 174.0]",19.672672271728516,0.0,-18.3406982421875,0.0005626678466796875,-85.6129150390625
1750930269.007801,0.0,0.5,"[174.0, 185.0, 187.0, 160.0, 153.0, 152.0, 153.0, 175.0, 185.0, 174.0]",19.54823875427246,0.0,-17.967559814453125,0.0005626678466796875,-85.72958374023438
1750930269.0262134,0.0,0.5,"[174.0, 185.0, 187.0, 160.0, 153.0, 156.0, 153.0, 175.0, 185.0, 174.0]",19.695280075073242,0.0,-17.591522216796875,0.0005626678466796875,-85.84683227539062
1750930269.0438,0.0,0.5,"[174.0, 185.0, 187.0, 160.0, 153.0, 156.0, 153.0, 175.0, 185.0, 174.0]",19.66504669189453,0.0,-17.216094970703125,0.0005626678466796875,-85.96405029296875
1750930269.0622115,0.0,0.5,"[174.0, 185.0, 187.0, 160.0, 153.0, 156.0, 153.0, 175.0, 185.0, 174.0]",19.87872314453125,0.0,-16.836578369140625,0.0005626678466796875,-86.08255004882812
1750930269.080458,0.0,0.5,"[174.0, 185.0, 187.0, 160.0, 153.0, 156.0, 153.0, 175.0, 185.0, 174.0]",19.609785079956055,0.0,-16.462249755859375,0.0005626678466796875,-86.19960021972656
1750930269.0985932,0.0,0.5,"[174.0, 185.0, 187.0, 160.0, 153.0, 156.0, 153.0, 175.0, 185.0, 174.0]",19.79606056213379,0.0,-16.084320068359375,0.0005626678466796875,-86.31753540039062
1750930269.1158605,0.0,0.5,"[174.0, 185.0, 187.0, 160.0, 153.0, 156.0, 153.0, 175.0, 185.0, 174.0]",19.850378036499023,0.0,-15.705352783203125,0.0005626678466796875,-86.43592834472656
1750930269.1608913,0.0,0.5,"[174.0, 185.0, 187.0, 160.0, 153.0, 156.0, 153.0, 175.0, 185.0, 174.0]",19.99319076538086,0.0,-15.323699951171875,0.0005626678466796875,-86.55520629882812
1750930269.1780133,0.0,0.5,"[174.0, 185.0, 187.0, 160.0, 153.0, 156.0, 153.0, 175.0, 185.0, 174.0]",19.81130599975586,0.0,-14.945526123046875,0.0005626678466796875,-86.67340087890625
1750930269.180039,0.0,0.5,"[174.0, 185.0, 187.0, 160.0, 153.0, 156.0, 153.0, 175.0, 185.0, 174.0]",20.0095157623291,0.0,-14.56353759765625,0.0005626678466796875,-86.792724609375
1750930269.1962562,0.0,0.5,"[174.0, 185.0, 187.0, 160.0, 153.0, 156.0, 153.0, 175.0, 185.0, 174.0]",19.908273696899414,0.0,-14.18353271484375,0.0005645751953125,-86.91162109375
1750930269.2266715,0.0,0.5,"[174.0, 185.0, 187.0, 160.0, 153.0, 156.0, 153.0, 175.0, 185.0, 174.0]",20.05896759033203,0.0,-13.800567626953125,0.0005645751953125,-87.03109741210938
1750930269.2436516,0.0,0.5,"[174.0, 185.0, 188.0, 160.0, 153.0, 156.0, 153.0, 175.0, 185.0, 174.0]",19.90118980407715,0.0,-13.420654296875,0.0005645751953125,-87.14979553222656
1750930269.2606149,0.0,0.5,"[174.0, 185.0, 188.0, 160.0, 153.0, 156.0, 153.0, 175.0, 185.0, 174.0]",20.199466705322266,0.0,-13.0350341796875,0.0005645751953125,-87.27024841308594
1750930269.2780213,0.0,0.5,"[174.0, 185.0, 188.0, 160.0, 153.0, 156.0, 153.0, 175.0, 185.0, 174.0]",20.024883270263672,0.0,-12.652801513671875,0.0005645751953125,-87.3897705078125
1750930269.2959259,0.0,0.5,"[174.0, 185.0, 188.0, 160.0, 153.0, 156.0, 153.0, 175.0, 185.0, 174.0]",20.264925003051758,0.0,-12.265899658203125,0.0005626678466796875,-87.51054382324219
1750930269.3258688,0.0,0.5,"[174.0, 185.0, 188.0, 160.0, 153.0, 156.0, 153.0, 175.0, 185.0, 174.0]",20.053173065185547,0.0,-11.883087158203125,0.0005626678466796875,-87.63015747070312
1750930269.3429797,0.0,0.5,"[174.0, 185.0, 188.0, 160.0, 153.0, 156.0, 153.0, 175.0, 185.0, 174.0]",20.248197555541992,0.0,-11.49652099609375,0.0005626678466796875,-87.75079345703125
1750930269.3596177,0.0,0.5,"[174.0, 185.0, 189.0, 160.0, 152.0, 156.0, 153.0, 175.0, 185.0, 174.0]",20.165802001953125,0.0,-11.111572265625,0.0005626678466796875,-87.87118530273438
1750930269.375851,0.0,0.5,"[174.0, 185.0, 189.0, 160.0, 152.0, 156.0, 153.0, 175.0, 185.0, 174.0]",20.40034294128418,0.0,-10.722137451171875,0.0005626678466796875,-87.99282836914062
1750930269.4173465,0.0,0.0,"[174.0, 185.0, 189.0, 160.0, 152.0, 156.0, 153.0, 175.0, 185.0, 174.0]",20.206422805786133,0.0,-10.336395263671875,0.0005626678466796875,-88.11334228515625
1750930269.4336007,0.0,0.0,"[174.0, 185.0, 189.0, 160.0, 152.0, 156.0, 153.0, 175.0, 185.0, 174.0]",20.415672302246094,0.0,-9.946624755859375,0.0005626678466796875,-88.23504638671875
1750930269.450071,0.0,0.0,"[174.0, 185.0, 189.0, 160.0, 152.0, 156.0, 153.0, 175.0, 185.0, 174.0]",20.155174255371094,0.0,-9.561920166015625,0.0005626678466796875,-88.35540771484375
1750930269.465946,0.0,0.0,"[174.0, 185.0, 189.0, 160.0, 152.0, 156.0, 153.0, 175.0, 185.0, 174.0]",19.89509391784668,0.0,-9.182220458984375,0.0005626678466796875,-88.474365234375
1750930269.4821985,0.0,0.0,"[174.0, 185.0, 189.0, 160.0, 152.0, 155.0, 153.0, 175.0, 185.0, 174.0]",19.635414123535156,0.0,-8.8074951171875,0.0005626678466796875,-88.59185791015625
1750930269.498281,0.0,0.0,"[174.0, 185.0, 189.0, 160.0, 152.0, 155.0, 153.0, 175.0, 185.0, 174.0]",19.37615966796875,0.0,-8.437744140625,0.0005626678466796875,-88.7078857421875
1750930269.5147862,0.0,0.0,"[174.0, 185.0, 189.0, 160.0, 152.0, 155.0, 153.0, 175.0, 185.0, 174.0]",19.117290496826172,0.0,-8.07293701171875,0.0005626678466796875,-88.8223876953125
1750930269.5569446,0.0,0.0,"[174.0, 185.0, 189.0, 160.0, 152.0, 155.0, 153.0, 173.0, 185.0, 174.0]",18.85888671875,0.0,-7.713104248046875,0.0005626678466796875,-88.93536376953125
1750930269.573348,0.0,0.0,"[174.0, 185.0, 189.0, 160.0, 152.0, 155.0, 153.0, 173.0, 185.0, 174.0]",18.60088539123535,0.0,-7.358154296875,0.0005626678466796875,-89.04678344726562
1750930269.5897195,0.0,0.0,"[174.0, 185.0, 189.0, 160.0, 152.0, 155.0, 153.0, 173.0, 185.0, 174.0]",18.3432674407959,0.0,-7.00811767578125,0.0005645751953125,-89.15667724609375
1750930269.6062307,0.0,0.0,"[174.0, 185.0, 189.0, 160.0, 152.0, 155.0, 153.0, 173.0, 185.0, 174.0]",18.086084365844727,0.0,-6.66302490234375,0.0005645751953125,-89.26504516601562
1750930269.6223993,0.0,0.0,"[174.0, 185.0, 189.0, 160.0, 151.0, 155.0, 153.0, 173.0, 185.0, 174.0]",17.829299926757812,0.0,-6.32281494140625,0.0005645751953125,-89.37185668945312
1750930269.6384544,0.0,0.0,"[174.0, 185.0, 189.0, 160.0, 151.0, 155.0, 153.0, 173.0, 185.0, 174.0]",17.572948455810547,0.0,-5.98748779296875,0.0005645751953125,-89.47712707519531
1750930269.654461,0.0,0.0,"[174.0, 185.0, 189.0, 160.0, 151.0, 155.0, 153.0, 173.0, 185.0, 174.0]",17.3170166015625,0.0,-5.65704345703125,0.0005645751953125,-89.58087158203125
1750930269.696044,0.0,0.0,"[174.0, 185.0, 189.0, 160.0, 151.0, 155.0, 153.0, 173.0, 185.0, 174.0]",17.06145477294922,0.0,-5.33148193359375,0.0005664825439453125,-89.68309020996094
1750930269.7136095,0.0,0.0,"[174.0, 185.0, 189.0, 160.0, 151.0, 155.0, 152.0, 173.0, 185.0, 174.0]",16.806337356567383,0.0,-5.01080322265625,0.0005664825439453125,-89.78378295898438
1750930269.730704,0.0,0.0,"[174.0, 185.0, 189.0, 160.0, 151.0, 155.0, 152.0, 173.0, 185.0, 174.0]",16.55157470703125,0.0,-4.694976806640625,0.0005664825439453125,-89.8829345703125
1750930269.7484913,0.0,0.0,"[174.0, 185.0, 189.0, 160.0, 151.0, 155.0, 152.0, 173.0, 185.0, 174.0]",16.297279357910156,0.0,-4.384002685546875,0.0005664825439453125,-89.98057556152344
1750930269.7661107,0.0,0.0,"[174.0, 185.0, 189.0, 160.0, 151.0, 155.0, 152.0, 173.0, 185.0, 174.0]",16.043378829956055,0.0,-4.077850341796875,0.0005664825439453125,-90.07669067382812
1750930269.7825913,0.0,0.0,"[174.0, 185.0, 189.0, 160.0, 151.0, 155.0, 152.0, 173.0, 185.0, 174.0]",15.789849281311035,0.0,-3.77655029296875,0.000568389892578125,-90.17129516601562
1750930269.7986567,0.0,0.0,"[174.0, 185.0, 189.0, 160.0, 151.0, 155.0, 152.0, 173.0, 185.0, 174.0]",15.536789894104004,0.0,-3.4801025390625,0.000568389892578125,-90.26437377929688
1750930269.8154464,0.0,0.0,"[174.0, 185.0, 189.0, 160.0, 151.0, 155.0, 152.0, 173.0, 185.0, 174.0]",15.284077644348145,0.0,-3.188446044921875,0.000568389892578125,-90.35592651367188
1750930269.8574045,0.0,0.0,"[174.0, 185.0, 189.0, 160.0, 151.0, 155.0, 152.0, 173.0, 185.0, 174.0]",15.031789779663086,0.0,-2.901611328125,0.000568389892578125,-90.44598388671875
1750930269.87443,0.0,0.0,"[174.0, 185.0, 189.0, 160.0, 151.0, 155.0, 152.0, 173.0, 185.0, 174.0]",14.779913902282715,0.0,-2.619598388671875,0.000568389892578125,-90.5345458984375
1750930269.8764567,0.0,0.0,"[174.0, 185.0, 189.0, 160.0, 151.0, 155.0, 152.0, 173.0, 185.0, 174.0]",14.528440475463867,0.0,-2.342376708984375,0.0005664825439453125,-90.62158203125
1750930269.9074545,0.0,0.0,"[174.0, 185.0, 189.0, 160.0, 150.0, 155.0, 152.0, 173.0, 185.0, 174.0]",14.277359962463379,0.0,-2.0699462890625,0.0005664825439453125,-90.70712280273438
1750930269.9243462,0.0,0.0,"[174.0, 185.0, 188.0, 160.0, 150.0, 155.0, 152.0, 173.0, 185.0, 174.0]",14.026679992675781,0.0,-1.802276611328125,0.0005664825439453125,-90.79115295410156
1750930269.9413996,0.0,0.0,"[174.0, 185.0, 188.0, 160.0, 150.0, 154.0, 152.0, 173.0, 185.0, 174.0]",13.776365280151367,0.0,-1.539398193359375,0.0005664825439453125,-90.87368774414062
1750930269.9584715,0.0,0.0,"[174.0, 185.0, 188.0, 160.0, 150.0, 154.0, 152.0, 173.0, 185.0, 174.0]",13.526516914367676,0.0,-1.28131103515625,0.0005664825439453125,-90.95472717285156
1750930269.9750957,0.0,0.0,"[174.0, 185.0, 188.0, 160.0, 150.0, 154.0, 152.0, 173.0, 185.0, 174.0]",13.277039527893066,0.0,-1.0279541015625,0.0005664825439453125,-91.03427124023438
1750930270.0175312,0.0,0.5,"[174.0, 185.0, 188.0, 160.0, 150.0, 154.0, 152.0, 173.0, 185.0, 174.0]",13.027952194213867,0.0,-0.77935791015625,0.0005664825439453125,-91.11231994628906
1750930270.0338728,0.0,0.5,"[174.0, 185.0, 188.0, 160.0, 150.0, 154.0, 152.0, 173.0, 185.0, 174.0]",12.779263496398926,0.0,-0.5355224609375,0.0005664825439453125,-91.18887329101562
1750930270.03557,0.0,0.5,"[174.0, 185.0, 188.0, 160.0, 150.0, 154.0, 152.0, 173.0, 185.0, 174.0]",12.943897247314453,0.0,-0.28851318359375,0.0005664825439453125,-91.26641845703125
1750930270.076531,0.0,0.5,"[174.0, 185.0, 188.0, 160.0, 150.0, 154.0, 152.0, 173.0, 185.0, 174.0]",12.560401916503906,0.0,-0.048858642578125,0.0005664825439453125,-91.3416748046875
1750930270.0929403,0.0,0.5,"[174.0, 185.0, 188.0, 160.0, 150.0, 154.0, 152.0, 173.0, 185.0, 174.0]",12.898202896118164,0.0,0.197265625,0.0005664825439453125,-91.4189453125
1750930270.1089425,0.0,0.5,"[174.0, 185.0, 188.0, 159.0, 150.0, 154.0, 152.0, 173.0, 185.0, 174.0]",13.00545597076416,0.0,0.4454345703125,0.0005664825439453125,-91.49685668945312
1750930270.1249087,0.0,0.5,"[174.0, 185.0, 188.0, 159.0, 150.0, 154.0, 152.0, 173.0, 185.0, 174.0]",13.077406883239746,0.0,0.694976806640625,0.0005664825439453125,-91.57521057128906
1750930270.1414585,0.0,0.0,"[174.0, 185.0, 188.0, 159.0, 150.0, 154.0, 152.0, 173.0, 185.0, 174.0]",12.965568542480469,0.0,0.9423828125,0.0005664825439453125,-91.65289306640625
1750930270.1582046,0.0,0.0,"[174.0, 185.0, 188.0, 159.0, 150.0, 154.0, 152.0, 173.0, 185.0, 174.0]",12.888455390930176,0.0,1.18829345703125,0.0005664825439453125,-91.7301025390625
1750930270.1743333,0.0,0.0,"[174.0, 185.0, 187.0, 159.0, 150.0, 154.0, 152.0, 173.0, 185.0, 174.0]",12.639989852905273,0.0,1.42950439453125,0.0005664825439453125,-91.80583190917969
1750930270.216752,0.0,0.0,"[174.0, 185.0, 187.0, 159.0, 149.0, 154.0, 152.0, 173.0, 185.0, 174.0]",12.391921043395996,0.0,1.66595458984375,0.0005664825439453125,-91.88006591796875
1750930270.2335858,0.0,0.0,"[174.0, 185.0, 187.0, 159.0, 149.0, 154.0, 152.0, 173.0, 185.0, 174.0]",12.144278526306152,0.0,1.897674560546875,0.0005664825439453125,-91.95281982421875
1750930270.2501655,0.0,0.0,"[174.0, 185.0, 187.0, 159.0, 149.0, 154.0, 152.0, 173.0, 185.0, 174.0]",11.897003173828125,0.0,2.12469482421875,0.0005664825439453125,-92.02410888671875
1750930270.2667694,0.0,0.0,"[174.0, 185.0, 187.0, 159.0, 149.0, 154.0, 152.0, 173.0, 185.0, 174.0]",11.650132179260254,0.0,2.347015380859375,0.0005664825439453125,-92.09390258789062
1750930270.283578,0.0,0.5,"[174.0, 185.0, 187.0, 159.0, 149.0, 154.0, 152.0, 173.0, 185.0, 174.0]",11.403664588928223,0.0,2.564605712890625,0.0005645751953125,-92.16221618652344
1750930270.2998836,0.0,0.5,"[174.0, 185.0, 187.0, 159.0, 149.0, 154.0, 152.0, 173.0, 185.0, 174.0]",11.157562255859375,0.0,2.777496337890625,0.0005664825439453125,-92.22906494140625
1750930270.3162107,0.0,0.5,"[174.0, 185.0, 187.0, 159.0, 149.0, 154.0, 152.0, 172.0, 185.0, 174.0]",11.480585098266602,0.0,2.99658203125,0.0005664825439453125,-92.29783630371094
1750930270.3589272,0.0,0.5,"[174.0, 185.0, 187.0, 159.0, 149.0, 154.0, 152.0, 172.0, 185.0, 174.0]",11.233207702636719,0.0,3.2109375,0.0005664825439453125,-92.36514282226562
1750930270.376676,0.0,0.5,"[174.0, 185.0, 187.0, 159.0, 149.0, 154.0, 152.0, 172.0, 185.0, 174.0]",11.598342895507812,0.0,3.4322509765625,0.0005664825439453125,-92.43463134765625
1750930270.3787386,0.0,0.5,"[174.0, 185.0, 187.0, 159.0, 149.0, 154.0, 152.0, 172.0, 185.0, 174.0]",11.351988792419434,0.0,3.64886474609375,0.0005664825439453125,-92.50262451171875
1750930270.3973117,0.0,0.5,"[174.0, 185.0, 187.0, 159.0, 149.0, 154.0, 152.0, 172.0, 185.0, 174.0]",11.652521133422852,0.0,3.8712158203125,0.0005664825439453125,-92.57244873046875
1750930270.4165225,0.0,0.5,"[174.0, 185.0, 187.0, 159.0, 149.0, 154.0, 152.0, 172.0, 185.0, 174.0]",11.324708938598633,0.0,4.087310791015625,0.0005645751953125,-92.64028930664062
1750930270.44974,0.0,0.5,"[174.0, 185.0, 187.0, 159.0, 149.0, 153.0, 152.0, 172.0, 185.0, 174.0]",11.623038291931152,0.0,4.30908203125,0.0005645751953125,-92.70993041992188
1750930270.4691246,0.0,0.5,"[174.0, 185.0, 187.0, 159.0, 149.0, 153.0, 152.0, 172.0, 185.0, 174.0]",11.610610008239746,0.0,4.5306396484375,0.0005645751953125,-92.77947998046875
1750930270.4877925,0.0,0.5,"[174.0, 185.0, 187.0, 159.0, 148.0, 153.0, 152.0, 172.0, 185.0, 174.0]",11.649384498596191,0.0,4.7529296875,0.0005645751953125,-92.84927368164062
1750930270.5062258,0.0,0.5,"[174.0, 185.0, 187.0, 158.0, 148.0, 153.0, 152.0, 172.0, 185.0, 174.0]",11.700743675231934,0.0,4.9761962890625,0.0005645751953125,-92.91940307617188
1750930270.523611,0.0,0.5,"[174.0, 185.0, 187.0, 158.0, 148.0, 153.0, 153.0, 172.0, 185.0, 174.0]",11.704750061035156,0.0,5.19952392578125,0.0005645751953125,-92.98956298828125
1750930270.5414348,0.0,0.5,"[174.0, 185.0, 187.0, 158.0, 148.0, 153.0, 154.0, 172.0, 185.0, 174.0]",11.479206085205078,0.0,5.418609619140625,0.0005645751953125,-93.05816650390625
1750930270.5584927,0.0,0.5,"[174.0, 185.0, 187.0, 158.0, 148.0, 153.0, 154.0, 172.0, 185.0, 174.0]",11.82308578491211,0.0,5.644195556640625,0.0005645751953125,-93.12899780273438
1750930270.5753505,0.0,0.5,"[174.0, 185.0, 187.0, 158.0, 148.0, 153.0, 155.0, 172.0, 185.0, 174.0]",11.88056755065918,0.0,5.87091064453125,0.0005645751953125,-93.2001953125
1750930270.6170864,0.0,0.5,"[174.0, 185.0, 187.0, 158.0, 148.0, 153.0, 156.0, 172.0, 185.0, 174.0]",11.925570487976074,0.0,6.098419189453125,0.0005645751953125,-93.27174377441406
1750930270.6339521,0.0,0.5,"[174.0, 185.0, 187.0, 158.0, 148.0, 153.0, 156.0, 172.0, 185.0, 174.0]",12.126113891601562,0.0,6.32977294921875,0.0005645751953125,-93.34451293945312
1750930270.651628,0.0,0.5,"[174.0, 185.0, 187.0, 157.0, 148.0, 153.0, 156.0, 172.0, 185.0, 174.0]",11.955987930297852,0.0,6.557952880859375,0.0005645751953125,-93.41607666015625
1750930270.6702385,0.0,0.5,"[174.0, 185.0, 187.0, 156.0, 148.0, 153.0, 158.0, 172.0, 185.0, 174.0]",12.05987548828125,0.0,6.787994384765625,0.0005645751953125,-93.488525390625
1750930270.688774,0.0,0.5,"[174.0, 185.0, 187.0, 156.0, 148.0, 153.0, 158.0, 172.0, 185.0, 174.0]",12.034780502319336,0.0,7.01763916015625,0.0005645751953125,-93.56060791015625
1750930270.7066448,0.0,0.5,"[174.0, 185.0, 187.0, 156.0, 148.0, 153.0, 158.0, 172.0, 185.0, 174.0]",12.068670272827148,0.0,7.247955322265625,0.0005645751953125,-93.63288879394531
1750930270.723865,0.0,0.5,"[174.0, 185.0, 187.0, 156.0, 147.0, 153.0, 159.0, 172.0, 185.0, 174.0]",12.440561294555664,0.0,7.4853515625,0.0005645751953125,-93.70736694335938
1750930270.7414234,0.0,0.5,"[174.0, 185.0, 187.0, 156.0, 147.0, 153.0, 160.0, 172.0, 185.0, 174.0]",12.165157318115234,0.0,7.71746826171875,0.0005645751953125,-93.7802734375
1750930270.7585092,0.0,0.5,"[174.0, 185.0, 187.0, 156.0, 147.0, 153.0, 160.0, 172.0, 185.0, 174.0]",12.432960510253906,0.0,7.954681396484375,0.0005645751953125,-93.85482788085938
1750930270.7752912,0.0,0.5,"[174.0, 185.0, 187.0, 156.0, 147.0, 153.0, 160.0, 172.0, 185.0, 174.0]",12.012072563171387,0.0,8.18389892578125,0.0005645751953125,-93.92681884765625
1750930270.8185952,0.0,0.5,"[174.0, 185.0, 187.0, 155.0, 147.0, 153.0, 160.0, 172.0, 185.0, 174.0]",12.343295097351074,0.0,8.419403076171875,0.0005645751953125,-94.00080871582031
1750930270.8358893,0.0,0.5,"[174.0, 185.0, 187.0, 155.0, 147.0, 153.0, 161.0, 172.0, 185.0, 174.0]",12.487410545349121,0.0,8.65765380859375,0.0005645751953125,-94.07568359375
1750930270.8375552,0.0,0.5,"[174.0, 185.0, 187.0, 155.0, 147.0, 153.0, 161.0, 172.0, 185.0, 174.0]",12.35392951965332,0.0,8.8934326171875,0.0005645751953125,-94.1495361328125
1750930270.8676627,-1.0,0.5,"[174.0, 185.0, 187.0, 155.0, 147.0, 152.0, 162.0, 172.0, 185.0, 174.0]",12.664847373962402,0.0,9.13507080078125,0.0005645751953125,-94.22550964355469
1750930270.885236,-1.0,0.5,"[174.0, 185.0, 188.0, 155.0, 147.0, 152.0, 160.0, 170.0, 185.0, 174.0]",12.180830001831055,-0.5,9.37213134765625,0.0005645751953125,-94.28173828125
1750930270.9018264,0.0,0.5,"[174.0, 185.0, 189.0, 156.0, 148.0, 152.0, 158.0, 169.0, 185.0, 174.0]",12.07576847076416,-0.5,9.61102294921875,0.0005645751953125,-94.31721496582031
1750930270.9177485,0.0,0.0,"[174.0, 185.0, 190.0, 156.0, 148.0, 152.0, 158.0, 167.0, 185.0, 174.0]",12.043305397033691,0.0,9.84674072265625,0.0005645751953125,-94.36666870117188
1750930270.9335687,0.0,0.0,"[174.0, 185.0, 190.0, 156.0, 148.0, 152.0, 158.0, 167.0, 185.0, 174.0]",12.241033554077148,0.0,10.08331298828125,0.0005645751953125,-94.42974853515625
1750930270.9749506,0.0,0.0,"[174.0, 185.0, 190.0, 156.0, 148.0, 152.0, 158.0, 167.0, 185.0, 174.0]",11.993586540222168,0.0,10.31500244140625,0.0005645751953125,-94.49188232421875
1750930270.9908435,0.0,0.0,"[174.0, 185.0, 190.0, 156.0, 148.0, 152.0, 158.0, 167.0, 185.0, 174.0]",11.746551513671875,0.0,10.541900634765625,0.0005645751953125,-94.55279541015625
1750930271.0066614,0.0,0.0,"[174.0, 185.0, 189.0, 156.0, 148.0, 152.0, 158.0, 167.0, 185.0, 174.0]",11.499902725219727,0.0,10.7640380859375,0.0005645751953125,-94.61239624023438
1750930271.0228326,0.0,0.0,"[174.0, 185.0, 189.0, 155.0, 148.0, 152.0, 159.0, 167.0, 185.0, 174.0]",11.253686904907227,0.0,10.981414794921875,0.0005645751953125,-94.67074584960938
1750930271.038824,0.0,0.0,"[174.0, 185.0, 189.0, 155.0, 148.0, 152.0, 159.0, 167.0, 185.0, 174.0]",11.007853507995605,0.0,11.19403076171875,0.0005664825439453125,-94.72781372070312
1750930271.0548925,0.0,0.0,"[174.0, 185.0, 189.0, 155.0, 148.0, 152.0, 159.0, 167.0, 185.0, 174.0]",10.762414932250977,0.0,11.40191650390625,0.0005645751953125,-94.78359985351562
1750930271.0953927,-1.0,0.5,"[174.0, 185.0, 189.0, 155.0, 147.0, 152.0, 160.0, 167.0, 185.0, 174.0]",10.517339706420898,0.0,11.605072021484375,0.0005664825439453125,-94.838134765625
1750930271.1108198,-1.0,0.5,"[174.0, 185.0, 189.0, 155.0, 148.0, 152.0, 158.0, 165.0, 185.0, 174.0]",9.991233825683594,-0.5,11.801849365234375,0.0005664825439453125,-94.87290954589844
1750930271.125637,-1.0,0.5,"[174.0, 185.0, 189.0, 156.0, 150.0, 151.0, 156.0, 163.0, 185.0, 174.0]",10.172657012939453,-0.5,12.00457763671875,0.0005664825439453125,-94.89004516601562
1750930271.1412225,-1.0,0.5,"[174.0, 185.0, 190.0, 158.0, 150.0, 151.0, 154.0, 161.0, 185.0, 174.0]",9.908507347106934,-0.5,12.202484130859375,0.0005664825439453125,-94.90078735351562
1750930271.1567805,0.0,0.5,"[174.0, 185.0, 192.0, 158.0, 150.0, 151.0, 151.0, 158.0, 185.0, 174.0]",10.195337295532227,-0.5,12.40625,0.0005664825439453125,-94.90765380859375
1750930271.1834497,0.0,0.5,"[174.0, 185.0, 192.0, 159.0, 150.0, 151.0, 151.0, 158.0, 185.0, 174.0]",9.779946327209473,0.0,12.60052490234375,0.000568389892578125,-94.93045043945312
1750930271.199182,0.0,0.5,"[174.0, 185.0, 192.0, 158.0, 150.0, 151.0, 151.0, 158.0, 185.0, 174.0]",10.043601989746094,0.0,12.797607421875,0.000568389892578125,-94.9693603515625
1750930271.213974,0.0,0.5,"[174.0, 185.0, 192.0, 158.0, 150.0, 151.0, 151.0, 158.0, 185.0, 174.0]",9.989171981811523,0.0,12.99407958984375,0.000568389892578125,-95.00558471679688
1750930271.2520673,0.0,0.5,"[174.0, 185.0, 190.0, 158.0, 150.0, 151.0, 152.0, 158.0, 185.0, 174.0]",10.197760581970215,0.0,13.194610595703125,0.000568389892578125,-95.04263305664062
1750930271.267231,0.0,0.5,"[174.0, 185.0, 190.0, 158.0, 150.0, 151.0, 152.0, 159.0, 185.0, 174.0]",10.266268730163574,0.0,13.396484375,0.000568389892578125,-95.08023071289062
1750930271.2821236,0.0,0.5,"[174.0, 185.0, 190.0, 158.0, 150.0, 151.0, 152.0, 159.0, 185.0, 174.0]",10.251890182495117,0.0,13.59808349609375,0.000568389892578125,-95.11761474609375
1750930271.297032,-1.0,0.5,"[174.0, 185.0, 190.0, 158.0, 150.0, 151.0, 152.0, 159.0, 185.0, 174.0]",10.205986976623535,0.0,13.79876708984375,0.000568389892578125,-95.1549072265625
1750930271.323325,-1.0,0.5,"[174.0, 185.0, 190.0, 158.0, 151.0, 151.0, 151.0, 159.0, 185.0, 174.0]",9.92259407043457,-0.5,13.99627685546875,0.000568389892578125,-95.17434692382812
1750930271.3384373,0.0,0.5,"[174.0, 185.0, 192.0, 159.0, 151.0, 150.0, 148.0, 156.0, 185.0, 174.0]",9.880207061767578,-0.5,14.193878173828125,0.0005664825439453125,-95.17520141601562
1750930271.3532543,0.0,0.5,"[174.0, 185.0, 192.0, 159.0, 151.0, 150.0, 148.0, 155.0, 185.0, 174.0]",9.959477424621582,0.0,14.392364501953125,0.0005664825439453125,-95.19186401367188
1750930271.390871,0.0,0.5,"[174.0, 185.0, 192.0, 159.0, 151.0, 150.0, 148.0, 156.0, 185.0, 174.0]",9.919447898864746,0.0,14.58831787109375,0.0005664825439453125,-95.22271728515625
1750930271.406349,0.0,0.5,"[174.0, 185.0, 192.0, 159.0, 151.0, 150.0, 148.0, 156.0, 185.0, 174.0]",9.994609832763672,0.0,14.786102294921875,0.0005664825439453125,-95.2518310546875
1750930271.4217608,0.0,0.5,"[174.0, 185.0, 192.0, 159.0, 151.0, 150.0, 148.0, 156.0, 185.0, 174.0]",10.062713623046875,0.0,14.985198974609375,0.0005645751953125,-95.28115844726562
1750930271.43773,0.0,0.5,"[174.0, 185.0, 192.0, 159.0, 151.0, 150.0, 148.0, 156.0, 185.0, 174.0]",10.029219627380371,0.0,15.183624267578125,0.0005645751953125,-95.31060791015625
1750930271.453061,0.0,0.5,"[174.0, 185.0, 192.0, 159.0, 151.0, 150.0, 148.0, 158.0, 185.0, 174.0]",10.05723762512207,0.0,15.382537841796875,0.0005645751953125,-95.34031677246094
1750930271.4923224,0.0,0.5,"[174.0, 185.0, 192.0, 159.0, 151.0, 150.0, 148.0, 158.0, 185.0, 174.0]",10.198150634765625,0.0,15.58428955078125,0.0005645751953125,-95.37026977539062
1750930271.5078754,0.0,0.5,"[174.0, 185.0, 192.0, 159.0, 151.0, 150.0, 149.0, 158.0, 185.0, 174.0]",10.024003982543945,0.0,15.782684326171875,0.0005645751953125,-95.39926147460938
1750930271.5230489,0.0,0.5,"[174.0, 185.0, 190.0, 159.0, 151.0, 150.0, 149.0, 158.0, 185.0, 174.0]",10.304511070251465,0.0,15.986572265625,0.0005645751953125,-95.4293212890625
1750930271.5386412,0.0,0.5,"[174.0, 185.0, 190.0, 159.0, 151.0, 150.0, 149.0, 158.0, 185.0, 174.0]",10.147419929504395,0.0,16.187347412109375,0.0005645751953125,-95.45895385742188
1750930271.5539412,0.0,0.5,"[174.0, 185.0, 190.0, 159.0, 150.0, 150.0, 149.0, 159.0, 185.0, 174.0]",10.299403190612793,0.0,16.39105224609375,0.0005645751953125,-95.48936462402344
1750930271.591706,0.0,0.0,"[174.0, 185.0, 190.0, 159.0, 150.0, 149.0, 149.0, 159.0, 185.0, 174.0]",10.308879852294922,0.0,16.59503173828125,0.0005645751953125,-95.51943969726562
1750930271.606828,0.0,0.0,"[174.0, 185.0, 190.0, 159.0, 150.0, 149.0, 150.0, 159.0, 185.0, 174.0]",10.353034973144531,0.0,16.799896240234375,0.0005645751953125,-95.54960632324219
1750930271.6222725,0.0,0.0,"[174.0, 185.0, 190.0, 159.0, 150.0, 149.0, 150.0, 159.0, 185.0, 174.0]",10.10862922668457,0.0,16.9998779296875,0.0005645751953125,-95.57931518554688
1750930271.6379108,0.0,0.0,"[174.0, 185.0, 190.0, 158.0, 150.0, 149.0, 151.0, 160.0, 185.0, 174.0]",9.864639282226562,0.0,17.195037841796875,0.0005645751953125,-95.60824584960938
1750930271.6530054,0.0,0.0,"[174.0, 185.0, 190.0, 158.0, 150.0, 149.0, 151.0, 160.0, 185.0, 174.0]",9.621028900146484,0.0,17.3853759765625,0.0005645751953125,-95.636474609375
1750930271.6902678,0.0,0.5,"[174.0, 185.0, 190.0, 158.0, 150.0, 149.0, 151.0, 161.0, 185.0, 174.0]",9.3778076171875,0.0,17.570892333984375,0.0005645751953125,-95.66398620605469
1750930271.705412,0.0,0.5,"[174.0, 185.0, 190.0, 158.0, 150.0, 149.0, 151.0, 161.0, 185.0, 174.0]",9.134937286376953,0.0,17.751617431640625,0.0005645751953125,-95.6907958984375
1750930271.720551,0.0,0.5,"[174.0, 185.0, 190.0, 158.0, 150.0, 149.0, 151.0, 161.0, 185.0, 174.0]",9.572032928466797,0.0,17.94097900390625,0.0005664825439453125,-95.7188720703125
1750930271.7348595,0.0,0.5,"[174.0, 185.0, 190.0, 158.0, 150.0, 149.0, 151.0, 162.0, 185.0, 174.0]",9.328874588012695,0.0,18.12554931640625,0.0005664825439453125,-95.74624633789062
1750930271.7727098,0.0,0.5,"[174.0, 185.0, 189.0, 158.0, 150.0, 149.0, 152.0, 162.0, 185.0, 174.0]",9.43615436553955,0.0,18.312225341796875,0.0005664825439453125,-95.77392578125
1750930271.7881706,0.0,0.5,"[174.0, 185.0, 189.0, 158.0, 150.0, 149.0, 152.0, 162.0, 185.0, 174.0]",9.149320602416992,0.0,18.49322509765625,0.0005664825439453125,-95.80076599121094
1750930271.8032591,0.0,0.5,"[174.0, 185.0, 189.0, 158.0, 150.0, 149.0, 152.0, 162.0, 185.0, 174.0]",9.470797538757324,0.0,18.68060302734375,0.000568389892578125,-95.82855224609375
1750930271.818455,0.0,0.5,"[174.0, 185.0, 189.0, 158.0, 150.0, 149.0, 152.0, 162.0, 185.0, 174.0]",9.513520240783691,0.0,18.868804931640625,0.0005664825439453125,-95.85647583007812
1750930271.833051,-1.0,0.5,"[174.0, 185.0, 189.0, 158.0, 149.0, 148.0, 152.0, 163.0, 185.0, 174.0]",9.58863639831543,0.0,19.058502197265625,0.0005664825439453125,-95.88461303710938
1750930271.8715377,-1.0,0.5,"[174.0, 185.0, 189.0, 158.0, 149.0, 148.0, 151.0, 162.0, 185.0, 174.0]",9.30168628692627,-0.5,19.244140625,0.0005664825439453125,-95.89680480957031
1750930271.886893,0.0,0.5,"[174.0, 185.0, 190.0, 159.0, 149.0, 148.0, 148.0, 159.0, 185.0, 174.0]",9.121313095092773,-0.5,19.426483154296875,0.0005664825439453125,-95.890869140625
1750930271.9025645,0.0,0.5,"[174.0, 185.0, 190.0, 159.0, 149.0, 148.0, 148.0, 159.0, 185.0, 174.0]",9.404524803161621,0.0,19.6143798828125,0.000568389892578125,-95.89936828613281
1750930271.9176204,0.0,0.5,"[174.0, 185.0, 190.0, 159.0, 149.0, 148.0, 148.0, 159.0, 185.0, 174.0]",9.202138900756836,0.0,19.796722412109375,0.0005664825439453125,-95.9241943359375
1750930271.9446037,0.0,0.5,"[174.0, 185.0, 190.0, 159.0, 149.0, 148.0, 148.0, 159.0, 185.0, 174.0]",9.408149719238281,0.0,19.983795166015625,0.0005664825439453125,-95.94448852539062
1750930271.959723,0.0,0.5,"[174.0, 185.0, 190.0, 159.0, 149.0, 148.0, 148.0, 159.0, 185.0, 174.0]",9.35048770904541,0.0,20.169586181640625,0.0005664825439453125,-95.96578979492188
1750930271.9748678,0.0,0.5,"[174.0, 185.0, 190.0, 159.0, 149.0, 148.0, 148.0, 159.0, 185.0, 174.0]",9.443405151367188,0.0,20.357208251953125,0.000568389892578125,-95.98736572265625
1750930272.012964,0.0,0.5,"[174.0, 185.0, 190.0, 159.0, 149.0, 148.0, 149.0, 160.0, 185.0, 174.0]",9.434306144714355,0.0,20.544708251953125,0.000568389892578125,-96.00859069824219
1750930272.0278747,0.0,0.5,"[174.0, 185.0, 190.0, 159.0, 149.0, 147.0, 150.0, 160.0, 185.0, 174.0]",9.548077583312988,0.0,20.73443603515625,0.000568389892578125,-96.03024291992188
1750930272.0429142,0.0,0.5,"[174.0, 185.0, 190.0, 159.0, 149.0, 147.0, 150.0, 160.0, 185.0, 174.0]",9.351982116699219,0.0,20.920257568359375,0.000568389892578125,-96.05165100097656
1750930272.0578701,0.0,0.5,"[174.0, 185.0, 190.0, 159.0, 148.0, 147.0, 152.0, 161.0, 185.0, 174.0]",9.659219741821289,0.0,21.112213134765625,0.000568389892578125,-96.07327270507812
1750930272.0728786,0.0,0.5,"[174.0, 185.0, 190.0, 159.0, 148.0, 147.0, 152.0, 161.0, 185.0, 174.0]",9.743820190429688,0.0,21.30584716796875,0.000568389892578125,-96.09524536132812
1750930272.1111102,0.0,0.5,"[174.0, 185.0, 190.0, 159.0, 148.0, 147.0, 153.0, 161.0, 185.0, 174.0]",9.80585765838623,0.0,21.500640869140625,0.000568389892578125,-96.11790466308594
1750930272.126091,0.0,0.5,"[174.0, 185.0, 189.0, 159.0, 148.0, 147.0, 154.0, 162.0, 185.0, 174.0]",9.870771408081055,0.0,21.69683837890625,0.000568389892578125,-96.13980102539062
1750930272.1412063,0.0,0.5,"[174.0, 185.0, 189.0, 159.0, 148.0, 147.0, 154.0, 161.0, 185.0, 174.0]",9.804805755615234,0.0,21.891632080078125,0.0005664825439453125,-96.16258239746094
1750930272.155994,0.0,0.5,"[174.0, 185.0, 189.0, 159.0, 148.0, 147.0, 156.0, 162.0, 185.0, 174.0]",9.762675285339355,0.0,22.085662841796875,0.0005664825439453125,-96.18426513671875
1750930272.1938722,0.0,0.5,"[174.0, 185.0, 189.0, 163.0, 148.0, 147.0, 156.0, 162.0, 185.0, 174.0]",9.971742630004883,0.0,22.28375244140625,0.0005664825439453125,-96.2073974609375
1750930272.208996,-1.0,0.5,"[174.0, 185.0, 189.0, 163.0, 148.0, 147.0, 156.0, 162.0, 185.0, 174.0]",10.020783424377441,0.0,22.482879638671875,0.0005645751953125,-96.22998046875
1750930272.2239153,-1.0,0.5,"[174.0, 185.0, 190.0, 163.0, 148.0, 146.0, 154.0, 161.0, 185.0, 174.0]",9.730656623840332,-0.5,22.677459716796875,0.0005645751953125,-96.2344970703125
1750930272.23905,-1.0,0.5,"[174.0, 185.0, 190.0, 163.0, 147.0, 146.0, 152.0, 158.0, 185.0, 174.0]",9.691038131713867,-0.5,22.8707275390625,0.0005645751953125,-96.21990966796875
1750930272.2540352,0.0,0.5,"[174.0, 185.0, 192.0, 163.0, 147.0, 146.0, 147.0, 156.0, 185.0, 174.0]",9.56242847442627,-0.5,23.06121826171875,0.0005645751953125,-96.20285034179688
1750930272.2922032,0.0,0.5,"[174.0, 185.0, 192.0, 163.0, 147.0, 146.0, 146.0, 155.0, 185.0, 174.0]",9.63276195526123,0.0,23.25384521484375,0.0005645751953125,-96.19976806640625
1750930272.3076203,0.0,0.5,"[174.0, 185.0, 192.0, 163.0, 147.0, 145.0, 148.0, 155.0, 185.0, 174.0]",9.629810333251953,0.0,23.445953369140625,0.0005645751953125,-96.21340942382812
1750930272.3227901,0.0,0.5,"[174.0, 185.0, 192.0, 163.0, 147.0, 145.0, 148.0, 155.0, 185.0, 174.0]",9.72232723236084,0.0,23.640106201171875,0.0005645751953125,-96.22418212890625
1750930272.338279,0.0,0.5,"[174.0, 185.0, 192.0, 162.0, 147.0, 145.0, 148.0, 155.0, 185.0, 174.0]",9.94179630279541,0.0,23.838623046875,0.0005645751953125,-96.2352294921875
1750930272.353443,0.0,0.5,"[174.0, 185.0, 192.0, 162.0, 147.0, 145.0, 149.0, 155.0, 185.0, 174.0]",9.851224899291992,0.0,24.035308837890625,0.0005664825439453125,-96.24673461914062
1750930272.390778,0.0,0.5,"[174.0, 185.0, 192.0, 162.0, 147.0, 145.0, 150.0, 156.0, 185.0, 174.0]",10.061722755432129,0.0,24.236236572265625,0.0005664825439453125,-96.25796508789062
1750930272.4053373,0.0,0.5,"[174.0, 185.0, 192.0, 162.0, 146.0, 145.0, 150.0, 156.0, 185.0, 174.0]",9.959975242614746,0.0,24.43511962890625,0.0005664825439453125,-96.26945495605469
1750930272.4204922,0.0,0.5,"[174.0, 185.0, 192.0, 162.0, 146.0, 145.0, 152.0, 156.0, 185.0, 174.0]",10.094393730163574,0.0,24.636688232421875,0.0005664825439453125,-96.28076171875
1750930272.4354436,0.0,0.5,"[174.0, 185.0, 192.0, 162.0, 146.0, 144.0, 152.0, 156.0, 185.0, 174.0]",9.923727989196777,0.0,24.834808349609375,0.0005664825439453125,-96.29225158691406
1750930272.4734116,-1.0,0.5,"[174.0, 185.0, 192.0, 162.0, 146.0, 144.0, 152.0, 156.0, 185.0, 174.0]",10.0499267578125,0.0,25.035491943359375,0.0005664825439453125,-96.30348205566406
1750930272.4885137,-1.0,0.5,"[174.0, 185.0, 192.0, 162.0, 146.0, 144.0, 151.0, 155.0, 185.0, 174.0]",9.956037521362305,-0.5,25.234619140625,0.0005664825439453125,-96.30122375488281
1750930272.5036626,-1.0,0.5,"[174.0, 185.0, 193.0, 162.0, 146.0, 144.0, 148.0, 153.0, 185.0, 174.0]",9.57607364654541,-0.5,25.424957275390625,0.0005664825439453125,-96.28005981445312
1750930272.5187016,-1.0,0.5,"[174.0, 185.0, 195.0, 162.0, 145.0, 143.0, 145.0, 150.0, 185.0, 174.0]",9.867083549499512,-0.5,25.620147705078125,0.0005664825439453125,-96.25096130371094
1750930272.5336053,-1.0,0.5,"[174.0, 185.0, 197.0, 164.0, 145.0, 143.0, 141.0, 147.0, 182.0, 174.0]",9.748296737670898,-0.5,25.81256103515625,0.0005664825439453125,-96.2196044921875
1750930272.5742767,0.0,0.5,"[174.0, 185.0, 197.0, 164.0, 145.0, 142.0, 138.0, 144.0, 178.0, 174.0]",9.835885047912598,-0.5,26.0057373046875,0.0005664825439453125,-96.18234252929688
1750930272.590351,0.0,0.5,"[174.0, 185.0, 202.0, 164.0, 145.0, 142.0, 137.0, 142.0, 176.0, 174.0]",9.886147499084473,0.0,26.202362060546875,0.0005664825439453125,-96.1617431640625
1750930272.6048486,0.0,0.5,"[174.0, 185.0, 203.0, 164.0, 144.0, 142.0, 138.0, 143.0, 176.0, 174.0]",9.6864652633667,0.0,26.396026611328125,0.000568389892578125,-96.15682983398438
1750930272.6212971,0.0,0.5,"[174.0, 185.0, 209.0, 163.0, 144.0, 142.0, 138.0, 142.0, 176.0, 174.0]",9.880301475524902,0.0,26.593505859375,0.000568389892578125,-96.14910888671875
1750930272.637722,0.0,0.5,"[174.0, 185.0, 209.0, 163.0, 144.0, 142.0, 139.0, 142.0, 176.0, 174.0]",10.132009506225586,0.0,26.795989990234375,0.000568389892578125,-96.14141845703125
1750930272.6537971,0.0,0.5,"[174.0, 185.0, 209.0, 163.0, 144.0, 142.0, 139.0, 142.0, 174.0, 174.0]",10.025200843811035,0.0,26.996368408203125,0.000568389892578125,-96.13420104980469
1750930272.6942692,0.0,0.5,"[174.0, 185.0, 209.0, 163.0, 144.0, 141.0, 140.0, 142.0, 174.0, 174.0]",10.147791862487793,0.0,27.199188232421875,0.000568389892578125,-96.12649536132812
1750930272.710476,0.0,0.5,"[174.0, 185.0, 209.0, 163.0, 144.0, 141.0, 140.0, 142.0, 173.0, 174.0]",10.03039836883545,0.0,27.399658203125,0.000568389892578125,-96.11924743652344
1750930272.726087,0.0,0.5,"[174.0, 185.0, 207.0, 163.0, 143.0, 141.0, 140.0, 142.0, 173.0, 174.0]",10.24183464050293,0.0,27.604339599609375,0.0005664825439453125,-96.11143493652344
1750930272.7420504,1.0,0.5,"[174.0, 185.0, 207.0, 162.0, 143.0, 141.0, 140.0, 141.0, 173.0, 174.0]",10.045421600341797,0.0,27.80511474609375,0.0005664825439453125,-96.10415649414062
1750930272.7575414,1.0,0.5,"[174.0, 185.0, 207.0, 162.0, 143.0, 141.0, 144.0, 142.0, 176.0, 174.0]",9.905508995056152,0.5,28.00299072265625,0.0005664825439453125,-96.11380004882812
1750930272.7843733,1.0,0.0,"[174.0, 185.0, 207.0, 162.0, 143.0, 141.0, 146.0, 145.0, 179.0, 174.0]",9.842391967773438,0.5,28.197540283203125,0.0005664825439453125,-96.14385986328125
1750930272.7992542,0.0,0.0,"[174.0, 185.0, 207.0, 162.0, 143.0, 141.0, 150.0, 150.0, 182.0, 174.0]",9.945642471313477,0.5,28.3936767578125,0.0005664825439453125,-96.17692565917969
1750930272.814509,0.0,0.0,"[174.0, 185.0, 207.0, 162.0, 143.0, 141.0, 151.0, 151.0, 184.0, 174.0]",9.619073867797852,0.0,28.5853271484375,0.0005664825439453125,-96.19377136230469
1750930272.8525136,0.0,0.0,"[174.0, 185.0, 207.0, 162.0, 143.0, 141.0, 151.0, 151.0, 183.0, 174.0]",9.357576370239258,0.0,28.7724609375,0.0005664825439453125,-96.1939697265625
1750930272.8674822,0.0,0.0,"[174.0, 185.0, 206.0, 162.0, 143.0, 140.0, 150.0, 153.0, 184.0, 174.0]",9.113381385803223,0.0,28.954681396484375,0.0005664825439453125,-96.19859313964844
1750930272.8825617,0.0,0.0,"[174.0, 185.0, 206.0, 162.0, 142.0, 140.0, 150.0, 153.0, 183.0, 174.0]",8.870841026306152,0.0,29.132049560546875,0.0005664825439453125,-96.2020263671875
1750930272.8977811,0.0,0.0,"[174.0, 185.0, 206.0, 161.0, 142.0, 140.0, 149.0, 154.0, 183.0, 174.0]",8.628816604614258,0.0,29.304595947265625,0.0005664825439453125,-96.20552062988281
1750930272.9131837,0.0,0.5,"[174.0, 185.0, 206.0, 161.0, 142.0, 140.0, 149.0, 155.0, 183.0, 174.0]",8.387138366699219,0.0,29.472320556640625,0.0005664825439453125,-96.20892333984375
1750930272.9523494,1.0,0.5,"[174.0, 185.0, 206.0, 161.0, 142.0, 140.0, 149.0, 155.0, 183.0, 174.0]",8.145894050598145,0.0,29.63519287109375,0.0005664825439453125,-96.21221923828125
1750930272.967624,1.0,0.5,"[174.0, 185.0, 206.0, 161.0, 142.0, 140.0, 150.0, 158.0, 185.0, 174.0]",8.286917686462402,0.5,29.79986572265625,0.000568389892578125,-96.23092651367188
1750930272.9828725,0.0,0.5,"[174.0, 185.0, 206.0, 161.0, 142.0, 140.0, 151.0, 162.0, 185.0, 174.0]",7.878462791442871,0.5,29.9530029296875,0.000568389892578125,-96.26805114746094
1750930272.997843,0.0,0.5,"[174.0, 185.0, 205.0, 161.0, 142.0, 140.0, 151.0, 164.0, 185.0, 174.0]",8.110377311706543,0.0,30.113372802734375,0.000568389892578125,-96.29241943359375
1750930273.0126443,0.0,0.5,"[174.0, 185.0, 204.0, 161.0, 142.0, 140.0, 151.0, 164.0, 185.0, 174.0]",7.797754287719727,0.0,30.26922607421875,0.0005702972412109375,-96.29852294921875
1750930273.0505784,0.0,0.5,"[174.0, 185.0, 204.0, 161.0, 141.0, 139.0, 151.0, 165.0, 185.0, 174.0]",7.954665660858154,0.0,30.427978515625,0.0005702972412109375,-96.30868530273438
1750930273.0655148,0.0,0.5,"[174.0, 185.0, 204.0, 160.0, 141.0, 139.0, 151.0, 165.0, 185.0, 174.0]",8.029888153076172,0.0,30.58831787109375,0.0005702972412109375,-96.317626953125
1750930273.080782,0.0,0.5,"[174.0, 185.0, 204.0, 160.0, 141.0, 139.0, 151.0, 166.0, 185.0, 174.0]",8.283748626708984,0.0,30.753753662109375,0.000568389892578125,-96.32669067382812
1750930273.0958004,1.0,0.5,"[174.0, 185.0, 204.0, 160.0, 141.0, 139.0, 150.0, 167.0, 185.0, 174.0]",8.154961585998535,0.0,30.91656494140625,0.000568389892578125,-96.33645629882812
1750930273.1360621,1.0,0.5,"[174.0, 185.0, 204.0, 160.0, 141.0, 139.0, 151.0, 169.0, 185.0, 174.0]",8.006730079650879,0.5,31.07513427734375,0.000568389892578125,-96.35867309570312
1750930273.152688,1.0,0.5,"[174.0, 185.0, 203.0, 160.0, 141.0, 139.0, 151.0, 172.0, 185.0, 174.0]",7.93253755569458,0.5,31.227996826171875,0.000568389892578125,-96.40122985839844
1750930273.168128,1.0,0.5,"[174.0, 185.0, 203.0, 160.0, 141.0, 139.0, 151.0, 175.0, 185.0, 174.0]",8.01893424987793,0.5,31.383331298828125,0.000568389892578125,-96.4410400390625
1750930273.1846519,1.0,0.5,"[174.0, 185.0, 203.0, 157.0, 141.0, 139.0, 152.0, 178.0, 185.0, 174.0]",7.934772491455078,0.5,31.5357666015625,0.000568389892578125,-96.48526000976562
1750930273.2009594,1.0,0.5,"[174.0, 185.0, 203.0, 156.0, 141.0, 138.0, 152.0, 181.0, 185.0, 174.0]",8.279789924621582,0.5,31.694427490234375,0.000568389892578125,-96.53266906738281
1750930273.2169435,1.0,0.5,"[174.0, 185.0, 203.0, 155.0, 141.0, 138.0, 152.0, 183.0, 185.0, 174.0]",8.022381782531738,0.5,31.847198486328125,0.000568389892578125,-96.58172607421875
1750930273.246037,0.0,0.5,"[174.0, 185.0, 203.0, 155.0, 140.0, 138.0, 152.0, 184.0, 185.0, 174.0]",8.28033447265625,0.5,32.003936767578125,0.000568389892578125,-96.63511657714844
1750930273.2623303,0.0,0.5,"[174.0, 185.0, 203.0, 155.0, 140.0, 138.0, 152.0, 184.0, 185.0, 174.0]",8.11473274230957,0.0,32.162078857421875,0.000568389892578125,-96.67160034179688
1750930273.2783053,0.0,0.5,"[174.0, 185.0, 203.0, 155.0, 140.0, 138.0, 152.0, 184.0, 185.0, 174.0]",8.240777969360352,0.0,32.32525634765625,0.000568389892578125,-96.69491577148438
1750930273.294399,0.0,0.5,"[174.0, 185.0, 202.0, 155.0, 140.0, 138.0, 152.0, 184.0, 185.0, 174.0]",8.160067558288574,0.0,32.48583984375,0.0005664825439453125,-96.72406005859375
1750930273.3368227,0.0,0.5,"[174.0, 185.0, 201.0, 154.0, 140.0, 138.0, 151.0, 184.0, 185.0, 174.0]",8.400189399719238,0.0,32.65155029296875,0.0005664825439453125,-96.75164794921875
1750930273.3535264,0.0,0.5,"[174.0, 185.0, 201.0, 154.0, 139.0, 137.0, 151.0, 184.0, 185.0, 174.0]",8.166176795959473,0.0,32.812469482421875,0.0005664825439453125,-96.77969360351562
1750930273.3696492,1.0,0.5,"[174.0, 185.0, 201.0, 154.0, 139.0, 137.0, 151.0, 184.0, 185.0, 174.0]",8.349945068359375,0.0,32.977081298828125,0.0005664825439453125,-96.80767822265625
1750930273.3857205,1.0,0.5,"[174.0, 185.0, 201.0, 154.0, 139.0, 137.0, 151.0, 184.0, 185.0, 174.0]",8.039287567138672,0.5,33.131805419921875,0.0005664825439453125,-96.85147094726562
1750930273.4022455,1.0,0.5,"[174.0, 185.0, 201.0, 154.0, 139.0, 137.0, 151.0, 186.0, 185.0, 174.0]",8.174173355102539,0.5,33.283905029296875,0.0005664825439453125,-96.911376953125
1750930273.4199715,1.0,0.5,"[174.0, 185.0, 201.0, 153.0, 139.0, 137.0, 151.0, 186.0, 185.0, 174.0]",8.093711853027344,0.5,33.435150146484375,0.0005664825439453125,-96.96907043457031
1750930273.4373555,1.0,0.5,"[174.0, 185.0, 201.0, 153.0, 139.0, 137.0, 151.0, 187.0, 185.0, 174.0]",8.205755233764648,0.5,33.586334228515625,0.0005664825439453125,-97.03292846679688
1750930273.4682677,1.0,0.5,"[174.0, 185.0, 201.0, 153.0, 139.0, 137.0, 151.0, 187.0, 185.0, 174.0]",8.246976852416992,0.5,33.737884521484375,0.0005664825439453125,-97.0980224609375
1750930273.4856722,0.0,0.5,"[174.0, 185.0, 201.0, 153.0, 139.0, 137.0, 151.0, 187.0, 185.0, 174.0]",8.281468391418457,0.5,33.888519287109375,0.0005664825439453125,-97.1668701171875
1750930273.5028424,0.0,0.5,"[174.0, 185.0, 201.0, 153.0, 139.0, 136.0, 151.0, 187.0, 185.0, 174.0]",8.305523872375488,0.0,34.047027587890625,0.0005664825439453125,-97.21652221679688
1750930273.5200498,0.0,0.5,"[174.0, 185.0, 200.0, 152.0, 138.0, 136.0, 149.0, 187.0, 185.0, 174.0]",8.159525871276855,0.0,34.2052001953125,0.0005664825439453125,-97.25672912597656
1750930273.5377069,0.0,0.5,"[174.0, 185.0, 200.0, 152.0, 138.0, 136.0, 149.0, 187.0, 185.0, 174.0]",8.503499984741211,0.0,34.368927001953125,0.0005664825439453125,-97.30276489257812
1750930273.5545704,0.0,0.5,"[174.0, 185.0, 200.0, 152.0, 138.0, 136.0, 149.0, 187.0, 185.0, 174.0]",8.225386619567871,0.0,34.5277099609375,0.0005664825439453125,-97.34576416015625
1750930273.5989358,0.0,0.5,"[174.0, 185.0, 200.0, 152.0, 138.0, 135.0, 148.0, 187.0, 185.0, 174.0]",8.53256893157959,0.0,34.692291259765625,0.0005664825439453125,-97.390869140625
1750930273.6160932,1.0,0.5,"[174.0, 185.0, 198.0, 151.0, 137.0, 135.0, 148.0, 186.0, 185.0, 174.0]",8.420513153076172,0.0,34.854736328125,0.0005664825439453125,-97.43534851074219
1750930273.6177814,1.0,0.5,"[174.0, 185.0, 198.0, 151.0, 137.0, 135.0, 148.0, 186.0, 185.0, 174.0]",8.432372093200684,0.5,35.01300048828125,0.0005664825439453125,-97.49360656738281
1750930273.6491015,0.0,0.0,"[174.0, 185.0, 198.0, 151.0, 137.0, 135.0, 148.0, 187.0, 185.0, 174.0]",8.205398559570312,0.5,35.158203125,0.0005664825439453125,-97.570068359375
1750930273.666174,0.0,0.0,"[174.0, 185.0, 198.0, 151.0, 137.0, 135.0, 148.0, 187.0, 185.0, 174.0]",8.139920234680176,0.0,35.308990478515625,0.0005664825439453125,-97.63140869140625
1750930273.6833725,0.0,0.0,"[174.0, 185.0, 198.0, 151.0, 137.0, 135.0, 147.0, 186.0, 185.0, 174.0]",7.8789472579956055,0.0,35.461090087890625,0.000568389892578125,-97.672607421875
1750930273.700258,0.0,0.0,"[174.0, 185.0, 198.0, 149.0, 136.0, 134.0, 147.0, 186.0, 185.0, 174.0]",7.63580846786499,0.0,35.60595703125,0.0005664825439453125,-97.72091674804688
1750930273.7179189,0.0,0.0,"[174.0, 185.0, 197.0, 149.0, 136.0, 134.0, 147.0, 186.0, 185.0, 174.0]",7.394893169403076,0.0,35.747711181640625,0.0005664825439453125,-97.76315307617188
1750930273.735533,0.0,0.0,"[174.0, 185.0, 197.0, 149.0, 136.0, 134.0, 147.0, 184.0, 185.0, 174.0]",7.155002593994141,0.0,35.884124755859375,0.0005664825439453125,-97.806396484375
1750930273.7813013,1.0,0.5,"[174.0, 185.0, 197.0, 149.0, 136.0, 134.0, 146.0, 184.0, 185.0, 174.0]",6.915624141693115,0.0,36.016326904296875,0.0005664825439453125,-97.84706115722656
1750930273.7984884,1.0,0.5,"[174.0, 185.0, 197.0, 148.0, 136.0, 133.0, 146.0, 184.0, 185.0, 174.0]",6.407336711883545,0.5,36.133026123046875,0.0005664825439453125,-97.90000915527344
1750930273.8001459,1.0,0.5,"[174.0, 185.0, 197.0, 148.0, 136.0, 133.0, 146.0, 184.0, 185.0, 174.0]",6.7068963050842285,0.5,36.249267578125,0.0005664825439453125,-97.96690368652344
1750930273.8183806,1.0,0.5,"[174.0, 185.0, 197.0, 148.0, 135.0, 133.0, 146.0, 184.0, 185.0, 174.0]",6.504836082458496,0.5,36.3643798828125,0.0005664825439453125,-98.02752685546875
1750930273.8375094,1.0,0.5,"[174.0, 185.0, 198.0, 148.0, 135.0, 133.0, 146.0, 184.0, 185.0, 174.0]",6.827847957611084,0.5,36.482452392578125,0.0005664825439453125,-98.09616088867188
1750930273.8707857,1.0,0.5,"[174.0, 185.0, 198.0, 148.0, 135.0, 133.0, 146.0, 184.0, 185.0, 174.0]",6.638436317443848,0.5,36.597259521484375,0.0005664825439453125,-98.16281127929688
1750930273.8893769,1.0,0.5,"[174.0, 185.0, 198.0, 148.0, 135.0, 133.0, 146.0, 184.0, 185.0, 174.0]",6.923637390136719,0.5,36.7154541015625,0.0005664825439453125,-98.23495483398438
1750930273.9078631,0.0,0.5,"[174.0, 185.0, 200.0, 147.0, 135.0, 133.0, 146.0, 184.0, 185.0, 174.0]",6.819774150848389,0.5,36.83135986328125,0.000568389892578125,-98.30685424804688
1750930273.9264855,0.0,0.5,"[174.0, 185.0, 200.0, 147.0, 135.0, 131.0, 145.0, 184.0, 185.0, 174.0]",6.925607681274414,0.0,36.95794677734375,0.0005702972412109375,-98.36308288574219
1750930273.9453764,0.0,0.5,"[174.0, 185.0, 198.0, 147.0, 134.0, 131.0, 145.0, 183.0, 185.0, 174.0]",6.834840297698975,0.0,37.084930419921875,0.000568389892578125,-98.41371154785156
1750930273.963868,0.0,0.5,"[174.0, 185.0, 198.0, 147.0, 134.0, 131.0, 145.0, 183.0, 185.0, 174.0]",6.967177391052246,0.0,37.213104248046875,0.000568389892578125,-98.4683837890625
1750930273.9826298,0.0,0.5,"[174.0, 185.0, 198.0, 146.0, 134.0, 131.0, 144.0, 183.0, 185.0, 174.0]",6.9488749504089355,0.0,37.341583251953125,0.000568389892578125,-98.52139282226562
1750930274.0010774,0.0,0.5,"[174.0, 185.0, 197.0, 146.0, 133.0, 130.0, 144.0, 181.0, 185.0, 174.0]",7.086530685424805,0.0,37.472442626953125,0.0005702972412109375,-98.57583618164062
1750930274.0201395,1.0,0.5,"[174.0, 185.0, 197.0, 146.0, 133.0, 130.0, 144.0, 181.0, 185.0, 174.0]",6.955777645111084,0.0,37.6007080078125,0.0005702972412109375,-98.62965393066406
1750930274.0391185,1.0,0.5,"[174.0, 185.0, 197.0, 146.0, 133.0, 130.0, 144.0, 181.0, 185.0, 174.0]",6.787187576293945,0.5,37.7191162109375,0.0005702972412109375,-98.696044921875
1750930274.0579262,1.0,0.5,"[174.0, 185.0, 198.0, 145.0, 133.0, 130.0, 144.0, 181.0, 185.0, 174.0]",6.64387845993042,0.5,37.82763671875,0.000568389892578125,-98.77272033691406
1750930274.0760763,1.0,0.5,"[174.0, 185.0, 200.0, 145.0, 133.0, 129.0, 143.0, 180.0, 185.0, 174.0]",7.000299453735352,0.5,37.944671630859375,0.000568389892578125,-98.84956359863281
1750930274.125434,1.0,0.5,"[174.0, 185.0, 209.0, 145.0, 128.0, 129.0, 143.0, 179.0, 185.0, 174.0]",6.9494428634643555,0.5,38.057647705078125,0.000568389892578125,-98.9305419921875
1750930274.144341,1.0,0.5,"[174.0, 185.0, 209.0, 145.0, 127.0, 129.0, 143.0, 179.0, 185.0, 174.0]",6.91770601272583,0.5,38.170379638671875,0.000568389892578125,-99.0107421875
1750930274.1460268,1.0,0.5,"[174.0, 185.0, 209.0, 145.0, 127.0, 129.0, 143.0, 179.0, 185.0, 174.0]",6.967376232147217,0.5,38.281768798828125,0.000568389892578125,-99.09445190429688
1750930274.1643136,0.0,0.5,"[174.0, 185.0, 209.0, 145.0, 127.0, 129.0, 143.0, 179.0, 185.0, 174.0]",7.104592323303223,0.5,38.394500732421875,0.000568389892578125,-99.18096923828125
1750930274.183223,0.0,0.5,"[174.0, 185.0, 209.0, 144.0, 126.0, 129.0, 143.0, 179.0, 185.0, 174.0]",7.1991682052612305,0.0,38.520111083984375,0.0005664825439453125,-99.25129699707031
1750930274.2010777,0.0,0.5,"[174.0, 185.0, 209.0, 144.0, 126.0, 128.0, 141.0, 178.0, 185.0, 174.0]",7.123257637023926,0.0,38.646514892578125,0.0005664825439453125,-99.3170166015625
1750930274.2202618,0.0,0.5,"[174.0, 185.0, 209.0, 144.0, 126.0, 128.0, 141.0, 178.0, 185.0, 174.0]",7.364416122436523,0.0,38.77618408203125,0.0005664825439453125,-99.38690185546875
1750930274.2395,0.0,0.5,"[174.0, 185.0, 209.0, 143.0, 125.0, 128.0, 140.0, 176.0, 185.0, 174.0]",7.295616626739502,0.0,38.904815673828125,0.0005664825439453125,-99.45579528808594
1750930274.2582254,0.0,0.5,"[174.0, 185.0, 209.0, 143.0, 125.0, 127.0, 140.0, 176.0, 185.0, 174.0]",7.485716342926025,0.0,39.037261962890625,0.0005664825439453125,-99.52557373046875
1750930274.2766516,1.0,0.5,"[174.0, 185.0, 209.0, 143.0, 124.0, 127.0, 140.0, 176.0, 185.0, 174.0]",7.3531012535095215,0.0,39.166229248046875,0.0005664825439453125,-99.59625244140625
1750930274.3102717,0.0,0.5,"[174.0, 185.0, 209.0, 141.0, 124.0, 127.0, 139.0, 175.0, 185.0, 174.0]",7.228742599487305,0.5,39.2900390625,0.0005664825439453125,-99.6708984375
1750930274.3286145,0.0,0.5,"[174.0, 185.0, 209.0, 141.0, 124.0, 126.0, 139.0, 175.0, 185.0, 174.0]",7.104064464569092,0.0,39.414581298828125,0.0005664825439453125,-99.7392578125
1750930274.347481,0.0,0.5,"[174.0, 185.0, 209.0, 141.0, 123.0, 126.0, 138.0, 173.0, 185.0, 174.0]",7.252979755401611,0.0,39.542999267578125,0.0005664825439453125,-99.80673217773438
1750930274.3655584,0.0,0.5,"[174.0, 185.0, 209.0, 140.0, 123.0, 125.0, 138.0, 173.0, 185.0, 174.0]",7.2860307693481445,0.0,39.669677734375,0.0005664825439453125,-99.87875366210938
1750930274.3837643,0.0,0.5,"[174.0, 185.0, 209.0, 140.0, 122.0, 125.0, 138.0, 172.0, 185.0, 174.0]",7.480788707733154,0.0,39.802398681640625,0.0005664825439453125,-99.94781494140625
1750930274.40282,0.0,0.5,"[174.0, 185.0, 195.0, 139.0, 122.0, 124.0, 137.0, 172.0, 185.0, 174.0]",7.368268966674805,0.0,39.930694580078125,0.0005664825439453125,-100.02035522460938
1750930274.421768,0.0,0.5,"[174.0, 185.0, 197.0, 139.0, 121.0, 124.0, 137.0, 172.0, 185.0, 174.0]",7.551626682281494,0.0,40.06494140625,0.000568389892578125,-100.08953857421875
1750930274.4410512,1.0,0.5,"[174.0, 185.0, 193.0, 138.0, 121.0, 123.0, 136.0, 170.0, 185.0, 174.0]",7.4921064376831055,0.0,40.195037841796875,0.000568389892578125,-100.16390991210938
1750930274.4603562,1.0,0.5,"[174.0, 185.0, 195.0, 138.0, 120.0, 123.0, 136.0, 170.0, 185.0, 174.0]",7.399446964263916,0.5,40.322723388671875,0.000568389892578125,-100.23872375488281
1750930274.4793396,1.0,0.5,"[174.0, 185.0, 207.0, 138.0, 120.0, 123.0, 134.0, 169.0, 185.0, 174.0]",7.35929536819458,0.5,40.4312744140625,0.000568389892578125,-100.33810424804688
1750930274.4968853,1.0,0.5,"[174.0, 185.0, 207.0, 138.0, 120.0, 122.0, 134.0, 169.0, 185.0, 174.0]",7.3999714851379395,0.5,40.548065185546875,0.0005664825439453125,-100.42903137207031
1750930274.5308414,1.0,0.5,"[174.0, 185.0, 207.0, 137.0, 119.0, 122.0, 134.0, 169.0, 185.0, 174.0]",7.45346736907959,0.5,40.659027099609375,0.000568389892578125,-100.528564453125
1750930274.5500302,1.0,0.5,"[174.0, 185.0, 207.0, 137.0, 119.0, 122.0, 133.0, 169.0, 185.0, 174.0]",7.449103355407715,0.5,40.771331787109375,0.000568389892578125,-100.62646484375
1750930274.5687823,1.0,0.5,"[174.0, 185.0, 207.0, 137.0, 118.0, 121.0, 133.0, 167.0, 185.0, 174.0]",7.464821815490723,0.5,40.881134033203125,0.0005664825439453125,-100.72760009765625
1750930274.5874581,1.0,0.5,"[174.0, 185.0, 207.0, 137.0, 118.0, 121.0, 133.0, 167.0, 185.0, 174.0]",7.56925106048584,0.5,40.991180419921875,0.0005664825439453125,-100.83155822753906
1750930274.606437,1.0,0.5,"[174.0, 185.0, 209.0, 137.0, 118.0, 121.0, 133.0, 167.0, 185.0, 174.0]",7.405131816864014,0.5,41.0975341796875,0.000568389892578125,-100.93463134765625
1750930274.624665,1.0,0.5,"[174.0, 185.0, 209.0, 137.0, 117.0, 121.0, 132.0, 165.0, 185.0, 174.0]",7.5892229080200195,0.5,41.204010009765625,0.000568389892578125,-101.04281616210938
1750930274.643588,1.0,0.5,"[174.0, 185.0, 209.0, 137.0, 117.0, 115.0, 132.0, 165.0, 185.0, 174.0]",7.661811828613281,0.5,41.311553955078125,0.000568389892578125,-101.1519775390625
1750930274.6625264,1.0,0.5,"[174.0, 185.0, 209.0, 137.0, 117.0, 114.0, 132.0, 164.0, 185.0, 174.0]",7.650997638702393,0.5,41.415069580078125,0.0005664825439453125,-101.26466369628906
1750930274.6818557,1.0,0.5,"[174.0, 185.0, 209.0, 137.0, 116.0, 114.0, 131.0, 164.0, 185.0, 174.0]",7.668919086456299,0.5,41.519439697265625,0.0005664825439453125,-101.37704467773438
1750930274.7008626,1.0,0.5,"[174.0, 185.0, 209.0, 137.0, 116.0, 113.0, 131.0, 162.0, 185.0, 174.0]",7.882040500640869,0.5,41.622894287109375,0.0005664825439453125,-101.49598693847656
1750930274.7204444,1.0,0.5,"[174.0, 185.0, 209.0, 136.0, 116.0, 113.0, 130.0, 162.0, 185.0, 174.0]",7.824477672576904,0.5,41.725128173828125,0.0005664825439453125,-101.61447143554688
1750930274.7399719,1.0,0.5,"[174.0, 185.0, 209.0, 137.0, 116.0, 112.0, 130.0, 162.0, 185.0, 174.0]",7.871944904327393,0.5,41.82501220703125,0.000568389892578125,-101.73617553710938
1750930274.759194,1.0,0.5,"[174.0, 185.0, 209.0, 137.0, 115.0, 112.0, 129.0, 161.0, 185.0, 174.0]",7.919287204742432,0.5,41.9234619140625,0.000568389892578125,-101.86026000976562
1750930274.778182,1.0,0.5,"[174.0, 185.0, 207.0, 137.0, 115.0, 111.0, 129.0, 161.0, 185.0, 174.0]",8.118005752563477,0.5,42.02337646484375,0.0005664825439453125,-101.98822021484375
1750930274.7973146,1.0,0.5,"[174.0, 185.0, 207.0, 137.0, 115.0, 111.0, 128.0, 159.0, 185.0, 174.0]",7.960817337036133,0.5,42.11834716796875,0.0005664825439453125,-102.11602783203125
1750930274.8322127,1.0,0.5,"[174.0, 185.0, 207.0, 137.0, 115.0, 111.0, 121.0, 159.0, 185.0, 174.0]",8.049110412597656,0.5,42.213409423828125,0.0005664825439453125,-102.24594116210938
1750930274.8513033,1.0,0.5,"[174.0, 185.0, 207.0, 137.0, 114.0, 110.0, 121.0, 158.0, 185.0, 174.0]",7.902810096740723,0.5,42.3033447265625,0.0005664825439453125,-102.37591552734375
1750930274.8702223,1.0,0.5,"[174.0, 185.0, 206.0, 138.0, 114.0, 110.0, 119.0, 158.0, 185.0, 174.0]",8.315376281738281,0.5,42.396484375,0.0005664825439453125,-102.513671875
1750930274.8895113,1.0,0.5,"[174.0, 185.0, 206.0, 141.0, 114.0, 109.0, 118.0, 156.0, 185.0, 174.0]",7.998727798461914,0.5,42.483795166015625,0.0005664825439453125,-102.64772033691406
1750930274.908555,1.0,0.5,"[174.0, 185.0, 206.0, 146.0, 114.0, 109.0, 118.0, 156.0, 185.0, 174.0]",8.260950088500977,0.5,42.571319580078125,0.0005664825439453125,-102.78785705566406
1750930274.9283073,1.0,0.5,"[174.0, 185.0, 205.0, 158.0, 114.0, 108.0, 117.0, 155.0, 185.0, 174.0]",8.238761901855469,0.5,42.656524658203125,0.0005664825439453125,-102.92889404296875
1750930274.9484642,1.0,0.5,"[174.0, 185.0, 204.0, 158.0, 114.0, 108.0, 116.0, 155.0, 185.0, 174.0]",8.313121795654297,0.5,42.739776611328125,0.0005474090576171875,-103.07283020019531
1750930274.9681194,1.0,0.5,"[174.0, 185.0, 204.0, 158.0, 114.0, 108.0, 116.0, 153.0, 185.0, 174.0]",8.172198295593262,0.5,42.820220947265625,0.00048828125,-103.215087890625
1750930274.9879646,1.0,0.5,"[174.0, 185.0, 204.0, 158.0, 114.0, 107.0, 115.0, 142.0, 185.0, 174.0]",8.546188354492188,0.5,42.900970458984375,0.0003795623779296875,-103.36573791503906
1750930275.009114,1.0,0.5,"[174.0, 185.0, 203.0, 158.0, 114.0, 107.0, 115.0, 141.0, 185.0, 174.0]",8.349851608276367,0.5,42.9771728515625,0.00023651123046875,-103.51434326171875
1750930275.0302196,1.0,0.5,"[174.0, 185.0, 203.0, 158.0, 114.0, 107.0, 114.0, 140.0, 185.0, 174.0]",8.504600524902344,0.5,43.053466796875,5.7220458984375e-05,-103.66635131835938
1750930275.051601,1.0,0.5,"[174.0, 185.0, 202.0, 158.0, 114.0, 107.0, 114.0, 139.0, 185.0, 174.0]",8.574477195739746,0.5,43.126708984375,-0.0001430511474609375,-103.82142639160156
1750930275.0729976,1.0,0.5,"[174.0, 185.0, 201.0, 158.0, 114.0, 107.0, 114.0, 137.0, 185.0, 174.0]",8.46261215209961,0.5,43.19610595703125,-0.0003795623779296875,-103.97579956054688
1750930275.0931191,1.0,0.5,"[174.0, 185.0, 200.0, 158.0, 114.0, 107.0, 113.0, 136.0, 185.0, 174.0]",8.68984317779541,0.5,43.2655029296875,-0.0006427764892578125,-104.1351318359375
1750930275.1126773,1.0,0.5,"[174.0, 185.0, 198.0, 158.0, 114.0, 107.0, 113.0, 136.0, 185.0, 174.0]",8.719680786132812,0.5,43.3321533203125,-0.0008945465087890625,-104.29629516601562
1750930275.1318123,1.0,0.5,"[174.0, 185.0, 197.0, 158.0, 115.0, 106.0, 111.0, 134.0, 185.0, 174.0]",8.773058891296387,0.5,43.395721435546875,-0.0011157989501953125,-104.4598388671875
1750930275.1508882,1.0,0.5,"[174.0, 185.0, 195.0, 158.0, 117.0, 106.0, 111.0, 134.0, 185.0, 174.0]",8.814509391784668,0.5,43.45745849609375,-0.001323699951171875,-104.62496948242188
1750930275.1697989,1.0,0.5,"[174.0, 185.0, 194.0, 158.0, 120.0, 106.0, 111.0, 133.0, 185.0, 174.0]",8.825576782226562,0.5,43.514984130859375,-0.001712799072265625,-104.79183959960938
1750930275.1891189,1.0,0.5,"[174.0, 185.0, 193.0, 156.0, 123.0, 107.0, 111.0, 133.0, 185.0, 174.0]",8.902429580688477,0.5,43.572479248046875,-0.0022487640380859375,-104.96035766601562
1750930275.2088356,1.0,0.5,"[174.0, 185.0, 192.0, 156.0, 127.0, 107.0, 110.0, 131.0, 185.0, 174.0]",8.84508991241455,0.5,43.623687744140625,-0.0029964447021484375,-105.12966918945312
1750930275.2280166,1.0,0.5,"[174.0, 185.0, 190.0, 156.0, 139.0, 107.0, 110.0, 131.0, 185.0, 174.0]",8.971905708312988,0.5,43.675018310546875,-0.003925323486328125,-105.30160522460938
1750930275.2471673,1.0,0.5,"[174.0, 185.0, 189.0, 156.0, 139.0, 107.0, 110.0, 130.0, 185.0, 174.0]",8.992693901062012,0.5,43.722137451171875,-0.0049896240234375,-105.47518920898438
1750930275.2660098,1.0,0.5,"[174.0, 185.0, 187.0, 155.0, 139.0, 107.0, 110.0, 130.0, 185.0, 174.0]",8.962349891662598,0.5,43.767547607421875,-0.006229400634765625,-105.64857482910156
1750930275.284473,1.0,0.5,"[174.0, 185.0, 187.0, 155.0, 140.0, 108.0, 111.0, 130.0, 184.0, 174.0]",9.184752464294434,0.5,43.809173583984375,-0.0077667236328125,-105.82748413085938
1750930275.3029132,1.0,0.5,"[174.0, 185.0, 185.0, 155.0, 140.0, 108.0, 111.0, 130.0, 182.0, 174.0]",9.010433197021484,0.5,43.847503662109375,-0.009546279907226562,-106.00357055664062
1750930275.3222637,1.0,0.5,"[174.0, 185.0, 184.0, 155.0, 140.0, 109.0, 111.0, 130.0, 182.0, 174.0]",9.180060386657715,0.5,43.88348388671875,-0.011531829833984375,-106.18359375
1750930275.3412764,1.0,0.5,"[174.0, 185.0, 183.0, 154.0, 140.0, 113.0, 112.0, 130.0, 182.0, 174.0]",9.22087287902832,0.5,43.916717529296875,-0.013586044311523438,-106.36497497558594
1750930275.3600152,1.0,0.5,"[174.0, 185.0, 181.0, 154.0, 140.0, 115.0, 113.0, 130.0, 180.0, 174.0]",9.120565414428711,0.5,43.944549560546875,-0.015781402587890625,-106.54522705078125
1750930275.3789623,1.0,0.5,"[174.0, 185.0, 179.0, 154.0, 140.0, 119.0, 113.0, 130.0, 179.0, 174.0]",9.420876502990723,0.5,43.971435546875,-0.018110275268554688,-106.73171997070312
1750930275.3978643,1.0,0.5,"[174.0, 185.0, 178.0, 153.0, 140.0, 121.0, 114.0, 130.0, 179.0, 174.0]",9.305773735046387,0.5,43.99468994140625,-0.020404815673828125,-106.91635131835938
1750930275.4171906,1.0,0.5,"[174.0, 185.0, 176.0, 153.0, 141.0, 124.0, 114.0, 131.0, 179.0, 174.0]",9.381689071655273,0.5,44.013916015625,-0.022796630859375,-107.10299682617188
1750930275.4516795,1.0,0.5,"[174.0, 185.0, 176.0, 152.0, 141.0, 140.0, 115.0, 131.0, 179.0, 174.0]",9.443461418151855,0.5,44.02978515625,-0.025281906127929688,-107.29116821289062
1750930275.4712012,1.0,0.5,"[174.0, 185.0, 173.0, 151.0, 141.0, 141.0, 116.0, 133.0, 179.0, 174.0]",9.409146308898926,0.5,44.04345703125,-0.027772903442382812,-107.47885131835938
1750930275.4904096,1.0,0.5,"[174.0, 185.0, 172.0, 149.0, 140.0, 141.0, 118.0, 133.0, 180.0, 174.0]",9.611783027648926,0.5,44.0517578125,-0.030439376831054688,-107.67088317871094
1750930275.5096502,1.0,0.5,"[174.0, 185.0, 171.0, 148.0, 140.0, 141.0, 122.0, 134.0, 181.0, 174.0]",9.443206787109375,0.5,44.05841064453125,-0.03311347961425781,-107.859619140625
1750930275.5283701,0.0,0.5,"[174.0, 185.0, 170.0, 147.0, 140.0, 141.0, 124.0, 134.0, 182.0, 174.0]",9.632118225097656,0.5,44.059600830078125,-0.035888671875,-108.05223083496094
1750930275.547487,0.0,0.5,"[174.0, 185.0, 169.0, 147.0, 140.0, 141.0, 126.0, 134.0, 181.0, 174.0]",9.57608413696289,0.0,44.07940673828125,-0.03940582275390625,-108.24269104003906
1750930275.566815,0.0,0.5,"[174.0, 185.0, 169.0, 147.0, 140.0, 142.0, 126.0, 134.0, 179.0, 174.0]",9.697186470031738,0.0,44.112701416015625,-0.04360198974609375,-108.4337158203125
1750930275.586455,0.0,0.5,"[174.0, 185.0, 170.0, 148.0, 140.0, 142.0, 126.0, 133.0, 179.0, 174.0]",9.747472763061523,0.0,44.1436767578125,-0.04798316955566406,-108.62612915039062
1750930275.605573,0.0,0.5,"[174.0, 185.0, 170.0, 148.0, 140.0, 142.0, 126.0, 133.0, 177.0, 174.0]",9.70706844329834,0.0,44.174774169921875,-0.05267906188964844,-108.81771850585938
1750930275.6247149,0.0,0.5,"[174.0, 185.0, 170.0, 148.0, 140.0, 142.0, 128.0, 133.0, 176.0, 174.0]",9.909385681152344,0.0,44.206451416015625,-0.05779075622558594,-109.01327514648438
1750930275.6440609,0.0,0.5,"[174.0, 185.0, 170.0, 148.0, 141.0, 143.0, 128.0, 131.0, 174.0, 174.0]",9.803738594055176,0.0,44.2376708984375,-0.06299591064453125,-109.206787109375
1750930275.663621,1.0,0.5,"[174.0, 185.0, 170.0, 148.0, 141.0, 143.0, 128.0, 131.0, 173.0, 174.0]",10.024635314941406,0.0,44.2698974609375,-0.06861114501953125,-109.40460205078125
1750930275.6829872,1.0,0.5,"[174.0, 185.0, 169.0, 147.0, 140.0, 143.0, 130.0, 131.0, 173.0, 174.0]",9.752565383911133,0.5,44.284149169921875,-0.07349967956542969,-109.59906005859375
1750930275.701958,1.0,0.5,"[174.0, 185.0, 166.0, 146.0, 140.0, 143.0, 133.0, 136.0, 176.0, 174.0]",9.435664176940918,0.5,44.277313232421875,-0.0775909423828125,-109.78759765625
1750930275.7213566,0.0,0.5,"[174.0, 185.0, 164.0, 145.0, 139.0, 143.0, 136.0, 139.0, 176.0, 174.0]",9.396796226501465,0.5,44.270477294921875,-0.0820465087890625,-109.97537231445312
1750930275.741384,0.0,0.5,"[174.0, 185.0, 164.0, 145.0, 139.0, 143.0, 138.0, 141.0, 176.0, 174.0]",9.603578567504883,0.0,44.281646728515625,-0.08784675598144531,-110.16702270507812
1750930275.7611892,0.0,0.5,"[174.0, 185.0, 164.0, 145.0, 139.0, 144.0, 138.0, 141.0, 174.0, 174.0]",9.608692169189453,0.0,44.304595947265625,-0.0944671630859375,-110.35769653320312
1750930275.7804844,0.0,0.5,"[174.0, 185.0, 164.0, 145.0, 139.0, 144.0, 168.0, 141.0, 173.0, 174.0]",9.634387969970703,0.0,44.324554443359375,-0.10105705261230469,-110.54924011230469
1750930275.8003476,0.0,0.5,"[174.0, 185.0, 164.0, 145.0, 139.0, 144.0, 168.0, 142.0, 173.0, 174.0]",9.819655418395996,0.0,44.34539794921875,-0.10805130004882812,-110.74440002441406
1750930275.8205407,0.0,0.5,"[174.0, 185.0, 163.0, 145.0, 139.0, 144.0, 168.0, 142.0, 171.0, 174.0]",9.991482734680176,0.0,44.36676025390625,-0.11556053161621094,-110.94293212890625
1750930275.8405929,0.0,0.5,"[174.0, 185.0, 163.0, 145.0, 139.0, 144.0, 169.0, 143.0, 170.0, 174.0]",9.932263374328613,0.0,44.387786865234375,-0.12330245971679688,-111.14031982421875
1750930275.8604953,0.0,0.5,"[174.0, 185.0, 162.0, 145.0, 139.0, 144.0, 169.0, 144.0, 169.0, 174.0]",10.102262496948242,0.0,44.409271240234375,-0.13140487670898438,-111.341064453125
1750930275.880441,0.0,0.5,"[174.0, 185.0, 162.0, 145.0, 139.0, 144.0, 169.0, 144.0, 170.0, 174.0]",9.972033500671387,0.0,44.43048095703125,-0.13950347900390625,-111.53919982910156
1750930275.9005322,0.0,0.5,"[174.0, 185.0, 162.0, 145.0, 139.0, 144.0, 170.0, 145.0, 170.0, 174.0]",10.105854034423828,0.0,44.452239990234375,-0.1478404998779297,-111.73995971679688
1750930275.9204223,0.0,0.5,"[174.0, 185.0, 162.0, 144.0, 139.0, 144.0, 170.0, 145.0, 171.0, 174.0]",10.104710578918457,0.0,44.473785400390625,-0.15642166137695312,-111.94073486328125
1750930275.939791,0.0,0.5,"[174.0, 185.0, 162.0, 144.0, 139.0, 144.0, 170.0, 146.0, 173.0, 174.0]",10.084813117980957,0.0,44.495147705078125,-0.16531753540039062,-112.14108276367188
1750930275.9597435,0.0,0.5,"[174.0, 185.0, 162.0, 144.0, 139.0, 144.0, 171.0, 147.0, 173.0, 174.0]",10.287866592407227,0.0,44.5169677734375,-0.1745281219482422,-112.34548950195312
1750930275.9795048,0.0,0.5,"[174.0, 185.0, 161.0, 144.0, 139.0, 144.0, 171.0, 147.0, 174.0, 174.0]",10.32563304901123,0.0,44.53912353515625,-0.18394088745117188,-112.55059814453125
1750930275.998822,0.0,0.5,"[174.0, 185.0, 161.0, 144.0, 138.0, 144.0, 171.0, 147.0, 176.0, 174.0]",10.3500337600708,0.0,44.560699462890625,-0.19345664978027344,-112.75624084472656
1750930276.0188537,0.0,0.5,"[174.0, 185.0, 161.0, 144.0, 138.0, 144.0, 172.0, 148.0, 177.0, 174.0]",10.591974258422852,0.0,44.58331298828125,-0.2033672332763672,-112.96664428710938
1750930276.0387893,0.0,0.5,"[174.0, 185.0, 161.0, 144.0, 138.0, 144.0, 173.0, 149.0, 178.0, 174.0]",10.509248733520508,0.0,44.6055908203125,-0.21335601806640625,-113.17539978027344
1750930276.0587256,0.0,0.5,"[174.0, 185.0, 160.0, 144.0, 138.0, 144.0, 173.0, 150.0, 179.0, 174.0]",10.704761505126953,0.0,44.62841796875,-0.22374916076660156,-113.38801574707031
1750930276.0777578,0.0,0.5,"[174.0, 185.0, 160.0, 144.0, 138.0, 144.0, 173.0, 150.0, 179.0, 174.0]",10.556011199951172,0.0,44.65081787109375,-0.23412322998046875,-113.59768676757812
1750930276.0976465,0.0,0.5,"[174.0, 185.0, 159.0, 144.0, 138.0, 144.0, 174.0, 151.0, 181.0, 174.0]",10.727615356445312,0.0,44.673828125,-0.24476051330566406,-113.81072998046875
1750930276.1328702,0.0,0.5,"[174.0, 185.0, 159.0, 144.0, 137.0, 144.0, 174.0, 151.0, 182.0, 174.0]",10.793991088867188,0.0,44.696685791015625,-0.2556037902832031,-114.02513122558594
1750930276.1532629,0.0,0.5,"[174.0, 185.0, 159.0, 143.0, 137.0, 144.0, 174.0, 151.0, 182.0, 174.0]",10.87072467803955,0.0,44.719757080078125,-0.2666969299316406,-114.24102783203125
1750930276.171879,0.0,0.5,"[174.0, 185.0, 159.0, 143.0, 137.0, 144.0, 174.0, 153.0, 183.0, 174.0]",10.95752239227295,0.0,44.743072509765625,-0.2779998779296875,-114.45864868164062
1750930276.1919858,0.0,0.5,"[174.0, 185.0, 159.0, 143.0, 137.0, 144.0, 175.0, 153.0, 185.0, 174.0]",10.954741477966309,0.0,44.766357421875,-0.2894248962402344,-114.67620849609375
1750930276.211142,0.0,0.5,"[174.0, 185.0, 159.0, 143.0, 136.0, 144.0, 175.0, 153.0, 185.0, 174.0]",11.01447868347168,0.0,44.789642333984375,-0.30093955993652344,-114.89495849609375
1750930276.230895,0.0,0.5,"[174.0, 185.0, 158.0, 141.0, 136.0, 144.0, 175.0, 156.0, 185.0, 174.0]",11.032574653625488,0.0,44.813140869140625,-0.3126335144042969,-115.11404418945312
1750930276.2501912,0.0,0.0,"[174.0, 185.0, 158.0, 141.0, 136.0, 144.0, 169.0, 162.0, 185.0, 174.0]",11.060556411743164,0.0,44.836822509765625,-0.3244915008544922,-115.33364868164062
1750930276.2703516,0.0,0.0,"[174.0, 185.0, 158.0, 141.0, 136.0, 144.0, 167.0, 167.0, 185.0, 174.0]",11.2738676071167,0.0,44.860931396484375,-0.3367500305175781,-115.5574951171875
1750930276.2892046,0.0,0.0,"[174.0, 185.0, 158.0, 140.0, 135.0, 143.0, 167.0, 172.0, 185.0, 174.0]",11.041220664978027,0.0,44.88427734375,-0.3488121032714844,-115.77676391601562
1750930276.3083336,0.0,0.5,"[174.0, 185.0, 158.0, 140.0, 135.0, 143.0, 167.0, 175.0, 185.0, 174.0]",10.809605598449707,0.0,44.9071044921875,-0.3606910705566406,-115.99140930175781
1750930276.3272908,0.0,0.5,"[174.0, 185.0, 156.0, 139.0, 135.0, 143.0, 167.0, 178.0, 185.0, 174.0]",10.578389167785645,0.0,44.929443359375,-0.37237548828125,-116.20147705078125
1750930276.3464768,0.0,0.5,"[174.0, 185.0, 156.0, 139.0, 134.0, 143.0, 167.0, 181.0, 185.0, 174.0]",10.941044807434082,0.0,44.95257568359375,-0.38454437255859375,-116.41873168945312
1750930276.3645954,0.0,0.5,"[174.0, 185.0, 156.0, 138.0, 134.0, 143.0, 167.0, 183.0, 185.0, 174.0]",10.712212562561035,0.0,44.9752197265625,-0.3965644836425781,-116.63143920898438
1750930276.3840008,0.0,0.5,"[174.0, 185.0, 156.0, 138.0, 134.0, 143.0, 167.0, 185.0, 185.0, 174.0]",11.008715629577637,0.0,44.998443603515625,-0.4090156555175781,-116.85002136230469
1750930276.4030018,0.0,0.5,"[174.0, 185.0, 156.0, 137.0, 133.0, 142.0, 167.0, 188.0, 185.0, 174.0]",10.759580612182617,0.0,45.02117919921875,-0.4211463928222656,-117.06365966796875
1750930276.4222772,0.0,0.5,"[174.0, 185.0, 156.0, 137.0, 133.0, 142.0, 167.0, 189.0, 185.0, 174.0]",11.177899360656738,0.0,45.044769287109375,-0.43377685546875,-117.28561401367188
1750930276.4409668,0.0,0.0,"[174.0, 185.0, 155.0, 136.0, 133.0, 142.0, 167.0, 192.0, 185.0, 174.0]",10.946501731872559,0.0,45.06793212890625,-0.4462089538574219,-117.50296020507812
1750930276.4601815,-1.0,0.0,"[174.0, 185.0, 155.0, 136.0, 131.0, 142.0, 167.0, 221.0, 185.0, 174.0]",11.25195598602295,0.0,45.091766357421875,-0.45900535583496094,-117.72637939453125
1750930276.478631,-1.0,0.0,"[174.0, 185.0, 156.0, 136.0, 131.0, 142.0, 167.0, 192.0, 185.0, 174.0]",10.74320125579834,-0.5,45.1309814453125,-0.4728889465332031,-117.93716430664062
1750930276.497628,-1.0,0.0,"[174.0, 185.0, 158.0, 136.0, 133.0, 142.0, 168.0, 188.0, 185.0, 174.0]",10.317340850830078,-0.5,45.188323974609375,-0.48807716369628906,-118.13479614257812
1750930276.530612,0.0,0.0,"[174.0, 185.0, 159.0, 137.0, 134.0, 142.0, 176.0, 185.0, 185.0, 174.0]",10.080986022949219,-0.5,45.250579833984375,-0.5033531188964844,-118.32595825195312
1750930276.5493343,0.0,0.0,"[174.0, 185.0, 159.0, 137.0, 134.0, 142.0, 176.0, 184.0, 185.0, 174.0]",9.753725051879883,0.0,45.29425048828125,-0.5165023803710938,-118.515625
1750930276.568337,0.0,0.5,"[174.0, 185.0, 158.0, 136.0, 134.0, 142.0, 176.0, 187.0, 185.0, 174.0]",9.509164810180664,0.0,45.32177734375,-0.5278911590576172,-118.70346069335938
1750930276.586947,0.0,0.5,"[174.0, 185.0, 158.0, 136.0, 134.0, 142.0, 176.0, 188.0, 185.0, 174.0]",9.281784057617188,0.0,45.352508544921875,-0.5395126342773438,-118.88616943359375
1750930276.6060832,0.0,0.5,"[174.0, 185.0, 156.0, 135.0, 133.0, 141.0, 177.0, 189.0, 185.0, 174.0]",9.714751243591309,0.0,45.38385009765625,-0.5516433715820312,-119.07754516601562
1750930276.6250868,0.0,0.5,"[174.0, 185.0, 156.0, 134.0, 133.0, 141.0, 168.0, 221.0, 185.0, 174.0]",9.487173080444336,0.0,45.414581298828125,-0.5635566711425781,-119.264404296875
1750930276.6441712,0.0,0.5,"[174.0, 185.0, 155.0, 133.0, 131.0, 141.0, 168.0, 221.0, 185.0, 174.0]",9.624146461486816,0.0,45.445709228515625,-0.5756645202636719,-119.45394897460938
1750930276.6639435,0.0,0.5,"[174.0, 185.0, 154.0, 133.0, 131.0, 141.0, 168.0, 221.0, 185.0, 174.0]",9.410655975341797,0.0,45.4761962890625,-0.5875205993652344,-119.63931274414062
1750930276.6828752,-1.0,0.5,"[174.0, 185.0, 153.0, 133.0, 131.0, 140.0, 168.0, 221.0, 185.0, 174.0]",9.61563491821289,0.0,45.50714111328125,-0.5995578765869141,-119.8287353515625
1750930276.7013514,-1.0,0.5,"[174.0, 185.0, 153.0, 133.0, 131.0, 140.0, 168.0, 221.0, 185.0, 174.0]",9.568502426147461,-0.5,45.55426025390625,-0.6132965087890625,-120.01370239257812
1750930276.720243,-1.0,0.5,"[174.0, 185.0, 154.0, 133.0, 133.0, 141.0, 176.0, 220.0, 185.0, 174.0]",9.287463188171387,-0.5,45.619781494140625,-0.6287002563476562,-120.18682861328125
1750930276.739746,-1.0,0.5,"[174.0, 185.0, 155.0, 134.0, 134.0, 141.0, 177.0, 219.0, 185.0, 174.0]",9.729126930236816,-0.5,45.689544677734375,-0.6449260711669922,-120.36773681640625
1750930276.7583551,-1.0,0.5,"[174.0, 185.0, 156.0, 136.0, 135.0, 142.0, 177.0, 184.0, 185.0, 174.0]",9.491759300231934,-0.5,45.761474609375,-0.6611328125,-120.54266357421875
1750930276.776841,-1.0,0.5,"[174.0, 185.0, 156.0, 137.0, 135.0, 142.0, 177.0, 181.0, 185.0, 174.0]",9.757723808288574,-0.5,45.8387451171875,-0.6780948638916016,-120.7210693359375
1750930276.810643,-1.0,0.5,"[174.0, 185.0, 158.0, 138.0, 135.0, 143.0, 177.0, 179.0, 185.0, 174.0]",9.450972557067871,-0.5,45.916961669921875,-0.6948204040527344,-120.892333984375
1750930276.8297696,-1.0,0.5,"[174.0, 185.0, 159.0, 139.0, 136.0, 143.0, 177.0, 176.0, 185.0, 174.0]",9.780973434448242,-0.5,46.001312255859375,-0.7124710083007812,-121.06793212890625
1750930276.8485117,-1.0,0.5,"[174.0, 185.0, 160.0, 140.0, 136.0, 144.0, 177.0, 173.0, 185.0, 174.0]",9.550874710083008,-0.5,46.08746337890625,-0.730072021484375,-121.23751831054688
1750930276.8679996,-1.0,0.5,"[174.0, 185.0, 161.0, 141.0, 136.0, 144.0, 176.0, 172.0, 185.0, 174.0]",9.888788223266602,-0.5,46.17962646484375,-0.7486934661865234,-121.41151428222656
1750930276.8865097,-1.0,0.5,"[174.0, 185.0, 162.0, 143.0, 137.0, 145.0, 176.0, 169.0, 185.0, 174.0]",9.945661544799805,-0.5,46.27581787109375,-0.7678413391113281,-121.58456420898438
1750930276.904557,-1.0,0.5,"[174.0, 185.0, 164.0, 144.0, 137.0, 146.0, 175.0, 166.0, 185.0, 174.0]",9.943853378295898,-0.5,46.375946044921875,-0.7873382568359375,-121.75531005859375
1750930276.923201,-1.0,0.5,"[174.0, 185.0, 165.0, 145.0, 138.0, 146.0, 174.0, 163.0, 185.0, 174.0]",10.094687461853027,-0.5,46.480377197265625,-0.8074874877929688,-121.92691040039062
1750930276.9419875,-1.0,0.5,"[174.0, 185.0, 167.0, 146.0, 138.0, 147.0, 173.0, 160.0, 185.0, 174.0]",10.088140487670898,-0.5,46.588470458984375,-0.8280773162841797,-122.09602355957031
1750930276.9609342,0.0,0.5,"[174.0, 185.0, 170.0, 146.0, 139.0, 148.0, 173.0, 158.0, 182.0, 174.0]",10.08387565612793,-0.5,46.70001220703125,-0.8490791320800781,-122.26272583007812
1750930276.9794788,0.0,0.5,"[174.0, 185.0, 170.0, 146.0, 139.0, 148.0, 172.0, 158.0, 181.0, 174.0]",10.044248580932617,0.0,46.7982177734375,-0.8687210083007812,-122.43685913085938
1750930276.997351,0.0,0.5,"[174.0, 185.0, 170.0, 146.0, 138.0, 148.0, 173.0, 159.0, 183.0, 174.0]",10.325709342956543,0.0,46.884368896484375,-0.8874073028564453,-122.62362670898438
1750930277.0305026,0.0,0.5,"[174.0, 185.0, 169.0, 145.0, 138.0, 148.0, 173.0, 159.0, 185.0, 174.0]",10.047619819641113,0.0,46.9698486328125,-0.9059467315673828,-122.80453491210938
1750930277.0488758,0.0,0.5,"[174.0, 185.0, 169.0, 145.0, 138.0, 148.0, 173.0, 160.0, 185.0, 174.0]",10.381525993347168,0.0,47.057952880859375,-0.9251384735107422,-122.99156188964844
1750930277.0676136,0.0,0.5,"[174.0, 185.0, 169.0, 145.0, 138.0, 148.0, 173.0, 161.0, 185.0, 174.0]",10.289107322692871,0.0,47.145355224609375,-0.944305419921875,-123.1768798828125
1750930277.0860152,0.0,0.5,"[174.0, 185.0, 169.0, 144.0, 137.0, 148.0, 174.0, 162.0, 185.0, 174.0]",10.444111824035645,0.0,47.2342529296875,-0.9637908935546875,-123.36489868164062
1750930277.1047728,0.0,0.5,"[174.0, 185.0, 168.0, 144.0, 137.0, 148.0, 174.0, 163.0, 185.0, 174.0]",10.453413963317871,0.0,47.323089599609375,-0.9833412170410156,-123.55313110351562
1750930277.1238635,0.0,0.5,"[174.0, 185.0, 167.0, 143.0, 137.0, 147.0, 174.0, 164.0, 185.0, 174.0]",10.43195915222168,0.0,47.411773681640625,-1.002939224243164,-123.740966796875
1750930277.1431146,0.0,0.5,"[174.0, 185.0, 167.0, 143.0, 136.0, 147.0, 174.0, 164.0, 185.0, 174.0]",10.440973281860352,0.0,47.500518798828125,-1.0225410461425781,-123.92898559570312
1750930277.1621902,0.0,0.5,"[174.0, 185.0, 167.0, 141.0, 136.0, 147.0, 174.0, 165.0, 185.0, 174.0]",10.760010719299316,0.0,47.592010498046875,-1.0427608489990234,-124.12271118164062
1750930277.1808527,0.0,0.5,"[174.0, 185.0, 167.0, 141.0, 136.0, 147.0, 174.0, 168.0, 185.0, 174.0]",10.577324867248535,0.0,47.682098388671875,-1.0627059936523438,-124.31307983398438
1750930277.1989605,0.0,0.5,"[174.0, 185.0, 167.0, 141.0, 135.0, 146.0, 174.0, 188.0, 185.0, 174.0]",10.720579147338867,0.0,47.77313232421875,-1.0828609466552734,-124.50614929199219
1750930277.217321,0.0,0.5,"[174.0, 185.0, 166.0, 140.0, 135.0, 146.0, 175.0, 202.0, 185.0, 174.0]",10.957939147949219,0.0,47.866363525390625,-1.1034317016601562,-124.70341491699219
1750930277.2502413,0.0,0.5,"[174.0, 185.0, 165.0, 139.0, 134.0, 146.0, 175.0, 211.0, 185.0, 174.0]",10.823081016540527,0.0,47.958282470703125,-1.1237258911132812,-124.89834594726562
1750930277.2686453,-1.0,0.5,"[174.0, 185.0, 165.0, 139.0, 134.0, 146.0, 175.0, 213.0, 185.0, 174.0]",11.166162490844727,0.0,48.053253173828125,-1.1446151733398438,-125.099365234375
1750930277.2870512,-1.0,0.5,"[174.0, 185.0, 165.0, 139.0, 134.0, 146.0, 175.0, 211.0, 185.0, 174.0]",10.781546592712402,-0.5,48.16070556640625,-1.166778564453125,-125.28500366210938
1750930277.3053489,-1.0,0.5,"[174.0, 185.0, 165.0, 139.0, 135.0, 147.0, 174.0, 202.0, 185.0, 174.0]",10.755602836608887,-0.5,48.2830810546875,-1.1907577514648438,-125.46028137207031
1750930277.3235016,-1.0,0.5,"[174.0, 185.0, 165.0, 139.0, 135.0, 157.0, 173.0, 194.0, 185.0, 174.0]",10.629801750183105,-0.5,48.410308837890625,-1.2151298522949219,-125.62884521484375
1750930277.3424015,-1.0,0.5,"[174.0, 185.0, 165.0, 140.0, 136.0, 157.0, 171.0, 185.0, 185.0, 174.0]",10.79534912109375,-0.5,48.543792724609375,-1.2403221130371094,-125.79667663574219
1750930277.3600311,-1.0,0.5,"[174.0, 185.0, 166.0, 141.0, 137.0, 157.0, 171.0, 180.0, 185.0, 174.0]",10.881555557250977,-0.5,48.681610107421875,-1.266031265258789,-125.96311950683594
1750930277.379106,-1.0,0.5,"[174.0, 185.0, 167.0, 141.0, 138.0, 157.0, 170.0, 172.0, 185.0, 174.0]",10.863588333129883,-0.5,48.822662353515625,-1.2920207977294922,-126.1263427734375
1750930277.397867,0.0,0.5,"[174.0, 185.0, 167.0, 143.0, 139.0, 157.0, 170.0, 167.0, 182.0, 174.0]",11.024431228637695,-0.5,48.970245361328125,-1.3188819885253906,-126.28793334960938
1750930277.4171593,0.0,0.5,"[174.0, 185.0, 167.0, 143.0, 139.0, 157.0, 170.0, 167.0, 182.0, 174.0]",10.980175971984863,0.0,49.10516357421875,-1.3439979553222656,-126.45938110351562
1750930277.4513354,0.0,0.5,"[174.0, 185.0, 167.0, 143.0, 139.0, 157.0, 170.0, 172.0, 182.0, 174.0]",10.992167472839355,0.0,49.229095458984375,-1.3676204681396484,-126.639404296875
1750930277.470242,0.0,0.5,"[174.0, 185.0, 165.0, 141.0, 138.0, 157.0, 170.0, 177.0, 182.0, 174.0]",11.051417350769043,0.0,49.352203369140625,-1.3911762237548828,-126.82145690917969
1750930277.489172,0.0,0.5,"[174.0, 185.0, 165.0, 141.0, 138.0, 157.0, 170.0, 181.0, 183.0, 174.0]",11.134044647216797,0.0,49.4761962890625,-1.4148426055908203,-127.00491333007812
1750930277.5083387,0.0,0.5,"[174.0, 185.0, 164.0, 140.0, 138.0, 157.0, 170.0, 185.0, 184.0, 174.0]",11.2189302444458,0.0,49.601165771484375,-1.4387245178222656,-127.18972778320312
1750930277.527621,0.0,0.5,"[174.0, 185.0, 162.0, 139.0, 137.0, 157.0, 170.0, 189.0, 185.0, 174.0]",11.313011169433594,0.0,49.7271728515625,-1.4627914428710938,-127.3760986328125
1750930277.5473905,-1.0,0.5,"[174.0, 185.0, 162.0, 139.0, 137.0, 157.0, 170.0, 192.0, 185.0, 174.0]",11.419315338134766,0.0,49.85443115234375,-1.4870853424072266,-127.56419372558594
1750930277.5666742,-1.0,0.5,"[174.0, 185.0, 162.0, 139.0, 137.0, 157.0, 169.0, 192.0, 184.0, 174.0]",11.199970245361328,-0.5,49.992095947265625,-1.5127086639404297,-127.73902893066406
1750930277.5855675,-1.0,0.5,"[174.0, 185.0, 162.0, 140.0, 138.0, 157.0, 169.0, 188.0, 180.0, 174.0]",11.052101135253906,-0.5,50.14300537109375,-1.540018081665039,-127.89820861816406
1750930277.6047342,-1.0,0.5,"[174.0, 185.0, 164.0, 141.0, 139.0, 157.0, 168.0, 183.0, 177.0, 174.0]",11.10941219329834,-0.5,50.302276611328125,-1.5683364868164062,-128.05050659179688
1750930277.6248524,-1.0,0.5,"[174.0, 185.0, 164.0, 143.0, 140.0, 156.0, 167.0, 179.0, 173.0, 174.0]",11.194912910461426,-0.5,50.4644775390625,-1.5970802307128906,-128.2021484375
1750930277.6446583,0.0,0.5,"[174.0, 185.0, 165.0, 143.0, 142.0, 155.0, 166.0, 175.0, 170.0, 174.0]",11.203295707702637,-0.5,50.631378173828125,-1.626413345336914,-128.3487548828125
1750930277.6635606,0.0,0.5,"[174.0, 185.0, 165.0, 144.0, 142.0, 155.0, 166.0, 173.0, 172.0, 174.0]",11.198556900024414,0.0,50.787933349609375,-1.6541976928710938,-128.5064697265625
1750930277.6828942,0.0,0.5,"[174.0, 185.0, 165.0, 143.0, 142.0, 155.0, 166.0, 177.0, 178.0, 174.0]",11.187228202819824,0.0,50.931488037109375,-1.679971694946289,-128.67616271972656
1750930277.7018542,0.0,0.5,"[174.0, 185.0, 164.0, 143.0, 145.0, 155.0, 166.0, 179.0, 182.0, 174.0]",11.255288124084473,0.0,51.0762939453125,-1.7058219909667969,-128.84654235839844
1750930277.7209132,0.0,0.5,"[174.0, 185.0, 164.0, 141.0, 143.0, 155.0, 166.0, 183.0, 185.0, 174.0]",11.349081039428711,0.0,51.22259521484375,-1.731863021850586,-129.01812744140625
1750930277.7402809,0.0,0.5,"[174.0, 185.0, 162.0, 141.0, 156.0, 154.0, 166.0, 184.0, 185.0, 174.0]",11.50536823272705,0.0,51.37060546875,-1.7582054138183594,-129.1923370361328
1750930277.7599103,0.0,0.5,"[174.0, 185.0, 162.0, 141.0, 156.0, 154.0, 166.0, 187.0, 185.0, 174.0]",11.348509788513184,0.0,51.516876220703125,-1.784128189086914,-129.36392211914062
1750930277.7791336,0.0,0.5,"[174.0, 185.0, 161.0, 140.0, 155.0, 154.0, 166.0, 190.0, 185.0, 174.0]",11.500799179077148,0.0,51.664886474609375,-1.8102664947509766,-129.5380401611328
1750930277.7980907,-1.0,0.5,"[174.0, 185.0, 160.0, 139.0, 155.0, 154.0, 166.0, 193.0, 185.0, 174.0]",11.637672424316406,0.0,51.814849853515625,-1.836660385131836,-129.71408081054688
1750930277.8183243,-1.0,0.5,"[174.0, 185.0, 160.0, 140.0, 155.0, 154.0, 164.0, 192.0, 185.0, 174.0]",11.194336891174316,-0.5,51.97137451171875,-1.8637886047363281,-129.87185668945312
1750930277.8369186,-1.0,0.5,"[174.0, 185.0, 161.0, 141.0, 154.0, 153.0, 163.0, 189.0, 185.0, 174.0]",11.34117317199707,-0.5,52.14300537109375,-1.8931350708007812,-130.0172119140625
1750930277.8721113,0.0,0.5,"[174.0, 185.0, 162.0, 143.0, 153.0, 152.0, 162.0, 184.0, 185.0, 174.0]",11.170392036437988,-0.5,52.3177490234375,-1.9227676391601562,-130.15322875976562
1750930277.8909798,0.0,0.5,"[174.0, 185.0, 163.0, 143.0, 153.0, 151.0, 161.0, 184.0, 185.0, 174.0]",11.29747486114502,0.0,52.485748291015625,-1.9511051177978516,-130.30162048339844
1750930277.910138,0.0,0.0,"[174.0, 185.0, 162.0, 143.0, 153.0, 151.0, 161.0, 187.0, 185.0, 174.0]",11.38659954071045,0.0,52.642730712890625,-1.977569580078125,-130.4644775390625
1750930277.9289362,0.0,0.0,"[174.0, 185.0, 162.0, 141.0, 153.0, 151.0, 161.0, 189.0, 185.0, 174.0]",11.29366397857666,0.0,52.7989501953125,-2.0037307739257812,-130.62548828125
1750930277.94808,0.0,0.0,"[174.0, 185.0, 161.0, 141.0, 152.0, 151.0, 161.0, 190.0, 185.0, 174.0]",11.064054489135742,0.0,52.951934814453125,-2.0291786193847656,-130.7833251953125
1750930277.966142,0.0,0.0,"[174.0, 185.0, 160.0, 141.0, 152.0, 150.0, 161.0, 192.0, 185.0, 174.0]",10.837791442871094,0.0,53.101837158203125,-2.053987503051758,-130.9379425048828
1750930277.9858375,0.0,0.0,"[174.0, 185.0, 159.0, 140.0, 152.0, 150.0, 161.0, 193.0, 185.0, 174.0]",10.608499526977539,0.0,53.24853515625,-2.0781173706054688,-131.08929443359375
1750930278.0053673,0.0,0.0,"[174.0, 185.0, 158.0, 140.0, 152.0, 150.0, 161.0, 193.0, 185.0, 174.0]",10.377599716186523,0.0,53.392120361328125,-2.101512908935547,-131.2373504638672
1750930278.0243008,0.0,0.0,"[174.0, 185.0, 158.0, 139.0, 151.0, 150.0, 161.0, 195.0, 185.0, 174.0]",10.148268699645996,0.0,53.53253173828125,-2.1242103576660156,-131.3821258544922
1750930278.0429385,0.0,0.5,"[174.0, 185.0, 156.0, 139.0, 151.0, 149.0, 161.0, 196.0, 185.0, 174.0]",9.91993236541748,0.0,53.66986083984375,-2.146221160888672,-131.5236358642578
1750930278.0619233,0.0,0.5,"[174.0, 185.0, 156.0, 138.0, 151.0, 149.0, 161.0, 197.0, 185.0, 174.0]",9.690540313720703,0.0,53.80401611328125,-2.1675262451171875,-131.661865234375
1750930278.0807285,0.0,0.5,"[174.0, 185.0, 155.0, 138.0, 150.0, 149.0, 161.0, 197.0, 185.0, 174.0]",10.150209426879883,0.0,53.944549560546875,-2.189676284790039,-131.80667114257812
1750930278.0992846,0.0,0.5,"[174.0, 185.0, 155.0, 137.0, 150.0, 148.0, 160.0, 198.0, 185.0, 174.0]",9.9220609664917,0.0,54.082000732421875,-2.211183547973633,-131.9481964111328
1750930278.1177218,0.0,0.5,"[174.0, 185.0, 153.0, 137.0, 150.0, 148.0, 160.0, 198.0, 185.0, 174.0]",10.03432559967041,0.0,54.22100830078125,-2.2326889038085938,-132.09133911132812
1750930278.1516676,-1.0,0.5,"[174.0, 185.0, 153.0, 136.0, 149.0, 148.0, 160.0, 200.0, 185.0, 174.0]",9.85037899017334,0.0,54.357513427734375,-2.253538131713867,-132.2318572998047
1750930278.1706727,-1.0,0.5,"[174.0, 185.0, 153.0, 137.0, 149.0, 147.0, 160.0, 198.0, 185.0, 174.0]",9.747632026672363,-0.5,54.50494384765625,-2.2760982513427734,-132.35740661621094
1750930278.1895022,-1.0,0.5,"[174.0, 185.0, 155.0, 141.0, 149.0, 146.0, 158.0, 197.0, 185.0, 174.0]",9.725652694702148,-0.5,54.662567138671875,-2.3003196716308594,-132.46875
1750930278.2086234,0.0,0.5,"[174.0, 185.0, 156.0, 173.0, 149.0, 145.0, 156.0, 194.0, 185.0, 174.0]",9.61817741394043,-0.5,54.8211669921875,-2.3245811462402344,-132.57489013671875
1750930278.2276545,0.0,0.5,"[174.0, 185.0, 156.0, 171.0, 148.0, 145.0, 156.0, 193.0, 185.0, 174.0]",9.83087158203125,0.0,54.971466064453125,-2.347085952758789,-132.6996307373047
1750930278.246638,0.0,0.5,"[174.0, 185.0, 155.0, 170.0, 148.0, 144.0, 156.0, 195.0, 185.0, 174.0]",10.025312423706055,0.0,55.116485595703125,-2.368356704711914,-132.83645629882812
1750930278.2655842,0.0,0.5,"[174.0, 185.0, 154.0, 170.0, 148.0, 144.0, 155.0, 195.0, 185.0, 174.0]",9.885520935058594,0.0,55.26129150390625,-2.389436721801758,-132.96939086914062
1750930278.2847972,0.0,0.5,"[174.0, 185.0, 153.0, 169.0, 147.0, 143.0, 155.0, 193.0, 185.0, 174.0]",10.109601020812988,0.0,55.409423828125,-2.4106826782226562,-133.10537719726562
1750930278.3037837,0.0,0.5,"[174.0, 185.0, 153.0, 169.0, 147.0, 143.0, 155.0, 193.0, 185.0, 174.0]",10.198386192321777,0.0,55.558624267578125,-2.4319000244140625,-133.2427978515625
1750930278.3223565,-1.0,0.5,"[174.0, 185.0, 151.0, 168.0, 146.0, 143.0, 154.0, 192.0, 185.0, 174.0]",10.155847549438477,0.0,55.7073974609375,-2.4527206420898438,-133.37953186035156
1750930278.3412797,-1.0,0.5,"[174.0, 185.0, 151.0, 167.0, 146.0, 142.0, 154.0, 190.0, 185.0, 174.0]",9.886194229125977,-0.5,55.862762451171875,-2.4749069213867188,-133.4998016357422
1750930278.3598526,-1.0,0.5,"[174.0, 185.0, 153.0, 164.0, 146.0, 141.0, 152.0, 189.0, 185.0, 174.0]",9.902019500732422,-0.5,56.0294189453125,-2.499176025390625,-133.60398864746094
1750930278.3787725,-1.0,0.5,"[174.0, 185.0, 155.0, 163.0, 146.0, 140.0, 151.0, 189.0, 185.0, 174.0]",9.987812995910645,-0.5,56.199737548828125,-2.5239124298095703,-133.7053680419922
1750930278.3976026,-1.0,0.5,"[174.0, 185.0, 168.0, 162.0, 146.0, 139.0, 149.0, 187.0, 185.0, 174.0]",10.113645553588867,-0.5,56.37469482421875,-2.5491600036621094,-133.80372619628906
1750930278.4315164,-1.0,0.5,"[174.0, 185.0, 227.0, 160.0, 144.0, 137.0, 147.0, 186.0, 185.0, 174.0]",10.131840705871582,-0.5,56.551361083984375,-2.5745105743408203,-133.8997039794922
1750930278.4509828,-1.0,0.5,"[174.0, 185.0, 227.0, 159.0, 143.0, 136.0, 146.0, 185.0, 185.0, 174.0]",10.277480125427246,-0.5,56.733001708984375,-2.6003494262695312,-133.9923553466797
1750930278.4701972,-1.0,0.5,"[174.0, 185.0, 225.0, 160.0, 142.0, 135.0, 144.0, 183.0, 185.0, 174.0]",10.299943923950195,-0.5,56.916412353515625,-2.6262969970703125,-134.08250427246094
1750930278.4891737,0.0,0.5,"[174.0, 185.0, 221.0, 160.0, 140.0, 134.0, 143.0, 180.0, 185.0, 174.0]",10.351740837097168,-0.5,57.103302001953125,-2.6525955200195312,-134.1675567626953
1750930278.5079818,0.0,0.5,"[174.0, 185.0, 220.0, 159.0, 139.0, 134.0, 141.0, 179.0, 185.0, 174.0]",10.407709121704102,0.0,57.281707763671875,-2.6766719818115234,-134.27203369140625
1750930278.526457,0.0,0.5,"[174.0, 185.0, 218.0, 159.0, 139.0, 133.0, 140.0, 179.0, 185.0, 174.0]",10.150500297546387,0.0,57.44854736328125,-2.6983070373535156,-134.3856658935547
1750930278.5448835,0.0,0.5,"[174.0, 185.0, 217.0, 158.0, 138.0, 131.0, 140.0, 176.0, 185.0, 174.0]",10.471949577331543,0.0,57.622589111328125,-2.720775604248047,-134.5
1750930278.5638514,0.0,0.5,"[174.0, 185.0, 215.0, 157.0, 137.0, 130.0, 139.0, 175.0, 185.0, 174.0]",10.361587524414062,0.0,57.794586181640625,-2.7426528930664062,-134.613525390625
1750930278.5827985,0.0,0.5,"[174.0, 185.0, 214.0, 156.0, 136.0, 130.0, 139.0, 173.0, 185.0, 174.0]",10.570671081542969,0.0,57.97027587890625,-2.7646827697753906,-134.72901916503906
1750930278.6014125,0.0,0.5,"[174.0, 185.0, 212.0, 155.0, 136.0, 129.0, 138.0, 170.0, 185.0, 174.0]",10.647443771362305,0.0,58.147064208984375,-2.7866973876953125,-134.8456573486328
1750930278.62028,0.0,0.5,"[174.0, 185.0, 211.0, 155.0, 135.0, 128.0, 137.0, 169.0, 185.0, 174.0]",10.76093578338623,0.0,58.3258056640625,-2.8087005615234375,-134.96348571777344
1750930278.6389081,1.0,0.5,"[174.0, 185.0, 209.0, 154.0, 134.0, 127.0, 136.0, 165.0, 185.0, 174.0]",10.636770248413086,0.0,58.502685546875,-2.8302268981933594,-135.07972717285156
1750930278.657958,1.0,0.5,"[174.0, 185.0, 207.0, 153.0, 133.0, 126.0, 136.0, 164.0, 185.0, 174.0]",10.456883430480957,0.5,58.665771484375,-2.848886489868164,-135.2093048095703
1750930278.6758478,1.0,0.0,"[174.0, 185.0, 207.0, 152.0, 133.0, 125.0, 137.0, 162.0, 185.0, 174.0]",10.266602516174316,0.5,58.814453125,-2.8648128509521484,-135.3500213623047
1750930278.724743,1.0,0.0,"[174.0, 185.0, 209.0, 151.0, 133.0, 125.0, 137.0, 160.0, 185.0, 174.0]",10.4193115234375,0.5,58.9608154296875,-2.8799610137939453,-135.49757385253906
1750930278.7438436,1.0,0.0,"[174.0, 185.0, 209.0, 149.0, 133.0, 125.0, 137.0, 161.0, 185.0, 174.0]",10.183130264282227,0.5,59.10064697265625,-2.893871307373047,-135.64498901367188
1750930278.7456214,1.0,0.0,"[174.0, 185.0, 209.0, 149.0, 133.0, 125.0, 137.0, 161.0, 185.0, 174.0]",9.928335189819336,0.5,59.234161376953125,-2.906667709350586,-135.79141235351562
1750930278.764398,1.0,0.0,"[174.0, 185.0, 209.0, 148.0, 133.0, 124.0, 134.0, 162.0, 185.0, 174.0]",9.67886734008789,0.5,59.361358642578125,-2.918292999267578,-135.93687438964844
1750930278.7836697,1.0,0.0,"[174.0, 185.0, 211.0, 147.0, 131.0, 124.0, 134.0, 162.0, 185.0, 174.0]",9.42857837677002,0.5,59.48260498046875,-2.928874969482422,-136.08091735839844
1750930278.8024533,1.0,0.5,"[174.0, 185.0, 211.0, 146.0, 131.0, 124.0, 133.0, 163.0, 185.0, 174.0]",9.182703971862793,0.5,59.597991943359375,-2.938495635986328,-136.22344970703125
1750930278.8219285,1.0,0.5,"[174.0, 185.0, 211.0, 145.0, 130.0, 124.0, 132.0, 164.0, 185.0, 174.0]",8.934556007385254,0.5,59.707733154296875,-2.947154998779297,-136.3642120361328
1750930278.8409894,1.0,0.5,"[174.0, 185.0, 212.0, 143.0, 129.0, 124.0, 132.0, 164.0, 185.0, 174.0]",9.362897872924805,0.5,59.820220947265625,-2.9555892944335938,-136.513671875
1750930278.8600183,1.0,0.5,"[174.0, 185.0, 212.0, 143.0, 128.0, 124.0, 132.0, 164.0, 185.0, 174.0]",9.118821144104004,0.5,59.927001953125,-2.9631385803222656,-136.66134643554688
1750930278.8798397,1.0,0.5,"[174.0, 185.0, 214.0, 143.0, 127.0, 123.0, 131.0, 162.0, 185.0, 174.0]",9.33073616027832,0.5,60.033538818359375,-2.9702491760253906,-136.8143768310547
1750930278.8997965,1.0,0.5,"[174.0, 185.0, 215.0, 143.0, 126.0, 123.0, 131.0, 162.0, 185.0, 174.0]",9.150646209716797,0.5,60.13592529296875,-2.9766902923583984,-136.9659423828125
1750930278.9199553,1.0,0.5,"[174.0, 185.0, 217.0, 143.0, 125.0, 123.0, 131.0, 161.0, 185.0, 174.0]",9.234776496887207,0.5,60.234588623046875,-2.982219696044922,-137.1219940185547
1750930278.9393973,1.0,0.5,"[174.0, 185.0, 217.0, 143.0, 125.0, 123.0, 131.0, 159.0, 185.0, 174.0]",9.45799732208252,0.5,60.3348388671875,-2.9876785278320312,-137.2823028564453
1750930278.9590816,1.0,0.5,"[174.0, 185.0, 226.0, 144.0, 124.0, 123.0, 131.0, 159.0, 185.0, 174.0]",9.302570343017578,0.5,60.429412841796875,-2.992237091064453,-137.44247436523438
1750930278.9782813,1.0,0.5,"[174.0, 185.0, 225.0, 144.0, 123.0, 124.0, 131.0, 158.0, 185.0, 174.0]",9.594051361083984,0.5,60.523468017578125,-2.996278762817383,-137.6096649169922
1750930278.9968567,1.0,0.5,"[174.0, 185.0, 223.0, 144.0, 122.0, 123.0, 130.0, 158.0, 185.0, 174.0]",9.316388130187988,0.5,60.612457275390625,-2.999755859375,-137.77333068847656
1750930279.0301945,1.0,0.5,"[174.0, 185.0, 223.0, 145.0, 121.0, 122.0, 131.0, 158.0, 185.0, 174.0]",9.630950927734375,0.5,60.701080322265625,-3.0027084350585938,-137.94432067871094
1750930279.0486636,1.0,0.5,"[174.0, 185.0, 221.0, 145.0, 121.0, 121.0, 131.0, 158.0, 185.0, 174.0]",9.427032470703125,0.5,60.784820556640625,-3.005014419555664,-138.1132354736328
1750930279.0667377,1.0,0.5,"[174.0, 185.0, 220.0, 146.0, 120.0, 120.0, 131.0, 156.0, 185.0, 174.0]",9.771448135375977,0.5,60.8681640625,-3.0067367553710938,-138.2899932861328
1750930279.085376,1.0,0.5,"[174.0, 185.0, 220.0, 146.0, 120.0, 119.0, 131.0, 156.0, 185.0, 174.0]",9.479813575744629,0.5,60.945404052734375,-3.0077171325683594,-138.46315002441406
1750930279.1036782,1.0,0.5,"[174.0, 185.0, 218.0, 147.0, 117.0, 118.0, 131.0, 156.0, 185.0, 174.0]",9.713451385498047,0.5,61.020965576171875,-3.0080947875976562,-138.64212036132812
1750930279.1217139,1.0,0.5,"[174.0, 185.0, 218.0, 148.0, 117.0, 117.0, 131.0, 156.0, 185.0, 174.0]",9.721558570861816,0.5,61.0947265625,-3.0081348419189453,-138.82200622558594
1750930279.1395452,1.0,0.5,"[174.0, 185.0, 217.0, 149.0, 118.0, 117.0, 131.0, 156.0, 185.0, 174.0]",9.677987098693848,0.5,61.162353515625,-3.0072174072265625,-139.00335693359375
1750930279.1581814,1.0,0.5,"[174.0, 185.0, 217.0, 151.0, 118.0, 116.0, 130.0, 158.0, 185.0, 174.0]",9.881155967712402,0.5,61.229156494140625,-3.0059127807617188,-139.18934631347656
1750930279.1765509,1.0,0.5,"[174.0, 185.0, 215.0, 152.0, 119.0, 115.0, 129.0, 158.0, 185.0, 174.0]",9.870319366455078,0.5,61.292266845703125,-3.0040225982666016,-139.3763885498047
1750930279.2230132,1.0,0.5,"[174.0, 185.0, 215.0, 153.0, 119.0, 114.0, 128.0, 158.0, 185.0, 174.0]",9.991510391235352,0.5,61.352325439453125,-3.0015220642089844,-139.56695556640625
1750930279.241568,1.0,0.5,"[174.0, 185.0, 214.0, 154.0, 120.0, 113.0, 126.0, 158.0, 185.0, 174.0]",10.010361671447754,0.5,61.408843994140625,-2.9984512329101562,-139.75900268554688
1750930279.2431378,1.0,0.5,"[174.0, 185.0, 214.0, 154.0, 120.0, 113.0, 126.0, 158.0, 185.0, 174.0]",10.028569221496582,0.5,61.46148681640625,-2.9948177337646484,-139.95249938964844
1750930279.2606885,1.0,0.5,"[174.0, 185.0, 212.0, 158.0, 121.0, 110.0, 123.0, 158.0, 185.0, 174.0]",10.086023330688477,0.5,61.51043701171875,-2.9905433654785156,-140.1481475830078
1750930279.2784882,1.0,0.5,"[174.0, 185.0, 212.0, 160.0, 122.0, 110.0, 122.0, 156.0, 185.0, 174.0]",10.14773941040039,0.5,61.5556640625,-2.9856300354003906,-140.345947265625
1750930279.2967534,1.0,0.5,"[174.0, 185.0, 211.0, 161.0, 123.0, 111.0, 121.0, 153.0, 185.0, 174.0]",10.131205558776855,0.5,61.596649169921875,-2.980100631713867,-140.5443115234375
1750930279.3278806,1.0,0.5,"[174.0, 185.0, 211.0, 170.0, 124.0, 111.0, 119.0, 151.0, 185.0, 174.0]",10.110811233520508,0.5,61.633331298828125,-2.973958969116211,-140.74307250976562
1750930279.3457398,1.0,0.5,"[174.0, 185.0, 209.0, 169.0, 125.0, 112.0, 119.0, 150.0, 185.0, 174.0]",10.131486892700195,0.5,61.66607666015625,-2.9672298431396484,-140.9429168701172
1750930279.3638852,1.0,0.5,"[174.0, 185.0, 209.0, 169.0, 126.0, 112.0, 118.0, 147.0, 185.0, 174.0]",10.320384979248047,0.5,61.696014404296875,-2.959888458251953,-141.14700317382812
1750930279.3819463,1.0,0.5,"[174.0, 185.0, 207.0, 168.0, 127.0, 113.0, 114.0, 145.0, 185.0, 174.0]",10.116036415100098,0.5,61.720184326171875,-2.951932907104492,-141.34771728515625
1750930279.399793,1.0,0.5,"[174.0, 185.0, 207.0, 167.0, 128.0, 113.0, 114.0, 144.0, 185.0, 174.0]",10.27414608001709,0.5,61.740966796875,-2.943319320678711,-141.55197143554688
1750930279.4179492,1.0,0.5,"[174.0, 185.0, 206.0, 167.0, 129.0, 114.0, 115.0, 141.0, 185.0, 174.0]",10.238482475280762,0.5,61.757537841796875,-2.934141159057617,-141.755859375
1750930279.435916,1.0,0.5,"[174.0, 185.0, 206.0, 166.0, 130.0, 115.0, 115.0, 139.0, 185.0, 174.0]",10.240555763244629,0.5,61.77020263671875,-2.9244041442871094,-141.96005249023438
1750930279.482131,1.0,0.5,"[174.0, 185.0, 204.0, 166.0, 133.0, 116.0, 116.0, 137.0, 185.0, 174.0]",10.440673828125,0.5,61.779083251953125,-2.9139041900634766,-142.1684112548828
1750930279.4998822,1.0,0.5,"[174.0, 185.0, 204.0, 164.0, 134.0, 116.0, 116.0, 131.0, 185.0, 174.0]",10.33553409576416,0.5,61.78228759765625,-2.902679443359375,-142.37478637695312
1750930279.5015237,1.0,0.5,"[174.0, 185.0, 204.0, 164.0, 134.0, 116.0, 116.0, 131.0, 185.0, 174.0]",10.499914169311523,0.5,61.782562255859375,-2.890796661376953,-142.58444213867188
1750930279.5194418,1.0,0.5,"[174.0, 185.0, 203.0, 163.0, 137.0, 118.0, 118.0, 133.0, 185.0, 174.0]",10.35518741607666,0.5,61.777374267578125,-2.878246307373047,-142.79110717773438
1750930279.5371041,1.0,0.5,"[174.0, 185.0, 201.0, 163.0, 138.0, 119.0, 118.0, 133.0, 185.0, 174.0]",10.534193992614746,0.5,61.769195556640625,-2.865020751953125,-143.001220703125
1750930279.5702085,1.0,0.5,"[174.0, 185.0, 201.0, 162.0, 140.0, 121.0, 119.0, 134.0, 185.0, 174.0]",10.566667556762695,0.5,61.754608154296875,-2.8508262634277344,-143.21157836914062
1750930279.588577,1.0,0.5,"[174.0, 185.0, 200.0, 161.0, 141.0, 122.0, 121.0, 134.0, 178.0, 174.0]",10.49851131439209,0.5,61.737274169921875,-2.8363285064697266,-143.4203338623047
1750930279.6063416,1.0,0.5,"[174.0, 185.0, 198.0, 161.0, 150.0, 123.0, 122.0, 136.0, 179.0, 174.0]",10.485047340393066,0.5,61.713470458984375,-2.8208885192871094,-143.62811279296875
1750930279.6252737,1.0,0.5,"[174.0, 185.0, 197.0, 160.0, 149.0, 124.0, 123.0, 137.0, 179.0, 174.0]",10.50621509552002,0.5,61.687469482421875,-2.8051013946533203,-143.83602905273438
1750930279.6448023,1.0,0.5,"[174.0, 185.0, 195.0, 160.0, 149.0, 125.0, 124.0, 137.0, 180.0, 174.0]",10.801898002624512,0.5,61.655548095703125,-2.7880916595458984,-144.04901123046875
1750930279.664469,1.0,0.5,"[174.0, 185.0, 193.0, 159.0, 148.0, 127.0, 125.0, 139.0, 182.0, 174.0]",10.513280868530273,0.5,61.619842529296875,-2.770853042602539,-144.25550842285156
1750930279.684559,1.0,0.5,"[174.0, 185.0, 190.0, 158.0, 147.0, 129.0, 126.0, 141.0, 183.0, 174.0]",10.781477928161621,0.5,61.57830810546875,-2.752408981323242,-144.46629333496094
1750930279.704537,1.0,0.5,"[174.0, 185.0, 189.0, 158.0, 147.0, 130.0, 128.0, 142.0, 185.0, 174.0]",10.421789169311523,0.5,61.5338134765625,-2.7339210510253906,-144.66908264160156
1750930279.7241778,1.0,0.5,"[174.0, 185.0, 187.0, 156.0, 146.0, 131.0, 130.0, 144.0, 185.0, 174.0]",10.744297981262207,0.5,61.483551025390625,-2.7141857147216797,-144.8770751953125
1750930279.744345,1.0,0.5,"[174.0, 185.0, 185.0, 156.0, 146.0, 134.0, 131.0, 145.0, 185.0, 174.0]",10.703819274902344,0.5,61.430145263671875,-2.6940078735351562,-145.08340454101562
1750930279.7643044,1.0,0.5,"[174.0, 185.0, 183.0, 155.0, 145.0, 136.0, 132.0, 147.0, 185.0, 174.0]",10.602178573608398,0.5,61.370941162109375,-2.6731185913085938,-145.2859344482422
1750930279.7846944,1.0,0.5,"[174.0, 185.0, 181.0, 155.0, 144.0, 147.0, 134.0, 148.0, 185.0, 174.0]",10.664353370666504,0.5,61.30816650390625,-2.6515979766845703,-145.48863220214844
1750930279.804469,1.0,0.5,"[174.0, 185.0, 179.0, 154.0, 144.0, 151.0, 136.0, 150.0, 185.0, 174.0]",10.58533000946045,0.5,61.240814208984375,-2.6294937133789062,-145.6881103515625
1750930279.8249865,1.0,0.5,"[174.0, 185.0, 177.0, 154.0, 143.0, 150.0, 138.0, 153.0, 185.0, 174.0]",10.693408966064453,0.5,61.16845703125,-2.6065235137939453,-145.88804626464844
1750930279.8451703,1.0,0.5,"[174.0, 185.0, 175.0, 153.0, 142.0, 149.0, 139.0, 155.0, 185.0, 174.0]",10.683445930480957,0.5,61.093231201171875,-2.583160400390625,-146.086669921875
1750930279.8647823,1.0,0.5,"[174.0, 185.0, 173.0, 151.0, 142.0, 149.0, 141.0, 156.0, 185.0, 174.0]",10.806170463562012,0.5,61.011322021484375,-2.5586795806884766,-146.28517150878906
1750930279.884845,1.0,0.5,"[174.0, 185.0, 171.0, 149.0, 141.0, 148.0, 143.0, 159.0, 185.0, 174.0]",10.97095012664795,0.5,60.923797607421875,-2.5331974029541016,-146.48475646972656
1750930279.9049284,1.0,0.5,"[174.0, 185.0, 169.0, 147.0, 141.0, 147.0, 145.0, 161.0, 185.0, 174.0]",10.827851295471191,0.5,60.83355712890625,-2.5075302124023438,-146.679931640625
1750930279.925161,1.0,0.5,"[174.0, 185.0, 167.0, 145.0, 140.0, 146.0, 147.0, 163.0, 185.0, 174.0]",10.914015769958496,0.5,60.7381591796875,-2.481109619140625,-146.87448120117188
1750930279.9453301,1.0,0.5,"[174.0, 185.0, 164.0, 144.0, 140.0, 146.0, 151.0, 165.0, 185.0, 174.0]",10.733366012573242,0.5,60.6405029296875,-2.454578399658203,-147.06378173828125
1750930279.9661613,1.0,0.5,"[174.0, 185.0, 162.0, 141.0, 139.0, 145.0, 160.0, 168.0, 185.0, 174.0]",10.844551086425781,0.5,60.537078857421875,-2.4271392822265625,-147.25244140625
1750930279.986385,1.0,0.5,"[174.0, 185.0, 159.0, 140.0, 139.0, 144.0, 168.0, 170.0, 185.0, 174.0]",10.930746078491211,0.5,60.428558349609375,-2.3988895416259766,-147.4401092529297
1750930280.0071864,0.0,0.5,"[174.0, 185.0, 156.0, 138.0, 137.0, 143.0, 170.0, 173.0, 185.0, 174.0]",10.962506294250488,0.5,60.316009521484375,-2.3701305389404297,-147.6260528564453
1750930280.0274656,0.0,0.5,"[174.0, 185.0, 155.0, 137.0, 137.0, 143.0, 170.0, 173.0, 185.0, 174.0]",10.90070915222168,0.0,60.21820068359375,-2.342805862426758,-147.8189697265625
1750930280.047564,0.0,0.5,"[174.0, 185.0, 155.0, 137.0, 136.0, 143.0, 169.0, 173.0, 185.0, 174.0]",10.88172721862793,0.0,60.134918212890625,-2.3169994354248047,-148.01837158203125
1750930280.067869,0.0,0.5,"[174.0, 185.0, 155.0, 136.0, 136.0, 143.0, 169.0, 173.0, 185.0, 174.0]",10.802162170410156,0.0,60.051605224609375,-2.291229248046875,-148.21603393554688
1750930280.088521,0.0,0.5,"[174.0, 185.0, 154.0, 136.0, 136.0, 143.0, 169.0, 173.0, 185.0, 174.0]",11.016530990600586,0.0,59.96649169921875,-2.2649154663085938,-148.4175567626953
1750930280.108617,0.0,0.5,"[174.0, 185.0, 153.0, 136.0, 135.0, 142.0, 169.0, 173.0, 185.0, 174.0]",10.895947456359863,0.0,59.882659912109375,-2.238779067993164,-148.6169891357422
1750930280.128798,0.0,0.5,"[174.0, 185.0, 153.0, 135.0, 135.0, 142.0, 168.0, 173.0, 185.0, 174.0]",11.083024024963379,0.0,59.797088623046875,-2.2120628356933594,-148.81971740722656
1750930280.1496916,0.0,0.5,"[174.0, 185.0, 151.0, 134.0, 135.0, 142.0, 168.0, 173.0, 185.0, 174.0]",10.783920288085938,0.0,59.7139892578125,-2.1859664916992188,-149.0170135498047
1750930280.169557,0.0,0.5,"[174.0, 185.0, 151.0, 134.0, 134.0, 142.0, 168.0, 173.0, 185.0, 174.0]",11.14805793762207,0.0,59.627960205078125,-2.158885955810547,-149.22091674804688
1750930280.1895971,0.0,0.5,"[174.0, 185.0, 150.0, 133.0, 134.0, 141.0, 168.0, 173.0, 185.0, 174.0]",11.05179214477539,0.0,59.542633056640625,-2.1319236755371094,-149.42303466796875
1750930280.2098129,0.0,0.5,"[174.0, 185.0, 150.0, 133.0, 133.0, 141.0, 167.0, 175.0, 185.0, 174.0]",11.211713790893555,0.0,59.456390380859375,-2.104461669921875,-149.62818908691406
1750930280.2300305,0.0,0.5,"[174.0, 185.0, 149.0, 133.0, 133.0, 141.0, 167.0, 176.0, 185.0, 174.0]",10.995833396911621,0.0,59.3714599609375,-2.077411651611328,-149.82923889160156
1750930280.2507093,0.0,0.5,"[174.0, 185.0, 148.0, 132.0, 131.0, 141.0, 167.0, 177.0, 185.0, 174.0]",11.058250427246094,0.0,59.286163330078125,-2.0500755310058594,-150.0314483642578
1750930280.2709835,0.0,0.5,"[174.0, 185.0, 148.0, 132.0, 131.0, 141.0, 166.0, 179.0, 185.0, 174.0]",11.077789306640625,0.0,59.200469970703125,-2.0225601196289062,-150.23390197753906
1750930280.291689,0.0,0.5,"[174.0, 185.0, 147.0, 131.0, 130.0, 140.0, 166.0, 180.0, 185.0, 174.0]",11.300981521606445,0.0,59.113616943359375,-1.9944190979003906,-150.44065856933594
1750930280.3120222,0.0,0.5,"[174.0, 185.0, 147.0, 131.0, 130.0, 140.0, 166.0, 181.0, 185.0, 174.0]",11.102360725402832,0.0,59.027984619140625,-1.96661376953125,-150.6436309814453
1750930280.3320906,0.0,0.5,"[174.0, 185.0, 145.0, 130.0, 130.0, 140.0, 164.0, 183.0, 185.0, 174.0]",11.206934928894043,0.0,58.941864013671875,-1.9384307861328125,-150.8486328125
1750930280.3528063,-1.0,0.5,"[174.0, 185.0, 145.0, 130.0, 129.0, 140.0, 164.0, 184.0, 185.0, 174.0]",11.235034942626953,0.0,58.855133056640625,-1.9099903106689453,-151.053955078125
1750930280.373037,-1.0,0.5,"[174.0, 185.0, 145.0, 130.0, 130.0, 140.0, 164.0, 183.0, 185.0, 174.0]",10.97234058380127,-0.5,58.786285400390625,-1.883636474609375,-151.26063537597656
1750930280.3928792,-1.0,0.5,"[174.0, 185.0, 147.0, 132.0, 130.0, 140.0, 164.0, 179.0, 185.0, 174.0]",10.92133903503418,-0.5,58.736480712890625,-1.8593788146972656,-151.471923828125
1750930280.4131932,-1.0,0.5,"[174.0, 185.0, 148.0, 133.0, 131.0, 140.0, 166.0, 176.0, 185.0, 174.0]",10.780790328979492,-0.5,58.696685791015625,-1.8363780975341797,-151.68258666992188
1750930280.4332256,0.0,0.5,"[174.0, 185.0, 150.0, 134.0, 133.0, 140.0, 166.0, 173.0, 185.0, 174.0]",10.9321870803833,-0.5,58.65911865234375,-1.8132438659667969,-151.896728515625
1750930280.452893,0.0,0.5,"[174.0, 185.0, 151.0, 134.0, 134.0, 140.0, 166.0, 172.0, 185.0, 174.0]",10.798469543457031,0.0,58.607818603515625,-1.7887649536132812,-152.10507202148438
1750930280.4725351,0.0,0.5,"[174.0, 185.0, 150.0, 134.0, 133.0, 140.0, 166.0, 173.0, 185.0, 174.0]",10.767149925231934,0.0,58.539825439453125,-1.7626056671142578,-152.30772399902344
1750930280.4925833,0.0,0.5,"[174.0, 185.0, 150.0, 133.0, 133.0, 140.0, 166.0, 175.0, 185.0, 174.0]",10.746208190917969,0.0,58.47393798828125,-1.7364845275878906,-152.5106201171875
1750930280.5125904,0.0,0.5,"[174.0, 185.0, 150.0, 133.0, 131.0, 140.0, 164.0, 175.0, 185.0, 174.0]",10.815640449523926,0.0,58.407562255859375,-1.7100238800048828,-152.7147979736328
1750930280.5323694,0.0,0.5,"[174.0, 185.0, 149.0, 132.0, 131.0, 140.0, 164.0, 176.0, 185.0, 174.0]",10.709671020507812,0.0,58.342010498046875,-1.6836738586425781,-152.91700744628906
1750930280.551875,-1.0,0.5,"[174.0, 185.0, 148.0, 132.0, 131.0, 140.0, 164.0, 177.0, 185.0, 174.0]",10.659136772155762,0.0,58.275787353515625,-1.657236099243164,-153.117919921875
1750930280.5721223,-1.0,0.5,"[174.0, 185.0, 150.0, 133.0, 131.0, 140.0, 164.0, 176.0, 185.0, 174.0]",10.736590385437012,-0.5,58.228118896484375,-1.632364273071289,-153.3258056640625
1750930280.5919158,-1.0,0.5,"[174.0, 185.0, 151.0, 133.0, 133.0, 140.0, 164.0, 173.0, 185.0, 174.0]",10.389595031738281,-0.5,58.19976806640625,-1.6100006103515625,-153.53042602539062
1750930280.6116524,0.0,0.5,"[174.0, 185.0, 153.0, 134.0, 135.0, 140.0, 164.0, 170.0, 185.0, 174.0]",10.532692909240723,-0.5,58.176849365234375,-1.587881088256836,-153.73866271972656
1750930280.631762,0.0,0.5,"[174.0, 185.0, 154.0, 135.0, 135.0, 140.0, 163.0, 170.0, 185.0, 174.0]",10.427019119262695,0.0,58.141387939453125,-1.5646305084228516,-153.94284057617188
1750930280.6519134,0.0,0.5,"[174.0, 185.0, 154.0, 134.0, 135.0, 140.0, 163.0, 170.0, 185.0, 174.0]",10.357946395874023,0.0,58.091461181640625,-1.5400314331054688,-154.14239501953125
1750930280.6718605,0.0,0.5,"[174.0, 185.0, 154.0, 134.0, 135.0, 140.0, 163.0, 170.0, 185.0, 174.0]",10.380571365356445,0.0,58.04046630859375,-1.5152130126953125,-154.34210205078125
1750930280.6930854,0.0,0.5,"[174.0, 185.0, 153.0, 134.0, 134.0, 140.0, 163.0, 172.0, 185.0, 174.0]",10.530367851257324,0.0,57.988861083984375,-1.4899272918701172,-154.5447235107422
1750930280.7149394,0.0,0.5,"[174.0, 185.0, 153.0, 133.0, 134.0, 140.0, 163.0, 172.0, 185.0, 174.0]",10.577082633972168,0.0,57.936767578125,-1.4644222259521484,-154.74815368652344
1750930280.7347507,0.0,0.5,"[174.0, 185.0, 153.0, 133.0, 134.0, 140.0, 163.0, 172.0, 185.0, 174.0]",10.618756294250488,0.0,57.884674072265625,-1.4388427734375,-154.9524383544922
1750930280.7550423,0.0,0.5,"[174.0, 185.0, 151.0, 133.0, 134.0, 140.0, 163.0, 173.0, 185.0, 174.0]",10.701412200927734,0.0,57.83209228515625,-1.4130268096923828,-155.15829467773438
1750930280.7750611,0.0,0.5,"[174.0, 185.0, 151.0, 133.0, 133.0, 140.0, 163.0, 173.0, 185.0, 174.0]",10.676514625549316,0.0,57.779693603515625,-1.3872203826904297,-155.36367797851562
1750930280.7950065,-1.0,0.5,"[174.0, 185.0, 151.0, 132.0, 133.0, 140.0, 163.0, 175.0, 185.0, 174.0]",10.539021492004395,0.0,57.72796630859375,-1.361684799194336,-155.56642150878906
1750930280.814447,-1.0,0.5,"[174.0, 185.0, 151.0, 133.0, 134.0, 140.0, 162.0, 173.0, 185.0, 174.0]",10.334961891174316,-0.5,57.692626953125,-1.3380718231201172,-155.76870727539062
1750930280.8349183,-1.0,0.5,"[174.0, 185.0, 153.0, 134.0, 135.0, 140.0, 161.0, 171.0, 185.0, 174.0]",10.115837097167969,-0.5,57.6768798828125,-1.3167896270751953,-155.9692840576172
1750930280.8550656,0.0,0.5,"[174.0, 185.0, 154.0, 136.0, 136.0, 140.0, 160.0, 168.0, 185.0, 174.0]",10.182750701904297,-0.5,57.667022705078125,-1.2959880828857422,-156.171630859375
1750930280.8751047,0.0,0.5,"[174.0, 185.0, 155.0, 136.0, 136.0, 140.0, 159.0, 167.0, 185.0, 174.0]",10.09106731414795,0.0,57.64447021484375,-1.2741870880126953,-156.37100219726562
1750930280.8952596,0.0,0.5,"[174.0, 185.0, 154.0, 136.0, 136.0, 140.0, 159.0, 168.0, 185.0, 174.0]",10.21069049835205,0.0,57.6058349609375,-1.2506637573242188,-156.5701446533203
1750930280.9150956,0.0,0.5,"[174.0, 185.0, 153.0, 136.0, 136.0, 140.0, 159.0, 168.0, 185.0, 174.0]",10.147093772888184,0.0,57.56732177734375,-1.2272529602050781,-156.7680206298828
1750930280.9345777,0.0,0.5,"[174.0, 185.0, 153.0, 135.0, 136.0, 140.0, 159.0, 169.0, 185.0, 174.0]",10.097065925598145,0.0,57.529876708984375,-1.2039871215820312,-156.965087890625
1750930280.9544182,0.0,0.5,"[174.0, 185.0, 153.0, 134.0, 136.0, 140.0, 159.0, 170.0, 185.0, 174.0]",10.400290489196777,0.0,57.49041748046875,-1.1798229217529297,-157.16787719726562
1750930280.9744225,-1.0,0.5,"[174.0, 185.0, 153.0, 134.0, 136.0, 140.0, 159.0, 170.0, 185.0, 174.0]",10.223226547241211,0.0,57.45172119140625,-1.1560382843017578,-157.3672332763672
1750930280.9943411,-1.0,0.5,"[174.0, 185.0, 153.0, 135.0, 136.0, 140.0, 158.0, 169.0, 185.0, 174.0]",10.09703254699707,-0.5,57.4302978515625,-1.1339607238769531,-157.5668182373047
1750930281.015288,-1.0,0.5,"[174.0, 185.0, 155.0, 137.0, 136.0, 141.0, 156.0, 165.0, 185.0, 174.0]",9.862783432006836,-0.5,57.429443359375,-1.1142444610595703,-157.76307678222656
1750930281.034474,0.0,0.5,"[174.0, 185.0, 156.0, 138.0, 137.0, 141.0, 154.0, 164.0, 185.0, 174.0]",9.886357307434082,-0.5,57.433441162109375,-1.0948982238769531,-157.95980834960938
1750930281.0541956,0.0,0.5,"[174.0, 185.0, 156.0, 138.0, 137.0, 141.0, 154.0, 163.0, 185.0, 174.0]",9.865436553955078,0.0,57.41424560546875,-1.0733604431152344,-158.15499877929688
1750930281.0736287,0.0,0.5,"[174.0, 185.0, 156.0, 138.0, 136.0, 141.0, 154.0, 164.0, 185.0, 174.0]",9.959857940673828,0.0,57.384674072265625,-1.0506954193115234,-158.35067749023438
1750930281.0934205,0.0,0.5,"[174.0, 185.0, 155.0, 138.0, 136.0, 140.0, 154.0, 164.0, 185.0, 174.0]",9.844629287719727,0.0,57.35845947265625,-1.0284881591796875,-158.5445556640625
1750930281.1128068,0.0,0.5,"[174.0, 185.0, 155.0, 137.0, 136.0, 140.0, 154.0, 164.0, 185.0, 174.0]",10.243356704711914,0.0,57.330596923828125,-1.0052165985107422,-158.74618530273438
1750930281.1322846,0.0,0.5,"[174.0, 185.0, 155.0, 137.0, 136.0, 140.0, 154.0, 164.0, 185.0, 174.0]",9.9741792678833,0.0,57.303558349609375,-0.9824695587158203,-158.94252014160156
1750930281.15193,0.0,0.5,"[174.0, 185.0, 155.0, 137.0, 136.0, 140.0, 154.0, 164.0, 185.0, 174.0]",10.228225708007812,0.0,57.275848388671875,-0.9590911865234375,-159.1438446044922
1750930281.1716065,0.0,0.5,"[174.0, 185.0, 154.0, 137.0, 136.0, 140.0, 154.0, 164.0, 185.0, 174.0]",9.864665031433105,0.0,57.249237060546875,-0.9365482330322266,-159.33802795410156
1750930281.1915386,0.0,0.5,"[174.0, 185.0, 153.0, 137.0, 136.0, 140.0, 154.0, 165.0, 185.0, 174.0]",10.132192611694336,0.0,57.222015380859375,-0.9134082794189453,-159.53749084472656
1750930281.2105157,0.0,0.5,"[174.0, 185.0, 153.0, 136.0, 136.0, 140.0, 154.0, 165.0, 185.0, 174.0]",10.176427841186523,0.0,57.1947021484375,-0.8900585174560547,-159.73782348632812
1750930281.2298207,0.0,0.5,"[174.0, 185.0, 153.0, 136.0, 136.0, 139.0, 153.0, 165.0, 185.0, 174.0]",10.158653259277344,0.0,57.166778564453125,-0.8666057586669922,-159.9376983642578
1750930281.2490413,0.0,0.5,"[174.0, 185.0, 151.0, 135.0, 136.0, 139.0, 153.0, 166.0, 185.0, 174.0]",10.152506828308105,0.0,57.139495849609375,-0.8431797027587891,-160.13754272460938
1750930281.2685652,0.0,0.5,"[174.0, 185.0, 151.0, 135.0, 135.0, 139.0, 153.0, 165.0, 185.0, 174.0]",10.171890258789062,0.0,57.111358642578125,-0.8196430206298828,-160.337646484375
1750930281.287932,0.0,0.5,"[174.0, 185.0, 151.0, 134.0, 135.0, 139.0, 153.0, 166.0, 185.0, 174.0]",10.322798728942871,0.0,57.083709716796875,-0.7958736419677734,-160.54086303710938
1750930281.3070009,0.0,0.5,"[174.0, 185.0, 151.0, 134.0, 135.0, 139.0, 152.0, 166.0, 185.0, 174.0]",10.131505966186523,0.0,57.05596923828125,-0.7724380493164062,-160.74021911621094
1750930281.3263395,0.0,0.5,"[174.0, 185.0, 150.0, 134.0, 135.0, 139.0, 152.0, 166.0, 185.0, 174.0]",10.415972709655762,0.0,57.027923583984375,-0.7483291625976562,-160.9452362060547
1750930281.3460336,-1.0,0.5,"[174.0, 185.0, 150.0, 133.0, 135.0, 138.0, 152.0, 167.0, 185.0, 174.0]",10.320887565612793,0.0,57.0001220703125,-0.7243728637695312,-161.1483612060547
1750930281.3640423,-1.0,0.5,"[174.0, 185.0, 150.0, 134.0, 135.0, 138.0, 151.0, 165.0, 185.0, 174.0]",10.262130737304688,-0.5,56.987701416015625,-0.7016181945800781,-161.35195922851562
1750930281.3839362,0.0,0.5,"[174.0, 185.0, 151.0, 136.0, 135.0, 139.0, 149.0, 162.0, 185.0, 174.0]",9.947139739990234,-0.5,56.996490478515625,-0.6812839508056641,-161.54966735839844
1750930281.402979,0.0,0.5,"[174.0, 185.0, 153.0, 137.0, 135.0, 139.0, 148.0, 162.0, 185.0, 174.0]",9.93192195892334,0.0,56.98956298828125,-0.6597137451171875,-161.74700927734375
1750930281.4223113,0.0,0.5,"[174.0, 185.0, 151.0, 137.0, 135.0, 138.0, 148.0, 162.0, 185.0, 174.0]",9.92464828491211,0.0,56.969268798828125,-0.6371250152587891,-161.9431610107422
1750930281.4412124,0.0,0.5,"[174.0, 185.0, 151.0, 137.0, 135.0, 138.0, 148.0, 162.0, 185.0, 174.0]",9.885146141052246,0.0,56.94970703125,-0.6146163940429688,-162.1385955810547
1750930281.4602098,0.0,0.5,"[174.0, 185.0, 151.0, 137.0, 135.0, 138.0, 148.0, 162.0, 185.0, 174.0]",10.013152122497559,0.0,56.929962158203125,-0.5918598175048828,-162.33657836914062
1750930281.479209,0.0,0.5,"[174.0, 185.0, 151.0, 137.0, 135.0, 138.0, 148.0, 162.0, 185.0, 174.0]",9.872715950012207,0.0,56.91082763671875,-0.5694370269775391,-162.5318145751953
1750930281.4984593,0.0,0.5,"[174.0, 185.0, 151.0, 138.0, 135.0, 138.0, 148.0, 162.0, 185.0, 174.0]",10.195046424865723,0.0,56.89056396484375,-0.5461540222167969,-162.73336791992188
1750930281.5178974,-1.0,0.5,"[174.0, 185.0, 150.0, 138.0, 135.0, 138.0, 148.0, 162.0, 185.0, 174.0]",9.877628326416016,0.0,56.871185302734375,-0.5235824584960938,-162.9286651611328
1750930281.5374436,-1.0,0.5,"[174.0, 185.0, 151.0, 139.0, 135.0, 138.0, 147.0, 161.0, 185.0, 174.0]",9.948814392089844,-0.5,56.867034912109375,-0.5018882751464844,-163.1264190673828
1750930281.571505,0.0,0.5,"[174.0, 185.0, 153.0, 141.0, 135.0, 138.0, 145.0, 159.0, 185.0, 174.0]",9.662785530090332,-0.5,56.88201904296875,-0.4822845458984375,-163.31809997558594
1750930281.5912206,0.0,0.5,"[174.0, 185.0, 154.0, 143.0, 135.0, 138.0, 145.0, 158.0, 185.0, 174.0]",9.621723175048828,0.0,56.88348388671875,-0.4619007110595703,-163.5094451904297
1750930281.610503,0.0,0.5,"[174.0, 185.0, 154.0, 143.0, 135.0, 138.0, 144.0, 158.0, 185.0, 174.0]",9.631314277648926,0.0,56.87103271484375,-0.4405517578125,-163.7004852294922
1750930281.6303194,0.0,0.5,"[174.0, 185.0, 153.0, 143.0, 135.0, 138.0, 144.0, 158.0, 185.0, 174.0]",9.631421089172363,0.0,56.85906982421875,-0.41921424865722656,-163.8915557861328
1750930281.649438,0.0,0.5,"[174.0, 185.0, 153.0, 144.0, 135.0, 138.0, 144.0, 159.0, 185.0, 174.0]",9.846807479858398,0.0,56.8468017578125,-0.3974590301513672,-164.08689880371094
1750930281.6684823,0.0,0.5,"[174.0, 185.0, 153.0, 144.0, 135.0, 138.0, 144.0, 159.0, 185.0, 174.0]",9.54568862915039,0.0,56.83477783203125,-0.3764228820800781,-164.27627563476562
1750930281.6874676,0.0,0.5,"[174.0, 185.0, 153.0, 144.0, 135.0, 138.0, 144.0, 159.0, 185.0, 174.0]",9.825189590454102,0.0,56.822540283203125,-0.35489845275878906,-164.47120666503906
1750930281.7066605,0.0,0.5,"[174.0, 185.0, 153.0, 145.0, 135.0, 138.0, 144.0, 159.0, 185.0, 174.0]",9.754106521606445,0.0,56.810394287109375,-0.33356475830078125,-164.66473388671875
1750930281.7255993,0.0,0.5,"[174.0, 185.0, 153.0, 145.0, 135.0, 138.0, 144.0, 159.0, 185.0, 174.0]",9.921916007995605,0.0,56.79791259765625,-0.3119163513183594,-164.86158752441406
1750930281.7446184,0.0,0.5,"[174.0, 185.0, 153.0, 145.0, 135.0, 138.0, 144.0, 159.0, 185.0, 174.0]",9.848540306091309,0.0,56.785797119140625,-0.29052162170410156,-165.05702209472656
1750930281.7634945,0.0,0.5,"[174.0, 185.0, 154.0, 145.0, 136.0, 139.0, 144.0, 159.0, 185.0, 174.0]",9.82204818725586,0.0,56.773193359375,-0.26928138732910156,-165.2519073486328
1750930281.7820084,0.0,0.5,"[174.0, 185.0, 154.0, 145.0, 136.0, 139.0, 144.0, 160.0, 185.0, 174.0]",9.827459335327148,0.0,56.761627197265625,-0.2482452392578125,-165.44699096679688
1750930281.801518,0.0,0.5,"[174.0, 185.0, 155.0, 146.0, 136.0, 139.0, 144.0, 160.0, 185.0, 174.0]",10.055169105529785,0.0,56.748626708984375,-0.22680091857910156,-165.6465301513672
1750930281.8201773,0.0,0.5,"[174.0, 185.0, 155.0, 146.0, 136.0, 139.0, 144.0, 161.0, 185.0, 174.0]",9.860135078430176,0.0,56.73638916015625,-0.20589637756347656,-165.8422393798828
1750930281.839796,0.0,0.5,"[174.0, 185.0, 156.0, 147.0, 136.0, 139.0, 144.0, 161.0, 185.0, 174.0]",9.970057487487793,0.0,56.723724365234375,-0.18479347229003906,-166.0401153564453
1750930281.8589258,0.0,0.5,"[174.0, 185.0, 156.0, 147.0, 136.0, 139.0, 144.0, 161.0, 185.0, 174.0]",9.920035362243652,0.0,56.711456298828125,-0.16388893127441406,-166.23703002929688
1750930281.878295,0.0,0.5,"[174.0, 185.0, 156.0, 147.0, 136.0, 139.0, 144.0, 161.0, 185.0, 174.0]",9.888259887695312,0.0,56.698150634765625,-0.14313888549804688,-166.43325805664062
1750930281.8977287,0.0,0.5,"[174.0, 185.0, 158.0, 148.0, 136.0, 139.0, 144.0, 160.0, 185.0, 174.0]",10.192336082458496,0.0,56.685455322265625,-0.12212181091308594,-166.6356201171875
1750930281.931961,0.0,0.5,"[174.0, 185.0, 158.0, 149.0, 136.0, 139.0, 144.0, 160.0, 185.0, 174.0]",9.779206275939941,0.0,56.673095703125,-0.10215187072753906,-166.8297882080078
1750930281.9506848,0.0,0.5,"[174.0, 185.0, 158.0, 151.0, 137.0, 139.0, 144.0, 160.0, 185.0, 174.0]",10.0559720993042,0.0,56.6602783203125,-0.08164405822753906,-167.02944946289062
1750930281.9698822,0.0,0.5,"[174.0, 185.0, 159.0, 152.0, 137.0, 139.0, 144.0, 160.0, 185.0, 174.0]",10.263872146606445,0.0,56.64715576171875,-0.060771942138671875,-167.23324584960938
1750930281.9889846,0.0,0.5,"[174.0, 185.0, 159.0, 152.0, 137.0, 139.0, 144.0, 160.0, 185.0, 174.0]",10.112405776977539,0.0,56.634490966796875,-0.040401458740234375,-167.43406677246094
1750930282.008205,0.0,0.5,"[174.0, 185.0, 160.0, 152.0, 137.0, 139.0, 144.0, 159.0, 185.0, 174.0]",10.252862930297852,0.0,56.6212158203125,-0.019975662231445312,-167.63766479492188
1750930282.027072,0.0,0.5,"[174.0, 185.0, 161.0, 153.0, 137.0, 139.0, 144.0, 159.0, 185.0, 174.0]",10.287178993225098,0.0,56.608062744140625,0.0002002716064453125,-167.8419952392578
1750930282.0460804,0.0,0.5,"[174.0, 185.0, 161.0, 153.0, 137.0, 140.0, 144.0, 159.0, 185.0, 174.0]",10.30327033996582,0.0,56.594818115234375,0.020261764526367188,-168.04666137695312
1750930282.0650928,0.0,0.5,"[174.0, 185.0, 162.0, 153.0, 137.0, 140.0, 144.0, 159.0, 185.0, 174.0]",10.468966484069824,0.0,56.58135986328125,0.0405426025390625,-168.25462341308594
1750930282.084099,0.0,0.5,"[174.0, 185.0, 162.0, 153.0, 138.0, 140.0, 144.0, 159.0, 185.0, 174.0]",10.337891578674316,0.0,56.568328857421875,0.06040382385253906,-168.4600067138672
1750930282.1031532,0.0,0.5,"[174.0, 185.0, 163.0, 153.0, 138.0, 140.0, 144.0, 159.0, 185.0, 174.0]",10.495458602905273,0.0,56.5548095703125,0.08024406433105469,-168.6685333251953
1750930282.121607,0.0,0.5,"[174.0, 185.0, 164.0, 153.0, 138.0, 140.0, 144.0, 159.0, 185.0, 174.0]",10.333086967468262,0.0,56.541656494140625,0.09947967529296875,-168.87387084960938
1750930282.140898,0.0,0.5,"[174.0, 185.0, 164.0, 154.0, 138.0, 140.0, 144.0, 159.0, 185.0, 174.0]",10.501688003540039,0.0,56.5279541015625,0.1187591552734375,-169.0825653076172
1750930282.159903,0.0,0.5,"[174.0, 185.0, 165.0, 154.0, 138.0, 140.0, 144.0, 159.0, 185.0, 174.0]",10.571151733398438,0.0,56.514373779296875,0.13809585571289062,-169.29266357421875
1750930282.1788664,0.0,0.5,"[174.0, 185.0, 166.0, 154.0, 138.0, 140.0, 144.0, 159.0, 185.0, 174.0]",10.607519149780273,0.0,56.500762939453125,0.1572895050048828,-169.50350952148438
1750930282.1982398,0.0,0.5,"[174.0, 185.0, 167.0, 154.0, 138.0, 140.0, 144.0, 159.0, 185.0, 174.0]",10.603792190551758,0.0,56.487152099609375,0.17633438110351562,-169.71429443359375
1750930282.2169423,0.0,0.5,"[174.0, 185.0, 167.0, 154.0, 139.0, 140.0, 144.0, 159.0, 185.0, 174.0]",10.609457015991211,0.0,56.4735107421875,0.19516563415527344,-169.92520141601562
1750930282.2508717,0.0,0.5,"[174.0, 185.0, 167.0, 155.0, 139.0, 141.0, 144.0, 159.0, 185.0, 174.0]",10.686067581176758,0.0,56.459747314453125,0.21401405334472656,-170.1376495361328
1750930282.269889,0.0,0.5,"[174.0, 185.0, 169.0, 155.0, 139.0, 141.0, 144.0, 159.0, 185.0, 174.0]",10.733699798583984,0.0,56.4459228515625,0.23283767700195312,-170.35104370117188
1750930282.2885287,0.0,0.5,"[174.0, 185.0, 169.0, 155.0, 139.0, 141.0, 145.0, 159.0, 185.0, 174.0]",10.760849952697754,0.0,56.432098388671875,0.2516918182373047,-170.5649871826172
1750930282.3074758,0.0,0.5,"[174.0, 185.0, 170.0, 155.0, 139.0, 141.0, 145.0, 159.0, 185.0, 174.0]",10.755463600158691,0.0,56.418243408203125,0.27071380615234375,-170.77880859375
1750930282.3259172,0.0,0.5,"[174.0, 185.0, 170.0, 155.0, 139.0, 141.0, 145.0, 159.0, 185.0, 174.0]",10.687294006347656,0.0,56.404449462890625,0.2897491455078125,-170.9912567138672
1750930282.3447924,0.0,0.5,"[174.0, 185.0, 170.0, 155.0, 139.0, 141.0, 144.0, 159.0, 185.0, 174.0]",10.63710880279541,0.0,56.390655517578125,0.3089408874511719,-171.2026824951172
1750930282.3635027,0.0,0.5,"[174.0, 185.0, 171.0, 155.0, 139.0, 141.0, 144.0, 159.0, 185.0, 174.0]",10.800058364868164,0.0,56.37664794921875,0.3286933898925781,-171.41732788085938
1750930282.3825536,0.0,0.5,"[174.0, 185.0, 171.0, 155.0, 139.0, 140.0, 144.0, 159.0, 185.0, 174.0]",10.837563514709473,0.0,56.362823486328125,0.34871482849121094,-171.63270568847656
1750930282.4016433,0.0,0.5,"[174.0, 185.0, 172.0, 155.0, 139.0, 140.0, 144.0, 159.0, 185.0, 174.0]",10.845918655395508,0.0,56.34893798828125,0.3689556121826172,-171.84823608398438
1750930282.4192815,0.0,0.5,"[174.0, 185.0, 171.0, 154.0, 138.0, 140.0, 144.0, 159.0, 185.0, 174.0]",10.797260284423828,0.0,56.334259033203125,0.3896827697753906,-172.06268310546875
1750930282.438292,0.0,0.5,"[174.0, 185.0, 172.0, 154.0, 138.0, 140.0, 144.0, 158.0, 185.0, 174.0]",10.92359447479248,0.0,56.321075439453125,0.4109649658203125,-172.2797088623047
1750930282.4566994,0.0,0.5,"[174.0, 185.0, 173.0, 154.0, 138.0, 139.0, 144.0, 158.0, 185.0, 174.0]",10.711040496826172,0.0,56.306884765625,0.4321002960205078,-172.49241638183594
1750930282.506185,1.0,0.5,"[174.0, 185.0, 173.0, 153.0, 137.0, 139.0, 143.0, 156.0, 185.0, 174.0]",11.039737701416016,0.0,56.292938232421875,0.45409393310546875,-172.711669921875
1750930282.5254698,1.0,0.5,"[174.0, 185.0, 172.0, 153.0, 137.0, 138.0, 144.0, 158.0, 185.0, 174.0]",10.583949089050293,0.5,56.2598876953125,0.4762592315673828,-172.91957092285156
1750930282.5271587,1.0,0.5,"[174.0, 185.0, 172.0, 153.0, 137.0, 138.0, 144.0, 158.0, 185.0, 174.0]",10.54600715637207,0.5,56.203643798828125,0.499481201171875,-173.12152099609375
1750930282.5453327,1.0,0.5,"[174.0, 185.0, 164.0, 151.0, 135.0, 137.0, 146.0, 162.0, 185.0, 174.0]",10.445013999938965,0.5,56.148223876953125,0.5227279663085938,-173.32159423828125
1750930282.5650651,0.0,0.5,"[174.0, 185.0, 160.0, 151.0, 134.0, 136.0, 148.0, 164.0, 185.0, 174.0]",10.581942558288574,0.5,56.0850830078125,0.5468559265136719,-173.5221405029297
1750930282.5840216,0.0,0.5,"[174.0, 185.0, 159.0, 149.0, 134.0, 135.0, 148.0, 164.0, 185.0, 174.0]",10.461227416992188,0.0,56.037353515625,0.5705223083496094,-173.72447204589844
1750930282.6031644,0.0,0.5,"[174.0, 185.0, 160.0, 148.0, 133.0, 134.0, 147.0, 163.0, 185.0, 174.0]",10.414551734924316,0.0,56.0108642578125,0.5936317443847656,-173.92977905273438
1750930282.622162,0.0,0.5,"[174.0, 185.0, 160.0, 148.0, 131.0, 133.0, 146.0, 162.0, 185.0, 174.0]",10.574014663696289,0.0,55.978485107421875,0.6173934936523438,-174.1374053955078
1750930282.6412156,0.0,0.5,"[174.0, 185.0, 160.0, 147.0, 130.0, 133.0, 145.0, 162.0, 185.0, 174.0]",10.360358238220215,0.0,55.947540283203125,0.6409549713134766,-174.34092712402344
1750930282.6603525,0.0,0.5,"[174.0, 185.0, 161.0, 146.0, 130.0, 131.0, 144.0, 161.0, 185.0, 174.0]",10.52599048614502,0.0,55.915252685546875,0.6651668548583984,-174.54754638671875
1750930282.6793795,0.0,0.5,"[174.0, 185.0, 162.0, 146.0, 129.0, 130.0, 144.0, 160.0, 185.0, 174.0]",10.697656631469727,0.0,55.88330078125,0.690185546875,-174.7576141357422
1750930282.6984997,1.0,0.5,"[174.0, 185.0, 162.0, 145.0, 128.0, 130.0, 143.0, 159.0, 185.0, 174.0]",10.418100357055664,0.0,55.852447509765625,0.7147502899169922,-174.96221923828125
1750930282.7171597,0.0,0.5,"[174.0, 185.0, 160.0, 144.0, 128.0, 129.0, 143.0, 159.0, 185.0, 174.0]",10.344539642333984,0.5,55.804351806640625,0.7400703430175781,-175.16183471679688
1750930282.75168,0.0,0.5,"[174.0, 185.0, 160.0, 144.0, 127.0, 128.0, 141.0, 159.0, 185.0, 174.0]",10.477116584777832,0.0,55.769378662109375,0.7658119201660156,-175.36683654785156
1750930282.7718515,0.0,0.5,"[174.0, 185.0, 161.0, 143.0, 127.0, 128.0, 141.0, 159.0, 185.0, 174.0]",10.27045726776123,0.0,55.73602294921875,0.7914352416992188,-175.56790161132812
1750930282.7913358,0.0,0.5,"[174.0, 185.0, 161.0, 143.0, 126.0, 128.0, 140.0, 158.0, 185.0, 174.0]",10.400016784667969,0.0,55.70245361328125,0.8176517486572266,-175.771484375
1750930282.8104417,0.0,0.5,"[174.0, 185.0, 162.0, 143.0, 126.0, 127.0, 140.0, 158.0, 185.0, 174.0]",10.382161140441895,0.0,55.66986083984375,0.844146728515625,-175.97483825683594
1750930282.8298495,0.0,0.5,"[174.0, 185.0, 162.0, 143.0, 126.0, 127.0, 139.0, 158.0, 185.0, 174.0]",10.680021286010742,0.0,55.635589599609375,0.8717918395996094,-176.18385314941406
1750930282.8487895,0.0,0.5,"[174.0, 185.0, 163.0, 141.0, 126.0, 127.0, 138.0, 158.0, 185.0, 174.0]",10.512100219726562,0.0,55.601531982421875,0.8992748260498047,-176.38949584960938
1750930282.867769,1.0,0.5,"[174.0, 185.0, 164.0, 141.0, 125.0, 126.0, 138.0, 158.0, 185.0, 174.0]",10.51983642578125,0.0,55.568359375,0.9268836975097656,-176.5954132080078
1750930282.886543,1.0,0.5,"[174.0, 185.0, 162.0, 141.0, 125.0, 126.0, 138.0, 158.0, 185.0, 174.0]",10.362654685974121,0.5,55.519683837890625,0.9544715881347656,-176.7949676513672
1750930282.9057293,1.0,0.5,"[174.0, 185.0, 161.0, 143.0, 125.0, 126.0, 139.0, 161.0, 185.0, 174.0]",10.082501411437988,0.5,55.45684814453125,0.9814395904541016,-176.98468017578125
1750930282.9249613,0.0,0.5,"[174.0, 185.0, 158.0, 143.0, 126.0, 126.0, 140.0, 162.0, 185.0, 174.0]",10.040878295898438,0.5,55.38421630859375,1.0084800720214844,-177.16993713378906
1750930282.9441483,0.0,0.5,"[174.0, 185.0, 158.0, 143.0, 126.0, 126.0, 141.0, 162.0, 185.0, 174.0]",10.12125015258789,0.0,55.326812744140625,1.0360889434814453,-177.36207580566406
1750930282.9629905,0.0,0.5,"[174.0, 185.0, 159.0, 143.0, 126.0, 126.0, 140.0, 162.0, 185.0, 174.0]",10.041054725646973,0.0,55.283721923828125,1.0632915496826172,-177.5563201904297
1750930282.9819105,0.0,0.5,"[174.0, 185.0, 159.0, 144.0, 126.0, 126.0, 140.0, 162.0, 185.0, 174.0]",10.075328826904297,0.0,55.240386962890625,1.0903434753417969,-177.75125122070312
1750930283.001068,0.0,0.5,"[174.0, 185.0, 161.0, 144.0, 126.0, 126.0, 140.0, 161.0, 185.0, 174.0]",10.097816467285156,0.0,55.1971435546875,1.1172904968261719,-177.94667053222656
1750930283.0198114,0.0,0.5,"[174.0, 185.0, 162.0, 144.0, 126.0, 126.0, 140.0, 161.0, 185.0, 174.0]",10.130478858947754,0.0,55.15374755859375,1.1442909240722656,-178.14273071289062
1750930283.0385299,0.0,0.5,"[174.0, 185.0, 162.0, 144.0, 126.0, 126.0, 140.0, 161.0, 185.0, 174.0]",10.29588794708252,0.0,55.10968017578125,1.1718063354492188,-178.3419952392578
1750930283.0561402,0.0,0.5,"[174.0, 185.0, 164.0, 145.0, 127.0, 127.0, 140.0, 160.0, 185.0, 174.0]",10.102375984191895,0.0,55.066253662109375,1.1987361907958984,-178.5374755859375
1750930283.1049874,0.0,0.5,"[174.0, 185.0, 164.0, 145.0, 127.0, 127.0, 140.0, 159.0, 185.0, 174.0]",10.385050773620605,0.0,55.02166748046875,1.2260322570800781,-178.73849487304688
1750930283.1240766,0.0,0.5,"[174.0, 185.0, 165.0, 145.0, 127.0, 127.0, 140.0, 159.0, 185.0, 174.0]",10.158374786376953,0.0,54.97796630859375,1.2525405883789062,-178.93511962890625
1750930283.1257348,0.0,0.5,"[174.0, 185.0, 165.0, 145.0, 127.0, 127.0, 140.0, 159.0, 185.0, 174.0]",10.491046905517578,0.0,54.932769775390625,1.2797603607177734,-179.13821411132812
1750930283.1450205,0.0,0.5,"[174.0, 185.0, 167.0, 146.0, 127.0, 127.0, 139.0, 158.0, 185.0, 174.0]",10.220519065856934,0.0,54.888824462890625,1.3062896728515625,-179.3360595703125
1750930283.1643238,0.0,0.5,"[174.0, 185.0, 169.0, 146.0, 127.0, 127.0, 139.0, 158.0, 185.0, 174.0]",10.556032180786133,0.0,54.843414306640625,1.3337650299072266,-179.5404052734375
1750930283.1831622,0.0,0.5,"[174.0, 185.0, 170.0, 146.0, 127.0, 127.0, 139.0, 156.0, 185.0, 174.0]",10.298334121704102,0.0,54.799102783203125,1.3603973388671875,-179.73980712890625
1750930283.2018435,0.0,0.5,"[174.0, 185.0, 172.0, 146.0, 127.0, 127.0, 138.0, 156.0, 185.0, 174.0]",10.512483596801758,0.0,54.7537841796875,1.3873100280761719,-179.94332885742188
1750930283.2202454,0.0,0.5,"[174.0, 185.0, 173.0, 146.0, 127.0, 127.0, 138.0, 156.0, 185.0, 174.0]",10.309892654418945,0.0,54.709381103515625,1.4135856628417969,-180.14297485351562
1750930283.2392201,0.0,0.5,"[174.0, 185.0, 176.0, 146.0, 127.0, 126.0, 138.0, 155.0, 185.0, 174.0]",10.391739845275879,0.0,54.6646728515625,1.440011978149414,-180.34420776367188
1750930283.2582495,0.0,0.5,"[174.0, 185.0, 176.0, 147.0, 127.0, 126.0, 137.0, 155.0, 185.0, 174.0]",10.411869049072266,0.0,54.620025634765625,1.4666481018066406,-180.54583740234375
1750930283.2770462,1.0,0.5,"[174.0, 185.0, 179.0, 147.0, 127.0, 126.0, 137.0, 153.0, 185.0, 174.0]",10.613240242004395,0.0,54.574432373046875,1.4939594268798828,-180.7513427734375
1750930283.3110228,1.0,0.5,"[174.0, 185.0, 178.0, 147.0, 127.0, 126.0, 137.0, 154.0, 185.0, 174.0]",10.115266799926758,0.5,54.514556884765625,1.519491195678711,-180.94293212890625
1750930283.329914,1.0,0.5,"[174.0, 185.0, 175.0, 147.0, 127.0, 126.0, 138.0, 155.0, 185.0, 174.0]",10.111729621887207,0.5,54.435089111328125,1.5443382263183594,-181.12722778320312
1750930283.3481445,0.0,0.5,"[174.0, 185.0, 172.0, 148.0, 127.0, 126.0, 140.0, 156.0, 185.0, 174.0]",9.925982475280762,0.5,54.353973388671875,1.5686664581298828,-181.3067626953125
1750930283.3674436,0.0,0.5,"[174.0, 185.0, 172.0, 148.0, 127.0, 125.0, 140.0, 156.0, 185.0, 174.0]",9.97093391418457,0.0,54.287200927734375,1.5939674377441406,-181.49298095703125
1750930283.386498,0.0,0.5,"[174.0, 185.0, 173.0, 147.0, 127.0, 125.0, 139.0, 156.0, 185.0, 174.0]",9.954840660095215,0.0,54.237518310546875,1.619974136352539,-181.68402099609375
1750930283.4054902,0.0,0.5,"[174.0, 185.0, 175.0, 147.0, 127.0, 125.0, 138.0, 155.0, 185.0, 174.0]",10.083171844482422,0.0,54.18194580078125,1.646432876586914,-181.87606811523438
1750930283.4247062,0.0,0.5,"[174.0, 185.0, 176.0, 147.0, 127.0, 124.0, 138.0, 155.0, 185.0, 174.0]",10.142013549804688,0.0,54.127044677734375,1.673177719116211,-182.06948852539062
1750930283.4432487,0.0,0.5,"[174.0, 185.0, 176.0, 147.0, 126.0, 124.0, 137.0, 153.0, 185.0, 174.0]",10.064400672912598,0.0,54.07244873046875,1.6998615264892578,-182.26138305664062
1750930283.4626334,0.0,0.5,"[174.0, 185.0, 178.0, 146.0, 126.0, 124.0, 136.0, 153.0, 185.0, 174.0]",10.110512733459473,0.0,54.017578125,1.7268333435058594,-182.45413208007812
1750930283.4816656,1.0,0.5,"[174.0, 185.0, 179.0, 146.0, 125.0, 123.0, 136.0, 151.0, 185.0, 174.0]",10.079304695129395,0.0,53.962860107421875,1.7539787292480469,-182.646240234375
1750930283.5006547,1.0,0.5,"[174.0, 185.0, 177.0, 146.0, 125.0, 123.0, 136.0, 153.0, 185.0, 174.0]",9.779136657714844,0.5,53.89202880859375,1.7798309326171875,-182.82669067382812
1750930283.5193086,1.0,0.5,"[174.0, 185.0, 175.0, 146.0, 125.0, 123.0, 136.0, 154.0, 185.0, 174.0]",9.917174339294434,0.5,53.803466796875,1.8052749633789062,-183.0023193359375
1750930283.538885,0.0,0.5,"[174.0, 185.0, 172.0, 146.0, 125.0, 122.0, 137.0, 155.0, 185.0, 174.0]",9.639419555664062,0.5,53.714019775390625,1.8297977447509766,-183.17132568359375
1750930283.5581074,0.0,0.5,"[174.0, 185.0, 170.0, 146.0, 125.0, 122.0, 136.0, 156.0, 185.0, 174.0]",9.905235290527344,0.0,53.63531494140625,1.855691909790039,-183.35128784179688
1750930283.5772693,0.0,0.5,"[174.0, 185.0, 172.0, 146.0, 125.0, 122.0, 136.0, 155.0, 185.0, 174.0]",9.623078346252441,0.0,53.5751953125,1.8814964294433594,-183.53228759765625
1750930283.611221,0.0,0.5,"[174.0, 185.0, 172.0, 146.0, 124.0, 121.0, 134.0, 155.0, 185.0, 174.0]",9.911584854125977,0.0,53.509796142578125,1.9080276489257812,-183.717529296875
1750930283.6301556,0.0,0.5,"[174.0, 185.0, 173.0, 145.0, 124.0, 121.0, 134.0, 155.0, 185.0, 174.0]",9.678407669067383,0.0,53.44610595703125,1.933877944946289,-183.89849853515625
1750930283.6489937,0.0,0.5,"[174.0, 185.0, 173.0, 145.0, 124.0, 121.0, 133.0, 153.0, 185.0, 174.0]",9.74399471282959,0.0,53.382568359375,1.9598045349121094,-184.08087158203125
1750930283.6683161,1.0,0.5,"[174.0, 185.0, 173.0, 145.0, 123.0, 121.0, 133.0, 153.0, 185.0, 174.0]",9.843363761901855,0.0,53.31793212890625,1.9858112335205078,-184.2650146484375
1750930283.6874068,1.0,0.5,"[174.0, 185.0, 173.0, 145.0, 123.0, 120.0, 133.0, 153.0, 185.0, 174.0]",9.497228622436523,0.5,53.24237060546875,2.010313034057617,-184.43756103515625
1750930283.7052011,1.0,0.5,"[174.0, 185.0, 171.0, 145.0, 123.0, 120.0, 133.0, 154.0, 185.0, 174.0]",9.296048164367676,0.5,53.155426025390625,2.0335769653320312,-184.6002197265625
1750930283.7229345,1.0,0.5,"[174.0, 185.0, 169.0, 145.0, 124.0, 120.0, 133.0, 155.0, 185.0, 174.0]",9.61472225189209,0.5,53.056243896484375,2.0569095611572266,-184.7633056640625
1750930283.740318,1.0,0.5,"[174.0, 185.0, 166.0, 146.0, 124.0, 121.0, 133.0, 156.0, 185.0, 174.0]",9.197932243347168,0.5,52.95953369140625,2.078927993774414,-184.91824340820312
1750930283.7580128,0.0,0.5,"[174.0, 185.0, 164.0, 146.0, 124.0, 121.0, 133.0, 158.0, 185.0, 174.0]",9.482492446899414,0.5,52.856658935546875,2.101297378540039,-185.07598876953125
1750930283.7759204,0.0,0.5,"[174.0, 185.0, 163.0, 147.0, 124.0, 121.0, 133.0, 158.0, 185.0, 174.0]",9.445860862731934,0.0,52.766082763671875,2.1243362426757812,-185.24017333984375
1750930283.8203495,0.0,0.5,"[174.0, 185.0, 164.0, 147.0, 125.0, 121.0, 133.0, 158.0, 185.0, 174.0]",9.362932205200195,0.0,52.689422607421875,2.147674560546875,-185.409423828125
1750930283.8377438,0.0,0.5,"[174.0, 185.0, 164.0, 147.0, 125.0, 121.0, 134.0, 158.0, 185.0, 174.0]",9.531181335449219,0.0,52.611358642578125,2.171449661254883,-185.58169555664062
1750930283.8395398,0.0,0.5,"[174.0, 185.0, 164.0, 147.0, 125.0, 121.0, 134.0, 158.0, 185.0, 174.0]",9.582314491271973,0.0,52.532135009765625,2.195272445678711,-185.75457763671875
1750930283.8568895,1.0,0.5,"[174.0, 185.0, 166.0, 147.0, 125.0, 122.0, 134.0, 158.0, 185.0, 174.0]",9.469559669494629,0.0,52.4541015625,2.2187461853027344,-185.925537109375
1750930283.8852537,1.0,0.5,"[174.0, 185.0, 165.0, 148.0, 126.0, 122.0, 134.0, 159.0, 185.0, 174.0]",9.423545837402344,0.5,52.360931396484375,2.241373062133789,-186.0877685546875
1750930283.901606,1.0,0.5,"[174.0, 185.0, 163.0, 149.0, 126.0, 122.0, 136.0, 161.0, 185.0, 174.0]",9.2260160446167,0.5,52.25531005859375,2.2624588012695312,-186.23760986328125
1750930283.9162714,1.0,0.5,"[174.0, 185.0, 161.0, 149.0, 127.0, 123.0, 136.0, 162.0, 185.0, 174.0]",9.160737991333008,0.5,52.147918701171875,2.2831573486328125,-186.38458251953125
1750930283.95525,0.0,0.5,"[174.0, 185.0, 159.0, 151.0, 127.0, 124.0, 136.0, 164.0, 185.0, 174.0]",9.098392486572266,0.5,52.037017822265625,2.3032150268554688,-186.5274658203125
1750930283.970707,0.0,0.5,"[174.0, 185.0, 158.0, 152.0, 128.0, 124.0, 137.0, 165.0, 185.0, 174.0]",9.278548240661621,0.0,51.93658447265625,2.324554443359375,-186.68203735351562
1750930283.9858508,0.0,0.5,"[174.0, 185.0, 159.0, 152.0, 128.0, 124.0, 137.0, 165.0, 185.0, 174.0]",9.113448143005371,0.0,51.850067138671875,2.3461341857910156,-186.84100341796875
1750930284.0010974,0.0,0.5,"[174.0, 185.0, 159.0, 152.0, 128.0, 124.0, 137.0, 167.0, 185.0, 174.0]",9.224520683288574,0.0,51.76165771484375,2.367626190185547,-187.00149536132812
1750930284.016282,0.0,0.5,"[174.0, 185.0, 161.0, 152.0, 129.0, 125.0, 138.0, 167.0, 185.0, 174.0]",9.283042907714844,0.0,51.6728515625,2.3889636993408203,-187.16314697265625
1750930284.055376,0.0,0.5,"[174.0, 185.0, 161.0, 153.0, 129.0, 125.0, 138.0, 167.0, 185.0, 174.0]",9.17371654510498,0.0,51.5850830078125,2.4098567962646484,-187.32290649414062
1750930284.0712178,1.0,0.5,"[174.0, 185.0, 162.0, 153.0, 129.0, 125.0, 138.0, 167.0, 185.0, 174.0]",9.536842346191406,0.0,51.493865966796875,2.431385040283203,-187.489013671875
1750930284.0860405,1.0,0.5,"[174.0, 185.0, 161.0, 153.0, 129.0, 125.0, 138.0, 169.0, 185.0, 174.0]",8.987658500671387,0.5,51.392486572265625,2.450572967529297,-187.63623046875
1750930284.1017232,1.0,0.5,"[174.0, 185.0, 158.0, 154.0, 130.0, 126.0, 138.0, 170.0, 185.0, 174.0]",9.018842697143555,0.5,51.275634765625,2.468402862548828,-187.7724609375
1750930284.1169553,1.0,0.5,"[174.0, 185.0, 156.0, 155.0, 131.0, 126.0, 139.0, 172.0, 185.0, 174.0]",8.762555122375488,0.5,51.1622314453125,2.485492706298828,-187.90496826171875
1750930284.145069,0.0,0.5,"[174.0, 185.0, 153.0, 156.0, 131.0, 127.0, 139.0, 175.0, 185.0, 174.0]",9.053962707519531,0.5,51.041595458984375,2.502605438232422,-188.0389404296875
1750930284.1608958,0.0,0.5,"[174.0, 185.0, 153.0, 156.0, 131.0, 127.0, 139.0, 175.0, 185.0, 174.0]",8.995158195495605,0.0,50.9364013671875,2.520784378051758,-188.1837158203125
1750930284.1768265,0.0,0.5,"[174.0, 185.0, 154.0, 156.0, 131.0, 127.0, 139.0, 175.0, 185.0, 174.0]",8.910295486450195,0.0,50.843414306640625,2.539487838745117,-188.3345947265625
1750930284.204783,0.0,0.5,"[174.0, 185.0, 155.0, 156.0, 131.0, 127.0, 139.0, 175.0, 185.0, 174.0]",9.063230514526367,0.0,50.744110107421875,2.5581111907958984,-188.485107421875
1750930284.2206771,0.0,0.5,"[174.0, 185.0, 155.0, 156.0, 131.0, 127.0, 139.0, 175.0, 185.0, 174.0]",9.096095085144043,0.0,50.64617919921875,2.5768985748291016,-188.63726806640625
1750930284.2366333,0.0,0.5,"[174.0, 185.0, 155.0, 156.0, 131.0, 127.0, 139.0, 175.0, 185.0, 174.0]",9.102298736572266,0.0,50.547760009765625,2.5956993103027344,-188.78924560546875
1750930284.276515,0.0,0.5,"[174.0, 185.0, 155.0, 156.0, 131.0, 126.0, 139.0, 175.0, 185.0, 174.0]",9.153826713562012,0.0,50.44873046875,2.6146621704101562,-188.94207763671875
1750930284.292081,0.0,0.5,"[174.0, 185.0, 156.0, 155.0, 131.0, 126.0, 138.0, 175.0, 185.0, 174.0]",9.116415023803711,0.0,50.350341796875,2.6336536407470703,-189.09442138671875
1750930284.3084848,0.0,0.5,"[174.0, 185.0, 156.0, 155.0, 131.0, 126.0, 138.0, 175.0, 185.0, 174.0]",9.094671249389648,0.0,50.251800537109375,2.652608871459961,-189.24609375
1750930284.3235908,0.0,0.5,"[174.0, 185.0, 158.0, 155.0, 130.0, 126.0, 138.0, 173.0, 185.0, 174.0]",9.041080474853516,0.0,50.154144287109375,2.6715621948242188,-189.3970947265625
1750930284.3393917,0.0,0.5,"[174.0, 185.0, 158.0, 155.0, 130.0, 125.0, 138.0, 173.0, 185.0, 174.0]",9.212592124938965,0.0,50.054534912109375,2.6909542083740234,-189.5509033203125
1750930284.354803,0.0,0.5,"[174.0, 185.0, 159.0, 155.0, 130.0, 125.0, 137.0, 172.0, 185.0, 174.0]",9.19975471496582,0.0,49.955230712890625,2.7104244232177734,-189.70452880859375
1750930284.3956919,0.0,0.5,"[174.0, 185.0, 159.0, 154.0, 129.0, 125.0, 137.0, 170.0, 185.0, 174.0]",9.105633735656738,0.0,49.856658935546875,2.7297210693359375,-189.8564453125
1750930284.4114687,0.0,0.5,"[174.0, 185.0, 159.0, 154.0, 129.0, 124.0, 136.0, 169.0, 185.0, 174.0]",9.330961227416992,0.0,49.75579833984375,2.7496109008789062,-190.01220703125
1750930284.4271393,0.0,0.5,"[174.0, 185.0, 160.0, 154.0, 129.0, 124.0, 136.0, 167.0, 185.0, 174.0]",9.371466636657715,0.0,49.654632568359375,2.7697086334228516,-190.168701171875
1750930284.4429862,0.0,0.5,"[174.0, 185.0, 161.0, 153.0, 128.0, 124.0, 136.0, 166.0, 185.0, 174.0]",9.324707984924316,0.0,49.553497314453125,2.789806365966797,-190.3240966796875
1750930284.4585857,1.0,0.5,"[174.0, 185.0, 161.0, 153.0, 128.0, 123.0, 134.0, 164.0, 185.0, 174.0]",9.340230941772461,0.0,49.45263671875,2.8100643157958984,-190.48004150390625
1750930284.4745615,1.0,0.5,"[174.0, 185.0, 159.0, 153.0, 128.0, 123.0, 134.0, 164.0, 185.0, 174.0]",8.920283317565918,0.5,49.33953857421875,2.8278884887695312,-190.61685180664062
1750930284.5121698,1.0,0.5,"[174.0, 185.0, 156.0, 154.0, 128.0, 123.0, 134.0, 164.0, 185.0, 174.0]",9.09103775024414,0.5,49.213165283203125,2.844877243041992,-190.7464599609375
1750930284.5271432,0.0,0.5,"[174.0, 181.0, 154.0, 154.0, 128.0, 123.0, 133.0, 163.0, 185.0, 174.0]",9.022072792053223,0.5,49.086578369140625,2.8617801666259766,-190.87396240234375
1750930284.5416808,0.0,0.5,"[174.0, 180.0, 153.0, 154.0, 128.0, 123.0, 133.0, 162.0, 185.0, 174.0]",9.087743759155273,0.0,48.970611572265625,2.880289077758789,-191.0126953125
1750930284.5568485,0.0,0.5,"[174.0, 182.0, 154.0, 154.0, 128.0, 122.0, 133.0, 161.0, 185.0, 174.0]",8.941908836364746,0.0,48.870025634765625,2.8998966217041016,-191.15924072265625
1750930284.583386,0.0,0.5,"[174.0, 182.0, 155.0, 154.0, 128.0, 122.0, 132.0, 159.0, 185.0, 174.0]",8.90252685546875,0.0,48.764251708984375,2.919158935546875,-191.3011474609375
1750930284.5991352,0.0,0.5,"[174.0, 183.0, 155.0, 154.0, 127.0, 122.0, 131.0, 158.0, 185.0, 174.0]",9.046967506408691,0.0,48.658538818359375,2.9391040802001953,-191.4466552734375
1750930284.6141746,0.0,0.5,"[174.0, 184.0, 155.0, 153.0, 127.0, 121.0, 131.0, 156.0, 185.0, 174.0]",9.176690101623535,0.0,48.55120849609375,2.9595603942871094,-191.5941162109375
1750930284.6520803,0.0,0.5,"[174.0, 185.0, 155.0, 153.0, 127.0, 121.0, 130.0, 156.0, 185.0, 174.0]",9.000346183776855,0.0,48.445404052734375,2.9797821044921875,-191.73834228515625
1750930284.6660595,0.0,0.5,"[174.0, 185.0, 156.0, 153.0, 126.0, 120.0, 129.0, 155.0, 185.0, 174.0]",9.382956504821777,0.0,48.33575439453125,3.0011138916015625,-191.88912963867188
1750930284.680219,0.0,0.5,"[174.0, 185.0, 156.0, 153.0, 126.0, 119.0, 128.0, 153.0, 185.0, 174.0]",9.2528657913208,0.0,48.227142333984375,3.0223045349121094,-192.0374755859375
1750930284.6937993,1.0,0.5,"[174.0, 185.0, 156.0, 152.0, 126.0, 119.0, 126.0, 151.0, 185.0, 174.0]",9.095966339111328,0.0,48.120849609375,3.0432376861572266,-192.18359375
1750930284.7292433,1.0,0.5,"[174.0, 185.0, 155.0, 153.0, 126.0, 119.0, 126.0, 151.0, 185.0, 174.0]",9.10282039642334,0.5,47.999786376953125,3.0624332427978516,-192.3182373046875
1750930284.743503,1.0,0.5,"[174.0, 182.0, 153.0, 154.0, 126.0, 119.0, 126.0, 151.0, 185.0, 174.0]",8.785636901855469,0.5,47.872344970703125,3.079469680786133,-192.43798828125
1750930284.7578886,0.0,0.5,"[174.0, 179.0, 150.0, 154.0, 127.0, 119.0, 126.0, 151.0, 185.0, 174.0]",9.037131309509277,0.5,47.738861083984375,3.0965919494628906,-192.55865478515625
1750930284.7840269,0.0,0.5,"[174.0, 179.0, 150.0, 155.0, 127.0, 119.0, 125.0, 151.0, 185.0, 174.0]",8.915548324584961,0.0,47.61798095703125,3.114870071411133,-192.68844604492188
1750930284.7990334,0.0,0.5,"[174.0, 179.0, 150.0, 155.0, 127.0, 118.0, 125.0, 150.0, 185.0, 174.0]",9.054777145385742,0.0,47.507080078125,3.1345977783203125,-192.83026123046875
1750930284.8131526,0.0,0.5,"[174.0, 180.0, 151.0, 155.0, 127.0, 118.0, 124.0, 150.0, 185.0, 174.0]",8.808289527893066,0.0,47.39605712890625,3.1534671783447266,-192.96572875976562
1750930284.8496442,0.0,0.5,"[174.0, 182.0, 151.0, 155.0, 126.0, 118.0, 124.0, 150.0, 185.0, 174.0]",9.0370454788208,0.0,47.28265380859375,3.1726455688476562,-193.10516357421875
1750930284.8637602,0.0,0.5,"[174.0, 182.0, 153.0, 155.0, 126.0, 117.0, 124.0, 148.0, 185.0, 174.0]",8.956761360168457,0.0,47.170257568359375,3.191537857055664,-193.24334716796875
1750930284.8780065,0.0,0.5,"[174.0, 183.0, 155.0, 155.0, 126.0, 117.0, 123.0, 148.0, 185.0, 174.0]",9.135294914245605,0.0,47.055938720703125,3.2106761932373047,-193.38458251953125
1750930284.9036112,0.0,0.5,"[174.0, 185.0, 156.0, 155.0, 126.0, 117.0, 123.0, 147.0, 185.0, 174.0]",9.107110023498535,0.0,46.94134521484375,3.2296714782714844,-193.52487182617188
1750930284.9177563,1.0,0.5,"[174.0, 185.0, 158.0, 156.0, 126.0, 117.0, 122.0, 147.0, 185.0, 174.0]",9.264344215393066,0.0,46.825531005859375,3.2490081787109375,-193.668212890625
1750930284.9425895,1.0,0.5,"[174.0, 184.0, 156.0, 156.0, 127.0, 117.0, 123.0, 146.0, 185.0, 174.0]",8.89734935760498,0.5,46.700225830078125,3.2662181854248047,-193.79339599609375
1750930284.9596543,1.0,0.5,"[174.0, 180.0, 154.0, 158.0, 128.0, 118.0, 123.0, 147.0, 185.0, 174.0]",8.835055351257324,0.5,46.565887451171875,3.282012939453125,-193.9071044921875
1750930284.974573,1.0,0.5,"[174.0, 177.0, 151.0, 159.0, 128.0, 119.0, 123.0, 147.0, 185.0, 174.0]",8.824480056762695,0.5,46.429840087890625,3.297372817993164,-194.01846313476562
1750930285.0117013,0.0,0.5,"[174.0, 173.0, 148.0, 160.0, 129.0, 119.0, 124.0, 147.0, 185.0, 174.0]",8.985870361328125,0.5,46.288787841796875,3.3125267028808594,-194.1287841796875
1750930285.0267625,0.0,0.5,"[174.0, 172.0, 148.0, 160.0, 130.0, 120.0, 124.0, 147.0, 185.0, 174.0]",8.7589693069458,0.0,46.159271240234375,3.3282127380371094,-194.24569702148438
1750930285.041893,0.0,0.5,"[174.0, 173.0, 150.0, 160.0, 130.0, 120.0, 124.0, 147.0, 185.0, 174.0]",8.871004104614258,0.0,46.040283203125,3.3453750610351562,-194.37615966796875
1750930285.0566876,0.0,0.5,"[174.0, 173.0, 151.0, 160.0, 130.0, 120.0, 124.0, 146.0, 185.0, 174.0]",8.876875877380371,0.0,45.91876220703125,3.3622913360595703,-194.50448608398438
1750930285.093908,0.0,0.5,"[174.0, 174.0, 151.0, 160.0, 130.0, 120.0, 124.0, 145.0, 185.0, 174.0]",8.909870147705078,0.0,45.797332763671875,3.379241943359375,-194.6337890625
1750930285.1089566,0.0,0.5,"[174.0, 176.0, 153.0, 161.0, 130.0, 120.0, 124.0, 145.0, 185.0, 174.0]",8.846479415893555,0.0,45.676727294921875,3.3958091735839844,-194.76220703125
1750930285.1235337,0.0,0.5,"[174.0, 176.0, 154.0, 161.0, 130.0, 120.0, 123.0, 145.0, 185.0, 174.0]",9.006075859069824,0.0,45.553924560546875,3.412405014038086,-194.8929443359375
1750930285.1390357,1.0,0.5,"[174.0, 176.0, 155.0, 161.0, 130.0, 119.0, 123.0, 144.0, 185.0, 174.0]",8.853911399841309,0.0,45.43310546875,3.4284896850585938,-195.02139282226562
1750930285.154289,1.0,0.5,"[174.0, 173.0, 154.0, 161.0, 131.0, 120.0, 124.0, 145.0, 185.0, 174.0]",8.754764556884766,0.5,45.302215576171875,3.4430465698242188,-195.13677978515625
1750930285.192151,1.0,0.5,"[174.0, 170.0, 151.0, 162.0, 133.0, 121.0, 124.0, 145.0, 185.0, 174.0]",8.654468536376953,0.5,45.161041259765625,3.4556102752685547,-195.23614501953125
1750930285.2072258,1.0,0.5,"[174.0, 167.0, 148.0, 162.0, 133.0, 122.0, 125.0, 145.0, 185.0, 174.0]",8.617524147033691,0.5,45.021514892578125,3.467905044555664,-195.3365478515625
1750930285.222312,0.0,0.5,"[174.0, 164.0, 145.0, 163.0, 134.0, 122.0, 126.0, 147.0, 185.0, 174.0]",8.560564041137695,0.5,44.87933349609375,3.479146957397461,-195.4312744140625
1750930285.2370806,0.0,0.5,"[174.0, 163.0, 145.0, 163.0, 134.0, 123.0, 126.0, 147.0, 185.0, 174.0]",8.750256538391113,0.0,44.743133544921875,3.491456985473633,-195.54046630859375
1750930285.2631512,0.0,0.5,"[174.0, 165.0, 147.0, 163.0, 134.0, 122.0, 125.0, 145.0, 185.0, 174.0]",8.647586822509766,0.0,44.619232177734375,3.504537582397461,-195.660400390625
1750930285.2782097,0.0,0.5,"[174.0, 165.0, 147.0, 163.0, 134.0, 122.0, 125.0, 145.0, 185.0, 174.0]",8.85361099243164,0.0,44.488800048828125,3.5173282623291016,-195.77947998046875
1750930285.2932358,0.0,0.5,"[174.0, 167.0, 147.0, 163.0, 134.0, 122.0, 125.0, 145.0, 185.0, 174.0]",8.769957542419434,0.0,44.36077880859375,3.529796600341797,-195.89874267578125
1750930285.330324,0.0,0.5,"[174.0, 168.0, 148.0, 163.0, 134.0, 122.0, 125.0, 145.0, 185.0, 174.0]",8.93652057647705,0.0,44.230224609375,3.5421714782714844,-196.02017211914062
1750930285.345384,0.0,0.5,"[174.0, 170.0, 149.0, 163.0, 134.0, 122.0, 125.0, 144.0, 185.0, 174.0]",8.700879096984863,0.0,44.102752685546875,3.5538253784179688,-196.1380615234375
1750930285.3592072,0.0,0.5,"[174.0, 170.0, 150.0, 163.0, 134.0, 122.0, 124.0, 144.0, 185.0, 174.0]",9.034859657287598,0.0,43.970794677734375,3.5657215118408203,-196.26092529296875
1750930285.374412,0.0,0.5,"[174.0, 172.0, 150.0, 163.0, 134.0, 121.0, 124.0, 144.0, 185.0, 174.0]",8.932339668273926,0.0,43.840179443359375,3.5771617889404297,-196.38226318359375
1750930285.41108,0.0,0.5,"[174.0, 173.0, 151.0, 163.0, 134.0, 121.0, 124.0, 144.0, 185.0, 174.0]",9.111982345581055,0.0,43.706787109375,3.5886192321777344,-196.50588989257812
1750930285.426422,0.0,0.5,"[174.0, 174.0, 151.0, 163.0, 134.0, 121.0, 124.0, 143.0, 185.0, 174.0]",8.97628402709961,0.0,43.575592041015625,3.599588394165039,-196.62796020507812
1750930285.4414084,0.0,0.5,"[174.0, 176.0, 153.0, 163.0, 133.0, 121.0, 124.0, 142.0, 185.0, 174.0]",9.105443000793457,0.0,43.4422607421875,3.610422134399414,-196.75149536132812
1750930285.4567988,0.0,0.5,"[174.0, 178.0, 153.0, 163.0, 134.0, 121.0, 124.0, 142.0, 185.0, 174.0]",9.162802696228027,0.0,43.30877685546875,3.6211414337158203,-196.8765869140625
1750930285.4829514,0.0,0.5,"[174.0, 179.0, 155.0, 163.0, 133.0, 121.0, 124.0, 142.0, 185.0, 174.0]",9.110215187072754,0.0,43.174957275390625,3.631406784057617,-196.99981689453125
1750930285.4977176,0.0,0.5,"[174.0, 180.0, 155.0, 163.0, 134.0, 121.0, 124.0, 142.0, 185.0, 174.0]",9.094359397888184,0.0,43.042633056640625,3.6415958404541016,-197.12420654296875
1750930285.524019,0.0,0.5,"[174.0, 182.0, 156.0, 163.0, 134.0, 121.0, 124.0, 142.0, 185.0, 174.0]",9.280652046203613,0.0,42.906341552734375,3.6514739990234375,-197.24981689453125
1750930285.5387459,0.0,0.5,"[174.0, 183.0, 156.0, 163.0, 134.0, 121.0, 124.0, 142.0, 185.0, 174.0]",9.210886001586914,0.0,42.772125244140625,3.661212921142578,-197.3756103515625
1750930285.553749,0.0,0.5,"[174.0, 185.0, 158.0, 164.0, 134.0, 121.0, 124.0, 142.0, 185.0, 174.0]",9.412471771240234,0.0,42.6341552734375,3.6708545684814453,-197.5032958984375
1750930285.5911717,0.0,0.5,"[174.0, 185.0, 159.0, 164.0, 134.0, 121.0, 124.0, 142.0, 185.0, 174.0]",9.328306198120117,0.0,42.498016357421875,3.6804237365722656,-197.63055419921875
1750930285.6059809,0.0,0.5,"[174.0, 185.0, 159.0, 164.0, 134.0, 121.0, 124.0, 141.0, 185.0, 174.0]",9.508269309997559,0.0,42.358856201171875,3.689929962158203,-197.759765625
1750930285.6210244,0.0,0.5,"[174.0, 185.0, 161.0, 164.0, 134.0, 122.0, 124.0, 141.0, 185.0, 174.0]",9.364752769470215,0.0,42.2220458984375,3.699289321899414,-197.88735961914062
1750930285.6361518,1.0,0.5,"[174.0, 185.0, 162.0, 164.0, 134.0, 122.0, 124.0, 141.0, 185.0, 174.0]",9.467387199401855,0.0,42.083465576171875,3.7084217071533203,-198.01608276367188
1750930285.6761549,1.0,0.5,"[174.0, 185.0, 161.0, 166.0, 135.0, 122.0, 124.0, 142.0, 185.0, 174.0]",9.18076229095459,0.5,41.94091796875,3.7166919708251953,-198.13153076171875
1750930285.6915255,1.0,0.5,"[174.0, 185.0, 159.0, 167.0, 136.0, 123.0, 126.0, 143.0, 185.0, 174.0]",9.145224571228027,0.5,41.787139892578125,3.723735809326172,-198.23028564453125
1750930285.7081373,1.0,0.5,"[174.0, 184.0, 156.0, 168.0, 138.0, 124.0, 128.0, 145.0, 185.0, 174.0]",9.238369941711426,0.5,41.629302978515625,3.7302608489990234,-198.32611083984375
1750930285.724206,0.0,0.5,"[174.0, 181.0, 153.0, 168.0, 139.0, 125.0, 129.0, 145.0, 185.0, 174.0]",9.219890594482422,0.5,41.470306396484375,3.736276626586914,-198.41937255859375
1750930285.7413797,0.0,0.5,"[174.0, 181.0, 153.0, 168.0, 139.0, 125.0, 129.0, 146.0, 185.0, 174.0]",9.139774322509766,0.0,41.3231201171875,3.7428207397460938,-198.52752685546875
1750930285.7580874,0.0,0.5,"[174.0, 182.0, 154.0, 168.0, 139.0, 125.0, 129.0, 145.0, 185.0, 174.0]",9.112817764282227,0.0,41.182830810546875,3.7493743896484375,-198.64370727539062
1750930285.77551,0.0,0.5,"[174.0, 182.0, 155.0, 168.0, 139.0, 125.0, 129.0, 145.0, 185.0, 174.0]",9.140028953552246,0.0,41.040679931640625,3.7555789947509766,-198.75845336914062
1750930285.8163238,0.0,0.5,"[174.0, 184.0, 159.0, 168.0, 139.0, 125.0, 129.0, 145.0, 185.0, 174.0]",9.314061164855957,0.0,40.89617919921875,3.761627197265625,-198.8758544921875
1750930285.833329,0.0,0.5,"[174.0, 185.0, 161.0, 168.0, 139.0, 125.0, 129.0, 145.0, 185.0, 174.0]",9.384265899658203,0.0,40.7506103515625,3.7673988342285156,-198.99420166015625
1750930285.8497052,0.0,0.5,"[174.0, 185.0, 164.0, 168.0, 139.0, 124.0, 129.0, 145.0, 185.0, 174.0]",9.464839935302734,0.0,40.603790283203125,3.7728919982910156,-199.11358642578125
1750930285.865639,0.0,0.5,"[174.0, 185.0, 167.0, 168.0, 139.0, 124.0, 128.0, 145.0, 185.0, 174.0]",9.458608627319336,0.0,40.45709228515625,3.778106689453125,-199.23291015625
1750930285.8815958,0.0,0.5,"[174.0, 185.0, 170.0, 168.0, 138.0, 124.0, 128.0, 145.0, 185.0, 174.0]",9.412810325622559,0.0,40.311065673828125,3.782817840576172,-199.35162353515625
1750930285.8971725,1.0,0.5,"[174.0, 185.0, 171.0, 168.0, 138.0, 124.0, 128.0, 145.0, 185.0, 174.0]",9.39095401763916,0.0,40.165557861328125,3.787038803100586,-199.47027587890625
1750930285.9278214,1.0,0.5,"[174.0, 185.0, 170.0, 168.0, 139.0, 124.0, 128.0, 145.0, 185.0, 174.0]",9.276226997375488,0.5,40.010406494140625,3.790386199951172,-199.57196044921875
1750930285.946472,1.0,0.5,"[174.0, 182.0, 166.0, 169.0, 140.0, 125.0, 129.0, 147.0, 185.0, 174.0]",9.05136489868164,0.5,39.850494384765625,3.792989730834961,-199.65679931640625
1750930285.9647353,1.0,0.5,"[174.0, 179.0, 163.0, 169.0, 141.0, 126.0, 130.0, 148.0, 185.0, 174.0]",9.264693260192871,0.5,39.68634033203125,3.7953319549560547,-199.74267578125
1750930285.983604,0.0,0.5,"[174.0, 173.0, 159.0, 170.0, 142.0, 127.0, 130.0, 150.0, 185.0, 174.0]",9.260401725769043,0.5,39.520782470703125,3.7973270416259766,-199.82571411132812
1750930286.002872,0.0,0.5,"[174.0, 173.0, 159.0, 170.0, 142.0, 127.0, 131.0, 150.0, 185.0, 174.0]",9.227750778198242,0.0,39.360870361328125,3.798891067504883,-199.9178466796875
1750930286.021899,0.0,0.5,"[174.0, 173.0, 162.0, 170.0, 142.0, 127.0, 131.0, 150.0, 185.0, 174.0]",9.081920623779297,0.0,39.21246337890625,3.8003158569335938,-200.02255249023438
1750930286.0410728,0.0,0.5,"[174.0, 173.0, 163.0, 170.0, 142.0, 127.0, 131.0, 150.0, 185.0, 174.0]",9.401101112365723,0.0,39.0579833984375,3.8014183044433594,-200.12969970703125
1750930286.0622177,0.0,0.5,"[174.0, 174.0, 165.0, 170.0, 142.0, 127.0, 130.0, 150.0, 185.0, 174.0]",9.187907218933105,0.0,38.907135009765625,3.8022804260253906,-200.234619140625
1750930286.081223,0.0,0.5,"[174.0, 176.0, 167.0, 170.0, 142.0, 127.0, 131.0, 151.0, 185.0, 174.0]",9.353697776794434,0.0,38.753997802734375,3.803182601928711,-200.34207153320312
1750930286.1008353,0.0,0.5,"[174.0, 180.0, 169.0, 170.0, 143.0, 128.0, 131.0, 151.0, 185.0, 174.0]",9.560284614562988,0.0,38.596923828125,3.8037796020507812,-200.45111083984375
1750930286.1198218,0.0,0.5,"[174.0, 183.0, 170.0, 170.0, 143.0, 128.0, 131.0, 151.0, 185.0, 174.0]",9.448312759399414,0.0,38.44171142578125,3.8042259216308594,-200.55889892578125
1750930286.1392684,0.0,0.5,"[174.0, 185.0, 172.0, 170.0, 143.0, 128.0, 131.0, 151.0, 185.0, 174.0]",9.666349411010742,0.0,38.283050537109375,3.8042964935302734,-200.66937255859375
1750930286.1581187,0.0,0.5,"[174.0, 185.0, 173.0, 171.0, 143.0, 128.0, 131.0, 153.0, 185.0, 174.0]",9.570047378540039,0.0,38.12567138671875,3.804271697998047,-200.7783203125
1750930286.177069,0.0,0.5,"[174.0, 185.0, 175.0, 171.0, 143.0, 128.0, 131.0, 153.0, 185.0, 174.0]",9.697232246398926,0.0,37.966705322265625,3.8041553497314453,-200.889404296875
1750930286.2106495,0.0,0.5,"[174.0, 185.0, 177.0, 171.0, 143.0, 128.0, 131.0, 153.0, 185.0, 174.0]",9.53585147857666,0.0,37.809967041015625,3.803956985473633,-200.99807739257812
1750930286.2294507,0.0,0.5,"[174.0, 185.0, 179.0, 171.0, 144.0, 129.0, 131.0, 153.0, 185.0, 174.0]",9.760637283325195,0.0,37.649993896484375,3.8036670684814453,-201.10992431640625
1750930286.248324,0.0,0.5,"[174.0, 185.0, 180.0, 173.0, 144.0, 129.0, 132.0, 153.0, 185.0, 174.0]",9.945382118225098,0.0,37.486724853515625,3.803121566772461,-201.2235107421875
1750930286.2672715,0.0,0.5,"[174.0, 185.0, 181.0, 173.0, 144.0, 129.0, 132.0, 153.0, 185.0, 174.0]",9.817784309387207,0.0,37.325408935546875,3.802236557006836,-201.33547973632812
1750930286.2863512,1.0,0.5,"[174.0, 185.0, 183.0, 173.0, 145.0, 129.0, 132.0, 153.0, 185.0, 174.0]",9.910648345947266,0.0,37.16265869140625,3.8012657165527344,-201.4486083984375
1750930286.3055618,1.0,0.5,"[174.0, 185.0, 183.0, 174.0, 146.0, 130.0, 132.0, 153.0, 185.0, 174.0]",9.763419151306152,0.5,36.9925537109375,3.8001842498779297,-201.54449462890625
1750930286.3258903,1.0,0.5,"[174.0, 185.0, 179.0, 175.0, 147.0, 131.0, 134.0, 155.0, 185.0, 174.0]",9.367300033569336,0.5,36.821014404296875,3.798858642578125,-201.61978149414062
1750930286.3467755,1.0,0.5,"[174.0, 185.0, 177.0, 176.0, 147.0, 133.0, 136.0, 156.0, 185.0, 174.0]",9.567002296447754,0.5,36.645050048828125,3.797107696533203,-201.6949462890625
1750930286.3665524,1.0,0.5,"[174.0, 185.0, 175.0, 177.0, 148.0, 135.0, 137.0, 158.0, 185.0, 174.0]",9.71142292022705,0.5,36.46490478515625,3.7949371337890625,-201.76751708984375
1750930286.385467,0.0,0.5,"[174.0, 185.0, 172.0, 295.0, 149.0, 136.0, 138.0, 159.0, 185.0, 174.0]",9.648550033569336,0.5,36.284332275390625,3.7923851013183594,-201.83551025390625
1750930286.4044979,0.0,0.5,"[174.0, 185.0, 172.0, 295.0, 149.0, 137.0, 138.0, 159.0, 185.0, 174.0]",9.732081413269043,0.0,36.10968017578125,3.789386749267578,-201.92138671875
1750930286.4233546,0.0,0.5,"[174.0, 185.0, 173.0, 179.0, 149.0, 136.0, 138.0, 159.0, 185.0, 174.0]",9.74838638305664,0.0,35.941680908203125,3.7859058380126953,-202.02023315429688
1750930286.442302,0.0,0.5,"[174.0, 185.0, 175.0, 179.0, 149.0, 136.0, 138.0, 159.0, 185.0, 174.0]",9.688392639160156,0.0,35.772430419921875,3.782125473022461,-202.114501953125
1750930286.4614809,0.0,0.5,"[174.0, 185.0, 176.0, 179.0, 149.0, 136.0, 138.0, 159.0, 185.0, 174.0]",9.79910945892334,0.0,35.601837158203125,3.7779197692871094,-202.21087646484375
1750930286.4801788,0.0,0.5,"[174.0, 185.0, 177.0, 179.0, 149.0, 136.0, 138.0, 159.0, 185.0, 174.0]",9.997785568237305,0.0,35.427581787109375,3.773326873779297,-202.308837890625
1750930286.4990582,0.0,0.5,"[174.0, 185.0, 178.0, 179.0, 149.0, 136.0, 138.0, 159.0, 185.0, 174.0]",9.920639991760254,0.0,35.2547607421875,3.7685165405273438,-202.40618896484375
1750930286.5179317,0.0,0.5,"[174.0, 185.0, 179.0, 179.0, 149.0, 136.0, 137.0, 158.0, 185.0, 174.0]",10.157083511352539,0.0,35.077850341796875,3.763355255126953,-202.50588989257812
1750930286.551682,0.0,0.5,"[174.0, 185.0, 180.0, 179.0, 149.0, 136.0, 137.0, 158.0, 185.0, 174.0]",10.045319557189941,0.0,34.90289306640625,3.7580337524414062,-202.6044921875
1750930286.570699,0.0,0.5,"[174.0, 185.0, 181.0, 179.0, 149.0, 136.0, 137.0, 158.0, 185.0, 174.0]",10.224468231201172,0.0,34.72479248046875,3.7523841857910156,-202.704833984375
1750930286.5898345,0.0,0.5,"[174.0, 185.0, 183.0, 179.0, 149.0, 136.0, 137.0, 156.0, 185.0, 174.0]",10.150583267211914,0.0,34.548065185546875,3.7465476989746094,-202.8045654296875
1750930286.6084945,0.0,0.5,"[174.0, 185.0, 184.0, 179.0, 148.0, 135.0, 136.0, 156.0, 185.0, 174.0]",10.259994506835938,0.0,34.36932373046875,3.740449905395508,-202.90521240234375
1750930286.6268508,0.0,0.5,"[174.0, 185.0, 184.0, 179.0, 148.0, 135.0, 136.0, 156.0, 185.0, 174.0]",10.129416465759277,0.0,34.193084716796875,3.734315872192383,-203.0048828125
1750930286.645874,0.0,0.5,"[174.0, 185.0, 185.0, 179.0, 148.0, 135.0, 136.0, 155.0, 185.0, 174.0]",10.491151809692383,0.0,34.01031494140625,3.7278099060058594,-203.1077880859375
1750930286.6648085,0.0,0.5,"[174.0, 185.0, 186.0, 179.0, 148.0, 135.0, 134.0, 155.0, 185.0, 174.0]",10.217623710632324,0.0,33.83233642578125,3.7213172912597656,-203.20797729492188
1750930286.683449,0.0,0.5,"[174.0, 185.0, 187.0, 179.0, 148.0, 134.0, 134.0, 154.0, 185.0, 174.0]",10.587803840637207,0.0,33.647918701171875,3.7143936157226562,-203.31182861328125
1750930286.7022939,0.0,0.5,"[174.0, 185.0, 189.0, 178.0, 148.0, 134.0, 134.0, 153.0, 185.0, 174.0]",10.467293739318848,0.0,33.465606689453125,3.707338333129883,-203.41445922851562
1750930286.7215471,0.0,0.5,"[174.0, 185.0, 189.0, 178.0, 148.0, 134.0, 134.0, 153.0, 185.0, 174.0]",10.631458282470703,0.0,33.280609130859375,3.700044631958008,-203.51904296875
1750930286.7413504,1.0,0.5,"[174.0, 185.0, 190.0, 178.0, 148.0, 134.0, 133.0, 153.0, 185.0, 174.0]",10.593968391418457,0.0,33.0960693359375,3.6926231384277344,-203.62286376953125
1750930286.760235,1.0,0.5,"[174.0, 185.0, 190.0, 179.0, 148.0, 134.0, 134.0, 153.0, 185.0, 174.0]",10.51047134399414,0.5,32.9053955078125,3.6854629516601562,-203.7110595703125
1750930286.77921,1.0,0.5,"[174.0, 185.0, 187.0, 179.0, 149.0, 136.0, 136.0, 155.0, 185.0, 174.0]",10.242411613464355,0.5,32.712127685546875,3.6786632537841797,-203.7786865234375
1750930286.7981079,1.0,0.5,"[174.0, 185.0, 186.0, 179.0, 150.0, 137.0, 137.0, 156.0, 185.0, 174.0]",10.341949462890625,0.5,32.5152587890625,3.671834945678711,-203.84173583984375
1750930286.8168442,0.0,0.5,"[174.0, 185.0, 183.0, 179.0, 150.0, 139.0, 138.0, 158.0, 185.0, 174.0]",10.382709503173828,0.5,32.316131591796875,3.664987564086914,-203.90023803710938
1750930286.850803,0.0,0.5,"[174.0, 185.0, 183.0, 295.0, 151.0, 139.0, 139.0, 158.0, 185.0, 174.0]",10.251384735107422,0.0,32.123779296875,3.6579933166503906,-203.9708251953125
1750930286.8697546,0.0,0.5,"[174.0, 185.0, 184.0, 179.0, 151.0, 139.0, 139.0, 158.0, 185.0, 174.0]",10.294139862060547,0.0,31.9366455078125,3.6507320404052734,-204.05633544921875
1750930286.8878157,0.0,0.5,"[174.0, 185.0, 185.0, 179.0, 151.0, 139.0, 138.0, 158.0, 185.0, 174.0]",10.526252746582031,0.0,31.74542236328125,3.6433277130126953,-204.14410400390625
1750930286.9068298,0.0,0.5,"[174.0, 185.0, 186.0, 179.0, 151.0, 139.0, 138.0, 156.0, 185.0, 174.0]",10.485982894897461,0.0,31.555023193359375,3.636035919189453,-204.23175048828125
1750930286.9251158,0.0,0.5,"[174.0, 185.0, 188.0, 295.0, 151.0, 139.0, 138.0, 156.0, 185.0, 174.0]",10.384807586669922,0.0,31.366424560546875,3.6288833618164062,-204.31842041015625
1750930286.9441445,1.0,0.5,"[174.0, 185.0, 189.0, 179.0, 151.0, 139.0, 138.0, 156.0, 185.0, 174.0]",10.352286338806152,0.0,31.17840576171875,3.6219100952148438,-204.40484619140625
1750930286.961552,1.0,0.5,"[174.0, 185.0, 187.0, 295.0, 151.0, 140.0, 139.0, 156.0, 185.0, 174.0]",10.430815696716309,0.5,30.981353759765625,3.615283966064453,-204.4730224609375
1750930286.9795825,1.0,0.5,"[174.0, 185.0, 184.0, 176.0, 152.0, 141.0, 140.0, 158.0, 185.0, 174.0]",10.126997947692871,0.5,30.78466796875,3.609222412109375,-204.52105712890625
1750930286.995982,0.0,0.5,"[174.0, 185.0, 181.0, 174.0, 153.0, 143.0, 141.0, 160.0, 185.0, 174.0]",10.325732231140137,0.5,30.58306884765625,3.603302001953125,-204.56539916992188
1750930287.0384731,0.0,0.5,"[174.0, 185.0, 181.0, 173.0, 153.0, 143.0, 142.0, 160.0, 185.0, 174.0]",10.149660110473633,0.0,30.38983154296875,3.597208023071289,-204.62722778320312
1750930287.0553405,0.0,0.5,"[174.0, 185.0, 183.0, 173.0, 152.0, 142.0, 141.0, 159.0, 185.0, 174.0]",10.44897174835205,0.0,30.1964111328125,3.5908584594726562,-204.70614624023438
1750930287.0570095,0.0,0.5,"[174.0, 185.0, 183.0, 173.0, 152.0, 142.0, 141.0, 159.0, 185.0, 174.0]",10.101910591125488,0.0,30.007598876953125,3.5849456787109375,-204.77780151367188
1750930287.0863075,0.0,0.5,"[174.0, 185.0, 184.0, 173.0, 152.0, 142.0, 140.0, 158.0, 185.0, 174.0]",10.411323547363281,0.0,29.813629150390625,3.57904052734375,-204.853271484375
1750930287.1032968,0.0,0.5,"[174.0, 185.0, 184.0, 173.0, 151.0, 141.0, 139.0, 156.0, 185.0, 174.0]",10.496049880981445,0.0,29.617828369140625,3.573291778564453,-204.92874145507812
1750930287.1199124,0.0,0.5,"[174.0, 185.0, 184.0, 173.0, 151.0, 141.0, 139.0, 156.0, 185.0, 174.0]",10.5164155960083,0.0,29.4217529296875,3.5677261352539062,-205.00460815429688
1750930287.1368792,1.0,0.5,"[174.0, 185.0, 186.0, 173.0, 150.0, 140.0, 138.0, 155.0, 185.0, 174.0]",10.592724800109863,0.0,29.2242431640625,3.562358856201172,-205.08111572265625
1750930287.165228,0.0,0.5,"[174.0, 185.0, 184.0, 171.0, 150.0, 140.0, 138.0, 155.0, 185.0, 174.0]",10.408269882202148,0.5,29.024627685546875,3.557464599609375,-205.139892578125
1750930287.1814716,0.0,0.5,"[174.0, 185.0, 184.0, 171.0, 149.0, 139.0, 138.0, 154.0, 185.0, 174.0]",10.177628517150879,0.0,28.834686279296875,3.552732467651367,-205.2130126953125
1750930287.1970894,0.0,0.5,"[174.0, 185.0, 184.0, 170.0, 149.0, 138.0, 137.0, 153.0, 185.0, 174.0]",10.309908866882324,0.0,28.6416015625,3.548168182373047,-205.28515625
1750930287.224648,0.0,0.5,"[174.0, 185.0, 185.0, 171.0, 148.0, 137.0, 136.0, 151.0, 185.0, 174.0]",10.33293342590332,0.0,28.448211669921875,3.543804168701172,-205.35791015625
1750930287.2410274,0.0,0.5,"[174.0, 185.0, 185.0, 170.0, 147.0, 137.0, 134.0, 150.0, 185.0, 174.0]",10.567155838012695,0.0,28.250640869140625,3.5397071838378906,-205.43283081054688
1750930287.257114,0.0,0.5,"[174.0, 185.0, 185.0, 170.0, 147.0, 136.0, 134.0, 150.0, 185.0, 174.0]",10.645438194274902,0.0,28.05133056640625,3.536012649536133,-205.50765991210938
1750930287.285133,1.0,0.5,"[174.0, 185.0, 185.0, 169.0, 146.0, 135.0, 133.0, 148.0, 185.0, 174.0]",10.612934112548828,0.0,27.852783203125,3.5326881408691406,-205.58258056640625
1750930287.301169,0.0,0.5,"[174.0, 185.0, 184.0, 168.0, 146.0, 135.0, 133.0, 148.0, 185.0, 174.0]",10.329474449157715,0.5,27.6534423828125,3.5300254821777344,-205.63674926757812
1750930287.3170505,0.0,0.5,"[174.0, 185.0, 184.0, 168.0, 145.0, 134.0, 133.0, 147.0, 185.0, 174.0]",10.32425594329834,0.0,27.45855712890625,3.527423858642578,-205.7049560546875
1750930287.3457677,0.0,0.5,"[174.0, 185.0, 184.0, 167.0, 145.0, 133.0, 132.0, 147.0, 185.0, 174.0]",10.354835510253906,0.0,27.263916015625,3.5251235961914062,-205.77566528320312
1750930287.362108,0.0,0.5,"[174.0, 185.0, 184.0, 167.0, 144.0, 133.0, 131.0, 145.0, 185.0, 174.0]",10.44711685180664,0.0,27.067413330078125,3.5231895446777344,-205.8466796875
1750930287.378496,1.0,0.5,"[174.0, 185.0, 184.0, 167.0, 144.0, 131.0, 130.0, 144.0, 185.0, 174.0]",10.350104331970215,0.0,26.872894287109375,3.521696090698242,-205.91744995117188
1750930287.394497,1.0,0.5,"[174.0, 185.0, 183.0, 166.0, 144.0, 131.0, 131.0, 145.0, 185.0, 174.0]",10.104324340820312,0.5,26.6781005859375,3.5207347869873047,-205.97122192382812
1750930287.4349334,0.0,0.5,"[174.0, 185.0, 181.0, 163.0, 144.0, 131.0, 132.0, 145.0, 185.0, 174.0]",10.226618766784668,0.5,26.47662353515625,3.5203075408935547,-206.00637817382812
1750930287.4513564,0.0,0.5,"[174.0, 185.0, 179.0, 163.0, 144.0, 131.0, 132.0, 145.0, 185.0, 174.0]",9.930659294128418,0.0,26.283477783203125,3.5200233459472656,-206.0526123046875
1750930287.467765,0.0,0.5,"[174.0, 185.0, 180.0, 163.0, 144.0, 130.0, 131.0, 145.0, 185.0, 174.0]",10.115870475769043,0.0,26.09197998046875,3.5197200775146484,-206.117919921875
1750930287.4838467,0.0,0.5,"[174.0, 185.0, 180.0, 163.0, 144.0, 130.0, 131.0, 144.0, 185.0, 174.0]",10.315275192260742,0.0,25.895538330078125,3.5197601318359375,-206.18093872070312
1750930287.4997544,0.0,0.5,"[174.0, 185.0, 181.0, 163.0, 143.0, 129.0, 130.0, 143.0, 184.0, 174.0]",10.153550148010254,0.0,25.7021484375,3.5200233459472656,-206.242919921875
1750930287.5156708,0.0,0.5,"[174.0, 185.0, 181.0, 163.0, 143.0, 129.0, 130.0, 142.0, 182.0, 174.0]",10.304838180541992,0.0,25.506134033203125,3.5204639434814453,-206.30661010742188
1750930287.5563443,1.0,0.5,"[174.0, 185.0, 181.0, 163.0, 143.0, 128.0, 130.0, 142.0, 182.0, 174.0]",10.389324188232422,0.0,25.3082275390625,3.5210304260253906,-206.369873046875
1750930287.5724845,0.0,0.5,"[174.0, 185.0, 179.0, 162.0, 143.0, 129.0, 130.0, 142.0, 182.0, 174.0]",10.109489440917969,0.5,25.111236572265625,3.521991729736328,-206.4154052734375
1750930287.588125,0.0,0.5,"[174.0, 185.0, 180.0, 162.0, 143.0, 128.0, 130.0, 142.0, 181.0, 174.0]",10.287214279174805,0.0,24.914520263671875,3.522918701171875,-206.47573852539062
1750930287.6040366,0.0,0.5,"[174.0, 185.0, 180.0, 162.0, 143.0, 128.0, 130.0, 141.0, 179.0, 174.0]",10.19133186340332,0.0,24.720001220703125,3.523996353149414,-206.53662109375
1750930287.6198845,0.0,0.5,"[174.0, 185.0, 181.0, 162.0, 142.0, 127.0, 129.0, 141.0, 179.0, 174.0]",10.399665832519531,0.0,24.521270751953125,3.5252437591552734,-206.59796142578125
1750930287.6361055,0.0,0.5,"[174.0, 185.0, 181.0, 162.0, 142.0, 127.0, 128.0, 140.0, 177.0, 174.0]",10.243728637695312,0.0,24.32574462890625,3.5266170501708984,-206.65911865234375
1750930287.6768284,0.0,0.5,"[174.0, 185.0, 181.0, 162.0, 142.0, 126.0, 128.0, 139.0, 176.0, 174.0]",10.347177505493164,0.0,24.128082275390625,3.528106689453125,-206.72042846679688
1750930287.6931655,0.0,0.5,"[174.0, 185.0, 181.0, 162.0, 142.0, 126.0, 128.0, 139.0, 174.0, 174.0]",10.523148536682129,0.0,23.927154541015625,3.5297012329101562,-206.78305053710938
1750930287.7092366,0.0,0.5,"[174.0, 185.0, 181.0, 162.0, 141.0, 125.0, 126.0, 137.0, 173.0, 174.0]",10.353812217712402,0.0,23.7293701171875,3.531402587890625,-206.84429931640625
1750930287.7250094,0.0,0.5,"[174.0, 185.0, 181.0, 162.0, 141.0, 125.0, 126.0, 137.0, 172.0, 174.0]",10.578841209411621,0.0,23.527313232421875,3.533182144165039,-206.9071044921875
1750930287.7413445,0.0,0.5,"[174.0, 185.0, 183.0, 162.0, 141.0, 124.0, 125.0, 136.0, 170.0, 174.0]",10.671894073486328,0.0,23.323394775390625,3.5349979400634766,-206.9700927734375
1750930287.757115,0.0,0.5,"[174.0, 185.0, 183.0, 162.0, 141.0, 124.0, 124.0, 136.0, 170.0, 174.0]",10.621252059936523,0.0,23.120635986328125,3.5368289947509766,-207.03341674804688
1750930287.78559,0.0,0.5,"[174.0, 185.0, 183.0, 163.0, 140.0, 123.0, 124.0, 134.0, 167.0, 174.0]",10.555989265441895,0.0,22.91900634765625,3.5386886596679688,-207.09588623046875
1750930287.8022327,0.0,0.5,"[174.0, 185.0, 183.0, 162.0, 140.0, 123.0, 123.0, 134.0, 167.0, 174.0]",10.5291166305542,0.0,22.717987060546875,3.5405616760253906,-207.15869140625
1750930287.81767,0.0,0.5,"[174.0, 185.0, 183.0, 163.0, 140.0, 122.0, 122.0, 133.0, 165.0, 174.0]",10.696464538574219,0.0,22.513580322265625,3.542522430419922,-207.22174072265625
1750930287.846661,0.0,0.5,"[174.0, 185.0, 184.0, 163.0, 139.0, 121.0, 121.0, 133.0, 164.0, 174.0]",10.838886260986328,0.0,22.30657958984375,3.5444717407226562,-207.2860107421875
1750930287.8631194,0.0,0.5,"[174.0, 185.0, 184.0, 163.0, 139.0, 120.0, 119.0, 131.0, 163.0, 174.0]",10.754802703857422,0.0,22.101165771484375,3.5464420318603516,-207.349853515625
1750930287.8792732,0.0,0.5,"[174.0, 185.0, 184.0, 163.0, 139.0, 120.0, 118.0, 130.0, 161.0, 174.0]",10.720961570739746,0.0,21.896453857421875,3.54840087890625,-207.41363525390625
1750930287.8953526,0.0,0.5,"[174.0, 185.0, 184.0, 163.0, 138.0, 119.0, 118.0, 130.0, 160.0, 174.0]",10.90447998046875,0.0,21.688262939453125,3.5504608154296875,-207.47854614257812
1750930287.9360445,1.0,0.5,"[174.0, 185.0, 184.0, 163.0, 138.0, 118.0, 117.0, 128.0, 158.0, 174.0]",11.054031372070312,0.0,21.477142333984375,3.552652359008789,-207.54409790039062
1750930287.952424,1.0,0.5,"[174.0, 185.0, 183.0, 162.0, 139.0, 119.0, 117.0, 130.0, 159.0, 174.0]",10.642181396484375,0.5,21.269561767578125,3.5549774169921875,-207.59109497070312
1750930287.9682372,1.0,0.5,"[174.0, 185.0, 181.0, 160.0, 140.0, 120.0, 118.0, 130.0, 161.0, 174.0]",10.622410774230957,0.5,21.0587158203125,3.557676315307617,-207.616943359375
1750930287.9844759,1.0,0.5,"[174.0, 185.0, 179.0, 159.0, 142.0, 121.0, 118.0, 131.0, 164.0, 174.0]",10.645176887512207,0.5,20.846893310546875,3.5605735778808594,-207.63821411132812
1750930288.0004764,1.0,0.5,"[174.0, 185.0, 176.0, 157.0, 144.0, 123.0, 120.0, 133.0, 167.0, 174.0]",10.690850257873535,0.5,20.633575439453125,3.563800811767578,-207.6524658203125
1750930288.0163786,1.0,0.5,"[174.0, 185.0, 175.0, 155.0, 146.0, 124.0, 122.0, 134.0, 170.0, 174.0]",10.56336784362793,0.5,20.422637939453125,3.5672225952148438,-207.66387939453125
1750930288.0540307,1.0,0.5,"[174.0, 185.0, 173.0, 153.0, 148.0, 125.0, 123.0, 134.0, 173.0, 174.0]",10.628634452819824,0.5,20.210174560546875,3.5709495544433594,-207.66891479492188
1750930288.0687385,1.0,0.5,"[174.0, 185.0, 170.0, 152.0, 150.0, 127.0, 124.0, 136.0, 176.0, 174.0]",10.816515922546387,0.5,19.993896484375,3.574909210205078,-207.6708984375
1750930288.0826874,1.0,0.5,"[174.0, 185.0, 168.0, 149.0, 149.0, 129.0, 125.0, 137.0, 177.0, 174.0]",10.830282211303711,0.5,19.77734375,3.579050064086914,-207.66796875
1750930288.096673,1.0,0.5,"[174.0, 185.0, 166.0, 148.0, 149.0, 130.0, 126.0, 139.0, 179.0, 174.0]",10.935693740844727,0.5,19.558837890625,3.583353042602539,-207.65936279296875
1750930288.1207626,0.0,0.5,"[174.0, 185.0, 163.0, 146.0, 148.0, 133.0, 129.0, 141.0, 181.0, 174.0]",10.926185607910156,0.5,19.3406982421875,3.587697982788086,-207.64715576171875
1750930288.1349185,0.0,0.5,"[174.0, 185.0, 162.0, 145.0, 148.0, 134.0, 129.0, 141.0, 181.0, 174.0]",10.786969184875488,0.0,19.125,3.5920143127441406,-207.64739990234375
1750930288.1699312,0.0,0.5,"[174.0, 185.0, 162.0, 145.0, 147.0, 133.0, 129.0, 141.0, 179.0, 174.0]",10.850516319274902,0.0,18.908905029296875,3.5962982177734375,-207.666748046875
1750930288.1839614,0.0,0.5,"[174.0, 185.0, 162.0, 145.0, 148.0, 133.0, 128.0, 140.0, 178.0, 174.0]",10.881341934204102,0.0,18.69207763671875,3.600574493408203,-207.6849365234375
1750930288.19799,0.0,0.5,"[174.0, 185.0, 162.0, 145.0, 147.0, 133.0, 128.0, 139.0, 176.0, 174.0]",10.895596504211426,0.0,18.47503662109375,3.604825973510742,-207.70391845703125
1750930288.2223382,0.0,0.5,"[174.0, 185.0, 162.0, 145.0, 147.0, 131.0, 126.0, 138.0, 174.0, 174.0]",11.041590690612793,0.0,18.2550048828125,3.609130859375,-207.722412109375
1750930288.236074,0.0,0.5,"[174.0, 185.0, 161.0, 145.0, 147.0, 131.0, 126.0, 137.0, 173.0, 174.0]",10.896589279174805,0.0,18.03790283203125,3.613330841064453,-207.74090576171875
1750930288.2705364,1.0,0.5,"[174.0, 185.0, 161.0, 145.0, 147.0, 131.0, 126.0, 137.0, 172.0, 174.0]",11.094598770141602,0.0,17.81683349609375,3.617523193359375,-207.75927734375
1750930288.2849984,1.0,0.5,"[174.0, 185.0, 160.0, 144.0, 259.0, 131.0, 126.0, 137.0, 172.0, 174.0]",10.871020317077637,0.5,17.5994873046875,3.6216049194335938,-207.76416015625
1750930288.2991536,1.0,0.5,"[174.0, 185.0, 158.0, 141.0, 145.0, 134.0, 128.0, 138.0, 173.0, 174.0]",10.563097953796387,0.5,17.388763427734375,3.6256351470947266,-207.74981689453125
1750930288.3139267,1.0,0.5,"[174.0, 185.0, 156.0, 140.0, 143.0, 136.0, 130.0, 141.0, 176.0, 174.0]",10.674034118652344,0.5,17.17669677734375,3.6297988891601562,-207.72564697265625
1750930288.352163,1.0,0.5,"[174.0, 185.0, 153.0, 138.0, 142.0, 138.0, 132.0, 142.0, 179.0, 174.0]",10.706772804260254,0.5,16.96453857421875,3.634044647216797,-207.69677734375
1750930288.3663764,0.0,0.5,"[174.0, 185.0, 151.0, 136.0, 140.0, 140.0, 133.0, 145.0, 182.0, 174.0]",10.88521671295166,0.5,16.749847412109375,3.6383914947509766,-207.6610107421875
1750930288.3809521,0.0,0.5,"[174.0, 185.0, 150.0, 135.0, 139.0, 141.0, 134.0, 146.0, 184.0, 174.0]",10.598607063293457,0.0,16.53875732421875,3.642681121826172,-207.642333984375
1750930288.396475,0.0,0.5,"[174.0, 185.0, 150.0, 135.0, 139.0, 141.0, 134.0, 145.0, 183.0, 174.0]",10.796479225158691,0.0,16.32293701171875,3.647064208984375,-207.63690185546875
1750930288.4326537,0.0,0.5,"[174.0, 185.0, 149.0, 135.0, 139.0, 141.0, 134.0, 145.0, 182.0, 174.0]",10.639050483703613,0.0,16.1102294921875,3.6514129638671875,-207.6334228515625
1750930288.4469936,0.0,0.5,"[174.0, 185.0, 149.0, 135.0, 139.0, 141.0, 134.0, 145.0, 182.0, 174.0]",10.79624080657959,0.0,15.894378662109375,3.655824661254883,-207.62945556640625
1750930288.4609482,0.0,0.5,"[174.0, 185.0, 148.0, 134.0, 139.0, 141.0, 134.0, 145.0, 182.0, 174.0]",10.988035202026367,0.0,15.6746826171875,3.6602935791015625,-207.6258544921875
1750930288.4753406,0.0,0.5,"[174.0, 185.0, 148.0, 134.0, 139.0, 141.0, 134.0, 145.0, 182.0, 174.0]",10.866559028625488,0.0,15.457427978515625,3.6646957397460938,-207.6219482421875
1750930288.5101829,0.0,0.5,"[174.0, 185.0, 148.0, 134.0, 139.0, 141.0, 134.0, 145.0, 182.0, 174.0]",11.030037879943848,0.0,15.236907958984375,3.669139862060547,-207.61837768554688
1750930288.524237,0.0,0.5,"[174.0, 185.0, 148.0, 134.0, 139.0, 141.0, 134.0, 145.0, 181.0, 174.0]",10.858172416687012,0.0,15.01983642578125,3.6734962463378906,-207.61447143554688
1750930288.5380852,0.0,0.5,"[174.0, 185.0, 148.0, 134.0, 139.0, 141.0, 134.0, 145.0, 180.0, 174.0]",11.046247482299805,0.0,14.798980712890625,3.6779022216796875,-207.61087036132812
1750930288.5520263,0.0,0.5,"[174.0, 185.0, 147.0, 134.0, 139.0, 141.0, 134.0, 144.0, 180.0, 174.0]",11.070158958435059,0.0,14.577667236328125,3.682291030883789,-207.60699462890625
1750930288.588604,0.0,0.5,"[174.0, 185.0, 147.0, 134.0, 139.0, 141.0, 134.0, 144.0, 179.0, 174.0]",11.066006660461426,0.0,14.356414794921875,3.6864395141601562,-207.60302734375
1750930288.6049213,0.0,0.5,"[174.0, 185.0, 147.0, 134.0, 139.0, 141.0, 134.0, 144.0, 179.0, 174.0]",11.263492584228516,0.0,14.131195068359375,3.6901817321777344,-207.5989990234375
1750930288.6207879,0.0,0.5,"[174.0, 185.0, 147.0, 134.0, 139.0, 141.0, 134.0, 144.0, 179.0, 174.0]",11.148270606994629,0.0,13.908294677734375,3.693439483642578,-207.59539794921875
1750930288.635583,0.0,0.5,"[174.0, 185.0, 147.0, 134.0, 140.0, 141.0, 134.0, 144.0, 179.0, 174.0]",11.412096977233887,0.0,13.68011474609375,3.6963539123535156,-207.59130859375
1750930288.673558,0.0,0.5,"[174.0, 185.0, 147.0, 134.0, 140.0, 141.0, 134.0, 144.0, 179.0, 174.0]",11.090259552001953,0.0,13.458343505859375,3.6988697052001953,-207.5875244140625
1750930288.6891203,0.0,0.5,"[174.0, 185.0, 147.0, 134.0, 140.0, 142.0, 134.0, 144.0, 179.0, 174.0]",11.426080703735352,0.0,13.2298583984375,3.701160430908203,-207.58380126953125
1750930288.7049859,0.0,0.5,"[174.0, 185.0, 147.0, 134.0, 140.0, 142.0, 134.0, 144.0, 179.0, 174.0]",11.463712692260742,0.0,13.000640869140625,3.703207015991211,-207.58013916015625
1750930288.7191987,0.0,0.5,"[174.0, 185.0, 147.0, 134.0, 140.0, 142.0, 134.0, 144.0, 179.0, 174.0]",11.437129974365234,0.0,12.771942138671875,3.705045700073242,-207.57589721679688
1750930288.7332838,0.0,0.5,"[174.0, 185.0, 147.0, 134.0, 140.0, 142.0, 134.0, 144.0, 179.0, 174.0]",11.437239646911621,0.0,12.543243408203125,3.70672607421875,-207.572265625
1750930288.7693248,0.0,0.5,"[174.0, 185.0, 147.0, 134.0, 141.0, 142.0, 134.0, 144.0, 179.0, 174.0]",11.452531814575195,0.0,12.314239501953125,3.708280563354492,-207.56777954101562
1750930288.7837903,0.0,0.5,"[174.0, 185.0, 147.0, 134.0, 141.0, 142.0, 134.0, 144.0, 179.0, 174.0]",11.670482635498047,0.0,12.080841064453125,3.7098236083984375,-207.56402587890625
1750930288.7988248,0.0,0.5,"[174.0, 185.0, 147.0, 135.0, 141.0, 142.0, 134.0, 144.0, 179.0, 174.0]",11.578160285949707,0.0,11.849334716796875,3.711282730102539,-207.5599365234375
1750930288.8134089,0.0,0.5,"[174.0, 185.0, 147.0, 135.0, 141.0, 143.0, 136.0, 145.0, 179.0, 174.0]",11.799544334411621,0.0,11.613372802734375,3.712799072265625,-207.55593872070312
1750930288.8492703,0.0,0.5,"[174.0, 185.0, 147.0, 135.0, 141.0, 143.0, 136.0, 145.0, 179.0, 174.0]",11.706886291503906,0.0,11.3792724609375,3.714263916015625,-207.55169677734375
1750930288.8635747,0.0,0.5,"[174.0, 185.0, 147.0, 135.0, 141.0, 143.0, 136.0, 145.0, 179.0, 174.0]",11.782051086425781,0.0,11.1436767578125,3.7157821655273438,-207.54766845703125
1750930288.8785057,0.0,0.5,"[174.0, 185.0, 147.0, 135.0, 142.0, 143.0, 136.0, 145.0, 179.0, 174.0]",11.586727142333984,0.0,10.9119873046875,3.7172279357910156,-207.54345703125
1750930288.8932493,0.0,0.5,"[174.0, 185.0, 147.0, 136.0, 142.0, 144.0, 136.0, 145.0, 179.0, 174.0]",11.924195289611816,0.0,10.673553466796875,3.718303680419922,-207.53912353515625
1750930288.9279172,0.0,0.5,"[174.0, 185.0, 147.0, 136.0, 142.0, 144.0, 136.0, 145.0, 179.0, 174.0]",11.879100799560547,0.0,10.436004638671875,3.7190475463867188,-207.5350341796875
1750930288.9420857,0.0,0.5,"[174.0, 185.0, 147.0, 136.0, 142.0, 144.0, 136.0, 145.0, 179.0, 174.0]",12.037994384765625,0.0,10.195281982421875,3.719480514526367,-207.5308837890625
1750930288.9564948,0.0,0.5,"[174.0, 184.0, 147.0, 136.0, 142.0, 144.0, 136.0, 145.0, 179.0, 174.0]",11.938440322875977,0.0,9.95654296875,3.7196483612060547,-207.52679443359375
1750930288.9913123,0.0,0.5,"[174.0, 184.0, 147.0, 135.0, 142.0, 144.0, 136.0, 145.0, 179.0, 174.0]",12.181321144104004,0.0,9.71295166015625,3.7195892333984375,-207.522705078125
1750930289.005697,0.0,0.5,"[174.0, 183.0, 146.0, 135.0, 142.0, 144.0, 136.0, 145.0, 179.0, 174.0]",12.073494911193848,0.0,9.471527099609375,3.719348907470703,-207.51858520507812
1750930289.0196586,0.0,0.5,"[174.0, 182.0, 146.0, 135.0, 142.0, 144.0, 136.0, 145.0, 178.0, 174.0]",12.26714038848877,0.0,9.226226806640625,3.7189598083496094,-207.5142822265625
1750930289.033554,0.0,0.5,"[174.0, 182.0, 146.0, 135.0, 142.0, 144.0, 136.0, 145.0, 178.0, 174.0]",12.127036094665527,0.0,8.98370361328125,3.7184619903564453,-207.51016235351562
1750930289.0682516,0.0,0.5,"[174.0, 182.0, 145.0, 135.0, 142.0, 144.0, 136.0, 144.0, 177.0, 174.0]",12.269307136535645,0.0,8.738372802734375,3.717884063720703,-207.50601196289062
1750930289.0826693,0.0,0.5,"[174.0, 182.0, 145.0, 134.0, 142.0, 144.0, 136.0, 144.0, 177.0, 174.0]",12.24721908569336,0.0,8.493438720703125,3.717252731323242,-207.501953125
1750930289.096779,0.0,0.5,"[174.0, 181.0, 145.0, 134.0, 142.0, 144.0, 136.0, 144.0, 176.0, 174.0]",12.305768013000488,0.0,8.24737548828125,3.716594696044922,-207.49740600585938
1750930289.121179,0.0,0.5,"[174.0, 180.0, 145.0, 134.0, 142.0, 144.0, 136.0, 144.0, 176.0, 174.0]",12.48228645324707,0.0,7.997772216796875,3.715930938720703,-207.4931640625
1750930289.1353552,0.0,0.5,"[174.0, 179.0, 145.0, 134.0, 142.0, 144.0, 134.0, 144.0, 176.0, 174.0]",12.377963066101074,0.0,7.750244140625,3.715280532836914,-207.48870849609375
1750930289.17082,0.0,0.5,"[174.0, 179.0, 144.0, 133.0, 141.0, 144.0, 134.0, 143.0, 176.0, 174.0]",12.559898376464844,0.0,7.49908447265625,3.7146530151367188,-207.48440551757812
1750930289.185677,0.0,0.5,"[174.0, 179.0, 144.0, 133.0, 141.0, 143.0, 134.0, 143.0, 176.0, 174.0]",12.360528945922852,0.0,7.251922607421875,3.7140636444091797,-207.48001098632812
1750930289.1992254,0.0,0.5,"[174.0, 179.0, 143.0, 133.0, 141.0, 143.0, 134.0, 143.0, 176.0, 174.0]",12.529348373413086,0.0,7.001373291015625,3.7135181427001953,-207.47576904296875
1750930289.213716,0.0,0.5,"[174.0, 178.0, 143.0, 133.0, 141.0, 143.0, 134.0, 142.0, 174.0, 174.0]",12.71784496307373,0.0,6.747039794921875,3.7130050659179688,-207.47119140625
1750930289.2466216,0.0,0.5,"[174.0, 177.0, 142.0, 133.0, 141.0, 143.0, 134.0, 142.0, 173.0, 174.0]",12.58076286315918,0.0,6.4954833984375,3.7125320434570312,-207.46707153320312
1750930289.2608602,0.0,0.5,"[174.0, 176.0, 142.0, 133.0, 141.0, 143.0, 134.0, 142.0, 173.0, 174.0]",12.736425399780273,0.0,6.24078369140625,3.71209716796875,-207.46270751953125
1750930289.2750165,0.0,0.5,"[174.0, 176.0, 142.0, 132.0, 141.0, 143.0, 134.0, 142.0, 173.0, 174.0]",12.727659225463867,0.0,5.98626708984375,3.7117156982421875,-207.45855712890625
1750930289.309604,0.0,0.5,"[174.0, 176.0, 142.0, 132.0, 141.0, 143.0, 134.0, 142.0, 173.0, 174.0]",12.781294822692871,0.0,5.730682373046875,3.711385726928711,-207.4537353515625
1750930289.323547,0.0,0.5,"[174.0, 174.0, 141.0, 132.0, 140.0, 143.0, 134.0, 142.0, 173.0, 174.0]",12.738679885864258,0.0,5.4759521484375,3.7111072540283203,-207.4495849609375
1750930289.336582,0.0,0.5,"[174.0, 174.0, 141.0, 132.0, 140.0, 143.0, 133.0, 141.0, 172.0, 174.0]",12.722158432006836,0.0,5.2215576171875,3.71087646484375,-207.44476318359375
1750930289.36124,0.0,0.5,"[174.0, 173.0, 141.0, 132.0, 140.0, 143.0, 133.0, 141.0, 172.0, 174.0]",12.957804679870605,0.0,4.962432861328125,3.7106857299804688,-207.4405517578125
1750930289.375158,0.0,0.5,"[174.0, 173.0, 141.0, 131.0, 140.0, 143.0, 133.0, 141.0, 172.0, 174.0]",12.917555809020996,0.0,4.7041015625,3.7105350494384766,-207.43612670898438
1750930289.4096763,0.0,0.5,"[174.0, 173.0, 141.0, 131.0, 140.0, 142.0, 133.0, 141.0, 171.0, 174.0]",13.152942657470703,0.0,4.44110107421875,3.710416793823242,-207.43133544921875
1750930289.4232752,0.0,0.5,"[174.0, 172.0, 141.0, 131.0, 140.0, 142.0, 133.0, 141.0, 171.0, 174.0]",13.027649879455566,0.0,4.180572509765625,3.7103309631347656,-207.42694091796875
1750930289.4374533,0.0,0.5,"[174.0, 171.0, 140.0, 131.0, 140.0, 142.0, 133.0, 141.0, 170.0, 174.0]",13.206454277038574,0.0,3.91650390625,3.710264205932617,-207.42230224609375
1750930289.4612572,0.0,0.5,"[174.0, 170.0, 139.0, 131.0, 140.0, 142.0, 133.0, 141.0, 170.0, 174.0]",13.083761215209961,0.0,3.65484619140625,3.7102203369140625,-207.41796875
1750930289.4747796,0.0,0.5,"[174.0, 170.0, 139.0, 131.0, 140.0, 142.0, 132.0, 141.0, 170.0, 174.0]",13.193836212158203,0.0,3.391021728515625,3.7101898193359375,-207.41326904296875
1750930289.5093017,0.0,0.5,"[174.0, 170.0, 139.0, 131.0, 140.0, 142.0, 132.0, 140.0, 170.0, 174.0]",12.961472511291504,0.0,3.1318359375,3.710174560546875,-207.40899658203125
1750930289.5228868,0.0,0.5,"[174.0, 170.0, 139.0, 131.0, 140.0, 142.0, 132.0, 140.0, 170.0, 174.0]",13.33398151397705,0.0,2.86517333984375,3.7101669311523438,-207.4044189453125
1750930289.5372813,0.0,0.5,"[174.0, 169.0, 138.0, 130.0, 139.0, 142.0, 132.0, 140.0, 169.0, 174.0]",13.409954071044922,0.0,2.597015380859375,3.710174560546875,-207.3997802734375
1750930289.5615368,0.0,0.5,"[174.0, 168.0, 138.0, 130.0, 139.0, 142.0, 132.0, 140.0, 169.0, 174.0]",13.422139167785645,0.0,2.32861328125,3.7101974487304688,-207.3951416015625
1750930289.575606,0.0,0.5,"[174.0, 168.0, 137.0, 130.0, 139.0, 142.0, 132.0, 139.0, 168.0, 174.0]",13.362743377685547,0.0,2.0614013671875,3.7102317810058594,-207.3905029296875
1750930289.6091526,0.0,0.5,"[174.0, 167.0, 137.0, 130.0, 139.0, 142.0, 132.0, 139.0, 168.0, 174.0]",13.339521408081055,0.0,1.794647216796875,3.710277557373047,-207.385986328125
1750930289.623725,0.0,0.5,"[174.0, 167.0, 137.0, 130.0, 139.0, 142.0, 132.0, 139.0, 168.0, 174.0]",13.524938583374023,0.0,1.524200439453125,3.710329055786133,-207.38153076171875
1750930289.6377645,0.0,0.5,"[174.0, 167.0, 137.0, 130.0, 139.0, 142.0, 132.0, 139.0, 167.0, 174.0]",13.53941822052002,0.0,1.253448486328125,3.7103843688964844,-207.3768310546875
1750930289.661923,0.0,0.5,"[174.0, 166.0, 137.0, 129.0, 139.0, 142.0, 132.0, 139.0, 167.0, 174.0]",13.499034881591797,0.0,0.983489990234375,3.7104434967041016,-207.3721923828125
1750930289.675178,0.0,0.5,"[174.0, 166.0, 137.0, 129.0, 139.0, 142.0, 132.0, 139.0, 167.0, 174.0]",13.514516830444336,0.0,0.7132568359375,3.710500717163086,-207.3675537109375
1750930289.7094235,0.0,0.5,"[174.0, 165.0, 136.0, 129.0, 139.0, 142.0, 132.0, 138.0, 167.0, 174.0]",13.817620277404785,0.0,0.43695068359375,3.7105579376220703,-207.36279296875
1750930289.7231228,0.0,0.5,"[174.0, 165.0, 136.0, 129.0, 139.0, 142.0, 132.0, 138.0, 167.0, 174.0]",13.56023120880127,0.0,0.165771484375,3.710613250732422,-207.3582763671875
1750930289.736853,0.0,0.5,"[174.0, 164.0, 136.0, 129.0, 139.0, 142.0, 132.0, 138.0, 167.0, 174.0]",13.914095878601074,0.0,-0.112457275390625,3.710662841796875,-207.35366821289062
1750930289.7709572,0.0,0.5,"[174.0, 164.0, 136.0, 129.0, 139.0, 142.0, 132.0, 138.0, 167.0, 174.0]",13.71233081817627,0.0,-0.386688232421875,3.7107105255126953,-207.34906005859375
1750930289.7847772,0.0,0.5,"[174.0, 164.0, 136.0, 129.0, 139.0, 142.0, 132.0, 137.0, 166.0, 174.0]",13.935260772705078,0.0,-0.66534423828125,3.710752487182617,-207.34414672851562
1750930289.799323,0.0,0.5,"[174.0, 163.0, 134.0, 129.0, 138.0, 142.0, 132.0, 137.0, 166.0, 174.0]",13.75393295288086,0.0,-0.94036865234375,3.7107887268066406,-207.3394775390625
1750930289.8127804,0.0,0.5,"[174.0, 162.0, 134.0, 128.0, 138.0, 142.0, 131.0, 137.0, 165.0, 174.0]",13.976425170898438,0.0,-1.2198486328125,3.7108211517333984,-207.33447265625
1750930289.8470004,0.0,0.5,"[174.0, 162.0, 134.0, 128.0, 139.0, 142.0, 131.0, 137.0, 165.0, 174.0]",13.967543601989746,0.0,-1.499176025390625,3.710847854614258,-207.32958984375
1750930289.861034,0.0,0.5,"[174.0, 161.0, 134.0, 128.0, 138.0, 142.0, 131.0, 137.0, 164.0, 174.0]",13.95621109008789,0.0,-1.77825927734375,3.7108707427978516,-207.324951171875
1750930289.8750658,0.0,0.5,"[174.0, 161.0, 134.0, 128.0, 138.0, 142.0, 131.0, 137.0, 164.0, 174.0]",14.119906425476074,0.0,-2.06060791015625,3.7108898162841797,-207.32037353515625
1750930289.9091551,0.0,0.5,"[174.0, 161.0, 134.0, 128.0, 138.0, 142.0, 131.0, 137.0, 164.0, 174.0]",13.921271324157715,0.0,-2.3389892578125,3.7108993530273438,-207.31539916992188
1750930289.9224768,0.0,0.5,"[174.0, 161.0, 133.0, 128.0, 138.0, 142.0, 131.0, 137.0, 164.0, 174.0]",14.20891284942627,0.0,-2.623138427734375,3.7109031677246094,-207.31048583984375
1750930289.9364133,0.0,0.5,"[174.0, 160.0, 133.0, 127.0, 138.0, 142.0, 131.0, 137.0, 164.0, 174.0]",14.019481658935547,0.0,-2.903472900390625,3.7108993530273438,-207.30569458007812
1750930289.9704792,0.0,0.5,"[174.0, 159.0, 133.0, 127.0, 138.0, 142.0, 131.0, 137.0, 164.0, 174.0]",14.227259635925293,0.0,-3.18798828125,3.7108917236328125,-207.30059814453125
1750930289.9838107,0.0,0.5,"[174.0, 158.0, 133.0, 127.0, 138.0, 142.0, 131.0, 136.0, 164.0, 174.0]",14.305220603942871,0.0,-3.474029541015625,3.71087646484375,-207.29571533203125
1750930289.9979057,0.0,0.5,"[174.0, 158.0, 133.0, 126.0, 138.0, 142.0, 131.0, 136.0, 164.0, 174.0]",14.344970703125,0.0,-3.760894775390625,3.7108592987060547,-207.29071044921875
1750930290.0214999,0.0,0.5,"[174.0, 158.0, 132.0, 126.0, 138.0, 142.0, 130.0, 136.0, 163.0, 174.0]",14.328401565551758,0.0,-4.04742431640625,3.7108383178710938,-207.28570556640625
1750930290.0353022,0.0,0.5,"[174.0, 157.0, 132.0, 126.0, 138.0, 142.0, 130.0, 136.0, 163.0, 174.0]",14.382213592529297,0.0,-4.33502197265625,3.710813522338867,-207.28067016601562
1750930290.0694978,0.0,0.5,"[174.0, 156.0, 131.0, 126.0, 138.0, 142.0, 130.0, 136.0, 162.0, 174.0]",14.591859817504883,0.0,-4.626800537109375,3.710784912109375,-207.27548217773438
1750930290.0834947,0.0,0.5,"[174.0, 155.0, 131.0, 126.0, 137.0, 142.0, 130.0, 136.0, 162.0, 174.0]",14.48364543914795,0.0,-4.91644287109375,3.7107582092285156,-207.27056884765625
1750930290.0975447,0.0,0.5,"[174.0, 155.0, 131.0, 125.0, 137.0, 142.0, 130.0, 136.0, 161.0, 174.0]",14.677709579467773,0.0,-5.2099609375,3.7107295989990234,-207.26544189453125
1750930290.1213765,0.0,0.5,"[174.0, 155.0, 130.0, 125.0, 137.0, 142.0, 130.0, 136.0, 161.0, 174.0]",14.524798393249512,0.0,-5.500396728515625,3.7107009887695312,-207.260498046875
1750930290.1355002,0.0,0.5,"[174.0, 155.0, 130.0, 125.0, 137.0, 142.0, 130.0, 136.0, 161.0, 174.0]",14.725908279418945,0.0,-5.794891357421875,3.7106666564941406,-207.25537109375
1750930290.1690738,0.0,0.5,"[174.0, 154.0, 130.0, 125.0, 137.0, 142.0, 130.0, 136.0, 161.0, 174.0]",14.613044738769531,0.0,-6.08709716796875,3.710630416870117,-207.25054931640625
1750930290.1832476,0.0,0.5,"[174.0, 154.0, 130.0, 125.0, 137.0, 142.0, 130.0, 134.0, 161.0, 174.0]",14.726858139038086,0.0,-6.381591796875,3.7101516723632812,-207.24545288085938
1750930290.1972423,0.0,0.5,"[174.0, 153.0, 130.0, 125.0, 137.0, 142.0, 130.0, 134.0, 161.0, 174.0]",14.583273887634277,0.0,-6.6732177734375,3.708620071411133,-207.240966796875
1750930290.2214482,0.0,0.5,"[174.0, 153.0, 130.0, 125.0, 137.0, 142.0, 130.0, 136.0, 161.0, 174.0]",14.865001678466797,0.0,-6.970458984375,3.705961227416992,-207.23577880859375
1750930290.2346828,0.0,0.5,"[174.0, 153.0, 130.0, 125.0, 138.0, 142.0, 130.0, 136.0, 161.0, 174.0]",14.800931930541992,0.0,-7.26641845703125,3.702373504638672,-207.23046875
1750930290.2683432,0.0,0.5,"[174.0, 153.0, 130.0, 125.0, 138.0, 142.0, 131.0, 136.0, 161.0, 174.0]",14.915998458862305,0.0,-7.564666748046875,3.697895050048828,-207.22537231445312
1750930290.2814384,0.0,0.5,"[174.0, 154.0, 130.0, 126.0, 139.0, 143.0, 131.0, 136.0, 162.0, 174.0]",14.887988090515137,0.0,-7.862335205078125,3.6927642822265625,-207.219970703125
1750930290.2954872,0.0,0.5,"[174.0, 154.0, 130.0, 126.0, 139.0, 143.0, 132.0, 137.0, 163.0, 174.0]",15.053793907165527,0.0,-8.163299560546875,3.686939239501953,-207.2149658203125
1750930290.3292196,0.0,0.5,"[174.0, 155.0, 131.0, 127.0, 140.0, 144.0, 132.0, 137.0, 164.0, 174.0]",14.95566463470459,0.0,-8.462310791015625,3.680753707885742,-207.20956420898438
1750930290.342968,0.0,0.5,"[174.0, 155.0, 131.0, 127.0, 140.0, 145.0, 132.0, 137.0, 164.0, 174.0]",15.11125659942627,0.0,-8.764404296875,3.674062728881836,-207.20455932617188
1750930290.3568704,0.0,0.5,"[174.0, 155.0, 133.0, 128.0, 141.0, 145.0, 133.0, 138.0, 165.0, 174.0]",14.997111320495605,0.0,-9.064239501953125,3.667144775390625,-207.1993408203125
1750930290.3904605,0.0,0.5,"[174.0, 156.0, 133.0, 129.0, 142.0, 146.0, 134.0, 139.0, 166.0, 174.0]",15.117693901062012,0.0,-9.366455078125,3.6599292755126953,-207.19439697265625
1750930290.4039865,0.0,0.5,"[174.0, 157.0, 133.0, 129.0, 142.0, 147.0, 134.0, 141.0, 167.0, 174.0]",15.058717727661133,0.0,-9.66748046875,3.6527843475341797,-207.18905639648438
1750930290.4180984,0.0,0.5,"[174.0, 158.0, 134.0, 130.0, 143.0, 147.0, 136.0, 141.0, 167.0, 174.0]",15.21385669708252,0.0,-9.97161865234375,3.644561767578125,-207.18368530273438
1750930290.4316971,0.0,0.5,"[174.0, 158.0, 134.0, 130.0, 143.0, 148.0, 136.0, 142.0, 168.0, 174.0]",15.239863395690918,0.0,-10.276214599609375,3.635164260864258,-207.17822265625
1750930290.4657433,0.0,0.5,"[174.0, 159.0, 134.0, 131.0, 144.0, 148.0, 137.0, 142.0, 169.0, 174.0]",15.331169128417969,0.0,-10.582611083984375,3.624340057373047,-207.17294311523438
1750930290.47967,0.0,0.5,"[174.0, 160.0, 136.0, 131.0, 144.0, 149.0, 137.0, 142.0, 170.0, 174.0]",15.307673454284668,0.0,-10.888458251953125,3.611591339111328,-207.16778564453125
1750930290.493314,0.0,0.5,"[174.0, 161.0, 136.0, 131.0, 145.0, 150.0, 138.0, 144.0, 171.0, 174.0]",15.5043363571167,0.0,-11.198150634765625,3.5969009399414062,-207.16259765625
1750930290.526556,0.0,0.5,"[174.0, 161.0, 137.0, 132.0, 146.0, 150.0, 138.0, 144.0, 172.0, 174.0]",15.357080459594727,0.0,-11.50482177734375,3.580890655517578,-207.15740966796875
1750930290.5396583,0.0,0.5,"[174.0, 161.0, 137.0, 133.0, 146.0, 151.0, 139.0, 145.0, 173.0, 174.0]",15.662529945373535,0.0,-11.817535400390625,3.5633182525634766,-207.15213012695312
1750930290.5532362,0.0,0.5,"[174.0, 163.0, 137.0, 133.0, 147.0, 152.0, 140.0, 146.0, 174.0, 174.0]",15.319395065307617,0.0,-12.123321533203125,3.5451221466064453,-207.14697265625
1750930290.5865421,0.0,0.5,"[174.0, 164.0, 138.0, 134.0, 147.0, 153.0, 140.0, 147.0, 176.0, 174.0]",15.659780502319336,0.0,-12.435882568359375,3.525758743286133,-207.14169311523438
1750930290.6005502,0.0,0.5,"[174.0, 164.0, 139.0, 134.0, 148.0, 153.0, 141.0, 147.0, 177.0, 174.0]",15.678800582885742,0.0,-12.748779296875,3.505788803100586,-207.13641357421875
1750930290.6146736,0.0,0.5,"[174.0, 165.0, 140.0, 135.0, 148.0, 153.0, 142.0, 148.0, 179.0, 174.0]",15.809751510620117,0.0,-13.06427001953125,3.4852428436279297,-207.131103515625
1750930290.6481194,0.0,0.5,"[174.0, 166.0, 141.0, 136.0, 149.0, 154.0, 143.0, 149.0, 179.0, 174.0]",15.62663459777832,0.0,-13.376068115234375,3.464693069458008,-207.12576293945312
1750930290.6619308,0.0,0.5,"[174.0, 167.0, 141.0, 137.0, 150.0, 155.0, 144.0, 150.0, 181.0, 174.0]",15.809752464294434,0.0,-13.6915283203125,3.4437389373779297,-207.12060546875
1750930290.6751232,0.0,0.5,"[174.0, 167.0, 142.0, 137.0, 150.0, 155.0, 144.0, 151.0, 182.0, 174.0]",15.827875137329102,0.0,-14.00732421875,3.422464370727539,-207.11529541015625
1750930290.7084303,0.0,0.5,"[174.0, 169.0, 142.0, 138.0, 151.0, 156.0, 145.0, 151.0, 182.0, 174.0]",15.95242977142334,0.0,-14.325531005859375,3.3999900817871094,-207.10983276367188
1750930290.7219799,0.0,0.5,"[174.0, 169.0, 143.0, 138.0, 151.0, 157.0, 145.0, 153.0, 184.0, 174.0]",16.02252769470215,0.0,-14.64508056640625,3.3765525817871094,-207.1043701171875
1750930290.7355762,0.0,0.5,"[174.0, 170.0, 144.0, 139.0, 152.0, 157.0, 146.0, 153.0, 185.0, 174.0]",16.008451461791992,0.0,-14.964263916015625,3.352121353149414,-207.09906005859375
1750930290.769143,0.0,0.5,"[174.0, 170.0, 144.0, 139.0, 152.0, 157.0, 146.0, 154.0, 185.0, 174.0]",16.123380661010742,0.0,-15.28570556640625,3.326650619506836,-207.09368896484375
1750930290.7825491,0.0,0.5,"[174.0, 171.0, 145.0, 139.0, 153.0, 158.0, 146.0, 155.0, 185.0, 174.0]",16.05921745300293,0.0,-15.60577392578125,3.3005504608154297,-207.08837890625
1750930290.796371,0.0,0.5,"[174.0, 172.0, 145.0, 139.0, 153.0, 158.0, 147.0, 155.0, 185.0, 174.0]",16.26822853088379,0.0,-15.929962158203125,3.2735862731933594,-207.08294677734375
1750930290.8303788,0.0,0.5,"[174.0, 173.0, 145.0, 139.0, 153.0, 158.0, 147.0, 155.0, 185.0, 174.0]",16.178024291992188,0.0,-16.252349853515625,3.246335983276367,-207.07745361328125
1750930290.8436646,0.0,0.5,"[174.0, 173.0, 145.0, 140.0, 153.0, 158.0, 148.0, 156.0, 185.0, 174.0]",16.378934860229492,0.0,-16.57867431640625,3.218507766723633,-207.0718994140625
1750930290.8573158,0.0,0.5,"[174.0, 173.0, 146.0, 140.0, 153.0, 158.0, 148.0, 156.0, 185.0, 174.0]",16.153926849365234,0.0,-16.9005126953125,3.1908340454101562,-207.06637573242188
1750930290.8803985,0.0,0.5,"[174.0, 173.0, 146.0, 140.0, 153.0, 159.0, 148.0, 156.0, 185.0, 174.0]",16.49065399169922,0.0,-17.22906494140625,3.1625614166259766,-207.060791015625
1750930290.8939402,0.0,0.5,"[174.0, 174.0, 147.0, 140.0, 153.0, 159.0, 148.0, 158.0, 185.0, 174.0]",16.412216186523438,0.0,-17.556060791015625,3.1344375610351562,-207.0552978515625
1750930290.9275773,0.0,0.5,"[174.0, 176.0, 147.0, 141.0, 153.0, 159.0, 148.0, 158.0, 185.0, 174.0]",16.571443557739258,0.0,-17.88623046875,3.1061038970947266,-207.04965209960938
1750930290.941166,0.0,0.5,"[174.0, 176.0, 147.0, 141.0, 153.0, 159.0, 149.0, 158.0, 185.0, 174.0]",16.58053970336914,0.0,-18.216583251953125,3.0777645111083984,-207.04403686523438
1750930290.9538872,0.0,0.5,"[174.0, 176.0, 147.0, 141.0, 153.0, 159.0, 149.0, 159.0, 185.0, 174.0]",16.647817611694336,0.0,-18.548248291015625,3.049144744873047,-207.03839111328125
1750930290.9875538,0.0,0.5,"[174.0, 176.0, 147.0, 141.0, 153.0, 159.0, 149.0, 159.0, 185.0, 174.0]",16.641489028930664,0.0,-18.879791259765625,3.020414352416992,-207.0328369140625
1750930291.001277,0.0,0.5,"[174.0, 177.0, 147.0, 141.0, 153.0, 159.0, 149.0, 159.0, 185.0, 174.0]",16.759004592895508,0.0,-19.21368408203125,2.9916038513183594,-207.02734375
1750930291.0147998,0.0,0.5,"[174.0, 177.0, 148.0, 141.0, 153.0, 159.0, 150.0, 159.0, 185.0, 174.0]",16.8562068939209,0.0,-19.549530029296875,2.9627456665039062,-207.02178955078125
1750930291.0487552,0.0,0.5,"[174.0, 178.0, 148.0, 141.0, 153.0, 159.0, 150.0, 159.0, 185.0, 174.0]",16.7545223236084,0.0,-19.88336181640625,2.9342002868652344,-207.01614379882812
1750930291.0619156,0.0,0.5,"[174.0, 178.0, 148.0, 141.0, 153.0, 159.0, 150.0, 160.0, 185.0, 174.0]",16.991554260253906,0.0,-20.221923828125,2.9054126739501953,-207.01052856445312
1750930291.0752404,0.0,0.5,"[174.0, 179.0, 148.0, 141.0, 153.0, 159.0, 150.0, 160.0, 185.0, 174.0]",16.774456024169922,0.0,-20.556182861328125,2.8771438598632812,-207.00485229492188
1750930291.1086507,0.0,0.5,"[174.0, 179.0, 148.0, 141.0, 153.0, 159.0, 150.0, 161.0, 185.0, 174.0]",16.95914077758789,0.0,-20.89410400390625,2.8487205505371094,-206.99932861328125
1750930291.122109,0.0,0.5,"[174.0, 179.0, 148.0, 141.0, 153.0, 159.0, 150.0, 161.0, 185.0, 174.0]",17.188993453979492,0.0,-21.236663818359375,2.8200836181640625,-206.9935302734375
1750930291.1361864,0.0,0.5,"[174.0, 179.0, 148.0, 141.0, 153.0, 159.0, 150.0, 161.0, 185.0, 174.0]",16.954286575317383,0.0,-21.57452392578125,2.7919673919677734,-206.98779296875
1750930291.169998,0.0,0.5,"[174.0, 179.0, 148.0, 141.0, 153.0, 158.0, 150.0, 161.0, 185.0, 174.0]",17.37607192993164,0.0,-21.920806884765625,2.7633018493652344,-206.98199462890625
1750930291.1840603,0.0,0.5,"[174.0, 179.0, 148.0, 141.0, 153.0, 158.0, 151.0, 162.0, 185.0, 174.0]",17.14872932434082,0.0,-22.2625732421875,2.735136032104492,-206.97637939453125
1750930291.197435,0.0,0.5,"[174.0, 179.0, 149.0, 141.0, 153.0, 158.0, 150.0, 162.0, 185.0, 174.0]",17.422645568847656,0.0,-22.609832763671875,2.7068023681640625,-206.97039794921875
1750930291.2210822,0.0,0.5,"[174.0, 179.0, 149.0, 141.0, 153.0, 158.0, 151.0, 162.0, 185.0, 174.0]",17.258771896362305,0.0,-22.953826904296875,2.6789779663085938,-206.9647216796875
1750930291.234742,0.0,0.5,"[174.0, 180.0, 149.0, 141.0, 153.0, 158.0, 151.0, 162.0, 185.0, 174.0]",17.481464385986328,0.0,-23.302215576171875,2.6500930786132812,-206.95846557617188
1750930291.2681444,0.0,0.5,"[174.0, 181.0, 150.0, 141.0, 153.0, 158.0, 151.0, 163.0, 185.0, 174.0]",17.403648376464844,0.0,-23.648956298828125,2.620342254638672,-206.952392578125
1750930291.2810476,0.0,0.5,"[174.0, 182.0, 150.0, 143.0, 153.0, 159.0, 152.0, 164.0, 185.0, 174.0]",17.655494689941406,0.0,-24.000640869140625,2.58935546875,-206.94622802734375
1750930291.2946985,0.0,0.5,"[174.0, 183.0, 151.0, 143.0, 153.0, 159.0, 152.0, 164.0, 185.0, 174.0]",17.505937576293945,0.0,-24.34930419921875,2.5578346252441406,-206.94024658203125
1750930291.3280349,0.0,0.5,"[174.0, 185.0, 151.0, 143.0, 154.0, 159.0, 153.0, 165.0, 185.0, 174.0]",17.780418395996094,0.0,-24.703338623046875,2.525218963623047,-206.93414306640625
1750930291.341915,0.0,0.5,"[174.0, 185.0, 153.0, 144.0, 154.0, 160.0, 153.0, 167.0, 185.0, 174.0]",17.638614654541016,0.0,-25.054534912109375,2.4922523498535156,-206.9281005859375
1750930291.355391,0.0,0.5,"[174.0, 185.0, 154.0, 145.0, 155.0, 160.0, 154.0, 167.0, 185.0, 174.0]",17.890268325805664,0.0,-25.410675048828125,2.458404541015625,-206.9219970703125
1750930291.3885763,0.0,0.5,"[174.0, 185.0, 155.0, 146.0, 156.0, 161.0, 155.0, 169.0, 185.0, 174.0]",17.705001831054688,0.0,-25.763092041015625,2.4244728088378906,-206.916015625
1750930291.4024925,0.0,0.5,"[174.0, 185.0, 156.0, 147.0, 157.0, 162.0, 156.0, 170.0, 185.0, 174.0]",18.00774574279785,0.0,-26.12152099609375,2.3897361755371094,-206.90997314453125
1750930291.415872,0.0,0.5,"[174.0, 185.0, 158.0, 148.0, 158.0, 163.0, 158.0, 172.0, 185.0, 174.0]",17.737680435180664,0.0,-26.47454833984375,2.355318069458008,-206.90402221679688
1750930291.4495249,0.0,0.5,"[174.0, 185.0, 159.0, 149.0, 159.0, 164.0, 159.0, 173.0, 185.0, 174.0]",18.015825271606445,0.0,-26.832977294921875,2.3189125061035156,-206.89801025390625
1750930291.4630005,0.0,0.5,"[174.0, 185.0, 160.0, 149.0, 159.0, 165.0, 160.0, 175.0, 185.0, 174.0]",17.904346466064453,0.0,-27.189056396484375,2.281534194946289,-206.89199829101562
1750930291.4765449,0.0,0.5,"[174.0, 185.0, 162.0, 151.0, 160.0, 165.0, 160.0, 176.0, 185.0, 174.0]",18.16945457458496,0.0,-27.55035400390625,2.2430477142333984,-206.885986328125
1750930291.5100608,0.0,0.5,"[174.0, 185.0, 162.0, 152.0, 160.0, 166.0, 161.0, 177.0, 185.0, 174.0]",17.94493865966797,0.0,-27.907135009765625,2.2045555114746094,-206.87991333007812
1750930291.5235462,0.0,0.5,"[174.0, 185.0, 164.0, 153.0, 161.0, 166.0, 162.0, 178.0, 185.0, 174.0]",18.198719024658203,0.0,-28.2689208984375,2.165233612060547,-206.873779296875
1750930291.5372326,0.0,0.5,"[174.0, 185.0, 164.0, 153.0, 161.0, 166.0, 162.0, 179.0, 185.0, 174.0]",18.30023765563965,0.0,-28.6326904296875,2.1254711151123047,-206.86752319335938
1750930291.5607178,0.0,0.5,"[174.0, 185.0, 165.0, 153.0, 161.0, 167.0, 163.0, 180.0, 185.0, 174.0]",18.170684814453125,0.0,-28.993896484375,2.085794448852539,-206.86138916015625
1750930291.5744028,0.0,0.5,"[174.0, 185.0, 166.0, 153.0, 161.0, 167.0, 163.0, 181.0, 185.0, 174.0]",18.445201873779297,0.0,-29.36053466796875,2.0454978942871094,-206.85504150390625
1750930291.60701,0.0,0.5,"[174.0, 185.0, 167.0, 154.0, 161.0, 167.0, 163.0, 181.0, 185.0, 174.0]",18.192873001098633,0.0,-29.722137451171875,2.0056610107421875,-206.848876953125
1750930291.6209655,0.0,0.5,"[174.0, 185.0, 167.0, 154.0, 161.0, 167.0, 163.0, 183.0, 185.0, 174.0]",18.438302993774414,0.0,-30.088653564453125,1.9653701782226562,-206.84249877929688
1750930291.6349416,0.0,0.5,"[174.0, 185.0, 167.0, 154.0, 161.0, 166.0, 163.0, 183.0, 185.0, 174.0]",18.592287063598633,0.0,-30.458221435546875,1.9248237609863281,-206.836181640625
1750930291.6680584,0.0,0.5,"[174.0, 185.0, 167.0, 154.0, 161.0, 166.0, 164.0, 183.0, 185.0, 174.0]",18.442480087280273,0.0,-30.824859619140625,1.8849372863769531,-206.82989501953125
1750930291.6817648,0.0,0.5,"[174.0, 185.0, 168.0, 154.0, 161.0, 166.0, 164.0, 183.0, 185.0, 174.0]",18.657581329345703,0.0,-31.195831298828125,1.8452701568603516,-206.82318115234375
1750930291.6950889,0.0,0.5,"[174.0, 185.0, 169.0, 154.0, 160.0, 166.0, 164.0, 184.0, 185.0, 174.0]",18.620058059692383,0.0,-31.566162109375,1.8065166473388672,-206.816650390625
1750930291.7290008,0.0,0.5,"[174.0, 185.0, 169.0, 154.0, 160.0, 165.0, 164.0, 184.0, 185.0, 174.0]",18.63410186767578,0.0,-31.936859130859375,1.7688064575195312,-206.8101806640625
1750930291.7430444,0.0,0.5,"[174.0, 185.0, 169.0, 154.0, 160.0, 165.0, 163.0, 184.0, 185.0, 174.0]",18.773019790649414,0.0,-32.310455322265625,1.7318058013916016,-206.80355834960938
1750930291.75667,0.0,0.5,"[174.0, 185.0, 169.0, 154.0, 160.0, 165.0, 163.0, 184.0, 185.0, 174.0]",18.969478607177734,0.0,-32.688018798828125,1.6953487396240234,-206.79693603515625
1750930291.7901757,0.0,0.5,"[174.0, 185.0, 169.0, 154.0, 159.0, 165.0, 163.0, 184.0, 185.0, 174.0]",18.762210845947266,0.0,-33.061553955078125,1.660003662109375,-206.79049682617188
1750930291.8036294,0.0,0.5,"[174.0, 185.0, 169.0, 154.0, 159.0, 164.0, 163.0, 184.0, 185.0, 174.0]",18.98493003845215,0.0,-33.439544677734375,1.6249446868896484,-206.7835693359375
1750930291.8175497,0.0,0.5,"[174.0, 185.0, 169.0, 153.0, 159.0, 164.0, 163.0, 184.0, 185.0, 174.0]",19.0095157623291,0.0,-33.818115234375,1.5903682708740234,-206.77682495117188
1750930291.8409765,0.0,0.5,"[174.0, 185.0, 169.0, 153.0, 159.0, 163.0, 163.0, 184.0, 185.0, 174.0]",19.077701568603516,0.0,-34.19805908203125,1.5561256408691406,-206.7701416015625
1750930291.8545957,0.0,0.5,"[174.0, 185.0, 169.0, 153.0, 158.0, 163.0, 162.0, 184.0, 185.0, 174.0]",19.0961971282959,0.0,-34.57843017578125,1.522195816040039,-206.76361083984375
1750930291.8882153,0.0,0.5,"[174.0, 185.0, 169.0, 153.0, 158.0, 163.0, 162.0, 184.0, 185.0, 174.0]",19.078899383544922,0.0,-34.958465576171875,1.4887561798095703,-206.7572021484375
1750930291.9016461,0.0,0.5,"[174.0, 185.0, 169.0, 153.0, 157.0, 162.0, 162.0, 184.0, 185.0, 174.0]",19.224153518676758,0.0,-35.34149169921875,1.4557666778564453,-206.75094604492188
1750930291.9151428,0.0,0.5,"[174.0, 185.0, 169.0, 153.0, 157.0, 162.0, 162.0, 184.0, 185.0, 174.0]",19.247495651245117,0.0,-35.725006103515625,1.4232978820800781,-206.7442626953125
1750930291.9483807,0.0,0.5,"[174.0, 185.0, 169.0, 153.0, 157.0, 162.0, 162.0, 185.0, 185.0, 174.0]",19.3911075592041,0.0,-36.111419677734375,1.3910026550292969,-206.73809814453125
1750930291.9618046,0.0,0.5,"[174.0, 185.0, 170.0, 153.0, 157.0, 162.0, 162.0, 185.0, 185.0, 174.0]",19.25166893005371,0.0,-36.4951171875,1.359273910522461,-206.73162841796875
1750930291.975644,0.0,0.5,"[174.0, 185.0, 170.0, 153.0, 157.0, 162.0, 162.0, 186.0, 185.0, 174.0]",19.400554656982422,0.0,-36.88177490234375,1.3275260925292969,-206.72528076171875
1750930292.0088406,0.0,0.5,"[174.0, 185.0, 170.0, 153.0, 157.0, 162.0, 162.0, 186.0, 185.0, 174.0]",19.310422897338867,0.0,-37.266632080078125,1.2960987091064453,-206.7183837890625
1750930292.0226362,0.0,0.5,"[174.0, 185.0, 170.0, 153.0, 157.0, 162.0, 163.0, 187.0, 185.0, 174.0]",19.64690399169922,0.0,-37.658203125,1.2641944885253906,-206.71185302734375
1750930292.0362222,0.0,0.5,"[174.0, 185.0, 171.0, 154.0, 157.0, 162.0, 163.0, 187.0, 185.0, 174.0]",19.322765350341797,0.0,-38.0433349609375,1.232879638671875,-206.70538330078125
1750930292.0701668,0.0,0.5,"[174.0, 185.0, 172.0, 154.0, 157.0, 166.0, 163.0, 187.0, 185.0, 174.0]",19.75181007385254,0.0,-38.43701171875,1.2008285522460938,-206.69866943359375
1750930292.0835016,0.0,0.5,"[174.0, 185.0, 172.0, 154.0, 157.0, 166.0, 164.0, 189.0, 185.0, 174.0]",19.423871994018555,0.0,-38.82415771484375,1.1692848205566406,-206.6920166015625
1750930292.0974023,0.0,0.5,"[174.0, 185.0, 173.0, 155.0, 158.0, 166.0, 164.0, 189.0, 185.0, 174.0]",19.8111515045166,0.0,-39.218994140625,1.1369609832763672,-206.685302734375
1750930292.1206095,0.0,0.5,"[174.0, 185.0, 173.0, 155.0, 158.0, 166.0, 164.0, 190.0, 185.0, 174.0]",19.637741088867188,0.0,-39.610382080078125,1.1047725677490234,-206.67864990234375
1750930292.1341236,0.0,0.5,"[174.0, 185.0, 173.0, 155.0, 158.0, 166.0, 166.0, 190.0, 185.0, 174.0]",19.95124053955078,0.0,-40.008026123046875,1.0724258422851562,-206.671875
1750930292.1680872,0.0,0.5,"[174.0, 185.0, 175.0, 155.0, 158.0, 167.0, 166.0, 190.0, 185.0, 174.0]",19.655241012573242,0.0,-40.399810791015625,1.0410003662109375,-206.6651611328125
1750930292.182531,0.0,0.5,"[174.0, 185.0, 175.0, 156.0, 158.0, 167.0, 166.0, 192.0, 185.0, 174.0]",19.907625198364258,0.0,-40.79669189453125,1.009674072265625,-206.65838623046875
1750930292.1955621,0.0,0.5,"[174.0, 185.0, 175.0, 156.0, 158.0, 166.0, 166.0, 192.0, 185.0, 174.0]",19.894189834594727,0.0,-41.19329833984375,0.9787025451660156,-206.651611328125
1750930292.2292154,0.0,0.5,"[174.0, 185.0, 175.0, 156.0, 158.0, 166.0, 166.0, 192.0, 185.0, 174.0]",20.059871673583984,0.0,-41.593231201171875,0.9478244781494141,-206.644775390625
1750930292.2431986,0.0,0.5,"[174.0, 185.0, 176.0, 156.0, 158.0, 166.0, 166.0, 192.0, 185.0, 174.0]",19.939624786376953,0.0,-41.990814208984375,0.9173450469970703,-206.63800048828125
1750930292.257176,0.0,0.5,"[174.0, 185.0, 176.0, 156.0, 158.0, 166.0, 166.0, 193.0, 185.0, 174.0]",20.15761947631836,0.0,-42.392730712890625,0.8867683410644531,-206.63116455078125
1750930292.2807083,0.0,0.5,"[174.0, 185.0, 176.0, 156.0, 158.0, 166.0, 166.0, 193.0, 185.0, 174.0]",20.034753799438477,0.0,-42.792236328125,0.8565025329589844,-206.62420654296875
1750930292.2949033,0.0,0.5,"[174.0, 185.0, 176.0, 156.0, 157.0, 165.0, 166.0, 193.0, 185.0, 174.0]",20.28777313232422,0.0,-43.19677734375,0.8260231018066406,-206.6171875
1750930292.328662,0.0,0.5,"[174.0, 185.0, 176.0, 155.0, 157.0, 165.0, 166.0, 193.0, 185.0, 174.0]",20.13946533203125,0.0,-43.598419189453125,0.7965316772460938,-206.61019897460938
1750930292.342778,0.0,0.5,"[174.0, 185.0, 176.0, 155.0, 157.0, 165.0, 166.0, 193.0, 185.0, 174.0]",20.325645446777344,0.0,-44.003875732421875,0.7676353454589844,-206.60345458984375
1750930292.3562884,0.0,0.5,"[174.0, 185.0, 176.0, 155.0, 157.0, 164.0, 166.0, 193.0, 185.0, 174.0]",20.1782169342041,0.0,-44.406402587890625,0.7399730682373047,-206.596435546875
1750930292.389678,0.0,0.5,"[174.0, 185.0, 176.0, 155.0, 156.0, 164.0, 166.0, 193.0, 185.0, 174.0]",20.53423309326172,0.0,-44.816131591796875,0.7128086090087891,-206.5892333984375
1750930292.4032145,0.0,0.5,"[174.0, 185.0, 176.0, 155.0, 156.0, 164.0, 164.0, 193.0, 185.0, 174.0]",20.202518463134766,0.0,-45.21929931640625,0.6868743896484375,-206.58212280273438
1750930292.4167073,0.0,0.5,"[174.0, 185.0, 175.0, 155.0, 156.0, 163.0, 164.0, 193.0, 185.0, 174.0]",20.595735549926758,0.0,-45.630340576171875,0.6611099243164062,-206.57513427734375
1750930292.450447,0.0,0.5,"[174.0, 185.0, 175.0, 155.0, 156.0, 163.0, 164.0, 193.0, 185.0, 174.0]",20.30483627319336,0.0,-46.035614013671875,0.6362895965576172,-206.56829833984375
1750930292.4638412,0.0,0.5,"[174.0, 185.0, 175.0, 154.0, 155.0, 163.0, 164.0, 193.0, 185.0, 174.0]",20.625022888183594,0.0,-46.447296142578125,0.611480712890625,-206.561279296875
1750930292.478144,0.0,0.5,"[174.0, 185.0, 175.0, 154.0, 155.0, 162.0, 164.0, 193.0, 185.0, 174.0]",20.585655212402344,0.0,-46.858245849609375,0.5870265960693359,-206.5543212890625
1750930292.4921026,0.0,0.5,"[174.0, 185.0, 175.0, 154.0, 155.0, 162.0, 164.0, 192.0, 185.0, 174.0]",20.6318302154541,0.0,-47.270111083984375,0.5627498626708984,-206.54721069335938
1750930292.525598,0.0,0.5,"[174.0, 185.0, 175.0, 154.0, 154.0, 162.0, 164.0, 192.0, 185.0, 174.0]",20.786657333374023,0.0,-47.685089111328125,0.5388221740722656,-206.54022216796875
1750930292.5396516,0.0,0.5,"[174.0, 185.0, 175.0, 154.0, 154.0, 162.0, 163.0, 192.0, 185.0, 174.0]",20.520124435424805,0.0,-48.094757080078125,0.5157051086425781,-206.53302001953125
1750930292.5531704,0.0,0.5,"[174.0, 185.0, 173.0, 153.0, 154.0, 161.0, 163.0, 192.0, 185.0, 174.0]",20.751527786254883,0.0,-48.509124755859375,0.49318695068359375,-206.52606201171875
1750930292.5868344,0.0,0.5,"[174.0, 185.0, 173.0, 153.0, 154.0, 161.0, 163.0, 192.0, 185.0, 174.0]",20.739030838012695,0.0,-48.92327880859375,0.4714374542236328,-206.518798828125
1750930292.6008086,0.0,0.5,"[174.0, 185.0, 173.0, 153.0, 154.0, 161.0, 163.0, 192.0, 185.0, 174.0]",20.99925994873047,0.0,-49.3426513671875,0.45003318786621094,-206.51171875
1750930292.6137943,0.0,0.0,"[174.0, 185.0, 173.0, 153.0, 153.0, 161.0, 163.0, 192.0, 185.0, 174.0]",20.75612449645996,0.0,-49.7572021484375,0.4293804168701172,-206.5045166015625
1750930292.647183,0.0,0.0,"[174.0, 185.0, 173.0, 153.0, 153.0, 160.0, 163.0, 192.0, 185.0, 174.0]",21.06956672668457,0.0,-50.17803955078125,0.4087696075439453,-206.49746704101562
1750930292.6615076,0.0,0.0,"[174.0, 185.0, 173.0, 153.0, 153.0, 160.0, 163.0, 192.0, 185.0, 174.0]",20.805553436279297,0.0,-50.593597412109375,0.38871002197265625,-206.49044799804688
1750930292.6753216,0.0,0.0,"[174.0, 185.0, 173.0, 152.0, 153.0, 160.0, 162.0, 192.0, 185.0, 174.0]",20.546245574951172,0.0,-51.003997802734375,0.3691062927246094,-206.48345947265625
1750930292.7084367,0.0,0.0,"[174.0, 185.0, 172.0, 152.0, 153.0, 160.0, 162.0, 192.0, 185.0, 174.0]",20.291093826293945,0.0,-51.4093017578125,0.3498687744140625,-206.47647094726562
1750930292.721968,0.0,0.0,"[174.0, 185.0, 172.0, 152.0, 153.0, 159.0, 162.0, 192.0, 185.0, 174.0]",20.023353576660156,0.0,-51.80926513671875,0.33124351501464844,-206.46954345703125
1750930292.7354379,0.0,0.0,"[174.0, 185.0, 172.0, 152.0, 153.0, 159.0, 162.0, 192.0, 185.0, 174.0]",19.754409790039062,0.0,-52.203887939453125,0.3132648468017578,-206.46270751953125
1750930292.7682862,0.0,0.0,"[174.0, 185.0, 172.0, 152.0, 152.0, 159.0, 162.0, 192.0, 185.0, 174.0]",19.494165420532227,0.0,-52.59332275390625,0.2957572937011719,-206.4559326171875
1750930292.7818112,0.0,0.0,"[174.0, 185.0, 172.0, 152.0, 152.0, 159.0, 162.0, 192.0, 185.0, 174.0]",19.237979888916016,0.0,-52.977630615234375,0.2786369323730469,-206.44924926757812
1750930292.7940073,0.0,0.0,"[174.0, 185.0, 172.0, 152.0, 152.0, 159.0, 162.0, 192.0, 185.0, 174.0]",18.984909057617188,0.0,-53.356903076171875,0.2618427276611328,-206.44265747070312
1750930292.8267403,0.0,0.0,"[174.0, 185.0, 172.0, 152.0, 152.0, 159.0, 162.0, 192.0, 185.0, 174.0]",18.734577178955078,0.0,-53.731170654296875,0.24531936645507812,-206.4361572265625
1750930292.8402393,0.0,0.0,"[174.0, 185.0, 172.0, 152.0, 152.0, 159.0, 162.0, 192.0, 185.0, 174.0]",18.486568450927734,0.0,-54.100494384765625,0.22902488708496094,-206.42974853515625
1750930292.8533368,0.0,0.0,"[174.0, 185.0, 172.0, 152.0, 152.0, 159.0, 162.0, 192.0, 185.0, 174.0]",18.240535736083984,0.0,-54.46490478515625,0.2129230499267578,-206.42340087890625
1750930292.8871105,0.0,0.0,"[174.0, 185.0, 172.0, 152.0, 152.0, 159.0, 162.0, 192.0, 185.0, 174.0]",17.996158599853516,0.0,-54.824432373046875,0.19698333740234375,-206.41714477539062
1750930292.9006026,0.0,0.0,"[174.0, 185.0, 172.0, 152.0, 153.0, 159.0, 163.0, 192.0, 185.0, 174.0]",17.75310516357422,0.0,-55.1790771484375,0.18118667602539062,-206.41098022460938
1750930292.9136295,0.0,0.0,"[174.0, 185.0, 172.0, 152.0, 153.0, 159.0, 163.0, 193.0, 185.0, 174.0]",17.511117935180664,0.0,-55.528900146484375,0.16551589965820312,-206.4049072265625
1750930292.9474192,0.0,0.0,"[174.0, 185.0, 172.0, 152.0, 153.0, 159.0, 163.0, 193.0, 185.0, 174.0]",17.273197174072266,0.0,-55.87396240234375,0.1499004364013672,-206.39889526367188
1750930292.9604523,0.0,0.0,"[174.0, 185.0, 172.0, 152.0, 153.0, 159.0, 163.0, 193.0, 185.0, 174.0]",17.03682518005371,0.0,-56.214263916015625,0.13431167602539062,-206.39297485351562
1750930292.9740415,0.0,0.0,"[174.0, 185.0, 172.0, 152.0, 153.0, 159.0, 163.0, 193.0, 185.0, 174.0]",16.762407302856445,0.0,-56.54913330078125,0.11942672729492188,-206.38714599609375
1750930293.007432,0.0,0.0,"[174.0, 185.0, 172.0, 152.0, 153.0, 159.0, 163.0, 193.0, 185.0, 174.0]",16.465726852416992,0.0,-56.87811279296875,0.10572433471679688,-206.38140869140625
1750930293.0207317,0.0,0.0,"[174.0, 185.0, 172.0, 152.0, 153.0, 159.0, 163.0, 193.0, 185.0, 174.0]",16.173904418945312,0.0,-57.201324462890625,0.09311485290527344,-206.37579345703125
1750930293.0345147,0.0,0.0,"[174.0, 185.0, 172.0, 152.0, 152.0, 159.0, 163.0, 193.0, 185.0, 174.0]",15.887351036071777,0.0,-57.518798828125,0.08148956298828125,-206.37030029296875
1750930293.06756,0.0,0.0,"[174.0, 185.0, 172.0, 151.0, 152.0, 158.0, 163.0, 193.0, 185.0, 174.0]",15.606342315673828,0.0,-57.8306884765625,0.07074165344238281,-206.3648681640625
1750930293.0806744,0.0,0.0,"[174.0, 185.0, 170.0, 151.0, 152.0, 158.0, 162.0, 192.0, 185.0, 174.0]",15.330838203430176,0.0,-58.1370849609375,0.06076240539550781,-206.35955810546875
1750930293.094534,0.0,0.5,"[174.0, 185.0, 170.0, 149.0, 151.0, 157.0, 162.0, 192.0, 185.0, 174.0]",15.060751914978027,0.0,-58.4381103515625,0.05144309997558594,-206.35430908203125
1750930293.1279418,0.0,0.5,"[174.0, 185.0, 169.0, 149.0, 150.0, 157.0, 161.0, 190.0, 185.0, 174.0]",14.795806884765625,0.0,-58.733856201171875,0.042682647705078125,-206.34918212890625
1750930293.1417587,0.0,0.5,"[174.0, 185.0, 167.0, 148.0, 150.0, 156.0, 161.0, 190.0, 185.0, 174.0]",14.866130828857422,0.0,-59.031036376953125,0.034236907958984375,-206.34402465820312
1750930293.1555665,0.0,0.5,"[174.0, 185.0, 167.0, 147.0, 149.0, 155.0, 160.0, 189.0, 185.0, 174.0]",14.76280689239502,0.0,-59.32611083984375,0.02591705322265625,-206.33889770507812
1750930293.188422,0.0,0.5,"[174.0, 185.0, 165.0, 147.0, 148.0, 154.0, 159.0, 187.0, 185.0, 174.0]",14.750423431396484,0.0,-59.6209716796875,0.017900466918945312,-206.33377075195312
1750930293.2014034,0.0,0.5,"[174.0, 185.0, 164.0, 146.0, 147.0, 154.0, 158.0, 187.0, 185.0, 174.0]",15.238499641418457,0.0,-59.92559814453125,0.01047515869140625,-206.3284912109375
1750930293.214949,0.0,0.5,"[174.0, 185.0, 164.0, 145.0, 147.0, 153.0, 158.0, 186.0, 185.0, 174.0]",14.930246353149414,0.0,-60.224090576171875,0.0041980743408203125,-206.3232421875
1750930293.2484686,0.0,0.5,"[174.0, 185.0, 162.0, 145.0, 146.0, 152.0, 156.0, 185.0, 185.0, 174.0]",15.324934005737305,0.0,-60.530487060546875,-0.0011653900146484375,-206.31787109375
1750930293.2620134,0.0,0.5,"[174.0, 185.0, 161.0, 144.0, 146.0, 151.0, 156.0, 184.0, 185.0, 174.0]",14.893831253051758,0.0,-60.82830810546875,-0.005260467529296875,-206.31268310546875
1750930293.2751517,0.0,0.5,"[174.0, 185.0, 161.0, 143.0, 145.0, 151.0, 155.0, 183.0, 185.0, 174.0]",15.089917182922363,0.0,-61.130035400390625,-0.008306503295898438,-206.30743408203125
1750930293.3081045,0.0,0.5,"[174.0, 185.0, 159.0, 143.0, 145.0, 150.0, 155.0, 183.0, 185.0, 174.0]",15.295442581176758,0.0,-61.435882568359375,-0.01045989990234375,-206.30221557617188
1750930293.3211958,0.0,0.5,"[174.0, 185.0, 159.0, 141.0, 144.0, 150.0, 154.0, 181.0, 185.0, 174.0]",15.166479110717773,0.0,-61.739166259765625,-0.011890411376953125,-206.29660034179688
1750930293.3344073,0.0,0.5,"[174.0, 185.0, 158.0, 141.0, 143.0, 149.0, 154.0, 181.0, 185.0, 174.0]",15.244193077087402,0.0,-62.04400634765625,-0.012739181518554688,-206.29168701171875
1750930293.3662071,0.0,0.5,"[174.0, 185.0, 156.0, 140.0, 143.0, 149.0, 153.0, 180.0, 185.0, 174.0]",15.052708625793457,0.0,-62.345001220703125,-0.013166427612304688,-206.28607177734375
1750930293.3794346,0.0,0.5,"[174.0, 185.0, 156.0, 140.0, 143.0, 148.0, 153.0, 179.0, 185.0, 174.0]",15.473515510559082,0.0,-62.654449462890625,-0.013347625732421875,-206.28070068359375
1750930293.393192,0.0,0.5,"[174.0, 185.0, 155.0, 139.0, 142.0, 148.0, 153.0, 179.0, 185.0, 174.0]",15.471163749694824,0.0,-62.96380615234375,-0.013286590576171875,-206.27532958984375
1750930293.4259868,0.0,0.0,"[174.0, 185.0, 155.0, 139.0, 142.0, 147.0, 152.0, 178.0, 185.0, 174.0]",15.36904239654541,0.0,-63.271148681640625,-0.013158798217773438,-206.27001953125
1750930293.4391668,0.0,0.0,"[174.0, 185.0, 153.0, 138.0, 142.0, 147.0, 152.0, 178.0, 185.0, 174.0]",15.368892669677734,0.0,-63.578460693359375,-0.0129547119140625,-206.26461791992188
1750930293.452359,0.0,0.0,"[174.0, 185.0, 153.0, 138.0, 141.0, 147.0, 152.0, 176.0, 185.0, 174.0]",15.120122909545898,0.0,-63.880828857421875,-0.012765884399414062,-206.25933837890625
1750930293.4847517,0.0,0.0,"[174.0, 185.0, 151.0, 138.0, 141.0, 146.0, 151.0, 176.0, 185.0, 174.0]",14.855385780334473,0.0,-64.17788696289062,-0.012302398681640625,-206.254150390625
1750930293.4977708,0.0,0.0,"[174.0, 185.0, 151.0, 137.0, 141.0, 146.0, 152.0, 176.0, 185.0, 174.0]",14.591930389404297,0.0,-64.46969604492188,-0.011583328247070312,-206.24908447265625
1750930293.5207727,0.0,0.0,"[174.0, 185.0, 151.0, 137.0, 140.0, 146.0, 166.0, 176.0, 185.0, 174.0]",14.331897735595703,0.0,-64.75628662109375,-0.010671615600585938,-206.24407958984375
1750930293.5345204,0.0,0.0,"[174.0, 185.0, 150.0, 137.0, 140.0, 146.0, 166.0, 175.0, 185.0, 174.0]",14.07494068145752,0.0,-65.03775024414062,-0.009626388549804688,-206.23919677734375
1750930293.5676842,0.0,0.5,"[174.0, 185.0, 150.0, 137.0, 140.0, 145.0, 166.0, 175.0, 185.0, 174.0]",13.820734977722168,0.0,-65.31411743164062,-0.008501052856445312,-206.234375
1750930293.5816526,0.0,0.5,"[174.0, 185.0, 150.0, 136.0, 140.0, 145.0, 166.0, 175.0, 185.0, 174.0]",13.568984985351562,0.0,-65.58544921875,-0.007335662841796875,-206.22964477539062
1750930293.5949202,0.0,0.5,"[174.0, 185.0, 150.0, 136.0, 140.0, 145.0, 166.0, 175.0, 185.0, 174.0]",13.6675386428833,0.0,-65.85873413085938,-0.00617218017578125,-206.22488403320312
1750930293.6279688,0.0,0.5,"[174.0, 185.0, 149.0, 136.0, 140.0, 145.0, 164.0, 175.0, 185.0, 174.0]",13.517234802246094,0.0,-66.12905883789062,-0.0050373077392578125,-206.22015380859375
1750930293.6415696,0.0,0.5,"[174.0, 185.0, 148.0, 136.0, 139.0, 145.0, 164.0, 175.0, 185.0, 174.0]",13.462015151977539,0.0,-66.39825439453125,-0.0039577484130859375,-206.21548461914062
1750930293.6566334,0.0,0.5,"[174.0, 185.0, 148.0, 136.0, 139.0, 145.0, 164.0, 175.0, 185.0, 174.0]",13.839088439941406,0.0,-66.67498779296875,-0.0029506683349609375,-206.21066284179688
1750930293.6825497,0.0,0.5,"[174.0, 185.0, 148.0, 136.0, 139.0, 145.0, 164.0, 175.0, 185.0, 174.0]",13.882658958435059,0.0,-66.95260620117188,-0.0020313262939453125,-206.205810546875
1750930293.6970334,0.0,0.5,"[174.0, 185.0, 147.0, 136.0, 139.0, 145.0, 164.0, 175.0, 185.0, 174.0]",13.833133697509766,0.0,-67.22921752929688,-0.0012073516845703125,-206.20098876953125
1750930293.7220979,0.0,0.5,"[174.0, 185.0, 147.0, 135.0, 139.0, 145.0, 164.0, 175.0, 185.0, 174.0]",13.797775268554688,0.0,-67.505126953125,-0.0004825592041015625,-206.19619750976562
1750930293.736612,0.0,0.0,"[174.0, 185.0, 147.0, 135.0, 139.0, 145.0, 164.0, 173.0, 185.0, 174.0]",13.830636978149414,0.0,-67.78170776367188,0.000141143798828125,-206.19137573242188
1750930293.769732,0.0,0.0,"[174.0, 185.0, 147.0, 135.0, 139.0, 144.0, 164.0, 173.0, 185.0, 174.0]",14.196969032287598,0.0,-68.06558227539062,0.000667572021484375,-206.18643188476562
1750930293.7828283,0.0,0.0,"[174.0, 185.0, 147.0, 134.0, 139.0, 144.0, 164.0, 173.0, 185.0, 174.0]",13.950761795043945,0.0,-68.34457397460938,0.0010967254638671875,-206.18157958984375
1750930293.79602,0.0,0.0,"[174.0, 184.0, 146.0, 134.0, 139.0, 144.0, 164.0, 173.0, 185.0, 174.0]",13.704690933227539,0.0,-68.61862182617188,0.001438140869140625,-206.17678833007812
1750930293.8289776,0.0,0.0,"[174.0, 183.0, 146.0, 134.0, 138.0, 144.0, 164.0, 173.0, 185.0, 174.0]",13.458684921264648,0.0,-68.88775634765625,0.0016956329345703125,-206.17208862304688
1750930293.8416176,0.0,0.5,"[174.0, 182.0, 145.0, 134.0, 138.0, 144.0, 164.0, 173.0, 185.0, 174.0]",13.212727546691895,0.0,-69.1519775390625,0.001880645751953125,-206.16748046875
1750930293.8551896,0.0,0.5,"[174.0, 182.0, 145.0, 134.0, 138.0, 144.0, 164.0, 173.0, 185.0, 174.0]",12.966780662536621,0.0,-69.4112548828125,0.0019969940185546875,-206.1629638671875
1750930293.888258,0.0,0.5,"[174.0, 182.0, 145.0, 133.0, 138.0, 144.0, 163.0, 173.0, 185.0, 174.0]",13.09624195098877,0.0,-69.67315673828125,0.0020580291748046875,-206.15838623046875
1750930293.9011798,0.0,0.5,"[174.0, 181.0, 145.0, 133.0, 138.0, 143.0, 163.0, 173.0, 185.0, 174.0]",12.791559219360352,0.0,-69.92892456054688,0.002071380615234375,-206.1539306640625
1750930293.914343,0.0,0.5,"[174.0, 180.0, 144.0, 133.0, 138.0, 143.0, 163.0, 173.0, 185.0, 174.0]",13.159281730651855,0.0,-70.19207763671875,0.0020427703857421875,-206.14935302734375
1750930293.9473455,0.0,0.0,"[174.0, 179.0, 144.0, 133.0, 137.0, 143.0, 163.0, 173.0, 185.0, 174.0]",13.009984970092773,0.0,-70.45223999023438,0.001983642578125,-206.14483642578125
1750930293.960237,0.0,0.0,"[174.0, 179.0, 144.0, 133.0, 137.0, 143.0, 163.0, 172.0, 185.0, 174.0]",12.982221603393555,0.0,-70.71185302734375,0.0018978118896484375,-206.14028930664062
1750930293.973579,0.0,0.0,"[174.0, 179.0, 143.0, 132.0, 137.0, 143.0, 162.0, 172.0, 185.0, 174.0]",12.73447322845459,0.0,-70.96652221679688,0.00179290771484375,-206.1358642578125
1750930294.007283,0.0,0.0,"[174.0, 177.0, 142.0, 132.0, 137.0, 142.0, 162.0, 178.0, 185.0, 174.0]",12.486846923828125,0.0,-71.21621704101562,0.0016765594482421875,-206.13150024414062
1750930294.0207193,0.0,0.0,"[174.0, 176.0, 142.0, 132.0, 136.0, 142.0, 162.0, 180.0, 185.0, 174.0]",12.23938274383545,0.0,-71.46096801757812,0.001552581787109375,-206.12725830078125
1750930294.0355017,0.0,0.0,"[174.0, 176.0, 142.0, 131.0, 136.0, 142.0, 162.0, 185.0, 185.0, 174.0]",11.992103576660156,0.0,-71.70077514648438,0.00142669677734375,-206.123046875
1750930294.0690506,0.0,0.0,"[174.0, 176.0, 142.0, 131.0, 136.0, 141.0, 162.0, 188.0, 185.0, 174.0]",11.745062828063965,0.0,-71.93563842773438,0.001300811767578125,-206.11895751953125
1750930294.0827336,0.0,0.0,"[174.0, 174.0, 142.0, 131.0, 136.0, 141.0, 161.0, 214.0, 185.0, 174.0]",11.498268127441406,0.0,-72.16555786132812,0.001178741455078125,-206.114990234375
1750930294.096547,0.0,0.0,"[174.0, 173.0, 141.0, 131.0, 136.0, 141.0, 161.0, 214.0, 185.0, 174.0]",11.251758575439453,0.0,-72.39056396484375,0.0010623931884765625,-206.11105346679688
1750930294.1293814,0.0,0.0,"[174.0, 173.0, 141.0, 131.0, 135.0, 141.0, 161.0, 214.0, 185.0, 174.0]",11.005556106567383,0.0,-72.61062622070312,0.00095367431640625,-206.10723876953125
1750930294.1425118,0.0,0.0,"[174.0, 173.0, 141.0, 130.0, 135.0, 140.0, 161.0, 214.0, 185.0, 174.0]",10.759683609008789,0.0,-72.8258056640625,0.0008563995361328125,-206.10345458984375
1750930294.156293,-1.0,0.0,"[174.0, 172.0, 141.0, 130.0, 135.0, 140.0, 160.0, 214.0, 185.0, 174.0]",10.514175415039062,0.0,-73.03604125976562,0.0007686614990234375,-206.09979248046875
1750930294.189753,-1.0,0.0,"[174.0, 173.0, 141.0, 131.0, 136.0, 140.0, 160.0, 212.0, 185.0, 174.0]",9.987015724182129,-0.5,-73.23529052734375,0.000690460205078125,-206.11380004882812
1750930294.2033277,-1.0,0.0,"[174.0, 178.0, 144.0, 133.0, 136.0, 140.0, 160.0, 212.0, 185.0, 174.0]",9.555126190185547,-0.5,-73.42337036132812,0.0006237030029296875,-206.14764404296875
1750930294.216897,-1.0,0.0,"[174.0, 181.0, 145.0, 134.0, 136.0, 140.0, 160.0, 212.0, 185.0, 174.0]",9.34981918334961,-0.5,-73.60699462890625,0.0005664825439453125,-206.18304443359375
1750930294.2506614,0.0,0.0,"[174.0, 185.0, 148.0, 137.0, 136.0, 140.0, 160.0, 212.0, 185.0, 174.0]",9.08459758758545,-0.5,-73.78469848632812,0.000518798828125,-206.22088623046875
1750930294.2645802,0.0,0.0,"[174.0, 185.0, 148.0, 137.0, 136.0, 140.0, 160.0, 212.0, 185.0, 174.0]",8.75219440460205,0.0,-73.95858764648438,0.0004825592041015625,-206.2408447265625
1750930294.2771697,0.0,0.5,"[174.0, 185.0, 147.0, 137.0, 136.0, 140.0, 160.0, 212.0, 185.0, 174.0]",8.498698234558105,0.0,-74.12847900390625,0.000453948974609375,-206.24630737304688
1750930294.302308,0.0,0.5,"[174.0, 185.0, 147.0, 137.0, 135.0, 139.0, 160.0, 211.0, 185.0, 174.0]",8.255228042602539,0.0,-74.29324340820312,0.0004329681396484375,-206.25701904296875
1750930294.3159466,0.0,0.5,"[174.0, 185.0, 147.0, 137.0, 135.0, 139.0, 159.0, 211.0, 185.0, 174.0]",8.690309524536133,0.0,-74.466796875,0.00041961669921875,-206.26620483398438
1750930294.3501241,0.0,0.5,"[174.0, 184.0, 147.0, 137.0, 135.0, 139.0, 159.0, 211.0, 185.0, 174.0]",8.448262214660645,0.0,-74.635498046875,0.0004119873046875,-206.27566528320312
1750930294.363598,0.0,0.5,"[174.0, 184.0, 147.0, 136.0, 134.0, 139.0, 159.0, 211.0, 185.0, 174.0]",8.707324981689453,0.0,-74.80938720703125,0.000408172607421875,-206.28533935546875
1750930294.3777163,0.0,0.5,"[174.0, 183.0, 147.0, 136.0, 134.0, 138.0, 159.0, 211.0, 185.0, 174.0]",8.465261459350586,0.0,-74.97842407226562,0.0004100799560546875,-206.29473876953125
1750930294.4018095,0.0,0.5,"[174.0, 183.0, 147.0, 136.0, 134.0, 138.0, 158.0, 211.0, 185.0, 174.0]",8.897729873657227,0.0,-75.15609741210938,0.000415802001953125,-206.30462646484375
1750930294.4157813,0.0,0.5,"[174.0, 182.0, 147.0, 136.0, 134.0, 138.0, 158.0, 211.0, 185.0, 174.0]",8.655531883239746,0.0,-75.32894897460938,0.000423431396484375,-206.314208984375
1750930294.4500015,-1.0,0.5,"[174.0, 182.0, 147.0, 135.0, 133.0, 138.0, 158.0, 209.0, 185.0, 174.0]",8.868980407714844,0.0,-75.50607299804688,0.0004329681396484375,-206.32406616210938
1750930294.463858,-1.0,0.5,"[174.0, 185.0, 148.0, 136.0, 133.0, 137.0, 158.0, 209.0, 185.0, 174.0]",8.478890419006348,-0.5,-75.6734619140625,0.0004444122314453125,-206.35113525390625
1750930294.47785,-1.0,0.5,"[174.0, 185.0, 150.0, 138.0, 133.0, 138.0, 158.0, 209.0, 185.0, 174.0]",8.399449348449707,-0.5,-75.83541870117188,0.000457763671875,-206.39572143554688
1750930294.5024376,0.0,0.5,"[174.0, 185.0, 153.0, 139.0, 133.0, 138.0, 158.0, 209.0, 185.0, 174.0]",8.615777015686035,-0.5,-76.00234985351562,0.000469207763671875,-206.43850708007812
1750930294.5163095,0.0,0.5,"[174.0, 185.0, 153.0, 139.0, 133.0, 137.0, 158.0, 209.0, 185.0, 174.0]",8.552578926086426,0.0,-76.17141723632812,0.0004825592041015625,-206.46435546875
1750930294.5507483,0.0,0.5,"[174.0, 185.0, 153.0, 139.0, 133.0, 137.0, 156.0, 209.0, 185.0, 174.0]",8.474041938781738,0.0,-76.34030151367188,0.00049591064453125,-206.47872924804688
1750930294.5635636,0.0,0.5,"[174.0, 185.0, 153.0, 139.0, 133.0, 137.0, 156.0, 209.0, 185.0, 174.0]",8.68251895904541,0.0,-76.51284790039062,0.000507354736328125,-206.49810791015625
1750930294.5773437,0.0,0.5,"[174.0, 185.0, 153.0, 139.0, 131.0, 137.0, 156.0, 209.0, 185.0, 174.0]",8.676885604858398,0.0,-76.68545532226562,0.000518798828125,-206.51593017578125
1750930294.6013134,0.0,0.5,"[174.0, 185.0, 153.0, 139.0, 131.0, 136.0, 156.0, 207.0, 185.0, 174.0]",8.704557418823242,0.0,-76.85861206054688,0.000530242919921875,-206.5341796875
1750930294.6154306,-1.0,0.5,"[174.0, 185.0, 153.0, 138.0, 131.0, 136.0, 155.0, 207.0, 185.0, 174.0]",8.83531379699707,0.0,-77.03433227539062,0.0005397796630859375,-206.55264282226562
1750930294.6498752,-1.0,0.5,"[174.0, 185.0, 154.0, 139.0, 131.0, 136.0, 155.0, 207.0, 185.0, 174.0]",8.62265682220459,-0.5,-77.2034912109375,0.0005474090576171875,-206.586181640625
1750930294.6641858,-1.0,0.5,"[174.0, 185.0, 156.0, 141.0, 131.0, 136.0, 155.0, 207.0, 185.0, 174.0]",8.448229789733887,-0.5,-77.36502075195312,0.0005550384521484375,-206.63583374023438
1750930294.6785002,-1.0,0.5,"[174.0, 185.0, 158.0, 141.0, 131.0, 136.0, 155.0, 207.0, 185.0, 174.0]",8.52957820892334,-0.5,-77.52719116210938,0.0005626678466796875,-206.68869018554688
1750930294.692806,0.0,0.5,"[174.0, 185.0, 159.0, 141.0, 131.0, 136.0, 155.0, 206.0, 185.0, 174.0]",8.742804527282715,-0.5,-77.69308471679688,0.000568389892578125,-206.7440185546875
1750930294.7280653,0.0,0.5,"[174.0, 185.0, 160.0, 141.0, 131.0, 136.0, 155.0, 206.0, 185.0, 174.0]",8.561795234680176,0.0,-77.859375,0.00057220458984375,-206.78485107421875
1750930294.7426257,0.0,0.5,"[174.0, 185.0, 159.0, 140.0, 130.0, 135.0, 155.0, 206.0, 185.0, 174.0]",8.728273391723633,0.0,-78.031982421875,0.000576019287109375,-206.81088256835938
1750930294.756521,0.0,0.5,"[174.0, 185.0, 159.0, 140.0, 130.0, 135.0, 155.0, 206.0, 185.0, 174.0]",8.630122184753418,0.0,-78.20181274414062,0.000579833984375,-206.84170532226562
1750930294.7918825,0.0,0.5,"[174.0, 185.0, 159.0, 139.0, 130.0, 135.0, 154.0, 206.0, 185.0, 174.0]",8.792400360107422,0.0,-78.37515258789062,0.0005817413330078125,-206.87142944335938
1750930294.8057413,0.0,0.5,"[174.0, 185.0, 159.0, 139.0, 129.0, 135.0, 154.0, 206.0, 185.0, 174.0]",8.57201862335205,0.0,-78.54397583007812,0.0005817413330078125,-206.9012451171875
1750930294.8198824,0.0,0.5,"[174.0, 185.0, 159.0, 139.0, 129.0, 134.0, 154.0, 206.0, 185.0, 174.0]",8.623237609863281,0.0,-78.71389770507812,0.000583648681640625,-206.9306640625
1750930294.8349698,0.0,0.5,"[174.0, 185.0, 159.0, 138.0, 128.0, 134.0, 153.0, 204.0, 185.0, 174.0]",8.76373291015625,0.0,-78.88650512695312,0.000583648681640625,-206.96112060546875
1750930294.870348,-1.0,0.5,"[174.0, 185.0, 159.0, 138.0, 128.0, 134.0, 153.0, 204.0, 185.0, 174.0]",8.739875793457031,0.0,-79.05874633789062,0.000583648681640625,-206.99090576171875
1750930294.8839543,-1.0,0.5,"[174.0, 185.0, 161.0, 138.0, 128.0, 133.0, 153.0, 204.0, 185.0, 174.0]",8.663494110107422,-0.5,-79.22540283203125,0.000583648681640625,-207.03836059570312
1750930294.8981643,-1.0,0.5,"[174.0, 185.0, 162.0, 138.0, 128.0, 133.0, 153.0, 204.0, 185.0, 174.0]",8.708189010620117,-0.5,-79.38650512695312,0.000583648681640625,-207.1044921875
1750930294.911799,-1.0,0.5,"[174.0, 185.0, 164.0, 138.0, 128.0, 133.0, 153.0, 203.0, 185.0, 174.0]",8.579230308532715,-0.5,-79.54635620117188,0.0005817413330078125,-207.1668701171875
1750930294.9461763,0.0,0.5,"[174.0, 185.0, 167.0, 138.0, 128.0, 133.0, 153.0, 203.0, 185.0, 174.0]",8.882370948791504,-0.5,-79.70986938476562,0.0005817413330078125,-207.236328125
1750930294.9599645,0.0,0.5,"[174.0, 185.0, 167.0, 138.0, 127.0, 133.0, 153.0, 203.0, 185.0, 174.0]",8.52016544342041,0.0,-79.87216186523438,0.000579833984375,-207.2882080078125
1750930294.9741864,0.0,0.5,"[174.0, 185.0, 167.0, 137.0, 127.0, 131.0, 152.0, 203.0, 185.0, 174.0]",8.746572494506836,0.0,-80.04278564453125,0.0005779266357421875,-207.32681274414062
1750930295.0084,0.0,0.5,"[174.0, 185.0, 166.0, 137.0, 126.0, 131.0, 152.0, 203.0, 185.0, 174.0]",8.877697944641113,0.0,-80.21481323242188,0.0005779266357421875,-207.37078857421875
1750930295.0221262,-1.0,0.5,"[174.0, 185.0, 165.0, 136.0, 126.0, 130.0, 152.0, 202.0, 185.0, 174.0]",8.742300033569336,0.0,-80.38449096679688,0.000576019287109375,-207.4129638671875
1750930295.0364792,-1.0,0.5,"[174.0, 185.0, 165.0, 136.0, 126.0, 130.0, 151.0, 201.0, 185.0, 174.0]",8.632681846618652,-0.5,-80.547607421875,0.0005741119384765625,-207.46954345703125
1750930295.07084,-1.0,0.5,"[174.0, 185.0, 165.0, 136.0, 126.0, 130.0, 152.0, 201.0, 185.0, 174.0]",8.525948524475098,-0.5,-80.70025634765625,0.0005741119384765625,-207.5455322265625
1750930295.0850515,-1.0,0.5,"[174.0, 185.0, 165.0, 136.0, 126.0, 130.0, 152.0, 201.0, 185.0, 174.0]",8.562442779541016,-0.5,-80.85501098632812,0.00057220458984375,-207.61883544921875
1750930295.0991085,-1.0,0.5,"[174.0, 185.0, 165.0, 136.0, 126.0, 130.0, 152.0, 200.0, 185.0, 174.0]",8.645605087280273,-0.5,-81.00875854492188,0.00057220458984375,-207.697998046875
1750930295.1126556,-1.0,0.5,"[174.0, 185.0, 165.0, 136.0, 126.0, 130.0, 151.0, 200.0, 185.0, 174.0]",8.781768798828125,-0.5,-81.16482543945312,0.0005702972412109375,-207.77859497070312
1750930295.1469364,-1.0,0.5,"[174.0, 185.0, 165.0, 136.0, 126.0, 129.0, 151.0, 200.0, 185.0, 174.0]",8.629658699035645,-0.5,-81.31552124023438,0.0005702972412109375,-207.86273193359375
1750930295.1613219,-1.0,0.5,"[174.0, 185.0, 165.0, 136.0, 126.0, 129.0, 151.0, 198.0, 185.0, 174.0]",8.795953750610352,-0.5,-81.46841430664062,0.000568389892578125,-207.94970703125
1750930295.1752572,-1.0,0.5,"[174.0, 185.0, 165.0, 136.0, 126.0, 129.0, 151.0, 198.0, 185.0, 174.0]",8.713971138000488,-0.5,-81.61773681640625,0.000568389892578125,-208.03958129882812
1750930295.20907,-1.0,0.5,"[174.0, 185.0, 165.0, 136.0, 126.0, 129.0, 151.0, 198.0, 185.0, 174.0]",8.805654525756836,-0.5,-81.7677001953125,0.000568389892578125,-208.13189697265625
1750930295.2229817,-1.0,0.5,"[174.0, 185.0, 165.0, 136.0, 126.0, 129.0, 151.0, 197.0, 185.0, 174.0]",8.915243148803711,-0.5,-81.91683959960938,0.000568389892578125,-208.22967529296875
1750930295.2361162,-1.0,0.5,"[174.0, 185.0, 166.0, 136.0, 125.0, 129.0, 151.0, 197.0, 185.0, 174.0]",8.806595802307129,-0.5,-82.06353759765625,0.0005664825439453125,-208.32711791992188
1750930295.270613,-1.0,0.5,"[174.0, 185.0, 165.0, 136.0, 125.0, 129.0, 149.0, 197.0, 185.0, 174.0]",8.96135139465332,-0.5,-82.20993041992188,0.0005664825439453125,-208.4305419921875
1750930295.284447,-1.0,0.5,"[174.0, 185.0, 165.0, 136.0, 125.0, 129.0, 149.0, 195.0, 185.0, 174.0]",8.971389770507812,-0.5,-82.35537719726562,0.0005664825439453125,-208.53558349609375
1750930295.2977288,-1.0,0.5,"[174.0, 185.0, 165.0, 136.0, 125.0, 129.0, 149.0, 195.0, 185.0, 174.0]",9.025675773620605,-0.5,-82.49945068359375,0.0005664825439453125,-208.64434814453125
1750930295.3210824,-1.0,0.5,"[174.0, 185.0, 165.0, 136.0, 125.0, 129.0, 149.0, 194.0, 185.0, 174.0]",9.19262981414795,-0.5,-82.6439208984375,0.0005664825439453125,-208.758056640625
1750930295.3350286,-1.0,0.5,"[174.0, 185.0, 165.0, 136.0, 124.0, 129.0, 149.0, 193.0, 185.0, 174.0]",9.13891315460205,-0.5,-82.78594970703125,0.0005664825439453125,-208.87310791015625
1750930295.367189,-1.0,0.5,"[174.0, 185.0, 164.0, 136.0, 124.0, 129.0, 149.0, 193.0, 185.0, 174.0]",9.320680618286133,-0.5,-82.92822265625,0.0005664825439453125,-208.99359130859375
1750930295.3800147,-1.0,0.5,"[174.0, 185.0, 164.0, 136.0, 124.0, 129.0, 149.0, 192.0, 185.0, 174.0]",9.294625282287598,-0.5,-83.06808471679688,0.0005664825439453125,-209.11602783203125
1750930295.3930786,-1.0,0.5,"[174.0, 185.0, 164.0, 134.0, 124.0, 129.0, 149.0, 192.0, 185.0, 174.0]",9.340046882629395,-0.5,-83.20584106445312,0.0005664825439453125,-209.2421875
1750930295.4253001,-1.0,0.5,"[174.0, 185.0, 164.0, 134.0, 124.0, 129.0, 149.0, 192.0, 185.0, 174.0]",9.202140808105469,-0.5,-83.33956909179688,0.0005664825439453125,-209.36862182617188
1750930295.4381409,-1.0,0.5,"[174.0, 185.0, 164.0, 134.0, 124.0, 129.0, 148.0, 190.0, 185.0, 174.0]",9.531994819641113,-0.5,-83.4757080078125,0.0005664825439453125,-209.50210571289062
1750930295.4511616,-1.0,0.5,"[174.0, 185.0, 165.0, 133.0, 124.0, 128.0, 148.0, 190.0, 185.0, 174.0]",9.250094413757324,-0.5,-83.60494995117188,0.0005664825439453125,-209.63446044921875
1750930295.483215,-1.0,0.5,"[174.0, 185.0, 165.0, 133.0, 124.0, 128.0, 147.0, 190.0, 185.0, 174.0]",9.553550720214844,-0.5,-83.73623657226562,0.0005664825439453125,-209.7733154296875
1750930295.4959686,-1.0,0.5,"[174.0, 185.0, 165.0, 133.0, 124.0, 128.0, 147.0, 189.0, 185.0, 174.0]",9.480914115905762,-0.5,-83.86410522460938,0.0005664825439453125,-209.913330078125
1750930295.5266247,-1.0,0.5,"[174.0, 185.0, 165.0, 133.0, 124.0, 128.0, 146.0, 189.0, 185.0, 174.0]",9.602295875549316,-0.5,-83.98947143554688,0.0005664825439453125,-210.05877685546875
1750930295.5397112,-1.0,0.5,"[174.0, 185.0, 164.0, 133.0, 124.0, 128.0, 146.0, 189.0, 185.0, 174.0]",9.648221969604492,-0.5,-84.11441040039062,0.0005664825439453125,-210.20584106445312
1750930295.5527542,-1.0,0.5,"[174.0, 185.0, 164.0, 133.0, 124.0, 127.0, 145.0, 189.0, 185.0, 174.0]",9.664422988891602,-0.5,-84.23489379882812,0.0005664825439453125,-210.35699462890625
1750930295.5838108,-1.0,0.5,"[174.0, 185.0, 163.0, 132.0, 124.0, 127.0, 145.0, 187.0, 185.0, 174.0]",9.718631744384766,-0.5,-84.35470581054688,0.0005664825439453125,-210.51004028320312
1750930295.5962133,-1.0,0.5,"[174.0, 185.0, 162.0, 132.0, 124.0, 127.0, 144.0, 187.0, 185.0, 174.0]",9.737176895141602,-0.5,-84.469970703125,0.0005664825439453125,-210.6669921875
1750930295.627668,-1.0,0.5,"[174.0, 185.0, 162.0, 132.0, 124.0, 127.0, 144.0, 187.0, 185.0, 174.0]",9.783074378967285,-0.5,-84.58456420898438,0.0005664825439453125,-210.82562255859375
1750930295.6401439,-1.0,0.5,"[174.0, 185.0, 162.0, 132.0, 123.0, 127.0, 143.0, 187.0, 185.0, 174.0]",9.770833969116211,-0.5,-84.69406127929688,0.000568389892578125,-210.9874267578125
1750930295.6533885,-1.0,0.5,"[174.0, 185.0, 161.0, 132.0, 123.0, 127.0, 143.0, 187.0, 185.0, 174.0]",9.773542404174805,-0.5,-84.80224609375,0.000568389892578125,-211.1502685546875
1750930295.6847384,-1.0,0.5,"[174.0, 185.0, 161.0, 132.0, 123.0, 127.0, 141.0, 187.0, 185.0, 174.0]",9.774748802185059,-0.5,-84.90518188476562,0.000568389892578125,-211.31646728515625
1750930295.6969612,-1.0,0.5,"[174.0, 185.0, 161.0, 132.0, 122.0, 126.0, 140.0, 187.0, 185.0, 174.0]",10.069108963012695,-0.5,-85.00885009765625,0.000568389892578125,-211.4891357421875
1750930295.7187214,-1.0,0.5,"[174.0, 185.0, 161.0, 133.0, 122.0, 126.0, 140.0, 187.0, 185.0, 174.0]",9.733070373535156,-0.5,-85.10543823242188,0.000568389892578125,-211.65814208984375
1750930295.7307308,-1.0,0.5,"[174.0, 185.0, 161.0, 133.0, 122.0, 125.0, 139.0, 187.0, 185.0, 174.0]",10.044083595275879,-0.5,-85.20169067382812,0.000568389892578125,-211.83444213867188
1750930295.760876,-1.0,0.5,"[174.0, 185.0, 160.0, 132.0, 122.0, 124.0, 139.0, 187.0, 185.0, 174.0]",9.984798431396484,-0.5,-85.2943115234375,0.000568389892578125,-212.0113525390625
1750930295.7730162,-1.0,0.5,"[174.0, 185.0, 160.0, 132.0, 122.0, 123.0, 138.0, 187.0, 185.0, 174.0]",10.182496070861816,-0.5,-85.38385009765625,0.000568389892578125,-212.19427490234375
1750930295.8030748,-1.0,0.5,"[174.0, 185.0, 160.0, 131.0, 121.0, 122.0, 137.0, 187.0, 185.0, 174.0]",10.079312324523926,-0.5,-85.47021484375,0.000568389892578125,-212.37640380859375
1750930295.81593,-1.0,0.5,"[174.0, 185.0, 160.0, 131.0, 121.0, 122.0, 137.0, 187.0, 185.0, 174.0]",10.314895629882812,-0.5,-85.5531005859375,0.000568389892578125,-212.56533813476562
1750930295.8470254,-1.0,0.5,"[174.0, 185.0, 161.0, 131.0, 121.0, 121.0, 136.0, 187.0, 185.0, 174.0]",10.146828651428223,-0.5,-85.63211059570312,0.000568389892578125,-212.75225830078125
1750930295.860055,-1.0,0.5,"[174.0, 185.0, 161.0, 130.0, 121.0, 120.0, 134.0, 187.0, 185.0, 174.0]",10.281778335571289,-0.5,-85.70709228515625,0.000568389892578125,-212.9437255859375
1750930295.8723478,-1.0,0.5,"[174.0, 185.0, 161.0, 130.0, 120.0, 119.0, 134.0, 187.0, 185.0, 174.0]",10.140629768371582,-0.5,-85.77847290039062,0.000568389892578125,-213.13357543945312
1750930295.9036937,-1.0,0.5,"[174.0, 185.0, 159.0, 130.0, 119.0, 118.0, 133.0, 189.0, 185.0, 174.0]",10.501192092895508,-0.5,-85.84719848632812,0.000568389892578125,-213.33203125
1750930295.9159746,-1.0,0.5,"[174.0, 185.0, 159.0, 130.0, 118.0, 117.0, 133.0, 189.0, 185.0, 174.0]",10.20126724243164,-0.5,-85.91000366210938,0.000568389892578125,-213.52615356445312
1750930295.9472487,-1.0,0.5,"[174.0, 185.0, 158.0, 129.0, 117.0, 116.0, 133.0, 192.0, 185.0, 174.0]",10.463475227355957,-0.5,-85.9703369140625,0.000568389892578125,-213.72653198242188
1750930295.9601421,-1.0,0.5,"[174.0, 185.0, 158.0, 129.0, 116.0, 115.0, 132.0, 201.0, 185.0, 174.0]",10.341775894165039,-0.5,-86.02627563476562,0.000568389892578125,-213.9256591796875
1750930295.972759,-1.0,0.5,"[174.0, 185.0, 158.0, 129.0, 115.0, 114.0, 132.0, 227.0, 185.0, 174.0]",10.52230167388916,-0.5,-86.07815551757812,0.000568389892578125,-214.12960815429688
1750930296.003784,-1.0,0.5,"[174.0, 185.0, 156.0, 129.0, 113.0, 113.0, 132.0, 227.0, 185.0, 174.0]",10.418158531188965,-0.5,-86.12576293945312,0.000568389892578125,-214.33245849609375
1750930296.0167499,-1.0,0.5,"[174.0, 185.0, 156.0, 128.0, 112.0, 112.0, 131.0, 227.0, 185.0, 174.0]",10.718975067138672,-0.5,-86.17022705078125,0.000568389892578125,-214.54217529296875
1750930296.0471835,-1.0,0.5,"[174.0, 185.0, 155.0, 125.0, 111.0, 111.0, 131.0, 227.0, 185.0, 174.0]",10.427322387695312,-0.5,-86.20919799804688,0.000568389892578125,-214.74703979492188
1750930296.05962,-1.0,0.5,"[174.0, 185.0, 155.0, 124.0, 110.0, 110.0, 131.0, 227.0, 185.0, 174.0]",10.707426071166992,-0.5,-86.24478149414062,0.000568389892578125,-214.95819091796875
1750930296.0725002,-1.0,0.5,"[174.0, 185.0, 155.0, 122.0, 108.0, 109.0, 131.0, 227.0, 185.0, 174.0]",10.604323387145996,-0.5,-86.27459716796875,0.000568389892578125,-215.16818237304688
1750930296.1025972,-1.0,0.5,"[174.0, 185.0, 155.0, 121.0, 107.0, 108.0, 131.0, 227.0, 185.0, 174.0]",10.824277877807617,-0.5,-86.30111694335938,0.000568389892578125,-215.383056640625
1750930296.1147277,-1.0,0.5,"[174.0, 185.0, 155.0, 118.0, 106.0, 107.0, 131.0, 227.0, 185.0, 174.0]",10.69633960723877,-0.5,-86.32244873046875,0.000568389892578125,-215.59588623046875
1750930296.1463513,-1.0,0.5,"[174.0, 185.0, 151.0, 116.0, 104.0, 107.0, 131.0, 227.0, 185.0, 174.0]",10.882817268371582,-0.5,-86.34024047851562,0.000568389892578125,-215.81283569335938
1750930296.159727,-1.0,0.0,"[174.0, 185.0, 148.0, 114.0, 103.0, 106.0, 131.0, 227.0, 185.0, 174.0]",10.723101615905762,-0.5,-86.352294921875,0.000568389892578125,-216.0269775390625
1750930296.1726859,-1.0,0.0,"[174.0, 185.0, 145.0, 113.0, 101.0, 106.0, 131.0, 220.0, 185.0, 174.0]",10.865326881408691,-0.5,-86.3602294921875,0.000568389892578125,-216.244140625
1750930296.2040412,-1.0,0.0,"[174.0, 185.0, 142.0, 110.0, 100.0, 105.0, 131.0, 218.0, 185.0, 174.0]",10.572450637817383,-0.5,-86.36334228515625,0.000568389892578125,-216.45556640625
1750930296.2166822,-1.0,0.0,"[174.0, 185.0, 139.0, 108.0, 98.0, 105.0, 131.0, 217.0, 185.0, 174.0]",10.329174995422363,-0.5,-86.36175537109375,0.000568389892578125,-216.662109375
1750930296.2462702,-1.0,0.0,"[174.0, 185.0, 136.0, 106.0, 97.0, 105.0, 132.0, 215.0, 185.0, 174.0]",10.07707405090332,-0.5,-86.35598754882812,0.000568389892578125,-216.86358642578125
1750930296.2586994,-1.0,0.0,"[174.0, 185.0, 133.0, 104.0, 96.0, 104.0, 132.0, 215.0, 185.0, 174.0]",9.828144073486328,-0.5,-86.34622192382812,0.000568389892578125,-217.05990600585938
1750930296.2709074,-1.0,0.0,"[174.0, 185.0, 130.0, 102.0, 95.0, 104.0, 133.0, 214.0, 185.0, 174.0]",9.57910442352295,-0.5,-86.33285522460938,0.000568389892578125,-217.25103759765625
1750930296.2991822,-1.0,0.0,"[174.0, 185.0, 127.0, 100.0, 95.0, 104.0, 133.0, 213.0, 185.0, 174.0]",9.330921173095703,-0.5,-86.316162109375,0.000568389892578125,-217.4368896484375
1750930296.310884,-1.0,0.0,"[174.0, 185.0, 123.0, 99.0, 94.0, 104.0, 141.0, 212.0, 185.0, 174.0]",9.083240509033203,-0.5,-86.29641723632812,0.000568389892578125,-217.61749267578125
1750930296.3391075,-1.0,0.0,"[174.0, 185.0, 120.0, 96.0, 94.0, 104.0, 171.0, 211.0, 185.0, 174.0]",8.836165428161621,-0.5,-86.27389526367188,0.000568389892578125,-217.79275512695312
1750930296.35066,-1.0,0.0,"[174.0, 185.0, 117.0, 95.0, 93.0, 104.0, 171.0, 211.0, 185.0, 174.0]",8.589637756347656,-0.5,-86.24893188476562,0.000568389892578125,-217.96270751953125
1750930296.378812,-1.0,0.0,"[174.0, 178.0, 114.0, 94.0, 93.0, 104.0, 173.0, 209.0, 185.0, 174.0]",8.34364128112793,-0.5,-86.22177124023438,0.000568389892578125,-218.12738037109375
1750930296.3904977,-1.0,0.0,"[174.0, 172.0, 111.0, 94.0, 93.0, 104.0, 173.0, 209.0, 185.0, 174.0]",8.098187446594238,-0.5,-86.19265747070312,0.0005702972412109375,-218.28668212890625
1750930296.4183443,-1.0,0.0,"[174.0, 167.0, 109.0, 93.0, 93.0, 104.0, 173.0, 209.0, 185.0, 174.0]",7.853254795074463,-0.5,-86.16183471679688,0.0005702972412109375,-218.44073486328125
1750930296.4301622,-1.0,0.0,"[174.0, 161.0, 106.0, 93.0, 92.0, 104.0, 173.0, 207.0, 185.0, 174.0]",7.608822822570801,-0.5,-86.12960815429688,0.0005702972412109375,-218.58944702148438
1750930296.4572785,-1.0,0.0,"[174.0, 155.0, 105.0, 92.0, 92.0, 104.0, 173.0, 207.0, 185.0, 174.0]",7.364887237548828,-0.5,-86.09613037109375,0.0005702972412109375,-218.73291015625
1750930296.4764931,-1.0,0.0,"[174.0, 150.0, 104.0, 92.0, 92.0, 105.0, 173.0, 206.0, 185.0, 174.0]",7.121419906616211,-0.5,-86.06167602539062,0.0005702972412109375,-218.87109375
1750930296.5041368,-1.0,0.0,"[174.0, 147.0, 103.0, 92.0, 92.0, 105.0, 173.0, 205.0, 185.0, 174.0]",6.878451824188232,-0.5,-86.02645874023438,0.0005702972412109375,-219.00408935546875
1750930296.5151165,-1.0,0.0,"[174.0, 141.0, 103.0, 91.0, 92.0, 105.0, 173.0, 204.0, 185.0, 174.0]",6.635936737060547,-0.5,-85.99069213867188,0.0005702972412109375,-219.13189697265625
1750930296.5427413,-1.0,0.0,"[174.0, 137.0, 102.0, 91.0, 92.0, 106.0, 173.0, 203.0, 185.0, 174.0]",6.393894195556641,-0.5,-85.95455932617188,0.0005702972412109375,-219.25454711914062
1750930296.554529,-1.0,0.0,"[174.0, 134.0, 102.0, 91.0, 92.0, 106.0, 173.0, 203.0, 185.0, 174.0]",6.152310371398926,-0.5,-85.91824340820312,0.0005702972412109375,-219.37213134765625
1750930296.5821707,-1.0,0.5,"[174.0, 132.0, 102.0, 91.0, 92.0, 106.0, 173.0, 201.0, 185.0, 174.0]",5.911171913146973,-0.5,-85.8819580078125,0.00057220458984375,-219.484619140625
1750930296.5938993,-1.0,0.5,"[174.0, 132.0, 100.0, 91.0, 92.0, 107.0, 173.0, 201.0, 185.0, 174.0]",5.670481204986572,-0.5,-85.8458251953125,0.00057220458984375,-219.59213256835938
1750930296.6218162,-1.0,0.5,"[174.0, 130.0, 100.0, 91.0, 92.0, 108.0, 164.0, 200.0, 185.0, 174.0]",5.9866533279418945,-0.5,-85.80642700195312,0.00057220458984375,-219.7052001953125
1750930296.6335304,-1.0,0.5,"[174.0, 129.0, 100.0, 91.0, 93.0, 110.0, 164.0, 200.0, 185.0, 174.0]",5.6846771240234375,-0.5,-85.76751708984375,0.00057220458984375,-219.81201171875
1750930296.6614904,-1.0,0.5,"[174.0, 129.0, 100.0, 91.0, 93.0, 118.0, 163.0, 198.0, 185.0, 174.0]",5.9760422706604,-0.5,-85.72555541992188,0.00057220458984375,-219.9239501953125
1750930296.6735082,-1.0,0.5,"[174.0, 128.0, 99.0, 91.0, 93.0, 126.0, 163.0, 198.0, 185.0, 174.0]",6.013051986694336,-0.5,-85.68161010742188,0.00057220458984375,-220.035888671875
1750930296.7022586,-1.0,0.5,"[174.0, 127.0, 99.0, 91.0, 94.0, 135.0, 162.0, 197.0, 185.0, 174.0]",6.180032253265381,-0.5,-85.63662719726562,0.00057220458984375,-220.1510009765625
1750930296.7136247,-1.0,0.5,"[174.0, 126.0, 99.0, 91.0, 93.0, 151.0, 162.0, 197.0, 185.0, 174.0]",6.1789398193359375,-0.5,-85.58676147460938,0.0005702972412109375,-220.26406860351562
1750930296.7427077,-1.0,0.5,"[174.0, 126.0, 99.0, 91.0, 94.0, 151.0, 161.0, 195.0, 185.0, 174.0]",6.209558486938477,-0.5,-85.54104614257812,0.0005702972412109375,-220.37954711914062
1750930296.7554693,-1.0,0.5,"[174.0, 124.0, 99.0, 91.0, 94.0, 151.0, 161.0, 195.0, 185.0, 174.0]",6.258924961090088,-0.5,-85.48455810546875,0.0005702972412109375,-220.49124145507812
1750930296.7845435,-1.0,0.5,"[174.0, 124.0, 99.0, 91.0, 95.0, 152.0, 160.0, 193.0, 185.0, 174.0]",6.2385334968566895,-0.5,-85.43756103515625,0.0005702972412109375,-220.6068115234375
1750930296.7967334,-1.0,0.5,"[174.0, 123.0, 99.0, 91.0, 95.0, 152.0, 160.0, 193.0, 185.0, 174.0]",6.4777679443359375,-0.5,-85.37796020507812,0.0005702972412109375,-220.72186279296875
1750930296.8250601,-1.0,0.5,"[174.0, 123.0, 99.0, 92.0, 96.0, 152.0, 159.0, 192.0, 185.0, 174.0]",6.326143264770508,-0.5,-85.32562255859375,0.0005702972412109375,-220.8370361328125
1750930296.837825,-1.0,0.5,"[174.0, 123.0, 99.0, 92.0, 96.0, 152.0, 159.0, 192.0, 185.0, 174.0]",6.584071636199951,-0.5,-85.2611083984375,0.0005702972412109375,-220.95184326171875
1750930296.8577464,-1.0,0.5,"[174.0, 123.0, 99.0, 93.0, 100.0, 152.0, 158.0, 190.0, 185.0, 174.0]",6.452596664428711,-0.5,-85.20504760742188,0.000568389892578125,-221.06808471679688
1750930296.8788118,-1.0,0.5,"[174.0, 123.0, 99.0, 93.0, 102.0, 152.0, 158.0, 189.0, 185.0, 174.0]",6.701111316680908,-0.5,-85.135986328125,0.000568389892578125,-221.18292236328125
1750930296.8910835,-1.0,0.5,"[174.0, 123.0, 100.0, 93.0, 108.0, 152.0, 158.0, 189.0, 185.0, 174.0]",6.578333377838135,-0.5,-85.07601928710938,0.000568389892578125,-221.300048828125
1750930296.9207122,-1.0,0.5,"[174.0, 123.0, 100.0, 93.0, 111.0, 152.0, 156.0, 187.0, 185.0, 174.0]",6.790402412414551,-0.5,-85.00320434570312,0.000568389892578125,-221.4146728515625
1750930296.933648,-1.0,0.5,"[174.0, 123.0, 100.0, 94.0, 117.0, 152.0, 156.0, 186.0, 185.0, 174.0]",6.637650966644287,-0.5,-84.93930053710938,0.000568389892578125,-221.53103637695312
1750930296.9643786,-1.0,0.5,"[174.0, 123.0, 100.0, 95.0, 119.0, 152.0, 155.0, 186.0, 185.0, 174.0]",6.870174407958984,-0.5,-84.86276245117188,0.000568389892578125,-221.6451416015625
1750930296.9786532,-1.0,0.5,"[174.0, 124.0, 102.0, 96.0, 124.0, 152.0, 155.0, 184.0, 185.0, 174.0]",6.7752685546875,-0.5,-84.79440307617188,0.000568389892578125,-221.76214599609375
1750930296.9923992,-1.0,0.5,"[174.0, 124.0, 102.0, 97.0, 128.0, 152.0, 154.0, 184.0, 185.0, 174.0]",6.967193126678467,-0.5,-84.71383666992188,0.0005664825439453125,-221.8758544921875
1750930297.0263188,-1.0,0.5,"[174.0, 126.0, 103.0, 102.0, 150.0, 152.0, 154.0, 183.0, 185.0, 174.0]",6.843328475952148,-0.5,-84.64187622070312,0.0005664825439453125,-221.99227905273438
1750930297.0404453,-1.0,0.5,"[174.0, 126.0, 103.0, 105.0, 150.0, 145.0, 153.0, 181.0, 185.0, 174.0]",7.010830402374268,-0.5,-84.55844116210938,0.0005664825439453125,-222.10494995117188
1750930297.0538688,-1.0,0.5,"[174.0, 127.0, 105.0, 109.0, 150.0, 144.0, 152.0, 180.0, 185.0, 174.0]",6.944024562835693,-0.5,-84.48138427734375,0.0005664825439453125,-222.22048950195312
1750930297.0877585,-1.0,0.5,"[174.0, 127.0, 106.0, 113.0, 150.0, 143.0, 152.0, 179.0, 185.0, 174.0]",7.134058475494385,-0.5,-84.3934326171875,0.0005664825439453125,-222.33285522460938
1750930297.1024215,-1.0,0.5,"[174.0, 129.0, 107.0, 117.0, 150.0, 142.0, 151.0, 178.0, 185.0, 174.0]",6.987020492553711,-0.5,-84.31228637695312,0.0005664825439453125,-222.44662475585938
1750930297.1161108,-1.0,0.5,"[174.0, 129.0, 111.0, 119.0, 150.0, 142.0, 149.0, 177.0, 185.0, 174.0]",7.0478010177612305,-0.5,-84.22259521484375,0.0005664825439453125,-222.55535888671875
1750930297.1527467,-1.0,0.5,"[174.0, 131.0, 115.0, 123.0, 151.0, 141.0, 148.0, 176.0, 185.0, 174.0]",6.951381683349609,-0.5,-84.13836669921875,0.0005664825439453125,-222.66595458984375
1750930297.1682563,-1.0,0.5,"[174.0, 132.0, 119.0, 126.0, 151.0, 140.0, 148.0, 175.0, 185.0, 174.0]",7.222258567810059,-0.5,-84.04348754882812,0.000568389892578125,-222.77487182617188
1750930297.183146,-1.0,0.5,"[174.0, 133.0, 123.0, 130.0, 151.0, 140.0, 147.0, 173.0, 185.0, 174.0]",7.20692253112793,-0.5,-83.95208740234375,0.000568389892578125,-222.8863525390625
1750930297.1983347,-1.0,0.5,"[174.0, 135.0, 126.0, 133.0, 151.0, 139.0, 146.0, 172.0, 185.0, 174.0]",7.283112525939941,-0.5,-83.85470581054688,0.000568389892578125,-222.99468994140625
1750930297.214114,-1.0,0.5,"[174.0, 140.0, 130.0, 137.0, 151.0, 138.0, 145.0, 172.0, 185.0, 174.0]",7.166884422302246,-0.5,-83.759033203125,0.000568389892578125,-223.10140991210938
1750930297.253076,-1.0,0.5,"[174.0, 145.0, 134.0, 166.0, 151.0, 138.0, 144.0, 170.0, 185.0, 174.0]",7.312713146209717,-0.5,-83.6595458984375,0.000568389892578125,-223.2086181640625
1750930297.2690134,-1.0,0.5,"[174.0, 150.0, 138.0, 167.0, 151.0, 137.0, 143.0, 169.0, 185.0, 174.0]",7.250880718231201,-0.5,-83.5596923828125,0.000568389892578125,-223.31378173828125
1750930297.284705,-1.0,0.5,"[174.0, 155.0, 141.0, 167.0, 151.0, 137.0, 142.0, 167.0, 185.0, 174.0]",7.549121856689453,-0.5,-83.45233154296875,0.000568389892578125,-223.419921875
1750930297.3001006,-1.0,0.5,"[174.0, 161.0, 146.0, 167.0, 151.0, 136.0, 140.0, 165.0, 185.0, 174.0]",7.475660800933838,-0.5,-83.34698486328125,0.000568389892578125,-223.5260009765625
1750930297.3153212,-1.0,0.5,"[174.0, 166.0, 150.0, 167.0, 151.0, 135.0, 140.0, 164.0, 185.0, 174.0]",7.580327033996582,-0.5,-83.23638916015625,0.000568389892578125,-223.62969970703125
1750930297.354317,0.0,0.5,"[174.0, 172.0, 153.0, 167.0, 151.0, 134.0, 138.0, 163.0, 185.0, 174.0]",7.559452533721924,-0.5,-83.12619018554688,0.000568389892578125,-223.73321533203125
1750930297.370001,0.0,0.5,"[174.0, 173.0, 155.0, 167.0, 151.0, 134.0, 138.0, 162.0, 185.0, 174.0]",7.55810546875,0.0,-83.02532958984375,0.000568389892578125,-223.8458251953125
1750930297.3851771,0.0,0.5,"[174.0, 174.0, 155.0, 167.0, 151.0, 134.0, 138.0, 162.0, 185.0, 174.0]",7.603020668029785,0.0,-82.93582153320312,0.000568389892578125,-223.96875
1750930297.400898,0.0,0.5,"[174.0, 176.0, 156.0, 167.0, 151.0, 134.0, 138.0, 161.0, 185.0, 174.0]",7.716648101806641,0.0,-82.8385009765625,0.000568389892578125,-224.08853149414062
1750930297.4160266,0.0,0.5,"[174.0, 178.0, 156.0, 167.0, 151.0, 133.0, 137.0, 161.0, 185.0, 174.0]",7.737448215484619,0.0,-82.74411010742188,0.000568389892578125,-224.21115112304688
1750930297.4543974,1.0,0.5,"[174.0, 179.0, 158.0, 167.0, 142.0, 133.0, 137.0, 160.0, 185.0, 174.0]",7.837072849273682,0.0,-82.64703369140625,0.000568389892578125,-224.334228515625
1750930297.4700708,1.0,0.5,"[174.0, 178.0, 156.0, 167.0, 151.0, 133.0, 137.0, 161.0, 185.0, 174.0]",7.6548542976379395,0.5,-82.56488037109375,0.000568389892578125,-224.46340942382812
1750930297.4853494,1.0,0.5,"[174.0, 173.0, 153.0, 167.0, 151.0, 134.0, 138.0, 161.0, 185.0, 174.0]",7.428679466247559,0.5,-82.50216674804688,0.000568389892578125,-224.59808349609375
1750930297.5011969,1.0,0.5,"[174.0, 171.0, 151.0, 166.0, 151.0, 134.0, 138.0, 162.0, 185.0, 174.0]",7.756642818450928,0.5,-82.43035888671875,0.000568389892578125,-224.735595703125
1750930297.5161679,1.0,0.5,"[174.0, 168.0, 149.0, 166.0, 151.0, 134.0, 139.0, 162.0, 185.0, 174.0]",7.632761001586914,0.5,-82.36648559570312,0.000568389892578125,-224.874267578125
1750930297.5439832,1.0,0.5,"[174.0, 165.0, 146.0, 166.0, 150.0, 135.0, 140.0, 163.0, 185.0, 174.0]",7.666683673858643,0.5,-82.30169677734375,0.000568389892578125,-225.01324462890625
1750930297.5591576,1.0,0.5,"[174.0, 163.0, 144.0, 166.0, 150.0, 135.0, 140.0, 164.0, 185.0, 174.0]",7.506923675537109,0.5,-82.24240112304688,0.000568389892578125,-225.15118408203125
1750930297.5740027,1.0,0.5,"[174.0, 160.0, 142.0, 164.0, 150.0, 135.0, 141.0, 164.0, 185.0, 174.0]",7.600408554077148,0.5,-82.18215942382812,0.000568389892578125,-225.29074096679688
1750930297.6106677,1.0,0.5,"[174.0, 156.0, 139.0, 163.0, 150.0, 136.0, 142.0, 165.0, 185.0, 174.0]",7.770246505737305,0.5,-82.125244140625,0.000568389892578125,-225.43536376953125
1750930297.6258845,1.0,0.5,"[174.0, 153.0, 137.0, 163.0, 150.0, 136.0, 143.0, 166.0, 185.0, 174.0]",7.666435241699219,0.5,-82.06903076171875,0.000568389892578125,-225.5780029296875
1750930297.6402888,1.0,0.5,"[174.0, 150.0, 133.0, 162.0, 150.0, 137.0, 144.0, 167.0, 185.0, 174.0]",7.802786350250244,0.5,-82.01593017578125,0.000568389892578125,-225.7247314453125
1750930297.654446,1.0,0.5,"[174.0, 147.0, 131.0, 162.0, 149.0, 137.0, 144.0, 167.0, 185.0, 174.0]",8.048832893371582,0.5,-81.96343994140625,0.000568389892578125,-225.87692260742188
1750930297.6877196,1.0,0.5,"[174.0, 143.0, 128.0, 161.0, 149.0, 138.0, 144.0, 169.0, 185.0, 174.0]",7.932114124298096,0.5,-81.91314697265625,0.000568389892578125,-226.02740478515625
1750930297.7011647,1.0,0.5,"[174.0, 139.0, 125.0, 160.0, 149.0, 139.0, 145.0, 170.0, 185.0, 174.0]",8.077225685119629,0.5,-81.86557006835938,0.000568389892578125,-226.1817626953125
1750930297.7148378,1.0,0.5,"[174.0, 135.0, 122.0, 156.0, 148.0, 139.0, 145.0, 171.0, 185.0, 174.0]",7.959404468536377,0.5,-81.8197021484375,0.000568389892578125,-226.33419799804688
1750930297.7467492,0.0,0.5,"[170.0, 131.0, 119.0, 153.0, 148.0, 151.0, 146.0, 172.0, 185.0, 174.0]",8.262112617492676,0.5,-81.7764892578125,0.000568389892578125,-226.49368286132812
1750930297.759148,0.0,0.5,"[168.0, 130.0, 119.0, 153.0, 148.0, 150.0, 146.0, 172.0, 185.0, 174.0]",8.018746376037598,0.0,-81.71575927734375,0.000568389892578125,-226.64212036132812
1750930297.7722986,0.0,0.5,"[170.0, 132.0, 119.0, 154.0, 148.0, 150.0, 145.0, 172.0, 185.0, 174.0]",8.158493995666504,0.0,-81.64523315429688,0.000568389892578125,-226.78927612304688
1750930297.8038697,0.0,0.5,"[169.0, 131.0, 119.0, 154.0, 148.0, 150.0, 145.0, 172.0, 185.0, 174.0]",8.018169403076172,0.0,-81.57943725585938,0.000568389892578125,-226.93551635742188
1750930297.8166933,0.0,0.5,"[170.0, 132.0, 119.0, 155.0, 148.0, 150.0, 145.0, 171.0, 185.0, 174.0]",8.270355224609375,0.0,-81.51025390625,0.000568389892578125,-227.08575439453125
1750930297.8501816,0.0,0.5,"[170.0, 132.0, 119.0, 155.0, 148.0, 150.0, 145.0, 171.0, 185.0, 174.0]",8.308093070983887,0.0,-81.44107055664062,0.000568389892578125,-227.23681640625
1750930297.8635278,0.0,0.5,"[170.0, 132.0, 119.0, 155.0, 147.0, 150.0, 144.0, 171.0, 185.0, 174.0]",8.40540885925293,0.0,-81.37103271484375,0.000568389892578125,-227.3896484375
1750930297.876721,0.0,0.5,"[171.0, 132.0, 119.0, 157.0, 147.0, 150.0, 144.0, 170.0, 185.0, 174.0]",8.278438568115234,0.0,-81.30233764648438,0.000568389892578125,-227.540283203125
1750930297.9082663,0.0,0.5,"[171.0, 132.0, 121.0, 157.0, 147.0, 150.0, 144.0, 170.0, 185.0, 174.0]",8.259370803833008,0.0,-81.23321533203125,0.000568389892578125,-227.6903076171875
1750930297.9210386,0.0,0.5,"[172.0, 132.0, 125.0, 158.0, 147.0, 150.0, 144.0, 170.0, 185.0, 174.0]",8.41499137878418,0.0,-81.16363525390625,0.000568389892578125,-227.84356689453125
1750930297.9340947,0.0,0.5,"[172.0, 132.0, 128.0, 158.0, 147.0, 150.0, 143.0, 170.0, 185.0, 174.0]",8.537849426269531,0.0,-81.092041015625,0.000568389892578125,-227.99859619140625
1750930297.9653537,0.0,0.5,"[172.0, 132.0, 132.0, 158.0, 147.0, 150.0, 143.0, 170.0, 185.0, 174.0]",8.495922088623047,0.0,-81.02163696289062,0.000568389892578125,-228.15322875976562
1750930297.978638,0.0,0.5,"[172.0, 132.0, 134.0, 158.0, 147.0, 150.0, 143.0, 170.0, 185.0, 174.0]",8.464433670043945,0.0,-80.951171875,0.000568389892578125,-228.30715942382812
1750930297.9917347,0.0,0.5,"[172.0, 132.0, 137.0, 158.0, 147.0, 150.0, 143.0, 169.0, 185.0, 174.0]",8.755187034606934,0.0,-80.87844848632812,0.000568389892578125,-228.4664306640625
1750930298.0228674,0.0,0.5,"[173.0, 133.0, 141.0, 158.0, 147.0, 150.0, 141.0, 169.0, 185.0, 174.0]",8.620195388793945,0.0,-80.80673217773438,0.000568389892578125,-228.62322998046875
1750930298.0353887,0.0,0.5,"[173.0, 133.0, 143.0, 158.0, 147.0, 150.0, 141.0, 169.0, 185.0, 174.0]",8.755605697631836,0.0,-80.73361206054688,0.000568389892578125,-228.7823486328125
1750930298.0662487,0.0,0.5,"[174.0, 137.0, 146.0, 158.0, 147.0, 149.0, 141.0, 169.0, 185.0, 174.0]",8.900375366210938,0.0,-80.65969848632812,0.000568389892578125,-228.94427490234375
1750930298.078958,0.0,0.5,"[174.0, 141.0, 147.0, 158.0, 147.0, 149.0, 141.0, 167.0, 185.0, 174.0]",8.764310836791992,0.0,-80.5865478515625,0.000568389892578125,-229.10357666015625
1750930298.0919292,0.0,0.5,"[174.0, 146.0, 150.0, 158.0, 147.0, 149.0, 140.0, 167.0, 185.0, 174.0]",8.915063858032227,0.0,-80.51254272460938,0.000568389892578125,-229.26580810546875
1750930298.1234727,0.0,0.5,"[174.0, 149.0, 153.0, 158.0, 146.0, 149.0, 140.0, 167.0, 185.0, 174.0]",9.116427421569824,0.0,-80.43643188476562,0.000568389892578125,-229.43145751953125
1750930298.136772,0.0,0.5,"[174.0, 153.0, 155.0, 158.0, 146.0, 149.0, 140.0, 165.0, 185.0, 174.0]",9.01595401763916,0.0,-80.36151123046875,0.000568389892578125,-229.59548950195312
1750930298.1698282,0.0,0.5,"[174.0, 155.0, 156.0, 158.0, 146.0, 149.0, 139.0, 165.0, 185.0, 174.0]",9.159342765808105,0.0,-80.28494262695312,0.000568389892578125,-229.76190185546875
1750930298.1836073,0.0,0.5,"[174.0, 160.0, 159.0, 158.0, 146.0, 149.0, 139.0, 164.0, 185.0, 174.0]",9.08574104309082,0.0,-80.20965576171875,0.000568389892578125,-229.92730712890625
1750930298.1975665,0.0,0.5,"[174.0, 163.0, 160.0, 157.0, 146.0, 149.0, 139.0, 164.0, 185.0, 174.0]",9.073150634765625,0.0,-80.13372802734375,0.000568389892578125,-230.09210205078125
1750930298.2205377,0.0,0.5,"[174.0, 167.0, 162.0, 158.0, 146.0, 149.0, 138.0, 164.0, 185.0, 174.0]",9.034378051757812,0.0,-80.05923461914062,0.000568389892578125,-230.25674438476562
1750930298.2333949,0.0,0.5,"[174.0, 170.0, 163.0, 157.0, 146.0, 149.0, 138.0, 162.0, 185.0, 174.0]",9.408260345458984,0.0,-79.98037719726562,0.000568389892578125,-230.42758178710938
1750930298.264895,0.0,0.5,"[174.0, 173.0, 164.0, 157.0, 146.0, 149.0, 138.0, 162.0, 185.0, 174.0]",9.271628379821777,0.0,-79.9033203125,0.000568389892578125,-230.59625244140625
1750930298.277397,0.0,0.5,"[174.0, 177.0, 165.0, 157.0, 146.0, 148.0, 137.0, 162.0, 185.0, 174.0]",9.36391830444336,0.0,-79.82559204101562,0.000568389892578125,-230.7666015625
1750930298.2996356,0.0,0.5,"[174.0, 180.0, 166.0, 156.0, 146.0, 148.0, 137.0, 161.0, 185.0, 174.0]",9.375775337219238,0.0,-79.747314453125,0.000568389892578125,-230.93701171875
1750930298.3126864,0.0,0.5,"[174.0, 182.0, 167.0, 156.0, 145.0, 148.0, 136.0, 160.0, 185.0, 174.0]",9.588951110839844,0.0,-79.66738891601562,0.000568389892578125,-231.111328125
1750930298.3443396,0.0,0.5,"[174.0, 185.0, 168.0, 156.0, 145.0, 148.0, 136.0, 159.0, 185.0, 174.0]",9.613210678100586,0.0,-79.58743286132812,0.000568389892578125,-231.28619384765625
1750930298.3575926,0.0,0.5,"[174.0, 185.0, 169.0, 156.0, 145.0, 148.0, 136.0, 159.0, 185.0, 174.0]",9.659099578857422,0.0,-79.50698852539062,0.000568389892578125,-231.46185302734375
1750930298.3796043,0.0,0.5,"[174.0, 185.0, 170.0, 156.0, 145.0, 148.0, 134.0, 158.0, 185.0, 174.0]",9.730325698852539,0.0,-79.42605590820312,0.000568389892578125,-231.6387939453125
1750930298.3927066,0.0,0.5,"[174.0, 185.0, 171.0, 156.0, 145.0, 148.0, 134.0, 158.0, 185.0, 174.0]",9.781194686889648,0.0,-79.3447265625,0.000568389892578125,-231.81671142578125
1750930298.4241183,1.0,0.5,"[174.0, 185.0, 172.0, 156.0, 145.0, 148.0, 134.0, 156.0, 185.0, 174.0]",9.827826499938965,0.0,-79.26290893554688,0.000568389892578125,-231.99542236328125
1750930298.4365082,1.0,0.5,"[174.0, 185.0, 170.0, 155.0, 145.0, 148.0, 134.0, 156.0, 185.0, 174.0]",9.583200454711914,0.5,-79.19845581054688,0.000568389892578125,-232.17593383789062
1750930298.464998,1.0,0.5,"[174.0, 185.0, 168.0, 155.0, 144.0, 147.0, 136.0, 158.0, 185.0, 174.0]",9.433870315551758,0.5,-79.15176391601562,0.000568389892578125,-232.35873413085938
1750930298.476562,1.0,0.5,"[174.0, 185.0, 165.0, 154.0, 143.0, 147.0, 136.0, 158.0, 185.0, 174.0]",9.493067741394043,0.5,-79.11007690429688,0.000568389892578125,-232.5439453125
1750930298.5035884,0.0,0.5,"[174.0, 185.0, 162.0, 153.0, 143.0, 147.0, 137.0, 159.0, 185.0, 174.0]",9.601030349731445,0.5,-79.07135009765625,0.0005702972412109375,-232.7320556640625
1750930298.5139918,0.0,0.5,"[174.0, 185.0, 162.0, 152.0, 143.0, 146.0, 137.0, 158.0, 185.0, 174.0]",9.572334289550781,0.0,-79.01748657226562,0.0005702972412109375,-232.915771484375
1750930298.5392747,0.0,0.5,"[174.0, 185.0, 163.0, 152.0, 143.0, 146.0, 168.0, 158.0, 185.0, 174.0]",9.550450325012207,0.0,-78.94757080078125,0.0005702972412109375,-233.093505859375
1750930298.549227,0.0,0.5,"[174.0, 185.0, 164.0, 152.0, 142.0, 146.0, 168.0, 158.0, 185.0, 174.0]",9.466301918029785,0.0,-78.88253784179688,0.0005702972412109375,-233.27130126953125
1750930298.5805678,0.0,0.5,"[174.0, 185.0, 164.0, 152.0, 142.0, 146.0, 168.0, 156.0, 185.0, 174.0]",9.555264472961426,0.0,-78.81619262695312,0.0005702972412109375,-233.4505615234375
1750930298.5917096,0.0,0.5,"[174.0, 185.0, 165.0, 152.0, 142.0, 146.0, 168.0, 156.0, 185.0, 174.0]",9.582898139953613,0.0,-78.74942016601562,0.0005702972412109375,-233.63018798828125
1750930298.616537,1.0,0.5,"[174.0, 185.0, 165.0, 152.0, 142.0, 146.0, 168.0, 155.0, 185.0, 174.0]",9.788691520690918,0.0,-78.68130493164062,0.0005702972412109375,-233.813720703125
1750930298.6415346,1.0,0.5,"[174.0, 185.0, 164.0, 151.0, 142.0, 146.0, 168.0, 155.0, 185.0, 174.0]",9.386967658996582,0.5,-78.63235473632812,0.0005702972412109375,-233.9949951171875
1750930298.6519895,1.0,0.5,"[174.0, 185.0, 162.0, 149.0, 141.0, 145.0, 167.0, 158.0, 185.0, 174.0]",9.439242362976074,0.5,-78.60055541992188,0.0005702972412109375,-234.18109130859375
1750930298.6771536,0.0,0.5,"[174.0, 185.0, 159.0, 148.0, 140.0, 145.0, 167.0, 159.0, 185.0, 174.0]",9.386517524719238,0.5,-78.57406616210938,0.0005702972412109375,-234.366943359375
1750930298.7015479,0.0,0.5,"[174.0, 185.0, 159.0, 148.0, 140.0, 145.0, 167.0, 158.0, 185.0, 174.0]",9.391743659973145,0.0,-78.52951049804688,0.0005702972412109375,-234.54937744140625
1750930298.7117743,0.0,0.5,"[174.0, 185.0, 159.0, 148.0, 140.0, 145.0, 166.0, 158.0, 185.0, 174.0]",9.527567863464355,0.0,-78.47036743164062,0.0005702972412109375,-234.73052978515625
1750930298.7372217,0.0,0.5,"[174.0, 185.0, 160.0, 147.0, 140.0, 144.0, 166.0, 158.0, 185.0, 174.0]",9.453754425048828,0.0,-78.41506958007812,0.0005702972412109375,-234.91131591796875
1750930298.7559881,0.0,0.5,"[174.0, 185.0, 161.0, 147.0, 140.0, 144.0, 166.0, 156.0, 185.0, 174.0]",9.669174194335938,0.0,-78.35806274414062,0.0005702972412109375,-235.09613037109375
1750930298.7830434,0.0,0.5,"[174.0, 185.0, 161.0, 147.0, 139.0, 144.0, 166.0, 156.0, 185.0, 174.0]",9.634212493896484,0.0,-78.30096435546875,0.0005702972412109375,-235.2801513671875
1750930298.7947912,1.0,0.5,"[174.0, 185.0, 162.0, 147.0, 139.0, 144.0, 166.0, 155.0, 185.0, 174.0]",9.766475677490234,0.0,-78.24337768554688,0.0005702972412109375,-235.466796875
1750930298.821007,1.0,0.5,"[174.0, 185.0, 161.0, 146.0, 139.0, 144.0, 164.0, 166.0, 185.0, 174.0]",9.390195846557617,0.5,-78.20217895507812,0.0005702972412109375,-235.6500244140625
1750930298.8322747,1.0,0.5,"[174.0, 185.0, 158.0, 145.0, 138.0, 143.0, 164.0, 185.0, 185.0, 174.0]",9.393413543701172,0.5,-78.1810302734375,0.0005702972412109375,-235.83670043945312
1750930298.860061,0.0,0.5,"[174.0, 185.0, 155.0, 144.0, 137.0, 143.0, 164.0, 225.0, 185.0, 174.0]",9.43359661102295,0.5,-78.16323852539062,0.0005702972412109375,-236.0245361328125
1750930298.8716621,0.0,0.5,"[174.0, 185.0, 155.0, 144.0, 137.0, 142.0, 163.0, 225.0, 185.0, 174.0]",9.383596420288086,0.0,-78.12982177734375,0.0005702972412109375,-236.209228515625
1750930298.898718,0.0,0.5,"[174.0, 185.0, 155.0, 143.0, 137.0, 142.0, 163.0, 225.0, 185.0, 174.0]",9.353279113769531,0.0,-78.08163452148438,0.0005702972412109375,-236.38995361328125
1750930298.9101083,0.0,0.5,"[174.0, 185.0, 156.0, 143.0, 136.0, 142.0, 163.0, 225.0, 185.0, 174.0]",9.318081855773926,0.0,-78.03677368164062,0.0005702972412109375,-236.57086181640625
1750930298.9369228,0.0,0.5,"[174.0, 185.0, 156.0, 143.0, 136.0, 142.0, 163.0, 223.0, 185.0, 174.0]",9.467588424682617,0.0,-77.99063110351562,0.0005702972412109375,-236.7545166015625
1750930298.9637651,-1.0,0.5,"[174.0, 185.0, 156.0, 143.0, 136.0, 142.0, 163.0, 223.0, 185.0, 174.0]",9.50772476196289,0.0,-77.94461059570312,0.0005702972412109375,-236.93899536132812
1750930298.9751303,-1.0,0.5,"[174.0, 185.0, 159.0, 143.0, 136.0, 142.0, 163.0, 223.0, 185.0, 174.0]",9.274443626403809,-0.5,-77.88162231445312,0.0005702972412109375,-237.11346435546875
1750930299.0008628,-1.0,0.5,"[174.0, 185.0, 162.0, 144.0, 136.0, 142.0, 163.0, 225.0, 185.0, 174.0]",9.240079879760742,-0.5,-77.80404663085938,0.0005702972412109375,-237.28118896484375
1750930299.0117033,-1.0,0.5,"[174.0, 185.0, 165.0, 144.0, 136.0, 142.0, 163.0, 225.0, 185.0, 174.0]",9.229996681213379,-0.5,-77.72195434570312,0.0005702972412109375,-237.446533203125
1750930299.03622,-1.0,0.5,"[174.0, 185.0, 169.0, 145.0, 136.0, 142.0, 163.0, 226.0, 185.0, 174.0]",9.394468307495117,-0.5,-77.637451171875,0.0005702972412109375,-237.61434936523438
1750930299.0608213,-1.0,0.5,"[174.0, 185.0, 172.0, 146.0, 137.0, 142.0, 163.0, 226.0, 185.0, 174.0]",9.42398738861084,-0.5,-77.54827880859375,0.0005702972412109375,-237.7803955078125
1750930299.0713956,-1.0,0.5,"[174.0, 185.0, 173.0, 147.0, 137.0, 142.0, 163.0, 226.0, 185.0, 174.0]",9.393409729003906,-0.5,-77.45632934570312,0.0005702972412109375,-237.94424438476562
1750930299.0953093,0.0,0.5,"[174.0, 185.0, 173.0, 147.0, 137.0, 142.0, 164.0, 227.0, 185.0, 174.0]",9.640439987182617,-0.5,-77.35928344726562,0.0005702972412109375,-238.11083984375
1750930299.1212769,0.0,0.5,"[174.0, 185.0, 173.0, 147.0, 137.0, 142.0, 164.0, 227.0, 183.0, 174.0]",9.41217041015625,0.0,-77.28091430664062,0.0005702972412109375,-238.28201293945312
1750930299.1313713,0.0,0.5,"[174.0, 185.0, 173.0, 147.0, 137.0, 142.0, 163.0, 227.0, 185.0, 174.0]",9.461499214172363,0.0,-77.21383666992188,0.0005702972412109375,-238.45892333984375
1750930299.1554337,0.0,0.5,"[174.0, 185.0, 173.0, 147.0, 137.0, 141.0, 163.0, 226.0, 185.0, 174.0]",9.3935546875,0.0,-77.144287109375,0.0005702972412109375,-238.63348388671875
1750930299.1794791,0.0,0.5,"[174.0, 185.0, 173.0, 146.0, 136.0, 141.0, 163.0, 226.0, 185.0, 174.0]",9.730814933776855,0.0,-77.07284545898438,0.0005702972412109375,-238.81451416015625
1750930299.18927,0.0,0.5,"[174.0, 185.0, 172.0, 146.0, 136.0, 141.0, 163.0, 226.0, 185.0, 174.0]",9.428177833557129,0.0,-77.00350952148438,0.0005702972412109375,-238.9898681640625
1750930299.2204845,0.0,0.5,"[174.0, 185.0, 172.0, 145.0, 136.0, 141.0, 163.0, 226.0, 185.0, 174.0]",9.751669883728027,0.0,-76.931884765625,0.0005702972412109375,-239.1712646484375
1750930299.230372,0.0,0.5,"[174.0, 185.0, 172.0, 145.0, 136.0, 141.0, 162.0, 226.0, 185.0, 174.0]",9.639087677001953,0.0,-76.8612060546875,0.0005702972412109375,-239.35061645507812
1750930299.2545516,0.0,0.5,"[174.0, 185.0, 172.0, 145.0, 135.0, 140.0, 162.0, 226.0, 185.0, 174.0]",9.716545104980469,0.0,-76.78970336914062,0.0005702972412109375,-239.53131103515625
1750930299.2785404,0.0,0.5,"[174.0, 185.0, 172.0, 145.0, 135.0, 140.0, 162.0, 226.0, 185.0, 174.0]",9.629839897155762,0.0,-76.71917724609375,0.0005702972412109375,-239.71051025390625
1750930299.288561,0.0,0.5,"[174.0, 185.0, 171.0, 144.0, 135.0, 140.0, 162.0, 225.0, 185.0, 174.0]",9.946351051330566,0.0,-76.64584350585938,0.0005702972412109375,-239.89544677734375
1750930299.3196929,0.0,0.5,"[174.0, 185.0, 170.0, 144.0, 134.0, 140.0, 161.0, 225.0, 185.0, 174.0]",9.841666221618652,0.0,-76.57345581054688,0.0005702972412109375,-240.0784912109375
1750930299.3299036,0.0,0.5,"[174.0, 185.0, 170.0, 143.0, 134.0, 139.0, 161.0, 225.0, 185.0, 174.0]",10.04188060760498,0.0,-76.49990844726562,0.0005702972412109375,-240.265380859375
1750930299.3610256,0.0,0.5,"[174.0, 185.0, 170.0, 143.0, 134.0, 139.0, 161.0, 225.0, 185.0, 174.0]",10.078369140625,0.0,-76.42568969726562,0.0005702972412109375,-240.4527587890625
1750930299.3713462,0.0,0.5,"[174.0, 185.0, 170.0, 143.0, 133.0, 139.0, 161.0, 225.0, 185.0, 174.0]",10.08191204071045,0.0,-76.35153198242188,0.0005702972412109375,-240.6402587890625
1750930299.3946924,0.0,0.5,"[174.0, 185.0, 169.0, 141.0, 133.0, 138.0, 160.0, 223.0, 185.0, 174.0]",10.09533405303955,0.0,-76.27731323242188,0.0005702972412109375,-240.82806396484375
1750930299.4188166,0.0,0.5,"[174.0, 185.0, 169.0, 141.0, 133.0, 138.0, 160.0, 223.0, 185.0, 174.0]",10.107942581176758,0.0,-76.20315551757812,0.000568389892578125,-241.01611328125
1750930299.4291031,0.0,0.5,"[174.0, 185.0, 169.0, 140.0, 131.0, 138.0, 160.0, 223.0, 185.0, 174.0]",10.365228652954102,0.0,-76.12704467773438,0.000568389892578125,-241.20895385742188
1750930299.4599688,0.0,0.5,"[174.0, 185.0, 168.0, 140.0, 131.0, 138.0, 160.0, 223.0, 185.0, 174.0]",10.280385971069336,0.0,-76.05133056640625,0.000568389892578125,-241.40008544921875
1750930299.4702117,0.0,0.5,"[174.0, 185.0, 167.0, 139.0, 130.0, 137.0, 159.0, 221.0, 185.0, 174.0]",10.389430046081543,0.0,-75.97512817382812,0.0005702972412109375,-241.59341430664062
1750930299.494877,0.0,0.5,"[174.0, 185.0, 167.0, 139.0, 130.0, 137.0, 159.0, 221.0, 185.0, 174.0]",10.180109024047852,0.0,-75.90011596679688,0.0005702972412109375,-241.78271484375
1750930299.5188572,0.0,0.5,"[174.0, 185.0, 167.0, 139.0, 130.0, 137.0, 159.0, 221.0, 185.0, 174.0]",10.2783784866333,0.0,-75.82461547851562,0.0005702972412109375,-241.973876953125
1750930299.5295675,0.0,0.5,"[174.0, 185.0, 167.0, 138.0, 129.0, 136.0, 158.0, 221.0, 185.0, 174.0]",10.440047264099121,0.0,-75.74758911132812,0.0005702972412109375,-242.16796875
1750930299.5595663,0.0,0.5,"[174.0, 185.0, 166.0, 137.0, 129.0, 136.0, 158.0, 221.0, 185.0, 174.0]",10.428592681884766,0.0,-75.6710205078125,0.0005702972412109375,-242.36199951171875
1750930299.5702753,0.0,0.5,"[174.0, 185.0, 165.0, 137.0, 128.0, 135.0, 158.0, 220.0, 185.0, 174.0]",10.568364143371582,0.0,-75.59326171875,0.0005702972412109375,-242.55853271484375
1750930299.6004317,-1.0,0.5,"[174.0, 185.0, 165.0, 136.0, 128.0, 135.0, 156.0, 220.0, 185.0, 174.0]",10.613702774047852,0.0,-75.5150146484375,0.0005702972412109375,-242.755859375
1750930299.6107197,-1.0,0.5,"[174.0, 185.0, 165.0, 136.0, 128.0, 135.0, 156.0, 220.0, 185.0, 174.0]",10.329816818237305,-0.5,-75.42550659179688,0.0005702972412109375,-242.94207763671875
1750930299.6360345,-1.0,0.5,"[174.0, 185.0, 165.0, 136.0, 128.0, 135.0, 158.0, 221.0, 185.0, 174.0]",10.359049797058105,-0.5,-75.3177490234375,0.0005702972412109375,-243.1190185546875
1750930299.6626253,-1.0,0.5,"[174.0, 185.0, 165.0, 136.0, 129.0, 135.0, 158.0, 221.0, 185.0, 174.0]",10.205606460571289,-0.5,-75.2061767578125,0.0005702972412109375,-243.2899169921875
1750930299.6742928,-1.0,0.5,"[174.0, 185.0, 165.0, 137.0, 129.0, 135.0, 158.0, 223.0, 185.0, 174.0]",10.40666389465332,-0.5,-75.08746337890625,0.0005702972412109375,-243.46087646484375
1750930299.7047172,-1.0,0.5,"[174.0, 185.0, 165.0, 137.0, 130.0, 135.0, 158.0, 225.0, 185.0, 174.0]",10.233137130737305,-0.5,-74.96871948242188,0.0005702972412109375,-243.62759399414062
1750930299.7172787,-1.0,0.5,"[174.0, 185.0, 165.0, 137.0, 130.0, 135.0, 159.0, 225.0, 185.0, 174.0]",10.412220001220703,-0.5,-74.84323120117188,0.0005702972412109375,-243.79376220703125
1750930299.7394676,-1.0,0.5,"[174.0, 185.0, 165.0, 137.0, 130.0, 135.0, 159.0, 226.0, 185.0, 174.0]",10.442346572875977,-0.5,-74.71463012695312,0.0005702972412109375,-243.95831298828125
1750930299.7519956,-1.0,0.5,"[174.0, 185.0, 165.0, 138.0, 130.0, 135.0, 159.0, 227.0, 185.0, 174.0]",10.546621322631836,-0.5,-74.58041381835938,0.0005702972412109375,-244.12103271484375
1750930299.7848563,-1.0,0.5,"[174.0, 185.0, 165.0, 138.0, 130.0, 135.0, 160.0, 227.0, 185.0, 174.0]",10.473652839660645,-0.5,-74.4443359375,0.0005702972412109375,-244.28030395507812
1750930299.798407,-1.0,0.5,"[174.0, 185.0, 165.0, 139.0, 130.0, 135.0, 160.0, 227.0, 185.0, 174.0]",10.513031959533691,-0.5,-74.30374145507812,0.0005702972412109375,-244.4366455078125
1750930299.8114705,-1.0,0.5,"[174.0, 185.0, 167.0, 139.0, 130.0, 136.0, 161.0, 227.0, 185.0, 174.0]",10.636724472045898,-0.5,-74.159423828125,0.0005702972412109375,-244.59295654296875
1750930299.8445837,-1.0,0.5,"[174.0, 185.0, 167.0, 140.0, 130.0, 136.0, 161.0, 227.0, 185.0, 174.0]",10.525084495544434,-0.5,-74.011962890625,0.0005702972412109375,-244.7431640625
1750930299.858061,-1.0,0.5,"[174.0, 185.0, 167.0, 140.0, 130.0, 136.0, 162.0, 227.0, 185.0, 174.0]",10.764572143554688,-0.5,-73.85855102539062,0.0005702972412109375,-244.89422607421875
1750930299.8829517,-1.0,0.5,"[174.0, 185.0, 167.0, 141.0, 130.0, 136.0, 162.0, 227.0, 185.0, 174.0]",10.619304656982422,-0.5,-73.70431518554688,0.0005702972412109375,-245.04019165039062
1750930299.8963418,-1.0,0.5,"[174.0, 185.0, 169.0, 141.0, 130.0, 137.0, 163.0, 227.0, 185.0, 174.0]",10.747328758239746,-0.5,-73.544677734375,0.0005702972412109375,-245.18414306640625
1750930299.9311814,-1.0,0.5,"[174.0, 185.0, 169.0, 141.0, 130.0, 137.0, 163.0, 227.0, 185.0, 174.0]",10.757131576538086,-0.5,-73.38253784179688,0.0005702972412109375,-245.3255615234375
1750930299.9442759,-1.0,0.5,"[174.0, 185.0, 170.0, 141.0, 130.0, 137.0, 164.0, 227.0, 185.0, 174.0]",10.773396492004395,-0.5,-73.21585083007812,0.0005702972412109375,-245.46206665039062
1750930299.9587905,-1.0,0.5,"[174.0, 185.0, 171.0, 141.0, 130.0, 138.0, 166.0, 227.0, 185.0, 174.0]",10.818825721740723,-0.5,-73.04678344726562,0.0005702972412109375,-245.59710693359375
1750930299.9729896,-1.0,0.5,"[174.0, 185.0, 172.0, 141.0, 130.0, 138.0, 167.0, 227.0, 185.0, 174.0]",11.042930603027344,-0.5,-72.870361328125,0.0005702972412109375,-245.72998046875
1750930300.0080607,-1.0,0.5,"[174.0, 185.0, 173.0, 141.0, 131.0, 139.0, 167.0, 227.0, 185.0, 174.0]",10.860466003417969,-0.5,-72.69464111328125,0.0005702972412109375,-245.857666015625
1750930300.022867,-1.0,0.5,"[174.0, 185.0, 173.0, 141.0, 131.0, 139.0, 168.0, 227.0, 185.0, 174.0]",11.035184860229492,-0.5,-72.51242065429688,0.0005702972412109375,-245.982177734375
1750930300.0369751,-1.0,0.5,"[174.0, 185.0, 175.0, 141.0, 131.0, 140.0, 169.0, 227.0, 185.0, 174.0]",10.854683876037598,-0.5,-72.33151245117188,0.0005702972412109375,-246.1021728515625
1750930300.0721602,-1.0,0.5,"[174.0, 185.0, 175.0, 141.0, 133.0, 140.0, 170.0, 227.0, 185.0, 174.0]",11.142339706420898,-0.5,-72.14260864257812,0.0005702972412109375,-246.22036743164062
1750930300.0867882,-1.0,0.5,"[174.0, 185.0, 173.0, 141.0, 133.0, 141.0, 171.0, 227.0, 185.0, 174.0]",10.961594581604004,-0.5,-71.953857421875,0.0005702972412109375,-246.3319091796875
1750930300.1013863,-1.0,0.5,"[174.0, 185.0, 173.0, 141.0, 133.0, 141.0, 173.0, 227.0, 185.0, 174.0]",11.149727821350098,-0.5,-71.75973510742188,0.0005702972412109375,-246.441650390625
1750930300.1161451,0.0,0.5,"[174.0, 185.0, 173.0, 141.0, 134.0, 142.0, 174.0, 226.0, 185.0, 174.0]",11.187165260314941,-0.5,-71.56256103515625,0.0005702972412109375,-246.54742431640625
1750930300.1534336,0.0,0.5,"[174.0, 185.0, 173.0, 141.0, 134.0, 142.0, 175.0, 225.0, 185.0, 174.0]",11.111005783081055,0.0,-71.37347412109375,0.0005702972412109375,-246.6641845703125
1750930300.1689036,0.0,0.5,"[174.0, 185.0, 172.0, 141.0, 133.0, 142.0, 174.0, 226.0, 185.0, 174.0]",11.092771530151367,0.0,-71.19387817382812,0.0005702972412109375,-246.79440307617188
1750930300.1840322,0.0,0.5,"[174.0, 185.0, 172.0, 140.0, 133.0, 142.0, 174.0, 226.0, 185.0, 174.0]",11.292451858520508,0.0,-71.01171875,0.0005702972412109375,-246.92791748046875
1750930300.199064,0.0,0.5,"[174.0, 185.0, 171.0, 140.0, 133.0, 141.0, 174.0, 226.0, 185.0, 174.0]",11.127277374267578,0.0,-70.83212280273438,0.0005702972412109375,-247.059326171875
1750930300.21247,0.0,0.5,"[174.0, 185.0, 170.0, 139.0, 131.0, 141.0, 174.0, 227.0, 185.0, 174.0]",11.445207595825195,0.0,-70.64743041992188,0.0005702972412109375,-247.194580078125
1750930300.24872,-1.0,0.5,"[174.0, 185.0, 169.0, 139.0, 131.0, 141.0, 174.0, 227.0, 185.0, 174.0]",11.273776054382324,0.0,-70.46542358398438,0.0005702972412109375,-247.32766723632812
1750930300.263671,-1.0,0.5,"[174.0, 185.0, 169.0, 139.0, 131.0, 141.0, 174.0, 226.0, 185.0, 174.0]",11.21641731262207,-0.5,-70.2755126953125,0.0005702972412109375,-247.44708251953125
1750930300.2779617,-1.0,0.5,"[174.0, 185.0, 169.0, 139.0, 131.0, 142.0, 175.0, 224.0, 185.0, 174.0]",10.927865982055664,-0.5,-70.08050537109375,0.0005702972412109375,-247.5457763671875
1750930300.305988,-1.0,0.5,"[174.0, 185.0, 169.0, 139.0, 133.0, 143.0, 177.0, 221.0, 185.0, 174.0]",11.102063179016113,-0.5,-69.87826538085938,0.0005702972412109375,-247.63739013671875
1750930300.3227708,0.0,0.5,"[174.0, 185.0, 169.0, 139.0, 133.0, 143.0, 178.0, 219.0, 185.0, 174.0]",11.055294036865234,-0.5,-69.67507934570312,0.0005702972412109375,-247.724609375
1750930300.340066,0.0,0.5,"[174.0, 185.0, 169.0, 139.0, 133.0, 144.0, 178.0, 218.0, 185.0, 174.0]",11.095992088317871,0.0,-69.47808837890625,0.0005702972412109375,-247.8267822265625
1750930300.357291,0.0,0.5,"[174.0, 185.0, 167.0, 139.0, 133.0, 143.0, 178.0, 219.0, 185.0, 174.0]",10.865327835083008,0.0,-69.29281616210938,0.0005702972412109375,-247.94033813476562
1750930300.3871255,0.0,0.5,"[174.0, 185.0, 167.0, 139.0, 133.0, 143.0, 178.0, 219.0, 185.0, 174.0]",11.03426456451416,0.0,-69.10455322265625,0.0005702972412109375,-248.05548095703125
1750930300.4037576,0.0,0.5,"[174.0, 185.0, 165.0, 138.0, 131.0, 143.0, 178.0, 220.0, 185.0, 174.0]",11.174362182617188,0.0,-68.91372680664062,0.0005702972412109375,-248.17181396484375
1750930300.4196584,-1.0,0.5,"[174.0, 185.0, 165.0, 137.0, 131.0, 143.0, 178.0, 220.0, 185.0, 174.0]",11.145681381225586,0.0,-68.72335815429688,0.00057220458984375,-248.28778076171875
1750930300.4361622,-1.0,0.5,"[174.0, 185.0, 164.0, 137.0, 131.0, 143.0, 178.0, 219.0, 185.0, 174.0]",10.882909774780273,-0.5,-68.52975463867188,0.00057220458984375,-248.38729858398438
1750930300.477219,-1.0,0.5,"[174.0, 185.0, 164.0, 138.0, 131.0, 144.0, 179.0, 218.0, 185.0, 174.0]",10.837818145751953,-0.5,-68.32901000976562,0.00057220458984375,-248.46905517578125
1750930300.493781,-1.0,0.5,"[174.0, 185.0, 165.0, 138.0, 133.0, 145.0, 182.0, 215.0, 185.0, 174.0]",10.814108848571777,-0.5,-68.12530517578125,0.00057220458984375,-248.54168701171875
1750930300.5100129,0.0,0.5,"[174.0, 185.0, 165.0, 139.0, 134.0, 146.0, 183.0, 214.0, 185.0, 174.0]",10.830554008483887,-0.5,-67.91970825195312,0.00057220458984375,-248.60986328125
1750930300.5259273,0.0,0.5,"[174.0, 185.0, 165.0, 139.0, 134.0, 146.0, 183.0, 212.0, 185.0, 174.0]",10.763524055480957,0.0,-67.72030639648438,0.00057220458984375,-248.69097900390625
1750930300.5417728,0.0,0.5,"[174.0, 185.0, 164.0, 138.0, 134.0, 146.0, 183.0, 214.0, 185.0, 174.0]",10.811175346374512,0.0,-67.52731323242188,0.00057220458984375,-248.7884521484375
1750930300.5579448,0.0,0.5,"[174.0, 185.0, 164.0, 138.0, 133.0, 145.0, 183.0, 214.0, 185.0, 174.0]",11.039521217346191,0.0,-67.32989501953125,0.00057220458984375,-248.88739013671875
1750930300.5863073,-1.0,0.5,"[174.0, 185.0, 162.0, 137.0, 133.0, 145.0, 183.0, 214.0, 185.0, 174.0]",10.874040603637695,0.0,-67.13534545898438,0.00057220458984375,-248.98455810546875
1750930300.602446,-1.0,0.5,"[174.0, 185.0, 162.0, 137.0, 133.0, 146.0, 183.0, 213.0, 185.0, 174.0]",10.850586891174316,-0.5,-66.93466186523438,0.00057220458984375,-249.067138671875
1750930300.6185794,-1.0,0.5,"[174.0, 185.0, 163.0, 138.0, 134.0, 147.0, 182.0, 211.0, 185.0, 174.0]",10.566650390625,-0.5,-66.732177734375,0.00057220458984375,-249.127685546875
1750930300.6349235,-1.0,0.5,"[174.0, 185.0, 164.0, 139.0, 135.0, 148.0, 182.0, 209.0, 185.0, 174.0]",10.670936584472656,-0.5,-66.52560424804688,0.00057220458984375,-249.1812744140625
1750930300.6737254,-1.0,0.5,"[174.0, 185.0, 164.0, 139.0, 136.0, 149.0, 181.0, 207.0, 185.0, 174.0]",10.61607551574707,-0.5,-66.31927490234375,0.00057220458984375,-249.23138427734375
1750930300.6884274,-1.0,0.5,"[174.0, 185.0, 165.0, 140.0, 137.0, 150.0, 178.0, 205.0, 185.0, 174.0]",10.790915489196777,-0.5,-66.10836791992188,0.00057220458984375,-249.27716064453125
1750930300.703426,0.0,0.5,"[174.0, 185.0, 166.0, 141.0, 138.0, 151.0, 177.0, 203.0, 185.0, 174.0]",10.738605499267578,-0.5,-65.89761352539062,0.00057220458984375,-249.31842041015625
1750930300.7183309,0.0,0.5,"[174.0, 185.0, 166.0, 141.0, 138.0, 152.0, 176.0, 203.0, 185.0, 174.0]",10.795610427856445,0.0,-65.68948364257812,0.00057220458984375,-249.37591552734375
1750930300.7334101,0.0,0.5,"[174.0, 185.0, 165.0, 141.0, 138.0, 151.0, 177.0, 203.0, 185.0, 174.0]",10.573493957519531,0.0,-65.49032592773438,0.0005702972412109375,-249.44699096679688
1750930300.771333,0.0,0.5,"[174.0, 185.0, 165.0, 140.0, 137.0, 151.0, 177.0, 203.0, 185.0, 174.0]",10.86444091796875,0.0,-65.28530883789062,0.0005702972412109375,-249.51904296875
1750930300.7864587,-1.0,0.5,"[174.0, 185.0, 164.0, 140.0, 137.0, 151.0, 177.0, 204.0, 185.0, 174.0]",10.815704345703125,0.0,-65.08120727539062,0.0005702972412109375,-249.59063720703125
1750930300.802455,-1.0,0.5,"[174.0, 185.0, 164.0, 140.0, 138.0, 152.0, 176.0, 203.0, 185.0, 174.0]",10.711398124694824,-0.5,-64.87454223632812,0.0005702972412109375,-249.64715576171875
1750930300.8174434,-1.0,0.5,"[174.0, 185.0, 165.0, 141.0, 138.0, 153.0, 175.0, 201.0, 185.0, 174.0]",10.412454605102539,-0.5,-64.66925048828125,0.0005702972412109375,-249.6820068359375
1750930300.8440266,-1.0,0.5,"[174.0, 185.0, 167.0, 143.0, 140.0, 155.0, 174.0, 200.0, 185.0, 174.0]",10.609716415405273,-0.5,-64.4588623046875,0.0005702972412109375,-249.70977783203125
1750930300.8594904,-1.0,0.5,"[174.0, 185.0, 167.0, 144.0, 141.0, 156.0, 172.0, 198.0, 185.0, 174.0]",10.553434371948242,-0.5,-64.24911499023438,0.0005702972412109375,-249.7333984375
1750930300.8750138,-1.0,0.5,"[174.0, 185.0, 169.0, 145.0, 142.0, 157.0, 170.0, 197.0, 185.0, 174.0]",10.672853469848633,-0.5,-64.0364990234375,0.0005702972412109375,-249.75213623046875
1750930300.9136953,0.0,0.5,"[174.0, 185.0, 170.0, 145.0, 143.0, 158.0, 169.0, 195.0, 185.0, 174.0]",10.49718952178955,-0.5,-63.8270263671875,0.0005702972412109375,-249.76629638671875
1750930300.9284544,0.0,0.5,"[174.0, 185.0, 170.0, 146.0, 143.0, 159.0, 168.0, 193.0, 185.0, 174.0]",10.488073348999023,0.0,-63.619537353515625,0.0005702972412109375,-249.79705810546875
1750930300.9436853,0.0,0.5,"[174.0, 185.0, 170.0, 146.0, 143.0, 159.0, 169.0, 194.0, 185.0, 174.0]",10.495469093322754,0.0,-63.414703369140625,0.0005702972412109375,-249.84304809570312
1750930300.9588106,0.0,0.5,"[174.0, 185.0, 169.0, 145.0, 143.0, 159.0, 169.0, 195.0, 185.0, 174.0]",10.717267036437988,0.0,-63.205230712890625,0.00057220458984375,-249.888427734375
1750930300.9736001,-1.0,0.5,"[174.0, 185.0, 169.0, 145.0, 143.0, 159.0, 169.0, 195.0, 185.0, 174.0]",10.670082092285156,0.0,-62.99676513671875,0.00057220458984375,-249.93402099609375
1750930301.0116959,-1.0,0.5,"[174.0, 185.0, 170.0, 146.0, 143.0, 161.0, 168.0, 193.0, 185.0, 174.0]",10.59936237335205,-0.5,-62.786529541015625,0.00057220458984375,-249.96139526367188
1750930301.0270097,-1.0,0.5,"[174.0, 185.0, 170.0, 147.0, 145.0, 161.0, 167.0, 192.0, 185.0, 174.0]",10.252472877502441,-0.5,-62.581695556640625,0.00057220458984375,-249.97067260742188
1750930301.0416539,-1.0,0.5,"[174.0, 185.0, 172.0, 148.0, 146.0, 161.0, 166.0, 190.0, 185.0, 174.0]",10.441924095153809,-0.5,-62.37286376953125,0.00057220458984375,-249.97091674804688
1750930301.05678,-1.0,0.5,"[174.0, 185.0, 173.0, 149.0, 147.0, 161.0, 164.0, 189.0, 185.0, 174.0]",10.270334243774414,-0.5,-62.167449951171875,0.00057220458984375,-249.96905517578125
1750930301.093798,0.0,0.5,"[174.0, 185.0, 175.0, 151.0, 148.0, 161.0, 162.0, 187.0, 185.0, 174.0]",10.663248062133789,-0.5,-61.954315185546875,0.00057220458984375,-249.961669921875
1750930301.1091216,0.0,0.5,"[174.0, 185.0, 175.0, 151.0, 148.0, 160.0, 162.0, 187.0, 185.0, 174.0]",10.41616153717041,0.0,-61.74627685546875,0.00057220458984375,-249.97207641601562
1750930301.1244226,0.0,0.5,"[174.0, 185.0, 175.0, 151.0, 148.0, 161.0, 162.0, 187.0, 185.0, 174.0]",10.409158706665039,0.0,-61.53973388671875,0.00057220458984375,-249.99819946289062
1750930301.1399677,0.0,0.5,"[174.0, 185.0, 175.0, 151.0, 148.0, 161.0, 162.0, 187.0, 185.0, 174.0]",10.337157249450684,0.0,-61.33428955078125,0.00057220458984375,-250.02127075195312
1750930301.1554747,0.0,0.5,"[174.0, 185.0, 175.0, 151.0, 148.0, 161.0, 162.0, 187.0, 185.0, 174.0]",10.621633529663086,0.0,-61.123199462890625,0.00057220458984375,-250.0452880859375
1750930301.1937048,0.0,0.5,"[174.0, 185.0, 175.0, 151.0, 148.0, 161.0, 162.0, 187.0, 185.0, 174.0]",10.446636199951172,0.0,-60.91558837890625,0.00057220458984375,-250.06878662109375
1750930301.2092013,-1.0,0.5,"[174.0, 185.0, 175.0, 151.0, 148.0, 161.0, 162.0, 187.0, 185.0, 174.0]",10.797463417053223,0.0,-60.701019287109375,0.00057220458984375,-250.09317016601562
1750930301.2240932,-1.0,0.5,"[174.0, 185.0, 175.0, 151.0, 149.0, 160.0, 162.0, 187.0, 185.0, 174.0]",10.190141677856445,-0.5,-60.497314453125,0.00057220458984375,-250.0987548828125
1750930301.2395685,-1.0,0.5,"[174.0, 185.0, 176.0, 152.0, 150.0, 159.0, 160.0, 184.0, 185.0, 174.0]",10.320610046386719,-0.5,-60.291290283203125,0.00057220458984375,-250.08609008789062
1750930301.2544463,-1.0,0.5,"[174.0, 185.0, 178.0, 153.0, 151.0, 158.0, 159.0, 183.0, 185.0, 174.0]",10.191268920898438,-0.5,-60.088348388671875,0.00057220458984375,-250.067138671875
1750930301.2922847,-1.0,0.5,"[174.0, 185.0, 179.0, 155.0, 153.0, 156.0, 158.0, 181.0, 185.0, 174.0]",10.398612022399902,-0.5,-59.881744384765625,0.00057220458984375,-250.04327392578125
1750930301.307602,0.0,0.5,"[174.0, 185.0, 181.0, 156.0, 153.0, 155.0, 156.0, 179.0, 185.0, 174.0]",10.374204635620117,-0.5,-59.67608642578125,0.00057220458984375,-250.0157470703125
1750930301.3223414,0.0,0.5,"[174.0, 185.0, 183.0, 156.0, 154.0, 154.0, 155.0, 178.0, 185.0, 174.0]",10.427858352661133,0.0,-59.467803955078125,0.00057220458984375,-250.00494384765625
1750930301.3374496,0.0,0.5,"[174.0, 185.0, 183.0, 156.0, 154.0, 155.0, 156.0, 179.0, 185.0, 174.0]",10.275922775268555,0.0,-59.2623291015625,0.00057220458984375,-250.00863647460938
1750930301.3637283,0.0,0.5,"[174.0, 185.0, 183.0, 156.0, 154.0, 154.0, 156.0, 179.0, 185.0, 174.0]",10.58041763305664,0.0,-59.05072021484375,0.00057220458984375,-250.01123046875
1750930301.3783796,0.0,0.5,"[174.0, 185.0, 183.0, 156.0, 154.0, 154.0, 156.0, 179.0, 185.0, 174.0]",10.379060745239258,0.0,-58.843170166015625,0.00057220458984375,-250.0137939453125
1750930301.3936148,0.0,0.5,"[174.0, 185.0, 183.0, 156.0, 154.0, 155.0, 156.0, 179.0, 185.0, 174.0]",10.516894340515137,0.0,-58.632843017578125,0.00057220458984375,-250.01614379882812
1750930301.4308615,0.0,0.5,"[174.0, 185.0, 181.0, 156.0, 154.0, 155.0, 156.0, 179.0, 185.0, 174.0]",10.566085815429688,0.0,-58.421539306640625,0.00057220458984375,-250.01882934570312
1750930301.4466388,0.0,0.5,"[174.0, 185.0, 183.0, 156.0, 154.0, 154.0, 156.0, 179.0, 185.0, 174.0]",10.737740516662598,0.0,-58.206817626953125,0.00057220458984375,-250.02154541015625
1750930301.4625475,0.0,0.5,"[174.0, 185.0, 181.0, 156.0, 154.0, 155.0, 156.0, 179.0, 185.0, 174.0]",10.59538745880127,0.0,-57.994903564453125,0.00057220458984375,-250.02407836914062
1750930301.4791963,0.0,0.5,"[174.0, 185.0, 181.0, 156.0, 154.0, 155.0, 156.0, 179.0, 185.0, 174.0]",10.76148509979248,0.0,-57.779693603515625,0.00057220458984375,-250.027099609375
1750930301.4956272,0.0,0.5,"[174.0, 185.0, 181.0, 156.0, 154.0, 155.0, 156.0, 179.0, 185.0, 174.0]",10.755024909973145,0.0,-57.564605712890625,0.00057220458984375,-250.02972412109375
1750930301.5337818,0.0,0.5,"[174.0, 185.0, 181.0, 156.0, 154.0, 154.0, 156.0, 179.0, 185.0, 174.0]",10.7596435546875,0.0,-57.349456787109375,0.00057220458984375,-250.0323486328125
1750930301.548959,0.0,0.5,"[174.0, 185.0, 181.0, 156.0, 154.0, 154.0, 156.0, 179.0, 185.0, 174.0]",10.836935997009277,0.0,-57.132720947265625,0.00057220458984375,-250.034912109375
1750930301.5638704,0.0,0.5,"[174.0, 185.0, 181.0, 156.0, 154.0, 155.0, 156.0, 179.0, 185.0, 174.0]",11.06098747253418,0.0,-56.9114990234375,0.00057220458984375,-250.0374755859375
1750930301.5790603,0.0,0.5,"[174.0, 185.0, 181.0, 156.0, 154.0, 154.0, 156.0, 179.0, 185.0, 174.0]",10.899663925170898,0.0,-56.69354248046875,0.00057220458984375,-250.04022216796875
1750930301.5942137,0.0,0.5,"[174.0, 185.0, 181.0, 156.0, 154.0, 155.0, 156.0, 179.0, 185.0, 174.0]",11.07900619506836,0.0,-56.471954345703125,0.00057220458984375,-250.04278564453125
1750930301.6313088,0.0,0.5,"[174.0, 185.0, 181.0, 156.0, 154.0, 154.0, 156.0, 179.0, 185.0, 174.0]",10.925735473632812,0.0,-56.25347900390625,0.00057220458984375,-250.045654296875
1750930301.6466746,0.0,0.5,"[174.0, 185.0, 181.0, 156.0, 154.0, 154.0, 156.0, 179.0, 185.0, 174.0]",11.277101516723633,0.0,-56.0279541015625,0.00057220458984375,-250.0482177734375
1750930301.661521,0.0,0.5,"[174.0, 185.0, 181.0, 156.0, 154.0, 155.0, 156.0, 179.0, 185.0, 174.0]",11.207939147949219,0.0,-55.803802490234375,0.00057220458984375,-250.05078125
1750930301.6770155,0.0,0.5,"[174.0, 185.0, 181.0, 156.0, 154.0, 155.0, 156.0, 179.0, 185.0, 174.0]",11.341827392578125,0.0,-55.576995849609375,0.00057220458984375,-250.0537109375
1750930301.7145584,0.0,0.5,"[174.0, 185.0, 181.0, 156.0, 154.0, 155.0, 156.0, 179.0, 185.0, 174.0]",11.181748390197754,0.0,-55.353363037109375,0.00057220458984375,-250.05633544921875
1750930301.7292397,0.0,0.5,"[174.0, 185.0, 181.0, 156.0, 154.0, 154.0, 156.0, 179.0, 185.0, 174.0]",11.3855619430542,0.0,-55.12567138671875,0.00057220458984375,-250.05929565429688
1750930301.744472,0.0,0.5,"[174.0, 185.0, 181.0, 156.0, 154.0, 155.0, 156.0, 179.0, 185.0, 174.0]",11.335659980773926,0.0,-54.89898681640625,0.0005702972412109375,-250.0618896484375
1750930301.7603836,0.0,0.5,"[174.0, 185.0, 181.0, 156.0, 154.0, 154.0, 156.0, 179.0, 185.0, 174.0]",11.489609718322754,0.0,-54.669189453125,0.0005702972412109375,-250.06475830078125
1750930301.775232,0.0,0.5,"[174.0, 185.0, 181.0, 156.0, 154.0, 155.0, 156.0, 179.0, 185.0, 174.0]",11.318506240844727,0.0,-54.442840576171875,0.0005702972412109375,-250.06732177734375
1750930301.8128712,0.0,0.5,"[174.0, 185.0, 181.0, 156.0, 154.0, 155.0, 156.0, 179.0, 185.0, 174.0]",11.455670356750488,0.0,-54.2137451171875,0.0005702972412109375,-250.0701904296875
1750930301.8279362,0.0,0.5,"[174.0, 185.0, 181.0, 156.0, 154.0, 155.0, 156.0, 179.0, 185.0, 174.0]",11.668031692504883,0.0,-53.98040771484375,0.0005702972412109375,-250.07293701171875
1750930301.8423724,0.0,0.5,"[174.0, 185.0, 181.0, 156.0, 154.0, 155.0, 156.0, 179.0, 185.0, 174.0]",11.5731201171875,0.0,-53.74896240234375,0.0005702972412109375,-250.07589721679688
1750930301.85759,0.0,0.5,"[174.0, 185.0, 181.0, 156.0, 154.0, 155.0, 156.0, 179.0, 185.0, 174.0]",11.723896026611328,0.0,-53.514495849609375,0.00057220458984375,-250.07864379882812
1750930301.8840182,0.0,0.5,"[174.0, 185.0, 181.0, 156.0, 154.0, 155.0, 156.0, 179.0, 185.0, 174.0]",11.5593900680542,0.0,-53.2833251953125,0.00057220458984375,-250.08175659179688
1750930301.8995955,0.0,0.5,"[174.0, 185.0, 181.0, 156.0, 154.0, 155.0, 156.0, 179.0, 185.0, 174.0]",11.845548629760742,0.0,-53.04644775390625,0.00057220458984375,-250.08477783203125
1750930301.914481,0.0,0.5,"[174.0, 185.0, 181.0, 156.0, 154.0, 155.0, 156.0, 179.0, 185.0, 174.0]",11.751097679138184,0.0,-52.811431884765625,0.00057220458984375,-250.0877685546875
1750930301.952186,0.0,0.5,"[174.0, 185.0, 181.0, 156.0, 154.0, 155.0, 156.0, 179.0, 185.0, 174.0]",11.981551170349121,0.0,-52.571807861328125,0.00057220458984375,-250.0904541015625
1750930301.9669638,0.0,0.5,"[174.0, 185.0, 181.0, 156.0, 154.0, 155.0, 156.0, 179.0, 185.0, 174.0]",11.84424114227295,0.0,-52.3349609375,0.00057220458984375,-250.0933837890625
1750930301.9825757,0.0,0.5,"[174.0, 185.0, 181.0, 156.0, 154.0, 155.0, 156.0, 179.0, 185.0, 174.0]",12.01147747039795,0.0,-52.0947265625,0.00057220458984375,-250.09613037109375
1750930301.9968805,0.0,0.5,"[174.0, 185.0, 181.0, 156.0, 154.0, 154.0, 156.0, 179.0, 185.0, 174.0]",11.866350173950195,0.0,-51.857421875,0.00057220458984375,-250.09902954101562
1750930302.0342743,0.0,0.5,"[174.0, 185.0, 181.0, 156.0, 154.0, 155.0, 156.0, 179.0, 185.0, 174.0]",12.062549591064453,0.0,-51.616180419921875,0.00057220458984375,-250.10159301757812
1750930302.0498753,0.0,0.5,"[174.0, 185.0, 181.0, 156.0, 154.0, 155.0, 156.0, 179.0, 185.0, 174.0]",12.137256622314453,0.0,-51.37347412109375,0.00057220458984375,-250.10440063476562
1750930302.0649636,0.0,0.5,"[174.0, 185.0, 181.0, 156.0, 154.0, 155.0, 156.0, 179.0, 185.0, 174.0]",12.081172943115234,0.0,-51.131866455078125,0.00057220458984375,-250.10736083984375
1750930302.0798967,0.0,0.5,"[174.0, 185.0, 181.0, 156.0, 154.0, 155.0, 156.0, 179.0, 185.0, 174.0]",12.071210861206055,0.0,-50.89044189453125,0.00057220458984375,-250.11041259765625
1750930302.0946805,0.0,0.5,"[174.0, 185.0, 181.0, 156.0, 154.0, 155.0, 156.0, 179.0, 185.0, 174.0]",12.299859046936035,0.0,-50.64447021484375,0.00057220458984375,-250.113525390625
1750930302.1322541,0.0,0.5,"[174.0, 185.0, 181.0, 156.0, 154.0, 155.0, 156.0, 179.0, 185.0, 174.0]",12.273683547973633,0.0,-50.399017333984375,0.00057220458984375,-250.1163330078125
1750930302.1475735,0.0,0.5,"[174.0, 185.0, 181.0, 156.0, 154.0, 155.0, 156.0, 179.0, 185.0, 174.0]",12.23513126373291,0.0,-50.154327392578125,0.00057220458984375,-250.11953735351562
1750930302.162937,0.0,0.5,"[174.0, 185.0, 181.0, 156.0, 154.0, 155.0, 156.0, 179.0, 185.0, 174.0]",12.185446739196777,0.0,-49.91064453125,0.00057220458984375,-250.1221923828125
1750930302.178179,0.0,0.5,"[174.0, 185.0, 181.0, 156.0, 154.0, 155.0, 156.0, 179.0, 185.0, 174.0]",12.368509292602539,0.0,-49.663299560546875,0.00057220458984375,-250.12567138671875
1750930302.2044663,0.0,0.5,"[174.0, 185.0, 181.0, 156.0, 154.0, 155.0, 156.0, 179.0, 185.0, 174.0]",12.58609390258789,0.0,-49.411590576171875,0.00057220458984375,-250.12896728515625
1750930302.219963,0.0,0.5,"[174.0, 185.0, 181.0, 156.0, 154.0, 155.0, 156.0, 179.0, 185.0, 174.0]",12.420723915100098,0.0,-49.1632080078125,0.00057220458984375,-250.1318359375
1750930302.2350047,0.0,0.5,"[174.0, 185.0, 181.0, 156.0, 154.0, 155.0, 156.0, 179.0, 185.0, 174.0]",12.570789337158203,0.0,-48.91180419921875,0.00057220458984375,-250.13482666015625
1750930302.272547,0.0,0.5,"[174.0, 185.0, 181.0, 156.0, 154.0, 155.0, 156.0, 179.0, 185.0, 174.0]",12.482463836669922,0.0,-48.66217041015625,0.00057220458984375,-250.13751220703125
1750930302.288098,0.0,0.5,"[174.0, 185.0, 181.0, 156.0, 154.0, 155.0, 156.0, 179.0, 185.0, 174.0]",12.825719833374023,0.0,-48.405670166015625,0.00057220458984375,-250.14056396484375
1750930302.303285,0.0,0.5,"[174.0, 185.0, 181.0, 156.0, 154.0, 155.0, 156.0, 179.0, 185.0, 174.0]",12.544249534606934,0.0,-48.154815673828125,0.00057220458984375,-250.14349365234375
1750930302.3181791,0.0,0.5,"[174.0, 185.0, 181.0, 156.0, 154.0, 155.0, 156.0, 179.0, 185.0, 174.0]",12.848065376281738,0.0,-47.897857666015625,0.00057220458984375,-250.14642333984375
1750930302.3446352,0.0,0.5,"[174.0, 185.0, 181.0, 156.0, 154.0, 155.0, 156.0, 179.0, 185.0, 174.0]",12.684727668762207,0.0,-47.644195556640625,0.00057220458984375,-250.14938354492188
1750930302.3601975,0.0,0.5,"[174.0, 185.0, 181.0, 156.0, 154.0, 155.0, 156.0, 179.0, 185.0, 174.0]",12.882184982299805,0.0,-47.386566162109375,0.00057220458984375,-250.1527099609375
1750930302.375267,0.0,0.5,"[174.0, 185.0, 181.0, 156.0, 154.0, 155.0, 156.0, 179.0, 185.0, 174.0]",12.849641799926758,0.0,-47.129608154296875,0.00057220458984375,-250.15570068359375
1750930302.4130044,0.0,0.5,"[174.0, 185.0, 181.0, 156.0, 154.0, 155.0, 156.0, 179.0, 185.0, 174.0]",12.994234085083008,0.0,-46.869720458984375,0.00057220458984375,-250.15887451171875
1750930302.4281003,0.0,0.5,"[174.0, 185.0, 181.0, 156.0, 154.0, 155.0, 156.0, 179.0, 185.0, 174.0]",12.82779598236084,0.0,-46.613189697265625,0.00057220458984375,-250.161865234375
1750930302.4438071,0.0,0.5,"[174.0, 185.0, 181.0, 156.0, 154.0, 155.0, 156.0, 179.0, 185.0, 174.0]",12.990742683410645,0.0,-46.3533935546875,0.00057220458984375,-250.16531372070312
1750930302.4587257,0.0,0.5,"[174.0, 185.0, 181.0, 156.0, 154.0, 155.0, 156.0, 179.0, 185.0, 174.0]",12.971236228942871,0.0,-46.093994140625,0.00057220458984375,-250.16845703125
1750930302.4737215,0.0,0.5,"[174.0, 185.0, 181.0, 156.0, 154.0, 155.0, 156.0, 179.0, 185.0, 174.0]",13.010754585266113,0.0,-45.83380126953125,0.00057220458984375,-250.17160034179688
1750930302.5116868,0.0,0.5,"[174.0, 185.0, 181.0, 156.0, 154.0, 155.0, 156.0, 179.0, 185.0, 174.0]",13.306023597717285,0.0,-45.56768798828125,0.00057220458984375,-250.1748046875
1750930302.5266192,0.0,0.5,"[174.0, 185.0, 181.0, 156.0, 154.0, 155.0, 156.0, 179.0, 185.0, 174.0]",12.955069541931152,0.0,-45.308624267578125,0.00057220458984375,-250.17788696289062
1750930302.5417838,0.0,0.5,"[174.0, 185.0, 181.0, 156.0, 154.0, 155.0, 156.0, 179.0, 185.0, 174.0]",13.300355911254883,0.0,-45.042633056640625,0.00057220458984375,-250.18096923828125
1750930302.5568821,0.0,0.5,"[174.0, 185.0, 181.0, 156.0, 154.0, 155.0, 156.0, 179.0, 185.0, 174.0]",13.190251350402832,0.0,-44.778839111328125,0.00057220458984375,-250.18408203125
1750930302.59425,0.0,0.5,"[174.0, 185.0, 181.0, 156.0, 154.0, 155.0, 156.0, 179.0, 185.0, 174.0]",13.386015892028809,0.0,-44.511138916015625,0.00057220458984375,-250.18756103515625
1750930302.6097982,0.0,0.5,"[174.0, 185.0, 181.0, 156.0, 154.0, 155.0, 156.0, 179.0, 185.0, 174.0]",13.101032257080078,0.0,-44.2491455078125,0.00057220458984375,-250.19070434570312
1750930302.62479,0.0,0.5,"[174.0, 185.0, 181.0, 156.0, 154.0, 155.0, 156.0, 179.0, 185.0, 174.0]",13.22350025177002,0.0,-43.98468017578125,0.00057220458984375,-250.19412231445312
1750930302.6393516,0.0,0.5,"[174.0, 185.0, 181.0, 156.0, 154.0, 155.0, 156.0, 179.0, 185.0, 174.0]",13.59012508392334,0.0,-43.712921142578125,0.00057220458984375,-250.19735717773438
1750930302.654063,0.0,0.5,"[174.0, 185.0, 181.0, 156.0, 154.0, 155.0, 156.0, 179.0, 185.0, 174.0]",13.439962387084961,0.0,-43.444122314453125,0.00057220458984375,-250.20040893554688
1750930302.6915317,0.0,0.5,"[174.0, 185.0, 181.0, 156.0, 154.0, 155.0, 156.0, 179.0, 185.0, 174.0]",13.55521297454834,0.0,-43.17303466796875,0.00057220458984375,-250.20361328125
1750930302.7065663,0.0,0.5,"[174.0, 185.0, 181.0, 156.0, 154.0, 155.0, 156.0, 180.0, 185.0, 174.0]",13.318714141845703,0.0,-42.90667724609375,0.00057220458984375,-250.20654296875
1750930302.7219343,0.0,0.5,"[174.0, 185.0, 181.0, 156.0, 154.0, 155.0, 156.0, 180.0, 185.0, 174.0]",13.563604354858398,0.0,-42.63543701171875,0.00057220458984375,-250.2098388671875
1750930302.7372127,0.0,0.5,"[174.0, 185.0, 181.0, 156.0, 154.0, 155.0, 156.0, 180.0, 185.0, 174.0]",13.782536506652832,0.0,-42.35980224609375,0.00057220458984375,-250.21307373046875
1750930302.7636344,0.0,0.5,"[174.0, 185.0, 181.0, 156.0, 154.0, 155.0, 156.0, 180.0, 185.0, 174.0]",13.649086952209473,0.0,-42.08685302734375,0.00057220458984375,-250.21646118164062
1750930302.7783232,0.0,0.5,"[174.0, 185.0, 181.0, 156.0, 154.0, 155.0, 156.0, 180.0, 185.0, 174.0]",13.877517700195312,0.0,-41.809295654296875,0.00057220458984375,-250.21969604492188
1750930302.8045125,0.0,0.5,"[174.0, 185.0, 181.0, 156.0, 154.0, 155.0, 156.0, 180.0, 185.0, 174.0]",13.70577335357666,0.0,-41.53521728515625,0.00057220458984375,-250.22305297851562
1750930302.8194344,0.0,0.5,"[174.0, 185.0, 181.0, 156.0, 154.0, 155.0, 156.0, 180.0, 185.0, 174.0]",13.89864730834961,0.0,-41.25726318359375,0.00057220458984375,-250.22625732421875
1750930302.8346636,0.0,0.5,"[174.0, 185.0, 181.0, 156.0, 154.0, 155.0, 156.0, 180.0, 185.0, 174.0]",13.72547721862793,0.0,-40.982757568359375,0.00057220458984375,-250.22964477539062
1750930302.8728366,0.0,0.5,"[174.0, 185.0, 181.0, 155.0, 154.0, 155.0, 156.0, 180.0, 185.0, 174.0]",13.917252540588379,0.0,-40.704437255859375,0.00057220458984375,-250.2327880859375
1750930302.8883758,0.0,0.5,"[174.0, 185.0, 181.0, 155.0, 154.0, 155.0, 156.0, 180.0, 185.0, 174.0]",13.935456275939941,0.0,-40.425750732421875,0.00057220458984375,-250.23614501953125
1750930302.9034379,0.0,0.5,"[174.0, 185.0, 181.0, 156.0, 154.0, 155.0, 156.0, 180.0, 185.0, 174.0]",14.132243156433105,0.0,-40.14312744140625,0.00057220458984375,-250.2396240234375
1750930302.9179895,0.0,0.5,"[174.0, 185.0, 180.0, 155.0, 154.0, 155.0, 156.0, 180.0, 185.0, 174.0]",13.994582176208496,0.0,-39.863250732421875,0.00057220458984375,-250.24288940429688
1750930302.9447699,0.0,0.5,"[174.0, 185.0, 181.0, 155.0, 154.0, 155.0, 156.0, 180.0, 185.0, 174.0]",14.131377220153809,0.0,-39.580657958984375,0.00057220458984375,-250.2464599609375
1750930302.9597056,0.0,0.5,"[174.0, 185.0, 180.0, 155.0, 154.0, 155.0, 156.0, 180.0, 185.0, 174.0]",14.044804573059082,0.0,-39.299774169921875,0.00057220458984375,-250.2498779296875
1750930302.9746268,0.0,0.5,"[174.0, 185.0, 180.0, 155.0, 154.0, 155.0, 156.0, 181.0, 185.0, 174.0]",14.038744926452637,0.0,-39.019012451171875,0.00057220458984375,-250.25323486328125
1750930303.012216,0.0,0.5,"[174.0, 185.0, 180.0, 155.0, 154.0, 155.0, 156.0, 181.0, 185.0, 174.0]",14.327051162719727,0.0,-38.732513427734375,0.00057220458984375,-250.25674438476562
1750930303.028499,0.0,0.5,"[174.0, 185.0, 180.0, 155.0, 154.0, 155.0, 156.0, 181.0, 185.0, 174.0]",14.20718765258789,0.0,-38.448394775390625,0.00057220458984375,-250.26034545898438
1750930303.0443764,0.0,0.5,"[174.0, 185.0, 180.0, 155.0, 154.0, 155.0, 156.0, 181.0, 185.0, 174.0]",14.411131858825684,0.0,-38.160186767578125,0.00057220458984375,-250.2637939453125
1750930303.0605896,0.0,0.5,"[174.0, 185.0, 180.0, 155.0, 154.0, 155.0, 156.0, 181.0, 185.0, 174.0]",14.253612518310547,0.0,-37.8751220703125,0.00057220458984375,-250.26739501953125
1750930303.0777597,0.0,0.5,"[174.0, 185.0, 180.0, 155.0, 153.0, 155.0, 156.0, 181.0, 185.0, 174.0]",14.41540813446045,0.0,-37.58685302734375,0.00057220458984375,-250.2708740234375
1750930303.1057634,0.0,0.5,"[174.0, 185.0, 180.0, 155.0, 154.0, 155.0, 156.0, 181.0, 185.0, 174.0]",14.342098236083984,0.0,-37.300018310546875,0.00057220458984375,-250.27456665039062
1750930303.122383,0.0,0.5,"[174.0, 185.0, 180.0, 155.0, 153.0, 155.0, 156.0, 181.0, 185.0, 174.0]",14.410494804382324,0.0,-37.0118408203125,0.00057220458984375,-250.27783203125
1750930303.1389384,0.0,0.5,"[174.0, 185.0, 180.0, 155.0, 154.0, 155.0, 156.0, 181.0, 185.0, 174.0]",14.545455932617188,0.0,-36.720947265625,0.00057220458984375,-250.28152465820312
1750930303.1554923,0.0,0.5,"[174.0, 185.0, 180.0, 155.0, 154.0, 155.0, 156.0, 181.0, 185.0, 174.0]",14.580527305603027,0.0,-36.429351806640625,0.00057220458984375,-250.284912109375
1750930303.1951168,0.0,0.5,"[174.0, 185.0, 180.0, 155.0, 154.0, 155.0, 156.0, 181.0, 185.0, 174.0]",14.670852661132812,0.0,-36.135955810546875,0.00057220458984375,-250.28851318359375
1750930303.2105672,0.0,0.5,"[174.0, 185.0, 179.0, 155.0, 153.0, 155.0, 156.0, 181.0, 185.0, 174.0]",14.464042663574219,0.0,-35.846710205078125,0.00057220458984375,-250.29180908203125
1750930303.2261505,0.0,0.5,"[174.0, 185.0, 180.0, 155.0, 154.0, 155.0, 156.0, 181.0, 185.0, 174.0]",14.671453475952148,0.0,-35.55328369140625,0.00057220458984375,-250.29550170898438
1750930303.2413318,0.0,0.5,"[174.0, 185.0, 179.0, 155.0, 153.0, 155.0, 156.0, 181.0, 185.0, 174.0]",14.743407249450684,0.0,-35.258453369140625,0.00057220458984375,-250.29901123046875
1750930303.2563488,0.0,0.5,"[174.0, 185.0, 179.0, 155.0, 153.0, 155.0, 156.0, 181.0, 185.0, 174.0]",14.656791687011719,0.0,-34.96533203125,0.00057220458984375,-250.30267333984375
1750930303.294467,0.0,0.5,"[174.0, 185.0, 179.0, 155.0, 154.0, 155.0, 156.0, 181.0, 185.0, 174.0]",15.027475357055664,0.0,-34.664794921875,0.00057220458984375,-250.306396484375
1750930303.3096647,0.0,0.5,"[174.0, 185.0, 179.0, 155.0, 154.0, 155.0, 156.0, 181.0, 185.0, 174.0]",14.702256202697754,0.0,-34.37078857421875,0.00057220458984375,-250.3099365234375
1750930303.3252997,0.0,0.5,"[174.0, 185.0, 179.0, 155.0, 153.0, 155.0, 156.0, 181.0, 185.0, 174.0]",15.087878227233887,0.0,-34.069061279296875,0.00057220458984375,-250.3135986328125
1750930303.3405018,0.0,0.5,"[174.0, 185.0, 179.0, 155.0, 153.0, 155.0, 156.0, 181.0, 185.0, 174.0]",14.812740325927734,0.0,-33.7728271484375,0.00057220458984375,-250.31723022460938
1750930303.3556976,0.0,0.5,"[174.0, 185.0, 179.0, 155.0, 153.0, 155.0, 156.0, 181.0, 185.0, 174.0]",15.183405876159668,0.0,-33.46917724609375,0.00057220458984375,-250.32098388671875
1750930303.392985,0.0,0.5,"[174.0, 185.0, 179.0, 155.0, 153.0, 155.0, 156.0, 181.0, 185.0, 174.0]",14.819255828857422,0.0,-33.172821044921875,0.00057220458984375,-250.3245849609375
1750930303.4084346,0.0,0.5,"[174.0, 185.0, 179.0, 155.0, 153.0, 155.0, 156.0, 181.0, 185.0, 174.0]",15.179883003234863,0.0,-32.869232177734375,0.00057220458984375,-250.32818603515625
1750930303.423422,0.0,0.5,"[174.0, 185.0, 179.0, 155.0, 153.0, 155.0, 156.0, 181.0, 185.0, 174.0]",14.982209205627441,0.0,-32.569610595703125,0.00057220458984375,-250.331787109375
1750930303.4386532,0.0,0.5,"[174.0, 185.0, 179.0, 155.0, 153.0, 155.0, 156.0, 181.0, 185.0, 174.0]",15.252766609191895,0.0,-32.264556884765625,0.00057220458984375,-250.33538818359375
1750930303.4538717,0.0,0.5,"[174.0, 185.0, 179.0, 155.0, 153.0, 155.0, 156.0, 181.0, 185.0, 174.0]",15.069944381713867,0.0,-31.96319580078125,0.00057220458984375,-250.33917236328125
1750930303.4919693,0.0,0.5,"[174.0, 185.0, 179.0, 155.0, 153.0, 155.0, 156.0, 181.0, 185.0, 174.0]",15.286046981811523,0.0,-31.657501220703125,0.00057220458984375,-250.34283447265625
1750930303.507629,0.0,0.5,"[174.0, 185.0, 179.0, 155.0, 154.0, 155.0, 156.0, 181.0, 185.0, 174.0]",15.327107429504395,0.0,-31.350982666015625,0.00057220458984375,-250.3468017578125
1750930303.5226257,0.0,0.5,"[174.0, 185.0, 179.0, 155.0, 153.0, 155.0, 158.0, 181.0, 185.0, 174.0]",15.360918045043945,0.0,-31.043792724609375,0.00057220458984375,-250.35031127929688
1750930303.5381587,0.0,0.5,"[174.0, 185.0, 179.0, 155.0, 154.0, 155.0, 156.0, 181.0, 185.0, 174.0]",15.418472290039062,0.0,-30.735443115234375,0.00057220458984375,-250.354248046875
1750930303.5650327,0.0,0.5,"[174.0, 185.0, 179.0, 155.0, 153.0, 155.0, 158.0, 181.0, 185.0, 174.0]",15.450819969177246,0.0,-30.42645263671875,0.00057220458984375,-250.35772705078125
1750930303.5798774,0.0,0.5,"[174.0, 185.0, 179.0, 155.0, 154.0, 155.0, 156.0, 181.0, 185.0, 174.0]",15.456949234008789,0.0,-30.117340087890625,0.00057220458984375,-250.36163330078125
1750930303.59492,0.0,0.5,"[174.0, 185.0, 179.0, 155.0, 153.0, 155.0, 158.0, 181.0, 185.0, 174.0]",15.479433059692383,0.0,-29.807769775390625,0.00057220458984375,-250.36508178710938
1750930303.6327636,0.0,0.5,"[174.0, 185.0, 179.0, 155.0, 153.0, 155.0, 156.0, 181.0, 185.0, 174.0]",15.518064498901367,0.0,-29.4974365234375,0.00057220458984375,-250.36907958984375
1750930303.6477742,0.0,0.5,"[174.0, 185.0, 179.0, 155.0, 153.0, 155.0, 158.0, 181.0, 185.0, 174.0]",15.541189193725586,0.0,-29.186614990234375,0.00057220458984375,-250.37261962890625
1750930303.6630867,0.0,0.5,"[174.0, 185.0, 179.0, 155.0, 153.0, 155.0, 156.0, 181.0, 185.0, 174.0]",15.576852798461914,0.0,-28.8751220703125,0.00057220458984375,-250.376708984375
1750930303.6780176,0.0,0.5,"[174.0, 185.0, 179.0, 155.0, 153.0, 155.0, 158.0, 181.0, 185.0, 174.0]",15.708142280578613,0.0,-28.56097412109375,0.00057220458984375,-250.38043212890625
1750930303.7045393,0.0,0.5,"[174.0, 185.0, 179.0, 155.0, 153.0, 155.0, 158.0, 181.0, 185.0, 174.0]",15.62275505065918,0.0,-28.24853515625,0.00057220458984375,-250.3843994140625
1750930303.7195208,0.0,0.5,"[174.0, 185.0, 179.0, 155.0, 153.0, 155.0, 158.0, 181.0, 185.0, 174.0]",15.797067642211914,0.0,-27.9326171875,0.00057220458984375,-250.38818359375
1750930303.7348545,0.0,0.5,"[174.0, 185.0, 179.0, 155.0, 153.0, 155.0, 158.0, 181.0, 185.0, 174.0]",15.615620613098145,0.0,-27.620330810546875,0.00057220458984375,-250.39212036132812
1750930303.7729633,0.0,0.5,"[174.0, 185.0, 179.0, 155.0, 153.0, 155.0, 158.0, 181.0, 185.0, 174.0]",15.972282409667969,0.0,-27.3009033203125,0.00057220458984375,-250.39590454101562
1750930303.7882273,0.0,0.5,"[174.0, 185.0, 179.0, 155.0, 153.0, 155.0, 158.0, 181.0, 185.0, 174.0]",15.555627822875977,0.0,-26.989837646484375,0.00057220458984375,-250.39959716796875
1750930303.803177,0.0,0.5,"[174.0, 185.0, 179.0, 155.0, 153.0, 155.0, 158.0, 181.0, 185.0, 174.0]",15.924671173095703,0.0,-26.671356201171875,0.00057220458984375,-250.40325927734375
1750930303.8182633,0.0,0.5,"[174.0, 185.0, 179.0, 155.0, 153.0, 155.0, 158.0, 181.0, 185.0, 174.0]",15.967528343200684,0.0,-26.352020263671875,0.00057220458984375,-250.40692138671875
1750930303.8465853,0.0,0.5,"[174.0, 185.0, 179.0, 155.0, 153.0, 155.0, 158.0, 181.0, 185.0, 174.0]",15.864840507507324,0.0,-26.034759521484375,0.0005741119384765625,-250.41064453125
1750930303.8629632,0.0,0.5,"[174.0, 185.0, 179.0, 155.0, 153.0, 155.0, 158.0, 181.0, 185.0, 174.0]",15.900745391845703,0.0,-25.716766357421875,0.0005741119384765625,-250.41436767578125
1750930303.8793945,0.0,0.5,"[174.0, 185.0, 179.0, 155.0, 153.0, 155.0, 158.0, 181.0, 185.0, 174.0]",16.179569244384766,0.0,-25.3931884765625,0.0005741119384765625,-250.418212890625
1750930303.896027,0.0,0.5,"[174.0, 185.0, 179.0, 155.0, 153.0, 155.0, 158.0, 181.0, 185.0, 174.0]",15.878666877746582,0.0,-25.07562255859375,0.0005741119384765625,-250.42205810546875
1750930303.93394,0.0,0.5,"[174.0, 185.0, 179.0, 155.0, 153.0, 155.0, 158.0, 181.0, 185.0, 174.0]",16.219619750976562,0.0,-24.751251220703125,0.0005741119384765625,-250.42596435546875
1750930303.949574,0.0,0.5,"[174.0, 185.0, 179.0, 155.0, 153.0, 155.0, 158.0, 181.0, 185.0, 174.0]",16.05919647216797,0.0,-24.43011474609375,0.0005741119384765625,-250.42987060546875
1750930303.964758,0.0,0.5,"[174.0, 185.0, 179.0, 155.0, 153.0, 155.0, 158.0, 181.0, 185.0, 174.0]",16.25242042541504,0.0,-24.105072021484375,0.0005741119384765625,-250.43386840820312
1750930303.9796958,0.0,0.5,"[174.0, 185.0, 179.0, 155.0, 153.0, 155.0, 158.0, 181.0, 185.0, 174.0]",16.23488426208496,0.0,-23.780426025390625,0.0005741119384765625,-250.43795776367188
1750930303.9948492,0.0,0.5,"[174.0, 185.0, 179.0, 155.0, 153.0, 155.0, 158.0, 181.0, 185.0, 174.0]",16.22317886352539,0.0,-23.455963134765625,0.0005741119384765625,-250.44174194335938
1750930304.0328267,0.0,0.5,"[174.0, 185.0, 179.0, 155.0, 153.0, 155.0, 158.0, 181.0, 185.0, 174.0]",16.216842651367188,0.0,-23.13165283203125,0.00057220458984375,-250.446044921875
1750930304.0477724,0.0,0.5,"[174.0, 185.0, 179.0, 155.0, 153.0, 155.0, 158.0, 181.0, 185.0, 174.0]",16.44962501525879,0.0,-22.802703857421875,0.00057220458984375,-250.45001220703125
1750930304.0628958,0.0,0.5,"[174.0, 185.0, 179.0, 155.0, 153.0, 155.0, 158.0, 181.0, 185.0, 174.0]",16.26077651977539,0.0,-22.477508544921875,0.0005741119384765625,-250.4539794921875
1750930304.077914,0.0,0.5,"[174.0, 185.0, 179.0, 155.0, 153.0, 155.0, 158.0, 181.0, 185.0, 174.0]",16.45701026916504,0.0,-22.14837646484375,0.00057220458984375,-250.4578857421875
1750930304.104099,0.0,0.5,"[174.0, 185.0, 179.0, 155.0, 153.0, 155.0, 158.0, 181.0, 185.0, 174.0]",16.401531219482422,0.0,-21.82037353515625,0.00057220458984375,-250.4620361328125
1750930304.1187449,0.0,0.5,"[174.0, 185.0, 179.0, 155.0, 153.0, 155.0, 158.0, 183.0, 185.0, 174.0]",16.55187225341797,0.0,-21.489349365234375,0.00057220458984375,-250.4659423828125
1750930304.1332505,0.0,0.5,"[174.0, 185.0, 179.0, 155.0, 153.0, 155.0, 158.0, 181.0, 185.0, 174.0]",16.549999237060547,0.0,-21.15838623046875,0.00057220458984375,-250.4700927734375
1750930304.1714687,0.0,0.5,"[174.0, 185.0, 179.0, 155.0, 153.0, 155.0, 158.0, 183.0, 185.0, 174.0]",16.570816040039062,0.0,-20.826995849609375,0.00057220458984375,-250.473876953125
1750930304.1869218,0.0,0.5,"[174.0, 185.0, 179.0, 155.0, 153.0, 155.0, 158.0, 181.0, 185.0, 174.0]",16.577251434326172,0.0,-20.4954833984375,0.00057220458984375,-250.4781494140625
1750930304.2019231,0.0,0.5,"[174.0, 185.0, 179.0, 155.0, 153.0, 155.0, 158.0, 183.0, 185.0, 174.0]",16.57463836669922,0.0,-20.16400146484375,0.00057220458984375,-250.48199462890625
1750930304.21695,0.0,0.5,"[174.0, 185.0, 179.0, 155.0, 153.0, 155.0, 158.0, 183.0, 185.0, 174.0]",16.70054054260254,0.0,-19.83001708984375,0.00057220458984375,-250.486328125
1750930304.2552795,0.0,0.5,"[174.0, 185.0, 179.0, 155.0, 153.0, 155.0, 158.0, 183.0, 185.0, 174.0]",16.78795623779297,0.0,-19.494293212890625,0.0005741119384765625,-250.490478515625
1750930304.2702434,0.0,0.5,"[174.0, 185.0, 179.0, 155.0, 153.0, 155.0, 158.0, 183.0, 185.0, 174.0]",16.79642105102539,0.0,-19.15838623046875,0.0005741119384765625,-250.49465942382812
1750930304.2852542,0.0,0.5,"[174.0, 185.0, 179.0, 155.0, 153.0, 155.0, 158.0, 183.0, 185.0, 174.0]",16.808717727661133,0.0,-18.822235107421875,0.0005741119384765625,-250.49874877929688
1750930304.300279,0.0,0.5,"[174.0, 185.0, 179.0, 155.0, 153.0, 155.0, 158.0, 183.0, 185.0, 174.0]",16.818920135498047,0.0,-18.485870361328125,0.0005741119384765625,-250.50274658203125
1750930304.314728,0.0,0.5,"[174.0, 185.0, 178.0, 155.0, 153.0, 155.0, 158.0, 183.0, 185.0, 174.0]",16.93438148498535,0.0,-18.147216796875,0.0005741119384765625,-250.50677490234375
1750930304.352516,0.0,0.5,"[174.0, 185.0, 178.0, 155.0, 153.0, 155.0, 158.0, 183.0, 185.0, 174.0]",16.842510223388672,0.0,-17.810394287109375,0.0005741119384765625,-250.51092529296875
1750930304.3682914,0.0,0.5,"[174.0, 185.0, 178.0, 155.0, 153.0, 155.0, 158.0, 183.0, 185.0, 174.0]",17.082326889038086,0.0,-17.468780517578125,0.0005741119384765625,-250.51513671875
1750930304.383505,0.0,0.5,"[174.0, 185.0, 178.0, 155.0, 153.0, 155.0, 158.0, 183.0, 185.0, 174.0]",16.879426956176758,0.0,-17.1312255859375,0.0005741119384765625,-250.51925659179688
1750930304.3985164,0.0,0.5,"[174.0, 185.0, 178.0, 155.0, 153.0, 155.0, 158.0, 183.0, 185.0, 174.0]",17.120676040649414,0.0,-16.788818359375,0.0005741119384765625,-250.5235595703125
1750930304.4136174,0.0,0.5,"[174.0, 185.0, 178.0, 155.0, 153.0, 155.0, 158.0, 183.0, 185.0, 174.0]",17.03082275390625,0.0,-16.4482421875,0.0005741119384765625,-250.52764892578125
1750930304.451006,0.0,0.5,"[174.0, 185.0, 178.0, 155.0, 153.0, 155.0, 158.0, 183.0, 185.0, 174.0]",17.14463996887207,0.0,-16.105377197265625,0.0005741119384765625,-250.53182983398438
1750930304.4663453,0.0,0.5,"[174.0, 185.0, 178.0, 155.0, 153.0, 155.0, 158.0, 183.0, 185.0, 174.0]",16.992124557495117,0.0,-15.76556396484375,0.0005741119384765625,-250.53579711914062
1750930304.4815092,0.0,0.5,"[174.0, 185.0, 178.0, 155.0, 153.0, 155.0, 158.0, 183.0, 185.0, 174.0]",17.28546714782715,0.0,-15.41986083984375,0.0005741119384765625,-250.53988647460938
1750930304.4966738,0.0,0.5,"[174.0, 185.0, 178.0, 155.0, 153.0, 155.0, 158.0, 183.0, 185.0, 174.0]",17.119384765625,0.0,-15.0775146484375,0.0005741119384765625,-250.5439453125
1750930304.5338771,0.0,0.5,"[174.0, 185.0, 178.0, 155.0, 153.0, 155.0, 158.0, 183.0, 185.0, 174.0]",17.36492919921875,0.0,-14.730224609375,0.0005741119384765625,-250.54806518554688
1750930304.5487788,0.0,0.5,"[174.0, 185.0, 178.0, 155.0, 153.0, 155.0, 158.0, 183.0, 185.0, 174.0]",17.229816436767578,0.0,-14.385650634765625,0.0005741119384765625,-250.5523681640625
1750930304.5636675,0.0,0.5,"[174.0, 185.0, 178.0, 155.0, 153.0, 155.0, 158.0, 183.0, 185.0, 174.0]",17.3426456451416,0.0,-14.038818359375,0.0005741119384765625,-250.55630493164062
1750930304.578618,0.0,0.5,"[174.0, 185.0, 178.0, 155.0, 153.0, 155.0, 158.0, 183.0, 185.0, 174.0]",17.32988929748535,0.0,-13.6922607421875,0.0005741119384765625,-250.56045532226562
1750930304.5936391,0.0,0.5,"[174.0, 185.0, 178.0, 155.0, 153.0, 155.0, 158.0, 183.0, 185.0, 174.0]",17.55230140686035,0.0,-13.34124755859375,0.0005741119384765625,-250.56454467773438
1750930304.6311083,0.0,0.5,"[174.0, 185.0, 178.0, 155.0, 153.0, 155.0, 158.0, 183.0, 185.0, 174.0]",17.331527709960938,0.0,-12.99462890625,0.0005741119384765625,-250.56881713867188
1750930304.645916,0.0,0.5,"[174.0, 185.0, 178.0, 155.0, 153.0, 155.0, 158.0, 183.0, 185.0, 174.0]",17.529682159423828,0.0,-12.644073486328125,0.0005741119384765625,-250.57296752929688
1750930304.6608033,0.0,0.5,"[174.0, 185.0, 178.0, 155.0, 153.0, 155.0, 158.0, 183.0, 185.0, 174.0]",17.36080551147461,0.0,-12.296875,0.00057220458984375,-250.57733154296875
1750930304.6757479,0.0,0.5,"[174.0, 185.0, 178.0, 155.0, 153.0, 155.0, 158.0, 183.0, 185.0, 174.0]",17.67305564880371,0.0,-11.943450927734375,0.00057220458984375,-250.58148193359375
1750930304.713199,0.0,0.5,"[174.0, 185.0, 178.0, 155.0, 153.0, 155.0, 158.0, 183.0, 185.0, 174.0]",17.54796028137207,0.0,-11.592498779296875,0.00057220458984375,-250.5855712890625
1750930304.727585,0.0,0.5,"[174.0, 185.0, 178.0, 155.0, 153.0, 155.0, 158.0, 183.0, 185.0, 174.0]",17.809762954711914,0.0,-11.236328125,0.00057220458984375,-250.58978271484375
1750930304.742547,0.0,0.5,"[174.0, 185.0, 178.0, 155.0, 153.0, 155.0, 158.0, 183.0, 185.0, 174.0]",17.454017639160156,0.0,-10.88726806640625,0.0005741119384765625,-250.593994140625
1750930304.758031,0.0,0.5,"[174.0, 185.0, 178.0, 155.0, 153.0, 155.0, 158.0, 183.0, 185.0, 174.0]",17.852476119995117,0.0,-10.530242919921875,0.0005741119384765625,-250.59820556640625
1750930304.784486,0.0,0.5,"[174.0, 185.0, 178.0, 154.0, 153.0, 155.0, 158.0, 183.0, 185.0, 174.0]",17.575428009033203,0.0,-10.17877197265625,0.00057220458984375,-250.602294921875
1750930304.7997081,0.0,0.5,"[174.0, 185.0, 178.0, 154.0, 153.0, 155.0, 158.0, 183.0, 185.0, 174.0]",17.976119995117188,0.0,-9.81927490234375,0.0005741119384765625,-250.60662841796875
1750930304.8151422,0.0,0.5,"[174.0, 185.0, 178.0, 154.0, 153.0, 155.0, 158.0, 183.0, 185.0, 174.0]",17.54515838623047,0.0,-9.4683837890625,0.0005741119384765625,-250.6109619140625
1750930304.8528693,0.0,0.5,"[174.0, 185.0, 178.0, 154.0, 153.0, 155.0, 158.0, 183.0, 185.0, 174.0]",17.94049072265625,0.0,-9.109619140625,0.0005741119384765625,-250.61532592773438
1750930304.86757,0.0,0.5,"[174.0, 185.0, 178.0, 154.0, 153.0, 155.0, 158.0, 183.0, 185.0, 174.0]",17.83224105834961,0.0,-8.75299072265625,0.0005741119384765625,-250.61965942382812
1750930304.8829865,0.0,0.5,"[174.0, 185.0, 178.0, 154.0, 153.0, 155.0, 158.0, 183.0, 185.0, 174.0]",18.125717163085938,0.0,-8.3905029296875,0.0005741119384765625,-250.6240234375
1750930304.8985524,0.0,0.5,"[174.0, 185.0, 178.0, 154.0, 153.0, 155.0, 158.0, 183.0, 185.0, 174.0]",17.785432815551758,0.0,-8.034820556640625,0.0005741119384765625,-250.62838745117188
1750930304.9134738,0.0,0.5,"[174.0, 185.0, 178.0, 154.0, 153.0, 155.0, 158.0, 183.0, 185.0, 174.0]",18.142818450927734,0.0,-7.6719970703125,0.0005741119384765625,-250.63275146484375
1750930304.950976,0.0,0.5,"[174.0, 185.0, 178.0, 154.0, 153.0, 155.0, 158.0, 183.0, 185.0, 174.0]",17.83816909790039,0.0,-7.31524658203125,0.0005741119384765625,-250.63702392578125
1750930304.9664924,0.0,0.5,"[174.0, 185.0, 178.0, 154.0, 153.0, 155.0, 158.0, 183.0, 185.0, 174.0]",18.209455490112305,0.0,-6.951080322265625,0.0005741119384765625,-250.641357421875
1750930304.9814398,0.0,0.5,"[174.0, 185.0, 178.0, 154.0, 153.0, 155.0, 158.0, 183.0, 185.0, 174.0]",18.029308319091797,0.0,-6.590545654296875,0.0005741119384765625,-250.64569091796875
1750930304.9966211,0.0,0.5,"[174.0, 185.0, 178.0, 154.0, 153.0, 155.0, 158.0, 183.0, 185.0, 174.0]",18.183704376220703,0.0,-6.226898193359375,0.0005741119384765625,-250.65008544921875
1750930305.0344045,0.0,0.5,"[174.0, 185.0, 178.0, 154.0, 153.0, 155.0, 158.0, 183.0, 185.0, 174.0]",18.19243049621582,0.0,-5.863067626953125,0.0005741119384765625,-250.65444946289062
1750930305.0494835,0.0,0.5,"[174.0, 185.0, 178.0, 154.0, 153.0, 155.0, 158.0, 183.0, 185.0, 174.0]",18.299911499023438,0.0,-5.497100830078125,0.0005741119384765625,-250.65887451171875
1750930305.0645683,0.0,0.5,"[174.0, 185.0, 177.0, 154.0, 153.0, 155.0, 158.0, 183.0, 185.0, 174.0]",18.100557327270508,0.0,-5.135101318359375,0.0005741119384765625,-250.6630859375
1750930305.0797217,0.0,0.5,"[174.0, 185.0, 177.0, 154.0, 153.0, 155.0, 158.0, 183.0, 185.0, 174.0]",18.300323486328125,0.0,-4.769134521484375,0.0005741119384765625,-250.66754150390625
1750930305.0948985,0.0,0.5,"[174.0, 185.0, 177.0, 154.0, 153.0, 155.0, 158.0, 183.0, 185.0, 174.0]",18.294713973999023,0.0,-4.40325927734375,0.0005741119384765625,-250.67181396484375
1750930305.1324236,0.0,0.5,"[174.0, 185.0, 177.0, 154.0, 153.0, 155.0, 158.0, 183.0, 185.0, 174.0]",18.382137298583984,0.0,-4.03564453125,0.0005741119384765625,-250.67633056640625
1750930305.1477678,0.0,0.5,"[174.0, 185.0, 177.0, 154.0, 153.0, 155.0, 158.0, 183.0, 185.0, 174.0]",18.469161987304688,0.0,-3.666290283203125,0.0005741119384765625,-250.68072509765625
1750930305.1628752,0.0,0.5,"[174.0, 185.0, 177.0, 154.0, 153.0, 155.0, 158.0, 183.0, 185.0, 174.0]",18.413799285888672,0.0,-3.29803466796875,0.000576019287109375,-250.685302734375
1750930305.1777327,0.0,0.5,"[174.0, 185.0, 177.0, 154.0, 153.0, 155.0, 158.0, 184.0, 185.0, 174.0]",18.552629470825195,0.0,-2.927001953125,0.000576019287109375,-250.689697265625
1750930305.2042108,0.0,0.5,"[174.0, 185.0, 177.0, 154.0, 153.0, 155.0, 158.0, 183.0, 185.0, 174.0]",18.2969970703125,0.0,-2.56109619140625,0.000576019287109375,-250.6942138671875
1750930305.2189312,0.0,0.5,"[174.0, 185.0, 177.0, 154.0, 153.0, 155.0, 158.0, 184.0, 185.0, 174.0]",18.6025390625,0.0,-2.1890869140625,0.0005741119384765625,-250.69866943359375
1750930305.2339187,0.0,0.5,"[174.0, 185.0, 177.0, 154.0, 153.0, 155.0, 158.0, 184.0, 185.0, 174.0]",18.610572814941406,0.0,-1.81689453125,0.0005741119384765625,-250.703125
1750930305.2716172,0.0,0.5,"[174.0, 185.0, 176.0, 154.0, 153.0, 155.0, 158.0, 184.0, 185.0, 174.0]",18.698928833007812,0.0,-1.44293212890625,0.0005741119384765625,-250.70758056640625
1750930305.2870622,0.0,0.5,"[174.0, 185.0, 177.0, 154.0, 153.0, 155.0, 158.0, 184.0, 185.0, 174.0]",18.62466812133789,0.0,-1.070465087890625,0.0005741119384765625,-250.71209716796875
1750930305.302037,0.0,0.5,"[174.0, 185.0, 176.0, 154.0, 153.0, 155.0, 158.0, 184.0, 185.0, 174.0]",18.68771743774414,0.0,-0.696746826171875,0.0005741119384765625,-250.71649169921875
1750930305.316635,0.0,0.5,"[174.0, 185.0, 176.0, 154.0, 153.0, 155.0, 158.0, 184.0, 185.0, 174.0]",18.705869674682617,0.0,-0.322662353515625,0.000576019287109375,-250.72097778320312
1750930305.3546321,0.0,0.5,"[174.0, 185.0, 176.0, 154.0, 153.0, 155.0, 158.0, 184.0, 185.0, 174.0]",18.77935028076172,0.0,0.052886962890625,0.000576019287109375,-250.72564697265625
1750930305.3700173,0.0,0.5,"[174.0, 185.0, 176.0, 154.0, 153.0, 155.0, 158.0, 184.0, 185.0, 174.0]",18.89153480529785,0.0,0.430694580078125,0.0005741119384765625,-250.73028564453125
1750930305.3841374,0.0,0.5,"[174.0, 185.0, 176.0, 154.0, 153.0, 155.0, 158.0, 184.0, 185.0, 174.0]",18.810413360595703,0.0,0.806884765625,0.0005741119384765625,-250.73492431640625
1750930305.3993182,0.0,0.5,"[174.0, 185.0, 176.0, 154.0, 153.0, 155.0, 158.0, 184.0, 185.0, 174.0]",18.91256332397461,0.0,1.18511962890625,0.0005741119384765625,-250.73947143554688
1750930305.4143765,0.0,0.5,"[174.0, 185.0, 176.0, 154.0, 153.0, 155.0, 158.0, 184.0, 185.0, 174.0]",18.875802993774414,0.0,1.562591552734375,0.0005741119384765625,-250.7440185546875
1750930305.4514995,0.0,0.5,"[174.0, 185.0, 176.0, 154.0, 153.0, 155.0, 158.0, 184.0, 185.0, 174.0]",18.868366241455078,0.0,1.93994140625,0.0005741119384765625,-250.74856567382812
1750930305.466388,0.0,0.5,"[174.0, 185.0, 176.0, 154.0, 153.0, 155.0, 158.0, 184.0, 185.0, 174.0]",18.90266990661621,0.0,2.317962646484375,0.0005741119384765625,-250.75311279296875
1750930305.4813905,0.0,0.5,"[174.0, 185.0, 176.0, 154.0, 153.0, 155.0, 158.0, 184.0, 185.0, 174.0]",19.11380958557129,0.0,2.7001953125,0.0005741119384765625,-250.75775146484375
1750930305.4963186,0.0,0.5,"[174.0, 185.0, 176.0, 154.0, 153.0, 155.0, 158.0, 184.0, 185.0, 174.0]",18.939220428466797,0.0,3.0789794921875,0.0005741119384765625,-250.7623291015625
1750930305.5338523,0.0,0.5,"[174.0, 185.0, 176.0, 154.0, 153.0, 155.0, 158.0, 184.0, 185.0, 174.0]",19.0582218170166,0.0,3.460113525390625,0.0005741119384765625,-250.76690673828125
1750930305.5487547,0.0,0.5,"[174.0, 185.0, 176.0, 154.0, 153.0, 155.0, 158.0, 184.0, 185.0, 174.0]",19.224872589111328,0.0,3.844573974609375,0.0005741119384765625,-250.7716064453125
1750930305.5632935,0.0,0.5,"[174.0, 185.0, 176.0, 154.0, 153.0, 155.0, 159.0, 184.0, 185.0, 174.0]",19.046327590942383,0.0,4.2254638671875,0.0005741119384765625,-250.77621459960938
1750930305.5785134,0.0,0.5,"[174.0, 185.0, 176.0, 154.0, 153.0, 155.0, 159.0, 184.0, 185.0, 174.0]",19.29113006591797,0.0,4.61126708984375,0.0005741119384765625,-250.78091430664062
1750930305.5934393,0.0,0.5,"[174.0, 185.0, 176.0, 154.0, 153.0, 155.0, 158.0, 184.0, 185.0, 174.0]",19.11756134033203,0.0,4.99359130859375,0.0005741119384765625,-250.78564453125
1750930305.6310284,0.0,0.5,"[174.0, 185.0, 176.0, 154.0, 153.0, 155.0, 159.0, 184.0, 185.0, 174.0]",19.368873596191406,0.0,5.380950927734375,0.0005741119384765625,-250.7901611328125
1750930305.6458852,0.0,0.5,"[174.0, 185.0, 176.0, 154.0, 153.0, 155.0, 159.0, 184.0, 185.0, 174.0]",19.180652618408203,0.0,5.7645263671875,0.0005741119384765625,-250.79473876953125
1750930305.6612272,0.0,0.5,"[174.0, 185.0, 176.0, 154.0, 153.0, 155.0, 159.0, 184.0, 185.0, 174.0]",19.448421478271484,0.0,6.153472900390625,0.0005741119384765625,-250.79925537109375
1750930305.6768184,0.0,0.5,"[174.0, 185.0, 176.0, 154.0, 153.0, 155.0, 159.0, 184.0, 185.0, 174.0]",19.24382972717285,0.0,6.538299560546875,0.0005741119384765625,-250.80380249023438
1750930305.7141643,0.0,0.5,"[174.0, 185.0, 176.0, 154.0, 153.0, 155.0, 159.0, 184.0, 185.0, 174.0]",19.45421028137207,0.0,6.9273681640625,0.0005741119384765625,-250.80841064453125
1750930305.7288623,0.0,0.5,"[174.0, 185.0, 176.0, 154.0, 153.0, 155.0, 159.0, 184.0, 185.0, 174.0]",19.444908142089844,0.0,7.316253662109375,0.0005741119384765625,-250.8131103515625
1750930305.7440476,0.0,0.5,"[174.0, 185.0, 176.0, 154.0, 153.0, 155.0, 159.0, 184.0, 185.0, 174.0]",19.5676212310791,0.0,7.707550048828125,0.0005741119384765625,-250.81781005859375
1750930305.7594533,0.0,0.5,"[174.0, 185.0, 176.0, 154.0, 153.0, 155.0, 159.0, 184.0, 185.0, 174.0]",19.39789581298828,0.0,8.095489501953125,0.0005741119384765625,-250.822509765625
1750930305.775236,0.0,0.5,"[174.0, 185.0, 176.0, 154.0, 153.0, 155.0, 159.0, 184.0, 185.0, 174.0]",19.64957046508789,0.0,8.48846435546875,0.000576019287109375,-250.82717895507812
1750930305.8131924,0.0,0.5,"[174.0, 185.0, 176.0, 154.0, 153.0, 155.0, 159.0, 184.0, 185.0, 174.0]",19.449176788330078,0.0,8.877410888671875,0.0005741119384765625,-250.83197021484375
1750930305.8282511,0.0,0.5,"[174.0, 185.0, 176.0, 154.0, 153.0, 155.0, 159.0, 184.0, 185.0, 174.0]",19.63591194152832,0.0,9.270111083984375,0.000576019287109375,-250.83660888671875
1750930305.8434362,0.0,0.5,"[174.0, 185.0, 176.0, 154.0, 153.0, 155.0, 159.0, 184.0, 185.0, 174.0]",19.539241790771484,0.0,9.660858154296875,0.0005741119384765625,-250.8414306640625
1750930305.8584418,0.0,0.5,"[174.0, 185.0, 176.0, 154.0, 153.0, 155.0, 159.0, 184.0, 185.0, 174.0]",19.74964141845703,0.0,10.055816650390625,0.0005741119384765625,-250.8460693359375
1750930305.8734505,0.0,0.5,"[174.0, 185.0, 176.0, 154.0, 153.0, 155.0, 159.0, 184.0, 185.0, 174.0]",19.59956169128418,0.0,10.447784423828125,0.0005741119384765625,-250.85079956054688
1750930305.9128542,0.0,0.5,"[174.0, 185.0, 176.0, 153.0, 153.0, 155.0, 159.0, 184.0, 185.0, 174.0]",19.765613555908203,0.0,10.84307861328125,0.0005741119384765625,-250.85543823242188
1750930305.9281132,0.0,0.5,"[174.0, 185.0, 176.0, 153.0, 153.0, 155.0, 159.0, 184.0, 185.0, 174.0]",19.707651138305664,0.0,11.2371826171875,0.0005741119384765625,-250.86032104492188
1750930305.943523,0.0,0.5,"[174.0, 185.0, 176.0, 153.0, 153.0, 155.0, 159.0, 184.0, 185.0, 174.0]",19.904619216918945,0.0,11.63525390625,0.0005741119384765625,-250.8651123046875
1750930305.958715,0.0,0.5,"[174.0, 185.0, 176.0, 153.0, 153.0, 155.0, 159.0, 184.0, 185.0, 174.0]",19.743999481201172,0.0,12.030120849609375,0.0005741119384765625,-250.869873046875
1750930305.973567,0.0,0.5,"[174.0, 185.0, 176.0, 153.0, 153.0, 155.0, 159.0, 184.0, 185.0, 174.0]",19.879314422607422,0.0,12.42767333984375,0.0005741119384765625,-250.87460327148438
1750930306.0121155,0.0,0.5,"[174.0, 185.0, 176.0, 153.0, 153.0, 155.0, 159.0, 184.0, 185.0, 174.0]",19.859722137451172,0.0,12.8248291015625,0.0005741119384765625,-250.87954711914062
1750930306.027781,0.0,0.5,"[174.0, 185.0, 176.0, 153.0, 153.0, 155.0, 159.0, 184.0, 185.0, 174.0]",20.034034729003906,0.0,13.225494384765625,0.0005741119384765625,-250.88436889648438
1750930306.0429106,0.0,0.5,"[174.0, 185.0, 176.0, 153.0, 153.0, 155.0, 159.0, 184.0, 185.0, 174.0]",19.894670486450195,0.0,13.62335205078125,0.0005741119384765625,-250.88922119140625
1750930306.0580366,0.0,0.5,"[174.0, 185.0, 176.0, 153.0, 153.0, 155.0, 159.0, 184.0, 185.0, 174.0]",20.069942474365234,0.0,14.02471923828125,0.0005741119384765625,-250.89395141601562
1750930306.0848248,0.0,0.5,"[174.0, 185.0, 176.0, 153.0, 153.0, 155.0, 159.0, 184.0, 185.0, 174.0]",19.88645362854004,0.0,14.42242431640625,0.0005741119384765625,-250.89883422851562
1750930306.1006505,0.0,0.5,"[174.0, 185.0, 175.0, 153.0, 153.0, 155.0, 159.0, 184.0, 185.0, 174.0]",20.17141342163086,0.0,14.8258056640625,0.0005741119384765625,-250.90371704101562
1750930306.1159654,0.0,0.5,"[174.0, 185.0, 175.0, 153.0, 153.0, 155.0, 159.0, 184.0, 185.0, 174.0]",20.075706481933594,0.0,15.227294921875,0.000576019287109375,-250.90869140625
1750930306.1544757,0.0,0.5,"[174.0, 185.0, 175.0, 153.0, 153.0, 155.0, 159.0, 184.0, 185.0, 174.0]",20.186338424682617,0.0,15.6309814453125,0.000576019287109375,-250.91348266601562
1750930306.1701174,0.0,0.5,"[174.0, 185.0, 175.0, 153.0, 153.0, 155.0, 159.0, 184.0, 185.0, 174.0]",20.076133728027344,0.0,16.032501220703125,0.000576019287109375,-250.91842651367188
1750930306.1859577,0.0,0.5,"[174.0, 185.0, 175.0, 153.0, 153.0, 156.0, 159.0, 184.0, 185.0, 174.0]",20.303815841674805,0.0,16.43853759765625,0.0005741119384765625,-250.92327880859375
1750930306.201089,0.0,0.5,"[174.0, 185.0, 175.0, 153.0, 153.0, 155.0, 159.0, 184.0, 185.0, 174.0]",20.098419189453125,0.0,16.840484619140625,0.000576019287109375,-250.92828369140625
1750930306.2158103,0.0,0.5,"[174.0, 185.0, 175.0, 153.0, 153.0, 156.0, 159.0, 185.0, 185.0, 174.0]",20.28898811340332,0.0,17.2462158203125,0.000576019287109375,-250.93310546875
1750930306.2544427,0.0,0.5,"[174.0, 185.0, 175.0, 153.0, 153.0, 155.0, 159.0, 185.0, 185.0, 174.0]",20.243602752685547,0.0,17.65106201171875,0.000576019287109375,-250.93817138671875
1750930306.2701771,0.0,0.5,"[174.0, 185.0, 175.0, 153.0, 153.0, 156.0, 159.0, 185.0, 185.0, 174.0]",20.468677520751953,0.0,18.060394287109375,0.000576019287109375,-250.943115234375
1750930306.28523,0.0,0.5,"[174.0, 185.0, 175.0, 153.0, 153.0, 155.0, 159.0, 185.0, 185.0, 174.0]",20.248350143432617,0.0,18.46533203125,0.000576019287109375,-250.94808959960938
1750930306.3006182,0.0,0.5,"[174.0, 185.0, 175.0, 153.0, 153.0, 156.0, 159.0, 185.0, 185.0, 174.0]",20.440555572509766,0.0,18.874114990234375,0.000576019287109375,-250.95294189453125
1750930306.3156478,0.0,0.5,"[174.0, 185.0, 175.0, 153.0, 153.0, 155.0, 159.0, 185.0, 185.0, 174.0]",20.343168258666992,0.0,19.28094482421875,0.000576019287109375,-250.95797729492188
1750930306.354551,0.0,0.5,"[174.0, 185.0, 175.0, 153.0, 153.0, 156.0, 159.0, 185.0, 185.0, 174.0]",20.591951370239258,0.0,19.692779541015625,0.000576019287109375,-250.96295166015625
1750930306.370229,0.0,0.5,"[174.0, 185.0, 175.0, 153.0, 153.0, 155.0, 159.0, 185.0, 185.0, 174.0]",20.402462005615234,0.0,20.10076904296875,0.000576019287109375,-250.96795654296875
1750930306.3852592,0.0,0.5,"[174.0, 185.0, 175.0, 153.0, 153.0, 156.0, 159.0, 185.0, 185.0, 174.0]",20.543333053588867,0.0,20.511627197265625,0.000576019287109375,-250.97286987304688
1750930306.4005964,0.0,0.5,"[174.0, 185.0, 175.0, 153.0, 153.0, 156.0, 159.0, 185.0, 185.0, 174.0]",20.524839401245117,0.0,20.922088623046875,0.000576019287109375,-250.97799682617188
1750930306.415642,0.0,0.5,"[174.0, 185.0, 175.0, 153.0, 153.0, 156.0, 159.0, 185.0, 185.0, 174.0]",20.710294723510742,0.0,21.336273193359375,0.000576019287109375,-250.9830322265625
1750930306.4546962,0.0,0.5,"[174.0, 185.0, 175.0, 153.0, 153.0, 155.0, 159.0, 185.0, 185.0, 174.0]",20.530776977539062,0.0,21.746856689453125,0.000576019287109375,-250.98809814453125
1750930306.4695315,0.0,0.5,"[174.0, 185.0, 175.0, 153.0, 153.0, 156.0, 159.0, 186.0, 185.0, 174.0]",20.74508285522461,0.0,22.161712646484375,0.000576019287109375,-250.99301147460938
1750930306.4845638,0.0,0.5,"[174.0, 185.0, 175.0, 153.0, 153.0, 156.0, 159.0, 186.0, 185.0, 174.0]",20.55378532409668,0.0,22.57275390625,0.000576019287109375,-250.99807739257812
1750930306.4998739,0.0,0.5,"[174.0, 185.0, 175.0, 153.0, 153.0, 156.0, 159.0, 186.0, 185.0, 174.0]",20.773466110229492,0.0,22.988189697265625,0.000576019287109375,-251.0030517578125
1750930306.5149775,0.0,0.5,"[174.0, 185.0, 175.0, 153.0, 153.0, 156.0, 159.0, 186.0, 185.0, 174.0]",20.710886001586914,0.0,23.402374267578125,0.000576019287109375,-251.0081787109375
1750930306.5529997,0.0,0.5,"[174.0, 185.0, 175.0, 153.0, 153.0, 156.0, 159.0, 186.0, 185.0, 174.0]",20.845993041992188,0.0,23.81927490234375,0.000576019287109375,-251.01318359375
1750930306.5686603,0.0,0.5,"[174.0, 185.0, 175.0, 153.0, 153.0, 156.0, 159.0, 186.0, 185.0, 174.0]",20.725967407226562,0.0,24.2337646484375,0.000576019287109375,-251.01824951171875
1750930306.5837133,0.0,0.5,"[174.0, 185.0, 175.0, 153.0, 153.0, 156.0, 159.0, 186.0, 185.0, 174.0]",20.940908432006836,0.0,24.652557373046875,0.000576019287109375,-251.02337646484375
1750930306.5985544,0.0,0.5,"[174.0, 185.0, 175.0, 153.0, 153.0, 156.0, 159.0, 186.0, 185.0, 174.0]",20.822799682617188,0.0,25.0689697265625,0.000576019287109375,-251.02862548828125
1750930306.6137085,0.0,0.5,"[174.0, 185.0, 175.0, 153.0, 153.0, 156.0, 159.0, 186.0, 185.0, 174.0]",20.964744567871094,0.0,25.488250732421875,0.000576019287109375,-251.0335693359375
1750930306.651524,0.0,0.5,"[174.0, 185.0, 175.0, 153.0, 153.0, 156.0, 159.0, 186.0, 185.0, 174.0]",20.853313446044922,0.0,25.9052734375,0.0005741119384765625,-251.0386962890625
1750930306.666597,0.0,0.5,"[174.0, 185.0, 175.0, 153.0, 153.0, 156.0, 159.0, 186.0, 185.0, 174.0]",21.08335304260254,0.0,26.326904296875,0.000576019287109375,-251.0438232421875
1750930306.6817632,0.0,0.5,"[174.0, 185.0, 175.0, 153.0, 153.0, 156.0, 159.0, 186.0, 185.0, 174.0]",20.949636459350586,0.0,26.745880126953125,0.000576019287109375,-251.04901123046875
1750930306.696823,0.0,0.5,"[174.0, 185.0, 175.0, 153.0, 153.0, 156.0, 159.0, 186.0, 185.0, 174.0]",21.119033813476562,0.0,27.168212890625,0.000576019287109375,-251.05404663085938
1750930306.7353058,0.0,0.5,"[174.0, 185.0, 175.0, 153.0, 153.0, 156.0, 159.0, 186.0, 185.0, 174.0]",20.931467056274414,0.0,27.586822509765625,0.000576019287109375,-251.05926513671875
1750930306.750984,0.0,0.5,"[174.0, 185.0, 175.0, 153.0, 153.0, 156.0, 159.0, 186.0, 185.0, 174.0]",21.211660385131836,0.0,28.011016845703125,0.000576019287109375,-251.06442260742188
1750930306.7668173,0.0,0.5,"[174.0, 185.0, 175.0, 153.0, 153.0, 156.0, 159.0, 186.0, 185.0, 174.0]",21.10118293762207,0.0,28.433013916015625,0.000576019287109375,-251.06967163085938
1750930306.7830048,0.0,0.5,"[174.0, 185.0, 175.0, 153.0, 153.0, 156.0, 159.0, 186.0, 185.0, 174.0]",21.22173500061035,0.0,28.857421875,0.000576019287109375,-251.07473754882812
1750930306.798517,0.0,0.5,"[174.0, 185.0, 175.0, 153.0, 153.0, 156.0, 159.0, 186.0, 185.0, 174.0]",21.113435745239258,0.0,29.2796630859375,0.000576019287109375,-251.0799560546875
1750930306.8141801,0.0,0.5,"[174.0, 185.0, 173.0, 153.0, 153.0, 156.0, 159.0, 186.0, 185.0, 174.0]",21.338672637939453,0.0,29.706390380859375,0.000576019287109375,-251.08514404296875
1750930306.852303,0.0,0.5,"[174.0, 185.0, 175.0, 153.0, 153.0, 156.0, 159.0, 186.0, 185.0, 174.0]",21.191129684448242,0.0,30.13018798828125,0.000576019287109375,-251.0904541015625
1750930306.8677747,0.0,0.5,"[174.0, 185.0, 173.0, 153.0, 153.0, 156.0, 159.0, 186.0, 185.0, 174.0]",21.36408042907715,0.0,30.55743408203125,0.000576019287109375,-251.0955810546875
1750930306.883539,0.0,0.5,"[174.0, 185.0, 173.0, 153.0, 153.0, 156.0, 159.0, 186.0, 185.0, 174.0]",21.201892852783203,0.0,30.9814453125,0.000576019287109375,-251.100830078125
1750930306.8995388,0.0,0.5,"[174.0, 185.0, 173.0, 153.0, 153.0, 156.0, 160.0, 186.0, 185.0, 174.0]",21.47345542907715,0.0,31.410888671875,0.000576019287109375,-251.1060791015625
1750930306.9148011,0.0,0.5,"[174.0, 185.0, 173.0, 153.0, 153.0, 156.0, 159.0, 186.0, 185.0, 174.0]",21.343114852905273,0.0,31.83770751953125,0.000576019287109375,-251.11138916015625
1750930306.954311,0.0,0.5,"[174.0, 185.0, 173.0, 153.0, 153.0, 156.0, 160.0, 186.0, 185.0, 174.0]",21.494247436523438,0.0,32.267547607421875,0.000576019287109375,-251.1165771484375
1750930306.970025,0.0,0.5,"[174.0, 185.0, 173.0, 153.0, 153.0, 156.0, 160.0, 186.0, 185.0, 174.0]",21.37259864807129,0.0,32.694976806640625,0.000576019287109375,-251.121826171875
1750930306.9856637,0.0,0.5,"[174.0, 185.0, 173.0, 153.0, 153.0, 156.0, 160.0, 186.0, 185.0, 174.0]",21.54864501953125,0.0,33.12591552734375,0.000576019287109375,-251.1270751953125
1750930307.001412,0.0,0.5,"[174.0, 185.0, 173.0, 153.0, 153.0, 156.0, 160.0, 186.0, 185.0, 174.0]",21.429555892944336,0.0,33.554473876953125,0.000576019287109375,-251.1324462890625
1750930307.017203,0.0,0.5,"[174.0, 185.0, 173.0, 153.0, 153.0, 156.0, 160.0, 186.0, 185.0, 174.0]",21.64077377319336,0.0,33.987274169921875,0.000576019287109375,-251.13772583007812
1750930307.0576186,0.0,0.5,"[174.0, 185.0, 173.0, 153.0, 153.0, 156.0, 160.0, 186.0, 185.0, 174.0]",21.498577117919922,0.0,34.417205810546875,0.000576019287109375,-251.14306640625
1750930307.0735044,0.0,0.5,"[174.0, 185.0, 173.0, 153.0, 153.0, 156.0, 160.0, 186.0, 185.0, 174.0]",21.642961502075195,0.0,34.85003662109375,0.000576019287109375,-251.1483154296875
1750930307.0895433,0.0,0.5,"[174.0, 185.0, 173.0, 153.0, 153.0, 156.0, 160.0, 186.0, 185.0, 174.0]",21.578550338745117,0.0,35.28155517578125,0.000576019287109375,-251.15377807617188
1750930307.1055162,0.0,0.5,"[174.0, 185.0, 173.0, 153.0, 153.0, 156.0, 160.0, 186.0, 185.0, 174.0]",21.79189682006836,0.0,35.717376708984375,0.000576019287109375,-251.15911865234375
1750930307.1211278,0.0,0.5,"[174.0, 185.0, 173.0, 153.0, 153.0, 156.0, 160.0, 186.0, 185.0, 174.0]",21.614320755004883,0.0,36.149627685546875,0.000576019287109375,-251.16448974609375
1750930307.1369672,0.0,0.5,"[174.0, 185.0, 173.0, 152.0, 153.0, 156.0, 160.0, 187.0, 185.0, 174.0]",21.803808212280273,0.0,36.585662841796875,0.000576019287109375,-251.16973876953125
1750930307.1770356,-1.0,0.5,"[174.0, 185.0, 173.0, 152.0, 153.0, 156.0, 160.0, 186.0, 185.0, 174.0]",21.666996002197266,0.0,37.01898193359375,0.000576019287109375,-251.1751708984375
1750930307.193791,-1.0,0.5,"[174.0, 185.0, 175.0, 153.0, 153.0, 155.0, 159.0, 186.0, 185.0, 174.0]",21.60347557067871,-0.5,37.450927734375,0.000576019287109375,-251.1649169921875
1750930307.209608,-1.0,0.5,"[174.0, 185.0, 176.0, 155.0, 155.0, 154.0, 158.0, 184.0, 185.0, 174.0]",21.3121280670166,-0.5,37.87603759765625,0.000576019287109375,-251.13385009765625
1750930307.2252533,0.0,0.5,"[174.0, 185.0, 179.0, 157.0, 157.0, 152.0, 155.0, 181.0, 185.0, 174.0]",21.146629333496094,-0.5,38.295623779296875,0.000576019287109375,-251.08087158203125
1750930307.240667,0.0,0.5,"[174.0, 185.0, 181.0, 159.0, 158.0, 151.0, 154.0, 180.0, 185.0, 174.0]",20.98549461364746,0.0,38.713592529296875,0.000576019287109375,-251.04244995117188
1750930307.256548,0.0,0.5,"[174.0, 185.0, 181.0, 159.0, 158.0, 151.0, 154.0, 179.0, 185.0, 174.0]",21.23450469970703,0.0,39.1370849609375,0.000576019287109375,-251.0106201171875
1750930307.2970147,0.0,0.5,"[174.0, 185.0, 181.0, 159.0, 158.0, 151.0, 154.0, 179.0, 185.0, 174.0]",21.046302795410156,0.0,39.556915283203125,0.000576019287109375,-250.98046875
1750930307.3128037,0.0,0.5,"[174.0, 185.0, 183.0, 159.0, 158.0, 151.0, 154.0, 179.0, 185.0, 174.0]",21.232486724853516,0.0,39.98046875,0.000576019287109375,-250.9500732421875
1750930307.328523,0.0,0.5,"[174.0, 185.0, 183.0, 159.0, 158.0, 151.0, 154.0, 179.0, 185.0, 174.0]",21.127700805664062,0.0,40.401947021484375,0.000576019287109375,-250.91986083984375
1750930307.3448074,0.0,0.5,"[174.0, 185.0, 183.0, 159.0, 158.0, 151.0, 154.0, 179.0, 185.0, 174.0]",21.343713760375977,0.0,40.827728271484375,0.000576019287109375,-250.88912963867188
1750930307.3608074,0.0,0.5,"[174.0, 185.0, 183.0, 159.0, 158.0, 151.0, 154.0, 178.0, 185.0, 174.0]",21.188203811645508,0.0,41.2503662109375,0.000576019287109375,-250.85858154296875
1750930307.377093,0.0,0.5,"[174.0, 185.0, 183.0, 159.0, 158.0, 151.0, 154.0, 178.0, 185.0, 174.0]",21.346820831298828,0.0,41.676177978515625,0.000576019287109375,-250.82763671875
1750930307.41722,0.0,0.5,"[174.0, 185.0, 183.0, 160.0, 159.0, 151.0, 153.0, 178.0, 185.0, 174.0]",21.251127243041992,0.0,42.10009765625,0.000576019287109375,-250.7969970703125
1750930307.4331365,0.0,0.5,"[174.0, 185.0, 183.0, 160.0, 160.0, 151.0, 153.0, 178.0, 185.0, 174.0]",21.481685638427734,0.0,42.528594970703125,0.000576019287109375,-250.765869140625
1750930307.4495208,0.0,0.5,"[174.0, 185.0, 184.0, 160.0, 160.0, 151.0, 153.0, 178.0, 185.0, 174.0]",21.3173885345459,0.0,42.953826904296875,0.000576019287109375,-250.7349853515625
1750930307.465718,0.0,0.5,"[174.0, 185.0, 184.0, 160.0, 160.0, 151.0, 153.0, 177.0, 185.0, 174.0]",21.47364616394043,0.0,43.382171630859375,0.000576019287109375,-250.7037353515625
1750930307.4817505,0.0,0.5,"[174.0, 185.0, 184.0, 160.0, 160.0, 150.0, 153.0, 177.0, 185.0, 174.0]",21.377628326416016,0.0,43.808624267578125,0.000576019287109375,-250.6728515625
1750930307.4970992,0.0,0.5,"[174.0, 185.0, 184.0, 160.0, 158.0, 150.0, 153.0, 176.0, 185.0, 174.0]",21.59319496154785,0.0,44.239349365234375,0.000576019287109375,-250.64154052734375
1750930307.5368617,0.0,0.5,"[174.0, 185.0, 184.0, 160.0, 158.0, 150.0, 153.0, 176.0, 185.0, 174.0]",21.43537139892578,0.0,44.66693115234375,0.000576019287109375,-250.61053466796875
1750930307.5529423,0.0,0.5,"[174.0, 185.0, 184.0, 160.0, 158.0, 150.0, 153.0, 176.0, 185.0, 174.0]",21.60590171813965,0.0,45.097900390625,0.000576019287109375,-250.57916259765625
1750930307.5685935,0.0,0.5,"[174.0, 185.0, 185.0, 160.0, 158.0, 150.0, 152.0, 176.0, 185.0, 174.0]",21.489004135131836,0.0,45.52655029296875,0.000576019287109375,-250.54818725585938
1750930307.5843897,0.0,0.5,"[174.0, 185.0, 185.0, 160.0, 158.0, 150.0, 152.0, 176.0, 185.0, 174.0]",21.73770523071289,0.0,45.960174560546875,0.0005779266357421875,-250.51666259765625
1750930307.6003404,0.0,0.5,"[174.0, 185.0, 186.0, 161.0, 158.0, 150.0, 152.0, 176.0, 185.0, 174.0]",21.55362319946289,0.0,46.390106201171875,0.0005779266357421875,-250.48544311523438
1750930307.6164794,0.0,0.5,"[174.0, 185.0, 186.0, 161.0, 158.0, 150.0, 152.0, 176.0, 185.0, 174.0]",21.725624084472656,0.0,46.823486328125,0.0005779266357421875,-250.453857421875
1750930307.656773,0.0,0.5,"[174.0, 185.0, 186.0, 161.0, 158.0, 150.0, 152.0, 175.0, 185.0, 174.0]",21.637834548950195,0.0,47.255096435546875,0.0005779266357421875,-250.42263793945312
1750930307.6726172,0.0,0.5,"[174.0, 185.0, 186.0, 161.0, 158.0, 150.0, 152.0, 175.0, 185.0, 174.0]",21.82899284362793,0.0,47.690521240234375,0.0005779266357421875,-250.39096069335938
1750930307.6886601,0.0,0.5,"[174.0, 185.0, 186.0, 161.0, 158.0, 150.0, 152.0, 175.0, 185.0, 174.0]",21.696197509765625,0.0,48.123321533203125,0.0005779266357421875,-250.35955810546875
1750930307.7047193,0.0,0.5,"[174.0, 185.0, 186.0, 161.0, 158.0, 150.0, 152.0, 175.0, 185.0, 174.0]",21.839981079101562,0.0,48.5589599609375,0.0005779266357421875,-250.32785034179688
1750930307.7202337,0.0,0.5,"[174.0, 185.0, 187.0, 161.0, 158.0, 150.0, 152.0, 175.0, 185.0, 174.0]",21.744003295898438,0.0,48.992706298828125,0.0005779266357421875,-250.2965087890625
1750930307.7366385,0.0,0.5,"[174.0, 185.0, 187.0, 161.0, 158.0, 150.0, 152.0, 175.0, 185.0, 174.0]",21.98871612548828,0.0,49.43133544921875,0.0005779266357421875,-250.2646484375
1750930307.777469,0.0,0.5,"[174.0, 185.0, 187.0, 161.0, 158.0, 150.0, 151.0, 173.0, 185.0, 174.0]",21.789731979370117,0.0,49.865997314453125,0.0005779266357421875,-250.23309326171875
1750930307.7937431,0.0,0.5,"[174.0, 185.0, 187.0, 161.0, 158.0, 150.0, 151.0, 173.0, 185.0, 174.0]",21.980609893798828,0.0,50.304443359375,0.0005779266357421875,-250.201171875
1750930307.8099036,0.0,0.5,"[174.0, 185.0, 187.0, 161.0, 158.0, 150.0, 151.0, 173.0, 185.0, 174.0]",21.883337020874023,0.0,50.740966796875,0.0005779266357421875,-250.1695556640625
1750930307.82578,0.0,0.5,"[174.0, 185.0, 187.0, 161.0, 158.0, 150.0, 151.0, 173.0, 185.0, 174.0]",22.067480087280273,0.0,51.18115234375,0.0005779266357421875,-250.1375732421875
1750930307.8418703,0.0,0.5,"[174.0, 185.0, 187.0, 161.0, 158.0, 149.0, 151.0, 173.0, 185.0, 174.0]",21.93512725830078,0.0,51.618682861328125,0.0005779266357421875,-250.1058349609375
1750930307.858218,0.0,0.5,"[174.0, 185.0, 187.0, 161.0, 158.0, 149.0, 151.0, 173.0, 185.0, 174.0]",22.08876609802246,0.0,52.059295654296875,0.0005779266357421875,-250.07379150390625
1750930307.8753953,0.0,0.5,"[174.0, 185.0, 188.0, 161.0, 158.0, 149.0, 151.0, 172.0, 185.0, 174.0]",21.985984802246094,0.0,52.497894287109375,0.0005779266357421875,-250.0421142578125
1750930307.916843,0.0,0.5,"[174.0, 185.0, 188.0, 162.0, 158.0, 149.0, 151.0, 172.0, 185.0, 174.0]",22.225078582763672,0.0,52.94122314453125,0.0005779266357421875,-250.00991821289062
1750930307.9331584,0.0,0.5,"[174.0, 185.0, 189.0, 162.0, 158.0, 149.0, 150.0, 172.0, 185.0, 174.0]",22.042522430419922,0.0,53.38092041015625,0.0005779266357421875,-249.97802734375
1750930307.9496024,0.0,0.5,"[174.0, 185.0, 189.0, 162.0, 158.0, 149.0, 150.0, 172.0, 185.0, 174.0]",22.215986251831055,0.0,53.824066162109375,0.0005779266357421875,-249.94577026367188
1750930307.9658885,0.0,0.5,"[174.0, 185.0, 189.0, 162.0, 158.0, 149.0, 149.0, 172.0, 185.0, 174.0]",22.11458969116211,0.0,54.26519775390625,0.0005779266357421875,-249.91387939453125
1750930307.9823213,0.0,0.5,"[174.0, 185.0, 189.0, 162.0, 158.0, 149.0, 149.0, 171.0, 185.0, 174.0]",22.32944107055664,0.0,54.710601806640625,0.0005779266357421875,-249.88150024414062
1750930307.9985497,0.0,0.5,"[174.0, 185.0, 189.0, 162.0, 158.0, 149.0, 149.0, 170.0, 185.0, 174.0]",22.17938232421875,0.0,55.153045654296875,0.0005779266357421875,-249.84942626953125
1750930308.0145087,0.0,0.5,"[174.0, 185.0, 189.0, 162.0, 158.0, 149.0, 149.0, 170.0, 185.0, 174.0]",22.328649520874023,0.0,55.598419189453125,0.0005779266357421875,-249.8170166015625
1750930308.056808,0.0,0.5,"[174.0, 185.0, 189.0, 162.0, 158.0, 149.0, 149.0, 170.0, 185.0, 174.0]",22.22707176208496,0.0,56.04180908203125,0.0005779266357421875,-249.78497314453125
1750930308.0736873,0.0,0.5,"[174.0, 185.0, 189.0, 162.0, 158.0, 149.0, 149.0, 170.0, 185.0, 174.0]",22.468570709228516,0.0,56.490020751953125,0.0005779266357421875,-249.75241088867188
1750930308.0902205,0.0,0.5,"[174.0, 185.0, 190.0, 162.0, 158.0, 149.0, 148.0, 170.0, 185.0, 174.0]",22.27664566040039,0.0,56.93438720703125,0.0005779266357421875,-249.72018432617188
1750930308.1080713,0.0,0.5,"[174.0, 185.0, 190.0, 162.0, 158.0, 149.0, 148.0, 170.0, 185.0, 174.0]",22.46231460571289,0.0,57.3824462890625,0.0005779266357421875,-249.68756103515625
1750930308.1255138,0.0,0.5,"[174.0, 185.0, 190.0, 162.0, 158.0, 148.0, 148.0, 169.0, 185.0, 174.0]",22.355304718017578,0.0,57.828369140625,0.0005779266357421875,-249.65533447265625
1750930308.1438375,0.0,0.5,"[174.0, 185.0, 190.0, 162.0, 158.0, 148.0, 148.0, 169.0, 185.0, 174.0]",22.556976318359375,0.0,58.2783203125,0.0005779266357421875,-249.62261962890625
1750930308.1637604,0.0,0.5,"[174.0, 185.0, 190.0, 163.0, 158.0, 148.0, 148.0, 169.0, 185.0, 174.0]",22.41688346862793,0.0,58.725494384765625,0.0005779266357421875,-249.5902099609375
1750930308.18226,0.0,0.5,"[174.0, 185.0, 190.0, 163.0, 158.0, 148.0, 148.0, 169.0, 185.0, 174.0]",22.569007873535156,0.0,59.175689697265625,0.0005779266357421875,-249.5574951171875
1750930308.2013192,0.0,0.5,"[174.0, 185.0, 190.0, 163.0, 158.0, 148.0, 148.0, 168.0, 185.0, 174.0]",22.462993621826172,0.0,59.623779296875,0.0005779266357421875,-249.525146484375
1750930308.219348,0.0,0.5,"[174.0, 185.0, 190.0, 163.0, 158.0, 148.0, 148.0, 167.0, 185.0, 174.0]",22.70362663269043,0.0,60.07666015625,0.0005779266357421875,-249.49224853515625
1750930308.2369895,0.0,0.5,"[174.0, 185.0, 192.0, 163.0, 158.0, 148.0, 148.0, 167.0, 185.0, 174.0]",22.515512466430664,0.0,60.525787353515625,0.0005779266357421875,-249.459716796875
1750930308.2670965,0.0,0.5,"[174.0, 185.0, 192.0, 163.0, 158.0, 148.0, 147.0, 167.0, 185.0, 174.0]",22.69883155822754,0.0,60.97857666015625,0.0005779266357421875,-249.4267578125
1750930308.284283,0.0,0.5,"[174.0, 185.0, 192.0, 163.0, 158.0, 148.0, 147.0, 167.0, 185.0, 174.0]",22.586952209472656,0.0,61.42913818359375,0.0005779266357421875,-249.39422607421875
1750930308.3011756,0.0,0.5,"[174.0, 185.0, 192.0, 163.0, 158.0, 148.0, 147.0, 167.0, 185.0, 174.0]",22.796594619750977,0.0,61.883880615234375,0.0005779266357421875,-249.36117553710938
1750930308.317372,0.0,0.5,"[174.0, 185.0, 192.0, 163.0, 158.0, 148.0, 147.0, 166.0, 185.0, 174.0]",22.651714324951172,0.0,62.335723876953125,0.0005779266357421875,-249.32843017578125
1750930308.3475533,0.0,0.5,"[174.0, 185.0, 192.0, 163.0, 157.0, 148.0, 147.0, 165.0, 185.0, 174.0]",22.80622100830078,0.0,62.7906494140625,0.0005779266357421875,-249.29534912109375
1750930308.3638,0.0,0.5,"[174.0, 185.0, 192.0, 163.0, 157.0, 148.0, 146.0, 165.0, 185.0, 174.0]",22.69554901123047,0.0,63.243377685546875,0.0005779266357421875,-249.26263427734375
1750930308.3802059,0.0,0.5,"[174.0, 185.0, 192.0, 163.0, 157.0, 147.0, 146.0, 165.0, 185.0, 174.0]",22.935741424560547,0.0,63.700897216796875,0.000576019287109375,-249.22943115234375
1750930308.3965237,0.0,0.5,"[174.0, 185.0, 193.0, 163.0, 157.0, 147.0, 146.0, 164.0, 185.0, 174.0]",22.75141716003418,0.0,64.15472412109375,0.000576019287109375,-249.19656372070312
1750930308.4380674,0.0,0.5,"[174.0, 185.0, 193.0, 163.0, 157.0, 147.0, 146.0, 164.0, 185.0, 174.0]",22.933420181274414,0.0,64.6121826171875,0.0005779266357421875,-249.16329956054688
1750930308.4545245,0.0,0.5,"[174.0, 185.0, 193.0, 163.0, 157.0, 147.0, 146.0, 164.0, 185.0, 174.0]",22.816444396972656,0.0,65.06732177734375,0.0005779266357421875,-249.13043212890625
1750930308.4705806,0.0,0.5,"[174.0, 185.0, 193.0, 163.0, 157.0, 147.0, 146.0, 164.0, 185.0, 174.0]",23.030052185058594,0.0,65.52670288085938,0.0005779266357421875,-249.0970458984375
1750930308.486684,0.0,0.5,"[174.0, 185.0, 193.0, 164.0, 157.0, 147.0, 146.0, 164.0, 185.0, 174.0]",22.88313102722168,0.0,65.98318481445312,0.0005779266357421875,-249.06399536132812
1750930308.5025594,0.0,0.5,"[174.0, 185.0, 193.0, 164.0, 157.0, 147.0, 146.0, 163.0, 185.0, 174.0]",23.0410213470459,0.0,66.44277954101562,0.0005779266357421875,-249.03057861328125
1750930308.5185194,0.0,0.5,"[174.0, 185.0, 193.0, 164.0, 157.0, 147.0, 145.0, 162.0, 185.0, 174.0]",22.924840927124023,0.0,66.90011596679688,0.0005779266357421875,-248.99755859375
1750930308.5351913,0.0,0.5,"[174.0, 185.0, 193.0, 164.0, 157.0, 147.0, 145.0, 162.0, 185.0, 174.0]",23.163921356201172,0.0,67.36215209960938,0.0005779266357421875,-248.96405029296875
1750930308.5770314,1.0,0.5,"[174.0, 185.0, 193.0, 164.0, 157.0, 147.0, 145.0, 162.0, 185.0, 174.0]",22.98493003845215,0.0,67.82064819335938,0.0005779266357421875,-248.93084716796875
1750930308.5933578,1.0,0.5,"[174.0, 185.0, 193.0, 163.0, 157.0, 147.0, 146.0, 162.0, 185.0, 174.0]",22.857601165771484,0.5,68.27743530273438,0.0005779266357421875,-248.91241455078125
1750930308.6096597,1.0,0.5,"[174.0, 185.0, 192.0, 162.0, 157.0, 149.0, 147.0, 164.0, 185.0, 174.0]",22.6184024810791,0.5,68.72979736328125,0.0005779266357421875,-248.91595458984375
1750930308.625861,0.0,0.5,"[174.0, 185.0, 190.0, 161.0, 156.0, 152.0, 149.0, 168.0, 185.0, 174.0]",22.34135627746582,0.5,69.17584228515625,0.0005779266357421875,-248.9422607421875
1750930308.6419635,0.0,0.5,"[174.0, 185.0, 189.0, 160.0, 155.0, 153.0, 151.0, 170.0, 185.0, 174.0]",22.464733123779297,0.0,69.62484741210938,0.0005779266357421875,-248.958251953125
1750930308.6579738,0.0,0.5,"[174.0, 185.0, 188.0, 160.0, 155.0, 153.0, 152.0, 170.0, 185.0, 174.0]",22.321523666381836,0.0,70.07122802734375,0.0005779266357421875,-248.96588134765625
1750930308.687,0.0,0.5,"[174.0, 185.0, 188.0, 160.0, 155.0, 153.0, 152.0, 170.0, 185.0, 174.0]",22.48042106628418,0.0,70.52078247070312,0.0005779266357421875,-248.97265625
1750930308.7036524,0.0,0.5,"[174.0, 185.0, 187.0, 159.0, 155.0, 153.0, 152.0, 170.0, 185.0, 174.0]",22.323436737060547,0.0,70.96719360351562,0.0005779266357421875,-248.9793701171875
1750930308.7199283,0.0,0.5,"[174.0, 185.0, 187.0, 159.0, 155.0, 153.0, 152.0, 170.0, 185.0, 174.0]",22.585073471069336,0.0,71.41885375976562,0.0005779266357421875,-248.98651123046875
1750930308.7367964,0.0,0.5,"[174.0, 185.0, 187.0, 159.0, 155.0, 153.0, 152.0, 170.0, 185.0, 174.0]",22.428482055664062,0.0,71.86734008789062,0.0005779266357421875,-248.9937744140625
1750930308.7794337,0.0,0.5,"[174.0, 185.0, 187.0, 159.0, 155.0, 153.0, 152.0, 170.0, 185.0, 174.0]",22.591856002807617,0.0,72.31912231445312,0.0005779266357421875,-249.00140380859375
1750930308.7962816,0.0,0.5,"[174.0, 185.0, 187.0, 159.0, 155.0, 153.0, 152.0, 171.0, 185.0, 174.0]",22.460031509399414,0.0,72.76828002929688,0.0005779266357421875,-249.00897216796875
1750930308.798027,0.0,0.5,"[174.0, 185.0, 187.0, 159.0, 155.0, 153.0, 152.0, 171.0, 185.0, 174.0]",22.694101333618164,0.0,73.22207641601562,0.0005779266357421875,-249.0167236328125
1750930308.8276048,0.0,0.5,"[174.0, 185.0, 187.0, 159.0, 155.0, 153.0, 152.0, 171.0, 185.0, 174.0]",22.55108070373535,0.0,73.67303466796875,0.0005779266357421875,-249.02432250976562
1750930308.8447256,0.0,0.5,"[174.0, 185.0, 187.0, 159.0, 155.0, 153.0, 152.0, 171.0, 185.0, 174.0]",22.71532440185547,0.0,74.12728881835938,0.0005779266357421875,-249.0322265625
1750930308.861744,0.0,0.5,"[174.0, 185.0, 187.0, 159.0, 155.0, 153.0, 152.0, 171.0, 185.0, 174.0]",22.56595802307129,0.0,74.57852172851562,0.0005779266357421875,-249.0399169921875
1750930308.878773,0.0,0.5,"[174.0, 185.0, 187.0, 159.0, 155.0, 153.0, 152.0, 171.0, 185.0, 174.0]",22.81509780883789,0.0,75.03475952148438,0.0005779266357421875,-249.04779052734375
1750930308.8961234,0.0,0.5,"[174.0, 185.0, 187.0, 159.0, 155.0, 154.0, 152.0, 172.0, 185.0, 174.0]",22.670740127563477,0.0,75.48812866210938,0.0005779266357421875,-249.05548095703125
1750930308.9424214,0.0,0.5,"[174.0, 185.0, 187.0, 159.0, 155.0, 153.0, 152.0, 172.0, 185.0, 174.0]",22.82961654663086,0.0,75.94464111328125,0.000579833984375,-249.0634765625
1750930308.9612966,0.0,0.5,"[174.0, 185.0, 187.0, 159.0, 155.0, 154.0, 152.0, 172.0, 185.0, 174.0]",22.693599700927734,0.0,76.3984375,0.000579833984375,-249.07122802734375
1750930308.9632819,0.0,0.5,"[174.0, 185.0, 187.0, 159.0, 155.0, 154.0, 152.0, 172.0, 185.0, 174.0]",22.92465591430664,0.0,76.85687255859375,0.000579833984375,-249.07913208007812
1750930308.9815593,0.0,0.5,"[174.0, 185.0, 187.0, 159.0, 155.0, 154.0, 152.0, 172.0, 185.0, 174.0]",22.7882137298584,0.0,77.31256103515625,0.000579833984375,-249.08685302734375
1750930308.9992452,0.0,0.5,"[174.0, 185.0, 187.0, 159.0, 155.0, 154.0, 152.0, 172.0, 185.0, 174.0]",22.94792938232422,0.0,77.77145385742188,0.000579833984375,-249.0948486328125
1750930309.0166638,0.0,0.5,"[174.0, 185.0, 187.0, 159.0, 154.0, 154.0, 152.0, 172.0, 185.0, 174.0]",22.80017852783203,0.0,78.22738647460938,0.000579833984375,-249.1026611328125
1750930309.061954,0.0,0.5,"[174.0, 185.0, 187.0, 159.0, 154.0, 154.0, 152.0, 172.0, 185.0, 174.0]",23.0498046875,0.0,78.68832397460938,0.000579833984375,-249.110595703125
1750930309.0796266,0.0,0.5,"[174.0, 185.0, 187.0, 159.0, 154.0, 154.0, 153.0, 172.0, 185.0, 174.0]",22.897092819213867,0.0,79.14620971679688,0.000579833984375,-249.11834716796875
1750930309.081255,0.0,0.5,"[174.0, 185.0, 187.0, 159.0, 154.0, 154.0, 153.0, 172.0, 185.0, 174.0]",23.062753677368164,0.0,79.60739135742188,0.000579833984375,-249.12640380859375
1750930309.0987241,0.0,0.5,"[174.0, 185.0, 187.0, 159.0, 154.0, 153.0, 153.0, 172.0, 185.0, 174.0]",22.926727294921875,0.0,80.06585693359375,0.0005779266357421875,-249.13424682617188
1750930309.117121,0.0,0.5,"[174.0, 185.0, 187.0, 159.0, 154.0, 153.0, 153.0, 172.0, 185.0, 174.0]",23.154523849487305,0.0,80.52886962890625,0.000579833984375,-249.1422119140625
1750930309.1627276,0.0,0.5,"[174.0, 185.0, 187.0, 159.0, 154.0, 153.0, 153.0, 172.0, 185.0, 174.0]",23.015729904174805,0.0,80.98910522460938,0.0005779266357421875,-249.1500244140625
1750930309.181093,0.0,0.5,"[174.0, 185.0, 187.0, 159.0, 154.0, 153.0, 153.0, 172.0, 185.0, 174.0]",23.177846908569336,0.0,81.45260620117188,0.0005779266357421875,-249.1580810546875
1750930309.1828735,0.0,0.5,"[174.0, 185.0, 187.0, 159.0, 154.0, 153.0, 153.0, 172.0, 185.0, 174.0]",23.03183364868164,0.0,81.91317749023438,0.0005779266357421875,-249.16595458984375
1750930309.2009077,0.0,0.5,"[174.0, 185.0, 187.0, 159.0, 154.0, 153.0, 153.0, 172.0, 185.0, 174.0]",23.280187606811523,0.0,82.37872314453125,0.0005779266357421875,-249.1739501953125
1750930309.218158,0.0,0.5,"[174.0, 185.0, 187.0, 159.0, 154.0, 153.0, 153.0, 172.0, 185.0, 174.0]",23.1223201751709,0.0,82.84109497070312,0.0005779266357421875,-249.18179321289062
1750930309.2500741,0.0,0.5,"[174.0, 185.0, 187.0, 159.0, 154.0, 153.0, 153.0, 172.0, 185.0, 174.0]",23.292299270629883,0.0,83.30685424804688,0.0005779266357421875,-249.18988037109375
1750930309.2681625,0.0,0.5,"[174.0, 185.0, 187.0, 159.0, 156.0, 153.0, 153.0, 172.0, 185.0, 174.0]",23.15628433227539,0.0,83.76992797851562,0.0005779266357421875,-249.19781494140625
1750930309.2857952,0.0,0.5,"[174.0, 185.0, 187.0, 159.0, 156.0, 153.0, 153.0, 172.0, 185.0, 174.0]",23.382827758789062,0.0,84.23751831054688,0.0005779266357421875,-249.20584106445312
1750930309.3031178,0.0,0.5,"[174.0, 185.0, 187.0, 159.0, 156.0, 153.0, 153.0, 173.0, 185.0, 174.0]",23.239330291748047,0.0,84.70223999023438,0.0005779266357421875,-249.21368408203125
1750930309.3193765,0.0,0.5,"[174.0, 185.0, 187.0, 159.0, 156.0, 153.0, 153.0, 173.0, 185.0, 174.0]",23.40471649169922,0.0,85.17025756835938,0.000579833984375,-249.22183227539062
1750930309.337035,0.0,0.5,"[174.0, 185.0, 187.0, 159.0, 156.0, 153.0, 153.0, 173.0, 185.0, 174.0]",23.26173210144043,0.0,85.63543701171875,0.000579833984375,-249.229736328125
1750930309.3814158,0.0,0.5,"[174.0, 185.0, 187.0, 159.0, 156.0, 153.0, 153.0, 173.0, 185.0, 174.0]",23.506956100463867,0.0,86.10549926757812,0.000579833984375,-249.23782348632812
1750930309.3991048,0.0,0.5,"[174.0, 185.0, 186.0, 159.0, 155.0, 153.0, 153.0, 173.0, 185.0, 174.0]",23.344911575317383,0.0,86.57232666015625,0.0005779266357421875,-249.2457275390625
1750930309.4007185,0.0,0.5,"[174.0, 185.0, 186.0, 159.0, 155.0, 153.0, 153.0, 173.0, 185.0, 174.0]",23.51814079284668,0.0,87.04263305664062,0.0005779266357421875,-249.25390625
1750930309.4180639,0.0,0.5,"[174.0, 185.0, 186.0, 159.0, 155.0, 153.0, 153.0, 173.0, 185.0, 174.0]",23.382633209228516,0.0,87.51019287109375,0.0005779266357421875,-249.2618408203125
1750930309.4482124,0.0,0.5,"[174.0, 185.0, 186.0, 159.0, 155.0, 153.0, 153.0, 173.0, 185.0, 174.0]",23.61017608642578,0.0,87.98233032226562,0.0005779266357421875,-249.26995849609375
1750930309.465108,0.0,0.5,"[174.0, 185.0, 186.0, 159.0, 155.0, 153.0, 153.0, 173.0, 185.0, 174.0]",23.458974838256836,0.0,88.45144653320312,0.0005779266357421875,-249.27789306640625
1750930309.4820402,0.0,0.5,"[174.0, 185.0, 186.0, 159.0, 155.0, 153.0, 153.0, 173.0, 185.0, 174.0]",23.62887954711914,0.0,88.9239501953125,0.0005779266357421875,-249.28610229492188
1750930309.4991152,0.0,0.5,"[174.0, 185.0, 186.0, 159.0, 155.0, 153.0, 153.0, 173.0, 185.0, 174.0]",23.48938751220703,0.0,89.39364624023438,0.0005779266357421875,-249.2940673828125
1750930309.5155656,0.0,0.5,"[174.0, 185.0, 186.0, 159.0, 155.0, 152.0, 153.0, 173.0, 185.0, 174.0]",23.72979164123535,0.0,89.86819458007812,0.0005779266357421875,-249.30224609375
1750930309.5586488,0.0,0.5,"[174.0, 185.0, 186.0, 159.0, 155.0, 152.0, 153.0, 173.0, 185.0, 174.0]",23.565149307250977,0.0,90.33941650390625,0.0005779266357421875,-249.3101806640625
1750930309.575147,0.0,0.5,"[174.0, 185.0, 186.0, 159.0, 155.0, 152.0, 153.0, 173.0, 185.0, 174.0]",23.740394592285156,0.0,90.81417846679688,0.0005779266357421875,-249.31842041015625
1750930309.576796,0.0,0.5,"[174.0, 185.0, 186.0, 159.0, 155.0, 152.0, 153.0, 173.0, 185.0, 174.0]",23.60614776611328,0.0,91.28622436523438,0.0005779266357421875,-249.32644653320312
1750930309.6204627,0.0,0.5,"[174.0, 185.0, 186.0, 159.0, 155.0, 152.0, 153.0, 173.0, 185.0, 174.0]",23.835596084594727,0.0,91.76284790039062,0.0005779266357421875,-249.33462524414062
1750930309.6375256,0.0,0.5,"[174.0, 185.0, 186.0, 159.0, 155.0, 152.0, 154.0, 173.0, 185.0, 174.0]",23.67535400390625,0.0,92.23629760742188,0.0005779266357421875,-249.34262084960938
1750930309.6390986,0.0,0.5,"[174.0, 185.0, 186.0, 159.0, 155.0, 152.0, 154.0, 173.0, 185.0, 174.0]",23.84994125366211,0.0,92.71322631835938,0.000579833984375,-249.35089111328125
1750930309.6560614,0.0,0.5,"[174.0, 185.0, 186.0, 159.0, 155.0, 152.0, 154.0, 173.0, 185.0, 174.0]",23.714683532714844,0.0,93.18746948242188,0.000579833984375,-249.35894775390625
1750930309.7000926,0.0,0.5,"[174.0, 185.0, 186.0, 159.0, 154.0, 152.0, 154.0, 173.0, 185.0, 174.0]",23.950225830078125,0.0,93.6663818359375,0.000579833984375,-249.36712646484375
1750930309.7175562,0.0,0.5,"[174.0, 185.0, 186.0, 159.0, 154.0, 152.0, 154.0, 173.0, 185.0, 174.0]",23.78143882751465,0.0,94.14193725585938,0.0005779266357421875,-249.37518310546875
1750930309.719249,0.0,0.5,"[174.0, 185.0, 186.0, 159.0, 154.0, 152.0, 154.0, 173.0, 185.0, 174.0]",23.95975112915039,0.0,94.62106323242188,0.0005779266357421875,-249.38345336914062
1750930309.7363174,0.0,0.5,"[174.0, 185.0, 186.0, 159.0, 154.0, 152.0, 154.0, 175.0, 185.0, 174.0]",23.82770538330078,0.0,95.09756469726562,0.000579833984375,-249.39154052734375
1750930309.780568,0.0,0.5,"[174.0, 185.0, 186.0, 159.0, 154.0, 152.0, 154.0, 175.0, 185.0, 174.0]",24.057388305664062,0.0,95.57864379882812,0.0005779266357421875,-249.3997802734375
1750930309.7976096,0.0,0.5,"[174.0, 185.0, 186.0, 158.0, 154.0, 152.0, 154.0, 175.0, 185.0, 174.0]",23.889205932617188,0.0,96.05636596679688,0.0005779266357421875,-249.4078369140625
1750930309.7993093,0.0,0.5,"[174.0, 185.0, 186.0, 158.0, 154.0, 152.0, 154.0, 175.0, 185.0, 174.0]",24.068050384521484,0.0,96.53765869140625,0.0005779266357421875,-249.4161376953125
1750930309.8158588,0.0,0.5,"[174.0, 185.0, 186.0, 158.0, 154.0, 151.0, 154.0, 175.0, 185.0, 174.0]",23.937170028686523,0.0,97.01632690429688,0.0005779266357421875,-249.42425537109375
1750930309.859495,0.0,0.5,"[174.0, 185.0, 186.0, 158.0, 154.0, 151.0, 154.0, 175.0, 185.0, 174.0]",24.16798973083496,0.0,97.49960327148438,0.0005779266357421875,-249.43255615234375
1750930309.8771708,0.0,0.5,"[174.0, 185.0, 185.0, 158.0, 154.0, 151.0, 154.0, 175.0, 185.0, 174.0]",23.99497413635254,0.0,97.97946166992188,0.0005779266357421875,-249.44061279296875
1750930309.8789256,0.0,0.5,"[174.0, 185.0, 185.0, 158.0, 154.0, 151.0, 154.0, 175.0, 185.0, 174.0]",24.176115036010742,0.0,98.462890625,0.0005779266357421875,-249.448974609375
1750930309.8961241,0.0,0.5,"[174.0, 185.0, 185.0, 158.0, 153.0, 151.0, 154.0, 175.0, 185.0, 174.0]",24.04776954650879,0.0,98.94378662109375,0.000579833984375,-249.45712280273438
1750930309.9399803,0.0,0.5,"[174.0, 185.0, 185.0, 158.0, 153.0, 151.0, 154.0, 175.0, 185.0, 174.0]",24.275516510009766,0.0,99.42922973632812,0.000579833984375,-249.46542358398438
1750930309.9574304,0.0,0.5,"[174.0, 185.0, 185.0, 158.0, 153.0, 151.0, 154.0, 175.0, 185.0, 174.0]",24.100561141967773,0.0,99.91116333007812,0.000579833984375,-249.47354125976562
1750930309.959046,0.0,0.5,"[174.0, 185.0, 185.0, 158.0, 153.0, 151.0, 154.0, 175.0, 185.0, 174.0]",24.2833194732666,0.0,100.39675903320312,0.000579833984375,-249.48193359375
1750930309.9761658,0.0,0.5,"[174.0, 185.0, 185.0, 158.0, 153.0, 150.0, 154.0, 175.0, 185.0, 174.0]",24.15668487548828,0.0,100.87982177734375,0.000579833984375,-249.4901123046875
1750930310.0205278,0.0,0.0,"[174.0, 185.0, 185.0, 158.0, 153.0, 150.0, 154.0, 175.0, 185.0, 174.0]",24.383665084838867,0.0,101.367431640625,0.000579833984375,-249.49844360351562
1750930310.0376658,0.0,0.0,"[174.0, 185.0, 184.0, 158.0, 153.0, 150.0, 154.0, 175.0, 185.0, 174.0]",24.205223083496094,0.0,101.85147094726562,0.000579833984375,-249.506591796875
1750930310.0392718,0.0,0.0,"[174.0, 185.0, 184.0, 158.0, 153.0, 150.0, 154.0, 175.0, 185.0, 174.0]",23.93867301940918,0.0,102.33016967773438,0.000579833984375,-249.51483154296875
1750930310.0564375,0.0,0.0,"[174.0, 185.0, 184.0, 158.0, 153.0, 150.0, 154.0, 175.0, 185.0, 174.0]",23.672489166259766,0.0,102.80352783203125,0.000579833984375,-249.523193359375
1750930310.10071,0.0,0.0,"[174.0, 185.0, 184.0, 158.0, 152.0, 150.0, 154.0, 175.0, 185.0, 174.0]",23.406808853149414,0.0,103.2716064453125,0.000579833984375,-249.53164672851562
1750930310.1178157,0.0,0.0,"[174.0, 185.0, 184.0, 158.0, 152.0, 149.0, 154.0, 175.0, 185.0, 174.0]",23.14153480529785,0.0,103.73434448242188,0.000579833984375,-249.54010009765625
1750930310.1196637,0.0,0.0,"[174.0, 185.0, 184.0, 158.0, 152.0, 149.0, 154.0, 175.0, 185.0, 174.0]",22.876649856567383,0.0,104.19180297851562,0.000579833984375,-249.548583984375
1750930310.136429,0.0,0.0,"[174.0, 185.0, 184.0, 158.0, 152.0, 149.0, 154.0, 176.0, 185.0, 174.0]",22.612192153930664,0.0,104.64395141601562,0.000579833984375,-249.55697631835938
1750930310.18166,0.0,0.0,"[174.0, 185.0, 184.0, 158.0, 152.0, 149.0, 154.0, 176.0, 185.0, 174.0]",22.34815788269043,0.0,105.09085083007812,0.000579833984375,-249.5653076171875
1750930310.1989515,0.0,0.0,"[174.0, 185.0, 184.0, 158.0, 152.0, 149.0, 154.0, 176.0, 185.0, 174.0]",22.084545135498047,0.0,105.532470703125,0.0005817413330078125,-249.57354736328125
1750930310.2005992,0.0,0.0,"[174.0, 185.0, 184.0, 158.0, 152.0, 149.0, 154.0, 176.0, 185.0, 174.0]",21.821413040161133,0.0,105.96881103515625,0.0005817413330078125,-249.58172607421875
1750930310.217952,0.0,0.0,"[174.0, 185.0, 184.0, 158.0, 152.0, 148.0, 154.0, 176.0, 185.0, 174.0]",21.55866241455078,0.0,106.39990234375,0.0005817413330078125,-249.58978271484375
1750930310.2487888,0.0,0.0,"[174.0, 185.0, 184.0, 158.0, 151.0, 148.0, 154.0, 176.0, 185.0, 174.0]",21.296371459960938,0.0,106.82577514648438,0.0005817413330078125,-249.5977783203125
1750930310.2660139,0.0,0.0,"[174.0, 185.0, 184.0, 158.0, 151.0, 148.0, 154.0, 176.0, 185.0, 174.0]",21.034387588500977,0.0,107.24636840820312,0.0005817413330078125,-249.60565185546875
1750930310.282917,0.0,0.0,"[174.0, 185.0, 184.0, 158.0, 151.0, 148.0, 154.0, 176.0, 185.0, 174.0]",20.77293586730957,0.0,107.66177368164062,0.0005817413330078125,-249.61343383789062
1750930310.3000293,0.0,0.0,"[174.0, 185.0, 184.0, 158.0, 151.0, 148.0, 155.0, 176.0, 185.0, 174.0]",20.511882781982422,0.0,108.07192993164062,0.0005817413330078125,-249.62112426757812
1750930310.3163342,0.0,0.0,"[174.0, 185.0, 184.0, 158.0, 151.0, 148.0, 155.0, 176.0, 185.0, 174.0]",20.251211166381836,0.0,108.47686767578125,0.0005817413330078125,-249.62872314453125
1750930310.3606656,0.0,0.0,"[174.0, 185.0, 184.0, 158.0, 151.0, 147.0, 155.0, 176.0, 185.0, 174.0]",19.990991592407227,0.0,108.87661743164062,0.0005817413330078125,-249.63619995117188
1750930310.3779202,0.0,0.0,"[174.0, 185.0, 184.0, 158.0, 151.0, 147.0, 154.0, 176.0, 185.0, 174.0]",19.731170654296875,0.0,109.27117919921875,0.0005817413330078125,-249.64361572265625
1750930310.3795772,0.0,0.0,"[174.0, 185.0, 184.0, 158.0, 151.0, 147.0, 154.0, 176.0, 185.0, 174.0]",19.47172737121582,0.0,109.66055297851562,0.0005817413330078125,-249.65087890625
1750930310.3970459,0.0,0.0,"[174.0, 185.0, 184.0, 158.0, 150.0, 147.0, 154.0, 176.0, 185.0, 174.0]",19.21277618408203,0.0,110.04473876953125,0.0005817413330078125,-249.6580810546875
1750930310.4404395,0.0,0.0,"[174.0, 185.0, 184.0, 158.0, 150.0, 147.0, 154.0, 176.0, 185.0, 174.0]",18.954181671142578,0.0,110.42373657226562,0.0005817413330078125,-249.66519165039062
1750930310.457177,0.0,0.0,"[174.0, 185.0, 184.0, 158.0, 150.0, 147.0, 154.0, 176.0, 185.0, 174.0]",18.696020126342773,0.0,110.797607421875,0.0005817413330078125,-249.67218017578125
1750930310.4587593,0.0,0.0,"[174.0, 185.0, 184.0, 158.0, 150.0, 147.0, 154.0, 176.0, 185.0, 174.0]",18.438255310058594,0.0,111.16629028320312,0.000583648681640625,-249.67910766601562
1750930310.4760199,0.0,0.0,"[174.0, 185.0, 184.0, 158.0, 150.0, 146.0, 154.0, 176.0, 185.0, 174.0]",18.180957794189453,0.0,111.52987670898438,0.000583648681640625,-249.6859130859375
1750930310.5188894,0.0,0.0,"[174.0, 185.0, 184.0, 158.0, 150.0, 146.0, 154.0, 176.0, 185.0, 174.0]",17.924015045166016,0.0,111.88827514648438,0.000583648681640625,-249.692626953125
1750930310.5353358,0.0,0.0,"[174.0, 185.0, 184.0, 157.0, 149.0, 146.0, 153.0, 176.0, 185.0, 174.0]",17.667484283447266,0.0,112.24154663085938,0.000583648681640625,-249.69924926757812
1750930310.5370035,0.0,0.0,"[174.0, 185.0, 184.0, 157.0, 149.0, 146.0, 153.0, 176.0, 185.0, 174.0]",17.41143798828125,0.0,112.5897216796875,0.0005817413330078125,-249.70578002929688
1750930310.5803576,0.0,0.0,"[174.0, 185.0, 184.0, 156.0, 149.0, 146.0, 153.0, 176.0, 185.0, 174.0]",17.15565299987793,0.0,112.93276977539062,0.000583648681640625,-249.71221923828125
1750930310.59708,0.0,0.0,"[174.0, 185.0, 184.0, 156.0, 149.0, 145.0, 153.0, 176.0, 185.0, 174.0]",16.900388717651367,0.0,113.27072143554688,0.000583648681640625,-249.71853637695312
1750930310.5986755,0.0,0.0,"[174.0, 185.0, 184.0, 156.0, 149.0, 145.0, 153.0, 176.0, 185.0, 174.0]",16.645517349243164,0.0,113.60360717773438,0.0005855560302734375,-249.72479248046875
1750930310.614946,0.0,0.0,"[174.0, 185.0, 183.0, 155.0, 149.0, 145.0, 153.0, 176.0, 185.0, 174.0]",16.3911075592041,0.0,113.93136596679688,0.000583648681640625,-249.73089599609375
1750930310.657958,0.0,0.0,"[174.0, 185.0, 183.0, 155.0, 148.0, 145.0, 153.0, 177.0, 185.0, 174.0]",16.13702964782715,0.0,114.25405883789062,0.000583648681640625,-249.7369384765625
1750930310.6747236,0.0,0.0,"[174.0, 185.0, 183.0, 155.0, 148.0, 145.0, 152.0, 177.0, 185.0, 174.0]",15.883377075195312,0.0,114.5716552734375,0.000583648681640625,-249.742919921875
1750930310.6908567,0.0,0.0,"[174.0, 185.0, 183.0, 155.0, 148.0, 144.0, 152.0, 177.0, 185.0, 174.0]",15.630146026611328,0.0,114.88418579101562,0.000583648681640625,-249.748779296875
1750930310.706928,0.0,0.0,"[174.0, 185.0, 183.0, 157.0, 148.0, 144.0, 152.0, 177.0, 185.0, 174.0]",15.377283096313477,0.0,115.19168090820312,0.000583648681640625,-249.7545166015625
1750930310.723334,0.0,0.0,"[174.0, 185.0, 183.0, 169.0, 148.0, 144.0, 152.0, 178.0, 185.0, 174.0]",15.12488079071045,0.0,115.494140625,0.0005817413330078125,-249.76019287109375
1750930310.739754,0.0,0.0,"[174.0, 185.0, 183.0, 169.0, 148.0, 144.0, 152.0, 178.0, 185.0, 174.0]",14.872785568237305,0.0,115.79153442382812,0.0005817413330078125,-249.7657470703125
1750930310.7555616,0.0,0.5,"[174.0, 185.0, 183.0, 169.0, 147.0, 144.0, 152.0, 177.0, 185.0, 174.0]",14.621172904968262,0.0,116.08392333984375,0.0005817413330078125,-249.771240234375
1750930310.7987323,0.0,0.5,"[174.0, 185.0, 183.0, 169.0, 147.0, 144.0, 152.0, 176.0, 185.0, 174.0]",14.369943618774414,0.0,116.37124633789062,0.0005817413330078125,-249.776611328125
1750930310.8152533,0.0,0.5,"[174.0, 185.0, 183.0, 168.0, 147.0, 143.0, 152.0, 176.0, 185.0, 174.0]",14.379657745361328,0.0,116.6588134765625,0.0005817413330078125,-249.78201293945312
1750930310.8169951,0.0,0.5,"[174.0, 185.0, 183.0, 168.0, 147.0, 143.0, 152.0, 176.0, 185.0, 174.0]",14.519865036010742,0.0,116.94915771484375,0.0005817413330078125,-249.7874755859375
1750930310.8591952,0.0,0.5,"[174.0, 185.0, 183.0, 168.0, 147.0, 143.0, 151.0, 176.0, 185.0, 174.0]",14.301733016967773,0.0,117.23513793945312,0.0005817413330078125,-249.79281616210938
1750930310.8753572,0.0,0.5,"[174.0, 185.0, 183.0, 168.0, 146.0, 143.0, 151.0, 176.0, 185.0, 174.0]",14.535316467285156,0.0,117.52578735351562,0.0005817413330078125,-249.79827880859375
1750930310.8769648,0.0,0.5,"[174.0, 185.0, 183.0, 168.0, 146.0, 143.0, 151.0, 176.0, 185.0, 174.0]",14.519285202026367,0.0,117.81613159179688,0.0005817413330078125,-249.8037109375
1750930310.9191053,0.0,0.0,"[174.0, 185.0, 183.0, 168.0, 146.0, 142.0, 151.0, 175.0, 185.0, 174.0]",14.520285606384277,0.0,118.10647583007812,0.0005817413330078125,-249.80914306640625
1750930310.9349263,0.0,0.0,"[174.0, 185.0, 183.0, 167.0, 146.0, 142.0, 151.0, 175.0, 185.0, 174.0]",14.584733963012695,0.0,118.39813232421875,0.0005817413330078125,-249.814697265625
1750930310.9367456,0.0,0.0,"[174.0, 185.0, 183.0, 167.0, 146.0, 142.0, 151.0, 175.0, 185.0, 174.0]",14.333538055419922,0.0,118.68475341796875,0.0005817413330078125,-249.8199462890625
1750930310.9791543,0.0,0.0,"[174.0, 185.0, 183.0, 167.0, 145.0, 141.0, 150.0, 175.0, 185.0, 174.0]",14.08272933959961,0.0,118.96633911132812,0.0005817413330078125,-249.82504272460938
1750930310.9948761,0.0,0.0,"[174.0, 185.0, 183.0, 167.0, 145.0, 141.0, 150.0, 175.0, 185.0, 174.0]",13.832381248474121,0.0,119.24295043945312,0.0005817413330078125,-249.83001708984375
1750930310.9965014,0.0,0.0,"[174.0, 185.0, 183.0, 167.0, 145.0, 141.0, 150.0, 175.0, 185.0, 174.0]",13.582413673400879,0.0,119.51455688476562,0.0005817413330078125,-249.83489990234375
1750930311.038759,0.0,0.0,"[174.0, 185.0, 183.0, 167.0, 145.0, 141.0, 149.0, 173.0, 185.0, 174.0]",13.332862854003906,0.0,119.78118896484375,0.000579833984375,-249.83969116210938
1750930311.055432,0.0,0.0,"[174.0, 185.0, 183.0, 166.0, 144.0, 140.0, 149.0, 173.0, 185.0, 174.0]",13.083637237548828,0.0,120.04281616210938,0.0005817413330078125,-249.84439086914062
1750930311.0570872,0.0,0.0,"[174.0, 185.0, 183.0, 166.0, 144.0, 140.0, 149.0, 173.0, 185.0, 174.0]",12.834887504577637,0.0,120.29946899414062,0.0005817413330078125,-249.8489990234375
1750930311.0987601,0.0,0.5,"[174.0, 185.0, 181.0, 166.0, 144.0, 140.0, 148.0, 173.0, 185.0, 174.0]",12.586499214172363,0.0,120.5511474609375,0.0005817413330078125,-249.853515625
1750930311.1146219,0.0,0.5,"[174.0, 185.0, 181.0, 166.0, 144.0, 140.0, 148.0, 173.0, 185.0, 174.0]",12.338543891906738,0.0,120.79788208007812,0.0005817413330078125,-249.85794067382812
1750930311.1164162,0.0,0.5,"[174.0, 185.0, 181.0, 166.0, 144.0, 140.0, 148.0, 173.0, 185.0, 174.0]",12.548351287841797,0.0,121.04879760742188,0.0005817413330078125,-249.8624267578125
1750930311.1580782,0.0,0.5,"[174.0, 185.0, 179.0, 164.0, 143.0, 139.0, 148.0, 172.0, 185.0, 174.0]",12.13968563079834,0.0,121.29156494140625,0.0005817413330078125,-249.8668212890625
1750930311.1747007,0.0,0.5,"[174.0, 185.0, 179.0, 164.0, 143.0, 139.0, 147.0, 172.0, 185.0, 174.0]",12.479808807373047,0.0,121.54110717773438,0.0005817413330078125,-249.87127685546875
1750930311.1917467,0.0,0.5,"[174.0, 185.0, 178.0, 164.0, 143.0, 138.0, 147.0, 172.0, 185.0, 174.0]",12.476550102233887,0.0,121.79061889648438,0.0005817413330078125,-249.87579345703125
1750930311.2075613,0.0,0.5,"[174.0, 185.0, 178.0, 164.0, 143.0, 138.0, 146.0, 172.0, 185.0, 174.0]",12.516860961914062,0.0,122.0408935546875,0.0005817413330078125,-249.8802490234375
1750930311.2239635,0.0,0.0,"[174.0, 185.0, 180.0, 164.0, 142.0, 138.0, 146.0, 171.0, 185.0, 174.0]",12.876771926879883,0.0,122.29840087890625,0.0005817413330078125,-249.8848876953125
1750930311.239947,0.0,0.0,"[174.0, 185.0, 187.0, 163.0, 142.0, 137.0, 146.0, 171.0, 185.0, 174.0]",12.607939720153809,0.0,122.55050659179688,0.000583648681640625,-249.889404296875
1750930311.2558367,0.0,0.0,"[174.0, 185.0, 221.0, 163.0, 142.0, 137.0, 146.0, 170.0, 185.0, 174.0]",12.359971046447754,0.0,122.79766845703125,0.0005817413330078125,-249.89385986328125
1750930311.297742,0.0,0.0,"[174.0, 185.0, 221.0, 163.0, 141.0, 137.0, 145.0, 170.0, 185.0, 174.0]",12.11233901977539,0.0,123.03988647460938,0.0005817413330078125,-249.898193359375
1750930311.3139331,0.0,0.0,"[174.0, 185.0, 221.0, 163.0, 141.0, 136.0, 145.0, 170.0, 185.0, 174.0]",11.865124702453613,0.0,123.27716064453125,0.0005817413330078125,-249.9024658203125
1750930311.3299873,0.0,0.0,"[174.0, 185.0, 220.0, 163.0, 141.0, 136.0, 144.0, 170.0, 185.0, 174.0]",11.61824893951416,0.0,123.50949096679688,0.0005817413330078125,-249.9066162109375
1750930311.3461888,0.0,0.0,"[174.0, 185.0, 220.0, 162.0, 140.0, 136.0, 144.0, 170.0, 185.0, 174.0]",11.371864318847656,0.0,123.73687744140625,0.000583648681640625,-249.91070556640625
1750930311.361592,0.0,0.0,"[174.0, 185.0, 220.0, 162.0, 140.0, 135.0, 144.0, 169.0, 185.0, 174.0]",11.12585163116455,0.0,123.95938110351562,0.0005817413330078125,-249.91473388671875
1750930311.3778489,0.0,0.0,"[174.0, 185.0, 220.0, 162.0, 140.0, 135.0, 143.0, 169.0, 185.0, 174.0]",10.880213737487793,0.0,124.17694091796875,0.0005817413330078125,-249.91864013671875
1750930311.4068818,0.0,0.5,"[174.0, 185.0, 220.0, 162.0, 140.0, 135.0, 143.0, 169.0, 185.0, 174.0]",10.634949684143066,0.0,124.38958740234375,0.0005817413330078125,-249.92242431640625
1750930311.4232302,0.0,0.5,"[174.0, 185.0, 218.0, 161.0, 139.0, 134.0, 143.0, 169.0, 185.0, 174.0]",10.390080451965332,0.0,124.59738159179688,0.000583648681640625,-249.9261474609375
1750930311.4392047,0.0,0.5,"[174.0, 185.0, 218.0, 161.0, 139.0, 134.0, 141.0, 169.0, 185.0, 174.0]",10.77221965789795,0.0,124.81277465820312,0.0005817413330078125,-249.93002319335938
1750930311.45518,0.0,0.5,"[174.0, 185.0, 218.0, 161.0, 139.0, 134.0, 141.0, 168.0, 185.0, 174.0]",10.527149200439453,0.0,125.02328491210938,0.0005817413330078125,-249.93380737304688
1750930311.496595,0.0,0.5,"[174.0, 185.0, 218.0, 161.0, 138.0, 133.0, 141.0, 167.0, 185.0, 174.0]",10.762452125549316,0.0,125.23849487304688,0.0005817413330078125,-249.93768310546875
1750930311.51344,0.0,0.5,"[174.0, 185.0, 218.0, 160.0, 138.0, 133.0, 140.0, 167.0, 185.0, 174.0]",10.402234077453613,0.0,125.44650268554688,0.000583648681640625,-249.94140625
1750930311.529572,0.0,0.5,"[174.0, 185.0, 217.0, 160.0, 138.0, 131.0, 140.0, 167.0, 185.0, 174.0]",10.737854957580566,0.0,125.66122436523438,0.0005817413330078125,-249.94525146484375
1750930311.5455675,0.0,0.5,"[174.0, 185.0, 217.0, 160.0, 137.0, 131.0, 139.0, 167.0, 185.0, 174.0]",10.827524185180664,0.0,125.87774658203125,0.0005817413330078125,-249.94915771484375
1750930311.5614216,0.0,0.5,"[174.0, 185.0, 217.0, 160.0, 137.0, 131.0, 139.0, 167.0, 185.0, 174.0]",10.75876522064209,0.0,126.0928955078125,0.0005817413330078125,-249.9530029296875
1750930311.577561,0.0,0.5,"[174.0, 185.0, 217.0, 159.0, 137.0, 130.0, 139.0, 165.0, 185.0, 174.0]",10.753173828125,0.0,126.30792236328125,0.0005817413330078125,-249.9569091796875
1750930311.6194055,1.0,0.5,"[174.0, 185.0, 217.0, 159.0, 136.0, 130.0, 138.0, 165.0, 185.0, 174.0]",10.748895645141602,0.0,126.52285766601562,0.0005817413330078125,-249.96078491210938
1750930311.6356528,1.0,0.5,"[174.0, 185.0, 217.0, 159.0, 136.0, 130.0, 138.0, 164.0, 185.0, 174.0]",10.850112915039062,0.5,126.73895263671875,0.0005817413330078125,-249.98046875
1750930311.6372828,1.0,0.5,"[174.0, 185.0, 217.0, 159.0, 136.0, 130.0, 138.0, 164.0, 185.0, 174.0]",10.390298843383789,0.5,126.94326782226562,0.0005817413330078125,-250.01837158203125
1750930311.6787763,1.0,0.5,"[174.0, 185.0, 217.0, 159.0, 137.0, 130.0, 139.0, 165.0, 185.0, 174.0]",10.704573631286621,0.5,127.15194702148438,0.0005817413330078125,-250.06622314453125
1750930311.6947584,1.0,0.0,"[174.0, 185.0, 217.0, 159.0, 137.0, 130.0, 140.0, 165.0, 185.0, 174.0]",10.367831230163574,0.5,127.35317993164062,0.0005817413330078125,-250.11627197265625
1750930311.6964283,1.0,0.0,"[174.0, 185.0, 217.0, 159.0, 137.0, 130.0, 140.0, 165.0, 185.0, 174.0]",10.67194938659668,0.5,127.55917358398438,0.000579833984375,-250.17214965820312
1750930311.7381835,1.0,0.0,"[174.0, 185.0, 218.0, 160.0, 138.0, 130.0, 140.0, 167.0, 185.0, 174.0]",10.425616264343262,0.5,127.7591552734375,0.000579833984375,-250.231201171875
1750930311.7546864,0.0,0.0,"[174.0, 185.0, 218.0, 160.0, 138.0, 130.0, 140.0, 168.0, 185.0, 174.0]",10.174098014831543,0.5,127.95303344726562,0.000579833984375,-250.29296875
1750930311.7709517,0.0,0.0,"[174.0, 185.0, 218.0, 160.0, 138.0, 130.0, 140.0, 167.0, 185.0, 174.0]",9.839340209960938,0.0,128.14492797851562,0.000579833984375,-250.33660888671875
1750930311.787807,0.0,0.0,"[174.0, 185.0, 218.0, 159.0, 138.0, 130.0, 139.0, 167.0, 185.0, 174.0]",9.57857608795166,0.0,128.33456420898438,0.000579833984375,-250.36376953125
1750930311.8041298,0.0,0.0,"[174.0, 185.0, 218.0, 159.0, 137.0, 129.0, 139.0, 167.0, 185.0, 174.0]",9.334307670593262,0.0,128.51876831054688,0.000579833984375,-250.39410400390625
1750930311.82081,0.0,0.0,"[174.0, 185.0, 217.0, 159.0, 137.0, 129.0, 138.0, 166.0, 185.0, 174.0]",9.09145450592041,0.0,128.69833374023438,0.000579833984375,-250.4228515625
1750930311.837183,0.0,0.0,"[174.0, 185.0, 217.0, 159.0, 137.0, 129.0, 138.0, 165.0, 185.0, 174.0]",8.849072456359863,0.0,128.87307739257812,0.000579833984375,-250.45089721679688
1750930311.8793495,0.0,0.5,"[174.0, 185.0, 217.0, 158.0, 137.0, 128.0, 138.0, 165.0, 185.0, 174.0]",8.607059478759766,0.0,129.04302978515625,0.0005817413330078125,-250.47821044921875
1750930311.8962245,1.0,0.5,"[174.0, 185.0, 217.0, 158.0, 136.0, 128.0, 137.0, 164.0, 185.0, 174.0]",8.36549186706543,0.0,129.20822143554688,0.0005817413330078125,-250.50469970703125
1750930311.897917,1.0,0.5,"[174.0, 185.0, 217.0, 158.0, 136.0, 128.0, 137.0, 164.0, 185.0, 174.0]",8.510649681091309,0.5,129.37319946289062,0.0005817413330078125,-250.54669189453125
1750930311.926758,1.0,0.5,"[174.0, 185.0, 217.0, 158.0, 136.0, 128.0, 137.0, 165.0, 185.0, 174.0]",8.0955810546875,0.5,129.52398681640625,0.0005817413330078125,-250.60562133789062
1750930311.9432077,1.0,0.5,"[174.0, 185.0, 217.0, 158.0, 136.0, 128.0, 137.0, 167.0, 185.0, 174.0]",8.514663696289062,0.5,129.6834716796875,0.0005817413330078125,-250.66534423828125
1750930311.9589453,1.0,0.5,"[174.0, 185.0, 218.0, 159.0, 136.0, 128.0, 137.0, 167.0, 185.0, 174.0]",8.196167945861816,0.5,129.83547973632812,0.0005817413330078125,-250.72674560546875
1750930311.9751582,1.0,0.5,"[174.0, 185.0, 218.0, 159.0, 136.0, 129.0, 137.0, 167.0, 185.0, 174.0]",8.410934448242188,0.5,129.99038696289062,0.000583648681640625,-250.792236328125
1750930312.0161877,1.0,0.5,"[174.0, 185.0, 218.0, 159.0, 136.0, 129.0, 137.0, 167.0, 185.0, 174.0]",8.427940368652344,0.5,130.14501953125,0.000583648681640625,-250.859375
1750930312.0324862,1.0,0.5,"[174.0, 185.0, 220.0, 159.0, 136.0, 129.0, 137.0, 167.0, 185.0, 174.0]",8.418538093566895,0.5,130.29733276367188,0.000583648681640625,-250.93112182617188
1750930312.04892,0.0,0.5,"[174.0, 185.0, 220.0, 159.0, 136.0, 130.0, 138.0, 167.0, 185.0, 174.0]",8.459756851196289,0.5,130.450439453125,0.000583648681640625,-251.00311279296875
1750930312.065411,0.0,0.5,"[174.0, 185.0, 220.0, 159.0, 136.0, 129.0, 137.0, 167.0, 185.0, 174.0]",8.494080543518066,0.0,130.61102294921875,0.000583648681640625,-251.05856323242188
1750930312.0816634,0.0,0.5,"[174.0, 185.0, 220.0, 159.0, 136.0, 129.0, 137.0, 165.0, 185.0, 174.0]",8.407720565795898,0.0,130.77294921875,0.000583648681640625,-251.10394287109375
1750930312.0976686,0.0,0.5,"[174.0, 185.0, 218.0, 159.0, 135.0, 129.0, 136.0, 165.0, 185.0, 174.0]",8.781932830810547,0.0,130.94088745117188,0.000583648681640625,-251.1553955078125
1750930312.1275723,0.0,0.5,"[174.0, 185.0, 218.0, 158.0, 135.0, 128.0, 136.0, 164.0, 185.0, 174.0]",8.53989028930664,0.0,131.10452270507812,0.000583648681640625,-251.20428466796875
1750930312.1450174,0.0,0.5,"[174.0, 185.0, 218.0, 158.0, 135.0, 128.0, 136.0, 164.0, 185.0, 174.0]",8.906402587890625,0.0,131.27511596679688,0.000583648681640625,-251.2554931640625
1750930312.161859,0.0,0.5,"[174.0, 185.0, 218.0, 158.0, 134.0, 127.0, 134.0, 162.0, 185.0, 174.0]",8.610618591308594,0.0,131.44003295898438,0.000583648681640625,-251.3050537109375
1750930312.1788785,0.0,0.5,"[174.0, 185.0, 218.0, 158.0, 134.0, 127.0, 134.0, 162.0, 185.0, 174.0]",8.7782621383667,0.0,131.60818481445312,0.000583648681640625,-251.35565185546875
1750930312.195591,0.0,0.5,"[174.0, 185.0, 217.0, 156.0, 134.0, 127.0, 133.0, 161.0, 185.0, 174.0]",8.746676445007324,0.0,131.77569580078125,0.000583648681640625,-251.406005859375
1750930312.2368436,0.0,0.5,"[174.0, 185.0, 217.0, 156.0, 133.0, 126.0, 133.0, 159.0, 185.0, 174.0]",8.761675834655762,0.0,131.94351196289062,0.000583648681640625,-251.45648193359375
1750930312.252974,1.0,0.5,"[174.0, 185.0, 217.0, 156.0, 133.0, 126.0, 132.0, 159.0, 185.0, 174.0]",8.956408500671387,0.0,132.11502075195312,0.000583648681640625,-251.50811767578125
1750930312.2691221,1.0,0.5,"[174.0, 185.0, 217.0, 156.0, 133.0, 126.0, 132.0, 159.0, 185.0, 174.0]",8.586883544921875,0.5,132.274169921875,0.000583648681640625,-251.57266235351562
1750930312.2851028,1.0,0.5,"[174.0, 185.0, 217.0, 156.0, 133.0, 126.0, 132.0, 159.0, 185.0, 174.0]",8.415361404418945,0.5,132.42227172851562,0.000583648681640625,-251.65264892578125
1750930312.3013363,1.0,0.5,"[174.0, 185.0, 218.0, 156.0, 133.0, 127.0, 132.0, 159.0, 185.0, 174.0]",8.829565048217773,0.5,132.57769775390625,0.0005817413330078125,-251.7364501953125
1750930312.3173413,1.0,0.5,"[174.0, 185.0, 218.0, 156.0, 133.0, 127.0, 133.0, 159.0, 185.0, 174.0]",8.478595733642578,0.5,132.72506713867188,0.0005817413330078125,-251.8203125
1750930312.3601298,1.0,0.5,"[174.0, 185.0, 220.0, 156.0, 133.0, 127.0, 133.0, 159.0, 185.0, 174.0]",8.806816101074219,0.5,132.87673950195312,0.0005817413330078125,-251.909912109375
1750930312.3758695,1.0,0.5,"[174.0, 185.0, 220.0, 158.0, 133.0, 127.0, 133.0, 159.0, 185.0, 174.0]",8.868951797485352,0.5,133.02847290039062,0.0005817413330078125,-252.00177001953125
1750930312.3774617,1.0,0.5,"[174.0, 185.0, 220.0, 158.0, 133.0, 127.0, 133.0, 159.0, 185.0, 174.0]",8.86510181427002,0.5,133.17752075195312,0.0005817413330078125,-252.09780883789062
1750930312.4190032,1.0,0.5,"[174.0, 185.0, 221.0, 158.0, 133.0, 127.0, 134.0, 159.0, 185.0, 174.0]",8.83011245727539,0.5,133.32553100585938,0.0005817413330078125,-252.194091796875
1750930312.4348135,1.0,0.5,"[174.0, 185.0, 223.0, 158.0, 134.0, 127.0, 134.0, 159.0, 185.0, 174.0]",8.802720069885254,0.5,133.46978759765625,0.000579833984375,-252.2950439453125
1750930312.4367247,1.0,0.5,"[174.0, 185.0, 223.0, 158.0, 134.0, 127.0, 134.0, 159.0, 185.0, 174.0]",9.123725891113281,0.5,133.61819458007812,0.000579833984375,-252.4012451171875
1750930312.4790099,1.0,0.5,"[174.0, 185.0, 227.0, 159.0, 134.0, 127.0, 136.0, 160.0, 185.0, 174.0]",8.832448959350586,0.5,133.75970458984375,0.0005817413330078125,-252.5069580078125
1750930312.4949691,1.0,0.5,"[174.0, 185.0, 227.0, 159.0, 134.0, 127.0, 137.0, 161.0, 185.0, 174.0]",9.074666976928711,0.5,133.90310668945312,0.0005817413330078125,-252.6181640625
1750930312.496743,1.0,0.5,"[174.0, 185.0, 227.0, 159.0, 134.0, 127.0, 137.0, 161.0, 185.0, 174.0]",9.116923332214355,0.5,134.04592895507812,0.0005817413330078125,-252.73150634765625
1750930312.5382707,1.0,0.5,"[174.0, 185.0, 227.0, 160.0, 135.0, 127.0, 138.0, 162.0, 185.0, 174.0]",9.063382148742676,0.5,134.18447875976562,0.0005817413330078125,-252.848388671875
1750930312.5540628,1.0,0.5,"[174.0, 185.0, 227.0, 160.0, 135.0, 127.0, 138.0, 162.0, 185.0, 174.0]",9.237281799316406,0.5,134.32479858398438,0.000583648681640625,-252.96856689453125
1750930312.5701394,1.0,0.5,"[174.0, 185.0, 227.0, 160.0, 135.0, 128.0, 137.0, 163.0, 185.0, 174.0]",9.160782814025879,0.5,134.4608154296875,0.000583648681640625,-253.09130859375
1750930312.5864353,1.0,0.5,"[174.0, 185.0, 227.0, 161.0, 136.0, 128.0, 137.0, 164.0, 185.0, 174.0]",9.360722541809082,0.5,134.59756469726562,0.000583648681640625,-253.21917724609375
1750930312.6023738,1.0,0.5,"[174.0, 185.0, 227.0, 161.0, 136.0, 128.0, 137.0, 164.0, 185.0, 174.0]",9.232537269592285,0.5,134.7301025390625,0.000583648681640625,-253.34774780273438
1750930312.6183686,1.0,0.5,"[174.0, 185.0, 227.0, 162.0, 136.0, 128.0, 137.0, 165.0, 185.0, 174.0]",9.556509017944336,0.5,134.86489868164062,0.000583648681640625,-253.48321533203125
1750930312.6466055,1.0,0.5,"[174.0, 185.0, 227.0, 162.0, 137.0, 128.0, 137.0, 167.0, 185.0, 174.0]",9.381208419799805,0.5,134.99435424804688,0.000583648681640625,-253.61904907226562
1750930312.66221,1.0,0.5,"[174.0, 185.0, 227.0, 163.0, 137.0, 129.0, 137.0, 167.0, 185.0, 174.0]",9.466410636901855,0.5,135.12289428710938,0.000583648681640625,-253.758056640625
1750930312.678293,1.0,0.5,"[174.0, 185.0, 227.0, 163.0, 137.0, 129.0, 138.0, 169.0, 185.0, 174.0]",9.277079582214355,0.5,135.24575805664062,0.000583648681640625,-253.8970947265625
1750930312.707599,1.0,0.5,"[174.0, 185.0, 227.0, 164.0, 137.0, 129.0, 138.0, 168.0, 185.0, 174.0]",9.680505752563477,0.5,135.37124633789062,0.000583648681640625,-254.04449462890625
1750930312.7239542,1.0,0.5,"[174.0, 185.0, 227.0, 164.0, 138.0, 130.0, 138.0, 167.0, 185.0, 174.0]",9.524787902832031,0.5,135.49142456054688,0.000583648681640625,-254.19232177734375
1750930312.7407095,1.0,0.5,"[174.0, 185.0, 226.0, 166.0, 138.0, 130.0, 138.0, 167.0, 185.0, 174.0]",9.559062957763672,0.5,135.61007690429688,0.000583648681640625,-254.34222412109375
1750930312.756962,1.0,0.5,"[174.0, 185.0, 226.0, 167.0, 138.0, 130.0, 138.0, 167.0, 185.0, 174.0]",9.786033630371094,0.5,135.72836303710938,0.000583648681640625,-254.49810791015625
1750930312.799002,1.0,0.5,"[174.0, 185.0, 226.0, 168.0, 139.0, 131.0, 138.0, 167.0, 185.0, 174.0]",9.63265609741211,0.5,135.84130859375,0.000583648681640625,-254.65420532226562
1750930312.815914,1.0,0.5,"[174.0, 185.0, 225.0, 174.0, 139.0, 131.0, 139.0, 167.0, 185.0, 174.0]",9.906549453735352,0.5,135.95407104492188,0.000583648681640625,-254.81710815429688
1750930312.817541,1.0,0.5,"[174.0, 185.0, 225.0, 174.0, 139.0, 131.0, 139.0, 167.0, 185.0, 174.0]",9.551344871520996,0.5,136.05990600585938,0.000583648681640625,-254.97613525390625
1750930312.8595045,1.0,0.5,"[174.0, 185.0, 223.0, 174.0, 140.0, 133.0, 139.0, 168.0, 185.0, 174.0]",9.870182037353516,0.5,136.16604614257812,0.000583648681640625,-255.142578125
1750930312.876521,1.0,0.5,"[174.0, 185.0, 223.0, 173.0, 141.0, 133.0, 140.0, 169.0, 185.0, 174.0]",9.954228401184082,0.5,136.27078247070312,0.0005817413330078125,-255.3118896484375
1750930312.8781226,1.0,0.5,"[174.0, 185.0, 223.0, 173.0, 141.0, 133.0, 140.0, 169.0, 185.0, 174.0]",9.930739402770996,0.5,136.37014770507812,0.0005817413330078125,-255.48388671875
1750930312.907861,1.0,0.5,"[174.0, 185.0, 221.0, 173.0, 142.0, 134.0, 140.0, 169.0, 185.0, 174.0]",10.001340866088867,0.5,136.4686279296875,0.0005817413330078125,-255.657958984375
1750930312.9243853,1.0,0.5,"[174.0, 185.0, 220.0, 173.0, 142.0, 134.0, 141.0, 169.0, 185.0, 174.0]",10.040885925292969,0.5,136.56185913085938,0.0005817413330078125,-255.83584594726562
1750930312.9415379,1.0,0.5,"[174.0, 185.0, 219.0, 173.0, 143.0, 134.0, 142.0, 170.0, 185.0, 174.0]",10.059085845947266,0.5,136.65353393554688,0.0005817413330078125,-256.0149230957031
1750930312.9587011,1.0,0.5,"[174.0, 185.0, 218.0, 173.0, 144.0, 135.0, 143.0, 170.0, 185.0, 174.0]",9.976642608642578,0.5,136.73904418945312,0.0005817413330078125,-256.1952209472656
1750930312.975914,1.0,0.5,"[174.0, 185.0, 217.0, 171.0, 144.0, 135.0, 144.0, 170.0, 185.0, 174.0]",10.062804222106934,0.5,136.82290649414062,0.0005817413330078125,-256.3781433105469
1750930313.0186014,1.0,0.5,"[174.0, 185.0, 214.0, 171.0, 145.0, 136.0, 144.0, 172.0, 185.0, 174.0]",10.116808891296387,0.5,136.90286254882812,0.0005817413330078125,-256.5639953613281
1750930313.0355144,1.0,0.5,"[174.0, 185.0, 212.0, 171.0, 146.0, 136.0, 144.0, 172.0, 185.0, 174.0]",10.126782417297363,0.5,136.97915649414062,0.0005817413330078125,-256.7516174316406
1750930313.0372097,1.0,0.5,"[174.0, 185.0, 212.0, 171.0, 146.0, 136.0, 144.0, 172.0, 185.0, 174.0]",10.20373821258545,0.5,137.05184936523438,0.0005817413330078125,-256.94232177734375
1750930313.0804505,1.0,0.5,"[174.0, 185.0, 207.0, 170.0, 147.0, 137.0, 145.0, 173.0, 185.0, 174.0]",10.207505226135254,0.5,137.12045288085938,0.0005817413330078125,-257.13458251953125
1750930313.096988,1.0,0.5,"[174.0, 185.0, 205.0, 170.0, 153.0, 138.0, 145.0, 175.0, 185.0, 174.0]",10.423989295959473,0.5,137.18728637695312,0.0005817413330078125,-257.3320617675781
1750930313.0985756,1.0,0.5,"[174.0, 185.0, 205.0, 170.0, 153.0, 138.0, 145.0, 175.0, 185.0, 174.0]",10.29887580871582,0.5,137.24844360351562,0.0005817413330078125,-257.52874755859375
1750930313.1152663,1.0,0.5,"[174.0, 185.0, 200.0, 169.0, 153.0, 139.0, 146.0, 176.0, 185.0, 174.0]",10.510537147521973,0.5,137.30740356445312,0.0005817413330078125,-257.73052978515625
1750930313.158884,1.0,0.5,"[174.0, 185.0, 198.0, 169.0, 153.0, 140.0, 147.0, 177.0, 185.0, 174.0]",10.296391487121582,0.5,137.36019897460938,0.0005817413330078125,-257.9295654296875
1750930313.1755252,1.0,0.5,"[174.0, 185.0, 195.0, 169.0, 153.0, 141.0, 147.0, 178.0, 185.0, 174.0]",10.524650573730469,0.5,137.41036987304688,0.0005817413330078125,-258.1340026855469
1750930313.1775987,1.0,0.5,"[174.0, 185.0, 195.0, 169.0, 153.0, 141.0, 147.0, 178.0, 185.0, 174.0]",10.661993980407715,0.5,137.4560546875,0.0005817413330078125,-258.34228515625
1750930313.2073324,1.0,0.5,"[174.0, 185.0, 190.0, 168.0, 152.0, 142.0, 149.0, 179.0, 185.0, 174.0]",10.54582405090332,0.5,137.49795532226562,0.0005817413330078125,-258.54901123046875
1750930313.2241588,1.0,0.5,"[174.0, 185.0, 189.0, 167.0, 152.0, 143.0, 149.0, 179.0, 185.0, 174.0]",10.717793464660645,0.5,137.53482055664062,0.0005817413330078125,-258.7601623535156
1750930313.2408154,1.0,0.5,"[174.0, 185.0, 186.0, 166.0, 152.0, 144.0, 151.0, 181.0, 185.0, 174.0]",10.587177276611328,0.5,137.56808471679688,0.0005817413330078125,-258.9692687988281
1750930313.2565632,1.0,0.5,"[174.0, 185.0, 184.0, 165.0, 151.0, 145.0, 152.0, 181.0, 185.0, 174.0]",10.841599464416504,0.5,137.59591674804688,0.0005817413330078125,-259.1842956542969
1750930313.2990415,1.0,0.5,"[174.0, 185.0, 181.0, 164.0, 151.0, 146.0, 152.0, 183.0, 185.0, 174.0]",10.686514854431152,0.5,137.62026977539062,0.0005817413330078125,-259.3966369628906
1750930313.3159628,1.0,0.5,"[174.0, 185.0, 179.0, 163.0, 151.0, 146.0, 153.0, 183.0, 185.0, 174.0]",10.877294540405273,0.5,137.63906860351562,0.000583648681640625,-259.6133728027344
1750930313.3177466,1.0,0.5,"[174.0, 185.0, 179.0, 163.0, 151.0, 146.0, 153.0, 183.0, 185.0, 174.0]",10.76908016204834,0.5,137.65438842773438,0.000583648681640625,-259.8282165527344
1750930313.346249,1.0,0.5,"[174.0, 185.0, 173.0, 160.0, 150.0, 153.0, 155.0, 186.0, 185.0, 174.0]",10.9197359085083,0.5,137.6630859375,0.0005817413330078125,-260.04644775390625
1750930313.3626063,1.0,0.5,"[174.0, 185.0, 171.0, 158.0, 150.0, 152.0, 155.0, 187.0, 185.0, 174.0]",10.855557441711426,0.5,137.66891479492188,0.0005817413330078125,-260.26348876953125
1750930313.3787694,1.0,0.5,"[174.0, 185.0, 169.0, 156.0, 149.0, 152.0, 156.0, 187.0, 185.0, 174.0]",11.061563491821289,0.5,137.66836547851562,0.0005817413330078125,-260.4847106933594
1750930313.3949537,1.0,0.5,"[174.0, 185.0, 166.0, 154.0, 149.0, 152.0, 158.0, 189.0, 185.0, 174.0]",10.911630630493164,0.5,137.66452026367188,0.000583648681640625,-260.7029113769531
1750930313.4363358,0.0,0.0,"[174.0, 185.0, 163.0, 151.0, 148.0, 152.0, 159.0, 190.0, 185.0, 174.0]",11.112504959106445,0.5,137.65432739257812,0.000583648681640625,-260.9249267578125
1750930313.4529984,0.0,0.0,"[174.0, 185.0, 162.0, 151.0, 148.0, 151.0, 159.0, 190.0, 185.0, 174.0]",10.891164779663086,0.0,137.65872192382812,0.000583648681640625,-261.1427001953125
1750930313.4689157,0.0,0.0,"[174.0, 185.0, 162.0, 151.0, 148.0, 151.0, 159.0, 190.0, 185.0, 174.0]",10.618925094604492,0.0,137.68045043945312,0.0005817413330078125,-261.3539733886719
1750930313.4849644,0.0,0.0,"[174.0, 185.0, 162.0, 151.0, 148.0, 151.0, 159.0, 190.0, 185.0, 174.0]",10.373980522155762,0.0,137.70077514648438,0.0005817413330078125,-261.5604553222656
1750930313.5011308,0.0,0.0,"[174.0, 185.0, 163.0, 151.0, 148.0, 151.0, 159.0, 190.0, 185.0, 174.0]",10.129528045654297,0.0,137.72067260742188,0.0005817413330078125,-261.7620544433594
1750930313.5172174,0.0,0.0,"[174.0, 185.0, 163.0, 151.0, 148.0, 151.0, 159.0, 190.0, 185.0, 174.0]",9.885502815246582,0.0,137.74008178710938,0.0005817413330078125,-261.95880126953125
1750930313.5583475,0.0,0.0,"[174.0, 185.0, 164.0, 151.0, 148.0, 151.0, 159.0, 190.0, 185.0, 174.0]",9.64183235168457,0.0,137.75900268554688,0.000583648681640625,-262.15069580078125
1750930313.5745459,0.0,0.5,"[174.0, 185.0, 164.0, 151.0, 148.0, 151.0, 159.0, 190.0, 185.0, 174.0]",9.39860725402832,0.0,137.77743530273438,0.0005817413330078125,-262.3377685546875
1750930313.590279,0.0,0.5,"[174.0, 185.0, 164.0, 152.0, 148.0, 151.0, 159.0, 190.0, 185.0, 174.0]",9.155768394470215,0.0,137.79544067382812,0.0005817413330078125,-262.5199890136719
1750930313.6062295,0.0,0.5,"[174.0, 185.0, 164.0, 152.0, 147.0, 151.0, 159.0, 190.0, 185.0, 174.0]",9.59255313873291,0.0,137.81423950195312,0.0005817413330078125,-262.7109069824219
1750930313.6222987,0.0,0.5,"[174.0, 185.0, 164.0, 152.0, 147.0, 151.0, 159.0, 189.0, 185.0, 174.0]",9.34931468963623,0.0,137.83261108398438,0.0005817413330078125,-262.8970031738281
1750930313.6381724,0.0,0.5,"[174.0, 185.0, 164.0, 152.0, 147.0, 151.0, 159.0, 189.0, 185.0, 174.0]",9.455244064331055,0.0,137.85116577148438,0.000583648681640625,-263.085205078125
1750930313.666466,1.0,0.5,"[174.0, 185.0, 164.0, 152.0, 147.0, 151.0, 159.0, 189.0, 185.0, 174.0]",9.179240226745605,0.0,137.86917114257812,0.0005817413330078125,-263.2679138183594
1750930313.6826494,1.0,0.5,"[174.0, 185.0, 164.0, 151.0, 147.0, 151.0, 159.0, 190.0, 185.0, 174.0]",9.214491844177246,0.5,137.86892700195312,0.0005817413330078125,-263.45220947265625
1750930313.698213,1.0,0.5,"[174.0, 185.0, 161.0, 149.0, 146.0, 150.0, 160.0, 192.0, 185.0, 174.0]",9.098240852355957,0.5,137.85043334960938,0.000583648681640625,-263.63323974609375
1750930313.726668,0.0,0.5,"[174.0, 185.0, 159.0, 147.0, 146.0, 150.0, 161.0, 192.0, 185.0, 174.0]",9.230372428894043,0.5,137.83169555664062,0.000583648681640625,-263.81689453125
1750930313.7423909,0.0,0.5,"[174.0, 185.0, 158.0, 146.0, 146.0, 150.0, 162.0, 192.0, 185.0, 174.0]",9.149823188781738,0.0,137.829833984375,0.000583648681640625,-263.9998779296875
1750930313.7586694,0.0,0.5,"[174.0, 185.0, 159.0, 147.0, 146.0, 150.0, 162.0, 192.0, 185.0, 174.0]",9.295197486877441,0.0,137.84024047851562,0.0005855560302734375,-264.18548583984375
1750930313.7742581,0.0,0.5,"[174.0, 185.0, 159.0, 147.0, 146.0, 150.0, 164.0, 192.0, 185.0, 174.0]",9.147262573242188,0.0,137.84793090820312,0.0005855560302734375,-264.3682556152344
1750930313.8156135,0.0,0.5,"[174.0, 185.0, 159.0, 147.0, 145.0, 150.0, 173.0, 192.0, 185.0, 174.0]",9.432369232177734,0.0,137.85653686523438,0.0005855560302734375,-264.55670166015625
1750930313.8314383,0.0,0.5,"[174.0, 185.0, 159.0, 147.0, 145.0, 150.0, 173.0, 192.0, 185.0, 174.0]",9.318266868591309,0.0,137.86477661132812,0.000583648681640625,-264.7428894042969
1750930313.8475385,0.0,0.5,"[174.0, 185.0, 159.0, 147.0, 145.0, 149.0, 171.0, 192.0, 185.0, 174.0]",9.485793113708496,0.0,137.87350463867188,0.000583648681640625,-264.9324035644531
1750930313.8637362,0.0,0.5,"[174.0, 185.0, 159.0, 147.0, 145.0, 149.0, 171.0, 192.0, 185.0, 174.0]",9.336956977844238,0.0,137.88162231445312,0.000583648681640625,-265.11895751953125
1750930313.8794537,-1.0,0.5,"[174.0, 185.0, 159.0, 147.0, 145.0, 149.0, 171.0, 192.0, 185.0, 174.0]",9.499399185180664,0.0,137.89041137695312,0.000583648681640625,-265.3087463378906
1750930313.8957126,-1.0,0.5,"[174.0, 185.0, 161.0, 148.0, 145.0, 149.0, 171.0, 192.0, 185.0, 174.0]",9.488359451293945,-0.5,137.91329956054688,0.000583648681640625,-265.49713134765625
1750930313.9371567,-1.0,0.5,"[174.0, 185.0, 163.0, 149.0, 145.0, 150.0, 160.0, 190.0, 185.0, 174.0]",9.038060188293457,-0.5,137.95504760742188,0.0005817413330078125,-265.6730041503906
1750930313.9536135,0.0,0.5,"[174.0, 185.0, 165.0, 151.0, 146.0, 150.0, 159.0, 189.0, 185.0, 174.0]",9.439593315124512,-0.5,138.00167846679688,0.0005817413330078125,-265.85595703125
1750930313.9698572,0.0,0.5,"[174.0, 185.0, 167.0, 152.0, 146.0, 150.0, 158.0, 189.0, 185.0, 174.0]",9.198723793029785,0.0,138.02902221679688,0.0005817413330078125,-266.03790283203125
1750930313.986279,0.0,0.5,"[174.0, 185.0, 167.0, 152.0, 146.0, 150.0, 158.0, 189.0, 185.0, 174.0]",9.299670219421387,0.0,138.0435791015625,0.0005817413330078125,-266.22332763671875
1750930314.0021064,0.0,0.5,"[174.0, 185.0, 167.0, 152.0, 146.0, 150.0, 158.0, 189.0, 185.0, 174.0]",9.17648696899414,0.0,138.0618896484375,0.0005817413330078125,-266.40594482421875
1750930314.0182164,0.0,0.5,"[174.0, 185.0, 167.0, 152.0, 145.0, 149.0, 158.0, 189.0, 185.0, 174.0]",9.581304550170898,0.0,138.08016967773438,0.0005817413330078125,-266.5967102050781
1750930314.0464568,0.0,0.5,"[174.0, 185.0, 167.0, 152.0, 145.0, 149.0, 158.0, 189.0, 185.0, 174.0]",9.30908489227295,0.0,138.09793090820312,0.0005817413330078125,-266.78204345703125
1750930314.0626817,0.0,0.5,"[174.0, 185.0, 167.0, 152.0, 145.0, 149.0, 160.0, 189.0, 185.0, 174.0]",9.591833114624023,0.0,138.11636352539062,0.0005817413330078125,-266.9729919433594
1750930314.0789149,0.0,0.5,"[174.0, 185.0, 167.0, 152.0, 145.0, 149.0, 162.0, 189.0, 185.0, 174.0]",9.433207511901855,0.0,138.13449096679688,0.0005817413330078125,-267.1607971191406
1750930314.094956,0.0,0.5,"[174.0, 185.0, 168.0, 152.0, 145.0, 149.0, 162.0, 188.0, 185.0, 174.0]",9.62458324432373,0.0,138.15280151367188,0.0005817413330078125,-267.3524169921875
1750930314.1356947,0.0,0.5,"[174.0, 185.0, 168.0, 152.0, 145.0, 149.0, 171.0, 188.0, 185.0, 174.0]",9.491538047790527,0.0,138.17135620117188,0.0005817413330078125,-267.5413513183594
1750930314.1523902,0.0,0.5,"[174.0, 185.0, 168.0, 152.0, 145.0, 149.0, 171.0, 187.0, 185.0, 174.0]",9.753524780273438,0.0,138.18997192382812,0.0005817413330078125,-267.73553466796875
1750930314.1685696,0.0,0.5,"[174.0, 185.0, 168.0, 152.0, 145.0, 149.0, 171.0, 187.0, 185.0, 174.0]",9.664196014404297,0.0,138.20840454101562,0.0005817413330078125,-267.9279479980469
1750930314.1853518,0.0,0.5,"[174.0, 185.0, 169.0, 152.0, 145.0, 149.0, 171.0, 187.0, 185.0, 174.0]",9.867194175720215,0.0,138.22702026367188,0.0005817413330078125,-268.1244201660156
1750930314.2015214,0.0,0.5,"[174.0, 185.0, 169.0, 152.0, 144.0, 149.0, 171.0, 187.0, 185.0, 174.0]",9.74519157409668,0.0,138.24581909179688,0.0005817413330078125,-268.31842041015625
1750930314.2173977,0.0,0.5,"[174.0, 185.0, 170.0, 152.0, 144.0, 148.0, 171.0, 187.0, 185.0, 174.0]",9.968441009521484,0.0,138.26449584960938,0.0005817413330078125,-268.51690673828125
1750930314.2580137,0.0,0.5,"[174.0, 185.0, 170.0, 152.0, 144.0, 148.0, 170.0, 187.0, 185.0, 174.0]",10.0103178024292,0.0,138.28372192382812,0.0005817413330078125,-268.7161865234375
1750930314.274399,0.0,0.5,"[174.0, 185.0, 170.0, 152.0, 144.0, 148.0, 170.0, 187.0, 185.0, 174.0]",9.959763526916504,0.0,138.30276489257812,0.0005817413330078125,-268.9144592285156
1750930314.29062,-1.0,0.5,"[174.0, 185.0, 170.0, 152.0, 144.0, 148.0, 170.0, 187.0, 185.0, 174.0]",9.943676948547363,0.0,138.32180786132812,0.0005817413330078125,-269.1124267578125
1750930314.306571,-1.0,0.5,"[174.0, 185.0, 172.0, 152.0, 144.0, 148.0, 170.0, 186.0, 185.0, 174.0]",9.651411056518555,-0.5,138.35806274414062,0.0005817413330078125,-269.3020324707031
1750930314.3225665,-1.0,0.5,"[174.0, 185.0, 175.0, 153.0, 145.0, 148.0, 171.0, 184.0, 185.0, 174.0]",9.818446159362793,-0.5,138.41259765625,0.0005817413330078125,-269.4906921386719
1750930314.3387694,0.0,0.5,"[174.0, 185.0, 176.0, 154.0, 145.0, 148.0, 160.0, 183.0, 185.0, 174.0]",9.63649845123291,-0.5,138.4705810546875,0.000583648681640625,-269.67449951171875
1750930314.3543391,0.0,0.5,"[174.0, 185.0, 177.0, 154.0, 145.0, 148.0, 158.0, 183.0, 185.0, 174.0]",9.664706230163574,0.0,138.5120849609375,0.000583648681640625,-269.86328125
1750930314.3961284,0.0,0.5,"[174.0, 185.0, 177.0, 154.0, 145.0, 148.0, 171.0, 183.0, 185.0, 174.0]",9.615074157714844,0.0,138.53866577148438,0.000583648681640625,-270.0537414550781
1750930314.4135478,0.0,0.5,"[174.0, 185.0, 177.0, 154.0, 145.0, 148.0, 171.0, 183.0, 185.0, 174.0]",9.744695663452148,0.0,138.56878662109375,0.000583648681640625,-270.2463073730469
1750930314.4307685,0.0,0.5,"[174.0, 185.0, 178.0, 154.0, 144.0, 148.0, 170.0, 183.0, 185.0, 174.0]",9.895479202270508,0.0,138.59878540039062,0.000583648681640625,-270.4419250488281
1750930314.4478564,0.0,0.5,"[174.0, 185.0, 178.0, 154.0, 144.0, 148.0, 170.0, 183.0, 185.0, 174.0]",9.851632118225098,0.0,138.62875366210938,0.000583648681640625,-270.63665771484375
1750930314.4643476,0.0,0.5,"[174.0, 185.0, 178.0, 153.0, 144.0, 148.0, 170.0, 183.0, 185.0, 174.0]",9.826035499572754,0.0,138.65847778320312,0.0005855560302734375,-270.8309020996094
1750930314.4808095,0.0,0.5,"[174.0, 185.0, 178.0, 153.0, 144.0, 148.0, 170.0, 181.0, 185.0, 174.0]",10.021864891052246,0.0,138.68875122070312,0.0005855560302734375,-271.029052734375
1750930314.4966266,0.0,0.5,"[174.0, 185.0, 178.0, 153.0, 144.0, 148.0, 170.0, 181.0, 185.0, 174.0]",10.104324340820312,0.0,138.71954345703125,0.000583648681640625,-271.2287902832031
1750930314.5373337,0.0,0.5,"[174.0, 185.0, 178.0, 153.0, 144.0, 148.0, 170.0, 181.0, 185.0, 174.0]",10.145886421203613,0.0,138.75033569335938,0.000583648681640625,-271.4293518066406
1750930314.5540233,0.0,0.5,"[174.0, 185.0, 178.0, 153.0, 144.0, 147.0, 170.0, 181.0, 185.0, 174.0]",10.148529052734375,0.0,138.78125,0.000583648681640625,-271.62994384765625
1750930314.5701458,0.0,0.5,"[174.0, 185.0, 178.0, 153.0, 143.0, 147.0, 170.0, 181.0, 185.0, 174.0]",10.130562782287598,0.0,138.81216430664062,0.000583648681640625,-271.8301696777344
1750930314.5861044,0.0,0.5,"[174.0, 185.0, 178.0, 153.0, 143.0, 147.0, 170.0, 181.0, 185.0, 174.0]",10.128425598144531,0.0,138.84298706054688,0.000583648681640625,-272.0303955078125
1750930314.6021376,0.0,0.5,"[174.0, 185.0, 178.0, 153.0, 143.0, 147.0, 169.0, 181.0, 185.0, 174.0]",10.233641624450684,0.0,138.87405395507812,0.000583648681640625,-272.2326965332031
1750930314.6181333,0.0,0.5,"[174.0, 185.0, 179.0, 153.0, 143.0, 147.0, 169.0, 181.0, 185.0, 174.0]",10.275954246520996,0.0,138.90493774414062,0.0005817413330078125,-272.4358825683594
1750930314.646213,0.0,0.5,"[174.0, 185.0, 179.0, 153.0, 143.0, 147.0, 169.0, 180.0, 185.0, 174.0]",10.48576831817627,0.0,138.93710327148438,0.000583648681640625,-272.64312744140625
1750930314.662158,0.0,0.5,"[174.0, 185.0, 179.0, 153.0, 143.0, 147.0, 169.0, 179.0, 185.0, 174.0]",10.38735580444336,0.0,138.96841430664062,0.0005817413330078125,-272.8485107421875
1750930314.6782598,0.0,0.5,"[174.0, 185.0, 179.0, 152.0, 142.0, 146.0, 169.0, 179.0, 185.0, 174.0]",10.51629638671875,0.0,139.00045776367188,0.0005817413330078125,-273.0563659667969
1750930314.7068434,0.0,0.5,"[174.0, 185.0, 179.0, 152.0, 142.0, 146.0, 169.0, 179.0, 185.0, 174.0]",10.389056205749512,0.0,139.03182983398438,0.000583648681640625,-273.2617492675781
1750930314.7227094,0.0,0.5,"[174.0, 185.0, 179.0, 152.0, 142.0, 146.0, 169.0, 179.0, 185.0, 174.0]",10.805134773254395,0.0,139.06478881835938,0.0005817413330078125,-273.4753112792969
1750930314.73917,0.0,0.5,"[174.0, 185.0, 179.0, 152.0, 142.0, 146.0, 169.0, 179.0, 185.0, 174.0]",10.525642395019531,0.0,139.09686279296875,0.0005817413330078125,-273.6833801269531
1750930314.755529,0.0,0.5,"[174.0, 185.0, 179.0, 152.0, 142.0, 146.0, 168.0, 179.0, 185.0, 174.0]",10.785582542419434,0.0,139.1297607421875,0.0005817413330078125,-273.8965759277344
1750930314.7960656,0.0,0.5,"[174.0, 185.0, 179.0, 151.0, 142.0, 146.0, 168.0, 179.0, 185.0, 174.0]",10.56997013092041,0.0,139.16207885742188,0.0005817413330078125,-274.1054992675781
1750930314.8123326,0.0,0.5,"[174.0, 185.0, 179.0, 151.0, 141.0, 146.0, 168.0, 179.0, 185.0, 174.0]",10.677005767822266,0.0,139.19448852539062,0.0005817413330078125,-274.3165588378906
1750930314.8286078,0.0,0.5,"[174.0, 185.0, 179.0, 151.0, 141.0, 145.0, 168.0, 178.0, 185.0, 174.0]",10.834919929504395,0.0,139.22769165039062,0.0005817413330078125,-274.53070068359375
1750930314.8446295,0.0,0.5,"[174.0, 185.0, 178.0, 151.0, 141.0, 145.0, 168.0, 178.0, 185.0, 174.0]",10.90283203125,0.0,139.26077270507812,0.0005817413330078125,-274.7462463378906
1750930314.8605225,0.0,0.5,"[174.0, 185.0, 178.0, 151.0, 141.0, 145.0, 168.0, 178.0, 185.0, 174.0]",11.0150785446167,0.0,139.29421997070312,0.0005817413330078125,-274.9639892578125
1750930314.8764844,0.0,0.5,"[174.0, 185.0, 178.0, 149.0, 140.0, 145.0, 167.0, 178.0, 185.0, 174.0]",10.803520202636719,0.0,139.32711791992188,0.0005817413330078125,-275.17755126953125
1750930314.9170039,0.0,0.5,"[174.0, 185.0, 178.0, 149.0, 140.0, 145.0, 167.0, 178.0, 185.0, 174.0]",10.968849182128906,0.0,139.360107421875,0.0005817413330078125,-275.3944396972656
1750930314.9328432,0.0,0.5,"[174.0, 185.0, 178.0, 149.0, 140.0, 145.0, 167.0, 177.0, 185.0, 174.0]",11.228218078613281,0.0,139.3941650390625,0.0005817413330078125,-275.61639404296875
1750930314.9490657,0.0,0.5,"[174.0, 185.0, 177.0, 149.0, 140.0, 144.0, 167.0, 177.0, 185.0, 174.0]",11.128430366516113,0.0,139.42819213867188,0.000583648681640625,-275.8363342285156
1750930314.9648945,0.0,0.5,"[174.0, 185.0, 176.0, 149.0, 140.0, 144.0, 167.0, 176.0, 185.0, 174.0]",11.28610897064209,0.0,139.46243286132812,0.000583648681640625,-276.0594482421875
1750930314.9808745,0.0,0.5,"[174.0, 185.0, 176.0, 148.0, 139.0, 144.0, 167.0, 176.0, 185.0, 174.0]",11.176749229431152,0.0,139.49661254882812,0.000583648681640625,-276.2803649902344
1750930314.996248,0.0,0.5,"[174.0, 185.0, 176.0, 148.0, 139.0, 144.0, 166.0, 179.0, 185.0, 174.0]",11.395228385925293,0.0,139.53121948242188,0.000583648681640625,-276.505615234375
1750930315.0359583,0.0,0.5,"[174.0, 185.0, 176.0, 148.0, 139.0, 144.0, 166.0, 184.0, 185.0, 174.0]",11.237466812133789,0.0,139.56558227539062,0.000583648681640625,-276.72772216796875
1750930315.0514033,0.0,0.5,"[174.0, 185.0, 176.0, 147.0, 138.0, 143.0, 166.0, 188.0, 185.0, 174.0]",11.405884742736816,0.0,139.600341796875,0.000583648681640625,-276.95318603515625
1750930315.0665476,0.0,0.5,"[174.0, 185.0, 175.0, 147.0, 138.0, 143.0, 166.0, 227.0, 185.0, 174.0]",11.427807807922363,0.0,139.63540649414062,0.000583648681640625,-277.1790466308594
1750930315.0822551,0.0,0.5,"[174.0, 185.0, 175.0, 147.0, 138.0, 143.0, 166.0, 227.0, 185.0, 174.0]",11.416252136230469,0.0,139.66989135742188,0.000583648681640625,-277.4047546386719
1750930315.0974605,0.0,0.5,"[174.0, 185.0, 175.0, 146.0, 138.0, 143.0, 164.0, 227.0, 185.0, 174.0]",11.390961647033691,0.0,139.70492553710938,0.000583648681640625,-277.6298522949219
1750930315.1370435,0.0,0.5,"[174.0, 185.0, 175.0, 146.0, 137.0, 143.0, 164.0, 227.0, 185.0, 174.0]",11.51568603515625,0.0,139.73953247070312,0.000583648681640625,-277.8575439453125
1750930315.151985,0.0,0.5,"[174.0, 185.0, 175.0, 146.0, 137.0, 142.0, 164.0, 227.0, 185.0, 174.0]",11.660537719726562,0.0,139.77505493164062,0.000583648681640625,-278.0880432128906
1750930315.1676917,0.0,0.5,"[174.0, 185.0, 175.0, 145.0, 137.0, 142.0, 164.0, 227.0, 185.0, 174.0]",11.499509811401367,0.0,139.81036376953125,0.0005855560302734375,-278.3153076171875
1750930315.183037,0.0,0.5,"[174.0, 185.0, 173.0, 145.0, 136.0, 142.0, 163.0, 226.0, 185.0, 174.0]",11.72422981262207,0.0,139.84622192382812,0.000583648681640625,-278.5470275878906
1750930315.1985323,0.0,0.5,"[174.0, 185.0, 173.0, 145.0, 136.0, 141.0, 163.0, 226.0, 185.0, 174.0]",11.79892349243164,0.0,139.88247680664062,0.0005855560302734375,-278.78021240234375
1750930315.2256641,0.0,0.5,"[174.0, 185.0, 173.0, 145.0, 136.0, 141.0, 163.0, 226.0, 185.0, 174.0]",11.842185020446777,0.0,139.91830444335938,0.000583648681640625,-279.01434326171875
1750930315.241032,0.0,0.5,"[174.0, 185.0, 173.0, 144.0, 135.0, 141.0, 163.0, 226.0, 185.0, 174.0]",11.834970474243164,0.0,139.95462036132812,0.000583648681640625,-279.24822998046875
1750930315.256671,0.0,0.5,"[174.0, 185.0, 173.0, 144.0, 135.0, 141.0, 162.0, 225.0, 185.0, 174.0]",11.8521089553833,0.0,139.99038696289062,0.000583648681640625,-279.4825439453125
1750930315.2955785,-1.0,0.5,"[174.0, 185.0, 172.0, 143.0, 135.0, 140.0, 162.0, 225.0, 185.0, 174.0]",12.019794464111328,0.0,140.02728271484375,0.000583648681640625,-279.7200927734375
1750930315.3114185,-1.0,0.5,"[174.0, 185.0, 172.0, 143.0, 134.0, 140.0, 162.0, 225.0, 185.0, 174.0]",11.641419410705566,-0.5,140.07528686523438,0.000583648681640625,-279.9479064941406
1750930315.3265843,-1.0,0.5,"[174.0, 185.0, 172.0, 144.0, 134.0, 140.0, 162.0, 226.0, 185.0, 174.0]",11.620577812194824,-0.5,140.14199829101562,0.000583648681640625,-280.1705322265625
1750930315.341928,-1.0,0.5,"[174.0, 185.0, 173.0, 144.0, 135.0, 140.0, 162.0, 226.0, 185.0, 174.0]",11.525554656982422,-0.5,140.22219848632812,0.000583648681640625,-280.3866271972656
1750930315.357583,-1.0,0.5,"[174.0, 185.0, 173.0, 145.0, 135.0, 140.0, 163.0, 227.0, 185.0, 174.0]",11.576109886169434,-0.5,140.30767822265625,0.000583648681640625,-280.6017761230469
1750930315.3947852,-1.0,0.5,"[174.0, 185.0, 175.0, 145.0, 135.0, 141.0, 163.0, 227.0, 185.0, 174.0]",11.632270812988281,-0.5,140.39834594726562,0.000583648681640625,-280.8160400390625
1750930315.4098105,-1.0,0.5,"[174.0, 185.0, 175.0, 145.0, 136.0, 141.0, 163.0, 227.0, 185.0, 174.0]",11.627836227416992,-0.5,140.4942626953125,0.000583648681640625,-281.02789306640625
1750930315.424976,-1.0,0.5,"[174.0, 185.0, 176.0, 146.0, 136.0, 141.0, 163.0, 227.0, 185.0, 174.0]",11.630087852478027,-0.5,140.59487915039062,0.000583648681640625,-281.23760986328125
1750930315.439844,-1.0,0.5,"[174.0, 185.0, 176.0, 146.0, 136.0, 141.0, 164.0, 227.0, 185.0, 174.0]",11.806132316589355,-0.5,140.70144653320312,0.0005817413330078125,-281.44830322265625
1750930315.4545677,-1.0,0.5,"[174.0, 185.0, 178.0, 146.0, 137.0, 141.0, 164.0, 227.0, 185.0, 174.0]",11.673910140991211,-0.5,140.81295776367188,0.000583648681640625,-281.6534423828125
1750930315.4920058,-1.0,0.5,"[174.0, 185.0, 179.0, 146.0, 137.0, 141.0, 166.0, 227.0, 185.0, 174.0]",11.861485481262207,-0.5,140.9305419921875,0.000583648681640625,-281.8594665527344
1750930315.5068343,-1.0,0.5,"[174.0, 185.0, 179.0, 146.0, 138.0, 141.0, 166.0, 227.0, 185.0, 174.0]",11.555249214172363,-0.5,141.05014038085938,0.000583648681640625,-282.0572204589844
1750930315.5213914,-1.0,0.5,"[174.0, 185.0, 181.0, 147.0, 138.0, 142.0, 166.0, 227.0, 185.0, 174.0]",11.894312858581543,-0.5,141.17782592773438,0.000583648681640625,-282.2579345703125
1750930315.5364122,-1.0,0.5,"[174.0, 185.0, 181.0, 147.0, 138.0, 142.0, 167.0, 227.0, 185.0, 174.0]",11.911737442016602,-0.5,141.31063842773438,0.0005855560302734375,-282.45574951171875
1750930315.574332,-1.0,0.5,"[174.0, 185.0, 181.0, 147.0, 138.0, 142.0, 167.0, 227.0, 185.0, 174.0]",11.932290077209473,-0.5,141.44808959960938,0.000583648681640625,-282.65081787109375
1750930315.5893347,-1.0,0.5,"[174.0, 185.0, 181.0, 148.0, 138.0, 142.0, 168.0, 227.0, 185.0, 174.0]",11.99704647064209,-0.5,141.59112548828125,0.000583648681640625,-282.8434753417969
1750930315.6045105,-1.0,0.5,"[174.0, 185.0, 183.0, 148.0, 138.0, 143.0, 168.0, 227.0, 185.0, 174.0]",11.985445022583008,-0.5,141.73904418945312,0.000583648681640625,-283.0321044921875
1750930315.6199582,-1.0,0.5,"[174.0, 185.0, 183.0, 149.0, 138.0, 143.0, 169.0, 227.0, 185.0, 174.0]",11.983685493469238,-0.5,141.89138793945312,0.000583648681640625,-283.21710205078125
1750930315.6354668,-1.0,0.5,"[174.0, 185.0, 183.0, 149.0, 138.0, 143.0, 169.0, 227.0, 184.0, 174.0]",12.172616958618164,-0.5,142.04995727539062,0.000583648681640625,-283.40185546875
1750930315.6733902,0.0,0.5,"[174.0, 185.0, 184.0, 151.0, 138.0, 144.0, 170.0, 227.0, 181.0, 174.0]",11.98099136352539,-0.5,142.21096801757812,0.0005817413330078125,-283.5793151855469
1750930315.688422,0.0,0.5,"[174.0, 185.0, 184.0, 151.0, 138.0, 144.0, 170.0, 227.0, 185.0, 174.0]",12.047972679138184,0.0,142.36245727539062,0.0006275177001953125,-283.7666931152344
1750930315.7033472,0.0,0.5,"[174.0, 185.0, 183.0, 149.0, 138.0, 143.0, 170.0, 227.0, 185.0, 174.0]",12.087818145751953,0.0,142.50021362304688,0.000720977783203125,-283.9653625488281
1750930315.7179735,0.0,0.5,"[174.0, 185.0, 183.0, 149.0, 138.0, 143.0, 170.0, 227.0, 185.0, 174.0]",12.125569343566895,0.0,142.63763427734375,0.0008296966552734375,-284.1651611328125
1750930315.7435412,0.0,0.5,"[174.0, 185.0, 183.0, 149.0, 137.0, 143.0, 169.0, 227.0, 185.0, 174.0]",12.150826454162598,0.0,142.77474975585938,0.0009632110595703125,-284.36578369140625
1750930315.7581615,0.0,0.5,"[174.0, 185.0, 181.0, 148.0, 137.0, 143.0, 169.0, 227.0, 185.0, 174.0]",12.331222534179688,0.0,142.91433715820312,0.0011234283447265625,-284.5691223144531
1750930315.7845411,0.0,0.5,"[174.0, 185.0, 181.0, 148.0, 137.0, 142.0, 169.0, 227.0, 185.0, 174.0]",12.227815628051758,0.0,143.0526123046875,0.001300811767578125,-284.7708435058594
1750930315.7995474,0.0,0.5,"[174.0, 185.0, 180.0, 147.0, 136.0, 142.0, 169.0, 227.0, 185.0, 174.0]",12.444954872131348,0.0,143.19357299804688,0.0015544891357421875,-284.9759826660156
1750930315.8157415,0.0,0.5,"[174.0, 185.0, 179.0, 147.0, 136.0, 141.0, 168.0, 227.0, 185.0, 174.0]",12.276346206665039,0.0,143.33236694335938,0.0018520355224609375,-285.1784973144531
1750930315.8536339,0.0,0.5,"[174.0, 185.0, 179.0, 147.0, 135.0, 141.0, 168.0, 227.0, 185.0, 174.0]",12.40638256072998,0.0,143.47274780273438,0.0022144317626953125,-285.38311767578125
1750930315.8683105,0.0,0.5,"[174.0, 185.0, 179.0, 146.0, 135.0, 141.0, 168.0, 227.0, 185.0, 174.0]",12.228243827819824,0.0,143.61087036132812,0.0026111602783203125,-285.5849304199219
1750930315.8834424,0.0,0.5,"[174.0, 185.0, 178.0, 146.0, 135.0, 140.0, 167.0, 227.0, 185.0, 174.0]",12.562376976013184,0.0,143.75296020507812,0.0030651092529296875,-285.7921447753906
1750930315.89866,0.0,0.5,"[174.0, 185.0, 177.0, 145.0, 134.0, 140.0, 167.0, 227.0, 185.0, 174.0]",12.506941795349121,0.0,143.89453125,0.0035533905029296875,-285.99835205078125
1750930315.9135652,0.0,0.5,"[174.0, 185.0, 176.0, 145.0, 134.0, 139.0, 167.0, 227.0, 185.0, 174.0]",12.668163299560547,0.0,144.037841796875,0.0041027069091796875,-286.2073059082031
1750930315.9519522,0.0,0.5,"[174.0, 185.0, 176.0, 144.0, 133.0, 139.0, 166.0, 227.0, 185.0, 174.0]",12.422598838806152,0.0,144.178466796875,0.0046710968017578125,-286.4121398925781
1750930315.9666214,0.0,0.5,"[174.0, 185.0, 175.0, 143.0, 133.0, 138.0, 166.0, 227.0, 185.0, 174.0]",12.552677154541016,0.0,144.32040405273438,0.005321502685546875,-286.61920166015625
1750930315.9818866,0.0,0.5,"[174.0, 185.0, 175.0, 143.0, 131.0, 138.0, 164.0, 227.0, 185.0, 174.0]",12.787684440612793,0.0,144.46536254882812,0.006038665771484375,-286.8299255371094
1750930315.997087,0.0,0.5,"[174.0, 185.0, 173.0, 141.0, 130.0, 137.0, 164.0, 227.0, 185.0, 174.0]",12.82516098022461,0.0,144.61053466796875,0.0067958831787109375,-287.0413818359375
1750930316.0346868,0.0,0.5,"[174.0, 185.0, 173.0, 141.0, 130.0, 137.0, 163.0, 227.0, 185.0, 174.0]",12.76014518737793,0.0,144.7548828125,0.0075893402099609375,-287.2518310546875
1750930316.0499008,0.0,0.5,"[174.0, 185.0, 172.0, 140.0, 129.0, 136.0, 163.0, 227.0, 185.0, 174.0]",12.679373741149902,0.0,144.898193359375,0.008411407470703125,-287.4610290527344
1750930316.0648327,0.0,0.5,"[174.0, 185.0, 172.0, 139.0, 129.0, 136.0, 162.0, 227.0, 185.0, 174.0]",12.845776557922363,0.0,145.0433349609375,0.009313583374023438,-287.6730041503906
1750930316.0798566,0.0,0.5,"[174.0, 185.0, 171.0, 138.0, 128.0, 135.0, 162.0, 227.0, 185.0, 174.0]",12.907621383666992,0.0,145.189453125,0.010309219360351562,-287.88580322265625
1750930316.0949678,0.0,0.5,"[174.0, 185.0, 170.0, 138.0, 127.0, 134.0, 161.0, 227.0, 185.0, 174.0]",12.963338851928711,0.0,145.3363037109375,0.01140594482421875,-288.0994567871094
1750930316.1326864,0.0,0.5,"[174.0, 185.0, 169.0, 137.0, 126.0, 134.0, 160.0, 227.0, 185.0, 174.0]",13.060737609863281,0.0,145.48416137695312,0.012584686279296875,-288.3147888183594
1750930316.1470737,0.0,0.5,"[174.0, 185.0, 169.0, 136.0, 126.0, 133.0, 160.0, 227.0, 185.0, 174.0]",12.943246841430664,0.0,145.63040161132812,0.013830184936523438,-288.52838134765625
1750930316.1621058,0.0,0.5,"[174.0, 185.0, 167.0, 134.0, 125.0, 131.0, 159.0, 227.0, 185.0, 174.0]",13.2951078414917,0.0,145.78079223632812,0.015188217163085938,-288.7476501464844
1750930316.1772187,0.0,0.5,"[174.0, 185.0, 165.0, 133.0, 124.0, 131.0, 159.0, 227.0, 185.0, 174.0]",12.936964988708496,0.0,145.92721557617188,0.016584396362304688,-288.9609680175781
1750930316.2151875,0.0,0.5,"[174.0, 185.0, 164.0, 133.0, 123.0, 130.0, 158.0, 227.0, 185.0, 174.0]",13.271354675292969,0.0,146.07754516601562,0.0180816650390625,-289.1797180175781
1750930316.2304163,-1.0,0.5,"[174.0, 185.0, 162.0, 132.0, 122.0, 129.0, 156.0, 227.0, 185.0, 174.0]",13.184737205505371,0.0,146.22689819335938,0.019636154174804688,-289.39703369140625
1750930316.245167,-1.0,0.5,"[174.0, 185.0, 162.0, 131.0, 122.0, 128.0, 156.0, 227.0, 185.0, 174.0]",13.010025978088379,-0.5,146.38552856445312,0.021198272705078125,-289.6033020019531
1750930316.2589438,-1.0,0.5,"[174.0, 185.0, 161.0, 130.0, 121.0, 128.0, 156.0, 227.0, 185.0, 174.0]",12.866083145141602,-0.5,146.55722045898438,0.022779464721679688,-289.7949523925781
1750930316.2731128,-1.0,0.5,"[174.0, 185.0, 161.0, 130.0, 121.0, 129.0, 158.0, 227.0, 185.0, 174.0]",12.627591133117676,-0.5,146.73721313476562,0.024349212646484375,-289.97210693359375
1750930316.306583,-1.0,0.5,"[174.0, 185.0, 159.0, 130.0, 121.0, 129.0, 159.0, 227.0, 185.0, 174.0]",12.748188018798828,-0.5,146.92483520507812,0.026010513305664062,-290.144775390625
1750930316.320656,-1.0,0.5,"[174.0, 185.0, 158.0, 129.0, 121.0, 129.0, 159.0, 227.0, 185.0, 174.0]",12.655501365661621,-0.5,147.11520385742188,0.027750015258789062,-290.3115539550781
1750930316.3341315,-1.0,0.5,"[174.0, 185.0, 158.0, 129.0, 122.0, 130.0, 161.0, 227.0, 185.0, 174.0]",12.782792091369629,-0.5,147.31216430664062,0.029600143432617188,-290.47454833984375
1750930316.3674834,-1.0,0.5,"[174.0, 185.0, 156.0, 129.0, 122.0, 130.0, 161.0, 227.0, 185.0, 174.0]",13.013721466064453,-0.5,147.51644897460938,0.03157806396484375,-290.6357727050781
1750930316.380276,-1.0,0.5,"[174.0, 185.0, 156.0, 129.0, 122.0, 131.0, 163.0, 227.0, 185.0, 174.0]",12.836895942687988,-0.5,147.72232055664062,0.03359794616699219,-290.7891845703125
1750930316.393342,-1.0,0.5,"[174.0, 185.0, 155.0, 129.0, 122.0, 131.0, 163.0, 227.0, 185.0, 174.0]",12.932336807250977,-0.5,147.9334716796875,0.035678863525390625,-290.93853759765625
1750930316.4245446,-1.0,0.5,"[174.0, 185.0, 155.0, 129.0, 122.0, 133.0, 166.0, 227.0, 185.0, 174.0]",12.846254348754883,-0.5,148.14697265625,0.037792205810546875,-291.0814514160156
1750930316.437467,-1.0,0.5,"[174.0, 185.0, 155.0, 129.0, 123.0, 134.0, 167.0, 227.0, 185.0, 174.0]",13.002941131591797,-0.5,148.36709594726562,0.039981842041015625,-291.21990966796875
1750930316.468637,-1.0,0.5,"[174.0, 185.0, 154.0, 129.0, 123.0, 134.0, 168.0, 227.0, 185.0, 174.0]",13.16158676147461,-0.5,148.59329223632812,0.04222869873046875,-291.35455322265625
1750930316.4814615,-1.0,0.5,"[174.0, 185.0, 153.0, 129.0, 124.0, 135.0, 169.0, 227.0, 185.0, 174.0]",13.025131225585938,-0.5,148.82070922851562,0.04448509216308594,-291.4815979003906
1750930316.4944897,-1.0,0.5,"[174.0, 185.0, 153.0, 129.0, 124.0, 136.0, 170.0, 227.0, 185.0, 174.0]",13.193988800048828,-0.5,149.05410766601562,0.04682159423828125,-291.6046447753906
1750930316.5272298,-1.0,0.5,"[174.0, 185.0, 153.0, 129.0, 124.0, 137.0, 171.0, 227.0, 185.0, 174.0]",13.038110733032227,-0.5,149.28817749023438,0.04920005798339844,-291.71954345703125
1750930316.5410225,-1.0,0.5,"[174.0, 185.0, 153.0, 130.0, 125.0, 138.0, 174.0, 227.0, 185.0, 174.0]",13.380955696105957,-0.5,149.53152465820312,0.05168724060058594,-291.8309326171875
1750930316.5552113,-1.0,0.5,"[174.0, 185.0, 153.0, 130.0, 126.0, 139.0, 175.0, 227.0, 185.0, 174.0]",13.056842803955078,-0.5,149.77157592773438,0.054141998291015625,-291.9336853027344
1750930316.5912302,-1.0,0.5,"[174.0, 185.0, 154.0, 131.0, 127.0, 140.0, 176.0, 227.0, 185.0, 174.0]",13.339771270751953,-0.5,150.01959228515625,0.0566558837890625,-292.0319519042969
1750930316.6063366,-1.0,0.5,"[174.0, 185.0, 155.0, 131.0, 128.0, 142.0, 177.0, 227.0, 185.0, 174.0]",13.144770622253418,-0.5,150.26675415039062,0.05915069580078125,-292.1214904785156
1750930316.621277,-1.0,0.5,"[174.0, 185.0, 155.0, 132.0, 129.0, 143.0, 179.0, 227.0, 185.0, 174.0]",13.272516250610352,-0.5,150.51849365234375,0.06172943115234375,-292.2057189941406
1750930316.636221,-1.0,0.5,"[174.0, 185.0, 155.0, 133.0, 130.0, 145.0, 181.0, 227.0, 185.0, 174.0]",13.239409446716309,-0.5,150.77169799804688,0.06432723999023438,-292.28314208984375
1750930316.6744416,-1.0,0.5,"[174.0, 185.0, 156.0, 134.0, 131.0, 146.0, 181.0, 227.0, 185.0, 174.0]",13.361344337463379,-0.5,151.02926635742188,0.06697463989257812,-292.3542785644531
1750930316.6893902,-1.0,0.5,"[174.0, 185.0, 156.0, 135.0, 133.0, 148.0, 182.0, 225.0, 185.0, 174.0]",13.3594970703125,-0.5,151.288330078125,0.06967735290527344,-292.4195861816406
1750930316.704569,-1.0,0.5,"[174.0, 185.0, 158.0, 136.0, 134.0, 149.0, 183.0, 220.0, 185.0, 174.0]",13.380074501037598,-0.5,151.5499267578125,0.07245445251464844,-292.47589111328125
1750930316.7200563,-1.0,0.5,"[174.0, 185.0, 159.0, 137.0, 136.0, 150.0, 184.0, 215.0, 185.0, 174.0]",13.464055061340332,-0.5,151.81436157226562,0.07533836364746094,-292.52655029296875
1750930316.7354903,-1.0,0.5,"[174.0, 185.0, 160.0, 138.0, 137.0, 151.0, 184.0, 212.0, 185.0, 174.0]",13.24593734741211,-0.5,152.07601928710938,0.07825851440429688,-292.5679016113281
1750930316.775171,-1.0,0.5,"[174.0, 185.0, 162.0, 140.0, 138.0, 152.0, 185.0, 209.0, 185.0, 174.0]",13.420119285583496,-0.5,152.34197998046875,0.08129310607910156,-292.60400390625
1750930316.791743,-1.0,0.5,"[174.0, 185.0, 162.0, 141.0, 140.0, 153.0, 185.0, 206.0, 185.0, 174.0]",13.530399322509766,-0.5,152.611083984375,0.0843963623046875,-292.6323547363281
1750930316.8081062,-1.0,0.5,"[174.0, 185.0, 164.0, 143.0, 141.0, 155.0, 185.0, 203.0, 185.0, 174.0]",13.523908615112305,-0.5,152.88070678710938,0.08754158020019531,-292.6537170410156
1750930316.824306,-1.0,0.5,"[174.0, 185.0, 166.0, 144.0, 143.0, 156.0, 186.0, 201.0, 185.0, 174.0]",13.561494827270508,-0.5,153.15158081054688,0.09068489074707031,-292.6672668457031
1750930316.8404827,-1.0,0.5,"[174.0, 185.0, 168.0, 146.0, 144.0, 157.0, 186.0, 198.0, 185.0, 174.0]",13.580215454101562,-0.5,153.42306518554688,0.09381103515625,-292.6741027832031
1750930316.8566163,-1.0,0.5,"[174.0, 185.0, 170.0, 147.0, 145.0, 158.0, 186.0, 197.0, 185.0, 174.0]",13.606792449951172,-0.5,153.69515991210938,0.09690284729003906,-292.6725158691406
1750930316.897457,-1.0,0.5,"[174.0, 185.0, 172.0, 149.0, 147.0, 159.0, 186.0, 193.0, 185.0, 174.0]",13.632909774780273,-0.5,153.96768188476562,0.09998130798339844,-292.6644592285156
1750930316.9135776,-1.0,0.5,"[174.0, 185.0, 173.0, 151.0, 148.0, 160.0, 186.0, 192.0, 185.0, 174.0]",13.671523094177246,-0.5,154.24063110351562,0.1030731201171875,-292.64813232421875
1750930316.9296021,-1.0,0.5,"[174.0, 185.0, 176.0, 153.0, 149.0, 160.0, 170.0, 189.0, 185.0, 174.0]",13.674947738647461,-0.5,154.51312255859375,0.10618209838867188,-292.6251220703125
1750930316.9460196,-1.0,0.5,"[174.0, 185.0, 178.0, 154.0, 150.0, 161.0, 167.0, 187.0, 185.0, 174.0]",13.821553230285645,-0.5,154.78759765625,0.10931015014648438,-292.5923767089844
1750930316.9625285,0.0,0.5,"[174.0, 185.0, 180.0, 156.0, 152.0, 162.0, 164.0, 184.0, 185.0, 174.0]",13.593718528747559,-0.5,155.05682373046875,0.11242294311523438,-292.5546875
1750930316.9788105,0.0,0.5,"[174.0, 185.0, 181.0, 156.0, 152.0, 162.0, 162.0, 183.0, 185.0, 174.0]",13.681541442871094,0.0,155.3292236328125,0.11592674255371094,-292.5290222167969
1750930316.9945636,0.0,0.5,"[174.0, 185.0, 181.0, 157.0, 152.0, 162.0, 162.0, 183.0, 185.0, 174.0]",13.838116645812988,0.0,155.6058349609375,0.11987686157226562,-292.5208740234375
1750930317.0353096,0.0,0.5,"[174.0, 185.0, 181.0, 156.0, 152.0, 162.0, 162.0, 183.0, 185.0, 174.0]",13.569517135620117,0.0,155.87716674804688,0.1238555908203125,-292.51580810546875
1750930317.0518124,0.0,0.5,"[174.0, 185.0, 181.0, 156.0, 152.0, 161.0, 163.0, 183.0, 185.0, 174.0]",13.8585205078125,0.0,156.15426635742188,0.12796401977539062,-292.51116943359375
1750930317.067781,0.0,0.5,"[174.0, 185.0, 181.0, 156.0, 152.0, 161.0, 163.0, 184.0, 185.0, 174.0]",13.885981559753418,0.0,156.43191528320312,0.13214111328125,-292.5064697265625
1750930317.083818,0.0,0.5,"[174.0, 185.0, 181.0, 156.0, 152.0, 161.0, 163.0, 184.0, 185.0, 174.0]",13.96550464630127,0.0,156.71115112304688,0.1364879608154297,-292.501708984375
1750930317.099782,0.0,0.5,"[174.0, 185.0, 181.0, 156.0, 151.0, 161.0, 163.0, 184.0, 185.0, 174.0]",13.926604270935059,0.0,156.98959350585938,0.1410503387451172,-292.4969482421875
1750930317.115321,0.0,0.5,"[174.0, 185.0, 180.0, 155.0, 151.0, 161.0, 164.0, 184.0, 185.0, 174.0]",13.930830955505371,0.0,157.26812744140625,0.14577293395996094,-292.49200439453125
1750930317.1554372,0.0,0.5,"[174.0, 185.0, 179.0, 155.0, 151.0, 161.0, 164.0, 184.0, 185.0, 174.0]",14.03125,0.0,157.54867553710938,0.15068435668945312,-292.48699951171875
1750930317.170911,0.0,0.5,"[174.0, 185.0, 179.0, 155.0, 151.0, 161.0, 164.0, 184.0, 185.0, 174.0]",13.807394027709961,0.0,157.82473754882812,0.15563392639160156,-292.4824523925781
1750930317.1875072,0.0,0.5,"[174.0, 185.0, 179.0, 155.0, 151.0, 161.0, 164.0, 184.0, 185.0, 174.0]",14.190746307373047,0.0,158.10842895507812,0.16082191467285156,-292.4775695800781
1750930317.203934,0.0,0.5,"[174.0, 185.0, 179.0, 155.0, 150.0, 161.0, 164.0, 184.0, 185.0, 174.0]",14.06029987335205,0.0,158.38955688476562,0.16607284545898438,-292.4726257324219
1750930317.2199755,0.0,0.5,"[174.0, 185.0, 179.0, 154.0, 150.0, 161.0, 164.0, 184.0, 185.0, 174.0]",14.234099388122559,0.0,158.67416381835938,0.17150497436523438,-292.4678955078125
1750930317.2354774,0.0,0.5,"[174.0, 185.0, 179.0, 154.0, 150.0, 161.0, 164.0, 185.0, 185.0, 174.0]",14.136430740356445,0.0,158.956787109375,0.17697715759277344,-292.4630126953125
1750930317.2746465,0.0,0.5,"[174.0, 185.0, 179.0, 154.0, 150.0, 160.0, 164.0, 185.0, 185.0, 174.0]",14.276357650756836,0.0,159.24221801757812,0.18257904052734375,-292.45831298828125
1750930317.2900374,0.0,0.5,"[174.0, 185.0, 178.0, 154.0, 150.0, 160.0, 166.0, 185.0, 185.0, 174.0]",14.156905174255371,0.0,159.52523803710938,0.18816184997558594,-292.45330810546875
1750930317.30569,0.0,0.5,"[174.0, 185.0, 178.0, 153.0, 150.0, 160.0, 166.0, 185.0, 185.0, 174.0]",14.470967292785645,0.0,159.8145751953125,0.19398117065429688,-292.4482116699219
1750930317.3209002,0.0,0.5,"[174.0, 185.0, 178.0, 153.0, 149.0, 160.0, 166.0, 186.0, 185.0, 174.0]",14.2715482711792,0.0,160.09988403320312,0.19993019104003906,-292.4430847167969
1750930317.3367982,0.0,0.5,"[174.0, 185.0, 178.0, 153.0, 149.0, 160.0, 166.0, 186.0, 185.0, 174.0]",14.452652931213379,0.0,160.38882446289062,0.20624160766601562,-292.4380187988281
1750930317.3761036,0.0,0.5,"[174.0, 185.0, 177.0, 153.0, 149.0, 160.0, 166.0, 186.0, 185.0, 174.0]",14.502217292785645,0.0,160.67874145507812,0.212799072265625,-292.4326477050781
1750930317.3916397,0.0,0.5,"[174.0, 185.0, 176.0, 152.0, 149.0, 160.0, 166.0, 186.0, 185.0, 174.0]",14.510977745056152,0.0,160.96884155273438,0.21957969665527344,-292.4278869628906
1750930317.4068468,0.0,0.5,"[174.0, 185.0, 176.0, 152.0, 149.0, 160.0, 166.0, 186.0, 185.0, 174.0]",14.435002326965332,0.0,161.25743103027344,0.22648048400878906,-292.42266845703125
1750930317.4222472,-1.0,0.5,"[174.0, 185.0, 176.0, 152.0, 148.0, 160.0, 166.0, 186.0, 185.0, 174.0]",14.369733810424805,0.0,161.54470825195312,0.23349571228027344,-292.4180603027344
1750930317.437833,-1.0,0.5,"[174.0, 185.0, 177.0, 152.0, 149.0, 160.0, 164.0, 185.0, 185.0, 174.0]",14.29697322845459,-0.5,161.8295135498047,0.2398090362548828,-292.3933410644531
1750930317.464715,0.0,0.5,"[174.0, 185.0, 179.0, 153.0, 150.0, 160.0, 163.0, 183.0, 185.0, 174.0]",14.225128173828125,-0.5,162.110595703125,0.24541091918945312,-292.3497314453125
1750930317.48057,0.0,0.5,"[174.0, 185.0, 179.0, 153.0, 151.0, 160.0, 163.0, 183.0, 185.0, 174.0]",14.090642929077148,0.0,162.39100646972656,0.251556396484375,-292.32232666015625
1750930317.4959507,0.0,0.5,"[174.0, 185.0, 179.0, 153.0, 150.0, 160.0, 163.0, 183.0, 185.0, 174.0]",14.23212718963623,0.0,162.6749725341797,0.2580604553222656,-292.3038635253906
1750930317.534929,0.0,0.5,"[174.0, 185.0, 178.0, 153.0, 150.0, 160.0, 163.0, 183.0, 185.0, 174.0]",14.069936752319336,0.0,162.95578002929688,0.2646045684814453,-292.28680419921875
1750930317.549706,0.0,0.5,"[174.0, 185.0, 178.0, 153.0, 150.0, 160.0, 163.0, 183.0, 185.0, 174.0]",14.300528526306152,0.0,163.2411651611328,0.2714405059814453,-292.2693176269531
1750930317.564871,0.0,0.5,"[174.0, 185.0, 178.0, 153.0, 150.0, 160.0, 163.0, 183.0, 185.0, 174.0]",14.302931785583496,0.0,163.526611328125,0.2785148620605469,-292.251953125
1750930317.5800142,0.0,0.5,"[174.0, 185.0, 177.0, 153.0, 150.0, 160.0, 163.0, 184.0, 185.0, 174.0]",14.330135345458984,0.0,163.81259155273438,0.28583717346191406,-292.2345886230469
1750930317.5952184,0.0,0.5,"[174.0, 185.0, 176.0, 152.0, 150.0, 160.0, 163.0, 184.0, 185.0, 174.0]",14.393097877502441,0.0,164.09982299804688,0.29337310791015625,-292.2171630859375
1750930317.633965,0.0,0.5,"[174.0, 185.0, 176.0, 152.0, 150.0, 160.0, 164.0, 184.0, 185.0, 174.0]",14.333213806152344,0.0,164.38584899902344,0.30104827880859375,-292.19976806640625
1750930317.6492476,0.0,0.5,"[174.0, 185.0, 176.0, 152.0, 149.0, 160.0, 164.0, 185.0, 185.0, 174.0]",14.340813636779785,0.0,164.67202758789062,0.308837890625,-292.182373046875
1750930317.6643844,0.0,0.5,"[174.0, 185.0, 175.0, 152.0, 149.0, 160.0, 164.0, 186.0, 185.0, 174.0]",14.474452018737793,0.0,164.96087646484375,0.316680908203125,-292.16485595703125
1750930317.6792812,0.0,0.5,"[174.0, 185.0, 175.0, 151.0, 149.0, 160.0, 166.0, 186.0, 185.0, 174.0]",14.435120582580566,0.0,165.24896240234375,0.3244132995605469,-292.14776611328125
1750930317.6944976,0.0,0.5,"[174.0, 185.0, 175.0, 151.0, 149.0, 160.0, 166.0, 186.0, 185.0, 174.0]",14.635263442993164,0.0,165.54103088378906,0.3320960998535156,-292.13006591796875
1750930317.7334478,-1.0,0.5,"[174.0, 185.0, 175.0, 151.0, 149.0, 160.0, 167.0, 187.0, 185.0, 174.0]",14.494606971740723,0.0,165.83030700683594,0.3396587371826172,-292.11273193359375
1750930317.7482355,-1.0,0.5,"[174.0, 185.0, 175.0, 152.0, 150.0, 160.0, 164.0, 186.0, 185.0, 174.0]",14.44377613067627,-0.5,166.1168670654297,0.3462200164794922,-292.0768737792969
1750930317.7634947,-1.0,0.5,"[174.0, 185.0, 176.0, 153.0, 151.0, 161.0, 162.0, 184.0, 185.0, 174.0]",13.971317291259766,-0.5,166.3903045654297,0.3514556884765625,-292.01959228515625
1750930317.7786605,0.0,0.5,"[174.0, 185.0, 179.0, 155.0, 152.0, 161.0, 160.0, 181.0, 185.0, 174.0]",14.087943077087402,-0.5,166.66241455078125,0.35610008239746094,-291.9466247558594
1750930317.8056092,0.0,0.5,"[174.0, 185.0, 180.0, 155.0, 152.0, 162.0, 159.0, 181.0, 185.0, 174.0]",14.03537654876709,0.0,166.9368133544922,0.36177825927734375,-291.8877258300781
1750930317.820732,0.0,0.5,"[174.0, 185.0, 180.0, 155.0, 153.0, 162.0, 159.0, 181.0, 185.0, 174.0]",14.148755073547363,0.0,167.21627807617188,0.3685894012451172,-291.84381103515625
1750930317.8361206,0.0,0.5,"[174.0, 185.0, 179.0, 155.0, 152.0, 162.0, 159.0, 181.0, 185.0, 174.0]",13.858570098876953,0.0,167.4905242919922,0.3755931854248047,-291.80426025390625
1750930317.875731,0.0,0.5,"[174.0, 185.0, 179.0, 155.0, 152.0, 162.0, 160.0, 181.0, 185.0, 174.0]",14.098723411560059,0.0,167.76959228515625,0.38286781311035156,-291.7645568847656
1750930317.890887,0.0,0.5,"[174.0, 185.0, 179.0, 155.0, 152.0, 162.0, 160.0, 181.0, 185.0, 174.0]",14.251721382141113,0.0,168.05166625976562,0.3902454376220703,-291.7242736816406
1750930317.9059536,0.0,0.5,"[174.0, 185.0, 179.0, 155.0, 152.0, 162.0, 160.0, 181.0, 185.0, 174.0]",14.101287841796875,0.0,168.330810546875,0.3974437713623047,-291.6846923828125
1750930317.9213004,0.0,0.5,"[174.0, 185.0, 179.0, 155.0, 152.0, 162.0, 160.0, 181.0, 185.0, 174.0]",14.21086597442627,0.0,168.61209106445312,0.4045085906982422,-291.6445617675781
1750930317.936791,0.0,0.5,"[174.0, 185.0, 179.0, 155.0, 152.0, 162.0, 160.0, 183.0, 185.0, 174.0]",14.154869079589844,0.0,168.8922882080078,0.4113883972167969,-291.604736328125
1750930317.9760997,0.0,0.5,"[174.0, 185.0, 179.0, 155.0, 152.0, 162.0, 160.0, 183.0, 185.0, 174.0]",14.308460235595703,0.0,169.17552185058594,0.41820526123046875,-291.56439208984375
1750930317.9914942,0.0,0.5,"[174.0, 185.0, 179.0, 155.0, 152.0, 161.0, 160.0, 183.0, 185.0, 174.0]",14.339664459228516,0.0,169.45932006835938,0.42500877380371094,-291.52362060546875
1750930318.0069282,0.0,0.5,"[174.0, 185.0, 179.0, 155.0, 152.0, 162.0, 160.0, 183.0, 185.0, 174.0]",14.53877067565918,0.0,169.7471160888672,0.4320945739746094,-291.482666015625
1750930318.0221376,0.0,0.5,"[174.0, 185.0, 178.0, 155.0, 152.0, 161.0, 160.0, 183.0, 185.0, 174.0]",14.368948936462402,0.0,170.03150939941406,0.43924713134765625,-291.44195556640625
1750930318.0371428,0.0,0.5,"[174.0, 185.0, 178.0, 155.0, 152.0, 161.0, 160.0, 184.0, 185.0, 174.0]",14.477836608886719,0.0,170.31805419921875,0.4466285705566406,-291.4010009765625
1750930318.0760596,0.0,0.5,"[174.0, 185.0, 178.0, 154.0, 151.0, 161.0, 161.0, 184.0, 185.0, 174.0]",14.38261604309082,0.0,170.60269165039062,0.454071044921875,-291.360107421875
1750930318.0919979,0.0,0.5,"[174.0, 185.0, 178.0, 154.0, 151.0, 161.0, 161.0, 184.0, 185.0, 174.0]",14.399675369262695,0.0,170.88775634765625,0.46169090270996094,-291.3197937011719
1750930318.1073465,0.0,0.5,"[174.0, 185.0, 178.0, 154.0, 151.0, 161.0, 161.0, 184.0, 185.0, 174.0]",14.725543975830078,0.0,171.17919921875,0.4695587158203125,-291.2781066894531
1750930318.1230242,0.0,0.5,"[174.0, 185.0, 177.0, 154.0, 151.0, 161.0, 162.0, 184.0, 185.0, 174.0]",14.274309158325195,0.0,171.4617156982422,0.4771289825439453,-291.2377014160156
1750930318.138267,0.0,0.5,"[174.0, 185.0, 177.0, 154.0, 151.0, 161.0, 162.0, 185.0, 185.0, 174.0]",14.60958194732666,0.0,171.75086975097656,0.48465728759765625,-291.1963806152344
1750930318.1652744,0.0,0.5,"[174.0, 185.0, 176.0, 154.0, 151.0, 161.0, 162.0, 185.0, 185.0, 174.0]",14.751259803771973,0.0,172.04283142089844,0.4920616149902344,-291.1546630859375
1750930318.1802652,0.0,0.5,"[174.0, 185.0, 176.0, 154.0, 151.0, 161.0, 163.0, 186.0, 185.0, 174.0]",14.785412788391113,0.0,172.33547973632812,0.4993476867675781,-291.11285400390625
1750930318.1952727,0.0,0.5,"[174.0, 185.0, 176.0, 154.0, 151.0, 161.0, 163.0, 186.0, 185.0, 174.0]",14.758442878723145,0.0,172.62759399414062,0.5066242218017578,-291.07110595703125
1750930318.2332296,0.0,0.5,"[174.0, 185.0, 176.0, 154.0, 151.0, 161.0, 164.0, 186.0, 185.0, 174.0]",14.768667221069336,0.0,172.91989135742188,0.5140647888183594,-291.0292663574219
1750930318.2482247,0.0,0.5,"[174.0, 185.0, 176.0, 154.0, 150.0, 161.0, 164.0, 186.0, 185.0, 174.0]",14.77773666381836,0.0,173.2123565673828,0.5216865539550781,-290.9873046875
1750930318.263131,-1.0,0.5,"[174.0, 185.0, 176.0, 153.0, 150.0, 161.0, 164.0, 187.0, 185.0, 174.0]",14.940115928649902,0.0,173.5080108642578,0.5295639038085938,-290.94476318359375
1750930318.2783546,-1.0,0.5,"[174.0, 185.0, 176.0, 154.0, 151.0, 162.0, 163.0, 186.0, 185.0, 174.0]",14.559144973754883,-0.5,173.79306030273438,0.5360260009765625,-290.8856506347656
1750930318.3052197,-1.0,0.5,"[174.0, 185.0, 179.0, 156.0, 152.0, 162.0, 161.0, 184.0, 185.0, 174.0]",14.362748146057129,-0.5,174.06890869140625,0.5408306121826172,-290.8056335449219
1750930318.3202548,-1.0,0.5,"[174.0, 185.0, 181.0, 158.0, 153.0, 163.0, 158.0, 181.0, 185.0, 174.0]",14.217336654663086,-0.5,174.3374786376953,0.544586181640625,-290.7123107910156
1750930318.3356225,-1.0,0.5,"[174.0, 185.0, 184.0, 160.0, 154.0, 163.0, 156.0, 179.0, 185.0, 174.0]",14.405692100524902,-0.5,174.60617065429688,0.5475883483886719,-290.6083679199219
1750930318.3740027,0.0,0.5,"[174.0, 185.0, 187.0, 162.0, 156.0, 164.0, 154.0, 177.0, 185.0, 174.0]",14.305693626403809,-0.5,174.86956787109375,0.5497074127197266,-290.49664306640625
1750930318.3899395,0.0,0.5,"[174.0, 185.0, 189.0, 162.0, 157.0, 164.0, 153.0, 176.0, 185.0, 174.0]",14.440638542175293,0.0,175.1402130126953,0.5527133941650391,-290.3958740234375
1750930318.4048817,0.0,0.5,"[174.0, 185.0, 189.0, 163.0, 157.0, 164.0, 153.0, 176.0, 185.0, 174.0]",14.225717544555664,0.0,175.41127014160156,0.5565929412841797,-290.3094787597656
1750930318.420012,0.0,0.5,"[174.0, 185.0, 189.0, 163.0, 157.0, 164.0, 153.0, 175.0, 185.0, 174.0]",14.317215919494629,0.0,175.68585205078125,0.5608386993408203,-290.22833251953125
1750930318.4353137,0.0,0.5,"[174.0, 185.0, 190.0, 163.0, 157.0, 164.0, 153.0, 176.0, 185.0, 174.0]",14.34351634979248,0.0,175.9610595703125,0.5650463104248047,-290.1474609375
1750930318.474667,0.0,0.5,"[174.0, 185.0, 190.0, 163.0, 157.0, 164.0, 153.0, 176.0, 185.0, 174.0]",14.497076988220215,0.0,176.2392578125,0.5692882537841797,-290.06585693359375
1750930318.4898815,0.0,0.5,"[174.0, 185.0, 190.0, 163.0, 157.0, 164.0, 153.0, 176.0, 185.0, 174.0]",14.504685401916504,0.0,176.51768493652344,0.5736408233642578,-289.98455810546875
1750930318.5049007,0.0,0.5,"[174.0, 185.0, 190.0, 163.0, 157.0, 164.0, 153.0, 176.0, 185.0, 174.0]",14.499063491821289,0.0,176.79586791992188,0.5780715942382812,-289.90277099609375
1750930318.5202343,0.0,0.5,"[174.0, 185.0, 190.0, 163.0, 157.0, 165.0, 153.0, 176.0, 185.0, 174.0]",14.641500473022461,0.0,177.076904296875,0.5827121734619141,-289.82061767578125
1750930318.534917,0.0,0.5,"[174.0, 185.0, 190.0, 162.0, 157.0, 165.0, 153.0, 176.0, 185.0, 174.0]",14.587060928344727,0.0,177.35679626464844,0.5874118804931641,-289.7384338378906
1750930318.5734918,0.0,0.5,"[174.0, 185.0, 190.0, 163.0, 157.0, 165.0, 153.0, 176.0, 185.0, 174.0]",14.622586250305176,0.0,177.6374969482422,0.5921821594238281,-289.656494140625
1750930318.5878317,0.0,0.5,"[174.0, 185.0, 190.0, 162.0, 157.0, 165.0, 153.0, 176.0, 185.0, 174.0]",14.76450252532959,0.0,177.92080688476562,0.5968112945556641,-289.5733337402344
1750930318.6026359,0.0,0.5,"[174.0, 185.0, 190.0, 162.0, 157.0, 165.0, 153.0, 176.0, 185.0, 174.0]",14.590245246887207,0.0,178.20077514648438,0.6012306213378906,-289.4912109375
1750930318.6179135,0.0,0.5,"[174.0, 185.0, 190.0, 162.0, 157.0, 165.0, 153.0, 176.0, 185.0, 174.0]",14.707069396972656,0.0,178.4829864501953,0.6055126190185547,-289.4084167480469
1750930318.6447494,0.0,0.5,"[174.0, 185.0, 192.0, 162.0, 157.0, 165.0, 153.0, 176.0, 185.0, 174.0]",14.731206893920898,0.0,178.7657470703125,0.6096935272216797,-289.32574462890625
1750930318.6599586,0.0,0.5,"[174.0, 185.0, 192.0, 162.0, 157.0, 165.0, 153.0, 176.0, 185.0, 174.0]",14.901247024536133,0.0,179.0516815185547,0.6137619018554688,-289.2418212890625
1750930318.67518,0.0,0.5,"[174.0, 185.0, 192.0, 162.0, 157.0, 165.0, 153.0, 176.0, 185.0, 174.0]",14.899104118347168,0.0,179.33761596679688,0.6177253723144531,-289.15802001953125
1750930318.713504,0.0,0.5,"[174.0, 185.0, 192.0, 162.0, 157.0, 165.0, 154.0, 176.0, 185.0, 174.0]",14.854727745056152,0.0,179.62271118164062,0.6216602325439453,-289.07452392578125
1750930318.7285807,0.0,0.5,"[174.0, 185.0, 192.0, 162.0, 157.0, 165.0, 154.0, 176.0, 185.0, 174.0]",14.839669227600098,0.0,179.90750122070312,0.6256523132324219,-288.9910583496094
1750930318.7440689,0.0,0.5,"[174.0, 185.0, 192.0, 162.0, 157.0, 165.0, 154.0, 176.0, 185.0, 174.0]",14.96353816986084,0.0,180.1946258544922,0.6298465728759766,-288.9067687988281
1750930318.7592568,0.0,0.5,"[174.0, 185.0, 192.0, 162.0, 157.0, 165.0, 154.0, 176.0, 185.0, 174.0]",14.92966365814209,0.0,180.4811553955078,0.6342239379882812,-288.8228454589844
1750930318.7739358,0.0,0.5,"[174.0, 185.0, 192.0, 162.0, 157.0, 165.0, 154.0, 176.0, 185.0, 174.0]",15.019170761108398,0.0,180.76937866210938,0.63873291015625,-288.7383728027344
1750930318.812469,0.0,0.5,"[174.0, 185.0, 192.0, 162.0, 156.0, 165.0, 155.0, 176.0, 185.0, 174.0]",15.002521514892578,0.0,181.05718994140625,0.6431541442871094,-288.6536865234375
1750930318.8274822,0.0,0.5,"[174.0, 185.0, 192.0, 162.0, 156.0, 165.0, 155.0, 176.0, 185.0, 174.0]",15.188907623291016,0.0,181.3487091064453,0.6476039886474609,-288.568359375
1750930318.8425996,0.0,0.5,"[174.0, 185.0, 192.0, 162.0, 156.0, 165.0, 156.0, 176.0, 185.0, 174.0]",15.170654296875,0.0,181.6398468017578,0.6519832611083984,-288.4830322265625
1750930318.8575222,0.0,0.5,"[174.0, 185.0, 192.0, 162.0, 156.0, 165.0, 156.0, 176.0, 185.0, 174.0]",15.131793975830078,0.0,181.93023681640625,0.6562976837158203,-288.39794921875
1750930318.8952353,0.0,0.5,"[174.0, 185.0, 192.0, 162.0, 156.0, 165.0, 156.0, 176.0, 185.0, 174.0]",15.297804832458496,0.0,182.22381591796875,0.6606197357177734,-288.31195068359375
1750930318.9105623,0.0,0.5,"[174.0, 185.0, 192.0, 162.0, 156.0, 165.0, 156.0, 176.0, 185.0, 174.0]",15.268754959106445,0.0,182.51678466796875,0.6648521423339844,-288.22589111328125
1750930318.9255452,0.0,0.5,"[174.0, 185.0, 192.0, 162.0, 156.0, 165.0, 156.0, 176.0, 185.0, 174.0]",15.273483276367188,0.0,182.8099822998047,0.6691017150878906,-288.1402893066406
1750930318.9404562,0.0,0.5,"[174.0, 185.0, 192.0, 162.0, 156.0, 165.0, 158.0, 176.0, 185.0, 174.0]",15.396249771118164,0.0,183.1054229736328,0.6733951568603516,-288.0535888671875
1750930318.9554906,0.0,0.5,"[174.0, 185.0, 192.0, 162.0, 156.0, 165.0, 158.0, 176.0, 185.0, 174.0]",15.316703796386719,0.0,183.3993682861328,0.6778392791748047,-287.96746826171875
1750930318.9940126,0.0,0.5,"[174.0, 185.0, 190.0, 161.0, 156.0, 165.0, 158.0, 176.0, 185.0, 174.0]",15.472397804260254,0.0,183.6962890625,0.6825714111328125,-287.8804626464844
1750930319.0094647,0.0,0.5,"[174.0, 185.0, 190.0, 161.0, 156.0, 165.0, 158.0, 176.0, 185.0, 174.0]",15.622702598571777,0.0,183.99609375,0.6874675750732422,-287.7925720214844
1750930319.024537,0.0,0.5,"[174.0, 185.0, 190.0, 161.0, 156.0, 165.0, 158.0, 176.0, 185.0, 174.0]",15.384037017822266,0.0,184.291259765625,0.6922893524169922,-287.70587158203125
1750930319.0395806,0.0,0.5,"[174.0, 185.0, 190.0, 161.0, 156.0, 165.0, 158.0, 176.0, 185.0, 174.0]",15.54867172241211,0.0,184.5896453857422,0.6972026824951172,-287.6184387207031
1750930319.0545814,0.0,0.5,"[174.0, 185.0, 190.0, 161.0, 156.0, 165.0, 159.0, 176.0, 185.0, 174.0]",15.453836441040039,0.0,184.8861541748047,0.7020645141601562,-287.53131103515625
1750930319.091792,0.0,0.5,"[174.0, 185.0, 190.0, 161.0, 156.0, 165.0, 159.0, 176.0, 185.0, 174.0]",15.689318656921387,0.0,185.18714904785156,0.7069854736328125,-287.4427795410156
1750930319.1069314,0.0,0.5,"[174.0, 185.0, 190.0, 161.0, 156.0, 165.0, 159.0, 176.0, 185.0, 174.0]",15.727603912353516,0.0,185.4889373779297,0.7119331359863281,-287.3542175292969
1750930319.121221,0.0,0.5,"[174.0, 185.0, 190.0, 161.0, 156.0, 165.0, 160.0, 176.0, 185.0, 174.0]",15.763311386108398,0.0,185.79136657714844,0.7168617248535156,-287.2652893066406
1750930319.1350653,0.0,0.5,"[174.0, 185.0, 190.0, 161.0, 155.0, 165.0, 160.0, 176.0, 185.0, 174.0]",15.812493324279785,0.0,186.0947723388672,0.7218017578125,-287.1761779785156
1750930319.1735246,0.0,0.5,"[174.0, 185.0, 190.0, 161.0, 155.0, 165.0, 160.0, 176.0, 185.0, 174.0]",15.808533668518066,0.0,186.39808654785156,0.7268199920654297,-287.0870666503906
1750930319.1888566,0.0,0.5,"[174.0, 185.0, 190.0, 161.0, 155.0, 165.0, 160.0, 176.0, 185.0, 174.0]",15.813587188720703,0.0,186.7014617919922,0.7320575714111328,-286.997802734375
1750930319.2038329,0.0,0.5,"[174.0, 185.0, 189.0, 161.0, 155.0, 165.0, 160.0, 176.0, 185.0, 174.0]",15.917104721069336,0.0,187.00677490234375,0.7375259399414062,-286.9078369140625
1750930319.2189205,0.0,0.5,"[174.0, 185.0, 189.0, 161.0, 155.0, 165.0, 160.0, 177.0, 185.0, 174.0]",15.878475189208984,0.0,187.31134033203125,0.7430763244628906,-286.8180847167969
1750930319.2338128,0.0,0.5,"[174.0, 185.0, 189.0, 161.0, 155.0, 165.0, 160.0, 178.0, 185.0, 174.0]",15.873661041259766,0.0,187.6157989501953,0.7486896514892578,-286.72833251953125
1750930319.271017,0.0,0.5,"[174.0, 185.0, 189.0, 161.0, 155.0, 165.0, 161.0, 178.0, 185.0, 174.0]",16.07685661315918,0.0,187.92416381835938,0.7544155120849609,-286.63739013671875
1750930319.2860854,0.0,0.5,"[174.0, 185.0, 189.0, 160.0, 155.0, 164.0, 161.0, 179.0, 185.0, 174.0]",15.879997253417969,0.0,188.22882080078125,0.7601547241210938,-286.5478515625
1750930319.3010345,0.0,0.5,"[174.0, 185.0, 189.0, 160.0, 155.0, 164.0, 161.0, 179.0, 185.0, 174.0]",16.075153350830078,0.0,188.53717041015625,0.7659587860107422,-286.45703125
1750930319.315204,0.0,0.5,"[174.0, 185.0, 189.0, 160.0, 155.0, 164.0, 161.0, 179.0, 185.0, 174.0]",16.142501831054688,0.0,188.8468780517578,0.7718372344970703,-286.3660583496094
1750930319.352638,0.0,0.5,"[174.0, 185.0, 189.0, 160.0, 154.0, 164.0, 161.0, 180.0, 185.0, 174.0]",16.072145462036133,0.0,189.1551971435547,0.7776718139648438,-286.27532958984375
1750930319.3669493,0.0,0.5,"[174.0, 185.0, 188.0, 160.0, 154.0, 164.0, 162.0, 181.0, 185.0, 174.0]",16.19097900390625,0.0,189.46583557128906,0.7836704254150391,-286.18408203125
1750930319.3822715,0.0,0.5,"[174.0, 185.0, 187.0, 160.0, 154.0, 164.0, 162.0, 181.0, 185.0, 174.0]",16.094383239746094,0.0,189.77456665039062,0.7898349761962891,-286.09320068359375
1750930319.3971622,0.0,0.5,"[174.0, 185.0, 187.0, 160.0, 154.0, 164.0, 162.0, 181.0, 185.0, 174.0]",16.145801544189453,0.0,190.08428955078125,0.7962703704833984,-286.0020751953125
1750930319.434571,0.0,0.5,"[174.0, 185.0, 187.0, 160.0, 154.0, 164.0, 162.0, 181.0, 185.0, 174.0]",16.26115608215332,0.0,190.39617919921875,0.8028755187988281,-285.9101257324219
1750930319.4492621,0.0,0.5,"[174.0, 185.0, 187.0, 159.0, 154.0, 164.0, 162.0, 183.0, 185.0, 174.0]",16.205984115600586,0.0,190.70692443847656,0.8095188140869141,-285.8182067871094
1750930319.464966,0.0,0.5,"[174.0, 185.0, 187.0, 159.0, 154.0, 164.0, 162.0, 183.0, 185.0, 174.0]",16.252038955688477,0.0,191.01873779296875,0.8163490295410156,-285.7266540527344
1750930319.4811661,0.0,0.5,"[174.0, 185.0, 187.0, 159.0, 154.0, 164.0, 162.0, 183.0, 185.0, 174.0]",16.58864974975586,0.0,191.33692932128906,0.8233604431152344,-285.6329650878906
1750930319.4971707,0.0,0.5,"[174.0, 185.0, 187.0, 159.0, 154.0, 164.0, 162.0, 184.0, 185.0, 174.0]",16.1754150390625,0.0,191.6471710205078,0.8302364349365234,-285.5415344238281
1750930319.5341322,0.0,0.5,"[174.0, 185.0, 186.0, 159.0, 153.0, 164.0, 163.0, 184.0, 185.0, 174.0]",16.53545570373535,0.0,191.96435546875,0.8373069763183594,-285.44818115234375
1750930319.5479348,0.0,0.5,"[174.0, 185.0, 186.0, 159.0, 153.0, 164.0, 163.0, 184.0, 185.0, 174.0]",16.396411895751953,0.0,192.2788848876953,0.8443794250488281,-285.35565185546875
1750930319.5625103,0.0,0.5,"[174.0, 185.0, 186.0, 159.0, 153.0, 164.0, 164.0, 184.0, 185.0, 174.0]",16.44401741027832,0.0,192.59420776367188,0.8515834808349609,-285.262451171875
1750930319.5773547,0.0,0.5,"[174.0, 185.0, 186.0, 159.0, 153.0, 164.0, 164.0, 185.0, 185.0, 174.0]",16.546308517456055,0.0,192.9115753173828,0.859161376953125,-285.1689758300781
1750930319.61471,0.0,0.5,"[174.0, 185.0, 186.0, 159.0, 153.0, 164.0, 166.0, 186.0, 185.0, 174.0]",16.544322967529297,0.0,193.22877502441406,0.8669300079345703,-285.07513427734375
1750930319.629601,0.0,0.5,"[174.0, 185.0, 185.0, 158.0, 153.0, 163.0, 166.0, 186.0, 185.0, 174.0]",16.761512756347656,0.0,193.55014038085938,0.8749637603759766,-284.9800720214844
1750930319.6443565,0.0,0.5,"[174.0, 185.0, 185.0, 158.0, 153.0, 163.0, 166.0, 186.0, 185.0, 174.0]",16.52217674255371,0.0,193.86692810058594,0.8830204010009766,-284.8863830566406
1750930319.6582575,0.0,0.5,"[174.0, 185.0, 184.0, 158.0, 153.0, 163.0, 167.0, 187.0, 185.0, 174.0]",16.83255386352539,0.0,194.1896209716797,0.8913059234619141,-284.79083251953125
1750930319.6838841,0.0,0.5,"[174.0, 185.0, 184.0, 158.0, 152.0, 163.0, 167.0, 187.0, 185.0, 174.0]",16.567628860473633,0.0,194.50726318359375,0.8995628356933594,-284.6968688964844
1750930319.6983538,0.0,0.5,"[174.0, 185.0, 184.0, 158.0, 152.0, 163.0, 168.0, 187.0, 185.0, 174.0]",16.777238845825195,0.0,194.828857421875,0.9079341888427734,-284.60150146484375
1750930319.7237508,-1.0,0.5,"[174.0, 185.0, 184.0, 158.0, 152.0, 163.0, 168.0, 187.0, 185.0, 174.0]",16.7413387298584,0.0,195.14979553222656,0.9163894653320312,-284.5064697265625
1750930319.7384503,-1.0,0.5,"[174.0, 185.0, 184.0, 158.0, 153.0, 163.0, 167.0, 187.0, 185.0, 174.0]",16.59148597717285,-0.5,195.4617462158203,0.9222545623779297,-284.39349365234375
1750930319.7634883,-1.0,0.5,"[174.0, 185.0, 186.0, 159.0, 153.0, 164.0, 163.0, 184.0, 185.0, 174.0]",16.174840927124023,-0.5,195.75794982910156,0.9253711700439453,-284.26348876953125
1750930319.7779062,-1.0,0.5,"[174.0, 185.0, 189.0, 161.0, 155.0, 165.0, 160.0, 183.0, 185.0, 174.0]",16.252470016479492,-0.5,196.0467529296875,0.9260406494140625,-284.11431884765625
1750930319.8149102,0.0,0.5,"[174.0, 185.0, 192.0, 162.0, 156.0, 166.0, 156.0, 179.0, 185.0, 174.0]",16.028766632080078,-0.5,196.3256072998047,0.9252834320068359,-283.9561767578125
1750930319.8299255,0.0,0.5,"[174.0, 185.0, 192.0, 163.0, 157.0, 167.0, 155.0, 178.0, 185.0, 174.0]",16.18644905090332,0.0,196.61294555664062,0.9263801574707031,-283.80706787109375
1750930319.8447137,0.0,0.5,"[174.0, 185.0, 193.0, 163.0, 157.0, 167.0, 155.0, 177.0, 185.0, 174.0]",16.043521881103516,0.0,196.90475463867188,0.9298229217529297,-283.6736755371094
1750930319.8592634,0.0,0.5,"[174.0, 185.0, 193.0, 163.0, 157.0, 167.0, 155.0, 177.0, 185.0, 174.0]",16.299978256225586,0.0,197.2032012939453,0.9340724945068359,-283.5425720214844
1750930319.874252,0.0,0.5,"[174.0, 185.0, 193.0, 163.0, 157.0, 167.0, 155.0, 177.0, 185.0, 174.0]",16.068756103515625,0.0,197.49765014648438,0.9384403228759766,-283.41387939453125
1750930319.9113352,0.0,0.5,"[174.0, 185.0, 193.0, 163.0, 157.0, 167.0, 155.0, 177.0, 185.0, 174.0]",16.265052795410156,0.0,197.795654296875,0.94287109375,-283.28350830078125
1750930319.9257352,0.0,0.5,"[174.0, 185.0, 193.0, 163.0, 157.0, 166.0, 155.0, 178.0, 185.0, 174.0]",16.272520065307617,0.0,198.09385681152344,0.9473457336425781,-283.1532287597656
1750930319.9396527,0.0,0.5,"[174.0, 185.0, 193.0, 163.0, 157.0, 166.0, 155.0, 178.0, 185.0, 174.0]",16.222946166992188,0.0,198.39120483398438,0.9518260955810547,-283.0234680175781
1750930319.9535131,0.0,0.5,"[174.0, 185.0, 193.0, 163.0, 157.0, 166.0, 156.0, 178.0, 185.0, 174.0]",16.348464965820312,0.0,198.6908721923828,0.9564323425292969,-282.89276123046875
1750930319.9900856,0.0,0.5,"[174.0, 185.0, 193.0, 162.0, 157.0, 166.0, 156.0, 178.0, 185.0, 174.0]",16.29701042175293,0.0,198.989501953125,0.961212158203125,-282.7622375488281
1750930320.0044959,0.0,0.5,"[174.0, 185.0, 192.0, 162.0, 157.0, 166.0, 156.0, 178.0, 185.0, 174.0]",16.547128677368164,0.0,199.29273986816406,0.9662952423095703,-282.6297912597656
1750930320.019587,0.0,0.5,"[174.0, 185.0, 192.0, 162.0, 156.0, 166.0, 156.0, 178.0, 185.0, 174.0]",16.409263610839844,0.0,199.5934600830078,0.9715137481689453,-282.49847412109375
1750930320.0344725,0.0,0.5,"[174.0, 185.0, 192.0, 162.0, 156.0, 166.0, 158.0, 178.0, 185.0, 174.0]",16.722848892211914,0.0,199.89991760253906,0.9769802093505859,-282.3646545410156
1750930320.071354,0.0,0.5,"[174.0, 185.0, 192.0, 162.0, 156.0, 166.0, 158.0, 178.0, 185.0, 174.0]",16.39695930480957,0.0,200.20034790039062,0.9824390411376953,-282.2333068847656
1750930320.0864272,0.0,0.5,"[174.0, 185.0, 192.0, 162.0, 156.0, 166.0, 158.0, 178.0, 185.0, 174.0]",16.816328048706055,0.0,200.5084686279297,0.9881172180175781,-282.0986022949219
1750930320.1007636,0.0,0.5,"[174.0, 185.0, 192.0, 162.0, 156.0, 166.0, 158.0, 178.0, 185.0, 174.0]",16.427783966064453,0.0,200.8094482421875,0.9937286376953125,-281.9669494628906
1750930320.1149333,0.0,0.5,"[174.0, 185.0, 192.0, 161.0, 156.0, 166.0, 159.0, 178.0, 185.0, 174.0]",16.808496475219727,0.0,201.11741638183594,0.9995079040527344,-281.832275390625
1750930320.1517043,0.0,0.5,"[174.0, 185.0, 192.0, 161.0, 156.0, 166.0, 159.0, 178.0, 185.0, 174.0]",16.548635482788086,0.0,201.42059326171875,1.0052146911621094,-281.69964599609375
1750930320.166773,0.0,0.5,"[174.0, 185.0, 192.0, 161.0, 156.0, 166.0, 159.0, 178.0, 185.0, 174.0]",16.880340576171875,0.0,201.72988891601562,1.0111217498779297,-281.564453125
1750930320.1813104,0.0,0.5,"[174.0, 185.0, 190.0, 161.0, 155.0, 166.0, 160.0, 178.0, 185.0, 174.0]",16.567556381225586,0.0,202.0334014892578,1.017141342163086,-281.431640625
1750930320.194994,0.0,0.5,"[174.0, 185.0, 190.0, 161.0, 155.0, 166.0, 160.0, 178.0, 185.0, 174.0]",16.902202606201172,0.0,202.34310913085938,1.0235652923583984,-281.2962951660156
1750930320.2310374,0.0,0.5,"[174.0, 185.0, 190.0, 161.0, 155.0, 166.0, 160.0, 178.0, 185.0, 174.0]",16.686342239379883,0.0,202.64881896972656,1.0301055908203125,-281.16259765625
1750930320.2454014,0.0,0.5,"[174.0, 185.0, 190.0, 161.0, 155.0, 165.0, 160.0, 178.0, 185.0, 174.0]",16.997194290161133,0.0,202.9601593017578,1.0369319915771484,-281.02630615234375
1750930320.2597225,0.0,0.5,"[174.0, 185.0, 190.0, 160.0, 155.0, 165.0, 160.0, 178.0, 185.0, 174.0]",16.625530242919922,0.0,203.26467895507812,1.043752670288086,-280.8929443359375
1750930320.274244,0.0,0.5,"[174.0, 185.0, 190.0, 160.0, 155.0, 165.0, 160.0, 178.0, 185.0, 174.0]",17.023880004882812,0.0,203.57644653320312,1.050832748413086,-280.75628662109375
1750930320.3103976,0.0,0.5,"[174.0, 185.0, 189.0, 160.0, 155.0, 165.0, 161.0, 178.0, 185.0, 174.0]",16.816102981567383,0.0,203.8843536376953,1.0578861236572266,-280.62115478515625
1750930320.3244038,0.0,0.5,"[174.0, 185.0, 189.0, 160.0, 154.0, 165.0, 161.0, 178.0, 185.0, 174.0]",17.017253875732422,0.0,204.1961212158203,1.065145492553711,-280.4848327636719
1750930320.3383844,0.0,0.5,"[174.0, 185.0, 189.0, 160.0, 154.0, 165.0, 161.0, 178.0, 185.0, 174.0]",17.055326461791992,0.0,204.50852966308594,1.0724716186523438,-280.34808349609375
1750930320.3634455,0.0,0.5,"[174.0, 185.0, 189.0, 160.0, 154.0, 165.0, 161.0, 178.0, 185.0, 174.0]",16.91958236694336,0.0,204.81834411621094,1.0798759460449219,-280.2121887207031
1750930320.3776276,0.0,0.5,"[174.0, 185.0, 188.0, 159.0, 154.0, 165.0, 162.0, 178.0, 185.0, 174.0]",17.146408081054688,0.0,205.13229370117188,1.0876922607421875,-280.074462890625
1750930320.4136484,0.0,0.5,"[174.0, 185.0, 187.0, 159.0, 154.0, 165.0, 162.0, 179.0, 185.0, 174.0]",17.11894416809082,0.0,205.44569396972656,1.0956840515136719,-279.9368591308594
1750930320.4278827,0.0,0.5,"[174.0, 185.0, 187.0, 159.0, 154.0, 165.0, 162.0, 179.0, 185.0, 174.0]",17.117895126342773,0.0,205.75912475585938,1.1038932800292969,-279.79937744140625
1750930320.4425483,0.0,0.5,"[174.0, 185.0, 187.0, 159.0, 154.0, 165.0, 162.0, 179.0, 185.0, 174.0]",17.18939208984375,0.0,206.07379150390625,1.1122455596923828,-279.6611633300781
1750930320.4566684,0.0,0.5,"[174.0, 185.0, 187.0, 159.0, 153.0, 164.0, 162.0, 180.0, 185.0, 174.0]",17.28595542907715,0.0,206.39016723632812,1.1207427978515625,-279.52203369140625
1750930320.492015,0.0,0.5,"[174.0, 185.0, 187.0, 159.0, 153.0, 164.0, 163.0, 181.0, 185.0, 174.0]",17.203739166259766,0.0,206.705078125,1.1292896270751953,-279.3836669921875
1750930320.506654,0.0,0.5,"[174.0, 185.0, 186.0, 158.0, 153.0, 164.0, 163.0, 181.0, 185.0, 174.0]",17.19603729248047,0.0,207.0198211669922,1.1378898620605469,-279.24530029296875
1750930320.5205457,0.0,0.5,"[174.0, 185.0, 186.0, 158.0, 153.0, 164.0, 164.0, 183.0, 185.0, 174.0]",17.3436279296875,0.0,207.33726501464844,1.1465911865234375,-279.1057434082031
1750930320.5349169,0.0,0.5,"[174.0, 185.0, 186.0, 158.0, 153.0, 164.0, 164.0, 183.0, 185.0, 174.0]",17.336057662963867,0.0,207.65463256835938,1.1555595397949219,-278.9664001464844
1750930320.5700033,0.0,0.5,"[174.0, 185.0, 185.0, 158.0, 153.0, 164.0, 164.0, 183.0, 185.0, 174.0]",17.301918029785156,0.0,207.97120666503906,1.1647453308105469,-278.82696533203125
1750930320.583792,0.0,0.5,"[174.0, 185.0, 184.0, 158.0, 153.0, 164.0, 164.0, 184.0, 185.0, 174.0]",17.410375595092773,0.0,208.2899627685547,1.1742897033691406,-278.6871643066406
1750930320.5979366,0.0,0.5,"[174.0, 185.0, 184.0, 157.0, 153.0, 164.0, 166.0, 184.0, 185.0, 174.0]",17.493911743164062,0.0,208.61013793945312,1.1839828491210938,-278.5464172363281
1750930320.6331568,0.0,0.5,"[174.0, 185.0, 184.0, 157.0, 152.0, 164.0, 166.0, 184.0, 185.0, 174.0]",17.464914321899414,0.0,208.9297332763672,1.1937370300292969,-278.4057922363281
1750930320.646772,0.0,0.5,"[174.0, 185.0, 184.0, 156.0, 152.0, 164.0, 166.0, 185.0, 185.0, 174.0]",17.430744171142578,0.0,209.24867248535156,1.2035541534423828,-278.265380859375
1750930320.6609282,0.0,0.5,"[174.0, 185.0, 184.0, 156.0, 152.0, 164.0, 167.0, 186.0, 185.0, 174.0]",17.67508888244629,0.0,209.5720672607422,1.2135429382324219,-278.12298583984375
1750930320.674918,0.0,0.5,"[174.0, 185.0, 183.0, 156.0, 152.0, 164.0, 167.0, 186.0, 185.0, 174.0]",17.406841278076172,0.0,209.89051818847656,1.2234039306640625,-277.982666015625
1750930320.7099922,0.0,0.5,"[174.0, 185.0, 183.0, 156.0, 152.0, 164.0, 167.0, 187.0, 185.0, 174.0]",17.67021369934082,0.0,210.21380615234375,1.2335662841796875,-277.8403015136719
1750930320.7242734,0.0,0.5,"[174.0, 185.0, 183.0, 155.0, 152.0, 163.0, 168.0, 187.0, 185.0, 174.0]",17.715373992919922,0.0,210.53785705566406,1.2439327239990234,-277.6973876953125
1750930320.7380419,0.0,0.5,"[174.0, 185.0, 183.0, 155.0, 151.0, 163.0, 168.0, 187.0, 185.0, 174.0]",17.575313568115234,0.0,210.85940551757812,1.2546024322509766,-277.5557861328125
1750930320.762945,0.0,0.5,"[174.0, 185.0, 181.0, 155.0, 151.0, 163.0, 169.0, 188.0, 185.0, 174.0]",17.764829635620117,0.0,211.18426513671875,1.2655010223388672,-277.4123229980469
1750930320.7769592,0.0,0.5,"[174.0, 185.0, 181.0, 155.0, 151.0, 163.0, 170.0, 189.0, 185.0, 174.0]",17.612079620361328,0.0,211.50637817382812,1.2764205932617188,-277.27020263671875
1750930320.813589,0.0,0.5,"[174.0, 185.0, 181.0, 155.0, 151.0, 163.0, 170.0, 189.0, 185.0, 174.0]",17.931137084960938,0.0,211.8342742919922,1.287546157836914,-277.1253967285156
1750930320.8282967,0.0,0.5,"[174.0, 185.0, 181.0, 155.0, 151.0, 163.0, 172.0, 189.0, 185.0, 174.0]",17.653501510620117,0.0,212.15708923339844,1.2985305786132812,-276.9828186035156
1750930320.8431568,0.0,0.5,"[174.0, 185.0, 180.0, 155.0, 151.0, 163.0, 173.0, 189.0, 185.0, 174.0]",18.0148868560791,0.0,212.48651123046875,1.3097248077392578,-276.8373107910156
1750930320.8574314,0.0,0.5,"[174.0, 185.0, 179.0, 154.0, 150.0, 163.0, 174.0, 190.0, 185.0, 174.0]",17.65206527709961,0.0,212.80929565429688,1.3207855224609375,-276.6947326660156
1750930320.8925433,0.0,0.5,"[174.0, 185.0, 179.0, 154.0, 150.0, 163.0, 174.0, 190.0, 185.0, 174.0]",18.038270950317383,0.0,213.13922119140625,1.3322734832763672,-276.5492248535156
1750930320.9065661,-1.0,0.5,"[174.0, 185.0, 179.0, 154.0, 150.0, 163.0, 175.0, 190.0, 185.0, 174.0]",17.85886573791504,0.0,213.46588134765625,1.343963623046875,-276.4052429199219
1750930320.9203815,-1.0,0.5,"[174.0, 185.0, 179.0, 154.0, 150.0, 163.0, 174.0, 190.0, 185.0, 174.0]",17.730884552001953,-0.5,213.78213500976562,1.3522796630859375,-276.24505615234375
1750930320.934439,-1.0,0.5,"[174.0, 185.0, 181.0, 156.0, 152.0, 164.0, 169.0, 189.0, 185.0, 174.0]",17.42868995666504,-0.5,214.08258056640625,1.3565597534179688,-276.068359375
1750930320.970045,-1.0,0.5,"[174.0, 185.0, 184.0, 158.0, 153.0, 166.0, 164.0, 186.0, 185.0, 174.0]",17.248077392578125,-0.5,214.36813354492188,1.3567123413085938,-275.87481689453125
1750930320.9842741,0.0,0.5,"[174.0, 185.0, 187.0, 160.0, 154.0, 167.0, 162.0, 183.0, 185.0, 174.0]",17.395355224609375,-0.5,214.64810180664062,1.3542976379394531,-275.6683044433594
1750930320.9987662,0.0,0.5,"[174.0, 185.0, 189.0, 161.0, 155.0, 168.0, 160.0, 181.0, 185.0, 174.0]",17.120410919189453,0.0,214.92926025390625,1.3538036346435547,-275.4728698730469
1750930321.0234363,0.0,0.5,"[174.0, 185.0, 189.0, 161.0, 156.0, 168.0, 160.0, 181.0, 185.0, 174.0]",17.378908157348633,0.0,215.2223358154297,1.355916976928711,-275.2860412597656
1750930321.03779,0.0,0.5,"[174.0, 185.0, 189.0, 162.0, 156.0, 168.0, 160.0, 181.0, 185.0, 174.0]",17.231346130371094,0.0,215.51608276367188,1.3591270446777344,-275.1058654785156
1750930321.0626225,0.0,0.5,"[174.0, 185.0, 189.0, 161.0, 156.0, 168.0, 160.0, 181.0, 185.0, 174.0]",17.445859909057617,0.0,215.81390380859375,1.3625907897949219,-274.9241027832031
1750930321.0767705,0.0,0.5,"[174.0, 185.0, 189.0, 161.0, 156.0, 168.0, 160.0, 181.0, 185.0, 174.0]",17.216487884521484,0.0,216.10791015625,1.3662242889404297,-274.7449035644531
1750930321.1123555,0.0,0.5,"[174.0, 185.0, 189.0, 161.0, 156.0, 168.0, 160.0, 181.0, 185.0, 174.0]",17.40967559814453,0.0,216.40512084960938,1.3700428009033203,-274.5635681152344
1750930321.126339,0.0,0.5,"[174.0, 185.0, 189.0, 161.0, 156.0, 168.0, 160.0, 181.0, 185.0, 174.0]",17.378414154052734,0.0,216.70191955566406,1.374053955078125,-274.38275146484375
1750930321.1411333,0.0,0.5,"[174.0, 185.0, 189.0, 161.0, 155.0, 168.0, 161.0, 181.0, 185.0, 174.0]",17.38018035888672,0.0,216.99855041503906,1.3780517578125,-274.20159912109375
1750930321.1548011,0.0,0.5,"[174.0, 185.0, 189.0, 161.0, 155.0, 168.0, 161.0, 181.0, 185.0, 174.0]",17.525245666503906,0.0,217.29786682128906,1.3821849822998047,-274.0192565917969
1750930321.1902034,0.0,0.5,"[174.0, 185.0, 189.0, 161.0, 155.0, 168.0, 161.0, 181.0, 185.0, 174.0]",17.42818260192871,0.0,217.59544372558594,1.3862876892089844,-273.8377990722656
1750930321.2039964,0.0,0.5,"[174.0, 185.0, 189.0, 161.0, 155.0, 168.0, 161.0, 181.0, 185.0, 174.0]",17.52781105041504,0.0,217.89466857910156,1.3903961181640625,-273.65521240234375
1750930321.2179186,0.0,0.5,"[174.0, 185.0, 189.0, 161.0, 155.0, 168.0, 161.0, 181.0, 185.0, 174.0]",17.756275177001953,0.0,218.19776916503906,1.3945350646972656,-273.47021484375
1750930321.2427058,0.0,0.5,"[174.0, 185.0, 189.0, 161.0, 155.0, 168.0, 162.0, 181.0, 185.0, 174.0]",17.491497039794922,0.0,218.49636840820312,1.3986358642578125,-273.2879943847656
1750930321.2569299,0.0,0.5,"[174.0, 185.0, 189.0, 161.0, 155.0, 168.0, 162.0, 183.0, 185.0, 174.0]",17.701505661010742,0.0,218.7984619140625,1.4028816223144531,-273.10345458984375
1750930321.2921152,0.0,0.5,"[174.0, 185.0, 189.0, 160.0, 155.0, 168.0, 162.0, 183.0, 185.0, 174.0]",17.584611892700195,0.0,219.0986328125,1.4073162078857422,-272.9202575683594
1750930321.306113,0.0,0.5,"[174.0, 185.0, 189.0, 160.0, 155.0, 168.0, 163.0, 183.0, 185.0, 174.0]",17.847076416015625,0.0,219.4032745361328,1.4119853973388672,-272.73431396484375
1750930321.3199167,0.0,0.5,"[174.0, 185.0, 189.0, 160.0, 155.0, 168.0, 163.0, 183.0, 185.0, 174.0]",17.757001876831055,0.0,219.7064666748047,1.4168319702148438,-272.5494689941406
1750930321.3340678,0.0,0.5,"[174.0, 185.0, 189.0, 160.0, 155.0, 168.0, 164.0, 184.0, 185.0, 174.0]",17.771106719970703,0.0,220.0096893310547,1.421712875366211,-272.3641052246094
1750930321.369213,0.0,0.5,"[174.0, 185.0, 189.0, 160.0, 155.0, 168.0, 164.0, 184.0, 185.0, 174.0]",17.86980628967285,0.0,220.31478881835938,1.4268035888671875,-272.17803955078125
1750930321.383268,0.0,0.5,"[174.0, 185.0, 189.0, 160.0, 154.0, 167.0, 166.0, 184.0, 185.0, 174.0]",17.839275360107422,0.0,220.6192169189453,1.4319000244140625,-271.9920654296875
1750930321.397277,0.0,0.5,"[174.0, 185.0, 189.0, 160.0, 154.0, 167.0, 166.0, 184.0, 185.0, 174.0]",17.86112403869629,0.0,220.92417907714844,1.4371337890625,-271.8061218261719
1750930321.4324675,0.0,0.5,"[174.0, 185.0, 189.0, 159.0, 154.0, 167.0, 166.0, 185.0, 185.0, 174.0]",17.945920944213867,0.0,221.23037719726562,1.4423713684082031,-271.61895751953125
1750930321.4464545,0.0,0.5,"[174.0, 185.0, 189.0, 159.0, 154.0, 167.0, 166.0, 186.0, 185.0, 174.0]",17.957778930664062,0.0,221.53684997558594,1.4478092193603516,-271.4317932128906
1750930321.4602995,0.0,0.5,"[174.0, 185.0, 188.0, 159.0, 154.0, 167.0, 167.0, 186.0, 185.0, 174.0]",18.031635284423828,0.0,221.844482421875,1.4534530639648438,-271.2436828613281
1750930321.4743447,0.0,0.5,"[174.0, 185.0, 187.0, 159.0, 154.0, 167.0, 167.0, 186.0, 185.0, 174.0]",18.139535903930664,0.0,222.1539306640625,1.4593029022216797,-271.05438232421875
1750930321.5095332,0.0,0.5,"[174.0, 185.0, 187.0, 159.0, 154.0, 167.0, 168.0, 187.0, 185.0, 174.0]",18.027538299560547,0.0,222.46144104003906,1.4653205871582031,-270.8662414550781
1750930321.5233107,0.0,0.5,"[174.0, 185.0, 187.0, 159.0, 154.0, 167.0, 168.0, 187.0, 185.0, 174.0]",18.173019409179688,0.0,222.77145385742188,1.4715938568115234,-270.6766052246094
1750930321.5374942,0.0,0.5,"[174.0, 185.0, 187.0, 159.0, 154.0, 167.0, 168.0, 187.0, 185.0, 174.0]",17.940275192260742,0.0,223.0773468017578,1.4778995513916016,-270.48919677734375
1750930321.5730927,0.0,0.5,"[174.0, 185.0, 187.0, 159.0, 153.0, 167.0, 169.0, 187.0, 185.0, 174.0]",18.234657287597656,0.0,223.3883819580078,1.4844779968261719,-270.29888916015625
1750930321.5875983,0.0,0.5,"[174.0, 185.0, 187.0, 158.0, 153.0, 167.0, 169.0, 187.0, 185.0, 174.0]",18.2156982421875,0.0,223.69906616210938,1.4911441802978516,-270.1087341308594
1750930321.601721,0.0,0.5,"[174.0, 185.0, 186.0, 158.0, 153.0, 167.0, 169.0, 187.0, 185.0, 174.0]",18.343162536621094,0.0,224.0118865966797,1.497995376586914,-269.9172058105469
1750930321.6154544,0.0,0.5,"[174.0, 185.0, 186.0, 158.0, 153.0, 166.0, 170.0, 188.0, 185.0, 174.0]",18.202890396118164,0.0,224.32225036621094,1.5049934387207031,-269.7270202636719
1750930321.6502573,0.0,0.5,"[174.0, 185.0, 186.0, 158.0, 153.0, 166.0, 170.0, 189.0, 185.0, 174.0]",18.348424911499023,0.0,224.63516235351562,1.512289047241211,-269.53546142578125
1750930321.6637824,0.0,0.5,"[174.0, 185.0, 185.0, 158.0, 153.0, 166.0, 170.0, 189.0, 185.0, 174.0]",18.246721267700195,0.0,224.9462432861328,1.5196990966796875,-269.3448181152344
1750930321.6777575,0.0,0.5,"[174.0, 185.0, 184.0, 157.0, 153.0, 166.0, 170.0, 189.0, 185.0, 174.0]",18.367652893066406,0.0,225.25933837890625,1.5273914337158203,-269.15283203125
1750930321.7025392,0.0,0.5,"[174.0, 185.0, 184.0, 156.0, 153.0, 166.0, 171.0, 189.0, 185.0, 174.0]",18.491344451904297,0.0,225.57449340820312,1.5353450775146484,-268.95947265625
1750930321.7162309,0.0,0.5,"[174.0, 185.0, 184.0, 156.0, 152.0, 166.0, 172.0, 189.0, 185.0, 174.0]",18.393077850341797,0.0,225.8879852294922,1.5434589385986328,-268.7671813964844
1750930321.7509792,0.0,0.5,"[174.0, 185.0, 184.0, 156.0, 152.0, 166.0, 174.0, 189.0, 185.0, 174.0]",18.4027156829834,0.0,226.20159912109375,1.5517139434814453,-268.57470703125
1750930321.7650454,0.0,0.5,"[174.0, 185.0, 184.0, 156.0, 152.0, 166.0, 174.0, 190.0, 185.0, 174.0]",18.53841781616211,0.0,226.51751708984375,1.5602302551269531,-268.3808288574219
1750930321.7789817,-1.0,0.5,"[174.0, 185.0, 183.0, 155.0, 152.0, 166.0, 175.0, 190.0, 185.0, 174.0]",18.532501220703125,0.0,226.8333282470703,1.5689697265625,-268.18701171875
1750930321.7930305,-1.0,0.5,"[174.0, 185.0, 184.0, 156.0, 152.0, 166.0, 174.0, 190.0, 185.0, 174.0]",18.2637939453125,-0.5,227.1366424560547,1.5746746063232422,-267.9835510253906
1750930321.8289924,-1.0,0.5,"[174.0, 185.0, 184.0, 158.0, 153.0, 167.0, 170.0, 188.0, 185.0, 174.0]",18.171165466308594,-0.5,227.42739868164062,1.5764617919921875,-267.7655334472656
1750930321.8433745,-1.0,0.5,"[174.0, 185.0, 187.0, 159.0, 155.0, 168.0, 167.0, 185.0, 185.0, 174.0]",17.851581573486328,-0.5,227.69927978515625,1.5736942291259766,-267.5341491699219
1750930321.8572133,0.0,0.5,"[174.0, 185.0, 189.0, 161.0, 156.0, 169.0, 164.0, 183.0, 185.0, 174.0]",17.90892791748047,-0.5,227.9597930908203,1.5672931671142578,-267.2884216308594
1750930321.892358,0.0,0.5,"[174.0, 185.0, 190.0, 162.0, 157.0, 170.0, 162.0, 181.0, 185.0, 174.0]",17.77873420715332,0.0,228.22633361816406,1.5637226104736328,-267.0531005859375
1750930321.9063253,0.0,0.5,"[174.0, 185.0, 190.0, 162.0, 157.0, 170.0, 162.0, 180.0, 185.0, 174.0]",17.99908447265625,0.0,228.5046844482422,1.5631275177001953,-266.8248291015625
1750930321.919695,0.0,0.5,"[174.0, 185.0, 190.0, 162.0, 157.0, 170.0, 162.0, 180.0, 185.0, 174.0]",17.743309020996094,0.0,228.7820281982422,1.5637168884277344,-266.60345458984375
1750930321.933222,0.0,0.5,"[174.0, 185.0, 190.0, 162.0, 157.0, 170.0, 162.0, 181.0, 185.0, 174.0]",18.117849349975586,0.0,229.0657196044922,1.564626693725586,-266.3780212402344
1750930321.9685645,0.0,0.5,"[174.0, 185.0, 190.0, 162.0, 157.0, 170.0, 162.0, 181.0, 185.0, 174.0]",17.664199829101562,0.0,229.34231567382812,1.5657005310058594,-266.1582336425781
1750930321.9829,0.0,0.5,"[174.0, 185.0, 190.0, 162.0, 157.0, 170.0, 162.0, 181.0, 185.0, 174.0]",18.06716537475586,0.0,229.62522888183594,1.5670032501220703,-265.9334411621094
1750930321.9973688,0.0,0.5,"[174.0, 185.0, 190.0, 162.0, 157.0, 169.0, 162.0, 181.0, 185.0, 174.0]",17.935136795043945,0.0,229.90603637695312,1.5684337615966797,-265.71026611328125
1750930322.032323,0.0,0.5,"[174.0, 185.0, 190.0, 162.0, 157.0, 169.0, 162.0, 183.0, 185.0, 174.0]",18.249244689941406,0.0,230.19175720214844,1.5700302124023438,-265.4831848144531
1750930322.0465395,0.0,0.5,"[174.0, 185.0, 190.0, 162.0, 157.0, 169.0, 162.0, 183.0, 185.0, 174.0]",17.819063186645508,0.0,230.47073364257812,1.5718326568603516,-265.2614440917969
1750930322.060571,0.0,0.5,"[174.0, 185.0, 190.0, 161.0, 157.0, 169.0, 163.0, 183.0, 185.0, 174.0]",18.231401443481445,0.0,230.7561492919922,1.5739326477050781,-265.0345458984375
1750930322.0748632,0.0,0.5,"[174.0, 185.0, 190.0, 161.0, 157.0, 169.0, 163.0, 184.0, 185.0, 174.0]",18.038745880126953,0.0,231.03848266601562,1.5762100219726562,-264.8099365234375
1750930322.109774,0.0,0.5,"[174.0, 185.0, 190.0, 161.0, 156.0, 169.0, 163.0, 184.0, 185.0, 174.0]",18.299423217773438,0.0,231.32485961914062,1.5786666870117188,-264.5820617675781
1750930322.123549,0.0,0.5,"[174.0, 185.0, 190.0, 161.0, 156.0, 169.0, 163.0, 184.0, 185.0, 174.0]",18.194746017456055,0.0,231.6097412109375,1.5812950134277344,-264.35565185546875
1750930322.1378396,0.0,0.5,"[174.0, 185.0, 190.0, 161.0, 156.0, 169.0, 163.0, 184.0, 185.0, 174.0]",18.28860855102539,0.0,231.89585876464844,1.5840167999267578,-264.1278076171875
1750930322.1733363,0.0,0.5,"[174.0, 185.0, 189.0, 161.0, 156.0, 169.0, 164.0, 185.0, 185.0, 174.0]",18.244766235351562,0.0,232.18142700195312,1.587005615234375,-263.9006652832031
1750930322.1875134,0.0,0.5,"[174.0, 185.0, 189.0, 161.0, 156.0, 169.0, 164.0, 186.0, 185.0, 174.0]",18.32978630065918,0.0,232.46810913085938,1.590097427368164,-263.67218017578125
1750930322.201847,0.0,0.5,"[174.0, 185.0, 189.0, 161.0, 156.0, 169.0, 164.0, 186.0, 185.0, 174.0]",18.391260147094727,0.0,232.75592041015625,1.5934200286865234,-263.44317626953125
1750930322.2159314,0.0,0.5,"[174.0, 185.0, 189.0, 161.0, 156.0, 168.0, 166.0, 186.0, 185.0, 174.0]",18.341217041015625,0.0,233.04269409179688,1.5969581604003906,-263.2144775390625
1750930322.2510462,0.0,0.5,"[174.0, 185.0, 189.0, 161.0, 156.0, 168.0, 166.0, 187.0, 185.0, 174.0]",18.406816482543945,0.0,233.33078002929688,1.600931167602539,-262.9853210449219
1750930322.2649426,0.0,0.5,"[174.0, 185.0, 189.0, 160.0, 155.0, 168.0, 167.0, 187.0, 185.0, 174.0]",18.564285278320312,0.0,233.62112426757812,1.6051177978515625,-262.7539367675781
1750930322.2790272,0.0,0.5,"[174.0, 185.0, 189.0, 160.0, 155.0, 168.0, 167.0, 187.0, 185.0, 174.0]",18.45342445373535,0.0,233.9097900390625,1.609518051147461,-262.5240173339844
1750930322.2930205,0.0,0.5,"[174.0, 185.0, 189.0, 160.0, 155.0, 168.0, 168.0, 187.0, 185.0, 174.0]",18.44747543334961,0.0,234.1980438232422,1.6139698028564453,-262.2937927246094
1750930322.3281271,0.0,0.5,"[174.0, 185.0, 188.0, 160.0, 155.0, 168.0, 168.0, 187.0, 185.0, 174.0]",18.608129501342773,0.0,234.48899841308594,1.6187667846679688,-262.0617980957031
1750930322.3419702,0.0,0.5,"[174.0, 185.0, 187.0, 160.0, 155.0, 168.0, 168.0, 188.0, 185.0, 174.0]",18.61172866821289,0.0,234.7798614501953,1.6237564086914062,-261.8295593261719
1750930322.356034,0.0,0.5,"[174.0, 185.0, 187.0, 160.0, 155.0, 168.0, 168.0, 188.0, 185.0, 174.0]",18.57007598876953,0.0,235.07028198242188,1.6290111541748047,-261.5981140136719
1750930322.3912783,0.0,0.5,"[174.0, 185.0, 187.0, 159.0, 154.0, 167.0, 169.0, 189.0, 185.0, 174.0]",18.59152603149414,0.0,235.3607177734375,1.634359359741211,-261.3659973144531
1750930322.4051914,0.0,0.5,"[174.0, 185.0, 187.0, 159.0, 154.0, 167.0, 169.0, 189.0, 185.0, 174.0]",18.805038452148438,0.0,235.6546173095703,1.6401958465576172,-261.1313781738281
1750930322.4192953,0.0,0.5,"[174.0, 185.0, 187.0, 159.0, 154.0, 167.0, 170.0, 189.0, 185.0, 174.0]",18.673484802246094,0.0,235.94627380371094,1.6462535858154297,-260.898193359375
1750930322.434221,0.0,0.5,"[174.0, 185.0, 187.0, 159.0, 154.0, 167.0, 170.0, 189.0, 185.0, 174.0]",18.82807731628418,0.0,236.24049377441406,1.6526775360107422,-260.66326904296875
1750930322.4691713,0.0,0.5,"[174.0, 185.0, 187.0, 159.0, 154.0, 167.0, 170.0, 189.0, 185.0, 174.0]",18.567838668823242,0.0,236.53041076660156,1.6591567993164062,-260.4313049316406
1750930322.4834995,0.0,0.5,"[174.0, 185.0, 186.0, 159.0, 154.0, 167.0, 170.0, 190.0, 185.0, 174.0]",18.875316619873047,0.0,236.8251953125,1.6660213470458984,-260.1955871582031
1750930322.497315,0.0,0.5,"[174.0, 185.0, 186.0, 159.0, 153.0, 167.0, 171.0, 190.0, 185.0, 174.0]",18.891956329345703,0.0,237.12017822265625,1.67315673828125,-259.9595947265625
1750930322.5320728,0.0,0.5,"[174.0, 185.0, 186.0, 158.0, 153.0, 167.0, 171.0, 190.0, 185.0, 174.0]",18.953706741333008,0.0,237.416015625,1.680521011352539,-259.7226867675781
1750930322.546317,0.0,0.5,"[174.0, 185.0, 186.0, 158.0, 153.0, 166.0, 171.0, 190.0, 185.0, 174.0]",18.89020538330078,0.0,237.7108917236328,1.688070297241211,-259.48663330078125
1750930322.5605297,0.0,0.5,"[174.0, 185.0, 185.0, 158.0, 153.0, 166.0, 172.0, 190.0, 185.0, 174.0]",18.986427307128906,0.0,238.00706481933594,1.6958770751953125,-259.2491149902344
1750930322.574775,-1.0,0.5,"[174.0, 185.0, 184.0, 158.0, 153.0, 166.0, 172.0, 190.0, 185.0, 174.0]",18.92958641052246,0.0,238.3024444580078,1.7040290832519531,-259.0124206542969
1750930322.609904,-1.0,0.5,"[174.0, 185.0, 186.0, 158.0, 153.0, 166.0, 171.0, 190.0, 185.0, 174.0]",18.684062957763672,-0.5,238.58348083496094,1.7086181640625,-258.76617431640625
1750930322.6238544,-1.0,0.5,"[174.0, 185.0, 187.0, 159.0, 154.0, 167.0, 169.0, 189.0, 185.0, 174.0]",18.63045310974121,-0.5,238.8500518798828,1.7087554931640625,-258.5058288574219
1750930322.637892,0.0,0.5,"[174.0, 185.0, 189.0, 161.0, 156.0, 168.0, 167.0, 186.0, 185.0, 174.0]",18.267606735229492,-0.5,239.0963897705078,1.7043037414550781,-258.2360534667969
1750930322.6620753,0.0,0.5,"[174.0, 185.0, 190.0, 161.0, 157.0, 169.0, 166.0, 184.0, 185.0, 174.0]",18.389307022094727,0.0,239.35118103027344,1.7023048400878906,-257.9708251953125
1750930322.6758249,0.0,0.5,"[174.0, 185.0, 190.0, 161.0, 157.0, 169.0, 166.0, 184.0, 185.0, 174.0]",18.322860717773438,0.0,239.61395263671875,1.7035140991210938,-257.71539306640625
1750930322.7111754,0.0,0.5,"[174.0, 185.0, 190.0, 161.0, 156.0, 169.0, 166.0, 184.0, 185.0, 174.0]",18.441381454467773,0.0,239.88067626953125,1.705678939819336,-257.4606628417969
1750930322.725128,0.0,0.5,"[174.0, 185.0, 190.0, 161.0, 156.0, 169.0, 166.0, 184.0, 185.0, 174.0]",18.468172073364258,0.0,240.148193359375,1.7081527709960938,-257.20599365234375
1750930322.7389572,0.0,0.5,"[174.0, 185.0, 190.0, 161.0, 156.0, 169.0, 166.0, 184.0, 185.0, 174.0]",18.431133270263672,0.0,240.4150390625,1.7108612060546875,-256.9516906738281
1750930322.752786,0.0,0.5,"[174.0, 185.0, 190.0, 161.0, 156.0, 168.0, 166.0, 184.0, 185.0, 174.0]",18.464908599853516,0.0,240.68260192871094,1.7139701843261719,-256.6971740722656
1750930322.7879808,0.0,0.5,"[174.0, 185.0, 189.0, 161.0, 156.0, 168.0, 166.0, 184.0, 185.0, 174.0]",18.54903793334961,0.0,240.9510498046875,1.7172279357910156,-256.4411315917969
1750930322.802113,0.0,0.5,"[174.0, 185.0, 189.0, 161.0, 156.0, 168.0, 166.0, 185.0, 185.0, 174.0]",18.581104278564453,0.0,241.2200927734375,1.7207260131835938,-256.184814453125
1750930322.8161077,0.0,0.5,"[174.0, 185.0, 189.0, 161.0, 156.0, 168.0, 167.0, 186.0, 185.0, 174.0]",18.533849716186523,0.0,241.4882354736328,1.7243156433105469,-255.92889404296875
1750930322.8513563,0.0,0.5,"[174.0, 185.0, 189.0, 160.0, 156.0, 168.0, 167.0, 186.0, 185.0, 174.0]",18.69277572631836,0.0,241.7588653564453,1.7282600402832031,-255.6710205078125
1750930322.8653977,0.0,0.5,"[174.0, 185.0, 189.0, 160.0, 155.0, 168.0, 167.0, 187.0, 185.0, 174.0]",18.6359806060791,0.0,242.02847290039062,1.732330322265625,-255.4136962890625
1750930322.8792946,0.0,0.5,"[174.0, 185.0, 189.0, 160.0, 155.0, 168.0, 167.0, 187.0, 185.0, 174.0]",18.71312713623047,0.0,242.29942321777344,1.7366790771484375,-255.15554809570312
1750930322.8934405,0.0,0.5,"[174.0, 185.0, 189.0, 160.0, 155.0, 168.0, 167.0, 188.0, 185.0, 174.0]",18.76167869567871,0.0,242.5708465576172,1.7411270141601562,-254.896484375
1750930322.9283428,0.0,0.5,"[174.0, 185.0, 188.0, 160.0, 155.0, 168.0, 167.0, 189.0, 185.0, 174.0]",18.649696350097656,0.0,242.84075927734375,1.7459049224853516,-254.63909912109375
1750930322.9420595,0.0,0.5,"[174.0, 185.0, 188.0, 160.0, 155.0, 167.0, 168.0, 189.0, 185.0, 174.0]",18.837703704833984,0.0,243.11305236816406,1.7509117126464844,-254.37875366210938
1750930322.9562137,0.0,0.5,"[174.0, 185.0, 187.0, 159.0, 155.0, 167.0, 168.0, 189.0, 185.0, 174.0]",18.92251205444336,0.0,243.3865509033203,1.7561779022216797,-254.11724853515625
1750930322.9919116,0.0,0.5,"[174.0, 185.0, 187.0, 159.0, 155.0, 167.0, 168.0, 190.0, 185.0, 174.0]",18.831119537353516,0.0,243.65866088867188,1.761575698852539,-253.85690307617188
1750930323.0064883,0.0,0.5,"[174.0, 185.0, 187.0, 159.0, 154.0, 167.0, 168.0, 190.0, 185.0, 174.0]",18.962053298950195,0.0,243.93276977539062,1.7672863006591797,-253.59487915039062
1750930323.02041,0.0,0.5,"[174.0, 185.0, 187.0, 159.0, 154.0, 167.0, 168.0, 190.0, 185.0, 174.0]",18.90321922302246,0.0,244.2059326171875,1.7732353210449219,-253.33358764648438
1750930323.034227,0.0,0.5,"[174.0, 185.0, 187.0, 159.0, 154.0, 167.0, 168.0, 192.0, 185.0, 174.0]",19.002792358398438,0.0,244.48046875,1.7793960571289062,-253.07086181640625
1750930323.0697439,0.0,0.5,"[174.0, 185.0, 186.0, 159.0, 154.0, 167.0, 168.0, 192.0, 185.0, 174.0]",18.91931915283203,0.0,244.7535858154297,1.7856330871582031,-252.80902099609375
1750930323.0834956,0.0,0.5,"[174.0, 185.0, 186.0, 159.0, 154.0, 167.0, 169.0, 192.0, 185.0, 174.0]",19.058216094970703,0.0,245.02896118164062,1.7922554016113281,-252.54559326171875
1750930323.097643,0.0,0.5,"[174.0, 185.0, 186.0, 158.0, 153.0, 166.0, 170.0, 193.0, 185.0, 174.0]",19.126014709472656,0.0,245.30516052246094,1.7991828918457031,-252.281005859375
1750930323.1322768,-1.0,0.5,"[174.0, 185.0, 186.0, 158.0, 153.0, 166.0, 170.0, 193.0, 185.0, 174.0]",19.002206802368164,0.0,245.57974243164062,1.8064212799072266,-252.01837158203125
1750930323.1465726,-1.0,0.5,"[174.0, 185.0, 186.0, 159.0, 154.0, 167.0, 169.0, 192.0, 185.0, 174.0]",18.900157928466797,-0.5,245.83935546875,1.8092002868652344,-251.74365234375
1750930323.1605687,0.0,0.5,"[174.0, 185.0, 187.0, 160.0, 155.0, 168.0, 166.0, 190.0, 185.0, 174.0]",18.591190338134766,-0.5,246.07887268066406,1.8069934844970703,-251.459228515625
1750930323.1749887,0.0,0.5,"[174.0, 185.0, 189.0, 160.0, 155.0, 168.0, 166.0, 190.0, 185.0, 174.0]",18.551847457885742,0.0,246.3280029296875,1.8083839416503906,-251.18429565429688
1750930323.2098851,0.0,0.5,"[174.0, 185.0, 189.0, 160.0, 155.0, 168.0, 166.0, 190.0, 185.0, 174.0]",18.705486297607422,0.0,246.5843048095703,1.8117389678955078,-250.91180419921875
1750930323.2238371,0.0,0.5,"[174.0, 185.0, 188.0, 160.0, 155.0, 168.0, 166.0, 190.0, 185.0, 174.0]",18.54171371459961,0.0,246.8392333984375,1.8155689239501953,-250.64251708984375
1750930323.2378974,0.0,0.5,"[174.0, 185.0, 188.0, 160.0, 155.0, 168.0, 166.0, 190.0, 185.0, 174.0]",18.707395553588867,0.0,247.09654235839844,1.8196125030517578,-250.37091064453125
1750930323.2731128,0.0,0.5,"[174.0, 185.0, 187.0, 160.0, 155.0, 168.0, 167.0, 190.0, 185.0, 174.0]",18.718412399291992,0.0,247.35418701171875,1.8240394592285156,-250.09933471679688
1750930323.2869985,0.0,0.5,"[174.0, 185.0, 187.0, 160.0, 155.0, 168.0, 167.0, 190.0, 185.0, 174.0]",18.806257247924805,0.0,247.6128387451172,1.8287220001220703,-249.8262939453125
1750930323.3010764,0.0,0.5,"[174.0, 185.0, 187.0, 160.0, 155.0, 168.0, 168.0, 192.0, 185.0, 174.0]",18.780471801757812,0.0,247.87120056152344,1.8336772918701172,-249.5537109375
1750930323.315063,0.0,0.5,"[174.0, 185.0, 187.0, 159.0, 154.0, 167.0, 168.0, 192.0, 185.0, 174.0]",18.782520294189453,0.0,248.12924194335938,1.8387222290039062,-249.28076171875
1750930323.3501775,0.0,0.5,"[174.0, 185.0, 187.0, 159.0, 154.0, 167.0, 168.0, 192.0, 185.0, 174.0]",18.89642333984375,0.0,248.3890838623047,1.8441238403320312,-249.00634765625
1750930323.3640852,0.0,0.5,"[174.0, 185.0, 187.0, 159.0, 154.0, 167.0, 169.0, 192.0, 185.0, 174.0]",18.760284423828125,0.0,248.6468048095703,1.849660873413086,-248.73373413085938
1750930323.378022,0.0,0.5,"[174.0, 185.0, 187.0, 159.0, 154.0, 167.0, 170.0, 192.0, 185.0, 174.0]",19.016891479492188,0.0,248.9082489013672,1.8555412292480469,-248.45758056640625
1750930323.4026701,0.0,0.5,"[174.0, 185.0, 186.0, 159.0, 154.0, 167.0, 170.0, 192.0, 185.0, 174.0]",18.88239288330078,0.0,249.16775512695312,1.86151123046875,-248.18328857421875
1750930323.417376,0.0,0.5,"[174.0, 185.0, 186.0, 159.0, 154.0, 167.0, 170.0, 193.0, 185.0, 174.0]",18.99395751953125,0.0,249.42868041992188,1.8676414489746094,-247.9072265625
1750930323.452394,0.0,0.5,"[174.0, 185.0, 186.0, 159.0, 153.0, 167.0, 171.0, 193.0, 185.0, 174.0]",19.086023330688477,0.0,249.6907196044922,1.8740711212158203,-247.6297607421875
1750930323.465965,0.0,0.5,"[174.0, 185.0, 186.0, 159.0, 153.0, 167.0, 172.0, 193.0, 185.0, 174.0]",18.898223876953125,0.0,249.95025634765625,1.8807563781738281,-247.35504150390625
1750930323.4800406,0.0,0.5,"[174.0, 185.0, 186.0, 158.0, 153.0, 166.0, 173.0, 193.0, 185.0, 174.0]",19.206119537353516,0.0,250.2139434814453,1.8877582550048828,-247.0758056640625
1750930323.4943573,0.0,0.5,"[174.0, 185.0, 185.0, 158.0, 153.0, 166.0, 174.0, 193.0, 185.0, 174.0]",19.053836822509766,0.0,250.4755096435547,1.8949623107910156,-246.79876708984375
1750930323.5294871,0.0,0.5,"[174.0, 185.0, 184.0, 158.0, 153.0, 166.0, 174.0, 193.0, 185.0, 174.0]",19.329408645629883,0.0,250.74073791503906,1.902496337890625,-246.51763916015625
1750930323.5426521,0.0,0.5,"[174.0, 185.0, 184.0, 158.0, 153.0, 166.0, 174.0, 193.0, 185.0, 174.0]",18.94470977783203,0.0,251.00062561035156,1.9100933074951172,-246.24203491210938
1750930323.5566561,0.0,0.5,"[174.0, 185.0, 184.0, 158.0, 153.0, 166.0, 175.0, 193.0, 185.0, 174.0]",19.309673309326172,0.0,251.2654266357422,1.9179649353027344,-245.96102905273438
1750930323.5915208,0.0,0.5,"[174.0, 185.0, 184.0, 157.0, 152.0, 166.0, 175.0, 194.0, 185.0, 174.0]",19.158855438232422,0.0,251.52806091308594,1.925872802734375,-245.68212890625
1750930323.605545,0.0,0.5,"[174.0, 185.0, 184.0, 157.0, 152.0, 166.0, 176.0, 195.0, 185.0, 174.0]",19.398862838745117,0.0,251.79415893554688,1.934213638305664,-245.39990234375
1750930323.6195219,0.0,0.5,"[174.0, 185.0, 184.0, 156.0, 152.0, 165.0, 176.0, 195.0, 185.0, 174.0]",19.19152069091797,0.0,252.0572967529297,1.9427413940429688,-245.12060546875
1750930323.6336732,0.0,0.5,"[174.0, 185.0, 183.0, 156.0, 152.0, 165.0, 176.0, 195.0, 185.0, 174.0]",19.485376358032227,0.0,252.32444763183594,1.9516963958740234,-244.8370361328125
1750930323.6685932,0.0,0.5,"[174.0, 185.0, 183.0, 156.0, 152.0, 165.0, 176.0, 195.0, 185.0, 174.0]",19.132009506225586,0.0,252.58665466308594,1.9607200622558594,-244.5584716796875
1750930323.6819577,0.0,0.5,"[174.0, 185.0, 183.0, 156.0, 152.0, 165.0, 177.0, 195.0, 185.0, 174.0]",19.54423713684082,0.0,252.8544921875,1.9702262878417969,-244.27395629882812
1750930323.6957169,0.0,0.5,"[174.0, 185.0, 183.0, 155.0, 151.0, 165.0, 178.0, 195.0, 185.0, 174.0]",19.284103393554688,0.0,253.11868286132812,1.9798221588134766,-243.99313354492188
1750930323.7306657,0.0,0.5,"[174.0, 185.0, 183.0, 155.0, 151.0, 164.0, 182.0, 195.0, 185.0, 174.0]",19.587350845336914,0.0,253.38706970214844,1.9897537231445312,-243.70794677734375
1750930323.7449138,0.0,0.5,"[174.0, 185.0, 181.0, 155.0, 151.0, 164.0, 188.0, 195.0, 185.0, 174.0]",19.337181091308594,0.0,253.65196228027344,1.9996719360351562,-243.42633056640625
1750930323.7589967,0.0,0.5,"[174.0, 185.0, 181.0, 155.0, 151.0, 164.0, 190.0, 196.0, 185.0, 174.0]",19.591032028198242,0.0,253.9202423095703,2.0098838806152344,-243.14093017578125
1750930323.7729487,0.0,0.5,"[174.0, 185.0, 181.0, 155.0, 151.0, 164.0, 210.0, 197.0, 185.0, 174.0]",19.49109649658203,0.0,254.1871337890625,2.0203628540039062,-242.85699462890625
1750930323.8078754,0.0,0.5,"[174.0, 185.0, 181.0, 154.0, 150.0, 164.0, 208.0, 197.0, 185.0, 174.0]",19.64263916015625,0.0,254.4559326171875,2.0312271118164062,-242.57070922851562
1750930323.8221128,0.0,0.5,"[174.0, 185.0, 181.0, 154.0, 150.0, 164.0, 208.0, 198.0, 185.0, 174.0]",19.543071746826172,0.0,254.7233428955078,2.042348861694336,-242.28585815429688
1750930323.835946,0.0,0.5,"[174.0, 185.0, 179.0, 154.0, 150.0, 163.0, 208.0, 200.0, 185.0, 174.0]",19.70184898376465,0.0,254.9927978515625,2.0538196563720703,-241.99859619140625
1750930323.8711529,0.0,0.5,"[174.0, 185.0, 179.0, 153.0, 150.0, 163.0, 208.0, 200.0, 185.0, 174.0]",19.436216354370117,0.0,255.25875854492188,2.0654125213623047,-241.71533203125
1750930323.8852081,-1.0,0.5,"[174.0, 185.0, 179.0, 153.0, 150.0, 163.0, 208.0, 200.0, 185.0, 174.0]",19.72565269470215,0.0,255.52853393554688,2.0773086547851562,-241.42770385742188
1750930323.8989441,-1.0,0.5,"[174.0, 185.0, 180.0, 154.0, 150.0, 164.0, 208.0, 200.0, 185.0, 174.0]",19.476476669311523,-0.5,255.78103637695312,2.0844173431396484,-241.13116455078125
1750930323.913155,-1.0,0.5,"[174.0, 185.0, 181.0, 155.0, 151.0, 165.0, 184.0, 197.0, 185.0, 174.0]",19.139514923095703,-0.5,256.01165771484375,2.085763931274414,-240.82568359375
1750930323.9483325,0.0,0.5,"[174.0, 185.0, 184.0, 157.0, 153.0, 167.0, 174.0, 194.0, 185.0, 174.0]",19.10620880126953,-0.5,256.2226867675781,2.0813941955566406,-240.50714111328125
1750930323.961612,0.0,0.5,"[174.0, 185.0, 185.0, 158.0, 154.0, 168.0, 172.0, 193.0, 185.0, 174.0]",18.849130630493164,0.0,256.4386901855469,2.0798797607421875,-240.19818115234375
1750930323.9753706,0.0,0.5,"[174.0, 185.0, 186.0, 158.0, 154.0, 168.0, 171.0, 192.0, 185.0, 174.0]",18.970073699951172,0.0,256.6651611328125,2.0816078186035156,-239.893798828125
1750930324.0107176,0.0,0.5,"[174.0, 185.0, 186.0, 158.0, 154.0, 168.0, 171.0, 193.0, 185.0, 174.0]",19.010231018066406,0.0,256.89593505859375,2.0848636627197266,-239.5916748046875
1750930324.024177,0.0,0.5,"[174.0, 185.0, 186.0, 158.0, 154.0, 168.0, 171.0, 193.0, 185.0, 174.0]",19.096418380737305,0.0,257.12823486328125,2.088531494140625,-239.28851318359375
1750930324.0383961,0.0,0.5,"[174.0, 185.0, 185.0, 158.0, 154.0, 168.0, 172.0, 193.0, 185.0, 174.0]",18.894269943237305,0.0,257.35797119140625,2.0922908782958984,-238.988525390625
1750930324.0627923,0.0,0.5,"[174.0, 185.0, 184.0, 158.0, 154.0, 168.0, 172.0, 193.0, 185.0, 174.0]",19.19066047668457,0.0,257.5914001464844,2.0962677001953125,-238.68386840820312
1750930324.0767689,0.0,0.5,"[174.0, 185.0, 184.0, 158.0, 153.0, 168.0, 173.0, 195.0, 185.0, 174.0]",19.0821590423584,0.0,257.8233947753906,2.100278854370117,-238.380859375
1750930324.111645,0.0,0.5,"[174.0, 185.0, 184.0, 158.0, 153.0, 168.0, 174.0, 195.0, 185.0, 174.0]",19.21701431274414,0.0,258.05712890625,2.1045074462890625,-238.0758056640625
1750930324.1250951,0.0,0.5,"[174.0, 185.0, 184.0, 157.0, 153.0, 167.0, 174.0, 195.0, 185.0, 174.0]",19.1496524810791,0.0,258.2899169921875,2.109039306640625,-237.771728515625
1750930324.1395445,0.0,0.5,"[174.0, 185.0, 184.0, 157.0, 153.0, 167.0, 176.0, 196.0, 185.0, 174.0]",19.28996467590332,0.0,258.5244140625,2.1139888763427734,-237.46542358398438
1750930324.153673,0.0,0.5,"[174.0, 185.0, 184.0, 156.0, 153.0, 167.0, 176.0, 197.0, 185.0, 174.0]",19.125261306762695,0.0,258.75665283203125,2.119108200073242,-237.16156005859375
1750930324.1898162,0.0,0.5,"[174.0, 185.0, 183.0, 156.0, 153.0, 167.0, 178.0, 197.0, 185.0, 174.0]",19.30901527404785,0.0,258.9913635253906,2.1246109008789062,-236.85491943359375
1750930324.2040021,0.0,0.5,"[174.0, 185.0, 183.0, 156.0, 153.0, 167.0, 178.0, 198.0, 185.0, 174.0]",19.23562240600586,0.0,259.2249755859375,2.1302261352539062,-236.54931640625
1750930324.2179513,0.0,0.5,"[174.0, 185.0, 183.0, 156.0, 153.0, 167.0, 179.0, 198.0, 185.0, 174.0]",19.46028709411621,0.0,259.4612121582031,2.1360111236572266,-236.24005126953125
1750930324.2532072,0.0,0.5,"[174.0, 185.0, 183.0, 156.0, 152.0, 167.0, 180.0, 198.0, 185.0, 174.0]",19.32842445373535,0.0,259.69573974609375,2.1418323516845703,-235.93280029296875
1750930324.2671623,0.0,0.5,"[174.0, 185.0, 183.0, 155.0, 152.0, 166.0, 181.0, 200.0, 185.0, 174.0]",19.524648666381836,0.0,259.9327697753906,2.147838592529297,-235.62255859375
1750930324.281017,0.0,0.5,"[174.0, 185.0, 183.0, 155.0, 152.0, 166.0, 182.0, 200.0, 185.0, 174.0]",19.333837509155273,0.0,260.16741943359375,2.1540756225585938,-235.31524658203125
1750930324.295087,-1.0,0.5,"[174.0, 185.0, 181.0, 155.0, 152.0, 166.0, 182.0, 200.0, 185.0, 174.0]",19.619068145751953,0.0,260.4055480957031,2.1608314514160156,-235.00347900390625
1750930324.3308089,-1.0,0.5,"[174.0, 185.0, 183.0, 156.0, 152.0, 167.0, 181.0, 200.0, 185.0, 174.0]",19.158842086791992,-0.5,260.62451171875,2.1633968353271484,-234.68902587890625
1750930324.344956,-1.0,0.5,"[174.0, 185.0, 184.0, 158.0, 153.0, 168.0, 177.0, 198.0, 185.0, 174.0]",19.06112289428711,-0.5,260.8279724121094,2.1617660522460938,-234.36663818359375
1750930324.3591356,-1.0,0.5,"[174.0, 185.0, 186.0, 159.0, 154.0, 169.0, 172.0, 195.0, 185.0, 174.0]",18.75494384765625,-0.5,261.0062561035156,2.1538352966308594,-234.03671264648438
1750930324.3732843,0.0,0.5,"[174.0, 185.0, 189.0, 161.0, 156.0, 172.0, 167.0, 192.0, 185.0, 174.0]",18.901599884033203,-0.5,261.1693115234375,2.1412315368652344,-233.69589233398438
1750930324.408758,0.0,0.5,"[174.0, 185.0, 190.0, 162.0, 157.0, 173.0, 166.0, 190.0, 185.0, 174.0]",18.587646484375,0.0,261.3374328613281,2.1312084197998047,-233.364501953125
1750930324.4223573,0.0,0.5,"[174.0, 185.0, 192.0, 163.0, 157.0, 173.0, 164.0, 190.0, 185.0, 174.0]",18.897050857543945,0.0,261.5173645019531,2.1237144470214844,-233.0322265625
1750930324.4364288,0.0,0.5,"[174.0, 185.0, 192.0, 163.0, 157.0, 173.0, 164.0, 190.0, 185.0, 174.0]",18.62790870666504,0.0,261.7010192871094,2.11834716796875,-232.7081298828125
1750930324.4717698,0.0,0.5,"[174.0, 185.0, 192.0, 163.0, 157.0, 173.0, 164.0, 190.0, 185.0, 174.0]",18.986873626708984,0.0,261.88916015625,2.113574981689453,-232.3782958984375
1750930324.4855824,0.0,0.5,"[174.0, 185.0, 192.0, 163.0, 157.0, 173.0, 164.0, 190.0, 185.0, 174.0]",18.651565551757812,0.0,262.0740051269531,2.109243392944336,-232.0543212890625
1750930324.4995654,0.0,0.5,"[174.0, 185.0, 192.0, 163.0, 157.0, 173.0, 164.0, 190.0, 185.0, 174.0]",19.0266056060791,0.0,262.262451171875,2.105113983154297,-231.7237548828125
1750930324.5137677,0.0,0.5,"[174.0, 185.0, 192.0, 163.0, 157.0, 173.0, 166.0, 190.0, 185.0, 174.0]",18.791824340820312,0.0,262.4484558105469,2.101276397705078,-231.397216796875
1750930324.5494359,0.0,0.5,"[174.0, 185.0, 192.0, 163.0, 157.0, 173.0, 166.0, 190.0, 185.0, 174.0]",19.02173614501953,0.0,262.6367492675781,2.0975799560546875,-231.066650390625
1750930324.563667,0.0,0.5,"[174.0, 185.0, 192.0, 163.0, 157.0, 173.0, 166.0, 190.0, 185.0, 174.0]",19.05865478515625,0.0,262.8253173828125,2.0940017700195312,-230.73541259765625
1750930324.5776334,0.0,0.5,"[174.0, 185.0, 192.0, 163.0, 157.0, 172.0, 167.0, 190.0, 185.0, 174.0]",19.049081802368164,0.0,263.01385498046875,2.090557098388672,-230.40435791015625
1750930324.6131642,0.0,0.5,"[174.0, 185.0, 192.0, 162.0, 156.0, 172.0, 168.0, 192.0, 185.0, 174.0]",19.197433471679688,0.0,263.2037353515625,2.08709716796875,-230.0706787109375
1750930324.6272607,0.0,0.5,"[174.0, 185.0, 192.0, 162.0, 156.0, 172.0, 168.0, 192.0, 185.0, 174.0]",18.933399200439453,0.0,263.3911437988281,2.0840110778808594,-229.74163818359375
1750930324.6417663,0.0,0.5,"[174.0, 185.0, 192.0, 162.0, 156.0, 172.0, 169.0, 192.0, 185.0, 174.0]",19.208772659301758,0.0,263.5810852050781,2.0812606811523438,-229.40771484375
1750930324.65592,0.0,0.5,"[174.0, 185.0, 192.0, 162.0, 156.0, 172.0, 169.0, 192.0, 185.0, 174.0]",19.181156158447266,0.0,263.770751953125,2.078899383544922,-229.07427978515625
1750930324.6915572,0.0,0.5,"[174.0, 185.0, 192.0, 162.0, 156.0, 172.0, 170.0, 192.0, 185.0, 174.0]",19.313302993774414,0.0,263.96148681640625,2.0767574310302734,-228.7384033203125
1750930324.705942,0.0,0.5,"[174.0, 185.0, 192.0, 162.0, 156.0, 172.0, 170.0, 192.0, 185.0, 174.0]",19.09296417236328,0.0,264.1501159667969,2.074932098388672,-228.40640258789062
1750930324.7200918,0.0,0.5,"[174.0, 185.0, 192.0, 162.0, 156.0, 172.0, 170.0, 192.0, 185.0, 174.0]",19.355623245239258,0.0,264.3411865234375,2.073223114013672,-228.06973266601562
1750930324.7339966,0.0,0.5,"[174.0, 185.0, 192.0, 161.0, 156.0, 171.0, 171.0, 192.0, 185.0, 174.0]",19.308210372924805,0.0,264.5318298339844,2.071685791015625,-227.73388671875
1750930324.7693717,0.0,0.5,"[174.0, 185.0, 192.0, 161.0, 155.0, 171.0, 171.0, 192.0, 185.0, 174.0]",19.43937873840332,0.0,264.7236328125,2.0701961517333984,-227.395751953125
1750930324.783736,0.0,0.5,"[174.0, 185.0, 192.0, 161.0, 155.0, 171.0, 172.0, 192.0, 185.0, 174.0]",19.2574462890625,0.0,264.9137268066406,2.0689029693603516,-227.060791015625
1750930324.79789,0.0,0.5,"[174.0, 185.0, 190.0, 161.0, 155.0, 171.0, 173.0, 193.0, 185.0, 174.0]",19.570518493652344,0.0,265.1068115234375,2.068042755126953,-226.72030639648438
1750930324.8333983,0.0,0.5,"[174.0, 185.0, 190.0, 161.0, 155.0, 171.0, 173.0, 193.0, 185.0, 174.0]",19.3315486907959,0.0,265.2975769042969,2.067638397216797,-226.384033203125
1750930324.8480496,0.0,0.5,"[174.0, 185.0, 190.0, 161.0, 155.0, 171.0, 174.0, 193.0, 185.0, 174.0]",19.538253784179688,0.0,265.4901123046875,2.0675125122070312,-226.04397583007812
1750930324.8621275,0.0,0.5,"[174.0, 185.0, 190.0, 161.0, 155.0, 171.0, 174.0, 193.0, 185.0, 174.0]",19.419052124023438,0.0,265.6815490722656,2.067728042602539,-225.7060546875
1750930324.8763037,0.0,0.5,"[174.0, 185.0, 190.0, 160.0, 154.0, 170.0, 174.0, 193.0, 185.0, 174.0]",19.727581024169922,0.0,265.8759765625,2.06817626953125,-225.36273193359375
1750930324.911958,0.0,0.5,"[174.0, 185.0, 190.0, 160.0, 154.0, 170.0, 174.0, 193.0, 185.0, 174.0]",19.509471893310547,0.0,266.0683288574219,2.0688304901123047,-225.02325439453125
1750930324.9259627,0.0,0.5,"[174.0, 185.0, 190.0, 160.0, 154.0, 170.0, 174.0, 193.0, 185.0, 174.0]",19.742774963378906,0.0,266.2626953125,2.0695419311523438,-224.6795654296875
1750930324.9401636,0.0,0.5,"[174.0, 185.0, 190.0, 160.0, 154.0, 170.0, 175.0, 193.0, 185.0, 174.0]",19.602619171142578,0.0,266.4556884765625,2.0703468322753906,-224.33828735351562
1750930324.9544475,-1.0,0.5,"[174.0, 185.0, 190.0, 160.0, 154.0, 170.0, 175.0, 193.0, 185.0, 174.0]",19.853649139404297,0.0,266.6510009765625,2.0715560913085938,-223.9925537109375
1750930324.9893951,0.0,0.5,"[174.0, 185.0, 190.0, 160.0, 154.0, 170.0, 174.0, 192.0, 185.0, 174.0]",19.36368179321289,-0.5,266.8276062011719,2.069101333618164,-223.64791870117188
1750930325.0045455,0.0,0.5,"[174.0, 185.0, 190.0, 160.0, 154.0, 170.0, 174.0, 192.0, 185.0, 174.0]",19.55971336364746,0.0,267.01312255859375,2.0691299438476562,-223.30352783203125
1750930325.0186226,0.0,0.5,"[174.0, 185.0, 190.0, 160.0, 154.0, 170.0, 174.0, 192.0, 185.0, 174.0]",19.455123901367188,0.0,267.1993103027344,2.070018768310547,-222.96185302734375
1750930325.043455,0.0,0.5,"[174.0, 185.0, 190.0, 160.0, 154.0, 170.0, 175.0, 193.0, 185.0, 174.0]",19.693222045898438,0.0,267.3879089355469,2.071239471435547,-222.6160888671875
1750930325.0575504,0.0,0.5,"[174.0, 185.0, 189.0, 160.0, 154.0, 170.0, 175.0, 194.0, 185.0, 174.0]",19.45954704284668,0.0,267.5743103027344,2.072702407836914,-222.2744140625
1750930325.093105,0.0,0.5,"[174.0, 185.0, 189.0, 159.0, 154.0, 169.0, 175.0, 195.0, 185.0, 174.0]",19.65700340270996,0.0,267.76239013671875,2.074270248413086,-221.92919921875
1750930325.1075306,0.0,0.5,"[174.0, 185.0, 189.0, 159.0, 154.0, 169.0, 175.0, 196.0, 185.0, 174.0]",19.576366424560547,0.0,267.9498291015625,2.0759925842285156,-221.58544921875
1750930325.1216166,0.0,0.5,"[174.0, 185.0, 189.0, 159.0, 153.0, 169.0, 176.0, 197.0, 185.0, 174.0]",19.87723159790039,0.0,268.1400451660156,2.078012466430664,-221.23635864257812
1750930325.1357656,0.0,0.5,"[174.0, 185.0, 189.0, 159.0, 153.0, 169.0, 176.0, 197.0, 185.0, 174.0]",19.52562713623047,0.0,268.32684326171875,2.0805015563964844,-220.8934326171875
1750930325.171148,0.0,0.5,"[174.0, 185.0, 188.0, 159.0, 153.0, 169.0, 176.0, 198.0, 185.0, 174.0]",19.801292419433594,0.0,268.51605224609375,2.083415985107422,-220.5455322265625
1750930325.1856906,0.0,0.5,"[174.0, 185.0, 187.0, 158.0, 153.0, 169.0, 176.0, 198.0, 185.0, 174.0]",19.83832359313965,0.0,268.7055969238281,2.086729049682617,-220.197021484375
1750930325.1998093,0.0,0.5,"[174.0, 185.0, 187.0, 158.0, 153.0, 169.0, 176.0, 200.0, 185.0, 174.0]",19.89487075805664,0.0,268.8955383300781,2.0902976989746094,-219.84738159179688
1750930325.2139077,0.0,0.5,"[174.0, 185.0, 187.0, 158.0, 153.0, 168.0, 176.0, 200.0, 185.0, 174.0]",19.730915069580078,0.0,269.0840148925781,2.0941390991210938,-219.50070190429688
1750930325.2491744,0.0,0.5,"[174.0, 185.0, 187.0, 158.0, 153.0, 168.0, 176.0, 201.0, 185.0, 174.0]",19.968481063842773,0.0,269.2746887207031,2.0981693267822266,-219.14981079101562
1750930325.2628357,0.0,0.5,"[174.0, 185.0, 186.0, 157.0, 152.0, 168.0, 176.0, 201.0, 185.0, 174.0]",19.886388778686523,0.0,269.464599609375,2.1023178100585938,-218.80038452148438
1750930325.2769213,0.0,0.5,"[174.0, 185.0, 186.0, 156.0, 152.0, 168.0, 177.0, 202.0, 185.0, 174.0]",20.003398895263672,0.0,269.6553955078125,2.1066036224365234,-218.44876098632812
1750930325.3125033,0.0,0.5,"[174.0, 185.0, 186.0, 156.0, 152.0, 168.0, 177.0, 203.0, 185.0, 174.0]",19.891939163208008,0.0,269.8453063964844,2.111461639404297,-218.09921264648438
1750930325.3259676,0.0,0.5,"[174.0, 185.0, 184.0, 156.0, 152.0, 168.0, 177.0, 203.0, 185.0, 174.0]",20.057096481323242,0.0,270.036376953125,2.1167259216308594,-217.74655151367188
1750930325.339677,0.0,0.5,"[174.0, 185.0, 184.0, 156.0, 152.0, 167.0, 177.0, 204.0, 185.0, 174.0]",20.032791137695312,0.0,270.227294921875,2.122406005859375,-217.39434814453125
1750930325.354124,0.0,0.5,"[174.0, 185.0, 184.0, 155.0, 151.0, 167.0, 177.0, 204.0, 185.0, 174.0]",20.12989044189453,0.0,270.4188537597656,2.128358840942383,-217.040283203125
1750930325.389832,0.0,0.5,"[174.0, 185.0, 184.0, 155.0, 151.0, 167.0, 177.0, 205.0, 185.0, 174.0]",19.94536590576172,0.0,270.6087951660156,2.1345787048339844,-216.6895751953125
1750930325.4042149,0.0,0.5,"[174.0, 185.0, 183.0, 155.0, 151.0, 167.0, 177.0, 206.0, 185.0, 174.0]",20.247976303100586,0.0,270.8014831542969,2.141033172607422,-216.33343505859375
1750930325.4179738,0.0,0.5,"[174.0, 185.0, 183.0, 155.0, 151.0, 167.0, 177.0, 206.0, 185.0, 174.0]",20.081649780273438,0.0,270.9925537109375,2.1475658416748047,-215.980224609375
1750930325.4433858,-1.0,0.5,"[174.0, 185.0, 183.0, 154.0, 150.0, 166.0, 180.0, 206.0, 185.0, 174.0]",20.26963996887207,0.0,271.1853332519531,2.1542816162109375,-215.62368774414062
1750930325.457558,-1.0,0.5,"[174.0, 185.0, 183.0, 155.0, 151.0, 167.0, 177.0, 206.0, 185.0, 174.0]",19.8950138092041,-0.5,271.3581848144531,2.1565895080566406,-215.26528930664062
1750930325.4934669,0.0,0.5,"[174.0, 185.0, 184.0, 155.0, 152.0, 168.0, 175.0, 204.0, 185.0, 174.0]",19.78498077392578,-0.5,271.51171875,2.1541194915771484,-214.90057373046875
1750930325.50762,0.0,0.5,"[174.0, 185.0, 184.0, 156.0, 153.0, 169.0, 175.0, 203.0, 185.0, 174.0]",19.571168899536133,0.0,271.6748352050781,2.1553001403808594,-214.54476928710938
1750930325.5222914,0.0,0.5,"[174.0, 185.0, 184.0, 156.0, 153.0, 168.0, 175.0, 204.0, 185.0, 174.0]",19.85533905029297,0.0,271.8455810546875,2.1583480834960938,-214.186279296875
1750930325.537161,0.0,0.5,"[174.0, 185.0, 184.0, 155.0, 153.0, 168.0, 175.0, 204.0, 185.0, 174.0]",19.663673400878906,0.0,272.0154113769531,2.1618709564208984,-213.83157348632812
1750930325.574209,0.0,0.5,"[174.0, 185.0, 183.0, 155.0, 152.0, 168.0, 175.0, 204.0, 185.0, 174.0]",19.82420539855957,0.0,272.1866455078125,2.1656227111816406,-213.4739990234375
1750930325.5886996,0.0,0.5,"[174.0, 185.0, 183.0, 155.0, 152.0, 168.0, 175.0, 204.0, 185.0, 174.0]",19.733604431152344,0.0,272.3572082519531,2.169567108154297,-213.11810302734375
1750930325.6027482,0.0,0.5,"[174.0, 185.0, 183.0, 155.0, 152.0, 168.0, 175.0, 205.0, 185.0, 174.0]",19.959190368652344,0.0,272.5295715332031,2.173614501953125,-212.758056640625
1750930325.6170843,0.0,0.5,"[174.0, 185.0, 183.0, 155.0, 152.0, 168.0, 175.0, 206.0, 185.0, 174.0]",19.83081817626953,0.0,272.7007141113281,2.178037643432617,-212.40029907226562
1750930325.6535263,0.0,0.5,"[174.0, 185.0, 181.0, 154.0, 151.0, 167.0, 178.0, 206.0, 185.0, 174.0]",19.968374252319336,0.0,272.87298583984375,2.1829833984375,-212.0400390625
1750930325.6678135,0.0,0.5,"[174.0, 185.0, 181.0, 154.0, 151.0, 167.0, 180.0, 206.0, 185.0, 174.0]",19.875062942504883,0.0,273.0445556640625,2.1883716583251953,-211.68148803710938
1750930325.681914,0.0,0.5,"[174.0, 185.0, 181.0, 154.0, 151.0, 167.0, 184.0, 206.0, 185.0, 174.0]",20.109769821166992,0.0,273.2178955078125,2.194101333618164,-211.318603515625
1750930325.696233,0.0,0.5,"[174.0, 185.0, 180.0, 154.0, 151.0, 167.0, 186.0, 207.0, 185.0, 174.0]",19.918489456176758,0.0,273.3895263671875,2.2000675201416016,-210.95916748046875
1750930325.7322226,0.0,0.5,"[174.0, 185.0, 179.0, 153.0, 151.0, 167.0, 190.0, 207.0, 185.0, 174.0]",20.107717514038086,0.0,273.5625915527344,2.2062301635742188,-210.59619140625
1750930325.746907,0.0,0.5,"[174.0, 185.0, 179.0, 153.0, 150.0, 167.0, 190.0, 207.0, 185.0, 174.0]",19.91706657409668,0.0,273.734130859375,2.2125492095947266,-210.23675537109375
1750930325.761077,0.0,0.5,"[174.0, 185.0, 179.0, 153.0, 150.0, 166.0, 192.0, 207.0, 185.0, 174.0]",20.215482711791992,0.0,273.9081115722656,2.2190074920654297,-209.871826171875
1750930325.7749138,0.0,0.5,"[174.0, 185.0, 178.0, 153.0, 150.0, 166.0, 193.0, 207.0, 185.0, 174.0]",20.03855323791504,0.0,274.0805358886719,2.2257556915283203,-209.5101318359375
1750930325.8112035,0.0,0.5,"[174.0, 185.0, 178.0, 152.0, 150.0, 166.0, 213.0, 207.0, 185.0, 174.0]",20.255517959594727,0.0,274.254638671875,2.2330474853515625,-209.1444091796875
1750930325.825343,0.0,0.5,"[174.0, 185.0, 177.0, 152.0, 150.0, 166.0, 213.0, 209.0, 185.0, 174.0]",20.098657608032227,0.0,274.4273681640625,2.2407360076904297,-208.781494140625
1750930325.8402898,-1.0,0.5,"[174.0, 185.0, 176.0, 152.0, 149.0, 166.0, 212.0, 209.0, 185.0, 174.0]",20.25155258178711,0.0,274.6012268066406,2.248798370361328,-208.415771484375
1750930325.8552063,0.0,0.5,"[174.0, 185.0, 176.0, 152.0, 150.0, 166.0, 192.0, 207.0, 185.0, 174.0]",19.83667755126953,-0.5,274.75592041015625,2.2525577545166016,-208.05047607421875
1750930325.8908746,0.0,0.5,"[174.0, 185.0, 176.0, 152.0, 150.0, 166.0, 192.0, 207.0, 185.0, 174.0]",20.087392807006836,0.0,274.9211120605469,2.2590084075927734,-207.68429565429688
1750930325.9054272,0.0,0.5,"[174.0, 185.0, 176.0, 152.0, 150.0, 166.0, 193.0, 207.0, 185.0, 174.0]",19.921613693237305,0.0,275.08599853515625,2.2658920288085938,-207.3216552734375
1750930325.9199798,0.0,0.5,"[174.0, 185.0, 176.0, 152.0, 149.0, 166.0, 213.0, 207.0, 185.0, 174.0]",20.058643341064453,0.0,275.25250244140625,2.2730674743652344,-206.95672607421875
1750930325.9344726,0.0,0.5,"[174.0, 185.0, 175.0, 151.0, 149.0, 166.0, 213.0, 209.0, 185.0, 174.0]",20.153461456298828,0.0,275.4196472167969,2.2805233001708984,-206.59002685546875
1750930325.9704232,0.0,0.5,"[174.0, 185.0, 175.0, 151.0, 149.0, 166.0, 213.0, 209.0, 185.0, 174.0]",20.07928466796875,0.0,275.586181640625,2.2884960174560547,-206.22467041015625
1750930325.98425,0.0,0.5,"[174.0, 185.0, 175.0, 151.0, 149.0, 165.0, 212.0, 209.0, 185.0, 174.0]",20.04977798461914,0.0,275.7519226074219,2.296764373779297,-205.859619140625
1750930325.9992704,0.0,0.5,"[174.0, 185.0, 173.0, 151.0, 148.0, 165.0, 212.0, 209.0, 185.0, 174.0]",20.097490310668945,0.0,275.91839599609375,2.3055477142333984,-205.493896484375
1750930326.0139163,0.0,0.5,"[174.0, 185.0, 173.0, 149.0, 148.0, 165.0, 212.0, 209.0, 185.0, 174.0]",20.271085739135742,0.0,276.0859680175781,2.3146209716796875,-205.12481689453125
1750930326.0500882,0.0,0.5,"[174.0, 185.0, 173.0, 149.0, 148.0, 165.0, 211.0, 209.0, 185.0, 174.0]",20.207067489624023,0.0,276.2530212402344,2.32391357421875,-204.75692749023438
1750930326.0641243,-1.0,0.5,"[174.0, 185.0, 172.0, 149.0, 148.0, 164.0, 211.0, 209.0, 185.0, 174.0]",20.23124885559082,0.0,276.4199523925781,2.3333053588867188,-204.38845825195312
1750930326.078768,-1.0,0.5,"[174.0, 185.0, 173.0, 149.0, 148.0, 165.0, 212.0, 209.0, 185.0, 174.0]",19.998323440551758,-0.5,276.5706787109375,2.338685989379883,-204.01800537109375
1750930326.1037672,-1.0,0.5,"[174.0, 185.0, 175.0, 151.0, 149.0, 166.0, 190.0, 207.0, 185.0, 174.0]",19.759498596191406,-0.5,276.6981201171875,2.338235855102539,-203.6439208984375
1750930326.118379,-1.0,0.5,"[174.0, 185.0, 176.0, 153.0, 152.0, 168.0, 184.0, 204.0, 185.0, 174.0]",19.515058517456055,-0.5,276.8011474609375,2.3320865631103516,-203.26751708984375
1750930326.1439698,-1.0,0.5,"[174.0, 185.0, 179.0, 155.0, 154.0, 169.0, 178.0, 202.0, 185.0, 174.0]",19.579151153564453,-0.5,276.8846435546875,2.3211193084716797,-202.8851318359375
1750930326.1587813,-1.0,0.5,"[174.0, 185.0, 183.0, 159.0, 156.0, 171.0, 170.0, 200.0, 185.0, 174.0]",19.304216384887695,-0.5,276.9530944824219,2.3070526123046875,-202.50543212890625
1750930326.1845138,0.0,0.5,"[174.0, 185.0, 187.0, 161.0, 158.0, 173.0, 164.0, 197.0, 185.0, 174.0]",19.44460105895996,-0.5,277.00579833984375,2.289020538330078,-202.12054443359375
1750930326.1993828,0.0,0.5,"[174.0, 185.0, 189.0, 162.0, 159.0, 174.0, 163.0, 195.0, 185.0, 174.0]",19.564260482788086,0.0,277.0732116699219,2.2748546600341797,-201.7353515625
1750930326.2140338,0.0,0.5,"[174.0, 185.0, 189.0, 162.0, 159.0, 175.0, 162.0, 195.0, 185.0, 174.0]",19.38508415222168,0.0,277.15325927734375,2.264493942260742,-201.35614013671875
1750930326.2506933,0.0,0.5,"[174.0, 185.0, 189.0, 162.0, 159.0, 175.0, 162.0, 195.0, 185.0, 174.0]",19.566120147705078,0.0,277.2371826171875,2.254983901977539,-200.97406005859375
1750930326.26519,0.0,0.5,"[174.0, 185.0, 189.0, 162.0, 159.0, 175.0, 162.0, 194.0, 185.0, 174.0]",19.464937210083008,0.0,277.3211975097656,2.2457962036132812,-200.59402465820312
1750930326.2800126,0.0,0.5,"[174.0, 185.0, 189.0, 162.0, 159.0, 174.0, 163.0, 193.0, 185.0, 174.0]",19.606840133666992,0.0,277.4058532714844,2.2369537353515625,-200.21124267578125
1750930326.2947736,0.0,0.5,"[174.0, 185.0, 189.0, 162.0, 159.0, 174.0, 164.0, 193.0, 185.0, 174.0]",19.527318954467773,0.0,277.4902038574219,2.228656768798828,-199.82998657226562
1750930326.3313148,0.0,0.5,"[174.0, 185.0, 189.0, 162.0, 159.0, 174.0, 164.0, 193.0, 185.0, 174.0]",19.834814071655273,0.0,277.5757141113281,2.220592498779297,-199.44268798828125
1750930326.3452,0.0,0.5,"[174.0, 185.0, 189.0, 162.0, 159.0, 174.0, 166.0, 193.0, 185.0, 174.0]",19.547937393188477,0.0,277.65997314453125,2.212991714477539,-199.06100463867188
1750930326.358969,0.0,0.5,"[174.0, 185.0, 189.0, 162.0, 159.0, 174.0, 166.0, 193.0, 185.0, 174.0]",19.761083602905273,0.0,277.7449035644531,2.205493927001953,-198.67510986328125
1750930326.3843331,0.0,0.5,"[174.0, 185.0, 189.0, 162.0, 159.0, 174.0, 167.0, 192.0, 185.0, 174.0]",19.69890785217285,0.0,277.8297119140625,2.1982765197753906,-198.2904052734375
1750930326.398775,0.0,0.5,"[174.0, 185.0, 189.0, 162.0, 159.0, 174.0, 168.0, 192.0, 185.0, 174.0]",19.888147354125977,0.0,277.9150085449219,2.1910438537597656,-197.9019775390625
1750930326.4245703,0.0,0.5,"[174.0, 185.0, 189.0, 162.0, 159.0, 174.0, 168.0, 192.0, 185.0, 174.0]",19.84589195251465,0.0,278.0001525878906,2.183929443359375,-197.51437377929688
1750930326.4398208,0.0,0.5,"[174.0, 185.0, 189.0, 162.0, 159.0, 173.0, 168.0, 192.0, 185.0, 174.0]",19.879987716674805,0.0,278.0852355957031,2.1770153045654297,-197.12603759765625
1750930326.4548457,0.0,0.5,"[174.0, 185.0, 189.0, 162.0, 158.0, 173.0, 169.0, 192.0, 185.0, 174.0]",19.936140060424805,0.0,278.17071533203125,2.170652389526367,-196.73663330078125
1750930326.491966,0.0,0.5,"[174.0, 185.0, 189.0, 162.0, 158.0, 173.0, 170.0, 192.0, 185.0, 174.0]",20.061737060546875,0.0,278.25653076171875,2.164644241333008,-196.3447265625
1750930326.5069816,0.0,0.5,"[174.0, 185.0, 189.0, 162.0, 158.0, 173.0, 170.0, 190.0, 185.0, 174.0]",19.871856689453125,0.0,278.34161376953125,2.159099578857422,-195.95654296875
1750930326.521181,0.0,0.5,"[174.0, 185.0, 189.0, 162.0, 158.0, 173.0, 170.0, 190.0, 185.0, 174.0]",20.064348220825195,0.0,278.4271240234375,2.1536865234375,-195.56451416015625
1750930326.5361228,0.0,0.5,"[174.0, 185.0, 189.0, 162.0, 158.0, 173.0, 171.0, 190.0, 185.0, 174.0]",20.023996353149414,0.0,278.512451171875,2.1485366821289062,-195.17327880859375
1750930326.5728724,0.0,0.5,"[174.0, 185.0, 189.0, 162.0, 158.0, 173.0, 171.0, 190.0, 185.0, 174.0]",20.21026039123535,0.0,278.5986328125,2.1435165405273438,-194.77838134765625
1750930326.5865386,0.0,0.5,"[174.0, 185.0, 189.0, 162.0, 158.0, 172.0, 172.0, 189.0, 185.0, 174.0]",20.035444259643555,0.0,278.6840515136719,2.1386756896972656,-194.38693237304688
1750930326.601038,0.0,0.5,"[174.0, 185.0, 189.0, 161.0, 158.0, 172.0, 173.0, 189.0, 185.0, 174.0]",20.252836227416992,0.0,278.770263671875,2.1339492797851562,-193.99118041992188
1750930326.6155546,0.0,0.5,"[174.0, 185.0, 189.0, 161.0, 157.0, 172.0, 173.0, 189.0, 185.0, 174.0]",20.079572677612305,0.0,278.8558044433594,2.1298370361328125,-193.59881591796875
1750930326.6525571,0.0,0.5,"[174.0, 185.0, 189.0, 161.0, 157.0, 172.0, 174.0, 189.0, 185.0, 174.0]",20.283960342407227,0.0,278.9419860839844,2.1260929107666016,-193.20242309570312
1750930326.6673083,0.0,0.5,"[174.0, 185.0, 189.0, 161.0, 157.0, 172.0, 174.0, 188.0, 185.0, 174.0]",20.19597053527832,0.0,279.02789306640625,2.122800827026367,-192.8077392578125
1750930326.681726,0.0,0.5,"[174.0, 185.0, 189.0, 161.0, 157.0, 172.0, 174.0, 188.0, 185.0, 174.0]",20.459590911865234,0.0,279.11468505859375,2.119729995727539,-192.40789794921875
1750930326.696431,0.0,0.5,"[174.0, 185.0, 189.0, 161.0, 157.0, 172.0, 175.0, 189.0, 185.0, 174.0]",20.217199325561523,0.0,279.2003479003906,2.116943359375,-192.01272583007812
1750930326.733809,0.0,0.5,"[174.0, 185.0, 189.0, 161.0, 157.0, 171.0, 175.0, 190.0, 185.0, 174.0]",20.43691635131836,0.0,279.2867431640625,2.1142520904541016,-191.61322021484375
1750930326.7475805,0.0,0.5,"[174.0, 185.0, 189.0, 161.0, 157.0, 171.0, 175.0, 190.0, 185.0, 174.0]",20.338884353637695,0.0,279.3728332519531,2.1117496490478516,-191.2156982421875
1750930326.7623076,0.0,0.5,"[174.0, 185.0, 189.0, 161.0, 157.0, 171.0, 176.0, 192.0, 185.0, 174.0]",20.505996704101562,0.0,279.45953369140625,2.1093978881835938,-190.8148193359375
1750930326.7770216,0.0,0.5,"[174.0, 185.0, 189.0, 161.0, 156.0, 171.0, 176.0, 193.0, 185.0, 174.0]",20.4011287689209,0.0,279.5457763671875,2.1076297760009766,-190.416015625
1750930326.8138552,0.0,0.5,"[174.0, 185.0, 189.0, 161.0, 156.0, 171.0, 176.0, 194.0, 185.0, 174.0]",20.58503532409668,0.0,279.6326599121094,2.1062965393066406,-190.01361083984375
1750930326.828641,0.0,0.5,"[174.0, 185.0, 189.0, 161.0, 156.0, 171.0, 176.0, 195.0, 185.0, 174.0]",20.4398193359375,0.0,279.7191467285156,2.1054553985595703,-189.61407470703125
1750930326.8441794,0.0,0.5,"[174.0, 185.0, 189.0, 160.0, 156.0, 170.0, 177.0, 197.0, 185.0, 174.0]",20.681743621826172,0.0,279.8062438964844,2.1048355102539062,-189.209716796875
1750930326.858499,0.0,0.5,"[174.0, 185.0, 189.0, 160.0, 156.0, 170.0, 177.0, 197.0, 185.0, 174.0]",20.530508041381836,0.0,279.8926086425781,2.104473114013672,-188.80828857421875
1750930326.884276,0.0,0.5,"[174.0, 185.0, 188.0, 160.0, 156.0, 170.0, 177.0, 198.0, 185.0, 174.0]",20.752492904663086,0.0,279.9797058105469,2.104236602783203,-188.4024658203125
1750930326.898744,0.0,0.5,"[174.0, 185.0, 188.0, 160.0, 156.0, 170.0, 177.0, 200.0, 185.0, 174.0]",20.597488403320312,0.0,280.0661315917969,2.104154586791992,-187.99969482421875
1750930326.9243712,0.0,0.5,"[174.0, 185.0, 187.0, 160.0, 155.0, 170.0, 178.0, 200.0, 185.0, 174.0]",20.750041961669922,0.0,280.1531066894531,2.104267120361328,-187.5938720703125
1750930326.9388044,0.0,0.5,"[174.0, 185.0, 187.0, 160.0, 155.0, 169.0, 178.0, 201.0, 185.0, 174.0]",20.61544418334961,0.0,280.23968505859375,2.1050167083740234,-187.1907958984375
1750930326.9644408,0.0,0.5,"[174.0, 185.0, 187.0, 160.0, 155.0, 169.0, 178.0, 201.0, 185.0, 174.0]",20.903837203979492,0.0,280.3271789550781,2.1061973571777344,-186.781982421875
1750930326.9788074,0.0,0.5,"[174.0, 185.0, 187.0, 159.0, 155.0, 169.0, 178.0, 203.0, 185.0, 174.0]",20.70293426513672,0.0,280.4137268066406,2.1077632904052734,-186.3770751953125
1750930327.004919,0.0,0.5,"[174.0, 185.0, 187.0, 159.0, 155.0, 169.0, 178.0, 203.0, 185.0, 174.0]",20.891986846923828,0.0,280.5008544921875,2.1096115112304688,-185.96841430664062
1750930327.0199497,0.0,0.5,"[174.0, 185.0, 187.0, 159.0, 155.0, 169.0, 178.0, 204.0, 185.0, 174.0]",20.75347900390625,0.0,280.5875549316406,2.111774444580078,-185.5625
1750930327.0345724,0.0,0.5,"[174.0, 185.0, 187.0, 159.0, 154.0, 169.0, 179.0, 204.0, 185.0, 174.0]",20.99875831604004,0.0,280.6752014160156,2.114124298095703,-185.15179443359375
1750930327.0720823,0.0,0.5,"[174.0, 185.0, 187.0, 159.0, 154.0, 168.0, 179.0, 206.0, 185.0, 174.0]",20.847734451293945,0.0,280.7621765136719,2.1166000366210938,-184.7440185546875
1750930327.0875387,0.0,0.5,"[174.0, 185.0, 186.0, 159.0, 154.0, 168.0, 179.0, 206.0, 185.0, 174.0]",21.106630325317383,0.0,280.8500671386719,2.119373321533203,-184.33111572265625
1750930327.102428,0.0,0.5,"[174.0, 185.0, 186.0, 159.0, 154.0, 168.0, 179.0, 207.0, 185.0, 174.0]",20.808147430419922,0.0,280.936767578125,2.1226959228515625,-183.92413330078125
1750930327.1171122,0.0,0.5,"[174.0, 185.0, 186.0, 158.0, 154.0, 168.0, 179.0, 207.0, 185.0, 174.0]",21.002172470092773,0.0,281.0239562988281,2.126443862915039,-183.51324462890625
1750930327.1550586,0.0,0.5,"[174.0, 185.0, 186.0, 158.0, 154.0, 168.0, 179.0, 207.0, 185.0, 174.0]",21.075529098510742,0.0,281.11151123046875,2.130645751953125,-183.1009521484375
1750930327.1706903,0.0,0.5,"[174.0, 185.0, 185.0, 158.0, 153.0, 167.0, 179.0, 209.0, 185.0, 174.0]",21.172801971435547,0.0,281.1993103027344,2.1351566314697266,-182.68670654296875
1750930327.1863828,0.0,0.5,"[174.0, 185.0, 185.0, 158.0, 153.0, 167.0, 179.0, 209.0, 185.0, 174.0]",21.031702041625977,0.0,281.2865295410156,2.1399059295654297,-182.2752685546875
1750930327.201497,0.0,0.5,"[174.0, 185.0, 184.0, 158.0, 153.0, 167.0, 180.0, 211.0, 185.0, 174.0]",21.233917236328125,0.0,281.37432861328125,2.1448001861572266,-181.85977172851562
1750930327.2165134,0.0,0.5,"[174.0, 185.0, 184.0, 157.0, 153.0, 167.0, 180.0, 211.0, 185.0, 174.0]",20.99582862854004,0.0,281.4612121582031,2.149820327758789,-181.448974609375
1750930327.2538404,0.0,0.5,"[174.0, 185.0, 184.0, 156.0, 153.0, 167.0, 181.0, 211.0, 185.0, 174.0]",21.275678634643555,0.0,281.5491027832031,2.1552982330322266,-181.03265380859375
1750930327.2687113,0.0,0.5,"[174.0, 185.0, 184.0, 156.0, 153.0, 167.0, 181.0, 212.0, 185.0, 174.0]",21.154455184936523,0.0,281.63653564453125,2.1613197326660156,-180.6187744140625
1750930327.2836375,0.0,0.5,"[174.0, 185.0, 183.0, 156.0, 152.0, 166.0, 181.0, 212.0, 185.0, 174.0]",21.350372314453125,0.0,281.72442626953125,2.1677780151367188,-180.200927734375
1750930327.2986104,0.0,0.5,"[174.0, 185.0, 183.0, 156.0, 152.0, 166.0, 181.0, 213.0, 185.0, 174.0]",21.093393325805664,0.0,281.81134033203125,2.174589157104492,-179.78817749023438
1750930327.3245335,-1.0,0.5,"[174.0, 185.0, 183.0, 155.0, 152.0, 166.0, 181.0, 214.0, 185.0, 174.0]",21.389331817626953,0.0,281.8992614746094,2.1817455291748047,-179.36956787109375
1750930327.3398056,-1.0,0.5,"[174.0, 185.0, 183.0, 156.0, 153.0, 166.0, 179.0, 212.0, 185.0, 174.0]",21.022640228271484,-0.5,281.9681396484375,2.1843910217285156,-178.954833984375
1750930327.3547957,-1.0,0.5,"[174.0, 185.0, 184.0, 158.0, 153.0, 168.0, 178.0, 211.0, 185.0, 174.0]",20.91279411315918,-0.5,282.01690673828125,2.181997299194336,-178.5394287109375
1750930327.3922954,0.0,0.5,"[174.0, 185.0, 187.0, 159.0, 155.0, 169.0, 176.0, 209.0, 185.0, 174.0]",20.496097564697266,-0.5,282.0422058105469,2.173952102661133,-178.13037109375
1750930327.4076755,0.0,0.5,"[174.0, 185.0, 188.0, 160.0, 156.0, 170.0, 176.0, 207.0, 185.0, 174.0]",20.694549560546875,0.0,282.08148193359375,2.169921875,-177.71836853027344
1750930327.4228601,0.0,0.5,"[174.0, 185.0, 189.0, 160.0, 156.0, 170.0, 176.0, 207.0, 185.0, 174.0]",20.587371826171875,0.0,282.12969970703125,2.1688385009765625,-177.3094482421875
1750930327.437751,0.0,0.5,"[174.0, 185.0, 188.0, 160.0, 156.0, 170.0, 176.0, 207.0, 185.0, 174.0]",20.74610710144043,0.0,282.179443359375,2.168498992919922,-176.89752197265625
1750930327.4755518,0.0,0.5,"[174.0, 185.0, 188.0, 160.0, 156.0, 170.0, 176.0, 209.0, 185.0, 174.0]",20.528886795043945,0.0,282.228759765625,2.1685867309570312,-176.4899139404297
1750930327.4901793,0.0,0.5,"[174.0, 185.0, 187.0, 160.0, 156.0, 170.0, 176.0, 209.0, 185.0, 174.0]",20.834861755371094,0.0,282.2785949707031,2.1688919067382812,-176.07620239257812
1750930327.505122,0.0,0.5,"[174.0, 185.0, 187.0, 160.0, 155.0, 170.0, 176.0, 209.0, 185.0, 174.0]",20.685993194580078,0.0,282.32794189453125,2.1693954467773438,-175.66543579101562
1750930327.519645,0.0,0.5,"[174.0, 185.0, 187.0, 160.0, 155.0, 169.0, 176.0, 209.0, 185.0, 174.0]",20.86104393005371,0.0,282.3775329589844,2.170003890991211,-175.2511749267578
1750930327.5348723,0.0,0.5,"[174.0, 185.0, 187.0, 159.0, 155.0, 169.0, 176.0, 209.0, 185.0, 174.0]",20.786911010742188,0.0,282.4269104003906,2.1707763671875,-174.83837890625
1750930327.572622,0.0,0.5,"[174.0, 185.0, 187.0, 159.0, 155.0, 169.0, 176.0, 210.0, 185.0, 174.0]",20.91008186340332,0.0,282.4765319824219,2.172069549560547,-174.4231414794922
1750930327.5872934,0.0,0.5,"[174.0, 185.0, 187.0, 159.0, 155.0, 169.0, 176.0, 211.0, 185.0, 174.0]",20.739559173583984,0.0,282.52593994140625,2.173919677734375,-174.0113067626953
1750930327.6023118,0.0,0.5,"[174.0, 185.0, 187.0, 159.0, 154.0, 169.0, 176.0, 211.0, 185.0, 174.0]",21.041242599487305,0.0,282.57568359375,2.1761322021484375,-173.59344482421875
1750930327.6173692,0.0,0.5,"[174.0, 185.0, 187.0, 159.0, 154.0, 169.0, 176.0, 211.0, 185.0, 174.0]",20.867855072021484,0.0,282.6247863769531,2.1786327362060547,-173.1790008544922
1750930327.6551018,0.0,0.5,"[174.0, 185.0, 186.0, 159.0, 154.0, 168.0, 176.0, 211.0, 185.0, 174.0]",21.084508895874023,0.0,282.6743469238281,2.1814136505126953,-172.76023864746094
1750930327.6701796,0.0,0.5,"[174.0, 185.0, 186.0, 159.0, 154.0, 168.0, 176.0, 211.0, 185.0, 174.0]",20.899059295654297,0.0,282.7235412597656,2.1844139099121094,-172.3451690673828
1750930327.6850991,0.0,0.5,"[174.0, 185.0, 186.0, 159.0, 154.0, 168.0, 176.0, 211.0, 185.0, 174.0]",21.099157333374023,0.0,282.77294921875,2.1874942779541016,-171.9261016845703
1750930327.6999648,0.0,0.5,"[174.0, 185.0, 186.0, 158.0, 153.0, 168.0, 176.0, 211.0, 185.0, 174.0]",20.95345115661621,0.0,282.8220520019531,2.190786361694336,-171.5099334716797
1750930327.7145925,0.0,0.5,"[174.0, 185.0, 185.0, 158.0, 153.0, 168.0, 176.0, 212.0, 185.0, 174.0]",21.215370178222656,0.0,282.8717346191406,2.1946868896484375,-171.08856201171875
1750930327.7522898,0.0,0.5,"[174.0, 185.0, 185.0, 158.0, 153.0, 168.0, 176.0, 212.0, 185.0, 174.0]",20.999393463134766,0.0,282.9209289550781,2.1990623474121094,-170.67149353027344
1750930327.7673829,0.0,0.5,"[174.0, 185.0, 184.0, 158.0, 153.0, 167.0, 178.0, 212.0, 185.0, 174.0]",21.207191467285156,0.0,282.97021484375,2.2038021087646484,-170.250244140625
1750930327.782338,0.0,0.5,"[174.0, 185.0, 184.0, 157.0, 153.0, 167.0, 178.0, 212.0, 185.0, 174.0]",21.10503578186035,0.0,283.019287109375,2.208883285522461,-169.83103942871094
1750930327.7975879,0.0,0.5,"[174.0, 185.0, 184.0, 156.0, 153.0, 167.0, 180.0, 212.0, 185.0, 174.0]",21.363346099853516,0.0,283.0689392089844,2.214282989501953,-169.40670776367188
1750930327.8351238,0.0,0.5,"[174.0, 185.0, 184.0, 156.0, 152.0, 167.0, 180.0, 212.0, 185.0, 174.0]",21.107728958129883,0.0,283.1180419921875,2.2198524475097656,-168.98745727539062
1750930327.8499017,0.0,0.5,"[174.0, 185.0, 183.0, 156.0, 152.0, 167.0, 182.0, 212.0, 185.0, 174.0]",21.344152450561523,0.0,283.16741943359375,2.2255325317382812,-168.5634765625
1750930327.8647912,0.0,0.5,"[174.0, 185.0, 183.0, 156.0, 152.0, 166.0, 182.0, 213.0, 185.0, 174.0]",21.254135131835938,0.0,283.216552734375,2.231508255004883,-168.1412811279297
1750930327.8798115,0.0,0.5,"[174.0, 185.0, 183.0, 156.0, 152.0, 166.0, 183.0, 214.0, 185.0, 174.0]",21.4081974029541,0.0,283.2659912109375,2.2380943298339844,-167.71603393554688
1750930327.8948483,0.0,0.5,"[174.0, 185.0, 183.0, 155.0, 151.0, 166.0, 184.0, 214.0, 185.0, 174.0]",21.203458786010742,0.0,283.31512451171875,2.245176315307617,-167.2948760986328
1750930327.9325035,0.0,0.5,"[174.0, 185.0, 183.0, 155.0, 151.0, 166.0, 184.0, 214.0, 185.0, 174.0]",21.508296966552734,0.0,283.3646240234375,2.252683639526367,-166.8676300048828
1750930327.9478889,0.0,0.5,"[174.0, 185.0, 181.0, 155.0, 151.0, 166.0, 184.0, 214.0, 185.0, 174.0]",21.33437728881836,0.0,283.4135437011719,2.2604331970214844,-166.44383239746094
1750930327.9628093,0.0,0.5,"[174.0, 185.0, 181.0, 155.0, 151.0, 165.0, 185.0, 214.0, 185.0, 174.0]",21.54018783569336,0.0,283.46282958984375,2.268474578857422,-166.01593017578125
1750930327.9781847,0.0,0.5,"[174.0, 185.0, 181.0, 155.0, 150.0, 165.0, 186.0, 214.0, 185.0, 174.0]",21.34678077697754,0.0,283.5118103027344,2.276693344116211,-165.59188842773438
1750930328.0042222,0.0,0.5,"[174.0, 185.0, 180.0, 154.0, 150.0, 165.0, 188.0, 214.0, 185.0, 174.0]",21.553627014160156,0.0,283.5610046386719,2.2850608825683594,-165.16371154785156
1750930328.0189688,0.0,0.5,"[174.0, 185.0, 179.0, 154.0, 150.0, 165.0, 210.0, 214.0, 185.0, 174.0]",21.451780319213867,0.0,283.60992431640625,2.293863296508789,-164.73756408691406
1750930328.0448115,-1.0,0.5,"[174.0, 185.0, 179.0, 154.0, 149.0, 164.0, 208.0, 214.0, 185.0, 174.0]",21.64651107788086,0.0,283.6592102050781,2.303293228149414,-164.30755615234375
1750930328.0599518,-1.0,0.5,"[174.0, 185.0, 179.0, 154.0, 150.0, 165.0, 188.0, 213.0, 185.0, 174.0]",21.194120407104492,-0.5,283.6932678222656,2.309295654296875,-163.8850860595703
1750930328.0751212,-1.0,0.5,"[174.0, 185.0, 181.0, 155.0, 150.0, 166.0, 183.0, 212.0, 185.0, 174.0]",21.190187454223633,-0.5,283.7061767578125,2.3101730346679688,-163.46148681640625
1750930328.1128502,0.0,0.5,"[174.0, 185.0, 184.0, 157.0, 152.0, 167.0, 178.0, 210.0, 185.0, 174.0]",20.821931838989258,-0.5,283.6934509277344,2.3047561645507812,-163.04527282714844
1750930328.1283066,0.0,0.5,"[174.0, 185.0, 184.0, 158.0, 152.0, 168.0, 177.0, 209.0, 185.0, 174.0]",20.89337921142578,0.0,283.6952209472656,2.303335189819336,-162.62741088867188
1750930328.1442745,0.0,0.5,"[174.0, 185.0, 184.0, 158.0, 152.0, 168.0, 177.0, 209.0, 185.0, 174.0]",20.86004638671875,0.0,283.7060852050781,2.3044681549072266,-162.21035766601562
1750930328.1603286,0.0,0.5,"[174.0, 185.0, 184.0, 158.0, 152.0, 168.0, 177.0, 209.0, 185.0, 174.0]",20.915380477905273,0.0,283.7184143066406,2.30615234375,-161.792236328125
1750930328.1764219,0.0,0.5,"[174.0, 185.0, 184.0, 158.0, 152.0, 168.0, 177.0, 207.0, 185.0, 174.0]",20.822465896606445,0.0,283.73052978515625,2.3083419799804688,-161.3759765625
1750930328.2168832,0.0,0.5,"[174.0, 185.0, 184.0, 158.0, 152.0, 168.0, 178.0, 207.0, 185.0, 174.0]",20.897886276245117,0.0,283.742431640625,2.311006546020508,-160.95819091796875
1750930328.2328935,0.0,0.5,"[174.0, 185.0, 184.0, 157.0, 152.0, 168.0, 178.0, 207.0, 185.0, 174.0]",21.08354377746582,0.0,283.7543029785156,2.3141136169433594,-160.5366973876953
1750930328.2479556,0.0,0.5,"[174.0, 185.0, 184.0, 156.0, 151.0, 167.0, 178.0, 207.0, 185.0, 174.0]",20.949634552001953,0.0,283.7659606933594,2.317535400390625,-160.1178741455078
1750930328.2637959,0.0,0.5,"[174.0, 185.0, 184.0, 156.0, 151.0, 167.0, 178.0, 207.0, 185.0, 174.0]",21.028942108154297,0.0,283.77752685546875,2.3212146759033203,-159.6974639892578
1750930328.2789125,0.0,0.5,"[174.0, 185.0, 183.0, 156.0, 151.0, 167.0, 179.0, 207.0, 185.0, 174.0]",21.084409713745117,0.0,283.7890319824219,2.3250961303710938,-159.2759552001953
1750930328.3055952,0.0,0.5,"[174.0, 185.0, 183.0, 155.0, 151.0, 167.0, 179.0, 207.0, 185.0, 174.0]",21.052780151367188,0.0,283.8004455566406,2.329099655151367,-158.85507202148438
1750930328.3205893,0.0,0.5,"[174.0, 185.0, 183.0, 155.0, 150.0, 167.0, 180.0, 207.0, 185.0, 174.0]",21.03249740600586,0.0,283.8117980957031,2.3332672119140625,-158.43460083007812
1750930328.3358288,0.0,0.5,"[174.0, 185.0, 183.0, 155.0, 150.0, 167.0, 180.0, 207.0, 185.0, 174.0]",21.206018447875977,0.0,283.82318115234375,2.338041305541992,-158.0106658935547
1750930328.3738313,0.0,0.5,"[174.0, 185.0, 183.0, 155.0, 150.0, 166.0, 181.0, 207.0, 185.0, 174.0]",21.18984031677246,0.0,283.8343811035156,2.3432788848876953,-157.58705139160156
1750930328.388954,0.0,0.5,"[174.0, 185.0, 183.0, 154.0, 150.0, 166.0, 181.0, 207.0, 185.0, 174.0]",21.20146369934082,0.0,283.8455505371094,2.3489418029785156,-157.1632080078125
1750930328.4038484,0.0,0.5,"[174.0, 185.0, 181.0, 154.0, 149.0, 166.0, 181.0, 206.0, 185.0, 174.0]",21.18628692626953,0.0,283.8565979003906,2.354917526245117,-156.7396697998047
1750930328.41917,-1.0,0.5,"[174.0, 185.0, 181.0, 154.0, 149.0, 166.0, 182.0, 206.0, 185.0, 174.0]",21.2539005279541,0.0,283.86749267578125,2.361146926879883,-156.3147735595703
1750930328.4342444,-1.0,0.5,"[174.0, 185.0, 181.0, 154.0, 149.0, 166.0, 181.0, 206.0, 185.0, 174.0]",21.01304054260254,-0.5,283.8605651855469,2.3628978729248047,-155.8945770263672
1750930328.4736636,-1.0,0.5,"[174.0, 185.0, 183.0, 155.0, 151.0, 167.0, 178.0, 204.0, 185.0, 174.0]",20.836618423461914,-0.5,283.83447265625,2.359771728515625,-155.47866821289062
1750930328.489879,-1.0,0.5,"[174.0, 185.0, 184.0, 156.0, 152.0, 169.0, 176.0, 203.0, 185.0, 174.0]",20.549365997314453,-0.5,283.7872314453125,2.3513450622558594,-155.07049560546875
1750930328.5058587,-1.0,0.5,"[174.0, 185.0, 187.0, 159.0, 155.0, 172.0, 172.0, 200.0, 185.0, 174.0]",20.47125816345215,-0.5,283.7176513671875,2.337635040283203,-154.66725158691406
1750930328.5213223,0.0,0.5,"[174.0, 185.0, 190.0, 161.0, 157.0, 174.0, 168.0, 198.0, 185.0, 174.0]",20.520526885986328,-0.5,283.6292724609375,2.3194942474365234,-154.26687622070312
1750930328.5373242,0.0,0.5,"[174.0, 185.0, 192.0, 162.0, 159.0, 174.0, 167.0, 197.0, 185.0, 174.0]",20.342065811157227,0.0,283.5488586425781,2.303831100463867,-153.8683624267578
1750930328.577554,0.0,0.5,"[174.0, 185.0, 192.0, 162.0, 159.0, 175.0, 166.0, 195.0, 185.0, 174.0]",20.516897201538086,0.0,283.48016357421875,2.2916221618652344,-153.46400451660156
1750930328.5938296,0.0,0.5,"[174.0, 185.0, 192.0, 162.0, 159.0, 175.0, 166.0, 195.0, 185.0, 174.0]",20.46390151977539,0.0,283.4172668457031,2.2811756134033203,-153.05972290039062
1750930328.609994,0.0,0.5,"[174.0, 185.0, 192.0, 162.0, 159.0, 175.0, 166.0, 193.0, 185.0, 174.0]",20.647472381591797,0.0,283.35443115234375,2.2709884643554688,-152.65171813964844
1750930328.626254,0.0,0.5,"[174.0, 185.0, 192.0, 162.0, 159.0, 174.0, 166.0, 193.0, 185.0, 174.0]",20.417734146118164,0.0,283.2922668457031,2.2610530853271484,-152.2482452392578
1750930328.642198,0.0,0.5,"[174.0, 185.0, 192.0, 162.0, 159.0, 174.0, 166.0, 193.0, 185.0, 174.0]",20.755414962768555,0.0,283.2287902832031,2.2511520385742188,-151.838134765625
1750930328.6581528,0.0,0.5,"[174.0, 185.0, 192.0, 162.0, 159.0, 174.0, 166.0, 192.0, 185.0, 174.0]",20.407245635986328,0.0,283.1661376953125,2.2418861389160156,-151.4349365234375
1750930328.686575,0.0,0.5,"[174.0, 185.0, 192.0, 161.0, 159.0, 174.0, 167.0, 192.0, 185.0, 174.0]",20.815322875976562,0.0,283.1022033691406,2.232919692993164,-151.02366638183594
1750930328.7025795,0.0,0.5,"[174.0, 185.0, 192.0, 161.0, 159.0, 174.0, 167.0, 192.0, 185.0, 174.0]",20.5469913482666,0.0,283.0389404296875,2.2244110107421875,-150.6177215576172
1750930328.7181976,0.0,0.5,"[174.0, 185.0, 190.0, 161.0, 159.0, 174.0, 167.0, 190.0, 185.0, 174.0]",20.864215850830078,0.0,282.9746398925781,2.216083526611328,-150.20550537109375
1750930328.7464585,0.0,0.5,"[174.0, 185.0, 190.0, 161.0, 159.0, 174.0, 167.0, 190.0, 185.0, 174.0]",20.621212005615234,0.0,282.91094970703125,2.2080841064453125,-149.79811096191406
1750930328.7623737,0.0,0.5,"[174.0, 185.0, 190.0, 161.0, 158.0, 174.0, 167.0, 189.0, 185.0, 174.0]",20.955947875976562,0.0,282.84625244140625,2.200124740600586,-149.38409423828125
1750930328.7780426,0.0,0.5,"[174.0, 185.0, 190.0, 161.0, 158.0, 174.0, 167.0, 189.0, 185.0, 174.0]",20.65921401977539,0.0,282.78240966796875,2.192392349243164,-148.9759521484375
1750930328.806745,0.0,0.5,"[174.0, 185.0, 190.0, 161.0, 158.0, 173.0, 168.0, 189.0, 185.0, 174.0]",21.03632164001465,0.0,282.71728515625,2.1847896575927734,-148.56036376953125
1750930328.8225763,0.0,0.5,"[174.0, 185.0, 190.0, 161.0, 158.0, 173.0, 168.0, 190.0, 185.0, 174.0]",20.684612274169922,0.0,282.65313720703125,2.1778221130371094,-148.1517333984375
1750930328.8386717,0.0,0.5,"[174.0, 185.0, 190.0, 161.0, 158.0, 173.0, 168.0, 190.0, 185.0, 174.0]",21.1226863861084,0.0,282.58758544921875,2.171192169189453,-147.7344512939453
1750930328.8666737,0.0,0.5,"[174.0, 185.0, 189.0, 161.0, 158.0, 173.0, 168.0, 190.0, 185.0, 174.0]",20.816448211669922,0.0,282.5228576660156,2.1650238037109375,-147.32322692871094
1750930328.8826263,0.0,0.5,"[174.0, 185.0, 189.0, 161.0, 158.0, 173.0, 168.0, 192.0, 185.0, 174.0]",21.188203811645508,0.0,282.45697021484375,2.1590633392333984,-146.9046630859375
1750930328.8987918,0.0,0.5,"[174.0, 185.0, 189.0, 161.0, 158.0, 173.0, 168.0, 192.0, 185.0, 174.0]",20.85419464111328,0.0,282.3919677734375,2.1534271240234375,-146.49270629882812
1750930328.9275334,0.0,0.5,"[174.0, 185.0, 189.0, 161.0, 157.0, 173.0, 168.0, 192.0, 185.0, 174.0]",21.2443904876709,0.0,282.3256530761719,2.147829055786133,-146.07305908203125
1750930328.9437668,0.0,0.5,"[174.0, 185.0, 189.0, 160.0, 157.0, 173.0, 168.0, 193.0, 185.0, 174.0]",20.914339065551758,0.0,282.26025390625,2.1424312591552734,-145.65994262695312
1750930328.9598706,0.0,0.5,"[174.0, 185.0, 189.0, 160.0, 157.0, 172.0, 168.0, 193.0, 185.0, 174.0]",21.355234146118164,0.0,282.1934814453125,2.1373443603515625,-145.2381134033203
1750930328.9759157,0.0,0.5,"[174.0, 185.0, 188.0, 160.0, 157.0, 172.0, 168.0, 193.0, 185.0, 174.0]",20.904212951660156,0.0,282.1280212402344,2.132871627807617,-144.82521057128906
1750930329.017143,0.0,0.5,"[174.0, 185.0, 187.0, 160.0, 157.0, 172.0, 169.0, 193.0, 185.0, 174.0]",21.34033966064453,0.0,282.0610656738281,2.128774642944336,-144.40370178222656
1750930329.0333304,0.0,0.5,"[174.0, 185.0, 187.0, 160.0, 157.0, 172.0, 169.0, 194.0, 185.0, 174.0]",21.13878059387207,0.0,281.99456787109375,2.125062942504883,-143.9862060546875
1750930329.0508566,0.0,0.5,"[174.0, 185.0, 187.0, 160.0, 157.0, 172.0, 169.0, 195.0, 185.0, 174.0]",21.466617584228516,0.0,281.9271240234375,2.121631622314453,-143.5622100830078
1750930329.067679,0.0,0.5,"[174.0, 185.0, 187.0, 160.0, 157.0, 172.0, 169.0, 195.0, 185.0, 174.0]",21.130510330200195,0.0,281.86065673828125,2.1184959411621094,-143.14486694335938
1750930329.0849159,0.0,0.5,"[174.0, 185.0, 187.0, 160.0, 156.0, 172.0, 169.0, 195.0, 185.0, 174.0]",21.50592613220215,0.0,281.7929382324219,2.1154518127441406,-142.72012329101562
1750930329.101949,0.0,0.5,"[174.0, 185.0, 186.0, 160.0, 156.0, 172.0, 169.0, 196.0, 185.0, 174.0]",21.2120418548584,0.0,281.72607421875,2.112546920776367,-142.3011932373047
1750930329.117731,0.0,0.5,"[174.0, 185.0, 186.0, 159.0, 156.0, 171.0, 169.0, 197.0, 185.0, 174.0]",21.616924285888672,0.0,281.6578063964844,2.1101417541503906,-141.87428283691406
1750930329.158877,0.0,0.5,"[174.0, 185.0, 186.0, 159.0, 156.0, 171.0, 169.0, 197.0, 185.0, 174.0]",21.186992645263672,0.0,281.59075927734375,2.108287811279297,-141.4558868408203
1750930329.1752436,0.0,0.5,"[174.0, 185.0, 186.0, 159.0, 156.0, 171.0, 169.0, 197.0, 185.0, 174.0]",21.62259864807129,0.0,281.5223388671875,2.1068801879882812,-141.0288848876953
1750930329.1770277,0.0,0.5,"[174.0, 185.0, 186.0, 159.0, 156.0, 171.0, 169.0, 197.0, 185.0, 174.0]",21.356176376342773,0.0,281.4547119140625,2.1058483123779297,-140.60714721679688
1750930329.217651,0.0,0.5,"[174.0, 185.0, 186.0, 159.0, 155.0, 171.0, 169.0, 197.0, 185.0, 174.0]",21.704683303833008,0.0,281.3857421875,2.105051040649414,-140.17857360839844
1750930329.233248,0.0,0.5,"[174.0, 185.0, 186.0, 159.0, 155.0, 171.0, 170.0, 198.0, 185.0, 174.0]",21.39664077758789,0.0,281.317626953125,2.1044750213623047,-139.756103515625
1750930329.248877,0.0,0.5,"[174.0, 185.0, 185.0, 159.0, 155.0, 171.0, 170.0, 198.0, 185.0, 174.0]",21.754592895507812,0.0,281.2483825683594,2.1040420532226562,-139.32655334472656
1750930329.2644763,0.0,0.5,"[174.0, 185.0, 185.0, 159.0, 155.0, 170.0, 170.0, 198.0, 185.0, 174.0]",21.48419189453125,0.0,281.17987060546875,2.103830337524414,-138.90235900878906
1750930329.2804298,0.0,0.5,"[174.0, 185.0, 184.0, 159.0, 155.0, 170.0, 170.0, 198.0, 185.0, 174.0]",21.857397079467773,0.0,281.11016845703125,2.1042633056640625,-138.47080993652344
1750930329.2960274,0.0,0.5,"[174.0, 185.0, 184.0, 159.0, 155.0, 170.0, 171.0, 198.0, 185.0, 174.0]",21.418428421020508,0.0,281.041748046875,2.1051692962646484,-138.04794311523438
1750930329.3366737,0.0,0.5,"[174.0, 185.0, 184.0, 158.0, 154.0, 170.0, 171.0, 198.0, 185.0, 174.0]",21.852014541625977,0.0,280.9718017578125,2.1065120697021484,-137.6165313720703
1750930329.3525784,-1.0,0.5,"[174.0, 185.0, 184.0, 158.0, 154.0, 170.0, 171.0, 200.0, 185.0, 174.0]",21.644804000854492,0.0,280.90234375,2.108156204223633,-137.1892547607422
1750930329.368769,-1.0,0.5,"[174.0, 185.0, 184.0, 159.0, 154.0, 170.0, 171.0, 198.0, 185.0, 174.0]",21.648502349853516,-0.5,280.8168640136719,2.1058425903320312,-136.7648162841797
1750930329.38483,-1.0,0.5,"[174.0, 185.0, 187.0, 160.0, 155.0, 170.0, 169.0, 197.0, 185.0, 174.0]",21.198410034179688,-0.5,280.7145080566406,2.098825454711914,-136.3534393310547
1750930329.4009533,-1.0,0.5,"[174.0, 185.0, 189.0, 161.0, 157.0, 171.0, 166.0, 194.0, 185.0, 174.0]",21.286972045898438,-0.5,280.5923767089844,2.0867137908935547,-135.94577026367188
1750930329.4172146,-1.0,0.5,"[174.0, 185.0, 192.0, 163.0, 159.0, 173.0, 163.0, 192.0, 185.0, 174.0]",20.769222259521484,-0.5,280.44891357421875,2.0687198638916016,-135.55636596679688
1750930329.459325,0.0,0.5,"[174.0, 185.0, 195.0, 167.0, 161.0, 174.0, 160.0, 188.0, 185.0, 174.0]",21.085542678833008,-0.5,280.2842102050781,2.045787811279297,-135.1688232421875
1750930329.4767911,0.0,0.5,"[174.0, 185.0, 198.0, 168.0, 162.0, 175.0, 159.0, 186.0, 185.0, 174.0]",20.7416934967041,0.0,280.12890625,2.0255775451660156,-134.78468322753906
1750930329.4784176,0.0,0.5,"[174.0, 185.0, 198.0, 168.0, 162.0, 175.0, 159.0, 186.0, 185.0, 174.0]",21.065542221069336,0.0,279.98089599609375,2.0081405639648438,-134.39060974121094
1750930329.509142,0.0,0.5,"[174.0, 185.0, 200.0, 169.0, 163.0, 176.0, 158.0, 184.0, 185.0, 174.0]",20.828506469726562,0.0,279.84075927734375,1.9929351806640625,-133.9986114501953
1750930329.5251944,0.0,0.5,"[174.0, 185.0, 200.0, 169.0, 163.0, 176.0, 158.0, 184.0, 185.0, 174.0]",21.190753936767578,0.0,279.6989440917969,1.9779052734375,-133.59951782226562
1750930329.5415242,0.0,0.5,"[174.0, 185.0, 200.0, 169.0, 163.0, 176.0, 158.0, 184.0, 185.0, 174.0]",20.794771194458008,0.0,279.55963134765625,1.9633064270019531,-133.2079315185547
1750930329.558464,0.0,0.5,"[174.0, 185.0, 200.0, 169.0, 163.0, 175.0, 156.0, 183.0, 185.0, 174.0]",21.219099044799805,0.0,279.4173583984375,1.9485282897949219,-132.80838012695312
1750930329.5882735,0.0,0.5,"[174.0, 185.0, 200.0, 169.0, 163.0, 175.0, 156.0, 183.0, 185.0, 174.0]",20.93377113342285,0.0,279.2768249511719,1.9343605041503906,-132.4142608642578
1750930329.6051915,0.0,0.5,"[174.0, 185.0, 200.0, 169.0, 163.0, 175.0, 156.0, 183.0, 185.0, 174.0]",21.326793670654297,0.0,279.1335144042969,1.920440673828125,-132.01275634765625
1750930329.6223326,0.0,0.5,"[174.0, 185.0, 200.0, 168.0, 163.0, 175.0, 156.0, 183.0, 185.0, 174.0]",20.987810134887695,0.0,278.99224853515625,1.9071197509765625,-131.61770629882812
1750930329.639176,0.0,0.5,"[174.0, 185.0, 200.0, 168.0, 163.0, 175.0, 156.0, 183.0, 185.0, 174.0]",21.40666961669922,0.0,278.84814453125,1.893890380859375,-131.21478271484375
1750930329.6565306,0.0,0.5,"[174.0, 185.0, 200.0, 168.0, 163.0, 175.0, 156.0, 181.0, 185.0, 174.0]",21.038288116455078,0.0,278.70635986328125,1.8811511993408203,-130.81883239746094
1750930329.6995096,0.0,0.5,"[174.0, 185.0, 201.0, 168.0, 163.0, 175.0, 156.0, 181.0, 185.0, 174.0]",21.433385848999023,0.0,278.5619812011719,1.8683891296386719,-130.41542053222656
1750930329.7162113,0.0,0.5,"[174.0, 185.0, 201.0, 168.0, 163.0, 175.0, 156.0, 181.0, 185.0, 174.0]",21.191316604614258,0.0,278.4191589355469,1.8559131622314453,-130.01658630371094
1750930329.7181559,0.0,0.5,"[174.0, 185.0, 201.0, 168.0, 163.0, 175.0, 156.0, 181.0, 185.0, 174.0]",21.555240631103516,0.0,278.2737731933594,1.843423843383789,-129.61093139648438
1750930329.7479353,0.0,0.5,"[174.0, 185.0, 201.0, 168.0, 163.0, 174.0, 156.0, 180.0, 185.0, 174.0]",21.159271240234375,0.0,278.1308898925781,1.8316497802734375,-129.2127685546875
1750930329.7648253,0.0,0.5,"[174.0, 185.0, 201.0, 168.0, 163.0, 174.0, 156.0, 179.0, 185.0, 174.0]",21.579387664794922,0.0,277.9851989746094,1.8201828002929688,-128.80667114257812
1750930329.7806752,0.0,0.5,"[174.0, 185.0, 201.0, 168.0, 163.0, 174.0, 156.0, 179.0, 185.0, 174.0]",21.34898567199707,0.0,277.8409729003906,1.8092308044433594,-128.40493774414062
1750930329.7975764,0.0,0.5,"[174.0, 185.0, 201.0, 168.0, 163.0, 174.0, 156.0, 179.0, 185.0, 174.0]",21.68243980407715,0.0,277.6943054199219,1.7984161376953125,-127.99697875976562
1750930329.8408067,0.0,0.5,"[174.0, 185.0, 201.0, 168.0, 162.0, 174.0, 156.0, 179.0, 185.0, 174.0]",21.36483383178711,0.0,277.5496520996094,1.7880096435546875,-127.59506225585938
1750930329.8578346,0.0,0.5,"[174.0, 185.0, 201.0, 168.0, 162.0, 174.0, 156.0, 178.0, 185.0, 174.0]",21.741445541381836,0.0,277.4024353027344,1.7776069641113281,-127.18603515625
1750930329.8595011,0.0,0.5,"[174.0, 185.0, 201.0, 168.0, 162.0, 174.0, 156.0, 178.0, 185.0, 174.0]",21.470064163208008,0.0,277.2569580078125,1.7674598693847656,-126.78216552734375
1750930329.8763278,0.0,0.5,"[174.0, 185.0, 201.0, 167.0, 162.0, 173.0, 156.0, 178.0, 185.0, 174.0]",21.8369083404541,0.0,277.1089782714844,1.7575607299804688,-126.37136840820312
1750930329.919762,0.0,0.5,"[174.0, 185.0, 201.0, 167.0, 162.0, 173.0, 156.0, 177.0, 185.0, 174.0]",21.433279037475586,0.0,276.963623046875,1.7483749389648438,-125.96821594238281
1750930329.936161,0.0,0.5,"[174.0, 185.0, 201.0, 167.0, 162.0, 173.0, 156.0, 176.0, 185.0, 174.0]",21.874975204467773,0.0,276.8151550292969,1.7394828796386719,-125.55677795410156
1750930329.937852,0.0,0.5,"[174.0, 185.0, 201.0, 167.0, 162.0, 173.0, 156.0, 176.0, 185.0, 174.0]",21.62108612060547,0.0,276.668212890625,1.7310562133789062,-125.15017700195312
1750930329.9807856,0.0,0.5,"[174.0, 185.0, 201.0, 167.0, 162.0, 173.0, 156.0, 176.0, 185.0, 174.0]",21.941001892089844,0.0,276.5190734863281,1.7228317260742188,-124.737548828125
1750930329.9972513,0.0,0.5,"[174.0, 185.0, 201.0, 167.0, 162.0, 173.0, 156.0, 176.0, 185.0, 174.0]",21.657726287841797,0.0,276.37176513671875,1.7149410247802734,-124.33029174804688
1750930329.998867,0.0,0.5,"[174.0, 185.0, 201.0, 167.0, 162.0, 173.0, 156.0, 176.0, 185.0, 174.0]",22.07184600830078,0.0,276.22161865234375,1.7070693969726562,-123.91525268554688
1750930330.0291758,0.0,0.5,"[174.0, 185.0, 201.0, 167.0, 162.0, 172.0, 156.0, 176.0, 185.0, 174.0]",21.637662887573242,0.0,276.0743713378906,1.6995410919189453,-123.50839233398438
1750930330.0464308,0.0,0.5,"[174.0, 185.0, 201.0, 167.0, 162.0, 172.0, 156.0, 176.0, 185.0, 174.0]",22.090246200561523,0.0,275.9239501953125,1.6924705505371094,-123.09304809570312
1750930330.0634449,0.0,0.5,"[174.0, 185.0, 200.0, 167.0, 161.0, 172.0, 156.0, 176.0, 185.0, 174.0]",21.76856803894043,0.0,275.7755126953125,1.6859855651855469,-122.68380737304688
1750930330.0798562,0.0,0.5,"[174.0, 185.0, 200.0, 166.0, 161.0, 172.0, 156.0, 176.0, 185.0, 174.0]",22.202543258666992,0.0,275.6241760253906,1.679861068725586,-122.26638793945312
1750930330.096782,0.0,0.5,"[174.0, 185.0, 200.0, 166.0, 161.0, 172.0, 156.0, 176.0, 185.0, 174.0]",21.798023223876953,0.0,275.47552490234375,1.6742191314697266,-121.85659790039062
1750930330.1397274,0.0,0.5,"[174.0, 185.0, 200.0, 166.0, 161.0, 172.0, 158.0, 176.0, 185.0, 174.0]",22.18352508544922,0.0,275.3240661621094,1.6687202453613281,-121.43960571289062
1750930330.1566696,0.0,0.5,"[174.0, 185.0, 200.0, 166.0, 161.0, 172.0, 158.0, 176.0, 185.0, 174.0]",21.982994079589844,0.0,275.1738586425781,1.6634597778320312,-121.02644348144531
1750930330.1584532,0.0,0.5,"[174.0, 185.0, 200.0, 166.0, 161.0, 172.0, 158.0, 176.0, 185.0, 174.0]",22.302875518798828,0.0,275.0214538574219,1.658285140991211,-120.60726928710938
1750930330.1895893,0.0,0.5,"[174.0, 185.0, 200.0, 166.0, 161.0, 171.0, 160.0, 176.0, 185.0, 174.0]",21.915639877319336,0.0,274.8716125488281,1.6536865234375,-120.19538879394531
1750930330.207739,0.0,0.5,"[174.0, 185.0, 200.0, 166.0, 161.0, 171.0, 160.0, 176.0, 185.0, 174.0]",22.371503829956055,0.0,274.7185363769531,1.649587631225586,-119.77497863769531
1750930330.225671,0.0,0.5,"[174.0, 185.0, 200.0, 165.0, 161.0, 171.0, 161.0, 176.0, 185.0, 174.0]",21.977497100830078,0.0,274.5679626464844,1.6459941864013672,-119.36204528808594
1750930330.2437434,0.0,0.5,"[174.0, 185.0, 198.0, 164.0, 161.0, 171.0, 162.0, 176.0, 185.0, 174.0]",22.3946590423584,0.0,274.4145812988281,1.642770767211914,-118.94125366210938
1750930330.2617424,0.0,0.5,"[174.0, 185.0, 198.0, 164.0, 161.0, 171.0, 162.0, 176.0, 185.0, 174.0]",22.158113479614258,0.0,274.2627868652344,1.6399097442626953,-118.52490234375
1750930330.279754,0.0,0.5,"[174.0, 185.0, 198.0, 164.0, 160.0, 170.0, 163.0, 176.0, 185.0, 174.0]",22.493867874145508,0.0,274.1084899902344,1.6371879577636719,-118.10232543945312
1750930330.2979054,0.0,0.5,"[174.0, 185.0, 198.0, 164.0, 160.0, 170.0, 163.0, 176.0, 185.0, 174.0]",22.129959106445312,0.0,273.9565124511719,1.6346626281738281,-117.6866455078125
1750930330.3295367,0.0,0.5,"[174.0, 185.0, 198.0, 164.0, 160.0, 170.0, 164.0, 176.0, 185.0, 174.0]",22.551315307617188,0.0,273.8016662597656,1.6325359344482422,-117.26303100585938
1750930330.3461213,0.0,0.5,"[174.0, 185.0, 198.0, 164.0, 160.0, 170.0, 164.0, 176.0, 185.0, 174.0]",22.18482208251953,0.0,273.6492614746094,1.6310234069824219,-116.84634399414062
1750930330.3628557,0.0,0.5,"[174.0, 185.0, 198.0, 164.0, 160.0, 170.0, 164.0, 176.0, 185.0, 174.0]",22.60355567932129,0.0,273.49383544921875,1.6299915313720703,-116.42181396484375
1750930330.3799312,0.0,0.5,"[174.0, 185.0, 197.0, 164.0, 160.0, 169.0, 166.0, 176.0, 185.0, 174.0]",22.29947853088379,0.0,273.34033203125,1.6293621063232422,-116.00308227539062
1750930330.3966923,0.0,0.5,"[174.0, 185.0, 197.0, 164.0, 160.0, 169.0, 166.0, 176.0, 185.0, 174.0]",22.64214324951172,0.0,273.1844177246094,1.6290550231933594,-115.57791137695312
1750930330.43895,0.0,0.5,"[174.0, 185.0, 197.0, 164.0, 160.0, 169.0, 166.0, 178.0, 185.0, 174.0]",22.360347747802734,0.0,273.03033447265625,1.6289939880371094,-115.15809631347656
1750930330.455549,0.0,0.5,"[174.0, 185.0, 197.0, 164.0, 160.0, 169.0, 167.0, 179.0, 185.0, 174.0]",22.726652145385742,0.0,272.87371826171875,1.6291065216064453,-114.73139953613281
1750930330.4572418,0.0,0.5,"[174.0, 185.0, 197.0, 164.0, 160.0, 169.0, 167.0, 179.0, 185.0, 174.0]",22.37506103515625,0.0,272.71942138671875,1.6294879913330078,-114.31134033203125
1750930330.4989762,0.0,0.5,"[174.0, 185.0, 196.0, 164.0, 159.0, 169.0, 168.0, 181.0, 185.0, 174.0]",22.82244110107422,0.0,272.5619812011719,1.6305522918701172,-113.88290405273438
1750930330.5152884,0.0,0.5,"[174.0, 185.0, 195.0, 164.0, 159.0, 168.0, 168.0, 183.0, 185.0, 174.0]",22.38346290588379,0.0,272.4074401855469,1.632101058959961,-113.46275329589844
1750930330.5170379,0.0,0.5,"[174.0, 185.0, 195.0, 164.0, 159.0, 168.0, 168.0, 183.0, 185.0, 174.0]",22.824249267578125,0.0,272.249755859375,1.6341228485107422,-113.03436279296875
1750930330.5591614,0.0,0.5,"[174.0, 185.0, 195.0, 163.0, 159.0, 168.0, 168.0, 184.0, 185.0, 174.0]",22.528566360473633,0.0,272.09393310546875,1.6364498138427734,-112.61160278320312
1750930330.5754135,0.0,0.5,"[174.0, 185.0, 195.0, 163.0, 159.0, 168.0, 169.0, 186.0, 185.0, 174.0]",22.91112518310547,0.0,271.9354553222656,1.639089584350586,-112.18167114257812
1750930330.577239,0.0,0.5,"[174.0, 185.0, 195.0, 163.0, 159.0, 168.0, 169.0, 186.0, 185.0, 174.0]",22.539583206176758,0.0,271.7795104980469,1.6418952941894531,-111.75871276855469
1750930330.619439,0.0,0.5,"[174.0, 185.0, 193.0, 163.0, 159.0, 167.0, 169.0, 187.0, 185.0, 174.0]",22.929977416992188,0.0,271.6207275390625,1.6450252532958984,-111.3284912109375
1750930330.635606,0.0,0.5,"[174.0, 185.0, 193.0, 163.0, 158.0, 167.0, 170.0, 189.0, 185.0, 174.0]",22.62177276611328,0.0,271.4638977050781,1.6487045288085938,-110.90411376953125
1750930330.6372097,0.0,0.5,"[174.0, 185.0, 193.0, 163.0, 158.0, 167.0, 170.0, 189.0, 185.0, 174.0]",23.035335540771484,0.0,271.30426025390625,1.6530570983886719,-110.47195434570312
1750930330.6802819,0.0,0.5,"[174.0, 185.0, 193.0, 163.0, 158.0, 167.0, 170.0, 190.0, 185.0, 174.0]",22.61435317993164,0.0,271.1474609375,1.6577701568603516,-110.04776000976562
1750930330.696483,0.0,0.5,"[174.0, 185.0, 193.0, 163.0, 158.0, 167.0, 170.0, 190.0, 185.0, 174.0]",23.02069091796875,0.0,270.9876708984375,1.6628990173339844,-109.61599731445312
1750930330.6983402,0.0,0.5,"[174.0, 185.0, 193.0, 163.0, 158.0, 167.0, 170.0, 190.0, 185.0, 174.0]",22.804189682006836,0.0,270.82916259765625,1.6682300567626953,-109.18836975097656
1750930330.727708,0.0,0.5,"[174.0, 185.0, 193.0, 163.0, 157.0, 166.0, 171.0, 192.0, 185.0, 174.0]",23.101594924926758,0.0,270.6686706542969,1.6738548278808594,-108.75514221191406
1750930330.7448082,0.0,0.5,"[174.0, 185.0, 192.0, 163.0, 157.0, 166.0, 171.0, 193.0, 185.0, 174.0]",22.777097702026367,0.0,270.5103759765625,1.6796340942382812,-108.32803344726562
1750930330.7615273,0.0,0.5,"[174.0, 185.0, 192.0, 163.0, 157.0, 166.0, 171.0, 193.0, 185.0, 174.0]",23.199039459228516,0.0,270.3489990234375,1.6861743927001953,-107.89306640625
1750930330.7779016,0.0,0.5,"[174.0, 185.0, 192.0, 163.0, 157.0, 166.0, 171.0, 194.0, 185.0, 174.0]",22.721885681152344,0.0,270.1907653808594,1.6931037902832031,-107.46710205078125
1750930330.8077087,0.0,0.5,"[174.0, 185.0, 192.0, 162.0, 157.0, 166.0, 171.0, 195.0, 185.0, 174.0]",23.158496856689453,0.0,270.0294494628906,1.7006454467773438,-107.03300476074219
1750930330.8240166,0.0,0.5,"[174.0, 185.0, 192.0, 162.0, 156.0, 165.0, 171.0, 196.0, 185.0, 174.0]",22.97649383544922,0.0,269.8692932128906,1.7084941864013672,-106.60235595703125
1750930330.8409595,0.0,0.5,"[174.0, 185.0, 192.0, 162.0, 156.0, 165.0, 172.0, 197.0, 185.0, 174.0]",23.302900314331055,0.0,269.706787109375,1.7167282104492188,-106.1656494140625
1750930330.8579078,0.0,0.5,"[174.0, 185.0, 192.0, 162.0, 156.0, 165.0, 174.0, 197.0, 185.0, 174.0]",22.859291076660156,0.0,269.5472717285156,1.7250232696533203,-105.73727416992188
1750930330.899711,0.0,0.5,"[174.0, 185.0, 192.0, 162.0, 156.0, 165.0, 175.0, 198.0, 185.0, 174.0]",23.28331756591797,0.0,269.3847351074219,1.7337512969970703,-105.30096435546875
1750930330.9161568,0.0,0.5,"[174.0, 185.0, 192.0, 162.0, 156.0, 164.0, 176.0, 198.0, 185.0, 174.0]",23.009552001953125,0.0,269.2239990234375,1.7429771423339844,-104.869873046875
1750930330.9178154,0.0,0.5,"[174.0, 185.0, 192.0, 162.0, 156.0, 164.0, 176.0, 198.0, 185.0, 174.0]",23.411182403564453,0.0,269.0604248046875,1.7529640197753906,-104.43124389648438
1750930330.9588032,0.0,0.5,"[174.0, 185.0, 192.0, 162.0, 155.0, 164.0, 178.0, 200.0, 185.0, 174.0]",22.929513931274414,0.0,268.90008544921875,1.7631912231445312,-104.00172424316406
1750930330.974783,0.0,0.5,"[174.0, 185.0, 192.0, 161.0, 155.0, 164.0, 179.0, 200.0, 185.0, 174.0]",23.359716415405273,0.0,268.73663330078125,1.7739696502685547,-103.56417846679688
1750930330.9908648,0.0,0.5,"[174.0, 185.0, 190.0, 161.0, 155.0, 163.0, 181.0, 200.0, 185.0, 174.0]",23.16349983215332,0.0,268.57440185546875,1.7849273681640625,-103.13040161132812
1750930331.0068462,0.0,0.5,"[174.0, 185.0, 190.0, 161.0, 154.0, 163.0, 182.0, 201.0, 185.0, 174.0]",23.462242126464844,0.0,268.4101257324219,1.7962474822998047,-102.69099426269531
1750930331.0228207,0.0,0.5,"[174.0, 185.0, 190.0, 161.0, 154.0, 163.0, 182.0, 201.0, 185.0, 174.0]",23.090314865112305,0.0,268.24835205078125,1.8076324462890625,-102.25860595703125
1750930331.0389464,0.0,0.5,"[174.0, 185.0, 190.0, 161.0, 154.0, 163.0, 182.0, 201.0, 185.0, 174.0]",23.547637939453125,0.0,268.0832824707031,1.8199024200439453,-101.81768798828125
1750930331.0549068,0.0,0.5,"[174.0, 185.0, 190.0, 161.0, 154.0, 162.0, 183.0, 201.0, 185.0, 174.0]",23.059322357177734,0.0,267.92144775390625,1.8324451446533203,-101.38601684570312
1750930331.09543,-1.0,0.5,"[174.0, 185.0, 190.0, 161.0, 153.0, 162.0, 203.0, 203.0, 185.0, 174.0]",23.494699478149414,0.0,267.7565002441406,1.8457088470458984,-100.94621276855469
1750930331.111985,-1.0,0.5,"[174.0, 185.0, 190.0, 161.0, 153.0, 163.0, 182.0, 201.0, 185.0, 174.0]",23.02387046813965,-0.5,267.5770568847656,1.8541488647460938,-100.522216796875
1750930331.12816,-1.0,0.5,"[174.0, 185.0, 192.0, 162.0, 154.0, 163.0, 178.0, 200.0, 185.0, 174.0]",23.01067543029785,-0.5,267.37860107421875,1.8574485778808594,-100.10700988769531
1750930331.1449096,-1.0,0.5,"[174.0, 185.0, 195.0, 164.0, 154.0, 165.0, 174.0, 197.0, 185.0, 174.0]",22.42915916442871,-0.5,267.1642150878906,1.8548126220703125,-99.71298217773438
1750930331.1620688,0.0,0.5,"[174.0, 185.0, 198.0, 167.0, 155.0, 167.0, 169.0, 193.0, 185.0, 174.0]",22.62449073791504,-0.5,266.92840576171875,1.8465290069580078,-99.32687377929688
1750930331.1792138,0.0,0.5,"[174.0, 185.0, 200.0, 168.0, 156.0, 167.0, 167.0, 192.0, 185.0, 174.0]",22.362131118774414,0.0,266.7040710449219,1.841634750366211,-98.94000244140625
1750930331.1962621,0.0,0.5,"[174.0, 185.0, 200.0, 168.0, 156.0, 168.0, 166.0, 192.0, 185.0, 174.0]",22.628894805908203,0.0,266.48504638671875,1.8396759033203125,-98.5439453125
1750930331.2405314,0.0,0.5,"[174.0, 185.0, 200.0, 167.0, 156.0, 167.0, 167.0, 192.0, 185.0, 174.0]",22.375967025756836,0.0,266.2708435058594,1.8389244079589844,-98.15101623535156
1750930331.257281,0.0,0.5,"[174.0, 185.0, 201.0, 167.0, 155.0, 167.0, 167.0, 192.0, 185.0, 174.0]",22.666276931762695,0.0,266.0540771484375,1.838623046875,-97.75286865234375
1750930331.2590542,0.0,0.5,"[174.0, 185.0, 201.0, 167.0, 155.0, 167.0, 167.0, 192.0, 185.0, 174.0]",22.479663848876953,0.0,265.8387145996094,1.8385086059570312,-97.35821533203125
1750930331.2753525,0.0,0.5,"[174.0, 185.0, 201.0, 167.0, 155.0, 167.0, 168.0, 192.0, 185.0, 174.0]",22.66695785522461,0.0,265.62139892578125,1.8385734558105469,-96.96037292480469
1750930331.3195014,0.0,0.5,"[174.0, 185.0, 201.0, 167.0, 155.0, 167.0, 168.0, 192.0, 185.0, 174.0]",22.536460876464844,0.0,265.4049072265625,1.8387012481689453,-96.56503295898438
1750930331.3363745,0.0,0.5,"[174.0, 185.0, 201.0, 166.0, 155.0, 167.0, 169.0, 192.0, 185.0, 174.0]",22.8084774017334,0.0,265.1857604980469,1.8394355773925781,-96.16494750976562
1750930331.3379877,0.0,0.5,"[174.0, 185.0, 201.0, 166.0, 155.0, 167.0, 169.0, 192.0, 185.0, 174.0]",22.568099975585938,0.0,264.9686584472656,1.8406352996826172,-95.76922607421875
1750930331.3814466,0.0,0.5,"[174.0, 185.0, 201.0, 166.0, 154.0, 166.0, 170.0, 192.0, 185.0, 174.0]",22.759431838989258,0.0,264.749755859375,1.842355728149414,-95.37013244628906
1750930331.398604,0.0,0.5,"[174.0, 185.0, 201.0, 165.0, 154.0, 166.0, 170.0, 192.0, 185.0, 174.0]",22.677581787109375,0.0,264.5312805175781,1.844350814819336,-94.97267150878906
1750930331.4001904,0.0,0.5,"[174.0, 185.0, 201.0, 165.0, 154.0, 166.0, 170.0, 192.0, 185.0, 174.0]",22.89286994934082,0.0,264.3108215332031,1.8466873168945312,-94.57139587402344
1750930331.4175754,0.0,0.5,"[174.0, 185.0, 201.0, 164.0, 153.0, 166.0, 171.0, 192.0, 185.0, 174.0]",22.72769546508789,0.0,264.091796875,1.8491783142089844,-94.173095703125
1750930331.4612122,0.0,0.5,"[174.0, 185.0, 201.0, 164.0, 153.0, 166.0, 171.0, 190.0, 185.0, 174.0]",22.91891098022461,0.0,263.8709716796875,1.851888656616211,-93.77143859863281
1750930331.4790158,0.0,0.5,"[174.0, 185.0, 201.0, 163.0, 153.0, 165.0, 172.0, 190.0, 185.0, 174.0]",22.747426986694336,0.0,263.65155029296875,1.855020523071289,-93.37289428710938
1750930331.4806886,0.0,0.5,"[174.0, 185.0, 201.0, 163.0, 153.0, 165.0, 172.0, 190.0, 185.0, 174.0]",22.94498634338379,0.0,263.4303283691406,1.8587932586669922,-92.97085571289062
1750930331.498624,0.0,0.5,"[174.0, 185.0, 201.0, 163.0, 153.0, 165.0, 173.0, 190.0, 185.0, 174.0]",22.79324722290039,0.0,263.21026611328125,1.8629016876220703,-92.5716552734375
1750930331.5300145,0.0,0.5,"[174.0, 185.0, 201.0, 163.0, 152.0, 165.0, 173.0, 190.0, 185.0, 174.0]",23.067373275756836,0.0,262.9875793457031,1.8674678802490234,-92.16763305664062
1750930331.547048,0.0,0.5,"[174.0, 185.0, 201.0, 162.0, 152.0, 164.0, 174.0, 190.0, 185.0, 174.0]",22.88283348083496,0.0,262.7664794921875,1.8722496032714844,-91.7669677734375
1750930331.5639055,0.0,0.5,"[174.0, 185.0, 200.0, 162.0, 152.0, 164.0, 174.0, 192.0, 185.0, 174.0]",23.047752380371094,0.0,262.5438537597656,1.8773212432861328,-91.36335754394531
1750930331.581125,0.0,0.5,"[174.0, 185.0, 200.0, 161.0, 152.0, 164.0, 174.0, 193.0, 185.0, 174.0]",22.944250106811523,0.0,262.322021484375,1.8824634552001953,-90.961669921875
1750930331.5982132,0.0,0.5,"[174.0, 185.0, 198.0, 161.0, 151.0, 164.0, 174.0, 193.0, 185.0, 174.0]",23.178272247314453,0.0,262.09796142578125,1.8881645202636719,-90.555908203125
1750930331.6282582,0.0,0.5,"[174.0, 185.0, 198.0, 161.0, 151.0, 164.0, 175.0, 195.0, 185.0, 174.0]",22.927446365356445,0.0,261.8760986328125,1.8942604064941406,-90.15464782714844
1750930331.645086,0.0,0.5,"[174.0, 185.0, 197.0, 161.0, 151.0, 163.0, 175.0, 196.0, 185.0, 174.0]",23.113611221313477,0.0,261.652587890625,1.9009323120117188,-89.75006103515625
1750930331.6623504,0.0,0.5,"[174.0, 185.0, 197.0, 160.0, 150.0, 163.0, 175.0, 197.0, 185.0, 174.0]",23.098920822143555,0.0,261.428955078125,1.9078922271728516,-89.34585571289062
1750930331.6792753,0.0,0.5,"[174.0, 185.0, 196.0, 160.0, 150.0, 163.0, 176.0, 198.0, 185.0, 174.0]",23.278785705566406,0.0,261.2035827636719,1.9152202606201172,-88.93853759765625
1750930331.6962733,-1.0,0.5,"[174.0, 185.0, 195.0, 159.0, 150.0, 163.0, 178.0, 198.0, 185.0, 174.0]",23.056997299194336,0.0,260.98016357421875,1.9226512908935547,-88.53521728515625
1750930331.7396567,-1.0,0.5,"[174.0, 185.0, 195.0, 159.0, 150.0, 163.0, 176.0, 198.0, 185.0, 174.0]",22.943071365356445,-0.5,260.7452087402344,1.9264678955078125,-88.14108276367188
1750930331.7561362,-1.0,0.5,"[174.0, 185.0, 195.0, 160.0, 151.0, 164.0, 173.0, 197.0, 185.0, 174.0]",22.718158721923828,-0.5,260.4927673339844,1.9246044158935547,-87.7633056640625
1750930331.757937,-1.0,0.5,"[174.0, 185.0, 195.0, 160.0, 151.0, 164.0, 173.0, 197.0, 185.0, 174.0]",22.43414306640625,-0.5,260.22332763671875,1.9168529510498047,-87.40460205078125
1750930331.8046367,0.0,0.5,"[174.0, 185.0, 198.0, 162.0, 154.0, 167.0, 167.0, 189.0, 185.0, 174.0]",22.396299362182617,-0.5,259.9353942871094,1.903289794921875,-87.06175231933594
1750930331.8244476,0.0,0.5,"[174.0, 185.0, 198.0, 162.0, 155.0, 168.0, 166.0, 187.0, 185.0, 174.0]",22.191936492919922,0.0,259.6576843261719,1.8927383422851562,-86.7156982421875
1750930331.8260455,0.0,0.5,"[174.0, 185.0, 198.0, 162.0, 155.0, 168.0, 166.0, 187.0, 185.0, 174.0]",22.42389678955078,0.0,259.3833312988281,1.8844661712646484,-86.36100769042969
1750930331.8460298,0.0,0.5,"[174.0, 185.0, 198.0, 162.0, 155.0, 168.0, 164.0, 187.0, 185.0, 174.0]",22.285465240478516,0.0,259.11383056640625,1.8775196075439453,-86.00607299804688
1750930331.865995,0.0,0.5,"[174.0, 185.0, 198.0, 162.0, 155.0, 168.0, 164.0, 187.0, 185.0, 174.0]",22.484472274780273,0.0,258.842041015625,1.8707408905029297,-85.64788818359375
1750930331.8849106,0.0,0.5,"[174.0, 185.0, 198.0, 162.0, 155.0, 168.0, 164.0, 187.0, 185.0, 174.0]",22.270790100097656,0.0,258.57269287109375,1.8642826080322266,-85.293212890625
1750930331.9047415,0.0,0.5,"[174.0, 185.0, 197.0, 162.0, 155.0, 168.0, 164.0, 188.0, 185.0, 174.0]",22.485973358154297,0.0,258.3003234863281,1.8581428527832031,-84.93540954589844
1750930331.923913,0.0,0.5,"[174.0, 185.0, 197.0, 161.0, 155.0, 168.0, 164.0, 189.0, 185.0, 174.0]",22.3947811126709,0.0,258.02899169921875,1.852426528930664,-84.5791015625
1750930331.9436674,0.0,0.5,"[174.0, 185.0, 197.0, 161.0, 155.0, 167.0, 164.0, 189.0, 185.0, 174.0]",22.636930465698242,0.0,257.75445556640625,1.8469581604003906,-84.21914672851562
1750930331.9631689,0.0,0.5,"[174.0, 185.0, 197.0, 161.0, 155.0, 167.0, 164.0, 189.0, 185.0, 174.0]",22.431230545043945,0.0,257.4823303222656,1.8418312072753906,-83.86251831054688
1750930331.98251,0.0,0.5,"[174.0, 185.0, 195.0, 161.0, 154.0, 167.0, 166.0, 189.0, 185.0, 174.0]",22.614063262939453,0.0,257.2077941894531,1.836862564086914,-83.50314331054688
1750930332.0015116,0.0,0.5,"[174.0, 185.0, 195.0, 161.0, 154.0, 167.0, 166.0, 189.0, 185.0, 174.0]",22.539152145385742,0.0,256.93426513671875,1.8321361541748047,-83.14483642578125
1750930332.020858,0.0,0.5,"[174.0, 185.0, 195.0, 160.0, 154.0, 167.0, 166.0, 190.0, 185.0, 174.0]",22.74810218811035,0.0,256.6580505371094,1.8275508880615234,-82.78335571289062
1750930332.040295,0.0,0.5,"[174.0, 185.0, 194.0, 160.0, 154.0, 167.0, 166.0, 190.0, 185.0, 174.0]",22.589143753051758,0.0,256.38372802734375,1.8234405517578125,-82.42440795898438
1750930332.0598862,0.0,0.5,"[174.0, 185.0, 193.0, 160.0, 154.0, 167.0, 166.0, 190.0, 185.0, 174.0]",22.763347625732422,0.0,256.10711669921875,1.8196830749511719,-82.06283569335938
1750930332.0791295,0.0,0.5,"[174.0, 185.0, 193.0, 160.0, 154.0, 166.0, 166.0, 190.0, 185.0, 174.0]",22.597599029541016,0.0,255.83262634277344,1.8163795471191406,-81.70379638671875
1750930332.0981553,0.0,0.5,"[174.0, 185.0, 193.0, 159.0, 153.0, 166.0, 166.0, 190.0, 185.0, 174.0]",22.862476348876953,0.0,255.5547332763672,1.8133277893066406,-81.3406982421875
1750930332.1330361,0.0,0.5,"[174.0, 185.0, 192.0, 159.0, 153.0, 166.0, 167.0, 192.0, 185.0, 174.0]",22.71580696105957,0.0,255.27859497070312,1.8105411529541016,-80.97994995117188
1750930332.1526325,0.0,0.5,"[174.0, 185.0, 192.0, 159.0, 153.0, 166.0, 168.0, 192.0, 185.0, 174.0]",22.861921310424805,0.0,255.0005340576172,1.8079090118408203,-80.61697387695312
1750930332.1722965,0.0,0.5,"[174.0, 185.0, 192.0, 159.0, 153.0, 166.0, 168.0, 192.0, 185.0, 174.0]",22.764612197875977,0.0,254.7237548828125,1.8055152893066406,-80.2554931640625
1750930332.1920989,0.0,0.5,"[174.0, 185.0, 190.0, 159.0, 153.0, 166.0, 169.0, 192.0, 185.0, 174.0]",23.023286819458008,0.0,254.44369506835938,1.803518295288086,-79.88998413085938
1750930332.2112582,0.0,0.5,"[174.0, 185.0, 190.0, 159.0, 153.0, 165.0, 170.0, 192.0, 185.0, 174.0]",22.77140998840332,0.0,254.1666717529297,1.8019218444824219,-79.52850341796875
1750930332.2303083,0.0,0.5,"[174.0, 185.0, 189.0, 158.0, 153.0, 165.0, 170.0, 192.0, 185.0, 174.0]",22.98084831237793,0.0,253.88690185546875,1.8006820678710938,-79.16384887695312
1750930332.2494335,0.0,0.5,"[174.0, 185.0, 189.0, 158.0, 152.0, 165.0, 170.0, 192.0, 185.0, 174.0]",22.891094207763672,0.0,253.60833740234375,1.7998409271240234,-78.800537109375
1750930332.2685401,0.0,0.5,"[174.0, 185.0, 189.0, 158.0, 152.0, 165.0, 171.0, 193.0, 185.0, 174.0]",23.097084045410156,0.0,253.3270721435547,1.7992229461669922,-78.43408203125
1750930332.2882764,0.0,0.5,"[174.0, 185.0, 188.0, 158.0, 152.0, 164.0, 172.0, 193.0, 185.0, 174.0]",22.951337814331055,0.0,253.04759216308594,1.7988128662109375,-78.0699462890625
1750930332.3075337,0.0,0.5,"[174.0, 185.0, 187.0, 157.0, 152.0, 164.0, 173.0, 193.0, 185.0, 174.0]",23.106761932373047,0.0,252.7660675048828,1.7985877990722656,-77.70346069335938
1750930332.326608,0.0,0.5,"[174.0, 185.0, 187.0, 156.0, 152.0, 164.0, 174.0, 193.0, 185.0, 174.0]",22.97591781616211,0.0,252.48626708984375,1.7988147735595703,-77.33894348144531
1750930332.3457716,0.0,0.5,"[174.0, 185.0, 186.0, 156.0, 151.0, 164.0, 174.0, 193.0, 185.0, 174.0]",23.22426986694336,0.0,252.2032470703125,1.7993793487548828,-76.97064208984375
1750930332.3651688,0.0,0.5,"[174.0, 185.0, 186.0, 156.0, 151.0, 164.0, 174.0, 193.0, 185.0, 174.0]",23.041166305541992,0.0,251.92245483398438,1.8003082275390625,-76.60525512695312
1750930332.3842986,0.0,0.5,"[174.0, 185.0, 185.0, 156.0, 151.0, 164.0, 175.0, 193.0, 185.0, 174.0]",23.213720321655273,0.0,251.63937377929688,1.8015766143798828,-76.23727416992188
1750930332.4024673,0.0,0.5,"[174.0, 185.0, 184.0, 155.0, 151.0, 163.0, 175.0, 193.0, 185.0, 174.0]",23.1076602935791,0.0,251.3577117919922,1.803171157836914,-75.87086486816406
1750930332.4217603,0.0,0.5,"[174.0, 185.0, 184.0, 155.0, 151.0, 163.0, 176.0, 193.0, 185.0, 174.0]",23.338525772094727,0.0,251.0730743408203,1.8049640655517578,-75.50091552734375
1750930332.44118,0.0,0.5,"[174.0, 185.0, 184.0, 155.0, 150.0, 163.0, 176.0, 193.0, 185.0, 174.0]",23.166200637817383,0.0,250.79049682617188,1.806915283203125,-75.13375854492188
1750930332.460679,0.0,0.5,"[174.0, 185.0, 183.0, 155.0, 150.0, 163.0, 176.0, 194.0, 185.0, 174.0]",23.352006912231445,0.0,250.50552368164062,1.809286117553711,-74.76373291015625
1750930332.4799545,0.0,0.5,"[174.0, 185.0, 183.0, 155.0, 150.0, 163.0, 176.0, 193.0, 185.0, 174.0]",23.182111740112305,0.0,250.2227325439453,1.8120384216308594,-74.39633178710938
1750930332.5000083,0.0,0.5,"[174.0, 185.0, 183.0, 154.0, 150.0, 162.0, 177.0, 195.0, 185.0, 174.0]",23.407690048217773,0.0,249.93698120117188,1.8151054382324219,-74.0255126953125
1750930332.519187,-1.0,0.5,"[174.0, 185.0, 183.0, 154.0, 149.0, 162.0, 177.0, 197.0, 185.0, 174.0]",23.27139663696289,0.0,249.65292358398438,1.818511962890625,-73.65682983398438
1750930332.5389543,-1.0,0.5,"[174.0, 185.0, 183.0, 154.0, 150.0, 162.0, 176.0, 197.0, 185.0, 174.0]",23.128725051879883,-0.5,249.35800170898438,1.818258285522461,-73.30047607421875
1750930332.5579803,-1.0,0.5,"[174.0, 185.0, 184.0, 155.0, 151.0, 163.0, 175.0, 193.0, 185.0, 174.0]",22.885339736938477,-0.5,249.05018615722656,1.8130378723144531,-72.96177673339844
1750930332.5940895,0.0,0.5,"[174.0, 185.0, 186.0, 157.0, 152.0, 165.0, 171.0, 190.0, 185.0, 174.0]",22.58831787109375,-0.5,248.72840881347656,1.80194091796875,-72.64486694335938
1750930332.614283,0.0,0.5,"[174.0, 185.0, 187.0, 158.0, 153.0, 165.0, 170.0, 189.0, 185.0, 174.0]",22.77079200744629,0.0,248.4119110107422,1.7938957214355469,-72.3175048828125
1750930332.6341898,0.0,0.5,"[174.0, 185.0, 187.0, 158.0, 153.0, 165.0, 170.0, 190.0, 185.0, 174.0]",22.52301025390625,0.0,248.1050567626953,1.7884025573730469,-71.98777770996094
1750930332.654205,0.0,0.5,"[174.0, 185.0, 187.0, 158.0, 153.0, 165.0, 170.0, 190.0, 185.0, 174.0]",22.822998046875,0.0,247.79507446289062,1.7834911346435547,-71.65274047851562
1750930332.6743462,0.0,0.5,"[174.0, 185.0, 186.0, 158.0, 153.0, 165.0, 170.0, 190.0, 185.0, 174.0]",22.590505599975586,0.0,247.48806762695312,1.7789573669433594,-71.3212890625
1750930332.6942713,0.0,0.5,"[174.0, 185.0, 186.0, 158.0, 153.0, 165.0, 170.0, 192.0, 185.0, 174.0]",22.847837448120117,0.0,247.1772918701172,1.7746410369873047,-70.986328125
1750930332.714603,0.0,0.5,"[174.0, 185.0, 186.0, 158.0, 153.0, 165.0, 170.0, 192.0, 185.0, 174.0]",22.715829849243164,0.0,246.86798095703125,1.7705249786376953,-70.65357971191406
1750930332.7345648,0.0,0.5,"[174.0, 185.0, 186.0, 158.0, 153.0, 165.0, 171.0, 193.0, 185.0, 174.0]",22.905784606933594,0.0,246.55604553222656,1.7666053771972656,-70.31808471679688
1750930332.7553935,0.0,0.5,"[174.0, 185.0, 186.0, 157.0, 152.0, 164.0, 171.0, 193.0, 185.0, 174.0]",22.730539321899414,0.0,246.24627685546875,1.7630462646484375,-69.98536682128906
1750930332.7749894,0.0,0.5,"[174.0, 185.0, 185.0, 156.0, 152.0, 164.0, 171.0, 194.0, 185.0, 174.0]",22.92715072631836,0.0,245.93385314941406,1.7598762512207031,-69.64974975585938
1750930332.7953033,0.0,0.5,"[174.0, 185.0, 184.0, 156.0, 152.0, 164.0, 171.0, 195.0, 185.0, 174.0]",22.77561378479004,0.0,245.62322998046875,1.756967544555664,-69.31658935546875
1750930332.8154383,0.0,0.5,"[174.0, 185.0, 184.0, 156.0, 152.0, 164.0, 171.0, 196.0, 185.0, 174.0]",23.05885124206543,0.0,245.3087921142578,1.7544631958007812,-68.97923278808594
1750930332.8355827,0.0,0.5,"[174.0, 185.0, 184.0, 156.0, 152.0, 164.0, 172.0, 197.0, 185.0, 174.0]",22.846920013427734,0.0,244.99710083007812,1.7522907257080078,-68.64511108398438
1750930332.8556824,0.0,0.5,"[174.0, 185.0, 184.0, 156.0, 151.0, 163.0, 172.0, 197.0, 185.0, 174.0]",23.03995132446289,0.0,244.68280029296875,1.7504081726074219,-68.30813598632812
1750930332.876479,0.0,0.5,"[174.0, 185.0, 184.0, 155.0, 151.0, 163.0, 173.0, 197.0, 185.0, 174.0]",22.952836990356445,0.0,244.36947631835938,1.7486953735351562,-67.97262573242188
1750930332.8966405,0.0,0.5,"[174.0, 185.0, 183.0, 155.0, 151.0, 163.0, 173.0, 198.0, 185.0, 174.0]",23.13153839111328,0.0,244.05380249023438,1.7474250793457031,-67.63442993164062
1750930332.916673,0.0,0.5,"[174.0, 185.0, 183.0, 155.0, 151.0, 163.0, 173.0, 198.0, 185.0, 174.0]",22.980236053466797,0.0,243.7400360107422,1.7465019226074219,-67.29859924316406
1750930332.9367313,0.0,0.5,"[174.0, 185.0, 183.0, 155.0, 151.0, 163.0, 173.0, 198.0, 185.0, 174.0]",23.158353805541992,0.0,243.4238739013672,1.7459239959716797,-66.96011352539062
1750930332.9569423,0.0,0.5,"[174.0, 185.0, 181.0, 154.0, 150.0, 162.0, 173.0, 200.0, 185.0, 174.0]",23.028289794921875,0.0,243.10926818847656,1.7456493377685547,-66.62374877929688
1750930332.9766214,0.0,0.5,"[174.0, 185.0, 181.0, 154.0, 150.0, 162.0, 173.0, 200.0, 185.0, 174.0]",23.2780818939209,0.0,242.79135131835938,1.7457904815673828,-66.28364562988281
1750930332.9966607,0.0,0.5,"[174.0, 185.0, 181.0, 154.0, 150.0, 162.0, 173.0, 201.0, 185.0, 174.0]",23.0916748046875,0.0,242.47584533691406,1.7461795806884766,-65.94638061523438
1750930333.0162656,0.0,0.5,"[174.0, 185.0, 181.0, 154.0, 150.0, 162.0, 174.0, 201.0, 185.0, 174.0]",23.26154327392578,0.0,242.15806579589844,1.7468452453613281,-65.60659790039062
1750930333.0368466,0.0,0.5,"[174.0, 185.0, 180.0, 153.0, 149.0, 161.0, 175.0, 201.0, 185.0, 174.0]",23.162246704101562,0.0,241.8414306640625,1.7478523254394531,-65.26846313476562
1750930333.0566351,0.0,0.5,"[174.0, 185.0, 179.0, 153.0, 149.0, 161.0, 176.0, 201.0, 185.0, 174.0]",23.377281188964844,0.0,241.52195739746094,1.7493247985839844,-64.92709350585938
1750930333.0766354,0.0,0.5,"[174.0, 185.0, 179.0, 153.0, 149.0, 161.0, 177.0, 202.0, 185.0, 174.0]",23.209299087524414,0.0,241.2046356201172,1.7510700225830078,-64.58831787109375
1750930333.0963175,0.0,0.5,"[174.0, 185.0, 179.0, 153.0, 148.0, 161.0, 178.0, 203.0, 185.0, 174.0]",23.37468910217285,0.0,240.88510131835938,1.753152847290039,-64.2470703125
1750930333.1165433,-1.0,0.5,"[174.0, 185.0, 178.0, 152.0, 148.0, 161.0, 178.0, 203.0, 185.0, 174.0]",23.25472640991211,0.0,240.5669708251953,1.7555065155029297,-63.907806396484375
1750930333.1363845,-1.0,0.5,"[174.0, 185.0, 179.0, 153.0, 148.0, 161.0, 178.0, 202.0, 185.0, 174.0]",23.205944061279297,-0.5,240.23834228515625,1.754587173461914,-63.580078125
1750930333.1565347,-1.0,0.5,"[174.0, 185.0, 179.0, 153.0, 149.0, 162.0, 175.0, 201.0, 185.0, 174.0]",22.85002899169922,-0.5,239.90057373046875,1.7491836547851562,-63.27229309082031
1750930333.175402,-1.0,0.5,"[174.0, 185.0, 181.0, 155.0, 150.0, 163.0, 170.0, 198.0, 185.0, 174.0]",22.712739944458008,-0.5,239.5506134033203,1.7392311096191406,-62.98284912109375
1750930333.1963997,0.0,0.5,"[174.0, 185.0, 184.0, 158.0, 152.0, 164.0, 167.0, 195.0, 185.0, 174.0]",22.378450393676758,-0.5,239.18960571289062,1.7237491607666016,-62.71875
1750930333.2165713,0.0,0.5,"[174.0, 185.0, 186.0, 159.0, 153.0, 165.0, 166.0, 193.0, 185.0, 174.0]",22.595333099365234,0.0,238.83038330078125,1.710479736328125,-62.44488525390625
1750930333.2374418,0.0,0.5,"[174.0, 185.0, 187.0, 159.0, 153.0, 165.0, 164.0, 192.0, 185.0, 174.0]",22.458148956298828,0.0,238.48077392578125,1.700307846069336,-62.16307067871094
1750930333.2580721,0.0,0.5,"[174.0, 185.0, 187.0, 159.0, 153.0, 165.0, 164.0, 192.0, 185.0, 174.0]",22.72486114501953,0.0,238.12844848632812,1.6909523010253906,-61.8760986328125
1750930333.2792604,0.0,0.5,"[174.0, 185.0, 187.0, 159.0, 153.0, 165.0, 164.0, 192.0, 185.0, 174.0]",22.369853973388672,0.0,237.78146362304688,1.682058334350586,-61.59381103515625
1750930333.3003137,0.0,0.5,"[174.0, 185.0, 187.0, 159.0, 153.0, 165.0, 164.0, 192.0, 185.0, 174.0]",22.69554901123047,0.0,237.4292755126953,1.67327880859375,-61.307586669921875
1750930333.3020182,0.0,0.5,"[174.0, 185.0, 187.0, 159.0, 153.0, 165.0, 164.0, 192.0, 185.0, 174.0]",22.61374282836914,0.0,237.07810974121094,1.664865493774414,-61.02268981933594
1750930333.3226876,0.0,0.5,"[174.0, 185.0, 186.0, 159.0, 152.0, 165.0, 164.0, 192.0, 185.0, 174.0]",22.83995246887207,0.0,236.7232666015625,1.6567955017089844,-60.735137939453125
1750930333.3445158,0.0,0.5,"[174.0, 185.0, 186.0, 159.0, 152.0, 164.0, 164.0, 192.0, 185.0, 174.0]",22.509824752807617,0.0,236.37335205078125,1.6491546630859375,-60.45198059082031
1750930333.366159,0.0,0.5,"[174.0, 185.0, 186.0, 158.0, 152.0, 164.0, 166.0, 192.0, 185.0, 174.0]",22.855545043945312,0.0,236.01806640625,1.6418113708496094,-60.164459228515625
1750930333.3869789,0.0,0.5,"[174.0, 185.0, 186.0, 158.0, 152.0, 164.0, 166.0, 192.0, 185.0, 174.0]",22.670480728149414,0.0,235.66554260253906,1.6349334716796875,-59.87940979003906
1750930333.4085546,0.0,0.5,"[174.0, 185.0, 186.0, 158.0, 151.0, 164.0, 166.0, 192.0, 185.0, 174.0]",23.004098892211914,0.0,235.30780029296875,1.6283073425292969,-59.590179443359375
1750930333.4293468,0.0,0.5,"[174.0, 185.0, 186.0, 158.0, 151.0, 164.0, 167.0, 192.0, 185.0, 174.0]",22.583629608154297,0.0,234.95648193359375,1.6220512390136719,-59.30638122558594
1750930333.4503398,0.0,0.5,"[174.0, 185.0, 185.0, 156.0, 151.0, 163.0, 168.0, 192.0, 185.0, 174.0]",23.01486587524414,0.0,234.59844970703125,1.616058349609375,-59.01716613769531
1750930333.4713354,0.0,0.5,"[174.0, 185.0, 185.0, 156.0, 151.0, 163.0, 168.0, 192.0, 185.0, 174.0]",22.74605369567871,0.0,234.2445526123047,1.6105823516845703,-58.73136901855469
1750930333.4920473,0.0,0.5,"[174.0, 185.0, 184.0, 156.0, 151.0, 163.0, 168.0, 192.0, 185.0, 174.0]",23.12154769897461,0.0,233.8846893310547,1.605356216430664,-58.441009521484375
1750930333.51276,0.0,0.5,"[174.0, 185.0, 184.0, 156.0, 150.0, 163.0, 169.0, 192.0, 185.0, 174.0]",22.7222900390625,0.0,233.53091430664062,1.6005783081054688,-58.15580749511719
1750930333.5329425,0.0,0.5,"[174.0, 185.0, 184.0, 155.0, 150.0, 162.0, 169.0, 192.0, 185.0, 174.0]",23.121761322021484,0.0,233.1709747314453,1.596170425415039,-57.86552429199219
1750930333.554012,0.0,0.5,"[174.0, 185.0, 184.0, 155.0, 150.0, 162.0, 170.0, 192.0, 185.0, 174.0]",22.896535873413086,0.0,232.8144989013672,1.5921440124511719,-57.578094482421875
1750930333.5747569,0.0,0.5,"[174.0, 185.0, 184.0, 155.0, 150.0, 162.0, 170.0, 190.0, 185.0, 174.0]",23.230789184570312,0.0,232.45272827148438,1.5882759094238281,-57.286590576171875
1750930333.5951,0.0,0.5,"[174.0, 185.0, 184.0, 155.0, 149.0, 162.0, 170.0, 190.0, 185.0, 174.0]",22.860754013061523,0.0,232.0966033935547,1.584737777709961,-56.9998779296875
1750930333.6154861,0.0,0.5,"[174.0, 185.0, 183.0, 154.0, 149.0, 162.0, 170.0, 190.0, 185.0, 174.0]",23.276992797851562,0.0,231.7340545654297,1.5816116333007812,-56.70787048339844
1750930333.636258,0.0,0.5,"[174.0, 185.0, 183.0, 154.0, 149.0, 161.0, 171.0, 190.0, 185.0, 174.0]",22.947063446044922,0.0,231.37660217285156,1.5788860321044922,-56.42002868652344
1750930333.657105,0.0,0.5,"[174.0, 185.0, 183.0, 154.0, 148.0, 161.0, 171.0, 190.0, 185.0, 174.0]",23.364187240600586,0.0,231.01255798339844,1.5764694213867188,-56.1270751953125
1750930333.6773415,0.0,0.5,"[174.0, 185.0, 183.0, 153.0, 148.0, 161.0, 172.0, 190.0, 185.0, 174.0]",22.9646053314209,0.0,230.65460205078125,1.5744552612304688,-55.83929443359375
1750930333.6979766,0.0,0.5,"[174.0, 185.0, 181.0, 153.0, 148.0, 161.0, 172.0, 190.0, 185.0, 174.0]",23.370271682739258,0.0,230.29039001464844,1.5727481842041016,-55.54637145996094
1750930333.7181842,0.0,0.5,"[174.0, 185.0, 181.0, 153.0, 148.0, 161.0, 173.0, 190.0, 185.0, 174.0]",23.12224006652832,0.0,229.93002319335938,1.5713138580322266,-55.256561279296875
1750930333.7380908,0.0,0.5,"[174.0, 185.0, 180.0, 152.0, 147.0, 160.0, 173.0, 192.0, 185.0, 174.0]",23.47190284729004,0.0,229.56411743164062,1.5701160430908203,-54.96247863769531
1750930333.7591522,0.0,0.5,"[174.0, 185.0, 179.0, 152.0, 147.0, 160.0, 173.0, 193.0, 185.0, 174.0]",23.081483840942383,0.0,229.20419311523438,1.5692939758300781,-54.673431396484375
1750930333.7792733,0.0,0.5,"[174.0, 185.0, 179.0, 152.0, 147.0, 160.0, 174.0, 193.0, 185.0, 174.0]",23.48611831665039,0.0,228.8380126953125,1.5687942504882812,-54.379241943359375
1750930333.7811358,0.0,0.5,"[174.0, 185.0, 179.0, 152.0, 147.0, 160.0, 174.0, 193.0, 185.0, 174.0]",23.230924606323242,0.0,228.4757843017578,1.5685901641845703,-54.08827209472656
1750930333.801011,0.0,0.5,"[174.0, 185.0, 178.0, 151.0, 147.0, 159.0, 174.0, 195.0, 185.0, 174.0]",23.58913230895996,0.0,228.10787963867188,1.5687198638916016,-53.792938232421875
1750930333.821198,-1.0,0.5,"[174.0, 185.0, 177.0, 151.0, 146.0, 159.0, 174.0, 197.0, 185.0, 174.0]",23.19679832458496,0.0,227.74598693847656,1.5691184997558594,-53.50262451171875
1750930333.8415537,-1.0,0.5,"[174.0, 185.0, 177.0, 151.0, 147.0, 159.0, 174.0, 196.0, 185.0, 174.0]",23.28297996520996,-0.5,227.37342834472656,1.5665473937988281,-53.22328186035156
1750930333.8626795,-1.0,0.5,"[174.0, 185.0, 178.0, 152.0, 147.0, 160.0, 171.0, 193.0, 185.0, 174.0]",22.923437118530273,-0.5,226.99420166015625,1.5597724914550781,-52.96574401855469
1750930333.8837013,0.0,0.5,"[174.0, 185.0, 179.0, 153.0, 149.0, 161.0, 169.0, 190.0, 185.0, 174.0]",22.73899269104004,-0.5,226.60507202148438,1.5483112335205078,-52.73065185546875
1750930333.9054022,0.0,0.5,"[174.0, 185.0, 181.0, 154.0, 150.0, 162.0, 168.0, 190.0, 185.0, 174.0]",22.706483840942383,0.0,226.22145080566406,1.5391120910644531,-52.48777770996094
1750930333.926709,0.0,0.5,"[174.0, 185.0, 181.0, 154.0, 150.0, 162.0, 168.0, 190.0, 185.0, 174.0]",22.766380310058594,0.0,225.84181213378906,1.5319976806640625,-52.236480712890625
1750930333.9481862,0.0,0.5,"[174.0, 185.0, 181.0, 153.0, 150.0, 162.0, 168.0, 190.0, 185.0, 174.0]",22.80621337890625,0.0,225.46217346191406,1.5255069732666016,-51.98371887207031
1750930333.9701622,0.0,0.5,"[174.0, 185.0, 180.0, 153.0, 149.0, 161.0, 168.0, 190.0, 185.0, 174.0]",22.79212760925293,0.0,225.08261108398438,1.5192642211914062,-51.731353759765625
1750930333.9917052,0.0,0.5,"[174.0, 185.0, 179.0, 153.0, 149.0, 161.0, 168.0, 190.0, 185.0, 174.0]",22.746171951293945,0.0,224.70358276367188,1.5132274627685547,-51.4798583984375
1750930334.0213149,0.0,0.5,"[174.0, 185.0, 179.0, 153.0, 149.0, 161.0, 168.0, 192.0, 185.0, 174.0]",22.87031364440918,0.0,224.32229614257812,1.5073184967041016,-51.227264404296875
1750930334.023232,0.0,0.5,"[174.0, 185.0, 179.0, 153.0, 149.0, 161.0, 168.0, 192.0, 185.0, 174.0]",22.9709529876709,0.0,223.93923950195312,1.5016613006591797,-50.97369384765625
1750930334.0449193,0.0,0.5,"[174.0, 185.0, 179.0, 153.0, 149.0, 161.0, 168.0, 192.0, 185.0, 174.0]",22.91225814819336,0.0,223.5570526123047,1.4962100982666016,-50.720916748046875
1750930334.0671356,0.0,0.5,"[174.0, 185.0, 178.0, 152.0, 148.0, 161.0, 168.0, 193.0, 185.0, 174.0]",22.896656036376953,0.0,223.17507934570312,1.4910240173339844,-50.4683837890625
1750930334.0886998,0.0,0.5,"[174.0, 185.0, 178.0, 152.0, 148.0, 160.0, 168.0, 193.0, 185.0, 174.0]",22.987749099731445,0.0,222.7915496826172,1.4861488342285156,-50.21488952636719
1750930334.111018,0.0,0.5,"[174.0, 185.0, 178.0, 152.0, 148.0, 160.0, 169.0, 193.0, 185.0, 174.0]",23.036415100097656,0.0,222.40713500976562,1.4815540313720703,-49.960960388183594
1750930334.1336012,0.0,0.5,"[174.0, 185.0, 176.0, 152.0, 148.0, 160.0, 169.0, 194.0, 185.0, 174.0]",23.050640106201172,0.0,222.02244567871094,1.4771652221679688,-49.706932067871094
1750930334.1560433,0.0,0.5,"[174.0, 185.0, 176.0, 151.0, 148.0, 160.0, 169.0, 195.0, 185.0, 174.0]",23.006149291992188,0.0,221.6384735107422,1.4729843139648438,-49.45343017578125
1750930334.1775782,0.0,0.5,"[174.0, 185.0, 176.0, 151.0, 147.0, 160.0, 169.0, 195.0, 185.0, 174.0]",23.103729248046875,0.0,221.25286865234375,1.468994140625,-49.1988525390625
1750930334.199077,0.0,0.5,"[174.0, 185.0, 176.0, 151.0, 147.0, 160.0, 169.0, 195.0, 185.0, 174.0]",23.20079803466797,0.0,220.8656005859375,1.4651470184326172,-48.943267822265625
1750930334.2205234,0.0,0.5,"[174.0, 185.0, 175.0, 151.0, 147.0, 159.0, 169.0, 196.0, 185.0, 174.0]",23.16832733154297,0.0,220.47886657714844,1.4614620208740234,-48.688072204589844
1750930334.2222207,0.0,0.5,"[174.0, 185.0, 175.0, 151.0, 147.0, 159.0, 169.0, 196.0, 185.0, 174.0]",23.13215446472168,0.0,220.0926971435547,1.4581127166748047,-48.43330383300781
1750930334.243106,0.0,0.5,"[174.0, 185.0, 175.0, 149.0, 147.0, 159.0, 171.0, 197.0, 185.0, 174.0]",23.20349884033203,0.0,219.705322265625,1.4550151824951172,-48.17778015136719
1750930334.264577,0.0,0.5,"[174.0, 185.0, 173.0, 149.0, 146.0, 159.0, 173.0, 197.0, 185.0, 174.0]",23.323986053466797,0.0,219.31591796875,1.4521293640136719,-47.92095184326172
1750930334.28635,0.0,0.5,"[174.0, 185.0, 173.0, 149.0, 146.0, 159.0, 174.0, 197.0, 185.0, 174.0]",23.283100128173828,0.0,218.92718505859375,1.44940185546875,-47.66459655761719
1750930334.3078103,0.0,0.5,"[174.0, 185.0, 173.0, 149.0, 146.0, 158.0, 174.0, 198.0, 185.0, 174.0]",23.249595642089844,0.0,218.53897094726562,1.4468097686767578,-47.408660888671875
1750930334.329168,0.0,0.5,"[174.0, 185.0, 172.0, 148.0, 146.0, 158.0, 176.0, 198.0, 185.0, 174.0]",23.356582641601562,0.0,218.1489715576172,1.4442806243896484,-47.15155029296875
1750930334.3501344,0.0,0.5,"[174.0, 185.0, 172.0, 148.0, 145.0, 158.0, 176.0, 198.0, 185.0, 174.0]",23.425870895385742,0.0,217.75782775878906,1.4418277740478516,-46.8936767578125
1750930334.3717754,0.0,0.5,"[174.0, 185.0, 172.0, 148.0, 145.0, 158.0, 177.0, 198.0, 185.0, 174.0]",23.411317825317383,0.0,217.36691284179688,1.4395923614501953,-46.63597106933594
1750930334.3934827,0.0,0.5,"[174.0, 185.0, 171.0, 147.0, 145.0, 158.0, 178.0, 200.0, 185.0, 174.0]",23.36803436279297,0.0,216.9766845703125,1.4376335144042969,-46.3787841796875
1750930334.4145951,0.0,0.5,"[174.0, 185.0, 170.0, 147.0, 145.0, 158.0, 178.0, 200.0, 185.0, 174.0]",23.438764572143555,0.0,216.5852508544922,1.4358768463134766,-46.12085723876953
1750930334.4357586,0.0,0.5,"[174.0, 185.0, 170.0, 147.0, 144.0, 157.0, 179.0, 200.0, 185.0, 174.0]",23.55414581298828,0.0,216.19187927246094,1.4342594146728516,-45.861663818359375
1750930334.4569094,0.0,0.5,"[174.0, 185.0, 170.0, 147.0, 144.0, 157.0, 179.0, 200.0, 185.0, 174.0]",23.52245330810547,0.0,215.79904174804688,1.4326839447021484,-45.602813720703125
1750930334.478665,0.0,0.5,"[174.0, 185.0, 169.0, 147.0, 144.0, 157.0, 180.0, 200.0, 185.0, 174.0]",23.499738693237305,0.0,215.40655517578125,1.4311237335205078,-45.344268798828125
1750930334.499839,0.0,0.5,"[174.0, 185.0, 169.0, 146.0, 144.0, 157.0, 181.0, 201.0, 185.0, 174.0]",23.588960647583008,0.0,215.0125732421875,1.4295406341552734,-45.084747314453125
1750930334.5207033,0.0,0.5,"[174.0, 185.0, 169.0, 146.0, 143.0, 157.0, 182.0, 201.0, 185.0, 174.0]",23.628704071044922,0.0,214.6179656982422,1.4280261993408203,-44.824737548828125
1750930334.522507,0.0,0.5,"[174.0, 185.0, 169.0, 146.0, 143.0, 157.0, 182.0, 201.0, 185.0, 174.0]",23.645206451416016,0.0,214.2230682373047,1.4267196655273438,-44.56455993652344
1750930334.5436726,-1.0,0.5,"[174.0, 185.0, 167.0, 145.0, 143.0, 156.0, 182.0, 201.0, 185.0, 174.0]",23.602691650390625,0.0,213.82882690429688,1.4256553649902344,-44.304931640625
1750930334.5654402,-1.0,0.5,"[174.0, 185.0, 167.0, 146.0, 143.0, 157.0, 182.0, 201.0, 185.0, 174.0]",23.40648651123047,-0.5,213.4286346435547,1.4215888977050781,-44.06207275390625
1750930334.5873132,-1.0,0.5,"[174.0, 185.0, 169.0, 147.0, 144.0, 157.0, 179.0, 200.0, 185.0, 174.0]",23.219362258911133,-0.5,213.022705078125,1.4142742156982422,-43.836647033691406
1750930334.6099625,-1.0,0.5,"[174.0, 185.0, 172.0, 149.0, 146.0, 159.0, 176.0, 197.0, 185.0, 174.0]",23.039268493652344,-0.5,212.60926818847656,1.4027557373046875,-43.633514404296875
1750930334.6327896,0.0,0.5,"[174.0, 185.0, 175.0, 152.0, 148.0, 161.0, 173.0, 193.0, 185.0, 174.0]",22.7474422454834,-0.5,212.19119262695312,1.3869915008544922,-43.45478820800781
1750930334.6550918,0.0,0.5,"[174.0, 185.0, 176.0, 153.0, 149.0, 162.0, 170.0, 192.0, 185.0, 174.0]",22.832313537597656,0.0,211.77642822265625,1.3731536865234375,-43.264251708984375
1750930334.6781743,0.0,0.5,"[174.0, 185.0, 176.0, 153.0, 149.0, 163.0, 170.0, 192.0, 185.0, 174.0]",22.885299682617188,0.0,211.36447143554688,1.3611106872558594,-43.06513214111328
1750930334.7002807,0.0,0.5,"[174.0, 185.0, 176.0, 153.0, 149.0, 163.0, 170.0, 192.0, 185.0, 174.0]",22.862213134765625,0.0,210.95347595214844,1.3496341705322266,-42.865081787109375
1750930334.722416,0.0,0.5,"[174.0, 185.0, 177.0, 153.0, 149.0, 163.0, 171.0, 192.0, 185.0, 174.0]",22.82176971435547,0.0,210.54299926757812,1.3383655548095703,-42.665809631347656
1750930334.7242324,0.0,0.5,"[174.0, 185.0, 177.0, 153.0, 149.0, 163.0, 171.0, 192.0, 185.0, 174.0]",22.917034149169922,0.0,210.13059997558594,1.3270072937011719,-42.46614074707031
1750930334.7466478,0.0,0.5,"[174.0, 185.0, 177.0, 152.0, 149.0, 163.0, 171.0, 192.0, 185.0, 174.0]",23.029211044311523,0.0,209.716064453125,1.3155746459960938,-42.265724182128906
1750930334.7695742,0.0,0.5,"[174.0, 185.0, 177.0, 152.0, 149.0, 162.0, 172.0, 192.0, 185.0, 174.0]",22.99691390991211,0.0,209.302001953125,1.304117202758789,-42.06580352783203
1750930334.7923386,0.0,0.5,"[174.0, 185.0, 177.0, 152.0, 148.0, 162.0, 173.0, 190.0, 185.0, 174.0]",23.05147361755371,0.0,208.88690185546875,1.2927494049072266,-41.86553955078125
1750930334.8145785,0.0,0.5,"[174.0, 185.0, 177.0, 152.0, 148.0, 162.0, 173.0, 192.0, 185.0, 174.0]",23.04095458984375,0.0,208.471923828125,1.2817707061767578,-41.66547393798828
1750930334.8375587,0.0,0.5,"[174.0, 185.0, 177.0, 152.0, 148.0, 162.0, 174.0, 193.0, 185.0, 174.0]",23.01097869873047,0.0,208.0574188232422,1.271200180053711,-41.465789794921875
1750930334.8595583,0.0,0.5,"[174.0, 185.0, 177.0, 152.0, 148.0, 162.0, 174.0, 193.0, 185.0, 174.0]",23.141164779663086,0.0,207.6405487060547,1.260885238647461,-41.2650146484375
1750930334.8830686,0.0,0.5,"[174.0, 185.0, 176.0, 151.0, 148.0, 162.0, 174.0, 195.0, 185.0, 174.0]",23.217914581298828,0.0,207.2222900390625,1.2506446838378906,-41.06355285644531
1750930334.884988,0.0,0.5,"[174.0, 185.0, 176.0, 151.0, 148.0, 162.0, 174.0, 195.0, 185.0, 174.0]",23.18267250061035,0.0,206.80465698242188,1.2404632568359375,-40.86244201660156
1750930334.9089496,0.0,0.5,"[174.0, 185.0, 176.0, 151.0, 147.0, 161.0, 174.0, 197.0, 185.0, 174.0]",23.171369552612305,0.0,206.38720703125,1.2303295135498047,-40.66144561767578
1750930334.932552,0.0,0.5,"[174.0, 185.0, 176.0, 151.0, 147.0, 161.0, 175.0, 197.0, 185.0, 174.0]",23.266448974609375,0.0,205.96804809570312,1.220296859741211,-40.4595947265625
1750930334.9566996,0.0,0.5,"[174.0, 185.0, 175.0, 151.0, 147.0, 161.0, 175.0, 198.0, 185.0, 174.0]",23.327077865600586,0.0,205.54779052734375,1.2107124328613281,-40.257232666015625
1750930334.9806607,0.0,0.5,"[174.0, 185.0, 175.0, 149.0, 147.0, 161.0, 175.0, 198.0, 185.0, 174.0]",23.3044376373291,0.0,205.1279296875,1.2015380859375,-40.05506896972656
1750930335.0044408,-1.0,0.5,"[174.0, 185.0, 175.0, 149.0, 147.0, 160.0, 175.0, 200.0, 185.0, 174.0]",23.2545166015625,0.0,204.7089385986328,1.1927261352539062,-39.85337829589844
1750930335.00631,-1.0,0.5,"[174.0, 185.0, 175.0, 149.0, 147.0, 160.0, 175.0, 200.0, 185.0, 174.0]",23.122793197631836,-0.5,204.28443908691406,1.1811695098876953,-39.67027282714844
1750930335.0296106,-1.0,0.5,"[174.0, 185.0, 176.0, 152.0, 148.0, 162.0, 173.0, 197.0, 185.0, 174.0]",22.85687255859375,-0.5,203.8565216064453,1.1664257049560547,-39.5101318359375
1750930335.0521884,-1.0,0.5,"[174.0, 185.0, 179.0, 153.0, 150.0, 164.0, 170.0, 193.0, 185.0, 174.0]",22.638330459594727,-0.5,203.4247589111328,1.1480979919433594,-39.37504577636719
1750930335.0759332,0.0,0.5,"[174.0, 185.0, 183.0, 155.0, 152.0, 167.0, 167.0, 189.0, 185.0, 174.0]",22.448705673217773,-0.5,202.98973083496094,1.1264934539794922,-39.26611328125
1750930335.0994003,0.0,0.5,"[174.0, 185.0, 184.0, 157.0, 152.0, 169.0, 164.0, 187.0, 185.0, 174.0]",22.47402572631836,0.0,202.5567169189453,1.1067466735839844,-39.14720153808594
1750930335.1229444,0.0,0.5,"[174.0, 185.0, 184.0, 158.0, 153.0, 169.0, 164.0, 186.0, 185.0, 174.0]",22.38704490661621,0.0,202.12777709960938,1.0888214111328125,-39.02006530761719
1750930335.1247869,0.0,0.5,"[174.0, 185.0, 184.0, 158.0, 153.0, 169.0, 164.0, 186.0, 185.0, 174.0]",22.501832962036133,0.0,201.69775390625,1.0717639923095703,-38.88844299316406
1750930335.1477551,0.0,0.5,"[174.0, 185.0, 184.0, 158.0, 152.0, 169.0, 163.0, 186.0, 185.0, 174.0]",22.586294174194336,0.0,201.2661590576172,1.0550060272216797,-38.75614929199219
1750930335.170716,0.0,0.5,"[174.0, 185.0, 184.0, 158.0, 152.0, 169.0, 163.0, 186.0, 185.0, 174.0]",22.551313400268555,0.0,200.83514404296875,1.0384750366210938,-38.62432861328125
1750930335.1939557,0.0,0.5,"[174.0, 185.0, 184.0, 158.0, 152.0, 259.0, 163.0, 187.0, 185.0, 174.0]",22.530929565429688,0.0,200.40440368652344,1.0224189758300781,-38.492919921875
1750930335.2173142,0.0,0.5,"[174.0, 185.0, 184.0, 158.0, 152.0, 168.0, 163.0, 187.0, 185.0, 174.0]",22.647747039794922,0.0,199.97134399414062,1.0068206787109375,-38.361045837402344
1750930335.2409003,0.0,0.5,"[174.0, 185.0, 184.0, 158.0, 151.0, 168.0, 163.0, 187.0, 185.0, 174.0]",22.715444564819336,0.0,199.53692626953125,0.9917411804199219,-38.22894287109375
1750930335.264137,0.0,0.5,"[174.0, 185.0, 184.0, 157.0, 151.0, 168.0, 163.0, 187.0, 185.0, 174.0]",22.699697494506836,0.0,199.10276794433594,0.9771022796630859,-38.097007751464844
1750930335.2657964,0.0,0.5,"[174.0, 185.0, 184.0, 157.0, 151.0, 168.0, 163.0, 187.0, 185.0, 174.0]",22.645132064819336,0.0,198.66961669921875,0.9628982543945312,-37.965492248535156
1750930335.288932,0.0,0.5,"[174.0, 185.0, 184.0, 156.0, 151.0, 167.0, 163.0, 187.0, 185.0, 174.0]",22.820510864257812,0.0,198.23309326171875,0.9488334655761719,-37.83300018310547
1750930335.312186,0.0,0.5,"[174.0, 185.0, 184.0, 156.0, 150.0, 167.0, 163.0, 187.0, 185.0, 174.0]",22.887935638427734,0.0,197.7952423095703,0.9351615905761719,-37.700164794921875
1750930335.3344433,0.0,0.5,"[174.0, 185.0, 184.0, 156.0, 150.0, 167.0, 163.0, 187.0, 185.0, 174.0]",22.843746185302734,0.0,197.35821533203125,0.9220237731933594,-37.567596435546875
1750930335.356918,0.0,0.5,"[174.0, 185.0, 183.0, 156.0, 150.0, 259.0, 163.0, 187.0, 185.0, 174.0]",22.79496955871582,0.0,196.92208862304688,0.9094505310058594,-37.43540954589844
1750930335.3800733,0.0,0.5,"[174.0, 185.0, 183.0, 156.0, 150.0, 166.0, 163.0, 187.0, 185.0, 174.0]",22.900362014770508,0.0,196.48391723632812,0.8972263336181641,-37.302642822265625
1750930335.403401,0.0,0.5,"[174.0, 185.0, 183.0, 155.0, 149.0, 166.0, 163.0, 187.0, 185.0, 174.0]",23.044601440429688,0.0,196.04298400878906,0.8852787017822266,-37.16902160644531
1750930335.4050448,0.0,0.5,"[174.0, 185.0, 183.0, 155.0, 149.0, 166.0, 163.0, 187.0, 185.0, 174.0]",22.961326599121094,0.0,195.60362243652344,0.8736152648925781,-37.03593444824219
1750930335.4284537,0.0,0.5,"[174.0, 185.0, 183.0, 155.0, 149.0, 166.0, 163.0, 187.0, 185.0, 174.0]",22.977802276611328,0.0,195.16392517089844,0.8622245788574219,-36.90278625488281
1750930335.451435,0.0,0.5,"[174.0, 185.0, 183.0, 155.0, 149.0, 165.0, 163.0, 187.0, 185.0, 174.0]",23.08555030822754,0.0,194.72213745117188,0.8511466979980469,-36.769073486328125
1750930335.4746091,0.0,0.5,"[174.0, 185.0, 183.0, 155.0, 148.0, 165.0, 163.0, 187.0, 185.0, 174.0]",23.069971084594727,0.0,194.28062438964844,0.8405303955078125,-36.63548278808594
1750930335.4974751,0.0,0.5,"[174.0, 185.0, 181.0, 155.0, 148.0, 165.0, 163.0, 187.0, 185.0, 174.0]",23.076095581054688,0.0,193.83900451660156,0.8302555084228516,-36.501800537109375
1750930335.5205338,0.0,0.5,"[174.0, 185.0, 181.0, 155.0, 148.0, 165.0, 162.0, 187.0, 185.0, 174.0]",23.138277053833008,0.0,193.3961944580078,0.8202362060546875,-36.36773681640625
1750930335.5436609,0.0,0.5,"[174.0, 185.0, 181.0, 155.0, 148.0, 164.0, 162.0, 187.0, 185.0, 174.0]",23.21872329711914,0.0,192.9517822265625,0.8103504180908203,-36.2333984375
1750930335.5453262,0.0,0.5,"[174.0, 185.0, 181.0, 155.0, 148.0, 164.0, 162.0, 187.0, 185.0, 174.0]",23.251615524291992,0.0,192.50672912597656,0.8006076812744141,-36.09892272949219
1750930335.5686882,0.0,0.5,"[174.0, 185.0, 181.0, 154.0, 147.0, 164.0, 162.0, 187.0, 185.0, 174.0]",23.246414184570312,0.0,192.06178283691406,0.7910671234130859,-35.96440887451172
1750930335.5917451,0.0,0.5,"[174.0, 185.0, 181.0, 154.0, 147.0, 164.0, 162.0, 188.0, 185.0, 174.0]",23.22834587097168,0.0,191.61717224121094,0.7819194793701172,-35.83000183105469
1750930335.614791,0.0,0.5,"[174.0, 185.0, 181.0, 154.0, 147.0, 164.0, 162.0, 188.0, 185.0, 174.0]",23.292966842651367,0.0,191.17132568359375,0.7730426788330078,-35.695220947265625
1750930335.6379304,0.0,0.5,"[174.0, 185.0, 181.0, 154.0, 147.0, 164.0, 162.0, 188.0, 185.0, 174.0]",23.373428344726562,0.0,190.7239227294922,0.7643814086914062,-35.56001281738281
1750930335.6610832,0.0,0.5,"[174.0, 185.0, 180.0, 154.0, 147.0, 163.0, 162.0, 188.0, 185.0, 174.0]",23.396547317504883,0.0,190.2760467529297,0.7558689117431641,-35.42474365234375
1750930335.6839077,0.0,0.5,"[174.0, 185.0, 180.0, 154.0, 147.0, 163.0, 162.0, 188.0, 185.0, 174.0]",23.351409912109375,0.0,189.8290252685547,0.7475109100341797,-35.28977966308594
1750930335.686399,0.0,0.5,"[174.0, 185.0, 180.0, 154.0, 147.0, 163.0, 162.0, 188.0, 185.0, 174.0]",23.417781829833984,0.0,189.3807373046875,0.7392196655273438,-35.15440368652344
1750930335.7098212,0.0,0.5,"[174.0, 185.0, 179.0, 153.0, 146.0, 163.0, 162.0, 189.0, 185.0, 174.0]",23.54278564453125,0.0,188.9300537109375,0.7311248779296875,-35.01830291748047
1750930335.7326713,0.0,0.5,"[174.0, 185.0, 179.0, 153.0, 146.0, 163.0, 162.0, 189.0, 185.0, 174.0]",23.500444412231445,0.0,188.48016357421875,0.7233161926269531,-34.882469177246094
1750930335.7557619,0.0,0.5,"[174.0, 185.0, 179.0, 153.0, 146.0, 163.0, 163.0, 189.0, 185.0, 174.0]",23.466371536254883,0.0,188.0309295654297,0.7157649993896484,-34.74684143066406
1750930335.7786565,0.0,0.5,"[174.0, 185.0, 179.0, 153.0, 146.0, 163.0, 164.0, 189.0, 185.0, 174.0]",23.564563751220703,0.0,187.57980346679688,0.7083511352539062,-34.61064147949219
1750930335.802269,0.0,0.5,"[174.0, 185.0, 179.0, 152.0, 146.0, 162.0, 164.0, 189.0, 185.0, 174.0]",23.660655975341797,0.0,187.1268310546875,0.7010478973388672,-34.473907470703125
1750930335.8251061,0.0,0.5,"[174.0, 185.0, 179.0, 152.0, 146.0, 162.0, 164.0, 189.0, 185.0, 174.0]",23.62689208984375,0.0,186.6745147705078,0.6938381195068359,-34.33735656738281
1750930335.826691,0.0,0.5,"[174.0, 185.0, 179.0, 152.0, 146.0, 162.0, 164.0, 189.0, 185.0, 174.0]",23.60161018371582,0.0,186.22267150878906,0.6867218017578125,-34.20098114013672
1750930335.8490422,0.0,0.5,"[174.0, 185.0, 178.0, 151.0, 145.0, 162.0, 166.0, 189.0, 185.0, 174.0]",23.706850051879883,0.0,185.76881408691406,0.6797657012939453,-34.06394958496094
1750930335.8725178,0.0,0.5,"[174.0, 185.0, 178.0, 151.0, 145.0, 162.0, 166.0, 189.0, 185.0, 174.0]",23.74886703491211,0.0,185.3141632080078,0.6730213165283203,-33.9266357421875
1750930335.8952901,0.0,0.5,"[174.0, 185.0, 178.0, 151.0, 145.0, 162.0, 167.0, 189.0, 185.0, 174.0]",23.741798400878906,0.0,184.85963439941406,0.6664371490478516,-33.78941345214844
1750930335.9182396,0.0,0.5,"[174.0, 185.0, 178.0, 151.0, 145.0, 162.0, 167.0, 189.0, 185.0, 174.0]",23.722227096557617,0.0,184.40545654296875,0.6599979400634766,-33.65235900878906
1750930335.9408789,0.0,0.5,"[174.0, 185.0, 178.0, 149.0, 144.0, 161.0, 167.0, 189.0, 185.0, 174.0]",23.83281898498535,0.0,183.9491729736328,0.6536197662353516,-33.51463317871094
1750930335.9640148,0.0,0.5,"[174.0, 185.0, 178.0, 149.0, 144.0, 161.0, 168.0, 189.0, 185.0, 174.0]",23.875539779663086,0.0,183.49209594726562,0.6473045349121094,-33.37660217285156
1750930335.9657404,0.0,0.5,"[174.0, 185.0, 178.0, 149.0, 144.0, 161.0, 168.0, 189.0, 185.0, 174.0]",23.872713088989258,0.0,183.03506469726562,0.6410007476806641,-33.238609313964844
1750930335.9880426,0.0,0.5,"[174.0, 185.0, 176.0, 149.0, 144.0, 161.0, 168.0, 189.0, 185.0, 174.0]",23.856555938720703,0.0,182.57833862304688,0.6347522735595703,-33.10071563720703
1750930336.0114357,0.0,0.5,"[174.0, 185.0, 176.0, 148.0, 144.0, 161.0, 168.0, 189.0, 185.0, 174.0]",23.94454002380371,0.0,182.11993408203125,0.6286296844482422,-32.96226501464844
1750930336.034536,0.0,0.5,"[174.0, 185.0, 176.0, 148.0, 144.0, 161.0, 169.0, 189.0, 185.0, 174.0]",23.96638298034668,0.0,181.66111755371094,0.62261962890625,-32.823699951171875
1750930336.0573502,0.0,0.5,"[174.0, 185.0, 176.0, 147.0, 143.0, 161.0, 169.0, 189.0, 185.0, 174.0]",23.994365692138672,0.0,181.20176696777344,0.6166858673095703,-32.68495178222656
1750930336.0799978,0.0,0.5,"[174.0, 185.0, 175.0, 147.0, 143.0, 161.0, 170.0, 189.0, 185.0, 174.0]",23.97211265563965,0.0,180.74282836914062,0.6108283996582031,-32.54634094238281
1750930336.1034882,0.0,0.5,"[174.0, 185.0, 175.0, 147.0, 143.0, 160.0, 170.0, 190.0, 185.0, 174.0]",24.050228118896484,0.0,180.28240966796875,0.6049938201904297,-32.407257080078125
1750930336.1052713,0.0,0.5,"[174.0, 185.0, 175.0, 147.0, 143.0, 160.0, 170.0, 190.0, 185.0, 174.0]",24.105924606323242,0.0,179.82093811035156,0.5990161895751953,-32.267822265625
1750930336.1276283,-1.0,0.5,"[174.0, 185.0, 173.0, 146.0, 143.0, 160.0, 172.0, 192.0, 185.0, 174.0]",24.140689849853516,0.0,179.35879516601562,0.5928821563720703,-32.128173828125
1750930336.1504252,-1.0,0.5,"[174.0, 185.0, 173.0, 146.0, 143.0, 161.0, 171.0, 192.0, 185.0, 174.0]",23.81130027770996,-0.5,178.8988494873047,0.5857105255126953,-32.004905700683594
1750930336.1741934,-1.0,0.5,"[174.0, 185.0, 173.0, 147.0, 144.0, 162.0, 169.0, 190.0, 185.0, 174.0]",23.698253631591797,-0.5,178.4359588623047,0.5769634246826172,-31.903419494628906
1750930336.1980867,0.0,0.5,"[174.0, 185.0, 175.0, 148.0, 146.0, 164.0, 167.0, 187.0, 185.0, 174.0]",23.367830276489258,-0.5,177.974853515625,0.56646728515625,-31.82794952392578
1750930336.2215497,0.0,0.5,"[174.0, 185.0, 176.0, 149.0, 147.0, 259.0, 164.0, 186.0, 185.0, 174.0]",23.479427337646484,0.0,177.51416015625,0.5570278167724609,-31.73749542236328
1750930336.24464,0.0,0.5,"[174.0, 185.0, 176.0, 149.0, 147.0, 259.0, 164.0, 186.0, 185.0, 174.0]",23.330875396728516,0.0,177.0574951171875,0.5480918884277344,-31.642044067382812
1750930336.2463386,0.0,0.5,"[174.0, 185.0, 176.0, 149.0, 147.0, 259.0, 164.0, 186.0, 185.0, 174.0]",23.465614318847656,0.0,176.5982666015625,0.5388641357421875,-31.54572296142578
1750930336.2697203,0.0,0.5,"[174.0, 185.0, 175.0, 148.0, 147.0, 166.0, 164.0, 187.0, 185.0, 174.0]",23.51015853881836,0.0,176.1381072998047,0.5294075012207031,-31.44951629638672
1750930336.2930913,0.0,0.5,"[174.0, 185.0, 175.0, 148.0, 147.0, 166.0, 166.0, 187.0, 185.0, 174.0]",23.525150299072266,0.0,175.6775665283203,0.5200214385986328,-31.35369873046875
1750930336.3162062,0.0,0.5,"[174.0, 185.0, 175.0, 148.0, 147.0, 166.0, 166.0, 187.0, 185.0, 174.0]",23.48987579345703,0.0,175.21762084960938,0.5107364654541016,-31.258453369140625
1750930336.3384054,0.0,0.5,"[174.0, 185.0, 173.0, 148.0, 147.0, 259.0, 166.0, 187.0, 185.0, 174.0]",23.524084091186523,0.0,174.7569580078125,0.5015239715576172,-31.163299560546875
1750930336.362349,0.0,0.5,"[174.0, 185.0, 173.0, 148.0, 147.0, 259.0, 167.0, 188.0, 185.0, 174.0]",23.61758041381836,0.0,174.29443359375,0.49236106872558594,-31.067916870117188
1750930336.3861527,0.0,0.5,"[174.0, 185.0, 173.0, 148.0, 147.0, 259.0, 167.0, 189.0, 185.0, 174.0]",23.651409149169922,0.0,173.83120727539062,0.4832611083984375,-30.972557067871094
1750930336.3878484,0.0,0.5,"[174.0, 185.0, 173.0, 148.0, 147.0, 259.0, 167.0, 189.0, 185.0, 174.0]",23.610271453857422,0.0,173.3687744140625,0.4739055633544922,-30.877426147460938
1750930336.41088,0.0,0.5,"[174.0, 185.0, 172.0, 148.0, 147.0, 259.0, 168.0, 189.0, 185.0, 174.0]",23.687833786010742,0.0,172.9048309326172,0.4643230438232422,-30.781936645507812
1750930336.4339352,0.0,0.5,"[174.0, 185.0, 172.0, 148.0, 147.0, 259.0, 168.0, 190.0, 185.0, 174.0]",23.769744873046875,0.0,172.4392852783203,0.45484352111816406,-30.686119079589844
1750930336.4554837,0.0,0.5,"[174.0, 185.0, 172.0, 148.0, 147.0, 259.0, 168.0, 190.0, 185.0, 174.0]",23.74236488342285,0.0,171.97427368164062,0.44549560546875,-30.590423583984375
1750930336.4785879,0.0,0.5,"[174.0, 185.0, 171.0, 147.0, 147.0, 259.0, 169.0, 190.0, 185.0, 174.0]",23.71940803527832,0.0,171.50970458984375,0.43627166748046875,-30.494827270507812
1750930336.50153,0.0,0.5,"[174.0, 185.0, 170.0, 147.0, 147.0, 259.0, 169.0, 190.0, 185.0, 174.0]",23.817781448364258,0.0,171.043212890625,0.42711639404296875,-30.398826599121094
1750930336.5241647,0.0,0.5,"[174.0, 185.0, 170.0, 147.0, 147.0, 259.0, 169.0, 192.0, 185.0, 174.0]",23.88785743713379,0.0,170.57534790039062,0.417999267578125,-30.302520751953125
1750930336.5259688,0.0,0.5,"[174.0, 185.0, 170.0, 147.0, 147.0, 259.0, 169.0, 192.0, 185.0, 174.0]",23.878522872924805,0.0,170.10768127441406,0.4085865020751953,-30.206222534179688
1750930336.5490713,0.0,0.5,"[174.0, 185.0, 169.0, 147.0, 147.0, 165.0, 170.0, 192.0, 185.0, 174.0]",23.87261199951172,0.0,169.64013671875,0.39896202087402344,-30.109939575195312
1750930336.5721164,0.0,0.5,"[174.0, 185.0, 169.0, 147.0, 146.0, 165.0, 170.0, 192.0, 185.0, 174.0]",23.965835571289062,0.0,169.1707763671875,0.3893871307373047,-30.013206481933594
1750930336.5951896,0.0,0.5,"[174.0, 185.0, 169.0, 147.0, 146.0, 165.0, 170.0, 193.0, 185.0, 174.0]",23.957181930541992,0.0,168.7015838623047,0.3799858093261719,-29.91651153564453
1750930336.6186943,-1.0,0.5,"[174.0, 185.0, 169.0, 147.0, 146.0, 165.0, 170.0, 193.0, 185.0, 174.0]",23.972761154174805,0.0,168.23208618164062,0.3707294464111328,-29.819732666015625
1750930336.6416113,-1.0,0.5,"[174.0, 185.0, 169.0, 147.0, 147.0, 259.0, 170.0, 193.0, 185.0, 174.0]",23.680110931396484,-0.5,167.7654266357422,0.3609905242919922,-29.73956298828125
1750930336.6648908,0.0,0.5,"[174.0, 185.0, 170.0, 149.0, 148.0, 259.0, 168.0, 190.0, 185.0, 174.0]",23.659671783447266,-0.5,167.29605102539062,0.3503303527832031,-29.680572509765625
1750930336.6665485,0.0,0.5,"[174.0, 185.0, 170.0, 149.0, 148.0, 259.0, 168.0, 190.0, 185.0, 174.0]",23.390554428100586,0.0,166.83364868164062,0.3400421142578125,-29.610443115234375
1750930336.6897557,0.0,0.5,"[174.0, 185.0, 172.0, 149.0, 149.0, 259.0, 168.0, 190.0, 185.0, 174.0]",23.73066520690918,0.0,166.364990234375,0.3294715881347656,-29.536270141601562
1750930336.7128706,0.0,0.5,"[174.0, 185.0, 172.0, 149.0, 149.0, 259.0, 168.0, 190.0, 185.0, 174.0]",23.380168914794922,0.0,165.9032745361328,0.3191356658935547,-29.462989807128906
1750930336.7354925,0.0,0.5,"[174.0, 185.0, 172.0, 149.0, 149.0, 166.0, 168.0, 192.0, 185.0, 174.0]",23.80860710144043,0.0,165.4330291748047,0.3088645935058594,-29.388839721679688
1750930336.7587473,0.0,0.5,"[174.0, 185.0, 172.0, 149.0, 149.0, 166.0, 168.0, 192.0, 185.0, 174.0]",23.41531753540039,0.0,164.97047424316406,0.2989692687988281,-29.316329956054688
1750930336.7817245,0.0,0.5,"[174.0, 185.0, 172.0, 149.0, 149.0, 166.0, 168.0, 192.0, 185.0, 174.0]",23.842710494995117,0.0,164.49945068359375,0.28911781311035156,-29.242691040039062
1750930336.8051157,0.0,0.5,"[174.0, 185.0, 171.0, 149.0, 149.0, 166.0, 168.0, 193.0, 185.0, 174.0]",23.55030632019043,0.0,164.0341796875,0.27950286865234375,-29.170059204101562
1750930336.8066947,0.0,0.5,"[174.0, 185.0, 171.0, 149.0, 149.0, 166.0, 168.0, 193.0, 185.0, 174.0]",23.917102813720703,0.0,163.56163024902344,0.26955604553222656,-29.09649658203125
1750930336.8303864,0.0,0.5,"[174.0, 185.0, 171.0, 149.0, 149.0, 259.0, 169.0, 193.0, 185.0, 174.0]",23.60115623474121,0.0,163.09530639648438,0.2595996856689453,-29.02404022216797
1750930336.8540597,0.0,0.5,"[174.0, 185.0, 170.0, 149.0, 148.0, 259.0, 169.0, 193.0, 185.0, 174.0]",23.983367919921875,0.0,162.62144470214844,0.24956130981445312,-28.9503173828125
1750930336.877912,0.0,0.5,"[174.0, 185.0, 170.0, 149.0, 148.0, 259.0, 169.0, 194.0, 185.0, 174.0]",23.632253646850586,0.0,162.15452575683594,0.2399311065673828,-28.877609252929688
1750930336.9006004,0.0,0.5,"[174.0, 185.0, 170.0, 149.0, 148.0, 259.0, 169.0, 195.0, 185.0, 174.0]",24.061126708984375,0.0,161.67910766601562,0.23043060302734375,-28.803688049316406
1750930336.9236221,0.0,0.5,"[174.0, 185.0, 170.0, 148.0, 148.0, 259.0, 169.0, 195.0, 185.0, 174.0]",23.685354232788086,0.0,161.21109008789062,0.2213268280029297,-28.73102569580078
1750930336.9255314,0.0,0.5,"[174.0, 185.0, 170.0, 148.0, 148.0, 259.0, 169.0, 195.0, 185.0, 174.0]",24.10184097290039,0.0,160.73486328125,0.21225738525390625,-28.656959533691406
1750930336.948516,0.0,0.5,"[174.0, 185.0, 170.0, 148.0, 148.0, 259.0, 169.0, 196.0, 185.0, 174.0]",23.785921096801758,0.0,160.264892578125,0.20336341857910156,-28.583786010742188
1750930336.9707448,-1.0,0.5,"[174.0, 185.0, 170.0, 148.0, 148.0, 165.0, 169.0, 197.0, 185.0, 174.0]",24.170129776000977,0.0,159.78732299804688,0.1943511962890625,-28.50951385498047
1750930336.993453,-1.0,0.5,"[174.0, 185.0, 170.0, 148.0, 148.0, 165.0, 169.0, 195.0, 185.0, 174.0]",23.577299118041992,-0.5,159.31912231445312,0.18516921997070312,-28.454017639160156
1750930337.0159373,-1.0,0.5,"[174.0, 185.0, 172.0, 151.0, 150.0, 165.0, 167.0, 193.0, 185.0, 174.0]",23.674827575683594,-0.5,158.84719848632812,0.1757373809814453,-28.416641235351562
1750930337.039782,0.0,0.5,"[174.0, 185.0, 175.0, 152.0, 152.0, 163.0, 164.0, 190.0, 185.0, 174.0]",23.08502769470215,-0.5,158.38571166992188,0.16635704040527344,-28.40540313720703
1750930337.0643594,0.0,0.5,"[174.0, 185.0, 176.0, 153.0, 153.0, 162.0, 164.0, 189.0, 185.0, 174.0]",23.403667449951172,0.0,157.91830444335938,0.15736007690429688,-28.382095336914062
1750930337.0661657,0.0,0.5,"[174.0, 185.0, 176.0, 153.0, 153.0, 162.0, 164.0, 189.0, 185.0, 174.0]",23.142892837524414,0.0,157.45654296875,0.14887619018554688,-28.351593017578125
1750930337.0888977,0.0,0.5,"[174.0, 185.0, 176.0, 154.0, 153.0, 161.0, 163.0, 189.0, 185.0, 174.0]",23.508087158203125,0.0,156.987548828125,0.14064598083496094,-28.319541931152344
1750930337.1122591,0.0,0.5,"[174.0, 185.0, 176.0, 154.0, 153.0, 161.0, 163.0, 189.0, 185.0, 174.0]",23.13479995727539,0.0,156.52597045898438,0.1328296661376953,-28.288223266601562
1750930337.135916,0.0,0.5,"[174.0, 185.0, 176.0, 154.0, 153.0, 161.0, 163.0, 189.0, 185.0, 174.0]",23.55078125,0.0,156.05609130859375,0.12512779235839844,-28.25677490234375
1750930337.1594176,0.0,0.5,"[174.0, 185.0, 176.0, 154.0, 153.0, 161.0, 163.0, 189.0, 185.0, 174.0]",23.23219108581543,0.0,155.592529296875,0.11779594421386719,-28.22606658935547
1750930337.1834457,0.0,0.5,"[174.0, 185.0, 176.0, 153.0, 153.0, 161.0, 163.0, 189.0, 185.0, 174.0]",23.61251449584961,0.0,155.12136840820312,0.1107177734375,-28.195037841796875
1750930337.1850686,0.0,0.5,"[174.0, 185.0, 176.0, 153.0, 153.0, 161.0, 163.0, 189.0, 185.0, 174.0]",23.267223358154297,0.0,154.65707397460938,0.10411643981933594,-28.16455841064453
1750930337.2092586,0.0,0.5,"[174.0, 185.0, 176.0, 153.0, 152.0, 160.0, 162.0, 189.0, 185.0, 174.0]",23.70665168762207,0.0,154.18399047851562,0.09777450561523438,-28.133567810058594
1750930337.2324812,0.0,0.5,"[174.0, 185.0, 175.0, 153.0, 152.0, 160.0, 162.0, 189.0, 185.0, 174.0]",23.300371170043945,0.0,153.718994140625,0.09191703796386719,-28.103164672851562
1750930337.2565458,-1.0,0.5,"[174.0, 185.0, 175.0, 153.0, 152.0, 160.0, 162.0, 189.0, 185.0, 174.0]",23.730865478515625,0.0,153.24542236328125,0.08630180358886719,-28.072174072265625
1750930337.2805703,-1.0,0.5,"[174.0, 185.0, 176.0, 154.0, 153.0, 159.0, 162.0, 187.0, 185.0, 174.0]",23.178607940673828,-0.5,152.7821044921875,0.08102035522460938,-28.05762481689453
1750930337.3056045,0.0,0.5,"[174.0, 185.0, 178.0, 155.0, 154.0, 158.0, 160.0, 186.0, 185.0, 174.0]",23.272382736206055,-0.5,152.31668090820312,0.07583236694335938,-28.061233520507812
1750930337.307462,0.0,0.5,"[174.0, 185.0, 178.0, 155.0, 154.0, 158.0, 160.0, 186.0, 185.0, 174.0]",22.943384170532227,0.0,151.85794067382812,0.07107734680175781,-28.052391052246094
1750930337.3310995,0.0,0.5,"[174.0, 185.0, 179.0, 155.0, 154.0, 158.0, 160.0, 185.0, 185.0, 174.0]",23.29225730895996,0.0,151.39224243164062,0.06661796569824219,-28.040786743164062
1750930337.354639,0.0,0.5,"[174.0, 185.0, 179.0, 155.0, 154.0, 157.0, 160.0, 184.0, 185.0, 174.0]",23.019296646118164,0.0,150.93203735351562,0.06257820129394531,-28.029197692871094
1750930337.3781314,0.0,0.5,"[174.0, 185.0, 179.0, 155.0, 154.0, 157.0, 160.0, 184.0, 185.0, 174.0]",23.413223266601562,0.0,150.46392822265625,0.05877113342285156,-28.017539978027344
1750930337.4023192,0.0,0.5,"[174.0, 185.0, 179.0, 155.0, 154.0, 157.0, 159.0, 184.0, 185.0, 174.0]",22.99818992614746,0.0,150.00411987304688,0.05528068542480469,-28.006240844726562
1750930337.4264154,0.0,0.5,"[174.0, 185.0, 179.0, 155.0, 154.0, 157.0, 159.0, 184.0, 185.0, 174.0]",23.402603149414062,0.0,149.53622436523438,0.05195808410644531,-27.995010375976562
1750930337.428018,0.0,0.5,"[174.0, 185.0, 179.0, 155.0, 154.0, 157.0, 159.0, 184.0, 185.0, 174.0]",23.166257858276367,0.0,149.07302856445312,0.048828125,-27.984039306640625
1750930337.451593,0.0,0.5,"[174.0, 185.0, 178.0, 155.0, 153.0, 157.0, 159.0, 184.0, 185.0, 174.0]",23.531896591186523,0.0,148.6025390625,0.04573631286621094,-27.97283935546875
1750930337.4748766,0.0,0.5,"[174.0, 185.0, 178.0, 155.0, 153.0, 157.0, 159.0, 184.0, 185.0, 174.0]",23.119890213012695,0.0,148.14028930664062,0.04279899597167969,-27.96185302734375
1750930337.4988663,0.0,0.5,"[174.0, 185.0, 178.0, 155.0, 153.0, 157.0, 159.0, 184.0, 185.0, 174.0]",23.5463809967041,0.0,147.66946411132812,0.04010009765625,-27.950714111328125
1750930337.523033,0.0,0.5,"[174.0, 185.0, 178.0, 155.0, 153.0, 157.0, 159.0, 184.0, 185.0, 174.0]",23.23409080505371,0.0,147.20492553710938,0.03767204284667969,-27.93975830078125
1750930337.5466623,0.0,0.5,"[174.0, 185.0, 178.0, 155.0, 153.0, 157.0, 159.0, 184.0, 185.0, 174.0]",23.628751754760742,0.0,146.73251342773438,0.03538703918457031,-27.928573608398438
1750930337.5482767,0.0,0.5,"[174.0, 185.0, 178.0, 155.0, 153.0, 157.0, 159.0, 184.0, 185.0, 174.0]",23.262781143188477,0.0,146.26736450195312,0.03328704833984375,-27.917556762695312
1750930337.5722172,0.0,0.5,"[174.0, 185.0, 178.0, 155.0, 153.0, 157.0, 159.0, 184.0, 185.0, 174.0]",23.650279998779297,0.0,145.79452514648438,0.031137466430664062,-27.90637969970703
1750930337.5962052,0.0,0.5,"[174.0, 185.0, 178.0, 155.0, 153.0, 157.0, 159.0, 184.0, 185.0, 174.0]",23.39070701599121,0.0,145.32681274414062,0.028966903686523438,-27.89531707763672
1750930337.620035,0.0,0.5,"[174.0, 185.0, 178.0, 155.0, 153.0, 157.0, 159.0, 184.0, 185.0, 174.0]",23.722715377807617,0.0,144.85250854492188,0.0266876220703125,-27.88409423828125
1750930337.6441374,0.0,0.5,"[174.0, 185.0, 178.0, 155.0, 153.0, 157.0, 159.0, 184.0, 185.0, 174.0]",23.400554656982422,0.0,144.38461303710938,0.02449798583984375,-27.873023986816406
1750930337.6457877,0.0,0.5,"[174.0, 185.0, 178.0, 155.0, 153.0, 157.0, 159.0, 184.0, 185.0, 174.0]",23.8067569732666,0.0,143.90863037109375,0.022369384765625,-27.861740112304688
1750930337.6695805,0.0,0.5,"[174.0, 185.0, 178.0, 155.0, 153.0, 157.0, 159.0, 184.0, 185.0, 174.0]",23.410343170166016,0.0,143.44058227539062,0.020357131958007812,-27.85063934326172
1750930337.6929743,0.0,0.5,"[174.0, 185.0, 178.0, 155.0, 153.0, 157.0, 159.0, 184.0, 185.0, 174.0]",23.845897674560547,0.0,142.96377563476562,0.01850128173828125,-27.839324951171875
1750930337.7168543,0.0,0.5,"[174.0, 185.0, 178.0, 155.0, 153.0, 157.0, 159.0, 184.0, 185.0, 174.0]",23.490041732788086,0.0,142.49411010742188,0.01686859130859375,-27.82817840576172
1750930337.7403085,0.0,0.5,"[174.0, 185.0, 178.0, 155.0, 153.0, 156.0, 159.0, 184.0, 185.0, 174.0]",23.91715431213379,0.0,142.01589965820312,0.015344619750976562,-27.81682586669922
1750930337.764432,0.0,0.5,"[174.0, 185.0, 178.0, 155.0, 153.0, 156.0, 159.0, 184.0, 185.0, 174.0]",23.527246475219727,0.0,141.54550170898438,0.013959884643554688,-27.80565643310547
1750930337.7661042,0.0,0.5,"[174.0, 185.0, 178.0, 155.0, 153.0, 156.0, 159.0, 184.0, 185.0, 174.0]",23.95405387878418,0.0,141.06655883789062,0.012653350830078125,-27.794273376464844
1750930337.7895129,0.0,0.5,"[174.0, 185.0, 178.0, 154.0, 153.0, 156.0, 159.0, 184.0, 185.0, 174.0]",23.623868942260742,0.0,140.59420776367188,0.011453628540039062,-27.783042907714844
1750930337.8134959,0.0,0.5,"[174.0, 185.0, 178.0, 154.0, 153.0, 156.0, 159.0, 184.0, 185.0, 174.0]",24.02626609802246,0.0,140.11383056640625,0.010293960571289062,-27.771621704101562
1750930337.836847,0.0,0.5,"[174.0, 185.0, 178.0, 154.0, 153.0, 156.0, 159.0, 184.0, 185.0, 174.0]",23.650606155395508,0.0,139.64096069335938,0.009283065795898438,-27.76036834716797
1750930337.8608537,0.0,0.5,"[174.0, 185.0, 178.0, 154.0, 153.0, 156.0, 159.0, 184.0, 185.0, 174.0]",24.0772705078125,0.0,139.1595458984375,0.008453369140625,-27.748939514160156
1750930337.8851745,0.0,0.5,"[174.0, 185.0, 177.0, 154.0, 153.0, 156.0, 159.0, 184.0, 185.0, 174.0]",23.72330093383789,0.0,138.68521118164062,0.00778961181640625,-27.737693786621094
1750930337.8868418,0.0,0.5,"[174.0, 185.0, 177.0, 154.0, 153.0, 156.0, 159.0, 184.0, 185.0, 174.0]",24.120929718017578,0.0,138.20291137695312,0.007259368896484375,-27.72624969482422
1750930337.9111753,0.0,0.5,"[174.0, 185.0, 177.0, 154.0, 153.0, 156.0, 159.0, 184.0, 185.0, 174.0]",23.796070098876953,0.0,137.72714233398438,0.0068531036376953125,-27.714935302734375
1750930337.9351814,0.0,0.5,"[174.0, 185.0, 176.0, 154.0, 153.0, 156.0, 159.0, 184.0, 185.0, 174.0]",24.191404342651367,0.0,137.24343872070312,0.00650787353515625,-27.703460693359375
1750930337.9593282,0.0,0.5,"[174.0, 185.0, 176.0, 154.0, 153.0, 156.0, 159.0, 184.0, 185.0, 174.0]",23.825103759765625,0.0,136.76708984375,0.006229400634765625,-27.692169189453125
1750930337.9826884,0.0,0.5,"[174.0, 185.0, 176.0, 154.0, 153.0, 156.0, 159.0, 184.0, 185.0, 174.0]",24.22030258178711,0.0,136.28280639648438,0.0059947967529296875,-27.68067169189453
1750930337.9843316,0.0,0.5,"[174.0, 185.0, 176.0, 154.0, 153.0, 156.0, 159.0, 184.0, 185.0, 174.0]",23.931499481201172,0.0,135.8043212890625,0.0057964324951171875,-27.669296264648438
1750930338.0079546,0.0,0.5,"[174.0, 185.0, 176.0, 153.0, 153.0, 156.0, 159.0, 185.0, 185.0, 174.0]",24.302860260009766,0.0,135.31838989257812,0.005580902099609375,-27.657752990722656
1750930338.031974,0.0,0.5,"[174.0, 185.0, 176.0, 153.0, 153.0, 156.0, 159.0, 185.0, 185.0, 174.0]",23.93400764465332,0.0,134.83987426757812,0.00536346435546875,-27.64636993408203
1750930338.056393,0.0,0.5,"[174.0, 185.0, 176.0, 153.0, 153.0, 156.0, 159.0, 185.0, 185.0, 174.0]",24.329343795776367,0.0,134.35342407226562,0.0051326751708984375,-27.634796142578125
1750930338.0803854,0.0,0.5,"[174.0, 185.0, 176.0, 153.0, 153.0, 156.0, 159.0, 185.0, 185.0, 174.0]",24.03993034362793,0.0,133.87274169921875,0.00489044189453125,-27.62335968017578
1750930338.1045265,0.0,0.5,"[174.0, 185.0, 176.0, 153.0, 153.0, 156.0, 159.0, 186.0, 185.0, 174.0]",24.415422439575195,0.0,133.38455200195312,0.0046443939208984375,-27.611740112304688
1750930338.1062675,0.0,0.5,"[174.0, 185.0, 176.0, 153.0, 153.0, 156.0, 159.0, 186.0, 185.0, 174.0]",24.033119201660156,0.0,132.90402221679688,0.00440216064453125,-27.600296020507812
1750930338.1298943,-1.0,0.5,"[174.0, 185.0, 176.0, 153.0, 153.0, 156.0, 160.0, 186.0, 185.0, 174.0]",24.43916893005371,0.0,132.41537475585938,0.00415802001953125,-27.588653564453125
1750930338.153756,-1.0,0.5,"[174.0, 185.0, 176.0, 154.0, 153.0, 156.0, 159.0, 184.0, 185.0, 174.0]",23.893354415893555,-0.5,131.93753051757812,0.0039043426513671875,-27.593589782714844
1750930338.1779394,0.0,0.5,"[174.0, 185.0, 179.0, 155.0, 154.0, 154.0, 158.0, 183.0, 185.0, 174.0]",23.969640731811523,-0.5,131.45867919921875,0.003620147705078125,-27.61608123779297
1750930338.2027953,0.0,0.5,"[174.0, 185.0, 179.0, 156.0, 155.0, 154.0, 156.0, 183.0, 185.0, 174.0]",23.660369873046875,0.0,130.985595703125,0.0033245086669921875,-27.627220153808594
1750930338.2266512,0.0,0.5,"[174.0, 185.0, 179.0, 156.0, 155.0, 154.0, 156.0, 183.0, 185.0, 174.0]",23.99909782409668,0.0,130.50570678710938,0.003021240234375,-27.63611602783203
1750930338.2282465,0.0,0.5,"[174.0, 185.0, 179.0, 156.0, 155.0, 154.0, 156.0, 183.0, 185.0, 174.0]",23.726232528686523,0.0,130.03125,0.002742767333984375,-27.644874572753906
1750930338.2529194,0.0,0.5,"[174.0, 185.0, 180.0, 156.0, 155.0, 154.0, 156.0, 181.0, 185.0, 174.0]",24.105712890625,0.0,129.54922485351562,0.0024738311767578125,-27.65412139892578
1750930338.2769647,0.0,0.5,"[174.0, 185.0, 180.0, 156.0, 155.0, 153.0, 156.0, 181.0, 185.0, 174.0]",23.692073822021484,0.0,129.07546997070312,0.00222015380859375,-27.66352081298828
1750930338.3008785,0.0,0.5,"[174.0, 185.0, 180.0, 156.0, 155.0, 153.0, 156.0, 181.0, 185.0, 174.0]",24.103567123413086,0.0,128.593505859375,0.001979827880859375,-27.67340850830078
1750930338.3249934,0.0,0.5,"[174.0, 185.0, 180.0, 156.0, 155.0, 153.0, 156.0, 181.0, 185.0, 174.0]",23.8492374420166,0.0,128.11660766601562,0.0017547607421875,-27.683395385742188
1750930338.326776,0.0,0.5,"[174.0, 185.0, 180.0, 156.0, 155.0, 153.0, 156.0, 181.0, 185.0, 174.0]",24.210350036621094,0.0,127.63253784179688,0.001529693603515625,-27.693618774414062
1750930338.3510442,0.0,0.5,"[174.0, 185.0, 181.0, 156.0, 155.0, 153.0, 156.0, 181.0, 185.0, 174.0]",23.80741310119629,0.0,127.15646362304688,0.001308441162109375,-27.703712463378906
1750930338.3746972,0.0,0.5,"[174.0, 185.0, 181.0, 157.0, 155.0, 153.0, 156.0, 181.0, 185.0, 174.0]",24.21761703491211,0.0,126.6722412109375,0.0010929107666015625,-27.714065551757812
1750930338.3994102,0.0,0.5,"[174.0, 185.0, 181.0, 157.0, 155.0, 153.0, 156.0, 181.0, 185.0, 174.0]",23.94756317138672,0.0,126.19338989257812,0.0008869171142578125,-27.724349975585938
1750930338.4242525,0.0,0.5,"[174.0, 185.0, 181.0, 157.0, 155.0, 153.0, 156.0, 181.0, 185.0, 174.0]",24.321514129638672,0.0,125.70706176757812,0.000705718994140625,-27.734779357910156
1750930338.425944,0.0,0.5,"[174.0, 185.0, 181.0, 157.0, 155.0, 153.0, 156.0, 181.0, 185.0, 174.0]",23.911914825439453,0.0,125.22894287109375,0.000545501708984375,-27.745018005371094
1750930338.4502668,0.0,0.5,"[174.0, 185.0, 181.0, 157.0, 155.0, 153.0, 156.0, 181.0, 185.0, 174.0]",24.324914932250977,0.0,124.7425537109375,0.000408172607421875,-27.755470275878906
1750930338.47463,0.0,0.5,"[174.0, 185.0, 181.0, 157.0, 155.0, 153.0, 156.0, 181.0, 185.0, 174.0]",24.057228088378906,0.0,124.26150512695312,0.0002880096435546875,-27.765830993652344
1750930338.4992843,0.0,0.5,"[174.0, 185.0, 181.0, 157.0, 155.0, 153.0, 156.0, 181.0, 185.0, 174.0]",24.426973342895508,0.0,123.77310180664062,0.00017547607421875,-27.776321411132812
1750930338.5232131,0.0,0.5,"[174.0, 185.0, 181.0, 157.0, 155.0, 153.0, 156.0, 181.0, 185.0, 174.0]",24.02385902404785,0.0,123.292724609375,7.43865966796875e-05,-27.78662109375
1750930338.5250058,0.0,0.5,"[174.0, 185.0, 181.0, 157.0, 155.0, 153.0, 156.0, 181.0, 185.0, 174.0]",24.4348201751709,0.0,122.80413818359375,-1.1444091796875e-05,-27.79712677001953
1750930338.5485833,0.0,0.5,"[174.0, 185.0, 181.0, 157.0, 155.0, 153.0, 156.0, 181.0, 185.0, 174.0]",24.15897560119629,0.0,122.32107543945312,-6.67572021484375e-05,-27.807533264160156
1750930338.5725465,0.0,0.5,"[174.0, 185.0, 181.0, 157.0, 155.0, 153.0, 156.0, 181.0, 185.0, 174.0]",24.535409927368164,0.0,121.83047485351562,-9.5367431640625e-05,-27.818069458007812
1750930338.5966265,0.0,0.5,"[174.0, 185.0, 181.0, 158.0, 155.0, 153.0, 156.0, 181.0, 185.0, 174.0]",24.129430770874023,0.0,121.34799194335938,-0.0001010894775390625,-27.828414916992188
1750930338.6209128,1.0,0.5,"[174.0, 185.0, 181.0, 158.0, 155.0, 153.0, 156.0, 181.0, 185.0, 174.0]",24.539554595947266,0.0,120.85733032226562,-8.7738037109375e-05,-27.838966369628906
1750930338.6455488,0.0,0.5,"[174.0, 185.0, 181.0, 156.0, 155.0, 154.0, 156.0, 181.0, 185.0, 174.0]",24.009347915649414,0.5,120.37716674804688,-5.91278076171875e-05,-27.83228302001953
1750930338.647241,0.0,0.5,"[174.0, 185.0, 181.0, 156.0, 155.0, 154.0, 156.0, 181.0, 185.0, 174.0]",24.344924926757812,0.0,119.89028930664062,-1.9073486328125e-05,-27.83233642578125
1750930338.671756,0.0,0.5,"[174.0, 185.0, 180.0, 156.0, 154.0, 154.0, 156.0, 181.0, 185.0, 174.0]",23.92837142944336,0.0,119.41171264648438,2.86102294921875e-05,-27.833778381347656
1750930338.6957753,0.0,0.5,"[174.0, 185.0, 179.0, 156.0, 154.0, 154.0, 156.0, 181.0, 185.0, 174.0]",24.34101676940918,0.0,118.92489624023438,8.20159912109375e-05,-27.83539581298828
1750930338.7199419,0.0,0.5,"[174.0, 185.0, 179.0, 156.0, 154.0, 154.0, 156.0, 181.0, 185.0, 174.0]",24.082508087158203,0.0,118.44326782226562,0.0001392364501953125,-27.836822509765625
1750930338.7439554,0.0,0.5,"[174.0, 185.0, 179.0, 156.0, 154.0, 154.0, 156.0, 181.0, 185.0, 174.0]",24.44834327697754,0.0,117.95428466796875,0.0001964569091796875,-27.83812713623047
1750930338.7456968,0.0,0.5,"[174.0, 185.0, 179.0, 156.0, 154.0, 154.0, 156.0, 181.0, 185.0, 174.0]",24.039058685302734,0.0,117.4735107421875,0.0002536773681640625,-27.839279174804688
1750930338.7683594,0.0,0.5,"[174.0, 185.0, 179.0, 156.0, 154.0, 154.0, 156.0, 181.0, 185.0, 174.0]",24.450889587402344,0.0,116.9844970703125,0.000308990478515625,-27.84032440185547
1750930338.7933471,0.0,0.5,"[174.0, 185.0, 179.0, 156.0, 154.0, 154.0, 156.0, 181.0, 185.0, 174.0]",24.18438720703125,0.0,116.50079345703125,0.0003604888916015625,-27.841262817382812
1750930338.8182254,0.0,0.5,"[174.0, 185.0, 179.0, 156.0, 154.0, 154.0, 156.0, 181.0, 185.0, 174.0]",24.554954528808594,0.0,116.00970458984375,0.000408172607421875,-27.842185974121094
1750930338.842037,0.0,0.5,"[174.0, 185.0, 179.0, 156.0, 154.0, 154.0, 156.0, 181.0, 185.0, 174.0]",24.147262573242188,0.0,115.52676391601562,0.00045013427734375,-27.84307098388672
1750930338.8663003,0.0,0.5,"[174.0, 185.0, 179.0, 156.0, 154.0, 154.0, 156.0, 181.0, 185.0, 174.0]",24.558265686035156,0.0,115.03561401367188,0.00048828125,-27.84393310546875
1750930338.8680124,0.0,0.5,"[174.0, 185.0, 179.0, 156.0, 154.0, 154.0, 156.0, 181.0, 185.0, 174.0]",24.28927993774414,0.0,114.5498046875,0.0005207061767578125,-27.844772338867188
1750930338.8921702,0.0,0.5,"[174.0, 185.0, 179.0, 156.0, 154.0, 154.0, 156.0, 181.0, 185.0, 174.0]",24.659713745117188,0.0,114.05661010742188,0.0005474090576171875,-27.845626831054688
1750930338.915978,0.0,0.5,"[174.0, 185.0, 179.0, 156.0, 154.0, 154.0, 156.0, 181.0, 185.0, 174.0]",24.2554931640625,0.0,113.57150268554688,0.0005702972412109375,-27.846466064453125
1750930338.9397705,0.0,0.5,"[174.0, 185.0, 179.0, 156.0, 154.0, 154.0, 156.0, 181.0, 185.0, 174.0]",24.666059494018555,0.0,113.07818603515625,0.0005893707275390625,-27.847320556640625
1750930338.964682,0.0,0.5,"[174.0, 185.0, 179.0, 156.0, 154.0, 154.0, 156.0, 181.0, 185.0, 174.0]",24.39087677001953,0.0,112.59036254882812,0.00060272216796875,-27.84814453125
1750930338.9662845,0.0,0.5,"[174.0, 185.0, 179.0, 156.0, 154.0, 154.0, 156.0, 181.0, 185.0, 174.0]",24.764413833618164,0.0,112.0950927734375,0.000614166259765625,-27.84899139404297
1750930338.990614,0.0,0.5,"[174.0, 185.0, 179.0, 156.0, 154.0, 154.0, 156.0, 181.0, 185.0, 174.0]",24.362314224243164,0.0,111.60784912109375,0.0006198883056640625,-27.849838256835938
1750930339.0145123,0.0,0.5,"[174.0, 185.0, 179.0, 156.0, 154.0, 154.0, 156.0, 181.0, 185.0, 174.0]",24.772470474243164,0.0,111.11239624023438,0.0006237030029296875,-27.850677490234375
1750930339.0390394,0.0,0.5,"[174.0, 185.0, 179.0, 156.0, 154.0, 154.0, 156.0, 181.0, 185.0, 174.0]",24.493305206298828,0.0,110.62252807617188,0.0006256103515625,-27.85150909423828
1750930339.0646758,0.0,0.5,"[174.0, 185.0, 179.0, 156.0, 154.0, 154.0, 156.0, 181.0, 185.0, 174.0]",24.868345260620117,0.0,110.12515258789062,0.0006237030029296875,-27.85236358642578
1750930339.066622,0.0,0.5,"[174.0, 185.0, 179.0, 156.0, 154.0, 154.0, 156.0, 181.0, 185.0, 174.0]",24.46849250793457,0.0,109.63580322265625,0.000621795654296875,-27.85320281982422
1750930339.0897021,0.0,0.5,"[174.0, 185.0, 179.0, 156.0, 154.0, 154.0, 156.0, 181.0, 185.0, 174.0]",24.878171920776367,0.0,109.13821411132812,0.00061798095703125,-27.85405731201172
1750930339.1136062,0.0,0.5,"[174.0, 185.0, 180.0, 156.0, 154.0, 154.0, 156.0, 181.0, 185.0, 174.0]",24.595149993896484,0.0,108.64633178710938,0.0006122589111328125,-27.854888916015625
1750930339.1367276,0.0,0.5,"[174.0, 185.0, 180.0, 156.0, 154.0, 154.0, 156.0, 181.0, 185.0, 174.0]",24.971641540527344,0.0,108.14688110351562,0.000606536865234375,-27.855743408203125
1750930339.1610525,0.0,0.5,"[174.0, 185.0, 180.0, 156.0, 154.0, 154.0, 156.0, 181.0, 185.0, 174.0]",24.573986053466797,0.0,107.65542602539062,0.0006008148193359375,-27.856590270996094
1750930339.1863065,0.0,0.5,"[174.0, 185.0, 180.0, 156.0, 154.0, 154.0, 156.0, 181.0, 185.0, 174.0]",24.983060836791992,0.0,107.15576171875,0.0005950927734375,-27.857437133789062
1750930339.1880832,0.0,0.5,"[174.0, 185.0, 180.0, 156.0, 154.0, 154.0, 156.0, 181.0, 185.0, 174.0]",24.6966552734375,0.0,106.66183471679688,0.0005893707275390625,-27.8582763671875
1750930339.2115946,0.0,0.5,"[174.0, 185.0, 180.0, 156.0, 154.0, 154.0, 156.0, 181.0, 185.0, 174.0]",25.07424545288086,0.0,106.16033935546875,0.000583648681640625,-27.85913848876953
1750930339.2348802,0.0,0.5,"[174.0, 185.0, 180.0, 156.0, 154.0, 154.0, 156.0, 181.0, 185.0, 174.0]",24.67886734008789,0.0,105.666748046875,0.0005779266357421875,-27.8599853515625
1750930339.258062,0.0,0.5,"[174.0, 185.0, 180.0, 156.0, 154.0, 154.0, 156.0, 181.0, 185.0, 174.0]",25.087207794189453,0.0,105.16500854492188,0.00057220458984375,-27.86083984375
1750930339.281321,0.0,0.5,"[174.0, 185.0, 180.0, 156.0, 154.0, 154.0, 156.0, 181.0, 185.0, 174.0]",24.79767608642578,0.0,104.6690673828125,0.000568389892578125,-27.861679077148438
1750930339.304241,0.0,0.5,"[174.0, 185.0, 180.0, 156.0, 154.0, 154.0, 156.0, 181.0, 185.0, 174.0]",25.17616844177246,0.0,104.16555786132812,0.0005626678466796875,-27.86254119873047
1750930339.305978,0.0,0.5,"[174.0, 185.0, 180.0, 156.0, 154.0, 154.0, 156.0, 181.0, 185.0, 174.0]",24.78312873840332,0.0,103.66989135742188,0.000560760498046875,-27.863388061523438
1750930339.3284671,0.0,0.5,"[174.0, 185.0, 180.0, 156.0, 154.0, 154.0, 156.0, 181.0, 185.0, 174.0]",25.190649032592773,0.0,103.16607666015625,0.00055694580078125,-27.86425018310547
1750930339.3513312,0.0,0.5,"[174.0, 185.0, 180.0, 156.0, 154.0, 154.0, 156.0, 181.0, 185.0, 174.0]",24.898143768310547,0.0,102.66812133789062,0.0005550384521484375,-27.865097045898438
1750930339.3723845,0.0,0.5,"[174.0, 185.0, 180.0, 156.0, 154.0, 154.0, 156.0, 181.0, 185.0, 174.0]",25.27741050720215,0.0,102.16256713867188,0.0005512237548828125,-27.865966796875
1750930339.3944616,0.0,0.5,"[174.0, 185.0, 180.0, 156.0, 154.0, 154.0, 156.0, 181.0, 185.0, 174.0]",24.886751174926758,0.0,101.66482543945312,0.0005512237548828125,-27.86681365966797
1750930339.4159722,0.0,0.5,"[174.0, 185.0, 180.0, 156.0, 154.0, 154.0, 156.0, 181.0, 185.0, 174.0]",25.293405532836914,0.0,101.15896606445312,0.00054931640625,-27.86767578125
1750930339.4372985,0.0,0.5,"[174.0, 185.0, 180.0, 156.0, 154.0, 154.0, 156.0, 181.0, 185.0, 174.0]",24.99800682067871,0.0,100.65899658203125,0.0005474090576171875,-27.8685302734375
1750930339.458257,0.0,0.5,"[174.0, 185.0, 180.0, 156.0, 154.0, 154.0, 156.0, 181.0, 185.0, 174.0]",25.37798500061035,0.0,100.15142822265625,0.0005474090576171875,-27.869400024414062
1750930339.4795303,0.0,0.5,"[174.0, 185.0, 180.0, 156.0, 154.0, 154.0, 156.0, 181.0, 185.0, 174.0]",24.98971939086914,0.0,99.65164184570312,0.0005474090576171875,-27.870254516601562
1750930339.500557,0.0,0.5,"[174.0, 185.0, 180.0, 156.0, 154.0, 154.0, 156.0, 181.0, 185.0, 174.0]",25.395490646362305,0.0,99.14373779296875,0.0005474090576171875,-27.871116638183594
1750930339.502242,0.0,0.5,"[174.0, 185.0, 180.0, 156.0, 154.0, 154.0, 156.0, 181.0, 185.0, 174.0]",25.097248077392578,0.0,98.64178466796875,0.0005474090576171875,-27.871971130371094
1750930339.5229924,0.0,0.5,"[174.0, 185.0, 180.0, 156.0, 154.0, 154.0, 156.0, 181.0, 185.0, 174.0]",25.47789192199707,0.0,98.13223266601562,0.0005474090576171875,-27.872840881347656
1750930339.5445485,0.0,0.5,"[174.0, 185.0, 180.0, 156.0, 154.0, 154.0, 156.0, 181.0, 185.0, 174.0]",25.092041015625,0.0,97.63040161132812,0.0005474090576171875,-27.873703002929688
1750930339.5648215,0.0,0.5,"[174.0, 185.0, 180.0, 156.0, 154.0, 154.0, 156.0, 181.0, 185.0, 174.0]",25.49692153930664,0.0,97.12045288085938,0.00054931640625,-27.87457275390625
1750930339.5859013,0.0,0.5,"[174.0, 185.0, 180.0, 156.0, 154.0, 154.0, 156.0, 181.0, 185.0, 174.0]",25.195842742919922,0.0,96.61654663085938,0.00054931640625,-27.87542724609375
1750930339.6067822,0.0,0.5,"[174.0, 185.0, 180.0, 156.0, 154.0, 154.0, 156.0, 181.0, 185.0, 174.0]",25.57712173461914,0.0,96.10498046875,0.00054931640625,-27.876304626464844
1750930339.6269858,0.0,0.5,"[174.0, 185.0, 180.0, 156.0, 154.0, 154.0, 156.0, 181.0, 185.0, 174.0]",25.193740844726562,0.0,95.60110473632812,0.0005512237548828125,-27.877166748046875
1750930339.648111,0.0,0.5,"[174.0, 185.0, 180.0, 156.0, 154.0, 154.0, 156.0, 181.0, 185.0, 174.0]",25.597705841064453,0.0,95.08914184570312,0.0005512237548828125,-27.878036499023438
1750930339.6692672,0.0,0.5,"[174.0, 185.0, 180.0, 156.0, 154.0, 154.0, 156.0, 181.0, 185.0, 174.0]",25.293800354003906,0.0,94.58328247070312,0.0005512237548828125,-27.87889862060547
1750930339.6898284,0.0,0.5,"[174.0, 185.0, 180.0, 156.0, 154.0, 154.0, 156.0, 181.0, 185.0, 174.0]",25.675662994384766,0.0,94.06976318359375,0.000553131103515625,-27.879776000976562
1750930339.7110522,0.0,0.5,"[174.0, 185.0, 180.0, 156.0, 154.0, 154.0, 156.0, 181.0, 185.0, 174.0]",25.294849395751953,0.0,93.56387329101562,0.000553131103515625,-27.880638122558594
1750930339.7312074,0.0,0.5,"[174.0, 185.0, 180.0, 156.0, 154.0, 154.0, 156.0, 181.0, 185.0, 174.0]",25.697858810424805,0.0,93.0499267578125,0.000553131103515625,-27.881515502929688
1750930339.7510595,0.0,0.5,"[174.0, 185.0, 180.0, 156.0, 154.0, 154.0, 156.0, 181.0, 185.0, 174.0]",25.3911075592041,0.0,92.54208374023438,0.000553131103515625,-27.88238525390625
1750930339.772097,0.0,0.5,"[174.0, 185.0, 180.0, 156.0, 154.0, 154.0, 156.0, 181.0, 185.0, 174.0]",25.773517608642578,0.0,92.02664184570312,0.000553131103515625,-27.883262634277344
1750930339.7929413,0.0,0.5,"[174.0, 185.0, 180.0, 156.0, 154.0, 154.0, 156.0, 181.0, 185.0, 174.0]",25.3953857421875,0.0,91.51870727539062,0.0005550384521484375,-27.884124755859375
1750930339.8133137,0.0,0.5,"[174.0, 185.0, 180.0, 156.0, 154.0, 154.0, 156.0, 181.0, 185.0, 174.0]",25.797386169433594,0.0,91.00277709960938,0.0005550384521484375,-27.885009765625
1750930339.8342795,0.0,0.5,"[174.0, 185.0, 180.0, 156.0, 154.0, 154.0, 156.0, 181.0, 185.0, 174.0]",25.487781524658203,0.0,90.49301147460938,0.0005550384521484375,-27.885879516601562
1750930339.8545122,0.0,0.5,"[174.0, 185.0, 180.0, 156.0, 154.0, 154.0, 156.0, 181.0, 185.0, 174.0]",25.870683670043945,0.0,89.97561645507812,0.0005550384521484375,-27.886764526367188
1750930339.8754897,0.0,0.5,"[174.0, 185.0, 180.0, 156.0, 154.0, 154.0, 156.0, 181.0, 185.0, 174.0]",25.495376586914062,0.0,89.4656982421875,0.0005550384521484375,-27.88763427734375
1750930339.8965776,0.0,0.5,"[174.0, 185.0, 180.0, 156.0, 154.0, 154.0, 156.0, 181.0, 185.0, 174.0]",25.896289825439453,0.0,88.94778442382812,0.0005550384521484375,-27.888511657714844
1750930339.9174623,0.0,0.5,"[174.0, 185.0, 180.0, 156.0, 154.0, 154.0, 156.0, 181.0, 185.0, 174.0]",25.583820343017578,0.0,88.43612670898438,0.0005550384521484375,-27.889389038085938
1750930339.9377074,0.0,0.5,"[174.0, 185.0, 180.0, 156.0, 154.0, 154.0, 156.0, 181.0, 185.0, 174.0]",25.967153549194336,0.0,87.91677856445312,0.0005550384521484375,-27.890274047851562
1750930339.9585335,0.0,0.5,"[174.0, 185.0, 180.0, 156.0, 154.0, 154.0, 156.0, 181.0, 185.0, 174.0]",25.594839096069336,0.0,87.40487670898438,0.0005550384521484375,-27.891143798828125
1750930339.9786386,0.0,0.5,"[174.0, 185.0, 180.0, 156.0, 154.0, 154.0, 156.0, 181.0, 185.0, 174.0]",25.994577407836914,0.0,86.88497924804688,0.0005550384521484375,-27.89203643798828
1750930339.9993255,0.0,0.5,"[174.0, 185.0, 180.0, 156.0, 154.0, 154.0, 156.0, 181.0, 185.0, 174.0]",25.679237365722656,0.0,86.37139892578125,0.0005550384521484375,-27.892913818359375
1750930340.0196393,0.0,0.5,"[174.0, 185.0, 180.0, 156.0, 154.0, 154.0, 156.0, 181.0, 185.0, 174.0]",26.062936782836914,0.0,85.85015869140625,0.0005550384521484375,-27.893798828125
1750930340.0212667,0.0,0.5,"[174.0, 185.0, 180.0, 156.0, 154.0, 154.0, 156.0, 181.0, 185.0, 174.0]",25.693777084350586,0.0,85.33627319335938,0.0005550384521484375,-27.894676208496094
1750930340.0413275,0.0,0.5,"[174.0, 185.0, 180.0, 156.0, 154.0, 154.0, 156.0, 181.0, 185.0, 174.0]",26.092243194580078,0.0,84.81442260742188,0.0005550384521484375,-27.89556884765625
1750930340.061639,0.0,0.5,"[174.0, 185.0, 180.0, 156.0, 154.0, 154.0, 156.0, 181.0, 185.0, 174.0]",25.7740478515625,0.0,84.2989501953125,0.0005550384521484375,-27.896446228027344
1750930340.0829778,0.0,0.5,"[174.0, 185.0, 180.0, 156.0, 154.0, 154.0, 156.0, 181.0, 185.0, 174.0]",26.158037185668945,0.0,83.77578735351562,0.0005550384521484375,-27.8973388671875
1750930340.103846,0.0,0.5,"[174.0, 185.0, 180.0, 156.0, 154.0, 154.0, 156.0, 181.0, 185.0, 174.0]",25.792203903198242,0.0,83.25994873046875,0.0005550384521484375,-27.898223876953125
1750930340.1239307,0.0,0.5,"[174.0, 185.0, 180.0, 156.0, 154.0, 154.0, 156.0, 181.0, 185.0, 174.0]",26.189285278320312,0.0,82.73614501953125,0.0005550384521484375,-27.89911651611328
1750930340.1440098,0.0,0.5,"[174.0, 185.0, 180.0, 156.0, 154.0, 154.0, 156.0, 181.0, 185.0, 174.0]",25.8682804107666,0.0,82.21878051757812,0.0005550384521484375,-27.900001525878906
1750930340.164596,0.0,0.5,"[174.0, 185.0, 180.0, 156.0, 154.0, 154.0, 156.0, 181.0, 185.0, 174.0]",26.252470016479492,0.0,81.69375610351562,0.0005550384521484375,-27.900894165039062
1750930340.185407,0.0,0.5,"[174.0, 185.0, 180.0, 156.0, 154.0, 154.0, 156.0, 181.0, 185.0, 174.0]",25.890104293823242,0.0,81.17593383789062,0.0005550384521484375,-27.901779174804688
1750930340.2059178,0.0,0.5,"[174.0, 185.0, 180.0, 156.0, 154.0, 154.0, 156.0, 181.0, 185.0, 174.0]",26.285688400268555,0.0,80.65023803710938,0.0005550384521484375,-27.902679443359375
1750930340.2249048,0.0,0.5,"[174.0, 185.0, 180.0, 156.0, 154.0, 154.0, 156.0, 181.0, 185.0, 174.0]",25.961977005004883,0.0,80.1309814453125,0.0005550384521484375,-27.903564453125
1750930340.243849,0.0,0.5,"[174.0, 185.0, 180.0, 156.0, 154.0, 154.0, 156.0, 181.0, 185.0, 174.0]",26.346254348754883,0.0,79.60406494140625,0.0005550384521484375,-27.904464721679688
1750930340.2630296,0.0,0.5,"[174.0, 185.0, 180.0, 156.0, 154.0, 154.0, 156.0, 181.0, 185.0, 174.0]",25.98746681213379,0.0,79.08432006835938,0.0005550384521484375,-27.905349731445312
1750930340.281973,0.0,0.5,"[174.0, 185.0, 180.0, 156.0, 154.0, 154.0, 156.0, 181.0, 185.0, 174.0]",26.381433486938477,0.0,78.55670166015625,0.0005550384521484375,-27.90625
1750930340.3003974,0.0,0.5,"[174.0, 185.0, 181.0, 156.0, 154.0, 154.0, 156.0, 181.0, 185.0, 174.0]",26.0551815032959,0.0,78.03558349609375,0.0005550384521484375,-27.907135009765625
1750930340.318128,0.0,0.5,"[174.0, 185.0, 181.0, 156.0, 154.0, 154.0, 156.0, 181.0, 185.0, 174.0]",26.439422607421875,0.0,77.50680541992188,0.0005550384521484375,-27.908042907714844
1750930340.3504744,0.0,0.5,"[174.0, 185.0, 181.0, 156.0, 154.0, 154.0, 156.0, 181.0, 185.0, 174.0]",26.08425521850586,0.0,76.98513793945312,0.0005550384521484375,-27.908935546875
1750930340.368844,0.0,0.5,"[174.0, 185.0, 181.0, 156.0, 154.0, 154.0, 156.0, 181.0, 185.0, 174.0]",26.47649383544922,0.0,76.45559692382812,0.0005550384521484375,-27.909835815429688
1750930340.3865037,0.0,0.5,"[174.0, 185.0, 181.0, 156.0, 154.0, 154.0, 156.0, 181.0, 185.0, 174.0]",26.14794921875,0.0,75.93264770507812,0.0005550384521484375,-27.910728454589844
1750930340.404519,0.0,0.5,"[174.0, 185.0, 181.0, 156.0, 154.0, 154.0, 156.0, 181.0, 185.0, 174.0]",26.532001495361328,0.0,75.40200805664062,0.0005550384521484375,-27.911636352539062
1750930340.4214978,0.0,0.5,"[174.0, 185.0, 181.0, 156.0, 154.0, 154.0, 156.0, 181.0, 185.0, 174.0]",26.180423736572266,0.0,74.87838745117188,0.0005550384521484375,-27.91252899169922
1750930340.4395282,0.0,0.5,"[174.0, 185.0, 181.0, 156.0, 154.0, 154.0, 156.0, 181.0, 185.0, 174.0]",26.570837020874023,0.0,74.34698486328125,0.0005550384521484375,-27.913436889648438
1750930340.457329,0.0,0.5,"[174.0, 185.0, 181.0, 156.0, 154.0, 154.0, 156.0, 181.0, 185.0, 174.0]",26.240345001220703,0.0,73.82217407226562,0.0005550384521484375,-27.914337158203125
1750930340.5021768,0.0,0.5,"[174.0, 185.0, 181.0, 156.0, 154.0, 154.0, 156.0, 181.0, 185.0, 174.0]",26.624040603637695,0.0,73.28970336914062,0.0005550384521484375,-27.915245056152344
1750930340.51872,0.0,0.5,"[174.0, 185.0, 181.0, 156.0, 154.0, 154.0, 156.0, 181.0, 185.0, 174.0]",26.275915145874023,0.0,72.76419067382812,0.0005550384521484375,-27.9161376953125
1750930340.520426,0.0,0.5,"[174.0, 185.0, 181.0, 156.0, 154.0, 154.0, 156.0, 181.0, 185.0, 174.0]",26.6644344329834,0.0,72.23089599609375,0.0005550384521484375,-27.91705322265625
1750930340.536527,0.0,0.5,"[174.0, 185.0, 181.0, 156.0, 154.0, 154.0, 156.0, 181.0, 185.0, 174.0]",26.332416534423828,0.0,71.70425415039062,0.0005550384521484375,-27.917945861816406
1750930340.5790467,0.0,0.5,"[174.0, 185.0, 181.0, 156.0, 154.0, 154.0, 156.0, 181.0, 185.0, 174.0]",26.71556282043457,0.0,71.169921875,0.0005550384521484375,-27.918861389160156
1750930340.59571,0.0,0.5,"[174.0, 185.0, 181.0, 156.0, 154.0, 154.0, 156.0, 181.0, 185.0, 174.0]",26.370677947998047,0.0,70.64251708984375,0.0005550384521484375,-27.919761657714844
1750930340.5973382,0.0,0.5,"[174.0, 185.0, 181.0, 156.0, 154.0, 154.0, 156.0, 181.0, 185.0, 174.0]",26.757266998291016,0.0,70.10739135742188,0.0005550384521484375,-27.920669555664062
1750930340.6378741,0.0,0.5,"[174.0, 185.0, 181.0, 156.0, 154.0, 154.0, 156.0, 181.0, 185.0, 174.0]",26.424198150634766,0.0,69.57888793945312,0.0005550384521484375,-27.92157745361328
1750930340.6543517,0.0,0.5,"[174.0, 185.0, 181.0, 156.0, 154.0, 154.0, 156.0, 181.0, 185.0, 174.0]",26.806612014770508,0.0,69.04275512695312,0.0005550384521484375,-27.92249298095703
1750930340.6684892,0.0,0.5,"[174.0, 185.0, 181.0, 156.0, 154.0, 154.0, 156.0, 181.0, 185.0, 174.0]",26.464658737182617,0.0,68.51345825195312,0.0005550384521484375,-27.92339324951172
1750930340.6837494,0.0,0.5,"[174.0, 185.0, 181.0, 156.0, 154.0, 154.0, 156.0, 181.0, 185.0, 174.0]",26.849327087402344,0.0,67.97647094726562,0.0005550384521484375,-27.92431640625
1750930340.6987338,0.0,0.5,"[174.0, 185.0, 181.0, 156.0, 154.0, 154.0, 156.0, 181.0, 185.0, 174.0]",26.515710830688477,0.0,67.4461669921875,0.0005550384521484375,-27.925216674804688
1750930340.7258837,0.0,0.5,"[174.0, 185.0, 181.0, 156.0, 154.0, 154.0, 156.0, 181.0, 185.0, 174.0]",26.89719581604004,0.0,66.90823364257812,0.0005550384521484375,-27.926132202148438
1750930340.7419364,0.0,0.5,"[174.0, 185.0, 181.0, 156.0, 154.0, 154.0, 156.0, 181.0, 185.0, 174.0]",26.55784034729004,0.0,66.3770751953125,0.0005550384521484375,-27.927040100097656
1750930340.7565055,0.0,0.5,"[174.0, 185.0, 181.0, 156.0, 154.0, 154.0, 156.0, 181.0, 185.0, 174.0]",26.940616607666016,0.0,65.8382568359375,0.0005550384521484375,-27.927963256835938
1750930340.7942448,0.0,0.5,"[174.0, 185.0, 181.0, 156.0, 154.0, 154.0, 156.0, 181.0, 185.0, 174.0]",26.60693359375,0.0,65.30612182617188,0.0005550384521484375,-27.928871154785156
1750930340.8098392,0.0,0.5,"[174.0, 185.0, 181.0, 156.0, 154.0, 154.0, 156.0, 181.0, 185.0, 174.0]",26.987314224243164,0.0,64.76638793945312,0.0005550384521484375,-27.929794311523438
1750930340.82496,0.0,0.5,"[174.0, 185.0, 181.0, 156.0, 154.0, 154.0, 156.0, 181.0, 185.0, 174.0]",26.650226593017578,0.0,64.23336791992188,0.0005550384521484375,-27.930702209472656
1750930340.839953,0.0,0.5,"[174.0, 185.0, 181.0, 156.0, 154.0, 154.0, 156.0, 181.0, 185.0, 174.0]",27.03116226196289,0.0,63.6927490234375,0.0005550384521484375,-27.931625366210938
1750930340.85507,0.0,0.5,"[174.0, 185.0, 181.0, 156.0, 154.0, 154.0, 156.0, 181.0, 185.0, 174.0]",26.697830200195312,0.0,63.1588134765625,0.0005550384521484375,-27.932533264160156
1750930340.892477,0.0,0.5,"[174.0, 185.0, 181.0, 156.0, 154.0, 154.0, 156.0, 181.0, 185.0, 174.0]",27.07695198059082,0.0,62.617279052734375,0.0005550384521484375,-27.933456420898438
1750930340.9081397,0.0,0.5,"[174.0, 185.0, 181.0, 156.0, 154.0, 154.0, 156.0, 181.0, 185.0, 174.0]",26.741846084594727,0.0,62.082427978515625,0.0005550384521484375,-27.934371948242188
1750930340.9230561,0.0,0.5,"[174.0, 185.0, 181.0, 156.0, 154.0, 154.0, 156.0, 181.0, 185.0, 174.0]",27.12099266052246,0.0,61.540008544921875,0.0005550384521484375,-27.935302734375
1750930340.9381585,0.0,0.5,"[174.0, 185.0, 181.0, 156.0, 154.0, 154.0, 156.0, 181.0, 185.0, 174.0]",26.78835678100586,0.0,61.004241943359375,0.0005550384521484375,-27.93621063232422
1750930340.9643795,0.0,0.5,"[174.0, 185.0, 181.0, 156.0, 154.0, 154.0, 156.0, 181.0, 185.0, 174.0]",27.166091918945312,0.0,60.4609375,0.0005550384521484375,-27.93714141845703
1750930340.979929,0.0,0.5,"[174.0, 185.0, 181.0, 156.0, 154.0, 154.0, 156.0, 181.0, 185.0, 174.0]",26.832748413085938,0.0,59.924285888671875,0.0005550384521484375,-27.93805694580078
1750930340.9951792,0.0,0.5,"[174.0, 185.0, 181.0, 156.0, 154.0, 154.0, 156.0, 181.0, 185.0, 174.0]",27.21014976501465,0.0,59.38006591796875,0.0005550384521484375,-27.938980102539062
1750930341.032589,0.0,0.5,"[174.0, 185.0, 181.0, 156.0, 154.0, 154.0, 156.0, 181.0, 185.0, 174.0]",26.878469467163086,0.0,58.842498779296875,0.0005550384521484375,-27.939903259277344
1750930341.0472653,0.0,0.5,"[174.0, 185.0, 181.0, 156.0, 154.0, 154.0, 156.0, 181.0, 185.0, 174.0]",27.254709243774414,0.0,58.297393798828125,0.0005550384521484375,-27.940834045410156
1750930341.062249,0.0,0.5,"[174.0, 185.0, 181.0, 156.0, 154.0, 154.0, 156.0, 181.0, 185.0, 174.0]",26.922977447509766,0.0,57.758941650390625,0.0005550384521484375,-27.941749572753906
1750930341.077572,0.0,0.5,"[174.0, 185.0, 181.0, 156.0, 154.0, 154.0, 156.0, 181.0, 185.0, 174.0]",27.29865074157715,0.0,57.212982177734375,0.0005550384521484375,-27.94268798828125
1750930341.1137905,0.0,0.5,"[174.0, 185.0, 181.0, 156.0, 154.0, 154.0, 156.0, 181.0, 185.0, 174.0]",26.96811866760254,0.0,56.673614501953125,0.0005550384521484375,-27.943603515625
1750930341.128516,0.0,0.5,"[174.0, 185.0, 181.0, 156.0, 154.0, 154.0, 156.0, 181.0, 185.0, 174.0]",27.34278106689453,0.0,56.12677001953125,0.0005550384521484375,-27.944534301757812
1750930341.1428978,0.0,0.5,"[174.0, 185.0, 181.0, 156.0, 154.0, 154.0, 156.0, 181.0, 185.0, 174.0]",27.012571334838867,0.0,55.586517333984375,0.0005550384521484375,-27.945457458496094
1750930341.1578834,0.0,0.5,"[174.0, 185.0, 181.0, 156.0, 154.0, 154.0, 156.0, 181.0, 185.0, 174.0]",27.38652992248535,0.0,55.038787841796875,0.0005550384521484375,-27.946395874023438
1750930341.1841524,0.0,0.5,"[174.0, 185.0, 181.0, 156.0, 154.0, 154.0, 156.0, 181.0, 185.0, 174.0]",27.057270050048828,0.0,54.497650146484375,0.0005550384521484375,-27.94731903076172
1750930341.1993055,0.0,0.5,"[174.0, 185.0, 181.0, 156.0, 154.0, 154.0, 156.0, 181.0, 185.0, 174.0]",27.430294036865234,0.0,53.94903564453125,0.0005550384521484375,-27.948257446289062
1750930341.2140882,0.0,0.5,"[174.0, 185.0, 181.0, 156.0, 154.0, 154.0, 156.0, 181.0, 185.0, 174.0]",27.10157012939453,0.0,53.407012939453125,0.0005550384521484375,-27.949180603027344
1750930341.2509868,0.0,0.5,"[174.0, 185.0, 181.0, 156.0, 154.0, 154.0, 156.0, 181.0, 185.0, 174.0]",27.473804473876953,0.0,52.857513427734375,0.0005550384521484375,-27.950119018554688
1750930341.2655156,0.0,0.5,"[174.0, 185.0, 181.0, 156.0, 154.0, 154.0, 156.0, 181.0, 185.0, 174.0]",27.145910263061523,0.0,52.314605712890625,0.0005550384521484375,-27.95104217529297
1750930341.28013,0.0,0.5,"[174.0, 185.0, 181.0, 156.0, 154.0, 154.0, 156.0, 181.0, 185.0, 174.0]",27.517242431640625,0.0,51.7642822265625,0.0005550384521484375,-27.951980590820312
1750930341.2948465,0.0,0.5,"[174.0, 185.0, 181.0, 156.0, 154.0, 154.0, 156.0, 181.0, 185.0, 174.0]",27.18999671936035,0.0,51.220458984375,0.0005550384521484375,-27.952911376953125
1750930341.331032,0.0,0.5,"[174.0, 185.0, 181.0, 156.0, 154.0, 154.0, 156.0, 181.0, 185.0, 174.0]",27.56048583984375,0.0,50.66925048828125,0.0005550384521484375,-27.953857421875
1750930341.3453534,0.0,0.5,"[174.0, 185.0, 181.0, 156.0, 154.0, 154.0, 156.0, 181.0, 185.0, 174.0]",27.23402214050293,0.0,50.12457275390625,0.0005550384521484375,-27.95478057861328
1750930341.360297,0.0,0.5,"[174.0, 185.0, 181.0, 156.0, 154.0, 154.0, 156.0, 181.0, 185.0, 174.0]",27.60361671447754,0.0,49.572509765625,0.0005550384521484375,-27.955726623535156
1750930341.3752418,0.0,0.5,"[174.0, 185.0, 181.0, 156.0, 154.0, 154.0, 156.0, 181.0, 185.0, 174.0]",27.277862548828125,0.0,49.026947021484375,0.0005550384521484375,-27.95665740966797
1750930341.4107661,0.0,0.5,"[174.0, 185.0, 181.0, 156.0, 154.0, 154.0, 156.0, 181.0, 185.0, 174.0]",27.646583557128906,0.0,48.474029541015625,0.0005550384521484375,-27.957595825195312
1750930341.425633,0.0,0.5,"[174.0, 185.0, 181.0, 156.0, 154.0, 154.0, 156.0, 181.0, 185.0, 174.0]",27.32159996032715,0.0,47.927581787109375,0.0005550384521484375,-27.958534240722656
1750930341.440366,0.0,0.5,"[174.0, 185.0, 181.0, 156.0, 154.0, 154.0, 156.0, 181.0, 185.0, 174.0]",27.68941879272461,0.0,47.373809814453125,0.0005550384521484375,-27.95948028564453
1750930341.4545987,0.0,0.5,"[174.0, 185.0, 181.0, 156.0, 154.0, 154.0, 156.0, 181.0, 185.0, 174.0]",27.36518669128418,0.0,46.826507568359375,0.0005550384521484375,-27.960411071777344
1750930341.490485,0.0,0.5,"[174.0, 185.0, 181.0, 156.0, 154.0, 154.0, 156.0, 181.0, 185.0, 174.0]",27.732105255126953,0.0,46.271881103515625,0.0005550384521484375,-27.96135711669922
1750930341.504647,0.0,0.5,"[174.0, 185.0, 181.0, 156.0, 154.0, 154.0, 156.0, 181.0, 185.0, 174.0]",27.408645629882812,0.0,45.72369384765625,0.0005550384521484375,-27.962295532226562
1750930341.5187337,0.0,0.5,"[174.0, 185.0, 181.0, 156.0, 154.0, 154.0, 156.0, 181.0, 185.0, 174.0]",27.77465057373047,0.0,45.168212890625,0.0005550384521484375,-27.963241577148438
1750930341.543259,0.0,0.5,"[174.0, 185.0, 181.0, 156.0, 154.0, 154.0, 156.0, 181.0, 185.0, 174.0]",27.45196533203125,0.0,44.619171142578125,0.0005550384521484375,-27.96417999267578
1750930341.5570471,0.0,0.5,"[174.0, 185.0, 181.0, 156.0, 154.0, 154.0, 156.0, 181.0, 185.0, 174.0]",27.817052841186523,0.0,44.062835693359375,0.0005550384521484375,-27.965133666992188
1750930341.592437,0.0,0.5,"[174.0, 185.0, 181.0, 156.0, 154.0, 154.0, 156.0, 181.0, 185.0, 174.0]",27.495155334472656,0.0,43.512908935546875,0.0005550384521484375,-27.966064453125
1750930341.6065683,0.0,0.5,"[174.0, 185.0, 181.0, 156.0, 154.0, 154.0, 156.0, 181.0, 185.0, 174.0]",27.859312057495117,0.0,42.955718994140625,0.0005550384521484375,-27.967018127441406
1750930341.6205406,0.0,0.5,"[174.0, 185.0, 181.0, 156.0, 154.0, 154.0, 156.0, 181.0, 185.0, 174.0]",27.53821563720703,0.0,42.40496826171875,0.0005550384521484375,-27.96795654296875
1750930341.634336,0.0,0.5,"[174.0, 185.0, 181.0, 156.0, 154.0, 154.0, 156.0, 181.0, 185.0, 174.0]",27.90143394470215,0.0,41.846954345703125,0.0005550384521484375,-27.968910217285156
1750930341.6690285,0.0,0.5,"[174.0, 185.0, 181.0, 156.0, 154.0, 154.0, 156.0, 181.0, 185.0, 174.0]",27.581140518188477,0.0,41.295318603515625,0.0005550384521484375,-27.96985626220703
1750930341.6836414,0.0,0.5,"[174.0, 185.0, 181.0, 156.0, 154.0, 154.0, 156.0, 181.0, 185.0, 174.0]",27.94341278076172,0.0,40.7364501953125,0.0005550384521484375,-27.970809936523438
1750930341.6973321,0.0,0.5,"[174.0, 185.0, 181.0, 156.0, 154.0, 154.0, 156.0, 181.0, 185.0, 174.0]",27.623933792114258,0.0,40.183990478515625,0.0005550384521484375,-27.97174835205078
1750930341.7322052,0.0,0.5,"[174.0, 185.0, 181.0, 156.0, 154.0, 154.0, 156.0, 181.0, 185.0, 174.0]",27.98525047302246,0.0,39.624267578125,0.0005550384521484375,-27.972702026367188
1750930341.7457101,0.0,0.5,"[174.0, 185.0, 181.0, 156.0, 154.0, 154.0, 156.0, 181.0, 185.0, 174.0]",27.666597366333008,0.0,39.070953369140625,0.0005550384521484375,-27.973648071289062
1750930341.759714,0.0,0.5,"[174.0, 185.0, 181.0, 156.0, 154.0, 154.0, 156.0, 181.0, 185.0, 174.0]",28.026947021484375,0.0,38.510406494140625,0.0005550384521484375,-27.974609375
1750930341.7735589,0.0,0.5,"[174.0, 185.0, 181.0, 156.0, 154.0, 154.0, 156.0, 181.0, 185.0, 174.0]",27.709129333496094,0.0,37.956207275390625,0.0005550384521484375,-27.975555419921875
1750930341.807782,0.0,0.5,"[174.0, 185.0, 181.0, 156.0, 154.0, 154.0, 156.0, 181.0, 185.0, 174.0]",28.068504333496094,0.0,37.394866943359375,0.0005550384521484375,-27.97650909423828
1750930341.821723,0.0,0.5,"[174.0, 185.0, 181.0, 156.0, 154.0, 154.0, 156.0, 181.0, 185.0, 174.0]",27.75153350830078,0.0,36.839813232421875,0.0005550384521484375,-27.977462768554688
1750930341.835783,0.0,0.5,"[174.0, 185.0, 181.0, 156.0, 154.0, 154.0, 156.0, 181.0, 185.0, 174.0]",28.10992431640625,0.0,36.277618408203125,0.0005550384521484375,-27.978416442871094
1750930341.8701808,0.0,0.5,"[174.0, 185.0, 181.0, 156.0, 154.0, 154.0, 156.0, 181.0, 185.0, 174.0]",27.793807983398438,0.0,35.72174072265625,0.0005550384521484375,-27.9793701171875
1750930341.8846931,0.0,0.5,"[174.0, 185.0, 181.0, 156.0, 154.0, 154.0, 156.0, 181.0, 185.0, 174.0]",28.151206970214844,0.0,35.158721923828125,0.0005550384521484375,-27.980331420898438
1750930341.8985407,0.0,0.5,"[174.0, 185.0, 181.0, 156.0, 154.0, 154.0, 156.0, 181.0, 185.0, 174.0]",27.835952758789062,0.0,34.602020263671875,0.0005550384521484375,-27.981277465820312
1750930341.922486,0.0,0.5,"[174.0, 185.0, 181.0, 156.0, 154.0, 154.0, 156.0, 181.0, 185.0, 174.0]",28.192346572875977,0.0,34.038177490234375,0.0005550384521484375,-27.98223876953125
1750930341.9375334,0.0,0.5,"[174.0, 185.0, 181.0, 156.0, 154.0, 154.0, 156.0, 181.0, 185.0, 174.0]",27.877965927124023,0.0,33.4805908203125,0.0005550384521484375,-27.983192443847656
1750930341.9721317,0.0,0.5,"[174.0, 185.0, 181.0, 156.0, 154.0, 154.0, 156.0, 181.0, 185.0, 174.0]",28.233346939086914,0.0,32.915924072265625,0.0005550384521484375,-27.984153747558594
1750930341.986049,0.0,0.5,"[174.0, 185.0, 181.0, 156.0, 154.0, 154.0, 156.0, 181.0, 185.0, 174.0]",27.91985511779785,0.0,32.3575439453125,0.0005550384521484375,-27.985107421875
1750930342.0001495,0.0,0.5,"[174.0, 185.0, 181.0, 156.0, 154.0, 154.0, 156.0, 181.0, 185.0, 174.0]",28.27420997619629,0.0,31.79205322265625,0.0005550384521484375,-27.98607635498047
1750930342.0143194,0.0,0.5,"[174.0, 185.0, 181.0, 156.0, 154.0, 154.0, 156.0, 181.0, 185.0, 174.0]",27.96161460876465,0.0,31.232818603515625,0.0005550384521484375,-27.987030029296875
1750930342.0485113,0.0,0.5,"[174.0, 185.0, 181.0, 156.0, 154.0, 154.0, 156.0, 181.0, 185.0, 174.0]",28.3149356842041,0.0,30.666534423828125,0.0005550384521484375,-27.987991333007812
1750930342.0627637,0.0,0.5,"[174.0, 185.0, 181.0, 156.0, 154.0, 154.0, 156.0, 181.0, 185.0, 174.0]",28.003244400024414,0.0,30.106475830078125,0.0005550384521484375,-27.98895263671875
1750930342.0772812,0.0,0.5,"[174.0, 185.0, 181.0, 156.0, 154.0, 154.0, 156.0, 181.0, 185.0, 174.0]",28.35552406311035,0.0,29.53936767578125,0.0005550384521484375,-27.98992156982422
1750930342.111678,0.0,0.5,"[174.0, 185.0, 181.0, 156.0, 154.0, 154.0, 156.0, 181.0, 185.0, 174.0]",28.04475212097168,0.0,28.97845458984375,0.0005550384521484375,-27.990875244140625
1750930342.1254833,0.0,0.5,"[174.0, 185.0, 181.0, 156.0, 154.0, 154.0, 156.0, 181.0, 185.0, 174.0]",28.395977020263672,0.0,28.410552978515625,0.0005550384521484375,-27.991844177246094
1750930342.1393197,0.0,0.5,"[174.0, 185.0, 181.0, 156.0, 154.0, 154.0, 156.0, 181.0, 185.0, 174.0]",28.086132049560547,0.0,27.84881591796875,0.0005550384521484375,-27.99280548095703
1750930342.1531408,0.0,0.5,"[174.0, 185.0, 181.0, 156.0, 154.0, 154.0, 156.0, 181.0, 185.0, 174.0]",28.43629264831543,0.0,27.28009033203125,0.0005550384521484375,-27.9937744140625
1750930342.1869123,0.0,0.5,"[174.0, 185.0, 181.0, 156.0, 154.0, 154.0, 156.0, 181.0, 185.0, 174.0]",28.127389907836914,0.0,26.717559814453125,0.0005550384521484375,-27.994735717773438
1750930342.200231,0.0,0.5,"[174.0, 185.0, 181.0, 156.0, 154.0, 154.0, 156.0, 181.0, 185.0, 174.0]",28.47647476196289,0.0,26.14801025390625,0.0005550384521484375,-27.995712280273438
1750930342.2139056,0.0,0.5,"[174.0, 185.0, 181.0, 156.0, 154.0, 154.0, 156.0, 181.0, 185.0, 174.0]",28.168521881103516,0.0,25.58465576171875,0.0005550384521484375,-27.996673583984375
1750930342.2476785,0.0,0.5,"[174.0, 185.0, 181.0, 156.0, 154.0, 154.0, 156.0, 181.0, 185.0, 174.0]",28.516517639160156,0.0,25.014312744140625,0.0005550384521484375,-27.997642517089844
1750930342.2613785,0.0,0.5,"[174.0, 185.0, 181.0, 156.0, 154.0, 154.0, 156.0, 181.0, 185.0, 174.0]",28.20952796936035,0.0,24.45013427734375,0.0005550384521484375,-27.99860382080078
1750930342.2740986,0.0,0.5,"[174.0, 185.0, 181.0, 156.0, 154.0, 154.0, 156.0, 181.0, 185.0, 174.0]",28.556425094604492,0.0,23.878997802734375,0.0005550384521484375,-27.99958038330078
1750930342.308427,0.0,0.5,"[174.0, 185.0, 181.0, 156.0, 154.0, 154.0, 156.0, 181.0, 185.0, 174.0]",28.250411987304688,0.0,23.313995361328125,0.0005550384521484375,-28.00054931640625
1750930342.32178,0.0,0.5,"[174.0, 185.0, 181.0, 156.0, 154.0, 154.0, 156.0, 181.0, 185.0, 174.0]",28.5961971282959,0.0,22.7420654296875,0.0005550384521484375,-28.00152587890625
1750930342.3351781,0.0,0.5,"[174.0, 185.0, 181.0, 156.0, 154.0, 154.0, 156.0, 181.0, 185.0, 174.0]",28.291168212890625,0.0,22.176239013671875,0.0005550384521484375,-28.002487182617188
1750930342.3671062,0.0,0.5,"[174.0, 185.0, 181.0, 156.0, 154.0, 154.0, 156.0, 181.0, 185.0, 174.0]",28.635833740234375,0.0,21.603546142578125,0.0005550384521484375,-28.003463745117188
1750930342.380973,0.0,0.5,"[174.0, 185.0, 181.0, 156.0, 154.0, 154.0, 156.0, 181.0, 185.0, 174.0]",28.331804275512695,0.0,21.036895751953125,0.0005550384521484375,-28.004432678222656
1750930342.3949447,0.0,0.5,"[174.0, 185.0, 181.0, 156.0, 154.0, 154.0, 156.0, 181.0, 185.0, 174.0]",28.675336837768555,0.0,20.463409423828125,0.0005550384521484375,-28.005409240722656
1750930342.427775,0.0,0.5,"[174.0, 185.0, 181.0, 156.0, 154.0, 154.0, 156.0, 181.0, 185.0, 174.0]",28.372318267822266,0.0,19.89593505859375,0.0005550384521484375,-28.006378173828125
1750930342.4414105,0.0,0.5,"[174.0, 185.0, 181.0, 156.0, 154.0, 154.0, 156.0, 181.0, 185.0, 174.0]",28.714704513549805,0.0,19.3216552734375,0.0005550384521484375,-28.007362365722656
1750930342.4552507,0.0,0.5,"[174.0, 185.0, 181.0, 156.0, 154.0, 154.0, 156.0, 181.0, 185.0, 174.0]",28.412710189819336,0.0,18.753387451171875,0.0005550384521484375,-28.008331298828125
1750930342.487897,0.0,0.5,"[174.0, 185.0, 181.0, 156.0, 154.0, 154.0, 156.0, 181.0, 185.0, 174.0]",28.75394058227539,0.0,18.178314208984375,0.0005550384521484375,-28.009315490722656
1750930342.5014284,0.0,0.5,"[174.0, 185.0, 181.0, 156.0, 154.0, 154.0, 156.0, 181.0, 185.0, 174.0]",28.452980041503906,0.0,17.6092529296875,0.0005550384521484375,-28.010284423828125
1750930342.5145864,0.0,0.5,"[174.0, 185.0, 181.0, 156.0, 154.0, 154.0, 156.0, 181.0, 185.0, 174.0]",28.793041229248047,0.0,17.033416748046875,0.0005550384521484375,-28.011268615722656
1750930342.548087,0.0,0.5,"[174.0, 185.0, 181.0, 156.0, 154.0, 154.0, 156.0, 181.0, 185.0, 174.0]",28.493131637573242,0.0,16.463531494140625,0.0005550384521484375,-28.012237548828125
1750930342.561454,0.0,0.5,"[174.0, 185.0, 181.0, 156.0, 154.0, 154.0, 156.0, 181.0, 185.0, 174.0]",28.832008361816406,0.0,15.88690185546875,0.0005550384521484375,-28.013221740722656
1750930342.5744216,0.0,0.5,"[174.0, 185.0, 181.0, 156.0, 154.0, 154.0, 156.0, 181.0, 185.0, 174.0]",28.53316307067871,0.0,15.316253662109375,0.0005550384521484375,-28.014198303222656
1750930342.6058784,0.0,0.5,"[174.0, 185.0, 181.0, 156.0, 154.0, 154.0, 156.0, 181.0, 185.0, 174.0]",28.8708438873291,0.0,14.73883056640625,0.0005550384521484375,-28.015182495117188
1750930342.6194673,0.0,0.5,"[174.0, 185.0, 181.0, 156.0, 154.0, 154.0, 156.0, 181.0, 185.0, 174.0]",28.57307243347168,0.0,14.1673583984375,0.0005550384521484375,-28.016159057617188
1750930342.6323745,0.0,0.5,"[174.0, 185.0, 181.0, 156.0, 154.0, 154.0, 156.0, 181.0, 185.0, 174.0]",28.909543991088867,0.0,13.58917236328125,0.0005550384521484375,-28.01714324951172
1750930342.664027,0.0,0.5,"[174.0, 185.0, 181.0, 156.0, 154.0, 154.0, 156.0, 181.0, 185.0, 174.0]",28.612865447998047,0.0,13.01690673828125,0.0005550384521484375,-28.01811981201172
1750930342.6775486,0.0,0.5,"[174.0, 185.0, 181.0, 156.0, 154.0, 154.0, 156.0, 181.0, 185.0, 174.0]",28.9481143951416,0.0,12.437957763671875,0.0005550384521484375,-28.01911163330078
1750930342.7090323,0.0,0.5,"[174.0, 185.0, 181.0, 156.0, 154.0, 154.0, 156.0, 181.0, 185.0, 174.0]",28.65254020690918,0.0,11.864898681640625,0.0005550384521484375,-28.02008819580078
1750930342.721938,0.0,0.5,"[174.0, 185.0, 181.0, 156.0, 154.0, 154.0, 156.0, 181.0, 185.0, 174.0]",28.986553192138672,0.0,11.285186767578125,0.0005550384521484375,-28.021080017089844
1750930342.7345195,0.0,0.5,"[174.0, 185.0, 181.0, 156.0, 154.0, 154.0, 156.0, 181.0, 185.0, 174.0]",28.692096710205078,0.0,10.711334228515625,0.0005550384521484375,-28.022056579589844
1750930342.7661183,0.0,0.5,"[174.0, 185.0, 181.0, 156.0, 154.0, 154.0, 156.0, 181.0, 185.0, 174.0]",29.024860382080078,0.0,10.130828857421875,0.0005550384521484375,-28.023048400878906
1750930342.779339,0.0,0.5,"[174.0, 185.0, 181.0, 156.0, 154.0, 154.0, 156.0, 181.0, 185.0, 174.0]",28.731534957885742,0.0,9.55621337890625,0.0005550384521484375,-28.024032592773438
1750930342.7923453,0.0,0.5,"[174.0, 185.0, 181.0, 156.0, 154.0, 154.0, 156.0, 181.0, 185.0, 174.0]",29.063032150268555,0.0,8.974945068359375,0.0005550384521484375,-28.0250244140625
1750930342.8226578,0.0,0.5,"[174.0, 185.0, 181.0, 156.0, 154.0, 154.0, 156.0, 181.0, 185.0, 174.0]",28.77086067199707,0.0,8.3995361328125,0.0005550384521484375,-28.0260009765625
1750930342.8356256,0.0,0.5,"[174.0, 185.0, 181.0, 156.0, 154.0, 154.0, 156.0, 181.0, 185.0, 174.0]",29.101076126098633,0.0,7.8175048828125,0.0005550384521484375,-28.026992797851562
1750930342.8664222,0.0,0.5,"[174.0, 185.0, 181.0, 156.0, 154.0, 154.0, 156.0, 181.0, 185.0, 174.0]",28.81006622314453,0.0,7.241302490234375,0.0005550384521484375,-28.027984619140625
1750930342.8789926,0.0,0.5,"[174.0, 185.0, 181.0, 156.0, 154.0, 154.0, 156.0, 181.0, 185.0, 174.0]",29.138986587524414,0.0,6.658538818359375,0.0005550384521484375,-28.028976440429688
1750930342.9009914,0.0,0.5,"[174.0, 185.0, 181.0, 156.0, 154.0, 154.0, 156.0, 181.0, 185.0, 174.0]",28.849159240722656,0.0,6.08154296875,0.0005550384521484375,-28.02996063232422
1750930342.913856,0.0,0.5,"[174.0, 185.0, 181.0, 156.0, 154.0, 154.0, 156.0, 181.0, 185.0, 174.0]",29.17676544189453,0.0,5.498016357421875,0.0005550384521484375,-28.030960083007812
1750930342.9454224,0.0,0.5,"[174.0, 185.0, 181.0, 156.0, 154.0, 154.0, 156.0, 181.0, 185.0, 174.0]",28.888137817382812,0.0,4.920257568359375,0.0005550384521484375,-28.031944274902344
1750930342.959166,0.0,0.0,"[174.0, 185.0, 181.0, 156.0, 154.0, 154.0, 156.0, 181.0, 185.0, 174.0]",29.214414596557617,0.0,4.335968017578125,0.0005550384521484375,-28.032943725585938
1750930342.9727437,0.0,0.0,"[174.0, 185.0, 181.0, 156.0, 154.0, 154.0, 156.0, 181.0, 185.0, 174.0]",28.927003860473633,0.0,3.7574462890625,0.0005550384521484375,-28.03392791748047
1750930343.0040696,0.0,0.0,"[174.0, 185.0, 181.0, 156.0, 154.0, 154.0, 156.0, 181.0, 185.0, 174.0]",28.652883529663086,0.0,3.18438720703125,0.0005550384521484375,-28.03490447998047
1750930343.0184746,0.0,0.0,"[174.0, 185.0, 178.0, 155.0, 154.0, 154.0, 156.0, 179.0, 185.0, 174.0]",0.0,0.0,0.0,0.10000038146972656,-27.93000030517578
1750930343.0398245,0.0,0.0,"[174.0, 185.0, 179.0, 155.0, 154.0, 154.0, 156.0, 179.0, 185.0, 174.0]",0.9054611325263977,0.0,0.0,0.08189201354980469,-27.93000030517578
1750930343.0525582,0.0,0.0,"[174.0, 185.0, 179.0, 155.0, 154.0, 154.0, 156.0, 180.0, 185.0, 174.0]",0.852409303188324,0.0,0.0,0.06484222412109375,-27.93000030517578
1750930343.0860431,0.0,0.0,"[174.0, 185.0, 179.0, 155.0, 154.0, 154.0, 156.0, 181.0, 185.0, 174.0]",0.7877668738365173,0.0,0.0,0.0490875244140625,-27.93000030517578
1750930343.1023567,0.0,0.0,"[174.0, 185.0, 179.0, 156.0, 154.0, 154.0, 156.0, 181.0, 185.0, 174.0]",0.7150370478630066,0.0,0.0,0.034786224365234375,-27.92993927001953
1750930343.1177151,0.0,0.0,"[174.0, 185.0, 180.0, 156.0, 154.0, 154.0, 156.0, 181.0, 185.0, 174.0]",0.6619203090667725,0.0,0.0,0.02204132080078125,-27.933517456054688
1750930343.1435761,0.0,0.0,"[174.0, 185.0, 181.0, 156.0, 154.0, 154.0, 156.0, 181.0, 185.0, 174.0]",0.5990117788314819,0.0,0.0,0.010894775390625,-27.937911987304688
1750930343.1567082,0.0,0.0,"[174.0, 185.0, 181.0, 156.0, 154.0, 154.0, 156.0, 181.0, 185.0, 174.0]",0.5037422776222229,0.0,3.0517578125e-05,0.0013484954833984375,-27.941131591796875
1750930343.1882632,0.0,0.0,"[174.0, 185.0, 181.0, 156.0, 154.0, 154.0, 156.0, 181.0, 185.0, 174.0]",0.40646299719810486,0.0,3.0517578125e-05,-0.0066356658935546875,-27.942657470703125
1750930343.201026,0.0,0.0,"[174.0, 185.0, 181.0, 156.0, 154.0, 154.0, 156.0, 181.0, 185.0, 174.0]",0.37614506483078003,0.0,3.0517578125e-05,-0.013128280639648438,-27.938858032226562
1750930343.2142882,0.0,0.0,"[174.0, 185.0, 181.0, 156.0, 154.0, 154.0, 158.0, 181.0, 185.0, 174.0]",0.33254265785217285,0.0,3.0517578125e-05,-0.018224716186523438,-27.934585571289062
1750930343.2450478,0.0,0.0,"[174.0, 185.0, 181.0, 156.0, 154.0, 154.0, 158.0, 183.0, 185.0, 174.0]",0.26983022689819336,0.0,3.0517578125e-05,-0.022035598754882812,-27.930763244628906
1750930343.2581248,0.0,0.0,"[174.0, 185.0, 181.0, 156.0, 154.0, 154.0, 158.0, 183.0, 185.0, 174.0]",0.27655938267707825,0.0,3.0517578125e-05,-0.024682998657226562,-27.9259033203125
1750930343.2800467,0.0,0.0,"[174.0, 185.0, 181.0, 156.0, 154.0, 154.0, 158.0, 183.0, 185.0, 174.0]",0.1939983069896698,0.0,0.0,-0.026300430297851562,-27.929428100585938
1750930343.2930691,0.0,0.0,"[174.0, 185.0, 181.0, 156.0, 154.0, 154.0, 158.0, 183.0, 185.0, 174.0]",0.276528924703598,0.0,0.0,-0.027021408081054688,-27.934913635253906
1750930343.3238573,0.0,0.0,"[174.0, 185.0, 181.0, 156.0, 154.0, 154.0, 158.0, 183.0, 185.0, 174.0]",0.18685337901115417,0.0,0.0,-0.026975631713867188,-27.931182861328125
1750930343.3369193,0.0,0.0,"[174.0, 185.0, 181.0, 156.0, 154.0, 154.0, 158.0, 183.0, 185.0, 174.0]",0.24362598359584808,0.0,3.0517578125e-05,-0.026296615600585938,-27.926353454589844
1750930343.3675125,0.0,0.0,"[174.0, 185.0, 181.0, 156.0, 154.0, 154.0, 156.0, 181.0, 185.0, 174.0]",0.14907564222812653,0.0,0.0,-0.025106430053710938,-27.92908477783203
1750930343.379818,0.0,0.0,"[174.0, 185.0, 181.0, 156.0, 154.0, 154.0, 156.0, 181.0, 185.0, 174.0]",0.14412052929401398,0.0,0.0,-0.023515701293945312,-27.926681518554688
1750930343.392302,0.0,0.0,"[174.0, 185.0, 181.0, 156.0, 154.0, 154.0, 156.0, 181.0, 185.0, 174.0]",0.21610037982463837,0.0,0.0,-0.021633148193359375,-27.930572509765625
1750930343.423283,0.0,0.0,"[174.0, 185.0, 181.0, 156.0, 154.0, 154.0, 156.0, 181.0, 185.0, 174.0]",0.20129458606243134,0.0,0.0,-0.019550323486328125,-27.93402099609375
1750930343.4356587,0.0,0.0,"[174.0, 185.0, 181.0, 156.0, 154.0, 154.0, 156.0, 181.0, 185.0, 174.0]",0.18180233240127563,0.0,0.0,-0.017353057861328125,-27.936912536621094
1750930343.4664085,0.0,0.0,"[174.0, 185.0, 181.0, 156.0, 154.0, 154.0, 156.0, 181.0, 185.0, 174.0]",0.11252696067094803,0.0,3.0517578125e-05,-0.015110015869140625,-27.93671417236328
1750930343.4788,0.0,0.0,"[174.0, 185.0, 181.0, 156.0, 154.0, 154.0, 156.0, 181.0, 185.0, 174.0]",0.13842499256134033,0.0,0.0,-0.01288604736328125,-27.93836212158203
1750930343.5009573,0.0,0.0,"[174.0, 185.0, 181.0, 156.0, 154.0, 154.0, 156.0, 181.0, 185.0, 174.0]",0.22333331406116486,0.0,0.0,-0.010728836059570312,-27.9344482421875
1750930343.513194,0.0,0.0,"[174.0, 185.0, 181.0, 156.0, 154.0, 154.0, 156.0, 181.0, 185.0, 174.0]",0.14920218288898468,0.0,0.0,-0.008680343627929688,-27.932281494140625
1750930343.5437648,0.0,0.0,"[174.0, 185.0, 181.0, 156.0, 154.0, 154.0, 156.0, 181.0, 185.0, 174.0]",0.2086034119129181,0.0,0.0,-0.006771087646484375,-27.935989379882812
1750930343.5568619,0.0,0.0,"[174.0, 185.0, 181.0, 156.0, 154.0, 154.0, 156.0, 181.0, 185.0, 174.0]",0.1464078426361084,0.0,0.0,-0.005023956298828125,-27.938339233398438
1750930343.5875857,0.0,0.0,"[174.0, 185.0, 181.0, 156.0, 154.0, 154.0, 156.0, 181.0, 185.0, 174.0]",0.18350715935230255,0.0,0.0,-0.003452301025390625,-27.935028076171875
1750930343.5997186,0.0,0.0,"[174.0, 185.0, 181.0, 156.0, 154.0, 154.0, 156.0, 181.0, 185.0, 174.0]",0.10710414499044418,0.0,0.0,-0.002063751220703125,-27.933395385742188
1750930343.6126409,0.0,0.0,"[174.0, 185.0, 181.0, 156.0, 154.0, 154.0, 156.0, 181.0, 185.0, 174.0]",0.19571246206760406,0.0,0.0,-0.0008640289306640625,-27.937118530273438
1750930343.6435099,0.0,0.0,"[174.0, 185.0, 181.0, 156.0, 154.0, 154.0, 156.0, 181.0, 185.0, 174.0]",0.123428113758564,0.0,3.0517578125e-05,0.0001506805419921875,-27.939369201660156
1750930343.655988,0.0,0.0,"[174.0, 185.0, 181.0, 156.0, 154.0, 154.0, 156.0, 181.0, 185.0, 174.0]",0.18485233187675476,0.0,3.0517578125e-05,0.0009899139404296875,-27.935768127441406
1750930343.685536,0.0,0.0,"[174.0, 185.0, 180.0, 156.0, 154.0, 154.0, 156.0, 181.0, 185.0, 174.0]",0.11942613869905472,0.0,0.0,0.001659393310546875,-27.9334716796875
1750930343.698065,0.0,0.0,"[174.0, 185.0, 181.0, 156.0, 154.0, 154.0, 156.0, 181.0, 185.0, 174.0]",0.1798780858516693,0.0,0.0,0.00217437744140625,-27.937034606933594
1750930343.7192113,0.0,0.0,"[174.0, 185.0, 181.0, 156.0, 154.0, 154.0, 156.0, 181.0, 185.0, 174.0]",0.11822476238012314,0.0,3.0517578125e-05,0.0025463104248046875,-27.939369201660156
1750930343.7322266,0.0,0.0,"[174.0, 185.0, 181.0, 156.0, 154.0, 154.0, 156.0, 181.0, 185.0, 174.0]",0.17532002925872803,0.0,3.0517578125e-05,0.0027904510498046875,-27.935867309570312
1750930343.7630584,0.0,0.0,"[174.0, 185.0, 181.0, 156.0, 154.0, 154.0, 156.0, 181.0, 185.0, 174.0]",0.11706534028053284,0.0,0.0,0.00292205810546875,-27.93353271484375
1750930343.776123,0.0,0.0,"[174.0, 185.0, 181.0, 156.0, 154.0, 154.0, 156.0, 181.0, 185.0, 174.0]",0.17764435708522797,0.0,0.0,0.0029582977294921875,-27.937088012695312
1750930343.8073223,0.0,0.0,"[174.0, 185.0, 181.0, 156.0, 154.0, 154.0, 156.0, 181.0, 185.0, 174.0]",0.12584784626960754,0.0,3.0517578125e-05,0.0029144287109375,-27.939605712890625
1750930343.8206074,0.0,0.0,"[174.0, 185.0, 181.0, 156.0, 154.0, 154.0, 156.0, 181.0, 185.0, 174.0]",0.1386963576078415,0.0,3.0517578125e-05,0.0028018951416015625,-27.93682861328125
1750930343.8335679,0.0,0.0,"[174.0, 185.0, 181.0, 156.0, 154.0, 154.0, 156.0, 181.0, 185.0, 174.0]",0.03423813730478287,0.0,3.0517578125e-05,0.0026397705078125,-27.9375
1750930343.8642893,0.0,0.0,"[174.0, 185.0, 181.0, 156.0, 154.0, 154.0, 156.0, 181.0, 185.0, 174.0]",0.19708847999572754,0.0,3.0517578125e-05,0.0024356842041015625,-27.933563232421875
1750930343.877341,0.0,0.0,"[174.0, 185.0, 181.0, 156.0, 154.0, 154.0, 156.0, 181.0, 185.0, 174.0]",0.11670007556676865,0.0,3.0517578125e-05,0.0022029876708984375,-27.931236267089844
1750930343.9083936,0.0,0.0,"[174.0, 185.0, 181.0, 156.0, 154.0, 154.0, 156.0, 181.0, 185.0, 174.0]",0.18595702946186066,0.0,3.0517578125e-05,0.001953125,-27.93494415283203
1750930343.9204311,0.0,0.0,"[174.0, 185.0, 181.0, 156.0, 154.0, 154.0, 156.0, 181.0, 185.0, 174.0]",0.14142140746116638,0.0,3.0517578125e-05,0.0016937255859375,-27.937759399414062
1750930343.9337082,0.0,0.0,"[174.0, 185.0, 181.0, 156.0, 154.0, 154.0, 156.0, 181.0, 185.0, 174.0]",0.03864883631467819,0.0,3.0517578125e-05,0.0014324188232421875,-27.937034606933594
1750930343.9650383,0.0,0.0,"[174.0, 185.0, 181.0, 156.0, 154.0, 154.0, 156.0, 181.0, 185.0, 174.0]",0.2074117660522461,0.0,3.0517578125e-05,0.0011768341064453125,-27.941177368164062
1750930343.9773934,0.0,0.0,"[174.0, 185.0, 181.0, 156.0, 154.0, 154.0, 156.0, 181.0, 185.0, 174.0]",0.07435809075832367,0.0,3.0517578125e-05,0.0009326934814453125,-27.942642211914062
1750930344.0076797,0.0,0.0,"[174.0, 185.0, 181.0, 156.0, 154.0, 154.0, 156.0, 181.0, 185.0, 174.0]",0.1789800524711609,0.0,3.0517578125e-05,0.000701904296875,-27.939071655273438
1750930344.0201259,0.0,0.0,"[174.0, 185.0, 181.0, 156.0, 154.0, 154.0, 156.0, 181.0, 185.0, 174.0]",0.14396102726459503,0.0,3.0517578125e-05,0.00048828125,-27.936203002929688
1750930344.0328345,0.0,0.0,"[174.0, 185.0, 181.0, 156.0, 154.0, 154.0, 156.0, 181.0, 185.0, 174.0]",0.01964675635099411,0.0,3.0517578125e-05,0.000293731689453125,-27.936538696289062
1750930344.0635004,0.0,0.0,"[174.0, 185.0, 181.0, 156.0, 154.0, 154.0, 156.0, 181.0, 185.0, 174.0]",0.177374005317688,0.0,3.0517578125e-05,0.0001220703125,-27.932998657226562
1750930344.0766706,0.0,0.0,"[174.0, 185.0, 181.0, 156.0, 154.0, 154.0, 156.0, 181.0, 185.0, 174.0]",0.14416569471359253,0.0,3.0517578125e-05,-2.86102294921875e-05,-27.93011474609375
1750930344.108392,0.0,0.0,"[174.0, 185.0, 181.0, 156.0, 154.0, 154.0, 156.0, 181.0, 185.0, 174.0]",0.01496910024434328,0.0,3.0517578125e-05,-0.0001583099365234375,-27.930389404296875
