timestamp,steering_input,acceleration_input,raycasts,speed,steering,position_x,position_y,position_z
1750932141.9007144,0.0,0.0,"[174.0, 185.0, 227.0, 295.0, 259.0, 259.0, 295.0, 227.0, 185.0, 174.0]",0.0,0.0,0.0,0.10000038146972656,-27.93000030517578
1750932142.3622339,0.0,0.0,"[174.0, 185.0, 178.0, 155.0, 154.0, 154.0, 156.0, 179.0, 185.0, 174.0]",0.1431841105222702,0.0,0.0,0.097137451171875,-27.93000030517578
1750932142.4136496,0.0,0.0,"[174.0, 185.0, 178.0, 155.0, 154.0, 154.0, 156.0, 179.0, 185.0, 174.0]",0.2360968291759491,0.0,0.0,0.09241485595703125,-27.93000030517578
1750932142.4288,0.0,0.0,"[174.0, 185.0, 179.0, 155.0, 154.0, 154.0, 156.0, 179.0, 185.0, 174.0]",0.30777978897094727,0.0,0.0,0.08625984191894531,-27.93000030517578
1750932142.4444287,0.0,0.0,"[174.0, 185.0, 179.0, 155.0, 154.0, 154.0, 156.0, 179.0, 185.0, 174.0]",0.36006540060043335,0.0,0.0,0.07905769348144531,-27.93000030517578
1750932142.4599586,0.0,0.0,"[174.0, 185.0, 179.0, 155.0, 154.0, 154.0, 156.0, 179.0, 185.0, 174.0]",0.3949472904205322,0.0,0.0,0.07115936279296875,-27.93000030517578
1750932142.4753582,0.0,0.0,"[174.0, 185.0, 179.0, 155.0, 154.0, 154.0, 156.0, 180.0, 185.0, 174.0]",0.41450235247612,0.0,0.0,0.06286811828613281,-27.93000030517578
1750932142.5150237,0.0,0.0,"[174.0, 185.0, 179.0, 155.0, 154.0, 154.0, 156.0, 180.0, 185.0, 174.0]",0.42082807421684265,0.0,0.0,0.05445289611816406,-27.93000030517578
1750932142.5304794,0.0,0.0,"[174.0, 185.0, 179.0, 155.0, 154.0, 154.0, 156.0, 181.0, 185.0, 174.0]",0.41598936915397644,0.0,0.0,0.04613304138183594,-27.93000030517578
1750932142.546805,0.0,0.0,"[174.0, 185.0, 179.0, 155.0, 154.0, 154.0, 156.0, 181.0, 185.0, 174.0]",0.4019714593887329,0.0,0.0,0.03809356689453125,-27.93000030517578
1750932142.5621817,0.0,0.0,"[174.0, 185.0, 179.0, 156.0, 154.0, 154.0, 156.0, 181.0, 185.0, 174.0]",0.3806484043598175,0.0,0.0,0.03047943115234375,-27.93000030517578
1750932142.5776973,0.0,0.0,"[174.0, 185.0, 180.0, 156.0, 154.0, 154.0, 156.0, 181.0, 185.0, 174.0]",0.3537571132183075,0.0,0.0,0.023405075073242188,-27.93000030517578
1750932142.6048427,0.0,0.0,"[174.0, 185.0, 180.0, 156.0, 154.0, 154.0, 156.0, 181.0, 185.0, 174.0]",0.3228750228881836,0.0,0.0,0.016946792602539062,-27.92999267578125
1750932142.6201496,0.0,0.0,"[174.0, 185.0, 180.0, 156.0, 154.0, 154.0, 156.0, 181.0, 185.0, 174.0]",0.28941938281059265,0.0,0.0,0.011159896850585938,-27.930038452148438
1750932142.6356525,0.0,0.0,"[174.0, 185.0, 180.0, 156.0, 154.0, 154.0, 156.0, 181.0, 185.0, 174.0]",0.2562173306941986,0.0,0.0,0.0060672760009765625,-27.929466247558594
1750932142.6741474,0.0,0.0,"[174.0, 185.0, 181.0, 156.0, 154.0, 154.0, 156.0, 181.0, 185.0, 174.0]",0.34839218854904175,0.0,0.0,0.0016765594482421875,-27.93487548828125
1750932142.6896646,0.0,0.0,"[174.0, 185.0, 181.0, 156.0, 154.0, 154.0, 156.0, 181.0, 185.0, 174.0]",0.255353718996048,0.0,0.0,-0.0020236968994140625,-27.931358337402344
1750932142.7054894,0.0,0.0,"[174.0, 185.0, 181.0, 156.0, 154.0, 154.0, 156.0, 181.0, 185.0, 174.0]",0.2815416157245636,0.0,0.0,-0.0050601959228515625,-27.926612854003906
1750932142.7203543,0.0,0.0,"[174.0, 185.0, 181.0, 156.0, 154.0, 154.0, 156.0, 181.0, 185.0, 174.0]",0.15634490549564362,0.0,0.0,-0.007472991943359375,-27.928604125976562
1750932142.7366405,0.0,0.0,"[174.0, 185.0, 181.0, 156.0, 154.0, 154.0, 156.0, 181.0, 185.0, 174.0]",0.27455902099609375,0.0,0.0,-0.009307861328125,-27.923431396484375
1750932142.778291,0.0,0.0,"[174.0, 185.0, 181.0, 156.0, 154.0, 154.0, 156.0, 181.0, 185.0, 174.0]",0.2245660424232483,0.0,0.0,-0.010616302490234375,-27.92772674560547
1750932142.7942371,0.0,0.0,"[174.0, 185.0, 181.0, 156.0, 154.0, 154.0, 156.0, 181.0, 185.0, 174.0]",0.08891011029481888,0.0,0.0,-0.011455535888671875,-27.929290771484375
1750932142.809746,0.0,0.0,"[174.0, 185.0, 181.0, 156.0, 154.0, 154.0, 156.0, 181.0, 185.0, 174.0]",0.1896505206823349,0.0,0.0,-0.011884689331054688,-27.925521850585938
1750932142.8249013,0.0,0.0,"[174.0, 185.0, 181.0, 156.0, 154.0, 154.0, 156.0, 181.0, 185.0, 174.0]",0.2066076397895813,0.0,0.0,-0.011960983276367188,-27.92139434814453
1750932142.8413513,0.0,0.0,"[174.0, 185.0, 181.0, 156.0, 154.0, 154.0, 156.0, 181.0, 185.0, 174.0]",0.12101753056049347,0.0,0.0,-0.011743545532226562,-27.918983459472656
1750932142.8582854,0.0,0.0,"[174.0, 185.0, 181.0, 156.0, 154.0, 154.0, 156.0, 181.0, 185.0, 174.0]",0.19259010255336761,0.0,0.0,-0.011285781860351562,-27.922805786132812
1750932142.8851743,0.0,0.0,"[174.0, 185.0, 181.0, 156.0, 154.0, 154.0, 156.0, 181.0, 185.0, 174.0]",0.17800575494766235,0.0,0.0,-0.010637283325195312,-27.926307678222656
1750932142.9013891,0.0,0.0,"[174.0, 185.0, 181.0, 156.0, 154.0, 154.0, 156.0, 181.0, 185.0, 174.0]",0.16013549268245697,0.0,0.0,-0.009847640991210938,-27.929412841796875
1750932142.9165792,0.0,0.0,"[174.0, 185.0, 181.0, 156.0, 154.0, 154.0, 156.0, 181.0, 185.0, 174.0]",0.07219173014163971,0.0,0.0,-0.0089569091796875,-27.9305419921875
1750932142.9574277,0.0,0.0,"[174.0, 185.0, 181.0, 156.0, 154.0, 154.0, 156.0, 181.0, 185.0, 174.0]",0.1852148175239563,0.0,0.0,-0.008007049560546875,-27.926963806152344
1750932142.9742417,0.0,0.0,"[174.0, 185.0, 181.0, 156.0, 154.0, 154.0, 156.0, 181.0, 185.0, 174.0]",0.15632963180541992,0.0,0.0,-0.00702667236328125,-27.923995971679688
1750932142.991571,0.0,0.0,"[174.0, 185.0, 181.0, 156.0, 154.0, 154.0, 156.0, 181.0, 185.0, 174.0]",0.051327187567949295,0.0,0.0,-0.0060482025146484375,-27.923690795898438
1750932143.0087023,0.0,0.0,"[174.0, 185.0, 181.0, 156.0, 154.0, 154.0, 156.0, 181.0, 185.0, 174.0]",0.15988564491271973,0.0,0.0,-0.0050907135009765625,-27.926742553710938
1750932143.0304189,0.0,0.0,"[174.0, 185.0, 181.0, 156.0, 154.0, 154.0, 156.0, 181.0, 185.0, 174.0]",0.057914745062589645,0.0,0.0,-0.004177093505859375,-27.927452087402344
1750932143.046616,0.0,0.0,"[174.0, 185.0, 181.0, 156.0, 154.0, 154.0, 156.0, 181.0, 185.0, 174.0]",0.19991879165172577,0.0,0.0,-0.0033206939697265625,-27.923545837402344
1750932143.0621638,0.0,0.0,"[174.0, 185.0, 180.0, 156.0, 154.0, 154.0, 156.0, 181.0, 185.0, 174.0]",0.12208255380392075,0.0,0.0,-0.0025310516357421875,-27.921234130859375
1750932143.0772905,0.0,0.0,"[174.0, 185.0, 181.0, 156.0, 154.0, 154.0, 156.0, 181.0, 185.0, 174.0]",0.18461520969867706,0.0,0.0,-0.0018177032470703125,-27.92485809326172
1750932143.1154094,0.0,0.0,"[174.0, 185.0, 181.0, 156.0, 154.0, 154.0, 156.0, 181.0, 185.0, 174.0]",0.13355395197868347,0.0,0.0,-0.0011844635009765625,-27.927452087402344
1750932143.1345818,0.0,0.0,"[174.0, 185.0, 181.0, 156.0, 154.0, 154.0, 156.0, 181.0, 185.0, 174.0]",0.11430472135543823,0.0,3.0517578125e-05,-0.00063323974609375,-27.92523193359375
1750932143.1362844,0.0,0.0,"[174.0, 185.0, 181.0, 156.0, 154.0, 154.0, 156.0, 181.0, 185.0, 174.0]",0.18023736774921417,0.0,3.0517578125e-05,-0.0001621246337890625,-27.928810119628906
1750932143.1745596,0.0,0.0,"[174.0, 185.0, 181.0, 156.0, 154.0, 154.0, 156.0, 181.0, 185.0, 174.0]",0.12951964139938354,0.0,3.0517578125e-05,0.0002288818359375,-27.931365966796875
1750932143.1904776,0.0,0.0,"[174.0, 185.0, 181.0, 156.0, 154.0, 154.0, 156.0, 181.0, 185.0, 174.0]",0.12480492144823074,0.0,3.0517578125e-05,0.000545501708984375,-27.92889404296875
1750932143.2053738,0.0,0.0,"[174.0, 185.0, 181.0, 156.0, 154.0, 154.0, 156.0, 181.0, 185.0, 174.0]",0.1880124807357788,0.0,3.0517578125e-05,0.0007915496826171875,-27.932647705078125
1750932143.2207005,0.0,0.0,"[174.0, 185.0, 181.0, 156.0, 154.0, 154.0, 156.0, 181.0, 185.0, 174.0]",0.13074220716953278,0.0,6.103515625e-05,0.000972747802734375,-27.935256958007812
1750932143.2356744,0.0,0.0,"[174.0, 185.0, 181.0, 156.0, 154.0, 154.0, 156.0, 181.0, 185.0, 174.0]",0.10936620831489563,0.0,6.103515625e-05,0.0010967254638671875,-27.933074951171875
1750932143.2736907,0.0,0.0,"[174.0, 185.0, 181.0, 156.0, 154.0, 154.0, 156.0, 181.0, 185.0, 174.0]",0.1798066943883896,0.0,6.103515625e-05,0.0011692047119140625,-27.936668395996094
1750932143.2887995,0.0,0.0,"[174.0, 185.0, 181.0, 156.0, 154.0, 154.0, 156.0, 181.0, 185.0, 174.0]",0.1341421902179718,0.0,6.103515625e-05,0.00119781494140625,-27.939346313476562
1750932143.3034477,0.0,0.0,"[174.0, 185.0, 181.0, 156.0, 154.0, 154.0, 156.0, 181.0, 185.0, 174.0]",0.08383754640817642,0.0,9.1552734375e-05,0.0011882781982421875,-27.937667846679688
1750932143.3188283,0.0,0.0,"[174.0, 185.0, 181.0, 156.0, 154.0, 154.0, 156.0, 181.0, 185.0, 174.0]",0.20048488676548004,0.0,9.1552734375e-05,0.001148223876953125,-27.941680908203125
1750932143.3450944,0.0,0.0,"[174.0, 185.0, 181.0, 156.0, 154.0, 154.0, 156.0, 181.0, 185.0, 174.0]",0.10169758647680283,0.0,9.1552734375e-05,0.0010833740234375,-27.943710327148438
1750932143.3607123,0.0,0.0,"[174.0, 185.0, 181.0, 156.0, 154.0, 154.0, 156.0, 181.0, 185.0, 174.0]",0.1957578808069229,0.0,9.1552734375e-05,0.00099945068359375,-27.939804077148438
1750932143.3761845,0.0,0.0,"[174.0, 185.0, 181.0, 156.0, 154.0, 154.0, 156.0, 181.0, 185.0, 174.0]",0.1214127317070961,0.0,9.1552734375e-05,0.0009002685546875,-27.9373779296875
1750932143.415439,0.0,0.0,"[174.0, 185.0, 181.0, 156.0, 154.0, 154.0, 156.0, 181.0, 185.0, 174.0]",0.16332045197486877,0.0,9.1552734375e-05,0.00079345703125,-27.940643310546875
1750932143.4307783,0.0,0.0,"[174.0, 185.0, 181.0, 156.0, 154.0, 154.0, 156.0, 181.0, 185.0, 174.0]",0.09217379242181778,0.0,9.1552734375e-05,0.00067901611328125,-27.942481994628906
1750932143.447041,0.0,0.0,"[174.0, 185.0, 181.0, 156.0, 154.0, 154.0, 156.0, 181.0, 185.0, 174.0]",0.2105722427368164,0.0,9.1552734375e-05,0.0005645751953125,-27.938270568847656
1750932143.4619153,0.0,0.0,"[174.0, 185.0, 181.0, 156.0, 154.0, 154.0, 156.0, 181.0, 185.0, 174.0]",0.0551212802529335,0.0,9.1552734375e-05,0.0004520416259765625,-27.937171936035156
1750932143.4768925,0.0,0.0,"[174.0, 185.0, 181.0, 156.0, 154.0, 154.0, 156.0, 181.0, 185.0, 174.0]",0.18365854024887085,0.0,9.1552734375e-05,0.00034332275390625,-27.940841674804688
1750932143.5149753,0.0,0.0,"[174.0, 185.0, 181.0, 156.0, 154.0, 154.0, 156.0, 181.0, 185.0, 174.0]",0.14489775896072388,0.0,9.1552734375e-05,0.0002384185791015625,-27.943740844726562
1750932143.5302958,0.0,0.0,"[174.0, 185.0, 181.0, 156.0, 154.0, 154.0, 156.0, 181.0, 185.0, 174.0]",0.00901650171726942,0.0,9.1552734375e-05,0.0001430511474609375,-27.943588256835938
1750932143.5723166,0.0,0.0,"[174.0, 185.0, 181.0, 156.0, 154.0, 154.0, 156.0, 181.0, 185.0, 174.0]",0.05505768954753876,0.0,9.1552734375e-05,5.53131103515625e-05,-27.944686889648438
1750932143.5743465,0.0,0.0,"[174.0, 185.0, 181.0, 156.0, 154.0, 154.0, 156.0, 181.0, 185.0, 174.0]",0.17928889393806458,0.0,9.1552734375e-05,-2.288818359375e-05,-27.94110107421875
1750932143.5901527,0.0,0.0,"[174.0, 185.0, 181.0, 156.0, 154.0, 154.0, 156.0, 181.0, 185.0, 174.0]",0.14334961771965027,0.0,9.1552734375e-05,-9.34600830078125e-05,-27.938232421875
1750932143.6051774,0.0,0.0,"[174.0, 185.0, 181.0, 156.0, 154.0, 154.0, 156.0, 181.0, 185.0, 174.0]",0.018594011664390564,0.0,6.103515625e-05,-0.000152587890625,-27.9385986328125
1750932143.62053,0.0,0.0,"[174.0, 185.0, 181.0, 156.0, 154.0, 154.0, 156.0, 181.0, 185.0, 174.0]",0.18376843631267548,0.0,6.103515625e-05,-0.0002040863037109375,-27.934921264648438
1750932143.636613,0.0,0.0,"[174.0, 185.0, 181.0, 156.0, 154.0, 154.0, 156.0, 181.0, 185.0, 174.0]",0.14541347324848175,0.0,6.103515625e-05,-0.000244140625,-27.93201446533203
1750932143.6750855,0.0,0.0,"[174.0, 185.0, 181.0, 156.0, 154.0, 154.0, 156.0, 181.0, 185.0, 174.0]",0.003991772886365652,0.0,6.103515625e-05,-0.000278472900390625,-27.932083129882812
1750932143.6913276,0.0,0.0,"[174.0, 185.0, 181.0, 156.0, 154.0, 154.0, 156.0, 181.0, 185.0, 174.0]",0.01953437738120556,0.0,6.103515625e-05,-0.0003032684326171875,-27.93170166015625
1750932143.7068365,0.0,0.0,"[174.0, 185.0, 181.0, 156.0, 154.0, 154.0, 156.0, 181.0, 185.0, 174.0]",0.20610176026821136,0.0,6.103515625e-05,-0.0003204345703125,-27.935821533203125
1750932143.7231045,0.0,0.0,"[174.0, 185.0, 181.0, 156.0, 154.0, 154.0, 156.0, 181.0, 185.0, 174.0]",0.07742314785718918,0.0,6.103515625e-05,-0.000331878662109375,-27.93737030029297
1750932143.7381449,0.0,0.0,"[174.0, 185.0, 181.0, 156.0, 154.0, 154.0, 156.0, 181.0, 185.0, 174.0]",0.1860668659210205,0.0,6.103515625e-05,-0.000339508056640625,-27.93364715576172
1750932143.753712,0.0,0.0,"[174.0, 185.0, 181.0, 156.0, 154.0, 154.0, 156.0, 181.0, 185.0, 174.0]",0.14413520693778992,0.0,6.103515625e-05,-0.000339508056640625,-27.930763244628906
1750932143.7935998,0.0,0.0,"[174.0, 185.0, 181.0, 156.0, 154.0, 154.0, 156.0, 181.0, 185.0, 174.0]",0.012180095538496971,0.0,6.103515625e-05,-0.0003376007080078125,-27.931007385253906
1750932143.8087158,0.0,0.0,"[174.0, 185.0, 181.0, 156.0, 154.0, 154.0, 156.0, 181.0, 185.0, 174.0]",0.11553142219781876,0.0,6.103515625e-05,-0.000331878662109375,-27.928695678710938
1750932143.8239956,0.0,0.0,"[174.0, 185.0, 181.0, 156.0, 154.0, 154.0, 156.0, 181.0, 185.0, 174.0]",0.18333488702774048,0.0,6.103515625e-05,-0.0003223419189453125,-27.93236541748047
1750932143.8396103,0.0,0.0,"[174.0, 185.0, 181.0, 156.0, 154.0, 154.0, 156.0, 181.0, 185.0, 174.0]",0.14466337859630585,0.0,6.103515625e-05,-0.00031280517578125,-27.935256958007812
1750932143.8547752,0.0,0.0,"[174.0, 185.0, 181.0, 156.0, 154.0, 154.0, 156.0, 181.0, 185.0, 174.0]",0.008341189473867416,0.0,9.1552734375e-05,-0.000301361083984375,-27.935089111328125
1750932143.8927357,0.0,0.0,"[174.0, 185.0, 181.0, 156.0, 154.0, 154.0, 156.0, 181.0, 185.0, 174.0]",0.062055353075265884,0.0,6.103515625e-05,-0.0002880096435546875,-27.93633270263672
1750932143.907969,0.0,0.0,"[174.0, 185.0, 181.0, 156.0, 154.0, 154.0, 156.0, 181.0, 185.0, 174.0]",0.17434844374656677,0.0,6.103515625e-05,-0.000274658203125,-27.932846069335938
1750932143.9229157,0.0,0.0,"[174.0, 185.0, 181.0, 156.0, 154.0, 154.0, 156.0, 181.0, 185.0, 174.0]",0.13407662510871887,0.0,6.103515625e-05,-0.0002613067626953125,-27.93016815185547
1750932143.937906,0.0,0.0,"[174.0, 185.0, 181.0, 156.0, 154.0, 154.0, 156.0, 181.0, 185.0, 174.0]",0.08983200043439865,0.0,6.103515625e-05,-0.000247955322265625,-27.931961059570312
1750932143.9640615,0.0,0.0,"[174.0, 185.0, 181.0, 156.0, 154.0, 154.0, 156.0, 181.0, 185.0, 174.0]",0.21000729501247406,0.0,6.103515625e-05,-0.00023651123046875,-27.927764892578125
1750932143.979322,0.0,0.0,"[174.0, 185.0, 181.0, 156.0, 154.0, 154.0, 156.0, 181.0, 185.0, 174.0]",0.056724581867456436,0.0,3.0517578125e-05,-0.000225067138671875,-27.92662811279297
1750932143.9953904,0.0,0.0,"[174.0, 185.0, 181.0, 156.0, 154.0, 154.0, 156.0, 181.0, 185.0, 174.0]",0.17987388372421265,0.0,3.0517578125e-05,-0.000213623046875,-27.930221557617188
1750932144.011233,0.0,0.0,"[174.0, 185.0, 181.0, 156.0, 154.0, 154.0, 156.0, 181.0, 185.0, 174.0]",0.14243344962596893,0.0,6.103515625e-05,-0.0002040863037109375,-27.933074951171875
1750932144.0494764,0.0,0.0,"[174.0, 185.0, 181.0, 156.0, 154.0, 154.0, 156.0, 181.0, 185.0, 174.0]",0.023973817005753517,0.0,6.103515625e-05,-0.000194549560546875,-27.932594299316406
1750932144.0650058,0.0,0.0,"[174.0, 185.0, 181.0, 156.0, 154.0, 154.0, 156.0, 181.0, 185.0, 174.0]",0.18901419639587402,0.0,6.103515625e-05,-0.000186920166015625,-27.936378479003906
1750932144.0800655,0.0,0.0,"[174.0, 185.0, 181.0, 156.0, 154.0, 154.0, 156.0, 181.0, 185.0, 174.0]",0.14030884206295013,0.0,6.103515625e-05,-0.0001811981201171875,-27.939178466796875
1750932144.095174,0.0,0.0,"[174.0, 185.0, 181.0, 156.0, 154.0, 154.0, 156.0, 181.0, 185.0, 174.0]",0.040016189217567444,0.0,9.1552734375e-05,-0.00017547607421875,-27.938385009765625
1750932144.132925,0.0,0.0,"[174.0, 185.0, 181.0, 156.0, 154.0, 154.0, 156.0, 181.0, 185.0, 174.0]",0.21010708808898926,0.0,9.1552734375e-05,-0.000171661376953125,-27.942581176757812
1750932144.1483278,0.0,0.0,"[174.0, 185.0, 181.0, 156.0, 154.0, 154.0, 156.0, 181.0, 185.0, 174.0]",0.05625225231051445,0.0,9.1552734375e-05,-0.0001678466796875,-27.943710327148438
1750932144.1635056,0.0,0.0,"[174.0, 185.0, 181.0, 156.0, 154.0, 154.0, 156.0, 181.0, 185.0, 174.0]",0.18066678941249847,0.0,9.1552734375e-05,-0.000164031982421875,-27.940093994140625
1750932144.1797316,0.0,0.0,"[174.0, 185.0, 181.0, 156.0, 154.0, 154.0, 156.0, 181.0, 185.0, 174.0]",0.143056258559227,0.0,9.1552734375e-05,-0.0001621246337890625,-27.937232971191406
1750932144.1955576,0.0,0.0,"[174.0, 185.0, 181.0, 156.0, 154.0, 154.0, 156.0, 181.0, 185.0, 174.0]",0.019466623663902283,0.0,6.103515625e-05,-0.0001621246337890625,-27.9376220703125
1750932144.2186363,0.0,0.0,"[174.0, 185.0, 227.0, 295.0, 259.0, 160.0, 295.0, 190.0, 185.0, 174.0]",0.0,0.0,0.0,0.10000038146972656,-27.93000030517578
1750932144.2346375,0.0,0.0,"[174.0, 185.0, 179.0, 155.0, 154.0, 154.0, 156.0, 179.0, 185.0, 174.0]",0.8974740505218506,0.0,0.0,0.08205032348632812,-27.93000030517578
1750932144.273634,0.0,0.0,"[174.0, 185.0, 179.0, 155.0, 154.0, 154.0, 156.0, 180.0, 185.0, 174.0]",0.8459518551826477,0.0,0.0,0.06513214111328125,-27.929977416992188
1750932144.2895846,0.0,0.0,"[174.0, 185.0, 179.0, 155.0, 154.0, 154.0, 156.0, 181.0, 185.0, 174.0]",0.783419132232666,0.0,0.0,0.04947662353515625,-27.930633544921875
1750932144.3045878,0.0,0.0,"[174.0, 185.0, 179.0, 156.0, 154.0, 154.0, 156.0, 181.0, 185.0, 174.0]",0.7820731401443481,0.0,0.0,0.035251617431640625,-27.92413330078125
1750932144.3199751,0.0,0.0,"[174.0, 185.0, 180.0, 156.0, 154.0, 154.0, 156.0, 181.0, 185.0, 174.0]",0.7182924747467041,0.0,0.0,0.022556304931640625,-27.93085479736328
1750932144.3347883,0.0,0.0,"[174.0, 185.0, 180.0, 156.0, 154.0, 154.0, 156.0, 181.0, 185.0, 174.0]",0.6406521201133728,0.0,0.0,0.011440277099609375,-27.924484252929688
1750932144.3728526,0.0,0.0,"[174.0, 185.0, 181.0, 156.0, 154.0, 154.0, 156.0, 181.0, 185.0, 174.0]",0.5647763013839722,0.0,0.0,0.0019054412841796875,-27.9305419921875
1750932144.3892362,0.0,0.0,"[174.0, 185.0, 181.0, 156.0, 154.0, 154.0, 156.0, 181.0, 185.0, 174.0]",0.4779224991798401,0.0,0.0,-0.0060825347900390625,-27.92529296875
1750932144.4049199,0.0,0.0,"[174.0, 185.0, 181.0, 156.0, 154.0, 154.0, 158.0, 181.0, 185.0, 174.0]",0.35469165444374084,0.0,0.0,-0.012592315673828125,-27.92810821533203
1750932144.4197834,0.0,0.0,"[174.0, 185.0, 181.0, 156.0, 154.0, 154.0, 158.0, 183.0, 185.0, 174.0]",0.30527764558792114,0.0,0.0,-0.017713546752929688,-27.924789428710938
1750932144.4348354,0.0,0.0,"[174.0, 185.0, 181.0, 156.0, 154.0, 154.0, 158.0, 183.0, 185.0, 174.0]",0.3573039472103119,0.0,0.0,-0.021558761596679688,-27.91876220703125
1750932144.472809,0.0,0.0,"[174.0, 185.0, 181.0, 156.0, 154.0, 154.0, 158.0, 183.0, 185.0, 174.0]",0.30491501092910767,0.0,3.0517578125e-05,-0.0242462158203125,-27.924240112304688
1750932144.4880905,0.0,0.0,"[174.0, 185.0, 181.0, 156.0, 154.0, 154.0, 158.0, 183.0, 185.0, 174.0]",0.20118364691734314,0.0,3.0517578125e-05,-0.025907516479492188,-27.920570373535156
1750932144.5030444,0.0,0.0,"[174.0, 185.0, 181.0, 156.0, 154.0, 154.0, 158.0, 183.0, 185.0, 174.0]",0.2531186044216156,0.0,3.0517578125e-05,-0.026674270629882812,-27.915565490722656
1750932144.518089,0.0,0.0,"[174.0, 185.0, 181.0, 156.0, 154.0, 154.0, 158.0, 183.0, 185.0, 174.0]",0.1985940933227539,0.0,3.0517578125e-05,-0.026676177978515625,-27.919540405273438
1750932144.5446088,0.0,0.0,"[174.0, 185.0, 181.0, 156.0, 154.0, 154.0, 158.0, 183.0, 185.0, 174.0]",0.22115957736968994,0.0,3.0517578125e-05,-0.026042938232421875,-27.923919677734375
1750932144.559527,0.0,0.0,"[174.0, 185.0, 181.0, 156.0, 154.0, 154.0, 156.0, 181.0, 185.0, 174.0]",0.07638798654079437,0.0,3.0517578125e-05,-0.02489471435546875,-27.9249267578125
1750932144.574424,0.0,0.0,"[174.0, 185.0, 181.0, 156.0, 154.0, 154.0, 156.0, 181.0, 185.0, 174.0]",0.19254328310489655,0.0,3.0517578125e-05,-0.023347854614257812,-27.921401977539062
1750932144.6134222,0.0,0.0,"[174.0, 185.0, 181.0, 156.0, 154.0, 154.0, 156.0, 181.0, 185.0, 174.0]",0.2169356346130371,0.0,3.0517578125e-05,-0.021503448486328125,-27.91747283935547
1750932144.6289284,0.0,0.0,"[174.0, 185.0, 181.0, 156.0, 154.0, 154.0, 156.0, 181.0, 185.0, 174.0]",0.19625531136989594,0.0,3.0517578125e-05,-0.019456863403320312,-27.91412353515625
1750932144.6440504,0.0,0.0,"[174.0, 185.0, 181.0, 156.0, 154.0, 154.0, 156.0, 181.0, 185.0, 174.0]",0.16589853167533875,0.0,0.0,-0.017290115356445312,-27.911605834960938
1750932144.6594236,0.0,0.0,"[174.0, 185.0, 181.0, 156.0, 154.0, 154.0, 156.0, 181.0, 185.0, 174.0]",0.179512158036232,0.0,0.0,-0.01507568359375,-27.91443634033203
1750932144.6742878,0.0,0.0,"[174.0, 185.0, 181.0, 156.0, 154.0, 154.0, 156.0, 181.0, 185.0, 174.0]",0.11141771823167801,0.0,0.0,-0.012876510620117188,-27.914077758789062
1750932144.7136743,0.0,0.0,"[174.0, 185.0, 181.0, 156.0, 154.0, 154.0, 156.0, 181.0, 185.0, 174.0]",0.21718013286590576,0.0,0.0,-0.010740280151367188,-27.917861938476562
1750932144.7296417,0.0,0.0,"[174.0, 185.0, 181.0, 156.0, 154.0, 154.0, 156.0, 181.0, 185.0, 174.0]",0.16006414592266083,0.0,0.0,-0.008707046508789062,-27.920333862304688
1750932144.7451377,0.0,0.0,"[174.0, 185.0, 180.0, 156.0, 154.0, 154.0, 156.0, 181.0, 185.0, 174.0]",0.17099212110042572,0.0,3.0517578125e-05,-0.0068111419677734375,-27.917495727539062
1750932144.7603083,0.0,0.0,"[174.0, 185.0, 180.0, 156.0, 154.0, 154.0, 156.0, 181.0, 185.0, 174.0]",0.08726457506418228,0.0,0.0,-0.00507354736328125,-27.917648315429688
1750932144.776109,0.0,0.0,"[174.0, 185.0, 180.0, 156.0, 154.0, 154.0, 156.0, 181.0, 185.0, 174.0]",0.08645162731409073,0.0,3.0517578125e-05,-0.003509521484375,-27.916915893554688
1750932144.8145962,0.0,0.0,"[174.0, 185.0, 180.0, 156.0, 154.0, 154.0, 156.0, 181.0, 185.0, 174.0]",0.20173563063144684,0.0,3.0517578125e-05,-0.0021266937255859375,-27.92070770263672
1750932144.829756,0.0,0.0,"[174.0, 185.0, 180.0, 156.0, 154.0, 154.0, 156.0, 181.0, 185.0, 174.0]",0.12445496767759323,0.0,3.0517578125e-05,-0.0009288787841796875,-27.922889709472656
1750932144.8448544,0.0,0.0,"[174.0, 185.0, 180.0, 156.0, 154.0, 154.0, 156.0, 181.0, 185.0, 174.0]",0.18991607427597046,0.0,3.0517578125e-05,8.58306884765625e-05,-27.919227600097656
1750932144.859906,0.0,0.0,"[174.0, 185.0, 180.0, 156.0, 154.0, 154.0, 156.0, 181.0, 185.0, 174.0]",0.12199972569942474,0.0,0.0,0.0009250640869140625,-27.91693878173828
1750932144.874857,0.0,0.0,"[174.0, 185.0, 180.0, 156.0, 154.0, 154.0, 156.0, 181.0, 185.0, 174.0]",0.18022117018699646,0.0,0.0,0.001598358154296875,-27.92047882080078
1750932144.9130054,0.0,0.0,"[174.0, 185.0, 180.0, 156.0, 154.0, 154.0, 156.0, 181.0, 185.0, 174.0]",0.11665608733892441,0.0,3.0517578125e-05,0.0021152496337890625,-27.922752380371094
1750932144.9278443,0.0,0.0,"[174.0, 185.0, 180.0, 156.0, 154.0, 154.0, 156.0, 181.0, 185.0, 174.0]",0.1823497861623764,0.0,3.0517578125e-05,0.0024929046630859375,-27.91912841796875
1750932144.9429605,0.0,0.0,"[174.0, 185.0, 180.0, 156.0, 154.0, 154.0, 156.0, 181.0, 185.0, 174.0]",0.12218398600816727,0.0,0.0,0.0027408599853515625,-27.91669464111328
1750932144.9576066,0.0,0.0,"[174.0, 185.0, 180.0, 156.0, 154.0, 154.0, 156.0, 181.0, 185.0, 174.0]",0.1568920761346817,0.0,0.0,0.002880096435546875,-27.919830322265625
1750932144.9860246,0.0,0.0,"[174.0, 185.0, 180.0, 156.0, 154.0, 154.0, 156.0, 181.0, 185.0, 174.0]",0.04785260185599327,0.0,0.0,0.0029201507568359375,-27.920791625976562
1750932145.0016387,0.0,0.0,"[174.0, 185.0, 180.0, 156.0, 154.0, 154.0, 156.0, 181.0, 185.0, 174.0]",0.19850154221057892,0.0,0.0,0.0028820037841796875,-27.91681671142578
1750932145.0170326,0.0,0.0,"[174.0, 185.0, 180.0, 156.0, 154.0, 154.0, 156.0, 181.0, 185.0, 174.0]",0.1037985160946846,0.0,0.0,0.0027751922607421875,-27.914749145507812
1750932145.0550454,0.0,0.0,"[174.0, 185.0, 180.0, 156.0, 154.0, 154.0, 156.0, 181.0, 185.0, 174.0]",0.19127152860164642,0.0,0.0,0.00261688232421875,-27.918563842773438
1750932145.0700898,0.0,0.0,"[174.0, 185.0, 180.0, 156.0, 154.0, 154.0, 156.0, 181.0, 185.0, 174.0]",0.12873850762844086,0.0,0.0,0.00241851806640625,-27.92113494873047
1750932145.0851305,0.0,0.0,"[174.0, 185.0, 180.0, 156.0, 154.0, 154.0, 156.0, 181.0, 185.0, 174.0]",0.12723180651664734,0.0,3.0517578125e-05,0.00218963623046875,-27.918601989746094
1750932145.0999148,0.0,0.0,"[174.0, 185.0, 180.0, 156.0, 154.0, 154.0, 156.0, 181.0, 185.0, 174.0]",0.17408183217048645,0.0,3.0517578125e-05,0.0019435882568359375,-27.922073364257812
1750932145.1152122,0.0,0.0,"[174.0, 185.0, 181.0, 156.0, 154.0, 154.0, 156.0, 181.0, 185.0, 174.0]",0.12796525657176971,0.0,3.0517578125e-05,0.0016880035400390625,-27.92462158203125
1750932145.1535366,0.0,0.0,"[174.0, 185.0, 181.0, 156.0, 154.0, 154.0, 156.0, 181.0, 185.0, 174.0]",0.13531649112701416,0.0,3.0517578125e-05,0.001430511474609375,-27.92192840576172
1750932145.16985,0.0,0.0,"[174.0, 185.0, 181.0, 156.0, 154.0, 154.0, 156.0, 181.0, 185.0, 174.0]",0.08073261380195618,0.0,6.103515625e-05,0.0011768341064453125,-27.92352294921875
1750932145.1857777,0.0,0.0,"[174.0, 185.0, 181.0, 156.0, 154.0, 154.0, 156.0, 181.0, 185.0, 174.0]",0.19202326238155365,0.0,3.0517578125e-05,0.000934600830078125,-27.919692993164062
1750932145.2023773,0.0,0.0,"[174.0, 185.0, 181.0, 156.0, 154.0, 154.0, 156.0, 181.0, 185.0, 174.0]",0.13838478922843933,0.0,3.0517578125e-05,0.000705718994140625,-27.91693115234375
1750932145.2185748,0.0,0.0,"[174.0, 185.0, 181.0, 156.0, 154.0, 154.0, 156.0, 181.0, 185.0, 174.0]",0.06230980157852173,0.0,3.0517578125e-05,0.0004940032958984375,-27.91815948486328
1750932145.2451916,0.0,0.0,"[174.0, 185.0, 180.0, 156.0, 154.0, 154.0, 156.0, 181.0, 185.0, 174.0]",0.1752108633518219,0.0,3.0517578125e-05,0.000301361083984375,-27.914657592773438
1750932145.260487,0.0,0.0,"[174.0, 185.0, 180.0, 156.0, 154.0, 154.0, 156.0, 181.0, 185.0, 174.0]",0.13877759873867035,0.0,3.0517578125e-05,0.00012969970703125,-27.911895751953125
1750932145.275297,0.0,0.0,"[174.0, 185.0, 180.0, 156.0, 154.0, 154.0, 156.0, 181.0, 185.0, 174.0]",0.05725724250078201,0.0,0.0,-2.09808349609375e-05,-27.91302490234375
1750932145.313434,0.0,0.0,"[174.0, 185.0, 180.0, 156.0, 154.0, 154.0, 156.0, 181.0, 185.0, 174.0]",0.1783575862646103,0.0,0.0,-0.0001506805419921875,-27.909461975097656
1750932145.3287833,0.0,0.0,"[174.0, 185.0, 180.0, 156.0, 154.0, 154.0, 156.0, 181.0, 185.0, 174.0]",0.14418494701385498,0.0,0.0,-0.0002593994140625,-27.906578063964844
1750932145.3443103,0.0,0.0,"[174.0, 185.0, 180.0, 156.0, 154.0, 154.0, 156.0, 181.0, 185.0, 174.0]",0.014008431695401669,0.0,0.0,-0.000347137451171875,-27.906845092773438
1750932145.358732,0.0,0.0,"[174.0, 185.0, 180.0, 156.0, 154.0, 154.0, 156.0, 181.0, 185.0, 174.0]",0.13448721170425415,0.0,0.0,-0.000415802001953125,-27.904159545898438
1750932145.3735237,0.0,0.0,"[174.0, 185.0, 180.0, 156.0, 154.0, 154.0, 156.0, 181.0, 185.0, 174.0]",0.08412358909845352,0.0,0.0,-0.000469207763671875,-27.905838012695312
1750932145.4120708,0.0,0.0,"[174.0, 185.0, 180.0, 156.0, 154.0, 154.0, 156.0, 181.0, 185.0, 174.0]",0.20555394887924194,0.0,0.0,-0.0005054473876953125,-27.90172576904297
1750932145.4266973,0.0,0.0,"[174.0, 185.0, 180.0, 156.0, 154.0, 154.0, 156.0, 181.0, 185.0, 174.0]",0.08129187673330307,0.0,0.0,-0.0005283355712890625,-27.900100708007812
1750932145.4398377,0.0,0.0,"[174.0, 185.0, 180.0, 156.0, 154.0, 154.0, 156.0, 181.0, 185.0, 174.0]",0.19485943019390106,0.0,0.0,-0.0005397796630859375,-27.90399932861328
1750932145.4533527,0.0,0.0,"[174.0, 185.0, 180.0, 156.0, 154.0, 154.0, 156.0, 181.0, 185.0, 174.0]",0.13010230660438538,0.0,0.0,-0.0005397796630859375,-27.906600952148438
1750932145.483434,0.0,0.0,"[174.0, 185.0, 180.0, 156.0, 154.0, 154.0, 156.0, 181.0, 185.0, 174.0]",0.1210927665233612,0.0,3.0517578125e-05,-0.000530242919921875,-27.9041748046875
1750932145.4957068,0.0,0.0,"[174.0, 185.0, 180.0, 156.0, 154.0, 154.0, 156.0, 181.0, 185.0, 174.0]",0.20220887660980225,0.0,3.0517578125e-05,-0.000514984130859375,-27.908218383789062
1750932145.5262449,0.0,0.0,"[174.0, 185.0, 180.0, 156.0, 154.0, 154.0, 156.0, 181.0, 185.0, 174.0]",0.09802891314029694,0.0,3.0517578125e-05,-0.00049591064453125,-27.910186767578125
1750932145.538304,0.0,0.0,"[174.0, 185.0, 180.0, 156.0, 154.0, 154.0, 156.0, 181.0, 185.0, 174.0]",0.2051771730184555,0.0,3.0517578125e-05,-0.0004711151123046875,-27.906082153320312
1750932145.5596762,0.0,0.0,"[174.0, 185.0, 180.0, 156.0, 154.0, 154.0, 156.0, 181.0, 185.0, 174.0]",0.08180680871009827,0.0,3.0517578125e-05,-0.0004425048828125,-27.904441833496094
1750932145.5728226,0.0,0.0,"[174.0, 185.0, 180.0, 156.0, 154.0, 154.0, 156.0, 181.0, 185.0, 174.0]",0.1954498589038849,0.0,3.0517578125e-05,-0.0004138946533203125,-27.908355712890625
1750932145.602296,0.0,0.0,"[174.0, 185.0, 180.0, 156.0, 154.0, 154.0, 156.0, 181.0, 185.0, 174.0]",0.1265222132205963,0.0,3.0517578125e-05,-0.0003833770751953125,-27.91088104248047
1750932145.6154792,0.0,0.0,"[174.0, 185.0, 180.0, 156.0, 154.0, 154.0, 156.0, 181.0, 185.0, 174.0]",0.14166253805160522,0.0,3.0517578125e-05,-0.000354766845703125,-27.908050537109375
1750932145.6462095,0.0,0.5,"[174.0, 185.0, 180.0, 156.0, 154.0, 154.0, 156.0, 181.0, 185.0, 174.0]",0.016581090167164803,0.0,3.0517578125e-05,-0.0003261566162109375,-27.90837860107422
1750932145.660965,0.0,0.5,"[174.0, 185.0, 180.0, 156.0, 154.0, 154.0, 156.0, 181.0, 185.0, 174.0]",0.19349582493305206,0.0,3.0517578125e-05,-0.00029754638671875,-27.904510498046875
1750932145.6734862,0.0,0.5,"[174.0, 185.0, 180.0, 156.0, 154.0, 154.0, 156.0, 181.0, 185.0, 174.0]",0.14483702182769775,0.0,-0.00164794921875,-0.0002727508544921875,-27.902145385742188
1750932145.7045708,0.0,0.5,"[174.0, 185.0, 180.0, 156.0, 154.0, 154.0, 156.0, 181.0, 185.0, 174.0]",0.13136620819568634,0.0,-0.003875732421875,-0.000247955322265625,-27.903533935546875
1750932145.7175877,0.0,0.5,"[174.0, 185.0, 180.0, 156.0, 154.0, 154.0, 156.0, 181.0, 185.0, 174.0]",0.16277427971363068,0.0,-0.007049560546875,-0.0002269744873046875,-27.902908325195312
1750932145.748024,0.0,0.5,"[174.0, 185.0, 180.0, 156.0, 154.0, 154.0, 156.0, 181.0, 185.0, 174.0]",0.25309285521507263,0.0,-0.0120849609375,-0.0002079010009765625,-27.903579711914062
1750932145.7605302,0.0,0.5,"[174.0, 185.0, 180.0, 156.0, 154.0, 154.0, 156.0, 181.0, 185.0, 174.0]",0.30891796946525574,0.0,-0.01824951171875,-0.0001926422119140625,-27.903358459472656
1750932145.773224,0.0,0.5,"[174.0, 185.0, 180.0, 156.0, 154.0, 154.0, 156.0, 181.0, 185.0, 174.0]",0.3469189703464508,0.0,-0.025177001953125,-0.0001773834228515625,-27.903640747070312
1750932145.8036017,0.0,0.5,"[174.0, 185.0, 180.0, 156.0, 154.0, 154.0, 156.0, 181.0, 185.0, 174.0]",0.4253584146499634,0.0,-0.03369140625,-0.0001659393310546875,-27.903541564941406
1750932145.8157394,0.0,0.5,"[174.0, 185.0, 180.0, 156.0, 154.0, 154.0, 156.0, 181.0, 185.0, 174.0]",0.5285351276397705,0.0,-0.04425048828125,-0.0001583099365234375,-27.903579711914062
1750932145.8453858,0.0,0.5,"[174.0, 185.0, 180.0, 156.0, 154.0, 154.0, 156.0, 181.0, 185.0, 174.0]",0.594723105430603,0.0,-0.05615234375,-0.0001506805419921875,-27.903579711914062
1750932145.8577926,0.0,0.5,"[174.0, 185.0, 181.0, 156.0, 154.0, 154.0, 156.0, 181.0, 185.0, 174.0]",0.6712518930435181,0.0,-0.069580078125,-0.00014495849609375,-27.903587341308594
1750932145.8795636,0.0,0.5,"[174.0, 185.0, 180.0, 156.0, 154.0, 154.0, 156.0, 181.0, 185.0, 174.0]",0.7117198705673218,0.0,-0.083831787109375,-0.000141143798828125,-27.903610229492188
1750932145.8920918,0.0,0.5,"[174.0, 185.0, 180.0, 156.0, 154.0, 154.0, 156.0, 181.0, 185.0, 174.0]",0.7651369571685791,0.0,-0.09912109375,-0.0001392364501953125,-27.903640747070312
1750932145.9246526,0.0,0.5,"[174.0, 185.0, 180.0, 156.0, 154.0, 154.0, 156.0, 181.0, 185.0, 174.0]",0.8227859139442444,0.0,-0.115570068359375,-0.0001392364501953125,-27.903656005859375
1750932145.9377155,0.0,0.5,"[174.0, 185.0, 180.0, 156.0, 154.0, 154.0, 156.0, 181.0, 185.0, 174.0]",0.9080369472503662,0.0,-0.13372802734375,-0.0001392364501953125,-27.903671264648438
1750932145.9603384,0.0,0.5,"[174.0, 185.0, 180.0, 156.0, 154.0, 154.0, 156.0, 181.0, 185.0, 174.0]",1.0215989351272583,0.0,-0.1541748046875,-0.0001392364501953125,-27.9036865234375
1750932145.9740753,0.0,0.5,"[174.0, 185.0, 180.0, 156.0, 154.0, 154.0, 156.0, 181.0, 185.0, 174.0]",1.029726505279541,0.0,-0.174774169921875,-0.0001430511474609375,-27.903701782226562
1750932146.004993,0.0,0.5,"[174.0, 185.0, 180.0, 156.0, 154.0, 154.0, 156.0, 181.0, 185.0, 174.0]",1.101211428642273,0.0,-0.19677734375,-0.00014495849609375,-27.903717041015625
1750932146.0176835,0.0,0.5,"[174.0, 185.0, 180.0, 156.0, 154.0, 154.0, 156.0, 181.0, 185.0, 174.0]",1.169337511062622,0.0,-0.220184326171875,-0.0001468658447265625,-27.903732299804688
1750932146.0476472,0.0,0.5,"[174.0, 185.0, 180.0, 156.0, 154.0, 154.0, 156.0, 181.0, 185.0, 174.0]",1.2216441631317139,0.0,-0.244598388671875,-0.0001506805419921875,-27.90374755859375
1750932146.060249,0.0,0.5,"[174.0, 185.0, 180.0, 156.0, 154.0, 154.0, 156.0, 181.0, 185.0, 174.0]",1.311934471130371,0.0,-0.270843505859375,-0.0001544952392578125,-27.903770446777344
1750932146.072291,0.0,0.5,"[174.0, 185.0, 180.0, 156.0, 154.0, 154.0, 156.0, 181.0, 185.0, 174.0]",1.3856804370880127,0.0,-0.298553466796875,-0.0001583099365234375,-27.90380859375
1750932146.1025674,0.0,0.5,"[174.0, 185.0, 180.0, 156.0, 154.0, 154.0, 156.0, 181.0, 185.0, 174.0]",1.4444043636322021,0.0,-0.32745361328125,-0.0001621246337890625,-27.903854370117188
1750932146.114229,0.0,0.5,"[174.0, 185.0, 180.0, 156.0, 154.0, 154.0, 156.0, 181.0, 185.0, 174.0]",1.4937347173690796,0.0,-0.357330322265625,-0.000164031982421875,-27.903900146484375
1750932146.1447334,0.0,0.5,"[174.0, 185.0, 180.0, 156.0, 154.0, 154.0, 156.0, 181.0, 185.0, 174.0]",1.576108694076538,0.0,-0.38885498046875,-0.0001678466796875,-27.9039306640625
1750932146.156909,0.0,0.5,"[174.0, 185.0, 180.0, 156.0, 154.0, 154.0, 156.0, 181.0, 185.0, 174.0]",1.605224370956421,0.0,-0.42095947265625,-0.0001697540283203125,-27.903976440429688
1750932146.1873872,0.0,0.5,"[174.0, 185.0, 180.0, 156.0, 154.0, 154.0, 156.0, 181.0, 185.0, 174.0]",1.7047635316848755,0.0,-0.455047607421875,-0.0001735687255859375,-27.904014587402344
1750932146.2005656,0.0,0.5,"[174.0, 185.0, 180.0, 156.0, 154.0, 154.0, 156.0, 181.0, 185.0, 174.0]",1.7592034339904785,0.0,-0.490234375,-0.00017547607421875,-27.90406036376953
1750932146.2131824,0.0,0.5,"[174.0, 185.0, 180.0, 156.0, 154.0, 154.0, 156.0, 181.0, 185.0, 174.0]",1.8115179538726807,0.0,-0.526458740234375,-0.0001773834228515625,-27.90411376953125
1750932146.2434094,0.0,0.5,"[174.0, 185.0, 180.0, 156.0, 154.0, 154.0, 156.0, 181.0, 185.0, 174.0]",1.8871585130691528,0.0,-0.564208984375,-0.000179290771484375,-27.90416717529297
1750932146.2565784,0.0,0.5,"[174.0, 185.0, 180.0, 156.0, 154.0, 154.0, 156.0, 181.0, 185.0, 174.0]",1.9220417737960815,0.0,-0.602630615234375,-0.0001811981201171875,-27.904220581054688
1750932146.2888196,0.0,0.5,"[174.0, 185.0, 180.0, 156.0, 154.0, 154.0, 156.0, 181.0, 185.0, 174.0]",1.9717402458190918,0.0,-0.64208984375,-0.00018310546875,-27.904266357421875
1750932146.3026164,0.0,0.5,"[174.0, 185.0, 180.0, 156.0, 154.0, 154.0, 156.0, 181.0, 185.0, 174.0]",2.0779478549957275,0.0,-0.683624267578125,-0.00018310546875,-27.904312133789062
1750932146.3165538,0.0,0.5,"[174.0, 185.0, 180.0, 156.0, 154.0, 154.0, 156.0, 181.0, 185.0, 174.0]",2.1324665546417236,0.0,-0.726287841796875,-0.00018310546875,-27.90436553955078
1750932146.3494148,0.0,0.5,"[174.0, 185.0, 180.0, 156.0, 154.0, 154.0, 156.0, 181.0, 185.0, 174.0]",2.179189443588257,0.0,-0.769866943359375,-0.0001850128173828125,-27.9044189453125
1750932146.3628867,0.0,0.5,"[174.0, 185.0, 180.0, 156.0, 154.0, 154.0, 156.0, 181.0, 185.0, 174.0]",2.251314401626587,0.0,-0.814910888671875,-0.0001850128173828125,-27.90448760986328
1750932146.3769746,0.0,0.5,"[174.0, 185.0, 180.0, 156.0, 154.0, 154.0, 156.0, 181.0, 185.0, 174.0]",2.3116281032562256,0.0,-0.861114501953125,-0.0001850128173828125,-27.904541015625
1750932146.4095192,0.0,0.5,"[174.0, 185.0, 180.0, 156.0, 154.0, 154.0, 156.0, 181.0, 185.0, 174.0]",2.3722896575927734,0.0,-0.9085693359375,-0.0001850128173828125,-27.904617309570312
1750932146.4222476,0.0,0.5,"[174.0, 185.0, 180.0, 156.0, 154.0, 154.0, 156.0, 181.0, 185.0, 174.0]",2.425704002380371,0.0,-0.95709228515625,-0.0001850128173828125,-27.904693603515625
1750932146.43501,0.0,0.5,"[174.0, 185.0, 180.0, 156.0, 154.0, 154.0, 156.0, 181.0, 185.0, 174.0]",2.485867500305176,0.0,-1.006805419921875,-0.0001850128173828125,-27.904769897460938
1750932146.4658844,0.0,0.5,"[174.0, 185.0, 180.0, 156.0, 154.0, 154.0, 156.0, 181.0, 185.0, 174.0]",2.5391056537628174,0.0,-1.057586669921875,-0.0001850128173828125,-27.90484619140625
1750932146.4777322,0.0,0.5,"[174.0, 185.0, 180.0, 156.0, 154.0, 154.0, 156.0, 181.0, 185.0, 174.0]",2.6243667602539062,0.0,-1.110076904296875,-0.0001850128173828125,-27.9049072265625
1750932146.4989495,0.0,0.5,"[174.0, 185.0, 180.0, 156.0, 154.0, 154.0, 156.0, 181.0, 185.0, 174.0]",2.6973304748535156,0.0,-1.164031982421875,-0.00018310546875,-27.90497589111328
1750932146.5106232,0.0,0.5,"[174.0, 185.0, 180.0, 156.0, 154.0, 154.0, 156.0, 181.0, 185.0, 174.0]",2.7589447498321533,0.0,-1.219207763671875,-0.00018310546875,-27.905029296875
1750932146.5406413,0.0,0.5,"[174.0, 185.0, 180.0, 156.0, 154.0, 154.0, 156.0, 181.0, 185.0, 174.0]",2.8222434520721436,0.0,-1.275634765625,-0.00018310546875,-27.90509033203125
1750932146.5524976,0.0,0.5,"[174.0, 185.0, 180.0, 156.0, 154.0, 154.0, 156.0, 181.0, 185.0, 174.0]",2.8625574111938477,0.0,-1.3328857421875,-0.00018310546875,-27.90514373779297
1750932146.5828066,0.0,0.5,"[174.0, 185.0, 180.0, 156.0, 154.0, 154.0, 156.0, 181.0, 185.0, 174.0]",2.938307285308838,0.0,-1.39166259765625,-0.00018310546875,-27.905181884765625
1750932146.5951693,0.0,0.5,"[174.0, 185.0, 180.0, 156.0, 154.0, 154.0, 156.0, 181.0, 185.0, 174.0]",2.9761364459991455,0.0,-1.451171875,-0.0001811981201171875,-27.90521240234375
1750932146.6249962,0.0,0.5,"[174.0, 185.0, 180.0, 156.0, 154.0, 154.0, 156.0, 181.0, 185.0, 174.0]",3.0549137592315674,0.0,-1.512298583984375,-0.0001811981201171875,-27.905242919921875
1750932146.6375918,0.0,0.5,"[174.0, 185.0, 180.0, 156.0, 154.0, 154.0, 156.0, 181.0, 185.0, 174.0]",3.115067481994629,0.0,-1.5745849609375,-0.0001811981201171875,-27.90526580810547
1750932146.6681697,0.0,0.5,"[174.0, 185.0, 180.0, 156.0, 154.0, 154.0, 156.0, 181.0, 185.0, 174.0]",3.1840085983276367,0.0,-1.638275146484375,-0.0001811981201171875,-27.90528106689453
1750932146.6815863,0.0,0.5,"[174.0, 185.0, 180.0, 156.0, 154.0, 154.0, 156.0, 181.0, 185.0, 174.0]",3.2510387897491455,0.0,-1.703277587890625,-0.0001811981201171875,-27.905288696289062
1750932146.6943743,0.0,0.5,"[174.0, 185.0, 180.0, 156.0, 154.0, 154.0, 156.0, 181.0, 185.0, 174.0]",3.286583185195923,0.0,-1.769012451171875,-0.0001811981201171875,-27.905296325683594
1750932146.7256584,0.0,0.5,"[174.0, 185.0, 180.0, 156.0, 154.0, 154.0, 156.0, 181.0, 185.0, 174.0]",3.3641815185546875,0.0,-1.8363037109375,-0.0001811981201171875,-27.905319213867188
1750932146.7386088,0.0,0.5,"[174.0, 185.0, 180.0, 156.0, 154.0, 154.0, 156.0, 181.0, 185.0, 174.0]",3.3769524097442627,0.0,-1.903839111328125,-0.000179290771484375,-27.90533447265625
1750932146.7597485,0.0,0.5,"[174.0, 185.0, 180.0, 156.0, 154.0, 154.0, 156.0, 181.0, 185.0, 174.0]",3.4949209690093994,0.0,-1.973724365234375,-0.000179290771484375,-27.90534210205078
1750932146.772729,0.0,0.5,"[174.0, 185.0, 180.0, 156.0, 154.0, 154.0, 156.0, 181.0, 185.0, 174.0]",3.521574020385742,0.0,-2.044158935546875,-0.000179290771484375,-27.90534210205078
1750932146.8028584,0.0,0.5,"[174.0, 185.0, 180.0, 156.0, 154.0, 154.0, 156.0, 181.0, 185.0, 174.0]",3.5858733654022217,0.0,-2.115875244140625,-0.000179290771484375,-27.90533447265625
1750932146.8156574,1.0,0.5,"[174.0, 185.0, 180.0, 156.0, 154.0, 154.0, 156.0, 181.0, 185.0, 174.0]",3.649007558822632,0.0,-2.188873291015625,-0.000179290771484375,-27.90532684326172
1750932146.8448894,1.0,0.5,"[174.0, 185.0, 179.0, 155.0, 154.0, 155.0, 158.0, 183.0, 185.0, 174.0]",3.5772616863250732,0.5,-2.259429931640625,-0.000179290771484375,-27.89342498779297
1750932146.8575058,1.0,0.5,"[174.0, 185.0, 179.0, 155.0, 153.0, 155.0, 158.0, 183.0, 185.0, 174.0]",3.6114819049835205,0.5,-2.330413818359375,-0.000179290771484375,-27.880165100097656
1750932146.8869562,0.0,0.5,"[174.0, 185.0, 178.0, 155.0, 153.0, 156.0, 159.0, 184.0, 185.0, 174.0]",3.6757683753967285,0.5,-2.402618408203125,-0.000179290771484375,-27.866249084472656
1750932146.8997424,0.0,0.5,"[174.0, 185.0, 178.0, 154.0, 153.0, 156.0, 159.0, 184.0, 185.0, 174.0]",3.6815216541290283,0.0,-2.4761962890625,-0.000179290771484375,-27.864044189453125
1750932146.9118345,0.0,0.5,"[174.0, 185.0, 178.0, 154.0, 153.0, 156.0, 159.0, 184.0, 185.0, 174.0]",3.744246482849121,0.0,-2.551055908203125,-0.000179290771484375,-27.862403869628906
1750932146.9419146,0.0,0.5,"[174.0, 185.0, 178.0, 154.0, 153.0, 156.0, 159.0, 184.0, 185.0, 174.0]",3.7760064601898193,0.0,-2.626556396484375,-0.000179290771484375,-27.860763549804688
1750932146.9540484,0.0,0.5,"[174.0, 185.0, 178.0, 154.0, 153.0, 156.0, 159.0, 184.0, 185.0, 174.0]",3.8486669063568115,0.0,-2.703521728515625,-0.000179290771484375,-27.859085083007812
1750932146.9847329,0.0,0.5,"[174.0, 185.0, 178.0, 154.0, 153.0, 156.0, 159.0, 184.0, 185.0, 174.0]",3.9121603965759277,0.0,-2.78173828125,-0.000179290771484375,-27.857376098632812
1750932146.9971442,0.0,0.5,"[174.0, 185.0, 178.0, 154.0, 153.0, 156.0, 159.0, 184.0, 185.0, 174.0]",3.9646008014678955,0.0,-2.86102294921875,-0.000179290771484375,-27.85565185546875
1750932147.0271175,0.0,0.5,"[174.0, 185.0, 178.0, 154.0, 153.0, 156.0, 159.0, 184.0, 185.0, 174.0]",4.028800964355469,0.0,-2.94158935546875,-0.000179290771484375,-27.853904724121094
1750932147.0398228,0.0,0.5,"[174.0, 185.0, 178.0, 154.0, 153.0, 156.0, 159.0, 184.0, 185.0, 174.0]",4.0901665687561035,0.0,-3.02337646484375,-0.000179290771484375,-27.852127075195312
1750932147.0520327,0.0,0.5,"[174.0, 185.0, 178.0, 154.0, 153.0, 156.0, 159.0, 184.0, 185.0, 174.0]",4.160100936889648,0.0,-3.106536865234375,-0.000179290771484375,-27.850326538085938
1750932147.0813756,0.0,0.5,"[174.0, 185.0, 178.0, 154.0, 153.0, 156.0, 159.0, 184.0, 185.0, 174.0]",4.199379920959473,0.0,-3.190521240234375,-0.000179290771484375,-27.84851837158203
1750932147.0932257,0.0,0.5,"[174.0, 185.0, 178.0, 154.0, 153.0, 156.0, 159.0, 184.0, 185.0, 174.0]",4.286167144775391,0.0,-3.276214599609375,-0.000179290771484375,-27.84667205810547
1750932147.123243,0.0,0.5,"[174.0, 185.0, 178.0, 154.0, 153.0, 156.0, 159.0, 184.0, 185.0, 174.0]",4.333701133728027,0.0,-3.362884521484375,-0.000179290771484375,-27.844802856445312
1750932147.1349595,0.0,0.5,"[174.0, 185.0, 178.0, 154.0, 153.0, 156.0, 159.0, 184.0, 185.0, 174.0]",4.404679298400879,0.0,-3.450958251953125,-0.000179290771484375,-27.842918395996094
1750932147.1644576,0.0,0.5,"[174.0, 185.0, 178.0, 154.0, 153.0, 156.0, 159.0, 184.0, 185.0, 174.0]",4.454537391662598,0.0,-3.540008544921875,-0.000179290771484375,-27.841018676757812
1750932147.1765802,0.0,0.5,"[174.0, 185.0, 178.0, 154.0, 153.0, 156.0, 159.0, 184.0, 185.0, 174.0]",4.517643928527832,0.0,-3.630340576171875,-0.000179290771484375,-27.839080810546875
1750932147.2065039,0.0,0.5,"[174.0, 185.0, 178.0, 154.0, 153.0, 156.0, 159.0, 184.0, 185.0, 174.0]",4.5495123863220215,0.0,-3.7213134765625,-0.000179290771484375,-27.837127685546875
1750932147.2190697,0.0,0.5,"[174.0, 185.0, 178.0, 154.0, 153.0, 156.0, 159.0, 184.0, 185.0, 174.0]",4.638963222503662,0.0,-3.8140869140625,-0.000179290771484375,-27.83514404296875
1750932147.2314556,0.0,0.5,"[174.0, 185.0, 178.0, 154.0, 153.0, 156.0, 159.0, 184.0, 185.0, 174.0]",4.675018787384033,0.0,-3.907562255859375,-0.000179290771484375,-27.833145141601562
1750932147.261036,0.0,0.5,"[174.0, 185.0, 178.0, 154.0, 153.0, 156.0, 159.0, 184.0, 185.0, 174.0]",4.753993511199951,0.0,-4.00262451171875,-0.000179290771484375,-27.83110809326172
1750932147.2734232,0.0,0.5,"[174.0, 185.0, 178.0, 154.0, 153.0, 156.0, 159.0, 184.0, 185.0, 174.0]",4.781872749328613,0.0,-4.098236083984375,-0.0001811981201171875,-27.829055786132812
1750932147.303076,0.0,0.5,"[174.0, 185.0, 178.0, 154.0, 153.0, 156.0, 159.0, 184.0, 185.0, 174.0]",4.872062683105469,0.0,-4.195648193359375,-0.0001811981201171875,-27.82697296142578
1750932147.3146698,0.0,0.5,"[174.0, 185.0, 178.0, 154.0, 153.0, 156.0, 159.0, 184.0, 185.0, 174.0]",4.898279666900635,0.0,-4.2935791015625,-0.0001811981201171875,-27.824874877929688
1750932147.344734,0.0,0.5,"[174.0, 185.0, 178.0, 154.0, 153.0, 156.0, 159.0, 184.0, 185.0, 174.0]",4.988552570343018,0.0,-4.393341064453125,-0.0001811981201171875,-27.822738647460938
1750932147.3562646,0.0,0.5,"[174.0, 185.0, 178.0, 154.0, 153.0, 156.0, 159.0, 184.0, 185.0, 174.0]",5.015944480895996,0.0,-4.493621826171875,-0.0001811981201171875,-27.820594787597656
1750932147.3859785,0.0,0.5,"[174.0, 185.0, 178.0, 154.0, 153.0, 156.0, 159.0, 184.0, 185.0, 174.0]",5.291696548461914,0.0,-4.599456787109375,0.000156402587890625,-27.818344116210938
1750932147.3986049,0.0,0.5,"[174.0, 185.0, 178.0, 154.0, 153.0, 156.0, 159.0, 184.0, 185.0, 174.0]",5.1902618408203125,0.0,-4.703216552734375,0.0004425048828125,-27.815902709960938
1750932147.4195437,0.0,0.5,"[174.0, 185.0, 178.0, 154.0, 153.0, 156.0, 159.0, 184.0, 185.0, 174.0]",4.953610420227051,0.0,-4.802276611328125,0.0006809234619140625,-27.814300537109375
1750932147.4319196,0.0,0.5,"[174.0, 185.0, 178.0, 154.0, 153.0, 156.0, 159.0, 184.0, 185.0, 174.0]",5.098494052886963,0.0,-4.904205322265625,0.0005550384521484375,-27.811874389648438
1750932147.4611697,0.0,0.5,"[174.0, 185.0, 178.0, 154.0, 153.0, 156.0, 159.0, 184.0, 185.0, 174.0]",5.377274990081787,0.0,-5.011749267578125,0.0007495880126953125,-27.809303283691406
1750932147.4738836,0.0,0.5,"[174.0, 185.0, 178.0, 154.0, 153.0, 156.0, 159.0, 184.0, 185.0, 174.0]",5.45673942565918,0.0,-5.120849609375,0.000904083251953125,-27.80670166015625
1750932147.5034997,0.0,0.5,"[174.0, 185.0, 178.0, 154.0, 153.0, 156.0, 159.0, 184.0, 185.0, 174.0]",5.521781921386719,0.0,-5.231231689453125,0.0010204315185546875,-27.80406951904297
1750932147.5160174,0.0,0.5,"[174.0, 185.0, 178.0, 154.0, 153.0, 156.0, 159.0, 184.0, 185.0, 174.0]",5.624625205993652,0.0,-5.34368896484375,0.001102447509765625,-27.801345825195312
1750932147.5461764,0.0,0.5,"[174.0, 185.0, 178.0, 154.0, 153.0, 156.0, 159.0, 184.0, 185.0, 174.0]",5.591020107269287,0.0,-5.455474853515625,0.0011539459228515625,-27.79869842529297
1750932147.5576174,0.0,0.5,"[174.0, 185.0, 178.0, 154.0, 153.0, 156.0, 159.0, 184.0, 185.0, 174.0]",5.76857328414917,0.0,-5.570831298828125,0.0011806488037109375,-27.79607391357422
1750932147.5781326,0.0,0.5,"[174.0, 185.0, 178.0, 154.0, 153.0, 156.0, 159.0, 184.0, 185.0, 174.0]",5.532965183258057,0.0,-5.68145751953125,0.0011844635009765625,-27.793167114257812
1750932147.5992806,0.0,0.5,"[174.0, 185.0, 178.0, 154.0, 153.0, 156.0, 159.0, 184.0, 185.0, 174.0]",5.791736602783203,0.0,-5.797271728515625,0.0011692047119140625,-27.790992736816406
1750932147.612085,0.0,0.5,"[174.0, 185.0, 178.0, 154.0, 153.0, 156.0, 159.0, 184.0, 185.0, 174.0]",5.856986045837402,0.0,-5.914337158203125,0.001140594482421875,-27.78723907470703
1750932147.6413844,0.0,0.5,"[174.0, 185.0, 178.0, 154.0, 153.0, 156.0, 159.0, 184.0, 185.0, 174.0]",5.841228485107422,0.0,-6.031158447265625,0.0011005401611328125,-27.78595733642578
1750932147.653998,0.0,0.5,"[174.0, 185.0, 178.0, 154.0, 153.0, 156.0, 159.0, 184.0, 185.0, 174.0]",5.938789367675781,0.0,-6.14984130859375,0.0010528564453125,-27.781219482421875
1750932147.6830964,0.0,0.5,"[174.0, 185.0, 178.0, 154.0, 153.0, 156.0, 159.0, 184.0, 185.0, 174.0]",5.850095748901367,0.0,-6.266845703125,0.00099945068359375,-27.780105590820312
1750932147.6954124,0.0,0.5,"[174.0, 185.0, 178.0, 154.0, 153.0, 156.0, 159.0, 184.0, 185.0, 174.0]",6.050267696380615,0.0,-6.387786865234375,0.000942230224609375,-27.77606201171875
1750932147.7246933,0.0,0.5,"[174.0, 185.0, 178.0, 154.0, 153.0, 156.0, 159.0, 184.0, 185.0, 174.0]",6.089076042175293,0.0,-6.509552001953125,0.0008869171142578125,-27.774017333984375
1750932147.7373192,0.0,0.5,"[174.0, 185.0, 177.0, 154.0, 153.0, 156.0, 159.0, 184.0, 185.0, 174.0]",6.129297733306885,0.0,-6.632080078125,0.00083160400390625,-27.77056121826172
1750932147.766907,0.0,0.5,"[174.0, 185.0, 178.0, 154.0, 153.0, 156.0, 159.0, 184.0, 185.0, 174.0]",6.3718461990356445,0.0,-6.759490966796875,0.0007781982421875,-27.767654418945312
1750932147.779496,0.0,0.5,"[174.0, 185.0, 177.0, 154.0, 153.0, 156.0, 159.0, 184.0, 185.0, 174.0]",6.2919416427612305,0.0,-6.885284423828125,0.000728607177734375,-27.7650146484375
1750932147.7914133,0.0,0.5,"[174.0, 185.0, 178.0, 154.0, 153.0, 156.0, 159.0, 184.0, 185.0, 174.0]",6.356716156005859,0.0,-7.012359619140625,0.000682830810546875,-27.760757446289062
1750932147.8204355,0.0,0.5,"[174.0, 185.0, 176.0, 154.0, 152.0, 156.0, 159.0, 184.0, 185.0, 174.0]",6.313272953033447,0.0,-7.13861083984375,0.000640869140625,-27.760147094726562
1750932147.832516,0.0,0.5,"[174.0, 185.0, 178.0, 154.0, 153.0, 156.0, 159.0, 184.0, 185.0, 174.0]",6.463834285736084,0.0,-7.267852783203125,0.000606536865234375,-27.757064819335938
1750932147.8617942,0.0,0.5,"[174.0, 185.0, 176.0, 153.0, 152.0, 156.0, 159.0, 184.0, 185.0, 174.0]",6.321287155151367,0.0,-7.394287109375,0.0005741119384765625,-27.756553649902344
1750932147.8743796,0.0,0.5,"[174.0, 185.0, 178.0, 154.0, 153.0, 156.0, 159.0, 184.0, 185.0, 174.0]",6.444217205047607,0.0,-7.523162841796875,0.00054931640625,-27.754112243652344
1750932147.9031048,0.0,0.5,"[174.0, 185.0, 176.0, 153.0, 152.0, 156.0, 159.0, 185.0, 185.0, 174.0]",6.454806804656982,0.0,-7.6522216796875,0.0005283355712890625,-27.751365661621094
1750932147.9155226,0.0,0.5,"[174.0, 185.0, 177.0, 154.0, 153.0, 156.0, 159.0, 184.0, 185.0, 174.0]",6.6162309646606445,0.0,-7.78448486328125,0.00051116943359375,-27.747093200683594
1750932147.9441907,0.0,0.5,"[174.0, 185.0, 176.0, 153.0, 152.0, 156.0, 159.0, 185.0, 185.0, 174.0]",6.490833759307861,0.0,-7.914276123046875,0.000499725341796875,-27.745025634765625
1750932147.9558427,0.0,0.5,"[174.0, 185.0, 177.0, 154.0, 153.0, 156.0, 159.0, 184.0, 185.0, 174.0]",6.828320503234863,0.0,-8.05072021484375,0.000492095947265625,-27.739036560058594
1750932147.9847364,0.0,0.5,"[174.0, 185.0, 176.0, 153.0, 152.0, 156.0, 160.0, 185.0, 185.0, 174.0]",6.728110313415527,0.0,-8.185272216796875,0.0004863739013671875,-27.738418579101562
1750932147.9967232,0.0,0.5,"[174.0, 185.0, 177.0, 154.0, 153.0, 156.0, 159.0, 184.0, 185.0, 174.0]",6.910584449768066,0.0,-8.323394775390625,0.000484466552734375,-27.733184814453125
1750932148.025456,0.0,0.5,"[174.0, 185.0, 176.0, 153.0, 152.0, 156.0, 160.0, 185.0, 185.0, 174.0]",6.899833679199219,0.0,-8.46136474609375,0.000484466552734375,-27.731552124023438
1750932148.037747,0.0,0.5,"[174.0, 185.0, 177.0, 154.0, 153.0, 156.0, 159.0, 184.0, 185.0, 174.0]",6.9258599281311035,0.0,-8.599761962890625,0.0004863739013671875,-27.725662231445312
1750932148.0666795,0.0,0.5,"[174.0, 185.0, 176.0, 153.0, 152.0, 156.0, 160.0, 185.0, 185.0, 174.0]",6.947139739990234,0.0,-8.73870849609375,0.0004901885986328125,-27.724449157714844
1750932148.0788853,0.0,0.5,"[174.0, 185.0, 176.0, 154.0, 153.0, 156.0, 159.0, 184.0, 185.0, 174.0]",7.156652450561523,0.0,-8.88165283203125,0.0004940032958984375,-27.717605590820312
1750932148.0907717,0.0,0.5,"[174.0, 185.0, 176.0, 153.0, 152.0, 156.0, 159.0, 185.0, 185.0, 174.0]",7.155091285705566,0.0,-9.024749755859375,0.000499725341796875,-27.716354370117188
1750932148.1199527,0.0,0.5,"[174.0, 185.0, 176.0, 154.0, 153.0, 156.0, 159.0, 184.0, 185.0, 174.0]",7.185378074645996,0.0,-9.168304443359375,0.000507354736328125,-27.709747314453125
1750932148.1321118,0.0,0.5,"[174.0, 185.0, 176.0, 153.0, 152.0, 156.0, 159.0, 185.0, 185.0, 174.0]",7.229678630828857,0.0,-9.312896728515625,0.0005130767822265625,-27.708053588867188
1750932148.1609948,0.0,0.5,"[174.0, 185.0, 176.0, 154.0, 153.0, 156.0, 159.0, 184.0, 185.0, 174.0]",7.287850379943848,0.0,-9.458526611328125,0.000518798828125,-27.702194213867188
1750932148.173038,0.0,0.5,"[174.0, 185.0, 176.0, 153.0, 152.0, 156.0, 160.0, 185.0, 185.0, 174.0]",7.514331340789795,0.0,-9.608795166015625,0.0005245208740234375,-27.699424743652344
1750932148.2016914,0.0,0.5,"[174.0, 185.0, 176.0, 153.0, 152.0, 156.0, 159.0, 185.0, 185.0, 174.0]",7.302478790283203,0.0,-9.7547607421875,0.0005321502685546875,-27.694114685058594
1750932148.2141883,0.0,0.5,"[174.0, 185.0, 176.0, 153.0, 152.0, 156.0, 160.0, 185.0, 185.0, 174.0]",7.620217800140381,0.0,-9.907135009765625,0.0005359649658203125,-27.69073486328125
1750932148.2428913,0.0,0.5,"[174.0, 185.0, 176.0, 153.0, 152.0, 156.0, 159.0, 185.0, 185.0, 174.0]",7.35110330581665,0.0,-10.0540771484375,0.00054168701171875,-27.685951232910156
1750932148.255018,0.0,0.5,"[174.0, 185.0, 176.0, 153.0, 152.0, 156.0, 160.0, 185.0, 185.0, 174.0]",7.66638708114624,0.0,-10.20733642578125,0.000545501708984375,-27.681900024414062
1750932148.2833045,0.0,0.5,"[174.0, 185.0, 176.0, 153.0, 152.0, 156.0, 159.0, 185.0, 185.0, 174.0]",7.5470147132873535,0.0,-10.35821533203125,0.00054931640625,-27.67749786376953
1750932148.2951734,0.0,0.5,"[174.0, 185.0, 176.0, 153.0, 152.0, 156.0, 160.0, 185.0, 185.0, 174.0]",7.709723949432373,0.0,-10.512359619140625,0.000553131103515625,-27.673553466796875
1750932148.3242242,0.0,0.5,"[174.0, 185.0, 176.0, 153.0, 152.0, 156.0, 160.0, 185.0, 185.0, 174.0]",7.723151683807373,0.0,-10.666748046875,0.00055694580078125,-27.668960571289062
1750932148.3364007,0.0,0.5,"[174.0, 185.0, 176.0, 153.0, 152.0, 156.0, 160.0, 186.0, 185.0, 174.0]",7.713891506195068,0.0,-10.82098388671875,0.0005588531494140625,-27.664749145507812
1750932148.3655598,0.0,0.5,"[174.0, 185.0, 176.0, 153.0, 152.0, 156.0, 160.0, 186.0, 185.0, 174.0]",7.74301815032959,0.0,-10.97576904296875,0.000560760498046875,-27.660194396972656
1750932148.3781683,0.0,0.5,"[174.0, 185.0, 176.0, 153.0, 152.0, 156.0, 160.0, 185.0, 185.0, 174.0]",7.919628143310547,0.0,-11.13409423828125,0.000560760498046875,-27.65570068359375
1750932148.398939,0.0,0.5,"[174.0, 185.0, 176.0, 153.0, 152.0, 156.0, 160.0, 186.0, 185.0, 174.0]",7.81222677230835,0.0,-11.290283203125,0.0005626678466796875,-27.651535034179688
1750932148.4113533,0.0,0.5,"[174.0, 185.0, 176.0, 153.0, 152.0, 156.0, 160.0, 186.0, 185.0, 174.0]",8.234228134155273,0.0,-11.45489501953125,0.0005626678466796875,-27.64661407470703
1750932148.4399204,0.0,0.5,"[174.0, 185.0, 176.0, 153.0, 152.0, 156.0, 160.0, 186.0, 185.0, 174.0]",7.993220329284668,0.0,-11.614715576171875,0.0005626678466796875,-27.642234802246094
1750932148.4517565,0.0,0.5,"[174.0, 185.0, 176.0, 153.0, 152.0, 156.0, 160.0, 186.0, 185.0, 174.0]",8.16419792175293,0.0,-11.777923583984375,0.0005626678466796875,-27.637550354003906
1750932148.480083,0.0,0.5,"[174.0, 185.0, 176.0, 153.0, 152.0, 156.0, 160.0, 186.0, 185.0, 174.0]",8.131701469421387,0.0,-11.94049072265625,0.0005626678466796875,-27.63324737548828
1750932148.4921467,0.0,0.5,"[174.0, 185.0, 176.0, 153.0, 152.0, 156.0, 160.0, 186.0, 185.0, 174.0]",8.304778099060059,0.0,-12.10650634765625,0.0005626678466796875,-27.628158569335938
1750932148.5209465,0.0,0.5,"[174.0, 185.0, 176.0, 153.0, 152.0, 156.0, 160.0, 186.0, 185.0, 174.0]",8.05340576171875,0.0,-12.26751708984375,0.0005626678466796875,-27.623924255371094
1750932148.5328624,0.0,0.5,"[174.0, 185.0, 176.0, 153.0, 152.0, 156.0, 160.0, 186.0, 185.0, 174.0]",8.315604209899902,0.0,-12.433746337890625,0.000560760498046875,-27.61883544921875
1750932148.5613437,0.0,0.5,"[174.0, 185.0, 176.0, 153.0, 152.0, 156.0, 160.0, 186.0, 185.0, 174.0]",8.362039566040039,0.0,-12.600921630859375,0.000560760498046875,-27.61418914794922
1750932148.573787,0.0,0.5,"[174.0, 185.0, 176.0, 153.0, 152.0, 156.0, 160.0, 186.0, 185.0, 174.0]",8.347715377807617,0.0,-12.767822265625,0.000560760498046875,-27.610000610351562
1750932148.6025436,0.0,0.5,"[174.0, 185.0, 176.0, 153.0, 152.0, 156.0, 160.0, 186.0, 185.0, 174.0]",8.484922409057617,0.0,-12.937469482421875,0.0005588531494140625,-27.604827880859375
1750932148.6148195,0.0,0.5,"[174.0, 185.0, 176.0, 153.0, 152.0, 156.0, 160.0, 186.0, 185.0, 174.0]",8.381546020507812,0.0,-13.10504150390625,0.0005588531494140625,-27.600677490234375
1750932148.6424217,0.0,0.5,"[174.0, 185.0, 176.0, 153.0, 152.0, 156.0, 160.0, 186.0, 185.0, 174.0]",8.51253604888916,0.0,-13.27520751953125,0.00055694580078125,-27.595306396484375
1750932148.6549234,0.0,0.5,"[174.0, 185.0, 176.0, 153.0, 152.0, 156.0, 160.0, 186.0, 185.0, 174.0]",8.551374435424805,0.0,-13.4461669921875,0.00055694580078125,-27.590980529785156
1750932148.6838667,0.0,0.5,"[174.0, 185.0, 176.0, 153.0, 152.0, 156.0, 160.0, 186.0, 185.0, 174.0]",8.760981559753418,0.0,-13.621307373046875,0.00055694580078125,-27.585952758789062
1750932148.6960576,0.0,0.5,"[174.0, 185.0, 176.0, 153.0, 152.0, 156.0, 160.0, 186.0, 185.0, 174.0]",8.65936279296875,0.0,-13.79443359375,0.00055694580078125,-27.58100128173828
1750932148.7265396,0.0,0.5,"[174.0, 185.0, 176.0, 153.0, 152.0, 156.0, 160.0, 186.0, 185.0, 174.0]",8.827046394348145,0.0,-13.970916748046875,0.0005550384521484375,-27.576248168945312
1750932148.7394392,0.0,0.5,"[174.0, 185.0, 176.0, 153.0, 152.0, 156.0, 160.0, 186.0, 185.0, 174.0]",8.762208938598633,0.0,-14.146087646484375,0.0005550384521484375,-27.571243286132812
1750932148.7515044,0.0,0.5,"[174.0, 185.0, 176.0, 153.0, 152.0, 156.0, 160.0, 186.0, 185.0, 174.0]",9.002487182617188,0.0,-14.326080322265625,0.0005550384521484375,-27.566497802734375
1750932148.7816792,0.0,0.5,"[174.0, 185.0, 176.0, 153.0, 152.0, 156.0, 160.0, 186.0, 185.0, 174.0]",8.840620040893555,0.0,-14.5028076171875,0.0005550384521484375,-27.56134033203125
1750932148.7942877,0.0,0.5,"[174.0, 185.0, 175.0, 153.0, 152.0, 156.0, 160.0, 186.0, 185.0, 174.0]",8.984892845153809,0.0,-14.68243408203125,0.0005550384521484375,-27.556610107421875
1750932148.8235931,0.0,0.5,"[174.0, 185.0, 175.0, 153.0, 152.0, 156.0, 160.0, 186.0, 185.0, 174.0]",9.000670433044434,0.0,-14.862396240234375,0.0005550384521484375,-27.551315307617188
1750932148.8363228,0.0,0.5,"[174.0, 185.0, 175.0, 153.0, 152.0, 156.0, 160.0, 186.0, 185.0, 174.0]",9.202323913574219,0.0,-15.046356201171875,0.0005550384521484375,-27.54620361328125
1750932148.865599,0.0,0.5,"[174.0, 185.0, 175.0, 153.0, 152.0, 156.0, 160.0, 186.0, 185.0, 174.0]",9.105185508728027,0.0,-15.2283935546875,0.0005550384521484375,-27.541236877441406
1750932148.877442,0.0,0.5,"[174.0, 185.0, 175.0, 153.0, 152.0, 156.0, 160.0, 186.0, 185.0, 174.0]",9.201139450073242,0.0,-15.412322998046875,0.0005550384521484375,-27.535797119140625
1750932148.9069211,0.0,0.5,"[174.0, 185.0, 175.0, 153.0, 152.0, 156.0, 160.0, 186.0, 185.0, 174.0]",9.196571350097656,0.0,-15.59619140625,0.0005550384521484375,-27.53089141845703
1750932148.919465,0.0,0.5,"[174.0, 185.0, 175.0, 153.0, 152.0, 156.0, 160.0, 186.0, 185.0, 174.0]",9.252386093139648,0.0,-15.78118896484375,0.0005550384521484375,-27.525726318359375
1750932148.9316614,0.0,0.5,"[174.0, 185.0, 175.0, 153.0, 152.0, 156.0, 160.0, 186.0, 185.0, 174.0]",9.511298179626465,0.0,-15.971343994140625,0.0005550384521484375,-27.520545959472656
1750932148.960807,0.0,0.5,"[174.0, 185.0, 175.0, 153.0, 152.0, 156.0, 160.0, 186.0, 185.0, 174.0]",9.441463470458984,0.0,-16.16009521484375,0.0005550384521484375,-27.51506805419922
1750932148.973024,0.0,0.5,"[174.0, 185.0, 175.0, 153.0, 152.0, 156.0, 160.0, 186.0, 185.0, 174.0]",9.464923858642578,0.0,-16.34930419921875,0.0005550384521484375,-27.510025024414062
1750932149.0022192,0.0,0.5,"[174.0, 185.0, 175.0, 153.0, 152.0, 156.0, 160.0, 186.0, 185.0, 174.0]",9.25823974609375,0.0,-16.534393310546875,0.0005550384521484375,-27.5047607421875
1750932149.014786,0.0,0.5,"[174.0, 185.0, 175.0, 153.0, 152.0, 156.0, 160.0, 186.0, 185.0, 174.0]",9.453643798828125,0.0,-16.723419189453125,0.0005550384521484375,-27.499610900878906
1750932149.0437844,0.0,0.5,"[174.0, 185.0, 175.0, 153.0, 152.0, 156.0, 160.0, 186.0, 185.0, 174.0]",9.683448791503906,0.0,-16.9169921875,0.0005550384521484375,-27.493988037109375
1750932149.0558784,0.0,0.5,"[174.0, 185.0, 175.0, 153.0, 152.0, 156.0, 160.0, 186.0, 185.0, 174.0]",9.511892318725586,0.0,-17.107177734375,0.0005550384521484375,-27.488922119140625
1750932149.0868428,0.0,0.5,"[174.0, 185.0, 175.0, 153.0, 152.0, 156.0, 160.0, 186.0, 185.0, 174.0]",9.721373558044434,0.0,-17.301513671875,0.0005550384521484375,-27.483428955078125
1750932149.099882,0.0,0.5,"[174.0, 185.0, 175.0, 153.0, 152.0, 156.0, 160.0, 187.0, 185.0, 174.0]",9.799755096435547,0.0,-17.4974365234375,0.0005550384521484375,-27.4783935546875
1750932149.111949,0.0,0.5,"[174.0, 185.0, 175.0, 153.0, 152.0, 156.0, 160.0, 186.0, 185.0, 174.0]",9.732158660888672,0.0,-17.6920166015625,0.0005550384521484375,-27.47259521484375
1750932149.1408336,0.0,0.5,"[174.0, 185.0, 175.0, 153.0, 152.0, 157.0, 160.0, 187.0, 185.0, 174.0]",9.73297119140625,0.0,-17.8865966796875,0.0005550384521484375,-27.46765899658203
1750932149.1529408,0.0,0.5,"[174.0, 185.0, 175.0, 153.0, 152.0, 156.0, 160.0, 187.0, 185.0, 174.0]",9.947290420532227,0.0,-18.08544921875,0.0005550384521484375,-27.461502075195312
1750932149.1820235,0.0,0.5,"[174.0, 185.0, 175.0, 153.0, 152.0, 156.0, 160.0, 187.0, 185.0, 174.0]",9.93238353729248,0.0,-18.284027099609375,0.0005550384521484375,-27.456130981445312
1750932149.1941605,0.0,0.5,"[174.0, 185.0, 175.0, 153.0, 152.0, 156.0, 160.0, 187.0, 185.0, 174.0]",9.967184066772461,0.0,-18.483306884765625,0.0005550384521484375,-27.45063018798828
1750932149.224008,0.0,0.5,"[174.0, 185.0, 175.0, 153.0, 152.0, 156.0, 160.0, 187.0, 185.0, 174.0]",9.991266250610352,0.0,-18.68304443359375,0.0005550384521484375,-27.44495391845703
1750932149.2361875,0.0,0.5,"[174.0, 185.0, 175.0, 153.0, 152.0, 156.0, 160.0, 187.0, 185.0, 174.0]",10.227227210998535,0.0,-18.88751220703125,0.0005550384521484375,-27.43914794921875
1750932149.2648854,0.0,0.5,"[174.0, 185.0, 175.0, 153.0, 152.0, 157.0, 160.0, 187.0, 185.0, 174.0]",10.099571228027344,0.0,-19.08941650390625,0.0005550384521484375,-27.433670043945312
1750932149.2769156,0.0,0.5,"[174.0, 185.0, 175.0, 153.0, 152.0, 156.0, 160.0, 187.0, 185.0, 174.0]",10.195215225219727,0.0,-19.293243408203125,0.0005550384521484375,-27.427719116210938
1750932149.3059335,0.0,0.5,"[174.0, 185.0, 175.0, 153.0, 152.0, 156.0, 160.0, 187.0, 185.0, 174.0]",10.144092559814453,0.0,-19.49603271484375,0.0005550384521484375,-27.42217254638672
1750932149.3180785,0.0,0.5,"[174.0, 185.0, 175.0, 153.0, 152.0, 156.0, 160.0, 187.0, 185.0, 174.0]",10.160006523132324,0.0,-19.69915771484375,0.0005550384521484375,-27.416595458984375
1750932149.3385587,0.0,0.5,"[174.0, 185.0, 175.0, 153.0, 152.0, 156.0, 160.0, 187.0, 185.0, 174.0]",10.53722858428955,0.0,-19.909820556640625,0.0005550384521484375,-27.41083526611328
1750932149.359142,0.0,0.5,"[174.0, 185.0, 175.0, 153.0, 152.0, 156.0, 160.0, 187.0, 185.0, 174.0]",10.233945846557617,0.0,-20.11444091796875,0.0005550384521484375,-27.405174255371094
1750932149.371315,0.0,0.5,"[174.0, 185.0, 175.0, 153.0, 152.0, 156.0, 160.0, 187.0, 185.0, 174.0]",10.484914779663086,0.0,-20.324066162109375,0.0005550384521484375,-27.3994140625
1750932149.4002674,0.0,0.5,"[174.0, 185.0, 175.0, 152.0, 152.0, 157.0, 160.0, 187.0, 185.0, 174.0]",10.232996940612793,0.0,-20.52862548828125,0.0005550384521484375,-27.393783569335938
1750932149.4125247,0.0,0.5,"[174.0, 185.0, 175.0, 152.0, 152.0, 156.0, 160.0, 187.0, 185.0, 174.0]",10.379384994506836,0.0,-20.73614501953125,0.0005550384521484375,-27.387718200683594
1750932149.4412985,0.0,0.5,"[174.0, 185.0, 175.0, 152.0, 152.0, 157.0, 160.0, 187.0, 185.0, 174.0]",10.770279884338379,0.0,-20.951446533203125,0.0005550384521484375,-27.38172149658203
1750932149.4535875,0.0,0.5,"[174.0, 185.0, 173.0, 152.0, 152.0, 157.0, 160.0, 187.0, 185.0, 174.0]",10.453372955322266,0.0,-21.160430908203125,0.0005550384521484375,-27.3758544921875
1750932149.4820082,0.0,0.5,"[174.0, 185.0, 173.0, 152.0, 152.0, 157.0, 160.0, 187.0, 185.0, 174.0]",10.722023963928223,0.0,-21.374786376953125,0.0005550384521484375,-27.369705200195312
1750932149.4951177,0.0,0.5,"[174.0, 185.0, 175.0, 153.0, 152.0, 156.0, 160.0, 187.0, 185.0, 174.0]",10.69558048248291,0.0,-21.588623046875,0.0005550384521484375,-27.363685607910156
1750932149.5250857,0.0,0.5,"[174.0, 185.0, 173.0, 152.0, 152.0, 157.0, 160.0, 187.0, 185.0, 174.0]",10.690328598022461,0.0,-21.802337646484375,0.0005550384521484375,-27.35809326171875
1750932149.5377495,0.0,0.5,"[174.0, 185.0, 173.0, 152.0, 152.0, 156.0, 160.0, 187.0, 185.0, 174.0]",10.858098983764648,0.0,-22.0194091796875,0.0005550384521484375,-27.351669311523438
1750932149.5579727,0.0,0.5,"[174.0, 185.0, 173.0, 152.0, 152.0, 157.0, 160.0, 187.0, 185.0, 174.0]",10.712303161621094,0.0,-22.23358154296875,0.0005550384521484375,-27.345855712890625
1750932149.5789511,0.0,0.5,"[174.0, 185.0, 173.0, 152.0, 152.0, 156.0, 160.0, 187.0, 185.0, 174.0]",10.872185707092285,0.0,-22.450958251953125,0.0005550384521484375,-27.339752197265625
1750932149.5989563,0.0,0.5,"[174.0, 185.0, 173.0, 152.0, 152.0, 157.0, 160.0, 187.0, 185.0, 174.0]",11.123917579650879,0.0,-22.67333984375,0.0005550384521484375,-27.33374786376953
1750932149.610982,0.0,0.5,"[174.0, 185.0, 173.0, 152.0, 152.0, 156.0, 160.0, 187.0, 185.0, 174.0]",11.045491218566895,0.0,-22.8941650390625,0.0005550384521484375,-27.32746124267578
1750932149.6398687,0.0,0.5,"[174.0, 185.0, 173.0, 152.0, 152.0, 157.0, 160.0, 187.0, 185.0, 174.0]",11.162711143493652,0.0,-23.117340087890625,0.0005550384521484375,-27.321434020996094
1750932149.6521125,0.0,0.5,"[174.0, 185.0, 173.0, 152.0, 152.0, 156.0, 160.0, 187.0, 185.0, 174.0]",10.939064979553223,0.0,-23.336029052734375,0.0005550384521484375,-27.315414428710938
1750932149.6814787,0.0,0.5,"[174.0, 185.0, 173.0, 152.0, 152.0, 157.0, 160.0, 187.0, 185.0, 174.0]",11.027685165405273,0.0,-23.5565185546875,0.0005550384521484375,-27.3096923828125
1750932149.6939447,0.0,0.5,"[174.0, 185.0, 173.0, 152.0, 152.0, 157.0, 160.0, 187.0, 185.0, 174.0]",11.241166114807129,0.0,-23.78125,0.0005550384521484375,-27.303451538085938
1750932149.723344,0.0,0.5,"[174.0, 185.0, 173.0, 152.0, 152.0, 156.0, 160.0, 187.0, 185.0, 174.0]",11.330613136291504,0.0,-24.00775146484375,0.0005550384521484375,-27.296836853027344
1750932149.735149,0.0,0.5,"[174.0, 185.0, 173.0, 152.0, 152.0, 157.0, 160.0, 187.0, 185.0, 174.0]",11.333544731140137,0.0,-24.234344482421875,0.0005550384521484375,-27.290863037109375
1750932149.764173,0.0,0.5,"[174.0, 185.0, 173.0, 152.0, 152.0, 156.0, 160.0, 187.0, 185.0, 174.0]",11.376459121704102,0.0,-24.4617919921875,0.0005550384521484375,-27.2843017578125
1750932149.7760236,0.0,0.5,"[174.0, 185.0, 173.0, 152.0, 152.0, 157.0, 160.0, 187.0, 185.0, 174.0]",11.441991806030273,0.0,-24.6905517578125,0.0005550384521484375,-27.27845001220703
1750932149.8051085,0.0,0.5,"[174.0, 185.0, 173.0, 152.0, 152.0, 157.0, 160.0, 187.0, 185.0, 174.0]",11.531417846679688,0.0,-24.92108154296875,0.0005550384521484375,-27.27185821533203
1750932149.817152,0.0,0.5,"[174.0, 185.0, 173.0, 152.0, 152.0, 157.0, 160.0, 187.0, 185.0, 174.0]",11.285110473632812,0.0,-25.146697998046875,0.0005550384521484375,-27.265731811523438
1750932149.8460138,0.0,0.5,"[174.0, 185.0, 173.0, 152.0, 152.0, 157.0, 160.0, 187.0, 185.0, 174.0]",11.429534912109375,0.0,-25.375213623046875,0.0005550384521484375,-27.259307861328125
1750932149.857742,0.0,0.5,"[174.0, 185.0, 173.0, 152.0, 152.0, 157.0, 160.0, 187.0, 185.0, 174.0]",11.493293762207031,0.0,-25.60498046875,0.0005550384521484375,-27.25324249267578
1750932149.8785293,0.0,0.5,"[174.0, 185.0, 173.0, 152.0, 152.0, 157.0, 160.0, 187.0, 185.0, 174.0]",11.738731384277344,0.0,-25.83966064453125,0.0005550384521484375,-27.246482849121094
1750932149.8996556,0.0,0.5,"[174.0, 185.0, 173.0, 152.0, 152.0, 157.0, 160.0, 187.0, 185.0, 174.0]",11.66895580291748,0.0,-26.072967529296875,0.0005550384521484375,-27.24005126953125
1750932149.9121528,0.0,0.5,"[174.0, 185.0, 173.0, 152.0, 152.0, 157.0, 160.0, 187.0, 185.0, 174.0]",11.81131362915039,0.0,-26.30908203125,0.0005550384521484375,-27.233444213867188
1750932149.9408553,0.0,0.5,"[174.0, 185.0, 173.0, 152.0, 152.0, 157.0, 160.0, 187.0, 185.0, 174.0]",11.70398998260498,0.0,-26.5430908203125,0.0005550384521484375,-27.22723388671875
1750932149.9526064,0.0,0.5,"[174.0, 185.0, 173.0, 152.0, 152.0, 157.0, 160.0, 187.0, 185.0, 174.0]",11.988211631774902,0.0,-26.78277587890625,0.0005550384521484375,-27.220626831054688
1750932149.9813998,0.0,0.5,"[174.0, 185.0, 173.0, 152.0, 152.0, 157.0, 160.0, 187.0, 185.0, 174.0]",11.862299919128418,0.0,-27.019927978515625,0.0005550384521484375,-27.214195251464844
1750932149.9934616,0.0,0.5,"[174.0, 185.0, 173.0, 152.0, 152.0, 157.0, 160.0, 187.0, 185.0, 174.0]",11.991899490356445,0.0,-27.259674072265625,0.0005550384521484375,-27.207489013671875
1750932150.021952,0.0,0.5,"[174.0, 185.0, 173.0, 152.0, 152.0, 157.0, 161.0, 188.0, 185.0, 174.0]",11.82716178894043,0.0,-27.496124267578125,0.0005550384521484375,-27.201156616210938
1750932150.0344331,0.0,0.5,"[174.0, 185.0, 173.0, 152.0, 152.0, 157.0, 160.0, 188.0, 185.0, 174.0]",11.955901145935059,0.0,-27.735137939453125,0.0005550384521484375,-27.194442749023438
1750932150.0627944,0.0,0.5,"[174.0, 185.0, 173.0, 152.0, 152.0, 157.0, 160.0, 188.0, 185.0, 174.0]",11.939262390136719,0.0,-27.973846435546875,0.0005550384521484375,-27.18799591064453
1750932150.0753298,0.0,0.5,"[174.0, 185.0, 172.0, 152.0, 152.0, 157.0, 161.0, 188.0, 185.0, 174.0]",12.15997314453125,0.0,-28.216949462890625,0.0005550384521484375,-27.181549072265625
1750932150.1052017,0.0,0.5,"[174.0, 185.0, 172.0, 152.0, 152.0, 157.0, 161.0, 188.0, 185.0, 174.0]",12.106514930725098,0.0,-28.458984375,0.0005550384521484375,-27.17486572265625
1750932150.117514,0.0,0.5,"[174.0, 185.0, 172.0, 151.0, 151.0, 157.0, 161.0, 188.0, 185.0, 174.0]",12.066877365112305,0.0,-28.700225830078125,0.0005550384521484375,-27.168060302734375
1750932150.1462212,0.0,0.5,"[174.0, 185.0, 172.0, 151.0, 152.0, 157.0, 161.0, 188.0, 185.0, 174.0]",12.299077033996582,0.0,-28.94610595703125,0.0005550384521484375,-27.160995483398438
1750932150.1578197,0.0,0.5,"[174.0, 185.0, 172.0, 151.0, 152.0, 157.0, 161.0, 188.0, 185.0, 174.0]",12.373684883117676,0.0,-29.193511962890625,0.0005550384521484375,-27.154090881347656
1750932150.1864822,0.0,0.5,"[174.0, 185.0, 172.0, 151.0, 152.0, 157.0, 161.0, 189.0, 185.0, 174.0]",12.381633758544922,0.0,-29.4410400390625,0.0005550384521484375,-27.147262573242188
1750932150.1991472,0.0,0.5,"[174.0, 185.0, 172.0, 151.0, 152.0, 157.0, 161.0, 189.0, 185.0, 174.0]",12.360896110534668,0.0,-29.68817138671875,0.0005550384521484375,-27.140480041503906
1750932150.2109423,0.0,0.5,"[174.0, 185.0, 172.0, 151.0, 152.0, 158.0, 161.0, 189.0, 185.0, 174.0]",12.411616325378418,0.0,-29.936309814453125,0.0005550384521484375,-27.133773803710938
1750932150.2393808,0.0,0.5,"[174.0, 185.0, 172.0, 151.0, 151.0, 158.0, 161.0, 189.0, 185.0, 174.0]",12.647741317749023,0.0,-30.189178466796875,0.0005550384521484375,-27.126983642578125
1750932150.2516756,0.0,0.5,"[174.0, 185.0, 172.0, 151.0, 152.0, 158.0, 161.0, 189.0, 185.0, 174.0]",12.519735336303711,0.0,-30.439453125,0.0005550384521484375,-27.12000274658203
1750932150.2799509,0.0,0.5,"[174.0, 185.0, 172.0, 151.0, 151.0, 158.0, 161.0, 189.0, 185.0, 174.0]",12.603875160217285,0.0,-30.691436767578125,0.0005550384521484375,-27.113128662109375
1750932150.2919884,0.0,0.5,"[174.0, 185.0, 172.0, 151.0, 152.0, 158.0, 161.0, 189.0, 185.0, 174.0]",12.397528648376465,0.0,-30.939300537109375,0.0005550384521484375,-27.10613250732422
1750932150.320161,0.0,0.5,"[174.0, 185.0, 172.0, 151.0, 151.0, 158.0, 161.0, 189.0, 185.0, 174.0]",12.702276229858398,0.0,-31.1932373046875,0.0005550384521484375,-27.099266052246094
1750932150.3316066,0.0,0.5,"[174.0, 185.0, 172.0, 151.0, 151.0, 158.0, 161.0, 189.0, 185.0, 174.0]",12.493128776550293,0.0,-31.443023681640625,0.0005550384521484375,-27.092453002929688
1750932150.3595753,0.0,0.5,"[174.0, 185.0, 172.0, 151.0, 151.0, 158.0, 161.0, 189.0, 185.0, 174.0]",12.630688667297363,0.0,-31.695526123046875,0.0005550384521484375,-27.085342407226562
1750932150.3720686,0.0,0.5,"[174.0, 185.0, 172.0, 151.0, 151.0, 158.0, 161.0, 189.0, 185.0, 174.0]",12.8326997756958,0.0,-31.95208740234375,0.0005550384521484375,-27.07848358154297
1750932150.3997822,0.0,0.5,"[174.0, 185.0, 172.0, 151.0, 151.0, 158.0, 161.0, 189.0, 185.0, 174.0]",12.914185523986816,0.0,-32.210296630859375,0.0005550384521484375,-27.071441650390625
1750932150.412129,0.0,0.5,"[174.0, 185.0, 172.0, 151.0, 151.0, 158.0, 161.0, 189.0, 185.0, 174.0]",12.959259986877441,0.0,-32.4693603515625,0.0005550384521484375,-27.06432342529297
1750932150.4404788,0.0,0.5,"[174.0, 185.0, 172.0, 151.0, 151.0, 158.0, 161.0, 189.0, 185.0, 174.0]",12.968363761901855,0.0,-32.7286376953125,0.0005550384521484375,-27.057167053222656
1750932150.4524117,0.0,0.5,"[174.0, 185.0, 172.0, 151.0, 151.0, 158.0, 161.0, 189.0, 185.0, 174.0]",12.970455169677734,0.0,-32.987945556640625,0.0005550384521484375,-27.049972534179688
1750932150.4811342,0.0,0.5,"[174.0, 185.0, 172.0, 151.0, 151.0, 158.0, 161.0, 189.0, 185.0, 174.0]",13.028578758239746,0.0,-33.2484130859375,0.0005550384521484375,-27.042755126953125
1750932150.4936693,0.0,0.5,"[174.0, 185.0, 172.0, 151.0, 151.0, 158.0, 161.0, 189.0, 185.0, 174.0]",13.105682373046875,0.0,-33.51043701171875,0.0005550384521484375,-27.035476684570312
1750932150.5227916,0.0,0.5,"[174.0, 185.0, 172.0, 151.0, 151.0, 158.0, 161.0, 189.0, 185.0, 174.0]",13.069130897521973,0.0,-33.771697998046875,0.0005550384521484375,-27.028221130371094
1750932150.5346768,0.0,0.5,"[174.0, 185.0, 172.0, 151.0, 151.0, 158.0, 161.0, 189.0, 185.0, 174.0]",13.104194641113281,0.0,-34.03369140625,0.0005550384521484375,-27.020912170410156
1750932150.5631182,0.0,0.5,"[174.0, 185.0, 172.0, 151.0, 151.0, 158.0, 161.0, 189.0, 185.0, 174.0]",13.303436279296875,0.0,-34.299652099609375,0.0005550384521484375,-27.013504028320312
1750932150.5743713,0.0,0.5,"[174.0, 185.0, 171.0, 151.0, 151.0, 158.0, 161.0, 189.0, 185.0, 174.0]",13.135741233825684,0.0,-34.562286376953125,0.0005550384521484375,-27.00640869140625
1750932150.603053,0.0,0.5,"[174.0, 185.0, 171.0, 151.0, 151.0, 158.0, 161.0, 189.0, 185.0, 174.0]",13.344993591308594,0.0,-34.829071044921875,0.0005550384521484375,-26.999069213867188
1750932150.6148407,0.0,0.5,"[174.0, 185.0, 171.0, 151.0, 151.0, 158.0, 161.0, 189.0, 185.0, 174.0]",13.393179893493652,0.0,-35.096832275390625,0.0005550384521484375,-26.991943359375
1750932150.6432588,0.0,0.5,"[174.0, 185.0, 171.0, 151.0, 151.0, 158.0, 161.0, 189.0, 185.0, 174.0]",13.41240406036377,0.0,-35.364990234375,0.0005550384521484375,-26.984344482421875
1750932150.6554506,0.0,0.5,"[174.0, 185.0, 170.0, 151.0, 151.0, 158.0, 161.0, 189.0, 185.0, 174.0]",13.44288158416748,0.0,-35.633758544921875,0.0005550384521484375,-26.977218627929688
1750932150.6839283,0.0,0.5,"[174.0, 185.0, 171.0, 151.0, 151.0, 158.0, 161.0, 189.0, 185.0, 174.0]",13.397233963012695,0.0,-35.901580810546875,0.0005550384521484375,-26.96973419189453
1750932150.6958516,0.0,0.5,"[174.0, 185.0, 170.0, 151.0, 151.0, 158.0, 161.0, 189.0, 185.0, 174.0]",13.423968315124512,0.0,-36.16998291015625,0.0005550384521484375,-26.962799072265625
1750932150.7244825,0.0,0.5,"[174.0, 185.0, 170.0, 151.0, 151.0, 158.0, 161.0, 189.0, 185.0, 174.0]",13.708718299865723,0.0,-36.444061279296875,0.0005550384521484375,-26.955230712890625
1750932150.7369092,0.0,0.5,"[174.0, 185.0, 170.0, 151.0, 151.0, 158.0, 161.0, 189.0, 185.0, 174.0]",13.38823413848877,0.0,-36.711700439453125,0.0005550384521484375,-26.947921752929688
1750932150.76572,0.0,0.5,"[174.0, 185.0, 170.0, 151.0, 151.0, 158.0, 161.0, 189.0, 185.0, 174.0]",13.761462211608887,0.0,-36.986846923828125,0.0005550384521484375,-26.94049072265625
1750932150.778047,0.0,0.5,"[174.0, 185.0, 170.0, 151.0, 151.0, 158.0, 161.0, 189.0, 185.0, 174.0]",13.523029327392578,0.0,-37.2572021484375,0.0005550384521484375,-26.933212280273438
1750932150.797317,0.0,0.5,"[174.0, 185.0, 170.0, 151.0, 151.0, 158.0, 161.0, 189.0, 185.0, 174.0]",13.752469062805176,0.0,-37.53216552734375,0.0005550384521484375,-26.925704956054688
1750932150.8252704,0.0,0.5,"[174.0, 185.0, 170.0, 151.0, 151.0, 158.0, 161.0, 189.0, 185.0, 174.0]",13.819961547851562,0.0,-37.808441162109375,0.0005550384521484375,-26.91844940185547
1750932150.837094,0.0,0.5,"[174.0, 185.0, 170.0, 151.0, 151.0, 158.0, 161.0, 189.0, 185.0, 174.0]",13.81149959564209,0.0,-38.084564208984375,0.0005550384521484375,-26.91063690185547
1750932150.865082,0.0,0.5,"[174.0, 185.0, 170.0, 151.0, 151.0, 158.0, 161.0, 189.0, 185.0, 174.0]",13.771122932434082,0.0,-38.359893798828125,0.0005550384521484375,-26.9033203125
1750932150.8769834,0.0,0.5,"[174.0, 185.0, 170.0, 151.0, 151.0, 158.0, 161.0, 189.0, 185.0, 174.0]",13.8749418258667,0.0,-38.637298583984375,0.0005550384521484375,-26.895462036132812
1750932150.9044986,0.0,0.5,"[174.0, 185.0, 170.0, 151.0, 151.0, 158.0, 161.0, 189.0, 185.0, 174.0]",13.92345142364502,0.0,-38.9156494140625,0.0005550384521484375,-26.887939453125
1750932150.9163287,0.0,0.5,"[174.0, 185.0, 170.0, 149.0, 151.0, 158.0, 161.0, 190.0, 185.0, 174.0]",14.006704330444336,0.0,-39.1956787109375,0.0005550384521484375,-26.880401611328125
1750932150.9440582,0.0,0.5,"[174.0, 185.0, 170.0, 149.0, 151.0, 158.0, 161.0, 190.0, 185.0, 174.0]",13.851486206054688,0.0,-39.47259521484375,0.0005550384521484375,-26.87261962890625
1750932150.955283,0.0,0.5,"[174.0, 185.0, 170.0, 149.0, 151.0, 158.0, 161.0, 190.0, 185.0, 174.0]",14.2018404006958,0.0,-39.75653076171875,0.0005550384521484375,-26.86475372314453
1750932150.9835067,0.0,0.5,"[174.0, 185.0, 170.0, 149.0, 151.0, 158.0, 161.0, 190.0, 185.0, 174.0]",13.899825096130371,0.0,-40.034423828125,0.0005550384521484375,-26.857009887695312
1750932150.995283,0.0,0.5,"[174.0, 185.0, 170.0, 149.0, 151.0, 158.0, 161.0, 190.0, 185.0, 174.0]",14.183788299560547,0.0,-40.3179931640625,0.0005550384521484375,-26.84918975830078
1750932151.0228791,0.0,0.5,"[174.0, 185.0, 170.0, 149.0, 151.0, 158.0, 161.0, 190.0, 185.0, 174.0]",14.160021781921387,0.0,-40.60107421875,0.0005550384521484375,-26.841392517089844
1750932151.034703,0.0,0.5,"[174.0, 185.0, 170.0, 149.0, 151.0, 158.0, 161.0, 190.0, 185.0, 174.0]",14.185296058654785,0.0,-40.884674072265625,0.0005550384521484375,-26.83350372314453
1750932151.0615935,0.0,0.5,"[174.0, 185.0, 170.0, 149.0, 151.0, 158.0, 161.0, 190.0, 185.0, 174.0]",14.34228801727295,0.0,-41.171417236328125,0.0005550384521484375,-26.825424194335938
1750932151.0726538,0.0,0.5,"[174.0, 185.0, 170.0, 149.0, 151.0, 158.0, 161.0, 190.0, 185.0, 174.0]",14.147017478942871,0.0,-41.454254150390625,0.0005550384521484375,-26.817825317382812
1750932151.0994709,0.0,0.5,"[174.0, 185.0, 170.0, 149.0, 151.0, 158.0, 161.0, 190.0, 185.0, 174.0]",14.509221076965332,0.0,-41.74432373046875,0.0005550384521484375,-26.8099365234375
1750932151.1109362,0.0,0.5,"[174.0, 185.0, 169.0, 149.0, 151.0, 158.0, 162.0, 190.0, 185.0, 174.0]",14.272197723388672,0.0,-42.0296630859375,0.0005550384521484375,-26.802215576171875
1750932151.137429,0.0,0.5,"[174.0, 185.0, 169.0, 149.0, 151.0, 158.0, 161.0, 190.0, 185.0, 174.0]",14.440719604492188,0.0,-42.318359375,0.0005550384521484375,-26.794235229492188
1750932151.1648633,0.0,0.5,"[174.0, 185.0, 169.0, 149.0, 151.0, 158.0, 162.0, 190.0, 185.0, 174.0]",14.39501667022705,0.0,-42.606170654296875,0.0005550384521484375,-26.786521911621094
1750932151.1762476,0.0,0.5,"[174.0, 185.0, 169.0, 149.0, 151.0, 158.0, 162.0, 190.0, 185.0, 174.0]",14.681890487670898,0.0,-42.899688720703125,0.0005550384521484375,-26.778366088867188
1750932151.2029018,0.0,0.5,"[174.0, 185.0, 169.0, 149.0, 151.0, 158.0, 162.0, 190.0, 185.0, 174.0]",14.384222030639648,0.0,-43.187286376953125,0.0005550384521484375,-26.77050018310547
1750932151.2138867,0.0,0.5,"[174.0, 185.0, 169.0, 149.0, 151.0, 158.0, 162.0, 190.0, 185.0, 174.0]",14.69633960723877,0.0,-43.4810791015625,0.0005550384521484375,-26.762435913085938
1750932151.2397711,0.0,0.5,"[174.0, 185.0, 169.0, 149.0, 151.0, 158.0, 162.0, 190.0, 185.0, 174.0]",14.620011329650879,0.0,-43.77337646484375,0.0005550384521484375,-26.754425048828125
1750932151.2511888,0.0,0.5,"[174.0, 185.0, 169.0, 149.0, 151.0, 158.0, 162.0, 190.0, 185.0, 174.0]",14.60584545135498,0.0,-44.065399169921875,0.0005550384521484375,-26.74645233154297
1750932151.277878,0.0,0.5,"[174.0, 185.0, 169.0, 149.0, 151.0, 157.0, 162.0, 190.0, 185.0, 174.0]",14.750393867492676,0.0,-44.36029052734375,0.0005550384521484375,-26.738449096679688
1750932151.2963228,0.0,0.5,"[174.0, 185.0, 169.0, 149.0, 151.0, 157.0, 162.0, 190.0, 185.0, 174.0]",14.796359062194824,0.0,-44.656097412109375,0.0005550384521484375,-26.730239868164062
1750932151.3230345,0.0,0.5,"[174.0, 185.0, 169.0, 149.0, 151.0, 157.0, 162.0, 190.0, 185.0, 174.0]",14.779132843017578,0.0,-44.951568603515625,0.0005550384521484375,-26.722396850585938
1750932151.334338,0.0,0.5,"[174.0, 185.0, 169.0, 149.0, 151.0, 157.0, 162.0, 190.0, 185.0, 174.0]",14.814994812011719,0.0,-45.247772216796875,0.0005550384521484375,-26.71398162841797
1750932151.361911,0.0,0.5,"[174.0, 185.0, 169.0, 149.0, 151.0, 157.0, 162.0, 190.0, 185.0, 174.0]",14.86790943145752,0.0,-45.545013427734375,0.0005550384521484375,-26.70599365234375
1750932151.3742554,0.0,0.5,"[174.0, 185.0, 169.0, 149.0, 151.0, 157.0, 162.0, 190.0, 185.0, 174.0]",14.899107933044434,0.0,-45.842864990234375,0.0005550384521484375,-26.697525024414062
1750932151.4011986,0.0,0.5,"[174.0, 185.0, 168.0, 149.0, 151.0, 157.0, 162.0, 190.0, 185.0, 174.0]",15.110191345214844,0.0,-46.14495849609375,0.0005550384521484375,-26.68939208984375
1750932151.4124517,0.0,0.5,"[174.0, 185.0, 168.0, 149.0, 151.0, 157.0, 162.0, 190.0, 185.0, 174.0]",14.87951946258545,0.0,-46.44244384765625,0.0005550384521484375,-26.68122100830078
1750932151.438779,0.0,0.5,"[174.0, 185.0, 168.0, 149.0, 151.0, 157.0, 162.0, 190.0, 185.0, 174.0]",15.048301696777344,0.0,-46.7432861328125,0.0005550384521484375,-26.67310333251953
1750932151.4581873,0.0,0.5,"[174.0, 185.0, 168.0, 149.0, 151.0, 157.0, 162.0, 190.0, 185.0, 174.0]",15.038270950317383,0.0,-47.0439453125,0.0005550384521484375,-26.6646728515625
1750932151.4769506,0.0,0.5,"[174.0, 185.0, 168.0, 149.0, 151.0, 157.0, 162.0, 190.0, 185.0, 174.0]",15.253414154052734,0.0,-47.348907470703125,0.0005550384521484375,-26.65625762939453
1750932151.503359,0.0,0.5,"[174.0, 185.0, 167.0, 149.0, 150.0, 157.0, 162.0, 190.0, 185.0, 174.0]",15.06015396118164,0.0,-47.649993896484375,0.0005550384521484375,-26.648117065429688
1750932151.5144086,0.0,0.5,"[174.0, 185.0, 167.0, 149.0, 151.0, 157.0, 162.0, 190.0, 185.0, 174.0]",15.236918449401855,0.0,-47.954620361328125,0.0005550384521484375,-26.639488220214844
1750932151.5407717,0.0,0.5,"[174.0, 185.0, 167.0, 149.0, 151.0, 157.0, 162.0, 190.0, 185.0, 174.0]",15.277863502502441,0.0,-48.260040283203125,0.0005550384521484375,-26.631011962890625
1750932151.5517278,0.0,0.5,"[174.0, 185.0, 167.0, 149.0, 151.0, 157.0, 162.0, 190.0, 185.0, 174.0]",15.292745590209961,0.0,-48.5657958984375,0.0005550384521484375,-26.62261962890625
1750932151.5781074,0.0,0.5,"[174.0, 185.0, 167.0, 148.0, 150.0, 157.0, 162.0, 190.0, 185.0, 174.0]",15.327475547790527,0.0,-48.872222900390625,0.0005550384521484375,-26.6141357421875
1750932151.5969448,0.0,0.5,"[174.0, 185.0, 167.0, 149.0, 151.0, 157.0, 162.0, 190.0, 185.0, 174.0]",15.505786895751953,0.0,-49.182220458984375,0.0005550384521484375,-26.605484008789062
1750932151.6230319,0.0,0.5,"[174.0, 185.0, 167.0, 148.0, 150.0, 157.0, 162.0, 190.0, 185.0, 174.0]",15.356243133544922,0.0,-49.489227294921875,0.0005550384521484375,-26.597213745117188
1750932151.6346376,0.0,0.5,"[174.0, 185.0, 167.0, 148.0, 151.0, 157.0, 162.0, 190.0, 185.0, 174.0]",15.636399269104004,0.0,-49.801849365234375,0.0005550384521484375,-26.588638305664062
1750932151.660588,0.0,0.5,"[174.0, 185.0, 167.0, 148.0, 150.0, 157.0, 162.0, 192.0, 185.0, 174.0]",15.496234893798828,0.0,-50.11163330078125,0.0005550384521484375,-26.580284118652344
1750932151.6714709,0.0,0.5,"[174.0, 185.0, 167.0, 148.0, 150.0, 157.0, 162.0, 192.0, 185.0, 174.0]",15.709311485290527,0.0,-50.42572021484375,0.0005550384521484375,-26.571624755859375
1750932151.6978807,0.0,0.5,"[174.0, 185.0, 167.0, 148.0, 150.0, 157.0, 162.0, 192.0, 185.0, 174.0]",15.502777099609375,0.0,-50.73565673828125,0.0005550384521484375,-26.56322479248047
1750932151.7167416,0.0,0.5,"[174.0, 185.0, 167.0, 148.0, 150.0, 157.0, 162.0, 192.0, 185.0, 174.0]",15.717077255249023,0.0,-51.04986572265625,0.0005550384521484375,-26.554534912109375
1750932151.7436612,0.0,0.5,"[174.0, 185.0, 167.0, 148.0, 150.0, 157.0, 162.0, 192.0, 185.0, 174.0]",15.628952026367188,0.0,-51.362335205078125,0.0005550384521484375,-26.546157836914062
1750932151.75448,0.0,0.5,"[174.0, 185.0, 167.0, 148.0, 150.0, 157.0, 162.0, 192.0, 185.0, 174.0]",15.764043807983398,0.0,-51.677490234375,0.0005550384521484375,-26.53729248046875
1750932151.7820315,0.0,0.5,"[174.0, 185.0, 167.0, 148.0, 150.0, 157.0, 162.0, 192.0, 185.0, 174.0]",15.68898868560791,0.0,-51.99114990234375,0.0005550384521484375,-26.528732299804688
1750932151.7939057,0.0,0.5,"[174.0, 185.0, 167.0, 148.0, 150.0, 157.0, 162.0, 192.0, 185.0, 174.0]",15.882370948791504,0.0,-52.308685302734375,0.0005550384521484375,-26.519798278808594
1750932151.82025,0.0,0.5,"[174.0, 185.0, 167.0, 148.0, 150.0, 157.0, 162.0, 192.0, 185.0, 174.0]",15.840879440307617,0.0,-52.6253662109375,0.0005550384521484375,-26.51110076904297
1750932151.8311586,0.0,0.5,"[174.0, 185.0, 167.0, 148.0, 150.0, 157.0, 162.0, 192.0, 185.0, 174.0]",15.923640251159668,0.0,-52.9437255859375,0.0005550384521484375,-26.502349853515625
1750932151.8572948,0.0,0.5,"[174.0, 185.0, 167.0, 148.0, 150.0, 157.0, 162.0, 192.0, 185.0, 174.0]",15.90697193145752,0.0,-53.261749267578125,0.0005550384521484375,-26.493743896484375
1750932151.8836331,0.0,0.5,"[174.0, 185.0, 166.0, 148.0, 150.0, 157.0, 162.0, 192.0, 185.0, 174.0]",15.891186714172363,0.0,-53.5794677734375,0.0005550384521484375,-26.4852294921875
1750932151.895213,0.0,0.5,"[174.0, 185.0, 166.0, 148.0, 150.0, 157.0, 162.0, 192.0, 185.0, 174.0]",16.007963180541992,0.0,-53.899505615234375,0.0005550384521484375,-26.47662353515625
1750932151.9214056,0.0,0.5,"[174.0, 185.0, 166.0, 148.0, 150.0, 157.0, 162.0, 192.0, 185.0, 174.0]",16.071666717529297,0.0,-54.2208251953125,0.0005550384521484375,-26.467788696289062
1750932151.9325612,0.0,0.5,"[174.0, 185.0, 166.0, 148.0, 150.0, 157.0, 162.0, 192.0, 185.0, 174.0]",16.0605411529541,0.0,-54.541900634765625,0.0005550384521484375,-26.45922088623047
1750932151.9588058,0.0,0.5,"[174.0, 185.0, 166.0, 148.0, 150.0, 157.0, 162.0, 192.0, 185.0, 174.0]",16.168432235717773,0.0,-54.865142822265625,0.0005550384521484375,-26.450294494628906
1750932151.9774568,0.0,0.5,"[174.0, 185.0, 165.0, 148.0, 150.0, 157.0, 162.0, 192.0, 185.0, 174.0]",16.162389755249023,0.0,-55.18829345703125,0.0005550384521484375,-26.441741943359375
1750932152.003912,0.0,0.5,"[174.0, 185.0, 165.0, 148.0, 150.0, 157.0, 162.0, 192.0, 185.0, 174.0]",16.147737503051758,0.0,-55.511138916015625,0.0005550384521484375,-26.432762145996094
1750932152.0155046,0.0,0.5,"[174.0, 185.0, 165.0, 147.0, 150.0, 156.0, 162.0, 192.0, 185.0, 174.0]",16.200014114379883,0.0,-55.83502197265625,0.0005550384521484375,-26.424232482910156
1750932152.0418017,0.0,0.5,"[174.0, 185.0, 165.0, 148.0, 150.0, 156.0, 162.0, 192.0, 185.0, 174.0]",16.37554931640625,0.0,-56.162384033203125,0.0005550384521484375,-26.415267944335938
1750932152.0527565,0.0,0.5,"[174.0, 185.0, 165.0, 147.0, 150.0, 156.0, 162.0, 192.0, 185.0, 174.0]",16.335683822631836,0.0,-56.488983154296875,0.0005550384521484375,-26.406539916992188
1750932152.078942,0.0,0.5,"[174.0, 185.0, 165.0, 147.0, 150.0, 156.0, 162.0, 192.0, 185.0, 174.0]",16.31404685974121,0.0,-56.815155029296875,0.0005550384521484375,-26.397384643554688
1750932152.0975657,0.0,0.5,"[174.0, 185.0, 165.0, 147.0, 150.0, 156.0, 162.0, 192.0, 185.0, 174.0]",16.410306930541992,0.0,-57.14324951171875,0.0005550384521484375,-26.388648986816406
1750932152.123993,0.0,0.5,"[174.0, 185.0, 165.0, 147.0, 150.0, 156.0, 162.0, 192.0, 185.0, 174.0]",16.531766891479492,0.0,-57.4737548828125,0.0005550384521484375,-26.37957763671875
1750932152.135012,0.0,0.5,"[174.0, 185.0, 165.0, 147.0, 150.0, 156.0, 162.0, 192.0, 185.0, 174.0]",16.347211837768555,0.0,-57.800567626953125,0.0005550384521484375,-26.37084197998047
1750932152.1612828,0.0,0.5,"[174.0, 185.0, 165.0, 147.0, 150.0, 156.0, 162.0, 192.0, 185.0, 174.0]",16.533315658569336,0.0,-58.131134033203125,0.0005550384521484375,-26.36181640625
1750932152.173212,0.0,0.5,"[174.0, 185.0, 165.0, 147.0, 150.0, 156.0, 162.0, 192.0, 185.0, 174.0]",16.531024932861328,0.0,-58.46160888671875,0.0005550384521484375,-26.35302734375
1750932152.2002277,0.0,0.5,"[174.0, 185.0, 165.0, 147.0, 150.0, 156.0, 162.0, 192.0, 185.0, 174.0]",16.739269256591797,0.0,-58.796295166015625,0.0005550384521484375,-26.343917846679688
1750932152.2110496,0.0,0.5,"[174.0, 185.0, 164.0, 147.0, 150.0, 156.0, 162.0, 192.0, 185.0, 174.0]",16.536376953125,0.0,-59.12689208984375,0.0005550384521484375,-26.335044860839844
1750932152.2372084,0.0,0.5,"[174.0, 185.0, 164.0, 147.0, 150.0, 156.0, 162.0, 192.0, 185.0, 174.0]",16.790307998657227,0.0,-59.462554931640625,0.0005550384521484375,-26.3258056640625
1750932152.2640822,0.0,0.5,"[174.0, 185.0, 164.0, 147.0, 150.0, 156.0, 162.0, 192.0, 185.0, 174.0]",16.660627365112305,0.0,-59.795654296875,0.0005550384521484375,-26.316749572753906
1750932152.2750525,0.0,0.5,"[174.0, 185.0, 164.0, 147.0, 150.0, 156.0, 162.0, 192.0, 185.0, 174.0]",16.87708854675293,0.0,-60.133056640625,0.0005550384521484375,-26.307418823242188
1750932152.3008595,0.0,0.5,"[174.0, 185.0, 164.0, 147.0, 150.0, 156.0, 162.0, 192.0, 185.0, 174.0]",16.672691345214844,0.0,-60.466400146484375,0.0005550384521484375,-26.298423767089844
1750932152.3112555,0.0,0.5,"[174.0, 185.0, 164.0, 147.0, 150.0, 156.0, 162.0, 192.0, 185.0, 174.0]",16.86598014831543,0.0,-60.8035888671875,0.0005550384521484375,-26.289138793945312
1750932152.3369982,0.0,0.5,"[174.0, 185.0, 164.0, 147.0, 150.0, 156.0, 162.0, 193.0, 185.0, 174.0]",16.920480728149414,0.0,-61.141876220703125,0.0005550384521484375,-26.280059814453125
1750932152.3626711,0.0,0.5,"[174.0, 185.0, 164.0, 147.0, 150.0, 156.0, 162.0, 192.0, 185.0, 174.0]",16.896686553955078,0.0,-61.47967529296875,0.0005550384521484375,-26.270713806152344
1750932152.3741722,0.0,0.5,"[174.0, 185.0, 164.0, 147.0, 150.0, 156.0, 163.0, 193.0, 185.0, 174.0]",16.89813232421875,0.0,-61.817535400390625,0.0005550384521484375,-26.261810302734375
1750932152.4002953,0.0,0.5,"[174.0, 185.0, 164.0, 147.0, 150.0, 156.0, 162.0, 193.0, 185.0, 174.0]",16.910507202148438,0.0,-62.155609130859375,0.0005550384521484375,-26.252426147460938
1750932152.410871,0.0,0.5,"[174.0, 185.0, 164.0, 147.0, 150.0, 156.0, 163.0, 193.0, 185.0, 174.0]",17.056997299194336,0.0,-62.496612548828125,0.0005550384521484375,-26.243370056152344
1750932152.4369502,0.0,0.5,"[174.0, 185.0, 164.0, 147.0, 150.0, 156.0, 162.0, 193.0, 185.0, 174.0]",17.018123626708984,0.0,-62.83685302734375,0.0005550384521484375,-26.234153747558594
1750932152.4628534,0.0,0.5,"[174.0, 185.0, 164.0, 147.0, 150.0, 156.0, 163.0, 193.0, 185.0, 174.0]",17.1036319732666,0.0,-63.178802490234375,0.0005550384521484375,-26.224945068359375
1750932152.4741063,0.0,0.5,"[174.0, 185.0, 164.0, 147.0, 150.0, 156.0, 163.0, 193.0, 185.0, 174.0]",17.162261962890625,0.0,-63.521942138671875,0.0005550384521484375,-26.21563720703125
1750932152.5003834,0.0,0.5,"[174.0, 185.0, 163.0, 147.0, 150.0, 155.0, 163.0, 193.0, 185.0, 174.0]",17.09019660949707,0.0,-63.863616943359375,0.0005550384521484375,-26.206222534179688
1750932152.5103374,0.0,0.5,"[174.0, 185.0, 163.0, 147.0, 150.0, 155.0, 163.0, 193.0, 185.0, 174.0]",17.20827865600586,0.0,-64.2076416015625,0.0005550384521484375,-26.196731567382812
1750932152.5357,0.0,0.5,"[174.0, 185.0, 163.0, 146.0, 149.0, 155.0, 163.0, 193.0, 185.0, 174.0]",17.154464721679688,0.0,-64.55059814453125,0.0005550384521484375,-26.187530517578125
1750932152.560794,0.0,0.5,"[174.0, 185.0, 163.0, 146.0, 150.0, 155.0, 163.0, 193.0, 185.0, 174.0]",17.378419876098633,0.0,-64.89804077148438,0.0005550384521484375,-26.177947998046875
1750932152.5714858,0.0,0.5,"[174.0, 185.0, 163.0, 146.0, 149.0, 155.0, 163.0, 193.0, 185.0, 174.0]",17.267276763916016,0.0,-65.24325561523438,0.0005550384521484375,-26.16846466064453
1750932152.596593,0.0,0.5,"[174.0, 185.0, 162.0, 146.0, 149.0, 155.0, 163.0, 193.0, 185.0, 174.0]",17.42507553100586,0.0,-65.59164428710938,0.0005550384521484375,-26.15892791748047
1750932152.6214874,0.0,0.5,"[174.0, 185.0, 162.0, 146.0, 149.0, 155.0, 163.0, 193.0, 185.0, 174.0]",17.235958099365234,0.0,-65.93621826171875,0.0005550384521484375,-26.149276733398438
1750932152.6325316,0.0,0.5,"[174.0, 185.0, 162.0, 146.0, 149.0, 155.0, 163.0, 193.0, 185.0, 174.0]",17.465675354003906,0.0,-66.285400390625,0.0005550384521484375,-26.139785766601562
1750932152.657728,0.0,0.5,"[174.0, 185.0, 162.0, 146.0, 149.0, 155.0, 163.0, 193.0, 185.0, 174.0]",17.411117553710938,0.0,-66.63348388671875,0.0005550384521484375,-26.130226135253906
1750932152.6825986,0.0,0.5,"[174.0, 185.0, 162.0, 146.0, 149.0, 155.0, 163.0, 193.0, 185.0, 174.0]",17.469266891479492,0.0,-66.98275756835938,0.0005550384521484375,-26.120689392089844
1750932152.693421,0.0,0.5,"[174.0, 185.0, 162.0, 146.0, 149.0, 155.0, 163.0, 193.0, 185.0, 174.0]",17.553037643432617,0.0,-67.33367919921875,0.0005550384521484375,-26.1109619140625
1750932152.71876,0.0,0.5,"[174.0, 185.0, 162.0, 146.0, 149.0, 155.0, 163.0, 193.0, 185.0, 174.0]",17.626949310302734,0.0,-67.68606567382812,0.0005550384521484375,-26.10118865966797
1750932152.7371507,0.0,0.5,"[174.0, 185.0, 162.0, 146.0, 149.0, 155.0, 163.0, 193.0, 185.0, 174.0]",17.479936599731445,0.0,-68.03555297851562,0.0005550384521484375,-26.091720581054688
1750932152.7621696,0.0,0.5,"[174.0, 185.0, 162.0, 146.0, 149.0, 155.0, 163.0, 193.0, 185.0, 174.0]",17.789655685424805,0.0,-68.39120483398438,0.0005550384521484375,-26.08203887939453
1750932152.7729177,0.0,0.5,"[174.0, 185.0, 162.0, 146.0, 149.0, 155.0, 163.0, 193.0, 185.0, 174.0]",17.515804290771484,0.0,-68.74139404296875,0.0005550384521484375,-26.072486877441406
1750932152.798462,0.0,0.0,"[174.0, 185.0, 162.0, 146.0, 149.0, 155.0, 163.0, 193.0, 185.0, 174.0]",17.876018524169922,0.0,-69.09878540039062,0.0005550384521484375,-26.062759399414062
1750932152.8168156,0.0,0.0,"[174.0, 185.0, 162.0, 146.0, 149.0, 155.0, 163.0, 193.0, 185.0, 174.0]",17.58826446533203,0.0,-69.45040893554688,0.0005550384521484375,-26.053115844726562
1750932152.841763,0.0,0.0,"[174.0, 185.0, 162.0, 146.0, 149.0, 154.0, 163.0, 193.0, 185.0, 174.0]",17.332286834716797,0.0,-69.79693603515625,0.0005550384521484375,-26.043655395507812
1750932152.852152,0.0,0.0,"[174.0, 185.0, 162.0, 146.0, 149.0, 154.0, 163.0, 193.0, 185.0, 174.0]",17.076717376708984,0.0,-70.13833618164062,0.0005550384521484375,-26.034378051757812
1750932152.8772507,0.0,0.0,"[174.0, 185.0, 161.0, 145.0, 149.0, 154.0, 163.0, 193.0, 185.0, 174.0]",16.821557998657227,0.0,-70.47463989257812,0.0005550384521484375,-26.0252685546875
1750932152.902504,0.0,0.0,"[174.0, 185.0, 161.0, 145.0, 149.0, 154.0, 163.0, 193.0, 185.0, 174.0]",16.56680679321289,0.0,-70.80587768554688,0.0005550384521484375,-26.01629638671875
1750932152.913921,0.0,0.0,"[174.0, 185.0, 161.0, 145.0, 149.0, 154.0, 163.0, 193.0, 185.0, 174.0]",16.312463760375977,0.0,-71.13198852539062,0.0005550384521484375,-26.007476806640625
1750932152.939289,0.0,0.0,"[174.0, 185.0, 161.0, 145.0, 149.0, 154.0, 163.0, 193.0, 185.0, 174.0]",16.05852508544922,0.0,-71.45303344726562,0.0005550384521484375,-25.99878692626953
1750932152.9496548,0.0,0.0,"[174.0, 185.0, 161.0, 145.0, 149.0, 154.0, 163.0, 193.0, 185.0, 174.0]",15.804994583129883,0.0,-71.76901245117188,0.0005550384521484375,-25.990234375
1750932152.9818609,0.0,0.0,"[174.0, 185.0, 161.0, 145.0, 149.0, 154.0, 163.0, 193.0, 185.0, 174.0]",15.551871299743652,0.0,-72.0799560546875,0.0005550384521484375,-25.981826782226562
1750932152.9930234,0.0,0.0,"[174.0, 185.0, 161.0, 145.0, 148.0, 154.0, 163.0, 193.0, 185.0, 174.0]",15.299151420593262,0.0,-72.38583374023438,0.0005550384521484375,-25.973556518554688
1750932153.0184674,0.0,0.0,"[174.0, 185.0, 161.0, 145.0, 148.0, 154.0, 163.0, 194.0, 185.0, 174.0]",15.046836853027344,0.0,-72.6866455078125,0.0005550384521484375,-25.965415954589844
1750932153.0362544,0.0,0.5,"[174.0, 185.0, 161.0, 145.0, 148.0, 154.0, 163.0, 194.0, 185.0, 174.0]",14.794926643371582,0.0,-72.98245239257812,0.00055694580078125,-25.957412719726562
1750932153.0614073,0.0,0.5,"[174.0, 185.0, 161.0, 145.0, 148.0, 154.0, 163.0, 194.0, 185.0, 174.0]",14.54341983795166,0.0,-73.273193359375,0.00055694580078125,-25.949546813964844
1750932153.0722308,0.0,0.5,"[174.0, 185.0, 161.0, 145.0, 148.0, 154.0, 163.0, 194.0, 185.0, 174.0]",14.538191795349121,0.0,-73.56387329101562,0.00055694580078125,-25.941680908203125
1750932153.0970676,0.0,0.5,"[174.0, 185.0, 160.0, 145.0, 148.0, 154.0, 163.0, 194.0, 185.0, 174.0]",14.720040321350098,0.0,-73.858154296875,0.00055694580078125,-25.93372344970703
1750932153.1215456,0.0,0.5,"[174.0, 185.0, 160.0, 145.0, 148.0, 154.0, 163.0, 194.0, 185.0, 174.0]",14.41479778289795,0.0,-74.14633178710938,0.00055694580078125,-25.925926208496094
1750932153.1324112,0.0,0.5,"[174.0, 185.0, 160.0, 145.0, 148.0, 153.0, 163.0, 194.0, 185.0, 174.0]",14.817487716674805,0.0,-74.44259643554688,0.00055694580078125,-25.91791534423828
1750932153.1566882,0.0,0.5,"[174.0, 185.0, 160.0, 145.0, 148.0, 153.0, 163.0, 194.0, 185.0, 174.0]",14.695320129394531,0.0,-74.73638916015625,0.00055694580078125,-25.90996551513672
1750932153.181189,0.0,0.5,"[174.0, 185.0, 160.0, 145.0, 147.0, 153.0, 163.0, 194.0, 185.0, 174.0]",14.913962364196777,0.0,-75.03457641601562,0.00055694580078125,-25.901901245117188
1750932153.1923594,0.0,0.5,"[174.0, 185.0, 159.0, 145.0, 147.0, 153.0, 163.0, 195.0, 185.0, 174.0]",14.712700843811035,0.0,-75.32870483398438,0.00055694580078125,-25.893943786621094
1750932153.2173994,0.0,0.5,"[174.0, 185.0, 159.0, 145.0, 147.0, 153.0, 164.0, 195.0, 185.0, 174.0]",15.105052947998047,0.0,-75.63070678710938,0.00055694580078125,-25.885772705078125
1750932153.2422006,0.0,0.5,"[174.0, 185.0, 159.0, 145.0, 147.0, 153.0, 166.0, 195.0, 185.0, 174.0]",14.830154418945312,0.0,-75.92718505859375,0.00055694580078125,-25.87775421142578
1750932153.2520623,0.0,0.5,"[174.0, 185.0, 159.0, 145.0, 147.0, 153.0, 170.0, 195.0, 185.0, 174.0]",15.144944190979004,0.0,-76.22998046875,0.00055694580078125,-25.86956024169922
1750932153.2766972,0.0,0.5,"[174.0, 185.0, 159.0, 145.0, 147.0, 153.0, 163.0, 195.0, 185.0, 174.0]",14.765376091003418,0.0,-76.52517700195312,0.00055694580078125,-25.861572265625
1750932153.3017392,0.0,0.5,"[174.0, 185.0, 159.0, 145.0, 147.0, 153.0, 163.0, 195.0, 185.0, 174.0]",15.149150848388672,0.0,-76.82803344726562,0.00055694580078125,-25.853378295898438
1750932153.312867,0.0,0.5,"[174.0, 185.0, 159.0, 145.0, 147.0, 153.0, 164.0, 195.0, 185.0, 174.0]",15.026647567749023,0.0,-77.12844848632812,0.00055694580078125,-25.845252990722656
1750932153.3380973,0.0,0.0,"[174.0, 185.0, 159.0, 145.0, 147.0, 153.0, 164.0, 195.0, 185.0, 174.0]",15.233073234558105,0.0,-77.43301391601562,0.00055694580078125,-25.837020874023438
1750932153.3553948,0.0,0.0,"[174.0, 185.0, 159.0, 145.0, 146.0, 153.0, 164.0, 195.0, 185.0, 174.0]",15.05769157409668,0.0,-77.73403930664062,0.0005550384521484375,-25.82886505126953
1750932153.3805506,0.0,0.0,"[174.0, 185.0, 159.0, 145.0, 146.0, 152.0, 164.0, 195.0, 185.0, 174.0]",14.805763244628906,0.0,-78.03005981445312,0.0005550384521484375,-25.820877075195312
1750932153.3915474,0.0,0.0,"[174.0, 185.0, 159.0, 144.0, 146.0, 152.0, 164.0, 195.0, 185.0, 174.0]",14.554238319396973,0.0,-78.321044921875,0.0005550384521484375,-25.81304931640625
1750932153.415904,0.0,0.0,"[174.0, 185.0, 159.0, 144.0, 146.0, 152.0, 164.0, 195.0, 185.0, 174.0]",14.303114891052246,0.0,-78.60699462890625,0.0005550384521484375,-25.80535125732422
1750932153.440573,0.0,0.0,"[174.0, 185.0, 159.0, 144.0, 146.0, 152.0, 166.0, 195.0, 185.0, 174.0]",14.052391052246094,0.0,-78.887939453125,0.0005550384521484375,-25.79779815673828
1750932153.4511745,0.0,0.0,"[174.0, 185.0, 159.0, 144.0, 146.0, 152.0, 166.0, 195.0, 185.0, 174.0]",13.802069664001465,0.0,-79.16387939453125,0.0005550384521484375,-25.790374755859375
1750932153.4758928,0.0,0.0,"[174.0, 185.0, 159.0, 144.0, 146.0, 152.0, 166.0, 195.0, 185.0, 174.0]",13.552149772644043,0.0,-79.434814453125,0.0005550384521484375,-25.78308868408203
1750932153.501989,0.0,0.5,"[174.0, 185.0, 159.0, 144.0, 145.0, 152.0, 166.0, 195.0, 185.0, 174.0]",13.302629470825195,0.0,-79.70077514648438,0.0005550384521484375,-25.77593231201172
1750932153.5122721,0.0,0.5,"[174.0, 185.0, 158.0, 144.0, 145.0, 152.0, 166.0, 195.0, 185.0, 174.0]",13.053507804870605,0.0,-79.96176147460938,0.0005550384521484375,-25.76891326904297
1750932153.5369763,0.0,0.5,"[174.0, 185.0, 158.0, 144.0, 145.0, 152.0, 166.0, 195.0, 185.0, 174.0]",13.189908981323242,0.0,-80.2254638671875,0.0005550384521484375,-25.761825561523438
1750932153.5616324,0.0,0.5,"[174.0, 185.0, 158.0, 144.0, 145.0, 152.0, 166.0, 195.0, 185.0, 174.0]",12.87525463104248,0.0,-80.48287963867188,0.0005550384521484375,-25.754898071289062
1750932153.5721447,0.0,0.5,"[174.0, 185.0, 158.0, 144.0, 145.0, 152.0, 176.0, 195.0, 185.0, 174.0]",13.239619255065918,0.0,-80.74755859375,0.0005550384521484375,-25.747779846191406
1750932153.5974174,0.0,0.5,"[174.0, 185.0, 158.0, 144.0, 145.0, 152.0, 175.0, 195.0, 185.0, 174.0]",13.339229583740234,0.0,-81.01425170898438,0.0005550384521484375,-25.74060821533203
1750932153.6225107,0.0,0.5,"[174.0, 185.0, 158.0, 144.0, 145.0, 151.0, 175.0, 195.0, 185.0, 174.0]",13.371405601501465,0.0,-81.28158569335938,0.0005550384521484375,-25.733413696289062
1750932153.6330054,-1.0,0.5,"[174.0, 185.0, 158.0, 144.0, 144.0, 151.0, 175.0, 195.0, 185.0, 174.0]",13.356730461120605,0.0,-81.54861450195312,0.0005550384521484375,-25.726234436035156
1750932153.6576817,-1.0,0.5,"[174.0, 185.0, 159.0, 145.0, 145.0, 151.0, 175.0, 195.0, 185.0, 174.0]",13.055582046508789,-0.5,-81.80960083007812,0.0005550384521484375,-25.734237670898438
1750932153.6818004,-1.0,0.5,"[174.0, 185.0, 161.0, 146.0, 145.0, 152.0, 164.0, 193.0, 185.0, 174.0]",12.878166198730469,-0.5,-82.06610107421875,0.0005550384521484375,-25.757728576660156
1750932153.6919906,-1.0,0.5,"[174.0, 185.0, 164.0, 148.0, 146.0, 152.0, 163.0, 192.0, 185.0, 174.0]",12.90698528289795,-0.5,-82.32095336914062,0.0005550384521484375,-25.798797607421875
1750932153.7167544,-1.0,0.5,"[174.0, 185.0, 167.0, 151.0, 147.0, 152.0, 161.0, 190.0, 185.0, 174.0]",12.837363243103027,-0.5,-82.57284545898438,0.0005550384521484375,-25.84850311279297
1750932153.7431746,-1.0,0.5,"[174.0, 185.0, 170.0, 154.0, 147.0, 153.0, 159.0, 188.0, 185.0, 174.0]",12.97868824005127,-0.5,-82.82583618164062,0.0005550384521484375,-25.906593322753906
1750932153.7546492,0.0,0.5,"[174.0, 185.0, 173.0, 156.0, 148.0, 153.0, 169.0, 186.0, 185.0, 174.0]",12.99007511138916,-0.5,-83.07785034179688,0.0005550384521484375,-25.969635009765625
1750932153.7818956,0.0,0.5,"[174.0, 185.0, 175.0, 158.0, 148.0, 153.0, 169.0, 186.0, 185.0, 174.0]",12.869929313659668,0.0,-83.33047485351562,0.0005550384521484375,-26.019119262695312
1750932153.7930994,0.0,0.5,"[174.0, 185.0, 176.0, 158.0, 148.0, 153.0, 169.0, 185.0, 185.0, 174.0]",12.974793434143066,0.0,-83.58773803710938,0.0005550384521484375,-26.052825927734375
1750932153.8192003,0.0,0.5,"[174.0, 185.0, 176.0, 158.0, 148.0, 153.0, 155.0, 184.0, 185.0, 174.0]",12.993337631225586,0.0,-83.84579467773438,0.0005550384521484375,-26.083702087402344
1750932153.8304148,0.0,0.0,"[174.0, 185.0, 176.0, 157.0, 148.0, 153.0, 156.0, 184.0, 185.0, 174.0]",13.07722282409668,0.0,-84.10543823242188,0.0005550384521484375,-26.115005493164062
1750932153.857808,0.0,0.0,"[174.0, 185.0, 176.0, 156.0, 148.0, 153.0, 156.0, 184.0, 185.0, 174.0]",13.18130111694336,0.0,-84.36721801757812,0.0005550384521484375,-26.146217346191406
1750932153.8846512,0.0,0.0,"[174.0, 185.0, 176.0, 156.0, 148.0, 153.0, 156.0, 184.0, 185.0, 174.0]",12.932372093200684,0.0,-84.6240234375,0.0005550384521484375,-26.177017211914062
1750932153.8962345,0.0,0.0,"[174.0, 185.0, 177.0, 156.0, 147.0, 153.0, 156.0, 184.0, 185.0, 174.0]",12.683845520019531,0.0,-84.87588500976562,0.0005550384521484375,-26.207275390625
1750932153.9227097,0.0,0.0,"[174.0, 185.0, 178.0, 156.0, 147.0, 153.0, 156.0, 184.0, 185.0, 174.0]",12.435715675354004,0.0,-85.12283325195312,0.0005550384521484375,-26.236953735351562
1750932153.9336588,0.0,0.5,"[174.0, 185.0, 178.0, 156.0, 147.0, 153.0, 156.0, 184.0, 185.0, 174.0]",12.187983512878418,0.0,-85.36483764648438,0.0005550384521484375,-26.266036987304688
1750932153.9602902,0.0,0.5,"[174.0, 185.0, 178.0, 156.0, 147.0, 153.0, 156.0, 184.0, 185.0, 174.0]",11.940646171569824,0.0,-85.60195922851562,0.0005550384521484375,-26.294532775878906
1750932153.971496,0.0,0.5,"[174.0, 185.0, 178.0, 156.0, 147.0, 153.0, 156.0, 184.0, 185.0, 174.0]",12.19056510925293,0.0,-85.84402465820312,0.0005550384521484375,-26.323623657226562
1750932153.9977431,0.0,0.5,"[174.0, 185.0, 178.0, 156.0, 147.0, 152.0, 156.0, 183.0, 185.0, 174.0]",11.839377403259277,0.0,-86.07913208007812,0.0005550384521484375,-26.35187530517578
1750932154.0242198,0.0,0.5,"[174.0, 185.0, 179.0, 155.0, 147.0, 152.0, 156.0, 183.0, 185.0, 174.0]",12.21493148803711,0.0,-86.32168579101562,0.0005550384521484375,-26.381027221679688
1750932154.0352187,0.0,0.5,"[174.0, 185.0, 179.0, 155.0, 147.0, 152.0, 156.0, 183.0, 185.0, 174.0]",12.273329734802246,0.0,-86.56539916992188,0.0005550384521484375,-26.410316467285156
1750932154.0618398,0.0,0.5,"[174.0, 185.0, 179.0, 155.0, 147.0, 152.0, 156.0, 183.0, 185.0, 174.0]",12.231548309326172,0.0,-86.80825805664062,0.0005550384521484375,-26.43950653076172
1750932154.0727782,0.0,0.5,"[174.0, 185.0, 179.0, 155.0, 147.0, 152.0, 156.0, 183.0, 185.0, 174.0]",12.150981903076172,0.0,-87.049560546875,0.0005550384521484375,-26.468505859375
1750932154.0978377,0.0,0.5,"[174.0, 185.0, 179.0, 155.0, 147.0, 152.0, 156.0, 183.0, 185.0, 174.0]",12.151483535766602,0.0,-87.29086303710938,0.0005550384521484375,-26.49750518798828
1750932154.1228843,0.0,0.5,"[174.0, 185.0, 179.0, 155.0, 146.0, 152.0, 156.0, 183.0, 185.0, 174.0]",12.582162857055664,0.0,-87.54067993164062,0.0005550384521484375,-26.52753448486328
1750932154.1335502,0.0,0.5,"[174.0, 185.0, 180.0, 155.0, 146.0, 152.0, 156.0, 183.0, 185.0, 174.0]",12.315531730651855,0.0,-87.78524780273438,0.0005550384521484375,-26.556930541992188
1750932154.1596715,0.0,0.5,"[174.0, 185.0, 180.0, 155.0, 146.0, 152.0, 156.0, 183.0, 185.0, 174.0]",12.629179000854492,0.0,-88.03604125976562,0.0005550384521484375,-26.587081909179688
1750932154.1709282,0.0,0.5,"[174.0, 185.0, 181.0, 154.0, 146.0, 152.0, 158.0, 181.0, 185.0, 174.0]",12.277295112609863,0.0,-88.27981567382812,0.0005550384521484375,-26.61638641357422
1750932154.1963856,0.0,0.5,"[174.0, 185.0, 181.0, 154.0, 146.0, 152.0, 158.0, 181.0, 185.0, 174.0]",12.58177661895752,0.0,-88.5296630859375,0.0005550384521484375,-26.646408081054688
1750932154.2221742,0.0,0.5,"[174.0, 185.0, 181.0, 154.0, 146.0, 152.0, 158.0, 181.0, 185.0, 174.0]",12.635798454284668,0.0,-88.78057861328125,0.0005550384521484375,-26.676536560058594
1750932154.23282,0.0,0.5,"[174.0, 185.0, 181.0, 154.0, 146.0, 152.0, 158.0, 181.0, 185.0, 174.0]",12.694622039794922,0.0,-89.03265380859375,0.0005550384521484375,-26.70677947998047
1750932154.2586162,0.0,0.5,"[174.0, 185.0, 181.0, 154.0, 146.0, 151.0, 175.0, 181.0, 185.0, 174.0]",12.64779281616211,0.0,-89.2838134765625,0.0005550384521484375,-26.736923217773438
1750932154.2767134,0.0,0.5,"[174.0, 185.0, 181.0, 154.0, 145.0, 151.0, 175.0, 181.0, 185.0, 174.0]",12.606949806213379,0.0,-89.53414916992188,0.0005550384521484375,-26.766860961914062
1750932154.302252,0.0,0.5,"[174.0, 185.0, 183.0, 153.0, 145.0, 151.0, 175.0, 181.0, 185.0, 174.0]",12.819604873657227,0.0,-89.78875732421875,0.0005550384521484375,-26.797203063964844
1750932154.3136418,0.0,0.5,"[174.0, 185.0, 183.0, 153.0, 145.0, 151.0, 175.0, 181.0, 185.0, 174.0]",12.90750503540039,0.0,-90.04507446289062,0.0005550384521484375,-26.82793426513672
1750932154.3384943,0.0,0.5,"[174.0, 185.0, 183.0, 153.0, 145.0, 151.0, 175.0, 180.0, 185.0, 174.0]",12.920233726501465,0.0,-90.3016357421875,0.0005550384521484375,-26.85875701904297
1750932154.3564901,0.0,0.5,"[174.0, 185.0, 183.0, 153.0, 145.0, 151.0, 175.0, 183.0, 185.0, 174.0]",12.865878105163574,0.0,-90.55709838867188,0.0005550384521484375,-26.88945770263672
1750932154.382902,0.0,0.5,"[174.0, 185.0, 183.0, 153.0, 145.0, 151.0, 175.0, 189.0, 185.0, 174.0]",12.858756065368652,0.0,-90.81246948242188,0.0005550384521484375,-26.920135498046875
1750932154.3938427,0.0,0.5,"[174.0, 185.0, 183.0, 153.0, 145.0, 151.0, 175.0, 225.0, 185.0, 174.0]",12.829514503479004,0.0,-91.06723022460938,0.0005550384521484375,-26.950714111328125
1750932154.418495,0.0,0.5,"[174.0, 185.0, 183.0, 153.0, 144.0, 151.0, 175.0, 179.0, 185.0, 174.0]",13.08325481414795,0.0,-91.3270263671875,0.0005550384521484375,-26.981857299804688
1750932154.4365952,0.0,0.5,"[174.0, 185.0, 183.0, 152.0, 144.0, 151.0, 175.0, 179.0, 185.0, 174.0]",12.895212173461914,0.0,-91.58309936523438,0.0005550384521484375,-27.01251983642578
1750932154.462243,0.0,0.5,"[174.0, 185.0, 183.0, 152.0, 144.0, 150.0, 174.0, 179.0, 185.0, 174.0]",13.099271774291992,0.0,-91.84317016601562,0.0005550384521484375,-27.043914794921875
1750932154.4732072,0.0,0.5,"[174.0, 185.0, 181.0, 152.0, 144.0, 150.0, 174.0, 179.0, 185.0, 174.0]",13.192078590393066,0.0,-92.10516357421875,0.0005550384521484375,-27.075286865234375
1750932154.4985435,0.0,0.5,"[174.0, 185.0, 181.0, 152.0, 144.0, 150.0, 174.0, 179.0, 185.0, 174.0]",13.065193176269531,0.0,-92.36456298828125,0.0005550384521484375,-27.106773376464844
1750932154.5173416,0.0,0.5,"[174.0, 185.0, 181.0, 152.0, 144.0, 150.0, 174.0, 180.0, 185.0, 174.0]",13.447676658630371,0.0,-92.63156127929688,0.0005550384521484375,-27.138938903808594
1750932154.542691,0.0,0.5,"[174.0, 185.0, 181.0, 151.0, 143.0, 150.0, 174.0, 180.0, 185.0, 174.0]",13.12075138092041,0.0,-92.89212036132812,0.0005550384521484375,-27.170211791992188
1750932154.5535538,0.0,0.5,"[174.0, 185.0, 180.0, 151.0, 143.0, 150.0, 174.0, 180.0, 185.0, 174.0]",13.484410285949707,0.0,-93.159912109375,0.0005550384521484375,-27.20220184326172
1750932154.5789356,0.0,0.5,"[174.0, 185.0, 179.0, 151.0, 143.0, 150.0, 174.0, 181.0, 185.0, 174.0]",13.362541198730469,0.0,-93.42526245117188,0.0005550384521484375,-27.23388671875
1750932154.5975556,0.0,0.5,"[174.0, 185.0, 179.0, 151.0, 143.0, 150.0, 174.0, 181.0, 185.0, 174.0]",13.533555030822754,0.0,-93.69400024414062,0.0005550384521484375,-27.266326904296875
1750932154.6225336,0.0,0.5,"[174.0, 185.0, 179.0, 151.0, 143.0, 150.0, 174.0, 181.0, 185.0, 174.0]",13.310311317443848,0.0,-93.95828247070312,0.0005550384521484375,-27.298080444335938
1750932154.6327093,0.0,0.5,"[174.0, 185.0, 179.0, 151.0, 142.0, 149.0, 174.0, 181.0, 185.0, 174.0]",13.481468200683594,0.0,-94.2259521484375,0.0005550384521484375,-27.33057403564453
1750932154.657595,0.0,0.5,"[174.0, 185.0, 178.0, 149.0, 142.0, 149.0, 174.0, 181.0, 185.0, 174.0]",13.687138557434082,0.0,-94.49774169921875,0.0005550384521484375,-27.363372802734375
1750932154.6828516,0.0,0.5,"[174.0, 185.0, 178.0, 149.0, 142.0, 149.0, 174.0, 181.0, 185.0, 174.0]",13.542964935302734,0.0,-94.76669311523438,0.0005550384521484375,-27.39551544189453
1750932154.6935313,0.0,0.5,"[174.0, 185.0, 178.0, 149.0, 142.0, 149.0, 174.0, 181.0, 185.0, 174.0]",13.695247650146484,0.0,-95.03860473632812,0.0005550384521484375,-27.42816925048828
1750932154.719036,0.0,0.5,"[174.0, 185.0, 177.0, 149.0, 142.0, 149.0, 174.0, 181.0, 185.0, 174.0]",13.512171745300293,0.0,-95.30697631835938,0.0005550384521484375,-27.460098266601562
1750932154.737041,0.0,0.5,"[174.0, 185.0, 176.0, 149.0, 142.0, 149.0, 173.0, 181.0, 185.0, 174.0]",13.884786605834961,0.0,-95.58273315429688,0.0005550384521484375,-27.493026733398438
1750932154.7630186,0.0,0.5,"[174.0, 185.0, 176.0, 148.0, 141.0, 149.0, 173.0, 183.0, 185.0, 174.0]",13.717486381530762,0.0,-95.85513305664062,0.0005550384521484375,-27.525604248046875
1750932154.773777,0.0,0.5,"[174.0, 185.0, 176.0, 148.0, 141.0, 148.0, 173.0, 183.0, 185.0, 174.0]",13.890591621398926,0.0,-96.13088989257812,0.0005550384521484375,-27.558944702148438
1750932154.7992015,0.0,0.5,"[174.0, 185.0, 175.0, 148.0, 141.0, 148.0, 173.0, 184.0, 185.0, 174.0]",13.727617263793945,0.0,-96.40353393554688,0.0005550384521484375,-27.591598510742188
1750932154.8098636,0.0,0.5,"[174.0, 185.0, 175.0, 147.0, 141.0, 148.0, 173.0, 186.0, 185.0, 174.0]",13.90713882446289,0.0,-96.67965698242188,0.0005550384521484375,-27.624786376953125
1750932154.8422,0.0,0.5,"[174.0, 185.0, 175.0, 147.0, 140.0, 148.0, 173.0, 187.0, 185.0, 174.0]",13.976189613342285,0.0,-96.95724487304688,0.0005550384521484375,-27.6578369140625
1750932154.8529003,0.0,0.5,"[174.0, 185.0, 173.0, 147.0, 140.0, 148.0, 173.0, 189.0, 185.0, 174.0]",13.97842025756836,0.0,-97.23477172851562,0.0005550384521484375,-27.69141387939453
1750932154.8778126,0.0,0.5,"[174.0, 185.0, 173.0, 146.0, 140.0, 148.0, 173.0, 190.0, 185.0, 174.0]",13.929899215698242,0.0,-97.51144409179688,0.0005550384521484375,-27.724365234375
1750932154.9034598,0.0,0.5,"[174.0, 185.0, 173.0, 146.0, 140.0, 147.0, 173.0, 192.0, 185.0, 174.0]",14.095271110534668,0.0,-97.79129028320312,0.0005550384521484375,-27.758163452148438
1750932154.9150124,0.0,0.5,"[174.0, 185.0, 172.0, 146.0, 139.0, 147.0, 173.0, 194.0, 185.0, 174.0]",14.14963150024414,0.0,-98.07229614257812,0.0005550384521484375,-27.791847229003906
1750932154.9402554,-1.0,0.5,"[174.0, 185.0, 172.0, 145.0, 139.0, 147.0, 171.0, 195.0, 185.0, 174.0]",14.281167030334473,0.0,-98.35586547851562,0.0005550384521484375,-27.825759887695312
1750932154.9500782,-1.0,0.5,"[174.0, 185.0, 172.0, 145.0, 139.0, 147.0, 171.0, 195.0, 185.0, 174.0]",13.894596099853516,-0.5,-98.62936401367188,0.0005550384521484375,-27.87499237060547
1750932154.9827597,-1.0,0.5,"[174.0, 185.0, 173.0, 146.0, 140.0, 147.0, 173.0, 192.0, 185.0, 174.0]",13.832025527954102,-0.5,-98.89804077148438,0.0005550384521484375,-27.941055297851562
1750932154.9941225,-1.0,0.5,"[174.0, 185.0, 175.0, 147.0, 140.0, 148.0, 173.0, 189.0, 185.0, 174.0]",13.554710388183594,-0.5,-99.15682983398438,0.0005550384521484375,-28.021751403808594
1750932155.0194998,-1.0,0.5,"[174.0, 185.0, 176.0, 147.0, 141.0, 148.0, 173.0, 186.0, 185.0, 174.0]",13.748723983764648,-0.5,-99.41586303710938,0.0005550384521484375,-28.113998413085938
1750932155.0302725,0.0,0.5,"[174.0, 185.0, 178.0, 148.0, 142.0, 149.0, 173.0, 183.0, 185.0, 174.0]",13.727578163146973,-0.5,-99.67153930664062,0.0005550384521484375,-28.21399688720703
1750932155.056444,0.0,0.5,"[174.0, 185.0, 178.0, 149.0, 142.0, 149.0, 173.0, 181.0, 185.0, 174.0]",13.634404182434082,0.0,-99.93032836914062,0.0005550384521484375,-28.300064086914062
1750932155.0827181,0.0,0.5,"[174.0, 185.0, 178.0, 149.0, 142.0, 149.0, 173.0, 181.0, 185.0, 174.0]",13.67595100402832,0.0,-100.19400024414062,0.0005550384521484375,-28.372596740722656
1750932155.094445,0.0,0.5,"[174.0, 185.0, 177.0, 148.0, 142.0, 149.0, 173.0, 183.0, 185.0, 174.0]",13.858317375183105,0.0,-100.46249389648438,0.0005550384521484375,-28.44152069091797
1750932155.1204207,0.0,0.5,"[174.0, 185.0, 176.0, 148.0, 142.0, 149.0, 173.0, 184.0, 185.0, 174.0]",13.72940444946289,0.0,-100.72854614257812,0.0005550384521484375,-28.509445190429688
1750932155.131286,0.0,0.5,"[174.0, 185.0, 176.0, 148.0, 141.0, 149.0, 173.0, 184.0, 185.0, 174.0]",13.90561294555664,0.0,-100.99807739257812,0.0005550384521484375,-28.577980041503906
1750932155.1571486,0.0,0.5,"[174.0, 185.0, 176.0, 147.0, 141.0, 148.0, 173.0, 186.0, 185.0, 174.0]",13.721511840820312,0.0,-101.26400756835938,0.0005550384521484375,-28.645790100097656
1750932155.1834404,0.0,0.5,"[174.0, 185.0, 175.0, 147.0, 141.0, 148.0, 173.0, 187.0, 185.0, 174.0]",14.044877052307129,0.0,-101.53622436523438,0.0005550384521484375,-28.715042114257812
1750932155.1947293,0.0,0.5,"[174.0, 185.0, 175.0, 147.0, 141.0, 148.0, 173.0, 188.0, 185.0, 174.0]",13.718416213989258,0.0,-101.80215454101562,0.0005550384521484375,-28.782669067382812
1750932155.2208,0.0,0.5,"[174.0, 185.0, 173.0, 147.0, 140.0, 148.0, 173.0, 190.0, 185.0, 174.0]",14.045928001403809,0.0,-102.07443237304688,0.0005550384521484375,-28.85174560546875
1750932155.2314758,0.0,0.5,"[174.0, 185.0, 173.0, 147.0, 140.0, 148.0, 171.0, 193.0, 185.0, 174.0]",14.006990432739258,0.0,-102.34597778320312,0.0005550384521484375,-28.920631408691406
1750932155.257921,0.0,0.5,"[174.0, 185.0, 173.0, 146.0, 140.0, 148.0, 171.0, 196.0, 185.0, 174.0]",14.021917343139648,0.0,-102.61776733398438,0.0005550384521484375,-28.989646911621094
1750932155.2838366,0.0,0.5,"[174.0, 185.0, 172.0, 146.0, 140.0, 147.0, 171.0, 197.0, 185.0, 174.0]",14.187594413757324,0.0,-102.89279174804688,0.0005550384521484375,-29.059532165527344
1750932155.294786,0.0,0.5,"[174.0, 185.0, 172.0, 146.0, 139.0, 147.0, 171.0, 227.0, 185.0, 174.0]",14.06641960144043,0.0,-103.16537475585938,0.0005550384521484375,-29.129043579101562
1750932155.3206522,0.0,0.5,"[174.0, 185.0, 172.0, 145.0, 139.0, 147.0, 171.0, 227.0, 185.0, 174.0]",14.25671100616455,0.0,-103.44180297851562,0.0005550384521484375,-29.19915771484375
1750932155.331018,0.0,0.5,"[174.0, 185.0, 170.0, 145.0, 139.0, 147.0, 171.0, 227.0, 185.0, 174.0]",14.226604461669922,0.0,-103.71749877929688,0.0005550384521484375,-29.269332885742188
1750932155.356334,0.0,0.5,"[174.0, 185.0, 170.0, 145.0, 138.0, 146.0, 171.0, 227.0, 185.0, 174.0]",14.464964866638184,0.0,-103.99789428710938,0.0005550384521484375,-29.340667724609375
1750932155.3814783,0.0,0.5,"[174.0, 185.0, 170.0, 144.0, 138.0, 146.0, 171.0, 227.0, 185.0, 174.0]",14.229397773742676,0.0,-104.27371215820312,0.0005550384521484375,-29.410675048828125
1750932155.3928683,0.0,0.5,"[174.0, 185.0, 169.0, 144.0, 138.0, 146.0, 171.0, 227.0, 185.0, 174.0]",14.491048812866211,0.0,-104.55459594726562,0.0005550384521484375,-29.482070922851562
1750932155.418004,0.0,0.5,"[174.0, 185.0, 169.0, 143.0, 138.0, 146.0, 171.0, 227.0, 185.0, 174.0]",14.318954467773438,0.0,-104.83218383789062,0.0005550384521484375,-29.55242156982422
1750932155.4429765,0.0,0.5,"[174.0, 185.0, 167.0, 143.0, 137.0, 146.0, 171.0, 227.0, 185.0, 174.0]",14.511486053466797,0.0,-105.11349487304688,0.0005550384521484375,-29.62396240234375
1750932155.4540489,0.0,0.5,"[174.0, 185.0, 167.0, 143.0, 137.0, 145.0, 170.0, 227.0, 185.0, 174.0]",14.603116989135742,0.0,-105.39657592773438,0.0005550384521484375,-29.69580078125
1750932155.4783926,0.0,0.5,"[174.0, 185.0, 166.0, 141.0, 136.0, 145.0, 170.0, 227.0, 185.0, 174.0]",14.361771583557129,0.0,-105.67495727539062,0.0005550384521484375,-29.766616821289062
1750932155.4960947,0.0,0.5,"[174.0, 185.0, 165.0, 141.0, 136.0, 145.0, 170.0, 227.0, 185.0, 174.0]",14.548656463623047,0.0,-105.95700073242188,0.0005550384521484375,-29.838088989257812
1750932155.5208256,0.0,0.5,"[174.0, 185.0, 165.0, 140.0, 136.0, 145.0, 170.0, 227.0, 185.0, 174.0]",14.800345420837402,0.0,-106.24386596679688,0.0005550384521484375,-29.910980224609375
1750932155.5310671,0.0,0.5,"[174.0, 185.0, 164.0, 140.0, 136.0, 144.0, 170.0, 227.0, 185.0, 174.0]",14.694853782653809,0.0,-106.52877807617188,0.0005550384521484375,-29.983192443847656
1750932155.5621607,-1.0,0.5,"[174.0, 185.0, 164.0, 139.0, 135.0, 144.0, 170.0, 227.0, 185.0, 174.0]",14.880178451538086,0.0,-106.81723022460938,0.0005550384521484375,-30.056503295898438
1750932155.5723724,-1.0,0.5,"[174.0, 185.0, 164.0, 139.0, 135.0, 144.0, 170.0, 227.0, 185.0, 174.0]",14.412938117980957,-0.5,-107.09255981445312,0.0005550384521484375,-30.141883850097656
1750932155.5975368,-1.0,0.5,"[174.0, 185.0, 164.0, 140.0, 136.0, 144.0, 170.0, 227.0, 185.0, 174.0]",14.315394401550293,-0.5,-107.35983276367188,0.0005550384521484375,-30.24451446533203
1750932155.6223195,-1.0,0.5,"[174.0, 185.0, 165.0, 141.0, 136.0, 145.0, 170.0, 227.0, 185.0, 174.0]",14.158260345458984,-0.5,-107.61807250976562,0.0005550384521484375,-30.36071014404297
1750932155.6333008,-1.0,0.5,"[174.0, 185.0, 167.0, 141.0, 137.0, 146.0, 170.0, 227.0, 185.0, 174.0]",14.217123031616211,-0.5,-107.87161254882812,0.0005550384521484375,-30.489395141601562
1750932155.6580367,-1.0,0.5,"[174.0, 185.0, 169.0, 143.0, 138.0, 146.0, 170.0, 227.0, 185.0, 174.0]",14.249974250793457,-0.5,-108.12197875976562,0.0005550384521484375,-30.625595092773438
1750932155.6834252,-1.0,0.5,"[174.0, 185.0, 170.0, 145.0, 139.0, 147.0, 170.0, 227.0, 185.0, 174.0]",14.360681533813477,-0.5,-108.36990356445312,0.0005550384521484375,-30.770484924316406
1750932155.6948154,-1.0,0.5,"[174.0, 185.0, 171.0, 146.0, 140.0, 148.0, 171.0, 227.0, 185.0, 174.0]",14.188179016113281,-0.5,-108.61099243164062,0.0005550384521484375,-30.920211791992188
1750932155.7243073,0.0,0.5,"[174.0, 185.0, 172.0, 147.0, 141.0, 148.0, 171.0, 227.0, 185.0, 174.0]",14.374734878540039,-0.5,-108.85043334960938,0.0005550384521484375,-31.079345703125
1750932155.737166,0.0,0.5,"[174.0, 185.0, 173.0, 147.0, 141.0, 148.0, 171.0, 227.0, 185.0, 174.0]",14.273598670959473,0.0,-109.09555053710938,0.0005550384521484375,-31.22565460205078
1750932155.7671528,0.0,0.5,"[174.0, 185.0, 173.0, 147.0, 141.0, 148.0, 171.0, 227.0, 185.0, 174.0]",14.242727279663086,0.0,-109.34829711914062,0.0005550384521484375,-31.356971740722656
1750932155.779938,0.0,0.5,"[174.0, 185.0, 172.0, 147.0, 141.0, 148.0, 171.0, 227.0, 185.0, 174.0]",14.341506958007812,0.0,-109.60440063476562,0.0005550384521484375,-31.486236572265625
1750932155.791919,0.0,0.5,"[174.0, 185.0, 172.0, 146.0, 140.0, 148.0, 171.0, 227.0, 185.0, 174.0]",14.142577171325684,0.0,-109.85690307617188,0.0005550384521484375,-31.613609313964844
1750932155.820722,0.0,0.0,"[174.0, 185.0, 172.0, 146.0, 140.0, 148.0, 170.0, 227.0, 185.0, 174.0]",14.500483512878418,0.0,-110.11593627929688,0.0005550384521484375,-31.744041442871094
1750932155.8319643,0.0,0.0,"[174.0, 185.0, 171.0, 145.0, 140.0, 147.0, 170.0, 227.0, 185.0, 174.0]",14.276705741882324,0.0,-110.37100219726562,0.0005550384521484375,-31.872474670410156
1750932155.8601954,0.0,0.0,"[174.0, 185.0, 170.0, 145.0, 139.0, 147.0, 170.0, 227.0, 185.0, 174.0]",14.026009559631348,0.0,-110.62167358398438,0.0005550384521484375,-31.998321533203125
1750932155.8718936,0.0,0.0,"[174.0, 185.0, 170.0, 145.0, 139.0, 147.0, 170.0, 227.0, 185.0, 174.0]",13.77573013305664,0.0,-110.86795043945312,0.0005550384521484375,-32.12181091308594
1750932155.9002092,0.0,0.0,"[174.0, 185.0, 170.0, 145.0, 139.0, 147.0, 170.0, 227.0, 185.0, 174.0]",13.52585220336914,0.0,-111.10977172851562,0.0005550384521484375,-32.2430419921875
1750932155.9122353,0.0,0.0,"[174.0, 185.0, 169.0, 144.0, 139.0, 147.0, 170.0, 227.0, 185.0, 174.0]",13.276375770568848,0.0,-111.34719848632812,0.0005550384521484375,-32.36201477050781
1750932155.9401057,0.0,0.0,"[174.0, 185.0, 169.0, 144.0, 138.0, 146.0, 170.0, 227.0, 185.0, 174.0]",13.027297973632812,0.0,-111.58010864257812,0.0005550384521484375,-32.478759765625
1750932155.951738,0.0,0.0,"[174.0, 185.0, 169.0, 144.0, 138.0, 146.0, 170.0, 227.0, 185.0, 174.0]",12.778617858886719,0.0,-111.80856323242188,0.0005550384521484375,-32.59327697753906
1750932155.9806995,0.0,0.0,"[174.0, 185.0, 168.0, 143.0, 138.0, 146.0, 169.0, 227.0, 185.0, 174.0]",12.530335426330566,0.0,-112.03262329101562,0.0005550384521484375,-32.70557403564453
1750932155.9929376,-1.0,0.0,"[174.0, 185.0, 167.0, 143.0, 137.0, 146.0, 169.0, 227.0, 185.0, 174.0]",12.282451629638672,0.0,-112.25222778320312,0.0005550384521484375,-32.815643310546875
1750932156.0214133,-1.0,0.5,"[174.0, 185.0, 168.0, 143.0, 138.0, 146.0, 169.0, 227.0, 185.0, 174.0]",11.747732162475586,-0.5,-112.45388793945312,0.00055694580078125,-32.936187744140625
1750932156.0333455,-1.0,0.5,"[174.0, 185.0, 169.0, 144.0, 138.0, 146.0, 169.0, 227.0, 185.0, 174.0]",11.292767524719238,-0.5,-112.63638305664062,0.00055694580078125,-33.069305419921875
1750932156.0620282,-1.0,0.5,"[174.0, 185.0, 170.0, 145.0, 139.0, 147.0, 170.0, 227.0, 185.0, 174.0]",11.501642227172852,-0.5,-112.81661987304688,0.00055694580078125,-33.212242126464844
1750932156.074298,-1.0,0.5,"[174.0, 185.0, 172.0, 146.0, 140.0, 148.0, 170.0, 227.0, 185.0, 174.0]",11.29021167755127,-0.5,-112.99002075195312,0.00055694580078125,-33.35681915283203
1750932156.1031628,-1.0,0.5,"[174.0, 185.0, 172.0, 147.0, 140.0, 148.0, 170.0, 226.0, 185.0, 174.0]",11.499303817749023,-0.5,-113.16348266601562,0.00055694580078125,-33.50787353515625
1750932156.1154432,-1.0,0.5,"[174.0, 185.0, 173.0, 147.0, 141.0, 148.0, 170.0, 226.0, 185.0, 174.0]",11.278278350830078,-0.5,-113.32962036132812,0.00055694580078125,-33.66046142578125
1750932156.1445873,-1.0,0.5,"[174.0, 185.0, 175.0, 148.0, 142.0, 148.0, 170.0, 226.0, 185.0, 174.0]",11.433625221252441,-0.5,-113.49484252929688,0.00055694580078125,-33.818511962890625
1750932156.1564667,-1.0,0.5,"[174.0, 185.0, 176.0, 149.0, 142.0, 148.0, 170.0, 226.0, 185.0, 174.0]",11.641120910644531,-0.5,-113.65982055664062,0.00055694580078125,-33.98277282714844
1750932156.1854095,-1.0,0.5,"[174.0, 185.0, 178.0, 151.0, 143.0, 149.0, 170.0, 226.0, 185.0, 174.0]",11.511191368103027,-0.5,-113.81784057617188,0.00055694580078125,-34.150245666503906
1750932156.1977472,-1.0,0.5,"[174.0, 185.0, 179.0, 151.0, 144.0, 149.0, 170.0, 226.0, 185.0, 174.0]",11.649514198303223,-0.5,-113.97482299804688,0.00055694580078125,-34.32240295410156
1750932156.2265506,-1.0,0.5,"[174.0, 185.0, 181.0, 152.0, 144.0, 149.0, 170.0, 226.0, 185.0, 174.0]",11.655462265014648,-0.5,-114.12734985351562,0.00055694580078125,-34.49867248535156
1750932156.238296,-1.0,0.5,"[174.0, 185.0, 183.0, 153.0, 145.0, 149.0, 170.0, 226.0, 185.0, 174.0]",11.634469032287598,-0.5,-114.27578735351562,0.00055694580078125,-34.677886962890625
1750932156.2589326,0.0,0.5,"[174.0, 185.0, 184.0, 154.0, 145.0, 149.0, 170.0, 226.0, 185.0, 174.0]",11.728291511535645,-0.5,-114.42031860351562,0.00055694580078125,-34.86261749267578
1750932156.279677,0.0,0.5,"[174.0, 185.0, 184.0, 154.0, 146.0, 149.0, 170.0, 226.0, 185.0, 174.0]",11.594422340393066,0.0,-114.57632446289062,0.00055694580078125,-35.034210205078125
1750932156.291883,0.0,0.5,"[174.0, 185.0, 184.0, 154.0, 145.0, 149.0, 170.0, 226.0, 185.0, 174.0]",11.727749824523926,0.0,-114.74362182617188,0.00055694580078125,-35.19856262207031
1750932156.3208048,0.0,0.0,"[174.0, 185.0, 184.0, 154.0, 145.0, 149.0, 170.0, 226.0, 185.0, 174.0]",11.737870216369629,0.0,-114.91281127929688,0.00055694580078125,-35.361328125
1750932156.3329,0.0,0.0,"[174.0, 185.0, 184.0, 154.0, 145.0, 149.0, 170.0, 226.0, 185.0, 174.0]",11.771719932556152,0.0,-115.08248901367188,0.00055694580078125,-35.5245361328125
1750932156.3621902,0.0,0.0,"[174.0, 185.0, 184.0, 153.0, 145.0, 149.0, 170.0, 226.0, 185.0, 174.0]",11.525044441223145,0.0,-115.24862670898438,0.00055694580078125,-35.68434143066406
1750932156.3741345,0.0,0.0,"[174.0, 185.0, 184.0, 153.0, 145.0, 149.0, 170.0, 226.0, 185.0, 174.0]",11.278769493103027,0.0,-115.41116333007812,0.00055694580078125,-35.840728759765625
1750932156.4035149,0.0,0.0,"[174.0, 185.0, 183.0, 153.0, 145.0, 149.0, 170.0, 226.0, 185.0, 174.0]",11.032882690429688,0.0,-115.57022094726562,0.00055694580078125,-35.99371337890625
1750932156.4159396,0.0,0.0,"[174.0, 185.0, 183.0, 153.0, 145.0, 148.0, 170.0, 226.0, 185.0, 174.0]",10.78740406036377,0.0,-115.72567749023438,0.00055694580078125,-36.14329528808594
1750932156.4450905,0.0,0.0,"[174.0, 185.0, 183.0, 153.0, 144.0, 148.0, 170.0, 226.0, 185.0, 174.0]",10.542312622070312,0.0,-115.87759399414062,0.0005550384521484375,-36.28947448730469
1750932156.4571998,0.0,0.0,"[174.0, 185.0, 183.0, 153.0, 144.0, 148.0, 170.0, 225.0, 185.0, 174.0]",10.297607421875,0.0,-116.02603149414062,0.0005550384521484375,-36.43225860595703
1750932156.486529,-1.0,0.0,"[174.0, 185.0, 183.0, 153.0, 144.0, 148.0, 170.0, 225.0, 185.0, 174.0]",10.053289413452148,0.0,-116.17092895507812,0.0005550384521484375,-36.5716552734375
1750932156.4991715,-1.0,0.5,"[174.0, 185.0, 183.0, 153.0, 144.0, 148.0, 170.0, 225.0, 185.0, 174.0]",9.529834747314453,-0.5,-116.29562377929688,0.0005550384521484375,-36.71580505371094
1750932156.5114956,-1.0,0.5,"[174.0, 185.0, 184.0, 154.0, 145.0, 148.0, 170.0, 225.0, 185.0, 174.0]",9.109403610229492,-0.5,-116.39883422851562,0.0005550384521484375,-36.86592102050781
1750932156.5405934,-1.0,0.5,"[174.0, 185.0, 186.0, 155.0, 145.0, 149.0, 170.0, 225.0, 185.0, 174.0]",9.541621208190918,-0.5,-116.50650024414062,0.0005550384521484375,-37.023529052734375
1750932156.5527437,-1.0,0.5,"[174.0, 185.0, 186.0, 155.0, 145.0, 149.0, 170.0, 225.0, 185.0, 174.0]",9.270413398742676,-0.5,-116.60775756835938,0.0005550384521484375,-37.17882537841797
1750932156.5826223,-1.0,0.5,"[174.0, 185.0, 187.0, 156.0, 146.0, 149.0, 170.0, 225.0, 185.0, 174.0]",9.556254386901855,-0.5,-116.70895385742188,0.0005550384521484375,-37.340972900390625
1750932156.5946794,-1.0,0.5,"[174.0, 185.0, 188.0, 156.0, 146.0, 149.0, 170.0, 225.0, 185.0, 174.0]",9.267476081848145,-0.5,-116.80410766601562,0.0005550384521484375,-37.500022888183594
1750932156.624103,-1.0,0.5,"[174.0, 185.0, 189.0, 157.0, 146.0, 149.0, 170.0, 225.0, 185.0, 174.0]",9.563501358032227,-0.5,-116.89926147460938,0.00055694580078125,-37.66594696044922
1750932156.6373746,-1.0,0.5,"[174.0, 185.0, 190.0, 158.0, 146.0, 149.0, 170.0, 225.0, 185.0, 174.0]",9.464929580688477,-0.5,-116.99087524414062,0.00055694580078125,-37.831573486328125
1750932156.6678014,-1.0,0.5,"[174.0, 185.0, 192.0, 159.0, 146.0, 149.0, 169.0, 225.0, 185.0, 174.0]",9.647496223449707,-0.5,-117.07986450195312,0.00055694580078125,-38.0028076171875
1750932156.6797166,-1.0,0.5,"[174.0, 185.0, 192.0, 159.0, 146.0, 149.0, 169.0, 200.0, 185.0, 174.0]",9.427685737609863,-0.5,-117.16494750976562,0.00055694580078125,-38.171058654785156
1750932156.6921067,-1.0,0.5,"[174.0, 185.0, 193.0, 160.0, 146.0, 149.0, 169.0, 197.0, 185.0, 174.0]",9.504834175109863,-0.5,-117.24551391601562,0.00055694580078125,-38.343231201171875
1750932156.7226496,-1.0,0.0,"[174.0, 185.0, 195.0, 160.0, 147.0, 149.0, 169.0, 193.0, 185.0, 174.0]",9.828670501708984,-0.5,-117.32656860351562,0.00055694580078125,-38.522308349609375
1750932156.73553,-1.0,0.0,"[174.0, 185.0, 197.0, 161.0, 147.0, 149.0, 169.0, 189.0, 185.0, 174.0]",9.593406677246094,-0.5,-117.40188598632812,0.00055694580078125,-38.69879150390625
1750932156.7668338,-1.0,0.0,"[174.0, 185.0, 197.0, 161.0, 147.0, 149.0, 169.0, 186.0, 185.0, 174.0]",9.340697288513184,-0.5,-117.47189331054688,0.00055694580078125,-38.871986389160156
1750932156.77977,-1.0,0.0,"[174.0, 185.0, 198.0, 161.0, 147.0, 150.0, 169.0, 183.0, 185.0, 174.0]",9.094629287719727,-0.5,-117.53677368164062,0.0005588531494140625,-39.04191589355469
1750932156.7925594,-1.0,0.0,"[174.0, 185.0, 200.0, 162.0, 147.0, 150.0, 169.0, 179.0, 185.0, 174.0]",8.846906661987305,-0.5,-117.59677124023438,0.00055694580078125,-39.2083740234375
1750932156.8237329,-1.0,0.0,"[174.0, 185.0, 200.0, 162.0, 148.0, 150.0, 169.0, 176.0, 185.0, 174.0]",8.600625038146973,-0.5,-117.65213012695312,0.00055694580078125,-39.37123107910156
1750932156.8369775,-1.0,0.0,"[174.0, 185.0, 201.0, 162.0, 148.0, 150.0, 169.0, 173.0, 185.0, 174.0]",8.354487419128418,-0.5,-117.70315551757812,0.00055694580078125,-39.53034973144531
1750932156.8691344,-1.0,0.0,"[174.0, 185.0, 201.0, 162.0, 148.0, 150.0, 169.0, 171.0, 185.0, 174.0]",8.109086990356445,-0.5,-117.74996948242188,0.00055694580078125,-39.68562316894531
1750932156.883074,-1.0,0.0,"[174.0, 185.0, 202.0, 162.0, 148.0, 150.0, 169.0, 167.0, 185.0, 174.0]",7.8640851974487305,-0.5,-117.79281616210938,0.00055694580078125,-39.836944580078125
1750932156.8960054,-1.0,0.0,"[174.0, 185.0, 203.0, 162.0, 148.0, 150.0, 169.0, 166.0, 185.0, 174.0]",7.619645118713379,-0.5,-117.83200073242188,0.00055694580078125,-39.984222412109375
1750932156.9289944,-1.0,0.5,"[174.0, 185.0, 203.0, 162.0, 148.0, 150.0, 169.0, 164.0, 185.0, 174.0]",7.375680446624756,-0.5,-117.86770629882812,0.00055694580078125,-40.127349853515625
1750932156.9424372,-1.0,0.5,"[174.0, 185.0, 204.0, 163.0, 148.0, 150.0, 169.0, 162.0, 185.0, 174.0]",7.1322197914123535,-0.5,-117.90011596679688,0.00055694580078125,-40.266265869140625
1750932156.955822,-1.0,0.5,"[174.0, 185.0, 205.0, 163.0, 148.0, 150.0, 169.0, 161.0, 185.0, 174.0]",7.516185760498047,-0.5,-117.93222045898438,0.00055694580078125,-40.413116455078125
1750932156.9873044,-1.0,0.5,"[174.0, 185.0, 206.0, 163.0, 148.0, 149.0, 169.0, 159.0, 185.0, 174.0]",7.2801079750061035,-0.5,-117.96096801757812,0.00055694580078125,-40.55584716796875
1750932157.0002053,-1.0,0.5,"[174.0, 185.0, 206.0, 163.0, 148.0, 149.0, 169.0, 156.0, 185.0, 174.0]",7.633599758148193,-0.5,-117.98916625976562,0.00055694580078125,-40.705902099609375
1750932157.0132718,0.0,0.5,"[174.0, 185.0, 207.0, 163.0, 148.0, 149.0, 169.0, 155.0, 185.0, 174.0]",7.39206075668335,-0.5,-118.01394653320312,0.00055694580078125,-40.85163879394531
1750932157.045369,0.0,0.5,"[174.0, 185.0, 207.0, 163.0, 148.0, 149.0, 169.0, 155.0, 185.0, 174.0]",7.57668924331665,0.0,-118.05508422851562,0.00055694580078125,-40.99749755859375
1750932157.0584931,0.0,0.5,"[174.0, 185.0, 207.0, 163.0, 148.0, 149.0, 169.0, 155.0, 185.0, 174.0]",7.318757057189941,0.0,-118.10696411132812,0.00055694580078125,-41.134368896484375
1750932157.0814846,0.0,0.5,"[174.0, 185.0, 207.0, 163.0, 148.0, 149.0, 169.0, 155.0, 185.0, 174.0]",7.6918816566467285,0.0,-118.15426635742188,0.00055694580078125,-41.28076171875
1750932157.0944405,0.0,0.5,"[174.0, 185.0, 207.0, 163.0, 148.0, 149.0, 169.0, 155.0, 185.0, 174.0]",7.627621650695801,0.0,-118.20486450195312,0.00055694580078125,-41.42467498779297
1750932157.126249,0.0,0.5,"[174.0, 185.0, 207.0, 163.0, 148.0, 149.0, 169.0, 155.0, 185.0, 174.0]",7.734655380249023,0.0,-118.25436401367188,0.00055694580078125,-41.57122802734375
1750932157.139507,0.0,0.5,"[174.0, 185.0, 207.0, 163.0, 148.0, 149.0, 169.0, 156.0, 185.0, 174.0]",7.657614231109619,0.0,-118.30404663085938,0.00055694580078125,-41.716094970703125
1750932157.1524613,0.0,0.5,"[174.0, 185.0, 207.0, 163.0, 148.0, 149.0, 169.0, 158.0, 185.0, 174.0]",7.752171039581299,0.0,-118.35415649414062,0.00055694580078125,-41.862823486328125
1750932157.1846516,0.0,0.5,"[174.0, 185.0, 207.0, 163.0, 148.0, 149.0, 169.0, 159.0, 185.0, 174.0]",7.670157432556152,0.0,-118.40371704101562,0.00055694580078125,-42.00800323486328
1750932157.1976988,0.0,0.5,"[174.0, 185.0, 207.0, 163.0, 148.0, 149.0, 169.0, 160.0, 185.0, 174.0]",8.089847564697266,0.0,-118.45614624023438,0.00055694580078125,-42.16105651855469
1750932157.2300885,0.0,0.5,"[174.0, 185.0, 206.0, 163.0, 148.0, 149.0, 168.0, 161.0, 185.0, 174.0]",7.849077224731445,0.0,-118.50692749023438,0.00055694580078125,-42.309608459472656
1750932157.2436163,0.0,0.5,"[174.0, 185.0, 206.0, 163.0, 147.0, 149.0, 168.0, 162.0, 185.0, 174.0]",8.176236152648926,0.0,-118.55984497070312,0.00055694580078125,-42.464324951171875
1750932157.2564316,0.0,0.5,"[174.0, 185.0, 206.0, 162.0, 147.0, 149.0, 168.0, 162.0, 185.0, 174.0]",7.935311794281006,0.0,-118.61105346679688,0.0005550384521484375,-42.614532470703125
1750932157.2884417,0.0,0.5,"[174.0, 185.0, 206.0, 162.0, 147.0, 148.0, 168.0, 164.0, 185.0, 174.0]",8.266904830932617,0.0,-118.66458129882812,0.0005550384521484375,-42.77098846435547
1750932157.3016324,0.0,0.5,"[174.0, 185.0, 206.0, 162.0, 147.0, 148.0, 168.0, 164.0, 185.0, 174.0]",8.015597343444824,0.0,-118.71646118164062,0.0005550384521484375,-42.92265319824219
1750932157.3148613,0.0,0.5,"[174.0, 185.0, 206.0, 162.0, 147.0, 148.0, 168.0, 165.0, 185.0, 174.0]",8.402779579162598,0.0,-118.77090454101562,0.0005550384521484375,-43.0816650390625
1750932157.3461752,0.0,0.5,"[174.0, 185.0, 206.0, 162.0, 147.0, 148.0, 168.0, 166.0, 185.0, 174.0]",8.108759880065918,0.0,-118.82339477539062,0.0005550384521484375,-43.23511505126953
1750932157.3591785,-1.0,0.5,"[174.0, 185.0, 206.0, 162.0, 147.0, 148.0, 168.0, 167.0, 185.0, 174.0]",8.302454948425293,0.0,-118.87716674804688,0.0005550384521484375,-43.39219665527344
1750932157.3717558,-1.0,0.5,"[174.0, 185.0, 206.0, 162.0, 147.0, 148.0, 168.0, 166.0, 185.0, 174.0]",7.97167444229126,-0.5,-118.91439819335938,0.0005550384521484375,-43.54723358154297
1750932157.4041061,-1.0,0.5,"[174.0, 185.0, 206.0, 162.0, 147.0, 148.0, 168.0, 163.0, 185.0, 174.0]",8.169753074645996,-0.5,-118.93222045898438,0.0005550384521484375,-43.70965576171875
1750932157.41704,-1.0,0.5,"[174.0, 185.0, 206.0, 163.0, 147.0, 148.0, 168.0, 161.0, 185.0, 174.0]",8.132246971130371,-0.5,-118.95297241210938,0.0005550384521484375,-43.87096405029297
1750932157.4484305,0.0,0.5,"[174.0, 185.0, 206.0, 163.0, 147.0, 148.0, 168.0, 158.0, 182.0, 174.0]",8.166047096252441,-0.5,-118.97055053710938,0.0005550384521484375,-44.03334045410156
1750932157.461191,0.0,0.5,"[174.0, 185.0, 206.0, 163.0, 147.0, 148.0, 168.0, 158.0, 181.0, 174.0]",8.045930862426758,0.0,-119.00051879882812,0.0005550384521484375,-44.191444396972656
1750932157.4740903,0.0,0.5,"[174.0, 185.0, 206.0, 163.0, 147.0, 148.0, 167.0, 159.0, 181.0, 174.0]",8.041971206665039,0.0,-119.04818725585938,0.0005550384521484375,-44.34504699707031
1750932157.506185,0.0,0.5,"[174.0, 185.0, 206.0, 163.0, 147.0, 148.0, 167.0, 159.0, 183.0, 174.0]",8.245277404785156,0.0,-119.08847045898438,0.0005550384521484375,-44.504966735839844
1750932157.5191627,0.0,0.5,"[174.0, 185.0, 206.0, 163.0, 147.0, 148.0, 167.0, 160.0, 185.0, 174.0]",8.187667846679688,0.0,-119.13229370117188,0.0005550384521484375,-44.66273498535156
1750932157.5326245,0.0,0.5,"[174.0, 185.0, 206.0, 163.0, 147.0, 148.0, 167.0, 161.0, 185.0, 174.0]",8.343635559082031,0.0,-119.17507934570312,0.0005550384521484375,-44.82403564453125
1750932157.5646844,0.0,0.5,"[174.0, 185.0, 206.0, 163.0, 147.0, 147.0, 167.0, 162.0, 185.0, 174.0]",8.196372985839844,0.0,-119.21817016601562,0.0005550384521484375,-44.98219299316406
1750932157.5774713,0.0,0.5,"[174.0, 185.0, 206.0, 162.0, 147.0, 147.0, 167.0, 162.0, 185.0, 174.0]",8.387896537780762,0.0,-119.26156616210938,0.0005550384521484375,-45.144248962402344
1750932157.6088686,0.0,0.5,"[174.0, 185.0, 206.0, 162.0, 147.0, 147.0, 167.0, 163.0, 185.0, 174.0]",8.552523612976074,0.0,-119.30654907226562,0.0005550384521484375,-45.30928039550781
1750932157.6222467,0.0,0.5,"[174.0, 185.0, 205.0, 162.0, 146.0, 147.0, 167.0, 164.0, 185.0, 174.0]",8.389904975891113,0.0,-119.34976196289062,0.0005550384521484375,-45.471405029296875
1750932157.6354039,0.0,0.5,"[174.0, 185.0, 204.0, 162.0, 146.0, 147.0, 167.0, 218.0, 185.0, 174.0]",8.572770118713379,0.0,-119.39468383789062,0.0005550384521484375,-45.636871337890625
1750932157.6673753,0.0,0.5,"[174.0, 185.0, 204.0, 162.0, 146.0, 147.0, 167.0, 218.0, 185.0, 174.0]",8.65117359161377,0.0,-119.43930053710938,0.0005550384521484375,-45.80406188964844
1750932157.6804805,0.0,0.5,"[174.0, 185.0, 204.0, 162.0, 146.0, 147.0, 167.0, 218.0, 185.0, 174.0]",8.675508499145508,0.0,-119.48507690429688,0.0005550384521484375,-45.971412658691406
1750932157.6934938,0.0,0.5,"[174.0, 185.0, 204.0, 162.0, 146.0, 147.0, 167.0, 218.0, 185.0, 174.0]",8.66054916381836,0.0,-119.52926635742188,0.0005550384521484375,-46.13890075683594
1750932157.7250404,0.0,0.5,"[174.0, 185.0, 204.0, 162.0, 146.0, 147.0, 167.0, 218.0, 185.0, 174.0]",8.756021499633789,0.0,-119.57559204101562,0.0005550384521484375,-46.307777404785156
1750932157.7385561,0.0,0.5,"[174.0, 185.0, 204.0, 162.0, 146.0, 147.0, 167.0, 218.0, 185.0, 174.0]",8.623347282409668,0.0,-119.61990356445312,0.0005550384521484375,-46.474449157714844
1750932157.7610586,0.0,0.5,"[174.0, 185.0, 204.0, 161.0, 146.0, 146.0, 167.0, 217.0, 185.0, 174.0]",8.743287086486816,0.0,-119.66604614257812,0.0005550384521484375,-46.64312744140625
1750932157.7745976,0.0,0.5,"[174.0, 185.0, 204.0, 161.0, 146.0, 146.0, 166.0, 217.0, 185.0, 174.0]",8.820489883422852,0.0,-119.71151733398438,0.0005550384521484375,-46.813568115234375
1750932157.806724,0.0,0.5,"[174.0, 185.0, 204.0, 161.0, 145.0, 146.0, 166.0, 217.0, 185.0, 174.0]",9.049603462219238,0.0,-119.75857543945312,0.0005550384521484375,-46.98834228515625
1750932157.81957,0.0,0.5,"[174.0, 185.0, 203.0, 161.0, 145.0, 146.0, 166.0, 217.0, 185.0, 174.0]",8.941496849060059,0.0,-119.80520629882812,0.0005550384521484375,-47.16099548339844
1750932157.8327978,0.0,0.5,"[174.0, 185.0, 203.0, 161.0, 145.0, 146.0, 166.0, 217.0, 185.0, 174.0]",9.07953929901123,0.0,-119.85220336914062,0.0005550384521484375,-47.336387634277344
1750932157.864747,0.0,0.5,"[174.0, 185.0, 203.0, 161.0, 145.0, 146.0, 166.0, 217.0, 185.0, 174.0]",9.220174789428711,0.0,-119.90054321289062,0.0005550384521484375,-47.51435852050781
1750932157.8776293,0.0,0.5,"[174.0, 185.0, 203.0, 161.0, 145.0, 146.0, 166.0, 217.0, 185.0, 174.0]",9.239296913146973,0.0,-119.94851684570312,0.0005550384521484375,-47.69279479980469
1750932157.909918,0.0,0.5,"[174.0, 185.0, 203.0, 160.0, 145.0, 146.0, 166.0, 217.0, 185.0, 174.0]",9.164326667785645,0.0,-119.99624633789062,0.0005550384521484375,-47.86976623535156
1750932157.922967,0.0,0.5,"[174.0, 185.0, 203.0, 160.0, 145.0, 146.0, 166.0, 217.0, 185.0, 174.0]",9.18647575378418,0.0,-120.04397583007812,0.0005550384521484375,-48.04718017578125
1750932157.936158,0.0,0.5,"[174.0, 185.0, 203.0, 160.0, 145.0, 145.0, 164.0, 217.0, 185.0, 174.0]",9.416742324829102,0.0,-120.09298706054688,0.0005550384521484375,-48.229026794433594
1750932157.9684877,0.0,0.5,"[174.0, 185.0, 203.0, 160.0, 145.0, 145.0, 164.0, 215.0, 185.0, 174.0]",9.473430633544922,0.0,-120.14260864257812,0.0005550384521484375,-48.41188049316406
1750932157.982153,0.0,0.5,"[174.0, 185.0, 202.0, 160.0, 144.0, 145.0, 164.0, 215.0, 185.0, 174.0]",9.471683502197266,0.0,-120.19155883789062,0.0005550384521484375,-48.594879150390625
1750932157.9949744,0.0,0.5,"[174.0, 185.0, 201.0, 160.0, 144.0, 145.0, 164.0, 215.0, 185.0, 174.0]",9.50072193145752,0.0,-120.24148559570312,0.0005550384521484375,-48.778228759765625
1750932158.0268943,0.0,0.5,"[174.0, 185.0, 201.0, 160.0, 144.0, 145.0, 164.0, 215.0, 185.0, 174.0]",9.590509414672852,0.0,-120.29086303710938,0.0005550384521484375,-48.96356201171875
1750932158.0402253,-1.0,0.5,"[174.0, 185.0, 201.0, 159.0, 144.0, 145.0, 164.0, 215.0, 185.0, 174.0]",9.652960777282715,0.0,-120.34170532226562,0.0005550384521484375,-49.149818420410156
1750932158.0531032,-1.0,0.5,"[174.0, 185.0, 201.0, 159.0, 144.0, 145.0, 164.0, 215.0, 185.0, 174.0]",9.429454803466797,-0.5,-120.37118530273438,0.0005550384521484375,-49.336090087890625
1750932158.0835803,-1.0,0.5,"[174.0, 185.0, 201.0, 159.0, 144.0, 144.0, 164.0, 215.0, 185.0, 174.0]",9.21436882019043,-0.5,-120.38497924804688,0.00055694580078125,-49.51985168457031
1750932158.096957,-1.0,0.5,"[174.0, 185.0, 203.0, 159.0, 144.0, 144.0, 164.0, 215.0, 185.0, 174.0]",9.308693885803223,-0.5,-120.39443969726562,0.00055694580078125,-49.70579528808594
1750932158.12747,-1.0,0.5,"[174.0, 185.0, 203.0, 159.0, 144.0, 144.0, 163.0, 215.0, 185.0, 174.0]",9.211160659790039,-0.5,-120.40243530273438,0.00055694580078125,-49.88983917236328
1750932158.140448,-1.0,0.5,"[174.0, 185.0, 203.0, 159.0, 144.0, 144.0, 163.0, 214.0, 185.0, 174.0]",9.494817733764648,-0.5,-120.40567016601562,0.00055694580078125,-50.0797119140625
1750932158.153179,-1.0,0.5,"[174.0, 185.0, 203.0, 159.0, 144.0, 144.0, 163.0, 214.0, 185.0, 174.0]",9.464524269104004,-0.5,-120.40487670898438,0.00055694580078125,-50.26899719238281
1750932158.184603,-1.0,0.5,"[174.0, 185.0, 204.0, 159.0, 143.0, 144.0, 163.0, 214.0, 185.0, 174.0]",9.525969505310059,-0.5,-120.40213012695312,0.00055694580078125,-50.459495544433594
1750932158.1974719,-1.0,0.5,"[174.0, 185.0, 204.0, 159.0, 143.0, 144.0, 163.0, 214.0, 185.0, 174.0]",9.540885925292969,-0.5,-120.39358520507812,0.00055694580078125,-50.650115966796875
1750932158.2285712,0.0,0.5,"[174.0, 185.0, 204.0, 159.0, 143.0, 144.0, 163.0, 214.0, 185.0, 174.0]",9.717208862304688,-0.5,-120.38272094726562,0.00055694580078125,-50.84416198730469
1750932158.241497,0.0,0.5,"[174.0, 185.0, 204.0, 159.0, 143.0, 144.0, 162.0, 214.0, 185.0, 174.0]",9.453819274902344,0.0,-120.39041137695312,0.00055694580078125,-51.0330810546875
1750932158.2544043,0.0,0.5,"[174.0, 185.0, 204.0, 159.0, 143.0, 144.0, 162.0, 214.0, 185.0, 174.0]",9.580879211425781,0.0,-120.41171264648438,0.00055694580078125,-51.2235107421875
1750932158.2858076,0.0,0.5,"[174.0, 185.0, 204.0, 159.0, 143.0, 144.0, 162.0, 214.0, 185.0, 174.0]",9.632974624633789,0.0,-120.42935180664062,0.00055694580078125,-51.41535949707031
1750932158.2985833,0.0,0.5,"[174.0, 185.0, 203.0, 159.0, 142.0, 143.0, 162.0, 214.0, 185.0, 174.0]",9.769501686096191,0.0,-120.44766235351562,0.00055694580078125,-51.609893798828125
1750932158.321265,0.0,0.5,"[174.0, 185.0, 203.0, 159.0, 142.0, 143.0, 162.0, 214.0, 185.0, 174.0]",9.649710655212402,0.0,-120.46633911132812,0.00055694580078125,-51.801971435546875
1750932158.3362472,0.0,0.5,"[174.0, 185.0, 203.0, 159.0, 142.0, 143.0, 162.0, 212.0, 185.0, 174.0]",9.797916412353516,0.0,-120.48471069335938,0.00055694580078125,-51.9970703125
1750932158.3711839,-1.0,0.5,"[174.0, 185.0, 203.0, 158.0, 142.0, 143.0, 162.0, 212.0, 185.0, 174.0]",9.87520694732666,0.0,-120.50357055664062,0.00055694580078125,-52.19367980957031
1750932158.3842514,-1.0,0.5,"[174.0, 185.0, 203.0, 158.0, 142.0, 143.0, 161.0, 212.0, 185.0, 174.0]",9.65734577178955,-0.5,-120.50216674804688,0.00055694580078125,-52.386810302734375
1750932158.397405,-1.0,0.5,"[174.0, 185.0, 203.0, 158.0, 142.0, 143.0, 161.0, 212.0, 185.0, 174.0]",9.562070846557617,-0.5,-120.48281860351562,0.00055694580078125,-52.57708740234375
1750932158.4332328,-1.0,0.5,"[174.0, 185.0, 202.0, 159.0, 142.0, 143.0, 161.0, 212.0, 185.0, 174.0]",9.55681037902832,-0.5,-120.46023559570312,0.00055694580078125,-52.766876220703125
1750932158.449824,-1.0,0.5,"[174.0, 185.0, 201.0, 159.0, 141.0, 143.0, 161.0, 212.0, 185.0, 174.0]",9.75302505493164,-0.5,-120.43515014648438,0.00055694580078125,-52.96031188964844
1750932158.4666038,-1.0,0.5,"[174.0, 185.0, 201.0, 159.0, 141.0, 143.0, 161.0, 212.0, 185.0, 174.0]",9.674590110778809,-0.5,-120.40457153320312,0.00055694580078125,-53.15138244628906
1750932158.4823472,-1.0,0.5,"[174.0, 185.0, 201.0, 158.0, 141.0, 143.0, 161.0, 212.0, 185.0, 174.0]",9.823512077331543,-0.5,-120.37136840820312,0.00055694580078125,-53.34501647949219
1750932158.5006917,0.0,0.5,"[174.0, 185.0, 201.0, 158.0, 141.0, 143.0, 160.0, 212.0, 185.0, 174.0]",9.674995422363281,-0.5,-120.33334350585938,0.00055694580078125,-53.53474426269531
1750932158.5195053,0.0,0.5,"[174.0, 185.0, 201.0, 158.0, 141.0, 143.0, 160.0, 212.0, 185.0, 174.0]",9.66936206817627,0.0,-120.31436157226562,0.00055694580078125,-53.727203369140625
1750932158.5385766,0.0,0.5,"[174.0, 185.0, 201.0, 158.0, 141.0, 142.0, 160.0, 212.0, 185.0, 174.0]",9.617913246154785,0.0,-120.30935668945312,0.00055694580078125,-53.91949462890625
1750932158.5720458,0.0,0.5,"[174.0, 185.0, 201.0, 156.0, 140.0, 142.0, 160.0, 212.0, 185.0, 174.0]",9.580544471740723,0.0,-120.30068969726562,0.00055694580078125,-54.11090087890625
1750932158.5905485,0.0,0.5,"[174.0, 185.0, 201.0, 156.0, 140.0, 142.0, 160.0, 211.0, 185.0, 174.0]",9.884313583374023,0.0,-120.29263305664062,0.00055694580078125,-54.30842590332031
1750932158.6081285,0.0,0.5,"[174.0, 185.0, 201.0, 156.0, 140.0, 142.0, 160.0, 211.0, 185.0, 174.0]",9.705817222595215,0.0,-120.28469848632812,0.00055694580078125,-54.50238037109375
1750932158.6249967,0.0,0.5,"[174.0, 185.0, 200.0, 156.0, 140.0, 142.0, 159.0, 211.0, 185.0, 174.0]",9.771882057189941,0.0,-120.27639770507812,0.00055694580078125,-54.69764709472656
1750932158.6417122,0.0,0.5,"[174.0, 185.0, 200.0, 155.0, 140.0, 141.0, 159.0, 211.0, 185.0, 174.0]",9.90379810333252,0.0,-120.26834106445312,0.00055694580078125,-54.89555358886719
1750932158.6589122,0.0,0.5,"[174.0, 185.0, 200.0, 155.0, 139.0, 141.0, 159.0, 211.0, 185.0, 174.0]",9.902973175048828,0.0,-120.25997924804688,0.00055694580078125,-55.09344482421875
1750932158.6758406,0.0,0.5,"[174.0, 185.0, 200.0, 155.0, 139.0, 141.0, 159.0, 209.0, 185.0, 174.0]",10.045012474060059,0.0,-120.25143432617188,0.00055694580078125,-55.294158935546875
1750932158.7192285,0.0,0.5,"[174.0, 185.0, 200.0, 155.0, 139.0, 141.0, 158.0, 209.0, 185.0, 174.0]",10.096776962280273,0.0,-120.24319458007812,0.00055694580078125,-55.49592590332031
1750932158.736191,-1.0,0.5,"[174.0, 185.0, 198.0, 154.0, 139.0, 140.0, 158.0, 209.0, 185.0, 174.0]",10.22690200805664,0.0,-120.23483276367188,0.0005550384521484375,-55.700286865234375
1750932158.7378256,-1.0,0.5,"[174.0, 185.0, 198.0, 154.0, 139.0, 140.0, 158.0, 209.0, 185.0, 174.0]",9.826144218444824,-0.5,-120.21188354492188,0.00055694580078125,-55.89546203613281
1750932158.7812147,-1.0,0.5,"[174.0, 185.0, 198.0, 154.0, 138.0, 140.0, 158.0, 209.0, 185.0, 174.0]",9.749862670898438,-0.5,-120.17208862304688,0.00055694580078125,-56.08634948730469
1750932158.7982993,-1.0,0.5,"[174.0, 185.0, 198.0, 154.0, 138.0, 140.0, 158.0, 209.0, 185.0, 174.0]",10.088561058044434,-0.5,-120.12240600585938,0.00055694580078125,-56.28190612792969
1750932158.799995,-1.0,0.5,"[174.0, 185.0, 198.0, 154.0, 138.0, 140.0, 158.0, 209.0, 185.0, 174.0]",9.833285331726074,-0.5,-120.07089233398438,0.00055694580078125,-56.471710205078125
1750932158.8177276,-1.0,0.5,"[174.0, 185.0, 200.0, 153.0, 138.0, 140.0, 156.0, 209.0, 185.0, 174.0]",10.191956520080566,-0.5,-120.01333618164062,0.00055694580078125,-56.667266845703125
1750932158.8613417,-1.0,0.5,"[174.0, 185.0, 200.0, 153.0, 138.0, 140.0, 156.0, 209.0, 185.0, 174.0]",9.94924259185791,-0.5,-119.95327758789062,0.00055694580078125,-56.85697937011719
1750932158.8788645,-1.0,0.5,"[174.0, 185.0, 198.0, 153.0, 138.0, 139.0, 156.0, 209.0, 185.0, 174.0]",10.246615409851074,-0.5,-119.88772583007812,0.00055694580078125,-57.05113220214844
1750932158.880714,-1.0,0.5,"[174.0, 185.0, 198.0, 153.0, 138.0, 139.0, 156.0, 209.0, 185.0, 174.0]",9.961078643798828,-0.5,-119.82003784179688,0.00055694580078125,-57.238494873046875
1750932158.8980355,-1.0,0.5,"[174.0, 185.0, 197.0, 152.0, 138.0, 139.0, 156.0, 209.0, 185.0, 174.0]",10.271499633789062,-0.5,-119.74606323242188,0.00055694580078125,-57.430145263671875
1750932158.929479,-1.0,0.5,"[174.0, 185.0, 197.0, 152.0, 138.0, 138.0, 155.0, 211.0, 185.0, 174.0]",10.149544715881348,-0.5,-119.66842651367188,0.00055694580078125,-57.617706298828125
1750932158.9471564,-1.0,0.5,"[174.0, 185.0, 195.0, 152.0, 138.0, 138.0, 155.0, 211.0, 185.0, 174.0]",10.24291706085205,-0.5,-119.58731079101562,0.00055694580078125,-57.805816650390625
1750932158.9642243,-1.0,0.5,"[174.0, 185.0, 195.0, 152.0, 138.0, 138.0, 155.0, 211.0, 185.0, 174.0]",10.22050666809082,-0.5,-119.50192260742188,0.00055694580078125,-57.99153137207031
1750932158.9819055,-1.0,0.5,"[174.0, 185.0, 195.0, 151.0, 138.0, 138.0, 155.0, 211.0, 185.0, 174.0]",10.208080291748047,-0.5,-119.41329956054688,0.00055694580078125,-58.17547607421875
1750932159.000129,-1.0,0.5,"[174.0, 185.0, 193.0, 151.0, 138.0, 137.0, 155.0, 211.0, 185.0, 174.0]",10.401718139648438,-0.5,-119.31893920898438,0.00055694580078125,-58.360870361328125
1750932159.018256,-1.0,0.5,"[174.0, 185.0, 193.0, 151.0, 137.0, 137.0, 155.0, 212.0, 185.0, 174.0]",10.225946426391602,-0.5,-119.22213745117188,0.00055694580078125,-58.541015625
1750932159.0483544,-1.0,0.5,"[174.0, 185.0, 193.0, 151.0, 137.0, 137.0, 155.0, 212.0, 185.0, 174.0]",10.583163261413574,-0.5,-119.11825561523438,0.00055694580078125,-58.725433349609375
1750932159.066209,-1.0,0.5,"[174.0, 185.0, 192.0, 151.0, 136.0, 136.0, 155.0, 214.0, 185.0, 174.0]",10.227255821228027,-0.5,-119.01400756835938,0.00055694580078125,-58.90142822265625
1750932159.0832589,-1.0,0.5,"[174.0, 185.0, 192.0, 151.0, 136.0, 136.0, 155.0, 215.0, 185.0, 174.0]",10.515275001525879,-0.5,-118.90274047851562,0.00055694580078125,-59.07991027832031
1750932159.1002312,-1.0,0.5,"[174.0, 185.0, 192.0, 151.0, 136.0, 136.0, 155.0, 215.0, 185.0, 174.0]",10.568910598754883,-0.5,-118.78726196289062,0.00055694580078125,-59.2569580078125
1750932159.1172318,-1.0,0.5,"[174.0, 185.0, 192.0, 151.0, 135.0, 136.0, 155.0, 217.0, 185.0, 174.0]",10.55894947052002,-0.5,-118.66873168945312,0.00055694580078125,-59.43170166015625
1750932159.1604042,-1.0,0.5,"[174.0, 185.0, 190.0, 151.0, 135.0, 136.0, 155.0, 218.0, 185.0, 174.0]",10.60999870300293,-0.5,-118.54501342773438,0.00055694580078125,-59.6041259765625
1750932159.177165,-1.0,0.5,"[174.0, 185.0, 190.0, 151.0, 134.0, 135.0, 155.0, 221.0, 185.0, 174.0]",10.771867752075195,-0.5,-118.41696166992188,0.00055694580078125,-59.77734375
1750932159.178856,-1.0,0.5,"[174.0, 185.0, 190.0, 151.0, 134.0, 135.0, 155.0, 221.0, 185.0, 174.0]",10.627569198608398,-0.5,-118.28591918945312,0.00055694580078125,-59.9447021484375
1750932159.210709,-1.0,0.5,"[174.0, 185.0, 190.0, 149.0, 134.0, 135.0, 156.0, 227.0, 185.0, 174.0]",10.749496459960938,-0.5,-118.15066528320312,0.00055694580078125,-60.11186218261719
1750932159.2288322,-1.0,0.5,"[174.0, 185.0, 190.0, 149.0, 133.0, 135.0, 156.0, 227.0, 185.0, 174.0]",10.832902908325195,-0.5,-118.00930786132812,0.00055694580078125,-60.27601623535156
1750932159.2469316,-1.0,0.5,"[174.0, 185.0, 190.0, 148.0, 133.0, 135.0, 156.0, 227.0, 185.0, 174.0]",10.916210174560547,-0.5,-117.86495971679688,0.00055694580078125,-60.439849853515625
1750932159.264553,-1.0,0.5,"[174.0, 185.0, 190.0, 148.0, 133.0, 134.0, 156.0, 227.0, 185.0, 174.0]",10.890206336975098,-0.5,-117.71603393554688,0.00055694580078125,-60.598785400390625
1750932159.2811184,-1.0,0.5,"[174.0, 185.0, 190.0, 147.0, 131.0, 134.0, 156.0, 227.0, 185.0, 174.0]",10.875184059143066,-0.5,-117.56515502929688,0.00055694580078125,-60.755401611328125
1750932159.2978046,-1.0,0.5,"[174.0, 185.0, 190.0, 147.0, 131.0, 135.0, 158.0, 227.0, 185.0, 174.0]",10.898008346557617,-0.5,-117.40902709960938,0.0005550384521484375,-60.907501220703125
1750932159.3393779,-1.0,0.5,"[174.0, 185.0, 189.0, 146.0, 131.0, 135.0, 158.0, 227.0, 185.0, 174.0]",11.16369915008545,-0.5,-117.24673461914062,0.00055694580078125,-61.060821533203125
1750932159.3557255,-1.0,0.5,"[174.0, 185.0, 190.0, 146.0, 130.0, 135.0, 158.0, 227.0, 185.0, 174.0]",11.001138687133789,-0.5,-117.08303833007812,0.00055694580078125,-61.207855224609375
1750932159.3575003,-1.0,0.5,"[174.0, 185.0, 190.0, 146.0, 130.0, 135.0, 158.0, 227.0, 185.0, 174.0]",11.05604362487793,-0.5,-116.91549682617188,0.00055694580078125,-61.35218811035156
1750932159.3987377,-1.0,0.5,"[174.0, 185.0, 188.0, 145.0, 130.0, 135.0, 160.0, 227.0, 185.0, 174.0]",10.81322193145752,-0.5,-116.74807739257812,0.00055694580078125,-61.48902893066406
1750932159.4147189,-1.0,0.5,"[174.0, 185.0, 187.0, 144.0, 130.0, 135.0, 161.0, 227.0, 185.0, 174.0]",11.134275436401367,-0.5,-116.57266235351562,0.00055694580078125,-61.62626647949219
1750932159.4308887,-1.0,0.5,"[174.0, 185.0, 186.0, 144.0, 130.0, 135.0, 161.0, 227.0, 185.0, 174.0]",11.169401168823242,-0.5,-116.39474487304688,0.00055694580078125,-61.76129150390625
1750932159.447083,-1.0,0.5,"[174.0, 185.0, 184.0, 144.0, 129.0, 135.0, 162.0, 227.0, 185.0, 174.0]",11.15479564666748,-0.5,-116.21267700195312,0.00055694580078125,-61.890289306640625
1750932159.463502,-1.0,0.5,"[174.0, 185.0, 184.0, 143.0, 129.0, 136.0, 163.0, 227.0, 185.0, 174.0]",11.250819206237793,-0.5,-116.02706909179688,0.00055694580078125,-62.01750183105469
1750932159.4803321,-1.0,0.5,"[174.0, 185.0, 183.0, 143.0, 129.0, 136.0, 167.0, 227.0, 185.0, 174.0]",11.263774871826172,-0.5,-115.83749389648438,0.00055694580078125,-62.139190673828125
1750932159.4978275,-1.0,0.5,"[174.0, 185.0, 181.0, 141.0, 129.0, 136.0, 169.0, 227.0, 185.0, 174.0]",11.31396484375,-0.5,-115.64553833007812,0.00055694580078125,-62.25897216796875
1750932159.5414572,-1.0,0.5,"[174.0, 185.0, 181.0, 141.0, 130.0, 137.0, 182.0, 227.0, 185.0, 174.0]",11.256739616394043,-0.5,-115.45077514648438,0.00055694580078125,-62.37187194824219
1750932159.559353,-1.0,0.5,"[174.0, 185.0, 179.0, 141.0, 130.0, 137.0, 182.0, 226.0, 185.0, 174.0]",11.25131607055664,-0.5,-115.25466918945312,0.00055694580078125,-62.48223876953125
1750932159.561135,-1.0,0.5,"[174.0, 185.0, 179.0, 141.0, 130.0, 137.0, 182.0, 226.0, 185.0, 174.0]",11.416618347167969,-0.5,-115.05245971679688,0.0005588531494140625,-62.58836364746094
1750932159.5780537,-1.0,0.5,"[174.0, 185.0, 178.0, 140.0, 130.0, 138.0, 179.0, 224.0, 185.0, 174.0]",11.596360206604004,-0.5,-114.84445190429688,0.0005588531494140625,-62.69085693359375
1750932159.6089954,-1.0,0.5,"[174.0, 185.0, 176.0, 140.0, 130.0, 139.0, 295.0, 223.0, 185.0, 174.0]",11.386449813842773,-0.5,-114.63839721679688,0.0005588531494140625,-62.78790283203125
1750932159.6265168,-1.0,0.5,"[174.0, 185.0, 176.0, 140.0, 130.0, 139.0, 178.0, 221.0, 185.0, 174.0]",11.5118989944458,-0.5,-114.42727661132812,0.00055694580078125,-62.87977600097656
1750932159.6440578,-1.0,0.5,"[174.0, 185.0, 175.0, 140.0, 131.0, 140.0, 177.0, 220.0, 185.0, 174.0]",11.512090682983398,-0.5,-114.21450805664062,0.00055694580078125,-62.967681884765625
1750932159.6616197,-1.0,0.5,"[174.0, 185.0, 175.0, 140.0, 131.0, 141.0, 177.0, 218.0, 185.0, 174.0]",11.702075004577637,-0.5,-113.99630737304688,0.00055694580078125,-63.052337646484375
1750932159.679586,-1.0,0.5,"[174.0, 185.0, 173.0, 140.0, 131.0, 142.0, 176.0, 217.0, 185.0, 174.0]",11.528116226196289,-0.5,-113.77902221679688,0.00055694580078125,-63.1295166015625
1750932159.6972814,-1.0,0.5,"[174.0, 185.0, 173.0, 141.0, 133.0, 144.0, 175.0, 214.0, 185.0, 174.0]",11.664751052856445,-0.5,-113.55783081054688,0.00055694580078125,-63.203582763671875
1750932159.7438157,-1.0,0.5,"[174.0, 185.0, 173.0, 141.0, 133.0, 146.0, 175.0, 212.0, 185.0, 174.0]",11.768123626708984,-0.5,-113.33242797851562,0.00055694580078125,-63.271453857421875
1750932159.7621634,-1.0,0.5,"[174.0, 185.0, 173.0, 141.0, 134.0, 149.0, 174.0, 210.0, 185.0, 174.0]",11.692684173583984,-0.5,-113.10745239257812,0.00055694580078125,-63.335205078125
1750932159.7639089,-1.0,0.5,"[174.0, 185.0, 173.0, 141.0, 134.0, 149.0, 174.0, 210.0, 185.0, 174.0]",11.845280647277832,-0.5,-112.87771606445312,0.00055694580078125,-63.39292907714844
1750932159.7818677,-1.0,0.5,"[174.0, 185.0, 173.0, 143.0, 135.0, 160.0, 173.0, 206.0, 185.0, 174.0]",11.705049514770508,-0.5,-112.64968872070312,0.00055694580078125,-63.446014404296875
1750932159.8007507,-1.0,0.5,"[174.0, 185.0, 173.0, 143.0, 136.0, 160.0, 171.0, 203.0, 185.0, 174.0]",12.108455657958984,-0.5,-112.41244506835938,0.00055694580078125,-63.49449157714844
1750932159.8183308,-1.0,0.5,"[174.0, 185.0, 173.0, 143.0, 137.0, 160.0, 170.0, 201.0, 185.0, 174.0]",11.84816837310791,-0.5,-112.17916870117188,0.00055694580078125,-63.536407470703125
1750932159.8521523,-1.0,0.5,"[174.0, 185.0, 173.0, 144.0, 138.0, 158.0, 170.0, 200.0, 185.0, 174.0]",12.064763069152832,-0.5,-111.94070434570312,0.00055694580078125,-63.57307434082031
1750932159.871618,-1.0,0.5,"[174.0, 185.0, 175.0, 144.0, 139.0, 259.0, 169.0, 197.0, 185.0, 174.0]",11.721235275268555,-0.5,-111.70816040039062,0.00055694580078125,-63.60301208496094
1750932159.8907008,-1.0,0.5,"[174.0, 185.0, 175.0, 145.0, 141.0, 157.0, 168.0, 195.0, 185.0, 174.0]",12.051213264465332,-0.5,-111.46847534179688,0.00055694580078125,-63.62803649902344
1750932159.9095316,-1.0,0.5,"[174.0, 185.0, 175.0, 145.0, 142.0, 156.0, 167.0, 193.0, 185.0, 174.0]",12.060982704162598,-0.5,-111.22799682617188,0.00055694580078125,-63.64717102050781
1750932159.9284298,-1.0,0.5,"[174.0, 185.0, 176.0, 146.0, 145.0, 155.0, 166.0, 190.0, 185.0, 174.0]",12.05869197845459,-0.5,-110.98721313476562,0.00055694580078125,-63.6611328125
1750932159.9480104,-1.0,0.5,"[174.0, 185.0, 176.0, 147.0, 147.0, 155.0, 164.0, 189.0, 185.0, 174.0]",12.180106163024902,-0.5,-110.74374389648438,0.00055694580078125,-63.668670654296875
1750932159.9666646,-1.0,0.5,"[174.0, 185.0, 178.0, 149.0, 160.0, 154.0, 163.0, 186.0, 185.0, 174.0]",12.174871444702148,-0.5,-110.50027465820312,0.00055694580078125,-63.67091369628906
1750932159.9857826,-1.0,0.5,"[174.0, 185.0, 178.0, 149.0, 160.0, 153.0, 162.0, 184.0, 185.0, 174.0]",12.123392105102539,-0.5,-110.25784301757812,0.00055694580078125,-63.66642761230469
1750932160.0040033,-1.0,0.5,"[174.0, 185.0, 179.0, 152.0, 160.0, 153.0, 160.0, 181.0, 185.0, 174.0]",12.107905387878418,-0.5,-110.01589965820312,0.00055694580078125,-63.656829833984375
1750932160.0223148,-1.0,0.5,"[174.0, 185.0, 180.0, 153.0, 160.0, 152.0, 158.0, 179.0, 185.0, 174.0]",12.307029724121094,-0.5,-109.77035522460938,0.00055694580078125,-63.63935852050781
1750932160.041009,0.0,0.5,"[174.0, 185.0, 181.0, 154.0, 159.0, 151.0, 156.0, 177.0, 185.0, 174.0]",12.127161026000977,-0.5,-109.52871704101562,0.00055694580078125,-63.61817932128906
1750932160.0587552,0.0,0.5,"[174.0, 185.0, 181.0, 155.0, 160.0, 151.0, 155.0, 176.0, 185.0, 174.0]",12.390619277954102,0.0,-109.28109741210938,0.00055694580078125,-63.60939025878906
1750932160.0909855,0.0,0.5,"[174.0, 185.0, 181.0, 155.0, 160.0, 150.0, 155.0, 176.0, 185.0, 174.0]",12.205229759216309,0.0,-109.03707885742188,0.0005588531494140625,-63.61616516113281
1750932160.108971,0.0,0.5,"[174.0, 185.0, 181.0, 155.0, 160.0, 150.0, 155.0, 176.0, 185.0, 174.0]",12.311287879943848,0.0,-108.79104614257812,0.00055694580078125,-63.62640380859375
1750932160.1265018,0.0,0.5,"[174.0, 185.0, 181.0, 155.0, 160.0, 150.0, 155.0, 176.0, 185.0, 174.0]",12.314167022705078,0.0,-108.54495239257812,0.0005588531494140625,-63.636505126953125
1750932160.1450226,0.0,0.5,"[174.0, 185.0, 181.0, 155.0, 160.0, 150.0, 155.0, 176.0, 185.0, 174.0]",12.419870376586914,0.0,-108.29678344726562,0.0005588531494140625,-63.646820068359375
1750932160.1627696,0.0,0.5,"[174.0, 185.0, 181.0, 155.0, 160.0, 150.0, 155.0, 176.0, 185.0, 174.0]",12.460344314575195,0.0,-108.04782104492188,0.0005588531494140625,-63.65715026855469
1750932160.1812475,0.0,0.5,"[174.0, 185.0, 181.0, 155.0, 160.0, 150.0, 155.0, 176.0, 185.0, 174.0]",12.56760311126709,0.0,-107.79666137695312,0.0005588531494140625,-63.667572021484375
1750932160.1993294,-1.0,0.5,"[174.0, 185.0, 181.0, 155.0, 160.0, 150.0, 155.0, 176.0, 185.0, 174.0]",12.624310493469238,0.0,-107.54440307617188,0.0005588531494140625,-63.6781005859375
1750932160.2165165,-1.0,0.5,"[174.0, 185.0, 181.0, 156.0, 158.0, 150.0, 155.0, 176.0, 185.0, 174.0]",12.357638359069824,-0.5,-107.29733276367188,0.0005588531494140625,-63.671051025390625
1750932160.2576983,-1.0,0.5,"[174.0, 185.0, 183.0, 159.0, 259.0, 149.0, 153.0, 173.0, 185.0, 174.0]",12.10085678100586,-0.5,-107.05685424804688,0.0005588531494140625,-63.64384460449219
1750932160.2734163,-1.0,0.5,"[174.0, 185.0, 184.0, 161.0, 157.0, 148.0, 152.0, 172.0, 185.0, 174.0]",12.055353164672852,-0.5,-106.81863403320312,0.0005588531494140625,-63.606842041015625
1750932160.2896144,-1.0,0.5,"[174.0, 185.0, 187.0, 163.0, 156.0, 147.0, 149.0, 169.0, 185.0, 174.0]",12.03554916381836,-0.5,-106.58230590820312,0.0005588531494140625,-63.561126708984375
1750932160.3057008,-1.0,0.5,"[174.0, 185.0, 189.0, 169.0, 155.0, 146.0, 147.0, 166.0, 185.0, 174.0]",12.2938814163208,-0.5,-106.34188842773438,0.0005588531494140625,-63.509490966796875
1750932160.3219287,-1.0,0.5,"[174.0, 185.0, 190.0, 175.0, 154.0, 145.0, 145.0, 164.0, 185.0, 174.0]",12.111353874206543,-0.5,-106.10635375976562,0.0005588531494140625,-63.453033447265625
1750932160.338518,0.0,0.5,"[174.0, 185.0, 193.0, 181.0, 153.0, 143.0, 143.0, 161.0, 185.0, 174.0]",12.41971206665039,-0.5,-105.86636352539062,0.0005588531494140625,-63.388946533203125
1750932160.3673127,0.0,0.5,"[174.0, 185.0, 193.0, 181.0, 152.0, 143.0, 141.0, 159.0, 185.0, 174.0]",12.075324058532715,0.0,-105.62973022460938,0.0005588531494140625,-63.34056091308594
1750932160.3836339,0.0,0.5,"[174.0, 185.0, 195.0, 181.0, 152.0, 143.0, 141.0, 159.0, 185.0, 174.0]",12.369512557983398,0.0,-105.38479614257812,0.0005588531494140625,-63.30570983886719
1750932160.40027,0.0,0.5,"[174.0, 185.0, 195.0, 181.0, 152.0, 142.0, 141.0, 158.0, 185.0, 174.0]",11.986207962036133,0.0,-105.14706420898438,0.0005588531494140625,-63.27490234375
1750932160.4171758,0.0,0.5,"[174.0, 185.0, 195.0, 181.0, 152.0, 142.0, 141.0, 158.0, 185.0, 174.0]",12.344281196594238,0.0,-104.90219116210938,0.0005588531494140625,-63.243377685546875
1750932160.4593413,0.0,0.5,"[174.0, 185.0, 196.0, 181.0, 152.0, 142.0, 141.0, 158.0, 185.0, 174.0]",12.399825096130371,0.0,-104.65621948242188,0.0005588531494140625,-63.21173095703125
1750932160.4761863,0.0,0.5,"[174.0, 185.0, 197.0, 181.0, 152.0, 142.0, 140.0, 158.0, 185.0, 174.0]",12.40865707397461,0.0,-104.41012573242188,0.0005588531494140625,-63.18000793457031
1750932160.477911,0.0,0.5,"[174.0, 185.0, 197.0, 181.0, 152.0, 142.0, 140.0, 158.0, 185.0, 174.0]",12.41919231414795,0.0,-104.16372680664062,0.0005588531494140625,-63.1483154296875
1750932160.5200202,0.0,0.5,"[174.0, 185.0, 197.0, 181.0, 152.0, 142.0, 140.0, 156.0, 185.0, 174.0]",12.448027610778809,0.0,-103.91677856445312,0.00055694580078125,-63.11676025390625
1750932160.536336,0.0,0.5,"[174.0, 185.0, 198.0, 181.0, 152.0, 142.0, 140.0, 156.0, 185.0, 174.0]",12.678611755371094,0.0,-103.66525268554688,0.00055694580078125,-63.084747314453125
1750932160.5379784,0.0,0.5,"[174.0, 185.0, 198.0, 181.0, 152.0, 142.0, 140.0, 156.0, 185.0, 174.0]",12.499445915222168,0.0,-103.41732788085938,0.00055694580078125,-63.05287170410156
1750932160.567225,0.0,0.5,"[174.0, 185.0, 198.0, 181.0, 151.0, 141.0, 140.0, 156.0, 185.0, 174.0]",12.657367706298828,0.0,-103.16616821289062,0.00055694580078125,-63.020843505859375
1750932160.5844398,1.0,0.5,"[174.0, 185.0, 198.0, 181.0, 151.0, 141.0, 139.0, 155.0, 185.0, 174.0]",12.71107006072998,0.0,-102.91403198242188,0.00055694580078125,-62.988433837890625
1750932160.6003141,1.0,0.5,"[174.0, 185.0, 198.0, 181.0, 152.0, 141.0, 140.0, 156.0, 185.0, 174.0]",12.52670955657959,0.5,-102.66390991210938,0.00055694580078125,-62.974578857421875
1750932160.6164289,0.0,0.5,"[174.0, 185.0, 197.0, 295.0, 152.0, 142.0, 142.0, 158.0, 185.0, 174.0]",12.163492202758789,0.5,-102.42074584960938,0.00055694580078125,-62.98191833496094
1750932160.6581159,0.0,0.5,"[174.0, 185.0, 195.0, 179.0, 153.0, 142.0, 143.0, 159.0, 185.0, 174.0]",12.297423362731934,0.0,-102.17483520507812,0.00055694580078125,-62.975677490234375
1750932160.6744409,0.0,0.5,"[174.0, 185.0, 197.0, 179.0, 153.0, 142.0, 143.0, 159.0, 185.0, 174.0]",12.158170700073242,0.0,-101.93252563476562,0.00055694580078125,-62.955657958984375
1750932160.6904058,0.0,0.5,"[174.0, 185.0, 197.0, 179.0, 153.0, 142.0, 143.0, 159.0, 185.0, 174.0]",12.3062162399292,0.0,-101.68728637695312,0.00055694580078125,-62.93461608886719
1750932160.706587,0.0,0.5,"[174.0, 185.0, 197.0, 179.0, 152.0, 142.0, 143.0, 158.0, 185.0, 174.0]",12.382312774658203,0.0,-101.44052124023438,0.00055694580078125,-62.913818359375
1750932160.7232854,0.0,0.5,"[174.0, 185.0, 197.0, 179.0, 152.0, 142.0, 143.0, 158.0, 185.0, 174.0]",12.196732521057129,0.0,-101.19747924804688,0.00055694580078125,-62.89299011230469
1750932160.7396119,0.0,0.5,"[174.0, 185.0, 197.0, 179.0, 152.0, 142.0, 142.0, 158.0, 185.0, 174.0]",12.490233421325684,0.0,-100.94857788085938,0.00055694580078125,-62.8719482421875
1750932160.7559144,0.0,0.5,"[174.0, 185.0, 198.0, 179.0, 152.0, 142.0, 142.0, 158.0, 185.0, 174.0]",12.530162811279297,0.0,-100.69888305664062,0.00055694580078125,-62.850738525390625
1750932160.7981532,0.0,0.5,"[174.0, 185.0, 198.0, 179.0, 152.0, 141.0, 141.0, 158.0, 185.0, 174.0]",12.511028289794922,0.0,-100.44955444335938,0.00055694580078125,-62.82945251464844
1750932160.8146667,0.0,0.5,"[174.0, 185.0, 198.0, 179.0, 152.0, 141.0, 141.0, 156.0, 185.0, 174.0]",12.452893257141113,0.0,-100.20138549804688,0.00055694580078125,-62.8082275390625
1750932160.8307955,0.0,0.5,"[174.0, 185.0, 198.0, 179.0, 152.0, 141.0, 141.0, 156.0, 185.0, 174.0]",12.6583890914917,0.0,-99.94912719726562,0.00055694580078125,-62.78666687011719
1750932160.84766,0.0,0.5,"[174.0, 185.0, 200.0, 295.0, 152.0, 141.0, 141.0, 156.0, 185.0, 174.0]",12.7964506149292,0.0,-99.69412231445312,0.00055694580078125,-62.76519775390625
1750932160.863582,1.0,0.5,"[174.0, 185.0, 200.0, 295.0, 152.0, 141.0, 141.0, 156.0, 185.0, 174.0]",12.653974533081055,0.0,-99.44192504882812,0.00055694580078125,-62.74363708496094
1750932160.8799446,1.0,0.5,"[174.0, 185.0, 198.0, 179.0, 152.0, 141.0, 142.0, 158.0, 185.0, 174.0]",12.502253532409668,0.5,-99.19192504882812,0.00055694580078125,-62.739044189453125
1750932160.895823,0.0,0.5,"[174.0, 185.0, 197.0, 177.0, 153.0, 142.0, 144.0, 159.0, 185.0, 174.0]",12.242317199707031,0.5,-98.94747924804688,0.00055694580078125,-62.7529296875
1750932160.9372077,0.0,0.5,"[174.0, 185.0, 197.0, 176.0, 153.0, 142.0, 145.0, 160.0, 185.0, 174.0]",12.351358413696289,0.0,-98.70046997070312,0.0005588531494140625,-62.75480651855469
1750932160.953681,0.0,0.5,"[174.0, 185.0, 197.0, 177.0, 153.0, 142.0, 144.0, 159.0, 185.0, 174.0]",12.284570693969727,0.0,-98.45504760742188,0.0005588531494140625,-62.74359130859375
1750932160.969508,0.0,0.5,"[174.0, 185.0, 197.0, 177.0, 153.0, 142.0, 144.0, 159.0, 185.0, 174.0]",12.382379531860352,0.0,-98.20767211914062,0.0005588531494140625,-62.732330322265625
1750932160.9858365,0.0,0.5,"[174.0, 185.0, 198.0, 177.0, 153.0, 142.0, 144.0, 159.0, 185.0, 174.0]",12.549135208129883,0.0,-97.95693969726562,0.0005588531494140625,-62.7208251953125
1750932161.0020678,0.0,0.5,"[174.0, 185.0, 198.0, 177.0, 153.0, 142.0, 144.0, 159.0, 185.0, 174.0]",12.550003051757812,0.0,-97.70620727539062,0.0005588531494140625,-62.70906066894531
1750932161.0179145,0.0,0.5,"[174.0, 185.0, 198.0, 177.0, 153.0, 141.0, 144.0, 159.0, 185.0, 174.0]",12.60130786895752,0.0,-97.45443725585938,0.0005588531494140625,-62.697723388671875
1750932161.0591583,1.0,0.5,"[174.0, 185.0, 198.0, 177.0, 153.0, 141.0, 144.0, 159.0, 185.0, 174.0]",12.679287910461426,0.0,-97.20114135742188,0.0005588531494140625,-62.68572998046875
1750932161.075897,1.0,0.5,"[174.0, 185.0, 198.0, 176.0, 153.0, 142.0, 144.0, 160.0, 185.0, 174.0]",12.437179565429688,0.5,-96.95248413085938,0.0005588531494140625,-62.692718505859375
1750932161.0775943,0.0,0.5,"[174.0, 185.0, 198.0, 176.0, 153.0, 142.0, 144.0, 160.0, 185.0, 174.0]",12.184624671936035,0.5,-96.71005249023438,0.0005588531494140625,-62.71723937988281
1750932161.1181133,0.0,0.5,"[174.0, 185.0, 195.0, 174.0, 154.0, 142.0, 146.0, 164.0, 185.0, 174.0]",12.146334648132324,0.0,-96.46749877929688,0.0005588531494140625,-62.73124694824219
1750932161.1339417,0.0,0.5,"[174.0, 185.0, 195.0, 174.0, 154.0, 142.0, 146.0, 164.0, 185.0, 174.0]",12.267390251159668,0.0,-96.22219848632812,0.0005588531494140625,-62.72941589355469
1750932161.150062,0.0,0.5,"[174.0, 185.0, 196.0, 174.0, 154.0, 142.0, 145.0, 164.0, 185.0, 174.0]",12.184184074401855,0.0,-95.97848510742188,0.0005588531494140625,-62.728179931640625
1750932161.1655052,0.0,0.5,"[174.0, 185.0, 197.0, 175.0, 154.0, 142.0, 145.0, 164.0, 185.0, 174.0]",12.538714408874512,0.0,-95.72775268554688,0.0005588531494140625,-62.72686767578125
1750932161.1819584,0.0,0.5,"[174.0, 185.0, 197.0, 175.0, 154.0, 142.0, 145.0, 164.0, 185.0, 174.0]",12.204634666442871,0.0,-95.48367309570312,0.0005588531494140625,-62.72547912597656
1750932161.1983178,0.0,0.5,"[174.0, 185.0, 197.0, 175.0, 154.0, 142.0, 145.0, 164.0, 185.0, 174.0]",12.508744239807129,0.0,-95.23348999023438,0.0005588531494140625,-62.72407531738281
1750932161.226412,1.0,0.5,"[174.0, 185.0, 197.0, 175.0, 154.0, 141.0, 144.0, 164.0, 185.0, 174.0]",12.346549034118652,0.0,-94.98654174804688,0.0005588531494140625,-62.7227783203125
1750932161.2422733,1.0,0.5,"[174.0, 185.0, 197.0, 174.0, 154.0, 142.0, 145.0, 164.0, 185.0, 174.0]",12.259790420532227,0.5,-94.74176025390625,0.0005588531494140625,-62.736907958984375
1750932161.2584426,1.0,0.5,"[174.0, 185.0, 195.0, 173.0, 155.0, 142.0, 146.0, 167.0, 185.0, 174.0]",12.213236808776855,0.5,-94.49984741210938,0.0005588531494140625,-62.77069091796875
1750932161.2886884,0.0,0.5,"[174.0, 185.0, 192.0, 170.0, 157.0, 144.0, 147.0, 170.0, 185.0, 174.0]",11.956219673156738,0.5,-94.26519775390625,0.0005588531494140625,-62.8167724609375
1750932161.3058136,0.0,0.5,"[174.0, 185.0, 192.0, 169.0, 157.0, 144.0, 148.0, 171.0, 185.0, 174.0]",12.078570365905762,0.0,-94.02603149414062,0.0005588531494140625,-62.85087585449219
1750932161.323703,0.0,0.5,"[174.0, 185.0, 192.0, 169.0, 157.0, 144.0, 148.0, 170.0, 185.0, 174.0]",12.054789543151855,0.0,-93.78564453125,0.0005588531494140625,-62.8692626953125
1750932161.3406842,0.0,0.5,"[174.0, 185.0, 192.0, 169.0, 157.0, 144.0, 148.0, 170.0, 185.0, 174.0]",12.057191848754883,0.0,-93.54498291015625,0.0005588531494140625,-62.884552001953125
1750932161.3579273,0.0,0.5,"[174.0, 185.0, 192.0, 169.0, 157.0, 144.0, 147.0, 170.0, 185.0, 174.0]",12.14462661743164,0.0,-93.30258178710938,0.0005588531494140625,-62.89994812011719
1750932161.3919418,0.0,0.5,"[174.0, 185.0, 192.0, 170.0, 157.0, 144.0, 147.0, 170.0, 185.0, 174.0]",12.12990951538086,0.0,-93.06048583984375,0.0005588531494140625,-62.91529846191406
1750932161.4113529,1.0,0.5,"[174.0, 185.0, 192.0, 170.0, 157.0, 143.0, 147.0, 170.0, 185.0, 174.0]",12.167457580566406,0.0,-92.81759643554688,0.0005588531494140625,-62.930633544921875
1750932161.4301348,1.0,0.5,"[174.0, 185.0, 192.0, 169.0, 159.0, 144.0, 148.0, 170.0, 185.0, 174.0]",12.143525123596191,0.5,-92.57693481445312,0.0005588531494140625,-62.963287353515625
1750932161.449439,1.0,0.5,"[174.0, 185.0, 190.0, 168.0, 159.0, 145.0, 149.0, 172.0, 185.0, 174.0]",11.832244873046875,0.5,-92.34588623046875,0.0005588531494140625,-63.01438903808594
1750932161.4678338,1.0,0.5,"[174.0, 185.0, 188.0, 166.0, 160.0, 146.0, 151.0, 173.0, 185.0, 174.0]",11.854743003845215,0.5,-92.116943359375,0.0005588531494140625,-63.0760498046875
1750932161.4866827,1.0,0.5,"[174.0, 185.0, 186.0, 163.0, 160.0, 147.0, 152.0, 175.0, 185.0, 174.0]",11.702781677246094,0.5,-91.89303588867188,0.0005588531494140625,-63.14418029785156
1750932161.505505,0.0,0.5,"[174.0, 185.0, 184.0, 162.0, 159.0, 148.0, 153.0, 178.0, 185.0, 174.0]",12.057106971740723,0.5,-91.66372680664062,0.0005588531494140625,-63.2188720703125
1750932161.5248535,0.0,0.5,"[174.0, 185.0, 184.0, 161.0, 159.0, 149.0, 153.0, 178.0, 185.0, 174.0]",11.841729164123535,0.0,-91.43414306640625,0.0005588531494140625,-63.276947021484375
1750932161.5436792,0.0,0.5,"[174.0, 185.0, 184.0, 161.0, 159.0, 149.0, 153.0, 178.0, 185.0, 174.0]",11.871908187866211,0.0,-91.20059204101562,0.0005588531494140625,-63.3197021484375
1750932161.562095,0.0,0.5,"[174.0, 185.0, 184.0, 161.0, 159.0, 149.0, 153.0, 178.0, 185.0, 174.0]",11.636734008789062,0.0,-90.97149658203125,0.0005588531494140625,-63.3607177734375
1750932161.5808163,0.0,0.5,"[174.0, 185.0, 183.0, 161.0, 159.0, 149.0, 153.0, 178.0, 185.0, 174.0]",11.994427680969238,0.0,-90.73541259765625,0.0005588531494140625,-63.403350830078125
1750932161.599973,0.0,0.5,"[174.0, 185.0, 184.0, 162.0, 159.0, 148.0, 153.0, 178.0, 185.0, 174.0]",12.065936088562012,0.0,-90.49795532226562,0.0005588531494140625,-63.44630432128906
1750932161.6188712,0.0,0.5,"[174.0, 185.0, 183.0, 161.0, 159.0, 149.0, 153.0, 178.0, 185.0, 174.0]",12.080207824707031,0.0,-90.2601318359375,0.0005588531494140625,-63.48883056640625
1750932161.6525936,1.0,0.5,"[174.0, 185.0, 184.0, 162.0, 159.0, 148.0, 153.0, 178.0, 185.0, 174.0]",12.080970764160156,0.0,-90.02236938476562,0.0005588531494140625,-63.531951904296875
1750932161.6715724,1.0,0.5,"[174.0, 185.0, 183.0, 161.0, 159.0, 149.0, 153.0, 179.0, 185.0, 174.0]",11.837392807006836,0.5,-89.79257202148438,0.0005588531494140625,-63.58882141113281
1750932161.690093,1.0,0.5,"[174.0, 185.0, 181.0, 160.0, 159.0, 150.0, 154.0, 181.0, 185.0, 174.0]",11.668426513671875,0.5,-89.57211303710938,0.0005588531494140625,-63.66534423828125
1750932161.7088158,1.0,0.5,"[174.0, 185.0, 179.0, 158.0, 159.0, 151.0, 155.0, 183.0, 185.0, 174.0]",11.757105827331543,0.5,-89.35342407226562,0.0005588531494140625,-63.751739501953125
1750932161.72744,0.0,0.5,"[174.0, 185.0, 176.0, 155.0, 158.0, 153.0, 156.0, 184.0, 185.0, 174.0]",11.648104667663574,0.5,-89.13967895507812,0.0005588531494140625,-63.84440612792969
1750932161.7458067,0.0,0.5,"[174.0, 185.0, 176.0, 155.0, 157.0, 153.0, 158.0, 186.0, 185.0, 174.0]",11.882133483886719,0.0,-88.91607666015625,0.0005588531494140625,-63.924957275390625
1750932161.7638712,0.0,0.5,"[174.0, 185.0, 175.0, 155.0, 157.0, 153.0, 158.0, 186.0, 185.0, 174.0]",11.51025104522705,0.0,-88.69503784179688,0.0005588531494140625,-63.98919677734375
1750932161.7814188,0.0,0.5,"[174.0, 185.0, 175.0, 155.0, 157.0, 153.0, 158.0, 186.0, 185.0, 174.0]",11.772693634033203,0.0,-88.46804809570312,0.0005588531494140625,-64.05183410644531
1750932161.7998695,0.0,0.5,"[174.0, 185.0, 175.0, 155.0, 156.0, 153.0, 158.0, 186.0, 185.0, 174.0]",11.793282508850098,0.0,-88.24069213867188,0.0005588531494140625,-64.11459350585938
1750932161.8184993,0.0,0.5,"[174.0, 185.0, 175.0, 155.0, 157.0, 153.0, 158.0, 186.0, 185.0, 174.0]",11.696436882019043,0.0,-88.01528930664062,0.0005588531494140625,-64.17709350585938
1750932161.8510704,0.0,0.5,"[174.0, 185.0, 175.0, 155.0, 157.0, 153.0, 158.0, 185.0, 185.0, 174.0]",11.997140884399414,0.0,-87.7840576171875,0.0005588531494140625,-64.24118041992188
1750932161.8695636,0.0,0.5,"[174.0, 185.0, 175.0, 155.0, 157.0, 153.0, 158.0, 185.0, 185.0, 174.0]",12.005298614501953,0.0,-87.55264282226562,0.0005588531494140625,-64.30523681640625
1750932161.8879187,0.0,0.5,"[174.0, 185.0, 175.0, 155.0, 157.0, 153.0, 158.0, 185.0, 185.0, 174.0]",12.03449821472168,0.0,-87.32061767578125,0.0005588531494140625,-64.3692626953125
1750932161.9070067,0.0,0.5,"[174.0, 185.0, 175.0, 155.0, 157.0, 153.0, 158.0, 185.0, 185.0, 174.0]",12.012843132019043,0.0,-87.08901977539062,0.0005588531494140625,-64.43315124511719
1750932161.925938,0.0,0.5,"[174.0, 185.0, 175.0, 155.0, 157.0, 153.0, 158.0, 184.0, 185.0, 174.0]",11.991836547851562,0.0,-86.85781860351562,0.0005588531494140625,-64.49691772460938
1750932161.944977,0.0,0.5,"[174.0, 185.0, 175.0, 155.0, 157.0, 153.0, 158.0, 184.0, 185.0, 174.0]",12.188152313232422,0.0,-86.62286376953125,0.0005588531494140625,-64.56182861328125
1750932161.9628105,0.0,0.5,"[174.0, 185.0, 176.0, 155.0, 157.0, 153.0, 158.0, 184.0, 185.0, 174.0]",12.243270874023438,0.0,-86.38690185546875,0.0005588531494140625,-64.62728881835938
1750932161.9810846,0.0,0.5,"[174.0, 185.0, 176.0, 155.0, 157.0, 153.0, 158.0, 184.0, 185.0, 174.0]",12.307985305786133,0.0,-86.14956665039062,0.0005588531494140625,-64.69256591796875
1750932161.9999247,0.0,0.5,"[174.0, 185.0, 176.0, 155.0, 157.0, 153.0, 158.0, 184.0, 185.0, 174.0]",12.343050003051758,0.0,-85.91168212890625,0.0005588531494140625,-64.75856018066406
1750932162.018227,0.0,0.5,"[174.0, 185.0, 176.0, 155.0, 157.0, 153.0, 158.0, 184.0, 185.0, 174.0]",12.390164375305176,0.0,-85.67276000976562,0.0005588531494140625,-64.8243408203125
1750932162.0517313,0.0,0.5,"[174.0, 185.0, 176.0, 155.0, 157.0, 153.0, 158.0, 184.0, 185.0, 174.0]",12.453149795532227,0.0,-85.43276977539062,0.0005588531494140625,-64.89096069335938
1750932162.069853,0.0,0.5,"[174.0, 185.0, 176.0, 155.0, 157.0, 153.0, 158.0, 184.0, 185.0, 174.0]",12.476452827453613,0.0,-85.19219970703125,0.0005588531494140625,-64.95718383789062
1750932162.0880558,0.0,0.5,"[174.0, 185.0, 176.0, 156.0, 157.0, 153.0, 156.0, 184.0, 185.0, 174.0]",12.51407241821289,0.0,-84.95101928710938,0.0005588531494140625,-65.02407836914062
1750932162.10625,0.0,0.5,"[174.0, 185.0, 176.0, 155.0, 157.0, 153.0, 158.0, 184.0, 185.0, 174.0]",12.572795867919922,0.0,-84.70858764648438,0.0005588531494140625,-65.09078979492188
1750932162.1244326,0.0,0.5,"[174.0, 185.0, 176.0, 156.0, 157.0, 153.0, 156.0, 184.0, 185.0, 174.0]",12.617698669433594,0.0,-84.46542358398438,0.0005588531494140625,-65.1583251953125
1750932162.1431494,0.0,0.5,"[174.0, 185.0, 176.0, 156.0, 157.0, 153.0, 158.0, 184.0, 185.0, 174.0]",12.560357093811035,0.0,-84.2232666015625,0.0005588531494140625,-65.22509765625
1750932162.1611094,0.0,0.5,"[174.0, 185.0, 176.0, 156.0, 157.0, 153.0, 156.0, 184.0, 185.0, 174.0]",12.555514335632324,0.0,-83.98129272460938,0.00055694580078125,-65.29228210449219
1750932162.1790774,0.0,0.5,"[174.0, 185.0, 176.0, 156.0, 157.0, 153.0, 156.0, 184.0, 185.0, 174.0]",12.635041236877441,0.0,-83.73764038085938,0.00055694580078125,-65.35922241210938
1750932162.1972573,0.0,0.5,"[174.0, 185.0, 177.0, 156.0, 157.0, 153.0, 156.0, 184.0, 185.0, 174.0]",12.856152534484863,0.0,-83.48983764648438,0.00055694580078125,-65.42779541015625
1750932162.2454762,0.0,0.5,"[174.0, 185.0, 177.0, 156.0, 157.0, 153.0, 156.0, 184.0, 185.0, 174.0]",12.767324447631836,0.0,-83.24365234375,0.00055694580078125,-65.49560546875
1750932162.2636144,0.0,0.5,"[174.0, 185.0, 177.0, 156.0, 157.0, 153.0, 156.0, 184.0, 185.0, 174.0]",12.904865264892578,0.0,-82.994873046875,0.00055694580078125,-65.56439208984375
1750932162.2652516,0.0,0.5,"[174.0, 185.0, 177.0, 156.0, 157.0, 153.0, 156.0, 184.0, 185.0, 174.0]",12.740111351013184,0.0,-82.74923706054688,0.00055694580078125,-65.63214111328125
1750932162.2836993,0.0,0.5,"[174.0, 185.0, 178.0, 156.0, 157.0, 153.0, 156.0, 184.0, 185.0, 174.0]",12.957717895507812,0.0,-82.49951171875,0.00055694580078125,-65.70137023925781
1750932162.301512,0.0,0.5,"[174.0, 185.0, 178.0, 156.0, 157.0, 153.0, 156.0, 184.0, 185.0, 174.0]",12.836771011352539,0.0,-82.25204467773438,0.00055694580078125,-65.76974487304688
1750932162.319753,0.0,0.5,"[174.0, 185.0, 178.0, 156.0, 157.0, 153.0, 156.0, 183.0, 185.0, 174.0]",12.981698036193848,0.0,-82.0018310546875,0.00055694580078125,-65.8389892578125
1750932162.3385248,0.0,0.5,"[174.0, 185.0, 178.0, 156.0, 157.0, 153.0, 156.0, 183.0, 185.0, 174.0]",13.102943420410156,0.0,-81.74923706054688,0.00055694580078125,-65.90875244140625
1750932162.3712773,0.0,0.5,"[174.0, 185.0, 178.0, 156.0, 157.0, 153.0, 156.0, 183.0, 185.0, 174.0]",12.95521354675293,0.0,-81.49954223632812,0.00055694580078125,-65.97799682617188
1750932162.3898263,0.0,0.5,"[174.0, 185.0, 178.0, 156.0, 157.0, 153.0, 156.0, 183.0, 185.0, 174.0]",13.333111763000488,0.0,-81.24252319335938,0.0005588531494140625,-66.04904174804688
1750932162.4086206,0.0,0.5,"[174.0, 185.0, 178.0, 156.0, 157.0, 153.0, 156.0, 183.0, 185.0, 174.0]",13.086318016052246,0.0,-80.990234375,0.0005588531494140625,-66.11865234375
1750932162.4267645,0.0,0.5,"[174.0, 185.0, 178.0, 156.0, 157.0, 153.0, 156.0, 183.0, 185.0, 174.0]",13.413163185119629,0.0,-80.73162841796875,0.0005588531494140625,-66.18998718261719
1750932162.445741,0.0,0.5,"[174.0, 185.0, 178.0, 156.0, 157.0, 153.0, 156.0, 183.0, 185.0, 174.0]",13.034717559814453,0.0,-80.4803466796875,0.0005588531494140625,-66.25942993164062
1750932162.4638739,0.0,0.5,"[174.0, 185.0, 179.0, 157.0, 157.0, 153.0, 156.0, 183.0, 185.0, 174.0]",13.3612699508667,0.0,-80.22280883789062,0.0005588531494140625,-66.33070373535156
1750932162.4819891,0.0,0.5,"[174.0, 185.0, 179.0, 157.0, 157.0, 153.0, 156.0, 183.0, 185.0, 174.0]",13.282825469970703,0.0,-79.96676635742188,0.0005588531494140625,-66.40151977539062
1750932162.500742,0.0,0.5,"[174.0, 185.0, 179.0, 157.0, 157.0, 153.0, 156.0, 183.0, 185.0, 174.0]",13.235899925231934,0.0,-79.71160888671875,0.0005588531494140625,-66.4720458984375
1750932162.5177562,0.0,0.5,"[174.0, 185.0, 179.0, 157.0, 157.0, 153.0, 156.0, 183.0, 185.0, 174.0]",13.341010093688965,0.0,-79.45443725585938,0.0005588531494140625,-66.54312133789062
1750932162.5650477,0.0,0.5,"[174.0, 185.0, 179.0, 157.0, 157.0, 153.0, 156.0, 183.0, 185.0, 174.0]",13.741860389709473,0.0,-79.18951416015625,0.0005588531494140625,-66.61628723144531
1750932162.583261,0.0,0.5,"[174.0, 185.0, 179.0, 158.0, 157.0, 153.0, 156.0, 183.0, 185.0, 174.0]",13.490643501281738,0.0,-78.929443359375,0.0005588531494140625,-66.68814086914062
1750932162.5850358,0.0,0.5,"[174.0, 185.0, 179.0, 158.0, 157.0, 153.0, 156.0, 183.0, 185.0, 174.0]",13.754033088684082,0.0,-78.66427612304688,0.0005588531494140625,-66.76141357421875
1750932162.603013,0.0,0.5,"[174.0, 185.0, 179.0, 158.0, 157.0, 153.0, 156.0, 183.0, 185.0, 174.0]",13.355354309082031,0.0,-78.40682983398438,0.0005588531494140625,-66.83255004882812
1750932162.6214342,0.0,0.5,"[174.0, 185.0, 179.0, 158.0, 157.0, 153.0, 156.0, 183.0, 185.0, 174.0]",13.731670379638672,0.0,-78.14208984375,0.0005588531494140625,-66.9056396484375
1750932162.6396964,0.0,0.5,"[174.0, 185.0, 179.0, 158.0, 157.0, 153.0, 156.0, 183.0, 185.0, 174.0]",13.686113357543945,0.0,-77.87823486328125,0.0005588531494140625,-66.97842407226562
1750932162.6581368,0.0,0.5,"[174.0, 185.0, 179.0, 158.0, 157.0, 153.0, 156.0, 183.0, 185.0, 174.0]",13.855578422546387,0.0,-77.61114501953125,0.0005588531494140625,-67.05224609375
1750932162.6904345,0.0,0.5,"[174.0, 185.0, 179.0, 158.0, 157.0, 153.0, 156.0, 183.0, 185.0, 174.0]",13.664231300354004,0.0,-77.34768676757812,0.000560760498046875,-67.12490844726562
1750932162.7091644,0.0,0.5,"[174.0, 185.0, 180.0, 158.0, 157.0, 152.0, 156.0, 181.0, 185.0, 174.0]",13.826516151428223,0.0,-77.0811767578125,0.000560760498046875,-67.19868469238281
1750932162.7270226,0.0,0.5,"[174.0, 185.0, 180.0, 158.0, 157.0, 152.0, 155.0, 181.0, 185.0, 174.0]",13.876290321350098,0.0,-76.81362915039062,0.000560760498046875,-67.27249145507812
1750932162.7453346,0.0,0.5,"[174.0, 185.0, 180.0, 158.0, 157.0, 152.0, 155.0, 181.0, 185.0, 174.0]",13.934231758117676,0.0,-76.54495239257812,0.000560760498046875,-67.34652709960938
1750932162.7636063,0.0,0.5,"[174.0, 185.0, 181.0, 158.0, 157.0, 152.0, 155.0, 181.0, 185.0, 174.0]",14.0068941116333,0.0,-76.27490234375,0.0005588531494140625,-67.42094421386719
1750932162.7824755,0.0,0.5,"[174.0, 185.0, 181.0, 158.0, 157.0, 152.0, 155.0, 181.0, 185.0, 174.0]",14.039923667907715,0.0,-76.00424194335938,0.0005588531494140625,-67.49569702148438
1750932162.801667,0.0,0.5,"[174.0, 185.0, 181.0, 158.0, 157.0, 152.0, 155.0, 181.0, 185.0, 174.0]",14.117406845092773,0.0,-75.73208618164062,0.0005588531494140625,-67.57095336914062
1750932162.8196542,0.0,0.5,"[174.0, 185.0, 181.0, 158.0, 157.0, 152.0, 155.0, 181.0, 185.0, 174.0]",14.100351333618164,0.0,-75.46029663085938,0.0005588531494140625,-67.64614868164062
1750932162.8383741,0.0,0.5,"[174.0, 185.0, 181.0, 158.0, 157.0, 152.0, 155.0, 181.0, 185.0, 174.0]",14.089279174804688,0.0,-75.188720703125,0.0005588531494140625,-67.72134399414062
1750932162.8705559,0.0,0.5,"[174.0, 185.0, 181.0, 158.0, 157.0, 152.0, 155.0, 181.0, 185.0, 174.0]",14.257342338562012,0.0,-74.91390991210938,0.0005588531494140625,-67.79740905761719
1750932162.8887303,0.0,0.5,"[174.0, 185.0, 181.0, 158.0, 157.0, 152.0, 155.0, 181.0, 185.0, 174.0]",14.091325759887695,0.0,-74.64218139648438,0.0005588531494140625,-67.87222290039062
1750932162.9068346,0.0,0.5,"[174.0, 185.0, 181.0, 159.0, 157.0, 152.0, 155.0, 181.0, 185.0, 174.0]",14.410584449768066,0.0,-74.36434936523438,0.00055694580078125,-67.94882202148438
1750932162.925741,0.0,0.5,"[174.0, 185.0, 181.0, 159.0, 157.0, 152.0, 155.0, 181.0, 185.0, 174.0]",14.18186092376709,0.0,-74.09091186523438,0.0005588531494140625,-68.02420043945312
1750932162.9435804,0.0,0.5,"[174.0, 185.0, 181.0, 159.0, 157.0, 152.0, 155.0, 181.0, 185.0, 174.0]",14.352099418640137,0.0,-73.81423950195312,0.0005588531494140625,-68.10067749023438
1750932162.9619107,0.0,0.5,"[174.0, 185.0, 181.0, 159.0, 157.0, 152.0, 155.0, 181.0, 185.0, 174.0]",14.292143821716309,0.0,-73.53866577148438,0.0005588531494140625,-68.17657470703125
1750932162.9807184,0.0,0.5,"[174.0, 185.0, 181.0, 159.0, 157.0, 152.0, 155.0, 181.0, 185.0, 174.0]",14.680678367614746,0.0,-73.25564575195312,0.0005588531494140625,-68.25473022460938
1750932162.9988985,0.0,0.5,"[174.0, 185.0, 181.0, 159.0, 157.0, 152.0, 155.0, 181.0, 185.0, 174.0]",14.3995943069458,0.0,-72.97805786132812,0.0005588531494140625,-68.3314208984375
1750932163.0311124,0.0,0.5,"[174.0, 185.0, 183.0, 159.0, 157.0, 152.0, 155.0, 180.0, 185.0, 174.0]",14.753746032714844,0.0,-72.69363403320312,0.0005588531494140625,-68.4100341796875
1750932163.049907,0.0,0.5,"[174.0, 185.0, 183.0, 159.0, 157.0, 152.0, 155.0, 180.0, 185.0, 174.0]",14.44033145904541,0.0,-72.41525268554688,0.0005588531494140625,-68.4869384765625
1750932163.0679305,0.0,0.5,"[174.0, 185.0, 183.0, 159.0, 157.0, 152.0, 155.0, 180.0, 185.0, 174.0]",14.777053833007812,0.0,-72.13037109375,0.0005588531494140625,-68.56552124023438
1750932163.0861502,0.0,0.5,"[174.0, 185.0, 183.0, 159.0, 157.0, 152.0, 155.0, 179.0, 185.0, 174.0]",14.534037590026855,0.0,-71.85015869140625,0.0005588531494140625,-68.642822265625
1750932163.1039596,0.0,0.5,"[174.0, 185.0, 183.0, 159.0, 157.0, 152.0, 155.0, 179.0, 185.0, 174.0]",14.875320434570312,0.0,-71.56338500976562,0.0005588531494140625,-68.72210693359375
1750932163.121971,0.0,0.5,"[174.0, 185.0, 183.0, 159.0, 157.0, 152.0, 155.0, 179.0, 185.0, 174.0]",14.565855026245117,0.0,-71.2825927734375,0.0005588531494140625,-68.7996826171875
1750932163.1399658,0.0,0.5,"[174.0, 185.0, 183.0, 159.0, 157.0, 152.0, 155.0, 179.0, 185.0, 174.0]",14.959540367126465,0.0,-70.99423217773438,0.0005588531494140625,-68.87939453125
1750932163.15733,0.0,0.5,"[174.0, 185.0, 183.0, 159.0, 157.0, 152.0, 154.0, 179.0, 185.0, 174.0]",14.704781532287598,0.0,-70.71078491210938,0.0005588531494140625,-68.95780944824219
1750932163.2037406,0.0,0.5,"[174.0, 185.0, 183.0, 159.0, 157.0, 152.0, 154.0, 179.0, 185.0, 174.0]",15.082329750061035,0.0,-70.42001342773438,0.0005588531494140625,-69.03813171386719
1750932163.2220697,0.0,0.5,"[174.0, 185.0, 183.0, 159.0, 157.0, 152.0, 154.0, 179.0, 185.0, 174.0]",14.740686416625977,0.0,-70.13583374023438,0.0005588531494140625,-69.11660766601562
1750932163.223616,0.0,0.5,"[174.0, 185.0, 183.0, 159.0, 157.0, 152.0, 154.0, 179.0, 185.0, 174.0]",15.126413345336914,0.0,-69.84420776367188,0.0005588531494140625,-69.19706726074219
1750932163.2411878,0.0,0.5,"[174.0, 185.0, 183.0, 159.0, 157.0, 152.0, 154.0, 179.0, 185.0, 174.0]",14.963390350341797,0.0,-69.55569458007812,0.0005588531494140625,-69.276611328125
1750932163.2590258,0.0,0.5,"[174.0, 185.0, 184.0, 159.0, 157.0, 152.0, 154.0, 179.0, 185.0, 174.0]",15.103547096252441,0.0,-69.26455688476562,0.0005588531494140625,-69.3570556640625
1750932163.2910938,0.0,0.5,"[174.0, 185.0, 184.0, 159.0, 157.0, 152.0, 154.0, 179.0, 185.0, 174.0]",14.927031517028809,0.0,-68.97671508789062,0.0005588531494140625,-69.43635559082031
1750932163.3091516,0.0,0.5,"[174.0, 185.0, 184.0, 159.0, 157.0, 152.0, 154.0, 179.0, 185.0, 174.0]",15.295914649963379,0.0,-68.68185424804688,0.0005588531494140625,-69.517822265625
1750932163.3271854,0.0,0.5,"[174.0, 185.0, 184.0, 159.0, 157.0, 152.0, 154.0, 179.0, 185.0, 174.0]",14.935314178466797,0.0,-68.39395141601562,0.0005588531494140625,-69.597412109375
1750932163.3452408,0.0,0.5,"[174.0, 185.0, 184.0, 159.0, 157.0, 152.0, 154.0, 179.0, 185.0, 174.0]",15.325116157531738,0.0,-68.0985107421875,0.0005588531494140625,-69.67901611328125
1750932163.3624406,0.0,0.5,"[174.0, 185.0, 184.0, 159.0, 157.0, 152.0, 154.0, 179.0, 185.0, 174.0]",15.156278610229492,0.0,-67.80630493164062,0.000560760498046875,-69.75968933105469
1750932163.3803074,0.0,0.5,"[174.0, 185.0, 184.0, 160.0, 157.0, 152.0, 154.0, 178.0, 185.0, 174.0]",15.359418869018555,0.0,-67.51025390625,0.0005588531494140625,-69.84158325195312
1750932163.3987105,0.0,0.5,"[174.0, 185.0, 184.0, 160.0, 157.0, 152.0, 154.0, 178.0, 185.0, 174.0]",15.188636779785156,0.0,-67.21737670898438,0.0005588531494140625,-69.92230224609375
1750932163.4310973,0.0,0.5,"[174.0, 185.0, 184.0, 160.0, 157.0, 152.0, 154.0, 178.0, 185.0, 174.0]",15.541138648986816,0.0,-66.91778564453125,0.0005588531494140625,-70.00505065917969
1750932163.4495578,0.0,0.5,"[174.0, 185.0, 184.0, 160.0, 157.0, 152.0, 154.0, 178.0, 185.0, 174.0]",15.141304969787598,0.0,-66.62588500976562,0.0005588531494140625,-70.08566284179688
1750932163.4676254,0.0,0.5,"[174.0, 185.0, 184.0, 160.0, 157.0, 152.0, 154.0, 178.0, 185.0, 174.0]",15.519807815551758,0.0,-66.32669067382812,0.0005588531494140625,-70.16828918457031
1750932163.4848328,0.0,0.5,"[174.0, 185.0, 184.0, 160.0, 158.0, 152.0, 154.0, 178.0, 185.0, 174.0]",15.44724178314209,0.0,-66.02890014648438,0.0005588531494140625,-70.25051879882812
1750932163.5026398,0.0,0.5,"[174.0, 185.0, 185.0, 160.0, 158.0, 152.0, 154.0, 178.0, 185.0, 174.0]",15.453449249267578,0.0,-65.73092651367188,0.0005588531494140625,-70.33267211914062
1750932163.5207152,0.0,0.5,"[174.0, 185.0, 185.0, 160.0, 157.0, 152.0, 154.0, 178.0, 185.0, 174.0]",15.651986122131348,0.0,-65.42913818359375,0.0005588531494140625,-70.41583251953125
1750932163.5387645,0.0,0.5,"[174.0, 185.0, 185.0, 160.0, 158.0, 152.0, 154.0, 178.0, 185.0, 174.0]",15.40966796875,0.0,-65.132080078125,0.0005588531494140625,-70.4979248046875
1750932163.5705118,0.0,0.5,"[174.0, 185.0, 185.0, 160.0, 157.0, 152.0, 154.0, 177.0, 185.0, 174.0]",15.5930757522583,0.0,-64.8314208984375,0.0005588531494140625,-70.58074951171875
1750932163.5886729,0.0,0.5,"[174.0, 185.0, 186.0, 160.0, 157.0, 152.0, 154.0, 177.0, 185.0, 174.0]",15.812124252319336,0.0,-64.52658081054688,0.0005588531494140625,-70.66493225097656
1750932163.6054094,0.0,0.5,"[174.0, 185.0, 186.0, 160.0, 157.0, 151.0, 153.0, 177.0, 185.0, 174.0]",15.521029472351074,0.0,-64.22738647460938,0.000560760498046875,-70.74757385253906
1750932163.6239147,0.0,0.5,"[174.0, 185.0, 186.0, 160.0, 157.0, 151.0, 153.0, 176.0, 185.0, 174.0]",15.885698318481445,0.0,-63.921142578125,0.000560760498046875,-70.83222961425781
1750932163.6415288,0.0,0.5,"[174.0, 185.0, 186.0, 160.0, 157.0, 151.0, 153.0, 176.0, 185.0, 174.0]",15.611114501953125,0.0,-63.620208740234375,0.000560760498046875,-70.91537475585938
1750932163.659376,0.0,0.5,"[174.0, 185.0, 186.0, 160.0, 158.0, 151.0, 153.0, 176.0, 185.0, 174.0]",15.966419219970703,0.0,-63.312408447265625,0.000560760498046875,-71.00044250488281
1750932163.6770332,0.0,0.5,"[174.0, 185.0, 186.0, 160.0, 157.0, 151.0, 153.0, 176.0, 185.0, 174.0]",15.750089645385742,0.0,-63.008758544921875,0.000560760498046875,-71.08428955078125
1750932163.7226527,0.0,0.5,"[174.0, 185.0, 186.0, 161.0, 158.0, 151.0, 153.0, 176.0, 185.0, 174.0]",15.973299980163574,0.0,-62.700836181640625,0.000560760498046875,-71.16938781738281
1750932163.7411928,0.0,0.5,"[174.0, 185.0, 186.0, 160.0, 157.0, 151.0, 153.0, 176.0, 185.0, 174.0]",15.898289680480957,0.0,-62.394287109375,0.000560760498046875,-71.2537841796875
1750932163.7429228,0.0,0.5,"[174.0, 185.0, 186.0, 160.0, 157.0, 151.0, 153.0, 176.0, 185.0, 174.0]",16.04172134399414,0.0,-62.085052490234375,0.000560760498046875,-71.33932495117188
1750932163.7604764,0.0,0.5,"[174.0, 185.0, 186.0, 160.0, 157.0, 151.0, 153.0, 176.0, 185.0, 174.0]",16.002134323120117,0.0,-61.776519775390625,0.000560760498046875,-71.42436218261719
1750932163.7780766,0.0,0.5,"[174.0, 185.0, 187.0, 161.0, 157.0, 151.0, 153.0, 176.0, 185.0, 174.0]",16.009477615356445,0.0,-61.468017578125,0.000560760498046875,-71.51002502441406
1750932163.8242867,0.0,0.5,"[174.0, 185.0, 187.0, 161.0, 157.0, 151.0, 153.0, 176.0, 185.0, 174.0]",16.272062301635742,0.0,-61.154327392578125,0.000560760498046875,-71.59674072265625
1750932163.841169,0.0,0.5,"[174.0, 185.0, 187.0, 161.0, 157.0, 151.0, 153.0, 176.0, 185.0, 174.0]",16.006080627441406,0.0,-60.845794677734375,0.000560760498046875,-71.68209838867188
1750932163.8427413,0.0,0.5,"[174.0, 185.0, 187.0, 161.0, 157.0, 151.0, 153.0, 176.0, 185.0, 174.0]",16.31514549255371,0.0,-60.531280517578125,0.000560760498046875,-71.76899719238281
1750932163.8603213,0.0,0.5,"[174.0, 185.0, 187.0, 161.0, 157.0, 151.0, 153.0, 176.0, 185.0, 174.0]",16.130504608154297,0.0,-60.2203369140625,0.000560760498046875,-71.85491943359375
1750932163.8779113,0.0,0.5,"[174.0, 185.0, 187.0, 161.0, 157.0, 151.0, 153.0, 175.0, 185.0, 174.0]",16.459365844726562,0.0,-59.903045654296875,0.000560760498046875,-71.94270324707031
1750932163.9226406,0.0,0.5,"[174.0, 185.0, 187.0, 161.0, 157.0, 151.0, 153.0, 175.0, 185.0, 174.0]",16.18387794494629,0.0,-59.591064453125,0.000560760498046875,-72.02890014648438
1750932163.940861,0.0,0.5,"[174.0, 185.0, 187.0, 161.0, 157.0, 151.0, 152.0, 175.0, 185.0, 174.0]",16.497119903564453,0.0,-59.273101806640625,0.000560760498046875,-72.11691284179688
1750932163.9425385,0.0,0.5,"[174.0, 185.0, 187.0, 161.0, 157.0, 151.0, 152.0, 175.0, 185.0, 174.0]",16.358983993530273,0.0,-58.957763671875,0.0005588531494140625,-72.20414733886719
1750932163.9596694,0.0,0.5,"[174.0, 185.0, 187.0, 161.0, 157.0, 151.0, 152.0, 175.0, 185.0, 174.0]",16.554092407226562,0.0,-58.63861083984375,0.000560760498046875,-72.29229736328125
1750932163.9780495,0.0,0.5,"[174.0, 185.0, 187.0, 161.0, 157.0, 151.0, 152.0, 175.0, 185.0, 174.0]",16.373506546020508,0.0,-58.323028564453125,0.0005588531494140625,-72.379638671875
1750932164.0100303,0.0,0.5,"[174.0, 185.0, 187.0, 161.0, 157.0, 151.0, 152.0, 175.0, 185.0, 174.0]",16.575895309448242,0.0,-58.003448486328125,0.0005588531494140625,-72.46780395507812
1750932164.0280378,0.0,0.5,"[174.0, 185.0, 187.0, 161.0, 157.0, 151.0, 152.0, 175.0, 185.0, 174.0]",16.553138732910156,0.0,-57.684326171875,0.0005588531494140625,-72.55598449707031
1750932164.045024,0.0,0.5,"[174.0, 185.0, 188.0, 161.0, 157.0, 151.0, 152.0, 175.0, 185.0, 174.0]",16.632816314697266,0.0,-57.36370849609375,0.0005588531494140625,-72.64462280273438
1750932164.0626402,0.0,0.5,"[174.0, 185.0, 188.0, 161.0, 157.0, 151.0, 152.0, 175.0, 185.0, 174.0]",16.647884368896484,0.0,-57.042755126953125,0.0005588531494140625,-72.73323059082031
1750932164.079904,0.0,0.5,"[174.0, 185.0, 188.0, 161.0, 157.0, 151.0, 152.0, 175.0, 185.0, 174.0]",16.72213363647461,0.0,-56.720367431640625,0.0005588531494140625,-72.82217407226562
1750932164.0970407,0.0,0.5,"[174.0, 185.0, 189.0, 161.0, 157.0, 151.0, 152.0, 173.0, 185.0, 174.0]",16.743480682373047,0.0,-56.397552490234375,0.0005588531494140625,-72.91133117675781
1750932164.141907,0.0,0.5,"[174.0, 185.0, 189.0, 161.0, 157.0, 151.0, 152.0, 173.0, 185.0, 174.0]",16.747127532958984,0.0,-56.074737548828125,0.0005588531494140625,-73.00054931640625
1750932164.1594203,0.0,0.5,"[174.0, 185.0, 189.0, 161.0, 157.0, 151.0, 152.0, 173.0, 185.0, 174.0]",16.76295280456543,0.0,-55.7515869140625,0.000560760498046875,-73.08987426757812
1750932164.1610763,0.0,0.5,"[174.0, 185.0, 189.0, 161.0, 157.0, 151.0, 152.0, 173.0, 185.0, 174.0]",16.895896911621094,0.0,-55.4259033203125,0.000560760498046875,-73.179931640625
1750932164.1781855,0.0,0.5,"[174.0, 185.0, 189.0, 161.0, 157.0, 151.0, 152.0, 173.0, 185.0, 174.0]",16.77053451538086,0.0,-55.102569580078125,0.000560760498046875,-73.26913452148438
1750932164.2093287,0.0,0.5,"[174.0, 185.0, 189.0, 161.0, 157.0, 151.0, 152.0, 173.0, 185.0, 174.0]",17.11174774169922,0.0,-54.772674560546875,0.000560760498046875,-73.3602294921875
1750932164.226465,0.0,0.5,"[174.0, 185.0, 189.0, 161.0, 157.0, 151.0, 152.0, 173.0, 185.0, 174.0]",16.786832809448242,0.0,-54.44903564453125,0.000560760498046875,-73.44955444335938
1750932164.2443156,0.0,0.5,"[174.0, 185.0, 189.0, 162.0, 157.0, 151.0, 152.0, 173.0, 185.0, 174.0]",17.209091186523438,0.0,-54.117279052734375,0.000560760498046875,-73.54116821289062
1750932164.2614646,0.0,0.5,"[174.0, 185.0, 189.0, 162.0, 157.0, 150.0, 151.0, 173.0, 185.0, 174.0]",16.80104637145996,0.0,-53.79339599609375,0.000560760498046875,-73.63064575195312
1750932164.2786214,0.0,0.5,"[174.0, 185.0, 189.0, 162.0, 157.0, 150.0, 151.0, 173.0, 185.0, 174.0]",17.213911056518555,0.0,-53.4615478515625,0.000560760498046875,-73.72235107421875
1750932164.3108187,0.0,0.5,"[174.0, 185.0, 189.0, 162.0, 157.0, 150.0, 151.0, 172.0, 185.0, 174.0]",16.927936553955078,0.0,-53.135223388671875,0.000560760498046875,-73.81259155273438
1750932164.3284495,0.0,0.5,"[174.0, 185.0, 189.0, 162.0, 157.0, 150.0, 151.0, 172.0, 185.0, 174.0]",17.168609619140625,0.0,-52.80419921875,0.0005588531494140625,-73.90383911132812
1750932164.3459942,0.0,0.5,"[174.0, 185.0, 189.0, 162.0, 157.0, 150.0, 151.0, 172.0, 185.0, 174.0]",17.144926071166992,0.0,-52.473663330078125,0.000560760498046875,-73.99502563476562
1750932164.3626873,0.0,0.5,"[174.0, 185.0, 190.0, 162.0, 157.0, 150.0, 151.0, 172.0, 185.0, 174.0]",17.194923400878906,0.0,-52.142181396484375,0.0005588531494140625,-74.08656311035156
1750932164.380515,0.0,0.5,"[174.0, 185.0, 190.0, 162.0, 157.0, 150.0, 151.0, 172.0, 185.0, 174.0]",17.196823120117188,0.0,-51.8106689453125,0.0005588531494140625,-74.17825317382812
1750932164.39775,0.0,0.5,"[174.0, 185.0, 190.0, 162.0, 157.0, 150.0, 151.0, 172.0, 185.0, 174.0]",17.322980880737305,0.0,-51.476776123046875,0.000560760498046875,-74.27072143554688
1750932164.442166,0.0,0.5,"[174.0, 185.0, 190.0, 162.0, 157.0, 150.0, 151.0, 172.0, 185.0, 174.0]",17.237110137939453,0.0,-51.144500732421875,0.000560760498046875,-74.36256408691406
1750932164.4586194,1.0,0.5,"[174.0, 185.0, 190.0, 162.0, 157.0, 150.0, 151.0, 172.0, 185.0, 174.0]",17.452585220336914,0.0,-50.808074951171875,0.000560760498046875,-74.45556640625
1750932164.4603088,1.0,0.5,"[174.0, 185.0, 190.0, 162.0, 157.0, 150.0, 151.0, 172.0, 185.0, 174.0]",16.985885620117188,0.5,-50.484405517578125,0.000560760498046875,-74.55877685546875
1750932164.4775743,1.0,0.5,"[174.0, 185.0, 188.0, 161.0, 156.0, 152.0, 152.0, 173.0, 185.0, 174.0]",16.9982852935791,0.5,-50.167236328125,0.000560760498046875,-74.68115234375
1750932164.521837,0.0,0.5,"[174.0, 185.0, 186.0, 159.0, 154.0, 154.0, 154.0, 176.0, 185.0, 174.0]",16.711082458496094,0.5,-49.864715576171875,0.000560760498046875,-74.82321166992188
1750932164.53963,0.0,0.5,"[174.0, 185.0, 184.0, 158.0, 154.0, 155.0, 155.0, 178.0, 185.0, 174.0]",16.80315589904785,0.0,-49.554107666015625,0.000560760498046875,-74.95150756835938
1750932164.5412712,0.0,0.5,"[174.0, 185.0, 184.0, 158.0, 154.0, 155.0, 155.0, 178.0, 185.0, 174.0]",16.67285919189453,0.0,-49.24102783203125,0.000560760498046875,-75.0662841796875
1750932164.5579638,0.0,0.5,"[174.0, 185.0, 184.0, 158.0, 154.0, 155.0, 156.0, 178.0, 185.0, 174.0]",16.633134841918945,0.0,-48.9281005859375,0.0005626678466796875,-75.17921447753906
1750932164.6012125,0.0,0.5,"[174.0, 185.0, 184.0, 158.0, 154.0, 155.0, 156.0, 178.0, 185.0, 174.0]",16.864295959472656,0.0,-48.6107177734375,0.0005626678466796875,-75.2933349609375
1750932164.6186533,0.0,0.5,"[174.0, 185.0, 184.0, 158.0, 154.0, 155.0, 156.0, 178.0, 185.0, 174.0]",16.84638023376465,0.0,-48.293609619140625,0.0005626678466796875,-75.40719604492188
1750932164.6202135,0.0,0.5,"[174.0, 185.0, 184.0, 158.0, 154.0, 155.0, 156.0, 178.0, 185.0, 174.0]",16.81661605834961,0.0,-47.97711181640625,0.0005626678466796875,-75.52099609375
1750932164.6367357,0.0,0.5,"[174.0, 185.0, 184.0, 158.0, 154.0, 155.0, 156.0, 178.0, 185.0, 174.0]",17.092464447021484,0.0,-47.655364990234375,0.0005626678466796875,-75.63650512695312
1750932164.6802619,0.0,0.5,"[174.0, 185.0, 184.0, 158.0, 154.0, 155.0, 156.0, 178.0, 185.0, 174.0]",16.809242248535156,0.0,-47.338958740234375,0.0005626678466796875,-75.75013732910156
1750932164.697915,0.0,0.5,"[174.0, 185.0, 184.0, 158.0, 153.0, 155.0, 156.0, 179.0, 185.0, 174.0]",17.117624282836914,0.0,-47.0167236328125,0.0005626678466796875,-75.86576843261719
1750932164.6995037,0.0,0.5,"[174.0, 185.0, 184.0, 158.0, 153.0, 155.0, 156.0, 179.0, 185.0, 174.0]",16.955358505249023,0.0,-46.697601318359375,0.0005626678466796875,-75.98040771484375
1750932164.716852,0.0,0.5,"[174.0, 185.0, 184.0, 158.0, 153.0, 155.0, 156.0, 179.0, 185.0, 174.0]",17.229671478271484,0.0,-46.37322998046875,0.0005626678466796875,-76.09675598144531
1750932164.7602055,0.0,0.5,"[174.0, 185.0, 184.0, 158.0, 153.0, 155.0, 156.0, 179.0, 185.0, 174.0]",16.988271713256836,0.0,-46.053466796875,0.0005626678466796875,-76.21157836914062
1750932164.7769055,0.0,0.5,"[174.0, 185.0, 184.0, 158.0, 153.0, 155.0, 156.0, 179.0, 185.0, 174.0]",17.164945602416992,0.0,-45.73028564453125,0.0005626678466796875,-76.32740783691406
1750932164.7784905,0.0,0.5,"[174.0, 185.0, 184.0, 158.0, 153.0, 155.0, 156.0, 179.0, 185.0, 174.0]",17.08237648010254,0.0,-45.408782958984375,0.0005626678466796875,-76.44293212890625
1750932164.8088956,0.0,0.5,"[174.0, 185.0, 184.0, 158.0, 153.0, 155.0, 156.0, 179.0, 185.0, 174.0]",17.35301399230957,0.0,-45.082122802734375,0.0005626678466796875,-76.56021118164062
1750932164.8256829,0.0,0.5,"[174.0, 185.0, 184.0, 158.0, 153.0, 155.0, 156.0, 179.0, 185.0, 174.0]",17.10076332092285,0.0,-44.760223388671875,0.000560760498046875,-76.67578125
1750932164.843176,0.0,0.5,"[174.0, 185.0, 184.0, 158.0, 153.0, 155.0, 156.0, 179.0, 185.0, 174.0]",17.41135597229004,0.0,-44.4324951171875,0.000560760498046875,-76.79348754882812
1750932164.8591573,0.0,0.5,"[174.0, 185.0, 184.0, 158.0, 153.0, 155.0, 156.0, 179.0, 185.0, 174.0]",17.308469772338867,0.0,-44.106658935546875,0.000560760498046875,-76.91041564941406
1750932164.889452,0.0,0.5,"[174.0, 185.0, 184.0, 158.0, 153.0, 155.0, 156.0, 179.0, 185.0, 174.0]",17.417667388916016,0.0,-43.77880859375,0.000560760498046875,-77.02813720703125
1750932164.9062908,0.0,0.5,"[174.0, 185.0, 184.0, 158.0, 153.0, 155.0, 156.0, 179.0, 185.0, 174.0]",17.364463806152344,0.0,-43.451934814453125,0.000560760498046875,-77.14541625976562
1750932164.9235225,0.0,0.5,"[174.0, 185.0, 184.0, 158.0, 153.0, 155.0, 156.0, 179.0, 185.0, 174.0]",17.321516036987305,0.0,-43.1258544921875,0.000560760498046875,-77.262451171875
1750932164.9403932,0.0,0.5,"[174.0, 185.0, 184.0, 158.0, 153.0, 155.0, 156.0, 179.0, 185.0, 174.0]",17.567989349365234,0.0,-42.795166015625,0.000560760498046875,-77.38113403320312
1750932164.9568923,0.0,0.5,"[174.0, 185.0, 184.0, 158.0, 153.0, 155.0, 156.0, 179.0, 185.0, 174.0]",17.504934310913086,0.0,-42.46563720703125,0.0005626678466796875,-77.49940490722656
1750932165.0005026,0.0,0.5,"[174.0, 185.0, 184.0, 158.0, 153.0, 155.0, 156.0, 179.0, 185.0, 174.0]",17.70676040649414,0.0,-42.132354736328125,0.0005626678466796875,-77.61911010742188
1750932165.0170598,0.0,0.5,"[174.0, 185.0, 184.0, 158.0, 153.0, 155.0, 156.0, 179.0, 185.0, 174.0]",17.50457191467285,0.0,-41.802825927734375,0.000560760498046875,-77.7373046875
1750932165.0186727,0.0,0.5,"[174.0, 185.0, 184.0, 158.0, 153.0, 155.0, 156.0, 179.0, 185.0, 174.0]",17.70206642150879,0.0,-41.469635009765625,0.000560760498046875,-77.85707092285156
1750932165.0482779,0.0,0.5,"[174.0, 185.0, 184.0, 158.0, 153.0, 155.0, 156.0, 179.0, 185.0, 174.0]",17.631248474121094,0.0,-41.137725830078125,0.000560760498046875,-77.97616577148438
1750932165.0652897,0.0,0.5,"[174.0, 185.0, 184.0, 158.0, 153.0, 155.0, 156.0, 179.0, 185.0, 174.0]",17.745298385620117,0.0,-40.803741455078125,0.000560760498046875,-78.09613037109375
1750932165.0829155,0.0,0.5,"[174.0, 185.0, 184.0, 158.0, 153.0, 155.0, 156.0, 179.0, 185.0, 174.0]",17.595195770263672,0.0,-40.47247314453125,0.000560760498046875,-78.21493530273438
1750932165.0997565,0.0,0.5,"[174.0, 185.0, 184.0, 158.0, 153.0, 155.0, 156.0, 179.0, 185.0, 174.0]",17.92443084716797,0.0,-40.135040283203125,0.000560760498046875,-78.33601379394531
1750932165.116605,0.0,0.5,"[174.0, 185.0, 184.0, 158.0, 153.0, 155.0, 156.0, 179.0, 185.0, 174.0]",17.708024978637695,0.0,-39.80169677734375,0.000560760498046875,-78.45561218261719
1750932165.1590226,0.0,0.5,"[174.0, 185.0, 184.0, 158.0, 153.0, 155.0, 156.0, 179.0, 185.0, 174.0]",18.024072647094727,0.0,-39.462432861328125,0.000560760498046875,-78.57742309570312
1750932165.1750276,0.0,0.5,"[174.0, 185.0, 183.0, 158.0, 153.0, 155.0, 156.0, 180.0, 185.0, 174.0]",17.74223518371582,0.0,-39.12841796875,0.000560760498046875,-78.697265625
1750932165.1918461,0.0,0.5,"[174.0, 185.0, 183.0, 158.0, 153.0, 155.0, 156.0, 180.0, 185.0, 174.0]",18.08114242553711,0.0,-38.7880859375,0.000560760498046875,-78.8194580078125
1750932165.2085395,0.0,0.5,"[174.0, 185.0, 183.0, 157.0, 153.0, 155.0, 156.0, 180.0, 185.0, 174.0]",17.820938110351562,0.0,-38.452606201171875,0.000560760498046875,-78.93984985351562
1750932165.2253203,0.0,0.5,"[174.0, 185.0, 183.0, 157.0, 153.0, 155.0, 156.0, 180.0, 185.0, 174.0]",18.21125030517578,0.0,-38.109832763671875,0.000560760498046875,-79.06301879882812
1750932165.2419364,0.0,0.5,"[174.0, 185.0, 183.0, 157.0, 153.0, 155.0, 156.0, 180.0, 185.0, 174.0]",17.851646423339844,0.0,-37.77386474609375,0.000560760498046875,-79.183837890625
1750932165.2584937,0.0,0.5,"[174.0, 185.0, 183.0, 157.0, 153.0, 155.0, 156.0, 180.0, 185.0, 174.0]",18.251148223876953,0.0,-37.43035888671875,0.000560760498046875,-79.3072509765625
1750932165.287314,0.0,0.5,"[174.0, 185.0, 183.0, 157.0, 153.0, 155.0, 156.0, 180.0, 185.0, 174.0]",17.972545623779297,0.0,-37.092071533203125,0.0005626678466796875,-79.42877197265625
1750932165.303544,0.0,0.5,"[174.0, 185.0, 183.0, 157.0, 153.0, 155.0, 156.0, 181.0, 185.0, 174.0]",18.296010971069336,0.0,-36.74761962890625,0.0005626678466796875,-79.55230712890625
1750932165.3204257,0.0,0.5,"[174.0, 185.0, 183.0, 157.0, 153.0, 155.0, 156.0, 181.0, 185.0, 174.0]",18.068748474121094,0.0,-36.407470703125,0.0005626678466796875,-79.67431640625
1750932165.3366652,0.0,0.5,"[174.0, 185.0, 183.0, 157.0, 153.0, 155.0, 156.0, 181.0, 185.0, 174.0]",18.29749870300293,0.0,-36.06304931640625,0.0005626678466796875,-79.7979736328125
1750932165.3787,0.0,0.5,"[174.0, 185.0, 183.0, 157.0, 153.0, 155.0, 158.0, 181.0, 185.0, 174.0]",18.275423049926758,0.0,-35.719024658203125,0.0005626678466796875,-79.92144775390625
1750932165.3957515,0.0,0.5,"[174.0, 185.0, 183.0, 157.0, 153.0, 155.0, 158.0, 181.0, 185.0, 174.0]",18.3472900390625,0.0,-35.373687744140625,0.0005626678466796875,-80.04551696777344
1750932165.4118643,0.0,0.5,"[174.0, 185.0, 183.0, 157.0, 153.0, 155.0, 158.0, 181.0, 185.0, 174.0]",18.301984786987305,0.0,-35.0291748046875,0.000560760498046875,-80.16915893554688
1750932165.4284725,0.0,0.5,"[174.0, 185.0, 183.0, 157.0, 153.0, 155.0, 158.0, 181.0, 185.0, 174.0]",18.36952018737793,0.0,-34.68341064453125,0.0005626678466796875,-80.29336547851562
1750932165.4442396,0.0,0.5,"[174.0, 185.0, 183.0, 157.0, 153.0, 155.0, 158.0, 181.0, 185.0, 174.0]",18.3984317779541,0.0,-34.337066650390625,0.0005626678466796875,-80.41769409179688
1750932165.4606755,0.0,0.5,"[174.0, 185.0, 183.0, 157.0, 153.0, 155.0, 158.0, 181.0, 185.0, 174.0]",18.460172653198242,0.0,-33.989532470703125,0.0005626678466796875,-80.54226684570312
1750932165.4769614,0.0,0.5,"[174.0, 185.0, 183.0, 157.0, 153.0, 155.0, 158.0, 181.0, 185.0, 174.0]",18.543622970581055,0.0,-33.640472412109375,0.0005626678466796875,-80.66758728027344
1750932165.519,0.0,0.5,"[174.0, 185.0, 183.0, 156.0, 153.0, 158.0, 158.0, 181.0, 185.0, 174.0]",18.550561904907227,0.0,-33.291229248046875,0.0005626678466796875,-80.79281616210938
1750932165.5357552,0.0,0.5,"[174.0, 185.0, 183.0, 157.0, 153.0, 155.0, 158.0, 181.0, 185.0, 174.0]",18.50514793395996,0.0,-32.942962646484375,0.0005626678466796875,-80.91807556152344
1750932165.551828,0.0,0.5,"[174.0, 185.0, 183.0, 156.0, 153.0, 158.0, 158.0, 181.0, 185.0, 174.0]",18.60322380065918,0.0,-32.592742919921875,0.0005626678466796875,-81.04365539550781
1750932165.5676372,0.0,0.5,"[174.0, 185.0, 183.0, 156.0, 153.0, 155.0, 158.0, 181.0, 185.0, 174.0]",18.592710494995117,0.0,-32.2427978515625,0.0005626678466796875,-81.16941833496094
1750932165.5840733,0.0,0.5,"[174.0, 185.0, 183.0, 156.0, 153.0, 158.0, 158.0, 181.0, 185.0, 174.0]",18.63658905029297,0.0,-31.89190673828125,0.0005626678466796875,-81.29515075683594
1750932165.5997555,0.0,0.5,"[174.0, 185.0, 183.0, 156.0, 153.0, 155.0, 158.0, 181.0, 185.0, 174.0]",18.669879913330078,0.0,-31.54052734375,0.0005626678466796875,-81.42144775390625
1750932165.6160672,0.0,0.5,"[174.0, 185.0, 183.0, 156.0, 153.0, 158.0, 158.0, 181.0, 185.0, 174.0]",18.77712631225586,0.0,-31.18701171875,0.0005626678466796875,-81.54818725585938
1750932165.6573386,0.0,0.5,"[174.0, 185.0, 183.0, 156.0, 153.0, 158.0, 158.0, 181.0, 185.0, 174.0]",18.740219116210938,0.0,-30.83428955078125,0.0005626678466796875,-81.6749267578125
1750932165.6742108,0.0,0.5,"[174.0, 185.0, 183.0, 156.0, 153.0, 157.0, 158.0, 181.0, 185.0, 174.0]",18.917098999023438,0.0,-30.478179931640625,0.0005626678466796875,-81.80270385742188
1750932165.69102,0.0,0.5,"[174.0, 185.0, 183.0, 156.0, 153.0, 157.0, 158.0, 181.0, 185.0, 174.0]",18.693578720092773,0.0,-30.126312255859375,0.0005626678466796875,-81.92909240722656
1750932165.7071319,0.0,0.5,"[174.0, 185.0, 183.0, 156.0, 153.0, 157.0, 158.0, 181.0, 185.0, 174.0]",18.87962532043457,0.0,-29.7708740234375,0.0005626678466796875,-82.05654907226562
1750932165.723347,0.0,0.5,"[174.0, 185.0, 183.0, 156.0, 153.0, 157.0, 158.0, 181.0, 185.0, 174.0]",18.895339965820312,0.0,-29.41522216796875,0.0005626678466796875,-82.18429565429688
1750932165.7394667,0.0,0.5,"[174.0, 185.0, 183.0, 156.0, 153.0, 157.0, 158.0, 181.0, 185.0, 174.0]",19.086137771606445,0.0,-29.055938720703125,0.0005626678466796875,-82.31324768066406
1750932165.7555351,0.0,0.5,"[174.0, 185.0, 183.0, 156.0, 153.0, 157.0, 158.0, 181.0, 185.0, 174.0]",18.820125579833984,0.0,-28.70172119140625,0.0005626678466796875,-82.44052124023438
1750932165.7970846,0.0,0.5,"[174.0, 185.0, 183.0, 156.0, 153.0, 157.0, 158.0, 181.0, 185.0, 174.0]",19.037864685058594,0.0,-28.343292236328125,0.0005626678466796875,-82.56903076171875
1750932165.8135614,0.0,0.5,"[174.0, 185.0, 183.0, 156.0, 153.0, 157.0, 158.0, 181.0, 185.0, 174.0]",19.035991668701172,0.0,-27.984954833984375,0.0005645751953125,-82.69761657714844
1750932165.8302863,0.0,0.5,"[174.0, 185.0, 183.0, 156.0, 153.0, 157.0, 158.0, 181.0, 185.0, 174.0]",19.114639282226562,0.0,-27.62518310546875,0.0005645751953125,-82.82685852050781
1750932165.8463707,0.0,0.5,"[174.0, 185.0, 183.0, 156.0, 153.0, 157.0, 158.0, 181.0, 185.0, 174.0]",19.124759674072266,0.0,-27.265228271484375,0.0005626678466796875,-82.95628356933594
1750932165.8624957,0.0,0.5,"[174.0, 185.0, 181.0, 156.0, 153.0, 157.0, 158.0, 181.0, 185.0, 174.0]",19.266355514526367,0.0,-26.902587890625,0.0005626678466796875,-83.08653259277344
1750932165.8785303,0.0,0.5,"[174.0, 185.0, 183.0, 156.0, 153.0, 157.0, 158.0, 181.0, 185.0, 174.0]",19.001611709594727,0.0,-26.54498291015625,0.0005626678466796875,-83.21514892578125
1750932165.9089904,0.0,0.5,"[174.0, 185.0, 181.0, 156.0, 153.0, 157.0, 158.0, 183.0, 185.0, 174.0]",19.275293350219727,0.0,-26.182159423828125,0.0005626678466796875,-83.34539794921875
1750932165.927654,0.0,0.0,"[174.0, 185.0, 181.0, 156.0, 153.0, 157.0, 158.0, 183.0, 185.0, 174.0]",19.30897331237793,0.0,-25.818695068359375,0.0005626678466796875,-83.47589111328125
1750932165.9458084,0.0,0.0,"[174.0, 185.0, 181.0, 156.0, 153.0, 157.0, 158.0, 183.0, 185.0, 174.0]",19.33860206604004,0.0,-25.45465087890625,0.0005626678466796875,-83.6065673828125
1750932165.9642851,0.0,0.0,"[174.0, 185.0, 181.0, 156.0, 153.0, 157.0, 158.0, 183.0, 185.0, 174.0]",19.07984161376953,0.0,-25.095550537109375,0.0005626678466796875,-83.735595703125
1750932165.9815507,0.0,0.0,"[174.0, 185.0, 181.0, 156.0, 153.0, 157.0, 158.0, 183.0, 185.0, 174.0]",18.82145881652832,0.0,-24.741302490234375,0.0005626678466796875,-83.86297607421875
1750932165.9990513,0.0,0.0,"[174.0, 185.0, 181.0, 156.0, 153.0, 157.0, 158.0, 183.0, 185.0, 174.0]",18.56354331970215,0.0,-24.3919677734375,0.0005626678466796875,-83.9886474609375
1750932166.0173757,0.0,0.0,"[174.0, 185.0, 181.0, 156.0, 153.0, 157.0, 158.0, 183.0, 185.0, 174.0]",18.305957794189453,0.0,-24.0474853515625,0.0005626678466796875,-84.11262512207031
1750932166.0637755,0.0,0.0,"[174.0, 185.0, 181.0, 156.0, 153.0, 157.0, 158.0, 183.0, 185.0, 174.0]",18.04886817932129,0.0,-23.70782470703125,0.0005626678466796875,-84.23486328125
1750932166.082103,0.0,0.0,"[174.0, 185.0, 181.0, 156.0, 153.0, 157.0, 158.0, 183.0, 185.0, 174.0]",17.792116165161133,0.0,-23.373016357421875,0.0005626678466796875,-84.35537719726562
1750932166.0842016,0.0,0.0,"[174.0, 185.0, 181.0, 156.0, 153.0, 157.0, 158.0, 183.0, 185.0, 174.0]",17.53584098815918,0.0,-23.04302978515625,0.0005626678466796875,-84.47415161132812
1750932166.1021433,0.0,0.0,"[174.0, 185.0, 181.0, 156.0, 153.0, 157.0, 158.0, 183.0, 185.0, 174.0]",17.279918670654297,0.0,-22.71783447265625,0.0005626678466796875,-84.5911865234375
1750932166.1210809,0.0,0.0,"[174.0, 185.0, 181.0, 156.0, 153.0, 157.0, 158.0, 183.0, 185.0, 174.0]",17.024490356445312,0.0,-22.397491455078125,0.0005626678466796875,-84.70651245117188
1750932166.1393733,0.0,0.0,"[174.0, 185.0, 181.0, 156.0, 153.0, 157.0, 158.0, 183.0, 185.0, 174.0]",16.769393920898438,0.0,-22.0819091796875,0.0005626678466796875,-84.82009887695312
1750932166.1568332,0.0,0.0,"[174.0, 185.0, 181.0, 156.0, 153.0, 157.0, 158.0, 183.0, 185.0, 174.0]",16.51474380493164,0.0,-21.771148681640625,0.0005626678466796875,-84.93196105957031
1750932166.200889,0.0,0.5,"[174.0, 185.0, 181.0, 156.0, 153.0, 157.0, 158.0, 183.0, 185.0, 174.0]",16.26046371459961,0.0,-21.46514892578125,0.0005626678466796875,-85.04209899902344
1750932166.2179046,0.0,0.5,"[174.0, 185.0, 181.0, 156.0, 153.0, 157.0, 158.0, 183.0, 185.0, 174.0]",16.006582260131836,0.0,-21.1639404296875,0.0005626678466796875,-85.1505126953125
1750932166.2195718,0.0,0.5,"[174.0, 185.0, 181.0, 156.0, 153.0, 157.0, 158.0, 183.0, 185.0, 174.0]",15.87885570526123,0.0,-20.8651123046875,0.0005626678466796875,-85.25808715820312
1750932166.2363036,0.0,0.5,"[174.0, 185.0, 181.0, 156.0, 153.0, 157.0, 158.0, 183.0, 185.0, 174.0]",16.264345169067383,0.0,-20.559051513671875,0.0005626678466796875,-85.36825561523438
1750932166.278283,0.0,0.5,"[174.0, 185.0, 181.0, 156.0, 153.0, 157.0, 158.0, 183.0, 185.0, 174.0]",15.921463966369629,0.0,-20.25946044921875,0.0005645751953125,-85.47608947753906
1750932166.2948296,0.0,0.5,"[174.0, 185.0, 181.0, 156.0, 153.0, 157.0, 158.0, 183.0, 185.0, 174.0]",16.341447830200195,0.0,-19.951934814453125,0.0005645751953125,-85.58677673339844
1750932166.311573,0.0,0.5,"[174.0, 185.0, 181.0, 156.0, 153.0, 157.0, 158.0, 183.0, 185.0, 174.0]",15.987421989440918,0.0,-19.651092529296875,0.0005645751953125,-85.695068359375
1750932166.3276863,0.0,0.5,"[174.0, 185.0, 181.0, 156.0, 153.0, 157.0, 158.0, 183.0, 185.0, 174.0]",16.37213897705078,0.0,-19.342987060546875,0.0005664825439453125,-85.80596923828125
1750932166.3442793,0.0,0.0,"[174.0, 185.0, 181.0, 156.0, 153.0, 157.0, 158.0, 183.0, 185.0, 174.0]",16.003286361694336,0.0,-19.041839599609375,0.0005664825439453125,-85.91436767578125
1750932166.3607929,0.0,0.0,"[174.0, 185.0, 181.0, 156.0, 153.0, 157.0, 158.0, 183.0, 185.0, 174.0]",16.40179443359375,0.0,-18.733184814453125,0.0005664825439453125,-86.02545166015625
1750932166.3775513,0.0,0.0,"[174.0, 185.0, 181.0, 156.0, 152.0, 157.0, 158.0, 183.0, 185.0, 174.0]",16.14769172668457,0.0,-18.4293212890625,0.0005664825439453125,-86.13484191894531
1750932166.4221923,0.0,0.0,"[174.0, 185.0, 181.0, 156.0, 152.0, 157.0, 158.0, 183.0, 185.0, 174.0]",15.894052505493164,0.0,-18.130218505859375,0.0005664825439453125,-86.24250793457031
1750932166.439814,0.0,0.0,"[174.0, 185.0, 181.0, 155.0, 152.0, 157.0, 158.0, 183.0, 185.0, 174.0]",15.640788078308105,0.0,-17.835906982421875,0.0005645751953125,-86.34844970703125
1750932166.4415202,0.0,0.0,"[174.0, 185.0, 181.0, 155.0, 152.0, 157.0, 158.0, 183.0, 185.0, 174.0]",15.387909889221191,0.0,-17.54632568359375,0.0005645751953125,-86.45269775390625
1750932166.4582245,0.0,0.0,"[174.0, 185.0, 181.0, 155.0, 152.0, 156.0, 158.0, 183.0, 185.0, 174.0]",15.135436058044434,0.0,-17.261505126953125,0.0005664825439453125,-86.55520629882812
1750932166.4897144,0.0,0.5,"[174.0, 185.0, 181.0, 155.0, 152.0, 156.0, 158.0, 183.0, 185.0, 174.0]",14.883404731750488,0.0,-16.9814453125,0.0005664825439453125,-86.65603637695312
1750932166.5074441,0.0,0.5,"[174.0, 185.0, 181.0, 155.0, 152.0, 156.0, 158.0, 183.0, 185.0, 174.0]",14.631773948669434,0.0,-16.70611572265625,0.0005645751953125,-86.75514221191406
1750932166.5259523,0.0,0.5,"[174.0, 185.0, 181.0, 155.0, 152.0, 156.0, 158.0, 183.0, 185.0, 174.0]",14.618901252746582,0.0,-16.430999755859375,0.0005645751953125,-86.85417175292969
1750932166.5425808,0.0,0.5,"[174.0, 185.0, 181.0, 155.0, 152.0, 156.0, 158.0, 183.0, 185.0, 174.0]",14.82054328918457,0.0,-16.152130126953125,0.0005645751953125,-86.95455932617188
1750932166.559128,0.0,0.5,"[174.0, 185.0, 181.0, 155.0, 152.0, 156.0, 158.0, 183.0, 185.0, 174.0]",14.473015785217285,0.0,-15.8797607421875,0.0005645751953125,-87.0526123046875
1750932166.5882332,0.0,0.5,"[174.0, 185.0, 181.0, 155.0, 152.0, 156.0, 158.0, 183.0, 185.0, 174.0]",14.868791580200195,0.0,-15.5999755859375,0.0005645751953125,-87.1533203125
1750932166.6045225,0.0,0.5,"[174.0, 185.0, 180.0, 155.0, 152.0, 156.0, 158.0, 183.0, 185.0, 174.0]",14.55741024017334,0.0,-15.326019287109375,0.0005645751953125,-87.25192260742188
1750932166.6210465,0.0,0.5,"[174.0, 185.0, 180.0, 155.0, 152.0, 156.0, 158.0, 183.0, 185.0, 174.0]",14.928277015686035,0.0,-15.04510498046875,0.0005645751953125,-87.35305786132812
1750932166.6371925,0.0,0.5,"[174.0, 185.0, 180.0, 155.0, 152.0, 156.0, 158.0, 183.0, 185.0, 174.0]",14.982611656188965,0.0,-14.763153076171875,0.0005645751953125,-87.45455932617188
1750932166.679785,0.0,0.5,"[174.0, 185.0, 180.0, 155.0, 152.0, 156.0, 158.0, 183.0, 185.0, 174.0]",15.017437934875488,0.0,-14.480560302734375,0.0005645751953125,-87.5562744140625
1750932166.6960888,0.0,0.5,"[174.0, 185.0, 180.0, 155.0, 152.0, 156.0, 159.0, 183.0, 185.0, 174.0]",15.008207321166992,0.0,-14.198150634765625,0.0005645751953125,-87.65794372558594
1750932166.6978023,0.0,0.5,"[174.0, 185.0, 180.0, 155.0, 152.0, 156.0, 159.0, 183.0, 185.0, 174.0]",15.030623435974121,0.0,-13.915283203125,0.0005645751953125,-87.75973510742188
1750932166.7403905,0.0,0.5,"[174.0, 185.0, 180.0, 155.0, 152.0, 156.0, 159.0, 184.0, 185.0, 174.0]",15.067529678344727,0.0,-13.631744384765625,0.0005645751953125,-87.86178588867188
1750932166.7573574,0.0,0.5,"[174.0, 185.0, 180.0, 155.0, 151.0, 156.0, 159.0, 184.0, 185.0, 174.0]",15.06911563873291,0.0,-13.348175048828125,0.0005645751953125,-87.96382141113281
1750932166.7590525,0.0,0.5,"[174.0, 185.0, 180.0, 155.0, 151.0, 156.0, 159.0, 184.0, 185.0, 174.0]",15.154378890991211,0.0,-13.062957763671875,0.0005645751953125,-88.06642150878906
1750932166.7879968,0.0,0.5,"[174.0, 185.0, 180.0, 155.0, 151.0, 156.0, 159.0, 184.0, 185.0, 174.0]",15.181665420532227,0.0,-12.77728271484375,0.0005645751953125,-88.16928100585938
1750932166.8043423,0.0,0.5,"[174.0, 185.0, 179.0, 155.0, 151.0, 156.0, 159.0, 184.0, 185.0, 174.0]",15.218925476074219,0.0,-12.49090576171875,0.0005645751953125,-88.27241516113281
1750932166.8216727,0.0,0.5,"[174.0, 185.0, 179.0, 155.0, 151.0, 156.0, 159.0, 184.0, 185.0, 174.0]",15.308107376098633,0.0,-12.202880859375,0.0005645751953125,-88.37619018554688
1750932166.8384748,0.0,0.5,"[174.0, 185.0, 179.0, 155.0, 151.0, 156.0, 159.0, 184.0, 185.0, 174.0]",15.324901580810547,0.0,-11.91448974609375,0.0005626678466796875,-88.47998046875
1750932166.8686938,0.0,0.5,"[174.0, 185.0, 179.0, 155.0, 151.0, 156.0, 159.0, 184.0, 185.0, 174.0]",15.375066757202148,0.0,-11.6251220703125,0.0005626678466796875,-88.58406066894531
1750932166.8856242,0.0,0.5,"[174.0, 185.0, 179.0, 155.0, 151.0, 156.0, 159.0, 184.0, 185.0, 174.0]",15.492996215820312,0.0,-11.333526611328125,0.0005626678466796875,-88.68887329101562
1750932166.9022608,0.0,0.5,"[174.0, 185.0, 179.0, 155.0, 151.0, 156.0, 159.0, 184.0, 185.0, 174.0]",15.315905570983887,0.0,-11.04534912109375,0.0005626678466796875,-88.79266357421875
1750932166.9186263,0.0,0.5,"[174.0, 185.0, 179.0, 155.0, 151.0, 156.0, 159.0, 184.0, 185.0, 174.0]",15.538264274597168,0.0,-10.75286865234375,0.0005626678466796875,-88.89773559570312
1750932166.9467907,-1.0,0.5,"[174.0, 185.0, 179.0, 155.0, 151.0, 156.0, 159.0, 184.0, 185.0, 174.0]",15.407076835632324,0.0,-10.46295166015625,0.0005626678466796875,-89.00213623046875
1750932166.962792,-1.0,0.5,"[174.0, 185.0, 181.0, 155.0, 151.0, 156.0, 158.0, 183.0, 185.0, 174.0]",15.341229438781738,-0.5,-10.1695556640625,0.0005626678466796875,-89.09190368652344
1750932166.9785488,-1.0,0.5,"[174.0, 185.0, 183.0, 156.0, 151.0, 156.0, 156.0, 181.0, 185.0, 174.0]",15.038411140441895,-0.5,-9.87774658203125,0.0005626678466796875,-89.16473388671875
1750932167.0074837,-1.0,0.5,"[174.0, 185.0, 184.0, 159.0, 152.0, 156.0, 155.0, 179.0, 185.0, 174.0]",14.873642921447754,-0.5,-9.58453369140625,0.0005626678466796875,-89.21484375
1750932167.0234513,-1.0,0.5,"[174.0, 185.0, 187.0, 160.0, 153.0, 155.0, 153.0, 176.0, 185.0, 174.0]",15.07470417022705,-0.5,-9.285552978515625,0.0005626678466796875,-89.2537841796875
1750932167.0389254,0.0,0.5,"[174.0, 185.0, 190.0, 162.0, 153.0, 155.0, 151.0, 175.0, 185.0, 174.0]",14.974564552307129,-0.5,-8.987457275390625,0.0005645751953125,-89.28256225585938
1750932167.0666127,0.0,0.5,"[174.0, 185.0, 192.0, 163.0, 154.0, 148.0, 149.0, 173.0, 185.0, 174.0]",14.9006986618042,0.0,-8.692138671875,0.0005645751953125,-89.32264709472656
1750932167.0819538,0.0,0.5,"[174.0, 185.0, 192.0, 163.0, 154.0, 147.0, 149.0, 172.0, 185.0, 174.0]",15.00890827178955,0.0,-8.397186279296875,0.0005626678466796875,-89.37840270996094
1750932167.0968168,0.0,0.5,"[174.0, 185.0, 192.0, 163.0, 154.0, 147.0, 149.0, 172.0, 185.0, 174.0]",14.916481971740723,0.0,-8.1051025390625,0.0005645751953125,-89.4390869140625
1750932167.1351764,0.0,0.5,"[174.0, 185.0, 192.0, 163.0, 154.0, 147.0, 148.0, 172.0, 185.0, 174.0]",14.99062728881836,0.0,-7.811798095703125,0.0005645751953125,-89.50120544433594
1750932167.150787,0.0,0.5,"[174.0, 185.0, 192.0, 163.0, 154.0, 147.0, 148.0, 171.0, 185.0, 174.0]",15.29259204864502,0.0,-7.512542724609375,0.0005645751953125,-89.56442260742188
1750932167.1650064,0.0,0.5,"[174.0, 185.0, 192.0, 163.0, 154.0, 147.0, 148.0, 171.0, 185.0, 174.0]",14.951674461364746,0.0,-7.219970703125,0.0005626678466796875,-89.62615966796875
1750932167.1801248,0.0,0.5,"[174.0, 185.0, 192.0, 163.0, 154.0, 147.0, 148.0, 170.0, 185.0, 174.0]",15.323660850524902,0.0,-6.920074462890625,0.0005626678466796875,-89.68939208984375
1750932167.1946015,0.0,0.5,"[174.0, 185.0, 193.0, 163.0, 154.0, 147.0, 148.0, 170.0, 185.0, 174.0]",15.118598937988281,0.0,-6.62420654296875,0.0005626678466796875,-89.75177001953125
1750932167.2329013,0.0,0.5,"[174.0, 185.0, 193.0, 163.0, 154.0, 147.0, 148.0, 170.0, 185.0, 174.0]",15.508931159973145,0.0,-6.3206787109375,0.0005626678466796875,-89.81573486328125
1750932167.248118,0.0,0.5,"[174.0, 185.0, 193.0, 164.0, 153.0, 147.0, 148.0, 170.0, 185.0, 174.0]",15.21210765838623,0.0,-6.022979736328125,0.0005626678466796875,-89.87847900390625
1750932167.2630272,0.0,0.5,"[174.0, 185.0, 193.0, 164.0, 153.0, 147.0, 148.0, 170.0, 185.0, 174.0]",15.55427074432373,0.0,-5.718597412109375,0.0005626678466796875,-89.94265747070312
1750932167.2779367,0.0,0.5,"[174.0, 185.0, 193.0, 164.0, 153.0, 155.0, 147.0, 169.0, 185.0, 174.0]",15.163911819458008,0.0,-5.421844482421875,0.0005626678466796875,-90.00521850585938
1750932167.314965,0.0,0.5,"[174.0, 185.0, 193.0, 164.0, 153.0, 155.0, 147.0, 169.0, 185.0, 174.0]",15.565957069396973,0.0,-5.117218017578125,0.0005626678466796875,-90.06948852539062
1750932167.3297696,0.0,0.5,"[174.0, 185.0, 193.0, 164.0, 153.0, 155.0, 147.0, 169.0, 185.0, 174.0]",15.253927230834961,0.0,-4.8187255859375,0.0005645751953125,-90.1324462890625
1750932167.3438284,0.0,0.5,"[174.0, 185.0, 193.0, 164.0, 153.0, 155.0, 147.0, 169.0, 185.0, 174.0]",15.657718658447266,0.0,-4.5123291015625,0.0005645751953125,-90.1971435546875
1750932167.3583493,0.0,0.5,"[174.0, 185.0, 193.0, 164.0, 153.0, 154.0, 147.0, 168.0, 185.0, 174.0]",15.418105125427246,0.0,-4.21063232421875,0.0005645751953125,-90.26089477539062
1750932167.395118,0.0,0.5,"[174.0, 185.0, 193.0, 164.0, 153.0, 154.0, 147.0, 167.0, 185.0, 174.0]",15.606139183044434,0.0,-3.905181884765625,0.0005645751953125,-90.3251953125
1750932167.4103892,0.0,0.5,"[174.0, 185.0, 193.0, 164.0, 153.0, 154.0, 146.0, 167.0, 185.0, 174.0]",15.494060516357422,0.0,-3.602020263671875,0.0005645751953125,-90.38925170898438
1750932167.4252267,0.0,0.5,"[174.0, 185.0, 193.0, 164.0, 153.0, 154.0, 146.0, 167.0, 185.0, 174.0]",15.776808738708496,0.0,-3.293304443359375,0.0005645751953125,-90.45452880859375
1750932167.4404967,0.0,0.0,"[174.0, 185.0, 194.0, 164.0, 153.0, 154.0, 146.0, 167.0, 185.0, 174.0]",15.600471496582031,0.0,-2.988037109375,0.0005645751953125,-90.51907348632812
1750932167.45624,0.0,0.0,"[174.0, 185.0, 194.0, 164.0, 153.0, 154.0, 146.0, 167.0, 185.0, 174.0]",15.802348136901855,0.0,-2.67877197265625,0.0005645751953125,-90.584228515625
1750932167.49345,0.0,0.0,"[174.0, 185.0, 194.0, 164.0, 153.0, 154.0, 146.0, 166.0, 185.0, 174.0]",15.549200057983398,0.0,-2.374542236328125,0.0005645751953125,-90.64862060546875
1750932167.5083303,0.0,0.0,"[174.0, 185.0, 194.0, 164.0, 153.0, 154.0, 146.0, 165.0, 185.0, 174.0]",15.296501159667969,0.0,-2.07525634765625,0.0005645751953125,-90.71212768554688
1750932167.5233324,0.0,0.0,"[174.0, 185.0, 195.0, 164.0, 153.0, 154.0, 146.0, 165.0, 185.0, 174.0]",15.044180870056152,0.0,-1.78094482421875,0.0005645751953125,-90.77462768554688
1750932167.538317,0.0,0.0,"[174.0, 185.0, 195.0, 164.0, 153.0, 154.0, 146.0, 165.0, 185.0, 174.0]",14.792282104492188,0.0,-1.491546630859375,0.0005645751953125,-90.83609008789062
1750932167.563855,0.0,0.0,"[174.0, 185.0, 195.0, 164.0, 153.0, 154.0, 145.0, 165.0, 185.0, 174.0]",14.540749549865723,0.0,-1.20709228515625,0.0005645751953125,-90.89654541015625
1750932167.5781763,0.0,0.0,"[174.0, 185.0, 195.0, 164.0, 153.0, 154.0, 145.0, 164.0, 185.0, 174.0]",14.289667129516602,0.0,-0.92755126953125,0.0005645751953125,-90.9559326171875
1750932167.6147916,0.0,0.5,"[174.0, 185.0, 195.0, 163.0, 153.0, 154.0, 145.0, 164.0, 185.0, 174.0]",14.038985252380371,0.0,-0.65289306640625,0.0005645751953125,-91.0142822265625
1750932167.6294823,0.0,0.5,"[174.0, 185.0, 195.0, 163.0, 153.0, 154.0, 145.0, 164.0, 185.0, 174.0]",13.788665771484375,0.0,-0.383148193359375,0.0005645751953125,-91.07159423828125
1750932167.6441624,0.0,0.5,"[174.0, 185.0, 195.0, 163.0, 153.0, 154.0, 145.0, 164.0, 185.0, 174.0]",13.85167407989502,0.0,-0.112152099609375,0.0005645751953125,-91.12918090820312
1750932167.659298,0.0,0.5,"[174.0, 185.0, 195.0, 163.0, 153.0, 154.0, 145.0, 164.0, 185.0, 174.0]",13.815791130065918,0.0,0.15814208984375,0.0005645751953125,-91.18659973144531
1750932167.6851633,0.0,0.5,"[174.0, 185.0, 195.0, 163.0, 153.0, 154.0, 144.0, 163.0, 185.0, 174.0]",13.968783378601074,0.0,0.431396484375,0.0005645751953125,-91.24465942382812
1750932167.6999645,0.0,0.5,"[174.0, 185.0, 195.0, 163.0, 153.0, 154.0, 144.0, 162.0, 185.0, 174.0]",14.043668746948242,0.0,0.706146240234375,0.0005645751953125,-91.30303955078125
1750932167.7141662,0.0,0.5,"[174.0, 185.0, 195.0, 163.0, 153.0, 154.0, 144.0, 162.0, 185.0, 174.0]",14.069091796875,0.0,0.98138427734375,0.0005664825439453125,-91.36151123046875
1750932167.750114,0.0,0.5,"[174.0, 185.0, 195.0, 163.0, 153.0, 154.0, 144.0, 162.0, 185.0, 174.0]",14.059076309204102,0.0,1.25640869140625,0.0005664825439453125,-91.41995239257812
1750932167.7644372,0.0,0.5,"[174.0, 185.0, 196.0, 163.0, 153.0, 154.0, 144.0, 162.0, 185.0, 174.0]",14.117706298828125,0.0,1.532623291015625,0.0005664825439453125,-91.4786376953125
1750932167.7792208,0.0,0.5,"[174.0, 185.0, 196.0, 163.0, 153.0, 154.0, 144.0, 162.0, 185.0, 174.0]",14.182245254516602,0.0,1.81005859375,0.0005664825439453125,-91.53756713867188
1750932167.80406,0.0,0.5,"[174.0, 185.0, 197.0, 163.0, 153.0, 153.0, 144.0, 161.0, 185.0, 174.0]",14.19762897491455,0.0,2.08782958984375,0.0005664825439453125,-91.5965576171875
1750932167.8185906,0.0,0.5,"[174.0, 185.0, 197.0, 163.0, 153.0, 153.0, 143.0, 161.0, 185.0, 174.0]",14.234967231750488,0.0,2.3663330078125,0.0005645751953125,-91.65560913085938
1750932167.8440056,0.0,0.5,"[174.0, 185.0, 197.0, 163.0, 153.0, 153.0, 143.0, 161.0, 185.0, 174.0]",14.349919319152832,0.0,2.6470947265625,0.0005645751953125,-91.71510314941406
1750932167.8584783,0.0,0.5,"[174.0, 185.0, 197.0, 163.0, 152.0, 153.0, 143.0, 160.0, 185.0, 174.0]",14.208499908447266,0.0,2.925048828125,0.0005645751953125,-91.77423095703125
1750932167.8826745,0.0,0.5,"[174.0, 185.0, 197.0, 163.0, 152.0, 153.0, 143.0, 159.0, 185.0, 174.0]",14.403545379638672,0.0,3.20684814453125,0.0005664825439453125,-91.83404541015625
1750932167.8972926,0.0,0.5,"[174.0, 185.0, 197.0, 162.0, 152.0, 153.0, 142.0, 159.0, 185.0, 174.0]",14.324151992797852,0.0,3.487030029296875,0.0005664825439453125,-91.89376831054688
1750932167.9333935,0.0,0.5,"[174.0, 185.0, 197.0, 162.0, 152.0, 153.0, 142.0, 159.0, 185.0, 174.0]",14.316492080688477,0.0,3.767181396484375,0.0005664825439453125,-91.95291137695312
1750932167.9483347,0.0,0.5,"[174.0, 185.0, 197.0, 162.0, 152.0, 153.0, 142.0, 159.0, 185.0, 174.0]",14.46450424194336,0.0,4.05010986328125,0.0005664825439453125,-92.01318359375
1750932167.962682,0.0,0.5,"[174.0, 185.0, 197.0, 162.0, 152.0, 153.0, 141.0, 158.0, 185.0, 174.0]",14.50367259979248,0.0,4.3338623046875,0.0005664825439453125,-92.07341003417969
1750932167.9775388,0.0,0.5,"[174.0, 185.0, 197.0, 162.0, 152.0, 153.0, 141.0, 158.0, 185.0, 174.0]",14.716840744018555,0.0,4.621826171875,0.0005664825439453125,-92.13436889648438
1750932168.013672,0.0,0.5,"[174.0, 185.0, 197.0, 162.0, 152.0, 153.0, 141.0, 158.0, 185.0, 174.0]",14.562225341796875,0.0,4.906707763671875,0.0005645751953125,-92.1949462890625
1750932168.0281649,0.0,0.5,"[174.0, 185.0, 197.0, 162.0, 152.0, 153.0, 141.0, 158.0, 185.0, 174.0]",14.729693412780762,0.0,5.19488525390625,0.0005645751953125,-92.25613403320312
1750932168.0427103,0.0,0.5,"[174.0, 185.0, 197.0, 162.0, 152.0, 153.0, 140.0, 156.0, 185.0, 174.0]",14.582453727722168,0.0,5.4801025390625,0.0005664825439453125,-92.31695556640625
1750932168.0575097,0.0,0.5,"[174.0, 185.0, 197.0, 162.0, 152.0, 153.0, 140.0, 156.0, 185.0, 174.0]",14.860956192016602,0.0,5.770843505859375,0.0005664825439453125,-92.37875366210938
1750932168.093917,0.0,0.5,"[174.0, 185.0, 197.0, 162.0, 152.0, 153.0, 140.0, 156.0, 185.0, 174.0]",14.706475257873535,0.0,6.058502197265625,0.0005664825439453125,-92.4400634765625
1750932168.1082532,0.0,0.5,"[174.0, 185.0, 197.0, 162.0, 152.0, 153.0, 140.0, 156.0, 185.0, 174.0]",14.918240547180176,0.0,6.350341796875,0.0005664825439453125,-92.5020751953125
1750932168.123386,0.0,0.5,"[174.0, 185.0, 198.0, 161.0, 152.0, 153.0, 140.0, 155.0, 185.0, 174.0]",14.873483657836914,0.0,6.641265869140625,0.0005664825439453125,-92.56413269042969
1750932168.1371815,0.0,0.5,"[174.0, 185.0, 198.0, 161.0, 152.0, 153.0, 140.0, 155.0, 185.0, 174.0]",14.926019668579102,0.0,6.93328857421875,0.0005645751953125,-92.6260986328125
1750932168.1737912,0.0,0.5,"[174.0, 185.0, 198.0, 161.0, 152.0, 152.0, 139.0, 155.0, 185.0, 174.0]",14.946990013122559,0.0,7.22564697265625,0.0005645751953125,-92.68850708007812
1750932168.188712,0.0,0.5,"[174.0, 185.0, 198.0, 161.0, 151.0, 152.0, 139.0, 155.0, 185.0, 174.0]",14.944059371948242,0.0,7.518035888671875,0.0005645751953125,-92.75045776367188
1750932168.2038171,0.0,0.5,"[174.0, 185.0, 198.0, 161.0, 151.0, 152.0, 139.0, 154.0, 185.0, 174.0]",14.962202072143555,0.0,7.8106689453125,0.0005645751953125,-92.81303405761719
1750932168.2188756,0.0,0.5,"[174.0, 185.0, 198.0, 161.0, 151.0, 152.0, 139.0, 153.0, 185.0, 174.0]",15.156889915466309,0.0,8.107177734375,0.0005645751953125,-92.87600708007812
1750932168.2447715,0.0,0.5,"[174.0, 185.0, 198.0, 161.0, 151.0, 152.0, 138.0, 153.0, 185.0, 174.0]",14.985945701599121,0.0,8.40032958984375,0.0005645751953125,-92.93841552734375
1750932168.2598321,0.0,0.5,"[174.0, 185.0, 198.0, 161.0, 151.0, 152.0, 138.0, 153.0, 185.0, 174.0]",15.184090614318848,0.0,8.697418212890625,0.0005645751953125,-93.00138854980469
1750932168.2743855,0.0,0.5,"[174.0, 185.0, 197.0, 161.0, 151.0, 152.0, 138.0, 153.0, 185.0, 174.0]",15.209325790405273,0.0,8.994964599609375,0.0005645751953125,-93.06462097167969
1750932168.3120694,0.0,0.5,"[174.0, 185.0, 197.0, 161.0, 151.0, 152.0, 138.0, 151.0, 185.0, 174.0]",15.221073150634766,0.0,9.292724609375,0.0005645751953125,-93.12796020507812
1750932168.3269386,0.0,0.5,"[174.0, 185.0, 197.0, 161.0, 151.0, 152.0, 138.0, 151.0, 185.0, 174.0]",15.273905754089355,0.0,9.591522216796875,0.0005645751953125,-93.19148254394531
1750932168.3414102,0.0,0.5,"[174.0, 185.0, 197.0, 161.0, 151.0, 152.0, 138.0, 151.0, 185.0, 174.0]",15.272826194763184,0.0,9.890289306640625,0.0005645751953125,-93.25498962402344
1750932168.355997,0.0,0.5,"[174.0, 185.0, 197.0, 160.0, 151.0, 152.0, 138.0, 150.0, 185.0, 174.0]",15.28837776184082,0.0,10.18939208984375,0.0005645751953125,-93.3184814453125
1750932168.3936214,0.0,0.5,"[174.0, 185.0, 197.0, 160.0, 151.0, 152.0, 139.0, 150.0, 185.0, 174.0]",15.474577903747559,0.0,10.492156982421875,0.0005645751953125,-93.3826904296875
1750932168.407791,0.0,0.5,"[174.0, 185.0, 197.0, 160.0, 151.0, 152.0, 140.0, 150.0, 185.0, 174.0]",15.299121856689453,0.0,10.791412353515625,0.0005645751953125,-93.44648742675781
1750932168.4231548,0.0,0.5,"[174.0, 185.0, 196.0, 160.0, 151.0, 151.0, 140.0, 149.0, 185.0, 174.0]",15.672554969787598,0.0,11.0980224609375,0.0005664825439453125,-93.51171875
1750932168.438124,0.0,0.5,"[174.0, 185.0, 195.0, 160.0, 151.0, 151.0, 141.0, 148.0, 185.0, 174.0]",15.29432487487793,0.0,11.397186279296875,0.0005664825439453125,-93.57537841796875
1750932168.4763331,0.0,0.5,"[174.0, 185.0, 195.0, 160.0, 150.0, 151.0, 142.0, 148.0, 185.0, 174.0]",15.666864395141602,0.0,11.703643798828125,0.0005664825439453125,-93.64068603515625
1750932168.4913936,0.0,0.5,"[174.0, 185.0, 195.0, 160.0, 150.0, 151.0, 143.0, 147.0, 185.0, 174.0]",15.424836158752441,0.0,12.00537109375,0.0005664825439453125,-93.70503234863281
1750932168.5063763,0.0,0.5,"[174.0, 185.0, 195.0, 160.0, 150.0, 151.0, 144.0, 147.0, 185.0, 174.0]",15.605905532836914,0.0,12.3106689453125,0.0005664825439453125,-93.76985168457031
1750932168.5214138,0.0,0.5,"[174.0, 185.0, 195.0, 160.0, 150.0, 151.0, 144.0, 147.0, 185.0, 174.0]",15.629880905151367,0.0,12.616424560546875,0.0005664825439453125,-93.83499145507812
1750932168.536412,0.0,0.5,"[174.0, 185.0, 195.0, 159.0, 150.0, 151.0, 145.0, 146.0, 185.0, 174.0]",15.775753021240234,0.0,12.925018310546875,0.0005664825439453125,-93.90069580078125
1750932168.573636,0.0,0.5,"[174.0, 185.0, 194.0, 159.0, 150.0, 151.0, 146.0, 145.0, 184.0, 174.0]",15.531993865966797,0.0,13.228912353515625,0.0005664825439453125,-93.965087890625
1750932168.5885556,0.0,0.5,"[174.0, 185.0, 193.0, 159.0, 150.0, 151.0, 146.0, 145.0, 183.0, 174.0]",15.866456031799316,0.0,13.539306640625,0.0005645751953125,-94.03106689453125
1750932168.6035187,0.0,0.5,"[174.0, 185.0, 193.0, 159.0, 150.0, 151.0, 146.0, 145.0, 182.0, 174.0]",15.677308082580566,0.0,13.845977783203125,0.0005645751953125,-94.09628295898438
1750932168.6185892,0.0,0.5,"[174.0, 185.0, 193.0, 159.0, 150.0, 151.0, 147.0, 147.0, 182.0, 174.0]",15.855823516845703,0.0,14.15618896484375,0.0005664825439453125,-94.16217041015625
1750932168.6446633,0.0,0.5,"[174.0, 185.0, 193.0, 159.0, 150.0, 150.0, 148.0, 147.0, 180.0, 174.0]",15.94019603729248,0.0,14.46795654296875,0.0005664825439453125,-94.22869873046875
1750932168.6598263,0.0,0.5,"[174.0, 185.0, 193.0, 159.0, 150.0, 150.0, 148.0, 149.0, 179.0, 174.0]",16.009990692138672,0.0,14.78118896484375,0.0005664825439453125,-94.29522705078125
1750932168.6744027,0.0,0.5,"[174.0, 185.0, 193.0, 159.0, 149.0, 150.0, 148.0, 150.0, 179.0, 174.0]",15.920377731323242,0.0,15.09259033203125,0.0005664825439453125,-94.36164855957031
1750932168.7119837,0.0,0.5,"[174.0, 185.0, 192.0, 159.0, 149.0, 150.0, 149.0, 151.0, 177.0, 174.0]",16.026630401611328,0.0,15.406158447265625,0.0005664825439453125,-94.42813110351562
1750932168.7276978,0.0,0.0,"[174.0, 185.0, 192.0, 158.0, 149.0, 150.0, 150.0, 151.0, 176.0, 174.0]",16.02252197265625,0.0,15.719573974609375,0.0005664825439453125,-94.49485778808594
1750932168.7425141,0.0,0.0,"[174.0, 185.0, 192.0, 158.0, 149.0, 150.0, 150.0, 153.0, 178.0, 174.0]",16.167675018310547,0.0,16.03582763671875,0.0005664825439453125,-94.56228637695312
1750932168.7570162,0.0,0.0,"[174.0, 185.0, 192.0, 158.0, 151.0, 150.0, 151.0, 154.0, 179.0, 174.0]",15.9139404296875,0.0,16.34716796875,0.0005664825439453125,-94.62838745117188
1750932168.794525,0.0,0.0,"[174.0, 185.0, 192.0, 158.0, 151.0, 150.0, 151.0, 155.0, 182.0, 174.0]",15.660649299621582,0.0,16.653564453125,0.0005664825439453125,-94.69329833984375
1750932168.809831,0.0,0.0,"[174.0, 185.0, 190.0, 158.0, 150.0, 150.0, 152.0, 155.0, 183.0, 174.0]",15.40780258178711,0.0,16.955047607421875,0.0005645751953125,-94.757080078125
1750932168.8253,0.0,0.0,"[174.0, 185.0, 190.0, 158.0, 150.0, 149.0, 152.0, 156.0, 185.0, 174.0]",15.155291557312012,0.0,17.2515869140625,0.0005645751953125,-94.81979370117188
1750932168.8407166,0.0,0.0,"[174.0, 185.0, 190.0, 158.0, 150.0, 149.0, 152.0, 158.0, 185.0, 174.0]",14.90318775177002,0.0,17.543212890625,0.0005645751953125,-94.88145446777344
1750932168.8546224,0.0,0.0,"[174.0, 185.0, 190.0, 158.0, 150.0, 149.0, 152.0, 158.0, 185.0, 174.0]",14.651505470275879,0.0,17.82989501953125,0.0005645751953125,-94.94207763671875
1750932168.8920348,0.0,0.0,"[174.0, 185.0, 190.0, 157.0, 150.0, 149.0, 153.0, 159.0, 185.0, 174.0]",14.400208473205566,0.0,18.1116943359375,0.0005664825439453125,-95.00164794921875
1750932168.9073112,0.0,0.5,"[174.0, 185.0, 190.0, 156.0, 150.0, 149.0, 153.0, 159.0, 185.0, 174.0]",14.149349212646484,0.0,18.3885498046875,0.0005664825439453125,-95.06019592285156
1750932168.922239,0.0,0.5,"[174.0, 185.0, 189.0, 156.0, 150.0, 149.0, 154.0, 160.0, 185.0, 174.0]",13.898884773254395,0.0,18.6605224609375,0.0005664825439453125,-95.11770629882812
1750932168.937376,0.0,0.5,"[174.0, 185.0, 189.0, 156.0, 150.0, 149.0, 158.0, 161.0, 185.0, 174.0]",13.95124626159668,0.0,18.933502197265625,0.0005664825439453125,-95.1754150390625
1750932168.9748614,0.0,0.5,"[174.0, 185.0, 189.0, 156.0, 150.0, 149.0, 162.0, 162.0, 185.0, 174.0]",13.956104278564453,0.0,19.206573486328125,0.0005664825439453125,-95.233154296875
1750932168.990349,-1.0,0.5,"[174.0, 185.0, 189.0, 156.0, 149.0, 148.0, 162.0, 162.0, 185.0, 174.0]",14.036497116088867,0.0,19.481231689453125,0.0005664825439453125,-95.29122924804688
1750932169.0061803,-1.0,0.5,"[174.0, 185.0, 189.0, 156.0, 149.0, 148.0, 160.0, 162.0, 185.0, 174.0]",13.798867225646973,-0.5,19.754058837890625,0.0005664825439453125,-95.3328857421875
1750932169.022175,-1.0,0.5,"[174.0, 185.0, 190.0, 158.0, 149.0, 148.0, 154.0, 159.0, 185.0, 174.0]",13.705840110778809,-0.5,20.027496337890625,0.000568389892578125,-95.35205078125
1750932169.037934,-1.0,0.5,"[174.0, 185.0, 192.0, 159.0, 149.0, 148.0, 148.0, 155.0, 185.0, 174.0]",13.313939094543457,-0.5,20.29376220703125,0.0005664825439453125,-95.35446166992188
1750932169.0777626,0.0,0.5,"[174.0, 185.0, 193.0, 160.0, 149.0, 147.0, 145.0, 151.0, 182.0, 174.0]",13.663092613220215,-0.5,20.566986083984375,0.0005664825439453125,-95.34884643554688
1750932169.0938659,0.0,0.5,"[174.0, 185.0, 193.0, 164.0, 149.0, 147.0, 144.0, 150.0, 179.0, 174.0]",13.465336799621582,0.0,20.836151123046875,0.000568389892578125,-95.35745239257812
1750932169.109546,0.0,0.0,"[174.0, 185.0, 193.0, 164.0, 148.0, 147.0, 143.0, 150.0, 179.0, 174.0]",13.5952787399292,0.0,21.107147216796875,0.000568389892578125,-95.37960815429688
1750932169.1245234,0.0,0.0,"[174.0, 185.0, 193.0, 164.0, 148.0, 147.0, 143.0, 150.0, 180.0, 174.0]",13.559930801391602,0.0,21.376953125,0.000568389892578125,-95.406982421875
1750932169.1396167,0.0,0.0,"[174.0, 185.0, 193.0, 164.0, 148.0, 147.0, 144.0, 150.0, 181.0, 174.0]",13.310379028320312,0.0,21.64178466796875,0.000568389892578125,-95.43418884277344
1750932169.1546547,0.0,0.0,"[174.0, 185.0, 193.0, 163.0, 148.0, 147.0, 144.0, 150.0, 181.0, 174.0]",13.06127643585205,0.0,21.901641845703125,0.0005664825439453125,-95.46089172363281
1750932169.191851,0.0,0.0,"[174.0, 185.0, 193.0, 163.0, 148.0, 146.0, 144.0, 150.0, 182.0, 174.0]",12.81253433227539,0.0,22.156524658203125,0.0005664825439453125,-95.48709106445312
1750932169.2067204,0.0,0.0,"[174.0, 185.0, 193.0, 163.0, 148.0, 146.0, 144.0, 151.0, 182.0, 174.0]",12.564196586608887,0.0,22.406494140625,0.0005664825439453125,-95.51278686523438
1750932169.2217286,0.0,0.0,"[174.0, 185.0, 193.0, 163.0, 148.0, 146.0, 144.0, 151.0, 182.0, 174.0]",12.316259384155273,0.0,22.65155029296875,0.0005664825439453125,-95.5379638671875
1750932169.2365289,0.0,0.0,"[174.0, 185.0, 193.0, 163.0, 147.0, 146.0, 146.0, 151.0, 183.0, 174.0]",12.068717002868652,0.0,22.89166259765625,0.0005664825439453125,-95.56263732910156
1750932169.2749696,0.0,0.0,"[174.0, 185.0, 192.0, 163.0, 147.0, 146.0, 147.0, 151.0, 184.0, 174.0]",11.821589469909668,0.0,23.1268310546875,0.0005664825439453125,-95.58680725097656
1750932169.2896821,0.0,0.0,"[174.0, 185.0, 192.0, 163.0, 147.0, 146.0, 148.0, 151.0, 185.0, 174.0]",11.574827194213867,0.0,23.35711669921875,0.0005664825439453125,-95.6104736328125
1750932169.3045254,0.0,0.0,"[174.0, 185.0, 192.0, 163.0, 147.0, 146.0, 149.0, 153.0, 185.0, 174.0]",11.328451156616211,0.0,23.58251953125,0.0005664825439453125,-95.63363647460938
1750932169.3198693,0.0,0.0,"[174.0, 185.0, 192.0, 163.0, 147.0, 145.0, 150.0, 153.0, 185.0, 174.0]",11.082489967346191,0.0,23.803009033203125,0.0005664825439453125,-95.65629577636719
1750932169.334834,0.0,0.0,"[174.0, 185.0, 192.0, 162.0, 147.0, 145.0, 152.0, 153.0, 185.0, 174.0]",10.8369140625,0.0,24.018585205078125,0.0005664825439453125,-95.67845153808594
1750932169.3720946,-1.0,0.0,"[174.0, 185.0, 192.0, 162.0, 147.0, 145.0, 152.0, 153.0, 185.0, 174.0]",10.591730117797852,0.0,24.229339599609375,0.0005664825439453125,-95.70010375976562
1750932169.3872159,-1.0,0.0,"[174.0, 185.0, 193.0, 162.0, 147.0, 145.0, 150.0, 151.0, 184.0, 174.0]",10.065201759338379,-0.5,24.43060302734375,0.000568389892578125,-95.70327758789062
1750932169.4019814,-1.0,0.0,"[174.0, 185.0, 193.0, 162.0, 146.0, 145.0, 146.0, 148.0, 180.0, 174.0]",9.632686614990234,-0.5,24.622467041015625,0.000568389892578125,-95.68572998046875
1750932169.417279,-1.0,0.0,"[174.0, 185.0, 195.0, 162.0, 146.0, 144.0, 142.0, 146.0, 176.0, 174.0]",9.424041748046875,-0.5,24.80987548828125,0.000568389892578125,-95.66586303710938
1750932169.4546347,-1.0,0.0,"[174.0, 185.0, 197.0, 162.0, 146.0, 144.0, 138.0, 143.0, 172.0, 174.0]",9.16094970703125,-0.5,24.991668701171875,0.000568389892578125,-95.64302062988281
1750932169.4702857,0.0,0.0,"[174.0, 185.0, 197.0, 165.0, 146.0, 144.0, 134.0, 141.0, 169.0, 174.0]",8.919161796569824,-0.5,25.168212890625,0.000568389892578125,-95.61737060546875
1750932169.4854758,0.0,0.0,"[174.0, 185.0, 198.0, 164.0, 145.0, 143.0, 134.0, 140.0, 167.0, 174.0]",8.5857572555542,0.0,25.339752197265625,0.000568389892578125,-95.61001586914062
1750932169.5003397,0.0,0.0,"[174.0, 185.0, 197.0, 164.0, 145.0, 143.0, 136.0, 141.0, 168.0, 174.0]",8.334975242614746,0.0,25.506378173828125,0.000568389892578125,-95.61572265625
1750932169.5153031,0.0,0.0,"[174.0, 185.0, 197.0, 164.0, 145.0, 143.0, 136.0, 140.0, 167.0, 174.0]",8.092299461364746,0.0,25.668212890625,0.000568389892578125,-95.61602783203125
1750932169.5531933,0.0,0.0,"[174.0, 185.0, 197.0, 164.0, 145.0, 143.0, 136.0, 140.0, 167.0, 174.0]",7.851261615753174,0.0,25.825225830078125,0.000568389892578125,-95.61834716796875
1750932169.5681963,0.0,0.0,"[174.0, 185.0, 197.0, 164.0, 145.0, 143.0, 137.0, 140.0, 167.0, 174.0]",7.610831260681152,0.0,25.9774169921875,0.000568389892578125,-95.61990356445312
1750932169.5833008,0.0,0.0,"[174.0, 185.0, 197.0, 164.0, 145.0, 143.0, 138.0, 140.0, 167.0, 174.0]",7.370797634124756,0.0,26.12481689453125,0.000568389892578125,-95.62161254882812
1750932169.5985756,0.0,0.5,"[174.0, 185.0, 197.0, 164.0, 145.0, 143.0, 138.0, 140.0, 167.0, 174.0]",7.131180763244629,0.0,26.2674560546875,0.000568389892578125,-95.62322998046875
1750932169.624802,1.0,0.5,"[174.0, 185.0, 197.0, 164.0, 145.0, 142.0, 138.0, 140.0, 167.0, 174.0]",6.891955375671387,0.0,26.4052734375,0.000568389892578125,-95.62478637695312
1750932169.6396232,1.0,0.5,"[174.0, 185.0, 197.0, 164.0, 145.0, 142.0, 141.0, 141.0, 170.0, 174.0]",6.992581367492676,0.5,26.543975830078125,0.000568389892578125,-95.64273071289062
1750932169.6544807,1.0,0.5,"[174.0, 185.0, 195.0, 163.0, 145.0, 143.0, 146.0, 144.0, 173.0, 174.0]",6.59713077545166,0.5,26.67218017578125,0.000568389892578125,-95.67388916015625
1750932169.69196,1.0,0.5,"[174.0, 185.0, 195.0, 161.0, 145.0, 143.0, 148.0, 145.0, 176.0, 174.0]",6.987753391265869,0.5,26.80938720703125,0.000568389892578125,-95.700439453125
1750932169.7068515,1.0,0.5,"[174.0, 185.0, 193.0, 161.0, 145.0, 143.0, 152.0, 148.0, 179.0, 174.0]",6.964507579803467,0.5,26.944366455078125,0.000568389892578125,-95.73480224609375
1750932169.7214475,0.0,0.5,"[174.0, 185.0, 193.0, 161.0, 145.0, 143.0, 153.0, 150.0, 182.0, 174.0]",7.029905319213867,0.5,27.081390380859375,0.000568389892578125,-95.76626586914062
1750932169.736833,0.0,0.5,"[174.0, 185.0, 193.0, 161.0, 145.0, 143.0, 153.0, 150.0, 182.0, 174.0]",6.936194896697998,0.0,27.2196044921875,0.000568389892578125,-95.77821350097656
1750932169.7742014,0.0,0.0,"[174.0, 185.0, 193.0, 161.0, 144.0, 142.0, 153.0, 150.0, 182.0, 174.0]",7.1675519943237305,0.0,27.362548828125,0.000568389892578125,-95.7889404296875
1750932169.7891169,0.0,0.0,"[174.0, 185.0, 193.0, 161.0, 144.0, 142.0, 153.0, 150.0, 182.0, 174.0]",7.240879058837891,0.0,27.506927490234375,0.000568389892578125,-95.80023193359375
1750932169.8040001,0.0,0.0,"[174.0, 185.0, 193.0, 160.0, 144.0, 142.0, 153.0, 150.0, 182.0, 174.0]",7.001451015472412,0.0,27.646484375,0.000568389892578125,-95.81169128417969
1750932169.818975,0.0,0.0,"[174.0, 185.0, 193.0, 160.0, 144.0, 142.0, 153.0, 151.0, 183.0, 174.0]",6.762373447418213,0.0,27.7813720703125,0.000568389892578125,-95.82174682617188
1750932169.8460245,0.0,0.0,"[174.0, 185.0, 193.0, 160.0, 144.0, 142.0, 153.0, 151.0, 183.0, 174.0]",6.523686408996582,0.0,27.911376953125,0.000568389892578125,-95.83265686035156
1750932169.8612757,0.0,0.5,"[174.0, 185.0, 193.0, 160.0, 144.0, 142.0, 153.0, 153.0, 183.0, 174.0]",6.285389423370361,0.0,28.0367431640625,0.000568389892578125,-95.8419189453125
1750932169.8761668,0.0,0.5,"[174.0, 185.0, 193.0, 160.0, 144.0, 142.0, 152.0, 153.0, 183.0, 174.0]",6.047449588775635,0.0,28.15728759765625,0.000568389892578125,-95.85206604003906
1750932169.9143987,0.0,0.5,"[174.0, 185.0, 193.0, 160.0, 144.0, 142.0, 152.0, 154.0, 184.0, 174.0]",6.391268253326416,0.0,28.284759521484375,0.0005664825439453125,-95.86151123046875
1750932169.9292383,0.0,0.5,"[174.0, 185.0, 192.0, 160.0, 144.0, 142.0, 152.0, 155.0, 184.0, 174.0]",6.153143882751465,0.0,28.407379150390625,0.000568389892578125,-95.87173461914062
1750932169.9447608,0.0,0.5,"[174.0, 185.0, 194.0, 160.0, 143.0, 141.0, 152.0, 155.0, 184.0, 174.0]",6.4930267333984375,0.0,28.536895751953125,0.0005664825439453125,-95.88150024414062
1750932169.9597645,0.0,0.5,"[174.0, 185.0, 197.0, 160.0, 143.0, 141.0, 152.0, 155.0, 184.0, 174.0]",6.234770774841309,0.0,28.661163330078125,0.0005645751953125,-95.89166259765625
1750932169.9751425,0.0,0.5,"[174.0, 185.0, 200.0, 160.0, 143.0, 141.0, 152.0, 156.0, 185.0, 174.0]",6.554010391235352,0.0,28.7918701171875,0.0005645751953125,-95.90167236328125
1750932170.0135453,0.0,0.5,"[174.0, 185.0, 202.0, 159.0, 143.0, 141.0, 152.0, 158.0, 185.0, 174.0]",6.453004837036133,0.0,28.920501708984375,0.0005664825439453125,-95.91201782226562
1750932170.0284252,0.0,0.5,"[174.0, 185.0, 207.0, 161.0, 143.0, 141.0, 152.0, 158.0, 185.0, 174.0]",6.628556251525879,0.0,29.052642822265625,0.0005645751953125,-95.92263793945312
1750932170.0433843,0.0,0.5,"[174.0, 185.0, 206.0, 161.0, 143.0, 141.0, 152.0, 158.0, 185.0, 174.0]",6.57767391204834,0.0,29.183807373046875,0.0005664825439453125,-95.93269348144531
1750932170.0585477,0.0,0.5,"[174.0, 185.0, 206.0, 161.0, 143.0, 141.0, 152.0, 159.0, 185.0, 174.0]",6.7883148193359375,0.0,29.31915283203125,0.0005664825439453125,-95.94361877441406
1750932170.0851793,0.0,0.5,"[174.0, 185.0, 206.0, 162.0, 143.0, 140.0, 152.0, 159.0, 185.0, 174.0]",6.627828121185303,0.0,29.4512939453125,0.0005664825439453125,-95.95408630371094
1750932170.1004407,0.0,0.5,"[174.0, 185.0, 206.0, 162.0, 142.0, 140.0, 152.0, 160.0, 185.0, 174.0]",6.922658443450928,0.0,29.589324951171875,0.0005664825439453125,-95.96475219726562
1750932170.1154373,0.0,0.5,"[174.0, 185.0, 206.0, 161.0, 142.0, 140.0, 152.0, 161.0, 185.0, 174.0]",6.807986259460449,0.0,29.725067138671875,0.0005664825439453125,-95.97561645507812
1750932170.15313,0.0,0.5,"[174.0, 185.0, 206.0, 161.0, 142.0, 140.0, 152.0, 162.0, 185.0, 174.0]",7.089846611022949,0.0,29.866424560546875,0.0005664825439453125,-95.98677062988281
1750932170.1681828,0.0,0.5,"[174.0, 185.0, 206.0, 161.0, 142.0, 140.0, 152.0, 162.0, 185.0, 174.0]",7.008420944213867,0.0,30.006134033203125,0.0005664825439453125,-95.99807739257812
1750932170.183401,0.0,0.5,"[174.0, 185.0, 206.0, 161.0, 142.0, 140.0, 151.0, 163.0, 185.0, 174.0]",7.0816240310668945,0.0,30.1473388671875,0.0005645751953125,-96.00894165039062
1750932170.1993582,0.0,0.5,"[174.0, 185.0, 206.0, 161.0, 142.0, 140.0, 151.0, 163.0, 185.0, 174.0]",7.105350971221924,0.0,30.288970947265625,0.0005645751953125,-96.02044677734375
1750932170.2264204,0.0,0.5,"[174.0, 185.0, 204.0, 161.0, 142.0, 139.0, 151.0, 164.0, 185.0, 174.0]",7.045317649841309,0.0,30.429473876953125,0.0005645751953125,-96.03121948242188
1750932170.2411435,0.0,0.5,"[174.0, 185.0, 204.0, 161.0, 141.0, 139.0, 151.0, 164.0, 185.0, 174.0]",7.359655380249023,0.0,30.576171875,0.0005645751953125,-96.04315185546875
1750932170.2560463,0.0,0.5,"[174.0, 185.0, 204.0, 160.0, 141.0, 139.0, 151.0, 165.0, 185.0, 174.0]",7.251471996307373,0.0,30.720794677734375,0.0005645751953125,-96.05419921875
1750932170.2953708,0.0,0.5,"[174.0, 185.0, 204.0, 160.0, 141.0, 139.0, 150.0, 165.0, 185.0, 174.0]",7.310705661773682,0.0,30.86651611328125,0.0005645751953125,-96.066162109375
1750932170.3109353,0.0,0.5,"[174.0, 185.0, 204.0, 160.0, 141.0, 139.0, 150.0, 167.0, 185.0, 174.0]",7.525819778442383,0.0,31.0166015625,0.0005645751953125,-96.07762145996094
1750932170.3265023,1.0,0.5,"[174.0, 185.0, 204.0, 160.0, 141.0, 139.0, 149.0, 167.0, 185.0, 174.0]",7.450496673583984,0.0,31.16510009765625,0.0005645751953125,-96.08984375
1750932170.3423693,1.0,0.5,"[174.0, 185.0, 204.0, 160.0, 141.0, 138.0, 149.0, 170.0, 185.0, 174.0]",7.273475170135498,0.5,31.308258056640625,0.0005645751953125,-96.11569213867188
1750932170.3577516,1.0,0.5,"[174.0, 185.0, 204.0, 160.0, 141.0, 138.0, 151.0, 172.0, 185.0, 174.0]",7.231295585632324,0.5,31.445831298828125,0.0005645751953125,-96.1602783203125
1750932170.3977025,1.0,0.5,"[174.0, 185.0, 203.0, 159.0, 141.0, 138.0, 151.0, 175.0, 185.0, 174.0]",7.242180824279785,0.5,31.586029052734375,0.0005664825439453125,-96.19667053222656
1750932170.4142547,0.0,0.5,"[174.0, 185.0, 203.0, 156.0, 141.0, 138.0, 151.0, 178.0, 185.0, 174.0]",7.277085304260254,0.5,31.723907470703125,0.0005664825439453125,-96.24325561523438
1750932170.430062,0.0,0.5,"[174.0, 185.0, 203.0, 156.0, 140.0, 138.0, 151.0, 179.0, 185.0, 174.0]",7.3457441329956055,0.0,31.86968994140625,0.0005664825439453125,-96.26158142089844
1750932170.4460282,0.0,0.5,"[174.0, 185.0, 203.0, 157.0, 140.0, 138.0, 151.0, 179.0, 185.0, 174.0]",7.273669719696045,0.0,32.01361083984375,0.0005664825439453125,-96.28280639648438
1750932170.4621112,0.0,0.5,"[174.0, 185.0, 203.0, 157.0, 140.0, 138.0, 151.0, 180.0, 185.0, 174.0]",7.492176055908203,0.0,32.16229248046875,0.0005664825439453125,-96.30130004882812
1750932170.4776988,0.0,0.5,"[174.0, 185.0, 203.0, 159.0, 140.0, 138.0, 151.0, 179.0, 185.0, 174.0]",7.401237487792969,0.0,32.3087158203125,0.000568389892578125,-96.32305908203125
1750932170.5172846,1.0,0.5,"[174.0, 185.0, 203.0, 159.0, 140.0, 137.0, 151.0, 180.0, 185.0, 174.0]",7.612870693206787,0.0,32.459808349609375,0.000568389892578125,-96.341796875
1750932170.5335655,1.0,0.5,"[174.0, 185.0, 202.0, 155.0, 140.0, 137.0, 151.0, 181.0, 185.0, 174.0]",7.275883674621582,0.5,32.5989990234375,0.000568389892578125,-96.38430786132812
1750932170.5495367,1.0,0.5,"[174.0, 185.0, 201.0, 155.0, 140.0, 137.0, 151.0, 183.0, 185.0, 174.0]",7.4720635414123535,0.5,32.74053955078125,0.000568389892578125,-96.4322509765625
1750932170.5649238,1.0,0.5,"[174.0, 185.0, 201.0, 154.0, 139.0, 137.0, 151.0, 183.0, 185.0, 174.0]",7.428438186645508,0.5,32.880126953125,0.000568389892578125,-96.48309326171875
1750932170.5814593,1.0,0.5,"[174.0, 185.0, 201.0, 154.0, 139.0, 137.0, 151.0, 184.0, 185.0, 174.0]",7.398593425750732,0.5,33.019195556640625,0.000568389892578125,-96.53366088867188
1750932170.5979269,1.0,0.5,"[174.0, 185.0, 201.0, 154.0, 139.0, 137.0, 151.0, 185.0, 185.0, 174.0]",7.551094055175781,0.5,33.159454345703125,0.000568389892578125,-96.58963012695312
1750932170.64015,1.0,0.5,"[174.0, 185.0, 201.0, 154.0, 139.0, 137.0, 151.0, 186.0, 185.0, 174.0]",7.537797927856445,0.5,33.29937744140625,0.000568389892578125,-96.645751953125
1750932170.6567993,1.0,0.5,"[174.0, 185.0, 201.0, 154.0, 139.0, 137.0, 151.0, 186.0, 185.0, 174.0]",7.5871901512146,0.5,33.438690185546875,0.000568389892578125,-96.70590209960938
1750932170.6585217,1.0,0.5,"[174.0, 185.0, 201.0, 154.0, 139.0, 137.0, 151.0, 186.0, 185.0, 174.0]",7.599925518035889,0.5,33.577728271484375,0.000568389892578125,-96.767333984375
1750932170.6879902,1.0,0.5,"[174.0, 185.0, 201.0, 153.0, 139.0, 137.0, 151.0, 187.0, 185.0, 174.0]",7.647171497344971,0.5,33.716461181640625,0.000568389892578125,-96.83171081542969
1750932170.7046456,1.0,0.5,"[174.0, 185.0, 201.0, 153.0, 139.0, 137.0, 151.0, 187.0, 185.0, 174.0]",7.823840618133545,0.5,33.857879638671875,0.0005702972412109375,-96.89866638183594
1750932170.7217095,1.0,0.5,"[174.0, 185.0, 203.0, 153.0, 139.0, 137.0, 151.0, 188.0, 185.0, 174.0]",7.648630142211914,0.5,33.99432373046875,0.000568389892578125,-96.96781921386719
1750932170.7391646,1.0,0.5,"[174.0, 185.0, 204.0, 153.0, 139.0, 137.0, 151.0, 189.0, 185.0, 174.0]",7.734685897827148,0.5,34.13201904296875,0.000568389892578125,-97.038330078125
1750932170.7712996,0.0,0.5,"[174.0, 185.0, 206.0, 153.0, 139.0, 137.0, 151.0, 189.0, 185.0, 174.0]",7.752545356750488,0.5,34.26763916015625,0.000568389892578125,-97.11349487304688
1750932170.789768,0.0,0.5,"[174.0, 185.0, 206.0, 152.0, 139.0, 137.0, 150.0, 189.0, 185.0, 174.0]",7.772977828979492,0.0,34.411163330078125,0.000568389892578125,-97.17324829101562
1750932170.8077147,0.0,0.5,"[174.0, 185.0, 206.0, 152.0, 138.0, 136.0, 149.0, 189.0, 185.0, 174.0]",7.790759563446045,0.0,34.55975341796875,0.000568389892578125,-97.22015380859375
1750932170.8256927,0.0,0.5,"[174.0, 185.0, 204.0, 152.0, 138.0, 136.0, 149.0, 189.0, 185.0, 174.0]",7.818305015563965,0.0,34.70648193359375,0.000568389892578125,-97.274169921875
1750932170.8440337,0.0,0.5,"[174.0, 185.0, 201.0, 152.0, 138.0, 136.0, 149.0, 188.0, 185.0, 174.0]",7.924559593200684,0.0,34.856536865234375,0.000568389892578125,-97.32521057128906
1750932170.8622692,0.0,0.5,"[174.0, 185.0, 201.0, 152.0, 138.0, 136.0, 148.0, 187.0, 185.0, 174.0]",7.997579097747803,0.0,35.007232666015625,0.000568389892578125,-97.37887573242188
1750932170.8799486,0.0,0.5,"[174.0, 185.0, 201.0, 151.0, 137.0, 135.0, 148.0, 187.0, 185.0, 174.0]",7.909924507141113,0.0,35.156768798828125,0.000568389892578125,-97.43049621582031
1750932170.8977768,0.0,0.5,"[174.0, 185.0, 200.0, 151.0, 137.0, 135.0, 148.0, 187.0, 185.0, 174.0]",8.235434532165527,0.0,35.31207275390625,0.000568389892578125,-97.48532104492188
1750932170.9430926,0.0,0.5,"[174.0, 185.0, 200.0, 151.0, 137.0, 135.0, 148.0, 186.0, 185.0, 174.0]",8.052921295166016,0.0,35.464111328125,0.000568389892578125,-97.53842163085938
1750932170.9610863,0.0,0.5,"[174.0, 185.0, 200.0, 151.0, 137.0, 135.0, 147.0, 186.0, 185.0, 174.0]",8.159164428710938,0.0,35.618011474609375,0.0005664825439453125,-97.59268188476562
1750932170.96283,0.0,0.5,"[174.0, 185.0, 200.0, 151.0, 137.0, 135.0, 147.0, 186.0, 185.0, 174.0]",8.154942512512207,0.0,35.772064208984375,0.0005664825439453125,-97.64627075195312
1750932170.9813106,0.0,0.5,"[174.0, 185.0, 198.0, 149.0, 136.0, 134.0, 147.0, 185.0, 185.0, 174.0]",8.343240737915039,0.0,35.929534912109375,0.0005664825439453125,-97.70150756835938
1750932170.9990876,0.0,0.5,"[174.0, 185.0, 198.0, 149.0, 136.0, 134.0, 146.0, 184.0, 185.0, 174.0]",8.409707069396973,0.0,36.088226318359375,0.000568389892578125,-97.75721740722656
1750932171.0176725,1.0,0.5,"[174.0, 185.0, 197.0, 148.0, 136.0, 133.0, 146.0, 184.0, 185.0, 174.0]",8.500957489013672,0.0,36.2486572265625,0.000568389892578125,-97.81350708007812
1750932171.0631363,1.0,0.5,"[174.0, 185.0, 197.0, 148.0, 135.0, 133.0, 146.0, 184.0, 185.0, 174.0]",8.171125411987305,0.5,36.3973388671875,0.000568389892578125,-97.88131713867188
1750932171.081804,1.0,0.5,"[174.0, 185.0, 198.0, 148.0, 135.0, 133.0, 146.0, 184.0, 185.0, 174.0]",8.13902759552002,0.5,36.536651611328125,0.000568389892578125,-97.96553039550781
1750932171.0834143,1.0,0.5,"[174.0, 185.0, 198.0, 148.0, 135.0, 133.0, 146.0, 184.0, 185.0, 174.0]",8.227378845214844,0.5,36.677398681640625,0.000568389892578125,-98.05076599121094
1750932171.1020014,1.0,0.5,"[174.0, 185.0, 200.0, 148.0, 135.0, 133.0, 146.0, 184.0, 185.0, 174.0]",8.235564231872559,0.5,36.81793212890625,0.000568389892578125,-98.13668823242188
1750932171.1207278,1.0,0.5,"[174.0, 185.0, 211.0, 147.0, 135.0, 133.0, 145.0, 184.0, 185.0, 174.0]",8.268078804016113,0.5,36.955841064453125,0.000568389892578125,-98.22792053222656
1750932171.1390815,1.0,0.5,"[174.0, 185.0, 211.0, 147.0, 135.0, 131.0, 145.0, 183.0, 185.0, 174.0]",8.473638534545898,0.5,37.097015380859375,0.000568389892578125,-98.32167053222656
1750932171.1716156,0.0,0.5,"[174.0, 185.0, 211.0, 147.0, 130.0, 131.0, 145.0, 183.0, 185.0, 174.0]",8.309216499328613,0.5,37.232879638671875,0.000568389892578125,-98.41737365722656
1750932171.1900296,0.0,0.5,"[174.0, 185.0, 211.0, 147.0, 129.0, 131.0, 145.0, 183.0, 185.0, 174.0]",8.427079200744629,0.0,37.380523681640625,0.0005664825439453125,-98.4986572265625
1750932171.2084222,0.0,0.5,"[174.0, 185.0, 211.0, 147.0, 129.0, 131.0, 144.0, 183.0, 185.0, 174.0]",8.267379760742188,0.0,37.5302734375,0.0005664825439453125,-98.5687255859375
1750932171.2266655,0.0,0.5,"[174.0, 185.0, 211.0, 146.0, 129.0, 130.0, 144.0, 181.0, 185.0, 174.0]",8.431182861328125,0.0,37.681488037109375,0.0005664825439453125,-98.64334106445312
1750932171.245085,0.0,0.5,"[174.0, 185.0, 210.0, 146.0, 128.0, 130.0, 144.0, 181.0, 185.0, 174.0]",8.509795188903809,0.0,37.834625244140625,0.0005664825439453125,-98.71768188476562
1750932171.263963,0.0,0.5,"[174.0, 185.0, 209.0, 145.0, 128.0, 130.0, 143.0, 179.0, 185.0, 174.0]",8.57853889465332,0.0,37.988922119140625,0.0005664825439453125,-98.79269409179688
1750932171.2819846,0.0,0.5,"[174.0, 185.0, 209.0, 145.0, 127.0, 129.0, 143.0, 179.0, 185.0, 174.0]",8.594417572021484,0.0,38.143463134765625,0.0005664825439453125,-98.86795043945312
1750932171.3001616,1.0,0.5,"[174.0, 185.0, 200.0, 145.0, 127.0, 129.0, 143.0, 179.0, 185.0, 174.0]",8.641586303710938,0.0,38.298858642578125,0.0005664825439453125,-98.94357299804688
1750932171.3181796,1.0,0.5,"[174.0, 185.0, 209.0, 144.0, 127.0, 129.0, 141.0, 178.0, 185.0, 174.0]",8.499439239501953,0.5,38.44464111328125,0.0005664825439453125,-99.031005859375
1750932171.3653789,1.0,0.5,"[174.0, 185.0, 209.0, 144.0, 126.0, 128.0, 141.0, 178.0, 185.0, 174.0]",8.364171981811523,0.5,38.577117919921875,0.0005664825439453125,-99.13316345214844
1750932171.3836145,1.0,0.5,"[174.0, 185.0, 209.0, 144.0, 126.0, 128.0, 141.0, 178.0, 185.0, 174.0]",8.457427024841309,0.5,38.7108154296875,0.000568389892578125,-99.23675537109375
1750932171.3852355,1.0,0.5,"[174.0, 185.0, 209.0, 144.0, 126.0, 128.0, 141.0, 178.0, 185.0, 174.0]",8.507309913635254,0.5,38.8441162109375,0.0005664825439453125,-99.34249877929688
1750932171.4030435,1.0,0.5,"[174.0, 185.0, 210.0, 144.0, 125.0, 128.0, 141.0, 176.0, 185.0, 174.0]",8.484084129333496,0.5,38.973724365234375,0.0005664825439453125,-99.45201110839844
1750932171.4218552,1.0,0.5,"[174.0, 185.0, 211.0, 144.0, 125.0, 128.0, 140.0, 176.0, 185.0, 174.0]",8.51427936553955,0.5,39.1036376953125,0.0005664825439453125,-99.56210327148438
1750932171.440556,1.0,0.5,"[174.0, 185.0, 211.0, 144.0, 125.0, 127.0, 140.0, 176.0, 185.0, 174.0]",8.706125259399414,0.5,39.23309326171875,0.0005664825439453125,-99.67855834960938
1750932171.459506,1.0,0.5,"[174.0, 185.0, 211.0, 144.0, 124.0, 127.0, 140.0, 176.0, 185.0, 174.0]",8.666264533996582,0.5,39.361175537109375,0.0005664825439453125,-99.79531860351562
1750932171.4929745,1.0,0.5,"[174.0, 185.0, 211.0, 144.0, 124.0, 127.0, 140.0, 176.0, 185.0, 174.0]",8.832316398620605,0.5,39.488433837890625,0.0005664825439453125,-99.91781616210938
1750932171.5116367,1.0,0.5,"[174.0, 185.0, 211.0, 143.0, 124.0, 127.0, 139.0, 175.0, 185.0, 174.0]",8.674290657043457,0.5,39.612091064453125,0.0005664825439453125,-100.03952026367188
1750932171.529706,1.0,0.5,"[174.0, 185.0, 211.0, 143.0, 123.0, 126.0, 139.0, 175.0, 185.0, 174.0]",8.756355285644531,0.5,39.733551025390625,0.000568389892578125,-100.16567993164062
1750932171.549894,1.0,0.5,"[174.0, 185.0, 211.0, 143.0, 123.0, 121.0, 139.0, 175.0, 185.0, 174.0]",8.509842872619629,0.5,39.850738525390625,0.000568389892578125,-100.28912353515625
1750932171.569602,1.0,0.5,"[174.0, 185.0, 211.0, 143.0, 123.0, 121.0, 139.0, 175.0, 185.0, 174.0]",8.854848861694336,0.5,39.969329833984375,0.000568389892578125,-100.420654296875
1750932171.5890296,1.0,0.5,"[174.0, 185.0, 211.0, 143.0, 123.0, 121.0, 138.0, 173.0, 185.0, 174.0]",8.860952377319336,0.5,40.0860595703125,0.000568389892578125,-100.55397033691406
1750932171.607613,1.0,0.5,"[174.0, 185.0, 209.0, 144.0, 123.0, 120.0, 138.0, 173.0, 185.0, 174.0]",9.074721336364746,0.5,40.203704833984375,0.000568389892578125,-100.69216918945312
1750932171.625562,1.0,0.5,"[174.0, 185.0, 209.0, 144.0, 122.0, 120.0, 138.0, 172.0, 185.0, 174.0]",8.976231575012207,0.5,40.316497802734375,0.000568389892578125,-100.83183288574219
1750932171.644225,1.0,0.5,"[174.0, 185.0, 209.0, 146.0, 122.0, 119.0, 137.0, 172.0, 185.0, 174.0]",9.185909271240234,0.5,40.430633544921875,0.000568389892578125,-100.97579956054688
1750932171.662969,0.0,0.5,"[174.0, 185.0, 209.0, 147.0, 122.0, 119.0, 137.0, 172.0, 185.0, 174.0]",9.12890625,0.5,40.539794921875,0.000568389892578125,-101.12214660644531
1750932171.6818824,0.0,0.5,"[174.0, 185.0, 207.0, 147.0, 122.0, 118.0, 136.0, 170.0, 185.0, 174.0]",9.185700416564941,0.0,40.66473388671875,0.000568389892578125,-101.2568359375
1750932171.7003493,0.0,0.5,"[174.0, 185.0, 207.0, 146.0, 121.0, 118.0, 136.0, 170.0, 185.0, 174.0]",8.970292091369629,0.0,40.795928955078125,0.000568389892578125,-101.37921142578125
1750932171.719493,0.0,0.5,"[174.0, 185.0, 207.0, 145.0, 120.0, 117.0, 134.0, 169.0, 185.0, 174.0]",9.155987739562988,0.0,40.926727294921875,0.000568389892578125,-101.50735473632812
1750932171.7533672,0.0,0.5,"[174.0, 185.0, 207.0, 144.0, 120.0, 116.0, 134.0, 169.0, 185.0, 174.0]",9.1203031539917,0.0,41.057769775390625,0.0005664825439453125,-101.63424682617188
1750932171.7720108,1.0,0.5,"[174.0, 185.0, 207.0, 144.0, 119.0, 116.0, 133.0, 167.0, 185.0, 174.0]",9.334559440612793,0.0,41.19207763671875,0.0005664825439453125,-101.76393127441406
1750932171.7911828,1.0,0.5,"[174.0, 185.0, 207.0, 144.0, 119.0, 115.0, 126.0, 167.0, 185.0, 174.0]",9.097206115722656,0.5,41.3092041015625,0.0005664825439453125,-101.90316772460938
1750932171.8101547,1.0,0.5,"[174.0, 185.0, 207.0, 146.0, 119.0, 115.0, 126.0, 165.0, 185.0, 174.0]",8.90977954864502,0.5,41.408660888671875,0.000568389892578125,-102.051025390625
1750932171.8302898,1.0,0.5,"[174.0, 185.0, 206.0, 148.0, 118.0, 114.0, 125.0, 165.0, 185.0, 174.0]",9.02635669708252,0.5,41.509918212890625,0.000568389892578125,-102.20046997070312
1750932171.8499262,1.0,0.5,"[174.0, 185.0, 206.0, 158.0, 118.0, 114.0, 124.0, 164.0, 185.0, 174.0]",9.141080856323242,0.5,41.60931396484375,0.000568389892578125,-102.35391235351562
1750932171.868441,1.0,0.5,"[174.0, 185.0, 206.0, 158.0, 118.0, 114.0, 124.0, 164.0, 185.0, 174.0]",9.171904563903809,0.5,41.70611572265625,0.000568389892578125,-102.50973510742188
1750932171.8880036,1.0,0.5,"[174.0, 185.0, 204.0, 158.0, 118.0, 113.0, 123.0, 162.0, 185.0, 174.0]",9.23019790649414,0.5,41.800628662109375,0.000568389892578125,-102.66830444335938
1750932171.9073002,1.0,0.5,"[174.0, 185.0, 204.0, 158.0, 118.0, 113.0, 123.0, 162.0, 185.0, 174.0]",9.29332447052002,0.5,41.892669677734375,0.000568389892578125,-102.82978820800781
1750932171.927521,1.0,0.5,"[174.0, 185.0, 203.0, 158.0, 118.0, 113.0, 122.0, 161.0, 185.0, 174.0]",9.266105651855469,0.5,41.98138427734375,0.0005664825439453125,-102.99249267578125
1750932171.9480283,1.0,0.5,"[174.0, 185.0, 202.0, 158.0, 118.0, 113.0, 122.0, 151.0, 185.0, 174.0]",9.240791320800781,0.5,42.0667724609375,0.0005550384521484375,-103.15640258789062
1750932171.9679654,1.0,0.5,"[174.0, 185.0, 201.0, 159.0, 118.0, 112.0, 121.0, 150.0, 185.0, 174.0]",9.257719993591309,0.5,42.149444580078125,0.000499725341796875,-103.32208251953125
1750932171.98754,1.0,0.5,"[174.0, 185.0, 198.0, 159.0, 118.0, 112.0, 121.0, 148.0, 185.0, 174.0]",9.42273998260498,0.5,42.23077392578125,0.0003871917724609375,-103.49208068847656
1750932172.0073488,1.0,0.5,"[174.0, 185.0, 197.0, 159.0, 119.0, 112.0, 119.0, 147.0, 185.0, 174.0]",9.219411849975586,0.5,42.3056640625,0.0002384185791015625,-103.66056823730469
1750932172.0266063,1.0,0.5,"[174.0, 185.0, 196.0, 159.0, 120.0, 112.0, 119.0, 147.0, 185.0, 174.0]",9.359647750854492,0.5,42.38006591796875,9.918212890625e-05,-103.83233642578125
1750932172.0459678,1.0,0.5,"[174.0, 185.0, 194.0, 159.0, 122.0, 112.0, 119.0, 145.0, 185.0, 174.0]",9.614121437072754,0.5,42.452545166015625,-1.33514404296875e-05,-104.01043701171875
1750932172.0652668,1.0,0.5,"[174.0, 185.0, 192.0, 158.0, 125.0, 112.0, 118.0, 144.0, 185.0, 174.0]",9.430512428283691,0.5,42.519683837890625,-9.918212890625e-05,-104.18670654296875
1750932172.0842352,1.0,0.5,"[174.0, 185.0, 190.0, 158.0, 127.0, 112.0, 118.0, 144.0, 185.0, 174.0]",9.61086368560791,0.5,42.585479736328125,-0.00018310546875,-104.36729431152344
1750932172.1033423,1.0,0.5,"[174.0, 185.0, 189.0, 156.0, 129.0, 112.0, 118.0, 142.0, 185.0, 174.0]",9.564576148986816,0.5,42.64727783203125,-0.0002384185791015625,-104.54833984375
1750932172.1222153,1.0,0.5,"[174.0, 185.0, 188.0, 156.0, 140.0, 112.0, 118.0, 142.0, 185.0, 174.0]",9.609106063842773,0.5,42.70587158203125,-0.00028228759765625,-104.73135375976562
1750932172.1412818,0.0,0.5,"[174.0, 185.0, 186.0, 156.0, 140.0, 112.0, 117.0, 141.0, 185.0, 174.0]",9.785541534423828,0.5,42.761322021484375,-0.0003490447998046875,-104.9190673828125
1750932172.1597521,0.0,0.5,"[174.0, 185.0, 186.0, 155.0, 139.0, 112.0, 117.0, 141.0, 185.0, 174.0]",9.615474700927734,0.0,42.83111572265625,-0.0005664825439453125,-105.09825134277344
1750932172.1784368,0.0,0.5,"[174.0, 185.0, 186.0, 155.0, 139.0, 111.0, 116.0, 139.0, 185.0, 174.0]",9.73280143737793,0.0,42.915313720703125,-0.0010280609130859375,-105.27374267578125
1750932172.21256,0.0,0.5,"[174.0, 185.0, 186.0, 155.0, 139.0, 110.0, 115.0, 137.0, 185.0, 174.0]",9.750974655151367,0.0,42.9984130859375,-0.0016460418701171875,-105.45016479492188
1750932172.2316206,0.0,0.5,"[174.0, 185.0, 186.0, 155.0, 139.0, 109.0, 114.0, 136.0, 185.0, 174.0]",9.740935325622559,0.0,43.080535888671875,-0.0023975372314453125,-105.6268310546875
1750932172.2506156,1.0,0.5,"[174.0, 185.0, 186.0, 155.0, 139.0, 109.0, 114.0, 134.0, 185.0, 174.0]",9.848422050476074,0.0,43.16473388671875,-0.0033321380615234375,-105.80490112304688
1750932172.2697506,1.0,0.5,"[174.0, 185.0, 186.0, 155.0, 139.0, 108.0, 113.0, 133.0, 185.0, 174.0]",9.442540168762207,0.5,43.230194091796875,-0.004215240478515625,-105.98204040527344
1750932172.2885523,1.0,0.5,"[174.0, 185.0, 184.0, 154.0, 139.0, 109.0, 113.0, 133.0, 185.0, 174.0]",9.522353172302246,0.5,43.28143310546875,-0.0052089691162109375,-106.16546630859375
1750932172.306956,1.0,0.5,"[174.0, 185.0, 183.0, 154.0, 139.0, 110.0, 113.0, 133.0, 185.0, 174.0]",9.500823020935059,0.5,43.326385498046875,-0.00641632080078125,-106.35006713867188
1750932172.3250492,1.0,0.5,"[174.0, 185.0, 181.0, 154.0, 139.0, 113.0, 113.0, 133.0, 185.0, 174.0]",9.47370433807373,0.5,43.367584228515625,-0.007856369018554688,-106.53500366210938
1750932172.343664,1.0,0.5,"[174.0, 185.0, 179.0, 153.0, 139.0, 115.0, 114.0, 133.0, 185.0, 174.0]",9.605175018310547,0.5,43.405517578125,-0.009519577026367188,-106.72332763671875
1750932172.3618753,1.0,0.5,"[174.0, 185.0, 178.0, 153.0, 139.0, 118.0, 114.0, 133.0, 185.0, 174.0]",9.844799041748047,0.5,43.44110107421875,-0.011434555053710938,-106.91696166992188
1750932172.3806324,1.0,0.5,"[174.0, 185.0, 176.0, 153.0, 140.0, 120.0, 114.0, 133.0, 185.0, 174.0]",9.694371223449707,0.5,43.472564697265625,-0.013536453247070312,-107.1082763671875
1750932172.3996534,0.0,0.5,"[174.0, 185.0, 175.0, 152.0, 140.0, 123.0, 115.0, 133.0, 185.0, 174.0]",9.865724563598633,0.5,43.500579833984375,-0.015844345092773438,-107.3035888671875
1750932172.4188707,0.0,0.5,"[174.0, 185.0, 175.0, 152.0, 140.0, 124.0, 115.0, 133.0, 184.0, 174.0]",9.712258338928223,0.0,43.543670654296875,-0.018695831298828125,-107.49295043945312
1750932172.4531434,0.0,0.5,"[174.0, 185.0, 175.0, 152.0, 140.0, 124.0, 114.0, 131.0, 182.0, 174.0]",9.901805877685547,0.0,43.601104736328125,-0.022108078002929688,-107.68246459960938
1750932172.4717894,0.0,0.5,"[174.0, 185.0, 175.0, 153.0, 140.0, 124.0, 114.0, 131.0, 181.0, 174.0]",9.520539283752441,0.0,43.655487060546875,-0.02557373046875,-107.86489868164062
1750932172.49058,0.0,0.5,"[174.0, 185.0, 175.0, 153.0, 140.0, 124.0, 113.0, 130.0, 179.0, 174.0]",9.821154594421387,0.0,43.711517333984375,-0.029291152954101562,-108.05313110351562
1750932172.5080228,1.0,0.5,"[174.0, 185.0, 176.0, 153.0, 141.0, 141.0, 113.0, 130.0, 177.0, 174.0]",10.026732444763184,0.0,43.768829345703125,-0.033294677734375,-108.24525451660156
1750932172.5266411,1.0,0.5,"[174.0, 185.0, 175.0, 153.0, 141.0, 141.0, 114.0, 130.0, 176.0, 174.0]",9.578505516052246,0.5,43.807373046875,-0.03690910339355469,-108.43287658691406
1750932172.544537,1.0,0.5,"[174.0, 185.0, 173.0, 152.0, 141.0, 141.0, 117.0, 130.0, 176.0, 174.0]",9.539571762084961,0.5,43.82958984375,-0.04022789001464844,-108.62234497070312
1750932172.5625405,1.0,0.5,"[174.0, 185.0, 172.0, 151.0, 141.0, 141.0, 120.0, 130.0, 177.0, 174.0]",9.760176658630371,0.5,43.846527099609375,-0.043804168701171875,-108.8167724609375
1750932172.5818253,1.0,0.5,"[174.0, 185.0, 170.0, 149.0, 141.0, 142.0, 123.0, 131.0, 178.0, 174.0]",9.707549095153809,0.5,43.859649658203125,-0.04744720458984375,-109.01043701171875
1750932172.601334,1.0,0.5,"[174.0, 185.0, 169.0, 148.0, 140.0, 142.0, 126.0, 133.0, 179.0, 174.0]",9.855674743652344,0.5,43.868194580078125,-0.05135917663574219,-109.20733642578125
1750932172.6201184,1.0,0.5,"[174.0, 185.0, 167.0, 147.0, 140.0, 142.0, 129.0, 133.0, 179.0, 174.0]",9.716743469238281,0.5,43.87371826171875,-0.0553436279296875,-109.40155029296875
1750932172.6391768,1.0,0.5,"[174.0, 185.0, 164.0, 146.0, 139.0, 142.0, 132.0, 136.0, 179.0, 174.0]",9.973525047302246,0.5,43.87542724609375,-0.05939483642578125,-109.60098266601562
1750932172.6730678,0.0,0.5,"[174.0, 185.0, 162.0, 144.0, 139.0, 142.0, 134.0, 139.0, 181.0, 174.0]",9.861005783081055,0.5,43.87396240234375,-0.06355857849121094,-109.79815673828125
1750932172.6922648,0.0,0.5,"[174.0, 185.0, 162.0, 144.0, 139.0, 142.0, 136.0, 141.0, 181.0, 174.0]",9.91028881072998,0.0,43.886993408203125,-0.0688323974609375,-109.995849609375
1750932172.7113538,0.0,0.5,"[174.0, 185.0, 162.0, 144.0, 139.0, 143.0, 136.0, 141.0, 179.0, 174.0]",9.906005859375,0.0,43.9150390625,-0.07506752014160156,-110.19187927246094
1750932172.730426,0.0,0.5,"[174.0, 185.0, 162.0, 144.0, 139.0, 143.0, 137.0, 142.0, 179.0, 174.0]",9.95703411102295,0.0,43.9415283203125,-0.08146476745605469,-110.38914489746094
1750932172.7495558,0.0,0.5,"[174.0, 185.0, 162.0, 144.0, 139.0, 143.0, 167.0, 142.0, 178.0, 174.0]",10.218486785888672,0.0,43.969085693359375,-0.08826065063476562,-110.59153747558594
1750932172.7682378,0.0,0.5,"[174.0, 185.0, 162.0, 144.0, 139.0, 143.0, 167.0, 142.0, 176.0, 174.0]",10.143778800964355,0.0,43.996246337890625,-0.09514045715332031,-110.79246520996094
1750932172.7872567,0.0,0.5,"[174.0, 185.0, 162.0, 144.0, 139.0, 143.0, 168.0, 143.0, 176.0, 174.0]",10.259900093078613,0.0,44.02392578125,-0.10240364074707031,-110.99566650390625
1750932172.8062434,0.0,0.5,"[174.0, 185.0, 162.0, 144.0, 139.0, 144.0, 168.0, 144.0, 173.0, 174.0]",10.084295272827148,0.0,44.050994873046875,-0.10986709594726562,-111.19537353515625
1750932172.825189,0.0,0.5,"[174.0, 185.0, 161.0, 144.0, 139.0, 144.0, 168.0, 145.0, 173.0, 174.0]",10.281219482421875,0.0,44.07861328125,-0.11778831481933594,-111.39898681640625
1750932172.8447495,0.0,0.5,"[174.0, 185.0, 161.0, 145.0, 139.0, 144.0, 168.0, 145.0, 173.0, 174.0]",10.342432975769043,0.0,44.106170654296875,-0.12590980529785156,-111.60382080078125
1750932172.8638437,0.0,0.5,"[174.0, 185.0, 161.0, 144.0, 139.0, 144.0, 169.0, 145.0, 174.0, 174.0]",10.336912155151367,0.0,44.134124755859375,-0.1341400146484375,-111.80850219726562
1750932172.8827097,0.0,0.5,"[174.0, 185.0, 161.0, 145.0, 139.0, 144.0, 169.0, 146.0, 174.0, 174.0]",10.524087905883789,0.0,44.162261962890625,-0.1426830291748047,-112.01692199707031
1750932172.9020019,0.0,0.5,"[174.0, 185.0, 161.0, 144.0, 139.0, 144.0, 170.0, 147.0, 176.0, 174.0]",10.430784225463867,0.0,44.19049072265625,-0.15145301818847656,-112.22343444824219
1750932172.9209702,0.0,0.5,"[174.0, 185.0, 161.0, 144.0, 139.0, 144.0, 169.0, 147.0, 177.0, 174.0]",10.684124946594238,0.0,44.219268798828125,-0.16078948974609375,-112.43496704101562
1750932172.9399736,1.0,0.5,"[174.0, 185.0, 160.0, 144.0, 139.0, 144.0, 170.0, 147.0, 178.0, 174.0]",10.4193754196167,0.0,44.247222900390625,-0.1701335906982422,-112.64125061035156
1750932172.9584732,1.0,0.5,"[174.0, 185.0, 159.0, 143.0, 138.0, 144.0, 170.0, 150.0, 180.0, 174.0]",10.502877235412598,0.5,44.261016845703125,-0.17873001098632812,-112.85067749023438
1750932172.9933732,1.0,0.5,"[174.0, 185.0, 156.0, 141.0, 137.0, 144.0, 172.0, 153.0, 185.0, 174.0]",10.180610656738281,0.5,44.257293701171875,-0.1860485076904297,-113.05412292480469
1750932173.0120645,1.0,0.5,"[174.0, 185.0, 154.0, 139.0, 136.0, 144.0, 166.0, 156.0, 185.0, 174.0]",10.336465835571289,0.5,44.2423095703125,-0.19293212890625,-113.26019287109375
1750932173.0318098,0.0,0.5,"[174.0, 185.0, 151.0, 137.0, 135.0, 143.0, 164.0, 159.0, 185.0, 174.0]",10.253653526306152,0.5,44.225250244140625,-0.19977188110351562,-113.46444702148438
1750932173.0519555,0.0,0.5,"[174.0, 185.0, 150.0, 136.0, 135.0, 143.0, 164.0, 161.0, 185.0, 174.0]",10.295819282531738,0.0,44.223785400390625,-0.2080535888671875,-113.67018127441406
1750932173.0721092,0.0,0.5,"[174.0, 185.0, 150.0, 136.0, 134.0, 143.0, 164.0, 163.0, 185.0, 174.0]",10.552074432373047,0.0,44.237030029296875,-0.21774673461914062,-113.88058471679688
1750932173.0921495,0.0,0.5,"[174.0, 185.0, 149.0, 136.0, 134.0, 143.0, 164.0, 170.0, 185.0, 174.0]",10.222744941711426,0.0,44.248870849609375,-0.2271442413330078,-114.08447265625
1750932173.111924,0.0,0.5,"[174.0, 185.0, 148.0, 136.0, 134.0, 143.0, 164.0, 175.0, 185.0, 174.0]",10.528327941894531,0.0,44.261077880859375,-0.23688316345214844,-114.29446411132812
1750932173.1320705,0.0,0.5,"[174.0, 185.0, 148.0, 135.0, 133.0, 143.0, 164.0, 180.0, 185.0, 174.0]",10.565596580505371,0.0,44.273345947265625,-0.24674415588378906,-114.50518798828125
1750932173.151835,0.0,0.5,"[174.0, 185.0, 147.0, 135.0, 133.0, 143.0, 164.0, 183.0, 185.0, 174.0]",10.658263206481934,0.0,44.285736083984375,-0.25676918029785156,-114.71775817871094
1750932173.1713448,0.0,0.5,"[174.0, 185.0, 147.0, 134.0, 133.0, 142.0, 164.0, 187.0, 185.0, 174.0]",10.791328430175781,0.0,44.2982177734375,-0.26692771911621094,-114.9329833984375
1750932173.19112,-1.0,0.5,"[174.0, 185.0, 147.0, 134.0, 131.0, 142.0, 164.0, 189.0, 185.0, 174.0]",10.666895866394043,0.0,44.310791015625,-0.2769660949707031,-115.14572143554688
1750932173.211359,-1.0,0.5,"[174.0, 185.0, 147.0, 135.0, 131.0, 142.0, 166.0, 188.0, 185.0, 174.0]",10.575642585754395,-0.5,44.338165283203125,-0.2881755828857422,-115.35514831542969
1750932173.2304108,-1.0,0.5,"[174.0, 185.0, 150.0, 137.0, 133.0, 142.0, 166.0, 183.0, 185.0, 174.0]",10.528812408447266,-0.5,44.386199951171875,-0.3010272979736328,-115.55975341796875
1750932173.24943,-1.0,0.5,"[174.0, 185.0, 151.0, 138.0, 134.0, 143.0, 167.0, 178.0, 185.0, 174.0]",10.306739807128906,-0.5,44.439544677734375,-0.3140544891357422,-115.75845336914062
1750932173.268155,-1.0,0.5,"[174.0, 185.0, 155.0, 139.0, 135.0, 143.0, 175.0, 173.0, 185.0, 174.0]",10.498940467834473,-0.5,44.499359130859375,-0.32776832580566406,-115.95925903320312
1750932173.287029,-1.0,0.5,"[174.0, 185.0, 156.0, 139.0, 136.0, 143.0, 174.0, 170.0, 185.0, 174.0]",10.509116172790527,-0.5,44.5626220703125,-0.34175872802734375,-116.15921020507812
1750932173.3054242,0.0,0.5,"[174.0, 185.0, 159.0, 140.0, 136.0, 144.0, 174.0, 164.0, 185.0, 174.0]",10.645451545715332,-0.5,44.630584716796875,-0.3562278747558594,-116.36045837402344
1750932173.324548,0.0,0.5,"[174.0, 185.0, 161.0, 140.0, 137.0, 144.0, 174.0, 164.0, 185.0, 174.0]",10.619650840759277,0.0,44.68658447265625,-0.3697624206542969,-116.56488037109375
1750932173.3435378,0.0,0.5,"[174.0, 185.0, 161.0, 140.0, 136.0, 143.0, 174.0, 167.0, 185.0, 174.0]",10.688009262084961,0.0,44.72589111328125,-0.38216209411621094,-116.77462768554688
1750932173.3619554,0.0,0.5,"[174.0, 185.0, 161.0, 139.0, 136.0, 143.0, 174.0, 170.0, 185.0, 174.0]",10.638650894165039,0.0,44.765045166015625,-0.3947334289550781,-116.9833984375
1750932173.3807864,0.0,0.5,"[174.0, 185.0, 161.0, 139.0, 136.0, 143.0, 175.0, 171.0, 185.0, 174.0]",10.62851619720459,0.0,44.80389404296875,-0.40735626220703125,-117.1920166015625
1750932173.3994496,0.0,0.5,"[174.0, 185.0, 160.0, 139.0, 136.0, 143.0, 175.0, 173.0, 185.0, 174.0]",10.63444709777832,0.0,44.843414306640625,-0.42016029357910156,-117.40060424804688
1750932173.4338183,0.0,0.5,"[174.0, 185.0, 160.0, 138.0, 135.0, 143.0, 175.0, 175.0, 185.0, 174.0]",11.017645835876465,0.0,44.8836669921875,-0.4335441589355469,-117.6168212890625
1750932173.4528723,0.0,0.5,"[174.0, 185.0, 160.0, 138.0, 135.0, 143.0, 175.0, 177.0, 185.0, 174.0]",10.7294921875,0.0,44.923004150390625,-0.44672393798828125,-117.82736206054688
1750932173.4713137,0.0,0.5,"[174.0, 185.0, 159.0, 137.0, 135.0, 143.0, 175.0, 179.0, 185.0, 174.0]",11.089863777160645,0.0,44.963592529296875,-0.46051025390625,-118.04498291015625
1750932173.489462,0.0,0.5,"[174.0, 185.0, 159.0, 137.0, 135.0, 142.0, 175.0, 181.0, 185.0, 174.0]",11.030704498291016,0.0,45.00390625,-0.4743843078613281,-118.26144409179688
1750932173.507492,0.0,0.5,"[174.0, 185.0, 158.0, 136.0, 134.0, 142.0, 175.0, 183.0, 185.0, 174.0]",11.211668014526367,0.0,45.045074462890625,-0.4885139465332031,-118.48141479492188
1750932173.525545,0.0,0.5,"[174.0, 185.0, 158.0, 136.0, 134.0, 142.0, 175.0, 184.0, 185.0, 174.0]",11.11736011505127,0.0,45.085601806640625,-0.5025367736816406,-118.6995849609375
1750932173.5441787,0.0,0.5,"[174.0, 185.0, 156.0, 135.0, 133.0, 142.0, 175.0, 186.0, 185.0, 174.0]",11.24455451965332,0.0,45.126800537109375,-0.516815185546875,-118.92021179199219
1750932173.5625675,0.0,0.5,"[174.0, 185.0, 155.0, 134.0, 133.0, 141.0, 176.0, 187.0, 185.0, 174.0]",11.274578094482422,0.0,45.167999267578125,-0.5311279296875,-119.14144897460938
1750932173.581689,0.0,0.5,"[174.0, 185.0, 155.0, 133.0, 133.0, 141.0, 176.0, 189.0, 185.0, 174.0]",11.304014205932617,0.0,45.209747314453125,-0.5456218719482422,-119.3631591796875
1750932173.6015122,0.0,0.5,"[174.0, 185.0, 153.0, 133.0, 131.0, 141.0, 176.0, 220.0, 185.0, 174.0]",11.25911808013916,0.0,45.250701904296875,-0.5601177215576172,-119.5841064453125
1750932173.6203973,0.0,0.5,"[174.0, 185.0, 153.0, 132.0, 131.0, 141.0, 176.0, 220.0, 185.0, 174.0]",11.439812660217285,0.0,45.292755126953125,-0.5748100280761719,-119.80853271484375
1750932173.6403978,0.0,0.5,"[174.0, 185.0, 151.0, 132.0, 130.0, 140.0, 176.0, 221.0, 185.0, 174.0]",11.508882522583008,0.0,45.334930419921875,-0.5896129608154297,-120.03433227539062
1750932173.6604934,0.0,0.5,"[174.0, 185.0, 150.0, 131.0, 130.0, 140.0, 168.0, 221.0, 185.0, 174.0]",11.689355850219727,0.0,45.377685546875,-0.6046161651611328,-120.263671875
1750932173.6814187,-1.0,0.5,"[174.0, 185.0, 149.0, 130.0, 130.0, 139.0, 168.0, 221.0, 185.0, 174.0]",11.579812049865723,0.0,45.420257568359375,-0.6194438934326172,-120.4908447265625
1750932173.701945,-1.0,0.5,"[174.0, 185.0, 148.0, 131.0, 130.0, 139.0, 177.0, 221.0, 185.0, 174.0]",11.515637397766113,-0.5,45.4764404296875,-0.6357707977294922,-120.71360778808594
1750932173.723126,-1.0,0.5,"[174.0, 185.0, 150.0, 131.0, 131.0, 140.0, 176.0, 221.0, 185.0, 174.0]",11.266884803771973,-0.5,45.55224609375,-0.6539592742919922,-120.92503356933594
1750932173.7434673,-1.0,0.5,"[174.0, 185.0, 151.0, 133.0, 133.0, 140.0, 177.0, 218.0, 185.0, 174.0]",11.364724159240723,-0.5,45.638916015625,-0.6732368469238281,-121.13427734375
1750932173.7621453,-1.0,0.5,"[174.0, 185.0, 151.0, 133.0, 133.0, 141.0, 177.0, 217.0, 185.0, 174.0]",11.239039421081543,-0.5,45.72845458984375,-0.6926231384277344,-121.33953857421875
1750932173.7809668,-1.0,0.5,"[174.0, 185.0, 153.0, 136.0, 134.0, 142.0, 177.0, 215.0, 185.0, 174.0]",11.404361724853516,-0.5,45.824554443359375,-0.7128143310546875,-121.54539489746094
1750932173.7998893,-1.0,0.5,"[174.0, 185.0, 155.0, 137.0, 134.0, 142.0, 177.0, 179.0, 185.0, 174.0]",11.622767448425293,-0.5,45.9267578125,-0.7337360382080078,-121.75312805175781
1750932173.8178475,-1.0,0.5,"[174.0, 185.0, 156.0, 138.0, 135.0, 143.0, 177.0, 176.0, 185.0, 174.0]",11.455328941345215,-0.5,46.032440185546875,-0.7549381256103516,-121.95529174804688
1750932173.8654175,-1.0,0.0,"[174.0, 185.0, 158.0, 139.0, 135.0, 144.0, 176.0, 175.0, 185.0, 174.0]",11.640191078186035,-0.5,46.14434814453125,-0.7769927978515625,-122.15824890136719
1750932173.8843749,0.0,0.0,"[174.0, 185.0, 159.0, 141.0, 136.0, 145.0, 175.0, 172.0, 185.0, 174.0]",11.50398063659668,-0.5,46.260009765625,-0.7992992401123047,-122.35586547851562
1750932173.8859212,0.0,0.0,"[174.0, 185.0, 159.0, 141.0, 136.0, 145.0, 175.0, 172.0, 185.0, 174.0]",11.195538520812988,0.0,46.360107421875,-0.8196220397949219,-122.55514526367188
1750932173.9043074,0.0,0.0,"[174.0, 185.0, 159.0, 141.0, 135.0, 145.0, 175.0, 172.0, 185.0, 174.0]",10.941556930541992,0.0,46.441925048828125,-0.8377552032470703,-122.75729370117188
1750932173.923111,0.0,0.0,"[174.0, 185.0, 159.0, 141.0, 135.0, 144.0, 175.0, 172.0, 185.0, 174.0]",10.721445083618164,0.0,46.522735595703125,-0.8557682037353516,-122.955078125
1750932173.9409997,0.0,0.0,"[174.0, 185.0, 159.0, 141.0, 134.0, 144.0, 176.0, 173.0, 185.0, 174.0]",10.498838424682617,0.0,46.601898193359375,-0.8734989166259766,-123.14875793457031
1750932173.9585874,0.0,0.0,"[174.0, 185.0, 158.0, 140.0, 134.0, 144.0, 176.0, 214.0, 185.0, 174.0]",10.275782585144043,0.0,46.679351806640625,-0.8909282684326172,-123.33831787109375
1750932173.9914827,0.0,0.0,"[174.0, 185.0, 158.0, 139.0, 133.0, 144.0, 176.0, 215.0, 185.0, 174.0]",10.050203323364258,0.0,46.755157470703125,-0.9079875946044922,-123.52369689941406
1750932174.0098948,0.0,0.0,"[174.0, 185.0, 158.0, 139.0, 133.0, 143.0, 176.0, 217.0, 185.0, 174.0]",9.826253890991211,0.0,46.829254150390625,-0.9247074127197266,-123.7049560546875
1750932174.0279849,-1.0,0.0,"[174.0, 185.0, 156.0, 138.0, 131.0, 143.0, 176.0, 217.0, 185.0, 174.0]",9.602840423583984,0.0,46.90167236328125,-0.9410800933837891,-123.882080078125
1750932174.0463407,-1.0,0.0,"[174.0, 185.0, 158.0, 138.0, 133.0, 143.0, 176.0, 217.0, 185.0, 174.0]",9.110387802124023,-0.5,46.98602294921875,-0.9586849212646484,-124.0426025390625
1750932174.0649364,-1.0,0.0,"[174.0, 185.0, 159.0, 139.0, 133.0, 144.0, 175.0, 213.0, 185.0, 174.0]",8.723413467407227,-0.5,47.083282470703125,-0.9775333404541016,-124.18621826171875
1750932174.0831568,-1.0,0.0,"[174.0, 185.0, 161.0, 139.0, 134.0, 145.0, 175.0, 202.0, 185.0, 174.0]",8.555445671081543,-0.5,47.17822265625,-0.9959011077880859,-124.32737731933594
1750932174.1014013,-1.0,0.5,"[174.0, 185.0, 162.0, 139.0, 134.0, 146.0, 174.0, 189.0, 185.0, 174.0]",8.302233695983887,-0.5,47.273406982421875,-1.0140399932861328,-124.46221923828125
1750932174.1194005,-1.0,0.5,"[174.0, 185.0, 164.0, 140.0, 135.0, 146.0, 173.0, 180.0, 185.0, 174.0]",8.091730117797852,-0.5,47.368194580078125,-1.0318984985351562,-124.5921630859375
1750932174.1521864,-1.0,0.5,"[174.0, 185.0, 165.0, 140.0, 135.0, 147.0, 173.0, 171.0, 185.0, 174.0]",8.512138366699219,-0.5,47.470123291015625,-1.0508880615234375,-124.72718811035156
1750932174.1703086,-1.0,0.5,"[174.0, 185.0, 167.0, 140.0, 136.0, 157.0, 171.0, 164.0, 185.0, 174.0]",8.29692554473877,-0.5,47.571868896484375,-1.0696296691894531,-124.85694885253906
1750932174.1887062,-1.0,0.5,"[174.0, 185.0, 167.0, 141.0, 136.0, 156.0, 171.0, 162.0, 185.0, 174.0]",8.553183555603027,-0.5,47.67877197265625,-1.0892581939697266,-124.98904418945312
1750932174.2072463,-1.0,0.5,"[174.0, 185.0, 168.0, 141.0, 137.0, 157.0, 170.0, 159.0, 185.0, 174.0]",8.216487884521484,-0.5,47.78375244140625,-1.108419418334961,-125.114013671875
1750932174.2264516,-1.0,0.5,"[174.0, 185.0, 169.0, 143.0, 138.0, 157.0, 170.0, 158.0, 185.0, 174.0]",8.501943588256836,-0.5,47.894500732421875,-1.1284904479980469,-125.241455078125
1750932174.2454183,0.0,0.5,"[174.0, 185.0, 169.0, 143.0, 139.0, 157.0, 170.0, 155.0, 185.0, 174.0]",8.580721855163574,-0.5,48.008392333984375,-1.1489410400390625,-125.36819458007812
1750932174.2643547,0.0,0.5,"[174.0, 185.0, 169.0, 143.0, 139.0, 157.0, 170.0, 155.0, 185.0, 174.0]",8.50599479675293,0.0,48.112640380859375,-1.1681079864501953,-125.50125122070312
1750932174.282321,0.0,0.5,"[174.0, 185.0, 168.0, 143.0, 138.0, 157.0, 170.0, 155.0, 185.0, 174.0]",8.50924015045166,0.0,48.199798583984375,-1.185220718383789,-125.64642333984375
1750932174.3016076,0.0,0.5,"[174.0, 185.0, 167.0, 143.0, 138.0, 157.0, 170.0, 159.0, 185.0, 174.0]",8.866031646728516,0.0,48.297821044921875,-1.2039375305175781,-125.79299926757812
1750932174.3203354,0.0,0.5,"[174.0, 185.0, 167.0, 141.0, 138.0, 157.0, 170.0, 164.0, 185.0, 174.0]",8.722530364990234,0.0,48.392303466796875,-1.2221260070800781,-125.93850708007812
1750932174.3395936,0.0,0.5,"[174.0, 185.0, 165.0, 141.0, 138.0, 157.0, 170.0, 170.0, 185.0, 174.0]",8.927987098693848,0.0,48.489471435546875,-1.2408924102783203,-126.08712768554688
1750932174.3582418,0.0,0.5,"[174.0, 185.0, 165.0, 141.0, 137.0, 157.0, 170.0, 173.0, 185.0, 174.0]",8.901140213012695,0.0,48.5860595703125,-1.2595787048339844,-126.23550415039062
1750932174.3947904,0.0,0.5,"[174.0, 185.0, 164.0, 140.0, 137.0, 157.0, 170.0, 177.0, 185.0, 174.0]",9.18468952178955,0.0,48.686126708984375,-1.2788429260253906,-126.38835144042969
1750932174.4133332,0.0,0.5,"[174.0, 185.0, 164.0, 140.0, 137.0, 157.0, 170.0, 181.0, 185.0, 174.0]",9.107542037963867,0.0,48.784881591796875,-1.2979087829589844,-126.54022216796875
1750932174.4328625,-1.0,0.5,"[174.0, 185.0, 162.0, 139.0, 136.0, 157.0, 170.0, 185.0, 185.0, 174.0]",9.121888160705566,0.0,48.884246826171875,-1.3170719146728516,-126.6920166015625
1750932174.452163,-1.0,0.5,"[174.0, 185.0, 163.0, 139.0, 137.0, 157.0, 170.0, 184.0, 185.0, 174.0]",9.078790664672852,-0.5,48.99505615234375,-1.3378314971923828,-126.83433532714844
1750932174.4721403,-1.0,0.5,"[174.0, 185.0, 164.0, 140.0, 138.0, 157.0, 170.0, 179.0, 185.0, 174.0]",8.84179401397705,-0.5,49.1187744140625,-1.3601112365722656,-126.95870971679688
1750932174.4908907,-1.0,0.5,"[174.0, 185.0, 164.0, 141.0, 139.0, 157.0, 169.0, 175.0, 185.0, 174.0]",9.061062812805176,-0.5,49.24505615234375,-1.3828487396240234,-127.086669921875
1750932174.5100434,-1.0,0.5,"[174.0, 185.0, 165.0, 141.0, 140.0, 157.0, 168.0, 171.0, 182.0, 174.0]",8.934492111206055,-0.5,49.373382568359375,-1.4057178497314453,-127.20892333984375
1750932174.5288534,-1.0,0.5,"[174.0, 185.0, 166.0, 143.0, 141.0, 157.0, 168.0, 167.0, 178.0, 174.0]",9.01476001739502,-0.5,49.503875732421875,-1.4288558959960938,-127.33114624023438
1750932174.5478265,0.0,0.5,"[174.0, 185.0, 167.0, 144.0, 142.0, 156.0, 167.0, 164.0, 173.0, 174.0]",9.138570785522461,-0.5,49.638946533203125,-1.4525775909423828,-127.45199584960938
1750932174.5663707,0.0,0.5,"[174.0, 185.0, 167.0, 144.0, 142.0, 156.0, 166.0, 164.0, 173.0, 174.0]",9.114714622497559,0.0,49.76171875,-1.474609375,-127.58493041992188
1750932174.585963,0.0,0.5,"[174.0, 185.0, 166.0, 143.0, 141.0, 156.0, 167.0, 168.0, 173.0, 174.0]",9.282160758972168,0.0,49.8759765625,-1.4954986572265625,-127.729736328125
1750932174.605265,0.0,0.5,"[174.0, 185.0, 165.0, 143.0, 141.0, 156.0, 167.0, 171.0, 173.0, 174.0]",9.188100814819336,0.0,49.992218017578125,-1.5165977478027344,-127.8704833984375
1750932174.6231985,0.0,0.5,"[174.0, 185.0, 165.0, 143.0, 141.0, 156.0, 167.0, 173.0, 173.0, 174.0]",9.40471363067627,0.0,50.1102294921875,-1.53802490234375,-128.01539611816406
1750932174.6435559,0.0,0.5,"[174.0, 185.0, 164.0, 143.0, 141.0, 156.0, 167.0, 176.0, 173.0, 174.0]",9.434707641601562,0.0,50.22894287109375,-1.5594902038574219,-128.1604766845703
1750932174.662976,0.0,0.5,"[174.0, 185.0, 164.0, 141.0, 140.0, 156.0, 167.0, 178.0, 176.0, 174.0]",9.40479564666748,0.0,50.34735107421875,-1.5808525085449219,-128.3050537109375
1750932174.6823978,0.0,0.5,"[174.0, 185.0, 162.0, 141.0, 140.0, 156.0, 167.0, 180.0, 181.0, 174.0]",9.40994930267334,0.0,50.46575927734375,-1.6022205352783203,-128.44976806640625
1750932174.7016716,0.0,0.5,"[174.0, 185.0, 162.0, 141.0, 140.0, 156.0, 167.0, 183.0, 185.0, 174.0]",9.500775337219238,0.0,50.58526611328125,-1.6237659454345703,-128.59591674804688
1750932174.720678,0.0,0.5,"[174.0, 185.0, 162.0, 140.0, 139.0, 156.0, 167.0, 184.0, 185.0, 174.0]",9.455148696899414,0.0,50.704376220703125,-1.6451950073242188,-128.7412109375
1750932174.7396724,0.0,0.5,"[174.0, 185.0, 161.0, 140.0, 139.0, 156.0, 167.0, 187.0, 185.0, 174.0]",9.588088035583496,0.0,50.825164794921875,-1.6668453216552734,-128.88858032226562
1750932174.7581701,0.0,0.5,"[174.0, 185.0, 160.0, 139.0, 139.0, 156.0, 167.0, 188.0, 185.0, 174.0]",9.737360954284668,0.0,50.94757080078125,-1.688699722290039,-129.0384521484375
1750932174.8078394,0.0,0.5,"[174.0, 185.0, 159.0, 139.0, 138.0, 155.0, 167.0, 190.0, 185.0, 174.0]",9.732441902160645,0.0,51.0701904296875,-1.710550308227539,-129.18804931640625
1750932174.8269966,0.0,0.5,"[174.0, 185.0, 158.0, 138.0, 138.0, 155.0, 167.0, 194.0, 185.0, 174.0]",9.891615867614746,0.0,51.19482421875,-1.7327346801757812,-129.340087890625
1750932174.8287098,0.0,0.5,"[174.0, 185.0, 158.0, 138.0, 138.0, 155.0, 167.0, 194.0, 185.0, 174.0]",9.924071311950684,0.0,51.319549560546875,-1.7547950744628906,-129.49288940429688
1750932174.8476005,-1.0,0.5,"[174.0, 185.0, 156.0, 137.0, 137.0, 155.0, 167.0, 198.0, 185.0, 174.0]",10.155593872070312,0.0,51.447845458984375,-1.77728271484375,-129.64874267578125
1750932174.8669708,-1.0,0.5,"[174.0, 185.0, 156.0, 138.0, 138.0, 155.0, 167.0, 198.0, 185.0, 174.0]",9.920090675354004,-0.5,51.585113525390625,-1.8011417388916016,-129.7899932861328
1750932174.8856542,-1.0,0.5,"[174.0, 185.0, 158.0, 139.0, 155.0, 154.0, 166.0, 193.0, 185.0, 174.0]",9.745689392089844,-0.5,51.733612060546875,-1.8266410827636719,-129.9136199951172
1750932174.9042614,-1.0,0.5,"[174.0, 185.0, 159.0, 140.0, 154.0, 153.0, 164.0, 190.0, 185.0, 174.0]",9.860947608947754,-0.5,51.886383056640625,-1.8525867462158203,-130.03561401367188
1750932174.922694,-1.0,0.5,"[174.0, 185.0, 161.0, 141.0, 153.0, 152.0, 163.0, 187.0, 185.0, 174.0]",10.065495491027832,-0.5,52.044342041015625,-1.8793182373046875,-130.15753173828125
1750932174.941711,-1.0,0.5,"[174.0, 185.0, 162.0, 143.0, 153.0, 151.0, 162.0, 181.0, 185.0, 174.0]",9.986547470092773,-0.5,52.20367431640625,-1.9060783386230469,-130.27496337890625
1750932174.9599411,-1.0,0.5,"[174.0, 185.0, 164.0, 144.0, 153.0, 150.0, 160.0, 179.0, 185.0, 174.0]",10.091784477233887,-0.5,52.36676025390625,-1.9332542419433594,-130.39073181152344
1750932174.9788587,-1.0,0.5,"[174.0, 185.0, 165.0, 145.0, 153.0, 150.0, 159.0, 176.0, 185.0, 174.0]",10.176213264465332,-0.5,52.533660888671875,-1.9609355926513672,-130.50387573242188
1750932175.0123036,0.0,0.5,"[174.0, 185.0, 167.0, 146.0, 153.0, 149.0, 158.0, 173.0, 185.0, 174.0]",10.250031471252441,-0.5,52.704315185546875,-1.9890727996826172,-130.61390686035156
1750932175.030873,0.0,0.5,"[174.0, 185.0, 167.0, 147.0, 153.0, 148.0, 158.0, 172.0, 185.0, 174.0]",10.094127655029297,0.0,52.863311767578125,-2.0151023864746094,-130.73556518554688
1750932175.0484695,0.0,0.5,"[174.0, 185.0, 166.0, 146.0, 153.0, 148.0, 158.0, 175.0, 185.0, 174.0]",10.250622749328613,0.0,53.014129638671875,-2.0397167205810547,-130.87225341796875
1750932175.0674348,0.0,0.5,"[174.0, 185.0, 166.0, 146.0, 153.0, 148.0, 156.0, 175.0, 185.0, 174.0]",10.362821578979492,0.0,53.16864013671875,-2.064870834350586,-131.00807189941406
1750932175.0858634,0.0,0.5,"[174.0, 185.0, 165.0, 145.0, 152.0, 148.0, 156.0, 179.0, 185.0, 174.0]",10.444221496582031,0.0,53.324310302734375,-2.090057373046875,-131.14505004882812
1750932175.104479,0.0,0.5,"[174.0, 185.0, 165.0, 146.0, 152.0, 147.0, 156.0, 180.0, 185.0, 174.0]",10.561396598815918,0.0,53.481201171875,-2.115354537963867,-131.28421020507812
1750932175.1230962,0.0,0.5,"[174.0, 185.0, 164.0, 145.0, 152.0, 147.0, 156.0, 183.0, 185.0, 174.0]",10.60385799407959,0.0,53.639404296875,-2.140714645385742,-131.42315673828125
1750932175.1420197,0.0,0.5,"[174.0, 185.0, 164.0, 147.0, 152.0, 147.0, 156.0, 184.0, 185.0, 174.0]",10.515353202819824,0.0,53.7958984375,-2.165639877319336,-131.56141662597656
1750932175.1606843,0.0,0.5,"[174.0, 185.0, 163.0, 148.0, 151.0, 147.0, 156.0, 186.0, 185.0, 174.0]",10.450873374938965,0.0,53.95172119140625,-2.190326690673828,-131.6985321044922
1750932175.1794543,0.0,0.5,"[174.0, 185.0, 162.0, 151.0, 151.0, 146.0, 156.0, 187.0, 185.0, 174.0]",10.642233848571777,0.0,54.110107421875,-2.2153186798095703,-131.8385009765625
1750932175.2132845,-1.0,0.5,"[174.0, 185.0, 162.0, 174.0, 151.0, 146.0, 155.0, 187.0, 185.0, 174.0]",10.89674186706543,0.0,54.2724609375,-2.2407169342041016,-131.98165893554688
1750932175.2322228,-1.0,0.5,"[174.0, 185.0, 162.0, 173.0, 150.0, 145.0, 155.0, 186.0, 185.0, 174.0]",10.513139724731445,-0.5,54.439483642578125,-2.2668991088867188,-132.10667419433594
1750932175.251123,-1.0,0.5,"[174.0, 185.0, 164.0, 171.0, 150.0, 144.0, 154.0, 184.0, 185.0, 174.0]",10.609206199645996,-0.5,54.618011474609375,-2.2949886322021484,-132.21783447265625
1750932175.270445,-1.0,0.5,"[174.0, 185.0, 165.0, 169.0, 150.0, 143.0, 152.0, 181.0, 185.0, 174.0]",10.414661407470703,-0.5,54.798095703125,-2.323223114013672,-132.3186492919922
1750932175.2891362,-1.0,0.5,"[174.0, 185.0, 167.0, 168.0, 150.0, 142.0, 151.0, 179.0, 185.0, 174.0]",10.670753479003906,-0.5,54.98406982421875,-2.3521728515625,-132.41925048828125
1750932175.3077123,-1.0,0.5,"[174.0, 185.0, 170.0, 167.0, 149.0, 142.0, 151.0, 176.0, 185.0, 174.0]",10.71143627166748,-0.5,55.1729736328125,-2.3814525604248047,-132.51596069335938
1750932175.3265016,-1.0,0.5,"[174.0, 185.0, 171.0, 164.0, 147.0, 141.0, 149.0, 173.0, 185.0, 174.0]",10.706883430480957,-0.5,55.364410400390625,-2.410930633544922,-132.60726928710938
1750932175.3451252,-1.0,0.5,"[174.0, 185.0, 227.0, 166.0, 146.0, 140.0, 149.0, 170.0, 185.0, 174.0]",10.967215538024902,-0.5,55.561676025390625,-2.4411487579345703,-132.69830322265625
1750932175.364011,-1.0,0.5,"[174.0, 185.0, 227.0, 166.0, 145.0, 140.0, 148.0, 167.0, 185.0, 174.0]",10.824285507202148,-0.5,55.75872802734375,-2.4711875915527344,-132.78273010253906
1750932175.3830352,-1.0,0.5,"[174.0, 185.0, 227.0, 166.0, 143.0, 138.0, 148.0, 164.0, 185.0, 174.0]",10.928787231445312,-0.5,55.959259033203125,-2.501605987548828,-132.8642578125
1750932175.401936,-1.0,0.5,"[174.0, 185.0, 226.0, 166.0, 142.0, 136.0, 147.0, 160.0, 183.0, 174.0]",11.016565322875977,-0.5,56.163848876953125,-2.5323963165283203,-132.9399871826172
1750932175.4200656,-1.0,0.5,"[174.0, 185.0, 223.0, 166.0, 141.0, 135.0, 146.0, 158.0, 179.0, 174.0]",11.10522174835205,-0.5,56.370849609375,-2.563507080078125,-133.0142364501953
1750932175.4392407,0.0,0.5,"[174.0, 185.0, 220.0, 166.0, 139.0, 133.0, 145.0, 153.0, 174.0, 174.0]",11.201153755187988,-0.5,56.58160400390625,-2.595123291015625,-133.08334350585938
1750932175.473268,0.0,0.5,"[174.0, 185.0, 218.0, 164.0, 138.0, 130.0, 144.0, 153.0, 173.0, 174.0]",11.080633163452148,0.0,56.78485107421875,-2.6249847412109375,-133.1664276123047
1750932175.4919238,0.0,0.5,"[174.0, 185.0, 217.0, 164.0, 138.0, 130.0, 143.0, 154.0, 173.0, 174.0]",11.25212287902832,0.0,56.98480224609375,-2.653766632080078,-133.265625
1750932175.510289,0.0,0.5,"[174.0, 185.0, 215.0, 163.0, 137.0, 129.0, 141.0, 155.0, 174.0, 174.0]",11.068398475646973,0.0,57.18157958984375,-2.681812286376953,-133.36305236816406
1750932175.5288475,0.0,0.5,"[174.0, 185.0, 214.0, 162.0, 136.0, 128.0, 140.0, 155.0, 176.0, 174.0]",11.399626731872559,0.0,57.38427734375,-2.7103939056396484,-133.4634552001953
1750932175.5481331,0.0,0.5,"[174.0, 185.0, 212.0, 161.0, 135.0, 128.0, 139.0, 154.0, 176.0, 174.0]",11.242921829223633,0.0,57.584228515625,-2.738452911376953,-133.5623779296875
1750932175.566521,0.0,0.5,"[174.0, 185.0, 209.0, 160.0, 134.0, 127.0, 138.0, 154.0, 180.0, 174.0]",11.479750633239746,0.0,57.788482666015625,-2.7668800354003906,-133.663330078125
1750932175.5854506,1.0,0.5,"[174.0, 185.0, 207.0, 160.0, 133.0, 126.0, 136.0, 155.0, 182.0, 174.0]",11.521310806274414,0.0,57.993560791015625,-2.7951908111572266,-133.76446533203125
1750932175.6043365,1.0,0.5,"[174.0, 185.0, 207.0, 159.0, 133.0, 126.0, 134.0, 156.0, 185.0, 174.0]",11.240560531616211,0.5,58.1832275390625,-2.820505142211914,-133.8824920654297
1750932175.6226132,1.0,0.5,"[174.0, 185.0, 207.0, 159.0, 133.0, 126.0, 132.0, 159.0, 185.0, 174.0]",11.178224563598633,0.5,58.362335205078125,-2.843669891357422,-134.0142822265625
1750932175.6413922,1.0,0.5,"[174.0, 185.0, 207.0, 159.0, 133.0, 127.0, 131.0, 162.0, 185.0, 174.0]",10.972683906555176,0.5,58.53277587890625,-2.8650760650634766,-134.1508331298828
1750932175.6601295,1.0,0.5,"[174.0, 185.0, 207.0, 158.0, 131.0, 127.0, 131.0, 166.0, 185.0, 174.0]",11.1408052444458,0.5,58.70404052734375,-2.8863372802734375,-134.2917938232422
1750932175.6785178,1.0,0.5,"[174.0, 185.0, 207.0, 156.0, 131.0, 126.0, 131.0, 164.0, 185.0, 174.0]",11.383992195129395,0.5,58.8756103515625,-2.9070358276367188,-134.4400177001953
1750932175.7261808,1.0,0.5,"[174.0, 185.0, 207.0, 155.0, 131.0, 126.0, 132.0, 162.0, 185.0, 174.0]",11.136085510253906,0.5,59.039703369140625,-2.926128387451172,-134.58937072753906
1750932175.744711,1.0,0.5,"[174.0, 185.0, 207.0, 154.0, 131.0, 125.0, 132.0, 159.0, 185.0, 174.0]",11.353233337402344,0.5,59.20367431640625,-2.944551467895508,-134.745361328125
1750932175.7463226,1.0,0.5,"[174.0, 185.0, 207.0, 154.0, 131.0, 125.0, 132.0, 159.0, 185.0, 174.0]",11.571568489074707,0.5,59.36712646484375,-2.9622440338134766,-134.9082489013672
1750932175.7642963,1.0,0.5,"[174.0, 185.0, 209.0, 152.0, 131.0, 124.0, 133.0, 155.0, 185.0, 174.0]",11.409772872924805,0.5,59.525665283203125,-2.979013442993164,-135.07150268554688
1750932175.7828236,1.0,0.5,"[174.0, 185.0, 209.0, 151.0, 130.0, 123.0, 134.0, 155.0, 185.0, 174.0]",11.651049613952637,0.5,59.682464599609375,-2.9948387145996094,-135.24314880371094
1750932175.8002446,1.0,0.5,"[174.0, 185.0, 209.0, 149.0, 130.0, 123.0, 133.0, 156.0, 185.0, 174.0]",11.699527740478516,0.5,59.836639404296875,-3.0098094940185547,-135.4185333251953
1750932175.8186836,1.0,0.5,"[174.0, 185.0, 211.0, 148.0, 130.0, 123.0, 132.0, 156.0, 185.0, 174.0]",11.689767837524414,0.5,59.986419677734375,-3.023679733276367,-135.59751892089844
1750932175.8515868,1.0,0.5,"[174.0, 185.0, 211.0, 147.0, 130.0, 122.0, 131.0, 158.0, 185.0, 174.0]",11.733988761901855,0.5,60.13238525390625,-3.0364303588867188,-135.78085327148438
1750932175.871016,1.0,0.5,"[174.0, 185.0, 212.0, 146.0, 130.0, 122.0, 130.0, 158.0, 185.0, 174.0]",11.781822204589844,0.5,60.27459716796875,-3.048086166381836,-135.96836853027344
1750932175.8899007,1.0,0.5,"[174.0, 185.0, 212.0, 145.0, 129.0, 122.0, 130.0, 159.0, 185.0, 174.0]",11.935392379760742,0.5,60.41485595703125,-3.058828353881836,-136.16123962402344
1750932175.908556,1.0,0.5,"[174.0, 185.0, 214.0, 141.0, 128.0, 121.0, 129.0, 159.0, 185.0, 174.0]",11.66004467010498,0.5,60.546966552734375,-3.0680599212646484,-136.35317993164062
1750932175.925965,1.0,0.5,"[174.0, 185.0, 215.0, 141.0, 127.0, 121.0, 129.0, 158.0, 185.0, 174.0]",11.77807903289795,0.5,60.676177978515625,-3.0763683319091797,-136.54995727539062
1750932175.944702,1.0,0.5,"[174.0, 185.0, 217.0, 141.0, 126.0, 121.0, 128.0, 156.0, 185.0, 174.0]",11.952213287353516,0.5,60.802398681640625,-3.0837059020996094,-136.75283813476562
1750932175.962926,1.0,0.5,"[174.0, 185.0, 226.0, 141.0, 125.0, 121.0, 128.0, 155.0, 185.0, 174.0]",11.819104194641113,0.5,60.9224853515625,-3.0900230407714844,-136.9563446044922
1750932175.9811077,1.0,0.5,"[174.0, 185.0, 225.0, 143.0, 123.0, 121.0, 128.0, 153.0, 185.0, 174.0]",12.117681503295898,0.5,61.041473388671875,-3.0956478118896484,-137.16741943359375
1750932175.9987836,1.0,0.5,"[174.0, 185.0, 223.0, 143.0, 122.0, 121.0, 128.0, 153.0, 185.0, 174.0]",12.00600528717041,0.5,61.153564453125,-3.100069046020508,-137.37973022460938
1750932176.0317712,1.0,0.5,"[174.0, 185.0, 221.0, 144.0, 121.0, 121.0, 128.0, 153.0, 185.0, 174.0]",12.263260841369629,0.5,61.263519287109375,-3.1036415100097656,-137.5989227294922
1750932176.0490692,1.0,0.5,"[174.0, 185.0, 220.0, 144.0, 120.0, 120.0, 128.0, 151.0, 185.0, 174.0]",12.122936248779297,0.5,61.3670654296875,-3.1061325073242188,-137.81814575195312
1750932176.06702,1.0,0.5,"[174.0, 185.0, 220.0, 145.0, 120.0, 119.0, 128.0, 151.0, 185.0, 174.0]",12.223617553710938,0.5,61.4656982421875,-3.1074581146240234,-138.04183959960938
1750932176.0847862,1.0,0.5,"[174.0, 185.0, 218.0, 146.0, 119.0, 118.0, 128.0, 151.0, 185.0, 174.0]",12.090049743652344,0.5,61.55841064453125,-3.1078357696533203,-138.26515197753906
1750932176.1030312,1.0,0.5,"[174.0, 185.0, 217.0, 147.0, 118.0, 117.0, 128.0, 151.0, 185.0, 174.0]",12.413019180297852,0.5,61.648040771484375,-3.1072235107421875,-138.49667358398438
1750932176.1205125,1.0,0.5,"[174.0, 185.0, 217.0, 148.0, 116.0, 116.0, 128.0, 151.0, 185.0, 174.0]",12.241703033447266,0.5,61.730804443359375,-3.1056594848632812,-138.72708129882812
1750932176.138604,1.0,0.5,"[174.0, 185.0, 215.0, 149.0, 116.0, 114.0, 128.0, 151.0, 185.0, 174.0]",12.346084594726562,0.5,61.808746337890625,-3.1031665802001953,-138.96136474609375
1750932176.1703558,1.0,0.5,"[174.0, 185.0, 214.0, 152.0, 117.0, 113.0, 126.0, 151.0, 185.0, 174.0]",12.271215438842773,0.5,61.880401611328125,-3.0997352600097656,-139.19607543945312
1750932176.18807,1.0,0.5,"[174.0, 185.0, 214.0, 153.0, 118.0, 113.0, 124.0, 153.0, 185.0, 174.0]",12.535983085632324,0.5,61.947540283203125,-3.0953102111816406,-139.43759155273438
1750932176.205784,1.0,0.5,"[174.0, 185.0, 212.0, 155.0, 118.0, 112.0, 123.0, 153.0, 185.0, 174.0]",12.209939002990723,0.5,62.007537841796875,-3.0901451110839844,-139.67425537109375
1750932176.2230709,1.0,0.5,"[174.0, 185.0, 211.0, 158.0, 120.0, 111.0, 122.0, 153.0, 185.0, 174.0]",12.591642379760742,0.5,62.063385009765625,-3.0839176177978516,-139.91973876953125
1750932176.2401047,1.0,0.5,"[174.0, 185.0, 211.0, 160.0, 121.0, 108.0, 121.0, 151.0, 185.0, 174.0]",12.411860466003418,0.5,62.112152099609375,-3.0768604278564453,-140.1630401611328
1750932176.2581232,1.0,0.5,"[174.0, 185.0, 209.0, 162.0, 122.0, 108.0, 118.0, 150.0, 185.0, 174.0]",12.578059196472168,0.5,62.155731201171875,-3.0689315795898438,-140.41067504882812
1750932176.30373,1.0,0.5,"[174.0, 185.0, 209.0, 168.0, 123.0, 109.0, 117.0, 147.0, 185.0, 174.0]",12.384612083435059,0.5,62.191680908203125,-3.0601119995117188,-140.65557861328125
1750932176.3214495,1.0,0.5,"[174.0, 185.0, 207.0, 168.0, 125.0, 110.0, 116.0, 144.0, 185.0, 174.0]",12.569181442260742,0.5,62.22216796875,-3.050291061401367,-140.90492248535156
1750932176.323026,1.0,0.5,"[174.0, 185.0, 207.0, 168.0, 125.0, 110.0, 116.0, 144.0, 185.0, 174.0]",12.543682098388672,0.5,62.246734619140625,-3.0396671295166016,-141.15435791015625
1750932176.3409595,1.0,0.5,"[174.0, 185.0, 206.0, 167.0, 127.0, 112.0, 111.0, 140.0, 185.0, 174.0]",12.584933280944824,0.5,62.264984130859375,-3.0281219482421875,-141.40512084960938
1750932176.3585587,1.0,0.5,"[174.0, 185.0, 205.0, 166.0, 129.0, 113.0, 113.0, 137.0, 185.0, 174.0]",12.729483604431152,0.5,62.276397705078125,-3.0154457092285156,-141.6591339111328
1750932176.390286,1.0,0.5,"[174.0, 185.0, 204.0, 164.0, 131.0, 114.0, 114.0, 136.0, 185.0, 174.0]",12.551252365112305,0.5,62.28240966796875,-3.002197265625,-141.9097442626953
1750932176.4068975,1.0,0.5,"[174.0, 185.0, 203.0, 164.0, 134.0, 115.0, 114.0, 134.0, 185.0, 174.0]",12.735808372497559,0.5,62.280517578125,-2.9875717163085938,-142.16403198242188
1750932176.4247837,1.0,0.5,"[174.0, 185.0, 203.0, 163.0, 136.0, 117.0, 115.0, 128.0, 185.0, 174.0]",12.596257209777832,0.5,62.273651123046875,-2.9723739624023438,-142.4154052734375
1750932176.442789,1.0,0.5,"[174.0, 185.0, 201.0, 162.0, 138.0, 118.0, 116.0, 130.0, 185.0, 174.0]",12.780028343200684,0.5,62.258636474609375,-2.9557571411132812,-142.67002868652344
1750932176.4613564,1.0,0.5,"[174.0, 185.0, 201.0, 162.0, 140.0, 119.0, 117.0, 130.0, 185.0, 174.0]",12.73363208770752,0.5,62.23822021484375,-2.938474655151367,-142.9232940673828
1750932176.4799533,1.0,0.5,"[174.0, 185.0, 200.0, 161.0, 142.0, 121.0, 119.0, 132.0, 182.0, 174.0]",12.709333419799805,0.5,62.211090087890625,-2.920278549194336,-143.1753692626953
1750932176.4986794,1.0,0.5,"[174.0, 185.0, 198.0, 160.0, 149.0, 123.0, 121.0, 133.0, 172.0, 174.0]",12.723886489868164,0.5,62.177581787109375,-2.901153564453125,-143.42691040039062
1750932176.533953,1.0,0.5,"[174.0, 185.0, 196.0, 160.0, 149.0, 124.0, 122.0, 134.0, 173.0, 174.0]",12.838400840759277,0.5,62.136871337890625,-2.880828857421875,-143.6796112060547
1750932176.554136,1.0,0.5,"[174.0, 185.0, 193.0, 159.0, 148.0, 126.0, 124.0, 136.0, 176.0, 174.0]",12.691132545471191,0.5,62.091156005859375,-2.859935760498047,-143.92840576171875
1750932176.5735831,1.0,0.5,"[174.0, 185.0, 192.0, 158.0, 147.0, 128.0, 125.0, 137.0, 177.0, 174.0]",12.843313217163086,0.5,62.03704833984375,-2.837617874145508,-144.1785125732422
1750932176.5956337,1.0,0.5,"[174.0, 185.0, 189.0, 158.0, 146.0, 130.0, 128.0, 141.0, 179.0, 174.0]",12.863142013549805,0.5,61.977386474609375,-2.8144397735595703,-144.4276885986328
1750932176.617119,1.0,0.5,"[174.0, 185.0, 187.0, 156.0, 146.0, 133.0, 129.0, 142.0, 182.0, 174.0]",12.857152938842773,0.5,61.910552978515625,-2.7902183532714844,-144.67481994628906
1750932176.637402,1.0,0.5,"[174.0, 185.0, 184.0, 155.0, 145.0, 136.0, 131.0, 144.0, 185.0, 174.0]",12.799392700195312,0.5,61.83843994140625,-2.7652435302734375,-144.91915893554688
1750932176.6571603,1.0,0.5,"[174.0, 185.0, 183.0, 155.0, 144.0, 137.0, 133.0, 146.0, 185.0, 174.0]",12.751623153686523,0.5,61.75921630859375,-2.739290237426758,-145.16018676757812
1750932176.6765647,1.0,0.5,"[174.0, 185.0, 179.0, 154.0, 143.0, 150.0, 136.0, 149.0, 185.0, 174.0]",12.854530334472656,0.5,61.673492431640625,-2.7122535705566406,-145.40106201171875
1750932176.69648,1.0,0.5,"[174.0, 185.0, 178.0, 154.0, 143.0, 150.0, 138.0, 151.0, 185.0, 174.0]",12.886979103088379,0.5,61.58099365234375,-2.684154510498047,-145.63998413085938
1750932176.7161343,1.0,0.5,"[174.0, 185.0, 175.0, 152.0, 142.0, 149.0, 140.0, 154.0, 185.0, 174.0]",12.896598815917969,0.5,61.4825439453125,-2.6551952362060547,-145.8766326904297
1750932176.7356465,1.0,0.5,"[174.0, 185.0, 173.0, 149.0, 141.0, 148.0, 143.0, 156.0, 185.0, 174.0]",12.895428657531738,0.5,61.378082275390625,-2.6253318786621094,-146.11053466796875
1750932176.7557008,1.0,0.5,"[174.0, 185.0, 170.0, 148.0, 141.0, 147.0, 145.0, 159.0, 185.0, 174.0]",12.855873107910156,0.5,61.26800537109375,-2.594728469848633,-146.3408660888672
1750932176.7754452,1.0,0.5,"[174.0, 185.0, 167.0, 146.0, 140.0, 146.0, 147.0, 162.0, 185.0, 174.0]",12.98431396484375,0.5,61.150848388671875,-2.562957763671875,-146.5704345703125
1750932176.7953541,1.0,0.5,"[174.0, 185.0, 165.0, 144.0, 139.0, 145.0, 150.0, 165.0, 185.0, 174.0]",12.709665298461914,0.5,61.0294189453125,-2.531024932861328,-146.7914581298828
1750932176.81556,1.0,0.5,"[174.0, 185.0, 162.0, 141.0, 140.0, 144.0, 164.0, 169.0, 185.0, 174.0]",12.859017372131348,0.5,60.90179443359375,-2.4980831146240234,-147.0122833251953
1750932176.8355782,1.0,0.5,"[174.0, 185.0, 159.0, 139.0, 138.0, 157.0, 170.0, 172.0, 185.0, 174.0]",13.018268585205078,0.5,60.765411376953125,-2.4638023376464844,-147.23143005371094
1750932176.8553257,1.0,0.5,"[174.0, 185.0, 156.0, 137.0, 136.0, 143.0, 169.0, 175.0, 185.0, 174.0]",12.852516174316406,0.5,60.626617431640625,-2.429412841796875,-147.44503784179688
1750932176.8765442,0.0,0.5,"[174.0, 185.0, 153.0, 134.0, 135.0, 142.0, 168.0, 178.0, 185.0, 174.0]",13.136595726013184,0.5,60.478271484375,-2.3934993743896484,-147.65887451171875
1750932176.8959005,0.0,0.5,"[174.0, 185.0, 151.0, 133.0, 133.0, 141.0, 167.0, 179.0, 185.0, 174.0]",12.708202362060547,0.0,60.346832275390625,-2.3596973419189453,-147.87376403808594
1750932176.915463,0.0,0.5,"[174.0, 185.0, 150.0, 132.0, 133.0, 141.0, 167.0, 179.0, 185.0, 174.0]",12.905364036560059,0.0,60.2274169921875,-2.3266677856445312,-148.10018920898438
1750932176.9349284,0.0,0.5,"[174.0, 185.0, 150.0, 131.0, 131.0, 141.0, 167.0, 180.0, 185.0, 174.0]",12.71506404876709,0.0,60.11212158203125,-2.2942638397216797,-148.3245391845703
1750932176.9540873,0.0,0.5,"[174.0, 185.0, 148.0, 131.0, 131.0, 141.0, 167.0, 180.0, 185.0, 174.0]",12.896810531616211,0.0,59.995147705078125,-2.2612476348876953,-148.55203247070312
1750932176.9732604,0.0,0.5,"[174.0, 185.0, 147.0, 130.0, 130.0, 140.0, 166.0, 181.0, 185.0, 174.0]",12.853671073913574,0.0,59.878753662109375,-2.228292465209961,-148.77886962890625
1750932176.992999,0.0,0.5,"[174.0, 185.0, 147.0, 130.0, 130.0, 140.0, 166.0, 184.0, 185.0, 174.0]",12.85265064239502,0.0,59.762481689453125,-2.195262908935547,-149.0057373046875
1750932177.0119734,0.0,0.5,"[174.0, 185.0, 145.0, 129.0, 129.0, 140.0, 166.0, 187.0, 185.0, 174.0]",13.185097694396973,0.0,59.643218994140625,-2.1612205505371094,-149.2384490966797
1750932177.03058,0.0,0.5,"[174.0, 185.0, 145.0, 129.0, 129.0, 140.0, 164.0, 188.0, 185.0, 174.0]",12.88885498046875,0.0,59.526641845703125,-2.127798080444336,-149.46592712402344
1750932177.0498457,0.0,0.5,"[174.0, 185.0, 144.0, 128.0, 128.0, 140.0, 164.0, 190.0, 185.0, 174.0]",13.219672203063965,0.0,59.4071044921875,-2.093425750732422,-149.69923400878906
1750932177.068915,0.0,0.5,"[174.0, 185.0, 142.0, 126.0, 127.0, 139.0, 164.0, 192.0, 185.0, 174.0]",12.894966125488281,0.0,59.290496826171875,-2.0598201751708984,-149.9268035888672
1750932177.089087,0.0,0.5,"[174.0, 185.0, 141.0, 126.0, 127.0, 139.0, 163.0, 193.0, 185.0, 174.0]",13.204060554504395,0.0,59.1710205078125,-2.0252552032470703,-150.15975952148438
1750932177.109534,0.0,0.5,"[174.0, 185.0, 141.0, 125.0, 126.0, 139.0, 163.0, 195.0, 185.0, 174.0]",12.935349464416504,0.0,59.05389404296875,-1.9912166595458984,-150.38790893554688
1750932177.1290178,0.0,0.5,"[174.0, 182.0, 139.0, 124.0, 125.0, 139.0, 163.0, 197.0, 185.0, 174.0]",13.1454439163208,0.0,58.934906005859375,-1.9565277099609375,-150.61976623535156
1750932177.148267,0.0,0.5,"[174.0, 181.0, 138.0, 124.0, 125.0, 138.0, 162.0, 198.0, 185.0, 174.0]",13.081358909606934,0.0,58.81640625,-1.9218978881835938,-150.85043334960938
1750932177.167368,0.0,0.5,"[174.0, 179.0, 137.0, 123.0, 124.0, 138.0, 162.0, 200.0, 185.0, 174.0]",13.22582721710205,0.0,58.69708251953125,-1.886810302734375,-151.08387756347656
1750932177.1864934,0.0,0.5,"[174.0, 176.0, 136.0, 122.0, 124.0, 138.0, 162.0, 201.0, 185.0, 174.0]",13.054437637329102,0.0,58.578887939453125,-1.8519744873046875,-151.31405639648438
1750932177.2062464,0.0,0.5,"[174.0, 174.0, 134.0, 121.0, 123.0, 138.0, 161.0, 201.0, 185.0, 174.0]",13.154091835021973,0.0,58.460113525390625,-1.8167762756347656,-151.546142578125
1750932177.225344,0.0,0.5,"[174.0, 173.0, 133.0, 121.0, 122.0, 138.0, 161.0, 203.0, 185.0, 174.0]",13.082587242126465,0.0,58.3416748046875,-1.7816524505615234,-151.77679443359375
1750932177.2444134,0.0,0.5,"[174.0, 170.0, 133.0, 119.0, 121.0, 137.0, 161.0, 203.0, 185.0, 174.0]",13.384492874145508,0.0,58.220611572265625,-1.7456932067871094,-152.01283264160156
1750932177.2633796,0.0,0.5,"[174.0, 168.0, 131.0, 119.0, 121.0, 137.0, 161.0, 205.0, 185.0, 174.0]",13.121582984924316,0.0,58.10211181640625,-1.7103233337402344,-152.24429321289062
1750932177.281519,-1.0,0.5,"[174.0, 166.0, 130.0, 118.0, 120.0, 136.0, 160.0, 206.0, 185.0, 174.0]",13.45142936706543,0.0,57.98052978515625,-1.6739578247070312,-152.4815216064453
1750932177.3002582,-1.0,0.5,"[174.0, 165.0, 130.0, 118.0, 120.0, 136.0, 160.0, 205.0, 185.0, 174.0]",12.868005752563477,-0.5,57.878814697265625,-1.6403446197509766,-152.71551513671875
1750932177.3191926,-1.0,0.5,"[174.0, 167.0, 131.0, 119.0, 121.0, 137.0, 161.0, 202.0, 185.0, 174.0]",12.947110176086426,-0.5,57.79364013671875,-1.6080455780029297,-152.95790100097656
1750932177.3554814,-1.0,0.5,"[174.0, 168.0, 133.0, 121.0, 122.0, 138.0, 161.0, 200.0, 185.0, 174.0]",12.501338005065918,-0.5,57.724700927734375,-1.578073501586914,-153.1963653564453
1750932177.3748236,-1.0,0.5,"[174.0, 170.0, 134.0, 123.0, 123.0, 138.0, 161.0, 196.0, 185.0, 174.0]",12.789350509643555,-0.5,57.66265869140625,-1.5482444763183594,-153.44271850585938
1750932177.393703,-1.0,0.5,"[174.0, 173.0, 137.0, 125.0, 124.0, 138.0, 162.0, 193.0, 185.0, 174.0]",12.711199760437012,-0.5,57.608001708984375,-1.51934814453125,-153.68931579589844
1750932177.4129527,-1.0,0.5,"[174.0, 176.0, 139.0, 126.0, 126.0, 139.0, 163.0, 189.0, 185.0, 174.0]",12.894364356994629,-0.5,57.5576171875,-1.4905433654785156,-153.94058227539062
1750932177.4318423,-1.0,0.5,"[174.0, 179.0, 141.0, 128.0, 127.0, 139.0, 163.0, 187.0, 185.0, 174.0]",12.721931457519531,-0.5,57.51556396484375,-1.4628829956054688,-154.1899871826172
1750932177.4519506,-1.0,0.5,"[174.0, 183.0, 144.0, 129.0, 129.0, 140.0, 164.0, 184.0, 185.0, 174.0]",12.876537322998047,-0.5,57.4781494140625,-1.4354057312011719,-154.44329833984375
1750932177.4709473,-1.0,0.5,"[174.0, 185.0, 147.0, 130.0, 130.0, 140.0, 164.0, 180.0, 185.0, 174.0]",12.674647331237793,-0.5,57.44921875,-1.409128189086914,-154.69375610351562
1750932177.490214,0.0,0.5,"[174.0, 185.0, 148.0, 132.0, 133.0, 140.0, 164.0, 177.0, 185.0, 174.0]",12.860374450683594,-0.5,57.424774169921875,-1.3829193115234375,-154.94845581054688
1750932177.509141,0.0,0.5,"[174.0, 185.0, 150.0, 132.0, 134.0, 141.0, 163.0, 176.0, 185.0, 174.0]",12.732708930969238,0.0,57.389068603515625,-1.3558368682861328,-155.1991424560547
1750932177.5288498,0.0,0.5,"[174.0, 185.0, 149.0, 132.0, 134.0, 140.0, 163.0, 176.0, 185.0, 174.0]",12.696159362792969,0.0,57.33624267578125,-1.327096939086914,-155.4458465576172
1750932177.54794,0.0,0.5,"[174.0, 185.0, 148.0, 132.0, 133.0, 140.0, 163.0, 176.0, 185.0, 174.0]",12.816657066345215,0.0,57.280487060546875,-1.2977638244628906,-155.69432067871094
1750932177.5670433,0.0,0.5,"[174.0, 185.0, 148.0, 131.0, 133.0, 140.0, 163.0, 177.0, 185.0, 174.0]",12.776300430297852,0.0,57.224853515625,-1.2684192657470703,-155.94198608398438
1750932177.5863113,0.0,0.5,"[174.0, 185.0, 147.0, 131.0, 133.0, 140.0, 163.0, 178.0, 185.0, 174.0]",12.878064155578613,0.0,57.1685791015625,-1.2387981414794922,-156.1915740966797
1750932177.6055381,0.0,0.5,"[174.0, 185.0, 147.0, 131.0, 133.0, 140.0, 163.0, 179.0, 185.0, 174.0]",12.687358856201172,0.0,57.113311767578125,-1.2095184326171875,-156.4375
1750932177.6239345,0.0,0.5,"[174.0, 185.0, 146.0, 130.0, 133.0, 140.0, 163.0, 179.0, 185.0, 174.0]",12.840091705322266,0.0,57.057281494140625,-1.179788589477539,-156.68634033203125
1750932177.6433918,0.0,0.5,"[174.0, 185.0, 145.0, 130.0, 131.0, 140.0, 163.0, 179.0, 185.0, 174.0]",12.92054557800293,0.0,57.001251220703125,-1.149801254272461,-156.9368133544922
1750932177.6626713,0.0,0.5,"[174.0, 185.0, 145.0, 130.0, 131.0, 140.0, 163.0, 180.0, 185.0, 174.0]",12.880119323730469,0.0,56.94500732421875,-1.119852066040039,-157.18641662597656
1750932177.6821666,-1.0,0.5,"[174.0, 185.0, 144.0, 129.0, 130.0, 140.0, 163.0, 181.0, 185.0, 174.0]",12.907282829284668,0.0,56.88909912109375,-1.0897846221923828,-157.43663024902344
1750932177.701344,-1.0,0.5,"[174.0, 185.0, 145.0, 130.0, 131.0, 140.0, 162.0, 180.0, 185.0, 174.0]",12.810222625732422,-0.5,56.847808837890625,-1.0609626770019531,-157.68783569335938
1750932177.7212417,-1.0,0.5,"[174.0, 185.0, 146.0, 131.0, 136.0, 140.0, 161.0, 178.0, 185.0, 174.0]",12.43162727355957,-0.5,56.827301025390625,-1.0346450805664062,-157.93421936035156
1750932177.741908,-1.0,0.5,"[174.0, 185.0, 148.0, 133.0, 137.0, 141.0, 159.0, 175.0, 185.0, 174.0]",12.45257568359375,-0.5,56.820709228515625,-1.0096206665039062,-158.18191528320312
1750932177.762708,-1.0,0.5,"[174.0, 185.0, 150.0, 134.0, 137.0, 141.0, 158.0, 172.0, 185.0, 174.0]",12.33707332611084,-0.5,56.822967529296875,-0.9856052398681641,-158.42747497558594
1750932177.7833147,0.0,0.5,"[174.0, 185.0, 151.0, 137.0, 137.0, 141.0, 155.0, 169.0, 185.0, 174.0]",12.641362190246582,-0.5,56.830718994140625,-0.961456298828125,-158.6790313720703
1750932177.8037732,0.0,0.5,"[174.0, 185.0, 153.0, 137.0, 137.0, 141.0, 154.0, 167.0, 185.0, 174.0]",12.26513957977295,0.0,56.824188232421875,-0.9366817474365234,-158.92298889160156
1750932177.823735,0.0,0.5,"[174.0, 185.0, 153.0, 137.0, 137.0, 141.0, 154.0, 167.0, 185.0, 174.0]",12.523214340209961,0.0,56.801055908203125,-0.9098625183105469,-159.17092895507812
1750932177.8436577,0.0,0.5,"[174.0, 185.0, 153.0, 137.0, 137.0, 141.0, 154.0, 167.0, 185.0, 174.0]",12.337728500366211,0.0,56.776336669921875,-0.8831424713134766,-159.41497802734375
1750932177.863213,0.0,0.5,"[174.0, 185.0, 151.0, 137.0, 137.0, 141.0, 154.0, 167.0, 185.0, 174.0]",12.488119125366211,0.0,56.75128173828125,-0.8560066223144531,-159.6619873046875
1750932177.8828483,0.0,0.5,"[174.0, 185.0, 151.0, 136.0, 137.0, 141.0, 153.0, 167.0, 185.0, 174.0]",12.269335746765137,0.0,56.726409912109375,-0.8291702270507812,-159.90463256835938
1750932177.9026396,0.0,0.5,"[174.0, 185.0, 151.0, 136.0, 136.0, 140.0, 153.0, 167.0, 185.0, 174.0]",12.540704727172852,0.0,56.701141357421875,-0.8016395568847656,-160.15264892578125
1750932177.9221723,-1.0,0.5,"[174.0, 185.0, 150.0, 136.0, 136.0, 140.0, 153.0, 167.0, 185.0, 174.0]",12.433530807495117,0.0,56.676239013671875,-0.7742347717285156,-160.39854431152344
1750932177.941701,-1.0,0.5,"[174.0, 185.0, 151.0, 136.0, 136.0, 140.0, 152.0, 166.0, 185.0, 174.0]",12.156120300292969,-0.5,56.667999267578125,-0.748687744140625,-160.6401824951172
1750932177.9604588,-1.0,0.5,"[174.0, 185.0, 153.0, 137.0, 136.0, 140.0, 150.0, 164.0, 185.0, 174.0]",12.164566993713379,-0.5,56.67901611328125,-0.7246894836425781,-160.8820343017578
1750932177.9796126,-1.0,0.5,"[174.0, 185.0, 155.0, 141.0, 136.0, 140.0, 148.0, 160.0, 185.0, 174.0]",11.846563339233398,-0.5,56.70257568359375,-0.7023868560791016,-161.11672973632812
1750932178.0121424,-1.0,0.5,"[174.0, 185.0, 158.0, 144.0, 136.0, 141.0, 146.0, 156.0, 185.0, 174.0]",12.002259254455566,-0.5,56.732421875,-0.6802577972412109,-161.3538818359375
1750932178.0299816,0.0,0.5,"[174.0, 185.0, 159.0, 147.0, 137.0, 141.0, 143.0, 153.0, 185.0, 174.0]",12.139607429504395,-0.5,56.768890380859375,-0.6583747863769531,-161.59292602539062
1750932178.0478659,0.0,0.5,"[174.0, 185.0, 161.0, 149.0, 137.0, 141.0, 141.0, 151.0, 185.0, 174.0]",12.016679763793945,0.0,56.791717529296875,-0.6354160308837891,-161.83106994628906
1750932178.065656,0.0,0.5,"[174.0, 185.0, 161.0, 149.0, 136.0, 141.0, 140.0, 151.0, 185.0, 174.0]",11.944951057434082,0.0,56.799407958984375,-0.6111202239990234,-162.068603515625
1750932178.0831678,0.0,0.5,"[174.0, 185.0, 161.0, 149.0, 136.0, 141.0, 140.0, 151.0, 185.0, 174.0]",11.937711715698242,0.0,56.803802490234375,-0.5864467620849609,-162.30604553222656
1750932178.1007166,0.0,0.5,"[174.0, 185.0, 161.0, 149.0, 136.0, 140.0, 140.0, 150.0, 185.0, 174.0]",12.227724075317383,0.0,56.808197021484375,-0.5610485076904297,-162.5492401123047
1750932178.1184509,0.0,0.5,"[174.0, 185.0, 160.0, 149.0, 136.0, 140.0, 140.0, 150.0, 185.0, 174.0]",11.952778816223145,0.0,56.812225341796875,-0.5360469818115234,-162.78695678710938
1750932178.1376011,0.0,0.5,"[174.0, 185.0, 160.0, 149.0, 136.0, 140.0, 140.0, 150.0, 185.0, 174.0]",12.3313627243042,0.0,56.816436767578125,-0.5101127624511719,-163.0321807861328
1750932178.1826565,0.0,0.5,"[174.0, 185.0, 160.0, 149.0, 136.0, 140.0, 140.0, 150.0, 185.0, 174.0]",12.016460418701172,0.0,56.820648193359375,-0.4848175048828125,-163.27113342285156
1750932178.2010002,0.0,0.5,"[174.0, 185.0, 160.0, 149.0, 136.0, 140.0, 139.0, 150.0, 185.0, 174.0]",12.266871452331543,0.0,56.82476806640625,-0.4589672088623047,-163.51507568359375
1750932178.202586,0.0,0.5,"[174.0, 185.0, 160.0, 149.0, 136.0, 140.0, 139.0, 150.0, 185.0, 174.0]",12.079080581665039,0.0,56.828887939453125,-0.43347740173339844,-163.75527954101562
1750932178.2204103,0.0,0.5,"[174.0, 185.0, 160.0, 149.0, 136.0, 140.0, 138.0, 150.0, 185.0, 174.0]",12.302674293518066,0.0,56.833404541015625,-0.40749359130859375,-163.99990844726562
1750932178.2380416,0.0,0.5,"[174.0, 185.0, 161.0, 149.0, 136.0, 139.0, 138.0, 150.0, 185.0, 174.0]",12.329340934753418,0.0,56.837677001953125,-0.3815345764160156,-164.24508666992188
1750932178.2832942,0.0,0.5,"[174.0, 185.0, 162.0, 149.0, 136.0, 139.0, 138.0, 150.0, 185.0, 174.0]",12.268447875976562,0.0,56.84185791015625,-0.3557586669921875,-164.4890594482422
1750932178.301167,0.0,0.5,"[174.0, 185.0, 162.0, 149.0, 136.0, 139.0, 138.0, 150.0, 185.0, 174.0]",12.29686450958252,0.0,56.846099853515625,-0.32998085021972656,-164.73361206054688
1750932178.3028872,0.0,0.5,"[174.0, 185.0, 162.0, 149.0, 136.0, 139.0, 138.0, 150.0, 185.0, 174.0]",12.36162281036377,0.0,56.850341796875,-0.3041038513183594,-164.9794464111328
1750932178.320588,0.0,0.5,"[174.0, 185.0, 164.0, 149.0, 136.0, 139.0, 137.0, 149.0, 184.0, 174.0]",12.398831367492676,0.0,56.85455322265625,-0.2783050537109375,-165.22604370117188
1750932178.3378596,0.0,0.5,"[174.0, 185.0, 164.0, 149.0, 136.0, 139.0, 137.0, 149.0, 184.0, 174.0]",12.377681732177734,0.0,56.85870361328125,-0.25270843505859375,-165.47222900390625
1750932178.3827524,0.0,0.5,"[174.0, 185.0, 165.0, 149.0, 136.0, 139.0, 137.0, 149.0, 184.0, 174.0]",12.35161018371582,0.0,56.86279296875,-0.2273101806640625,-165.71791076660156
1750932178.4003792,0.0,0.5,"[174.0, 185.0, 166.0, 151.0, 136.0, 139.0, 136.0, 149.0, 184.0, 174.0]",12.530545234680176,0.0,56.866973876953125,-0.2016925811767578,-165.96717834472656
1750932178.401931,0.0,0.5,"[174.0, 185.0, 166.0, 151.0, 136.0, 139.0, 136.0, 149.0, 184.0, 174.0]",12.363909721374512,0.0,56.871337890625,-0.17650604248046875,-166.213134765625
1750932178.4189517,0.0,0.5,"[174.0, 185.0, 168.0, 151.0, 136.0, 139.0, 136.0, 149.0, 184.0, 174.0]",12.504792213439941,0.0,56.875396728515625,-0.15128135681152344,-166.46192932128906
1750932178.4507036,0.0,0.5,"[174.0, 185.0, 169.0, 151.0, 136.0, 139.0, 136.0, 150.0, 184.0, 174.0]",12.494894027709961,0.0,56.879669189453125,-0.12633514404296875,-166.71054077148438
1750932178.4679704,0.0,0.5,"[174.0, 185.0, 170.0, 151.0, 137.0, 139.0, 136.0, 150.0, 184.0, 174.0]",12.523433685302734,0.0,56.883514404296875,-0.1015167236328125,-166.95974731445312
1750932178.4850488,0.0,0.5,"[174.0, 185.0, 170.0, 151.0, 137.0, 139.0, 136.0, 150.0, 185.0, 174.0]",12.527870178222656,0.0,56.887908935546875,-0.076812744140625,-167.20904541015625
1750932178.5021002,0.0,0.5,"[174.0, 185.0, 172.0, 152.0, 137.0, 139.0, 134.0, 149.0, 184.0, 174.0]",12.559796333312988,0.0,56.891387939453125,-0.05225181579589844,-167.45901489257812
1750932178.5187492,1.0,0.5,"[174.0, 185.0, 172.0, 152.0, 137.0, 139.0, 134.0, 149.0, 185.0, 174.0]",12.680976867675781,0.0,56.8955078125,-0.02790069580078125,-167.71142578125
1750932178.5498137,1.0,0.5,"[174.0, 185.0, 172.0, 152.0, 137.0, 140.0, 136.0, 150.0, 185.0, 174.0]",12.307872772216797,0.5,56.884368896484375,-0.0037708282470703125,-167.95614624023438
1750932178.56703,1.0,0.5,"[174.0, 185.0, 170.0, 152.0, 137.0, 140.0, 137.0, 151.0, 185.0, 174.0]",12.278393745422363,0.5,56.8570556640625,0.020908355712890625,-168.19894409179688
1750932178.583788,1.0,0.5,"[174.0, 185.0, 168.0, 153.0, 137.0, 140.0, 139.0, 154.0, 185.0, 174.0]",12.049039840698242,0.5,56.81524658203125,0.045619964599609375,-168.4349822998047
1750932178.6028101,0.0,0.5,"[174.0, 185.0, 165.0, 153.0, 137.0, 140.0, 142.0, 156.0, 185.0, 174.0]",12.180790901184082,0.5,56.765411376953125,0.07041358947753906,-168.67214965820312
1750932178.6211772,0.0,0.5,"[174.0, 185.0, 164.0, 153.0, 137.0, 140.0, 143.0, 158.0, 185.0, 174.0]",12.058562278747559,0.0,56.730072021484375,0.09409332275390625,-168.9095458984375
1750932178.6394098,0.0,0.5,"[174.0, 185.0, 165.0, 153.0, 138.0, 140.0, 144.0, 158.0, 185.0, 174.0]",12.152852058410645,0.0,56.709869384765625,0.11713218688964844,-169.15066528320312
1750932178.6729994,0.0,0.5,"[174.0, 185.0, 166.0, 154.0, 138.0, 140.0, 144.0, 158.0, 185.0, 174.0]",11.973875999450684,0.0,56.69189453125,0.1396045684814453,-169.38841247558594
1750932178.6915755,0.0,0.5,"[174.0, 185.0, 167.0, 154.0, 138.0, 140.0, 144.0, 158.0, 185.0, 174.0]",12.102470397949219,0.0,56.674102783203125,0.1619243621826172,-169.62876892089844
1750932178.7101176,0.0,0.5,"[174.0, 185.0, 167.0, 154.0, 138.0, 140.0, 144.0, 158.0, 185.0, 174.0]",12.269021987915039,0.0,56.65594482421875,0.18419456481933594,-169.87246704101562
1750932178.7290862,0.0,0.5,"[174.0, 185.0, 169.0, 154.0, 138.0, 140.0, 144.0, 158.0, 185.0, 174.0]",12.139847755432129,0.0,56.6380615234375,0.20599746704101562,-170.11361694335938
1750932178.747701,0.0,0.5,"[174.0, 185.0, 169.0, 155.0, 139.0, 140.0, 144.0, 158.0, 185.0, 174.0]",12.281149864196777,0.0,56.619720458984375,0.2278919219970703,-170.35757446289062
1750932178.766385,0.0,0.5,"[174.0, 185.0, 170.0, 155.0, 139.0, 140.0, 144.0, 158.0, 185.0, 174.0]",12.114489555358887,0.0,56.601837158203125,0.24928855895996094,-170.59825134277344
1750932178.7849512,0.0,0.5,"[174.0, 185.0, 170.0, 155.0, 139.0, 141.0, 144.0, 158.0, 185.0, 174.0]",12.319122314453125,0.0,56.58355712890625,0.2711048126220703,-170.84298706054688
1750932178.8038409,0.0,0.5,"[174.0, 185.0, 171.0, 155.0, 139.0, 141.0, 144.0, 158.0, 185.0, 174.0]",12.347468376159668,0.0,56.565093994140625,0.29311180114746094,-171.0882568359375
1750932178.8224258,0.0,0.5,"[174.0, 185.0, 172.0, 155.0, 139.0, 141.0, 144.0, 158.0, 185.0, 174.0]",12.39340877532959,0.0,56.546783447265625,0.3154468536376953,-171.33444213867188
1750932178.840421,1.0,0.5,"[174.0, 185.0, 172.0, 155.0, 139.0, 141.0, 144.0, 158.0, 185.0, 174.0]",12.411173820495605,0.0,56.528533935546875,0.3380718231201172,-171.58094787597656
1750932178.8587255,1.0,0.5,"[174.0, 185.0, 170.0, 155.0, 139.0, 140.0, 145.0, 159.0, 185.0, 174.0]",12.042405128479004,0.5,56.491424560546875,0.3609485626220703,-171.8178253173828
1750932178.8926928,0.0,0.5,"[174.0, 185.0, 167.0, 155.0, 138.0, 140.0, 147.0, 162.0, 185.0, 174.0]",11.765228271484375,0.5,56.430633544921875,0.3844947814941406,-172.04391479492188
1750932178.912266,0.0,0.5,"[174.0, 185.0, 165.0, 155.0, 138.0, 139.0, 148.0, 163.0, 185.0, 174.0]",11.86924934387207,0.0,56.38531494140625,0.4082050323486328,-172.27572631835938
1750932178.9309402,0.0,0.5,"[174.0, 185.0, 166.0, 154.0, 138.0, 139.0, 148.0, 162.0, 185.0, 174.0]",11.664188385009766,0.0,56.3612060546875,0.43088531494140625,-172.50665283203125
1750932178.9497197,0.0,0.5,"[174.0, 185.0, 165.0, 154.0, 137.0, 139.0, 147.0, 162.0, 185.0, 174.0]",11.888235092163086,0.0,56.330596923828125,0.45493125915527344,-172.7412109375
1750932178.9680514,0.0,0.5,"[174.0, 185.0, 167.0, 153.0, 137.0, 138.0, 147.0, 162.0, 185.0, 174.0]",11.853837013244629,0.0,56.302764892578125,0.47911834716796875,-172.97540283203125
1750932178.9871016,0.0,0.5,"[174.0, 185.0, 167.0, 153.0, 136.0, 138.0, 146.0, 161.0, 185.0, 174.0]",11.791746139526367,0.0,56.2740478515625,0.5035648345947266,-173.2082061767578
1750932179.0047581,0.0,0.5,"[174.0, 185.0, 168.0, 152.0, 136.0, 137.0, 146.0, 161.0, 185.0, 174.0]",11.81775188446045,0.0,56.245452880859375,0.5286731719970703,-173.4414825439453
1750932179.0237496,0.0,0.5,"[174.0, 185.0, 168.0, 151.0, 135.0, 136.0, 145.0, 159.0, 185.0, 174.0]",12.059983253479004,0.0,56.21661376953125,0.5546245574951172,-173.67955017089844
1750932179.0423067,0.0,0.5,"[174.0, 185.0, 169.0, 149.0, 134.0, 135.0, 145.0, 159.0, 185.0, 174.0]",11.969881057739258,0.0,56.187896728515625,0.5807285308837891,-173.91578674316406
1750932179.0617368,1.0,0.5,"[174.0, 185.0, 169.0, 149.0, 133.0, 135.0, 144.0, 158.0, 185.0, 174.0]",12.129664421081543,0.0,56.158660888671875,0.6074371337890625,-174.15512084960938
1750932179.0806925,1.0,0.5,"[174.0, 185.0, 167.0, 148.0, 131.0, 134.0, 144.0, 159.0, 185.0, 174.0]",11.594846725463867,0.5,56.1099853515625,0.6339511871337891,-174.3802947998047
1750932179.099684,1.0,0.5,"[174.0, 185.0, 163.0, 147.0, 130.0, 133.0, 145.0, 161.0, 185.0, 174.0]",11.523914337158203,0.5,56.041839599609375,0.661224365234375,-174.59877014160156
1750932179.1331985,0.0,0.5,"[174.0, 185.0, 159.0, 147.0, 130.0, 131.0, 145.0, 162.0, 185.0, 174.0]",11.333528518676758,0.5,55.96624755859375,0.6886234283447266,-174.81069946289062
1750932179.1520286,0.0,0.5,"[174.0, 185.0, 158.0, 146.0, 129.0, 130.0, 145.0, 163.0, 185.0, 174.0]",11.506522178649902,0.0,55.907073974609375,0.7166805267333984,-175.03131103515625
1750932179.1709583,0.0,0.5,"[174.0, 185.0, 158.0, 145.0, 128.0, 129.0, 144.0, 162.0, 185.0, 174.0]",11.34720516204834,0.0,55.8631591796875,0.7446460723876953,-175.252197265625
1750932179.1896758,0.0,0.5,"[174.0, 185.0, 158.0, 144.0, 127.0, 128.0, 143.0, 162.0, 185.0, 174.0]",11.516053199768066,0.0,55.81890869140625,0.7733688354492188,-175.4763946533203
1750932179.2092526,0.0,0.5,"[174.0, 185.0, 158.0, 144.0, 127.0, 128.0, 143.0, 161.0, 185.0, 174.0]",11.215514183044434,0.0,55.77685546875,0.8016490936279297,-175.69491577148438
1750932179.2275052,0.0,0.5,"[174.0, 185.0, 158.0, 143.0, 126.0, 127.0, 141.0, 161.0, 185.0, 174.0]",11.439525604248047,0.0,55.733642578125,0.8309612274169922,-175.91766357421875
1750932179.2460203,0.0,0.5,"[174.0, 185.0, 159.0, 143.0, 126.0, 127.0, 140.0, 160.0, 185.0, 174.0]",11.587163925170898,0.0,55.689453125,0.8611068725585938,-176.1431427001953
1750932179.2652106,0.0,0.5,"[174.0, 185.0, 159.0, 143.0, 126.0, 126.0, 140.0, 160.0, 185.0, 174.0]",11.432703018188477,0.0,55.647125244140625,0.8912029266357422,-176.36582946777344
1750932179.2840238,0.0,0.5,"[174.0, 185.0, 159.0, 141.0, 125.0, 126.0, 140.0, 159.0, 185.0, 174.0]",11.784193992614746,0.0,55.601837158203125,0.9224567413330078,-176.59500122070312
1750932179.3026323,0.0,0.5,"[174.0, 185.0, 161.0, 141.0, 125.0, 126.0, 139.0, 159.0, 185.0, 174.0]",11.491281509399414,0.0,55.55859375,0.9531059265136719,-176.81863403320312
1750932179.3211174,0.0,0.5,"[174.0, 185.0, 161.0, 141.0, 125.0, 126.0, 139.0, 159.0, 185.0, 174.0]",11.641942024230957,0.0,55.514892578125,0.9844036102294922,-177.04518127441406
1750932179.3387878,1.0,0.5,"[174.0, 185.0, 162.0, 141.0, 125.0, 126.0, 138.0, 159.0, 185.0, 174.0]",11.687252044677734,0.0,55.47027587890625,1.0161190032958984,-177.27243041992188
1750932179.372846,1.0,0.5,"[174.0, 185.0, 161.0, 141.0, 125.0, 126.0, 139.0, 159.0, 185.0, 174.0]",11.368561744689941,0.5,55.41290283203125,1.0470752716064453,-177.49024963378906
1750932179.3919656,0.0,0.5,"[174.0, 185.0, 159.0, 143.0, 125.0, 126.0, 140.0, 161.0, 185.0, 174.0]",11.241461753845215,0.5,55.33929443359375,1.0773677825927734,-177.7005157470703
1750932179.4106612,0.0,0.5,"[174.0, 185.0, 160.0, 143.0, 125.0, 126.0, 140.0, 161.0, 185.0, 174.0]",11.302993774414062,0.0,55.282684326171875,1.1079349517822266,-177.91722106933594
1750932179.4294493,0.0,0.5,"[174.0, 185.0, 161.0, 143.0, 126.0, 126.0, 140.0, 159.0, 185.0, 174.0]",11.287992477416992,0.0,55.23297119140625,1.1384620666503906,-178.13531494140625
1750932179.4479675,0.0,0.5,"[174.0, 185.0, 162.0, 144.0, 126.0, 126.0, 139.0, 159.0, 185.0, 174.0]",11.277560234069824,0.0,55.1834716796875,1.1689949035644531,-178.35324096679688
1750932179.4656081,0.0,0.5,"[174.0, 185.0, 163.0, 144.0, 126.0, 126.0, 139.0, 159.0, 185.0, 174.0]",11.28272533416748,0.0,55.13397216796875,1.1993656158447266,-178.5712890625
1750932179.4840376,0.0,0.5,"[174.0, 185.0, 164.0, 144.0, 126.0, 126.0, 139.0, 158.0, 185.0, 174.0]",11.405060768127441,0.0,55.083831787109375,1.229654312133789,-178.791748046875
1750932179.5025687,0.0,0.5,"[174.0, 185.0, 165.0, 145.0, 126.0, 126.0, 139.0, 158.0, 185.0, 174.0]",11.19067096710205,0.0,55.03472900390625,1.2591609954833984,-179.00811767578125
1750932179.5210526,0.0,0.5,"[174.0, 185.0, 166.0, 145.0, 126.0, 126.0, 139.0, 158.0, 185.0, 174.0]",11.350415229797363,0.0,54.984710693359375,1.2889842987060547,-179.22750854492188
1750932179.5397081,0.0,0.5,"[174.0, 185.0, 167.0, 145.0, 127.0, 126.0, 138.0, 156.0, 185.0, 174.0]",11.397149085998535,0.0,54.934661865234375,1.3189315795898438,-179.4478759765625
1750932179.573302,1.0,0.5,"[174.0, 185.0, 169.0, 145.0, 127.0, 126.0, 138.0, 156.0, 185.0, 174.0]",11.511067390441895,0.0,54.8841552734375,1.3490886688232422,-179.67044067382812
1750932179.59128,1.0,0.5,"[174.0, 185.0, 168.0, 146.0, 127.0, 126.0, 139.0, 156.0, 185.0, 174.0]",11.03219223022461,0.5,54.82012939453125,1.377359390258789,-179.87969970703125
1750932179.6101236,1.0,0.5,"[174.0, 185.0, 166.0, 146.0, 127.0, 126.0, 140.0, 158.0, 185.0, 174.0]",10.904789924621582,0.5,54.739593505859375,1.4046268463134766,-180.08050537109375
1750932179.6284573,1.0,0.5,"[174.0, 185.0, 164.0, 147.0, 128.0, 126.0, 142.0, 160.0, 185.0, 174.0]",10.893525123596191,0.5,54.6494140625,1.43145751953125,-180.27703857421875
1750932179.6470513,0.0,0.5,"[174.0, 185.0, 161.0, 148.0, 128.0, 126.0, 143.0, 162.0, 185.0, 174.0]",10.993102073669434,0.5,54.5531005859375,1.4583053588867188,-180.47283935546875
1750932179.665904,0.0,0.5,"[174.0, 185.0, 161.0, 148.0, 128.0, 126.0, 141.0, 162.0, 185.0, 174.0]",10.667452812194824,0.0,54.473541259765625,1.4850616455078125,-180.66897583007812
1750932179.6845076,0.0,0.5,"[174.0, 185.0, 161.0, 148.0, 128.0, 126.0, 141.0, 162.0, 185.0, 174.0]",10.929312705993652,0.0,54.40850830078125,1.5130424499511719,-180.87579345703125
1750932179.703093,0.0,0.5,"[174.0, 185.0, 162.0, 148.0, 128.0, 126.0, 141.0, 161.0, 185.0, 174.0]",11.043132781982422,0.0,54.34149169921875,1.5411949157714844,-181.0843505859375
1750932179.7214892,0.0,0.5,"[174.0, 185.0, 164.0, 148.0, 128.0, 126.0, 141.0, 161.0, 185.0, 174.0]",10.904914855957031,0.0,54.275634765625,1.5690364837646484,-181.2904052734375
1750932179.739606,0.0,0.5,"[174.0, 185.0, 166.0, 148.0, 128.0, 126.0, 140.0, 160.0, 185.0, 174.0]",11.080427169799805,0.0,54.208648681640625,1.5974617004394531,-181.49969482421875
1750932179.7728555,0.0,0.5,"[174.0, 185.0, 167.0, 148.0, 128.0, 125.0, 140.0, 159.0, 185.0, 174.0]",10.943084716796875,0.0,54.14251708984375,1.6256561279296875,-181.7064208984375
1750932179.7916923,0.0,0.5,"[174.0, 185.0, 169.0, 148.0, 127.0, 125.0, 140.0, 159.0, 185.0, 174.0]",11.117615699768066,0.0,54.07550048828125,1.654531478881836,-181.91647338867188
1750932179.8104272,0.0,0.5,"[174.0, 185.0, 170.0, 148.0, 127.0, 125.0, 139.0, 158.0, 185.0, 174.0]",11.10689640045166,0.0,54.00848388671875,1.6835460662841797,-182.12625122070312
1750932179.828744,0.0,0.5,"[174.0, 185.0, 171.0, 148.0, 127.0, 124.0, 139.0, 158.0, 185.0, 174.0]",11.093680381774902,0.0,53.9415283203125,1.7127113342285156,-182.33575439453125
1750932179.8475828,0.0,0.5,"[174.0, 185.0, 172.0, 147.0, 126.0, 124.0, 138.0, 156.0, 185.0, 174.0]",11.02137565612793,0.0,53.87506103515625,1.7418804168701172,-182.54388427734375
1750932179.8662493,0.0,0.5,"[174.0, 185.0, 173.0, 147.0, 126.0, 124.0, 138.0, 156.0, 185.0, 174.0]",11.155587196350098,0.0,53.807586669921875,1.7716693878173828,-182.75445556640625
1750932179.884269,1.0,0.5,"[174.0, 185.0, 173.0, 147.0, 126.0, 123.0, 137.0, 155.0, 185.0, 174.0]",11.183792114257812,0.0,53.740081787109375,1.8015899658203125,-182.96560668945312
1750932179.9031627,1.0,0.5,"[174.0, 185.0, 172.0, 146.0, 125.0, 123.0, 137.0, 156.0, 185.0, 174.0]",10.992451667785645,0.5,53.656646728515625,1.8303947448730469,-183.16696166992188
1750932179.9219863,1.0,0.5,"[174.0, 185.0, 170.0, 147.0, 125.0, 122.0, 136.0, 158.0, 185.0, 174.0]",10.683012008666992,0.5,53.556304931640625,1.8573760986328125,-183.3536376953125
1750932179.9400012,1.0,0.5,"[174.0, 185.0, 166.0, 147.0, 125.0, 122.0, 136.0, 159.0, 185.0, 174.0]",10.876663208007812,0.5,53.448944091796875,1.8845462799072266,-183.5408935546875
1750932179.9576588,0.0,0.5,"[174.0, 185.0, 163.0, 147.0, 125.0, 122.0, 136.0, 160.0, 185.0, 174.0]",10.755236625671387,0.5,53.339569091796875,1.9112167358398438,-183.72418212890625
1750932180.00056,0.0,0.5,"[174.0, 185.0, 162.0, 147.0, 125.0, 122.0, 134.0, 159.0, 185.0, 174.0]",10.758296966552734,0.0,53.2452392578125,1.9386539459228516,-183.91558837890625
1750932180.017773,0.0,0.5,"[174.0, 185.0, 162.0, 147.0, 125.0, 121.0, 134.0, 159.0, 185.0, 174.0]",10.622001647949219,0.0,53.161590576171875,1.9661083221435547,-184.10894775390625
1750932180.0194058,0.0,0.5,"[174.0, 185.0, 162.0, 147.0, 125.0, 121.0, 134.0, 159.0, 185.0, 174.0]",10.833087921142578,0.0,53.07830810546875,1.9941234588623047,-184.3070068359375
1750932180.0486205,0.0,0.5,"[174.0, 185.0, 164.0, 146.0, 124.0, 121.0, 134.0, 158.0, 185.0, 174.0]",10.777709007263184,0.0,52.995697021484375,2.021881103515625,-184.504150390625
1750932180.0654593,0.0,0.5,"[174.0, 185.0, 164.0, 146.0, 124.0, 121.0, 133.0, 158.0, 185.0, 174.0]",10.775993347167969,0.0,52.912994384765625,2.049581527709961,-184.70123291015625
1750932180.082682,0.0,0.5,"[174.0, 185.0, 165.0, 146.0, 124.0, 121.0, 133.0, 156.0, 185.0, 174.0]",10.746016502380371,0.0,52.83056640625,2.076984405517578,-184.8978271484375
1750932180.0997355,0.0,0.5,"[174.0, 185.0, 166.0, 146.0, 124.0, 121.0, 133.0, 156.0, 185.0, 174.0]",10.955617904663086,0.0,52.746490478515625,2.104879379272461,-185.09820556640625
1750932180.1154196,1.0,0.5,"[174.0, 185.0, 167.0, 146.0, 124.0, 121.0, 133.0, 156.0, 185.0, 174.0]",10.723129272460938,0.0,52.664215087890625,2.132122039794922,-185.29437255859375
1750932180.1583767,1.0,0.5,"[174.0, 185.0, 166.0, 146.0, 124.0, 121.0, 133.0, 156.0, 185.0, 174.0]",10.577610969543457,0.5,52.569427490234375,2.1584205627441406,-185.481689453125
1750932180.1752696,0.0,0.5,"[174.0, 185.0, 164.0, 147.0, 124.0, 121.0, 133.0, 158.0, 185.0, 174.0]",10.59782600402832,0.5,52.462371826171875,2.1840572357177734,-185.66278076171875
1750932180.1913462,0.0,0.5,"[174.0, 185.0, 164.0, 147.0, 125.0, 121.0, 134.0, 159.0, 185.0, 174.0]",10.429346084594727,0.0,52.368072509765625,2.2097949981689453,-185.8470458984375
1750932180.2086892,0.0,0.5,"[174.0, 185.0, 165.0, 147.0, 125.0, 121.0, 134.0, 158.0, 185.0, 174.0]",10.530267715454102,0.0,52.281646728515625,2.2360591888427734,-186.03729248046875
1750932180.2243783,0.0,0.5,"[174.0, 185.0, 166.0, 147.0, 125.0, 122.0, 134.0, 159.0, 185.0, 174.0]",10.643152236938477,0.0,52.194732666015625,2.262500762939453,-186.22979736328125
1750932180.2399936,0.0,0.5,"[174.0, 185.0, 167.0, 147.0, 125.0, 122.0, 134.0, 159.0, 185.0, 174.0]",10.600028991699219,0.0,52.10687255859375,2.2886810302734375,-186.42095947265625
1750932180.2561288,0.0,0.5,"[174.0, 185.0, 168.0, 148.0, 126.0, 122.0, 136.0, 159.0, 185.0, 174.0]",10.516938209533691,0.0,52.02069091796875,2.314615249633789,-186.611083984375
1750932180.296188,0.0,0.5,"[174.0, 185.0, 169.0, 148.0, 126.0, 123.0, 136.0, 159.0, 185.0, 174.0]",10.521812438964844,0.0,51.9334716796875,2.340391159057617,-186.80084228515625
1750932180.3121252,0.0,0.5,"[174.0, 185.0, 170.0, 148.0, 126.0, 123.0, 136.0, 159.0, 185.0, 174.0]",10.695605278015137,0.0,51.845611572265625,2.3663272857666016,-186.994140625
1750932180.3280044,0.0,0.5,"[174.0, 185.0, 172.0, 149.0, 127.0, 123.0, 137.0, 159.0, 185.0, 174.0]",10.508156776428223,0.0,51.758941650390625,2.391429901123047,-187.1839599609375
1750932180.343981,0.0,0.5,"[174.0, 185.0, 173.0, 149.0, 127.0, 124.0, 137.0, 159.0, 185.0, 174.0]",10.774262428283691,0.0,51.670074462890625,2.4168701171875,-187.37860107421875
1750932180.3594768,0.0,0.5,"[174.0, 185.0, 175.0, 149.0, 127.0, 124.0, 137.0, 159.0, 185.0, 174.0]",10.653133392333984,0.0,51.582305908203125,2.4418067932128906,-187.57113647460938
1750932180.3873348,0.0,0.5,"[174.0, 185.0, 176.0, 149.0, 127.0, 124.0, 137.0, 159.0, 185.0, 174.0]",10.844332695007324,0.0,51.493072509765625,2.4669246673583984,-187.7672119140625
1750932180.4031615,0.0,0.5,"[174.0, 185.0, 178.0, 151.0, 128.0, 124.0, 138.0, 159.0, 185.0, 174.0]",10.682060241699219,0.0,51.405303955078125,2.491455078125,-187.96044921875
1750932180.4193761,1.0,0.5,"[174.0, 185.0, 179.0, 151.0, 128.0, 124.0, 138.0, 159.0, 185.0, 174.0]",10.760805130004883,0.0,51.316650390625,2.5158748626708984,-188.155029296875
1750932180.4474676,1.0,0.5,"[174.0, 185.0, 178.0, 151.0, 128.0, 125.0, 138.0, 160.0, 185.0, 174.0]",10.468565940856934,0.5,51.213958740234375,2.5385379791259766,-188.3360595703125
1750932180.4624245,1.0,0.5,"[174.0, 185.0, 176.0, 152.0, 129.0, 125.0, 138.0, 162.0, 185.0, 174.0]",10.409503936767578,0.5,51.095550537109375,2.559732437133789,-188.50601196289062
1750932180.4773555,1.0,0.5,"[174.0, 185.0, 172.0, 153.0, 129.0, 125.0, 138.0, 164.0, 185.0, 174.0]",10.433202743530273,0.5,50.972198486328125,2.580404281616211,-188.67303466796875
1750932180.5155075,0.0,0.5,"[174.0, 185.0, 170.0, 153.0, 129.0, 125.0, 138.0, 166.0, 185.0, 174.0]",10.507713317871094,0.5,50.84423828125,2.600820541381836,-188.83847045898438
1750932180.5304217,0.0,0.5,"[174.0, 185.0, 170.0, 154.0, 130.0, 125.0, 138.0, 167.0, 185.0, 174.0]",10.409280776977539,0.0,50.73284912109375,2.622394561767578,-189.01300048828125
1750932180.5457377,0.0,0.5,"[174.0, 185.0, 172.0, 153.0, 129.0, 125.0, 138.0, 165.0, 185.0, 174.0]",10.349223136901855,0.0,50.636199951171875,2.6448631286621094,-189.19467163085938
1750932180.5608492,0.0,0.5,"[174.0, 185.0, 172.0, 153.0, 129.0, 125.0, 138.0, 165.0, 185.0, 174.0]",10.526936531066895,0.0,50.53253173828125,2.667478561401367,-189.37652587890625
1750932180.5759165,0.0,0.5,"[174.0, 185.0, 173.0, 153.0, 129.0, 125.0, 137.0, 165.0, 185.0, 174.0]",10.379490852355957,0.0,50.4327392578125,2.690074920654297,-189.55712890625
1750932180.613187,0.0,0.5,"[174.0, 185.0, 173.0, 153.0, 129.0, 124.0, 137.0, 164.0, 185.0, 174.0]",10.70949649810791,0.0,50.328582763671875,2.7134532928466797,-189.74285888671875
1750932180.6287255,0.0,0.5,"[174.0, 185.0, 175.0, 153.0, 128.0, 124.0, 137.0, 164.0, 185.0, 174.0]",10.438796997070312,0.0,50.227508544921875,2.736349105834961,-189.924072265625
1750932180.643841,0.0,0.5,"[174.0, 185.0, 175.0, 152.0, 128.0, 124.0, 136.0, 163.0, 185.0, 174.0]",10.785079002380371,0.0,50.123077392578125,2.7601280212402344,-190.11129760742188
1750932180.6590738,1.0,0.5,"[174.0, 185.0, 176.0, 152.0, 128.0, 123.0, 134.0, 162.0, 185.0, 174.0]",10.459348678588867,0.0,50.02178955078125,2.7833251953125,-190.2928466796875
1750932180.685916,1.0,0.5,"[174.0, 185.0, 173.0, 152.0, 128.0, 123.0, 134.0, 162.0, 185.0, 174.0]",10.311339378356934,0.5,49.90411376953125,2.8048057556152344,-190.46084594726562
1750932180.7012215,1.0,0.5,"[174.0, 185.0, 171.0, 153.0, 128.0, 123.0, 134.0, 162.0, 185.0, 174.0]",10.069260597229004,0.5,49.7725830078125,2.8242416381835938,-190.61209106445312
1750932180.7163332,1.0,0.5,"[174.0, 185.0, 169.0, 153.0, 128.0, 123.0, 133.0, 161.0, 185.0, 174.0]",10.132058143615723,0.5,49.640533447265625,2.8440017700195312,-190.7645263671875
1750932180.7554724,0.0,0.5,"[174.0, 185.0, 165.0, 154.0, 128.0, 123.0, 133.0, 161.0, 185.0, 174.0]",10.042774200439453,0.5,49.504058837890625,2.8632068634033203,-190.91064453125
1750932180.770291,0.0,0.5,"[174.0, 185.0, 164.0, 154.0, 128.0, 123.0, 133.0, 159.0, 185.0, 174.0]",10.098304748535156,0.0,49.3778076171875,2.8841590881347656,-191.06689453125
1750932180.7846353,0.0,0.5,"[174.0, 185.0, 164.0, 153.0, 127.0, 122.0, 132.0, 158.0, 185.0, 174.0]",10.042991638183594,0.0,49.2657470703125,2.906679153442383,-191.2320556640625
1750932180.7995543,0.0,0.5,"[174.0, 185.0, 165.0, 153.0, 127.0, 121.0, 131.0, 156.0, 185.0, 174.0]",10.131199836730957,0.0,49.152557373046875,2.9297046661376953,-191.39852905273438
1750932180.8250666,0.0,0.5,"[174.0, 185.0, 165.0, 152.0, 126.0, 121.0, 130.0, 155.0, 185.0, 174.0]",10.074898719787598,0.0,49.040191650390625,2.9528274536132812,-191.56417846679688
1750932180.839829,0.0,0.5,"[174.0, 185.0, 165.0, 152.0, 126.0, 120.0, 129.0, 153.0, 185.0, 174.0]",10.213152885437012,0.0,48.925750732421875,2.9764270782470703,-191.731689453125
1750932180.8547637,0.0,0.5,"[174.0, 185.0, 165.0, 152.0, 126.0, 119.0, 128.0, 151.0, 185.0, 174.0]",10.143939018249512,0.0,48.812591552734375,3.0000839233398438,-191.8984375
1750932180.891777,0.0,0.5,"[174.0, 185.0, 165.0, 151.0, 125.0, 118.0, 126.0, 150.0, 185.0, 174.0]",10.135982513427734,0.0,48.69915771484375,3.0239219665527344,-192.06475830078125
1750932180.9068606,0.0,0.5,"[174.0, 185.0, 167.0, 151.0, 124.0, 117.0, 125.0, 148.0, 185.0, 174.0]",10.177663803100586,0.0,48.5850830078125,3.0480117797851562,-192.23159790039062
1750932180.922258,0.0,0.5,"[174.0, 185.0, 169.0, 151.0, 124.0, 116.0, 124.0, 147.0, 185.0, 174.0]",10.414124488830566,0.0,48.469146728515625,3.0728187561035156,-192.40286254882812
1750932180.9373715,0.0,0.5,"[174.0, 185.0, 170.0, 149.0, 123.0, 116.0, 123.0, 145.0, 185.0, 174.0]",10.220745086669922,0.0,48.3543701171875,3.097024917602539,-192.57025146484375
1750932180.9741106,0.0,0.5,"[174.0, 185.0, 171.0, 149.0, 123.0, 115.0, 122.0, 144.0, 185.0, 174.0]",10.359796524047852,0.0,48.2386474609375,3.1214656829833984,-192.74041748046875
1750932180.9888463,0.0,0.5,"[174.0, 185.0, 173.0, 149.0, 122.0, 114.0, 121.0, 142.0, 185.0, 174.0]",10.401801109313965,0.0,48.12188720703125,3.145782470703125,-192.91085815429688
1750932181.0033991,0.0,0.5,"[174.0, 185.0, 173.0, 149.0, 122.0, 113.0, 120.0, 141.0, 185.0, 174.0]",10.290116310119629,0.0,48.007537841796875,3.1697769165039062,-193.08026123046875
1750932181.0181813,1.0,0.5,"[174.0, 185.0, 175.0, 149.0, 121.0, 113.0, 119.0, 139.0, 185.0, 174.0]",10.382706642150879,0.0,47.890655517578125,3.1937599182128906,-193.25021362304688
1750932181.0554562,1.0,0.5,"[174.0, 185.0, 175.0, 149.0, 121.0, 113.0, 118.0, 139.0, 185.0, 174.0]",10.190672874450684,0.5,47.766510009765625,3.21612548828125,-193.41033935546875
1750932181.0694864,1.0,0.5,"[174.0, 185.0, 173.0, 151.0, 122.0, 113.0, 118.0, 139.0, 185.0, 174.0]",10.112865447998047,0.5,47.6309814453125,3.2366485595703125,-193.55905151367188
1750932181.082465,1.0,0.5,"[174.0, 185.0, 171.0, 152.0, 122.0, 113.0, 118.0, 140.0, 185.0, 174.0]",9.853748321533203,0.5,47.491302490234375,3.255451202392578,-193.69677734375
1750932181.0968955,0.0,0.5,"[174.0, 185.0, 168.0, 154.0, 123.0, 114.0, 118.0, 141.0, 185.0, 174.0]",9.992596626281738,0.5,47.346832275390625,3.2738990783691406,-193.83367919921875
1750932181.1316965,0.0,0.5,"[174.0, 185.0, 167.0, 154.0, 124.0, 114.0, 118.0, 141.0, 185.0, 174.0]",10.229656219482422,0.0,47.206756591796875,3.293832778930664,-193.9814453125
1750932181.145901,0.0,0.5,"[174.0, 185.0, 169.0, 155.0, 124.0, 114.0, 118.0, 141.0, 185.0, 174.0]",9.892525672912598,0.0,47.081512451171875,3.3143386840820312,-194.13323974609375
1750932181.159868,0.0,0.5,"[174.0, 185.0, 170.0, 155.0, 124.0, 114.0, 118.0, 139.0, 185.0, 174.0]",10.195906639099121,0.0,46.955108642578125,3.3356876373291016,-194.29180908203125
1750932181.1739156,0.0,0.5,"[174.0, 185.0, 172.0, 156.0, 124.0, 113.0, 117.0, 138.0, 185.0, 174.0]",10.059366226196289,0.0,46.83026123046875,3.356586456298828,-194.44818115234375
1750932181.208387,0.0,0.5,"[174.0, 185.0, 173.0, 156.0, 124.0, 113.0, 117.0, 137.0, 185.0, 174.0]",10.269918441772461,0.0,46.702728271484375,3.377819061279297,-194.6077880859375
1750932181.2219517,0.0,0.5,"[174.0, 185.0, 173.0, 156.0, 124.0, 113.0, 117.0, 137.0, 185.0, 174.0]",10.150753021240234,0.0,46.576934814453125,3.3986473083496094,-194.7657470703125
1750932181.2361596,0.0,0.5,"[174.0, 185.0, 175.0, 156.0, 124.0, 113.0, 116.0, 136.0, 185.0, 174.0]",10.241812705993652,0.0,46.449676513671875,3.4196243286132812,-194.92486572265625
1750932181.271273,0.0,0.5,"[174.0, 185.0, 176.0, 156.0, 124.0, 113.0, 116.0, 136.0, 184.0, 174.0]",10.014538764953613,0.0,46.325653076171875,3.4400768280029297,-195.080810546875
1750932181.2851481,0.0,0.5,"[174.0, 185.0, 178.0, 158.0, 124.0, 113.0, 116.0, 134.0, 183.0, 174.0]",10.242325782775879,0.0,46.198577880859375,3.4605445861816406,-195.24017333984375
1750932181.299138,0.0,0.5,"[174.0, 185.0, 179.0, 158.0, 124.0, 113.0, 115.0, 134.0, 182.0, 174.0]",10.341255187988281,0.0,46.070159912109375,3.480804443359375,-195.40106201171875
1750932181.3222094,1.0,0.5,"[174.0, 185.0, 180.0, 158.0, 124.0, 113.0, 115.0, 133.0, 182.0, 174.0]",10.364768028259277,0.0,45.94146728515625,3.5007381439208984,-195.56231689453125
1750932181.3363552,1.0,0.5,"[174.0, 185.0, 179.0, 159.0, 125.0, 113.0, 115.0, 133.0, 182.0, 174.0]",10.15191650390625,0.5,45.80322265625,3.5185890197753906,-195.7099609375
1750932181.3718975,1.0,0.5,"[174.0, 185.0, 177.0, 160.0, 126.0, 114.0, 116.0, 133.0, 183.0, 174.0]",9.968008995056152,0.5,45.65478515625,3.5341835021972656,-195.8421630859375
1750932181.3868234,1.0,0.5,"[174.0, 185.0, 175.0, 161.0, 127.0, 115.0, 116.0, 134.0, 184.0, 174.0]",9.957944869995117,0.5,45.502288818359375,3.5486621856689453,-195.96942138671875
1750932181.401723,0.0,0.5,"[174.0, 185.0, 173.0, 161.0, 128.0, 116.0, 117.0, 134.0, 184.0, 174.0]",9.872783660888672,0.5,45.348785400390625,3.5620784759521484,-196.0928955078125
1750932181.4161136,0.0,0.5,"[174.0, 185.0, 172.0, 162.0, 128.0, 116.0, 117.0, 134.0, 183.0, 174.0]",9.887166976928711,0.0,45.2061767578125,3.5765113830566406,-196.22909545898438
1750932181.452886,0.0,0.5,"[174.0, 185.0, 173.0, 162.0, 128.0, 116.0, 117.0, 133.0, 182.0, 174.0]",9.907723426818848,0.0,45.073455810546875,3.5917701721191406,-196.37545776367188
1750932181.4685466,0.0,0.5,"[174.0, 185.0, 175.0, 162.0, 128.0, 116.0, 116.0, 133.0, 180.0, 174.0]",10.025006294250488,0.0,44.937286376953125,3.6066360473632812,-196.52188110351562
1750932181.483306,0.0,0.5,"[174.0, 185.0, 175.0, 162.0, 128.0, 115.0, 116.0, 133.0, 179.0, 174.0]",10.079262733459473,0.0,44.80072021484375,3.6212387084960938,-196.66943359375
1750932181.4983027,0.0,0.5,"[174.0, 185.0, 176.0, 162.0, 128.0, 115.0, 116.0, 131.0, 177.0, 174.0]",10.093400001525879,0.0,44.663818359375,3.6352787017822266,-196.817138671875
1750932181.534931,1.0,0.5,"[174.0, 185.0, 176.0, 162.0, 127.0, 115.0, 115.0, 131.0, 176.0, 174.0]",10.103387832641602,0.0,44.52685546875,3.6489830017089844,-196.96505737304688
1750932181.5494454,1.0,0.5,"[174.0, 185.0, 176.0, 162.0, 128.0, 115.0, 116.0, 131.0, 176.0, 174.0]",9.865448951721191,0.5,44.38372802734375,3.6608505249023438,-197.100341796875
1750932181.5638695,1.0,0.5,"[174.0, 185.0, 175.0, 163.0, 129.0, 117.0, 116.0, 131.0, 176.0, 174.0]",9.825223922729492,0.5,44.230438232421875,3.670999526977539,-197.22283935546875
1750932181.5784013,1.0,0.5,"[174.0, 185.0, 172.0, 163.0, 130.0, 118.0, 117.0, 133.0, 176.0, 174.0]",9.6447114944458,0.5,44.07379150390625,3.679677963256836,-197.33511352539062
1750932181.615644,1.0,0.5,"[174.0, 185.0, 170.0, 164.0, 131.0, 119.0, 118.0, 134.0, 178.0, 174.0]",9.942944526672363,0.5,43.91107177734375,3.687999725341797,-197.4490966796875
1750932181.6327155,0.0,0.5,"[174.0, 185.0, 167.0, 166.0, 134.0, 120.0, 120.0, 134.0, 179.0, 174.0]",9.781914710998535,0.5,43.748321533203125,3.6952476501464844,-197.55743408203125
1750932181.6498134,0.0,0.5,"[174.0, 185.0, 167.0, 167.0, 134.0, 120.0, 121.0, 136.0, 179.0, 174.0]",9.867483139038086,0.0,43.590576171875,3.7031784057617188,-197.67572021484375
1750932181.6660433,0.0,0.5,"[174.0, 185.0, 167.0, 167.0, 134.0, 121.0, 121.0, 136.0, 179.0, 174.0]",9.754731178283691,0.0,43.444671630859375,3.711751937866211,-197.80499267578125
1750932181.6818588,0.0,0.5,"[174.0, 185.0, 168.0, 167.0, 135.0, 121.0, 121.0, 136.0, 179.0, 174.0]",10.10138988494873,0.0,43.294189453125,3.7205028533935547,-197.93951416015625
1750932181.6976473,0.0,0.5,"[174.0, 185.0, 169.0, 167.0, 135.0, 121.0, 121.0, 136.0, 179.0, 174.0]",9.809927940368652,0.0,43.148162841796875,3.728893280029297,-198.07025146484375
1750932181.7373004,0.0,0.5,"[174.0, 185.0, 170.0, 167.0, 135.0, 121.0, 121.0, 134.0, 178.0, 174.0]",10.066398620605469,0.0,42.998321533203125,3.7374000549316406,-198.2044677734375
1750932181.75353,1.0,0.5,"[174.0, 185.0, 170.0, 168.0, 135.0, 121.0, 121.0, 134.0, 177.0, 174.0]",9.950437545776367,0.0,42.850250244140625,3.745594024658203,-198.337158203125
1750932181.7682908,1.0,0.5,"[174.0, 185.0, 170.0, 168.0, 136.0, 121.0, 122.0, 136.0, 179.0, 174.0]",9.934563636779785,0.5,42.6917724609375,3.7527427673339844,-198.456787109375
1750932181.7842615,1.0,0.5,"[174.0, 185.0, 167.0, 169.0, 137.0, 123.0, 123.0, 137.0, 180.0, 174.0]",9.62205696105957,0.5,42.528228759765625,3.7583274841308594,-198.55807495117188
1750932181.80049,1.0,0.5,"[174.0, 185.0, 165.0, 170.0, 139.0, 124.0, 125.0, 139.0, 182.0, 174.0]",9.854029655456543,0.5,42.3580322265625,3.7634811401367188,-198.65731811523438
1750932181.8175542,1.0,0.5,"[174.0, 185.0, 162.0, 171.0, 140.0, 125.0, 126.0, 141.0, 185.0, 174.0]",9.691567420959473,0.5,42.188446044921875,3.7682342529296875,-198.75103759765625
1750932181.8627203,0.0,0.5,"[174.0, 185.0, 160.0, 173.0, 141.0, 126.0, 128.0, 143.0, 185.0, 174.0]",9.939033508300781,0.5,42.01300048828125,3.772594451904297,-198.84439086914062
1750932181.8811884,0.0,0.5,"[174.0, 185.0, 159.0, 173.0, 142.0, 127.0, 129.0, 144.0, 185.0, 174.0]",9.676426887512207,0.0,41.8514404296875,3.7775001525878906,-198.95083618164062
1750932181.8828712,0.0,0.5,"[174.0, 185.0, 159.0, 173.0, 142.0, 127.0, 129.0, 144.0, 185.0, 174.0]",9.943904876708984,0.0,41.692840576171875,3.7830142974853516,-199.07070922851562
1750932181.9009762,0.0,0.5,"[174.0, 185.0, 161.0, 173.0, 142.0, 126.0, 129.0, 143.0, 185.0, 174.0]",9.66244888305664,0.0,41.53729248046875,3.7881126403808594,-199.18527221679688
1750932181.919308,0.0,0.5,"[174.0, 185.0, 163.0, 173.0, 142.0, 126.0, 129.0, 143.0, 185.0, 174.0]",9.933300971984863,0.0,41.377777099609375,3.7930831909179688,-199.30355834960938
1750932181.9509332,0.0,0.5,"[174.0, 185.0, 165.0, 173.0, 142.0, 126.0, 129.0, 143.0, 185.0, 174.0]",9.830329895019531,0.0,41.219879150390625,3.797801971435547,-199.42059326171875
1750932181.9685261,0.0,0.5,"[174.0, 185.0, 167.0, 173.0, 141.0, 126.0, 129.0, 143.0, 185.0, 174.0]",9.993280410766602,0.0,41.059295654296875,3.8020992279052734,-199.53952026367188
1750932181.9863107,0.0,0.5,"[174.0, 185.0, 170.0, 171.0, 141.0, 126.0, 129.0, 143.0, 185.0, 174.0]",10.092777252197266,0.0,40.89703369140625,3.8061084747314453,-199.6595458984375
1750932182.0042686,0.0,0.5,"[174.0, 185.0, 172.0, 171.0, 141.0, 126.0, 128.0, 142.0, 185.0, 174.0]",10.111063003540039,0.0,40.734619140625,3.8097400665283203,-199.77993774414062
1750932182.0222666,0.0,0.5,"[174.0, 185.0, 173.0, 171.0, 141.0, 125.0, 128.0, 142.0, 185.0, 174.0]",10.157964706420898,0.0,40.57147216796875,3.812948226928711,-199.90093994140625
1750932182.0404236,1.0,0.5,"[174.0, 185.0, 175.0, 171.0, 141.0, 125.0, 128.0, 142.0, 185.0, 174.0]",10.1394681930542,0.0,40.408599853515625,3.8156681060791016,-200.02175903320312
1750932182.0594487,1.0,0.5,"[174.0, 185.0, 173.0, 171.0, 141.0, 126.0, 128.0, 144.0, 185.0, 174.0]",9.905608177185059,0.5,40.2403564453125,3.8177146911621094,-200.1263427734375
1750932182.0938172,1.0,0.5,"[174.0, 185.0, 171.0, 171.0, 143.0, 127.0, 129.0, 145.0, 185.0, 174.0]",9.878314018249512,0.5,40.06402587890625,3.818927764892578,-200.2154541015625
1750932182.114639,1.0,0.5,"[174.0, 185.0, 167.0, 173.0, 144.0, 128.0, 130.0, 147.0, 185.0, 174.0]",9.76203441619873,0.5,39.887603759765625,3.819620132446289,-200.299072265625
1750932182.1363542,0.0,0.5,"[174.0, 185.0, 164.0, 174.0, 144.0, 129.0, 131.0, 149.0, 185.0, 174.0]",9.947195053100586,0.5,39.705474853515625,3.819650650024414,-200.37908935546875
1750932182.1579278,0.0,0.5,"[174.0, 185.0, 164.0, 174.0, 145.0, 129.0, 131.0, 150.0, 185.0, 174.0]",9.956180572509766,0.0,39.530487060546875,3.8195037841796875,-200.47418212890625
1750932182.1777883,0.0,0.5,"[174.0, 185.0, 166.0, 174.0, 145.0, 129.0, 131.0, 150.0, 185.0, 174.0]",9.9197416305542,0.0,39.36346435546875,3.8192691802978516,-200.58123779296875
1750932182.1982434,0.0,0.5,"[174.0, 185.0, 167.0, 174.0, 145.0, 129.0, 131.0, 150.0, 185.0, 174.0]",10.007058143615723,0.0,39.194427490234375,3.8189258575439453,-200.68838500976562
1750932182.2180817,0.0,0.5,"[174.0, 185.0, 169.0, 174.0, 145.0, 129.0, 131.0, 150.0, 185.0, 174.0]",10.041568756103516,0.0,39.024627685546875,3.818431854248047,-200.79562377929688
1750932182.2382336,0.0,0.5,"[174.0, 185.0, 170.0, 174.0, 145.0, 129.0, 131.0, 151.0, 185.0, 174.0]",10.045310974121094,0.0,38.854888916015625,3.8177413940429688,-200.90310668945312
1750932182.2583725,0.0,0.5,"[174.0, 185.0, 172.0, 174.0, 145.0, 129.0, 131.0, 151.0, 185.0, 174.0]",10.062070846557617,0.0,38.684814453125,3.8169479370117188,-201.01068115234375
1750932182.279092,0.0,0.5,"[174.0, 185.0, 173.0, 174.0, 145.0, 129.0, 132.0, 151.0, 185.0, 174.0]",10.105360984802246,0.0,38.513946533203125,3.8158302307128906,-201.11859130859375
1750932182.2994514,0.0,0.5,"[174.0, 185.0, 175.0, 174.0, 145.0, 130.0, 132.0, 151.0, 185.0, 174.0]",10.150420188903809,0.0,38.342254638671875,3.8148269653320312,-201.2269287109375
1750932182.3193567,0.0,0.5,"[174.0, 185.0, 176.0, 174.0, 145.0, 130.0, 132.0, 151.0, 185.0, 174.0]",10.333039283752441,0.0,38.167388916015625,3.8136558532714844,-201.33706665039062
1750932182.3393726,0.0,0.5,"[174.0, 185.0, 178.0, 174.0, 146.0, 130.0, 132.0, 151.0, 185.0, 174.0]",10.26895809173584,0.0,37.99383544921875,3.812335968017578,-201.44686889648438
1750932182.3597188,1.0,0.5,"[174.0, 185.0, 179.0, 175.0, 146.0, 130.0, 132.0, 151.0, 185.0, 174.0]",10.459250450134277,0.0,37.817169189453125,3.810894012451172,-201.55886840820312
1750932182.3798444,1.0,0.5,"[174.0, 185.0, 179.0, 175.0, 146.0, 130.0, 132.0, 153.0, 185.0, 174.0]",10.048234939575195,0.5,37.638671875,3.8093223571777344,-201.65118408203125
1750932182.3816502,1.0,0.5,"[174.0, 185.0, 179.0, 175.0, 146.0, 130.0, 132.0, 153.0, 185.0, 174.0]",10.003800392150879,0.5,37.45330810546875,3.807657241821289,-201.72650146484375
1750932182.4003575,1.0,0.5,"[174.0, 185.0, 173.0, 178.0, 148.0, 135.0, 136.0, 156.0, 185.0, 174.0]",10.053262710571289,0.5,37.264923095703125,3.8055896759033203,-201.7967529296875
1750932182.4189875,0.0,0.5,"[174.0, 185.0, 170.0, 178.0, 149.0, 136.0, 137.0, 158.0, 185.0, 174.0]",10.077399253845215,0.5,37.07476806640625,3.8031864166259766,-201.863525390625
1750932182.4516366,0.0,0.5,"[174.0, 185.0, 170.0, 178.0, 149.0, 137.0, 138.0, 158.0, 185.0, 174.0]",10.114302635192871,0.0,36.8895263671875,3.800445556640625,-201.9447021484375
1750932182.4698374,0.0,0.5,"[174.0, 185.0, 172.0, 178.0, 149.0, 137.0, 138.0, 158.0, 185.0, 174.0]",10.064765930175781,0.0,36.712738037109375,3.7973995208740234,-202.04092407226562
1750932182.4890277,0.0,0.5,"[174.0, 185.0, 173.0, 178.0, 149.0, 137.0, 138.0, 158.0, 185.0, 174.0]",10.306296348571777,0.0,36.530303955078125,3.79400634765625,-202.13677978515625
1750932182.507795,0.0,0.5,"[174.0, 185.0, 173.0, 295.0, 149.0, 137.0, 138.0, 158.0, 185.0, 174.0]",9.986249923706055,0.0,36.353668212890625,3.790445327758789,-202.22994995117188
1750932182.525947,0.0,0.5,"[174.0, 185.0, 175.0, 295.0, 149.0, 136.0, 138.0, 158.0, 185.0, 174.0]",10.263944625854492,0.0,36.17218017578125,3.7864303588867188,-202.3258056640625
1750932182.5440528,0.0,0.5,"[174.0, 185.0, 176.0, 295.0, 150.0, 137.0, 138.0, 158.0, 185.0, 174.0]",10.351451873779297,0.0,35.98919677734375,3.782033920288086,-202.42254638671875
1750932182.5628092,0.0,0.5,"[174.0, 185.0, 177.0, 295.0, 149.0, 136.0, 137.0, 158.0, 185.0, 174.0]",10.37972354888916,0.0,35.805633544921875,3.7773475646972656,-202.51934814453125
1750932182.5810957,0.0,0.5,"[174.0, 185.0, 178.0, 295.0, 149.0, 136.0, 137.0, 158.0, 185.0, 174.0]",10.456425666809082,0.0,35.620758056640625,3.7723770141601562,-202.61700439453125
1750932182.5999126,0.0,0.5,"[174.0, 185.0, 179.0, 295.0, 149.0, 136.0, 137.0, 156.0, 185.0, 174.0]",10.600968360900879,0.0,35.433319091796875,3.7670822143554688,-202.7159423828125
1750932182.6179252,0.0,0.5,"[174.0, 185.0, 179.0, 295.0, 149.0, 136.0, 137.0, 156.0, 185.0, 174.0]",10.43963623046875,0.0,35.248687744140625,3.761627197265625,-202.8133544921875
1750932182.665867,0.0,0.5,"[174.0, 185.0, 181.0, 295.0, 149.0, 136.0, 136.0, 156.0, 185.0, 174.0]",10.625284194946289,0.0,35.060821533203125,3.7558765411376953,-202.91244506835938
1750932182.68426,0.0,0.5,"[174.0, 185.0, 181.0, 295.0, 149.0, 136.0, 136.0, 155.0, 185.0, 174.0]",10.50301456451416,0.0,34.87518310546875,3.749959945678711,-203.01058959960938
1750932182.6859453,0.0,0.5,"[174.0, 185.0, 181.0, 295.0, 149.0, 136.0, 136.0, 155.0, 185.0, 174.0]",10.903769493103027,0.0,34.682403564453125,3.743623733520508,-203.11233520507812
1750932182.7044222,0.0,0.5,"[174.0, 185.0, 183.0, 295.0, 149.0, 135.0, 136.0, 155.0, 185.0, 174.0]",10.672069549560547,0.0,34.49371337890625,3.737241744995117,-203.2119140625
1750932182.7232177,1.0,0.5,"[174.0, 185.0, 184.0, 295.0, 149.0, 135.0, 136.0, 154.0, 185.0, 174.0]",11.037772178649902,0.0,34.298553466796875,3.7304935455322266,-203.31488037109375
1750932182.7420135,1.0,0.5,"[174.0, 185.0, 184.0, 295.0, 149.0, 136.0, 136.0, 155.0, 185.0, 174.0]",10.541056632995605,0.5,34.10504150390625,3.7241287231445312,-203.39825439453125
1750932182.7599826,0.0,0.5,"[174.0, 185.0, 181.0, 178.0, 150.0, 137.0, 137.0, 156.0, 185.0, 174.0]",10.594017028808594,0.5,33.904144287109375,3.717853546142578,-203.46533203125
1750932182.7784948,0.0,0.5,"[174.0, 185.0, 181.0, 178.0, 150.0, 137.0, 137.0, 156.0, 185.0, 174.0]",10.378125190734863,0.0,33.7119140625,3.7113037109375,-203.5433349609375
1750932182.8267696,0.0,0.5,"[174.0, 185.0, 183.0, 295.0, 150.0, 137.0, 137.0, 156.0, 185.0, 174.0]",10.431869506835938,0.0,33.523712158203125,3.7043094635009766,-203.63311767578125
1750932182.8444736,0.0,0.5,"[174.0, 185.0, 183.0, 295.0, 150.0, 137.0, 137.0, 155.0, 185.0, 174.0]",10.312103271484375,0.0,33.33807373046875,3.697284698486328,-203.72271728515625
1750932182.8461225,0.0,0.5,"[174.0, 185.0, 183.0, 295.0, 150.0, 137.0, 137.0, 155.0, 185.0, 174.0]",10.539319038391113,0.0,33.14794921875,3.689970016479492,-203.81341552734375
1750932182.8642368,0.0,0.5,"[174.0, 185.0, 185.0, 179.0, 150.0, 137.0, 136.0, 155.0, 185.0, 174.0]",10.712858200073242,0.0,32.95489501953125,3.6824092864990234,-203.90606689453125
1750932182.882416,0.0,0.5,"[174.0, 185.0, 186.0, 179.0, 150.0, 137.0, 136.0, 155.0, 185.0, 174.0]",10.589016914367676,0.0,32.764251708984375,3.674863815307617,-203.99795532226562
1750932182.9010777,0.0,0.5,"[174.0, 185.0, 187.0, 179.0, 150.0, 137.0, 136.0, 154.0, 185.0, 174.0]",10.906391143798828,0.0,32.567718505859375,3.667041778564453,-204.09222412109375
1750932182.9199908,0.0,0.5,"[174.0, 185.0, 188.0, 179.0, 150.0, 137.0, 136.0, 153.0, 185.0, 174.0]",10.520794868469238,0.0,32.378143310546875,3.65948486328125,-204.18319702148438
1750932182.9385269,0.0,0.5,"[174.0, 185.0, 189.0, 295.0, 150.0, 137.0, 136.0, 153.0, 185.0, 174.0]",10.84888744354248,0.0,32.182586669921875,3.651714324951172,-204.27691650390625
1750932182.971031,0.0,0.5,"[174.0, 185.0, 190.0, 181.0, 150.0, 136.0, 136.0, 153.0, 185.0, 174.0]",11.089016914367676,0.0,31.982696533203125,3.643817901611328,-204.37265014648438
1750932182.9886286,0.0,0.5,"[174.0, 185.0, 192.0, 181.0, 150.0, 136.0, 134.0, 151.0, 185.0, 174.0]",10.940555572509766,0.0,31.78558349609375,3.636026382446289,-204.46731567382812
1750932183.0067477,0.0,0.5,"[174.0, 185.0, 193.0, 181.0, 150.0, 136.0, 134.0, 151.0, 185.0, 174.0]",11.160158157348633,0.0,31.58447265625,3.6282119750976562,-204.5638427734375
1750932183.0247052,0.0,0.5,"[174.0, 185.0, 194.0, 181.0, 150.0, 136.0, 134.0, 150.0, 185.0, 174.0]",11.06507682800293,0.0,31.3851318359375,3.620615005493164,-204.65963745117188
1750932183.0427258,0.0,0.5,"[174.0, 185.0, 195.0, 181.0, 150.0, 136.0, 133.0, 150.0, 185.0, 174.0]",11.295198440551758,0.0,31.181671142578125,3.6130104064941406,-204.757568359375
1750932183.0608253,0.0,0.5,"[174.0, 185.0, 197.0, 181.0, 149.0, 135.0, 133.0, 149.0, 185.0, 174.0]",10.949023246765137,0.0,30.984375,3.6057395935058594,-204.852294921875
1750932183.0789714,0.0,0.5,"[174.0, 185.0, 197.0, 181.0, 149.0, 135.0, 132.0, 148.0, 185.0, 174.0]",11.313891410827637,0.0,30.780487060546875,3.5983142852783203,-204.95013427734375
1750932183.1112347,0.0,0.5,"[174.0, 185.0, 198.0, 181.0, 149.0, 134.0, 132.0, 147.0, 185.0, 174.0]",11.375173568725586,0.0,30.575469970703125,3.5910587310791016,-205.04849243164062
1750932183.1297383,1.0,0.5,"[174.0, 185.0, 198.0, 181.0, 148.0, 134.0, 131.0, 146.0, 185.0, 174.0]",11.340914726257324,0.0,30.37109375,3.5838546752929688,-205.14654541015625
1750932183.1480258,1.0,0.5,"[174.0, 185.0, 198.0, 179.0, 148.0, 134.0, 131.0, 146.0, 185.0, 174.0]",11.044517517089844,0.5,30.164581298828125,3.577333450317383,-205.22467041015625
1750932183.1654427,1.0,0.5,"[174.0, 185.0, 194.0, 178.0, 149.0, 136.0, 133.0, 148.0, 185.0, 174.0]",11.018136978149414,0.5,29.9520263671875,3.571256637573242,-205.28250122070312
1750932183.1833014,1.0,0.5,"[174.0, 185.0, 192.0, 176.0, 150.0, 137.0, 134.0, 150.0, 185.0, 174.0]",11.121232986450195,0.5,29.73583984375,3.565450668334961,-205.33453369140625
1750932183.200078,1.0,0.5,"[174.0, 185.0, 189.0, 173.0, 150.0, 139.0, 136.0, 151.0, 185.0, 174.0]",11.171562194824219,0.5,29.517578125,3.559934616088867,-205.38198852539062
1750932183.215302,1.0,0.5,"[174.0, 185.0, 186.0, 170.0, 151.0, 140.0, 137.0, 153.0, 185.0, 174.0]",11.160694122314453,0.5,29.298553466796875,3.5547962188720703,-205.4246826171875
1750932183.2550652,0.0,0.5,"[174.0, 185.0, 183.0, 168.0, 151.0, 140.0, 138.0, 154.0, 185.0, 174.0]",11.163619041442871,0.5,29.078460693359375,3.550090789794922,-205.4620361328125
1750932183.2707462,0.0,0.5,"[174.0, 185.0, 181.0, 167.0, 151.0, 140.0, 139.0, 155.0, 185.0, 174.0]",11.08202838897705,0.0,28.863616943359375,3.5454139709472656,-205.51626586914062
1750932183.2870002,0.0,0.5,"[174.0, 185.0, 183.0, 167.0, 150.0, 139.0, 138.0, 153.0, 185.0, 174.0]",11.12171745300293,0.0,28.653167724609375,3.540721893310547,-205.588134765625
1750932183.3023262,0.0,0.5,"[174.0, 185.0, 183.0, 167.0, 150.0, 138.0, 137.0, 151.0, 185.0, 174.0]",11.315767288208008,0.0,28.43780517578125,3.536317825317383,-205.6575927734375
1750932183.3180418,0.0,0.5,"[174.0, 185.0, 183.0, 167.0, 149.0, 137.0, 136.0, 150.0, 185.0, 174.0]",11.221266746520996,0.0,28.224395751953125,3.5323219299316406,-205.72683715820312
1750932183.3565872,0.0,0.5,"[174.0, 185.0, 183.0, 166.0, 148.0, 137.0, 136.0, 150.0, 185.0, 174.0]",11.321367263793945,0.0,28.0091552734375,3.5288028717041016,-205.797119140625
1750932183.3725061,0.0,0.5,"[174.0, 185.0, 183.0, 166.0, 148.0, 136.0, 134.0, 148.0, 185.0, 174.0]",11.113468170166016,0.0,27.79766845703125,3.5257091522216797,-205.86541748046875
1750932183.3887923,0.0,0.5,"[174.0, 185.0, 183.0, 166.0, 147.0, 135.0, 133.0, 147.0, 185.0, 174.0]",11.43005084991455,0.0,27.580352783203125,3.5228614807128906,-205.936279296875
1750932183.4045582,1.0,0.5,"[174.0, 185.0, 183.0, 165.0, 146.0, 134.0, 132.0, 146.0, 185.0, 174.0]",11.456867218017578,0.0,27.362518310546875,3.52032470703125,-206.00732421875
1750932183.4205964,1.0,0.5,"[174.0, 185.0, 181.0, 163.0, 146.0, 134.0, 133.0, 147.0, 185.0, 174.0]",11.216935157775879,0.5,27.144439697265625,3.518465042114258,-206.0599365234375
1750932183.4367483,1.0,0.5,"[174.0, 185.0, 178.0, 161.0, 147.0, 135.0, 134.0, 148.0, 185.0, 174.0]",11.174033164978027,0.5,26.923492431640625,3.517354965209961,-206.09341430664062
1750932183.4767811,0.0,0.5,"[174.0, 185.0, 176.0, 160.0, 148.0, 135.0, 136.0, 150.0, 185.0, 174.0]",10.991730690002441,0.5,26.70489501953125,3.516786575317383,-206.11666870117188
1750932183.4921474,0.0,0.5,"[174.0, 185.0, 175.0, 159.0, 148.0, 135.0, 136.0, 150.0, 185.0, 174.0]",11.042598724365234,0.0,26.487945556640625,3.5163211822509766,-206.15805053710938
1750932183.5078986,0.0,0.5,"[174.0, 185.0, 175.0, 159.0, 148.0, 134.0, 136.0, 149.0, 185.0, 174.0]",11.229731559753418,0.0,26.270050048828125,3.5159873962402344,-206.21246337890625
1750932183.5227177,0.0,0.5,"[174.0, 185.0, 175.0, 159.0, 147.0, 134.0, 136.0, 148.0, 185.0, 174.0]",11.07861614227295,0.0,26.055633544921875,3.5159454345703125,-206.26837158203125
1750932183.5383468,0.0,0.5,"[174.0, 185.0, 175.0, 159.0, 147.0, 133.0, 134.0, 147.0, 185.0, 174.0]",11.164050102233887,0.0,25.839324951171875,3.516256332397461,-206.32373046875
1750932183.5777352,0.0,0.5,"[174.0, 185.0, 175.0, 158.0, 146.0, 133.0, 134.0, 147.0, 185.0, 174.0]",11.408448219299316,0.0,25.61846923828125,3.516803741455078,-206.3809814453125
1750932183.59385,0.0,0.5,"[174.0, 185.0, 175.0, 158.0, 146.0, 131.0, 134.0, 147.0, 185.0, 174.0]",11.251985549926758,0.0,25.40045166015625,3.5175819396972656,-206.43682861328125
1750932183.6098893,1.0,0.5,"[174.0, 185.0, 175.0, 158.0, 146.0, 131.0, 133.0, 146.0, 185.0, 174.0]",11.38919448852539,0.0,25.179931640625,3.5185089111328125,-206.49386596679688
1750932183.6249936,1.0,0.5,"[174.0, 185.0, 175.0, 157.0, 147.0, 131.0, 134.0, 147.0, 185.0, 174.0]",10.960966110229492,0.5,24.9637451171875,3.5198841094970703,-206.5301513671875
1750932183.6401439,1.0,0.5,"[174.0, 185.0, 172.0, 155.0, 148.0, 133.0, 134.0, 149.0, 185.0, 174.0]",11.128003120422363,0.5,24.742095947265625,3.5217018127441406,-206.54998779296875
1750932183.656177,1.0,0.5,"[174.0, 185.0, 170.0, 153.0, 149.0, 134.0, 136.0, 151.0, 185.0, 174.0]",10.763090133666992,0.5,24.52703857421875,3.5237979888916016,-206.5594482421875
1750932183.695762,0.0,0.5,"[174.0, 185.0, 167.0, 152.0, 151.0, 135.0, 137.0, 153.0, 185.0, 174.0]",11.018107414245605,0.5,24.306732177734375,3.5261573791503906,-206.564208984375
1750932183.7113245,0.0,0.5,"[174.0, 185.0, 166.0, 151.0, 151.0, 136.0, 137.0, 155.0, 185.0, 174.0]",10.811741828918457,0.0,24.09136962890625,3.528472900390625,-206.5833740234375
1750932183.7269747,0.0,0.5,"[174.0, 185.0, 166.0, 151.0, 151.0, 135.0, 137.0, 155.0, 185.0, 174.0]",10.907868385314941,0.0,23.876007080078125,3.530712127685547,-206.6181640625
1750932183.7422705,0.0,0.5,"[174.0, 185.0, 167.0, 151.0, 151.0, 135.0, 136.0, 155.0, 185.0, 174.0]",11.08598804473877,0.0,23.65728759765625,3.5330581665039062,-206.6544189453125
1750932183.7575526,0.0,0.5,"[174.0, 185.0, 167.0, 151.0, 151.0, 135.0, 136.0, 154.0, 185.0, 174.0]",11.00550365447998,0.0,23.440216064453125,3.535432815551758,-206.69073486328125
1750932183.7964437,0.0,0.5,"[174.0, 185.0, 167.0, 151.0, 259.0, 134.0, 136.0, 154.0, 185.0, 174.0]",11.213011741638184,0.0,23.218994140625,3.5378990173339844,-206.72747802734375
1750932183.8109305,0.0,0.5,"[174.0, 185.0, 167.0, 151.0, 259.0, 134.0, 134.0, 153.0, 185.0, 174.0]",11.059124946594238,0.0,23.0008544921875,3.5403480529785156,-206.76397705078125
1750932183.8264763,0.0,0.5,"[174.0, 185.0, 167.0, 151.0, 259.0, 134.0, 134.0, 153.0, 185.0, 174.0]",11.190832138061523,0.0,22.78009033203125,3.5428218841552734,-206.8006591796875
1750932183.841276,1.0,0.5,"[174.0, 185.0, 167.0, 151.0, 259.0, 134.0, 133.0, 153.0, 185.0, 174.0]",11.241358757019043,0.0,22.558349609375,3.545269012451172,-206.8377685546875
1750932183.8559215,1.0,0.5,"[174.0, 185.0, 166.0, 149.0, 150.0, 134.0, 134.0, 153.0, 185.0, 174.0]",11.192741394042969,0.5,22.335601806640625,3.5478382110595703,-206.85980224609375
1750932183.891354,0.0,0.5,"[174.0, 185.0, 164.0, 148.0, 150.0, 135.0, 134.0, 153.0, 185.0, 174.0]",10.847414016723633,0.5,22.118682861328125,3.5504894256591797,-206.86102294921875
1750932183.9061139,0.0,0.5,"[174.0, 185.0, 163.0, 147.0, 150.0, 136.0, 136.0, 153.0, 185.0, 174.0]",10.967318534851074,0.0,21.89990234375,3.5530662536621094,-206.87689208984375
1750932183.9223988,0.0,0.5,"[174.0, 185.0, 164.0, 148.0, 150.0, 135.0, 134.0, 153.0, 185.0, 174.0]",10.850395202636719,0.0,21.684844970703125,3.555469512939453,-206.90582275390625
1750932183.9376383,0.0,0.5,"[174.0, 185.0, 163.0, 147.0, 150.0, 135.0, 134.0, 151.0, 185.0, 174.0]",11.069372177124023,0.0,21.465362548828125,3.5579757690429688,-206.93450927734375
1750932183.974502,0.0,0.5,"[174.0, 185.0, 163.0, 147.0, 150.0, 135.0, 134.0, 151.0, 185.0, 174.0]",11.02278995513916,0.0,21.246734619140625,3.5605812072753906,-206.9627685546875
1750932183.9890885,0.0,0.5,"[174.0, 185.0, 163.0, 147.0, 150.0, 135.0, 133.0, 150.0, 185.0, 174.0]",10.95955753326416,0.0,21.02935791015625,3.5633163452148438,-206.99087524414062
1750932184.003792,1.0,0.5,"[174.0, 185.0, 164.0, 147.0, 150.0, 134.0, 133.0, 150.0, 185.0, 174.0]",11.059040069580078,0.0,20.810028076171875,3.566293716430664,-207.01919555664062
1750932184.017279,1.0,0.5,"[174.0, 185.0, 162.0, 147.0, 150.0, 135.0, 133.0, 150.0, 185.0, 174.0]",10.80438232421875,0.5,20.594329833984375,3.569477081298828,-207.03167724609375
1750932184.0513146,1.0,0.5,"[174.0, 185.0, 159.0, 145.0, 149.0, 136.0, 134.0, 151.0, 185.0, 174.0]",10.710537910461426,0.5,20.380340576171875,3.5729732513427734,-207.022216796875
1750932184.065415,1.0,0.5,"[174.0, 185.0, 158.0, 143.0, 147.0, 137.0, 136.0, 153.0, 185.0, 174.0]",10.739848136901855,0.5,20.166290283203125,3.576679229736328,-207.0050048828125
1750932184.0794516,1.0,0.5,"[174.0, 185.0, 155.0, 140.0, 145.0, 139.0, 138.0, 155.0, 185.0, 174.0]",10.676188468933105,0.5,19.953826904296875,3.5805130004882812,-206.98410034179688
1750932184.103565,0.0,0.5,"[174.0, 185.0, 151.0, 138.0, 143.0, 141.0, 139.0, 156.0, 185.0, 174.0]",10.881972312927246,0.5,19.737945556640625,3.5845794677734375,-206.9566650390625
1750932184.1176217,0.0,0.5,"[174.0, 185.0, 150.0, 137.0, 142.0, 141.0, 139.0, 156.0, 185.0, 174.0]",10.79118824005127,0.0,19.522369384765625,3.5886077880859375,-206.9468994140625
1750932184.1513362,0.0,0.5,"[174.0, 185.0, 150.0, 137.0, 143.0, 141.0, 139.0, 155.0, 185.0, 174.0]",10.721014976501465,0.0,19.30810546875,3.5926170349121094,-206.9539794921875
1750932184.1653187,0.0,0.5,"[174.0, 185.0, 150.0, 137.0, 142.0, 140.0, 138.0, 155.0, 185.0, 174.0]",10.859673500061035,0.0,19.091033935546875,3.596681594848633,-206.959228515625
1750932184.1795897,0.0,0.5,"[174.0, 185.0, 150.0, 137.0, 142.0, 141.0, 138.0, 155.0, 185.0, 174.0]",10.898430824279785,0.0,18.8731689453125,3.6007843017578125,-206.96490478515625
1750932184.1937263,0.0,0.5,"[174.0, 185.0, 150.0, 137.0, 142.0, 140.0, 138.0, 154.0, 185.0, 174.0]",10.911624908447266,0.0,18.655029296875,3.6048927307128906,-206.96990966796875
1750932184.2280211,0.0,0.5,"[174.0, 185.0, 149.0, 137.0, 142.0, 140.0, 138.0, 153.0, 185.0, 174.0]",11.130660057067871,0.0,18.432525634765625,3.6090545654296875,-206.9757080078125
1750932184.241445,0.0,0.5,"[174.0, 185.0, 149.0, 137.0, 142.0, 140.0, 137.0, 153.0, 185.0, 174.0]",11.046391487121582,0.0,18.211700439453125,3.6131515502929688,-206.9810791015625
1750932184.2542636,0.0,0.5,"[174.0, 185.0, 148.0, 136.0, 142.0, 140.0, 137.0, 153.0, 185.0, 174.0]",11.241415977478027,0.0,17.98699951171875,3.6172828674316406,-206.98687744140625
1750932184.2889483,1.0,0.5,"[174.0, 185.0, 148.0, 136.0, 142.0, 139.0, 137.0, 151.0, 185.0, 174.0]",11.101767539978027,0.0,17.765045166015625,3.6212692260742188,-206.99215698242188
1750932184.3028462,1.0,0.5,"[174.0, 185.0, 147.0, 134.0, 141.0, 140.0, 137.0, 153.0, 185.0, 174.0]",10.926675796508789,0.5,17.546783447265625,3.6251564025878906,-206.98236083984375
1750932184.3167794,1.0,0.5,"[174.0, 182.0, 144.0, 133.0, 139.0, 142.0, 138.0, 154.0, 185.0, 174.0]",10.595778465270996,0.5,17.33709716796875,3.628986358642578,-206.95184326171875
1750932184.3514113,0.0,0.5,"[174.0, 177.0, 141.0, 130.0, 136.0, 143.0, 140.0, 156.0, 185.0, 174.0]",10.814648628234863,0.5,17.12432861328125,3.6329612731933594,-206.91323852539062
1750932184.3656025,0.0,0.5,"[174.0, 176.0, 140.0, 129.0, 136.0, 144.0, 140.0, 156.0, 185.0, 174.0]",10.781840324401855,0.0,16.910003662109375,3.6370277404785156,-206.88983154296875
1750932184.3803005,0.0,0.5,"[174.0, 174.0, 139.0, 129.0, 136.0, 144.0, 140.0, 156.0, 185.0, 174.0]",10.754068374633789,0.0,16.69512939453125,3.641124725341797,-206.8812255859375
1750932184.395488,0.0,0.5,"[174.0, 173.0, 139.0, 129.0, 136.0, 144.0, 140.0, 156.0, 185.0, 174.0]",10.796216011047363,0.0,16.4793701171875,3.6453018188476562,-206.873291015625
1750932184.4315934,0.0,0.5,"[174.0, 173.0, 139.0, 129.0, 136.0, 144.0, 140.0, 156.0, 185.0, 174.0]",10.85368824005127,0.0,16.262481689453125,3.6495285034179688,-206.86541748046875
1750932184.4461198,0.0,0.5,"[174.0, 172.0, 138.0, 129.0, 136.0, 144.0, 140.0, 156.0, 185.0, 174.0]",10.905084609985352,0.0,16.044586181640625,3.653829574584961,-206.85748291015625
1750932184.460005,0.0,0.5,"[174.0, 171.0, 138.0, 129.0, 136.0, 144.0, 140.0, 155.0, 185.0, 174.0]",10.897442817687988,0.0,15.826812744140625,3.65814208984375,-206.84963989257812
1750932184.4736712,0.0,0.5,"[174.0, 170.0, 137.0, 128.0, 135.0, 144.0, 140.0, 155.0, 185.0, 174.0]",10.978498458862305,0.0,15.607421875,3.6624889373779297,-206.8416748046875
1750932184.5076768,0.0,0.5,"[174.0, 170.0, 137.0, 128.0, 135.0, 144.0, 140.0, 155.0, 185.0, 174.0]",10.821555137634277,0.0,15.391204833984375,3.666769027709961,-206.83355712890625
1750932184.5221207,0.0,0.5,"[174.0, 170.0, 137.0, 128.0, 135.0, 144.0, 140.0, 155.0, 185.0, 174.0]",10.974294662475586,0.0,15.171905517578125,3.6711044311523438,-206.8255615234375
1750932184.5363927,0.0,0.5,"[174.0, 169.0, 137.0, 128.0, 135.0, 144.0, 140.0, 155.0, 185.0, 174.0]",10.989946365356445,0.0,14.952301025390625,3.6754302978515625,-206.81707763671875
1750932184.5701249,0.0,0.5,"[174.0, 168.0, 136.0, 128.0, 135.0, 144.0, 140.0, 155.0, 185.0, 174.0]",11.150036811828613,0.0,14.7294921875,3.6797847747802734,-206.80917358398438
1750932184.5840132,0.0,0.5,"[174.0, 167.0, 136.0, 127.0, 135.0, 144.0, 140.0, 155.0, 185.0, 174.0]",11.231103897094727,0.0,14.50506591796875,3.6841087341308594,-206.80084228515625
1750932184.5974305,0.0,0.5,"[174.0, 167.0, 136.0, 127.0, 135.0, 144.0, 140.0, 155.0, 185.0, 174.0]",11.201763153076172,0.0,14.281219482421875,3.6880645751953125,-206.79254150390625
1750932184.6310818,0.0,0.5,"[174.0, 167.0, 136.0, 127.0, 135.0, 144.0, 140.0, 155.0, 185.0, 174.0]",11.194133758544922,0.0,14.057525634765625,3.6916122436523438,-206.7840576171875
1750932184.6450152,0.0,0.5,"[174.0, 167.0, 136.0, 127.0, 135.0, 144.0, 140.0, 155.0, 185.0, 174.0]",11.33625602722168,0.0,13.830963134765625,3.6947402954101562,-206.7755126953125
1750932184.6593485,0.0,0.5,"[174.0, 166.0, 134.0, 126.0, 135.0, 144.0, 140.0, 155.0, 185.0, 174.0]",11.188701629638672,0.0,13.60736083984375,3.6975040435791016,-206.7677001953125
1750932184.6731005,0.0,0.5,"[174.0, 165.0, 134.0, 126.0, 136.0, 144.0, 140.0, 155.0, 185.0, 174.0]",11.570578575134277,0.0,13.376129150390625,3.700021743774414,-206.75909423828125
1750932184.7068439,0.0,0.5,"[174.0, 164.0, 134.0, 126.0, 136.0, 145.0, 140.0, 155.0, 185.0, 174.0]",11.270343780517578,0.0,13.15087890625,3.7022171020507812,-206.75079345703125
1750932184.7208147,0.0,0.5,"[174.0, 164.0, 134.0, 126.0, 136.0, 145.0, 140.0, 155.0, 185.0, 174.0]",11.572203636169434,0.0,12.919586181640625,3.7042388916015625,-206.74234008789062
1750932184.734271,0.0,0.5,"[174.0, 164.0, 134.0, 126.0, 136.0, 145.0, 141.0, 155.0, 185.0, 174.0]",11.49477481842041,0.0,12.68988037109375,3.7060089111328125,-206.73379516601562
1750932184.7682312,0.0,0.5,"[174.0, 164.0, 134.0, 126.0, 136.0, 145.0, 141.0, 155.0, 185.0, 174.0]",11.447145462036133,0.0,12.461090087890625,3.707681655883789,-206.72512817382812
1750932184.782449,0.0,0.5,"[174.0, 164.0, 134.0, 126.0, 136.0, 146.0, 141.0, 155.0, 185.0, 174.0]",11.6062650680542,0.0,12.229156494140625,3.709239959716797,-206.71636962890625
1750932184.7961352,0.0,0.5,"[174.0, 164.0, 134.0, 126.0, 136.0, 146.0, 141.0, 155.0, 185.0, 174.0]",11.649620056152344,0.0,11.996307373046875,3.710733413696289,-206.70791625976562
1750932184.8297412,0.0,0.5,"[174.0, 163.0, 134.0, 126.0, 136.0, 146.0, 141.0, 156.0, 185.0, 174.0]",11.884232521057129,0.0,11.7587890625,3.7122650146484375,-206.69931030273438
1750932184.8434258,0.0,0.5,"[174.0, 163.0, 134.0, 127.0, 136.0, 146.0, 141.0, 156.0, 185.0, 174.0]",11.760419845581055,0.0,11.52374267578125,3.713733673095703,-206.6905517578125
1750932184.8572872,0.0,0.5,"[174.0, 162.0, 134.0, 126.0, 136.0, 147.0, 142.0, 156.0, 185.0, 174.0]",11.915872573852539,0.0,11.28558349609375,3.7152538299560547,-206.681884765625
1750932184.8904057,0.0,0.5,"[174.0, 162.0, 134.0, 126.0, 136.0, 147.0, 143.0, 156.0, 185.0, 174.0]",11.768793106079102,0.0,11.050384521484375,3.7167205810546875,-206.67291259765625
1750932184.904533,0.0,0.5,"[174.0, 161.0, 133.0, 126.0, 136.0, 147.0, 143.0, 156.0, 185.0, 174.0]",11.849299430847168,0.0,10.813568115234375,3.717958450317383,-206.66400146484375
1750932184.918127,0.0,0.5,"[174.0, 161.0, 133.0, 127.0, 137.0, 147.0, 143.0, 156.0, 185.0, 174.0]",11.855855941772461,0.0,10.576629638671875,3.718843460083008,-206.65505981445312
1750932184.95213,0.0,0.5,"[174.0, 161.0, 133.0, 126.0, 137.0, 147.0, 143.0, 156.0, 185.0, 174.0]",11.990229606628418,0.0,10.337005615234375,3.719409942626953,-206.64605712890625
1750932184.9656897,0.0,0.5,"[174.0, 161.0, 133.0, 126.0, 137.0, 147.0, 143.0, 156.0, 185.0, 174.0]",12.02566146850586,0.0,10.096649169921875,3.719697952270508,-206.63723754882812
1750932184.9795942,0.0,0.5,"[174.0, 160.0, 133.0, 126.0, 137.0, 147.0, 143.0, 156.0, 185.0, 174.0]",12.226537704467773,0.0,9.852294921875,3.7197418212890625,-206.62808227539062
1750932185.0030396,0.0,0.5,"[174.0, 159.0, 133.0, 126.0, 137.0, 147.0, 143.0, 156.0, 185.0, 174.0]",12.067804336547852,0.0,9.611083984375,3.719585418701172,-206.619140625
1750932185.016738,0.0,0.5,"[174.0, 159.0, 133.0, 126.0, 137.0, 147.0, 143.0, 156.0, 185.0, 174.0]",12.218378067016602,0.0,9.36688232421875,3.7192649841308594,-206.61019897460938
1750932185.0508296,0.0,0.5,"[174.0, 158.0, 132.0, 125.0, 136.0, 148.0, 143.0, 156.0, 185.0, 174.0]",12.280414581298828,0.0,9.121429443359375,3.7188186645507812,-206.601318359375
1750932185.0648842,0.0,0.5,"[174.0, 158.0, 132.0, 125.0, 137.0, 147.0, 143.0, 156.0, 185.0, 174.0]",12.368514060974121,0.0,8.874237060546875,3.7182769775390625,-206.592041015625
1750932185.0783582,0.0,0.5,"[174.0, 156.0, 131.0, 125.0, 136.0, 147.0, 143.0, 156.0, 185.0, 174.0]",12.377099990844727,0.0,8.626861572265625,3.717670440673828,-206.58294677734375
1750932185.1116762,0.0,0.5,"[174.0, 156.0, 131.0, 125.0, 136.0, 147.0, 143.0, 156.0, 185.0, 174.0]",12.364165306091309,0.0,8.3797607421875,3.7170257568359375,-206.57373046875
1750932185.125232,0.0,0.5,"[174.0, 155.0, 130.0, 125.0, 136.0, 147.0, 143.0, 156.0, 185.0, 174.0]",12.409002304077148,0.0,8.131744384765625,3.7163639068603516,-206.56484985351562
1750932185.1387641,0.0,0.5,"[174.0, 155.0, 130.0, 125.0, 136.0, 147.0, 143.0, 156.0, 185.0, 174.0]",12.56247615814209,0.0,7.88067626953125,3.7157039642333984,-206.55545043945312
1750932185.162508,0.0,0.5,"[174.0, 154.0, 130.0, 124.0, 136.0, 147.0, 143.0, 156.0, 185.0, 174.0]",12.323720932006836,0.0,7.634368896484375,3.7150611877441406,-206.54641723632812
1750932185.1764085,0.0,0.5,"[174.0, 153.0, 130.0, 124.0, 136.0, 147.0, 142.0, 155.0, 185.0, 174.0]",12.475695610046387,0.0,7.385009765625,3.714445114135742,-206.53713989257812
1750932185.2098227,0.0,0.5,"[174.0, 153.0, 129.0, 124.0, 136.0, 147.0, 142.0, 155.0, 185.0, 174.0]",12.65186882019043,0.0,7.13214111328125,3.713869094848633,-206.52810668945312
1750932185.22346,0.0,0.5,"[174.0, 153.0, 128.0, 123.0, 136.0, 147.0, 142.0, 155.0, 185.0, 174.0]",12.63929557800293,0.0,6.8795166015625,3.7133312225341797,-206.51876831054688
1750932185.2358582,0.0,0.5,"[174.0, 152.0, 128.0, 123.0, 136.0, 147.0, 142.0, 155.0, 185.0, 174.0]",12.658173561096191,0.0,6.626556396484375,3.71282958984375,-206.50927734375
1750932185.2694013,0.0,0.5,"[174.0, 151.0, 128.0, 123.0, 136.0, 147.0, 141.0, 155.0, 185.0, 174.0]",12.8648681640625,0.0,6.36944580078125,3.7123661041259766,-206.49957275390625
1750932185.2831905,0.0,0.5,"[174.0, 150.0, 127.0, 123.0, 135.0, 147.0, 141.0, 155.0, 185.0, 174.0]",12.777789115905762,0.0,6.114044189453125,3.7119483947753906,-206.4903564453125
1750932185.296676,0.0,0.5,"[174.0, 150.0, 127.0, 123.0, 135.0, 147.0, 141.0, 155.0, 185.0, 174.0]",12.92811107635498,0.0,5.85565185546875,3.7115859985351562,-206.480712890625
1750932185.3300478,0.0,0.5,"[174.0, 149.0, 126.0, 122.0, 135.0, 147.0, 141.0, 155.0, 185.0, 174.0]",12.815677642822266,0.0,5.599517822265625,3.711275100708008,-206.471435546875
1750932185.3434722,-1.0,0.5,"[174.0, 148.0, 126.0, 122.0, 135.0, 147.0, 141.0, 155.0, 185.0, 174.0]",12.999344825744629,0.0,5.3397216796875,3.7110137939453125,-206.46173095703125
1750932185.3574896,-1.0,0.5,"[174.0, 150.0, 127.0, 123.0, 136.0, 146.0, 140.0, 153.0, 185.0, 174.0]",12.589025497436523,-0.5,5.088104248046875,3.7107982635498047,-206.4710693359375
1750932185.39035,-1.0,0.5,"[174.0, 153.0, 130.0, 125.0, 138.0, 144.0, 138.0, 150.0, 185.0, 174.0]",12.673580169677734,-0.5,4.83612060546875,3.710622787475586,-206.4984130859375
1750932185.4042804,-1.0,0.5,"[174.0, 157.0, 133.0, 129.0, 142.0, 142.0, 136.0, 147.0, 185.0, 174.0]",12.282700538635254,-0.5,4.593719482421875,3.710489273071289,-206.53826904296875
1750932185.4177728,-1.0,0.5,"[174.0, 162.0, 137.0, 132.0, 144.0, 139.0, 133.0, 144.0, 182.0, 174.0]",12.605676651000977,-0.5,4.346221923828125,3.7103843688964844,-206.58633422851562
1750932185.4513009,0.0,0.5,"[174.0, 167.0, 141.0, 135.0, 147.0, 136.0, 130.0, 141.0, 176.0, 174.0]",12.519059181213379,-0.5,4.101593017578125,3.710306167602539,-206.6396484375
1750932185.46483,0.0,0.5,"[174.0, 169.0, 142.0, 137.0, 149.0, 135.0, 129.0, 139.0, 173.0, 174.0]",12.623174667358398,0.0,3.852508544921875,3.7102508544921875,-206.6807861328125
1750932185.4781199,0.0,0.5,"[174.0, 170.0, 142.0, 137.0, 149.0, 135.0, 128.0, 138.0, 173.0, 174.0]",12.564773559570312,0.0,3.602203369140625,3.710214614868164,-206.70330810546875
1750932185.511352,0.0,0.5,"[174.0, 170.0, 142.0, 137.0, 149.0, 135.0, 128.0, 137.0, 172.0, 174.0]",12.482162475585938,0.0,3.353485107421875,3.710193634033203,-206.7247314453125
1750932185.52504,0.0,0.5,"[174.0, 170.0, 142.0, 137.0, 149.0, 135.0, 128.0, 137.0, 170.0, 174.0]",12.670734405517578,0.0,3.1009521484375,3.7101802825927734,-206.745849609375
1750932185.5386019,0.0,0.5,"[174.0, 170.0, 142.0, 137.0, 149.0, 134.0, 128.0, 137.0, 170.0, 174.0]",12.647124290466309,0.0,2.848907470703125,3.710176467895508,-206.7672119140625
1750932185.5620134,0.0,0.5,"[174.0, 170.0, 142.0, 137.0, 149.0, 134.0, 126.0, 136.0, 169.0, 174.0]",12.71914005279541,0.0,2.595458984375,3.7101879119873047,-206.788818359375
1750932185.5757227,0.0,0.5,"[174.0, 170.0, 142.0, 137.0, 149.0, 134.0, 126.0, 136.0, 168.0, 174.0]",12.704607009887695,0.0,2.34228515625,3.710214614868164,-206.8104248046875
1750932185.6076663,1.0,0.5,"[174.0, 170.0, 142.0, 137.0, 149.0, 134.0, 126.0, 136.0, 167.0, 174.0]",12.756305694580078,0.0,2.08807373046875,3.7102527618408203,-206.83209228515625
1750932185.6212864,1.0,0.5,"[174.0, 168.0, 141.0, 136.0, 147.0, 135.0, 128.0, 136.0, 168.0, 174.0]",12.629682540893555,0.5,1.8355712890625,3.710298538208008,-206.83843994140625
1750932185.6349254,1.0,0.5,"[174.0, 165.0, 139.0, 133.0, 146.0, 136.0, 129.0, 137.0, 170.0, 174.0]",12.281720161437988,0.5,1.5902099609375,3.7103500366210938,-206.82647705078125
1750932185.6688302,0.0,0.5,"[174.0, 161.0, 136.0, 130.0, 142.0, 139.0, 131.0, 141.0, 173.0, 174.0]",12.543290138244629,0.5,1.3408203125,3.710407257080078,-206.7994384765625
1750932185.682272,0.0,0.5,"[174.0, 158.0, 133.0, 129.0, 142.0, 140.0, 132.0, 142.0, 176.0, 174.0]",12.263453483581543,0.0,1.095916748046875,3.7104625701904297,-206.78622436523438
1750932185.6957374,0.0,0.5,"[174.0, 158.0, 133.0, 129.0, 142.0, 140.0, 132.0, 142.0, 176.0, 174.0]",12.455780982971191,0.0,0.846832275390625,3.710519790649414,-206.79034423828125
1750932185.7290738,0.0,0.5,"[174.0, 158.0, 133.0, 129.0, 142.0, 140.0, 132.0, 141.0, 174.0, 174.0]",12.339241027832031,0.0,0.60009765625,3.7105751037597656,-206.79507446289062
1750932185.7427528,0.0,0.5,"[174.0, 158.0, 133.0, 129.0, 142.0, 140.0, 132.0, 141.0, 173.0, 174.0]",12.533934593200684,0.0,0.349456787109375,3.7106285095214844,-206.79989624023438
1750932185.7561116,0.0,0.5,"[174.0, 157.0, 133.0, 129.0, 142.0, 140.0, 132.0, 141.0, 173.0, 174.0]",12.420586585998535,0.0,0.101104736328125,3.7106761932373047,-206.80502319335938
1750932185.7898684,0.0,0.5,"[174.0, 157.0, 133.0, 129.0, 141.0, 140.0, 132.0, 141.0, 173.0, 174.0]",12.782196998596191,0.0,-0.154510498046875,3.7107200622558594,-206.81011962890625
1750932185.8037472,0.0,0.5,"[174.0, 157.0, 133.0, 129.0, 141.0, 140.0, 132.0, 141.0, 173.0, 174.0]",12.532876968383789,0.0,-0.405120849609375,3.7107620239257812,-206.81500244140625
1750932185.8172648,0.0,0.5,"[174.0, 156.0, 133.0, 129.0, 141.0, 140.0, 131.0, 141.0, 172.0, 174.0]",12.850473403930664,0.0,-0.662078857421875,3.710796356201172,-206.82000732421875
1750932185.850291,0.0,0.5,"[174.0, 156.0, 133.0, 129.0, 141.0, 140.0, 131.0, 140.0, 171.0, 174.0]",12.56434154510498,0.0,-0.913299560546875,3.710826873779297,-206.824951171875
1750932185.8634021,0.0,0.5,"[174.0, 156.0, 133.0, 129.0, 141.0, 140.0, 131.0, 140.0, 171.0, 174.0]",12.92736530303955,0.0,-1.17181396484375,3.7108535766601562,-206.83013916015625
1750932185.8766978,1.0,0.5,"[174.0, 156.0, 133.0, 129.0, 141.0, 140.0, 131.0, 139.0, 170.0, 174.0]",12.613602638244629,0.0,-1.42401123046875,3.710874557495117,-206.83511352539062
1750932185.9089026,1.0,0.5,"[174.0, 154.0, 131.0, 127.0, 140.0, 141.0, 132.0, 141.0, 172.0, 174.0]",12.670717239379883,0.5,-1.677215576171875,3.7108917236328125,-206.82412719726562
1750932185.9227757,1.0,0.5,"[174.0, 150.0, 128.0, 124.0, 137.0, 142.0, 134.0, 142.0, 176.0, 174.0]",12.334870338439941,0.5,-1.922393798828125,3.7109031677246094,-206.796875
1750932185.9368176,0.0,0.5,"[174.0, 146.0, 124.0, 121.0, 134.0, 145.0, 137.0, 145.0, 179.0, 174.0]",12.413061141967773,0.5,-2.16668701171875,3.7109107971191406,-206.75265502929688
1750932185.9701395,0.0,0.5,"[174.0, 143.0, 122.0, 119.0, 131.0, 146.0, 138.0, 147.0, 181.0, 174.0]",12.253665924072266,0.0,-2.410125732421875,3.7109127044677734,-206.72454833984375
1750932185.983556,0.0,0.5,"[174.0, 142.0, 122.0, 119.0, 131.0, 146.0, 138.0, 147.0, 181.0, 174.0]",12.516560554504395,0.0,-2.660125732421875,3.710908889770508,-206.7113037109375
1750932185.9965863,0.0,0.5,"[174.0, 142.0, 121.0, 119.0, 131.0, 146.0, 138.0, 147.0, 181.0, 174.0]",12.21294116973877,0.0,-2.90411376953125,3.7109012603759766,-206.6998291015625
1750932186.0295355,0.0,0.5,"[174.0, 141.0, 121.0, 118.0, 131.0, 146.0, 138.0, 147.0, 180.0, 174.0]",12.618402481079102,0.0,-3.15618896484375,3.710887908935547,-206.68814086914062
1750932186.0424807,0.0,0.5,"[174.0, 140.0, 120.0, 118.0, 131.0, 146.0, 138.0, 147.0, 180.0, 174.0]",12.34574031829834,0.0,-3.402862548828125,3.7108707427978516,-206.6767578125
1750932186.056031,0.0,0.5,"[174.0, 139.0, 120.0, 118.0, 131.0, 146.0, 138.0, 147.0, 180.0, 174.0]",12.642650604248047,0.0,-3.655426025390625,3.7108497619628906,-206.66510009765625
1750932186.0895147,0.0,0.5,"[174.0, 139.0, 120.0, 117.0, 131.0, 146.0, 138.0, 147.0, 180.0, 174.0]",12.220328330993652,0.0,-3.89959716796875,3.710826873779297,-206.65380859375
1750932186.1028452,0.0,0.5,"[174.0, 138.0, 120.0, 117.0, 131.0, 146.0, 138.0, 147.0, 180.0, 174.0]",12.548171043395996,0.0,-4.1502685546875,3.710803985595703,-206.64227294921875
1750932186.115859,0.0,0.5,"[174.0, 138.0, 119.0, 117.0, 130.0, 146.0, 138.0, 147.0, 180.0, 174.0]",12.741061210632324,0.0,-4.40484619140625,3.7107791900634766,-206.630615234375
1750932186.1496117,0.0,0.5,"[174.0, 137.0, 119.0, 117.0, 130.0, 146.0, 138.0, 146.0, 179.0, 174.0]",12.629387855529785,0.0,-4.657135009765625,3.710752487182617,-206.61865234375
1750932186.1624181,0.0,0.5,"[174.0, 137.0, 119.0, 117.0, 130.0, 146.0, 138.0, 146.0, 179.0, 174.0]",12.949882507324219,0.0,-4.915863037109375,3.710725784301758,-206.60662841796875
1750932186.1764991,0.0,0.5,"[174.0, 136.0, 119.0, 117.0, 130.0, 146.0, 138.0, 146.0, 179.0, 174.0]",12.667798042297363,0.0,-5.1689453125,3.7106990814208984,-206.59487915039062
1750932186.2088683,0.0,0.5,"[174.0, 135.0, 117.0, 116.0, 130.0, 146.0, 138.0, 146.0, 179.0, 174.0]",13.043760299682617,0.0,-5.429534912109375,3.710674285888672,-206.58282470703125
1750932186.2220206,0.0,0.5,"[174.0, 135.0, 117.0, 116.0, 130.0, 146.0, 138.0, 146.0, 179.0, 174.0]",12.7545166015625,0.0,-5.684356689453125,3.7106475830078125,-206.57098388671875
1750932186.2356112,0.0,0.5,"[174.0, 134.0, 117.0, 116.0, 130.0, 146.0, 137.0, 146.0, 179.0, 174.0]",13.109891891479492,0.0,-5.946258544921875,3.7106170654296875,-206.5587158203125
1750932186.2687023,0.0,0.5,"[174.0, 134.0, 116.0, 115.0, 130.0, 146.0, 137.0, 146.0, 179.0, 174.0]",12.794856071472168,0.0,-6.201873779296875,3.7105846405029297,-206.54681396484375
1750932186.282034,0.0,0.5,"[174.0, 133.0, 116.0, 115.0, 130.0, 146.0, 138.0, 146.0, 179.0, 174.0]",13.073719024658203,0.0,-6.46307373046875,3.7097034454345703,-206.53466796875
1750932186.2960715,0.0,0.5,"[174.0, 133.0, 116.0, 115.0, 130.0, 146.0, 138.0, 146.0, 179.0, 174.0]",12.862093925476074,0.0,-6.72003173828125,3.707836151123047,-206.52264404296875
1750932186.328776,0.0,0.5,"[174.0, 132.0, 116.0, 115.0, 130.0, 147.0, 138.0, 147.0, 179.0, 174.0]",13.090201377868652,0.0,-6.981536865234375,3.7050628662109375,-206.51083374023438
1750932186.342332,0.0,0.5,"[174.0, 132.0, 116.0, 115.0, 130.0, 147.0, 138.0, 147.0, 180.0, 174.0]",13.177392959594727,0.0,-7.244781494140625,3.70147705078125,-206.49871826171875
1750932186.355578,0.0,0.5,"[174.0, 132.0, 116.0, 115.0, 130.0, 147.0, 138.0, 147.0, 181.0, 174.0]",13.203927040100098,0.0,-7.508544921875,3.6972312927246094,-206.48623657226562
1750932186.388631,0.0,0.5,"[174.0, 132.0, 116.0, 115.0, 130.0, 147.0, 139.0, 147.0, 182.0, 174.0]",13.20196533203125,0.0,-7.772247314453125,3.6924095153808594,-206.4739990234375
1750932186.402353,-1.0,0.5,"[174.0, 132.0, 116.0, 116.0, 131.0, 148.0, 139.0, 148.0, 182.0, 174.0]",13.317550659179688,0.0,-8.03826904296875,3.687053680419922,-206.46157836914062
1750932186.4153497,-1.0,0.5,"[174.0, 135.0, 117.0, 117.0, 134.0, 147.0, 139.0, 147.0, 182.0, 174.0]",13.163675308227539,-0.5,-8.30145263671875,3.6814823150634766,-206.4652099609375
1750932186.4481974,0.0,0.5,"[174.0, 138.0, 121.0, 121.0, 137.0, 146.0, 138.0, 146.0, 179.0, 174.0]",12.9677152633667,-0.5,-8.56005859375,3.6758041381835938,-206.484130859375
1750932186.4617932,0.0,0.5,"[174.0, 140.0, 123.0, 122.0, 138.0, 146.0, 138.0, 146.0, 179.0, 174.0]",12.969805717468262,0.0,-8.81927490234375,3.669891357421875,-206.4918212890625
1750932186.475622,0.0,0.5,"[174.0, 141.0, 123.0, 123.0, 139.0, 147.0, 138.0, 147.0, 179.0, 174.0]",13.10362720489502,0.0,-9.081268310546875,3.663724899291992,-206.490234375
1750932186.5081854,0.0,0.5,"[174.0, 141.0, 123.0, 123.0, 140.0, 147.0, 138.0, 147.0, 180.0, 174.0]",12.943328857421875,0.0,-9.340057373046875,3.6575660705566406,-206.48779296875
1750932186.5215516,0.0,0.5,"[174.0, 142.0, 125.0, 124.0, 141.0, 148.0, 139.0, 147.0, 181.0, 174.0]",13.111934661865234,0.0,-9.602203369140625,3.6512222290039062,-206.485107421875
1750932186.534676,0.0,0.5,"[174.0, 143.0, 125.0, 124.0, 141.0, 149.0, 140.0, 148.0, 182.0, 174.0]",13.157660484313965,0.0,-9.865234375,3.6442184448242188,-206.482421875
1750932186.5675838,0.0,0.5,"[174.0, 143.0, 125.0, 125.0, 142.0, 149.0, 140.0, 149.0, 182.0, 174.0]",13.284358024597168,0.0,-10.13079833984375,3.6361541748046875,-206.4801025390625
1750932186.5807843,0.0,0.5,"[174.0, 144.0, 125.0, 125.0, 142.0, 150.0, 140.0, 150.0, 184.0, 174.0]",13.191378593444824,0.0,-10.39447021484375,3.627309799194336,-206.47738647460938
1750932186.5938373,0.0,0.5,"[174.0, 144.0, 126.0, 125.0, 142.0, 150.0, 141.0, 150.0, 184.0, 174.0]",13.362526893615723,0.0,-10.6614990234375,3.616809844970703,-206.47454833984375
1750932186.6267204,0.0,0.5,"[174.0, 144.0, 126.0, 125.0, 142.0, 151.0, 142.0, 151.0, 185.0, 174.0]",13.266280174255371,0.0,-10.926544189453125,3.604907989501953,-206.47174072265625
1750932186.6402209,0.0,0.5,"[174.0, 145.0, 127.0, 126.0, 143.0, 151.0, 143.0, 151.0, 185.0, 174.0]",13.448485374450684,0.0,-11.195159912109375,3.5914688110351562,-206.46868896484375
1750932186.6540139,0.0,0.5,"[174.0, 145.0, 127.0, 126.0, 143.0, 152.0, 143.0, 151.0, 185.0, 174.0]",13.404160499572754,0.0,-11.46282958984375,3.5769386291503906,-206.46575927734375
1750932186.6869915,0.0,0.5,"[174.0, 146.0, 128.0, 127.0, 144.0, 152.0, 144.0, 153.0, 185.0, 174.0]",13.513510704040527,0.0,-11.732635498046875,3.5613269805908203,-206.46267700195312
1750932186.700793,0.0,0.5,"[174.0, 147.0, 128.0, 128.0, 145.0, 153.0, 144.0, 153.0, 185.0, 174.0]",13.512887954711914,0.0,-12.00238037109375,3.545064926147461,-206.459716796875
1750932186.7138984,0.0,0.5,"[174.0, 147.0, 129.0, 128.0, 145.0, 153.0, 144.0, 154.0, 185.0, 174.0]",13.568601608276367,0.0,-12.273193359375,3.5280513763427734,-206.456787109375
1750932186.746515,0.0,0.5,"[174.0, 147.0, 129.0, 129.0, 146.0, 154.0, 145.0, 155.0, 185.0, 174.0]",13.735462188720703,0.0,-12.547332763671875,3.5105247497558594,-206.45388793945312
1750932186.759277,0.0,0.5,"[174.0, 149.0, 130.0, 129.0, 146.0, 154.0, 146.0, 155.0, 185.0, 174.0]",13.510778427124023,0.0,-12.81695556640625,3.4928855895996094,-206.45086669921875
1750932186.7829854,0.0,0.5,"[174.0, 149.0, 130.0, 129.0, 147.0, 155.0, 146.0, 156.0, 185.0, 174.0]",13.651152610778809,0.0,-13.089385986328125,3.475008010864258,-206.44805908203125
1750932186.7957077,0.0,0.5,"[174.0, 150.0, 131.0, 130.0, 147.0, 155.0, 147.0, 156.0, 185.0, 174.0]",14.01486873626709,0.0,-13.369049072265625,3.456684112548828,-206.4449462890625
1750932186.828286,0.0,0.5,"[174.0, 150.0, 131.0, 131.0, 147.0, 156.0, 147.0, 158.0, 185.0, 174.0]",13.885920524597168,0.0,-13.646148681640625,3.4384918212890625,-206.4417724609375
1750932186.8412085,0.0,0.5,"[174.0, 151.0, 132.0, 131.0, 148.0, 156.0, 148.0, 158.0, 185.0, 174.0]",14.046855926513672,0.0,-13.926483154296875,3.420032501220703,-206.43878173828125
1750932186.8551412,0.0,0.5,"[174.0, 152.0, 133.0, 131.0, 148.0, 157.0, 148.0, 159.0, 185.0, 174.0]",13.902877807617188,0.0,-14.203857421875,3.4009571075439453,-206.43597412109375
1750932186.8872895,0.0,0.5,"[174.0, 153.0, 133.0, 132.0, 149.0, 157.0, 148.0, 159.0, 185.0, 174.0]",14.075654983520508,0.0,-14.484649658203125,3.3809127807617188,-206.43280029296875
1750932186.9002628,0.0,0.5,"[174.0, 153.0, 133.0, 132.0, 149.0, 158.0, 149.0, 160.0, 185.0, 174.0]",14.160004615783691,0.0,-14.767059326171875,3.359966278076172,-206.42987060546875
1750932186.9138348,0.0,0.5,"[174.0, 153.0, 134.0, 132.0, 149.0, 158.0, 149.0, 161.0, 185.0, 174.0]",14.184480667114258,0.0,-15.049896240234375,3.3382415771484375,-206.42681884765625
1750932186.946717,0.0,0.5,"[174.0, 154.0, 134.0, 133.0, 150.0, 158.0, 150.0, 161.0, 185.0, 174.0]",14.187498092651367,0.0,-15.332733154296875,3.3158302307128906,-206.4237060546875
1750932186.9601126,0.0,0.5,"[174.0, 154.0, 134.0, 133.0, 150.0, 158.0, 150.0, 162.0, 185.0, 174.0]",14.151688575744629,0.0,-15.614837646484375,3.2929859161376953,-206.42062377929688
1750932186.9736028,0.0,0.5,"[174.0, 155.0, 134.0, 133.0, 150.0, 159.0, 151.0, 162.0, 185.0, 174.0]",14.341985702514648,0.0,-15.90069580078125,3.2694129943847656,-206.41748046875
1750932187.006239,0.0,0.5,"[174.0, 155.0, 136.0, 133.0, 150.0, 159.0, 151.0, 162.0, 185.0, 174.0]",14.493375778198242,0.0,-16.18951416015625,3.245281219482422,-206.41424560546875
1750932187.019444,0.0,0.5,"[174.0, 155.0, 136.0, 133.0, 150.0, 159.0, 151.0, 162.0, 185.0, 174.0]",14.305852890014648,0.0,-16.474609375,3.221254348754883,-206.41116333007812
1750932187.042568,0.0,0.5,"[174.0, 156.0, 136.0, 134.0, 151.0, 159.0, 152.0, 163.0, 185.0, 174.0]",14.605525970458984,0.0,-16.765655517578125,3.1966171264648438,-206.40798950195312
1750932187.0555074,0.0,0.5,"[174.0, 156.0, 136.0, 133.0, 150.0, 159.0, 152.0, 164.0, 185.0, 174.0]",14.558980941772461,0.0,-17.0557861328125,3.1719970703125,-206.4049072265625
1750932187.0878367,0.0,0.5,"[174.0, 157.0, 136.0, 134.0, 151.0, 159.0, 152.0, 164.0, 185.0, 174.0]",14.556808471679688,0.0,-17.345855712890625,3.1473827362060547,-206.40145874023438
1750932187.101311,0.0,0.5,"[174.0, 158.0, 137.0, 134.0, 151.0, 159.0, 152.0, 164.0, 185.0, 174.0]",14.756745338439941,0.0,-17.639923095703125,3.1224918365478516,-206.3984375
1750932187.1145756,0.0,0.5,"[174.0, 158.0, 137.0, 134.0, 151.0, 159.0, 152.0, 164.0, 185.0, 174.0]",14.70726203918457,0.0,-17.933013916015625,3.0978126525878906,-206.39529418945312
1750932187.1469636,0.0,0.5,"[174.0, 158.0, 137.0, 135.0, 151.0, 159.0, 152.0, 165.0, 185.0, 174.0]",14.72141170501709,0.0,-18.22637939453125,3.073060989379883,-206.39205932617188
1750932187.1598322,0.0,0.5,"[174.0, 159.0, 137.0, 135.0, 151.0, 159.0, 153.0, 165.0, 185.0, 174.0]",15.041988372802734,0.0,-18.526123046875,3.0476207733154297,-206.38870239257812
1750932187.1726942,0.0,0.5,"[174.0, 159.0, 137.0, 135.0, 151.0, 159.0, 153.0, 165.0, 185.0, 174.0]",14.68639850616455,0.0,-18.81878662109375,3.022653579711914,-206.38534545898438
1750932187.2049835,0.0,0.5,"[174.0, 160.0, 137.0, 135.0, 151.0, 159.0, 153.0, 166.0, 185.0, 174.0]",15.093116760253906,0.0,-19.119537353515625,2.9970855712890625,-206.3818359375
1750932187.2186854,0.0,0.5,"[174.0, 161.0, 138.0, 136.0, 151.0, 159.0, 153.0, 166.0, 185.0, 174.0]",14.952102661132812,0.0,-19.41748046875,2.9718189239501953,-206.37835693359375
1750932187.2509623,0.0,0.5,"[174.0, 161.0, 138.0, 135.0, 151.0, 159.0, 153.0, 167.0, 185.0, 174.0]",15.153749465942383,0.0,-19.719451904296875,2.946329116821289,-206.37493896484375
1750932187.2638922,0.0,0.5,"[174.0, 161.0, 138.0, 136.0, 151.0, 159.0, 153.0, 167.0, 185.0, 174.0]",14.960858345031738,0.0,-20.017608642578125,2.9212379455566406,-206.37139892578125
1750932187.276895,0.0,0.5,"[174.0, 161.0, 138.0, 136.0, 151.0, 159.0, 153.0, 167.0, 185.0, 174.0]",15.339197158813477,0.0,-20.32330322265625,2.895641326904297,-206.36785888671875
1750932187.3092,0.0,0.5,"[174.0, 161.0, 138.0, 136.0, 151.0, 159.0, 153.0, 167.0, 185.0, 174.0]",15.287181854248047,0.0,-20.627960205078125,2.8702430725097656,-206.3643798828125
1750932187.3219109,0.0,0.5,"[174.0, 161.0, 139.0, 136.0, 151.0, 159.0, 153.0, 167.0, 185.0, 174.0]",15.300215721130371,0.0,-20.932891845703125,2.8449039459228516,-206.36087036132812
1750932187.3350337,0.0,0.5,"[174.0, 162.0, 139.0, 136.0, 151.0, 159.0, 153.0, 167.0, 185.0, 174.0]",15.329299926757812,0.0,-21.238433837890625,2.8196334838867188,-206.357421875
1750932187.3673158,0.0,0.5,"[174.0, 162.0, 139.0, 136.0, 151.0, 159.0, 153.0, 167.0, 185.0, 174.0]",15.562108039855957,0.0,-21.548583984375,2.7940673828125,-206.35397338867188
1750932187.3809648,0.0,0.5,"[174.0, 162.0, 139.0, 136.0, 151.0, 159.0, 153.0, 167.0, 185.0, 174.0]",15.41341781616211,0.0,-21.855804443359375,2.7688331604003906,-206.35055541992188
1750932187.3941894,0.0,0.5,"[174.0, 163.0, 139.0, 136.0, 151.0, 159.0, 153.0, 167.0, 185.0, 174.0]",15.59575080871582,0.0,-22.166656494140625,2.743366241455078,-206.34722900390625
1750932187.4265857,0.0,0.0,"[174.0, 163.0, 139.0, 136.0, 151.0, 159.0, 153.0, 168.0, 185.0, 174.0]",15.604085922241211,0.0,-22.477691650390625,2.718059539794922,-206.34378051757812
1750932187.4402928,0.0,0.0,"[174.0, 163.0, 140.0, 136.0, 150.0, 159.0, 154.0, 168.0, 185.0, 174.0]",15.583235740661621,0.0,-22.788330078125,2.6929855346679688,-206.34039306640625
1750932187.453447,0.0,0.0,"[174.0, 164.0, 140.0, 136.0, 150.0, 159.0, 154.0, 169.0, 185.0, 174.0]",15.35727596282959,0.0,-23.094451904296875,2.6681480407714844,-206.33709716796875
1750932187.4857426,0.0,0.0,"[174.0, 164.0, 140.0, 136.0, 151.0, 159.0, 154.0, 169.0, 185.0, 174.0]",15.16301441192627,0.0,-23.396636962890625,2.6427783966064453,-206.33389282226562
1750932187.4994965,0.0,0.0,"[174.0, 164.0, 141.0, 137.0, 151.0, 159.0, 154.0, 169.0, 185.0, 174.0]",14.965930938720703,0.0,-23.69482421875,2.6169567108154297,-206.33071899414062
1750932187.5223565,0.0,0.5,"[174.0, 165.0, 141.0, 137.0, 151.0, 159.0, 154.0, 170.0, 185.0, 174.0]",14.765567779541016,0.0,-23.98895263671875,2.5907745361328125,-206.32757568359375
1750932187.535596,0.0,0.5,"[174.0, 167.0, 142.0, 137.0, 152.0, 159.0, 155.0, 170.0, 185.0, 174.0]",14.56159782409668,0.0,-24.278961181640625,2.5643272399902344,-206.32452392578125
1750932187.568655,0.0,0.5,"[174.0, 167.0, 142.0, 138.0, 152.0, 160.0, 155.0, 172.0, 185.0, 174.0]",14.496365547180176,0.0,-24.567626953125,2.537527084350586,-206.3214111328125
1750932187.5824628,0.0,0.5,"[174.0, 168.0, 143.0, 139.0, 153.0, 160.0, 156.0, 172.0, 185.0, 174.0]",14.545316696166992,0.0,-24.85723876953125,2.510082244873047,-206.318359375
1750932187.5958223,0.0,0.5,"[174.0, 170.0, 144.0, 139.0, 153.0, 161.0, 158.0, 173.0, 185.0, 174.0]",14.783185005187988,0.0,-25.151519775390625,2.481903076171875,-206.31521606445312
1750932187.6287909,0.0,0.5,"[174.0, 171.0, 145.0, 140.0, 153.0, 162.0, 158.0, 175.0, 185.0, 174.0]",14.733068466186523,0.0,-25.444793701171875,2.453432083129883,-206.31210327148438
1750932187.6415055,0.0,0.5,"[174.0, 173.0, 146.0, 141.0, 154.0, 162.0, 159.0, 176.0, 185.0, 174.0]",14.829771995544434,0.0,-25.739990234375,2.4246883392333984,-206.30899047851562
1750932187.6549504,0.0,0.5,"[174.0, 176.0, 147.0, 141.0, 155.0, 163.0, 160.0, 176.0, 185.0, 174.0]",14.884400367736816,0.0,-26.036224365234375,2.395566940307617,-206.30584716796875
1750932187.6879976,0.0,0.5,"[174.0, 177.0, 148.0, 143.0, 156.0, 164.0, 161.0, 178.0, 185.0, 174.0]",14.930377960205078,0.0,-26.3333740234375,2.366334915161133,-206.30267333984375
1750932187.7003472,0.0,0.5,"[174.0, 179.0, 150.0, 144.0, 157.0, 165.0, 162.0, 179.0, 185.0, 174.0]",14.96082878112793,0.0,-26.631072998046875,2.3361892700195312,-206.29949951171875
1750932187.7138376,0.0,0.5,"[174.0, 180.0, 151.0, 145.0, 158.0, 165.0, 162.0, 181.0, 185.0, 174.0]",14.914523124694824,0.0,-26.927703857421875,2.305173873901367,-206.29632568359375
1750932187.7459369,0.0,0.5,"[174.0, 182.0, 151.0, 145.0, 158.0, 166.0, 163.0, 183.0, 185.0, 174.0]",15.20024299621582,0.0,-27.22998046875,2.2728233337402344,-206.2930908203125
1750932187.7589927,0.0,0.5,"[174.0, 183.0, 153.0, 146.0, 159.0, 166.0, 164.0, 183.0, 185.0, 174.0]",14.986902236938477,0.0,-27.5279541015625,2.2405853271484375,-206.2899169921875
1750932187.7820969,0.0,0.5,"[174.0, 185.0, 154.0, 147.0, 159.0, 167.0, 164.0, 184.0, 185.0, 174.0]",15.354148864746094,0.0,-27.833221435546875,2.2073593139648438,-206.28683471679688
1750932187.7956748,0.0,0.5,"[174.0, 185.0, 155.0, 147.0, 159.0, 167.0, 164.0, 184.0, 185.0, 174.0]",15.238751411437988,0.0,-28.13616943359375,2.1742286682128906,-206.2835693359375
1750932187.828757,0.0,0.5,"[174.0, 185.0, 155.0, 147.0, 159.0, 167.0, 166.0, 186.0, 185.0, 174.0]",15.351038932800293,0.0,-28.44134521484375,2.140726089477539,-206.280029296875
1750932187.841856,0.0,0.5,"[174.0, 185.0, 156.0, 148.0, 160.0, 167.0, 166.0, 186.0, 185.0, 174.0]",15.258621215820312,0.0,-28.744659423828125,2.1073780059814453,-206.27685546875
1750932187.8550622,0.0,0.5,"[174.0, 185.0, 156.0, 148.0, 160.0, 167.0, 166.0, 187.0, 185.0, 174.0]",15.444709777832031,0.0,-29.05169677734375,2.0736160278320312,-206.27334594726562
1750932187.8877294,0.0,0.5,"[174.0, 185.0, 156.0, 148.0, 159.0, 167.0, 166.0, 187.0, 185.0, 174.0]",15.481595039367676,0.0,-29.359466552734375,2.039875030517578,-206.27017211914062
1750932187.901172,0.0,0.5,"[174.0, 185.0, 158.0, 149.0, 159.0, 167.0, 166.0, 187.0, 185.0, 174.0]",15.580607414245605,0.0,-29.669219970703125,2.0059452056884766,-206.26681518554688
1750932187.914477,0.0,0.5,"[174.0, 185.0, 158.0, 149.0, 159.0, 167.0, 166.0, 187.0, 185.0, 174.0]",15.764389038085938,0.0,-29.98260498046875,1.9717330932617188,-206.26333618164062
1750932187.9480853,0.0,0.5,"[174.0, 185.0, 158.0, 149.0, 159.0, 167.0, 166.0, 187.0, 185.0, 174.0]",15.604623794555664,0.0,-30.2928466796875,1.9379253387451172,-206.25994873046875
1750932187.961328,0.0,0.5,"[174.0, 185.0, 158.0, 149.0, 159.0, 166.0, 166.0, 187.0, 185.0, 174.0]",15.799530029296875,0.0,-30.60699462890625,1.9038829803466797,-206.25665283203125
1750932187.9745333,0.0,0.5,"[174.0, 185.0, 158.0, 149.0, 159.0, 166.0, 166.0, 188.0, 185.0, 174.0]",15.811929702758789,0.0,-30.921417236328125,1.8703880310058594,-206.25372314453125
1750932188.007251,0.0,0.5,"[174.0, 185.0, 159.0, 149.0, 159.0, 166.0, 166.0, 187.0, 185.0, 174.0]",15.889432907104492,0.0,-31.237457275390625,1.8372840881347656,-206.25
1750932188.0209303,1.0,0.5,"[174.0, 185.0, 159.0, 149.0, 158.0, 165.0, 166.0, 188.0, 185.0, 174.0]",15.962252616882324,0.0,-31.5550537109375,1.804840087890625,-206.24703979492188
1750932188.034265,1.0,0.5,"[174.0, 185.0, 158.0, 147.0, 157.0, 166.0, 166.0, 189.0, 185.0, 174.0]",15.700640678405762,0.5,-31.86669921875,1.7737655639648438,-206.22451782226562
1750932188.0667603,0.0,0.5,"[174.0, 185.0, 154.0, 145.0, 154.0, 170.0, 168.0, 192.0, 185.0, 174.0]",15.501051902770996,0.5,-32.172607421875,1.74395751953125,-206.18392944335938
1750932188.0803556,0.0,0.5,"[174.0, 185.0, 153.0, 144.0, 153.0, 169.0, 168.0, 192.0, 185.0, 174.0]",15.527268409729004,0.0,-32.480712890625,1.714681625366211,-206.15850830078125
1750932188.0936203,0.0,0.5,"[174.0, 185.0, 153.0, 144.0, 153.0, 169.0, 168.0, 193.0, 185.0, 174.0]",15.591306686401367,0.0,-32.790771484375,1.6858367919921875,-206.14202880859375
1750932188.1259785,0.0,0.5,"[174.0, 185.0, 153.0, 143.0, 153.0, 168.0, 168.0, 193.0, 185.0, 174.0]",15.739973068237305,0.0,-33.103851318359375,1.6571998596191406,-206.12606811523438
1750932188.1394935,0.0,0.5,"[174.0, 185.0, 153.0, 143.0, 152.0, 168.0, 168.0, 193.0, 185.0, 174.0]",15.550061225891113,0.0,-33.4132080078125,1.6293468475341797,-206.11004638671875
1750932188.1624012,0.0,0.5,"[174.0, 185.0, 151.0, 143.0, 152.0, 168.0, 168.0, 193.0, 185.0, 174.0]",15.931550979614258,0.0,-33.73016357421875,1.6011104583740234,-206.0938720703125
1750932188.175384,0.0,0.5,"[174.0, 185.0, 151.0, 143.0, 152.0, 167.0, 168.0, 193.0, 185.0, 174.0]",15.600093841552734,0.0,-34.040557861328125,1.5737266540527344,-206.07794189453125
1750932188.20834,0.0,0.5,"[174.0, 185.0, 151.0, 143.0, 151.0, 167.0, 168.0, 193.0, 185.0, 174.0]",15.956042289733887,0.0,-34.3580322265625,1.5458755493164062,-206.06158447265625
1750932188.2218008,0.0,0.5,"[174.0, 185.0, 151.0, 143.0, 151.0, 167.0, 168.0, 193.0, 185.0, 174.0]",15.806804656982422,0.0,-34.67254638671875,1.5183906555175781,-206.04547119140625
1750932188.234912,0.0,0.5,"[174.0, 185.0, 151.0, 141.0, 151.0, 167.0, 168.0, 193.0, 185.0, 174.0]",15.988179206848145,0.0,-34.990753173828125,1.4909782409667969,-206.02947998046875
1750932188.2670438,0.0,0.5,"[174.0, 185.0, 151.0, 141.0, 151.0, 166.0, 168.0, 193.0, 185.0, 174.0]",16.142047882080078,0.0,-35.31201171875,1.4637260437011719,-206.0128173828125
1750932188.2808492,0.0,0.5,"[174.0, 185.0, 151.0, 141.0, 151.0, 166.0, 168.0, 193.0, 185.0, 174.0]",15.92994499206543,0.0,-35.62908935546875,1.437154769897461,-205.99700927734375
1750932188.2938535,0.0,0.5,"[174.0, 185.0, 151.0, 141.0, 151.0, 166.0, 168.0, 193.0, 185.0, 174.0]",16.181982040405273,0.0,-35.951202392578125,1.4103832244873047,-205.98065185546875
1750932188.3268628,0.0,0.5,"[174.0, 185.0, 151.0, 141.0, 150.0, 166.0, 168.0, 195.0, 185.0, 174.0]",16.35564422607422,0.0,-36.276824951171875,1.3834819793701172,-205.96441650390625
1750932188.3401268,0.0,0.5,"[174.0, 185.0, 151.0, 141.0, 151.0, 166.0, 168.0, 195.0, 185.0, 174.0]",16.245296478271484,0.0,-36.600189208984375,1.3568859100341797,-205.94769287109375
1750932188.3536427,0.0,0.5,"[174.0, 185.0, 151.0, 141.0, 151.0, 166.0, 168.0, 195.0, 185.0, 174.0]",16.400798797607422,0.0,-36.92669677734375,1.3300857543945312,-205.93124389648438
1750932188.3862538,0.0,0.5,"[174.0, 185.0, 153.0, 143.0, 151.0, 166.0, 168.0, 196.0, 185.0, 174.0]",16.268301010131836,0.0,-37.250579833984375,1.3035430908203125,-205.91470336914062
1750932188.398997,0.0,0.5,"[174.0, 185.0, 153.0, 143.0, 151.0, 166.0, 169.0, 197.0, 185.0, 174.0]",16.480255126953125,0.0,-37.578643798828125,1.2766265869140625,-205.89828491210938
1750932188.4220881,0.0,0.5,"[174.0, 185.0, 153.0, 143.0, 151.0, 166.0, 169.0, 197.0, 185.0, 174.0]",16.53988265991211,0.0,-37.907928466796875,1.2495841979980469,-205.88156127929688
1750932188.4359257,0.0,0.5,"[174.0, 185.0, 153.0, 143.0, 151.0, 166.0, 169.0, 198.0, 185.0, 174.0]",16.527048110961914,0.0,-38.2369384765625,1.2224998474121094,-205.86489868164062
1750932188.4690495,0.0,0.5,"[174.0, 185.0, 153.0, 143.0, 151.0, 166.0, 170.0, 198.0, 185.0, 174.0]",16.60732078552246,0.0,-38.567535400390625,1.1952171325683594,-205.84811401367188
1750932188.4819615,0.0,0.5,"[174.0, 185.0, 154.0, 143.0, 151.0, 167.0, 170.0, 200.0, 185.0, 174.0]",16.5921573638916,0.0,-38.897796630859375,1.1678714752197266,-205.83123779296875
1750932188.4955513,0.0,0.5,"[174.0, 185.0, 155.0, 144.0, 152.0, 167.0, 170.0, 200.0, 185.0, 174.0]",16.69467544555664,0.0,-39.230133056640625,1.1402168273925781,-205.8140869140625
1750932188.5282016,0.0,0.5,"[174.0, 185.0, 155.0, 144.0, 152.0, 167.0, 170.0, 201.0, 185.0, 174.0]",16.80263900756836,0.0,-39.5645751953125,1.1122322082519531,-205.79693603515625
1750932188.541183,0.0,0.5,"[174.0, 185.0, 155.0, 144.0, 152.0, 167.0, 171.0, 201.0, 185.0, 174.0]",16.71445083618164,0.0,-39.89727783203125,1.0846176147460938,-205.78005981445312
1750932188.554592,0.0,0.5,"[174.0, 185.0, 155.0, 145.0, 152.0, 167.0, 171.0, 201.0, 185.0, 174.0]",16.921350479125977,0.0,-40.234161376953125,1.057180404663086,-205.762939453125
1750932188.588068,0.0,0.5,"[174.0, 185.0, 155.0, 145.0, 152.0, 167.0, 171.0, 203.0, 185.0, 174.0]",16.826810836791992,0.0,-40.569183349609375,1.0302276611328125,-205.74575805664062
1750932188.6016207,0.0,0.5,"[174.0, 185.0, 155.0, 145.0, 152.0, 167.0, 171.0, 203.0, 185.0, 174.0]",17.032651901245117,0.0,-40.9083251953125,1.0033760070800781,-205.728515625
1750932188.6146517,0.0,0.5,"[174.0, 185.0, 156.0, 145.0, 152.0, 167.0, 171.0, 203.0, 185.0, 174.0]",16.903423309326172,0.0,-41.24493408203125,0.9769630432128906,-205.71142578125
1750932188.6474288,0.0,0.5,"[174.0, 185.0, 155.0, 144.0, 152.0, 167.0, 171.0, 203.0, 185.0, 174.0]",17.01831817626953,0.0,-41.583831787109375,0.9506931304931641,-205.69415283203125
1750932188.660941,0.0,0.5,"[174.0, 185.0, 155.0, 144.0, 152.0, 166.0, 171.0, 203.0, 185.0, 174.0]",17.2819766998291,0.0,-41.92803955078125,0.9242382049560547,-205.6766357421875
1750932188.6746747,0.0,0.5,"[174.0, 185.0, 155.0, 144.0, 151.0, 166.0, 171.0, 203.0, 185.0, 174.0]",17.024839401245117,0.0,-42.26708984375,0.8983020782470703,-205.65933227539062
1750932188.7076266,0.0,0.5,"[174.0, 185.0, 155.0, 144.0, 151.0, 166.0, 171.0, 203.0, 185.0, 174.0]",17.311426162719727,0.0,-42.61187744140625,0.8720779418945312,-205.64166259765625
1750932188.7215562,0.0,0.5,"[174.0, 185.0, 155.0, 143.0, 151.0, 165.0, 171.0, 203.0, 185.0, 174.0]",17.195322036743164,0.0,-42.954345703125,0.846099853515625,-205.62420654296875
1750932188.7349825,0.0,0.5,"[174.0, 185.0, 155.0, 143.0, 151.0, 165.0, 171.0, 203.0, 185.0, 174.0]",17.329381942749023,0.0,-43.299530029296875,0.8203258514404297,-205.60650634765625
1750932188.7674394,0.0,0.5,"[174.0, 185.0, 154.0, 143.0, 150.0, 165.0, 171.0, 203.0, 185.0, 174.0]",17.373991012573242,0.0,-43.645660400390625,0.7951240539550781,-205.58917236328125
1750932188.7810128,0.0,0.5,"[174.0, 185.0, 154.0, 143.0, 150.0, 164.0, 170.0, 203.0, 185.0, 174.0]",17.433530807495117,0.0,-43.993011474609375,0.7705783843994141,-205.5712890625
1750932188.794908,0.0,0.5,"[174.0, 185.0, 153.0, 143.0, 149.0, 164.0, 170.0, 203.0, 185.0, 174.0]",17.370500564575195,0.0,-44.33917236328125,0.7469825744628906,-205.55392456054688
1750932188.8281415,0.0,0.0,"[174.0, 185.0, 153.0, 141.0, 149.0, 164.0, 170.0, 203.0, 185.0, 174.0]",17.61450958251953,0.0,-44.69024658203125,0.7238502502441406,-205.53579711914062
1750932188.8419514,0.0,0.0,"[174.0, 185.0, 153.0, 141.0, 149.0, 164.0, 170.0, 203.0, 185.0, 174.0]",17.658557891845703,0.0,-45.042236328125,0.7013053894042969,-205.51785278320312
1750932188.8552604,0.0,0.0,"[174.0, 185.0, 153.0, 141.0, 148.0, 163.0, 170.0, 203.0, 185.0, 174.0]",17.389734268188477,0.0,-45.388916015625,0.6796455383300781,-205.500244140625
1750932188.888714,0.0,0.0,"[174.0, 185.0, 151.0, 141.0, 148.0, 163.0, 170.0, 203.0, 185.0, 174.0]",17.12616539001465,0.0,-45.7303466796875,0.6587638854980469,-205.48294067382812
1750932188.9021268,0.0,0.0,"[174.0, 185.0, 151.0, 140.0, 148.0, 163.0, 170.0, 203.0, 185.0, 174.0]",16.867542266845703,0.0,-46.066680908203125,0.6385536193847656,-205.46588134765625
1750932188.9157157,0.0,0.0,"[174.0, 185.0, 151.0, 140.0, 148.0, 162.0, 169.0, 203.0, 185.0, 174.0]",16.613449096679688,0.0,-46.397918701171875,0.6189193725585938,-205.4490966796875
1750932188.9491892,0.0,0.0,"[174.0, 185.0, 151.0, 140.0, 147.0, 162.0, 169.0, 203.0, 185.0, 174.0]",16.363466262817383,0.0,-46.724212646484375,0.5997753143310547,-205.43258666992188
1750932188.9624166,0.0,0.0,"[174.0, 185.0, 150.0, 139.0, 147.0, 162.0, 169.0, 203.0, 185.0, 174.0]",16.117164611816406,0.0,-47.045623779296875,0.5810489654541016,-205.41632080078125
1750932188.9754024,0.0,0.0,"[174.0, 185.0, 150.0, 139.0, 147.0, 162.0, 169.0, 203.0, 185.0, 174.0]",15.867109298706055,0.0,-47.362030029296875,0.5627765655517578,-205.4002685546875
1750932189.0083785,0.0,0.5,"[174.0, 185.0, 150.0, 139.0, 147.0, 161.0, 169.0, 203.0, 185.0, 174.0]",15.608522415161133,0.0,-47.673309326171875,0.5451622009277344,-205.384521484375
1750932189.0214543,0.0,0.5,"[174.0, 185.0, 150.0, 139.0, 147.0, 161.0, 169.0, 203.0, 185.0, 174.0]",15.352039337158203,0.0,-47.979461669921875,0.5281448364257812,-205.3690185546875
1750932189.034493,0.0,0.5,"[174.0, 185.0, 149.0, 139.0, 147.0, 161.0, 169.0, 203.0, 185.0, 174.0]",15.349543571472168,0.0,-48.285614013671875,0.5116500854492188,-205.353515625
1750932189.0682862,0.0,0.5,"[174.0, 185.0, 149.0, 138.0, 146.0, 161.0, 169.0, 203.0, 185.0, 174.0]",15.4595365524292,0.0,-48.593994140625,0.4955615997314453,-205.337890625
1750932189.0812533,0.0,0.5,"[174.0, 184.0, 148.0, 138.0, 146.0, 161.0, 169.0, 203.0, 185.0, 174.0]",15.576951026916504,0.0,-48.904754638671875,0.4797039031982422,-205.3221435546875
1750932189.0945702,0.0,0.5,"[174.0, 183.0, 148.0, 138.0, 146.0, 161.0, 169.0, 203.0, 185.0, 174.0]",15.549585342407227,0.0,-49.214935302734375,0.46422576904296875,-205.30642700195312
1750932189.1271994,0.0,0.5,"[174.0, 182.0, 147.0, 138.0, 146.0, 160.0, 169.0, 203.0, 185.0, 174.0]",15.535391807556152,0.0,-49.524871826171875,0.4489555358886719,-205.29071044921875
1750932189.1406102,0.0,0.5,"[174.0, 182.0, 147.0, 137.0, 146.0, 160.0, 168.0, 203.0, 185.0, 174.0]",15.58411693572998,0.0,-49.835784912109375,0.43384742736816406,-205.27496337890625
1750932189.1540494,0.0,0.5,"[174.0, 182.0, 147.0, 137.0, 145.0, 160.0, 168.0, 203.0, 185.0, 174.0]",15.85774040222168,0.0,-50.152191162109375,0.4185676574707031,-205.25894165039062
1750932189.1909914,0.0,0.5,"[174.0, 181.0, 147.0, 137.0, 145.0, 160.0, 168.0, 203.0, 185.0, 174.0]",15.425898551940918,0.0,-50.4599609375,0.4037914276123047,-205.24334716796875
1750932189.2059746,0.0,0.0,"[174.0, 180.0, 146.0, 137.0, 145.0, 160.0, 168.0, 203.0, 185.0, 174.0]",15.814414024353027,0.0,-50.775482177734375,0.3886280059814453,-205.22735595703125
1750932189.2205,0.0,0.0,"[174.0, 179.0, 145.0, 136.0, 145.0, 160.0, 168.0, 203.0, 185.0, 174.0]",15.82737922668457,0.0,-51.09124755859375,0.3734588623046875,-205.21127319335938
1750932189.235855,0.0,0.0,"[174.0, 179.0, 145.0, 136.0, 144.0, 159.0, 168.0, 203.0, 185.0, 174.0]",15.585723876953125,0.0,-51.402191162109375,0.3584918975830078,-205.195556640625
1750932189.2704813,0.0,0.0,"[174.0, 179.0, 145.0, 136.0, 144.0, 159.0, 168.0, 203.0, 185.0, 174.0]",15.331804275512695,0.0,-51.708099365234375,0.34398651123046875,-205.18014526367188
1750932189.2837768,0.0,0.0,"[174.0, 178.0, 145.0, 136.0, 144.0, 159.0, 168.0, 203.0, 185.0, 174.0]",15.078300476074219,0.0,-52.00897216796875,0.3299427032470703,-205.1650390625
1750932189.2970679,0.0,0.0,"[174.0, 177.0, 144.0, 135.0, 144.0, 159.0, 168.0, 203.0, 185.0, 174.0]",14.829191207885742,0.0,-52.30487060546875,0.3162803649902344,-205.150146484375
1750932189.3295796,0.0,0.5,"[174.0, 176.0, 144.0, 135.0, 144.0, 159.0, 168.0, 203.0, 185.0, 174.0]",14.583717346191406,0.0,-52.595855712890625,0.30292510986328125,-205.13555908203125
1750932189.3430557,0.0,0.5,"[174.0, 176.0, 143.0, 134.0, 144.0, 159.0, 168.0, 203.0, 185.0, 174.0]",14.339936256408691,0.0,-52.881988525390625,0.28984642028808594,-205.12115478515625
1750932189.3564963,0.0,0.5,"[174.0, 176.0, 143.0, 134.0, 144.0, 159.0, 168.0, 203.0, 185.0, 174.0]",14.376920700073242,0.0,-53.16888427734375,0.27675819396972656,-205.10675048828125
1750932189.3890429,0.0,0.5,"[174.0, 174.0, 142.0, 134.0, 144.0, 159.0, 168.0, 203.0, 185.0, 174.0]",14.39954948425293,0.0,-53.456207275390625,0.2636432647705078,-205.09231567382812
1750932189.4019694,0.0,0.5,"[174.0, 173.0, 142.0, 134.0, 143.0, 159.0, 168.0, 203.0, 185.0, 174.0]",14.443249702453613,0.0,-53.744415283203125,0.25048255920410156,-205.07781982421875
1750932189.4148786,0.0,0.5,"[174.0, 173.0, 142.0, 134.0, 143.0, 159.0, 168.0, 203.0, 185.0, 174.0]",14.394399642944336,0.0,-54.031646728515625,0.23732948303222656,-205.0633544921875
1750932189.4469361,0.0,0.5,"[174.0, 173.0, 142.0, 134.0, 143.0, 159.0, 168.0, 203.0, 185.0, 174.0]",14.370288848876953,0.0,-54.318359375,0.22417068481445312,-205.0489501953125
1750932189.460136,0.0,0.5,"[174.0, 173.0, 142.0, 134.0, 143.0, 159.0, 169.0, 204.0, 185.0, 174.0]",14.740775108337402,0.0,-54.612518310546875,0.2106170654296875,-205.03411865234375
1750932189.4725847,0.0,0.5,"[174.0, 173.0, 142.0, 133.0, 143.0, 159.0, 169.0, 204.0, 185.0, 174.0]",14.727373123168945,0.0,-54.9063720703125,0.19701766967773438,-205.01937866210938
1750932189.504882,-1.0,0.5,"[174.0, 172.0, 142.0, 133.0, 143.0, 159.0, 169.0, 204.0, 185.0, 174.0]",14.671106338500977,0.0,-55.1990966796875,0.18343162536621094,-205.00466918945312
1750932189.5180671,-1.0,0.5,"[174.0, 174.0, 143.0, 135.0, 145.0, 159.0, 169.0, 204.0, 185.0, 174.0]",14.358671188354492,-0.5,-55.4859619140625,0.17007064819335938,-205.00616455078125
1750932189.5497367,-1.0,0.5,"[174.0, 179.0, 147.0, 138.0, 147.0, 159.0, 168.0, 203.0, 185.0, 174.0]",14.479022026062012,-0.5,-55.774627685546875,0.1565113067626953,-205.02484130859375
1750932189.5622618,-1.0,0.5,"[174.0, 185.0, 151.0, 141.0, 150.0, 160.0, 167.0, 201.0, 185.0, 174.0]",14.19286060333252,-0.5,-56.056121826171875,0.14318275451660156,-205.058837890625
1750932189.5757465,-1.0,0.5,"[174.0, 185.0, 156.0, 145.0, 153.0, 160.0, 166.0, 200.0, 185.0, 174.0]",14.322367668151855,-0.5,-56.33807373046875,0.12989234924316406,-205.10760498046875
1750932189.6081696,0.0,0.5,"[174.0, 185.0, 161.0, 149.0, 156.0, 160.0, 164.0, 198.0, 185.0, 174.0]",14.177858352661133,-0.5,-56.615386962890625,0.11755752563476562,-205.16546630859375
1750932189.6214077,0.0,0.5,"[174.0, 185.0, 162.0, 151.0, 156.0, 160.0, 163.0, 197.0, 185.0, 174.0]",14.270196914672852,0.0,-56.897796630859375,0.1060333251953125,-205.2052001953125
1750932189.6351838,0.0,0.5,"[174.0, 185.0, 162.0, 151.0, 156.0, 159.0, 163.0, 197.0, 185.0, 174.0]",14.319806098937988,0.0,-57.183380126953125,0.0951995849609375,-205.22378540039062
1750932189.668762,0.0,0.5,"[174.0, 185.0, 162.0, 149.0, 156.0, 159.0, 162.0, 196.0, 185.0, 174.0]",14.31118392944336,0.0,-57.4686279296875,0.0850677490234375,-205.24493408203125
1750932189.6819103,0.0,0.5,"[174.0, 185.0, 162.0, 149.0, 155.0, 159.0, 162.0, 195.0, 185.0, 174.0]",14.3656005859375,0.0,-57.754974365234375,0.07547378540039062,-205.26629638671875
1750932189.69587,0.0,0.5,"[174.0, 185.0, 162.0, 149.0, 155.0, 158.0, 161.0, 193.0, 185.0, 174.0]",14.41126537322998,0.0,-58.04229736328125,0.06630516052246094,-205.287353515625
1750932189.7297487,0.0,0.5,"[174.0, 185.0, 162.0, 149.0, 154.0, 157.0, 161.0, 193.0, 185.0, 174.0]",14.4052152633667,0.0,-58.3294677734375,0.05748748779296875,-205.308837890625
1750932189.7430384,0.0,0.5,"[174.0, 185.0, 161.0, 148.0, 153.0, 157.0, 160.0, 192.0, 185.0, 174.0]",14.404450416564941,0.0,-58.61663818359375,0.04896354675292969,-205.33013916015625
1750932189.7568238,1.0,0.5,"[174.0, 185.0, 161.0, 148.0, 153.0, 156.0, 159.0, 190.0, 185.0, 174.0]",14.451375961303711,0.0,-58.904754638671875,0.04065513610839844,-205.35162353515625
1750932189.7908695,1.0,0.5,"[174.0, 185.0, 159.0, 146.0, 152.0, 155.0, 159.0, 190.0, 185.0, 174.0]",14.383072853088379,0.5,-59.192230224609375,0.032501220703125,-205.357666015625
1750932189.8038638,1.0,0.5,"[174.0, 185.0, 156.0, 144.0, 150.0, 154.0, 159.0, 190.0, 185.0, 174.0]",13.983480453491211,0.5,-59.47149658203125,0.024568557739257812,-205.34527587890625
1750932189.8168876,1.0,0.5,"[174.0, 185.0, 151.0, 140.0, 147.0, 153.0, 160.0, 192.0, 185.0, 174.0]",13.99993896484375,0.5,-59.749725341796875,0.016819000244140625,-205.3145751953125
1750932189.8489158,1.0,0.5,"[174.0, 181.0, 146.0, 136.0, 144.0, 153.0, 160.0, 192.0, 185.0, 174.0]",14.229386329650879,0.5,-60.03082275390625,0.010074615478515625,-205.27084350585938
1750932189.8619673,0.0,0.5,"[174.0, 173.0, 141.0, 131.0, 140.0, 152.0, 161.0, 193.0, 185.0, 174.0]",14.126070022583008,0.5,-60.308624267578125,0.0043392181396484375,-205.21966552734375
1750932189.874724,0.0,0.5,"[174.0, 167.0, 137.0, 129.0, 137.0, 151.0, 162.0, 193.0, 185.0, 174.0]",13.941448211669922,0.0,-60.584686279296875,-0.000385284423828125,-205.18084716796875
1750932189.9067156,0.0,0.5,"[174.0, 164.0, 134.0, 128.0, 136.0, 150.0, 171.0, 193.0, 185.0, 174.0]",14.10012435913086,0.0,-60.86572265625,-0.0040149688720703125,-205.15777587890625
1750932189.9202726,0.0,0.5,"[174.0, 162.0, 134.0, 126.0, 136.0, 150.0, 170.0, 192.0, 185.0, 174.0]",14.100982666015625,0.0,-61.14727783203125,-0.006683349609375,-205.1416015625
1750932189.9339564,0.0,0.5,"[174.0, 161.0, 133.0, 125.0, 136.0, 149.0, 170.0, 192.0, 185.0, 174.0]",13.994730949401855,0.0,-61.426666259765625,-0.008554458618164062,-205.12518310546875
1750932189.9667597,0.0,0.5,"[174.0, 159.0, 131.0, 125.0, 135.0, 149.0, 169.0, 190.0, 185.0, 174.0]",14.09769344329834,0.0,-61.708221435546875,-0.009778976440429688,-205.11004638671875
1750932189.98023,0.0,0.5,"[174.0, 156.0, 130.0, 124.0, 134.0, 148.0, 169.0, 190.0, 185.0, 174.0]",14.412288665771484,0.0,-61.996002197265625,-0.010549545288085938,-205.093505859375
1750932189.9932694,0.0,0.5,"[174.0, 155.0, 129.0, 123.0, 134.0, 148.0, 169.0, 190.0, 185.0, 174.0]",14.159966468811035,0.0,-62.278717041015625,-0.010892868041992188,-205.07708740234375
1750932190.0259213,0.0,0.5,"[174.0, 153.0, 128.0, 123.0, 133.0, 148.0, 168.0, 189.0, 185.0, 174.0]",14.575002670288086,0.0,-62.569732666015625,-0.011022567749023438,-205.06036376953125
1750932190.0389655,0.0,0.5,"[174.0, 152.0, 127.0, 122.0, 133.0, 147.0, 168.0, 189.0, 185.0, 174.0]",14.29177188873291,0.0,-62.8551025390625,-0.010946273803710938,-205.0439453125
1750932190.0619535,0.0,0.5,"[174.0, 150.0, 126.0, 121.0, 131.0, 147.0, 167.0, 189.0, 185.0, 174.0]",14.573836326599121,0.0,-63.146087646484375,-0.01081085205078125,-205.0272216796875
1750932190.0755205,0.0,0.5,"[174.0, 148.0, 125.0, 121.0, 131.0, 146.0, 167.0, 188.0, 185.0, 174.0]",14.170743942260742,0.0,-63.429046630859375,-0.010601043701171875,-205.01092529296875
1750932190.109097,0.0,0.5,"[174.0, 147.0, 124.0, 119.0, 130.0, 146.0, 167.0, 187.0, 185.0, 174.0]",14.530155181884766,0.0,-63.719146728515625,-0.010492324829101562,-204.99420166015625
1750932190.1225195,0.0,0.5,"[174.0, 145.0, 123.0, 119.0, 130.0, 146.0, 167.0, 187.0, 185.0, 174.0]",14.60998249053955,0.0,-64.0108642578125,-0.010334014892578125,-204.9774169921875
1750932190.1356769,-1.0,0.5,"[174.0, 144.0, 122.0, 118.0, 130.0, 146.0, 166.0, 187.0, 185.0, 174.0]",14.649530410766602,0.0,-64.30337524414062,-0.009914398193359375,-204.96051025390625
1750932190.1688907,-1.0,0.5,"[174.0, 144.0, 123.0, 119.0, 130.0, 145.0, 166.0, 186.0, 185.0, 174.0]",14.408611297607422,-0.5,-64.59152221679688,-0.009294509887695312,-204.95745849609375
1750932190.1823847,-1.0,0.5,"[174.0, 147.0, 125.0, 121.0, 133.0, 145.0, 166.0, 185.0, 185.0, 174.0]",14.13962173461914,-0.5,-64.87399291992188,-0.008525848388671875,-204.971435546875
1750932190.1952388,-1.0,0.0,"[174.0, 153.0, 129.0, 125.0, 136.0, 145.0, 166.0, 183.0, 185.0, 174.0]",14.025813102722168,-0.5,-65.15240478515625,-0.0076541900634765625,-205.0054931640625
1750932190.2277873,-1.0,0.0,"[174.0, 158.0, 133.0, 129.0, 139.0, 146.0, 166.0, 181.0, 185.0, 174.0]",14.22059440612793,-0.5,-65.43307495117188,-0.00672149658203125,-205.05145263671875
1750932190.241161,0.0,0.0,"[174.0, 164.0, 137.0, 132.0, 141.0, 146.0, 166.0, 179.0, 185.0, 174.0]",13.937653541564941,-0.5,-65.70684814453125,-0.0057621002197265625,-205.10400390625
1750932190.2541523,0.0,0.0,"[174.0, 167.0, 140.0, 133.0, 142.0, 146.0, 166.0, 178.0, 185.0, 174.0]",13.612130165100098,0.0,-65.97650146484375,-0.0048065185546875,-205.14141845703125
1750932190.287952,0.0,0.0,"[174.0, 167.0, 141.0, 134.0, 142.0, 146.0, 166.0, 178.0, 185.0, 174.0]",13.330216407775879,0.0,-66.24237060546875,-0.003879547119140625,-205.1611328125
1750932190.3019395,0.0,0.0,"[174.0, 167.0, 141.0, 134.0, 142.0, 146.0, 166.0, 177.0, 185.0, 174.0]",13.08271312713623,0.0,-66.50344848632812,-0.003002166748046875,-205.17864990234375
1750932190.3152366,0.0,0.0,"[174.0, 167.0, 141.0, 134.0, 142.0, 146.0, 166.0, 176.0, 185.0, 174.0]",12.836714744567871,0.0,-66.75961303710938,-0.0021839141845703125,-205.195556640625
1750932190.3489542,0.0,0.0,"[174.0, 167.0, 141.0, 134.0, 142.0, 145.0, 166.0, 176.0, 185.0, 174.0]",12.591598510742188,0.0,-67.01089477539062,-0.0014400482177734375,-205.2120361328125
1750932190.3626783,0.0,0.0,"[174.0, 168.0, 141.0, 134.0, 142.0, 145.0, 166.0, 176.0, 185.0, 174.0]",12.347187995910645,0.0,-67.25732421875,-0.000774383544921875,-205.22821044921875
1750932190.3766024,0.0,0.0,"[174.0, 168.0, 141.0, 134.0, 142.0, 145.0, 166.0, 176.0, 185.0, 174.0]",12.10334300994873,0.0,-67.49887084960938,-0.00019073486328125,-205.24407958984375
1750932190.41009,0.0,0.0,"[174.0, 168.0, 141.0, 134.0, 142.0, 145.0, 166.0, 176.0, 185.0, 174.0]",11.859902381896973,0.0,-67.73556518554688,0.0003108978271484375,-205.25958251953125
1750932190.4235702,0.0,0.0,"[174.0, 168.0, 141.0, 135.0, 142.0, 145.0, 166.0, 176.0, 185.0, 174.0]",11.616801261901855,0.0,-67.96737670898438,0.0007305145263671875,-205.2747802734375
1750932190.4376543,0.0,0.5,"[174.0, 169.0, 141.0, 135.0, 142.0, 145.0, 166.0, 175.0, 185.0, 174.0]",11.373920440673828,0.0,-68.19436645507812,0.001071929931640625,-205.2896728515625
1750932190.471235,0.0,0.5,"[174.0, 169.0, 141.0, 135.0, 142.0, 145.0, 166.0, 175.0, 185.0, 174.0]",11.131203651428223,0.0,-68.41653442382812,0.0013408660888671875,-205.30426025390625
1750932190.4853466,0.0,0.5,"[174.0, 169.0, 141.0, 135.0, 142.0, 145.0, 166.0, 175.0, 185.0, 174.0]",11.441606521606445,0.0,-68.64486694335938,0.0015430450439453125,-205.3192138671875
1750932190.4993138,0.0,0.5,"[174.0, 169.0, 141.0, 135.0, 141.0, 145.0, 166.0, 175.0, 185.0, 174.0]",11.198137283325195,0.0,-68.86834716796875,0.00168609619140625,-205.3338623046875
1750932190.5233355,0.0,0.5,"[174.0, 169.0, 141.0, 135.0, 141.0, 145.0, 164.0, 175.0, 185.0, 174.0]",11.583067893981934,0.0,-69.09951782226562,0.0017757415771484375,-205.34906005859375
1750932190.53678,0.0,0.5,"[174.0, 169.0, 142.0, 135.0, 141.0, 145.0, 164.0, 175.0, 185.0, 174.0]",11.338820457458496,0.0,-69.32577514648438,0.0018177032470703125,-205.3638916015625
1750932190.5703828,0.0,0.5,"[174.0, 170.0, 142.0, 135.0, 141.0, 144.0, 164.0, 173.0, 185.0, 174.0]",11.585433006286621,0.0,-69.5570068359375,0.0018215179443359375,-205.3790283203125
1750932190.5843425,0.0,0.5,"[174.0, 170.0, 142.0, 135.0, 141.0, 144.0, 164.0, 173.0, 185.0, 174.0]",11.251609802246094,0.0,-69.78155517578125,0.00179290771484375,-205.39373779296875
1750932190.5975263,0.0,0.5,"[174.0, 170.0, 142.0, 134.0, 140.0, 144.0, 164.0, 173.0, 185.0, 174.0]",11.630105972290039,0.0,-70.01364135742188,0.001739501953125,-205.40899658203125
1750932190.6311269,0.0,0.5,"[174.0, 170.0, 142.0, 134.0, 140.0, 144.0, 164.0, 173.0, 185.0, 174.0]",11.60096263885498,0.0,-70.24517822265625,0.0016651153564453125,-205.4241943359375
1750932190.644517,0.0,0.5,"[174.0, 170.0, 142.0, 134.0, 140.0, 144.0, 164.0, 172.0, 185.0, 174.0]",11.619344711303711,0.0,-70.47705078125,0.001575469970703125,-205.43939208984375
1750932190.6581166,0.0,0.5,"[174.0, 170.0, 142.0, 134.0, 140.0, 143.0, 163.0, 172.0, 185.0, 174.0]",11.653401374816895,0.0,-70.70962524414062,0.001476287841796875,-205.45455932617188
1750932190.6915936,0.0,0.5,"[174.0, 170.0, 142.0, 134.0, 139.0, 143.0, 163.0, 172.0, 185.0, 174.0]",11.690009117126465,0.0,-70.94293212890625,0.001373291015625,-205.46969604492188
1750932190.7049954,0.0,0.5,"[174.0, 170.0, 142.0, 134.0, 139.0, 143.0, 163.0, 172.0, 185.0, 174.0]",11.898725509643555,0.0,-71.180419921875,0.0012664794921875,-205.48504638671875
1750932190.718531,0.0,0.5,"[174.0, 170.0, 142.0, 134.0, 139.0, 143.0, 163.0, 172.0, 185.0, 174.0]",11.772714614868164,0.0,-71.41537475585938,0.0011615753173828125,-205.5006103515625
1750932190.7552662,0.0,0.5,"[174.0, 170.0, 142.0, 134.0, 139.0, 143.0, 163.0, 171.0, 185.0, 174.0]",11.947383880615234,0.0,-71.65377807617188,0.00106048583984375,-205.5162353515625
1750932190.7697198,0.0,0.5,"[174.0, 170.0, 142.0, 133.0, 138.0, 142.0, 162.0, 175.0, 185.0, 174.0]",11.78886604309082,0.0,-71.88906860351562,0.0009632110595703125,-205.53179931640625
1750932190.7846417,0.0,0.5,"[174.0, 170.0, 142.0, 133.0, 138.0, 142.0, 162.0, 176.0, 185.0, 174.0]",11.979263305664062,0.0,-72.12814331054688,0.000873565673828125,-205.54736328125
1750932190.798862,0.0,0.5,"[174.0, 170.0, 142.0, 133.0, 138.0, 142.0, 162.0, 180.0, 185.0, 174.0]",12.054919242858887,0.0,-72.36871337890625,0.00079345703125,-205.56326293945312
1750932190.821735,0.0,0.5,"[174.0, 170.0, 142.0, 133.0, 137.0, 141.0, 162.0, 181.0, 185.0, 174.0]",12.003790855407715,0.0,-72.6082763671875,0.000720977783203125,-205.57879638671875
1750932190.835271,0.0,0.5,"[174.0, 170.0, 141.0, 133.0, 137.0, 141.0, 161.0, 214.0, 185.0, 174.0]",11.997109413146973,0.0,-72.84768676757812,0.0006561279296875,-205.5948486328125
1750932190.8689678,0.0,0.5,"[174.0, 170.0, 141.0, 133.0, 137.0, 141.0, 161.0, 213.0, 185.0, 174.0]",12.206567764282227,0.0,-73.09130859375,0.0006008148193359375,-205.61056518554688
1750932190.8824694,0.0,0.5,"[174.0, 170.0, 141.0, 133.0, 136.0, 140.0, 161.0, 212.0, 185.0, 174.0]",12.267136573791504,0.0,-73.33612060546875,0.0005550384521484375,-205.62661743164062
1750932190.895986,0.0,0.5,"[174.0, 170.0, 141.0, 133.0, 136.0, 140.0, 161.0, 212.0, 185.0, 174.0]",12.291943550109863,0.0,-73.58145141601562,0.0005168914794921875,-205.6427001953125
1750932190.9291651,0.0,0.5,"[174.0, 170.0, 141.0, 133.0, 136.0, 140.0, 160.0, 212.0, 185.0, 174.0]",12.299290657043457,0.0,-73.826904296875,0.0004863739013671875,-205.65878295898438
1750932190.942293,0.0,0.5,"[174.0, 170.0, 141.0, 132.0, 135.0, 139.0, 160.0, 212.0, 185.0, 174.0]",12.358959197998047,0.0,-74.07354736328125,0.0004634857177734375,-205.67495727539062
1750932190.9560218,0.0,0.5,"[174.0, 170.0, 140.0, 132.0, 135.0, 139.0, 160.0, 212.0, 185.0, 174.0]",12.43322467803955,0.0,-74.32168579101562,0.000446319580078125,-205.6912841796875
1750932190.9892516,-1.0,0.5,"[174.0, 170.0, 140.0, 132.0, 134.0, 139.0, 159.0, 212.0, 185.0, 174.0]",12.370366096496582,0.0,-74.56854248046875,0.00043487548828125,-205.70755004882812
1750932191.002289,-1.0,0.5,"[174.0, 171.0, 141.0, 133.0, 134.0, 139.0, 159.0, 212.0, 185.0, 174.0]",12.071783065795898,-0.5,-74.80795288085938,0.0004291534423828125,-205.7386474609375
1750932191.015833,-1.0,0.5,"[174.0, 174.0, 144.0, 135.0, 134.0, 139.0, 159.0, 211.0, 185.0, 174.0]",12.053632736206055,-0.5,-75.04409790039062,0.00042724609375,-205.78726196289062
1750932191.049735,-1.0,0.5,"[174.0, 179.0, 147.0, 137.0, 134.0, 139.0, 159.0, 211.0, 185.0, 174.0]",12.083499908447266,-0.5,-75.2774658203125,0.0004291534423828125,-205.85003662109375
1750932191.0638132,-1.0,0.5,"[174.0, 185.0, 150.0, 139.0, 135.0, 139.0, 159.0, 209.0, 185.0, 174.0]",11.901382446289062,-0.5,-75.50555419921875,0.00043487548828125,-205.9180908203125
1750932191.0780025,-1.0,0.5,"[174.0, 185.0, 154.0, 141.0, 135.0, 139.0, 159.0, 209.0, 185.0, 174.0]",12.074106216430664,-0.5,-75.735107421875,0.0004425048828125,-205.99310302734375
1750932191.1125395,-1.0,0.5,"[174.0, 185.0, 158.0, 144.0, 135.0, 139.0, 159.0, 209.0, 185.0, 174.0]",12.190427780151367,-0.5,-75.96481323242188,0.0004520416259765625,-206.07476806640625
1750932191.1265848,-1.0,0.5,"[174.0, 185.0, 162.0, 145.0, 135.0, 139.0, 159.0, 207.0, 185.0, 174.0]",12.13723373413086,-0.5,-76.19180297851562,0.000461578369140625,-206.16079711914062
1750932191.1405926,-1.0,0.5,"[174.0, 185.0, 164.0, 145.0, 135.0, 139.0, 159.0, 207.0, 185.0, 174.0]",12.120287895202637,-0.5,-76.41595458984375,0.0004730224609375,-206.25311279296875
1750932191.1542053,-1.0,0.5,"[174.0, 185.0, 167.0, 146.0, 135.0, 139.0, 159.0, 207.0, 185.0, 174.0]",12.032137870788574,-0.5,-76.63644409179688,0.000484466552734375,-206.3494873046875
1750932191.187744,-1.0,0.5,"[174.0, 185.0, 170.0, 146.0, 135.0, 139.0, 159.0, 206.0, 185.0, 174.0]",12.230461120605469,-0.5,-76.85739135742188,0.00049591064453125,-206.45443725585938
1750932191.2011135,-1.0,0.5,"[174.0, 185.0, 173.0, 146.0, 135.0, 139.0, 159.0, 206.0, 185.0, 174.0]",12.404911041259766,-0.5,-77.07955932617188,0.000507354736328125,-206.56488037109375
1750932191.214777,0.0,0.5,"[174.0, 185.0, 176.0, 146.0, 136.0, 139.0, 159.0, 205.0, 182.0, 174.0]",12.231884956359863,-0.5,-77.29559326171875,0.0005168914794921875,-206.6796875
1750932191.247272,0.0,0.5,"[174.0, 185.0, 178.0, 146.0, 135.0, 138.0, 158.0, 204.0, 182.0, 174.0]",12.353379249572754,0.0,-77.52008056640625,0.00052642822265625,-206.78289794921875
1750932191.2603433,0.0,0.5,"[174.0, 185.0, 178.0, 146.0, 135.0, 138.0, 158.0, 204.0, 183.0, 174.0]",12.320844650268555,0.0,-77.75070190429688,0.0005359649658203125,-206.86968994140625
1750932191.273737,0.0,0.5,"[174.0, 185.0, 178.0, 146.0, 135.0, 138.0, 158.0, 204.0, 185.0, 174.0]",12.202116966247559,0.0,-77.97955322265625,0.000545501708984375,-206.9544677734375
1750932191.3066611,0.0,0.5,"[174.0, 185.0, 178.0, 145.0, 134.0, 137.0, 158.0, 203.0, 185.0, 174.0]",12.352046966552734,0.0,-78.21142578125,0.000553131103515625,-207.03964233398438
1750932191.3198552,0.0,0.5,"[174.0, 185.0, 177.0, 145.0, 134.0, 137.0, 156.0, 203.0, 185.0, 174.0]",12.431939125061035,0.0,-78.44473266601562,0.0005588531494140625,-207.12567138671875
1750932191.3430371,0.0,0.5,"[174.0, 185.0, 176.0, 144.0, 133.0, 136.0, 156.0, 203.0, 185.0, 174.0]",12.274038314819336,0.0,-78.67489624023438,0.0005645751953125,-207.2109375
1750932191.3565283,0.0,0.5,"[174.0, 185.0, 176.0, 144.0, 133.0, 136.0, 155.0, 203.0, 185.0, 174.0]",12.622767448425293,0.0,-78.91171264648438,0.0005702972412109375,-207.2984619140625
1750932191.3899436,0.0,0.5,"[174.0, 185.0, 175.0, 143.0, 133.0, 136.0, 155.0, 202.0, 185.0, 174.0]",12.380199432373047,0.0,-79.14398193359375,0.0005741119384765625,-207.38421630859375
1750932191.4034472,-1.0,0.5,"[174.0, 185.0, 175.0, 143.0, 131.0, 135.0, 155.0, 201.0, 185.0, 174.0]",12.736360549926758,0.0,-79.38296508789062,0.000576019287109375,-207.47244262695312
1750932191.4170702,-1.0,0.5,"[174.0, 185.0, 173.0, 141.0, 131.0, 135.0, 154.0, 201.0, 185.0, 174.0]",12.264623641967773,-0.5,-79.60723876953125,0.000579833984375,-207.57171630859375
1750932191.4511366,-1.0,0.5,"[174.0, 185.0, 173.0, 141.0, 131.0, 135.0, 154.0, 201.0, 185.0, 174.0]",12.327285766601562,-0.5,-79.8238525390625,0.000579833984375,-207.68951416015625
1750932191.4649582,-1.0,0.5,"[174.0, 185.0, 173.0, 141.0, 130.0, 135.0, 154.0, 200.0, 185.0, 174.0]",12.06620979309082,-0.5,-80.029052734375,0.0005817413330078125,-207.81649780273438
1750932191.4781148,-1.0,0.5,"[174.0, 185.0, 175.0, 141.0, 130.0, 135.0, 154.0, 200.0, 185.0, 174.0]",12.231690406799316,-0.5,-80.23403930664062,0.0005817413330078125,-207.95001220703125
1750932191.5120215,-1.0,0.5,"[174.0, 185.0, 175.0, 141.0, 130.0, 135.0, 154.0, 198.0, 185.0, 174.0]",12.226619720458984,-0.5,-80.43490600585938,0.000583648681640625,-208.0894775390625
1750932191.5252879,-1.0,0.5,"[174.0, 185.0, 175.0, 141.0, 130.0, 135.0, 154.0, 198.0, 185.0, 174.0]",12.347732543945312,-0.5,-80.6346435546875,0.0005817413330078125,-208.23471069335938
1750932191.5381804,-1.0,0.5,"[174.0, 185.0, 175.0, 143.0, 130.0, 135.0, 154.0, 197.0, 185.0, 174.0]",12.37932014465332,-0.5,-80.83090209960938,0.0005817413330078125,-208.3856201171875
1750932191.5697706,-1.0,0.5,"[174.0, 185.0, 175.0, 143.0, 130.0, 135.0, 153.0, 197.0, 185.0, 174.0]",12.333895683288574,-0.5,-81.02252197265625,0.0005817413330078125,-208.54095458984375
1750932191.583009,-1.0,0.5,"[174.0, 185.0, 175.0, 143.0, 130.0, 134.0, 153.0, 197.0, 185.0, 174.0]",12.31464672088623,-0.5,-81.20999145507812,0.000579833984375,-208.70068359375
1750932191.5948617,-1.0,0.5,"[174.0, 185.0, 175.0, 141.0, 130.0, 134.0, 152.0, 197.0, 185.0, 174.0]",12.300760269165039,-0.5,-81.39300537109375,0.000579833984375,-208.8651123046875
1750932191.6261952,-1.0,0.5,"[174.0, 185.0, 175.0, 141.0, 130.0, 134.0, 152.0, 197.0, 185.0, 174.0]",12.517557144165039,-0.5,-81.57553100585938,0.0005779266357421875,-209.03646850585938
1750932191.6390352,-1.0,0.5,"[174.0, 185.0, 175.0, 141.0, 130.0, 134.0, 151.0, 195.0, 185.0, 174.0]",12.515401840209961,-0.5,-81.75360107421875,0.0005779266357421875,-209.21237182617188
1750932191.6695292,-1.0,0.5,"[174.0, 185.0, 175.0, 141.0, 130.0, 134.0, 150.0, 195.0, 185.0, 174.0]",12.580554008483887,-0.5,-81.92742919921875,0.000576019287109375,-209.394287109375
1750932191.6821642,-1.0,0.5,"[174.0, 185.0, 176.0, 141.0, 130.0, 134.0, 149.0, 195.0, 185.0, 174.0]",12.610384941101074,-0.5,-82.09774780273438,0.000576019287109375,-209.58026123046875
1750932191.694728,-1.0,0.5,"[174.0, 185.0, 176.0, 140.0, 130.0, 133.0, 148.0, 195.0, 185.0, 174.0]",12.580180168151855,-0.5,-82.26205444335938,0.0005741119384765625,-209.77081298828125
1750932191.7261455,-1.0,0.5,"[174.0, 185.0, 176.0, 140.0, 130.0, 133.0, 148.0, 195.0, 185.0, 174.0]",12.513214111328125,-0.5,-82.42132568359375,0.00057220458984375,-209.9638671875
1750932191.7386398,-1.0,0.5,"[174.0, 185.0, 175.0, 140.0, 129.0, 133.0, 147.0, 195.0, 185.0, 174.0]",12.510714530944824,-0.5,-82.57455444335938,0.00057220458984375,-210.16168212890625
1750932191.7689252,-1.0,0.5,"[174.0, 185.0, 175.0, 140.0, 129.0, 133.0, 147.0, 195.0, 185.0, 174.0]",12.753595352172852,-0.5,-82.72689819335938,0.0005702972412109375,-210.36627197265625
1750932191.7822032,-1.0,0.5,"[174.0, 185.0, 175.0, 140.0, 129.0, 131.0, 146.0, 195.0, 185.0, 174.0]",12.734387397766113,-0.5,-82.87356567382812,0.0005702972412109375,-210.574462890625
1750932191.7955604,-1.0,0.5,"[174.0, 185.0, 173.0, 140.0, 128.0, 130.0, 145.0, 195.0, 185.0, 174.0]",12.810321807861328,-0.5,-83.01535034179688,0.000568389892578125,-210.787841796875
1750932191.8265374,-1.0,0.5,"[174.0, 185.0, 173.0, 140.0, 128.0, 129.0, 145.0, 195.0, 185.0, 174.0]",12.834559440612793,-0.5,-83.15188598632812,0.000568389892578125,-211.0052490234375
1750932191.8388205,-1.0,0.5,"[174.0, 185.0, 173.0, 141.0, 128.0, 129.0, 144.0, 195.0, 185.0, 174.0]",12.777457237243652,-0.5,-83.28204345703125,0.000568389892578125,-211.22515869140625
1750932191.868513,-1.0,0.5,"[174.0, 185.0, 173.0, 140.0, 128.0, 128.0, 144.0, 195.0, 185.0, 174.0]",12.778120040893555,-0.5,-83.40640258789062,0.0005664825439453125,-211.44842529296875
1750932191.8808312,-1.0,0.5,"[174.0, 185.0, 173.0, 140.0, 128.0, 127.0, 143.0, 197.0, 185.0, 174.0]",12.727351188659668,-0.5,-83.52426147460938,0.0005664825439453125,-211.67401123046875
1750932191.892768,-1.0,0.5,"[174.0, 185.0, 173.0, 139.0, 128.0, 126.0, 143.0, 200.0, 185.0, 174.0]",12.919182777404785,-0.5,-83.63864135742188,0.0005664825439453125,-211.90570068359375
1750932191.9228604,-1.0,0.5,"[174.0, 185.0, 173.0, 139.0, 127.0, 125.0, 143.0, 203.0, 185.0, 174.0]",13.021456718444824,-0.5,-83.74691772460938,0.0005664825439453125,-212.142578125
1750932191.9351168,-1.0,0.5,"[174.0, 185.0, 173.0, 139.0, 126.0, 124.0, 141.0, 206.0, 185.0, 174.0]",13.0182523727417,-0.5,-83.85006713867188,0.0005664825439453125,-212.38162231445312
1750932191.9653358,-1.0,0.5,"[174.0, 185.0, 173.0, 139.0, 125.0, 123.0, 141.0, 227.0, 185.0, 174.0]",13.06812572479248,-0.5,-83.94622802734375,0.0005664825439453125,-212.6246337890625
1750932191.977969,-1.0,0.5,"[174.0, 185.0, 173.0, 138.0, 123.0, 123.0, 141.0, 227.0, 185.0, 174.0]",13.039887428283691,-0.5,-84.03689575195312,0.0005664825439453125,-212.86920166015625
1750932192.0077806,-1.0,0.5,"[174.0, 185.0, 172.0, 138.0, 122.0, 122.0, 141.0, 227.0, 185.0, 174.0]",13.003849983215332,-0.5,-84.11886596679688,0.0005664825439453125,-213.11602783203125
1750932192.0202231,-1.0,0.5,"[174.0, 185.0, 172.0, 138.0, 121.0, 121.0, 141.0, 227.0, 185.0, 174.0]",13.005011558532715,-0.5,-84.19631958007812,0.0005664825439453125,-213.36431884765625
1750932192.032151,-1.0,0.5,"[174.0, 185.0, 171.0, 137.0, 120.0, 120.0, 141.0, 227.0, 185.0, 174.0]",13.188289642333984,-0.5,-84.266845703125,0.0005664825439453125,-213.61846923828125
1750932192.0618572,-1.0,0.5,"[174.0, 185.0, 170.0, 136.0, 119.0, 119.0, 141.0, 227.0, 185.0, 174.0]",13.235599517822266,-0.5,-84.33151245117188,0.0005664825439453125,-213.87518310546875
1750932192.073784,-1.0,0.5,"[174.0, 185.0, 170.0, 133.0, 117.0, 119.0, 141.0, 227.0, 185.0, 174.0]",13.290092468261719,-0.5,-84.389404296875,0.0005664825439453125,-214.13458251953125
1750932192.1036665,-1.0,0.5,"[174.0, 185.0, 170.0, 132.0, 116.0, 118.0, 141.0, 227.0, 185.0, 174.0]",13.267578125,-0.5,-84.44027709960938,0.0005664825439453125,-214.39501953125
1750932192.1158373,-1.0,0.5,"[174.0, 185.0, 169.0, 130.0, 115.0, 118.0, 141.0, 227.0, 185.0, 174.0]",13.22377872467041,-0.5,-84.48379516601562,0.0005664825439453125,-214.6558837890625
1750932192.1454659,-1.0,0.5,"[174.0, 185.0, 169.0, 128.0, 114.0, 118.0, 141.0, 227.0, 185.0, 174.0]",13.253788948059082,-0.5,-84.52053833007812,0.000568389892578125,-214.91839599609375
1750932192.1571078,-1.0,0.5,"[174.0, 185.0, 165.0, 126.0, 112.0, 117.0, 141.0, 220.0, 185.0, 174.0]",13.459132194519043,-0.5,-84.55142211914062,0.000568389892578125,-215.185791015625
1750932192.1858068,-1.0,0.5,"[174.0, 185.0, 162.0, 124.0, 112.0, 117.0, 145.0, 218.0, 185.0, 174.0]",13.31873893737793,-0.5,-84.57351684570312,0.000568389892578125,-215.45126342773438
1750932192.1978168,-1.0,0.5,"[174.0, 185.0, 159.0, 122.0, 111.0, 117.0, 149.0, 215.0, 185.0, 174.0]",13.498014450073242,-0.5,-84.59011840820312,0.000568389892578125,-215.720703125
1750932192.2267766,-1.0,0.5,"[174.0, 185.0, 156.0, 119.0, 110.0, 117.0, 154.0, 214.0, 185.0, 174.0]",13.284724235534668,-0.5,-84.59783935546875,0.000568389892578125,-215.98629760742188
1750932192.2392428,-1.0,0.5,"[174.0, 185.0, 153.0, 118.0, 110.0, 117.0, 171.0, 212.0, 185.0, 174.0]",13.451531410217285,-0.5,-84.59970092773438,0.000568389892578125,-216.25531005859375
1750932192.2597177,-1.0,0.5,"[174.0, 185.0, 148.0, 116.0, 109.0, 117.0, 171.0, 211.0, 185.0, 174.0]",13.429577827453613,-0.5,-84.59255981445312,0.000568389892578125,-216.5238037109375
1750932192.2798617,-1.0,0.5,"[174.0, 185.0, 145.0, 115.0, 109.0, 117.0, 171.0, 211.0, 185.0, 174.0]",13.571211814880371,-0.5,-84.57931518554688,0.000568389892578125,-216.794921875
1750932192.2998724,-1.0,0.5,"[174.0, 185.0, 142.0, 115.0, 109.0, 117.0, 171.0, 209.0, 185.0, 174.0]",13.395368576049805,-0.5,-84.55770874023438,0.000568389892578125,-217.06195068359375
1750932192.3116374,-1.0,0.5,"[174.0, 185.0, 137.0, 114.0, 108.0, 117.0, 173.0, 207.0, 185.0, 174.0]",13.598823547363281,-0.5,-84.53009033203125,0.000568389892578125,-217.33251953125
1750932192.3387759,-1.0,0.5,"[174.0, 185.0, 134.0, 113.0, 108.0, 117.0, 173.0, 206.0, 185.0, 174.0]",13.548402786254883,-0.5,-84.49456787109375,0.000568389892578125,-217.60113525390625
1750932192.3655155,-1.0,0.5,"[174.0, 185.0, 133.0, 113.0, 108.0, 121.0, 173.0, 203.0, 185.0, 174.0]",13.550259590148926,-0.5,-84.45150756835938,0.000568389892578125,-217.86871337890625
1750932192.3771684,-1.0,0.5,"[174.0, 185.0, 133.0, 111.0, 108.0, 125.0, 173.0, 201.0, 185.0, 174.0]",13.665160179138184,-0.5,-84.40023803710938,0.000568389892578125,-218.13717651367188
1750932192.4040234,-1.0,0.5,"[174.0, 185.0, 131.0, 111.0, 108.0, 129.0, 173.0, 200.0, 185.0, 174.0]",13.469315528869629,-0.5,-84.3428955078125,0.000568389892578125,-218.400390625
1750932192.4148507,-1.0,0.5,"[174.0, 182.0, 130.0, 111.0, 108.0, 134.0, 164.0, 197.0, 185.0, 174.0]",13.7697172164917,-0.5,-84.27728271484375,0.000568389892578125,-218.6678466796875
1750932192.4410408,-1.0,0.5,"[174.0, 180.0, 130.0, 111.0, 109.0, 151.0, 163.0, 195.0, 185.0, 174.0]",13.748480796813965,-0.5,-84.20449829101562,0.000568389892578125,-218.93301391601562
1750932192.4527943,-1.0,0.5,"[174.0, 178.0, 128.0, 111.0, 109.0, 151.0, 162.0, 193.0, 185.0, 174.0]",13.762615203857422,-0.5,-84.12359619140625,0.000568389892578125,-219.19610595703125
1750932192.480216,-1.0,0.5,"[174.0, 176.0, 128.0, 111.0, 113.0, 151.0, 160.0, 190.0, 185.0, 174.0]",13.730506896972656,-0.5,-84.03656005859375,0.000568389892578125,-219.45654296875
1750932192.4925501,-1.0,0.5,"[174.0, 173.0, 128.0, 111.0, 117.0, 151.0, 160.0, 189.0, 185.0, 174.0]",13.865440368652344,-0.5,-83.93984985351562,0.000568389892578125,-219.71646118164062
1750932192.5198178,-1.0,0.5,"[174.0, 172.0, 127.0, 111.0, 120.0, 152.0, 158.0, 187.0, 185.0, 174.0]",13.883752822875977,-0.5,-83.836669921875,0.000568389892578125,-219.9742431640625
1750932192.5398111,-1.0,0.5,"[174.0, 170.0, 127.0, 113.0, 124.0, 152.0, 156.0, 184.0, 185.0, 174.0]",13.934585571289062,-0.5,-83.72604370117188,0.000568389892578125,-220.23004150390625
1750932192.5590553,-1.0,0.5,"[174.0, 170.0, 128.0, 115.0, 128.0, 152.0, 155.0, 183.0, 185.0, 174.0]",13.93272590637207,-0.5,-83.60855102539062,0.000568389892578125,-220.48272705078125
1750932192.5800216,-1.0,0.5,"[174.0, 170.0, 128.0, 119.0, 149.0, 152.0, 154.0, 179.0, 185.0, 174.0]",13.896645545959473,-0.5,-83.4840087890625,0.000568389892578125,-220.731201171875
1750932192.6000478,-1.0,0.5,"[174.0, 170.0, 128.0, 123.0, 149.0, 152.0, 153.0, 178.0, 185.0, 174.0]",13.930586814880371,-0.5,-83.3516845703125,0.000568389892578125,-220.97637939453125
1750932192.6231554,-1.0,0.5,"[174.0, 170.0, 130.0, 127.0, 150.0, 144.0, 151.0, 175.0, 185.0, 174.0]",13.937246322631836,-0.5,-83.21234130859375,0.000568389892578125,-221.2177734375
1750932192.636635,0.0,0.5,"[174.0, 170.0, 134.0, 131.0, 150.0, 143.0, 148.0, 173.0, 185.0, 174.0]",14.133742332458496,-0.5,-83.06533813476562,0.000568389892578125,-221.459228515625
1750932192.6703868,0.0,0.5,"[174.0, 169.0, 136.0, 133.0, 150.0, 142.0, 148.0, 172.0, 185.0, 174.0]",13.891398429870605,0.0,-82.93405151367188,0.000568389892578125,-221.70407104492188
1750932192.6835225,0.0,0.5,"[174.0, 166.0, 137.0, 133.0, 150.0, 141.0, 147.0, 171.0, 185.0, 174.0]",14.140292167663574,0.0,-82.81350708007812,0.000568389892578125,-221.95989990234375
1750932192.6968763,0.0,0.5,"[174.0, 164.0, 137.0, 133.0, 150.0, 141.0, 147.0, 170.0, 185.0, 174.0]",13.703907012939453,0.0,-82.69973754882812,0.000568389892578125,-222.209228515625
1750932192.730311,0.0,0.5,"[174.0, 161.0, 137.0, 133.0, 150.0, 141.0, 147.0, 170.0, 185.0, 174.0]",14.038420677185059,0.0,-82.58352661132812,0.000568389892578125,-222.46484375
1750932192.743821,0.0,0.5,"[174.0, 161.0, 137.0, 133.0, 150.0, 141.0, 147.0, 170.0, 185.0, 174.0]",14.330798149108887,0.0,-82.46502685546875,0.000568389892578125,-222.72579956054688
1750932192.7572374,0.0,0.5,"[174.0, 161.0, 137.0, 133.0, 150.0, 141.0, 146.0, 170.0, 185.0, 174.0]",14.124100685119629,0.0,-82.34811401367188,0.000568389892578125,-222.98297119140625
1750932192.7906897,0.0,0.5,"[174.0, 161.0, 137.0, 133.0, 150.0, 141.0, 146.0, 169.0, 185.0, 174.0]",14.438970565795898,0.0,-82.22860717773438,0.000568389892578125,-223.245849609375
1750932192.8041098,0.0,0.5,"[174.0, 162.0, 137.0, 141.0, 149.0, 141.0, 146.0, 169.0, 185.0, 174.0]",14.105693817138672,0.0,-82.11190795898438,0.000568389892578125,-223.502685546875
1750932192.8179395,0.0,0.5,"[174.0, 162.0, 137.0, 151.0, 149.0, 140.0, 146.0, 168.0, 185.0, 174.0]",14.504284858703613,0.0,-81.99191284179688,0.000568389892578125,-223.76678466796875
1750932192.8508112,0.0,0.5,"[174.0, 162.0, 137.0, 154.0, 149.0, 140.0, 146.0, 167.0, 185.0, 174.0]",14.162571907043457,0.0,-81.87472534179688,0.000568389892578125,-224.024658203125
1750932192.8638706,0.0,0.5,"[174.0, 163.0, 138.0, 155.0, 149.0, 140.0, 146.0, 167.0, 185.0, 174.0]",14.558633804321289,0.0,-81.75424194335938,0.000568389892578125,-224.28973388671875
1750932192.8768153,0.0,0.5,"[174.0, 162.0, 137.0, 156.0, 149.0, 140.0, 145.0, 167.0, 185.0, 174.0]",14.386173248291016,0.0,-81.63516235351562,0.000568389892578125,-224.55166625976562
1750932192.9091363,0.0,0.5,"[174.0, 163.0, 138.0, 157.0, 149.0, 139.0, 145.0, 167.0, 185.0, 174.0]",14.547757148742676,0.0,-81.51492309570312,0.000568389892578125,-224.81661987304688
1750932192.922722,0.0,0.5,"[174.0, 163.0, 138.0, 158.0, 149.0, 139.0, 144.0, 166.0, 185.0, 174.0]",14.343111991882324,0.0,-81.39608764648438,0.000568389892578125,-225.07769775390625
1750932192.9357476,0.0,0.5,"[174.0, 164.0, 138.0, 159.0, 149.0, 139.0, 144.0, 165.0, 185.0, 174.0]",14.687126159667969,0.0,-81.27450561523438,0.000568389892578125,-225.3450927734375
1750932192.966272,0.0,0.5,"[174.0, 164.0, 138.0, 160.0, 149.0, 138.0, 144.0, 165.0, 185.0, 174.0]",14.476424217224121,0.0,-81.15469360351562,0.000568389892578125,-225.60867309570312
1750932192.9795182,0.0,0.5,"[174.0, 164.0, 139.0, 161.0, 148.0, 138.0, 143.0, 164.0, 185.0, 174.0]",14.790281295776367,0.0,-81.03228759765625,0.000568389892578125,-225.87799072265625
1750932193.0012121,0.0,0.5,"[174.0, 164.0, 139.0, 160.0, 148.0, 138.0, 143.0, 164.0, 185.0, 174.0]",14.640738487243652,0.0,-80.91098022460938,0.000568389892578125,-226.14447021484375
1750932193.0136468,0.0,0.5,"[174.0, 164.0, 141.0, 160.0, 148.0, 137.0, 142.0, 164.0, 185.0, 174.0]",14.933530807495117,0.0,-80.78738403320312,0.000568389892578125,-226.4163818359375
1750932193.044052,0.0,0.5,"[174.0, 164.0, 145.0, 160.0, 148.0, 137.0, 141.0, 164.0, 185.0, 174.0]",14.54626178741455,0.0,-80.6669921875,0.000568389892578125,-226.68121337890625
1750932193.0562892,0.0,0.5,"[174.0, 164.0, 149.0, 160.0, 148.0, 137.0, 140.0, 162.0, 185.0, 174.0]",14.943476676940918,0.0,-80.54318237304688,0.000568389892578125,-226.9532470703125
1750932193.0868256,0.0,0.5,"[174.0, 164.0, 153.0, 160.0, 148.0, 136.0, 140.0, 162.0, 185.0, 174.0]",14.815068244934082,0.0,-80.42037963867188,0.000568389892578125,-227.222900390625
1750932193.099538,0.0,0.5,"[174.0, 165.0, 156.0, 160.0, 148.0, 136.0, 140.0, 162.0, 185.0, 174.0]",15.007824897766113,0.0,-80.29620361328125,0.000568389892578125,-227.49615478515625
1750932193.1217816,0.0,0.5,"[174.0, 165.0, 159.0, 160.0, 148.0, 136.0, 139.0, 162.0, 185.0, 174.0]",14.873143196105957,0.0,-80.17291259765625,0.000568389892578125,-227.76690673828125
1750932193.1347914,0.0,0.5,"[174.0, 167.0, 162.0, 160.0, 147.0, 135.0, 138.0, 161.0, 185.0, 174.0]",15.162254333496094,0.0,-80.04739379882812,0.000568389892578125,-228.04293823242188
1750932193.1656508,0.0,0.5,"[174.0, 171.0, 164.0, 160.0, 147.0, 135.0, 138.0, 161.0, 185.0, 174.0]",14.97116756439209,0.0,-79.92340087890625,0.000568389892578125,-228.31549072265625
1750932193.1779327,0.0,0.5,"[174.0, 177.0, 168.0, 160.0, 147.0, 134.0, 137.0, 160.0, 185.0, 174.0]",15.201793670654297,0.0,-79.79766845703125,0.000568389892578125,-228.59231567382812
1750932193.2085447,0.0,0.5,"[174.0, 182.0, 170.0, 160.0, 147.0, 134.0, 137.0, 159.0, 185.0, 174.0]",15.090629577636719,0.0,-79.67263793945312,0.000568389892578125,-228.86700439453125
1750932193.220919,0.0,0.5,"[174.0, 185.0, 172.0, 159.0, 147.0, 133.0, 136.0, 159.0, 185.0, 174.0]",15.232064247131348,0.0,-79.546630859375,0.000568389892578125,-229.14434814453125
1750932193.233677,0.0,0.5,"[174.0, 185.0, 173.0, 159.0, 147.0, 133.0, 134.0, 158.0, 185.0, 174.0]",15.050141334533691,0.0,-79.42190551757812,0.000568389892578125,-229.41830444335938
1750932193.2654142,0.0,0.5,"[174.0, 185.0, 175.0, 159.0, 147.0, 131.0, 134.0, 156.0, 185.0, 174.0]",15.418381690979004,0.0,-79.29434204101562,0.000568389892578125,-229.69903564453125
1750932193.2782073,0.0,0.5,"[174.0, 185.0, 175.0, 159.0, 147.0, 130.0, 133.0, 156.0, 185.0, 174.0]",15.148082733154297,0.0,-79.16909790039062,0.000568389892578125,-229.97491455078125
1750932193.308629,0.0,0.5,"[174.0, 185.0, 176.0, 159.0, 146.0, 130.0, 132.0, 155.0, 185.0, 174.0]",15.495972633361816,0.0,-79.04083251953125,0.000568389892578125,-230.25701904296875
1750932193.3209405,0.0,0.5,"[174.0, 185.0, 178.0, 159.0, 146.0, 129.0, 132.0, 153.0, 185.0, 174.0]",15.2308349609375,0.0,-78.91470336914062,0.000568389892578125,-230.5343017578125
1750932193.3338184,0.0,0.5,"[174.0, 185.0, 179.0, 159.0, 146.0, 148.0, 131.0, 151.0, 185.0, 174.0]",15.592764854431152,0.0,-78.78561401367188,0.000568389892578125,-230.81817626953125
1750932193.3648717,0.0,0.5,"[174.0, 185.0, 180.0, 159.0, 146.0, 148.0, 130.0, 150.0, 185.0, 174.0]",15.22453784942627,0.0,-78.65951538085938,0.000568389892578125,-231.0953369140625
1750932193.3775506,1.0,0.5,"[174.0, 185.0, 181.0, 159.0, 146.0, 148.0, 129.0, 149.0, 185.0, 174.0]",15.573832511901855,0.0,-78.53036499023438,0.000568389892578125,-231.3787841796875
1750932193.4069905,1.0,0.5,"[174.0, 185.0, 180.0, 158.0, 145.0, 148.0, 129.0, 148.0, 185.0, 174.0]",15.248421669006348,0.5,-78.41839599609375,0.000568389892578125,-231.6624755859375
1750932193.4196415,1.0,0.5,"[174.0, 185.0, 179.0, 157.0, 145.0, 148.0, 130.0, 148.0, 185.0, 174.0]",15.017584800720215,0.5,-78.32568359375,0.000568389892578125,-231.94815063476562
1750932193.43787,1.0,0.5,"[174.0, 185.0, 175.0, 155.0, 144.0, 147.0, 132.0, 150.0, 185.0, 174.0]",14.838667869567871,0.5,-78.24969482421875,0.000568389892578125,-232.23504638671875
1750932193.4620388,1.0,0.5,"[174.0, 185.0, 172.0, 154.0, 143.0, 147.0, 132.0, 150.0, 185.0, 174.0]",14.989089965820312,0.5,-78.187744140625,0.0005702972412109375,-232.5283203125
1750932193.4721808,1.0,0.5,"[174.0, 185.0, 169.0, 153.0, 142.0, 146.0, 134.0, 151.0, 185.0, 174.0]",14.903237342834473,0.5,-78.13571166992188,0.0005702972412109375,-232.82183837890625
1750932193.4979632,0.0,0.5,"[174.0, 185.0, 165.0, 151.0, 142.0, 146.0, 167.0, 154.0, 185.0, 174.0]",14.955804824829102,0.5,-78.09197998046875,0.0005702972412109375,-233.11773681640625
1750932193.5242476,0.0,0.5,"[174.0, 185.0, 163.0, 151.0, 141.0, 145.0, 167.0, 155.0, 185.0, 174.0]",15.024354934692383,0.0,-78.03448486328125,0.0005702972412109375,-233.41265869140625
1750932193.5351884,0.0,0.5,"[174.0, 185.0, 163.0, 149.0, 141.0, 145.0, 167.0, 154.0, 185.0, 174.0]",14.971247673034668,0.0,-77.96343994140625,0.0005702972412109375,-233.70355224609375
1750932193.5619016,0.0,0.5,"[174.0, 185.0, 164.0, 149.0, 141.0, 145.0, 166.0, 155.0, 185.0, 174.0]",14.87492847442627,0.0,-77.88787841796875,0.0005702972412109375,-233.99127197265625
1750932193.5731099,0.0,0.5,"[174.0, 185.0, 164.0, 149.0, 140.0, 145.0, 166.0, 154.0, 185.0, 174.0]",14.965429306030273,0.0,-77.81121826171875,0.0005702972412109375,-234.28057861328125
1750932193.5991788,0.0,0.5,"[174.0, 185.0, 164.0, 148.0, 140.0, 144.0, 166.0, 153.0, 185.0, 174.0]",15.26140308380127,0.0,-77.7330322265625,0.0005702972412109375,-234.57562255859375
1750932193.6179547,1.0,0.5,"[174.0, 185.0, 165.0, 148.0, 140.0, 144.0, 166.0, 151.0, 185.0, 174.0]",14.805225372314453,0.0,-77.65719604492188,0.0005702972412109375,-234.86187744140625
1750932193.6439521,1.0,0.5,"[174.0, 185.0, 164.0, 147.0, 139.0, 144.0, 164.0, 151.0, 185.0, 174.0]",14.851834297180176,0.5,-77.59701538085938,0.0005702972412109375,-235.15274047851562
1750932193.654846,1.0,0.5,"[174.0, 185.0, 162.0, 146.0, 138.0, 143.0, 164.0, 168.0, 185.0, 174.0]",14.86612319946289,0.5,-77.55667114257812,0.0005702972412109375,-235.44732666015625
1750932193.6822917,1.0,0.5,"[174.0, 185.0, 158.0, 145.0, 137.0, 142.0, 163.0, 223.0, 185.0, 174.0]",14.405235290527344,0.5,-77.53689575195312,0.0005702972412109375,-235.7347412109375
1750932193.6938586,1.0,0.5,"[174.0, 185.0, 155.0, 143.0, 136.0, 141.0, 162.0, 221.0, 185.0, 174.0]",14.749384880065918,0.5,-77.52700805664062,0.0005702972412109375,-236.029541015625
1750932193.7204747,0.0,0.5,"[174.0, 185.0, 150.0, 140.0, 135.0, 140.0, 162.0, 220.0, 185.0, 174.0]",14.519338607788086,0.5,-77.5252685546875,0.0005702972412109375,-236.3199462890625
1750932193.7318635,0.0,0.5,"[174.0, 182.0, 148.0, 139.0, 134.0, 139.0, 161.0, 220.0, 185.0, 174.0]",14.544571876525879,0.0,-77.51174926757812,0.0005702972412109375,-236.61050415039062
1750932193.7594209,0.0,0.5,"[174.0, 182.0, 148.0, 139.0, 134.0, 139.0, 161.0, 218.0, 185.0, 174.0]",14.6400146484375,0.0,-77.48123168945312,0.0005702972412109375,-236.9017333984375
1750932193.7787488,-1.0,0.5,"[174.0, 182.0, 148.0, 138.0, 133.0, 138.0, 161.0, 218.0, 185.0, 174.0]",14.629651069641113,0.0,-77.4466552734375,0.0005702972412109375,-237.1922607421875
1750932193.8064883,-1.0,0.5,"[174.0, 183.0, 150.0, 138.0, 133.0, 138.0, 160.0, 218.0, 185.0, 174.0]",14.347650527954102,-0.5,-77.39678955078125,0.0005702972412109375,-237.474853515625
1750932193.818097,-1.0,0.5,"[174.0, 185.0, 153.0, 138.0, 133.0, 138.0, 160.0, 218.0, 185.0, 174.0]",14.462933540344238,-0.5,-77.32888793945312,0.0005702972412109375,-237.75604248046875
1750932193.8449736,-1.0,0.5,"[174.0, 185.0, 156.0, 139.0, 133.0, 139.0, 160.0, 218.0, 185.0, 174.0]",14.011204719543457,-0.5,-77.24725341796875,0.0005702972412109375,-238.02410888671875
1750932193.8563707,-1.0,0.5,"[174.0, 185.0, 160.0, 140.0, 133.0, 139.0, 161.0, 220.0, 185.0, 174.0]",14.31641674041748,-0.5,-77.15188598632812,0.0005702972412109375,-238.2940673828125
1750932193.8823128,-1.0,0.5,"[174.0, 185.0, 164.0, 141.0, 134.0, 139.0, 161.0, 220.0, 185.0, 174.0]",14.098651885986328,-0.5,-77.04934692382812,0.0005702972412109375,-238.55673217773438
1750932193.8931727,-1.0,0.5,"[174.0, 185.0, 167.0, 143.0, 134.0, 140.0, 161.0, 221.0, 185.0, 174.0]",14.408106803894043,-0.5,-76.937255859375,0.0005702972412109375,-238.82220458984375
1750932193.9167097,-1.0,0.5,"[174.0, 185.0, 169.0, 143.0, 134.0, 140.0, 161.0, 221.0, 185.0, 174.0]",14.035051345825195,-0.5,-76.82073974609375,0.0005702972412109375,-239.07757568359375
1750932193.940632,-1.0,0.5,"[174.0, 185.0, 170.0, 144.0, 134.0, 140.0, 161.0, 223.0, 185.0, 174.0]",14.375733375549316,-0.5,-76.6934814453125,0.0005702972412109375,-239.33538818359375
1750932193.9505644,-1.0,0.5,"[174.0, 185.0, 172.0, 145.0, 135.0, 140.0, 162.0, 225.0, 185.0, 174.0]",14.099542617797852,-0.5,-76.56121826171875,0.0005702972412109375,-239.58444213867188
1750932193.9812815,-1.0,0.5,"[174.0, 185.0, 173.0, 145.0, 135.0, 140.0, 162.0, 225.0, 185.0, 174.0]",14.43565845489502,-0.5,-76.41860961914062,0.0005702972412109375,-239.83547973632812
1750932193.9929686,-1.0,0.5,"[174.0, 185.0, 175.0, 145.0, 136.0, 140.0, 162.0, 226.0, 185.0, 174.0]",14.188690185546875,-0.5,-76.27224731445312,0.0005702972412109375,-240.07861328125
1750932194.0208883,-1.0,0.5,"[174.0, 185.0, 176.0, 145.0, 136.0, 140.0, 162.0, 227.0, 185.0, 174.0]",14.350761413574219,-0.5,-76.11654663085938,0.0005702972412109375,-240.3197021484375
1750932194.0331633,-1.0,0.5,"[174.0, 185.0, 178.0, 145.0, 136.0, 140.0, 163.0, 227.0, 185.0, 174.0]",14.476250648498535,-0.5,-75.95196533203125,0.0005702972412109375,-240.55792236328125
1750932194.063761,0.0,0.5,"[174.0, 185.0, 179.0, 146.0, 137.0, 140.0, 163.0, 227.0, 185.0, 174.0]",14.38473129272461,-0.5,-75.78280639648438,0.0005702972412109375,-240.79058837890625
1750932194.0767412,0.0,0.5,"[174.0, 185.0, 179.0, 146.0, 137.0, 140.0, 163.0, 227.0, 185.0, 174.0]",14.475133895874023,0.0,-75.62124633789062,0.0005702972412109375,-241.03082275390625
1750932194.1090858,0.0,0.5,"[174.0, 185.0, 178.0, 145.0, 137.0, 140.0, 163.0, 227.0, 185.0, 174.0]",14.293268203735352,0.0,-75.47439575195312,0.0005702972412109375,-241.276123046875
1750932194.1211822,0.0,0.5,"[174.0, 185.0, 177.0, 145.0, 136.0, 140.0, 163.0, 227.0, 185.0, 174.0]",14.479368209838867,0.0,-75.33096313476562,0.0005702972412109375,-241.52767944335938
1750932194.1337404,0.0,0.5,"[174.0, 185.0, 176.0, 145.0, 136.0, 139.0, 163.0, 227.0, 185.0, 174.0]",14.302874565124512,0.0,-75.19003295898438,0.0005702972412109375,-241.776611328125
1750932194.1650145,0.0,0.5,"[174.0, 185.0, 175.0, 144.0, 135.0, 139.0, 162.0, 227.0, 185.0, 174.0]",14.620758056640625,0.0,-75.0457763671875,0.0005702972412109375,-242.03094482421875
1750932194.1779172,0.0,0.5,"[174.0, 185.0, 175.0, 144.0, 135.0, 138.0, 162.0, 227.0, 185.0, 174.0]",14.43147087097168,0.0,-74.9034423828125,0.000568389892578125,-242.28204345703125
1750932194.2084918,0.0,0.5,"[174.0, 185.0, 173.0, 143.0, 134.0, 138.0, 161.0, 227.0, 185.0, 174.0]",14.620513916015625,0.0,-74.75942993164062,0.000568389892578125,-242.53652954101562
1750932194.2208793,0.0,0.5,"[174.0, 185.0, 173.0, 143.0, 134.0, 138.0, 161.0, 227.0, 185.0, 174.0]",14.602945327758789,0.0,-74.61538696289062,0.000568389892578125,-242.79058837890625
1750932194.233575,0.0,0.5,"[174.0, 185.0, 172.0, 141.0, 133.0, 137.0, 161.0, 227.0, 185.0, 174.0]",14.716032028198242,0.0,-74.47006225585938,0.0005702972412109375,-243.0465087890625
1750932194.2635975,0.0,0.5,"[174.0, 185.0, 170.0, 141.0, 133.0, 137.0, 160.0, 227.0, 185.0, 174.0]",14.771719932556152,0.0,-74.32427978515625,0.0005702972412109375,-243.30349731445312
1750932194.27602,0.0,0.5,"[174.0, 185.0, 170.0, 140.0, 131.0, 136.0, 160.0, 227.0, 185.0, 174.0]",14.834784507751465,0.0,-74.17794799804688,0.0005702972412109375,-243.56158447265625
1750932194.3064501,0.0,0.5,"[174.0, 185.0, 169.0, 139.0, 130.0, 135.0, 159.0, 227.0, 185.0, 174.0]",14.84582233428955,0.0,-74.03158569335938,0.0005702972412109375,-243.81991577148438
1750932194.3191457,0.0,0.5,"[174.0, 185.0, 167.0, 139.0, 130.0, 135.0, 159.0, 226.0, 185.0, 174.0]",14.87945556640625,0.0,-73.88479614257812,0.0005702972412109375,-244.07879638671875
1750932194.3408167,0.0,0.5,"[174.0, 185.0, 167.0, 138.0, 129.0, 134.0, 158.0, 226.0, 185.0, 174.0]",15.004653930664062,0.0,-73.73678588867188,0.0005702972412109375,-244.33984375
1750932194.353201,0.0,0.5,"[174.0, 185.0, 165.0, 137.0, 128.0, 134.0, 158.0, 226.0, 185.0, 174.0]",15.003064155578613,0.0,-73.58880615234375,0.0005702972412109375,-244.60089111328125
1750932194.3841708,-1.0,0.5,"[174.0, 185.0, 164.0, 137.0, 128.0, 133.0, 156.0, 225.0, 185.0, 174.0]",14.965415954589844,0.0,-73.4412841796875,0.0005702972412109375,-244.86129760742188
1750932194.397112,-1.0,0.5,"[174.0, 185.0, 163.0, 137.0, 127.0, 133.0, 156.0, 226.0, 185.0, 174.0]",14.687923431396484,-0.5,-73.28323364257812,0.0005702972412109375,-245.10891723632812
1750932194.4292204,-1.0,0.5,"[174.0, 185.0, 162.0, 137.0, 127.0, 133.0, 156.0, 226.0, 185.0, 174.0]",14.572222709655762,-0.5,-73.11038208007812,0.0005702972412109375,-245.34356689453125
1750932194.442863,-1.0,0.5,"[174.0, 185.0, 163.0, 137.0, 127.0, 133.0, 158.0, 227.0, 185.0, 174.0]",14.423054695129395,-0.5,-72.92703247070312,0.0005702972412109375,-245.5662841796875
1750932194.455666,-1.0,0.5,"[174.0, 185.0, 164.0, 138.0, 127.0, 133.0, 159.0, 227.0, 185.0, 174.0]",14.47332763671875,-0.5,-72.73263549804688,0.0005702972412109375,-245.78076171875
1750932194.4878032,-1.0,0.5,"[174.0, 185.0, 164.0, 137.0, 126.0, 133.0, 159.0, 227.0, 185.0, 174.0]",14.534601211547852,-0.5,-72.53103637695312,0.0005702972412109375,-245.99020385742188
1750932194.5014274,-1.0,0.5,"[174.0, 185.0, 165.0, 137.0, 126.0, 133.0, 160.0, 227.0, 185.0, 174.0]",14.586511611938477,-0.5,-72.32247924804688,0.0005702972412109375,-246.19415283203125
1750932194.5151231,-1.0,0.5,"[174.0, 185.0, 165.0, 137.0, 126.0, 134.0, 161.0, 227.0, 185.0, 174.0]",14.459871292114258,-0.5,-72.1102294921875,0.0005702972412109375,-246.390625
1750932194.5492656,-1.0,0.5,"[174.0, 185.0, 167.0, 137.0, 127.0, 134.0, 162.0, 227.0, 185.0, 174.0]",14.646834373474121,-0.5,-71.88900756835938,0.0005702972412109375,-246.58261108398438
1750932194.5629647,-1.0,0.5,"[174.0, 185.0, 168.0, 137.0, 127.0, 135.0, 163.0, 227.0, 185.0, 174.0]",14.57658863067627,-0.5,-71.66348266601562,0.0005702972412109375,-246.76739501953125
1750932194.57721,-1.0,0.5,"[174.0, 185.0, 169.0, 136.0, 127.0, 135.0, 164.0, 227.0, 185.0, 174.0]",14.69454288482666,-0.5,-71.43051147460938,0.0005702972412109375,-246.946533203125
1750932194.6110692,0.0,0.5,"[174.0, 185.0, 167.0, 136.0, 127.0, 136.0, 166.0, 227.0, 185.0, 174.0]",14.659886360168457,-0.5,-71.19277954101562,0.0005702972412109375,-247.11813354492188
1750932194.6249883,0.0,0.5,"[174.0, 185.0, 167.0, 136.0, 127.0, 136.0, 167.0, 227.0, 185.0, 174.0]",14.57958984375,0.0,-70.96450805664062,0.0005702972412109375,-247.29953002929688
1750932194.639088,0.0,0.5,"[174.0, 185.0, 165.0, 134.0, 127.0, 136.0, 166.0, 227.0, 185.0, 174.0]",14.677498817443848,0.0,-70.74356079101562,0.0005702972412109375,-247.4927978515625
1750932194.6632102,0.0,0.5,"[174.0, 185.0, 164.0, 134.0, 126.0, 135.0, 166.0, 227.0, 185.0, 174.0]",14.56181526184082,0.0,-70.52816772460938,0.0005702972412109375,-247.6888427734375
1750932194.677059,0.0,0.5,"[174.0, 185.0, 162.0, 133.0, 125.0, 134.0, 166.0, 227.0, 185.0, 174.0]",14.772054672241211,0.0,-70.31008911132812,0.0005702972412109375,-247.88818359375
1750932194.7117724,0.0,0.5,"[174.0, 185.0, 161.0, 132.0, 124.0, 134.0, 164.0, 227.0, 185.0, 174.0]",14.81859016418457,0.0,-70.09158325195312,0.0005702972412109375,-248.08837890625
1750932194.7260096,0.0,0.5,"[174.0, 185.0, 159.0, 131.0, 123.0, 133.0, 164.0, 227.0, 185.0, 174.0]",14.851244926452637,0.0,-69.87265014648438,0.0005702972412109375,-248.28912353515625
1750932194.7402263,-1.0,0.5,"[174.0, 185.0, 158.0, 130.0, 123.0, 131.0, 163.0, 227.0, 185.0, 174.0]",14.8485107421875,0.0,-69.65371704101562,0.0005702972412109375,-248.48980712890625
1750932194.7539737,-1.0,0.5,"[174.0, 185.0, 156.0, 129.0, 122.0, 131.0, 163.0, 227.0, 185.0, 174.0]",14.594335556030273,-0.5,-69.42825317382812,0.0005702972412109375,-248.6751708984375
1750932194.788499,-1.0,0.5,"[174.0, 185.0, 155.0, 129.0, 122.0, 133.0, 164.0, 227.0, 185.0, 174.0]",14.564346313476562,-0.5,-69.19125366210938,0.0005702972412109375,-248.844482421875
1750932194.8015537,-1.0,0.5,"[174.0, 185.0, 155.0, 129.0, 122.0, 133.0, 167.0, 227.0, 185.0, 174.0]",14.275447845458984,-0.5,-68.94876098632812,0.0005702972412109375,-248.9952392578125
1750932194.815267,-1.0,0.5,"[174.0, 185.0, 154.0, 129.0, 123.0, 134.0, 169.0, 227.0, 185.0, 174.0]",14.449572563171387,-0.5,-68.69827270507812,0.0005702972412109375,-249.13937377929688
1750932194.8508892,-1.0,0.5,"[174.0, 185.0, 153.0, 129.0, 124.0, 135.0, 170.0, 227.0, 185.0, 174.0]",14.361530303955078,-0.5,-68.44424438476562,0.0005702972412109375,-249.27337646484375
1750932194.8655794,-1.0,0.5,"[174.0, 185.0, 153.0, 129.0, 124.0, 137.0, 173.0, 227.0, 185.0, 174.0]",14.508804321289062,-0.5,-68.18441772460938,0.0005702972412109375,-249.40255737304688
1750932194.880447,-1.0,0.5,"[174.0, 185.0, 153.0, 130.0, 125.0, 138.0, 175.0, 226.0, 185.0, 174.0]",14.336060523986816,-0.5,-67.92349243164062,0.0005702972412109375,-249.52145385742188
1750932194.8964877,-1.0,0.5,"[174.0, 185.0, 154.0, 130.0, 126.0, 139.0, 177.0, 223.0, 185.0, 174.0]",14.483377456665039,-0.5,-67.65707397460938,0.00057220458984375,-249.63519287109375
1750932194.9368358,-1.0,0.5,"[174.0, 185.0, 155.0, 131.0, 127.0, 141.0, 179.0, 221.0, 185.0, 174.0]",14.364252090454102,-0.5,-67.3890380859375,0.00057220458984375,-249.738525390625
1750932194.9525745,-1.0,0.5,"[174.0, 185.0, 155.0, 132.0, 128.0, 142.0, 183.0, 218.0, 185.0, 174.0]",14.699043273925781,-0.5,-67.112060546875,0.00057220458984375,-249.8370361328125
1750932194.9680429,-1.0,0.5,"[174.0, 185.0, 155.0, 133.0, 129.0, 144.0, 183.0, 215.0, 185.0, 174.0]",14.408771514892578,-0.5,-66.83792114257812,0.00057220458984375,-249.9259033203125
1750932194.984393,-1.0,0.5,"[174.0, 185.0, 156.0, 133.0, 130.0, 145.0, 182.0, 214.0, 185.0, 174.0]",14.753511428833008,-0.5,-66.55471801757812,0.00057220458984375,-250.00872802734375
1750932194.9997523,-1.0,0.5,"[174.0, 185.0, 156.0, 134.0, 133.0, 147.0, 181.0, 211.0, 185.0, 174.0]",14.418228149414062,-0.5,-66.275634765625,0.0005702972412109375,-250.081298828125
1750932195.0258987,-1.0,0.5,"[174.0, 185.0, 158.0, 136.0, 134.0, 149.0, 179.0, 209.0, 185.0, 174.0]",14.789552688598633,-0.5,-65.98727416992188,0.00057220458984375,-250.147216796875
1750932195.040928,-1.0,0.5,"[174.0, 185.0, 159.0, 137.0, 136.0, 151.0, 177.0, 206.0, 185.0, 174.0]",14.495309829711914,-0.5,-65.70285034179688,0.00057220458984375,-250.2032470703125
1750932195.0557046,-1.0,0.5,"[174.0, 185.0, 161.0, 139.0, 137.0, 153.0, 175.0, 204.0, 185.0, 174.0]",14.84200382232666,-0.5,-65.4100341796875,0.00057220458984375,-250.2520751953125
1750932195.092753,0.0,0.5,"[174.0, 185.0, 162.0, 140.0, 139.0, 155.0, 174.0, 201.0, 185.0, 174.0]",14.606184959411621,-0.5,-65.12066650390625,0.00057220458984375,-250.29196166992188
1750932195.1078076,0.0,0.5,"[174.0, 185.0, 162.0, 141.0, 139.0, 156.0, 173.0, 201.0, 185.0, 174.0]",14.823068618774414,0.0,-64.82891845703125,0.00057220458984375,-250.34466552734375
1750932195.1229217,0.0,0.5,"[174.0, 185.0, 162.0, 140.0, 139.0, 156.0, 173.0, 201.0, 185.0, 174.0]",14.532508850097656,0.0,-64.54623413085938,0.00057220458984375,-250.41220092773438
1750932195.1379678,0.0,0.5,"[174.0, 185.0, 162.0, 140.0, 139.0, 156.0, 173.0, 201.0, 185.0, 174.0]",14.800528526306152,0.0,-64.25936889648438,0.0005702972412109375,-250.48529052734375
1750932195.1745958,0.0,0.5,"[174.0, 185.0, 161.0, 140.0, 139.0, 156.0, 173.0, 201.0, 185.0, 174.0]",14.603153228759766,0.0,-63.97650146484375,0.0005702972412109375,-250.55795288085938
1750932195.1900523,0.0,0.5,"[174.0, 185.0, 160.0, 139.0, 139.0, 156.0, 173.0, 201.0, 185.0, 174.0]",14.812919616699219,0.0,-63.689483642578125,0.00057220458984375,-250.63143920898438
1750932195.2052824,0.0,0.5,"[174.0, 185.0, 159.0, 139.0, 138.0, 156.0, 173.0, 201.0, 185.0, 174.0]",14.819957733154297,0.0,-63.40240478515625,0.00057220458984375,-250.70510864257812
1750932195.2202005,0.0,0.5,"[174.0, 185.0, 159.0, 139.0, 138.0, 155.0, 173.0, 202.0, 185.0, 174.0]",14.86207389831543,0.0,-63.114471435546875,0.00057220458984375,-250.77899169921875
1750932195.2352138,0.0,0.5,"[174.0, 185.0, 158.0, 138.0, 138.0, 155.0, 173.0, 203.0, 185.0, 174.0]",15.012063980102539,0.0,-62.82366943359375,0.00057220458984375,-250.8536376953125
1750932195.272533,-1.0,0.5,"[174.0, 185.0, 158.0, 138.0, 137.0, 155.0, 173.0, 203.0, 185.0, 174.0]",14.845466613769531,0.0,-62.5361328125,0.00057220458984375,-250.92767333984375
1750932195.2876115,-1.0,0.5,"[174.0, 185.0, 158.0, 138.0, 138.0, 156.0, 173.0, 202.0, 185.0, 174.0]",14.89192008972168,-0.5,-62.2437744140625,0.00057220458984375,-250.98443603515625
1750932195.302245,-1.0,0.5,"[174.0, 185.0, 159.0, 139.0, 139.0, 157.0, 171.0, 201.0, 185.0, 174.0]",14.497170448303223,-0.5,-61.95623779296875,0.00057220458984375,-251.02178955078125
1750932195.3172774,-1.0,0.5,"[174.0, 185.0, 161.0, 141.0, 141.0, 161.0, 169.0, 198.0, 185.0, 174.0]",14.546538352966309,-0.5,-61.666107177734375,0.00057220458984375,-251.04360961914062
1750932195.3545747,-1.0,0.5,"[174.0, 185.0, 162.0, 143.0, 143.0, 161.0, 168.0, 197.0, 185.0, 174.0]",14.402735710144043,-0.5,-61.378173828125,0.00057220458984375,-251.05117797851562
1750932195.3692656,-1.0,0.5,"[174.0, 185.0, 165.0, 145.0, 145.0, 161.0, 166.0, 194.0, 185.0, 174.0]",14.635695457458496,-0.5,-61.08544921875,0.00057220458984375,-251.05084228515625
1750932195.3845038,-1.0,0.5,"[174.0, 185.0, 167.0, 147.0, 147.0, 160.0, 164.0, 192.0, 185.0, 174.0]",14.359060287475586,-0.5,-60.798431396484375,0.00057220458984375,-251.0416259765625
1750932195.3995907,-1.0,0.5,"[174.0, 185.0, 170.0, 148.0, 148.0, 159.0, 162.0, 190.0, 185.0, 174.0]",14.65369701385498,-0.5,-60.505859375,0.00057220458984375,-251.02410888671875
1750932195.4256194,-1.0,0.5,"[174.0, 185.0, 172.0, 151.0, 151.0, 157.0, 161.0, 187.0, 185.0, 174.0]",14.424051284790039,-0.5,-60.218597412109375,0.00057220458984375,-250.99761962890625
1750932195.4406679,0.0,0.5,"[174.0, 185.0, 175.0, 153.0, 153.0, 156.0, 159.0, 186.0, 185.0, 174.0]",14.704133033752441,-0.5,-59.926666259765625,0.00057220458984375,-250.9622802734375
1750932195.4554045,0.0,0.5,"[174.0, 185.0, 176.0, 154.0, 153.0, 155.0, 158.0, 184.0, 185.0, 174.0]",14.44862174987793,0.0,-59.638519287109375,0.00057220458984375,-250.94049072265625
1750932195.4925575,0.0,0.5,"[174.0, 185.0, 176.0, 154.0, 154.0, 155.0, 158.0, 184.0, 185.0, 174.0]",14.51539134979248,0.0,-59.348297119140625,0.00057220458984375,-250.9329833984375
1750932195.5075815,0.0,0.5,"[174.0, 185.0, 176.0, 154.0, 154.0, 154.0, 158.0, 184.0, 185.0, 174.0]",14.57201099395752,0.0,-59.056854248046875,0.00057220458984375,-250.930908203125
1750932195.5225048,0.0,0.5,"[174.0, 185.0, 176.0, 154.0, 154.0, 155.0, 158.0, 184.0, 185.0, 174.0]",14.48143196105957,0.0,-58.767242431640625,0.00057220458984375,-250.92938232421875
1750932195.5378032,0.0,0.5,"[174.0, 185.0, 176.0, 154.0, 154.0, 155.0, 158.0, 184.0, 185.0, 174.0]",14.755784034729004,0.0,-58.472137451171875,0.00057220458984375,-250.927978515625
1750932195.5752869,0.0,0.5,"[174.0, 185.0, 176.0, 154.0, 154.0, 155.0, 158.0, 184.0, 185.0, 174.0]",14.629474639892578,0.0,-58.179534912109375,0.00057220458984375,-250.92669677734375
1750932195.5907927,0.0,0.5,"[174.0, 185.0, 176.0, 154.0, 154.0, 154.0, 158.0, 184.0, 185.0, 174.0]",14.892834663391113,0.0,-57.881683349609375,0.00057220458984375,-250.92538452148438
1750932195.6054556,0.0,0.5,"[174.0, 185.0, 176.0, 154.0, 154.0, 155.0, 158.0, 184.0, 185.0, 174.0]",14.68056869506836,0.0,-57.58807373046875,0.00057220458984375,-250.9239501953125
1750932195.6203928,0.0,0.5,"[174.0, 185.0, 176.0, 154.0, 154.0, 155.0, 158.0, 184.0, 185.0, 174.0]",14.940433502197266,0.0,-57.289276123046875,0.00057220458984375,-250.92269897460938
1750932195.6348603,0.0,0.5,"[174.0, 185.0, 176.0, 154.0, 154.0, 155.0, 158.0, 184.0, 185.0, 174.0]",14.837322235107422,0.0,-56.992523193359375,0.00057220458984375,-250.92147827148438
1750932195.6721215,0.0,0.5,"[174.0, 185.0, 176.0, 154.0, 154.0, 155.0, 158.0, 184.0, 185.0, 174.0]",14.951207160949707,0.0,-56.693511962890625,0.00057220458984375,-250.92019653320312
1750932195.6869223,0.0,0.5,"[174.0, 185.0, 176.0, 154.0, 154.0, 154.0, 158.0, 184.0, 185.0, 174.0]",14.98649787902832,0.0,-56.393768310546875,0.00057220458984375,-250.9190673828125
1750932195.701574,0.0,0.5,"[174.0, 185.0, 176.0, 154.0, 154.0, 155.0, 158.0, 184.0, 185.0, 174.0]",15.015042304992676,0.0,-56.093475341796875,0.00057220458984375,-250.917724609375
1750932195.716463,0.0,0.5,"[174.0, 185.0, 176.0, 154.0, 154.0, 155.0, 158.0, 184.0, 185.0, 174.0]",14.966124534606934,0.0,-55.794158935546875,0.00057220458984375,-250.91656494140625
1750932195.7543924,0.0,0.5,"[174.0, 185.0, 176.0, 154.0, 154.0, 154.0, 158.0, 184.0, 185.0, 174.0]",15.103428840637207,0.0,-55.492095947265625,0.00057220458984375,-250.91552734375
1750932195.7691143,0.0,0.5,"[174.0, 185.0, 176.0, 154.0, 154.0, 154.0, 158.0, 184.0, 185.0, 174.0]",15.0950288772583,0.0,-55.190185546875,0.00057220458984375,-250.9141845703125
1750932195.7842615,0.0,0.5,"[174.0, 185.0, 176.0, 154.0, 154.0, 155.0, 158.0, 184.0, 185.0, 174.0]",15.258479118347168,0.0,-54.885009765625,0.00057220458984375,-250.912841796875
1750932195.7991073,0.0,0.5,"[174.0, 185.0, 176.0, 154.0, 154.0, 154.0, 158.0, 184.0, 185.0, 174.0]",15.143681526184082,0.0,-54.5821533203125,0.00057220458984375,-250.91168212890625
1750932195.8251486,0.0,0.5,"[174.0, 185.0, 176.0, 154.0, 154.0, 154.0, 158.0, 184.0, 185.0, 174.0]",15.342880249023438,0.0,-54.275299072265625,0.00057220458984375,-250.91015625
1750932195.8411028,0.0,0.5,"[174.0, 185.0, 176.0, 154.0, 154.0, 155.0, 158.0, 184.0, 185.0, 174.0]",15.366186141967773,0.0,-53.967987060546875,0.00057220458984375,-250.90875244140625
1750932195.8569307,0.0,0.5,"[174.0, 185.0, 176.0, 154.0, 154.0, 154.0, 158.0, 184.0, 185.0, 174.0]",15.40129280090332,0.0,-53.659942626953125,0.00057220458984375,-250.90737915039062
1750932195.8944395,0.0,0.5,"[174.0, 185.0, 176.0, 154.0, 154.0, 155.0, 158.0, 184.0, 185.0, 174.0]",15.426023483276367,0.0,-53.3514404296875,0.0005702972412109375,-250.906005859375
1750932195.9095995,0.0,0.5,"[174.0, 185.0, 176.0, 154.0, 154.0, 155.0, 158.0, 184.0, 185.0, 174.0]",15.454835891723633,0.0,-53.042327880859375,0.0005702972412109375,-250.9046630859375
1750932195.924674,0.0,0.5,"[174.0, 185.0, 176.0, 154.0, 154.0, 155.0, 158.0, 184.0, 185.0, 174.0]",15.485569953918457,0.0,-52.732635498046875,0.0005702972412109375,-250.9033203125
1750932195.9395266,0.0,0.5,"[174.0, 185.0, 176.0, 154.0, 154.0, 155.0, 158.0, 184.0, 185.0, 174.0]",15.519917488098145,0.0,-52.4222412109375,0.0005702972412109375,-250.90203857421875
1750932195.9655898,0.0,0.5,"[174.0, 185.0, 176.0, 154.0, 154.0, 154.0, 158.0, 184.0, 185.0, 174.0]",15.59014892578125,0.0,-52.110443115234375,0.00057220458984375,-250.90081787109375
1750932195.9804769,0.0,0.5,"[174.0, 185.0, 176.0, 154.0, 154.0, 154.0, 158.0, 184.0, 185.0, 174.0]",15.650760650634766,0.0,-51.79742431640625,0.0005702972412109375,-250.89947509765625
1750932196.0024016,0.0,0.5,"[174.0, 185.0, 176.0, 154.0, 154.0, 154.0, 158.0, 184.0, 185.0, 174.0]",15.611039161682129,0.0,-51.485198974609375,0.0005702972412109375,-250.89810180664062
1750932196.0174646,0.0,0.5,"[174.0, 185.0, 176.0, 154.0, 154.0, 154.0, 158.0, 184.0, 185.0, 174.0]",15.614239692687988,0.0,-51.172943115234375,0.0005702972412109375,-250.89666748046875
1750932196.0545516,0.0,0.5,"[174.0, 185.0, 176.0, 154.0, 154.0, 155.0, 158.0, 184.0, 185.0, 174.0]",15.785407066345215,0.0,-50.857208251953125,0.00057220458984375,-250.89520263671875
1750932196.069482,0.0,0.5,"[174.0, 185.0, 176.0, 154.0, 154.0, 154.0, 158.0, 184.0, 185.0, 174.0]",15.562281608581543,0.0,-50.545989990234375,0.0005702972412109375,-250.89404296875
1750932196.0845013,0.0,0.5,"[174.0, 185.0, 176.0, 154.0, 154.0, 154.0, 158.0, 184.0, 185.0, 174.0]",15.932499885559082,0.0,-50.227325439453125,0.00057220458984375,-250.89263916015625
1750932196.0991557,0.0,0.5,"[174.0, 185.0, 176.0, 154.0, 154.0, 155.0, 158.0, 184.0, 185.0, 174.0]",15.62760066986084,0.0,-49.914794921875,0.00057220458984375,-250.89117431640625
1750932196.1245143,0.0,0.5,"[174.0, 185.0, 176.0, 154.0, 154.0, 154.0, 158.0, 184.0, 185.0, 174.0]",15.827507019042969,0.0,-49.598236083984375,0.00057220458984375,-250.8900146484375
1750932196.1394396,0.0,0.5,"[174.0, 185.0, 176.0, 155.0, 154.0, 154.0, 158.0, 184.0, 185.0, 174.0]",15.953548431396484,0.0,-49.2791748046875,0.00057220458984375,-250.888671875
1750932196.1655917,0.0,0.5,"[174.0, 185.0, 176.0, 154.0, 154.0, 155.0, 158.0, 184.0, 185.0, 174.0]",15.795839309692383,0.0,-48.9632568359375,0.00057220458984375,-250.88717651367188
1750932196.1808236,0.0,0.5,"[174.0, 185.0, 176.0, 155.0, 154.0, 154.0, 158.0, 184.0, 185.0, 174.0]",15.967013359069824,0.0,-48.6439208984375,0.00057220458984375,-250.885986328125
1750932196.1957803,0.0,0.5,"[174.0, 185.0, 177.0, 155.0, 154.0, 154.0, 158.0, 183.0, 185.0, 174.0]",15.995262145996094,0.0,-48.324005126953125,0.00057220458984375,-250.8846435546875
1750932196.2331924,0.0,0.5,"[174.0, 185.0, 176.0, 155.0, 154.0, 154.0, 158.0, 184.0, 185.0, 174.0]",16.003280639648438,0.0,-48.003936767578125,0.00057220458984375,-250.88311767578125
1750932196.2479794,0.0,0.5,"[174.0, 185.0, 176.0, 154.0, 154.0, 155.0, 158.0, 184.0, 185.0, 174.0]",16.222957611083984,0.0,-47.67950439453125,0.00057220458984375,-250.88165283203125
1750932196.26249,0.0,0.5,"[174.0, 185.0, 177.0, 155.0, 154.0, 154.0, 158.0, 183.0, 185.0, 174.0]",15.972784996032715,0.0,-47.36004638671875,0.00057220458984375,-250.88037109375
1750932196.277135,0.0,0.5,"[174.0, 185.0, 176.0, 155.0, 154.0, 154.0, 158.0, 184.0, 185.0, 174.0]",16.151519775390625,0.0,-47.037017822265625,0.00057220458984375,-250.8787841796875
1750932196.3141475,0.0,0.5,"[174.0, 185.0, 176.0, 154.0, 154.0, 154.0, 158.0, 184.0, 185.0, 174.0]",16.16682243347168,0.0,-46.71368408203125,0.00057220458984375,-250.87744140625
1750932196.3290586,0.0,0.5,"[174.0, 185.0, 177.0, 155.0, 154.0, 154.0, 158.0, 183.0, 185.0, 174.0]",16.337928771972656,0.0,-46.386932373046875,0.00057220458984375,-250.87612915039062
1750932196.34408,0.0,0.5,"[174.0, 185.0, 176.0, 154.0, 154.0, 155.0, 158.0, 184.0, 185.0, 174.0]",16.105051040649414,0.0,-46.0648193359375,0.00057220458984375,-250.8746337890625
1750932196.358106,0.0,0.5,"[174.0, 185.0, 176.0, 154.0, 154.0, 155.0, 158.0, 184.0, 185.0, 174.0]",16.408071517944336,0.0,-45.736663818359375,0.00057220458984375,-250.87338256835938
1750932196.3956513,0.0,0.5,"[174.0, 185.0, 177.0, 155.0, 154.0, 154.0, 158.0, 183.0, 185.0, 174.0]",16.39964485168457,0.0,-45.40869140625,0.00057220458984375,-250.8721923828125
1750932196.4108105,0.0,0.5,"[174.0, 185.0, 176.0, 154.0, 154.0, 155.0, 158.0, 184.0, 185.0, 174.0]",16.348562240600586,0.0,-45.081695556640625,0.00057220458984375,-250.87066650390625
1750932196.4260786,0.0,0.5,"[174.0, 185.0, 177.0, 155.0, 154.0, 154.0, 158.0, 183.0, 185.0, 174.0]",16.374135971069336,0.0,-44.754241943359375,0.00057220458984375,-250.8695068359375
1750932196.44135,0.0,0.5,"[174.0, 185.0, 177.0, 155.0, 154.0, 154.0, 158.0, 183.0, 185.0, 174.0]",16.521854400634766,0.0,-44.423797607421875,0.00057220458984375,-250.867919921875
1750932196.4558046,0.0,0.5,"[174.0, 185.0, 177.0, 155.0, 154.0, 154.0, 158.0, 183.0, 185.0, 174.0]",16.453140258789062,0.0,-44.0947265625,0.00057220458984375,-250.86654663085938
1750932196.492355,0.0,0.5,"[174.0, 185.0, 177.0, 155.0, 154.0, 154.0, 158.0, 183.0, 185.0, 174.0]",16.575265884399414,0.0,-43.76324462890625,0.00057220458984375,-250.86529541015625
1750932196.5074704,0.0,0.5,"[174.0, 185.0, 177.0, 155.0, 154.0, 154.0, 158.0, 183.0, 185.0, 174.0]",16.476930618286133,0.0,-43.433685302734375,0.00057220458984375,-250.86376953125
1750932196.5222802,0.0,0.5,"[174.0, 185.0, 177.0, 155.0, 154.0, 154.0, 158.0, 183.0, 185.0, 174.0]",16.706768035888672,0.0,-43.099578857421875,0.00057220458984375,-250.86224365234375
1750932196.5374482,0.0,0.5,"[174.0, 185.0, 177.0, 155.0, 154.0, 154.0, 158.0, 183.0, 185.0, 174.0]",16.684789657592773,0.0,-42.765869140625,0.00057220458984375,-250.86080932617188
1750932196.574607,0.0,0.5,"[174.0, 185.0, 177.0, 155.0, 154.0, 154.0, 158.0, 183.0, 185.0, 174.0]",16.618139266967773,0.0,-42.433502197265625,0.00057220458984375,-250.85919189453125
1750932196.5895963,0.0,0.5,"[174.0, 185.0, 177.0, 155.0, 154.0, 154.0, 158.0, 183.0, 185.0, 174.0]",16.856748580932617,0.0,-42.09637451171875,0.00057220458984375,-250.857666015625
1750932196.6043699,0.0,0.5,"[174.0, 185.0, 177.0, 155.0, 154.0, 154.0, 158.0, 183.0, 185.0, 174.0]",16.74854278564453,0.0,-41.76141357421875,0.00057220458984375,-250.85638427734375
1750932196.6191888,0.0,0.5,"[174.0, 185.0, 177.0, 155.0, 154.0, 154.0, 158.0, 183.0, 185.0, 174.0]",16.699674606323242,0.0,-41.42742919921875,0.00057220458984375,-250.8546142578125
1750932196.6449234,0.0,0.5,"[174.0, 185.0, 177.0, 155.0, 154.0, 154.0, 158.0, 183.0, 185.0, 174.0]",16.926916122436523,0.0,-41.088897705078125,0.00057220458984375,-250.853271484375
1750932196.6596742,0.0,0.5,"[174.0, 185.0, 177.0, 155.0, 154.0, 154.0, 158.0, 183.0, 185.0, 174.0]",16.937847137451172,0.0,-40.750152587890625,0.00057220458984375,-250.8519287109375
1750932196.6856272,0.0,0.5,"[174.0, 185.0, 177.0, 155.0, 154.0, 154.0, 158.0, 183.0, 185.0, 174.0]",16.801681518554688,0.0,-40.414093017578125,0.00057220458984375,-250.85040283203125
1750932196.7007544,0.0,0.5,"[174.0, 185.0, 177.0, 155.0, 154.0, 154.0, 158.0, 183.0, 185.0, 174.0]",17.068744659423828,0.0,-40.072723388671875,0.00057220458984375,-250.848876953125
1750932196.715784,0.0,0.5,"[174.0, 185.0, 177.0, 155.0, 154.0, 154.0, 158.0, 183.0, 185.0, 174.0]",16.98198127746582,0.0,-39.73309326171875,0.00057220458984375,-250.84738159179688
1750932196.7529976,0.0,0.5,"[174.0, 185.0, 177.0, 155.0, 154.0, 154.0, 158.0, 183.0, 185.0, 174.0]",17.029569625854492,0.0,-39.39251708984375,0.00057220458984375,-250.8458251953125
1750932196.7679524,0.0,0.5,"[174.0, 185.0, 177.0, 155.0, 154.0, 155.0, 158.0, 183.0, 185.0, 174.0]",17.123390197753906,0.0,-39.050048828125,0.00057220458984375,-250.84429931640625
1750932196.7833045,0.0,0.5,"[174.0, 185.0, 177.0, 155.0, 154.0, 154.0, 158.0, 183.0, 185.0, 174.0]",17.12024688720703,0.0,-38.7076416015625,0.00057220458984375,-250.84304809570312
1750932196.7978828,0.0,0.5,"[174.0, 185.0, 177.0, 155.0, 154.0, 154.0, 158.0, 183.0, 185.0, 174.0]",17.225811004638672,0.0,-38.363128662109375,0.00057220458984375,-250.84149169921875
1750932196.8354669,0.0,0.5,"[174.0, 185.0, 177.0, 155.0, 154.0, 154.0, 158.0, 183.0, 185.0, 174.0]",17.1663761138916,0.0,-38.019805908203125,0.00057220458984375,-250.8402099609375
1750932196.8503337,0.0,0.5,"[174.0, 185.0, 177.0, 155.0, 154.0, 154.0, 158.0, 183.0, 185.0, 174.0]",17.34870147705078,0.0,-37.672821044921875,0.00057220458984375,-250.83865356445312
1750932196.8651218,0.0,0.5,"[174.0, 185.0, 178.0, 155.0, 154.0, 154.0, 158.0, 183.0, 185.0, 174.0]",17.320632934570312,0.0,-37.326416015625,0.00057220458984375,-250.8372802734375
1750932196.8800113,0.0,0.5,"[174.0, 185.0, 177.0, 155.0, 154.0, 155.0, 158.0, 183.0, 185.0, 174.0]",17.315427780151367,0.0,-36.980133056640625,0.00057220458984375,-250.8355712890625
1750932196.9057086,0.0,0.5,"[174.0, 185.0, 177.0, 155.0, 154.0, 154.0, 158.0, 183.0, 185.0, 174.0]",17.29289436340332,0.0,-36.63427734375,0.00057220458984375,-250.83444213867188
1750932196.921323,0.0,0.5,"[174.0, 185.0, 177.0, 155.0, 154.0, 154.0, 158.0, 183.0, 185.0, 174.0]",17.498220443725586,0.0,-36.2843017578125,0.00057220458984375,-250.8328857421875
1750932196.9364357,0.0,0.5,"[174.0, 185.0, 178.0, 155.0, 154.0, 154.0, 158.0, 183.0, 185.0, 174.0]",17.37643051147461,0.0,-35.936767578125,0.00057220458984375,-250.83148193359375
1750932196.973396,0.0,0.5,"[174.0, 185.0, 177.0, 155.0, 154.0, 154.0, 158.0, 183.0, 185.0, 174.0]",17.522953033447266,0.0,-35.586334228515625,0.00057220458984375,-250.82968139648438
1750932196.9889174,0.0,0.5,"[174.0, 185.0, 177.0, 155.0, 154.0, 154.0, 158.0, 183.0, 185.0, 174.0]",17.440448760986328,0.0,-35.237518310546875,0.00057220458984375,-250.828125
1750932197.0035362,0.0,0.5,"[174.0, 185.0, 178.0, 155.0, 154.0, 154.0, 158.0, 183.0, 185.0, 174.0]",17.474761962890625,0.0,-34.888031005859375,0.00057220458984375,-250.82659912109375
1750932197.0184877,0.0,0.5,"[174.0, 185.0, 178.0, 155.0, 154.0, 154.0, 158.0, 183.0, 185.0, 174.0]",17.744651794433594,0.0,-34.53314208984375,0.00057220458984375,-250.82504272460938
1750932197.0557892,0.0,0.5,"[174.0, 185.0, 178.0, 155.0, 154.0, 154.0, 158.0, 183.0, 185.0, 174.0]",17.48240089416504,0.0,-34.183502197265625,0.00057220458984375,-250.823486328125
1750932197.070523,0.0,0.5,"[174.0, 185.0, 178.0, 155.0, 154.0, 154.0, 158.0, 183.0, 185.0, 174.0]",17.888391494750977,0.0,-33.825714111328125,0.00057220458984375,-250.8218994140625
1750932197.0855389,0.0,0.5,"[174.0, 185.0, 178.0, 155.0, 154.0, 154.0, 158.0, 183.0, 185.0, 174.0]",17.44748306274414,0.0,-33.476776123046875,0.00057220458984375,-250.82040405273438
1750932197.1005213,0.0,0.5,"[174.0, 185.0, 178.0, 155.0, 154.0, 154.0, 158.0, 183.0, 185.0, 174.0]",17.843460083007812,0.0,-33.119903564453125,0.00057220458984375,-250.81884765625
1750932197.1157734,0.0,0.5,"[174.0, 185.0, 178.0, 155.0, 154.0, 154.0, 158.0, 183.0, 185.0, 174.0]",17.70139503479004,0.0,-32.765899658203125,0.00057220458984375,-250.81732177734375
1750932197.153092,0.0,0.5,"[174.0, 185.0, 178.0, 155.0, 154.0, 154.0, 158.0, 183.0, 185.0, 174.0]",17.876731872558594,0.0,-32.408355712890625,0.00057220458984375,-250.8157958984375
1750932197.1677926,0.0,0.5,"[174.0, 185.0, 178.0, 155.0, 154.0, 154.0, 158.0, 183.0, 185.0, 174.0]",17.735153198242188,0.0,-32.053680419921875,0.00057220458984375,-250.81414794921875
1750932197.182882,0.0,0.5,"[174.0, 185.0, 178.0, 155.0, 154.0, 154.0, 158.0, 183.0, 185.0, 174.0]",17.940704345703125,0.0,-31.694854736328125,0.00057220458984375,-250.81271362304688
1750932197.1979563,0.0,0.5,"[174.0, 185.0, 178.0, 155.0, 154.0, 154.0, 158.0, 183.0, 185.0, 174.0]",17.852331161499023,0.0,-31.337799072265625,0.00057220458984375,-250.81112670898438
1750932197.235503,0.0,0.5,"[174.0, 185.0, 178.0, 155.0, 154.0, 154.0, 158.0, 183.0, 185.0, 174.0]",17.91691017150879,0.0,-30.9794921875,0.00057220458984375,-250.80950927734375
1750932197.2509093,0.0,0.5,"[174.0, 185.0, 178.0, 155.0, 154.0, 154.0, 158.0, 183.0, 185.0, 174.0]",18.14790153503418,0.0,-30.61651611328125,0.00057220458984375,-250.80792236328125
1750932197.2659922,0.0,0.5,"[174.0, 185.0, 178.0, 155.0, 154.0, 154.0, 158.0, 183.0, 185.0, 174.0]",17.940631866455078,0.0,-30.257720947265625,0.0005741119384765625,-250.806396484375
1750932197.2810504,0.0,0.5,"[174.0, 185.0, 178.0, 155.0, 154.0, 154.0, 158.0, 183.0, 185.0, 174.0]",18.139944076538086,0.0,-29.894927978515625,0.00057220458984375,-250.8048095703125
1750932197.296029,0.0,0.5,"[174.0, 185.0, 178.0, 155.0, 154.0, 154.0, 158.0, 183.0, 185.0, 174.0]",18.01969337463379,0.0,-29.534515380859375,0.00057220458984375,-250.803466796875
1750932197.3323438,0.0,0.5,"[174.0, 185.0, 178.0, 155.0, 154.0, 154.0, 158.0, 183.0, 185.0, 174.0]",18.129934310913086,0.0,-29.17193603515625,0.00057220458984375,-250.80169677734375
1750932197.3473117,0.0,0.5,"[174.0, 185.0, 178.0, 155.0, 154.0, 154.0, 158.0, 183.0, 185.0, 174.0]",18.217729568481445,0.0,-28.807586669921875,0.00057220458984375,-250.80007934570312
1750932197.3617024,0.0,0.5,"[174.0, 185.0, 178.0, 155.0, 154.0, 154.0, 158.0, 183.0, 185.0, 174.0]",18.316558837890625,0.0,-28.441253662109375,0.00057220458984375,-250.79852294921875
1750932197.3756692,0.0,0.5,"[174.0, 185.0, 178.0, 155.0, 154.0, 154.0, 158.0, 183.0, 185.0, 174.0]",18.23617172241211,0.0,-28.0765380859375,0.00057220458984375,-250.79693603515625
1750932197.412572,0.0,0.5,"[174.0, 185.0, 178.0, 155.0, 154.0, 154.0, 158.0, 183.0, 185.0, 174.0]",18.308095932006836,0.0,-27.71038818359375,0.00057220458984375,-250.79544067382812
1750932197.4273422,0.0,0.5,"[174.0, 185.0, 178.0, 155.0, 154.0, 154.0, 158.0, 183.0, 185.0, 174.0]",18.35018539428711,0.0,-27.3433837890625,0.00057220458984375,-250.7939453125
1750932197.442388,0.0,0.5,"[174.0, 185.0, 178.0, 155.0, 154.0, 154.0, 158.0, 183.0, 185.0, 174.0]",18.38593292236328,0.0,-26.97564697265625,0.00057220458984375,-250.79229736328125
1750932197.4573963,0.0,0.5,"[174.0, 185.0, 178.0, 155.0, 154.0, 154.0, 158.0, 183.0, 185.0, 174.0]",18.354122161865234,0.0,-26.60858154296875,0.00057220458984375,-250.79071044921875
1750932197.4946182,0.0,0.5,"[174.0, 185.0, 178.0, 155.0, 154.0, 154.0, 158.0, 183.0, 185.0, 174.0]",18.407970428466797,0.0,-26.24041748046875,0.00057220458984375,-250.78912353515625
1750932197.5092394,0.0,0.5,"[174.0, 185.0, 178.0, 155.0, 154.0, 154.0, 158.0, 183.0, 185.0, 174.0]",18.4977970123291,0.0,-25.8704833984375,0.00057220458984375,-250.78738403320312
1750932197.5243325,0.0,0.5,"[174.0, 185.0, 178.0, 155.0, 154.0, 154.0, 158.0, 183.0, 185.0, 174.0]",18.448413848876953,0.0,-25.501495361328125,0.00057220458984375,-250.78579711914062
1750932197.539541,0.0,0.5,"[174.0, 185.0, 178.0, 155.0, 154.0, 154.0, 158.0, 183.0, 185.0, 174.0]",18.680524826049805,0.0,-25.127899169921875,0.00057220458984375,-250.7843017578125
1750932197.5655885,0.0,0.5,"[174.0, 185.0, 178.0, 155.0, 154.0, 154.0, 158.0, 183.0, 185.0, 174.0]",18.50823974609375,0.0,-24.75775146484375,0.00057220458984375,-250.7828369140625
1750932197.580626,0.0,0.5,"[174.0, 185.0, 178.0, 155.0, 154.0, 154.0, 158.0, 183.0, 185.0, 174.0]",18.82352066040039,0.0,-24.38128662109375,0.00057220458984375,-250.78125
1750932197.5959578,0.0,0.5,"[174.0, 185.0, 178.0, 155.0, 154.0, 154.0, 158.0, 183.0, 185.0, 174.0]",18.358558654785156,0.0,-24.01409912109375,0.00057220458984375,-250.7796630859375
1750932197.632967,0.0,0.5,"[174.0, 185.0, 178.0, 155.0, 154.0, 154.0, 158.0, 183.0, 185.0, 174.0]",18.7455997467041,0.0,-23.639190673828125,0.00057220458984375,-250.778076171875
1750932197.6478097,0.0,0.5,"[174.0, 185.0, 178.0, 155.0, 154.0, 154.0, 158.0, 183.0, 185.0, 174.0]",18.775650024414062,0.0,-23.263702392578125,0.00057220458984375,-250.7764892578125
1750932197.6630852,0.0,0.5,"[174.0, 185.0, 178.0, 155.0, 154.0, 154.0, 158.0, 183.0, 185.0, 174.0]",18.82411003112793,0.0,-22.88720703125,0.00057220458984375,-250.77487182617188
1750932197.678298,0.0,0.5,"[174.0, 185.0, 178.0, 155.0, 154.0, 154.0, 158.0, 183.0, 185.0, 174.0]",18.83209800720215,0.0,-22.51055908203125,0.00057220458984375,-250.77328491210938
1750932197.7161176,0.0,0.5,"[174.0, 185.0, 178.0, 155.0, 154.0, 154.0, 158.0, 183.0, 185.0, 174.0]",18.919883728027344,0.0,-22.132171630859375,0.00057220458984375,-250.77163696289062
1750932197.7312074,0.0,0.5,"[174.0, 185.0, 178.0, 155.0, 154.0, 154.0, 158.0, 183.0, 185.0, 174.0]",18.792484283447266,0.0,-21.756317138671875,0.00057220458984375,-250.7701416015625
1750932197.7458892,0.0,0.5,"[174.0, 185.0, 178.0, 155.0, 154.0, 154.0, 158.0, 183.0, 185.0, 174.0]",18.971763610839844,0.0,-21.37689208984375,0.00057220458984375,-250.76837158203125
1750932197.7603173,0.0,0.5,"[174.0, 185.0, 178.0, 155.0, 154.0, 154.0, 158.0, 183.0, 185.0, 174.0]",18.856422424316406,0.0,-20.999786376953125,0.00057220458984375,-250.76678466796875
1750932197.7751553,0.0,0.5,"[174.0, 185.0, 178.0, 155.0, 154.0, 154.0, 158.0, 183.0, 185.0, 174.0]",18.984596252441406,0.0,-20.620086669921875,0.00057220458984375,-250.76519775390625
1750932197.8123474,0.0,0.5,"[174.0, 185.0, 178.0, 155.0, 154.0, 154.0, 158.0, 183.0, 185.0, 174.0]",19.009525299072266,0.0,-20.239898681640625,0.0005741119384765625,-250.76373291015625
1750932197.8269486,0.0,0.5,"[174.0, 185.0, 178.0, 155.0, 154.0, 154.0, 158.0, 183.0, 185.0, 174.0]",19.155925750732422,0.0,-19.856781005859375,0.0005741119384765625,-250.7620849609375
1750932197.842043,0.0,0.5,"[174.0, 185.0, 178.0, 155.0, 154.0, 154.0, 158.0, 183.0, 185.0, 174.0]",18.9794864654541,0.0,-19.477203369140625,0.0005741119384765625,-250.76068115234375
1750932197.8570297,0.0,0.5,"[174.0, 185.0, 178.0, 155.0, 154.0, 154.0, 158.0, 183.0, 185.0, 174.0]",19.157018661499023,0.0,-19.09405517578125,0.0005741119384765625,-250.75897216796875
1750932197.8942826,0.0,0.5,"[174.0, 185.0, 178.0, 155.0, 154.0, 154.0, 158.0, 183.0, 185.0, 174.0]",19.031047821044922,0.0,-18.71343994140625,0.00057220458984375,-250.75738525390625
1750932197.9089553,0.0,0.5,"[174.0, 185.0, 178.0, 155.0, 154.0, 154.0, 158.0, 183.0, 185.0, 174.0]",19.289960861206055,0.0,-18.32763671875,0.00057220458984375,-250.75576782226562
1750932197.9229257,0.0,0.5,"[174.0, 185.0, 178.0, 155.0, 154.0, 154.0, 158.0, 183.0, 185.0, 174.0]",19.1447696685791,0.0,-17.94476318359375,0.0005741119384765625,-250.75421142578125
1750932197.938042,0.0,0.5,"[174.0, 185.0, 178.0, 155.0, 154.0, 154.0, 158.0, 183.0, 185.0, 174.0]",19.430343627929688,0.0,-17.55615234375,0.0005741119384765625,-250.75250244140625
1750932197.9747086,0.0,0.5,"[174.0, 185.0, 178.0, 155.0, 154.0, 154.0, 158.0, 183.0, 185.0, 174.0]",19.098209381103516,0.0,-17.1741943359375,0.0005741119384765625,-250.7508544921875
1750932197.9892912,0.0,0.5,"[174.0, 185.0, 178.0, 155.0, 154.0, 154.0, 158.0, 183.0, 185.0, 174.0]",19.494443893432617,0.0,-16.7843017578125,0.0005741119384765625,-250.7491455078125
1750932198.0040784,0.0,0.5,"[174.0, 185.0, 178.0, 155.0, 154.0, 154.0, 158.0, 183.0, 185.0, 174.0]",19.164770126342773,0.0,-16.4010009765625,0.0005741119384765625,-250.7474365234375
1750932198.0190408,0.0,0.5,"[174.0, 185.0, 178.0, 155.0, 154.0, 154.0, 158.0, 183.0, 185.0, 174.0]",19.579551696777344,0.0,-16.009429931640625,0.0005741119384765625,-250.7457275390625
1750932198.0453289,0.0,0.5,"[174.0, 185.0, 178.0, 155.0, 154.0, 154.0, 158.0, 183.0, 185.0, 174.0]",19.18837547302246,0.0,-15.62567138671875,0.0005741119384765625,-250.74411010742188
1750932198.0603368,0.0,0.5,"[174.0, 185.0, 178.0, 155.0, 154.0, 154.0, 158.0, 183.0, 185.0, 174.0]",19.59652328491211,0.0,-15.233734130859375,0.0005741119384765625,-250.74240112304688
1750932198.0753827,0.0,0.5,"[174.0, 185.0, 178.0, 155.0, 154.0, 154.0, 158.0, 183.0, 185.0, 174.0]",19.388944625854492,0.0,-14.845977783203125,0.0005741119384765625,-250.74066162109375
1750932198.1113298,0.0,0.5,"[174.0, 185.0, 178.0, 155.0, 154.0, 154.0, 158.0, 183.0, 185.0, 174.0]",19.694042205810547,0.0,-14.45208740234375,0.0005741119384765625,-250.739013671875
1750932198.1256382,0.0,0.5,"[174.0, 185.0, 178.0, 155.0, 154.0, 154.0, 158.0, 183.0, 185.0, 174.0]",19.37747573852539,0.0,-14.064544677734375,0.0005741119384765625,-250.7374267578125
1750932198.1406236,0.0,0.5,"[174.0, 185.0, 178.0, 155.0, 154.0, 154.0, 158.0, 183.0, 185.0, 174.0]",19.772037506103516,0.0,-13.669097900390625,0.0005741119384765625,-250.73577880859375
1750932198.1548133,0.0,0.5,"[174.0, 185.0, 178.0, 155.0, 154.0, 154.0, 158.0, 183.0, 185.0, 174.0]",19.488340377807617,0.0,-13.279327392578125,0.0005741119384765625,-250.734130859375
1750932198.1920013,0.0,0.5,"[174.0, 185.0, 178.0, 155.0, 154.0, 154.0, 158.0, 183.0, 185.0, 174.0]",19.83332633972168,0.0,-12.8826904296875,0.0005741119384765625,-250.73245239257812
1750932198.2076182,0.0,0.5,"[174.0, 185.0, 178.0, 155.0, 154.0, 154.0, 158.0, 183.0, 185.0, 174.0]",19.503740310668945,0.0,-12.49261474609375,0.0005741119384765625,-250.73077392578125
1750932198.222473,0.0,0.5,"[174.0, 185.0, 178.0, 155.0, 154.0, 154.0, 158.0, 183.0, 185.0, 174.0]",19.88325309753418,0.0,-12.094940185546875,0.0005741119384765625,-250.72915649414062
1750932198.2375352,0.0,0.5,"[174.0, 185.0, 178.0, 155.0, 154.0, 154.0, 158.0, 183.0, 185.0, 174.0]",19.60247230529785,0.0,-11.702911376953125,0.0005741119384765625,-250.72760009765625
1750932198.2750213,0.0,0.5,"[174.0, 185.0, 178.0, 155.0, 154.0, 154.0, 158.0, 183.0, 185.0, 174.0]",19.96348762512207,0.0,-11.303619384765625,0.0005741119384765625,-250.72592163085938
1750932198.290028,0.0,0.5,"[174.0, 185.0, 178.0, 155.0, 154.0, 154.0, 158.0, 183.0, 185.0, 174.0]",19.691728591918945,0.0,-10.9097900390625,0.0005741119384765625,-250.72430419921875
1750932198.3048713,0.0,0.5,"[174.0, 185.0, 178.0, 155.0, 154.0, 154.0, 158.0, 183.0, 185.0, 174.0]",20.044273376464844,0.0,-10.5089111328125,0.0005741119384765625,-250.72265625
1750932198.3200681,0.0,0.5,"[174.0, 185.0, 178.0, 155.0, 154.0, 154.0, 158.0, 183.0, 185.0, 174.0]",19.717376708984375,0.0,-10.11456298828125,0.0005741119384765625,-250.72100830078125
1750932198.3461065,0.0,0.5,"[174.0, 185.0, 178.0, 155.0, 154.0, 154.0, 158.0, 183.0, 185.0, 174.0]",20.123533248901367,0.0,-9.71209716796875,0.0005741119384765625,-250.71929931640625
1750932198.3605773,0.0,0.5,"[174.0, 185.0, 178.0, 155.0, 154.0, 154.0, 158.0, 183.0, 185.0, 174.0]",19.737632751464844,0.0,-9.317352294921875,0.0005741119384765625,-250.71762084960938
1750932198.3759446,0.0,0.5,"[174.0, 185.0, 178.0, 155.0, 154.0, 154.0, 158.0, 183.0, 185.0, 174.0]",20.148555755615234,0.0,-8.914398193359375,0.0005741119384765625,-250.71588134765625
1750932198.413502,0.0,0.5,"[174.0, 185.0, 178.0, 155.0, 154.0, 154.0, 158.0, 183.0, 185.0, 174.0]",19.907567977905273,0.0,-8.5162353515625,0.0005741119384765625,-250.71414184570312
1750932198.4279408,0.0,0.5,"[174.0, 185.0, 178.0, 155.0, 154.0, 154.0, 158.0, 183.0, 185.0, 174.0]",20.2110538482666,0.0,-8.112030029296875,0.0005741119384765625,-250.71243286132812
1750932198.4432387,0.0,0.5,"[174.0, 185.0, 178.0, 155.0, 154.0, 154.0, 158.0, 183.0, 185.0, 174.0]",19.960834503173828,0.0,-7.712799072265625,0.0005741119384765625,-250.71075439453125
1750932198.4583318,0.0,0.5,"[174.0, 185.0, 178.0, 155.0, 154.0, 154.0, 158.0, 183.0, 185.0, 174.0]",20.32883644104004,0.0,-7.306243896484375,0.0005741119384765625,-250.70904541015625
1750932198.4954567,0.0,0.5,"[174.0, 185.0, 178.0, 155.0, 154.0, 154.0, 158.0, 183.0, 185.0, 174.0]",19.933181762695312,0.0,-6.9075927734375,0.0005741119384765625,-250.7073974609375
1750932198.5099406,0.0,0.5,"[174.0, 185.0, 178.0, 155.0, 154.0, 154.0, 158.0, 183.0, 185.0, 174.0]",20.327144622802734,0.0,-6.50103759765625,0.0005741119384765625,-250.70565795898438
1750932198.5250652,0.0,0.5,"[174.0, 185.0, 178.0, 155.0, 154.0, 154.0, 158.0, 183.0, 185.0, 174.0]",20.163999557495117,0.0,-6.0977783203125,0.0005741119384765625,-250.703857421875
1750932198.540542,0.0,0.5,"[174.0, 185.0, 178.0, 155.0, 154.0, 154.0, 158.0, 183.0, 185.0, 174.0]",20.424856185913086,0.0,-5.68927001953125,0.0005741119384765625,-250.70217895507812
1750932198.5550115,0.0,0.5,"[174.0, 185.0, 178.0, 155.0, 154.0, 154.0, 158.0, 183.0, 185.0, 174.0]",20.153182983398438,0.0,-5.286224365234375,0.0005741119384765625,-250.70053100585938
1750932198.5927086,0.0,0.5,"[174.0, 185.0, 178.0, 155.0, 154.0, 154.0, 158.0, 183.0, 185.0, 174.0]",20.524770736694336,0.0,-4.875732421875,0.0005741119384765625,-250.6988525390625
1750932198.6070378,0.0,0.5,"[174.0, 185.0, 178.0, 155.0, 154.0, 154.0, 158.0, 183.0, 185.0, 174.0]",20.167774200439453,0.0,-4.472381591796875,0.0005741119384765625,-250.697265625
1750932198.6220534,0.0,0.5,"[174.0, 185.0, 178.0, 155.0, 154.0, 154.0, 158.0, 183.0, 185.0, 174.0]",20.53708267211914,0.0,-4.0616455078125,0.0005741119384765625,-250.69549560546875
1750932198.6363566,0.0,0.5,"[174.0, 185.0, 178.0, 155.0, 154.0, 154.0, 158.0, 183.0, 185.0, 174.0]",20.314916610717773,0.0,-3.65533447265625,0.0005741119384765625,-250.6937255859375
1750932198.6739323,0.0,0.5,"[174.0, 185.0, 178.0, 155.0, 154.0, 154.0, 158.0, 183.0, 185.0, 174.0]",20.65705108642578,0.0,-3.2421875,0.0005741119384765625,-250.6920166015625
1750932198.688734,0.0,0.5,"[174.0, 185.0, 178.0, 155.0, 154.0, 154.0, 158.0, 183.0, 185.0, 174.0]",20.30672264099121,0.0,-2.8360595703125,0.0005741119384765625,-250.6904296875
1750932198.703043,0.0,0.5,"[174.0, 185.0, 178.0, 155.0, 154.0, 154.0, 158.0, 183.0, 185.0, 174.0]",20.669221878051758,0.0,-2.422698974609375,0.0005741119384765625,-250.68865966796875
1750932198.7178144,0.0,0.5,"[174.0, 185.0, 178.0, 155.0, 154.0, 154.0, 158.0, 183.0, 185.0, 174.0]",20.438589096069336,0.0,-2.013916015625,0.0005741119384765625,-250.6868896484375
1750932198.75482,0.0,0.5,"[174.0, 185.0, 178.0, 155.0, 154.0, 154.0, 158.0, 183.0, 185.0, 174.0]",20.794540405273438,0.0,-1.5980224609375,0.0005741119384765625,-250.68515014648438
1750932198.7692502,0.0,0.5,"[174.0, 185.0, 178.0, 155.0, 154.0, 154.0, 158.0, 183.0, 185.0, 174.0]",20.41709327697754,0.0,-1.189697265625,0.0005741119384765625,-250.68353271484375
1750932198.7840855,0.0,0.5,"[174.0, 185.0, 179.0, 155.0, 154.0, 154.0, 156.0, 183.0, 185.0, 174.0]",20.820863723754883,0.0,-0.773284912109375,0.0005741119384765625,-250.6817626953125
1750932198.7988594,0.0,0.5,"[174.0, 185.0, 178.0, 155.0, 154.0, 154.0, 158.0, 183.0, 185.0, 174.0]",20.56064224243164,0.0,-0.362060546875,0.0005741119384765625,-250.67990112304688
1750932198.8365152,0.0,0.5,"[174.0, 185.0, 178.0, 155.0, 154.0, 154.0, 158.0, 183.0, 185.0, 174.0]",20.916893005371094,0.0,0.0562744140625,0.0005741119384765625,-250.67819213867188
1750932198.851898,0.0,0.5,"[174.0, 185.0, 179.0, 155.0, 154.0, 154.0, 156.0, 183.0, 185.0, 174.0]",20.551677703857422,0.0,0.46728515625,0.0005741119384765625,-250.67657470703125
1750932198.8670328,0.0,0.5,"[174.0, 185.0, 179.0, 155.0, 154.0, 154.0, 156.0, 183.0, 185.0, 174.0]",20.95803451538086,0.0,0.886444091796875,0.0005741119384765625,-250.67486572265625
1750932198.882089,0.0,0.5,"[174.0, 185.0, 179.0, 155.0, 154.0, 154.0, 156.0, 183.0, 185.0, 174.0]",20.67348289489746,0.0,1.2999267578125,0.0005741119384765625,-250.673095703125
1750932198.897136,0.0,0.5,"[174.0, 185.0, 179.0, 155.0, 154.0, 154.0, 156.0, 183.0, 185.0, 174.0]",21.052024841308594,0.0,1.720947265625,0.0005741119384765625,-250.67132568359375
1750932198.9343357,0.0,0.5,"[174.0, 185.0, 179.0, 155.0, 154.0, 154.0, 156.0, 183.0, 185.0, 174.0]",20.67377281188965,0.0,2.134429931640625,0.0005741119384765625,-250.66961669921875
1750932198.94912,0.0,0.5,"[174.0, 185.0, 179.0, 155.0, 154.0, 154.0, 156.0, 183.0, 185.0, 174.0]",21.075929641723633,0.0,2.555938720703125,0.0005741119384765625,-250.6678466796875
1750932198.9646347,0.0,0.5,"[174.0, 185.0, 179.0, 155.0, 154.0, 154.0, 156.0, 183.0, 185.0, 174.0]",20.827091217041016,0.0,2.97247314453125,0.0005741119384765625,-250.666015625
1750932198.9799595,0.0,0.5,"[174.0, 185.0, 179.0, 155.0, 154.0, 154.0, 156.0, 183.0, 185.0, 174.0]",21.169322967529297,0.0,3.395843505859375,0.0005741119384765625,-250.66424560546875
1750932199.0068424,0.0,0.5,"[174.0, 185.0, 179.0, 155.0, 154.0, 154.0, 156.0, 183.0, 185.0, 174.0]",20.803361892700195,0.0,3.811920166015625,0.0005741119384765625,-250.66253662109375
1750932199.0221915,0.0,0.5,"[174.0, 185.0, 179.0, 155.0, 154.0, 154.0, 156.0, 183.0, 185.0, 174.0]",21.20230484008789,0.0,4.2359619140625,0.000576019287109375,-250.66070556640625
1750932199.0372052,0.0,0.5,"[174.0, 185.0, 179.0, 155.0, 154.0, 154.0, 156.0, 183.0, 185.0, 174.0]",20.956436157226562,0.0,4.65509033203125,0.0005741119384765625,-250.6588134765625
1750932199.0738606,0.0,0.5,"[174.0, 185.0, 179.0, 155.0, 154.0, 154.0, 156.0, 183.0, 185.0, 174.0]",21.294763565063477,0.0,5.08099365234375,0.0005741119384765625,-250.65707397460938
1750932199.0885599,0.0,0.5,"[174.0, 185.0, 179.0, 155.0, 154.0, 154.0, 156.0, 183.0, 185.0, 174.0]",20.940349578857422,0.0,5.499786376953125,0.0005741119384765625,-250.6553955078125
1750932199.103416,0.0,0.5,"[174.0, 185.0, 179.0, 155.0, 154.0, 154.0, 156.0, 183.0, 185.0, 174.0]",21.335660934448242,0.0,5.926483154296875,0.0005741119384765625,-250.65362548828125
1750932199.1186743,0.0,0.5,"[174.0, 185.0, 179.0, 155.0, 154.0, 154.0, 156.0, 183.0, 185.0, 174.0]",21.059833526611328,0.0,6.347686767578125,0.0005741119384765625,-250.65182495117188
1750932199.1555815,0.0,0.5,"[174.0, 185.0, 179.0, 155.0, 154.0, 154.0, 156.0, 183.0, 185.0, 174.0]",21.40294647216797,0.0,6.775726318359375,0.0005741119384765625,-250.6500244140625
1750932199.1700087,0.0,0.5,"[174.0, 185.0, 179.0, 155.0, 154.0, 154.0, 156.0, 181.0, 185.0, 174.0]",21.09714126586914,0.0,7.19769287109375,0.0005741119384765625,-250.64825439453125
1750932199.1847029,0.0,0.5,"[174.0, 185.0, 179.0, 155.0, 154.0, 154.0, 156.0, 181.0, 185.0, 174.0]",21.48127555847168,0.0,7.627288818359375,0.0005741119384765625,-250.64642333984375
1750932199.199568,0.0,0.5,"[174.0, 185.0, 179.0, 155.0, 154.0, 154.0, 156.0, 181.0, 185.0, 174.0]",21.13524627685547,0.0,8.04998779296875,0.0005741119384765625,-250.64459228515625
1750932199.2243247,0.0,0.5,"[174.0, 185.0, 179.0, 155.0, 154.0, 154.0, 156.0, 181.0, 185.0, 174.0]",21.525653839111328,0.0,8.480499267578125,0.0005741119384765625,-250.64276123046875
1750932199.2393177,0.0,0.5,"[174.0, 185.0, 179.0, 155.0, 154.0, 154.0, 156.0, 181.0, 185.0, 174.0]",21.256471633911133,0.0,8.9056396484375,0.0005741119384765625,-250.64093017578125
1750932199.2656536,0.0,0.5,"[174.0, 185.0, 179.0, 155.0, 154.0, 154.0, 156.0, 181.0, 185.0, 174.0]",21.57909393310547,0.0,9.33721923828125,0.0005741119384765625,-250.63909912109375
1750932199.2808604,0.0,0.5,"[174.0, 185.0, 179.0, 155.0, 154.0, 154.0, 156.0, 181.0, 185.0, 174.0]",21.310148239135742,0.0,9.763397216796875,0.0005741119384765625,-250.6373291015625
1750932199.295877,0.0,0.5,"[174.0, 185.0, 179.0, 155.0, 154.0, 154.0, 156.0, 181.0, 185.0, 174.0]",21.654949188232422,0.0,10.196502685546875,0.0005741119384765625,-250.635498046875
1750932199.3333936,0.0,0.5,"[174.0, 185.0, 179.0, 155.0, 154.0, 154.0, 156.0, 181.0, 185.0, 174.0]",21.34847068786621,0.0,10.62347412109375,0.0005741119384765625,-250.63369750976562
1750932199.3482075,0.0,0.5,"[174.0, 185.0, 179.0, 155.0, 154.0, 154.0, 156.0, 181.0, 185.0, 174.0]",21.74881935119629,0.0,11.058441162109375,0.0005741119384765625,-250.63189697265625
1750932199.3628106,0.0,0.5,"[174.0, 185.0, 179.0, 155.0, 154.0, 154.0, 156.0, 181.0, 185.0, 174.0]",21.38612937927246,0.0,11.486175537109375,0.0005741119384765625,-250.63009643554688
1750932199.3780167,0.0,0.5,"[174.0, 185.0, 179.0, 155.0, 154.0, 154.0, 156.0, 181.0, 185.0, 174.0]",21.782833099365234,0.0,11.92181396484375,0.0005741119384765625,-250.6282958984375
1750932199.4157023,0.0,0.5,"[174.0, 185.0, 179.0, 155.0, 154.0, 154.0, 156.0, 181.0, 185.0, 174.0]",21.488065719604492,0.0,12.3515625,0.0005741119384765625,-250.62646484375
1750932199.4312449,0.0,0.5,"[174.0, 185.0, 179.0, 155.0, 154.0, 154.0, 156.0, 181.0, 185.0, 174.0]",21.847469329833984,0.0,12.78851318359375,0.0005741119384765625,-250.6246337890625
1750932199.4466934,0.0,0.5,"[174.0, 185.0, 179.0, 155.0, 154.0, 154.0, 156.0, 181.0, 185.0, 174.0]",21.540504455566406,0.0,13.219329833984375,0.0005741119384765625,-250.62286376953125
1750932199.462663,0.0,0.5,"[174.0, 185.0, 179.0, 155.0, 154.0, 154.0, 156.0, 181.0, 185.0, 174.0]",21.887964248657227,0.0,13.657073974609375,0.000576019287109375,-250.62103271484375
1750932199.4782927,0.0,0.5,"[174.0, 185.0, 179.0, 155.0, 154.0, 154.0, 156.0, 181.0, 185.0, 174.0]",21.63788414001465,0.0,14.08984375,0.000576019287109375,-250.61920166015625
1750932199.5164502,0.0,0.5,"[174.0, 185.0, 179.0, 155.0, 154.0, 154.0, 156.0, 181.0, 185.0, 174.0]",21.96858024597168,0.0,14.529205322265625,0.000576019287109375,-250.61737060546875
1750932199.5316472,0.0,0.5,"[174.0, 185.0, 179.0, 155.0, 154.0, 154.0, 156.0, 181.0, 185.0, 174.0]",21.645889282226562,0.0,14.962127685546875,0.000576019287109375,-250.61553955078125
1750932199.5475047,0.0,0.5,"[174.0, 185.0, 179.0, 155.0, 154.0, 154.0, 156.0, 181.0, 185.0, 174.0]",22.03910255432129,0.0,15.40289306640625,0.000576019287109375,-250.61370849609375
1750932199.5619998,0.0,0.5,"[174.0, 185.0, 179.0, 155.0, 154.0, 154.0, 156.0, 181.0, 185.0, 174.0]",21.70897102355957,0.0,15.837066650390625,0.000576019287109375,-250.61187744140625
1750932199.577566,0.0,0.5,"[174.0, 185.0, 179.0, 155.0, 154.0, 154.0, 156.0, 181.0, 185.0, 174.0]",22.10357093811035,0.0,16.279144287109375,0.000576019287109375,-250.61004638671875
1750932199.6153927,0.0,0.5,"[174.0, 185.0, 179.0, 155.0, 154.0, 154.0, 156.0, 181.0, 185.0, 174.0]",21.78547477722168,0.0,16.71484375,0.000576019287109375,-250.60821533203125
1750932199.629597,0.0,0.5,"[174.0, 185.0, 179.0, 155.0, 154.0, 154.0, 156.0, 181.0, 185.0, 174.0]",22.1397647857666,0.0,17.157623291015625,0.000576019287109375,-250.6063232421875
1750932199.644688,0.0,0.5,"[174.0, 185.0, 179.0, 155.0, 154.0, 154.0, 156.0, 181.0, 185.0, 174.0]",21.869291305541992,0.0,17.595001220703125,0.000576019287109375,-250.6044921875
1750932199.659815,0.0,0.5,"[174.0, 185.0, 179.0, 155.0, 154.0, 154.0, 156.0, 181.0, 185.0, 174.0]",22.22321319580078,0.0,18.039459228515625,0.000576019287109375,-250.6026611328125
1750932199.6860726,0.0,0.5,"[174.0, 185.0, 179.0, 155.0, 154.0, 154.0, 156.0, 181.0, 185.0, 174.0]",21.881189346313477,0.0,18.477081298828125,0.000576019287109375,-250.600830078125
1750932199.7016864,0.0,0.5,"[174.0, 185.0, 179.0, 155.0, 154.0, 154.0, 156.0, 181.0, 185.0, 174.0]",22.268951416015625,0.0,18.922454833984375,0.000576019287109375,-250.59893798828125
1750932199.7169347,0.0,0.5,"[174.0, 185.0, 179.0, 155.0, 154.0, 154.0, 156.0, 181.0, 185.0, 174.0]",21.9844913482666,0.0,19.362152099609375,0.000576019287109375,-250.59710693359375
1750932199.755026,0.0,0.5,"[174.0, 185.0, 179.0, 155.0, 154.0, 154.0, 156.0, 181.0, 185.0, 174.0]",22.333370208740234,0.0,19.808807373046875,0.000576019287109375,-250.59521484375
1750932199.769313,0.0,0.5,"[174.0, 185.0, 179.0, 155.0, 154.0, 154.0, 156.0, 181.0, 185.0, 174.0]",22.023761749267578,0.0,20.249298095703125,0.0005741119384765625,-250.5933837890625
1750932199.7851567,0.0,0.5,"[174.0, 185.0, 179.0, 155.0, 154.0, 154.0, 156.0, 181.0, 185.0, 174.0]",22.385560989379883,0.0,20.696990966796875,0.0005741119384765625,-250.59149169921875
1750932199.8002784,0.0,0.5,"[174.0, 185.0, 179.0, 155.0, 154.0, 154.0, 156.0, 181.0, 185.0, 174.0]",22.104616165161133,0.0,21.139068603515625,0.0005741119384765625,-250.58966064453125
1750932199.826406,0.0,0.5,"[174.0, 185.0, 179.0, 155.0, 154.0, 154.0, 156.0, 181.0, 185.0, 174.0]",22.46576690673828,0.0,21.588409423828125,0.0005741119384765625,-250.5877685546875
1750932199.841746,0.0,0.5,"[174.0, 185.0, 179.0, 155.0, 154.0, 154.0, 156.0, 181.0, 185.0, 174.0]",22.124013900756836,0.0,22.0308837890625,0.0005741119384765625,-250.5859375
1750932199.8572083,0.0,0.5,"[174.0, 185.0, 179.0, 155.0, 154.0, 154.0, 156.0, 181.0, 185.0, 174.0]",22.508142471313477,0.0,22.48101806640625,0.000576019287109375,-250.58404541015625
1750932199.8945918,0.0,0.5,"[174.0, 185.0, 179.0, 155.0, 154.0, 154.0, 156.0, 181.0, 185.0, 174.0]",22.225576400756836,0.0,22.925537109375,0.0005741119384765625,-250.58218383789062
1750932199.9094276,0.0,0.5,"[174.0, 185.0, 179.0, 155.0, 154.0, 154.0, 156.0, 181.0, 185.0, 174.0]",22.574674606323242,0.0,23.37701416015625,0.0005741119384765625,-250.58029174804688
1750932199.9247012,0.0,0.5,"[174.0, 185.0, 179.0, 155.0, 154.0, 154.0, 156.0, 181.0, 185.0, 174.0]",22.258888244628906,0.0,23.82220458984375,0.0005741119384765625,-250.57843017578125
1750932199.9394894,0.0,0.5,"[174.0, 185.0, 179.0, 155.0, 154.0, 154.0, 156.0, 181.0, 185.0, 174.0]",22.628618240356445,0.0,24.2747802734375,0.000576019287109375,-250.5765380859375
1750932199.9655745,0.0,0.5,"[174.0, 185.0, 179.0, 155.0, 154.0, 154.0, 156.0, 181.0, 185.0, 174.0]",22.335779190063477,0.0,24.721466064453125,0.0005741119384765625,-250.57464599609375
1750932199.98052,0.0,0.5,"[174.0, 185.0, 179.0, 155.0, 154.0, 154.0, 156.0, 181.0, 185.0, 174.0]",22.706111907958984,0.0,25.17559814453125,0.0005741119384765625,-250.57275390625
1750932199.9951947,0.0,0.5,"[174.0, 185.0, 179.0, 155.0, 154.0, 154.0, 156.0, 181.0, 185.0, 174.0]",22.36240577697754,0.0,25.622833251953125,0.0005741119384765625,-250.57086181640625
1750932200.0327694,0.0,0.5,"[174.0, 185.0, 179.0, 155.0, 154.0, 154.0, 156.0, 181.0, 185.0, 174.0]",22.74456024169922,0.0,26.077728271484375,0.0005741119384765625,-250.5689697265625
1750932200.0482817,0.0,0.5,"[174.0, 185.0, 179.0, 155.0, 154.0, 154.0, 156.0, 181.0, 185.0, 174.0]",22.463220596313477,0.0,26.5269775390625,0.0005741119384765625,-250.56707763671875
1750932200.0632908,0.0,0.5,"[174.0, 185.0, 179.0, 155.0, 154.0, 154.0, 156.0, 181.0, 185.0, 174.0]",22.813318252563477,0.0,26.983245849609375,0.000576019287109375,-250.565185546875
1750932200.0773165,0.0,0.5,"[174.0, 185.0, 179.0, 155.0, 154.0, 154.0, 156.0, 181.0, 185.0, 174.0]",22.49072265625,0.0,27.433074951171875,0.000576019287109375,-250.56329345703125
1750932200.1147096,0.0,0.5,"[174.0, 185.0, 179.0, 155.0, 154.0, 154.0, 156.0, 181.0, 185.0, 174.0]",22.86733627319336,0.0,27.890411376953125,0.000576019287109375,-250.5614013671875
1750932200.129374,0.0,0.5,"[174.0, 185.0, 179.0, 155.0, 154.0, 154.0, 156.0, 181.0, 185.0, 174.0]",22.565893173217773,0.0,28.341705322265625,0.000576019287109375,-250.55950927734375
1750932200.1436632,0.0,0.5,"[174.0, 185.0, 179.0, 155.0, 154.0, 154.0, 156.0, 181.0, 185.0, 174.0]",22.94257354736328,0.0,28.800567626953125,0.000576019287109375,-250.55755615234375
1750932200.1581657,0.0,0.5,"[174.0, 185.0, 179.0, 155.0, 154.0, 154.0, 156.0, 181.0, 185.0, 174.0]",22.596691131591797,0.0,29.25250244140625,0.000576019287109375,-250.5556640625
1750932200.1968555,0.0,0.5,"[174.0, 185.0, 179.0, 155.0, 154.0, 154.0, 156.0, 181.0, 185.0, 174.0]",22.978919982910156,0.0,29.712066650390625,0.000576019287109375,-250.55377197265625
1750932200.2119977,0.0,0.5,"[174.0, 185.0, 179.0, 155.0, 154.0, 154.0, 156.0, 181.0, 185.0, 174.0]",22.696130752563477,0.0,30.165985107421875,0.000576019287109375,-250.55184936523438
1750932200.2269444,0.0,0.5,"[174.0, 185.0, 179.0, 155.0, 154.0, 154.0, 156.0, 181.0, 185.0, 174.0]",23.049976348876953,0.0,30.626983642578125,0.000576019287109375,-250.5499267578125
1750932200.2418983,0.0,0.5,"[174.0, 185.0, 179.0, 155.0, 154.0, 154.0, 156.0, 181.0, 185.0, 174.0]",22.71898078918457,0.0,31.08135986328125,0.000576019287109375,-250.54800415039062
1750932200.2570329,0.0,0.5,"[174.0, 185.0, 179.0, 155.0, 154.0, 154.0, 156.0, 181.0, 185.0, 174.0]",23.100910186767578,0.0,31.543365478515625,0.000576019287109375,-250.54608154296875
1750932200.2944038,0.0,0.5,"[174.0, 185.0, 179.0, 155.0, 154.0, 154.0, 156.0, 181.0, 185.0, 174.0]",22.797269821166992,0.0,31.999298095703125,0.000576019287109375,-250.54415893554688
1750932200.3100069,0.0,0.5,"[174.0, 185.0, 179.0, 155.0, 154.0, 154.0, 156.0, 181.0, 185.0, 174.0]",23.17506980895996,0.0,32.462799072265625,0.000576019287109375,-250.542236328125
1750932200.325266,0.0,0.5,"[174.0, 185.0, 179.0, 155.0, 154.0, 154.0, 156.0, 181.0, 185.0, 174.0]",22.826723098754883,0.0,32.919342041015625,0.000576019287109375,-250.54031372070312
1750932200.3405075,0.0,0.5,"[174.0, 185.0, 179.0, 155.0, 154.0, 154.0, 156.0, 181.0, 185.0, 174.0]",23.210765838623047,0.0,33.383544921875,0.000576019287109375,-250.53839111328125
1750932200.3557749,0.0,0.5,"[174.0, 185.0, 179.0, 155.0, 154.0, 154.0, 156.0, 181.0, 185.0, 174.0]",22.92510986328125,0.0,33.842041015625,0.000576019287109375,-250.53643798828125
1750932200.3954036,0.0,0.5,"[174.0, 185.0, 179.0, 155.0, 154.0, 154.0, 156.0, 181.0, 185.0, 174.0]",23.283620834350586,0.0,34.307708740234375,0.000576019287109375,-250.53448486328125
1750932200.4105344,0.0,0.5,"[174.0, 185.0, 179.0, 155.0, 154.0, 154.0, 156.0, 181.0, 185.0, 174.0]",22.94468116760254,0.0,34.7666015625,0.000576019287109375,-250.5325927734375
1750932200.4254715,0.0,0.5,"[174.0, 185.0, 179.0, 156.0, 154.0, 154.0, 156.0, 181.0, 185.0, 174.0]",23.33036231994629,0.0,35.23321533203125,0.000576019287109375,-250.5306396484375
1750932200.4409935,0.0,0.5,"[174.0, 185.0, 179.0, 156.0, 154.0, 154.0, 156.0, 181.0, 185.0, 174.0]",23.027429580688477,0.0,35.693756103515625,0.000576019287109375,-250.5286865234375
1750932200.456534,0.0,0.5,"[174.0, 185.0, 179.0, 156.0, 154.0, 154.0, 156.0, 181.0, 185.0, 174.0]",23.404706954956055,0.0,36.161834716796875,0.000576019287109375,-250.5267333984375
1750932200.495623,0.0,0.5,"[174.0, 185.0, 179.0, 156.0, 154.0, 154.0, 156.0, 181.0, 185.0, 174.0]",23.05290985107422,0.0,36.622894287109375,0.000576019287109375,-250.5247802734375
1750932200.5113175,0.0,0.5,"[174.0, 185.0, 179.0, 156.0, 154.0, 154.0, 156.0, 181.0, 185.0, 174.0]",23.439897537231445,0.0,37.091705322265625,0.000576019287109375,-250.5228271484375
1750932200.5267866,0.0,0.5,"[174.0, 185.0, 179.0, 156.0, 154.0, 154.0, 156.0, 181.0, 185.0, 174.0]",23.15085220336914,0.0,37.554718017578125,0.000576019287109375,-250.5208740234375
1750932200.542496,0.0,0.5,"[174.0, 185.0, 179.0, 156.0, 154.0, 154.0, 156.0, 181.0, 185.0, 174.0]",23.514179229736328,0.0,38.024993896484375,0.000576019287109375,-250.5189208984375
1750932200.5575798,0.0,0.5,"[174.0, 185.0, 179.0, 156.0, 154.0, 154.0, 156.0, 181.0, 185.0, 174.0]",23.167648315429688,0.0,38.48834228515625,0.000576019287109375,-250.5169677734375
1750932200.5965693,0.0,0.5,"[174.0, 185.0, 179.0, 156.0, 154.0, 154.0, 156.0, 181.0, 185.0, 174.0]",23.55666732788086,0.0,38.95947265625,0.0005779266357421875,-250.5150146484375
1750932200.6118028,0.0,0.5,"[174.0, 185.0, 179.0, 156.0, 154.0, 154.0, 156.0, 181.0, 185.0, 174.0]",23.254838943481445,0.0,39.424560546875,0.0005779266357421875,-250.5130615234375
1750932200.6273954,0.0,0.5,"[174.0, 185.0, 179.0, 156.0, 154.0, 154.0, 156.0, 181.0, 185.0, 174.0]",23.631744384765625,0.0,39.897186279296875,0.0005779266357421875,-250.51107788085938
1750932200.643278,0.0,0.5,"[174.0, 185.0, 179.0, 156.0, 154.0, 154.0, 156.0, 181.0, 185.0, 174.0]",23.275787353515625,0.0,40.362701416015625,0.0005779266357421875,-250.50912475585938
1750932200.6591413,0.0,0.5,"[174.0, 185.0, 179.0, 156.0, 154.0, 154.0, 156.0, 181.0, 185.0, 174.0]",23.666017532348633,0.0,40.83599853515625,0.0005779266357421875,-250.50714111328125
1750932200.6872675,0.0,0.5,"[174.0, 185.0, 179.0, 156.0, 154.0, 154.0, 156.0, 181.0, 185.0, 174.0]",23.373615264892578,0.0,41.303466796875,0.0005779266357421875,-250.50518798828125
1750932200.7031896,0.0,0.5,"[174.0, 185.0, 179.0, 156.0, 154.0, 154.0, 156.0, 181.0, 185.0, 174.0]",23.741724014282227,0.0,41.7783203125,0.000576019287109375,-250.50320434570312
1750932200.719994,0.0,0.0,"[174.0, 185.0, 179.0, 156.0, 154.0, 154.0, 156.0, 181.0, 185.0, 174.0]",23.387853622436523,0.0,42.246063232421875,0.000576019287109375,-250.50125122070312
1750932200.7477062,0.0,0.0,"[174.0, 185.0, 179.0, 156.0, 154.0, 154.0, 156.0, 181.0, 185.0, 174.0]",23.77998161315918,0.0,42.721649169921875,0.000576019287109375,-250.499267578125
1750932200.7625527,0.0,0.0,"[174.0, 185.0, 179.0, 156.0, 154.0, 154.0, 156.0, 181.0, 185.0, 174.0]",23.514089584350586,0.0,43.191925048828125,0.000576019287109375,-250.49728393554688
1750932200.7778718,0.0,0.0,"[174.0, 185.0, 179.0, 156.0, 154.0, 154.0, 156.0, 181.0, 185.0, 174.0]",23.248640060424805,0.0,43.656890869140625,0.000576019287109375,-250.49533081054688
1750932200.817284,0.0,0.0,"[174.0, 185.0, 179.0, 156.0, 154.0, 154.0, 156.0, 181.0, 185.0, 174.0]",22.983623504638672,0.0,44.1165771484375,0.000576019287109375,-250.493408203125
1750932200.8327334,0.0,0.0,"[174.0, 185.0, 179.0, 156.0, 154.0, 154.0, 156.0, 181.0, 185.0, 174.0]",22.718984603881836,0.0,44.570953369140625,0.000576019287109375,-250.49151611328125
1750932200.848272,0.0,0.0,"[174.0, 185.0, 179.0, 156.0, 154.0, 154.0, 156.0, 181.0, 185.0, 174.0]",22.454805374145508,0.0,45.020050048828125,0.000576019287109375,-250.4896240234375
1750932200.8638825,0.0,0.0,"[174.0, 185.0, 179.0, 156.0, 154.0, 154.0, 156.0, 181.0, 185.0, 174.0]",22.19101333618164,0.0,45.4638671875,0.000576019287109375,-250.48776245117188
1750932200.8798108,0.0,0.0,"[174.0, 185.0, 179.0, 156.0, 154.0, 154.0, 156.0, 181.0, 185.0, 174.0]",21.92768096923828,0.0,45.90240478515625,0.0005779266357421875,-250.48593139648438
1750932200.9075441,0.0,0.0,"[174.0, 185.0, 179.0, 156.0, 154.0, 154.0, 156.0, 181.0, 185.0, 174.0]",21.664772033691406,0.0,46.335693359375,0.0005779266357421875,-250.484130859375
1750932200.923616,0.0,0.5,"[174.0, 185.0, 179.0, 156.0, 154.0, 154.0, 156.0, 181.0, 185.0, 174.0]",21.402265548706055,0.0,46.76373291015625,0.0005779266357421875,-250.4822998046875
1750932200.9396117,0.0,0.5,"[174.0, 185.0, 179.0, 156.0, 154.0, 154.0, 156.0, 181.0, 185.0, 174.0]",21.140186309814453,0.0,47.1865234375,0.0005779266357421875,-250.48052978515625
1750932200.9663496,0.0,0.5,"[174.0, 185.0, 179.0, 156.0, 154.0, 154.0, 156.0, 181.0, 185.0, 174.0]",20.701536178588867,0.0,47.600555419921875,0.0005779266357421875,-250.47882080078125
1750932200.9819639,0.0,0.5,"[174.0, 185.0, 179.0, 156.0, 154.0, 154.0, 156.0, 181.0, 185.0, 174.0]",21.11083221435547,0.0,48.02276611328125,0.0005779266357421875,-250.47705078125
1750932200.9975398,0.0,0.5,"[174.0, 185.0, 179.0, 156.0, 154.0, 154.0, 156.0, 181.0, 185.0, 174.0]",20.974218368530273,0.0,48.4422607421875,0.0005779266357421875,-250.47528076171875
1750932201.0373921,0.0,0.5,"[174.0, 185.0, 180.0, 156.0, 154.0, 154.0, 156.0, 181.0, 185.0, 174.0]",21.287019729614258,0.0,48.86798095703125,0.0005779266357421875,-250.4735107421875
1750932201.0532258,0.0,0.5,"[174.0, 185.0, 180.0, 156.0, 154.0, 154.0, 156.0, 181.0, 185.0, 174.0]",20.83181381225586,0.0,49.284637451171875,0.000579833984375,-250.47174072265625
1750932201.0691836,0.0,0.5,"[174.0, 185.0, 180.0, 156.0, 154.0, 154.0, 156.0, 181.0, 185.0, 174.0]",21.241622924804688,0.0,49.709442138671875,0.000579833984375,-250.469970703125
1750932201.0848875,0.0,0.5,"[174.0, 185.0, 180.0, 156.0, 154.0, 154.0, 156.0, 181.0, 185.0, 174.0]",21.09614372253418,0.0,50.131378173828125,0.000579833984375,-250.46820068359375
1750932201.1001935,0.0,0.5,"[174.0, 185.0, 180.0, 156.0, 154.0, 154.0, 156.0, 181.0, 185.0, 174.0]",21.412569046020508,0.0,50.55963134765625,0.000579833984375,-250.46640014648438
1750932201.1280508,0.0,0.5,"[174.0, 185.0, 180.0, 156.0, 154.0, 154.0, 156.0, 181.0, 185.0, 174.0]",20.94334602355957,0.0,50.978485107421875,0.000579833984375,-250.46466064453125
1750932201.1439707,0.0,0.5,"[174.0, 185.0, 180.0, 156.0, 154.0, 154.0, 156.0, 181.0, 185.0, 174.0]",21.34933853149414,0.0,51.40545654296875,0.000579833984375,-250.46286010742188
1750932201.1592174,0.0,0.5,"[174.0, 185.0, 180.0, 156.0, 154.0, 154.0, 156.0, 181.0, 185.0, 174.0]",21.267194747924805,0.0,51.830810546875,0.000579833984375,-250.4610595703125
1750932201.1867251,0.0,0.5,"[174.0, 185.0, 180.0, 156.0, 154.0, 154.0, 156.0, 181.0, 185.0, 174.0]",21.501140594482422,0.0,52.260833740234375,0.000579833984375,-250.45928955078125
1750932201.2023065,0.0,0.5,"[174.0, 185.0, 180.0, 156.0, 154.0, 154.0, 156.0, 181.0, 185.0, 174.0]",21.117746353149414,0.0,52.68316650390625,0.000579833984375,-250.45751953125
1750932201.2183843,0.0,0.5,"[174.0, 185.0, 180.0, 156.0, 154.0, 154.0, 156.0, 181.0, 185.0, 174.0]",21.535564422607422,0.0,53.1138916015625,0.000579833984375,-250.4556884765625
1750932201.2576418,-1.0,0.5,"[174.0, 185.0, 180.0, 156.0, 154.0, 154.0, 156.0, 181.0, 185.0, 174.0]",21.246095657348633,0.0,53.538787841796875,0.000579833984375,-250.45391845703125
1750932201.2741184,-1.0,0.5,"[174.0, 185.0, 181.0, 156.0, 155.0, 153.0, 155.0, 179.0, 185.0, 174.0]",21.35703468322754,-0.5,53.965606689453125,0.0005779266357421875,-250.43719482421875
1750932201.2899413,-1.0,0.5,"[174.0, 185.0, 183.0, 159.0, 156.0, 152.0, 154.0, 178.0, 185.0, 174.0]",20.806047439575195,-0.5,54.379974365234375,0.0005779266357421875,-250.39889526367188
1750932201.305799,-1.0,0.5,"[174.0, 185.0, 186.0, 161.0, 158.0, 150.0, 152.0, 175.0, 185.0, 174.0]",20.777942657470703,-0.5,54.790740966796875,0.0005779266357421875,-250.33609008789062
1750932201.3221378,0.0,0.0,"[174.0, 185.0, 189.0, 163.0, 158.0, 147.0, 149.0, 172.0, 185.0, 174.0]",20.593812942504883,-0.5,55.193878173828125,0.0005779266357421875,-250.25164794921875
1750932201.3384187,0.0,0.0,"[174.0, 185.0, 192.0, 164.0, 158.0, 146.0, 147.0, 170.0, 185.0, 174.0]",20.666078567504883,0.0,55.600799560546875,0.0005779266357421875,-250.1790771484375
1750932201.3806078,0.0,0.0,"[174.0, 185.0, 192.0, 166.0, 158.0, 146.0, 147.0, 169.0, 185.0, 174.0]",20.385061264038086,0.0,56.004150390625,0.0005779266357421875,-250.119873046875
1750932201.397222,0.0,0.0,"[174.0, 185.0, 193.0, 166.0, 158.0, 145.0, 146.0, 167.0, 185.0, 174.0]",20.12372589111328,0.0,56.402740478515625,0.0005779266357421875,-250.06393432617188
1750932201.3988733,0.0,0.0,"[174.0, 185.0, 193.0, 166.0, 158.0, 145.0, 146.0, 167.0, 185.0, 174.0]",19.863676071166992,0.0,56.79620361328125,0.0005779266357421875,-250.009033203125
1750932201.4408162,0.0,0.0,"[174.0, 185.0, 193.0, 166.0, 158.0, 145.0, 146.0, 167.0, 185.0, 174.0]",19.60406494140625,0.0,57.18450927734375,0.0005779266357421875,-249.954833984375
1750932201.4576092,0.0,0.0,"[174.0, 185.0, 193.0, 166.0, 158.0, 145.0, 146.0, 166.0, 185.0, 174.0]",19.344860076904297,0.0,57.56768798828125,0.0005779266357421875,-249.90121459960938
1750932201.4593873,0.0,0.0,"[174.0, 185.0, 193.0, 166.0, 158.0, 145.0, 146.0, 166.0, 185.0, 174.0]",19.086088180541992,0.0,57.945709228515625,0.0005779266357421875,-249.8482666015625
1750932201.4883459,0.0,0.0,"[174.0, 185.0, 194.0, 167.0, 158.0, 145.0, 145.0, 165.0, 185.0, 174.0]",18.827693939208984,0.0,58.318603515625,0.0005779266357421875,-249.79598999023438
1750932201.504684,0.0,0.0,"[174.0, 185.0, 195.0, 167.0, 157.0, 144.0, 145.0, 164.0, 185.0, 174.0]",18.569732666015625,0.0,58.6864013671875,0.0005779266357421875,-249.74441528320312
1750932201.5208545,0.0,0.0,"[174.0, 185.0, 195.0, 167.0, 157.0, 144.0, 144.0, 164.0, 185.0, 174.0]",18.312164306640625,0.0,59.049102783203125,0.0005779266357421875,-249.69354248046875
1750932201.5381393,0.0,0.5,"[174.0, 185.0, 195.0, 167.0, 157.0, 144.0, 144.0, 164.0, 185.0, 174.0]",18.055028915405273,0.0,59.406707763671875,0.0005779266357421875,-249.64337158203125
1750932201.5803773,0.0,0.5,"[174.0, 185.0, 195.0, 167.0, 157.0, 144.0, 144.0, 163.0, 185.0, 174.0]",17.798316955566406,0.0,59.75921630859375,0.0005779266357421875,-249.59393310546875
1750932201.5965176,0.0,0.5,"[174.0, 185.0, 196.0, 167.0, 157.0, 144.0, 144.0, 162.0, 185.0, 174.0]",17.52985191345215,0.0,60.106414794921875,0.000579833984375,-249.54522705078125
1750932201.5980961,0.0,0.5,"[174.0, 185.0, 196.0, 167.0, 157.0, 144.0, 144.0, 162.0, 185.0, 174.0]",17.95555877685547,0.0,60.4620361328125,0.000579833984375,-249.49530029296875
1750932201.6395671,0.0,0.5,"[174.0, 185.0, 197.0, 167.0, 157.0, 144.0, 143.0, 162.0, 185.0, 174.0]",17.50745391845703,0.0,60.80877685546875,0.000579833984375,-249.4466552734375
1750932201.6558347,0.0,0.5,"[174.0, 185.0, 197.0, 167.0, 157.0, 143.0, 143.0, 161.0, 185.0, 174.0]",17.900760650634766,0.0,61.163330078125,0.000579833984375,-249.39691162109375
1750932201.672092,0.0,0.5,"[174.0, 185.0, 197.0, 167.0, 157.0, 143.0, 143.0, 161.0, 185.0, 174.0]",17.80972671508789,0.0,61.516082763671875,0.000579833984375,-249.34744262695312
1750932201.688904,0.0,0.5,"[174.0, 185.0, 197.0, 167.0, 157.0, 143.0, 142.0, 160.0, 185.0, 174.0]",18.04751205444336,0.0,61.873504638671875,0.000579833984375,-249.29730224609375
1750932201.7045112,0.0,0.5,"[174.0, 185.0, 197.0, 167.0, 157.0, 143.0, 141.0, 159.0, 185.0, 174.0]",17.837495803833008,0.0,62.226806640625,0.000579833984375,-249.24774169921875
1750932201.7209275,0.0,0.5,"[174.0, 185.0, 197.0, 167.0, 157.0, 143.0, 141.0, 159.0, 185.0, 174.0]",18.095945358276367,0.0,62.585235595703125,0.000579833984375,-249.19744873046875
1750932201.7368796,0.0,0.5,"[174.0, 185.0, 198.0, 168.0, 157.0, 143.0, 141.0, 159.0, 185.0, 174.0]",17.8323917388916,0.0,62.93841552734375,0.000579833984375,-249.14794921875
1750932201.777563,0.0,0.5,"[174.0, 185.0, 198.0, 168.0, 157.0, 142.0, 140.0, 158.0, 185.0, 174.0]",18.171855926513672,0.0,63.298309326171875,0.000579833984375,-249.097412109375
1750932201.7939126,0.0,0.5,"[174.0, 185.0, 198.0, 168.0, 157.0, 142.0, 140.0, 158.0, 185.0, 174.0]",17.968107223510742,0.0,63.654205322265625,0.000579833984375,-249.0474853515625
1750932201.8098242,1.0,0.5,"[174.0, 185.0, 198.0, 168.0, 157.0, 142.0, 140.0, 158.0, 185.0, 174.0]",18.245115280151367,0.0,64.01556396484375,0.000579833984375,-248.996826171875
1750932201.8258622,1.0,0.5,"[174.0, 185.0, 198.0, 167.0, 157.0, 143.0, 141.0, 158.0, 185.0, 174.0]",17.792701721191406,0.5,64.36993408203125,0.0005779266357421875,-248.96426391601562
1750932201.8417253,1.0,0.5,"[174.0, 185.0, 197.0, 166.0, 157.0, 144.0, 143.0, 159.0, 185.0, 174.0]",17.697404861450195,0.5,64.72360229492188,0.0005779266357421875,-248.950439453125
1750932201.8579297,1.0,0.5,"[174.0, 185.0, 193.0, 164.0, 157.0, 147.0, 145.0, 162.0, 185.0, 174.0]",17.38104820251465,0.5,65.07113647460938,0.0005779266357421875,-248.95831298828125
1750932201.8988733,0.0,0.5,"[174.0, 185.0, 192.0, 162.0, 157.0, 149.0, 147.0, 165.0, 185.0, 174.0]",17.524877548217773,0.5,65.42068481445312,0.0005779266357421875,-248.98388671875
1750932201.914744,0.0,0.5,"[174.0, 185.0, 190.0, 161.0, 157.0, 151.0, 148.0, 167.0, 185.0, 174.0]",17.432052612304688,0.0,65.76904296875,0.0005779266357421875,-248.99856567382812
1750932201.9316444,0.0,0.5,"[174.0, 185.0, 190.0, 161.0, 156.0, 151.0, 149.0, 167.0, 185.0, 174.0]",17.412609100341797,0.0,66.11727905273438,0.0005779266357421875,-249.00131225585938
1750932201.9486659,0.0,0.5,"[174.0, 185.0, 190.0, 161.0, 156.0, 151.0, 149.0, 168.0, 185.0, 174.0]",17.598535537719727,0.0,66.46923828125,0.0005779266357421875,-248.9974365234375
1750932201.9654279,0.0,0.5,"[174.0, 185.0, 190.0, 161.0, 156.0, 151.0, 149.0, 168.0, 185.0, 174.0]",17.50571060180664,0.0,66.81930541992188,0.0005779266357421875,-248.99264526367188
1750932201.982581,0.0,0.5,"[174.0, 185.0, 190.0, 161.0, 156.0, 151.0, 149.0, 167.0, 185.0, 174.0]",17.518447875976562,0.0,67.16964721679688,0.0005779266357421875,-248.9876708984375
1750932201.99857,0.0,0.5,"[174.0, 185.0, 190.0, 161.0, 156.0, 151.0, 149.0, 167.0, 185.0, 174.0]",17.4659423828125,0.0,67.5189208984375,0.000576019287109375,-248.98260498046875
1750932202.0404828,0.0,0.5,"[174.0, 185.0, 190.0, 161.0, 156.0, 151.0, 149.0, 167.0, 185.0, 174.0]",17.66796112060547,0.0,67.87225341796875,0.0005779266357421875,-248.97747802734375
1750932202.0565872,0.0,0.5,"[174.0, 185.0, 190.0, 161.0, 156.0, 151.0, 149.0, 167.0, 185.0, 174.0]",17.70598030090332,0.0,68.22634887695312,0.0005779266357421875,-248.97235107421875
1750932202.0582058,0.0,0.5,"[174.0, 185.0, 190.0, 161.0, 156.0, 151.0, 149.0, 167.0, 185.0, 174.0]",17.67974090576172,0.0,68.57989501953125,0.000576019287109375,-248.96731567382812
1750932202.097689,0.0,0.5,"[174.0, 185.0, 190.0, 161.0, 156.0, 151.0, 149.0, 167.0, 185.0, 174.0]",17.843048095703125,0.0,68.93670654296875,0.0005779266357421875,-248.96206665039062
1750932202.1136167,0.0,0.5,"[174.0, 185.0, 190.0, 161.0, 157.0, 151.0, 149.0, 167.0, 185.0, 174.0]",17.60605812072754,0.0,69.28878784179688,0.0005779266357421875,-248.95706176757812
1750932202.1295316,0.0,0.5,"[174.0, 185.0, 190.0, 161.0, 157.0, 151.0, 149.0, 167.0, 185.0, 174.0]",17.76851463317871,0.0,69.64413452148438,0.0005779266357421875,-248.95175170898438
1750932202.1456108,0.0,0.5,"[174.0, 185.0, 190.0, 161.0, 157.0, 151.0, 149.0, 167.0, 185.0, 174.0]",17.869609832763672,0.0,70.00149536132812,0.0005779266357421875,-248.94659423828125
1750932202.1613436,0.0,0.5,"[174.0, 185.0, 190.0, 161.0, 157.0, 151.0, 149.0, 167.0, 185.0, 174.0]",17.90207862854004,0.0,70.3594970703125,0.0005779266357421875,-248.94158935546875
1750932202.177463,0.0,0.5,"[174.0, 185.0, 190.0, 161.0, 157.0, 151.0, 149.0, 167.0, 185.0, 174.0]",17.909772872924805,0.0,70.7176513671875,0.0005779266357421875,-248.936279296875
1750932202.2183268,0.0,0.5,"[174.0, 185.0, 190.0, 161.0, 157.0, 151.0, 149.0, 167.0, 185.0, 174.0]",17.880218505859375,0.0,71.07522583007812,0.0005779266357421875,-248.93145751953125
1750932202.234514,0.0,0.5,"[174.0, 185.0, 190.0, 161.0, 157.0, 151.0, 149.0, 167.0, 185.0, 174.0]",17.947938919067383,0.0,71.43414306640625,0.0005779266357421875,-248.92608642578125
1750932202.2507346,0.0,0.5,"[174.0, 185.0, 190.0, 161.0, 157.0, 151.0, 149.0, 167.0, 185.0, 174.0]",18.092924118041992,0.0,71.79595947265625,0.0005779266357421875,-248.92095947265625
1750932202.2667801,0.0,0.5,"[174.0, 185.0, 190.0, 161.0, 157.0, 151.0, 149.0, 167.0, 185.0, 174.0]",18.051427841186523,0.0,72.15695190429688,0.0005779266357421875,-248.915771484375
1750932202.2819927,0.0,0.5,"[174.0, 185.0, 190.0, 161.0, 157.0, 151.0, 149.0, 167.0, 185.0, 174.0]",18.167959213256836,0.0,72.52029418945312,0.0005779266357421875,-248.91064453125
1750932202.2980287,0.0,0.5,"[174.0, 185.0, 190.0, 161.0, 157.0, 151.0, 149.0, 167.0, 185.0, 174.0]",18.005661010742188,0.0,72.88034057617188,0.0005779266357421875,-248.9053955078125
1750932202.3393161,0.0,0.5,"[174.0, 185.0, 190.0, 161.0, 157.0, 151.0, 149.0, 167.0, 185.0, 174.0]",18.295040130615234,0.0,73.2462158203125,0.0005779266357421875,-248.900146484375
1750932202.3552241,0.0,0.5,"[174.0, 185.0, 190.0, 161.0, 157.0, 151.0, 149.0, 167.0, 185.0, 174.0]",18.120590209960938,0.0,73.60858154296875,0.0005779266357421875,-248.89492797851562
1750932202.370909,0.0,0.5,"[174.0, 185.0, 190.0, 161.0, 157.0, 151.0, 149.0, 167.0, 185.0, 174.0]",18.363306045532227,0.0,73.97579956054688,0.0005779266357421875,-248.88967895507812
1750932202.3874097,0.0,0.5,"[174.0, 185.0, 190.0, 161.0, 157.0, 151.0, 149.0, 167.0, 185.0, 174.0]",18.16668128967285,0.0,74.339111328125,0.0005779266357421875,-248.884521484375
1750932202.4030514,0.0,0.5,"[174.0, 185.0, 190.0, 161.0, 157.0, 151.0, 148.0, 167.0, 185.0, 174.0]",18.460233688354492,0.0,74.70828247070312,0.0005779266357421875,-248.87921142578125
1750932202.4192967,0.0,0.5,"[174.0, 185.0, 190.0, 161.0, 157.0, 151.0, 149.0, 167.0, 185.0, 174.0]",18.21314811706543,0.0,75.072509765625,0.0005779266357421875,-248.87387084960938
1750932202.4481924,0.0,0.5,"[174.0, 185.0, 190.0, 161.0, 157.0, 151.0, 148.0, 167.0, 185.0, 174.0]",18.481199264526367,0.0,75.44210815429688,0.0005779266357421875,-248.86871337890625
1750932202.4648633,0.0,0.5,"[174.0, 185.0, 190.0, 161.0, 157.0, 151.0, 148.0, 167.0, 185.0, 174.0]",18.373872756958008,0.0,75.80953979492188,0.0005779266357421875,-248.863525390625
1750932202.4814324,0.0,0.5,"[174.0, 185.0, 190.0, 161.0, 157.0, 151.0, 148.0, 167.0, 185.0, 174.0]",18.547510147094727,0.0,76.18045043945312,0.0005779266357421875,-248.85830688476562
1750932202.4976494,0.0,0.5,"[174.0, 185.0, 190.0, 161.0, 156.0, 151.0, 148.0, 167.0, 185.0, 174.0]",18.435819625854492,0.0,76.54910278320312,0.0005779266357421875,-248.852783203125
1750932202.5397575,0.0,0.5,"[174.0, 185.0, 190.0, 161.0, 156.0, 151.0, 148.0, 167.0, 185.0, 174.0]",18.56273651123047,0.0,76.92031860351562,0.0005779266357421875,-248.84759521484375
1750932202.5569246,0.0,0.5,"[174.0, 185.0, 190.0, 161.0, 156.0, 151.0, 148.0, 167.0, 185.0, 174.0]",18.506925582885742,0.0,77.29043579101562,0.0005779266357421875,-248.84219360351562
1750932202.573348,0.0,0.5,"[174.0, 185.0, 190.0, 161.0, 156.0, 151.0, 148.0, 166.0, 185.0, 174.0]",18.680152893066406,0.0,77.66400146484375,0.0005779266357421875,-248.83697509765625
1750932202.5903335,0.0,0.5,"[174.0, 185.0, 190.0, 161.0, 156.0, 151.0, 148.0, 166.0, 185.0, 174.0]",18.616579055786133,0.0,78.03628540039062,0.0005779266357421875,-248.83160400390625
1750932202.6068785,0.0,0.5,"[174.0, 185.0, 190.0, 161.0, 156.0, 151.0, 148.0, 166.0, 185.0, 174.0]",18.710433959960938,0.0,78.41046142578125,0.0005779266357421875,-248.82635498046875
1750932202.6228218,0.0,0.5,"[174.0, 185.0, 190.0, 161.0, 156.0, 151.0, 148.0, 166.0, 185.0, 174.0]",18.667993545532227,0.0,78.78378295898438,0.0005779266357421875,-248.82098388671875
1750932202.6392498,0.0,0.5,"[174.0, 185.0, 190.0, 161.0, 156.0, 151.0, 148.0, 166.0, 185.0, 174.0]",18.796445846557617,0.0,79.15966796875,0.0005779266357421875,-248.81549072265625
1750932202.668774,0.0,0.5,"[174.0, 185.0, 190.0, 161.0, 156.0, 151.0, 148.0, 166.0, 185.0, 174.0]",18.772064208984375,0.0,79.53506469726562,0.0005779266357421875,-248.80987548828125
1750932202.6854563,0.0,0.5,"[174.0, 185.0, 190.0, 161.0, 156.0, 151.0, 148.0, 166.0, 185.0, 174.0]",18.84259033203125,0.0,79.91189575195312,0.0005779266357421875,-248.80450439453125
1750932202.7017376,0.0,0.5,"[174.0, 185.0, 190.0, 161.0, 156.0, 151.0, 148.0, 166.0, 185.0, 174.0]",18.785062789916992,0.0,80.28753662109375,0.0005779266357421875,-248.7989501953125
1750932202.717511,0.0,0.5,"[174.0, 185.0, 190.0, 161.0, 156.0, 151.0, 148.0, 165.0, 185.0, 174.0]",19.01841163635254,0.0,80.66787719726562,0.0005779266357421875,-248.79351806640625
1750932202.7600052,0.0,0.5,"[174.0, 185.0, 190.0, 161.0, 156.0, 151.0, 148.0, 165.0, 185.0, 174.0]",18.81875228881836,0.0,81.04421997070312,0.0005779266357421875,-248.7880859375
1750932202.77651,0.0,0.5,"[174.0, 185.0, 190.0, 161.0, 156.0, 151.0, 148.0, 165.0, 185.0, 174.0]",19.128154754638672,0.0,81.42672729492188,0.000579833984375,-248.78265380859375
1750932202.792221,0.0,0.5,"[174.0, 185.0, 190.0, 161.0, 156.0, 151.0, 148.0, 165.0, 185.0, 174.0]",18.780574798583984,0.0,81.80230712890625,0.0005779266357421875,-248.77734375
1750932202.8091567,0.0,0.5,"[174.0, 185.0, 190.0, 161.0, 156.0, 151.0, 148.0, 165.0, 185.0, 174.0]",19.12263298034668,0.0,82.18472290039062,0.0005779266357421875,-248.77178955078125
1750932202.8259017,0.0,0.5,"[174.0, 185.0, 190.0, 161.0, 156.0, 151.0, 148.0, 165.0, 185.0, 174.0]",19.0273494720459,0.0,82.56521606445312,0.0005779266357421875,-248.7662353515625
1750932202.8423128,0.0,0.5,"[174.0, 185.0, 190.0, 161.0, 156.0, 151.0, 148.0, 165.0, 185.0, 174.0]",19.257654190063477,0.0,82.95034790039062,0.000579833984375,-248.76071166992188
1750932202.8595822,0.0,0.5,"[174.0, 185.0, 190.0, 161.0, 156.0, 151.0, 148.0, 165.0, 185.0, 174.0]",18.933025360107422,0.0,83.3289794921875,0.000579833984375,-248.75531005859375
1750932202.888134,0.0,0.5,"[174.0, 185.0, 190.0, 161.0, 156.0, 151.0, 148.0, 165.0, 185.0, 174.0]",19.336755752563477,0.0,83.71566772460938,0.000579833984375,-248.749755859375
1750932202.904428,0.0,0.5,"[174.0, 185.0, 190.0, 161.0, 156.0, 151.0, 148.0, 165.0, 185.0, 174.0]",19.077301025390625,0.0,84.09716796875,0.000579833984375,-248.74420166015625
1750932202.9204764,0.0,0.5,"[174.0, 185.0, 190.0, 161.0, 156.0, 151.0, 148.0, 165.0, 185.0, 174.0]",19.38772964477539,0.0,84.48489379882812,0.000579833984375,-248.7386474609375
1750932202.9375913,0.0,0.5,"[174.0, 185.0, 190.0, 161.0, 156.0, 151.0, 148.0, 165.0, 185.0, 174.0]",19.117542266845703,0.0,84.8671875,0.000579833984375,-248.73306274414062
1750932202.9801369,0.0,0.5,"[174.0, 185.0, 190.0, 161.0, 156.0, 151.0, 148.0, 165.0, 185.0, 174.0]",19.48884391784668,0.0,85.25692749023438,0.000579833984375,-248.72756958007812
1750932202.9971945,0.0,0.5,"[174.0, 185.0, 192.0, 161.0, 155.0, 151.0, 148.0, 165.0, 185.0, 174.0]",19.15589714050293,0.0,85.6400146484375,0.000579833984375,-248.72222900390625
1750932203.013918,0.0,0.5,"[174.0, 185.0, 192.0, 161.0, 155.0, 151.0, 148.0, 165.0, 185.0, 174.0]",19.5080509185791,0.0,86.03012084960938,0.000579833984375,-248.71664428710938
1750932203.031348,0.0,0.5,"[174.0, 185.0, 192.0, 161.0, 155.0, 151.0, 148.0, 165.0, 185.0, 174.0]",19.273849487304688,0.0,86.41555786132812,0.000579833984375,-248.7110595703125
1750932203.048155,0.0,0.5,"[174.0, 185.0, 192.0, 161.0, 155.0, 151.0, 148.0, 165.0, 185.0, 174.0]",19.627899169921875,0.0,86.80807495117188,0.000579833984375,-248.70541381835938
1750932203.0647745,0.0,0.5,"[174.0, 185.0, 192.0, 161.0, 155.0, 151.0, 148.0, 165.0, 185.0, 174.0]",19.245746612548828,0.0,87.19296264648438,0.000579833984375,-248.6998291015625
1750932203.0814028,0.0,0.5,"[174.0, 185.0, 192.0, 161.0, 155.0, 151.0, 148.0, 165.0, 185.0, 174.0]",19.645517349243164,0.0,87.58584594726562,0.0005779266357421875,-248.69427490234375
1750932203.098248,0.0,0.5,"[174.0, 185.0, 192.0, 162.0, 155.0, 151.0, 148.0, 164.0, 185.0, 174.0]",19.45382308959961,0.0,87.97488403320312,0.0005779266357421875,-248.68881225585938
1750932203.1410592,0.0,0.5,"[174.0, 185.0, 192.0, 162.0, 155.0, 151.0, 148.0, 164.0, 185.0, 174.0]",19.72258758544922,0.0,88.36929321289062,0.0005779266357421875,-248.68304443359375
1750932203.157989,0.0,0.5,"[174.0, 185.0, 192.0, 162.0, 155.0, 151.0, 148.0, 164.0, 185.0, 174.0]",19.490982055664062,0.0,88.75906372070312,0.0005779266357421875,-248.6773681640625
1750932203.1598558,0.0,0.5,"[174.0, 185.0, 192.0, 162.0, 155.0, 151.0, 148.0, 164.0, 185.0, 174.0]",19.819658279418945,0.0,89.1553955078125,0.0005779266357421875,-248.67153930664062
1750932203.1889498,0.0,0.5,"[174.0, 185.0, 192.0, 162.0, 155.0, 151.0, 148.0, 164.0, 185.0, 174.0]",19.48611831665039,0.0,89.54507446289062,0.0005779266357421875,-248.66580200195312
1750932203.2059028,0.0,0.5,"[174.0, 185.0, 192.0, 162.0, 155.0, 151.0, 148.0, 164.0, 185.0, 174.0]",19.813451766967773,0.0,89.94131469726562,0.0005779266357421875,-248.66015625
1750932203.2219474,0.0,0.5,"[174.0, 185.0, 192.0, 162.0, 155.0, 151.0, 148.0, 164.0, 185.0, 174.0]",19.72572898864746,0.0,90.33578491210938,0.0005779266357421875,-248.654541015625
1750932203.2383432,0.0,0.5,"[174.0, 185.0, 192.0, 162.0, 155.0, 151.0, 148.0, 164.0, 185.0, 174.0]",19.984315872192383,0.0,90.73544311523438,0.0005779266357421875,-248.64883422851562
1750932203.2808409,0.0,0.5,"[174.0, 185.0, 192.0, 162.0, 155.0, 150.0, 148.0, 164.0, 185.0, 174.0]",19.597421646118164,0.0,91.12734985351562,0.0005779266357421875,-248.64321899414062
1750932203.2976696,0.0,0.5,"[174.0, 185.0, 192.0, 162.0, 155.0, 150.0, 148.0, 164.0, 185.0, 174.0]",20.00905990600586,0.0,91.5274658203125,0.000579833984375,-248.63751220703125
1750932203.2993376,0.0,0.5,"[174.0, 185.0, 192.0, 162.0, 155.0, 150.0, 148.0, 164.0, 185.0, 174.0]",19.7242374420166,0.0,91.92190551757812,0.000579833984375,-248.63189697265625
1750932203.3293538,0.0,0.0,"[174.0, 185.0, 192.0, 162.0, 155.0, 150.0, 147.0, 164.0, 185.0, 174.0]",20.054872512817383,0.0,92.32296752929688,0.000579833984375,-248.62606811523438
1750932203.3456995,0.0,0.0,"[174.0, 185.0, 192.0, 162.0, 154.0, 150.0, 147.0, 164.0, 185.0, 174.0]",19.861408233642578,0.0,92.72015380859375,0.0005779266357421875,-248.620361328125
1750932203.3617923,0.0,0.0,"[174.0, 185.0, 192.0, 162.0, 154.0, 150.0, 147.0, 164.0, 185.0, 174.0]",19.601716995239258,0.0,93.11215209960938,0.000579833984375,-248.6146240234375
1750932203.3787382,0.0,0.0,"[174.0, 185.0, 192.0, 162.0, 154.0, 150.0, 147.0, 164.0, 185.0, 174.0]",19.342531204223633,0.0,93.49896240234375,0.000579833984375,-248.60891723632812
1750932203.4214141,0.0,0.0,"[174.0, 185.0, 192.0, 162.0, 154.0, 150.0, 147.0, 164.0, 185.0, 174.0]",19.083784103393555,0.0,93.88058471679688,0.000579833984375,-248.60321044921875
1750932203.4382124,0.0,0.0,"[174.0, 185.0, 192.0, 162.0, 154.0, 150.0, 147.0, 164.0, 185.0, 174.0]",18.82538414001465,0.0,94.25704956054688,0.000579833984375,-248.59759521484375
1750932203.4398406,0.0,0.0,"[174.0, 185.0, 192.0, 162.0, 154.0, 150.0, 147.0, 164.0, 185.0, 174.0]",18.567420959472656,0.0,94.62835693359375,0.000579833984375,-248.592041015625
1750932203.4695232,0.0,0.0,"[174.0, 185.0, 192.0, 162.0, 154.0, 150.0, 147.0, 164.0, 185.0, 174.0]",18.309913635253906,0.0,94.99453735351562,0.000579833984375,-248.58651733398438
1750932203.4863667,0.0,0.0,"[174.0, 185.0, 192.0, 162.0, 154.0, 150.0, 147.0, 164.0, 185.0, 174.0]",18.052753448486328,0.0,95.35552978515625,0.000579833984375,-248.58108520507812
1750932203.5025635,0.0,0.0,"[174.0, 185.0, 192.0, 162.0, 154.0, 149.0, 147.0, 164.0, 185.0, 174.0]",17.796062469482422,0.0,95.71142578125,0.000579833984375,-248.57574462890625
1750932203.5186293,0.0,0.0,"[174.0, 185.0, 192.0, 162.0, 154.0, 149.0, 147.0, 164.0, 185.0, 174.0]",17.53976821899414,0.0,96.06216430664062,0.000579833984375,-248.5704345703125
1750932203.5614438,0.0,0.5,"[174.0, 185.0, 192.0, 162.0, 154.0, 149.0, 147.0, 164.0, 185.0, 174.0]",17.28384780883789,0.0,96.40780639648438,0.000579833984375,-248.56524658203125
1750932203.5781655,0.0,0.5,"[174.0, 185.0, 192.0, 162.0, 154.0, 149.0, 147.0, 164.0, 185.0, 174.0]",17.028364181518555,0.0,96.74832153320312,0.000579833984375,-248.56011962890625
1750932203.579905,0.0,0.5,"[174.0, 185.0, 192.0, 162.0, 154.0, 149.0, 147.0, 164.0, 185.0, 174.0]",16.817110061645508,0.0,97.08462524414062,0.000579833984375,-248.5550537109375
1750932203.610355,0.0,0.5,"[174.0, 185.0, 192.0, 162.0, 154.0, 149.0, 147.0, 163.0, 185.0, 174.0]",17.240999221801758,0.0,97.42941284179688,0.000579833984375,-248.54986572265625
1750932203.6274788,0.0,0.5,"[174.0, 185.0, 192.0, 162.0, 153.0, 149.0, 147.0, 163.0, 185.0, 174.0]",16.827926635742188,0.0,97.76593017578125,0.000579833984375,-248.5447998046875
1750932203.6443777,0.0,0.5,"[174.0, 185.0, 192.0, 162.0, 153.0, 149.0, 147.0, 163.0, 185.0, 174.0]",17.232831954956055,0.0,98.11056518554688,0.000579833984375,-248.53961181640625
1750932203.6617093,0.0,0.5,"[174.0, 185.0, 192.0, 162.0, 153.0, 149.0, 147.0, 163.0, 185.0, 174.0]",17.056137084960938,0.0,98.45162963867188,0.000579833984375,-248.53448486328125
1750932203.6793406,0.0,0.0,"[174.0, 185.0, 192.0, 162.0, 153.0, 149.0, 147.0, 163.0, 185.0, 174.0]",17.32164192199707,0.0,98.79803466796875,0.000579833984375,-248.52926635742188
1750932203.709088,0.0,0.0,"[174.0, 185.0, 192.0, 162.0, 153.0, 149.0, 147.0, 163.0, 185.0, 174.0]",17.063945770263672,0.0,99.1392822265625,0.000579833984375,-248.52410888671875
1750932203.7264404,0.0,0.0,"[174.0, 185.0, 192.0, 162.0, 153.0, 149.0, 147.0, 163.0, 185.0, 174.0]",16.80881118774414,0.0,99.47540283203125,0.0005817413330078125,-248.51907348632812
1750932203.7434905,0.0,0.0,"[174.0, 185.0, 192.0, 162.0, 153.0, 148.0, 147.0, 162.0, 185.0, 174.0]",16.554100036621094,0.0,99.80645751953125,0.000579833984375,-248.51409912109375
1750932203.7597816,0.0,0.0,"[174.0, 185.0, 192.0, 162.0, 153.0, 148.0, 147.0, 162.0, 185.0, 174.0]",16.299816131591797,0.0,100.13241577148438,0.000579833984375,-248.50921630859375
1750932203.7895358,0.0,0.0,"[174.0, 185.0, 192.0, 162.0, 153.0, 148.0, 147.0, 162.0, 185.0, 174.0]",16.045881271362305,0.0,100.45330810546875,0.000579833984375,-248.50442504882812
1750932203.8065708,0.0,0.0,"[174.0, 185.0, 192.0, 162.0, 153.0, 148.0, 147.0, 162.0, 185.0, 174.0]",15.792332649230957,0.0,100.76910400390625,0.000579833984375,-248.49969482421875
1750932203.8234599,0.0,0.0,"[174.0, 185.0, 192.0, 162.0, 153.0, 148.0, 147.0, 162.0, 185.0, 174.0]",15.539229393005371,0.0,101.07986450195312,0.000579833984375,-248.49505615234375
1750932203.8402016,0.0,0.0,"[174.0, 185.0, 192.0, 162.0, 153.0, 148.0, 147.0, 162.0, 185.0, 174.0]",15.28654956817627,0.0,101.38555908203125,0.000579833984375,-248.490478515625
1750932203.869765,0.0,0.5,"[174.0, 185.0, 192.0, 162.0, 152.0, 148.0, 147.0, 162.0, 185.0, 174.0]",15.034218788146973,0.0,101.68621826171875,0.000579833984375,-248.4859619140625
1750932203.8867595,0.0,0.5,"[174.0, 185.0, 192.0, 162.0, 152.0, 148.0, 147.0, 162.0, 185.0, 174.0]",14.782367706298828,0.0,101.98184204101562,0.000579833984375,-248.48153686523438
1750932203.9036531,0.0,0.5,"[174.0, 185.0, 192.0, 162.0, 152.0, 148.0, 147.0, 162.0, 185.0, 174.0]",14.756570816040039,0.0,102.27691650390625,0.000579833984375,-248.47711181640625
1750932203.9205859,0.0,0.5,"[174.0, 185.0, 192.0, 162.0, 152.0, 148.0, 146.0, 162.0, 185.0, 174.0]",14.989895820617676,0.0,102.57669067382812,0.000579833984375,-248.47262573242188
1750932203.9376864,0.0,0.5,"[174.0, 185.0, 192.0, 162.0, 152.0, 148.0, 146.0, 162.0, 185.0, 174.0]",14.58568000793457,0.0,102.86837768554688,0.000579833984375,-248.46826171875
1750932203.9804883,0.0,0.5,"[174.0, 185.0, 192.0, 162.0, 152.0, 147.0, 146.0, 162.0, 185.0, 174.0]",14.961731910705566,0.0,103.16757202148438,0.0005817413330078125,-248.46377563476562
1750932203.996351,0.0,0.0,"[174.0, 185.0, 192.0, 162.0, 152.0, 147.0, 146.0, 162.0, 185.0, 174.0]",14.874159812927246,0.0,103.46502685546875,0.0005817413330078125,-248.45932006835938
1750932203.997926,0.0,0.0,"[174.0, 185.0, 192.0, 162.0, 152.0, 147.0, 146.0, 162.0, 185.0, 174.0]",14.801068305969238,0.0,103.76101684570312,0.0005817413330078125,-248.45489501953125
1750932204.0410764,0.0,0.0,"[174.0, 185.0, 192.0, 162.0, 152.0, 147.0, 146.0, 162.0, 185.0, 174.0]",14.549517631530762,0.0,104.05197143554688,0.000583648681640625,-248.45050048828125
1750932204.0581272,0.0,0.0,"[174.0, 185.0, 192.0, 162.0, 152.0, 147.0, 146.0, 162.0, 185.0, 174.0]",14.298500061035156,0.0,104.337890625,0.0005817413330078125,-248.44622802734375
1750932204.0596623,0.0,0.0,"[174.0, 185.0, 192.0, 162.0, 152.0, 147.0, 146.0, 162.0, 185.0, 174.0]",14.047710418701172,0.0,104.61880493164062,0.0005817413330078125,-248.4420166015625
1750932204.088709,0.0,0.0,"[174.0, 185.0, 192.0, 162.0, 152.0, 147.0, 146.0, 162.0, 185.0, 174.0]",13.797419548034668,0.0,104.89474487304688,0.0005817413330078125,-248.4378662109375
1750932204.1052105,0.0,0.0,"[174.0, 185.0, 192.0, 162.0, 151.0, 147.0, 146.0, 162.0, 185.0, 174.0]",13.547491073608398,0.0,105.1656494140625,0.0005817413330078125,-248.433837890625
1750932204.1222022,0.0,0.0,"[174.0, 185.0, 192.0, 162.0, 151.0, 147.0, 146.0, 162.0, 185.0, 174.0]",13.298016548156738,0.0,105.43157958984375,0.0005817413330078125,-248.42984008789062
1750932204.1393824,0.0,0.0,"[174.0, 185.0, 193.0, 162.0, 151.0, 147.0, 146.0, 162.0, 185.0, 174.0]",13.048867225646973,0.0,105.69253540039062,0.0005817413330078125,-248.42593383789062
1750932204.1691053,0.0,0.0,"[174.0, 185.0, 193.0, 162.0, 151.0, 147.0, 146.0, 162.0, 185.0, 174.0]",12.80017375946045,0.0,105.94851684570312,0.0005817413330078125,-248.422119140625
1750932204.1860578,0.0,0.0,"[174.0, 185.0, 193.0, 162.0, 151.0, 147.0, 146.0, 162.0, 185.0, 174.0]",12.551857948303223,0.0,106.19952392578125,0.0005817413330078125,-248.4183349609375
1750932204.2032142,0.0,0.0,"[174.0, 185.0, 193.0, 162.0, 151.0, 147.0, 146.0, 162.0, 185.0, 174.0]",12.303936958312988,0.0,106.445556640625,0.0005817413330078125,-248.4146728515625
1750932204.2205093,0.0,0.0,"[174.0, 185.0, 193.0, 162.0, 151.0, 147.0, 146.0, 162.0, 185.0, 174.0]",12.056414604187012,0.0,106.68667602539062,0.0005817413330078125,-248.41104125976562
1750932204.2372077,0.0,0.0,"[174.0, 185.0, 193.0, 162.0, 151.0, 147.0, 146.0, 162.0, 185.0, 174.0]",11.809268951416016,0.0,106.92282104492188,0.0005817413330078125,-248.40750122070312
1750932204.2835472,0.0,0.0,"[174.0, 185.0, 193.0, 162.0, 151.0, 146.0, 146.0, 162.0, 185.0, 174.0]",11.562540054321289,0.0,107.154052734375,0.0005817413330078125,-248.404052734375
1750932204.301839,0.0,0.0,"[174.0, 185.0, 193.0, 162.0, 151.0, 146.0, 146.0, 162.0, 185.0, 174.0]",11.31622314453125,0.0,107.38034057617188,0.0005817413330078125,-248.400634765625
1750932204.3036318,0.0,0.0,"[174.0, 185.0, 193.0, 162.0, 151.0, 146.0, 146.0, 162.0, 185.0, 174.0]",11.070281982421875,0.0,107.60171508789062,0.0005817413330078125,-248.3973388671875
1750932204.322104,0.0,0.0,"[174.0, 185.0, 193.0, 162.0, 150.0, 146.0, 146.0, 162.0, 185.0, 174.0]",10.824751853942871,0.0,107.81820678710938,0.0005817413330078125,-248.39410400390625
1750932204.3412213,0.0,0.0,"[174.0, 185.0, 193.0, 162.0, 150.0, 146.0, 146.0, 162.0, 185.0, 174.0]",10.57957649230957,0.0,108.02975463867188,0.0005817413330078125,-248.39093017578125
1750932204.359009,0.0,0.0,"[174.0, 185.0, 193.0, 162.0, 150.0, 146.0, 146.0, 162.0, 185.0, 174.0]",10.334833145141602,0.0,108.2364501953125,0.0005817413330078125,-248.3878173828125
1750932204.389476,0.0,0.0,"[174.0, 185.0, 193.0, 162.0, 150.0, 146.0, 146.0, 162.0, 185.0, 174.0]",10.090388298034668,0.0,108.438232421875,0.000583648681640625,-248.38479614257812
1750932204.4063914,0.0,0.0,"[174.0, 185.0, 193.0, 162.0, 150.0, 146.0, 146.0, 161.0, 185.0, 174.0]",9.84644889831543,0.0,108.6351318359375,0.000583648681640625,-248.3818359375
1750932204.422821,0.0,0.0,"[174.0, 185.0, 193.0, 162.0, 150.0, 146.0, 146.0, 161.0, 185.0, 174.0]",9.602898597717285,0.0,108.82717895507812,0.000583648681640625,-248.37896728515625
1750932204.4392884,0.0,0.0,"[174.0, 185.0, 193.0, 162.0, 150.0, 146.0, 146.0, 161.0, 185.0, 174.0]",9.359660148620605,0.0,109.01434326171875,0.000583648681640625,-248.37615966796875
1750932204.4693422,0.0,0.0,"[174.0, 185.0, 193.0, 161.0, 150.0, 146.0, 146.0, 161.0, 185.0, 174.0]",9.116887092590332,0.0,109.1966552734375,0.0005817413330078125,-248.3734130859375
1750932204.4864712,0.0,0.0,"[174.0, 185.0, 193.0, 161.0, 150.0, 145.0, 146.0, 161.0, 185.0, 174.0]",8.874427795410156,0.0,109.37411499023438,0.000583648681640625,-248.37078857421875
1750932204.502819,0.0,0.0,"[174.0, 185.0, 193.0, 161.0, 150.0, 145.0, 146.0, 161.0, 185.0, 174.0]",8.63241195678711,0.0,109.5467529296875,0.000583648681640625,-248.36819458007812
1750932204.5194402,0.0,0.0,"[174.0, 185.0, 193.0, 161.0, 150.0, 145.0, 146.0, 161.0, 185.0, 174.0]",8.39078426361084,0.0,109.71456909179688,0.0005817413330078125,-248.36566162109375
1750932204.5485394,0.0,0.0,"[174.0, 185.0, 193.0, 161.0, 150.0, 145.0, 146.0, 161.0, 185.0, 174.0]",8.149504661560059,0.0,109.87753295898438,0.0005817413330078125,-248.36322021484375
1750932204.5647004,0.0,0.0,"[174.0, 185.0, 193.0, 161.0, 150.0, 145.0, 146.0, 161.0, 185.0, 174.0]",7.908575057983398,0.0,110.03567504882812,0.000583648681640625,-248.36087036132812
1750932204.5815928,0.0,0.0,"[174.0, 185.0, 193.0, 161.0, 149.0, 145.0, 146.0, 161.0, 185.0, 174.0]",7.668144226074219,0.0,110.18902587890625,0.000583648681640625,-248.35858154296875
1750932204.5973487,0.0,0.0,"[174.0, 185.0, 193.0, 161.0, 149.0, 145.0, 146.0, 161.0, 185.0, 174.0]",7.428040981292725,0.0,110.33755493164062,0.000583648681640625,-248.3563232421875
1750932204.6397386,0.0,0.0,"[174.0, 185.0, 193.0, 161.0, 149.0, 145.0, 146.0, 161.0, 185.0, 174.0]",7.188303470611572,0.0,110.4813232421875,0.000583648681640625,-248.35418701171875
1750932204.6563978,0.0,0.0,"[174.0, 185.0, 193.0, 161.0, 149.0, 145.0, 146.0, 161.0, 185.0, 174.0]",6.948987007141113,0.0,110.62026977539062,0.000583648681640625,-248.35211181640625
1750932204.6734338,0.0,0.0,"[174.0, 185.0, 193.0, 163.0, 149.0, 145.0, 146.0, 161.0, 185.0, 174.0]",6.710016250610352,0.0,110.75448608398438,0.000583648681640625,-248.35009765625
1750932204.6897006,0.0,0.0,"[174.0, 185.0, 193.0, 163.0, 149.0, 145.0, 146.0, 161.0, 185.0, 174.0]",6.471482276916504,0.0,110.88388061523438,0.000583648681640625,-248.34814453125
1750932204.706462,0.0,0.5,"[174.0, 185.0, 193.0, 165.0, 149.0, 145.0, 146.0, 161.0, 185.0, 174.0]",6.233255863189697,0.0,111.008544921875,0.000583648681640625,-248.3463134765625
1750932204.7233381,0.0,0.5,"[174.0, 185.0, 193.0, 170.0, 149.0, 144.0, 146.0, 161.0, 185.0, 174.0]",5.995466232299805,0.0,111.12844848632812,0.000583648681640625,-248.344482421875
1750932204.7400067,0.0,0.5,"[174.0, 185.0, 193.0, 170.0, 149.0, 144.0, 146.0, 161.0, 185.0, 174.0]",6.3364105224609375,0.0,111.25515747070312,0.0005817413330078125,-248.34259033203125
1750932204.769707,0.0,0.5,"[174.0, 185.0, 193.0, 170.0, 149.0, 144.0, 146.0, 161.0, 185.0, 174.0]",6.098399639129639,0.0,111.37710571289062,0.0005817413330078125,-248.34075927734375
1750932204.7864609,0.0,0.5,"[174.0, 185.0, 193.0, 170.0, 149.0, 144.0, 146.0, 161.0, 185.0, 174.0]",6.432112693786621,0.0,111.5057373046875,0.0005817413330078125,-248.3388671875
1750932204.803091,0.0,0.5,"[174.0, 185.0, 193.0, 170.0, 149.0, 144.0, 146.0, 161.0, 185.0, 174.0]",6.153326511383057,0.0,111.6287841796875,0.0005817413330078125,-248.33700561523438
1750932204.819589,0.0,0.5,"[174.0, 185.0, 193.0, 170.0, 149.0, 144.0, 146.0, 161.0, 185.0, 174.0]",6.446164131164551,0.0,111.7576904296875,0.000583648681640625,-248.3350830078125
1750932204.849033,0.0,0.5,"[174.0, 185.0, 193.0, 170.0, 149.0, 144.0, 146.0, 161.0, 185.0, 174.0]",6.555085182189941,0.0,111.8887939453125,0.000583648681640625,-248.33309936523438
1750932204.865358,0.0,0.5,"[174.0, 185.0, 193.0, 170.0, 149.0, 144.0, 146.0, 161.0, 185.0, 174.0]",6.594498157501221,0.0,112.02066040039062,0.0005817413330078125,-248.33111572265625
1750932204.8821576,0.0,0.5,"[174.0, 185.0, 193.0, 170.0, 149.0, 144.0, 146.0, 161.0, 185.0, 174.0]",6.405657768249512,0.0,112.14877319335938,0.0005817413330078125,-248.3292236328125
1750932204.8986094,0.0,0.5,"[174.0, 185.0, 193.0, 170.0, 148.0, 144.0, 146.0, 161.0, 185.0, 174.0]",6.732251167297363,0.0,112.28338623046875,0.0005817413330078125,-248.3271484375
1750932204.9413476,0.0,0.5,"[174.0, 185.0, 193.0, 170.0, 148.0, 144.0, 146.0, 161.0, 185.0, 174.0]",6.780829906463623,0.0,112.41897583007812,0.0005817413330078125,-248.32513427734375
1750932204.9584994,0.0,0.5,"[174.0, 185.0, 193.0, 170.0, 148.0, 143.0, 146.0, 161.0, 185.0, 174.0]",6.552382469177246,0.0,112.55001831054688,0.0005817413330078125,-248.32315063476562
1750932204.9602394,0.0,0.5,"[174.0, 185.0, 193.0, 170.0, 148.0, 143.0, 146.0, 161.0, 185.0, 174.0]",6.7803239822387695,0.0,112.68560791015625,0.000579833984375,-248.3209228515625
1750932204.989135,0.0,0.5,"[174.0, 185.0, 193.0, 170.0, 148.0, 143.0, 146.0, 161.0, 185.0, 174.0]",6.913147449493408,0.0,112.8238525390625,0.000579833984375,-248.31887817382812
1750932205.0054204,0.0,0.5,"[174.0, 185.0, 193.0, 170.0, 148.0, 143.0, 146.0, 161.0, 185.0, 174.0]",7.054018020629883,0.0,112.96493530273438,0.000579833984375,-248.31689453125
1750932205.0214827,0.0,0.5,"[174.0, 185.0, 193.0, 170.0, 148.0, 143.0, 146.0, 161.0, 185.0, 174.0]",7.131282806396484,0.0,113.1075439453125,0.000579833984375,-248.31463623046875
1750932205.0378733,0.0,0.5,"[174.0, 185.0, 193.0, 170.0, 148.0, 143.0, 146.0, 161.0, 185.0, 174.0]",6.998783588409424,0.0,113.24749755859375,0.0005779266357421875,-248.3126220703125
1750932205.0802252,0.0,0.5,"[174.0, 185.0, 193.0, 170.0, 148.0, 143.0, 146.0, 161.0, 185.0, 174.0]",7.288639068603516,0.0,113.39324951171875,0.0005779266357421875,-248.31036376953125
1750932205.096591,0.0,0.5,"[174.0, 185.0, 193.0, 169.0, 148.0, 143.0, 145.0, 161.0, 185.0, 174.0]",7.22019100189209,0.0,113.53762817382812,0.0005779266357421875,-248.30844116210938
1750932205.1127183,0.0,0.5,"[174.0, 185.0, 193.0, 169.0, 148.0, 143.0, 145.0, 161.0, 185.0, 174.0]",7.182134628295898,0.0,113.6812744140625,0.0005779266357421875,-248.305908203125
1750932205.1290212,0.0,0.5,"[174.0, 185.0, 193.0, 169.0, 148.0, 143.0, 145.0, 160.0, 185.0, 174.0]",7.398508548736572,0.0,113.8292236328125,0.0005779266357421875,-248.30413818359375
1750932205.1455464,0.0,0.5,"[174.0, 185.0, 193.0, 169.0, 148.0, 142.0, 145.0, 161.0, 185.0, 174.0]",7.31843376159668,0.0,113.97555541992188,0.0005779266357421875,-248.30133056640625
1750932205.161715,0.0,0.5,"[174.0, 185.0, 193.0, 169.0, 147.0, 142.0, 145.0, 160.0, 185.0, 174.0]",7.488167762756348,0.0,114.12533569335938,0.0005779266357421875,-248.2998046875
1750932205.1782353,0.0,0.5,"[174.0, 185.0, 193.0, 169.0, 147.0, 142.0, 145.0, 161.0, 185.0, 174.0]",7.363142490386963,0.0,114.27255249023438,0.000579833984375,-248.296875
1750932205.2206962,0.0,0.5,"[174.0, 185.0, 193.0, 169.0, 147.0, 142.0, 145.0, 160.0, 185.0, 174.0]",7.531151294708252,0.0,114.42318725585938,0.000579833984375,-248.29559326171875
1750932205.2369313,0.0,0.5,"[174.0, 185.0, 193.0, 169.0, 147.0, 142.0, 144.0, 161.0, 185.0, 174.0]",7.5378193855285645,0.0,114.57388305664062,0.000579833984375,-248.29248046875
1750932205.238496,0.0,0.5,"[174.0, 185.0, 193.0, 169.0, 147.0, 142.0, 144.0, 161.0, 185.0, 174.0]",7.570272922515869,0.0,114.72531127929688,0.000579833984375,-248.29071044921875
1750932205.28055,0.0,0.5,"[174.0, 185.0, 193.0, 169.0, 147.0, 142.0, 144.0, 160.0, 185.0, 174.0]",7.6055378913879395,0.0,114.87738037109375,0.000579833984375,-248.2880859375
1750932205.297087,0.0,0.5,"[174.0, 185.0, 193.0, 169.0, 147.0, 142.0, 144.0, 160.0, 185.0, 174.0]",7.7246575355529785,0.0,115.0318603515625,0.000579833984375,-248.28579711914062
1750932205.2988157,0.0,0.5,"[174.0, 185.0, 193.0, 169.0, 147.0, 142.0, 144.0, 160.0, 185.0, 174.0]",7.881671905517578,0.0,115.18948364257812,0.000579833984375,-248.28338623046875
1750932205.340874,0.0,0.5,"[174.0, 185.0, 193.0, 169.0, 147.0, 141.0, 144.0, 160.0, 185.0, 174.0]",7.7401347160339355,0.0,115.34426879882812,0.000579833984375,-248.28106689453125
1750932205.3573039,0.0,0.5,"[174.0, 185.0, 193.0, 169.0, 146.0, 141.0, 144.0, 160.0, 185.0, 174.0]",7.943752288818359,0.0,115.50311279296875,0.000579833984375,-248.278564453125
1750932205.3590016,0.0,0.5,"[174.0, 185.0, 193.0, 169.0, 146.0, 141.0, 144.0, 160.0, 185.0, 174.0]",7.822474956512451,0.0,115.6595458984375,0.000579833984375,-248.2764892578125
1750932205.4012554,0.0,0.5,"[174.0, 185.0, 193.0, 168.0, 146.0, 141.0, 144.0, 160.0, 185.0, 174.0]",7.972569465637207,0.0,115.8189697265625,0.000579833984375,-248.27374267578125
1750932205.418159,0.0,0.5,"[174.0, 185.0, 193.0, 168.0, 146.0, 141.0, 143.0, 160.0, 185.0, 174.0]",8.032821655273438,0.0,115.9796142578125,0.000579833984375,-248.27166748046875
1750932205.419762,0.0,0.5,"[174.0, 185.0, 193.0, 168.0, 146.0, 141.0, 143.0, 160.0, 185.0, 174.0]",8.241124153137207,0.0,116.1444091796875,0.000579833984375,-248.26910400390625
1750932205.4492824,0.0,0.5,"[174.0, 185.0, 193.0, 168.0, 146.0, 141.0, 143.0, 160.0, 185.0, 174.0]",8.060876846313477,0.0,116.30563354492188,0.000579833984375,-248.2666015625
1750932205.4664793,0.0,0.5,"[174.0, 185.0, 193.0, 168.0, 146.0, 140.0, 143.0, 160.0, 185.0, 174.0]",8.424211502075195,0.0,116.47409057617188,0.000579833984375,-248.26412963867188
1750932205.483304,0.0,0.5,"[174.0, 185.0, 193.0, 168.0, 146.0, 140.0, 143.0, 160.0, 185.0, 174.0]",8.182897567749023,0.0,116.63772583007812,0.000579833984375,-248.26168823242188
1750932205.4995005,0.0,0.5,"[174.0, 185.0, 193.0, 168.0, 146.0, 140.0, 143.0, 160.0, 185.0, 174.0]",8.391949653625488,0.0,116.8055419921875,0.0005817413330078125,-248.25921630859375
1750932205.5283294,0.0,0.5,"[174.0, 185.0, 193.0, 168.0, 145.0, 140.0, 142.0, 159.0, 185.0, 174.0]",8.188965797424316,0.0,116.96929931640625,0.0005817413330078125,-248.2567138671875
1750932205.544452,0.0,0.5,"[174.0, 185.0, 193.0, 168.0, 145.0, 140.0, 142.0, 159.0, 185.0, 174.0]",8.593585014343262,0.0,117.14114379882812,0.0005817413330078125,-248.25408935546875
1750932205.5605185,0.0,0.5,"[174.0, 185.0, 193.0, 168.0, 145.0, 140.0, 142.0, 159.0, 185.0, 174.0]",8.410820007324219,0.0,117.30935668945312,0.0005817413330078125,-248.25146484375
1750932205.5765197,0.0,0.5,"[174.0, 185.0, 193.0, 167.0, 145.0, 139.0, 141.0, 160.0, 185.0, 174.0]",8.639416694641113,0.0,117.48211669921875,0.0005817413330078125,-248.2489013671875
1750932205.6177235,0.0,0.5,"[174.0, 185.0, 193.0, 167.0, 145.0, 139.0, 141.0, 161.0, 185.0, 174.0]",8.563581466674805,0.0,117.65338134765625,0.0005817413330078125,-248.2464599609375
1750932205.6343923,0.0,0.5,"[174.0, 185.0, 193.0, 167.0, 145.0, 139.0, 141.0, 160.0, 185.0, 174.0]",8.79822063446045,0.0,117.82931518554688,0.000579833984375,-248.24359130859375
1750932205.6506307,1.0,0.5,"[174.0, 185.0, 193.0, 167.0, 145.0, 139.0, 141.0, 159.0, 185.0, 174.0]",8.647781372070312,0.0,118.00225830078125,0.000579833984375,-248.24127197265625
1750932205.6665187,1.0,0.5,"[174.0, 185.0, 192.0, 167.0, 145.0, 139.0, 142.0, 161.0, 185.0, 174.0]",8.436433792114258,0.5,118.17041015625,0.000579833984375,-248.2552490234375
1750932205.6830359,1.0,0.5,"[174.0, 185.0, 192.0, 167.0, 145.0, 140.0, 144.0, 162.0, 185.0, 174.0]",8.159585952758789,0.5,118.33023071289062,0.0005817413330078125,-248.28826904296875
1750932205.6995037,1.0,0.5,"[174.0, 185.0, 190.0, 167.0, 145.0, 140.0, 144.0, 164.0, 185.0, 174.0]",8.513660430908203,0.5,118.4976806640625,0.0005817413330078125,-248.319091796875
1750932205.7280607,0.0,0.5,"[174.0, 185.0, 189.0, 167.0, 145.0, 141.0, 146.0, 165.0, 185.0, 174.0]",8.29887580871582,0.5,118.66000366210938,0.0005817413330078125,-248.353759765625
1750932205.7440097,0.0,0.5,"[174.0, 185.0, 189.0, 167.0, 145.0, 141.0, 146.0, 165.0, 185.0, 174.0]",8.266018867492676,0.0,118.82427978515625,0.0005817413330078125,-248.37225341796875
1750932205.7600982,0.0,0.5,"[174.0, 185.0, 189.0, 167.0, 145.0, 140.0, 146.0, 165.0, 185.0, 174.0]",8.397855758666992,0.0,118.99215698242188,0.0005817413330078125,-248.376953125
1750932205.7892196,0.0,0.5,"[174.0, 185.0, 189.0, 167.0, 145.0, 140.0, 146.0, 165.0, 185.0, 174.0]",8.40619945526123,0.0,119.16000366210938,0.0005817413330078125,-248.3870849609375
1750932205.8055396,0.0,0.5,"[174.0, 185.0, 189.0, 167.0, 145.0, 140.0, 145.0, 164.0, 185.0, 174.0]",8.617624282836914,0.0,119.33212280273438,0.000579833984375,-248.395751953125
1750932205.8216372,0.0,0.5,"[174.0, 185.0, 188.0, 167.0, 145.0, 140.0, 145.0, 164.0, 185.0, 174.0]",8.704695701599121,0.0,119.5059814453125,0.000579833984375,-248.40460205078125
1750932205.838076,0.0,0.5,"[174.0, 185.0, 187.0, 167.0, 144.0, 140.0, 145.0, 164.0, 185.0, 174.0]",8.67835521697998,0.0,119.6793212890625,0.000579833984375,-248.41363525390625
1750932205.8790526,0.0,0.5,"[174.0, 185.0, 187.0, 167.0, 144.0, 140.0, 145.0, 164.0, 185.0, 174.0]",8.637629508972168,0.0,119.85183715820312,0.000579833984375,-248.42242431640625
1750932205.8950016,0.0,0.5,"[174.0, 185.0, 187.0, 167.0, 144.0, 139.0, 145.0, 164.0, 185.0, 174.0]",8.965380668640137,0.0,120.03091430664062,0.0005817413330078125,-248.43173217773438
1750932205.9110632,0.0,0.5,"[174.0, 185.0, 187.0, 166.0, 144.0, 139.0, 145.0, 164.0, 185.0, 174.0]",8.694994926452637,0.0,120.20458984375,0.0005817413330078125,-248.4407958984375
1750932205.9273043,0.0,0.5,"[174.0, 185.0, 187.0, 166.0, 144.0, 139.0, 145.0, 164.0, 185.0, 174.0]",8.96450424194336,0.0,120.38363647460938,0.0005817413330078125,-248.45013427734375
1750932205.9439974,0.0,0.5,"[174.0, 185.0, 186.0, 166.0, 144.0, 139.0, 145.0, 164.0, 185.0, 174.0]",8.848591804504395,0.0,120.56036376953125,0.0005817413330078125,-248.45941162109375
1750932205.959809,0.0,0.5,"[174.0, 185.0, 186.0, 166.0, 144.0, 139.0, 145.0, 164.0, 185.0, 174.0]",9.05526065826416,0.0,120.74124145507812,0.0005817413330078125,-248.46859741210938
1750932205.9882877,0.0,0.5,"[174.0, 185.0, 186.0, 166.0, 143.0, 138.0, 145.0, 163.0, 185.0, 174.0]",9.097883224487305,0.0,120.92291259765625,0.0005817413330078125,-248.47833251953125
1750932206.003977,0.0,0.5,"[174.0, 185.0, 185.0, 166.0, 143.0, 138.0, 145.0, 163.0, 185.0, 174.0]",9.032286643981934,0.0,121.10333251953125,0.0005817413330078125,-248.48733520507812
1750932206.0201273,0.0,0.5,"[174.0, 185.0, 184.0, 166.0, 143.0, 138.0, 144.0, 162.0, 185.0, 174.0]",9.198784828186035,0.0,121.28704833984375,0.0005817413330078125,-248.4974365234375
1750932206.0491464,1.0,0.5,"[174.0, 185.0, 184.0, 166.0, 143.0, 138.0, 144.0, 162.0, 185.0, 174.0]",9.207785606384277,0.0,121.47097778320312,0.0005817413330078125,-248.50665283203125
1750932206.0652547,1.0,0.5,"[174.0, 185.0, 184.0, 166.0, 143.0, 138.0, 145.0, 163.0, 185.0, 174.0]",8.95268440246582,0.5,121.64852905273438,0.000583648681640625,-248.529541015625
1750932206.081237,1.0,0.5,"[174.0, 185.0, 183.0, 166.0, 143.0, 138.0, 145.0, 165.0, 185.0, 174.0]",8.800653457641602,0.5,121.8193359375,0.0005817413330078125,-248.5721435546875
1750932206.0974028,1.0,0.5,"[174.0, 185.0, 181.0, 166.0, 143.0, 138.0, 146.0, 167.0, 185.0, 174.0]",9.15356159210205,0.5,121.9964599609375,0.0005817413330078125,-248.61843872070312
1750932206.138056,1.0,0.5,"[174.0, 185.0, 180.0, 166.0, 144.0, 138.0, 146.0, 169.0, 185.0, 174.0]",8.884570121765137,0.5,122.16748046875,0.0005817413330078125,-248.6666259765625
1750932206.1544404,0.0,0.5,"[174.0, 185.0, 179.0, 166.0, 144.0, 139.0, 147.0, 170.0, 185.0, 174.0]",9.304681777954102,0.5,122.345703125,0.0005817413330078125,-248.72021484375
1750932206.1701488,0.0,0.5,"[174.0, 185.0, 178.0, 166.0, 144.0, 138.0, 147.0, 171.0, 185.0, 174.0]",8.970986366271973,0.0,122.52166748046875,0.000579833984375,-248.7552490234375
1750932206.1853087,0.0,0.5,"[174.0, 185.0, 178.0, 166.0, 144.0, 138.0, 146.0, 170.0, 185.0, 174.0]",9.14916706085205,0.0,122.703369140625,0.000579833984375,-248.77685546875
1750932206.2014914,0.0,0.5,"[174.0, 185.0, 178.0, 166.0, 144.0, 138.0, 146.0, 170.0, 185.0, 174.0]",8.969207763671875,0.0,122.88088989257812,0.000579833984375,-248.80267333984375
1750932206.2175615,0.0,0.5,"[174.0, 185.0, 176.0, 166.0, 143.0, 138.0, 146.0, 170.0, 185.0, 174.0]",9.144444465637207,0.0,123.06204223632812,0.000579833984375,-248.82785034179688
1750932206.2587547,0.0,0.5,"[174.0, 185.0, 177.0, 164.0, 143.0, 137.0, 146.0, 170.0, 185.0, 174.0]",9.195049285888672,0.0,123.24411010742188,0.000579833984375,-248.853759765625
1750932206.2745953,0.0,0.5,"[174.0, 185.0, 181.0, 164.0, 143.0, 137.0, 146.0, 170.0, 185.0, 174.0]",9.341361045837402,0.0,123.42916870117188,0.000579833984375,-248.87921142578125
1750932206.2906075,0.0,0.5,"[174.0, 185.0, 187.0, 164.0, 143.0, 137.0, 145.0, 170.0, 185.0, 174.0]",9.18797779083252,0.0,123.61114501953125,0.000579833984375,-248.90481567382812
1750932206.3066328,0.0,0.5,"[174.0, 185.0, 223.0, 164.0, 143.0, 137.0, 145.0, 170.0, 185.0, 174.0]",9.381291389465332,0.0,123.79702758789062,0.000579833984375,-248.93035888671875
1750932206.3226514,0.0,0.5,"[174.0, 185.0, 223.0, 164.0, 142.0, 136.0, 145.0, 170.0, 185.0, 174.0]",9.374990463256836,0.0,123.98269653320312,0.000579833984375,-248.9564208984375
1750932206.338728,0.0,0.5,"[174.0, 185.0, 223.0, 164.0, 142.0, 136.0, 145.0, 170.0, 185.0, 174.0]",9.3886079788208,0.0,124.168701171875,0.000579833984375,-248.98223876953125
1750932206.3798008,0.0,0.5,"[174.0, 185.0, 223.0, 163.0, 142.0, 136.0, 144.0, 170.0, 185.0, 174.0]",9.628545761108398,0.0,124.35940551757812,0.000579833984375,-249.0087890625
1750932206.3957834,0.0,0.5,"[174.0, 185.0, 223.0, 163.0, 142.0, 136.0, 144.0, 170.0, 185.0, 174.0]",9.536028861999512,0.0,124.54827880859375,0.0005817413330078125,-249.03533935546875
1750932206.4117625,0.0,0.5,"[174.0, 185.0, 223.0, 163.0, 141.0, 135.0, 144.0, 170.0, 185.0, 174.0]",9.632448196411133,0.0,124.73910522460938,0.0005817413330078125,-249.06170654296875
1750932206.4277596,0.0,0.5,"[174.0, 185.0, 223.0, 163.0, 141.0, 135.0, 144.0, 170.0, 185.0, 174.0]",9.470500946044922,0.0,124.92666625976562,0.000579833984375,-249.08810424804688
1750932206.4438784,0.0,0.5,"[174.0, 185.0, 221.0, 163.0, 141.0, 135.0, 143.0, 170.0, 185.0, 174.0]",9.589491844177246,0.0,125.11663818359375,0.000579833984375,-249.11453247070312
1750932206.4602506,0.0,0.5,"[174.0, 185.0, 221.0, 162.0, 141.0, 135.0, 143.0, 170.0, 185.0, 174.0]",9.798983573913574,0.0,125.31069946289062,0.0005817413330078125,-249.1419677734375
1750932206.4763038,1.0,0.5,"[174.0, 185.0, 221.0, 162.0, 140.0, 134.0, 143.0, 169.0, 185.0, 174.0]",9.855834007263184,0.0,125.50592041015625,0.0005817413330078125,-249.169189453125
1750932206.5200028,1.0,0.5,"[174.0, 185.0, 221.0, 162.0, 140.0, 134.0, 143.0, 169.0, 185.0, 174.0]",9.648078918457031,0.5,125.69436645507812,0.0005817413330078125,-249.210693359375
1750932206.5372207,1.0,0.5,"[174.0, 185.0, 221.0, 162.0, 141.0, 134.0, 144.0, 170.0, 185.0, 174.0]",9.49792766571045,0.5,125.87481689453125,0.0005817413330078125,-249.27001953125
1750932206.554944,1.0,0.5,"[174.0, 185.0, 223.0, 163.0, 141.0, 135.0, 144.0, 170.0, 185.0, 174.0]",9.588254928588867,0.5,126.05477905273438,0.000579833984375,-249.336181640625
1750932206.5718985,1.0,0.5,"[174.0, 185.0, 223.0, 163.0, 141.0, 135.0, 145.0, 172.0, 185.0, 174.0]",9.6226224899292,0.5,126.23507690429688,0.000579833984375,-249.40359497070312
1750932206.5894942,0.0,0.5,"[174.0, 185.0, 223.0, 163.0, 141.0, 135.0, 145.0, 172.0, 185.0, 174.0]",9.594283103942871,0.5,126.41256713867188,0.000579833984375,-249.47647094726562
1750932206.60739,0.0,0.5,"[174.0, 185.0, 223.0, 163.0, 141.0, 135.0, 145.0, 172.0, 185.0, 174.0]",9.569915771484375,0.0,126.59555053710938,0.0005817413330078125,-249.53262329101562
1750932206.625688,0.0,0.5,"[174.0, 185.0, 223.0, 163.0, 141.0, 135.0, 144.0, 172.0, 185.0, 174.0]",9.756813049316406,0.0,126.78598022460938,0.000579833984375,-249.5751953125
1750932206.6440203,0.0,0.5,"[174.0, 185.0, 223.0, 163.0, 140.0, 134.0, 144.0, 172.0, 185.0, 174.0]",9.541837692260742,0.0,126.97158813476562,0.000579833984375,-249.61956787109375
1750932206.6615036,0.0,0.5,"[174.0, 185.0, 223.0, 162.0, 140.0, 134.0, 144.0, 171.0, 185.0, 174.0]",9.902359008789062,0.0,127.16427612304688,0.0005817413330078125,-249.665283203125
1750932206.6782153,0.0,0.5,"[174.0, 185.0, 223.0, 162.0, 140.0, 134.0, 143.0, 170.0, 185.0, 174.0]",9.623629570007324,0.0,127.35159301757812,0.0005817413330078125,-249.70962524414062
1750932206.7196364,0.0,0.5,"[174.0, 185.0, 221.0, 162.0, 140.0, 133.0, 143.0, 170.0, 185.0, 174.0]",9.903326034545898,0.0,127.5443115234375,0.0005817413330078125,-249.7552490234375
1750932206.7357633,0.0,0.5,"[174.0, 185.0, 221.0, 162.0, 139.0, 133.0, 142.0, 170.0, 185.0, 174.0]",9.739903450012207,0.0,127.73388671875,0.000579833984375,-249.800048828125
1750932206.751685,0.0,0.5,"[174.0, 185.0, 221.0, 161.0, 139.0, 133.0, 141.0, 169.0, 185.0, 174.0]",9.859853744506836,0.0,127.92575073242188,0.000579833984375,-249.84567260742188
1750932206.7675252,1.0,0.5,"[174.0, 185.0, 221.0, 161.0, 139.0, 131.0, 141.0, 169.0, 185.0, 174.0]",10.004744529724121,0.0,128.12045288085938,0.0005817413330078125,-249.8917236328125
1750932206.783568,1.0,0.5,"[174.0, 185.0, 221.0, 161.0, 139.0, 131.0, 140.0, 169.0, 185.0, 174.0]",9.617995262145996,0.5,128.30221557617188,0.000579833984375,-249.95468139648438
1750932206.7996652,1.0,0.5,"[174.0, 185.0, 221.0, 162.0, 139.0, 133.0, 141.0, 170.0, 185.0, 174.0]",9.7359037399292,0.5,128.47970581054688,0.0005817413330078125,-250.0347900390625
1750932206.8284934,1.0,0.5,"[174.0, 185.0, 223.0, 162.0, 139.0, 133.0, 141.0, 172.0, 185.0, 174.0]",9.426891326904297,0.5,128.65011596679688,0.0005817413330078125,-250.11544799804688
1750932206.844977,1.0,0.5,"[174.0, 185.0, 223.0, 162.0, 139.0, 134.0, 141.0, 172.0, 185.0, 174.0]",9.76535415649414,0.5,128.82501220703125,0.0005817413330078125,-250.202392578125
1750932206.861634,0.0,0.5,"[174.0, 185.0, 225.0, 162.0, 139.0, 134.0, 141.0, 173.0, 185.0, 174.0]",9.743484497070312,0.5,128.99789428710938,0.0005817413330078125,-250.29232788085938
1750932206.8778613,0.0,0.5,"[174.0, 185.0, 225.0, 162.0, 139.0, 134.0, 141.0, 172.0, 185.0, 174.0]",9.681756019592285,0.0,129.17776489257812,0.0005817413330078125,-250.364013671875
1750932206.9192004,0.0,0.5,"[174.0, 185.0, 223.0, 162.0, 139.0, 133.0, 141.0, 172.0, 185.0, 174.0]",9.678302764892578,0.0,129.36184692382812,0.0005817413330078125,-250.423828125
1750932206.9361644,0.0,0.5,"[174.0, 185.0, 223.0, 161.0, 138.0, 133.0, 140.0, 172.0, 185.0, 174.0]",9.888601303100586,0.0,129.54891967773438,0.0005817413330078125,-250.48800659179688
1750932206.9523485,0.0,0.5,"[174.0, 185.0, 223.0, 161.0, 138.0, 133.0, 140.0, 170.0, 185.0, 174.0]",9.789698600769043,0.0,129.73422241210938,0.0005817413330078125,-250.55126953125
1750932206.968319,0.0,0.5,"[174.0, 185.0, 223.0, 161.0, 138.0, 131.0, 139.0, 170.0, 185.0, 174.0]",9.888689994812012,0.0,129.92147827148438,0.0005817413330078125,-250.61489868164062
1750932206.9838421,0.0,0.5,"[174.0, 185.0, 223.0, 161.0, 138.0, 131.0, 139.0, 169.0, 185.0, 174.0]",9.753410339355469,0.0,130.10604858398438,0.0005817413330078125,-250.677978515625
1750932207.0002415,1.0,0.5,"[174.0, 185.0, 221.0, 160.0, 137.0, 131.0, 138.0, 168.0, 185.0, 174.0]",10.119159698486328,0.0,130.29769897460938,0.0005817413330078125,-250.7430419921875
1750932207.028432,1.0,0.5,"[174.0, 185.0, 223.0, 160.0, 137.0, 131.0, 138.0, 167.0, 185.0, 174.0]",9.730154991149902,0.5,130.47561645507812,0.0005817413330078125,-250.8218994140625
1750932207.0451741,1.0,0.5,"[174.0, 185.0, 223.0, 161.0, 137.0, 131.0, 139.0, 168.0, 185.0, 174.0]",9.703176498413086,0.5,130.64306640625,0.0005817413330078125,-250.91998291015625
1750932207.0614302,0.0,0.5,"[174.0, 185.0, 225.0, 161.0, 137.0, 133.0, 139.0, 168.0, 185.0, 174.0]",9.690299034118652,0.5,130.81033325195312,0.0005817413330078125,-251.01788330078125
1750932207.0774848,0.0,0.5,"[174.0, 185.0, 225.0, 161.0, 137.0, 133.0, 139.0, 167.0, 185.0, 174.0]",9.566973686218262,0.0,130.98248291015625,0.0005817413330078125,-251.10140991210938
1750932207.1194925,0.0,0.5,"[174.0, 185.0, 223.0, 160.0, 137.0, 131.0, 138.0, 167.0, 185.0, 174.0]",9.732147216796875,0.0,131.16415405273438,0.0005817413330078125,-251.17120361328125
1750932207.13545,0.0,0.5,"[174.0, 185.0, 223.0, 160.0, 137.0, 131.0, 138.0, 165.0, 185.0, 174.0]",9.804966926574707,0.0,131.345703125,0.0005817413330078125,-251.245361328125
1750932207.1514792,0.0,0.5,"[174.0, 185.0, 223.0, 160.0, 136.0, 131.0, 138.0, 165.0, 185.0, 174.0]",9.744778633117676,0.0,131.52639770507812,0.0005817413330078125,-251.3184814453125
1750932207.1674798,0.0,0.5,"[174.0, 185.0, 223.0, 160.0, 136.0, 130.0, 137.0, 164.0, 185.0, 174.0]",9.834212303161621,0.0,131.70867919921875,0.0005817413330078125,-251.39230346679688
1750932207.1835515,0.0,0.5,"[174.0, 185.0, 223.0, 159.0, 135.0, 130.0, 137.0, 164.0, 185.0, 174.0]",10.017557144165039,0.0,131.89443969726562,0.0005817413330078125,-251.4674072265625
1750932207.1995184,0.0,0.5,"[174.0, 185.0, 221.0, 159.0, 135.0, 129.0, 136.0, 162.0, 185.0, 174.0]",9.820907592773438,0.0,132.07644653320312,0.0005817413330078125,-251.54119873046875
1750932207.2281713,0.0,0.5,"[174.0, 185.0, 221.0, 159.0, 135.0, 129.0, 136.0, 162.0, 185.0, 174.0]",9.987300872802734,0.0,132.26168823242188,0.0005817413330078125,-251.61590576171875
1750932207.244669,0.0,0.5,"[174.0, 185.0, 221.0, 158.0, 134.0, 129.0, 134.0, 161.0, 185.0, 174.0]",10.051338195800781,0.0,132.447998046875,0.0005817413330078125,-251.69140625
1750932207.2607422,0.0,0.5,"[174.0, 185.0, 221.0, 158.0, 134.0, 128.0, 134.0, 160.0, 185.0, 174.0]",10.105118751525879,0.0,132.63534545898438,0.0005817413330078125,-251.7672119140625
1750932207.277279,1.0,0.5,"[174.0, 185.0, 220.0, 158.0, 133.0, 128.0, 133.0, 159.0, 185.0, 174.0]",10.289920806884766,0.0,132.82614135742188,0.0005817413330078125,-251.84432983398438
1750932207.3188267,1.0,0.5,"[174.0, 185.0, 221.0, 158.0, 133.0, 127.0, 133.0, 159.0, 185.0, 174.0]",9.858427047729492,0.5,133.00164794921875,0.0005817413330078125,-251.93417358398438
1750932207.334743,1.0,0.5,"[174.0, 185.0, 221.0, 158.0, 134.0, 127.0, 134.0, 159.0, 185.0, 174.0]",9.863402366638184,0.5,133.16775512695312,0.0005817413330078125,-252.04058837890625
1750932207.3507898,0.0,0.5,"[174.0, 185.0, 223.0, 158.0, 134.0, 127.0, 134.0, 159.0, 185.0, 174.0]",9.90030574798584,0.5,133.33187866210938,0.0005817413330078125,-252.15133666992188
1750932207.3659883,0.0,0.5,"[174.0, 185.0, 223.0, 158.0, 133.0, 127.0, 134.0, 159.0, 185.0, 174.0]",9.760502815246582,0.0,133.50418090820312,0.0005817413330078125,-252.24310302734375
1750932207.3810618,0.0,0.5,"[174.0, 185.0, 221.0, 158.0, 133.0, 126.0, 133.0, 158.0, 185.0, 174.0]",9.98241138458252,0.0,133.68502807617188,0.0005817413330078125,-252.32766723632812
1750932207.3959303,0.0,0.5,"[174.0, 185.0, 221.0, 156.0, 131.0, 126.0, 133.0, 158.0, 185.0, 174.0]",9.902570724487305,0.0,133.86422729492188,0.0005817413330078125,-252.41204833984375
1750932207.434762,0.0,0.5,"[174.0, 185.0, 221.0, 156.0, 131.0, 125.0, 132.0, 156.0, 185.0, 174.0]",10.072907447814941,0.0,134.04632568359375,0.0005817413330078125,-252.49819946289062
1750932207.4502609,0.0,0.5,"[174.0, 185.0, 221.0, 156.0, 131.0, 125.0, 132.0, 155.0, 185.0, 174.0]",9.947059631347656,0.0,134.22628784179688,0.0005817413330078125,-252.58297729492188
1750932207.4658065,0.0,0.5,"[174.0, 185.0, 220.0, 155.0, 130.0, 124.0, 131.0, 155.0, 185.0, 174.0]",10.0468168258667,0.0,134.40786743164062,0.0005817413330078125,-252.66903686523438
1750932207.4816527,1.0,0.5,"[174.0, 185.0, 220.0, 155.0, 129.0, 124.0, 131.0, 153.0, 185.0, 174.0]",10.062705993652344,0.0,134.58990478515625,0.0005817413330078125,-252.7548828125
1750932207.4976187,1.0,0.5,"[174.0, 185.0, 220.0, 155.0, 129.0, 123.0, 131.0, 153.0, 185.0, 174.0]",9.7571439743042,0.5,134.75790405273438,0.0005817413330078125,-252.8541259765625
1750932207.538145,1.0,0.5,"[174.0, 185.0, 221.0, 155.0, 129.0, 123.0, 132.0, 154.0, 185.0, 174.0]",9.838708877563477,0.5,134.91696166992188,0.0005817413330078125,-252.97003173828125
1750932207.554255,1.0,0.5,"[174.0, 185.0, 227.0, 155.0, 130.0, 123.0, 132.0, 155.0, 185.0, 174.0]",9.7692289352417,0.5,135.07290649414062,0.0005817413330078125,-253.0877685546875
1750932207.5699234,0.0,0.5,"[174.0, 185.0, 227.0, 156.0, 130.0, 123.0, 132.0, 155.0, 185.0, 174.0]",9.943398475646973,0.5,135.22885131835938,0.0005817413330078125,-253.21115112304688
1750932207.5859158,0.0,0.5,"[174.0, 185.0, 227.0, 156.0, 130.0, 123.0, 132.0, 155.0, 185.0, 174.0]",9.684210777282715,0.0,135.38815307617188,0.000583648681640625,-253.3212890625
1750932207.6018016,0.0,0.5,"[174.0, 185.0, 227.0, 155.0, 129.0, 122.0, 131.0, 154.0, 185.0, 174.0]",9.835893630981445,0.0,135.55938720703125,0.000583648681640625,-253.41815185546875
1750932207.6179655,0.0,0.5,"[174.0, 185.0, 227.0, 155.0, 129.0, 122.0, 130.0, 153.0, 185.0, 174.0]",9.88919734954834,0.0,135.73074340820312,0.000583648681640625,-253.51690673828125
1750932207.6585517,0.0,0.5,"[174.0, 185.0, 227.0, 154.0, 128.0, 121.0, 130.0, 153.0, 185.0, 174.0]",9.9457368850708,0.0,135.90347290039062,0.000583648681640625,-253.6156005859375
1750932207.6742563,0.0,0.5,"[174.0, 185.0, 227.0, 154.0, 128.0, 120.0, 129.0, 151.0, 185.0, 174.0]",10.157429695129395,0.0,136.07940673828125,0.000583648681640625,-253.71713256835938
1750932207.6904805,1.0,0.5,"[174.0, 185.0, 227.0, 154.0, 127.0, 120.0, 128.0, 150.0, 185.0, 174.0]",10.018869400024414,0.0,136.25326538085938,0.0005855560302734375,-253.8167724609375
1750932207.706009,1.0,0.5,"[174.0, 185.0, 227.0, 153.0, 127.0, 119.0, 128.0, 150.0, 185.0, 174.0]",9.945972442626953,0.5,136.41763305664062,0.0005855560302734375,-253.92880249023438
1750932207.7219703,1.0,0.5,"[174.0, 185.0, 227.0, 154.0, 127.0, 119.0, 126.0, 151.0, 185.0, 174.0]",9.611052513122559,0.5,136.56622314453125,0.0005855560302734375,-254.05072021484375
1750932207.7381616,1.0,0.5,"[174.0, 185.0, 227.0, 154.0, 127.0, 119.0, 126.0, 151.0, 185.0, 174.0]",9.969433784484863,0.5,136.71487426757812,0.000583648681640625,-254.18359375
1750932207.7781308,1.0,0.5,"[174.0, 185.0, 227.0, 155.0, 128.0, 119.0, 126.0, 153.0, 185.0, 174.0]",9.660054206848145,0.5,136.8570556640625,0.000583648681640625,-254.31442260742188
1750932207.794205,1.0,0.5,"[174.0, 185.0, 227.0, 155.0, 128.0, 119.0, 126.0, 153.0, 185.0, 174.0]",9.937755584716797,0.5,137.00021362304688,0.000583648681640625,-254.45230102539062
1750932207.8103287,1.0,0.5,"[174.0, 185.0, 227.0, 156.0, 129.0, 120.0, 126.0, 153.0, 185.0, 174.0]",9.830524444580078,0.5,137.13876342773438,0.0005817413330078125,-254.591796875
1750932207.826438,1.0,0.5,"[174.0, 185.0, 227.0, 156.0, 129.0, 120.0, 126.0, 151.0, 185.0, 174.0]",9.977046012878418,0.5,137.27780151367188,0.0005817413330078125,-254.73492431640625
1750932207.8429527,1.0,0.5,"[174.0, 185.0, 227.0, 158.0, 129.0, 120.0, 126.0, 151.0, 185.0, 174.0]",9.846343040466309,0.5,137.41073608398438,0.0005817413330078125,-254.88018798828125
1750932207.8599858,1.0,0.5,"[174.0, 185.0, 227.0, 159.0, 130.0, 120.0, 126.0, 151.0, 185.0, 174.0]",10.18714427947998,0.5,137.54598999023438,0.0005817413330078125,-255.03256225585938
1750932207.8905332,1.0,0.5,"[174.0, 185.0, 227.0, 159.0, 130.0, 121.0, 126.0, 150.0, 185.0, 174.0]",9.884392738342285,0.5,137.67413330078125,0.0005817413330078125,-255.18310546875
1750932207.907186,1.0,0.5,"[174.0, 185.0, 227.0, 160.0, 130.0, 121.0, 126.0, 150.0, 185.0, 174.0]",10.176326751708984,0.5,137.80270385742188,0.000583648681640625,-255.34088134765625
1750932207.9239955,1.0,0.5,"[174.0, 185.0, 226.0, 161.0, 131.0, 122.0, 126.0, 150.0, 185.0, 174.0]",10.01217269897461,0.5,137.92556762695312,0.000583648681640625,-255.49899291992188
1750932207.939959,1.0,0.5,"[174.0, 185.0, 226.0, 162.0, 131.0, 122.0, 126.0, 150.0, 185.0, 174.0]",10.053640365600586,0.5,138.0467529296875,0.000583648681640625,-255.65945434570312
1750932207.9684424,1.0,0.5,"[174.0, 185.0, 226.0, 162.0, 133.0, 123.0, 128.0, 150.0, 185.0, 174.0]",10.257820129394531,0.5,138.16650390625,0.0005817413330078125,-255.8260498046875
1750932207.984921,1.0,0.5,"[174.0, 185.0, 226.0, 163.0, 133.0, 123.0, 128.0, 150.0, 185.0, 174.0]",10.284634590148926,0.5,138.28225708007812,0.0005817413330078125,-255.99606323242188
1750932208.0010026,1.0,0.5,"[174.0, 185.0, 225.0, 164.0, 134.0, 124.0, 128.0, 150.0, 185.0, 174.0]",10.34836196899414,0.5,138.39700317382812,0.0005817413330078125,-256.1683044433594
1750932208.016984,1.0,0.5,"[174.0, 185.0, 225.0, 166.0, 134.0, 124.0, 129.0, 150.0, 185.0, 174.0]",10.324642181396484,0.5,138.50601196289062,0.0005817413330078125,-256.34368896484375
1750932208.0590506,1.0,0.5,"[174.0, 185.0, 225.0, 173.0, 135.0, 124.0, 129.0, 150.0, 185.0, 174.0]",10.433247566223145,0.5,138.61346435546875,0.0005817413330078125,-256.5225830078125
1750932208.0753841,1.0,0.5,"[174.0, 185.0, 223.0, 173.0, 135.0, 125.0, 130.0, 151.0, 185.0, 174.0]",10.205549240112305,0.5,138.71408081054688,0.0005817413330078125,-256.7001647949219
1750932208.0912821,1.0,0.5,"[174.0, 185.0, 223.0, 173.0, 136.0, 125.0, 130.0, 151.0, 185.0, 174.0]",10.41759967803955,0.5,138.81362915039062,0.0005817413330078125,-256.8832092285156
1750932208.1074264,1.0,0.5,"[174.0, 185.0, 221.0, 173.0, 137.0, 126.0, 131.0, 151.0, 185.0, 174.0]",10.631019592285156,0.5,138.91201782226562,0.0005817413330078125,-257.0716857910156
1750932208.1234014,1.0,0.5,"[174.0, 185.0, 221.0, 173.0, 138.0, 126.0, 131.0, 153.0, 185.0, 174.0]",10.529816627502441,0.5,139.00393676757812,0.0005817413330078125,-257.26116943359375
1750932208.1393538,1.0,0.5,"[174.0, 185.0, 220.0, 171.0, 139.0, 127.0, 132.0, 153.0, 185.0, 174.0]",10.694968223571777,0.5,139.09439086914062,0.0005817413330078125,-257.4549865722656
1750932208.1686604,1.0,0.5,"[174.0, 185.0, 220.0, 171.0, 139.0, 127.0, 133.0, 154.0, 185.0, 174.0]",10.55157470703125,0.5,139.17816162109375,0.0005817413330078125,-257.648681640625
1750932208.1846356,1.0,0.5,"[174.0, 185.0, 218.0, 171.0, 140.0, 128.0, 133.0, 155.0, 185.0, 174.0]",10.683238983154297,0.5,139.26028442382812,0.0005817413330078125,-257.8459167480469
1750932208.2015288,1.0,0.5,"[174.0, 185.0, 217.0, 171.0, 141.0, 129.0, 134.0, 156.0, 185.0, 174.0]",10.715738296508789,0.5,139.3377685546875,0.0005817413330078125,-258.0457458496094
1750932208.2177536,1.0,0.5,"[174.0, 185.0, 217.0, 170.0, 142.0, 129.0, 134.0, 156.0, 185.0, 174.0]",10.772673606872559,0.5,139.4112548828125,0.0005817413330078125,-258.248291015625
1750932208.2592902,1.0,0.5,"[174.0, 185.0, 215.0, 170.0, 144.0, 130.0, 134.0, 158.0, 185.0, 174.0]",10.83237361907959,0.5,139.48068237304688,0.0005817413330078125,-258.4534912109375
1750932208.2758107,1.0,0.5,"[174.0, 185.0, 214.0, 170.0, 145.0, 131.0, 136.0, 159.0, 185.0, 174.0]",10.858168601989746,0.5,139.54562377929688,0.000583648681640625,-258.6607360839844
1750932208.292527,1.0,0.5,"[174.0, 185.0, 212.0, 170.0, 146.0, 133.0, 137.0, 160.0, 185.0, 174.0]",10.841195106506348,0.5,139.60574340820312,0.000583648681640625,-258.8690490722656
1750932208.3089297,1.0,0.5,"[174.0, 185.0, 211.0, 169.0, 153.0, 134.0, 137.0, 161.0, 185.0, 174.0]",10.847136497497559,0.5,139.66134643554688,0.0005817413330078125,-259.0787353515625
1750932208.32565,1.0,0.5,"[174.0, 185.0, 209.0, 169.0, 152.0, 135.0, 138.0, 162.0, 185.0, 174.0]",10.79015064239502,0.5,139.71267700195312,0.0005817413330078125,-259.2883605957031
1750932208.3418345,1.0,0.5,"[174.0, 185.0, 207.0, 169.0, 152.0, 136.0, 139.0, 162.0, 185.0, 174.0]",10.990678787231445,0.5,139.76065063476562,0.000583648681640625,-259.50286865234375
1750932208.3578048,1.0,0.5,"[174.0, 185.0, 205.0, 168.0, 152.0, 137.0, 140.0, 164.0, 185.0, 174.0]",11.052491188049316,0.5,139.80203247070312,0.0005817413330078125,-259.7200012207031
1750932208.3987393,1.0,0.5,"[174.0, 185.0, 203.0, 168.0, 152.0, 138.0, 140.0, 164.0, 185.0, 174.0]",11.023604393005371,0.5,139.84060668945312,0.0005817413330078125,-259.93707275390625
1750932208.4146223,1.0,0.5,"[174.0, 185.0, 201.0, 167.0, 152.0, 139.0, 141.0, 165.0, 185.0, 174.0]",10.968791007995605,0.5,139.87185668945312,0.0005817413330078125,-260.1542053222656
1750932208.431147,1.0,0.5,"[174.0, 185.0, 200.0, 167.0, 151.0, 140.0, 143.0, 167.0, 185.0, 174.0]",11.112541198730469,0.5,139.89999389648438,0.000583648681640625,-260.3746643066406
1750932208.4477568,1.0,0.5,"[174.0, 185.0, 197.0, 167.0, 151.0, 141.0, 144.0, 167.0, 185.0, 174.0]",11.112523078918457,0.5,139.92306518554688,0.000583648681640625,-260.595703125
1750932208.4638243,1.0,0.5,"[174.0, 185.0, 195.0, 166.0, 151.0, 142.0, 145.0, 169.0, 185.0, 174.0]",11.094141960144043,0.5,139.94122314453125,0.000583648681640625,-260.81683349609375
1750932208.4795632,1.0,0.5,"[174.0, 185.0, 193.0, 164.0, 151.0, 143.0, 146.0, 170.0, 185.0, 174.0]",11.063645362854004,0.5,139.95407104492188,0.000583648681640625,-261.0377197265625
1750932208.5081892,1.0,0.5,"[174.0, 185.0, 192.0, 163.0, 150.0, 145.0, 147.0, 172.0, 185.0, 174.0]",11.410948753356934,0.5,139.96261596679688,0.000583648681640625,-261.2657775878906
1750932208.5240483,1.0,0.5,"[174.0, 185.0, 189.0, 163.0, 150.0, 152.0, 148.0, 173.0, 185.0, 174.0]",11.332154273986816,0.5,139.9664306640625,0.000583648681640625,-261.4924011230469
1750932208.5401316,0.0,0.5,"[174.0, 185.0, 187.0, 162.0, 150.0, 152.0, 150.0, 175.0, 185.0, 174.0]",11.452547073364258,0.5,139.96334838867188,0.000583648681640625,-261.721435546875
1750932208.568511,0.0,0.5,"[174.0, 185.0, 187.0, 161.0, 149.0, 152.0, 151.0, 175.0, 185.0, 174.0]",11.227155685424805,0.0,139.97634887695312,0.000583648681640625,-261.9455871582031
1750932208.5845773,0.0,0.5,"[174.0, 185.0, 187.0, 162.0, 149.0, 152.0, 151.0, 175.0, 185.0, 174.0]",11.324751853942871,0.0,140.00531005859375,0.000583648681640625,-262.17022705078125
1750932208.6008546,0.0,0.5,"[174.0, 185.0, 187.0, 161.0, 149.0, 152.0, 151.0, 175.0, 185.0, 174.0]",11.214149475097656,0.0,140.03482055664062,0.000583648681640625,-262.3925476074219
1750932208.6169846,0.0,0.5,"[174.0, 185.0, 187.0, 161.0, 149.0, 152.0, 150.0, 175.0, 185.0, 174.0]",11.617541313171387,0.0,140.06494140625,0.000583648681640625,-262.6229248046875
1750932208.6580899,0.0,0.5,"[174.0, 185.0, 187.0, 161.0, 149.0, 151.0, 150.0, 175.0, 185.0, 174.0]",11.308882713317871,0.0,140.09426879882812,0.0005855560302734375,-262.8471984863281
1750932208.6742797,0.0,0.5,"[174.0, 185.0, 187.0, 161.0, 149.0, 151.0, 150.0, 173.0, 185.0, 174.0]",11.594886779785156,0.0,140.12423706054688,0.0005855560302734375,-263.0771484375
1750932208.690868,0.0,0.5,"[174.0, 185.0, 188.0, 161.0, 149.0, 151.0, 149.0, 173.0, 185.0, 174.0]",11.43189525604248,0.0,140.15390014648438,0.000583648681640625,-263.3038635253906
1750932208.7073936,0.0,0.5,"[174.0, 185.0, 188.0, 161.0, 149.0, 151.0, 149.0, 173.0, 185.0, 174.0]",11.653573036193848,0.0,140.1845703125,0.000583648681640625,-263.534912109375
1750932208.7234516,0.0,0.5,"[174.0, 185.0, 189.0, 161.0, 149.0, 151.0, 149.0, 173.0, 185.0, 174.0]",11.714037895202637,0.0,140.21517944335938,0.000583648681640625,-263.7671813964844
1750932208.7393746,0.0,0.5,"[174.0, 185.0, 189.0, 161.0, 149.0, 151.0, 149.0, 173.0, 185.0, 174.0]",11.744624137878418,0.0,140.24581909179688,0.000583648681640625,-264.00006103515625
1750932208.7676575,0.0,0.5,"[174.0, 185.0, 189.0, 161.0, 149.0, 151.0, 149.0, 173.0, 185.0, 174.0]",11.682052612304688,0.0,140.27621459960938,0.000583648681640625,-264.2317199707031
1750932208.7832594,0.0,0.5,"[174.0, 185.0, 189.0, 161.0, 148.0, 151.0, 149.0, 172.0, 185.0, 174.0]",11.717669486999512,0.0,140.3067626953125,0.000583648681640625,-264.4640808105469
1750932208.7994008,0.0,0.5,"[174.0, 185.0, 189.0, 161.0, 148.0, 151.0, 149.0, 172.0, 185.0, 174.0]",12.049299240112305,0.0,140.33819580078125,0.000583648681640625,-264.7030029296875
1750932208.8400528,1.0,0.5,"[174.0, 185.0, 189.0, 161.0, 148.0, 151.0, 148.0, 172.0, 185.0, 174.0]",11.805763244628906,0.0,140.36883544921875,0.0005817413330078125,-264.9371337890625
1750932208.8564734,1.0,0.5,"[174.0, 185.0, 189.0, 160.0, 148.0, 151.0, 149.0, 173.0, 185.0, 174.0]",11.822871208190918,0.5,140.38296508789062,0.0005817413330078125,-265.17315673828125
1750932208.8726292,1.0,0.5,"[174.0, 185.0, 187.0, 160.0, 148.0, 150.0, 151.0, 175.0, 185.0, 174.0]",11.236725807189941,0.5,140.37741088867188,0.000583648681640625,-265.3978271484375
1750932208.888557,1.0,0.5,"[174.0, 185.0, 184.0, 159.0, 147.0, 150.0, 152.0, 176.0, 185.0, 174.0]",11.514059066772461,0.5,140.3602294921875,0.000583648681640625,-265.6274719238281
1750932208.9042885,1.0,0.5,"[174.0, 185.0, 183.0, 158.0, 147.0, 150.0, 154.0, 178.0, 185.0, 174.0]",11.593282699584961,0.5,140.33877563476562,0.000583648681640625,-265.85833740234375
1750932208.9197514,0.0,0.5,"[174.0, 185.0, 181.0, 156.0, 146.0, 149.0, 155.0, 179.0, 185.0, 174.0]",11.571002006530762,0.5,140.30987548828125,0.0005817413330078125,-266.08795166015625
1750932208.94598,0.0,0.5,"[174.0, 185.0, 179.0, 155.0, 146.0, 149.0, 156.0, 181.0, 185.0, 174.0]",11.49626350402832,0.0,140.29705810546875,0.000583648681640625,-266.3175048828125
1750932208.9609873,0.0,0.5,"[174.0, 185.0, 179.0, 155.0, 146.0, 149.0, 155.0, 181.0, 185.0, 174.0]",11.634797096252441,0.0,140.30026245117188,0.000583648681640625,-266.5501708984375
1750932208.9758039,0.0,0.5,"[174.0, 185.0, 179.0, 155.0, 146.0, 149.0, 156.0, 181.0, 185.0, 174.0]",11.506766319274902,0.0,140.30465698242188,0.000583648681640625,-266.7802734375
1750932209.0131862,0.0,0.5,"[174.0, 185.0, 179.0, 155.0, 145.0, 149.0, 155.0, 181.0, 185.0, 174.0]",11.725749969482422,0.0,140.30886840820312,0.0005817413330078125,-267.0147399902344
1750932209.0277202,0.0,0.5,"[174.0, 185.0, 179.0, 155.0, 145.0, 149.0, 156.0, 181.0, 185.0, 174.0]",11.663738250732422,0.0,140.31338500976562,0.000583648681640625,-267.24798583984375
1750932209.042638,0.0,0.5,"[174.0, 185.0, 180.0, 155.0, 145.0, 149.0, 155.0, 181.0, 185.0, 174.0]",11.847087860107422,0.0,140.31753540039062,0.000583648681640625,-267.4848937988281
1750932209.0581954,0.0,0.5,"[174.0, 185.0, 180.0, 155.0, 145.0, 149.0, 158.0, 181.0, 185.0, 174.0]",11.63819408416748,0.0,140.32177734375,0.000583648681640625,-267.7176208496094
1750932209.0979733,0.0,0.5,"[174.0, 185.0, 180.0, 155.0, 145.0, 148.0, 160.0, 181.0, 185.0, 174.0]",11.775419235229492,0.0,140.32571411132812,0.000583648681640625,-267.9530944824219
1750932209.1132934,0.0,0.5,"[174.0, 185.0, 181.0, 155.0, 145.0, 148.0, 170.0, 180.0, 185.0, 174.0]",12.005134582519531,0.0,140.33001708984375,0.000583648681640625,-268.1931457519531
1750932209.1278052,0.0,0.5,"[174.0, 185.0, 181.0, 154.0, 145.0, 148.0, 170.0, 179.0, 185.0, 174.0]",11.910544395446777,0.0,140.33462524414062,0.000583648681640625,-268.4313049316406
1750932209.1429276,1.0,0.5,"[174.0, 185.0, 181.0, 154.0, 144.0, 148.0, 170.0, 179.0, 185.0, 174.0]",12.035658836364746,0.0,140.33901977539062,0.0005817413330078125,-268.6719665527344
1750932209.1571758,1.0,0.5,"[174.0, 185.0, 179.0, 154.0, 144.0, 148.0, 170.0, 181.0, 185.0, 174.0]",11.591621398925781,0.5,140.32720947265625,0.0005817413330078125,-268.90350341796875
1750932209.1948664,1.0,0.5,"[174.0, 185.0, 178.0, 153.0, 143.0, 147.0, 169.0, 183.0, 185.0, 174.0]",11.728302001953125,0.5,140.29629516601562,0.0005817413330078125,-269.1360168457031
1750932209.2102828,1.0,0.5,"[174.0, 185.0, 176.0, 151.0, 143.0, 147.0, 169.0, 184.0, 185.0, 174.0]",11.482843399047852,0.5,140.25506591796875,0.0005817413330078125,-269.3619384765625
1750932209.2249897,0.0,0.5,"[174.0, 185.0, 173.0, 149.0, 142.0, 146.0, 168.0, 187.0, 185.0, 174.0]",11.621356964111328,0.5,140.20663452148438,0.0005817413330078125,-269.5892639160156
1750932209.2400923,0.0,0.5,"[174.0, 185.0, 172.0, 149.0, 142.0, 146.0, 168.0, 187.0, 185.0, 174.0]",11.635564804077148,0.0,140.17190551757812,0.0005817413330078125,-269.8193664550781
1750932209.2659745,0.0,0.5,"[174.0, 185.0, 172.0, 148.0, 141.0, 146.0, 168.0, 187.0, 185.0, 174.0]",11.635167121887207,0.0,140.15542602539062,0.0005817413330078125,-270.0514831542969
1750932209.2810853,0.0,0.5,"[174.0, 185.0, 172.0, 148.0, 141.0, 146.0, 168.0, 187.0, 185.0, 174.0]",11.640504837036133,0.0,140.13882446289062,0.0005817413330078125,-270.28369140625
1750932209.2961023,0.0,0.5,"[174.0, 185.0, 172.0, 148.0, 141.0, 146.0, 168.0, 188.0, 185.0, 174.0]",11.609247207641602,0.0,140.12283325195312,0.000583648681640625,-270.51531982421875
1750932209.3342953,0.0,0.5,"[174.0, 185.0, 172.0, 148.0, 141.0, 145.0, 167.0, 188.0, 185.0, 174.0]",11.615899085998535,0.0,140.10610961914062,0.000583648681640625,-270.7470397949219
1750932209.3494198,0.0,0.5,"[174.0, 185.0, 172.0, 148.0, 141.0, 145.0, 167.0, 189.0, 185.0, 174.0]",11.732794761657715,0.0,140.08999633789062,0.000583648681640625,-270.98114013671875
1750932209.363959,0.0,0.5,"[174.0, 185.0, 172.0, 148.0, 140.0, 145.0, 167.0, 189.0, 185.0, 174.0]",11.90472412109375,0.0,140.07308959960938,0.000583648681640625,-271.2186279296875
1750932209.3793488,0.0,0.5,"[174.0, 185.0, 172.0, 147.0, 140.0, 145.0, 167.0, 189.0, 185.0, 174.0]",11.796192169189453,0.0,140.0565185546875,0.000583648681640625,-271.4539794921875
1750932209.4167979,0.0,0.5,"[174.0, 185.0, 171.0, 147.0, 140.0, 145.0, 167.0, 189.0, 185.0, 174.0]",11.968127250671387,0.0,140.0394287109375,0.000583648681640625,-271.6927185058594
1750932209.4314713,0.0,0.5,"[174.0, 185.0, 170.0, 147.0, 140.0, 144.0, 167.0, 189.0, 185.0, 174.0]",12.009322166442871,0.0,140.0225830078125,0.000583648681640625,-271.93231201171875
1750932209.4465435,0.0,0.5,"[174.0, 185.0, 170.0, 147.0, 139.0, 144.0, 167.0, 189.0, 185.0, 174.0]",12.023530960083008,0.0,140.00582885742188,0.000583648681640625,-272.1722106933594
1750932209.461777,0.0,0.5,"[174.0, 185.0, 170.0, 146.0, 139.0, 144.0, 166.0, 189.0, 185.0, 174.0]",12.028714179992676,0.0,139.98904418945312,0.0005855560302734375,-272.4122009277344
1750932209.4764342,0.0,0.5,"[174.0, 185.0, 170.0, 146.0, 139.0, 144.0, 166.0, 189.0, 185.0, 174.0]",12.053420066833496,0.0,139.97201538085938,0.0005855560302734375,-272.6526794433594
1750932209.5137217,0.0,0.5,"[174.0, 185.0, 170.0, 146.0, 139.0, 144.0, 166.0, 190.0, 185.0, 174.0]",12.265631675720215,0.0,139.95462036132812,0.0005855560302734375,-272.8973693847656
1750932209.5282333,0.0,0.5,"[174.0, 185.0, 169.0, 145.0, 138.0, 143.0, 166.0, 196.0, 185.0, 174.0]",12.106582641601562,0.0,139.93771362304688,0.0005855560302734375,-273.138916015625
1750932209.542604,0.0,0.5,"[174.0, 185.0, 169.0, 145.0, 138.0, 143.0, 166.0, 225.0, 185.0, 174.0]",12.29228401184082,0.0,139.92025756835938,0.0005855560302734375,-273.3841247558594
1750932209.5574687,0.0,0.5,"[174.0, 185.0, 169.0, 145.0, 138.0, 143.0, 164.0, 225.0, 185.0, 174.0]",12.318735122680664,0.0,139.90286254882812,0.0005855560302734375,-273.6298828125
1750932209.5953784,0.0,0.5,"[174.0, 185.0, 169.0, 145.0, 137.0, 143.0, 164.0, 225.0, 185.0, 174.0]",12.324254035949707,0.0,139.88546752929688,0.000583648681640625,-273.8757629394531
1750932209.6100237,0.0,0.5,"[174.0, 185.0, 168.0, 144.0, 137.0, 142.0, 164.0, 225.0, 185.0, 174.0]",12.312017440795898,0.0,139.86825561523438,0.000583648681640625,-274.12139892578125
1750932209.6249309,0.0,0.5,"[174.0, 185.0, 167.0, 144.0, 137.0, 142.0, 164.0, 225.0, 185.0, 174.0]",12.343549728393555,0.0,139.85098266601562,0.000583648681640625,-274.36767578125
1750932209.6398838,0.0,0.5,"[174.0, 185.0, 167.0, 143.0, 136.0, 142.0, 164.0, 223.0, 185.0, 174.0]",12.696640968322754,0.0,139.83328247070312,0.000583648681640625,-274.6210021972656
1750932209.6659575,0.0,0.5,"[174.0, 185.0, 167.0, 143.0, 136.0, 141.0, 163.0, 223.0, 185.0, 174.0]",12.433243751525879,0.0,139.81582641601562,0.000583648681640625,-274.8690490722656
1750932209.6809628,0.0,0.5,"[174.0, 185.0, 167.0, 143.0, 136.0, 141.0, 163.0, 223.0, 185.0, 174.0]",12.769743919372559,0.0,139.79782104492188,0.000583648681640625,-275.1238098144531
1750932209.6962404,0.0,0.5,"[174.0, 185.0, 166.0, 141.0, 135.0, 141.0, 163.0, 223.0, 185.0, 174.0]",12.455218315124512,0.0,139.78042602539062,0.000583648681640625,-275.372314453125
1750932209.7341092,0.0,0.5,"[174.0, 185.0, 165.0, 141.0, 135.0, 141.0, 163.0, 221.0, 185.0, 174.0]",12.779772758483887,0.0,139.76272583007812,0.000583648681640625,-275.6272888183594
1750932209.749447,0.0,0.5,"[174.0, 185.0, 165.0, 141.0, 135.0, 140.0, 163.0, 221.0, 185.0, 174.0]",12.498270034790039,0.0,139.745361328125,0.0005855560302734375,-275.87664794921875
1750932209.764102,0.0,0.5,"[174.0, 185.0, 165.0, 140.0, 134.0, 140.0, 162.0, 221.0, 185.0, 174.0]",12.842642784118652,0.0,139.72738647460938,0.0005855560302734375,-276.13287353515625
1750932209.7793562,0.0,0.5,"[174.0, 185.0, 164.0, 140.0, 134.0, 140.0, 162.0, 221.0, 185.0, 174.0]",12.753707885742188,0.0,139.70965576171875,0.000583648681640625,-276.3873291015625
1750932209.816888,0.0,0.5,"[174.0, 185.0, 164.0, 139.0, 133.0, 139.0, 162.0, 220.0, 185.0, 174.0]",12.95631217956543,0.0,139.69140625,0.000583648681640625,-276.64581298828125
1750932209.8324144,0.0,0.5,"[174.0, 185.0, 164.0, 139.0, 133.0, 139.0, 162.0, 220.0, 185.0, 174.0]",12.751158714294434,0.0,139.67355346679688,0.000583648681640625,-276.90020751953125
1750932209.8464496,0.0,0.5,"[174.0, 185.0, 164.0, 139.0, 131.0, 139.0, 161.0, 220.0, 185.0, 174.0]",12.923288345336914,0.0,139.65518188476562,0.000583648681640625,-277.15802001953125
1750932209.8605359,0.0,0.5,"[174.0, 185.0, 162.0, 138.0, 131.0, 138.0, 161.0, 220.0, 185.0, 174.0]",12.971375465393066,0.0,139.63699340820312,0.000583648681640625,-277.41680908203125
1750932209.8742757,0.0,0.5,"[174.0, 185.0, 162.0, 138.0, 130.0, 138.0, 161.0, 218.0, 185.0, 174.0]",13.054939270019531,0.0,139.61874389648438,0.0005817413330078125,-277.6772766113281
1750932209.9088867,-1.0,0.5,"[174.0, 185.0, 161.0, 137.0, 130.0, 137.0, 160.0, 218.0, 185.0, 174.0]",13.037497520446777,0.0,139.6004638671875,0.000583648681640625,-277.9373779296875
1750932209.9226565,-1.0,0.5,"[174.0, 185.0, 161.0, 137.0, 130.0, 137.0, 160.0, 218.0, 185.0, 174.0]",12.776351928710938,-0.5,139.59945678710938,0.000583648681640625,-278.1929016113281
1750932209.9365182,-1.0,0.5,"[174.0, 185.0, 161.0, 138.0, 130.0, 137.0, 160.0, 218.0, 185.0, 174.0]",12.747257232666016,-0.5,139.6165771484375,0.0005817413330078125,-278.447265625
1750932209.9709854,-1.0,0.5,"[174.0, 185.0, 162.0, 139.0, 130.0, 137.0, 160.0, 218.0, 185.0, 174.0]",12.462507247924805,-0.5,139.64865112304688,0.0005817413330078125,-278.6944274902344
1750932209.9847133,-1.0,0.5,"[174.0, 185.0, 163.0, 139.0, 131.0, 138.0, 160.0, 220.0, 185.0, 174.0]",12.630420684814453,-0.5,139.68844604492188,0.0005817413330078125,-278.9438781738281
1750932209.9986632,-1.0,0.5,"[174.0, 185.0, 164.0, 139.0, 133.0, 138.0, 161.0, 220.0, 185.0, 174.0]",12.71260929107666,-0.5,139.73544311523438,0.000583648681640625,-279.1937561035156
1750932210.0332277,0.0,0.5,"[174.0, 185.0, 165.0, 140.0, 133.0, 138.0, 161.0, 221.0, 185.0, 174.0]",12.710501670837402,-0.5,139.78775024414062,0.000583648681640625,-279.4425354003906
1750932210.047923,0.0,0.5,"[174.0, 185.0, 166.0, 140.0, 133.0, 138.0, 161.0, 221.0, 185.0, 174.0]",12.757244110107422,0.0,139.82965087890625,0.000583648681640625,-279.6942138671875
1750932210.0631468,0.0,0.5,"[174.0, 185.0, 165.0, 139.0, 131.0, 138.0, 160.0, 221.0, 185.0, 174.0]",12.616546630859375,0.0,139.85397338867188,0.000583648681640625,-279.94537353515625
1750932210.078146,0.0,0.5,"[174.0, 185.0, 165.0, 139.0, 131.0, 137.0, 160.0, 220.0, 185.0, 174.0]",12.863909721374512,0.0,139.87484741210938,0.000583648681640625,-280.2018127441406
1750932210.1156151,0.0,0.5,"[174.0, 185.0, 165.0, 138.0, 130.0, 137.0, 160.0, 220.0, 185.0, 174.0]",12.702553749084473,0.0,139.895263671875,0.0005855560302734375,-280.4550476074219
1750932210.129737,0.0,0.5,"[174.0, 185.0, 164.0, 137.0, 130.0, 137.0, 159.0, 220.0, 185.0, 174.0]",12.873419761657715,0.0,139.91622924804688,0.0005855560302734375,-280.711669921875
1750932210.1438344,0.0,0.5,"[174.0, 185.0, 164.0, 137.0, 129.0, 136.0, 159.0, 218.0, 185.0, 174.0]",12.905517578125,0.0,139.93716430664062,0.0005855560302734375,-280.96893310546875
1750932210.1574578,0.0,0.5,"[174.0, 185.0, 162.0, 136.0, 129.0, 135.0, 159.0, 218.0, 185.0, 174.0]",12.940129280090332,0.0,139.95809936523438,0.0005855560302734375,-281.2268981933594
1750932210.1915953,0.0,0.5,"[174.0, 185.0, 162.0, 136.0, 128.0, 135.0, 158.0, 217.0, 185.0, 174.0]",12.986741065979004,0.0,139.9791259765625,0.0005855560302734375,-281.48577880859375
1750932210.2061954,0.0,0.5,"[174.0, 185.0, 161.0, 134.0, 128.0, 134.0, 158.0, 217.0, 185.0, 174.0]",12.944397926330566,0.0,139.99996948242188,0.0005855560302734375,-281.74383544921875
1750932210.2198868,0.0,0.5,"[174.0, 185.0, 159.0, 134.0, 127.0, 134.0, 158.0, 217.0, 185.0, 174.0]",12.955958366394043,0.0,140.02096557617188,0.0005855560302734375,-282.0021057128906
1750932210.244241,-1.0,0.5,"[174.0, 185.0, 158.0, 133.0, 126.0, 133.0, 156.0, 215.0, 185.0, 174.0]",13.164162635803223,0.0,140.04241943359375,0.000583648681640625,-282.2645263671875
1750932210.2582223,-1.0,0.5,"[174.0, 185.0, 158.0, 133.0, 126.0, 133.0, 156.0, 215.0, 185.0, 174.0]",12.944496154785156,-0.5,140.07766723632812,0.000583648681640625,-282.52099609375
1750932210.2955947,-1.0,0.5,"[174.0, 185.0, 158.0, 133.0, 126.0, 133.0, 156.0, 215.0, 185.0, 174.0]",12.704642295837402,-0.5,140.12771606445312,0.000583648681640625,-282.7701110839844
1750932210.3104815,-1.0,0.5,"[174.0, 185.0, 158.0, 133.0, 126.0, 133.0, 156.0, 217.0, 185.0, 174.0]",12.528202056884766,-0.5,140.19430541992188,0.000583648681640625,-283.01165771484375
1750932210.3253348,0.0,0.5,"[174.0, 185.0, 158.0, 134.0, 126.0, 134.0, 156.0, 217.0, 185.0, 174.0]",12.66621208190918,-0.5,140.26907348632812,0.0005855560302734375,-283.2536926269531
1750932210.340689,0.0,0.5,"[174.0, 185.0, 158.0, 134.0, 126.0, 134.0, 156.0, 217.0, 185.0, 174.0]",12.762410163879395,0.0,140.33065795898438,0.0005855560302734375,-283.50140380859375
1750932210.3555694,0.0,0.5,"[174.0, 185.0, 158.0, 133.0, 125.0, 133.0, 155.0, 217.0, 185.0, 174.0]",12.549577713012695,0.0,140.37820434570312,0.0005855560302734375,-283.74786376953125
1750932210.393919,0.0,0.5,"[174.0, 185.0, 156.0, 133.0, 124.0, 133.0, 155.0, 217.0, 185.0, 174.0]",12.704458236694336,0.0,140.42208862304688,0.00061798095703125,-283.9981384277344
1750932210.4081979,0.0,0.5,"[174.0, 185.0, 155.0, 132.0, 124.0, 131.0, 155.0, 215.0, 185.0, 174.0]",12.609082221984863,0.0,140.46563720703125,0.0006923675537109375,-284.24652099609375
1750932210.4233966,0.0,0.5,"[174.0, 185.0, 154.0, 131.0, 123.0, 131.0, 154.0, 215.0, 185.0, 174.0]",12.95479965209961,0.0,140.51034545898438,0.0008449554443359375,-284.5017395019531
1750932210.438664,0.0,0.5,"[174.0, 185.0, 153.0, 130.0, 122.0, 130.0, 153.0, 214.0, 185.0, 174.0]",12.800897598266602,0.0,140.55447387695312,0.0010528564453125,-284.7539367675781
1750932210.476095,-1.0,0.5,"[174.0, 185.0, 151.0, 129.0, 121.0, 129.0, 153.0, 212.0, 185.0, 174.0]",12.92221450805664,0.0,140.59878540039062,0.001300811767578125,-285.008544921875
1750932210.4905448,-1.0,0.5,"[174.0, 185.0, 151.0, 129.0, 121.0, 129.0, 153.0, 212.0, 185.0, 174.0]",12.455106735229492,-0.5,140.65911865234375,0.0015773773193359375,-285.250244140625
1750932210.5055175,-1.0,0.5,"[174.0, 185.0, 151.0, 128.0, 121.0, 129.0, 153.0, 214.0, 185.0, 174.0]",12.571585655212402,-0.5,140.73703002929688,0.0018787384033203125,-285.4892883300781
1750932210.5202408,-1.0,0.5,"[174.0, 185.0, 151.0, 128.0, 121.0, 129.0, 153.0, 214.0, 185.0, 174.0]",12.340709686279297,-0.5,140.82644653320312,0.00218963623046875,-285.7193298339844
1750932210.5452905,-1.0,0.5,"[174.0, 185.0, 153.0, 128.0, 121.0, 130.0, 153.0, 215.0, 185.0, 174.0]",12.463984489440918,-0.5,140.92416381835938,0.00252532958984375,-285.94866943359375
1750932210.5597756,-1.0,0.5,"[174.0, 185.0, 153.0, 128.0, 121.0, 130.0, 153.0, 215.0, 185.0, 174.0]",12.57426643371582,-0.5,141.02877807617188,0.0028820037841796875,-286.1773681640625
1750932210.5856814,-1.0,0.5,"[174.0, 185.0, 153.0, 128.0, 122.0, 130.0, 153.0, 217.0, 185.0, 174.0]",12.524751663208008,-0.5,141.13760375976562,0.00325775146484375,-286.4029846191406
1750932210.5997741,-1.0,0.5,"[174.0, 185.0, 153.0, 128.0, 122.0, 130.0, 153.0, 218.0, 185.0, 174.0]",12.622054100036621,-0.5,141.25430297851562,0.003662109375,-286.6268310546875
1750932210.6255724,-1.0,0.5,"[174.0, 185.0, 153.0, 128.0, 123.0, 130.0, 154.0, 220.0, 185.0, 174.0]",12.581135749816895,-0.5,141.3751220703125,0.00408172607421875,-286.8475341796875
1750932210.6397605,-1.0,0.5,"[174.0, 185.0, 151.0, 128.0, 123.0, 130.0, 154.0, 220.0, 185.0, 174.0]",12.707557678222656,-0.5,141.50289916992188,0.00453948974609375,-287.0672302246094
1750932210.665291,-1.0,0.5,"[174.0, 185.0, 151.0, 129.0, 124.0, 130.0, 154.0, 221.0, 185.0, 174.0]",12.491369247436523,-0.5,141.63446044921875,0.0050373077392578125,-287.27960205078125
1750932210.6797314,-1.0,0.5,"[174.0, 185.0, 151.0, 129.0, 124.0, 130.0, 155.0, 223.0, 185.0, 174.0]",12.808389663696289,-0.5,141.77523803710938,0.0055999755859375,-287.4936218261719
1750932210.7059789,-1.0,0.5,"[174.0, 185.0, 151.0, 129.0, 124.0, 130.0, 155.0, 225.0, 185.0, 174.0]",12.69765853881836,-0.5,141.91995239257812,0.006221771240234375,-287.70233154296875
1750932210.7212718,-1.0,0.5,"[174.0, 185.0, 153.0, 130.0, 124.0, 130.0, 155.0, 227.0, 185.0, 174.0]",12.625868797302246,-0.5,142.06845092773438,0.00690460205078125,-287.90655517578125
1750932210.7369153,-1.0,0.5,"[174.0, 185.0, 153.0, 130.0, 124.0, 130.0, 156.0, 227.0, 185.0, 174.0]",12.697779655456543,-0.5,142.22378540039062,0.0076427459716796875,-288.1074523925781
1750932210.774868,-1.0,0.5,"[174.0, 185.0, 153.0, 131.0, 124.0, 130.0, 156.0, 227.0, 185.0, 174.0]",13.000439643859863,-0.5,142.38760375976562,0.008447647094726562,-288.30938720703125
1750932210.7910638,-1.0,0.5,"[174.0, 185.0, 154.0, 132.0, 124.0, 130.0, 158.0, 227.0, 185.0, 174.0]",12.829263687133789,-0.5,142.55471801757812,0.00928497314453125,-288.50408935546875
1750932210.8069406,-1.0,0.5,"[174.0, 185.0, 155.0, 133.0, 124.0, 131.0, 159.0, 227.0, 185.0, 174.0]",12.929874420166016,-0.5,142.72763061523438,0.010156631469726562,-288.6963806152344
1750932210.8229177,-1.0,0.5,"[174.0, 185.0, 155.0, 133.0, 124.0, 131.0, 159.0, 227.0, 185.0, 174.0]",12.716031074523926,-0.5,142.903076171875,0.011051177978515625,-288.8804931640625
1750932210.8376012,-1.0,0.5,"[174.0, 185.0, 156.0, 133.0, 124.0, 131.0, 160.0, 227.0, 185.0, 174.0]",12.952005386352539,-0.5,143.08651733398438,0.011987686157226562,-289.0633850097656
1750932210.873774,-1.0,0.5,"[174.0, 185.0, 158.0, 133.0, 124.0, 133.0, 161.0, 227.0, 185.0, 174.0]",12.968783378601074,-0.5,143.27474975585938,0.012966156005859375,-289.2418518066406
1750932210.8879468,-1.0,0.5,"[174.0, 185.0, 159.0, 133.0, 124.0, 133.0, 162.0, 227.0, 185.0, 174.0]",12.955459594726562,-0.5,143.46725463867188,0.013986587524414062,-289.4152526855469
1750932210.9008512,-1.0,0.5,"[174.0, 185.0, 159.0, 133.0, 125.0, 133.0, 163.0, 227.0, 185.0, 174.0]",13.161652565002441,-0.5,143.66708374023438,0.015066146850585938,-289.58660888671875
1750932210.9140024,-1.0,0.5,"[174.0, 185.0, 161.0, 133.0, 125.0, 134.0, 163.0, 227.0, 185.0, 174.0]",13.076175689697266,-0.5,143.87094116210938,0.016178131103515625,-289.7504577636719
1750932210.9471047,-1.0,0.5,"[174.0, 185.0, 161.0, 133.0, 125.0, 135.0, 166.0, 227.0, 185.0, 174.0]",13.3010835647583,-0.5,144.08175659179688,0.017333984375,-289.9127197265625
1750932210.9595354,-1.0,0.5,"[174.0, 185.0, 161.0, 133.0, 125.0, 135.0, 167.0, 227.0, 185.0, 174.0]",13.176679611206055,-0.5,144.2955322265625,0.018503189086914062,-290.0668029785156
1750932210.9902115,-1.0,0.5,"[174.0, 185.0, 161.0, 133.0, 126.0, 136.0, 168.0, 227.0, 185.0, 174.0]",13.288860321044922,-0.5,144.51467895507812,0.019695281982421875,-290.2171936035156
1750932211.0031526,-1.0,0.5,"[174.0, 185.0, 161.0, 133.0, 126.0, 137.0, 169.0, 227.0, 185.0, 174.0]",13.066985130310059,-0.5,144.73489379882812,0.02088165283203125,-290.3579406738281
1750932211.0155506,-1.0,0.5,"[174.0, 185.0, 161.0, 133.0, 127.0, 138.0, 171.0, 227.0, 185.0, 174.0]",13.24348258972168,-0.5,144.96099853515625,0.022092819213867188,-290.495849609375
1750932211.0451481,-1.0,0.5,"[174.0, 185.0, 161.0, 133.0, 127.0, 138.0, 173.0, 227.0, 185.0, 174.0]",13.414141654968262,-0.5,145.19378662109375,0.023351669311523438,-290.62921142578125
1750932211.057164,-1.0,0.5,"[174.0, 185.0, 161.0, 134.0, 128.0, 139.0, 174.0, 227.0, 185.0, 174.0]",13.217606544494629,-0.5,145.42691040039062,0.02463531494140625,-290.75384521484375
1750932211.0910175,-1.0,0.5,"[174.0, 185.0, 161.0, 134.0, 129.0, 140.0, 175.0, 227.0, 185.0, 174.0]",13.426934242248535,-0.5,145.66671752929688,0.025974273681640625,-290.8747253417969
1750932211.1041403,-1.0,0.5,"[174.0, 185.0, 161.0, 135.0, 129.0, 141.0, 176.0, 227.0, 185.0, 174.0]",13.457108497619629,-0.5,145.91006469726562,0.027339935302734375,-290.9896545410156
1750932211.1181638,-1.0,0.5,"[174.0, 185.0, 161.0, 136.0, 130.0, 143.0, 177.0, 227.0, 185.0, 174.0]",13.428084373474121,-0.5,146.15634155273438,0.028722763061523438,-291.0967102050781
1750932211.1537724,-1.0,0.5,"[174.0, 185.0, 162.0, 137.0, 131.0, 144.0, 178.0, 227.0, 185.0, 174.0]",13.345446586608887,-0.5,146.40371704101562,0.0301971435546875,-291.197021484375
1750932211.1682365,-1.0,0.5,"[174.0, 185.0, 162.0, 137.0, 133.0, 145.0, 179.0, 227.0, 185.0, 174.0]",13.329211235046387,-0.5,146.65377807617188,0.03176307678222656,-291.289306640625
1750932211.183197,-1.0,0.5,"[174.0, 185.0, 162.0, 138.0, 134.0, 146.0, 182.0, 227.0, 185.0, 174.0]",13.49341869354248,-0.5,146.90884399414062,0.03342247009277344,-291.37744140625
1750932211.198052,-1.0,0.5,"[174.0, 185.0, 164.0, 138.0, 135.0, 148.0, 182.0, 227.0, 185.0, 174.0]",13.421282768249512,-0.5,147.1654052734375,0.03513336181640625,-291.45635986328125
1750932211.2364962,-1.0,0.5,"[174.0, 185.0, 164.0, 139.0, 136.0, 149.0, 183.0, 220.0, 185.0, 174.0]",13.598896980285645,-0.5,147.42697143554688,0.03692054748535156,-291.53082275390625
1750932211.2514586,-1.0,0.5,"[174.0, 185.0, 165.0, 140.0, 137.0, 150.0, 184.0, 215.0, 185.0, 174.0]",13.565216064453125,-0.5,147.68991088867188,0.03876686096191406,-291.5977783203125
1750932211.266441,-1.0,0.5,"[174.0, 185.0, 165.0, 141.0, 138.0, 151.0, 184.0, 212.0, 185.0, 174.0]",13.517131805419922,-0.5,147.953857421875,0.04061126708984375,-291.6560974121094
1750932211.2844036,-1.0,0.5,"[174.0, 185.0, 167.0, 143.0, 139.0, 152.0, 185.0, 209.0, 185.0, 174.0]",13.594868659973145,-0.5,148.22073364257812,0.04244422912597656,-291.7081298828125
1750932211.3023875,-1.0,0.5,"[174.0, 185.0, 169.0, 144.0, 140.0, 153.0, 185.0, 206.0, 185.0, 174.0]",13.568253517150879,-0.5,148.48825073242188,0.04427528381347656,-291.75347900390625
1750932211.3214843,-1.0,0.5,"[174.0, 185.0, 170.0, 145.0, 142.0, 154.0, 185.0, 203.0, 185.0, 174.0]",13.745372772216797,-0.5,148.76058959960938,0.04612159729003906,-291.791015625
1750932211.3385828,-1.0,0.5,"[174.0, 185.0, 170.0, 146.0, 143.0, 156.0, 186.0, 201.0, 185.0, 174.0]",13.728621482849121,-0.5,149.03341674804688,0.047962188720703125,-291.8219909667969
1750932211.378644,-1.0,0.5,"[174.0, 185.0, 172.0, 147.0, 144.0, 157.0, 186.0, 198.0, 185.0, 174.0]",13.69499683380127,-0.5,149.30636596679688,0.04983329772949219,-291.84466552734375
1750932211.393802,-1.0,0.5,"[174.0, 185.0, 173.0, 149.0, 146.0, 158.0, 186.0, 195.0, 185.0, 174.0]",13.833431243896484,-0.5,149.58261108398438,0.051727294921875,-291.8594970703125
1750932211.4093199,-1.0,0.5,"[174.0, 185.0, 175.0, 151.0, 147.0, 159.0, 186.0, 192.0, 185.0, 174.0]",13.691410064697266,-0.5,149.8563232421875,0.05359840393066406,-291.86700439453125
1750932211.4253454,-1.0,0.5,"[174.0, 185.0, 177.0, 152.0, 148.0, 160.0, 188.0, 189.0, 185.0, 174.0]",13.969744682312012,-0.5,150.13571166992188,0.05547904968261719,-291.8670959472656
1750932211.4403303,-1.0,0.5,"[174.0, 185.0, 179.0, 153.0, 150.0, 160.0, 173.0, 187.0, 185.0, 174.0]",13.745158195495605,-0.5,150.41049194335938,0.05732536315917969,-291.8587341308594
1750932211.4687696,-1.0,0.5,"[174.0, 185.0, 181.0, 155.0, 151.0, 161.0, 168.0, 184.0, 185.0, 174.0]",13.916539192199707,-0.5,150.68832397460938,0.059238433837890625,-291.8426818847656
1750932211.484697,-1.0,0.5,"[174.0, 185.0, 183.0, 156.0, 152.0, 162.0, 164.0, 181.0, 185.0, 174.0]",13.910934448242188,-0.5,150.96554565429688,0.0612335205078125,-291.8191223144531
1750932211.5005658,-1.0,0.5,"[174.0, 185.0, 186.0, 159.0, 153.0, 162.0, 160.0, 179.0, 185.0, 174.0]",13.856586456298828,-0.5,151.24093627929688,0.0632781982421875,-291.7883605957031
1750932211.5165207,-1.0,0.5,"[174.0, 185.0, 187.0, 160.0, 154.0, 163.0, 158.0, 175.0, 185.0, 174.0]",13.972500801086426,-0.5,151.51773071289062,0.06536102294921875,-291.7497863769531
1750932211.5579467,0.0,0.5,"[174.0, 185.0, 190.0, 162.0, 156.0, 163.0, 155.0, 172.0, 185.0, 174.0]",13.950119018554688,-0.5,151.79251098632812,0.06741905212402344,-291.70147705078125
1750932211.5741768,0.0,0.5,"[174.0, 185.0, 192.0, 163.0, 156.0, 163.0, 154.0, 171.0, 185.0, 174.0]",14.063061714172363,0.0,152.071533203125,0.06978416442871094,-291.66619873046875
1750932211.589723,0.0,0.5,"[174.0, 185.0, 192.0, 163.0, 156.0, 163.0, 154.0, 171.0, 185.0, 174.0]",13.873455047607422,0.0,152.34829711914062,0.07241439819335938,-291.64630126953125
1750932211.6056962,0.0,0.5,"[174.0, 185.0, 192.0, 163.0, 156.0, 163.0, 154.0, 171.0, 185.0, 174.0]",14.177923202514648,0.0,152.63143920898438,0.07519340515136719,-291.6317138671875
1750932211.6216717,0.0,0.5,"[174.0, 185.0, 192.0, 163.0, 156.0, 163.0, 154.0, 171.0, 185.0, 174.0]",13.787558555603027,0.0,152.90682983398438,0.0778961181640625,-291.6178894042969
1750932211.6376157,0.0,0.5,"[174.0, 185.0, 192.0, 163.0, 156.0, 163.0, 154.0, 172.0, 185.0, 174.0]",14.122872352600098,0.0,153.18893432617188,0.08063316345214844,-291.603759765625
1750932211.6780827,0.0,0.5,"[174.0, 185.0, 192.0, 163.0, 156.0, 163.0, 154.0, 172.0, 185.0, 174.0]",14.1842622756958,0.0,153.47225952148438,0.08334732055664062,-291.5895690917969
1750932211.6941419,0.0,0.5,"[174.0, 185.0, 192.0, 163.0, 156.0, 163.0, 154.0, 172.0, 185.0, 174.0]",14.096769332885742,0.0,153.75381469726562,0.085968017578125,-291.5755310058594
1750932211.7099688,0.0,0.5,"[174.0, 185.0, 192.0, 162.0, 156.0, 163.0, 154.0, 172.0, 185.0, 174.0]",14.32026195526123,0.0,154.03982543945312,0.08860015869140625,-291.56109619140625
1750932211.726483,0.0,0.5,"[174.0, 185.0, 192.0, 162.0, 156.0, 163.0, 154.0, 172.0, 185.0, 174.0]",14.261313438415527,0.0,154.32470703125,0.09125709533691406,-291.546875
1750932211.742146,0.0,0.5,"[174.0, 185.0, 192.0, 162.0, 156.0, 163.0, 154.0, 172.0, 185.0, 174.0]",14.398113250732422,0.0,154.61227416992188,0.09399986267089844,-291.53240966796875
1750932211.7575874,0.0,0.5,"[174.0, 185.0, 192.0, 162.0, 156.0, 163.0, 154.0, 172.0, 185.0, 174.0]",14.22632122039795,0.0,154.89645385742188,0.09682083129882812,-291.51837158203125
1750932211.7974615,0.0,0.5,"[174.0, 185.0, 190.0, 162.0, 155.0, 163.0, 154.0, 173.0, 185.0, 174.0]",14.45069694519043,0.0,155.18508911132812,0.09984016418457031,-291.50372314453125
1750932211.812595,0.0,0.5,"[174.0, 185.0, 190.0, 162.0, 155.0, 163.0, 154.0, 173.0, 185.0, 174.0]",14.495588302612305,0.0,155.474609375,0.10305023193359375,-291.48919677734375
1750932211.8282955,0.0,0.5,"[174.0, 185.0, 190.0, 162.0, 155.0, 163.0, 154.0, 173.0, 185.0, 174.0]",14.541942596435547,0.0,155.76504516601562,0.10648345947265625,-291.4747009277344
1750932211.8443115,0.0,0.5,"[174.0, 185.0, 190.0, 162.0, 155.0, 163.0, 155.0, 173.0, 185.0, 174.0]",14.571551322937012,0.0,156.05612182617188,0.110076904296875,-291.460205078125
1750932211.8603528,0.0,0.5,"[174.0, 185.0, 190.0, 161.0, 155.0, 163.0, 155.0, 173.0, 185.0, 174.0]",14.536676406860352,0.0,156.34646606445312,0.11382675170898438,-291.4456787109375
1750932211.8884454,0.0,0.5,"[174.0, 185.0, 190.0, 161.0, 155.0, 163.0, 155.0, 173.0, 185.0, 174.0]",14.500367164611816,0.0,156.63607788085938,0.11766242980957031,-291.43109130859375
1750932211.9043531,0.0,0.5,"[174.0, 185.0, 190.0, 161.0, 155.0, 163.0, 156.0, 173.0, 185.0, 174.0]",14.632979393005371,0.0,156.92831420898438,0.12163925170898438,-291.41644287109375
1750932211.9193406,0.0,0.5,"[174.0, 185.0, 190.0, 161.0, 155.0, 163.0, 156.0, 173.0, 185.0, 174.0]",14.56602954864502,0.0,157.21926879882812,0.1256866455078125,-291.4022216796875
1750932211.9598486,0.0,0.5,"[174.0, 185.0, 190.0, 161.0, 155.0, 162.0, 156.0, 175.0, 185.0, 174.0]",14.751398086547852,0.0,157.51388549804688,0.12982559204101562,-291.387451171875
1750932211.9752517,0.0,0.5,"[174.0, 185.0, 190.0, 161.0, 155.0, 162.0, 156.0, 175.0, 185.0, 174.0]",14.648000717163086,0.0,157.80648803710938,0.1339893341064453,-291.3729248046875
1750932211.9905303,0.0,0.5,"[174.0, 185.0, 190.0, 161.0, 154.0, 162.0, 158.0, 175.0, 185.0, 174.0]",14.811717987060547,0.0,158.10232543945312,0.13820457458496094,-291.3581848144531
1750932212.0059688,0.0,0.5,"[174.0, 185.0, 190.0, 161.0, 154.0, 162.0, 158.0, 175.0, 185.0, 174.0]",14.831304550170898,0.0,158.3985595703125,0.14245033264160156,-291.34375
1750932212.0206409,0.0,0.5,"[174.0, 185.0, 190.0, 160.0, 154.0, 162.0, 158.0, 175.0, 185.0, 174.0]",14.839942932128906,0.0,158.6949462890625,0.14682960510253906,-291.32879638671875
1750932212.0477538,0.0,0.5,"[174.0, 185.0, 190.0, 160.0, 154.0, 162.0, 158.0, 175.0, 185.0, 174.0]",14.892624855041504,0.0,158.99240112304688,0.15152549743652344,-291.3143615722656
1750932212.0630934,0.0,0.5,"[174.0, 185.0, 189.0, 160.0, 154.0, 162.0, 158.0, 175.0, 185.0, 174.0]",14.890480041503906,0.0,159.28982543945312,0.1564502716064453,-291.2994079589844
1750932212.0791023,0.0,0.5,"[174.0, 185.0, 189.0, 160.0, 154.0, 162.0, 158.0, 175.0, 185.0, 174.0]",14.908190727233887,0.0,159.58758544921875,0.16161727905273438,-291.2849426269531
1750932212.1178322,0.0,0.5,"[174.0, 185.0, 189.0, 160.0, 154.0, 162.0, 159.0, 175.0, 185.0, 174.0]",15.096208572387695,0.0,159.88906860351562,0.1670055389404297,-291.2697448730469
1750932212.132936,0.0,0.5,"[174.0, 185.0, 189.0, 159.0, 154.0, 162.0, 159.0, 175.0, 185.0, 174.0]",14.921854019165039,0.0,160.18710327148438,0.1725006103515625,-291.25494384765625
1750932212.1484666,0.0,0.5,"[174.0, 185.0, 189.0, 159.0, 153.0, 162.0, 159.0, 176.0, 185.0, 174.0]",15.162178993225098,0.0,160.48989868164062,0.17818260192871094,-291.2396240234375
1750932212.1636355,0.0,0.5,"[174.0, 185.0, 189.0, 159.0, 153.0, 162.0, 160.0, 176.0, 185.0, 174.0]",15.170130729675293,0.0,160.79287719726562,0.18396377563476562,-291.2243957519531
1750932212.1790457,0.0,0.5,"[174.0, 185.0, 189.0, 159.0, 153.0, 161.0, 160.0, 176.0, 185.0, 174.0]",15.140015602111816,0.0,161.09521484375,0.18979835510253906,-291.2091064453125
1750932212.2169027,0.0,0.5,"[174.0, 185.0, 188.0, 159.0, 153.0, 161.0, 160.0, 176.0, 185.0, 174.0]",15.12026309967041,0.0,161.3971710205078,0.1956615447998047,-291.1937561035156
1750932212.232208,0.0,0.5,"[174.0, 185.0, 187.0, 159.0, 153.0, 161.0, 160.0, 176.0, 185.0, 174.0]",15.3260498046875,0.0,161.7032470703125,0.2015666961669922,-291.1781921386719
1750932212.247124,0.0,0.5,"[174.0, 185.0, 187.0, 158.0, 153.0, 161.0, 160.0, 176.0, 185.0, 174.0]",15.208558082580566,0.0,162.00698852539062,0.2075519561767578,-291.1630554199219
1750932212.2620165,0.0,0.5,"[174.0, 185.0, 187.0, 158.0, 153.0, 161.0, 161.0, 176.0, 185.0, 174.0]",15.411578178405762,0.0,162.31475830078125,0.21380233764648438,-291.1474304199219
1750932212.277271,0.0,0.5,"[174.0, 185.0, 187.0, 158.0, 153.0, 161.0, 161.0, 176.0, 185.0, 174.0]",15.2412109375,0.0,162.61912536621094,0.220184326171875,-291.1321105957031
1750932212.3154523,0.0,0.5,"[174.0, 185.0, 186.0, 158.0, 153.0, 161.0, 161.0, 176.0, 185.0, 174.0]",15.487281799316406,0.0,162.9283905029297,0.226806640625,-291.1162414550781
1750932212.3304367,0.0,0.5,"[174.0, 185.0, 186.0, 158.0, 153.0, 161.0, 161.0, 176.0, 185.0, 174.0]",15.271913528442383,0.0,163.23336791992188,0.2334880828857422,-291.1007995605469
1750932212.34557,0.0,0.5,"[174.0, 185.0, 186.0, 157.0, 152.0, 161.0, 162.0, 176.0, 185.0, 174.0]",15.455733299255371,0.0,163.5419921875,0.2403278350830078,-291.0848083496094
1750932212.3604033,0.0,0.5,"[174.0, 185.0, 185.0, 156.0, 152.0, 161.0, 162.0, 177.0, 185.0, 174.0]",15.610433578491211,0.0,163.8537139892578,0.247314453125,-291.0688171386719
1750932212.3873966,0.0,0.5,"[174.0, 185.0, 184.0, 156.0, 152.0, 161.0, 162.0, 177.0, 185.0, 174.0]",15.52443790435791,0.0,164.16372680664062,0.2543296813964844,-291.05316162109375
1750932212.4026005,0.0,0.5,"[174.0, 185.0, 184.0, 156.0, 152.0, 161.0, 162.0, 178.0, 185.0, 174.0]",15.682732582092285,0.0,164.47689819335938,0.261474609375,-291.0372619628906
1750932212.4176683,0.0,0.5,"[174.0, 185.0, 184.0, 156.0, 152.0, 161.0, 162.0, 178.0, 185.0, 174.0]",15.481023788452148,0.0,164.78604125976562,0.2686595916748047,-291.021728515625
1750932212.456002,0.0,0.5,"[174.0, 185.0, 184.0, 156.0, 152.0, 161.0, 162.0, 179.0, 185.0, 174.0]",15.691266059875488,0.0,165.099365234375,0.27594757080078125,-291.0056457519531
1750932212.471297,-1.0,0.5,"[174.0, 185.0, 183.0, 155.0, 152.0, 161.0, 163.0, 179.0, 185.0, 174.0]",15.67358112335205,0.0,165.41233825683594,0.28336334228515625,-290.98968505859375
1750932212.4867198,-1.0,0.5,"[174.0, 185.0, 184.0, 156.0, 152.0, 161.0, 162.0, 179.0, 185.0, 174.0]",15.400264739990234,-0.5,165.71864318847656,0.2900505065917969,-290.9580993652344
1750932212.5019143,-1.0,0.5,"[174.0, 185.0, 185.0, 158.0, 153.0, 161.0, 160.0, 177.0, 185.0, 174.0]",15.31359577178955,-0.5,166.0208740234375,0.2959556579589844,-290.9088439941406
1750932212.5168672,-1.0,0.5,"[174.0, 185.0, 187.0, 159.0, 153.0, 162.0, 158.0, 175.0, 185.0, 174.0]",15.029699325561523,-0.5,166.31422424316406,0.30103111267089844,-290.8434753417969
1750932212.554849,0.0,0.5,"[174.0, 185.0, 189.0, 160.0, 154.0, 162.0, 156.0, 172.0, 185.0, 174.0]",15.161758422851562,-0.5,166.6065673828125,0.3054542541503906,-290.7630310058594
1750932212.5698507,0.0,0.5,"[174.0, 185.0, 190.0, 161.0, 155.0, 163.0, 154.0, 170.0, 185.0, 174.0]",14.956884384155273,0.0,166.89820861816406,0.3105945587158203,-290.6966857910156
1750932212.5851054,0.0,0.5,"[174.0, 185.0, 190.0, 161.0, 155.0, 163.0, 154.0, 170.0, 185.0, 174.0]",15.08656120300293,0.0,167.19520568847656,0.3165912628173828,-290.6437683105469
1750932212.5996804,0.0,0.5,"[174.0, 185.0, 190.0, 161.0, 155.0, 163.0, 154.0, 170.0, 185.0, 174.0]",15.03565788269043,0.0,167.49195861816406,0.3227710723876953,-290.59552001953125
1750932212.626661,0.0,0.5,"[174.0, 185.0, 190.0, 161.0, 155.0, 163.0, 154.0, 171.0, 185.0, 174.0]",15.059638977050781,0.0,167.78932189941406,0.3289527893066406,-290.5480041503906
1750932212.641902,0.0,0.5,"[174.0, 185.0, 189.0, 161.0, 155.0, 163.0, 154.0, 171.0, 185.0, 174.0]",15.372045516967773,0.0,168.09286499023438,0.3351287841796875,-290.4996337890625
1750932212.6569703,0.0,0.5,"[174.0, 185.0, 189.0, 161.0, 155.0, 163.0, 155.0, 172.0, 185.0, 174.0]",14.965163230895996,0.0,168.3883819580078,0.3410968780517578,-290.45257568359375
1750932212.695374,0.0,0.5,"[174.0, 185.0, 189.0, 161.0, 155.0, 163.0, 155.0, 172.0, 185.0, 174.0]",15.296591758728027,0.0,168.69046020507812,0.3472442626953125,-290.40460205078125
1750932212.710687,0.0,0.5,"[174.0, 185.0, 189.0, 161.0, 155.0, 163.0, 155.0, 172.0, 185.0, 174.0]",15.381135940551758,0.0,168.9942169189453,0.3534698486328125,-290.3563537597656
1750932212.725474,0.0,0.5,"[174.0, 185.0, 189.0, 161.0, 154.0, 163.0, 155.0, 173.0, 185.0, 174.0]",15.174789428710938,0.0,169.29385375976562,0.35960960388183594,-290.3084716796875
1750932212.740497,0.0,0.5,"[174.0, 185.0, 189.0, 161.0, 154.0, 163.0, 155.0, 173.0, 185.0, 174.0]",15.34598159790039,0.0,169.59690856933594,0.36586570739746094,-290.2602844238281
1750932212.7674396,0.0,0.5,"[174.0, 185.0, 189.0, 161.0, 154.0, 163.0, 156.0, 173.0, 185.0, 174.0]",15.473177909851074,0.0,169.90243530273438,0.37217140197753906,-290.2114562988281
1750932212.782204,0.0,0.5,"[174.0, 185.0, 189.0, 161.0, 154.0, 163.0, 156.0, 173.0, 185.0, 174.0]",15.218993186950684,0.0,170.20297241210938,0.3784065246582031,-290.16363525390625
1750932212.7972562,0.0,0.5,"[174.0, 185.0, 189.0, 161.0, 154.0, 163.0, 156.0, 175.0, 185.0, 174.0]",15.517431259155273,0.0,170.50936889648438,0.3847637176513672,-290.1146240234375
1750932212.835568,0.0,0.5,"[174.0, 185.0, 189.0, 161.0, 154.0, 163.0, 156.0, 175.0, 185.0, 174.0]",15.509984016418457,0.0,170.8155975341797,0.39110374450683594,-290.0655822753906
1750932212.8511505,0.0,0.5,"[174.0, 185.0, 189.0, 161.0, 154.0, 163.0, 156.0, 175.0, 185.0, 174.0]",15.481892585754395,0.0,171.12135314941406,0.39743804931640625,-290.01708984375
1750932212.8665285,0.0,0.5,"[174.0, 185.0, 189.0, 161.0, 154.0, 163.0, 156.0, 175.0, 185.0, 174.0]",15.51772403717041,0.0,171.427734375,0.40366554260253906,-289.9679260253906
1750932212.8816168,0.0,0.5,"[174.0, 185.0, 189.0, 161.0, 154.0, 163.0, 156.0, 176.0, 185.0, 174.0]",15.804120063781738,0.0,171.7397918701172,0.4100780487060547,-289.9180908203125
1750932212.8965669,0.0,0.5,"[174.0, 185.0, 188.0, 161.0, 154.0, 163.0, 156.0, 176.0, 185.0, 174.0]",15.500275611877441,0.0,172.04583740234375,0.41643524169921875,-289.86907958984375
1750932212.9353821,0.0,0.5,"[174.0, 185.0, 188.0, 161.0, 154.0, 163.0, 158.0, 176.0, 185.0, 174.0]",15.874394416809082,0.0,172.35926818847656,0.4230308532714844,-289.81890869140625
1750932212.9506516,0.0,0.5,"[174.0, 185.0, 187.0, 160.0, 154.0, 163.0, 158.0, 176.0, 185.0, 174.0]",15.656469345092773,0.0,172.6683807373047,0.4295921325683594,-289.76934814453125
1750932212.9654741,0.0,0.5,"[174.0, 185.0, 187.0, 160.0, 154.0, 163.0, 158.0, 176.0, 185.0, 174.0]",15.853185653686523,0.0,172.98141479492188,0.43631744384765625,-289.7193603515625
1750932212.9805393,0.0,0.5,"[174.0, 185.0, 187.0, 160.0, 154.0, 163.0, 158.0, 177.0, 185.0, 174.0]",15.618902206420898,0.0,173.28977966308594,0.44296836853027344,-289.66986083984375
1750932213.0072324,0.0,0.5,"[174.0, 185.0, 187.0, 160.0, 153.0, 163.0, 158.0, 178.0, 185.0, 174.0]",15.95928955078125,0.0,173.60488891601562,0.4498157501220703,-289.61944580078125
1750932213.023399,0.0,0.5,"[174.0, 185.0, 187.0, 160.0, 153.0, 163.0, 158.0, 178.0, 185.0, 174.0]",15.821690559387207,0.0,173.9172821044922,0.4566459655761719,-289.5694885253906
1750932213.0393224,0.0,0.5,"[174.0, 185.0, 187.0, 160.0, 153.0, 163.0, 158.0, 178.0, 185.0, 174.0]",15.948976516723633,0.0,174.23214721679688,0.4635200500488281,-289.5189208984375
1750932213.0781553,0.0,0.5,"[174.0, 185.0, 187.0, 160.0, 153.0, 163.0, 158.0, 179.0, 185.0, 174.0]",15.901534080505371,0.0,174.54611206054688,0.4703559875488281,-289.46868896484375
1750932213.0937016,0.0,0.5,"[174.0, 185.0, 187.0, 160.0, 153.0, 163.0, 159.0, 179.0, 185.0, 174.0]",16.034841537475586,0.0,174.8627166748047,0.47728919982910156,-289.4180603027344
1750932213.1089675,0.0,0.5,"[174.0, 185.0, 187.0, 160.0, 153.0, 163.0, 160.0, 179.0, 185.0, 174.0]",15.854571342468262,0.0,175.17572021484375,0.4841880798339844,-289.36773681640625
1750932213.123873,0.0,0.5,"[174.0, 185.0, 187.0, 160.0, 153.0, 163.0, 160.0, 179.0, 185.0, 174.0]",16.21092414855957,0.0,175.4957733154297,0.4913177490234375,-289.31640625
1750932213.1388874,0.0,0.5,"[174.0, 185.0, 187.0, 160.0, 153.0, 163.0, 161.0, 180.0, 185.0, 174.0]",15.926044464111328,0.0,175.81019592285156,0.4983673095703125,-289.26593017578125
1750932213.1761854,0.0,0.5,"[174.0, 185.0, 187.0, 160.0, 153.0, 163.0, 161.0, 180.0, 185.0, 174.0]",16.23293685913086,0.0,176.1306915283203,0.5056095123291016,-289.214599609375
1750932213.1906645,0.0,0.5,"[174.0, 185.0, 186.0, 159.0, 153.0, 163.0, 162.0, 181.0, 185.0, 174.0]",16.11882209777832,0.0,176.44891357421875,0.5128326416015625,-289.1635437011719
1750932213.2060297,0.0,0.5,"[174.0, 185.0, 186.0, 159.0, 153.0, 163.0, 162.0, 181.0, 185.0, 174.0]",16.274736404418945,0.0,176.77023315429688,0.5201549530029297,-289.112060546875
1750932213.220832,0.0,0.5,"[174.0, 185.0, 186.0, 159.0, 153.0, 163.0, 163.0, 181.0, 185.0, 174.0]",16.043848037719727,0.0,177.0869598388672,0.5273666381835938,-289.06109619140625
1750932213.2359276,0.0,0.5,"[174.0, 185.0, 186.0, 159.0, 153.0, 163.0, 163.0, 181.0, 185.0, 174.0]",16.349817276000977,0.0,177.4097442626953,0.5348415374755859,-289.0093078613281
1750932213.274114,0.0,0.5,"[174.0, 185.0, 186.0, 159.0, 153.0, 163.0, 164.0, 183.0, 185.0, 174.0]",16.339969635009766,0.0,177.73231506347656,0.5423164367675781,-288.95745849609375
1750932213.2893045,0.0,0.5,"[174.0, 185.0, 186.0, 159.0, 152.0, 163.0, 164.0, 183.0, 185.0, 174.0]",16.382091522216797,0.0,178.0557403564453,0.5498867034912109,-288.9056396484375
1750932213.304131,0.0,0.5,"[174.0, 185.0, 186.0, 159.0, 152.0, 163.0, 164.0, 183.0, 185.0, 174.0]",16.34415054321289,0.0,178.37840270996094,0.5574741363525391,-288.8537902832031
1750932213.3190227,0.0,0.5,"[174.0, 185.0, 186.0, 158.0, 152.0, 163.0, 166.0, 183.0, 185.0, 174.0]",16.35804557800293,0.0,178.70132446289062,0.5650978088378906,-288.80181884765625
1750932213.3565261,0.0,0.5,"[174.0, 185.0, 186.0, 158.0, 152.0, 162.0, 166.0, 183.0, 185.0, 174.0]",16.47557830810547,0.0,179.0265655517578,0.5728015899658203,-288.7495422363281
1750932213.371077,0.0,0.5,"[174.0, 185.0, 186.0, 158.0, 152.0, 162.0, 166.0, 183.0, 185.0, 174.0]",16.5433406829834,0.0,179.3531951904297,0.5805912017822266,-288.6972961425781
1750932213.3867214,0.0,0.5,"[174.0, 185.0, 185.0, 158.0, 152.0, 162.0, 167.0, 184.0, 185.0, 174.0]",16.438617706298828,0.0,179.67770385742188,0.5883083343505859,-288.64508056640625
1750932213.4021688,0.0,0.5,"[174.0, 185.0, 185.0, 158.0, 152.0, 162.0, 167.0, 184.0, 185.0, 174.0]",16.549591064453125,0.0,180.00445556640625,0.5961360931396484,-288.5928955078125
1750932213.4173532,0.0,0.5,"[174.0, 185.0, 185.0, 158.0, 152.0, 162.0, 167.0, 184.0, 185.0, 174.0]",16.49059295654297,0.0,180.3300018310547,0.6040802001953125,-288.5406494140625
1750932213.4537842,0.0,0.5,"[174.0, 185.0, 184.0, 157.0, 152.0, 162.0, 168.0, 184.0, 185.0, 174.0]",16.645776748657227,0.0,180.65858459472656,0.6122531890869141,-288.4877624511719
1750932213.4683518,0.0,0.5,"[174.0, 185.0, 184.0, 156.0, 151.0, 162.0, 168.0, 184.0, 185.0, 174.0]",16.464414596557617,0.0,180.98362731933594,0.6204967498779297,-288.4356994628906
1750932213.4831965,0.0,0.5,"[174.0, 185.0, 184.0, 156.0, 151.0, 162.0, 168.0, 185.0, 185.0, 174.0]",16.798076629638672,0.0,181.31524658203125,0.6289596557617188,-288.38250732421875
1750932213.497788,0.0,0.5,"[174.0, 185.0, 184.0, 156.0, 151.0, 162.0, 168.0, 185.0, 185.0, 174.0]",16.63096809387207,0.0,181.6435546875,0.6373786926269531,-288.3298034667969
1750932213.5340838,-1.0,0.5,"[174.0, 185.0, 184.0, 156.0, 151.0, 162.0, 169.0, 186.0, 185.0, 174.0]",16.773120880126953,0.0,181.97467041015625,0.6459064483642578,-288.27667236328125
1750932213.5490518,-1.0,0.5,"[174.0, 185.0, 184.0, 156.0, 151.0, 162.0, 168.0, 184.0, 185.0, 174.0]",16.592130661010742,-0.5,182.29945373535156,0.6529388427734375,-288.20892333984375
1750932213.5639443,-1.0,0.5,"[174.0, 185.0, 186.0, 158.0, 152.0, 163.0, 166.0, 183.0, 185.0, 174.0]",16.26951026916504,-0.5,182.6138458251953,0.6581954956054688,-288.12518310546875
1750932213.5785344,-1.0,0.5,"[174.0, 185.0, 187.0, 159.0, 154.0, 163.0, 163.0, 181.0, 185.0, 174.0]",16.297035217285156,-0.5,182.92308044433594,0.6615619659423828,-288.022216796875
1750932213.6152306,0.0,0.5,"[174.0, 185.0, 190.0, 160.0, 155.0, 164.0, 160.0, 178.0, 185.0, 174.0]",15.980995178222656,-0.5,183.2205352783203,0.6632957458496094,-287.9052734375
1750932213.629079,0.0,0.5,"[174.0, 185.0, 190.0, 161.0, 156.0, 165.0, 159.0, 176.0, 185.0, 174.0]",16.250463485717773,0.0,183.52719116210938,0.6665363311767578,-287.79766845703125
1750932213.6435118,0.0,0.5,"[174.0, 185.0, 190.0, 161.0, 156.0, 165.0, 159.0, 176.0, 185.0, 174.0]",16.053089141845703,0.0,183.83499145507812,0.6715869903564453,-287.7064514160156
1750932213.6581538,0.0,0.5,"[174.0, 185.0, 190.0, 161.0, 156.0, 165.0, 159.0, 176.0, 185.0, 174.0]",16.287940979003906,0.0,184.1485137939453,0.6772174835205078,-287.6181945800781
1750932213.6949084,0.0,0.5,"[174.0, 185.0, 190.0, 161.0, 155.0, 165.0, 159.0, 176.0, 185.0, 174.0]",15.972450256347656,0.0,184.45611572265625,0.6828212738037109,-287.5321960449219
1750932213.7097943,0.0,0.5,"[174.0, 185.0, 190.0, 161.0, 155.0, 164.0, 160.0, 176.0, 185.0, 174.0]",16.30321502685547,0.0,184.77015686035156,0.6885566711425781,-287.44464111328125
1750932213.7253158,0.0,0.5,"[174.0, 185.0, 190.0, 161.0, 155.0, 164.0, 160.0, 176.0, 185.0, 174.0]",16.173133850097656,0.0,185.08168029785156,0.6942329406738281,-287.3577575683594
1750932213.7399902,0.0,0.5,"[174.0, 185.0, 190.0, 161.0, 155.0, 164.0, 160.0, 176.0, 185.0, 174.0]",16.203224182128906,0.0,185.39376831054688,0.6999015808105469,-287.27069091796875
1750932213.7650733,0.0,0.5,"[174.0, 185.0, 190.0, 161.0, 155.0, 164.0, 160.0, 176.0, 185.0, 174.0]",16.43255043029785,0.0,185.7103271484375,0.7056350708007812,-287.1825256347656
1750932213.7798498,0.0,0.5,"[174.0, 185.0, 189.0, 161.0, 155.0, 164.0, 160.0, 176.0, 185.0, 174.0]",16.354074478149414,0.0,186.02536010742188,0.7113094329833984,-287.0947265625
1750932213.8056192,0.0,0.5,"[174.0, 185.0, 189.0, 161.0, 155.0, 164.0, 160.0, 176.0, 185.0, 174.0]",16.312440872192383,0.0,186.339599609375,0.7169647216796875,-287.0072021484375
1750932213.820004,0.0,0.5,"[174.0, 185.0, 189.0, 161.0, 155.0, 164.0, 161.0, 176.0, 185.0, 174.0]",16.462621688842773,0.0,186.65673828125,0.7228374481201172,-286.91888427734375
1750932213.8455708,0.0,0.5,"[174.0, 185.0, 189.0, 160.0, 155.0, 164.0, 161.0, 177.0, 185.0, 174.0]",16.510536193847656,0.0,186.9747314453125,0.7289009094238281,-286.830078125
1750932213.8601573,0.0,0.5,"[174.0, 185.0, 189.0, 160.0, 155.0, 164.0, 161.0, 178.0, 185.0, 174.0]",16.43022346496582,0.0,187.29122924804688,0.7350730895996094,-286.741943359375
1750932213.885612,0.0,0.5,"[174.0, 185.0, 189.0, 160.0, 155.0, 164.0, 161.0, 179.0, 185.0, 174.0]",16.759193420410156,0.0,187.61404418945312,0.7414455413818359,-286.6519775390625
1750932213.900207,0.0,0.5,"[174.0, 185.0, 189.0, 160.0, 154.0, 164.0, 162.0, 179.0, 185.0, 174.0]",16.299827575683594,0.0,187.927978515625,0.7476940155029297,-286.5643615722656
1750932213.9258046,0.0,0.5,"[174.0, 185.0, 189.0, 160.0, 154.0, 164.0, 162.0, 179.0, 185.0, 174.0]",16.682804107666016,0.0,188.24929809570312,0.7541370391845703,-286.4747009277344
1750932213.941121,0.0,0.5,"[174.0, 185.0, 188.0, 160.0, 154.0, 164.0, 162.0, 180.0, 185.0, 174.0]",16.598466873168945,0.0,188.56900024414062,0.7605972290039062,-286.3855285644531
1750932213.955398,0.0,0.5,"[174.0, 185.0, 187.0, 160.0, 154.0, 164.0, 162.0, 181.0, 185.0, 174.0]",16.633567810058594,0.0,188.8892822265625,0.7670440673828125,-286.2958068847656
1750932213.9921095,0.0,0.5,"[174.0, 185.0, 187.0, 160.0, 154.0, 164.0, 162.0, 181.0, 185.0, 174.0]",16.749521255493164,0.0,189.21189880371094,0.7736015319824219,-286.20587158203125
1750932214.0069265,0.0,0.5,"[174.0, 185.0, 187.0, 159.0, 154.0, 164.0, 162.0, 181.0, 185.0, 174.0]",16.740785598754883,0.0,189.53428649902344,0.7802314758300781,-286.1157531738281
1750932214.021441,0.0,0.5,"[174.0, 185.0, 187.0, 159.0, 154.0, 164.0, 162.0, 183.0, 185.0, 174.0]",16.775123596191406,0.0,189.8573455810547,0.7871189117431641,-286.0254821777344
1750932214.0360389,0.0,0.5,"[174.0, 185.0, 187.0, 159.0, 154.0, 164.0, 163.0, 183.0, 185.0, 174.0]",16.76986312866211,0.0,190.1802520751953,0.7942295074462891,-285.9350891113281
1750932214.0722282,0.0,0.5,"[174.0, 185.0, 187.0, 159.0, 153.0, 164.0, 163.0, 183.0, 185.0, 174.0]",16.936931610107422,0.0,190.50634765625,0.8015460968017578,-285.8437194824219
1750932214.0871975,0.0,0.5,"[174.0, 185.0, 187.0, 159.0, 153.0, 164.0, 163.0, 184.0, 185.0, 174.0]",16.78750991821289,0.0,190.82962036132812,0.8089694976806641,-285.75335693359375
1750932214.1021233,0.0,0.5,"[174.0, 185.0, 186.0, 159.0, 153.0, 164.0, 163.0, 184.0, 185.0, 174.0]",16.918302536010742,0.0,191.15528869628906,0.8164939880371094,-285.661865234375
1750932214.116628,0.0,0.5,"[174.0, 185.0, 186.0, 159.0, 153.0, 164.0, 164.0, 184.0, 185.0, 174.0]",17.00979232788086,0.0,191.48275756835938,0.8241481781005859,-285.5699768066406
1750932214.1528647,0.0,0.5,"[174.0, 185.0, 186.0, 159.0, 153.0, 163.0, 164.0, 185.0, 185.0, 174.0]",16.839340209960938,0.0,191.8070068359375,0.831817626953125,-285.4792785644531
1750932214.167036,0.0,0.5,"[174.0, 185.0, 186.0, 158.0, 153.0, 163.0, 166.0, 186.0, 185.0, 174.0]",17.114486694335938,0.0,192.13653564453125,0.8396453857421875,-285.38702392578125
1750932214.1812365,0.0,0.5,"[174.0, 185.0, 185.0, 158.0, 153.0, 163.0, 166.0, 186.0, 185.0, 174.0]",17.022356033325195,0.0,192.46429443359375,0.8475685119628906,-285.2952880859375
1750932214.1961615,0.0,0.5,"[174.0, 185.0, 184.0, 158.0, 153.0, 163.0, 167.0, 186.0, 185.0, 174.0]",17.152265548706055,0.0,192.79449462890625,0.8557682037353516,-285.20263671875
1750932214.2316535,0.0,0.5,"[174.0, 185.0, 184.0, 158.0, 153.0, 163.0, 167.0, 187.0, 185.0, 174.0]",17.08519744873047,0.0,193.12342834472656,0.8642673492431641,-285.1105041503906
1750932214.245377,0.0,0.5,"[174.0, 185.0, 184.0, 158.0, 152.0, 163.0, 168.0, 187.0, 185.0, 174.0]",17.214052200317383,0.0,193.45474243164062,0.8729877471923828,-285.0173034667969
1750932214.2594116,0.0,0.5,"[174.0, 185.0, 184.0, 157.0, 152.0, 163.0, 168.0, 187.0, 185.0, 174.0]",17.197908401489258,0.0,193.78578186035156,0.8818836212158203,-284.9243469238281
1750932214.2948506,0.0,0.5,"[174.0, 185.0, 184.0, 157.0, 152.0, 163.0, 168.0, 188.0, 185.0, 174.0]",17.179166793823242,0.0,194.11647033691406,0.8909053802490234,-284.8315124511719
1750932214.3093553,0.0,0.5,"[174.0, 185.0, 183.0, 156.0, 152.0, 163.0, 169.0, 188.0, 185.0, 174.0]",17.238370895385742,0.0,194.4482879638672,0.9000568389892578,-284.73834228515625
1750932214.3234408,0.0,0.5,"[174.0, 185.0, 183.0, 156.0, 152.0, 163.0, 169.0, 189.0, 185.0, 174.0]",17.249393463134766,0.0,194.78028869628906,0.9092750549316406,-284.6450500488281
1750932214.3375618,0.0,0.5,"[174.0, 185.0, 183.0, 156.0, 151.0, 163.0, 170.0, 189.0, 185.0, 174.0]",17.29203224182129,0.0,195.1131134033203,0.9186077117919922,-284.551513671875
1750932214.3729331,-1.0,0.5,"[174.0, 185.0, 183.0, 156.0, 151.0, 162.0, 170.0, 189.0, 185.0, 174.0]",17.384376525878906,0.0,195.44773864746094,0.9282379150390625,-284.4576110839844
1750932214.3875039,-1.0,0.5,"[174.0, 185.0, 183.0, 156.0, 152.0, 163.0, 169.0, 189.0, 185.0, 174.0]",17.056007385253906,-0.5,195.77072143554688,0.9355144500732422,-284.3481140136719
1750932214.4021966,-1.0,0.5,"[174.0, 185.0, 184.0, 158.0, 153.0, 163.0, 166.0, 187.0, 185.0, 174.0]",17.019811630249023,-0.5,196.08570861816406,0.9402713775634766,-284.21917724609375
1750932214.4164581,-1.0,0.5,"[174.0, 185.0, 187.0, 160.0, 154.0, 164.0, 162.0, 184.0, 185.0, 174.0]",16.59960174560547,-0.5,196.38372802734375,0.9421291351318359,-284.0728759765625
1750932214.452425,0.0,0.5,"[174.0, 185.0, 189.0, 161.0, 155.0, 165.0, 159.0, 181.0, 185.0, 174.0]",16.95579719543457,-0.5,196.681884765625,0.9424018859863281,-283.91131591796875
1750932214.4672167,0.0,0.5,"[174.0, 185.0, 190.0, 162.0, 156.0, 166.0, 156.0, 179.0, 185.0, 174.0]",16.552223205566406,0.0,196.97708129882812,0.9440898895263672,-283.7615051269531
1750932214.481809,0.0,0.5,"[174.0, 185.0, 192.0, 162.0, 157.0, 166.0, 156.0, 179.0, 185.0, 174.0]",16.809646606445312,0.0,197.28250122070312,0.9477119445800781,-283.6210632324219
1750932214.4961333,0.0,0.5,"[174.0, 185.0, 192.0, 162.0, 156.0, 166.0, 156.0, 179.0, 185.0, 174.0]",16.54107093811035,0.0,197.58627319335938,0.9524631500244141,-283.4901123046875
1750932214.533028,0.0,0.5,"[174.0, 185.0, 192.0, 162.0, 156.0, 166.0, 156.0, 179.0, 185.0, 174.0]",16.8454647064209,0.0,197.89599609375,0.9574642181396484,-283.3576354980469
1750932214.5474355,0.0,0.5,"[174.0, 185.0, 192.0, 162.0, 156.0, 166.0, 156.0, 179.0, 185.0, 174.0]",16.723129272460938,0.0,198.20355224609375,0.9624691009521484,-283.226318359375
1750932214.5617082,0.0,0.5,"[174.0, 185.0, 192.0, 162.0, 156.0, 166.0, 158.0, 179.0, 185.0, 174.0]",16.72874641418457,0.0,198.51121520996094,0.9675617218017578,-283.0949401855469
1750932214.5763414,0.0,0.5,"[174.0, 185.0, 192.0, 162.0, 156.0, 166.0, 158.0, 179.0, 185.0, 174.0]",16.916059494018555,0.0,198.82232666015625,0.9729366302490234,-282.9621276855469
1750932214.6126819,0.0,0.5,"[174.0, 185.0, 192.0, 162.0, 156.0, 166.0, 158.0, 179.0, 185.0, 174.0]",16.925729751586914,0.0,199.13363647460938,0.9785861968994141,-282.82928466796875
1750932214.627781,0.0,0.5,"[174.0, 185.0, 192.0, 162.0, 156.0, 166.0, 158.0, 179.0, 185.0, 174.0]",16.778629302978516,0.0,199.44212341308594,0.9843292236328125,-282.69732666015625
1750932214.6426544,0.0,0.5,"[174.0, 185.0, 190.0, 161.0, 156.0, 166.0, 159.0, 179.0, 185.0, 174.0]",17.05864715576172,0.0,199.75579833984375,0.9903430938720703,-282.5632629394531
1750932214.657134,0.0,0.5,"[174.0, 185.0, 190.0, 161.0, 156.0, 166.0, 159.0, 179.0, 185.0, 174.0]",17.01383399963379,0.0,200.068603515625,0.9964504241943359,-282.4294738769531
1750932214.6933026,0.0,0.5,"[174.0, 185.0, 190.0, 161.0, 156.0, 166.0, 159.0, 179.0, 185.0, 174.0]",17.063919067382812,0.0,200.38235473632812,1.0026702880859375,-282.2953186035156
1750932214.707871,0.0,0.5,"[174.0, 185.0, 190.0, 161.0, 155.0, 166.0, 160.0, 179.0, 185.0, 174.0]",17.066686630249023,0.0,200.69613647460938,1.0089492797851562,-282.1611328125
1750932214.7223058,0.0,0.5,"[174.0, 185.0, 190.0, 161.0, 155.0, 166.0, 160.0, 179.0, 185.0, 174.0]",17.040624618530273,0.0,201.00942993164062,1.0152549743652344,-282.027099609375
1750932214.7370536,0.0,0.5,"[174.0, 185.0, 190.0, 161.0, 155.0, 165.0, 160.0, 179.0, 185.0, 174.0]",17.155195236206055,0.0,201.32481384277344,1.0216121673583984,-281.89215087890625
1750932214.7725136,0.0,0.5,"[174.0, 185.0, 190.0, 161.0, 155.0, 165.0, 160.0, 179.0, 185.0, 174.0]",17.096027374267578,0.0,201.6392059326172,1.0281124114990234,-281.7579040527344
1750932214.7870612,0.0,0.5,"[174.0, 185.0, 190.0, 160.0, 155.0, 165.0, 160.0, 179.0, 185.0, 174.0]",17.33057403564453,0.0,201.95779418945312,1.0349578857421875,-281.6215515136719
1750932214.8011894,0.0,0.5,"[174.0, 185.0, 189.0, 160.0, 155.0, 165.0, 161.0, 179.0, 185.0, 174.0]",17.1367244720459,0.0,202.27284240722656,1.042001724243164,-281.4867858886719
1750932214.8153749,0.0,0.5,"[174.0, 185.0, 189.0, 160.0, 155.0, 165.0, 161.0, 179.0, 185.0, 174.0]",17.372215270996094,0.0,202.5921173095703,1.0493030548095703,-281.3499450683594
1750932214.8512511,0.0,0.5,"[174.0, 185.0, 189.0, 160.0, 155.0, 165.0, 161.0, 179.0, 185.0, 174.0]",17.126874923706055,0.0,202.90695190429688,1.0567131042480469,-281.2152099609375
1750932214.865568,0.0,0.5,"[174.0, 185.0, 189.0, 160.0, 154.0, 165.0, 161.0, 179.0, 185.0, 174.0]",17.346784591674805,0.0,203.2257080078125,1.0642967224121094,-281.0784606933594
1750932214.8794427,0.0,0.5,"[174.0, 185.0, 189.0, 159.0, 154.0, 165.0, 162.0, 179.0, 185.0, 174.0]",17.42549705505371,0.0,203.54592895507812,1.0720233917236328,-280.9411315917969
1750932214.9153552,0.0,0.5,"[174.0, 185.0, 188.0, 159.0, 154.0, 165.0, 162.0, 179.0, 185.0, 174.0]",17.21832275390625,0.0,203.8624267578125,1.0797710418701172,-280.8056335449219
1750932214.9299006,0.0,0.5,"[174.0, 185.0, 187.0, 159.0, 154.0, 165.0, 162.0, 179.0, 185.0, 174.0]",17.51773452758789,0.0,204.18438720703125,1.0876846313476562,-280.6676940917969
1750932214.9447224,0.0,0.5,"[174.0, 185.0, 187.0, 159.0, 154.0, 164.0, 162.0, 179.0, 185.0, 174.0]",17.47760772705078,0.0,204.50559997558594,1.0956916809082031,-280.5300598144531
1750932214.9590738,0.0,0.5,"[174.0, 185.0, 187.0, 159.0, 154.0, 164.0, 162.0, 179.0, 185.0, 174.0]",17.446718215942383,0.0,204.826171875,1.1039676666259766,-280.39251708984375
1750932214.9948304,0.0,0.5,"[174.0, 185.0, 187.0, 159.0, 153.0, 164.0, 163.0, 180.0, 185.0, 174.0]",17.498632431030273,0.0,205.14764404296875,1.112579345703125,-280.25445556640625
1750932215.0083084,0.0,0.5,"[174.0, 185.0, 186.0, 158.0, 153.0, 164.0, 163.0, 181.0, 185.0, 174.0]",17.54827308654785,0.0,205.47006225585938,1.1214256286621094,-280.1160888671875
1750932215.0226367,0.0,0.5,"[174.0, 185.0, 186.0, 158.0, 153.0, 164.0, 163.0, 181.0, 185.0, 174.0]",17.638118743896484,0.0,205.79421997070312,1.1305198669433594,-279.97723388671875
1750932215.0366285,0.0,0.5,"[174.0, 185.0, 186.0, 158.0, 153.0, 164.0, 164.0, 181.0, 185.0, 174.0]",17.524410247802734,0.0,206.11618041992188,1.139657974243164,-279.83905029296875
1750932215.0716927,-1.0,0.5,"[174.0, 185.0, 185.0, 158.0, 153.0, 164.0, 164.0, 183.0, 185.0, 174.0]",17.61992645263672,0.0,206.4398651123047,1.1489086151123047,-279.7000427246094
1750932215.0865216,-1.0,0.5,"[174.0, 185.0, 186.0, 158.0, 153.0, 164.0, 163.0, 181.0, 185.0, 174.0]",17.597970962524414,-0.5,206.75698852539062,1.155771255493164,-279.54754638671875
1750932215.100733,-1.0,0.5,"[174.0, 185.0, 187.0, 159.0, 154.0, 165.0, 161.0, 180.0, 185.0, 174.0]",17.065582275390625,-0.5,207.05584716796875,1.1593856811523438,-279.38275146484375
1750932215.1147501,-1.0,0.5,"[174.0, 185.0, 189.0, 160.0, 155.0, 166.0, 159.0, 177.0, 185.0, 174.0]",17.25148582458496,-0.5,207.34832763671875,1.159902572631836,-279.19970703125
1750932215.150061,0.0,0.5,"[174.0, 185.0, 190.0, 162.0, 156.0, 167.0, 156.0, 175.0, 185.0, 174.0]",16.80007553100586,-0.5,207.62252807617188,1.1573619842529297,-279.0055236816406
1750932215.1641047,0.0,0.5,"[174.0, 185.0, 192.0, 163.0, 157.0, 168.0, 155.0, 172.0, 185.0, 174.0]",17.098228454589844,0.0,207.90725708007812,1.1568679809570312,-278.8161315917969
1750932215.177916,0.0,0.5,"[174.0, 185.0, 192.0, 163.0, 157.0, 168.0, 154.0, 172.0, 185.0, 174.0]",16.969127655029297,0.0,208.1977081298828,1.159097671508789,-278.6405944824219
1750932215.2138274,0.0,0.5,"[174.0, 185.0, 193.0, 163.0, 157.0, 168.0, 154.0, 172.0, 185.0, 174.0]",17.090625762939453,0.0,208.49307250976562,1.162384033203125,-278.46856689453125
1750932215.2278852,0.0,0.5,"[174.0, 185.0, 192.0, 163.0, 157.0, 168.0, 154.0, 172.0, 185.0, 174.0]",16.860803604125977,0.0,208.78480529785156,1.1657791137695312,-278.2994689941406
1750932215.2417955,0.0,0.5,"[174.0, 185.0, 192.0, 163.0, 157.0, 168.0, 154.0, 173.0, 185.0, 174.0]",17.184511184692383,0.0,209.08238220214844,1.1693229675292969,-278.1275329589844
1750932215.255932,0.0,0.5,"[174.0, 185.0, 192.0, 163.0, 157.0, 168.0, 154.0, 173.0, 185.0, 174.0]",17.121789932250977,0.0,209.37890625,1.172872543334961,-277.956298828125
1750932215.2913733,0.0,0.5,"[174.0, 185.0, 192.0, 163.0, 157.0, 168.0, 155.0, 173.0, 185.0, 174.0]",17.169710159301758,0.0,209.67613220214844,1.1763648986816406,-277.78436279296875
1750932215.305358,0.0,0.5,"[174.0, 185.0, 192.0, 163.0, 157.0, 168.0, 155.0, 173.0, 185.0, 174.0]",17.268033981323242,0.0,209.9751739501953,1.17987060546875,-277.61163330078125
1750932215.3193283,0.0,0.5,"[174.0, 185.0, 192.0, 163.0, 157.0, 168.0, 155.0, 173.0, 185.0, 174.0]",17.21592140197754,0.0,210.27325439453125,1.1833133697509766,-277.4393310546875
1750932215.3545303,0.0,0.5,"[174.0, 185.0, 192.0, 163.0, 157.0, 168.0, 155.0, 173.0, 185.0, 174.0]",17.389686584472656,0.0,210.5743865966797,1.1868515014648438,-277.2653503417969
1750932215.3681655,0.0,0.5,"[174.0, 185.0, 192.0, 163.0, 157.0, 168.0, 155.0, 175.0, 185.0, 174.0]",17.115602493286133,0.0,210.87062072753906,1.190420150756836,-277.0938415527344
1750932215.3823094,0.0,0.5,"[174.0, 185.0, 192.0, 163.0, 157.0, 168.0, 155.0, 175.0, 185.0, 174.0]",17.40852928161621,0.0,211.17202758789062,1.1941509246826172,-276.9195861816406
1750932215.3963413,0.0,0.5,"[174.0, 185.0, 192.0, 163.0, 156.0, 168.0, 156.0, 175.0, 185.0, 174.0]",17.457263946533203,0.0,211.4742431640625,1.1979236602783203,-276.7447814941406
1750932215.4313204,0.0,0.5,"[174.0, 185.0, 192.0, 163.0, 156.0, 168.0, 156.0, 175.0, 185.0, 174.0]",17.368616104125977,0.0,211.77496337890625,1.2017345428466797,-276.5709533691406
1750932215.4454248,0.0,0.5,"[174.0, 185.0, 192.0, 163.0, 156.0, 168.0, 156.0, 176.0, 185.0, 174.0]",17.478612899780273,0.0,212.07749938964844,1.2055549621582031,-276.3958740234375
1750932215.4593005,0.0,0.5,"[174.0, 185.0, 192.0, 163.0, 156.0, 168.0, 156.0, 176.0, 185.0, 174.0]",17.46912956237793,0.0,212.37991333007812,1.2093944549560547,-276.220947265625
1750932215.4942968,0.0,0.5,"[174.0, 185.0, 192.0, 163.0, 156.0, 168.0, 156.0, 176.0, 185.0, 174.0]",17.52423667907715,0.0,212.68333435058594,1.2132740020751953,-276.0455627441406
1750932215.5083828,0.0,0.5,"[174.0, 185.0, 192.0, 163.0, 156.0, 168.0, 156.0, 176.0, 185.0, 174.0]",17.59517478942871,0.0,212.98794555664062,1.2171497344970703,-275.869384765625
1750932215.5224462,0.0,0.5,"[174.0, 185.0, 192.0, 163.0, 156.0, 168.0, 158.0, 176.0, 185.0, 174.0]",17.573453903198242,0.0,213.29205322265625,1.2209625244140625,-275.6932067871094
1750932215.5355155,0.0,0.5,"[174.0, 185.0, 192.0, 163.0, 156.0, 168.0, 158.0, 176.0, 185.0, 174.0]",17.671598434448242,0.0,213.59800720214844,1.2249393463134766,-275.5163269042969
1750932215.5707083,0.0,0.5,"[174.0, 185.0, 192.0, 163.0, 156.0, 168.0, 158.0, 177.0, 185.0, 174.0]",17.778430938720703,0.0,213.9056854248047,1.2290229797363281,-275.3381652832031
1750932215.5843892,0.0,0.5,"[174.0, 185.0, 192.0, 163.0, 156.0, 168.0, 158.0, 178.0, 185.0, 174.0]",17.654584884643555,0.0,214.2113494873047,1.2332420349121094,-275.16143798828125
1750932215.5985115,0.0,0.5,"[174.0, 185.0, 192.0, 163.0, 156.0, 168.0, 159.0, 178.0, 185.0, 174.0]",17.820249557495117,0.0,214.5197296142578,1.2375335693359375,-274.9828186035156
1750932215.6337228,0.0,0.5,"[174.0, 185.0, 192.0, 163.0, 156.0, 168.0, 159.0, 178.0, 185.0, 174.0]",17.63179588317871,0.0,214.82492065429688,1.2418956756591797,-274.80621337890625
1750932215.6486456,0.0,0.5,"[174.0, 185.0, 192.0, 162.0, 156.0, 168.0, 160.0, 178.0, 185.0, 174.0]",17.915918350219727,0.0,215.13497924804688,1.2463645935058594,-274.62664794921875
1750932215.6628604,0.0,0.5,"[174.0, 185.0, 192.0, 162.0, 156.0, 168.0, 160.0, 178.0, 185.0, 174.0]",17.826698303222656,0.0,215.4435272216797,1.2508811950683594,-274.44805908203125
1750932215.676959,0.0,0.5,"[174.0, 185.0, 192.0, 162.0, 156.0, 168.0, 160.0, 179.0, 185.0, 174.0]",17.918304443359375,0.0,215.75352478027344,1.2553958892822266,-274.268310546875
1750932215.7117062,0.0,0.5,"[174.0, 185.0, 192.0, 162.0, 156.0, 168.0, 160.0, 179.0, 185.0, 174.0]",17.910987854003906,0.0,216.0635528564453,1.260000228881836,-274.0888977050781
1750932215.7251916,-1.0,0.5,"[174.0, 185.0, 192.0, 162.0, 156.0, 168.0, 160.0, 179.0, 185.0, 174.0]",18.05194091796875,0.0,216.37591552734375,1.264669418334961,-273.90789794921875
1750932215.7389765,-1.0,0.5,"[174.0, 185.0, 192.0, 162.0, 156.0, 168.0, 160.0, 178.0, 185.0, 174.0]",17.700151443481445,-0.5,216.6740264892578,1.2663631439208984,-273.7170104980469
1750932215.7738712,-1.0,0.5,"[174.0, 185.0, 193.0, 163.0, 157.0, 169.0, 158.0, 176.0, 185.0, 174.0]",17.452194213867188,-0.5,216.95660400390625,1.2642288208007812,-273.51214599609375
1750932215.7881489,-1.0,0.5,"[174.0, 185.0, 197.0, 165.0, 158.0, 170.0, 155.0, 173.0, 185.0, 174.0]",17.413368225097656,-0.5,217.226318359375,1.2583255767822266,-273.2919006347656
1750932215.8019893,-1.0,0.5,"[174.0, 185.0, 200.0, 167.0, 160.0, 171.0, 152.0, 170.0, 185.0, 174.0]",17.315092086791992,-0.5,217.48294067382812,1.2491073608398438,-273.0595397949219
1750932215.815915,0.0,0.5,"[174.0, 185.0, 202.0, 169.0, 161.0, 172.0, 148.0, 167.0, 185.0, 174.0]",17.341899871826172,-0.5,217.73143005371094,1.2375717163085938,-272.8178405761719
1750932215.8509989,0.0,0.5,"[174.0, 185.0, 203.0, 169.0, 162.0, 173.0, 147.0, 165.0, 185.0, 174.0]",17.27861785888672,0.0,217.98443603515625,1.2277488708496094,-272.5826416015625
1750932215.8650324,0.0,0.5,"[174.0, 185.0, 204.0, 170.0, 163.0, 173.0, 146.0, 164.0, 185.0, 174.0]",17.208477020263672,0.0,218.2450408935547,1.220602035522461,-272.35797119140625
1750932215.8790548,0.0,0.5,"[174.0, 185.0, 204.0, 170.0, 163.0, 173.0, 146.0, 163.0, 185.0, 174.0]",17.415897369384766,0.0,218.51344299316406,1.2148303985595703,-272.13604736328125
1750932215.9140964,0.0,0.5,"[174.0, 185.0, 204.0, 170.0, 163.0, 173.0, 146.0, 162.0, 185.0, 174.0]",17.34402847290039,0.0,218.78150939941406,1.2093334197998047,-271.91595458984375
1750932215.9284081,0.0,0.5,"[174.0, 185.0, 204.0, 170.0, 163.0, 173.0, 146.0, 162.0, 185.0, 174.0]",17.53281593322754,0.0,219.05262756347656,1.2038230895996094,-271.6936340332031
1750932215.9421697,0.0,0.5,"[174.0, 185.0, 204.0, 170.0, 163.0, 173.0, 146.0, 162.0, 185.0, 174.0]",17.322101593017578,0.0,219.32058715820312,1.198465347290039,-271.4740905761719
1750932215.9557164,0.0,0.5,"[174.0, 185.0, 204.0, 170.0, 163.0, 173.0, 146.0, 162.0, 185.0, 174.0]",17.548912048339844,0.0,219.59193420410156,1.1930427551269531,-271.2515563964844
1750932215.990083,0.0,0.5,"[174.0, 185.0, 204.0, 170.0, 163.0, 173.0, 146.0, 161.0, 185.0, 174.0]",17.497941970825195,0.0,219.86256408691406,1.1877613067626953,-271.02972412109375
1750932216.0032423,0.0,0.5,"[174.0, 185.0, 204.0, 170.0, 163.0, 173.0, 146.0, 161.0, 185.0, 174.0]",17.494314193725586,0.0,220.1331329345703,1.1825942993164062,-270.8079528808594
1750932216.0181873,0.0,0.5,"[174.0, 185.0, 204.0, 170.0, 163.0, 173.0, 146.0, 161.0, 185.0, 174.0]",17.598690032958984,0.0,220.40530395507812,1.1775093078613281,-270.5848388671875
1750932216.0556607,0.0,0.5,"[174.0, 185.0, 204.0, 170.0, 162.0, 173.0, 146.0, 160.0, 185.0, 174.0]",17.772724151611328,0.0,220.68019104003906,1.1724815368652344,-270.3595275878906
1750932216.0694318,0.0,0.5,"[174.0, 185.0, 204.0, 170.0, 162.0, 173.0, 146.0, 159.0, 185.0, 174.0]",17.663169860839844,0.0,220.953369140625,1.1675586700439453,-270.1355895996094
1750932216.0837631,0.0,0.5,"[174.0, 185.0, 204.0, 170.0, 162.0, 173.0, 146.0, 159.0, 185.0, 174.0]",17.637548446655273,0.0,221.22613525390625,1.1627063751220703,-269.9119873046875
1750932216.097795,0.0,0.5,"[174.0, 185.0, 204.0, 170.0, 162.0, 173.0, 146.0, 159.0, 185.0, 174.0]",17.761383056640625,0.0,221.50082397460938,1.1579017639160156,-269.6867980957031
1750932216.1325293,0.0,0.5,"[174.0, 185.0, 204.0, 170.0, 162.0, 173.0, 146.0, 159.0, 185.0, 174.0]",17.963634490966797,0.0,221.77859497070312,1.153146743774414,-269.458984375
1750932216.146897,0.0,0.5,"[174.0, 185.0, 204.0, 170.0, 162.0, 173.0, 146.0, 159.0, 185.0, 174.0]",17.707712173461914,0.0,222.05239868164062,1.1485557556152344,-269.2344055175781
1750932216.1605248,0.0,0.5,"[174.0, 185.0, 204.0, 170.0, 162.0, 173.0, 146.0, 159.0, 185.0, 174.0]",18.01566505432129,0.0,222.33096313476562,1.1439647674560547,-269.00592041015625
1750932216.185072,0.0,0.5,"[174.0, 185.0, 204.0, 170.0, 162.0, 173.0, 146.0, 159.0, 185.0, 174.0]",17.895511627197266,0.0,222.6077117919922,1.1395301818847656,-268.7790222167969
1750932216.198439,0.0,0.5,"[174.0, 185.0, 204.0, 170.0, 162.0, 173.0, 146.0, 159.0, 185.0, 174.0]",18.112709045410156,0.0,222.88771057128906,1.1351470947265625,-268.5492248535156
1750932216.2336953,0.0,0.5,"[174.0, 185.0, 204.0, 170.0, 162.0, 173.0, 146.0, 159.0, 185.0, 174.0]",17.863300323486328,0.0,223.1639404296875,1.1310043334960938,-268.32269287109375
1750932216.247867,0.0,0.5,"[174.0, 185.0, 204.0, 170.0, 162.0, 173.0, 146.0, 159.0, 185.0, 174.0]",18.048826217651367,0.0,223.44288635253906,1.1269359588623047,-268.0935974121094
1750932216.2617345,0.0,0.5,"[174.0, 185.0, 204.0, 170.0, 162.0, 173.0, 146.0, 159.0, 185.0, 174.0]",18.134811401367188,0.0,223.72325134277344,1.123006820678711,-267.863525390625
1750932216.2760134,0.0,0.5,"[174.0, 185.0, 204.0, 170.0, 162.0, 173.0, 146.0, 159.0, 185.0, 174.0]",18.169143676757812,0.0,224.00405883789062,1.119211196899414,-267.6329040527344
1750932216.3103392,0.0,0.5,"[174.0, 185.0, 205.0, 170.0, 162.0, 173.0, 145.0, 159.0, 185.0, 174.0]",18.067811965942383,0.0,224.283447265625,1.1156959533691406,-267.4037780761719
1750932216.3239675,0.0,0.5,"[174.0, 185.0, 204.0, 170.0, 162.0, 173.0, 145.0, 159.0, 185.0, 174.0]",18.223087310791016,0.0,224.56500244140625,1.1122627258300781,-267.17236328125
1750932216.3379707,0.0,0.5,"[174.0, 185.0, 204.0, 170.0, 162.0, 173.0, 145.0, 159.0, 185.0, 174.0]",18.33717918395996,0.0,224.84837341308594,1.1089839935302734,-266.9395751953125
1750932216.3723414,0.0,0.5,"[174.0, 185.0, 204.0, 170.0, 162.0, 173.0, 145.0, 159.0, 185.0, 174.0]",18.26815414428711,0.0,225.1305389404297,1.1057929992675781,-266.7074890136719
1750932216.386033,0.0,0.5,"[174.0, 185.0, 204.0, 170.0, 162.0, 173.0, 145.0, 159.0, 185.0, 174.0]",18.34754753112793,0.0,225.41419982910156,1.102792739868164,-266.4747314453125
1750932216.4000785,0.0,0.5,"[174.0, 185.0, 204.0, 169.0, 162.0, 172.0, 146.0, 159.0, 185.0, 174.0]",18.32501220703125,0.0,225.69729614257812,1.0998497009277344,-266.2419738769531
1750932216.4240956,0.0,0.5,"[174.0, 185.0, 204.0, 169.0, 162.0, 172.0, 146.0, 159.0, 185.0, 174.0]",18.281526565551758,0.0,225.97998046875,1.0971965789794922,-266.0101013183594
1750932216.4380512,0.0,0.5,"[174.0, 185.0, 204.0, 169.0, 162.0, 172.0, 146.0, 159.0, 185.0, 174.0]",18.418838500976562,0.0,226.2644805908203,1.0945796966552734,-265.7760925292969
1750932216.4729435,0.0,0.5,"[174.0, 185.0, 204.0, 169.0, 161.0, 172.0, 146.0, 158.0, 185.0, 174.0]",18.522140502929688,0.0,226.55056762695312,1.0922012329101562,-265.540771484375
1750932216.487257,0.0,0.5,"[174.0, 185.0, 204.0, 169.0, 161.0, 172.0, 147.0, 158.0, 185.0, 174.0]",18.475215911865234,0.0,226.8359375,1.0901126861572266,-265.3060607910156
1750932216.5011823,0.0,0.5,"[174.0, 185.0, 204.0, 169.0, 161.0, 172.0, 147.0, 158.0, 185.0, 174.0]",18.59766960144043,0.0,227.12310791015625,1.0882282257080078,-265.0696716308594
1750932216.5151484,0.0,0.5,"[174.0, 185.0, 204.0, 169.0, 161.0, 172.0, 148.0, 158.0, 185.0, 174.0]",18.491374969482422,0.0,227.40869140625,1.0865707397460938,-264.8346862792969
1750932216.5497282,0.0,0.5,"[174.0, 185.0, 204.0, 169.0, 161.0, 172.0, 148.0, 158.0, 185.0, 174.0]",18.60826301574707,0.0,227.6959686279297,1.085031509399414,-264.59808349609375
1750932216.563928,0.0,0.5,"[174.0, 185.0, 204.0, 169.0, 161.0, 172.0, 148.0, 158.0, 185.0, 174.0]",18.612354278564453,0.0,227.98338317871094,1.0836219787597656,-264.36151123046875
1750932216.577256,0.0,0.5,"[174.0, 185.0, 204.0, 169.0, 161.0, 172.0, 148.0, 158.0, 185.0, 174.0]",18.77811050415039,0.0,228.27334594726562,1.0823192596435547,-264.1228332519531
1750932216.6118228,0.0,0.5,"[174.0, 185.0, 204.0, 169.0, 161.0, 172.0, 149.0, 158.0, 185.0, 174.0]",18.634998321533203,0.0,228.5609893798828,1.081136703491211,-263.8858337402344
1750932216.6256623,0.0,0.5,"[174.0, 185.0, 204.0, 169.0, 161.0, 172.0, 149.0, 158.0, 185.0, 174.0]",18.789884567260742,0.0,228.85107421875,1.080209732055664,-263.6469421386719
1750932216.6392438,0.0,0.5,"[174.0, 185.0, 204.0, 169.0, 161.0, 172.0, 149.0, 158.0, 185.0, 174.0]",18.76535415649414,0.0,229.14060974121094,1.0795516967773438,-263.40814208984375
1750932216.673936,0.0,0.5,"[174.0, 185.0, 204.0, 169.0, 161.0, 172.0, 150.0, 158.0, 185.0, 174.0]",18.852127075195312,0.0,229.4315948486328,1.079254150390625,-263.1683654785156
1750932216.6877031,0.0,0.5,"[174.0, 185.0, 204.0, 169.0, 161.0, 171.0, 150.0, 158.0, 185.0, 174.0]",18.823625564575195,0.0,229.7220001220703,1.0791683197021484,-262.9288024902344
1750932216.701617,0.0,0.5,"[174.0, 185.0, 204.0, 169.0, 160.0, 171.0, 151.0, 159.0, 185.0, 174.0]",18.977060317993164,0.0,230.0147247314453,1.0792999267578125,-262.6872253417969
1750932216.715716,0.0,0.5,"[174.0, 185.0, 203.0, 168.0, 160.0, 171.0, 151.0, 159.0, 185.0, 174.0]",18.81570816040039,0.0,230.30479431152344,1.079538345336914,-262.4474792480469
1750932216.7511759,0.0,0.5,"[174.0, 185.0, 203.0, 168.0, 160.0, 171.0, 151.0, 159.0, 185.0, 174.0]",18.99234962463379,0.0,230.5978240966797,1.0800056457519531,-262.2057800292969
1750932216.764762,0.0,0.5,"[174.0, 185.0, 203.0, 168.0, 160.0, 171.0, 152.0, 160.0, 185.0, 174.0]",18.959503173828125,0.0,230.8902587890625,1.0805339813232422,-261.9643859863281
1750932216.7783113,0.0,0.5,"[174.0, 185.0, 203.0, 168.0, 160.0, 171.0, 152.0, 161.0, 185.0, 174.0]",19.147293090820312,0.0,231.18548583984375,1.0812244415283203,-261.7204895019531
1750932216.812224,0.0,0.5,"[174.0, 185.0, 203.0, 168.0, 160.0, 171.0, 152.0, 162.0, 185.0, 174.0]",18.982982635498047,0.0,231.4780731201172,1.0821762084960938,-261.4785461425781
1750932216.8254058,0.0,0.5,"[174.0, 185.0, 203.0, 168.0, 160.0, 171.0, 152.0, 162.0, 185.0, 174.0]",19.17121124267578,0.0,231.7737579345703,1.083627700805664,-261.23443603515625
1750932216.8390915,0.0,0.5,"[174.0, 185.0, 203.0, 168.0, 160.0, 171.0, 152.0, 162.0, 185.0, 174.0]",19.045486450195312,0.0,232.06732177734375,1.0853347778320312,-260.9917297363281
1750932216.8734674,0.0,0.5,"[174.0, 185.0, 203.0, 168.0, 160.0, 171.0, 152.0, 163.0, 185.0, 174.0]",19.232433319091797,0.0,232.36370849609375,1.0873298645019531,-260.7465515136719
1750932216.8871162,0.0,0.5,"[174.0, 185.0, 203.0, 168.0, 159.0, 170.0, 153.0, 164.0, 185.0, 174.0]",19.231172561645508,0.0,232.6599884033203,1.0895156860351562,-260.50128173828125
1750932216.9010081,0.0,0.5,"[174.0, 185.0, 203.0, 168.0, 159.0, 170.0, 153.0, 164.0, 185.0, 174.0]",19.313358306884766,0.0,232.95762634277344,1.0919303894042969,-260.2550964355469
1750932216.9151833,0.0,0.5,"[174.0, 185.0, 203.0, 167.0, 159.0, 170.0, 153.0, 165.0, 185.0, 174.0]",19.145238876342773,0.0,233.2525177001953,1.0943965911865234,-260.0108642578125
1750932216.949601,0.0,0.5,"[174.0, 185.0, 202.0, 167.0, 159.0, 170.0, 153.0, 165.0, 185.0, 174.0]",19.37445831298828,0.0,233.55099487304688,1.0970993041992188,-259.7637634277344
1750932216.9630659,0.0,0.5,"[174.0, 185.0, 201.0, 167.0, 159.0, 170.0, 154.0, 166.0, 185.0, 174.0]",19.328317642211914,0.0,233.84861755371094,1.1000041961669922,-259.51708984375
1750932216.9771626,0.0,0.5,"[174.0, 185.0, 201.0, 167.0, 159.0, 170.0, 154.0, 166.0, 185.0, 174.0]",19.43520164489746,0.0,234.1479949951172,1.1034202575683594,-259.2691955566406
1750932217.011144,0.0,0.5,"[174.0, 185.0, 201.0, 167.0, 159.0, 170.0, 154.0, 167.0, 185.0, 174.0]",19.231353759765625,0.0,234.4440460205078,1.1070995330810547,-259.023681640625
1750932217.0252836,0.0,0.5,"[174.0, 185.0, 201.0, 167.0, 159.0, 170.0, 154.0, 167.0, 185.0, 174.0]",19.529659271240234,0.0,234.74473571777344,1.1111907958984375,-258.7744140625
1750932217.0392318,0.0,0.5,"[174.0, 185.0, 201.0, 167.0, 159.0, 169.0, 154.0, 167.0, 185.0, 174.0]",19.447269439697266,0.0,235.0440216064453,1.1154670715332031,-258.52606201171875
1750932217.0737672,0.0,0.5,"[174.0, 185.0, 201.0, 167.0, 159.0, 169.0, 155.0, 168.0, 185.0, 174.0]",19.521102905273438,0.0,235.3445587158203,1.1200199127197266,-258.2768859863281
1750932217.087437,0.0,0.5,"[174.0, 185.0, 201.0, 166.0, 158.0, 169.0, 156.0, 169.0, 185.0, 174.0]",19.506961822509766,0.0,235.64471435546875,1.124664306640625,-258.0277099609375
1750932217.1017413,0.0,0.5,"[174.0, 185.0, 201.0, 166.0, 158.0, 169.0, 156.0, 169.0, 185.0, 174.0]",19.64675521850586,0.0,235.94703674316406,1.1295528411865234,-257.7767639160156
1750932217.115682,0.0,0.5,"[174.0, 185.0, 200.0, 166.0, 158.0, 169.0, 158.0, 170.0, 185.0, 174.0]",19.51329231262207,0.0,236.2471923828125,1.1346282958984375,-257.52740478515625
1750932217.1499689,0.0,0.5,"[174.0, 185.0, 200.0, 166.0, 158.0, 169.0, 158.0, 170.0, 185.0, 174.0]",19.662322998046875,0.0,236.54966735839844,1.1402053833007812,-257.2761535644531
1750932217.1634285,0.0,0.5,"[174.0, 185.0, 200.0, 166.0, 158.0, 169.0, 159.0, 170.0, 185.0, 174.0]",19.547452926635742,0.0,236.8501434326172,1.1460494995117188,-257.0260925292969
1750932217.1776414,0.0,0.5,"[174.0, 185.0, 200.0, 166.0, 158.0, 169.0, 160.0, 170.0, 185.0, 174.0]",19.813188552856445,0.0,237.15487670898438,1.1523818969726562,-256.7728576660156
1750932217.2120764,0.0,0.5,"[174.0, 185.0, 200.0, 166.0, 158.0, 168.0, 160.0, 171.0, 185.0, 174.0]",19.615917205810547,0.0,237.4564666748047,1.1588916778564453,-256.52203369140625
1750932217.225135,0.0,0.5,"[174.0, 185.0, 200.0, 165.0, 157.0, 168.0, 161.0, 171.0, 185.0, 174.0]",19.809349060058594,0.0,237.76100158691406,1.1656684875488281,-256.2687072753906
1750932217.238675,0.0,0.5,"[174.0, 185.0, 198.0, 164.0, 157.0, 168.0, 162.0, 172.0, 185.0, 174.0]",19.82374382019043,0.0,238.065673828125,1.172607421875,-256.0151062011719
1750932217.2732775,0.0,0.5,"[174.0, 185.0, 198.0, 164.0, 157.0, 168.0, 162.0, 172.0, 185.0, 174.0]",19.855905532836914,0.0,238.3708038330078,1.1797866821289062,-255.76104736328125
1750932217.2879815,0.0,0.5,"[174.0, 185.0, 198.0, 164.0, 157.0, 168.0, 162.0, 172.0, 185.0, 174.0]",19.751808166503906,0.0,238.6741943359375,1.1871261596679688,-255.5081787109375
1750932217.3018355,0.0,0.5,"[174.0, 185.0, 198.0, 164.0, 157.0, 168.0, 163.0, 172.0, 185.0, 174.0]",19.901222229003906,0.0,238.97984313964844,1.1949577331542969,-255.25332641601562
1750932217.3160365,0.0,0.5,"[174.0, 185.0, 198.0, 164.0, 157.0, 168.0, 164.0, 172.0, 185.0, 174.0]",20.002092361450195,0.0,239.28701782226562,1.203226089477539,-254.9971923828125
1750932217.3506663,0.0,0.5,"[174.0, 185.0, 197.0, 164.0, 156.0, 168.0, 164.0, 173.0, 185.0, 174.0]",19.894746780395508,0.0,239.59246826171875,1.2117805480957031,-254.74234008789062
1750932217.3642135,0.0,0.5,"[174.0, 185.0, 197.0, 163.0, 156.0, 167.0, 164.0, 173.0, 185.0, 174.0]",19.8765926361084,0.0,239.89756774902344,1.2205524444580078,-254.4876708984375
1750932217.378257,0.0,0.5,"[174.0, 185.0, 197.0, 163.0, 156.0, 167.0, 166.0, 173.0, 185.0, 174.0]",19.98794937133789,0.0,240.20431518554688,1.2296123504638672,-254.23147583007812
1750932217.4124832,0.0,0.5,"[174.0, 185.0, 197.0, 163.0, 156.0, 167.0, 166.0, 175.0, 185.0, 174.0]",20.08717155456543,0.0,240.51263427734375,1.2389793395996094,-253.97409057617188
1750932217.4259021,0.0,0.5,"[174.0, 185.0, 197.0, 163.0, 156.0, 167.0, 166.0, 176.0, 185.0, 174.0]",20.056198120117188,0.0,240.8203887939453,1.2485923767089844,-253.71701049804688
1750932217.440128,0.0,0.5,"[174.0, 185.0, 196.0, 163.0, 156.0, 167.0, 166.0, 178.0, 185.0, 174.0]",20.057592391967773,0.0,241.12820434570312,1.2584667205810547,-253.4599609375
1750932217.4644752,0.0,0.5,"[174.0, 185.0, 195.0, 163.0, 155.0, 167.0, 167.0, 179.0, 185.0, 174.0]",20.146230697631836,0.0,241.43731689453125,1.2688026428222656,-253.20172119140625
1750932217.478303,0.0,0.5,"[174.0, 185.0, 195.0, 162.0, 155.0, 167.0, 167.0, 179.0, 185.0, 174.0]",20.11048126220703,0.0,241.74575805664062,1.2794456481933594,-252.94378662109375
1750932217.5126207,0.0,0.5,"[174.0, 185.0, 195.0, 162.0, 155.0, 166.0, 168.0, 181.0, 185.0, 174.0]",20.04970932006836,0.0,242.0531768798828,1.2903823852539062,-252.68658447265625
1750932217.526288,0.0,0.5,"[174.0, 185.0, 195.0, 162.0, 155.0, 166.0, 168.0, 181.0, 185.0, 174.0]",20.25467300415039,0.0,242.36367797851562,1.3016834259033203,-252.4266357421875
1750932217.540378,0.0,0.5,"[174.0, 185.0, 194.0, 162.0, 155.0, 166.0, 168.0, 183.0, 185.0, 174.0]",20.2381649017334,0.0,242.67384338378906,1.3132610321044922,-252.16683959960938
1750932217.5644164,0.0,0.5,"[174.0, 185.0, 193.0, 161.0, 154.0, 166.0, 168.0, 184.0, 185.0, 174.0]",20.28887939453125,0.0,242.9848175048828,1.3251819610595703,-251.90643310546875
1750932217.5784829,-1.0,0.5,"[174.0, 185.0, 193.0, 161.0, 154.0, 166.0, 169.0, 184.0, 185.0, 174.0]",20.316781997680664,0.0,243.2960968017578,1.3373680114746094,-251.64556884765625
1750932217.6135583,-1.0,0.5,"[174.0, 185.0, 193.0, 161.0, 154.0, 166.0, 168.0, 184.0, 185.0, 174.0]",19.971134185791016,-0.5,243.59266662597656,1.3461055755615234,-251.37814331054688
1750932217.6275713,-1.0,0.5,"[174.0, 185.0, 195.0, 162.0, 155.0, 167.0, 166.0, 183.0, 185.0, 174.0]",19.95212745666504,-0.5,243.87635803222656,1.3507938385009766,-251.0975341796875
1750932217.641654,0.0,0.5,"[174.0, 185.0, 197.0, 163.0, 156.0, 168.0, 163.0, 179.0, 185.0, 174.0]",19.525104522705078,-0.5,244.13626098632812,1.349853515625,-250.80609130859375
1750932217.6551695,0.0,0.5,"[174.0, 185.0, 197.0, 164.0, 157.0, 168.0, 162.0, 178.0, 185.0, 174.0]",19.655086517333984,0.0,244.40615844726562,1.3519554138183594,-250.52029418945312
1750932217.6899328,0.0,0.5,"[174.0, 185.0, 197.0, 164.0, 157.0, 168.0, 162.0, 178.0, 185.0, 174.0]",19.624263763427734,0.0,244.68418884277344,1.3572959899902344,-250.24334716796875
1750932217.7036195,0.0,0.5,"[174.0, 185.0, 197.0, 164.0, 157.0, 168.0, 162.0, 179.0, 185.0, 174.0]",19.606943130493164,0.0,244.96310424804688,1.3633613586425781,-249.9677734375
1750932217.7178762,0.0,0.5,"[174.0, 185.0, 197.0, 164.0, 157.0, 168.0, 162.0, 179.0, 185.0, 174.0]",19.61002540588379,0.0,245.2421875,1.3697280883789062,-249.6922607421875
1750932217.7520103,0.0,0.5,"[174.0, 185.0, 197.0, 163.0, 157.0, 168.0, 162.0, 179.0, 185.0, 174.0]",19.693923950195312,0.0,245.52247619628906,1.3763713836669922,-249.41558837890625
1750932217.7656388,0.0,0.5,"[174.0, 185.0, 197.0, 163.0, 156.0, 168.0, 162.0, 180.0, 185.0, 174.0]",19.72505760192871,0.0,245.8030548095703,1.383138656616211,-249.13836669921875
1750932217.7797084,0.0,0.5,"[174.0, 185.0, 197.0, 163.0, 156.0, 168.0, 162.0, 181.0, 185.0, 174.0]",19.877178192138672,0.0,246.085693359375,1.3902664184570312,-248.85888671875
1750932217.81455,0.0,0.5,"[174.0, 185.0, 196.0, 163.0, 156.0, 168.0, 162.0, 181.0, 185.0, 174.0]",19.728092193603516,0.0,246.36618041992188,1.3976383209228516,-248.58148193359375
1750932217.8287516,0.0,0.5,"[174.0, 185.0, 195.0, 163.0, 156.0, 168.0, 163.0, 181.0, 185.0, 174.0]",19.74396514892578,0.0,246.6468505859375,1.405313491821289,-248.3038330078125
1750932217.8428314,0.0,0.5,"[174.0, 185.0, 195.0, 163.0, 156.0, 167.0, 163.0, 183.0, 185.0, 174.0]",19.954986572265625,0.0,246.93051147460938,1.4133415222167969,-248.023193359375
1750932217.8563838,0.0,0.5,"[174.0, 185.0, 195.0, 163.0, 156.0, 167.0, 164.0, 183.0, 185.0, 174.0]",19.805721282958984,0.0,247.21197509765625,1.4216117858886719,-247.74459838867188
1750932217.890105,0.0,0.5,"[174.0, 185.0, 195.0, 162.0, 155.0, 167.0, 164.0, 183.0, 185.0, 174.0]",19.949411392211914,0.0,247.4954071044922,1.4301605224609375,-247.46392822265625
1750932217.903774,0.0,0.5,"[174.0, 185.0, 195.0, 162.0, 155.0, 167.0, 166.0, 184.0, 185.0, 174.0]",19.973365783691406,0.0,247.77903747558594,1.438882827758789,-247.1827392578125
1750932217.9179914,0.0,0.5,"[174.0, 185.0, 194.0, 162.0, 155.0, 167.0, 167.0, 184.0, 185.0, 174.0]",19.879674911499023,0.0,248.0614776611328,1.44775390625,-246.903076171875
1750932217.9531505,0.0,0.5,"[174.0, 185.0, 193.0, 162.0, 155.0, 167.0, 168.0, 184.0, 185.0, 174.0]",20.119953155517578,0.0,248.34725952148438,1.45703125,-246.61993408203125
1750932217.966643,0.0,0.5,"[174.0, 185.0, 193.0, 162.0, 155.0, 167.0, 168.0, 185.0, 185.0, 174.0]",19.929906845092773,0.0,248.63023376464844,1.4665145874023438,-246.33935546875
1750932217.9800267,0.0,0.5,"[174.0, 185.0, 193.0, 161.0, 155.0, 166.0, 169.0, 186.0, 185.0, 174.0]",20.212690353393555,0.0,248.91720581054688,1.476480484008789,-246.0548095703125
1750932218.0043058,0.0,0.5,"[174.0, 185.0, 193.0, 161.0, 154.0, 166.0, 170.0, 186.0, 185.0, 174.0]",19.970123291015625,0.0,249.2007598876953,1.4866695404052734,-245.773681640625
1750932218.0181112,0.0,0.5,"[174.0, 185.0, 193.0, 161.0, 154.0, 166.0, 170.0, 187.0, 185.0, 174.0]",20.222339630126953,0.0,249.48764038085938,1.4972209930419922,-245.48880004882812
1750932218.0527463,0.0,0.5,"[174.0, 185.0, 192.0, 161.0, 154.0, 166.0, 172.0, 187.0, 185.0, 174.0]",20.054311752319336,0.0,249.7720947265625,1.5079212188720703,-245.20623779296875
1750932218.0664945,0.0,0.5,"[174.0, 185.0, 192.0, 161.0, 154.0, 166.0, 173.0, 187.0, 185.0, 174.0]",20.24199867248535,0.0,250.05914306640625,1.5188922882080078,-244.92095947265625
1750932218.0804503,0.0,0.5,"[174.0, 185.0, 192.0, 161.0, 154.0, 166.0, 174.0, 187.0, 185.0, 174.0]",20.16948699951172,0.0,250.34518432617188,1.5299854278564453,-244.63674926757812
1750932218.104675,0.0,0.5,"[174.0, 185.0, 192.0, 160.0, 154.0, 165.0, 174.0, 188.0, 185.0, 174.0]",20.32309913635254,0.0,250.63333129882812,1.5414600372314453,-244.35031127929688
1750932218.118683,0.0,0.5,"[174.0, 185.0, 192.0, 160.0, 153.0, 165.0, 175.0, 188.0, 185.0, 174.0]",20.08795928955078,0.0,250.9182891845703,1.553243637084961,-244.06735229492188
1750932218.1529737,0.0,0.5,"[174.0, 185.0, 190.0, 160.0, 153.0, 165.0, 176.0, 189.0, 185.0, 174.0]",20.339370727539062,0.0,251.2065887451172,1.5654926300048828,-243.7806396484375
1750932218.166308,0.0,0.5,"[174.0, 185.0, 190.0, 160.0, 153.0, 165.0, 176.0, 189.0, 185.0, 174.0]",20.28704261779785,0.0,251.4940948486328,1.5780448913574219,-243.49462890625
1750932218.1799304,0.0,0.5,"[174.0, 185.0, 190.0, 159.0, 153.0, 165.0, 176.0, 189.0, 185.0, 174.0]",20.41098403930664,0.0,251.78326416015625,1.5909423828125,-243.20675659179688
1750932218.2038486,0.0,0.5,"[174.0, 185.0, 190.0, 159.0, 153.0, 164.0, 177.0, 189.0, 185.0, 174.0]",20.234167098999023,0.0,252.07005310058594,1.6040077209472656,-242.92153930664062
1750932218.2176406,0.0,0.5,"[174.0, 185.0, 189.0, 159.0, 153.0, 164.0, 178.0, 189.0, 185.0, 174.0]",20.451078414916992,0.0,252.35968017578125,1.6172943115234375,-242.63302612304688
1750932218.2523975,-1.0,0.5,"[174.0, 185.0, 189.0, 159.0, 152.0, 164.0, 207.0, 190.0, 185.0, 174.0]",20.389732360839844,0.0,252.64840698242188,1.6306705474853516,-242.3453369140625
1750932218.266713,-1.0,0.5,"[174.0, 185.0, 189.0, 159.0, 153.0, 164.0, 178.0, 189.0, 185.0, 174.0]",20.197891235351562,-0.5,252.922119140625,1.6399364471435547,-242.04840087890625
1750932218.2808282,-1.0,0.5,"[174.0, 185.0, 190.0, 160.0, 153.0, 166.0, 174.0, 187.0, 185.0, 174.0]",19.873004913330078,-0.5,253.17726135253906,1.6446723937988281,-241.74371337890625
1750932218.2948618,-1.0,0.5,"[174.0, 185.0, 192.0, 161.0, 155.0, 167.0, 170.0, 184.0, 185.0, 174.0]",19.729562759399414,-0.5,253.41311645507812,1.64410400390625,-241.4273681640625
1750932218.3292322,0.0,0.5,"[174.0, 185.0, 195.0, 163.0, 156.0, 169.0, 166.0, 181.0, 185.0, 174.0]",19.815887451171875,-0.5,253.63414001464844,1.6389293670654297,-241.09841918945312
1750932218.3429363,0.0,0.5,"[174.0, 185.0, 196.0, 163.0, 157.0, 170.0, 164.0, 179.0, 185.0, 174.0]",19.50882911682129,0.0,253.86111450195312,1.6370296478271484,-240.78106689453125
1750932218.3568528,0.0,0.5,"[174.0, 185.0, 197.0, 163.0, 157.0, 170.0, 164.0, 179.0, 185.0, 174.0]",19.690723419189453,0.0,254.0993194580078,1.63818359375,-240.46743774414062
1750932218.3913782,0.0,0.5,"[174.0, 185.0, 197.0, 163.0, 157.0, 170.0, 164.0, 179.0, 185.0, 174.0]",19.674991607666016,0.0,254.34005737304688,1.6403675079345703,-240.15618896484375
1750932218.4047751,0.0,0.5,"[174.0, 185.0, 197.0, 163.0, 157.0, 170.0, 164.0, 178.0, 185.0, 174.0]",19.79960823059082,0.0,254.5828857421875,1.6428337097167969,-239.8433837890625
1750932218.4179537,0.0,0.5,"[174.0, 185.0, 196.0, 163.0, 157.0, 170.0, 164.0, 178.0, 185.0, 174.0]",19.611736297607422,0.0,254.8232879638672,1.6455345153808594,-239.53347778320312
1750932218.4524152,0.0,0.5,"[174.0, 185.0, 195.0, 163.0, 157.0, 170.0, 166.0, 179.0, 185.0, 174.0]",19.85289764404297,0.0,255.06680297851562,1.6487464904785156,-239.21987915039062
1750932218.4665036,0.0,0.5,"[174.0, 185.0, 195.0, 163.0, 156.0, 170.0, 166.0, 179.0, 185.0, 174.0]",19.777620315551758,0.0,255.3092041015625,1.6522598266601562,-238.90731811523438
1750932218.4799445,0.0,0.5,"[174.0, 185.0, 195.0, 163.0, 156.0, 169.0, 166.0, 180.0, 185.0, 174.0]",19.952470779418945,0.0,255.55364990234375,1.6560630798339844,-238.5919189453125
1750932218.5045187,0.0,0.5,"[174.0, 185.0, 195.0, 163.0, 156.0, 169.0, 166.0, 181.0, 185.0, 174.0]",19.692272186279297,0.0,255.79461669921875,1.6599769592285156,-238.2803955078125
1750932218.518176,0.0,0.5,"[174.0, 185.0, 195.0, 163.0, 156.0, 169.0, 167.0, 181.0, 185.0, 174.0]",19.969758987426758,0.0,256.0390930175781,1.6641521453857422,-237.964599609375
1750932218.5526056,0.0,0.5,"[174.0, 185.0, 195.0, 163.0, 156.0, 169.0, 167.0, 183.0, 185.0, 174.0]",19.952035903930664,0.0,256.2832336425781,1.6684246063232422,-237.64898681640625
1750932218.5661817,0.0,0.5,"[174.0, 185.0, 195.0, 163.0, 156.0, 169.0, 168.0, 183.0, 185.0, 174.0]",20.000308990478516,0.0,256.5281066894531,1.6728248596191406,-237.33273315429688
1750932218.5796416,0.0,0.5,"[174.0, 185.0, 194.0, 162.0, 156.0, 169.0, 168.0, 184.0, 185.0, 174.0]",19.947078704833984,0.0,256.77215576171875,1.6774272918701172,-237.01715087890625
1750932218.6146815,0.0,0.5,"[174.0, 185.0, 194.0, 162.0, 156.0, 169.0, 168.0, 184.0, 185.0, 174.0]",20.160566329956055,0.0,257.0189208984375,1.6825637817382812,-236.69830322265625
1750932218.6285179,0.0,0.5,"[174.0, 185.0, 193.0, 162.0, 155.0, 168.0, 168.0, 184.0, 185.0, 174.0]",19.92445182800293,0.0,257.2625732421875,1.687948226928711,-236.38302612304688
1750932218.6424904,0.0,0.5,"[174.0, 185.0, 193.0, 162.0, 155.0, 168.0, 169.0, 185.0, 185.0, 174.0]",20.12190818786621,0.0,257.50872802734375,1.6937236785888672,-236.064697265625
1750932218.656533,0.0,0.5,"[174.0, 185.0, 193.0, 162.0, 155.0, 168.0, 169.0, 186.0, 185.0, 174.0]",20.058794021606445,0.0,257.75384521484375,1.6996631622314453,-235.7471923828125
1750932218.6914601,0.0,0.5,"[174.0, 185.0, 193.0, 162.0, 155.0, 168.0, 169.0, 187.0, 185.0, 174.0]",20.303699493408203,0.0,258.0020446777344,1.7058944702148438,-235.42584228515625
1750932218.7055612,0.0,0.5,"[174.0, 185.0, 193.0, 161.0, 155.0, 168.0, 170.0, 187.0, 185.0, 174.0]",20.03095245361328,0.0,258.24676513671875,1.7121524810791016,-235.10873413085938
1750932218.719624,0.0,0.5,"[174.0, 185.0, 193.0, 161.0, 155.0, 168.0, 170.0, 188.0, 185.0, 174.0]",20.24139404296875,0.0,258.494140625,1.7186031341552734,-234.788330078125
1750932218.7549984,0.0,0.5,"[174.0, 185.0, 192.0, 161.0, 154.0, 168.0, 172.0, 189.0, 185.0, 174.0]",20.231168746948242,0.0,258.7412109375,1.7252788543701172,-234.46798706054688
1750932218.7684155,0.0,0.5,"[174.0, 185.0, 192.0, 161.0, 154.0, 168.0, 172.0, 189.0, 185.0, 174.0]",20.332536697387695,0.0,258.9896240234375,1.7324867248535156,-234.1461181640625
1750932218.7819257,0.0,0.5,"[174.0, 185.0, 192.0, 161.0, 154.0, 167.0, 174.0, 190.0, 185.0, 174.0]",20.202289581298828,0.0,259.2361755371094,1.739959716796875,-233.82611083984375
1750932218.7956173,0.0,0.5,"[174.0, 185.0, 192.0, 161.0, 154.0, 167.0, 176.0, 190.0, 185.0, 174.0]",20.39423370361328,0.0,259.4852600097656,1.7478961944580078,-233.503173828125
1750932218.8303378,0.0,0.5,"[174.0, 185.0, 192.0, 161.0, 154.0, 167.0, 176.0, 192.0, 185.0, 174.0]",20.284944534301758,0.0,259.7328186035156,1.756011962890625,-233.181884765625
1750932218.8439763,0.0,0.5,"[174.0, 185.0, 192.0, 160.0, 154.0, 167.0, 178.0, 192.0, 185.0, 174.0]",20.45564842224121,0.0,259.98236083984375,1.764364242553711,-232.8577880859375
1750932218.8578813,0.0,0.5,"[174.0, 185.0, 190.0, 160.0, 153.0, 167.0, 178.0, 193.0, 185.0, 174.0]",20.319299697875977,0.0,260.22998046875,1.772745132446289,-232.53564453125
1750932218.892778,0.0,0.5,"[174.0, 185.0, 190.0, 160.0, 153.0, 167.0, 180.0, 193.0, 185.0, 174.0]",20.512603759765625,0.0,260.4801940917969,1.7814064025878906,-232.21066284179688
1750932218.9071035,0.0,0.5,"[174.0, 185.0, 190.0, 160.0, 153.0, 166.0, 181.0, 194.0, 185.0, 174.0]",20.475465774536133,0.0,260.7298583984375,1.7903461456298828,-231.88616943359375
1750932218.920972,0.0,0.5,"[174.0, 185.0, 190.0, 160.0, 153.0, 166.0, 181.0, 195.0, 185.0, 174.0]",20.614171981811523,0.0,260.9811706542969,1.7998161315917969,-231.55950927734375
1750932218.9342945,0.0,0.5,"[174.0, 185.0, 190.0, 159.0, 153.0, 166.0, 182.0, 195.0, 185.0, 174.0]",20.352840423583984,0.0,261.2290344238281,1.8094978332519531,-231.23675537109375
1750932218.969149,0.0,0.5,"[174.0, 185.0, 189.0, 159.0, 153.0, 166.0, 182.0, 197.0, 185.0, 174.0]",20.637067794799805,0.0,261.4804382324219,1.8196849822998047,-230.9095458984375
1750932218.983254,-1.0,0.5,"[174.0, 185.0, 189.0, 159.0, 152.0, 166.0, 183.0, 197.0, 185.0, 174.0]",20.56892967224121,0.0,261.73089599609375,1.8300800323486328,-230.5833740234375
1750932218.9973054,-1.0,0.5,"[174.0, 185.0, 189.0, 159.0, 153.0, 166.0, 182.0, 197.0, 185.0, 174.0]",20.49356460571289,-0.5,261.9684753417969,1.8367786407470703,-230.24945068359375
1750932219.0321057,-1.0,0.5,"[174.0, 185.0, 190.0, 160.0, 153.0, 167.0, 179.0, 195.0, 185.0, 174.0]",19.99970817565918,-0.5,262.18560791015625,1.8388843536376953,-229.91351318359375
1750932219.0455692,-1.0,0.5,"[174.0, 185.0, 192.0, 161.0, 154.0, 169.0, 175.0, 192.0, 185.0, 174.0]",20.05143928527832,-0.5,262.3852844238281,1.8356361389160156,-229.56576538085938
1750932219.059241,0.0,0.5,"[174.0, 185.0, 195.0, 163.0, 156.0, 171.0, 169.0, 189.0, 185.0, 174.0]",19.81995391845703,-0.5,262.5616149902344,1.8265666961669922,-229.21087646484375
1750932219.094368,0.0,0.5,"[174.0, 185.0, 196.0, 163.0, 156.0, 172.0, 166.0, 187.0, 185.0, 174.0]",19.911113739013672,0.0,262.7500305175781,1.8212471008300781,-228.86007690429688
1750932219.1090467,0.0,0.5,"[174.0, 185.0, 197.0, 163.0, 156.0, 172.0, 167.0, 187.0, 185.0, 174.0]",19.724815368652344,0.0,262.947998046875,1.8197402954101562,-228.51885986328125
1750932219.1237133,0.0,0.5,"[174.0, 185.0, 197.0, 163.0, 156.0, 172.0, 167.0, 187.0, 185.0, 174.0]",19.93560028076172,0.0,263.1505126953125,1.819326400756836,-228.1754150390625
1750932219.13764,0.0,0.5,"[174.0, 185.0, 197.0, 163.0, 156.0, 171.0, 168.0, 187.0, 185.0, 174.0]",19.807737350463867,0.0,263.35198974609375,1.819253921508789,-227.83428955078125
1750932219.172888,0.0,0.5,"[174.0, 185.0, 197.0, 163.0, 156.0, 171.0, 168.0, 187.0, 185.0, 174.0]",19.92100715637207,0.0,263.55462646484375,1.8194160461425781,-227.49127197265625
1750932219.1868584,0.0,0.5,"[174.0, 185.0, 196.0, 163.0, 156.0, 171.0, 169.0, 187.0, 185.0, 174.0]",19.952394485473633,0.0,263.75732421875,1.819662094116211,-227.14752197265625
1750932219.2007687,0.0,0.5,"[174.0, 185.0, 196.0, 163.0, 156.0, 171.0, 169.0, 187.0, 185.0, 174.0]",20.053936004638672,0.0,263.9610900878906,1.8200416564941406,-226.80206298828125
1750932219.2147038,0.0,0.5,"[174.0, 185.0, 195.0, 163.0, 156.0, 171.0, 170.0, 188.0, 185.0, 174.0]",19.952360153198242,0.0,264.16363525390625,1.8206195831298828,-226.458251953125
1750932219.249688,0.0,0.5,"[174.0, 185.0, 195.0, 163.0, 156.0, 171.0, 170.0, 188.0, 185.0, 174.0]",20.11378288269043,0.0,264.3680114746094,1.8217926025390625,-226.11175537109375
1750932219.2637646,0.0,0.5,"[174.0, 185.0, 195.0, 163.0, 156.0, 171.0, 171.0, 188.0, 185.0, 174.0]",19.938568115234375,0.0,264.5702819824219,1.8232707977294922,-225.76806640625
1750932219.277881,0.0,0.5,"[174.0, 185.0, 195.0, 162.0, 155.0, 171.0, 171.0, 189.0, 185.0, 174.0]",20.252010345458984,0.0,264.7756652832031,1.8251266479492188,-225.41900634765625
1750932219.3129897,0.0,0.5,"[174.0, 185.0, 195.0, 162.0, 155.0, 170.0, 172.0, 189.0, 185.0, 174.0]",20.047847747802734,0.0,264.9787902832031,1.8272037506103516,-225.07330322265625
1750932219.3268533,0.0,0.5,"[174.0, 185.0, 195.0, 162.0, 155.0, 170.0, 173.0, 189.0, 185.0, 174.0]",20.353273391723633,0.0,265.1851501464844,1.829580307006836,-224.72244262695312
1750932219.3409092,0.0,0.5,"[174.0, 185.0, 195.0, 162.0, 155.0, 170.0, 173.0, 189.0, 185.0, 174.0]",19.977643966674805,0.0,265.3875732421875,1.832052230834961,-224.37799072265625
1750932219.3550475,0.0,0.5,"[174.0, 185.0, 194.0, 162.0, 155.0, 170.0, 174.0, 189.0, 185.0, 174.0]",20.392175674438477,0.0,265.5942077636719,1.8346786499023438,-224.0263671875
1750932219.3908842,0.0,0.5,"[174.0, 185.0, 194.0, 161.0, 155.0, 170.0, 174.0, 189.0, 185.0, 174.0]",20.080656051635742,0.0,265.7976379394531,1.8374919891357422,-223.68011474609375
1750932219.406523,0.0,0.5,"[174.0, 185.0, 193.0, 161.0, 154.0, 169.0, 174.0, 189.0, 185.0, 174.0]",20.468631744384766,0.0,266.0048522949219,1.8408775329589844,-223.32705688476562
1750932219.4224982,0.0,0.5,"[174.0, 185.0, 193.0, 161.0, 154.0, 169.0, 174.0, 189.0, 185.0, 174.0]",20.094213485717773,0.0,266.2081298828125,1.844614028930664,-222.98040771484375
1750932219.4384713,0.0,0.5,"[174.0, 185.0, 193.0, 161.0, 154.0, 169.0, 175.0, 189.0, 185.0, 174.0]",20.527053833007812,0.0,266.4158020019531,1.848846435546875,-222.62628173828125
1750932219.4790483,0.0,0.5,"[174.0, 185.0, 193.0, 161.0, 154.0, 169.0, 175.0, 190.0, 185.0, 174.0]",20.197708129882812,0.0,266.6201171875,1.8533134460449219,-222.27783203125
1750932219.4933133,0.0,0.5,"[174.0, 185.0, 192.0, 161.0, 154.0, 169.0, 175.0, 190.0, 185.0, 174.0]",20.56992530822754,0.0,266.8280029296875,1.858053207397461,-221.9228515625
1750932219.5072181,0.0,0.5,"[174.0, 185.0, 192.0, 160.0, 154.0, 168.0, 176.0, 192.0, 185.0, 174.0]",20.30976104736328,0.0,267.0330810546875,1.862874984741211,-221.572265625
1750932219.5211654,0.0,0.5,"[174.0, 185.0, 192.0, 160.0, 153.0, 168.0, 176.0, 193.0, 185.0, 174.0]",20.6058349609375,0.0,267.2414245605469,1.8679676055908203,-221.21670532226562
1750932219.5350735,0.0,0.5,"[174.0, 185.0, 192.0, 160.0, 153.0, 168.0, 176.0, 194.0, 185.0, 174.0]",20.41383934020996,0.0,267.44781494140625,1.8732929229736328,-220.86447143554688
1750932219.5700316,0.0,0.5,"[174.0, 185.0, 190.0, 160.0, 153.0, 168.0, 176.0, 195.0, 185.0, 174.0]",20.72856903076172,0.0,267.6571350097656,1.8792152404785156,-220.50665283203125
1750932219.584522,0.0,0.5,"[174.0, 185.0, 190.0, 159.0, 153.0, 168.0, 176.0, 197.0, 185.0, 174.0]",20.349538803100586,0.0,267.86248779296875,1.8854637145996094,-220.15533447265625
1750932219.598464,0.0,0.5,"[174.0, 185.0, 190.0, 159.0, 153.0, 168.0, 177.0, 197.0, 185.0, 174.0]",20.78700065612793,0.0,268.0722351074219,1.8922538757324219,-219.79644775390625
1750932219.6334264,0.0,0.5,"[174.0, 185.0, 190.0, 159.0, 153.0, 167.0, 177.0, 198.0, 185.0, 174.0]",20.427127838134766,0.0,268.27825927734375,1.8992385864257812,-219.4437255859375
1750932219.6474888,-1.0,0.5,"[174.0, 185.0, 189.0, 159.0, 152.0, 167.0, 177.0, 198.0, 185.0, 174.0]",20.825284957885742,0.0,268.4882507324219,1.9066047668457031,-219.08413696289062
1750932219.661486,-1.0,0.5,"[174.0, 185.0, 189.0, 159.0, 153.0, 168.0, 176.0, 198.0, 185.0, 174.0]",20.371488571166992,-0.5,268.6822814941406,1.9105968475341797,-218.72589111328125
1750932219.675536,-1.0,0.5,"[174.0, 185.0, 190.0, 159.0, 153.0, 168.0, 175.0, 197.0, 185.0, 174.0]",20.400798797607422,-0.5,268.86151123046875,1.9103107452392578,-218.35934448242188
1750932219.7108045,-1.0,0.5,"[174.0, 185.0, 192.0, 161.0, 155.0, 170.0, 173.0, 194.0, 185.0, 174.0]",19.935941696166992,-0.5,269.0136413574219,1.903787612915039,-217.9908447265625
1750932219.7246215,-1.0,0.5,"[174.0, 185.0, 193.0, 162.0, 157.0, 172.0, 169.0, 190.0, 185.0, 174.0]",20.04606056213379,-0.5,269.144287109375,1.8916168212890625,-217.61199951171875
1750932219.738785,0.0,0.5,"[174.0, 185.0, 197.0, 164.0, 159.0, 173.0, 167.0, 187.0, 185.0, 174.0]",19.69596290588379,-0.5,269.2565002441406,1.8757743835449219,-217.2347412109375
1750932219.773701,0.0,0.5,"[174.0, 185.0, 198.0, 165.0, 160.0, 174.0, 164.0, 185.0, 185.0, 174.0]",19.960893630981445,0.0,269.3791809082031,1.8625354766845703,-216.85504150390625
1750932219.7877479,0.0,0.5,"[174.0, 185.0, 198.0, 166.0, 160.0, 174.0, 164.0, 184.0, 185.0, 174.0]",19.816938400268555,0.0,269.51513671875,1.8535881042480469,-216.48284912109375
1750932219.8019276,0.0,0.5,"[174.0, 185.0, 198.0, 166.0, 160.0, 174.0, 164.0, 184.0, 185.0, 174.0]",19.979135513305664,0.0,269.65618896484375,1.8459033966064453,-216.10906982421875
1750932219.8159623,0.0,0.5,"[174.0, 185.0, 198.0, 166.0, 160.0, 174.0, 164.0, 185.0, 185.0, 174.0]",19.89018440246582,0.0,269.7971496582031,1.8386039733886719,-215.7371826171875
1750932219.8510983,0.0,0.5,"[174.0, 185.0, 198.0, 166.0, 160.0, 174.0, 164.0, 186.0, 185.0, 174.0]",20.017492294311523,0.0,269.93896484375,1.831350326538086,-215.36285400390625
1750932219.865267,0.0,0.5,"[174.0, 185.0, 198.0, 166.0, 160.0, 174.0, 164.0, 186.0, 185.0, 174.0]",19.938621520996094,0.0,270.0802307128906,1.8244056701660156,-214.989990234375
1750932219.8792262,0.0,0.5,"[174.0, 185.0, 198.0, 166.0, 160.0, 174.0, 164.0, 186.0, 185.0, 174.0]",20.177234649658203,0.0,270.22314453125,1.8178977966308594,-214.6126708984375
1750932219.914335,0.0,0.5,"[174.0, 185.0, 198.0, 166.0, 160.0, 174.0, 164.0, 187.0, 185.0, 174.0]",20.02545166015625,0.0,270.364990234375,1.811910629272461,-214.2381591796875
1750932219.9282298,0.0,0.5,"[174.0, 185.0, 198.0, 165.0, 159.0, 174.0, 164.0, 187.0, 185.0, 174.0]",20.196229934692383,0.0,270.50762939453125,1.8061370849609375,-213.86032104492188
1750932219.9423223,0.0,0.5,"[174.0, 185.0, 197.0, 165.0, 159.0, 174.0, 164.0, 187.0, 185.0, 174.0]",19.992097854614258,0.0,270.6488952636719,1.800771713256836,-213.48629760742188
1750932219.9563825,0.0,0.5,"[174.0, 185.0, 197.0, 164.0, 159.0, 173.0, 164.0, 187.0, 185.0, 174.0]",20.2860164642334,0.0,270.7921142578125,1.795511245727539,-213.10671997070312
1750932219.9918554,0.0,0.5,"[174.0, 185.0, 197.0, 164.0, 159.0, 173.0, 164.0, 187.0, 185.0, 174.0]",20.227005004882812,0.0,270.9349060058594,1.7904434204101562,-212.728271484375
1750932220.0063314,0.0,0.5,"[174.0, 185.0, 197.0, 164.0, 159.0, 173.0, 164.0, 189.0, 185.0, 174.0]",20.289365768432617,0.0,271.07794189453125,1.7854251861572266,-212.34854125976562
1750932220.0203924,0.0,0.5,"[174.0, 185.0, 197.0, 164.0, 159.0, 173.0, 164.0, 189.0, 185.0, 174.0]",20.38045310974121,0.0,271.2216491699219,1.7806377410888672,-211.96713256835938
1750932220.0453517,0.0,0.5,"[174.0, 185.0, 197.0, 164.0, 159.0, 173.0, 166.0, 189.0, 185.0, 174.0]",20.355783462524414,0.0,271.3650207519531,1.7763385772705078,-211.58612060546875
1750932220.059552,0.0,0.5,"[174.0, 185.0, 197.0, 164.0, 159.0, 173.0, 166.0, 189.0, 185.0, 174.0]",20.318979263305664,0.0,271.5083312988281,1.772573471069336,-211.20587158203125
1750932220.0947127,0.0,0.5,"[174.0, 185.0, 197.0, 164.0, 159.0, 173.0, 166.0, 189.0, 185.0, 174.0]",20.507980346679688,0.0,271.65264892578125,1.7690925598144531,-210.82196044921875
1750932220.1091113,0.0,0.5,"[174.0, 185.0, 196.0, 164.0, 159.0, 173.0, 166.0, 190.0, 185.0, 174.0]",20.419204711914062,0.0,271.7963562011719,1.765960693359375,-210.439697265625
1750932220.1236353,0.0,0.5,"[174.0, 185.0, 195.0, 164.0, 159.0, 172.0, 166.0, 190.0, 185.0, 174.0]",20.52507781982422,0.0,271.9405517578125,1.762979507446289,-210.05535888671875
1750932220.1377256,0.0,0.5,"[174.0, 185.0, 195.0, 164.0, 158.0, 172.0, 166.0, 190.0, 185.0, 174.0]",20.460403442382812,0.0,272.08441162109375,1.7602386474609375,-209.67227172851562
1750932220.1730597,0.0,0.5,"[174.0, 185.0, 195.0, 164.0, 158.0, 172.0, 166.0, 190.0, 185.0, 174.0]",20.65129852294922,0.0,272.2294006347656,1.757528305053711,-209.2855224609375
1750932220.1875832,0.0,0.5,"[174.0, 185.0, 195.0, 164.0, 158.0, 172.0, 166.0, 190.0, 185.0, 174.0]",20.423734664916992,0.0,272.3728942871094,1.7551517486572266,-208.90310668945312
1750932220.2018495,0.0,0.5,"[174.0, 185.0, 195.0, 163.0, 158.0, 172.0, 166.0, 192.0, 185.0, 174.0]",20.668678283691406,0.0,272.5179138183594,1.7532672882080078,-208.5159912109375
1750932220.215778,0.0,0.5,"[174.0, 185.0, 195.0, 163.0, 158.0, 172.0, 166.0, 192.0, 185.0, 174.0]",20.534786224365234,0.0,272.662109375,1.7519207000732422,-208.1314697265625
1750932220.2510397,0.0,0.5,"[174.0, 185.0, 194.0, 163.0, 158.0, 172.0, 166.0, 192.0, 185.0, 174.0]",20.759815216064453,0.0,272.80755615234375,1.7508602142333984,-207.74258422851562
1750932220.2648528,0.0,0.5,"[174.0, 185.0, 194.0, 163.0, 158.0, 171.0, 166.0, 192.0, 185.0, 174.0]",20.606487274169922,0.0,272.951904296875,1.7501564025878906,-207.3565673828125
1750932220.2789445,-1.0,0.5,"[174.0, 185.0, 193.0, 163.0, 157.0, 171.0, 166.0, 192.0, 185.0, 174.0]",20.79126739501953,0.0,273.097412109375,1.7496490478515625,-206.96701049804688
1750932220.3142092,-1.0,0.5,"[174.0, 185.0, 195.0, 163.0, 158.0, 172.0, 164.0, 192.0, 185.0, 174.0]",20.434999465942383,-0.5,273.2268371582031,1.7456035614013672,-206.579345703125
1750932220.3279638,-1.0,0.5,"[174.0, 185.0, 197.0, 164.0, 159.0, 172.0, 163.0, 189.0, 185.0, 174.0]",20.48126220703125,-0.5,273.3379821777344,1.7366371154785156,-206.18521118164062
1750932220.341998,-1.0,0.5,"[174.0, 185.0, 198.0, 167.0, 160.0, 174.0, 161.0, 187.0, 185.0, 174.0]",19.909265518188477,-0.5,273.42193603515625,1.721832275390625,-205.7962646484375
1750932220.3560834,-1.0,0.5,"[174.0, 185.0, 201.0, 168.0, 162.0, 176.0, 159.0, 184.0, 185.0, 174.0]",20.107147216796875,-0.5,273.4859619140625,1.7020339965820312,-205.39974975585938
1750932220.392593,0.0,0.5,"[174.0, 185.0, 204.0, 170.0, 164.0, 178.0, 156.0, 180.0, 185.0, 174.0]",19.868370056152344,-0.5,273.53155517578125,1.6784191131591797,-205.00570678710938
1750932220.407375,0.0,0.5,"[174.0, 185.0, 206.0, 171.0, 165.0, 179.0, 154.0, 178.0, 185.0, 174.0]",20.10814666748047,0.0,273.5867919921875,1.6572532653808594,-204.60791015625
1750932220.421771,0.0,0.5,"[174.0, 185.0, 206.0, 173.0, 165.0, 179.0, 153.0, 176.0, 185.0, 174.0]",19.850919723510742,0.0,273.6536865234375,1.639883041381836,-204.21697998046875
1750932220.4366095,0.0,0.5,"[174.0, 185.0, 207.0, 173.0, 165.0, 179.0, 153.0, 176.0, 185.0, 174.0]",20.118064880371094,0.0,273.72674560546875,1.623880386352539,-203.82162475585938
1750932220.474157,0.0,0.5,"[174.0, 185.0, 207.0, 173.0, 165.0, 179.0, 153.0, 176.0, 185.0, 174.0]",19.99198341369629,0.0,273.80029296875,1.6084156036376953,-203.42889404296875
1750932220.4890273,0.0,0.5,"[174.0, 185.0, 207.0, 173.0, 165.0, 179.0, 152.0, 175.0, 185.0, 174.0]",20.13043975830078,0.0,273.8741149902344,1.5928974151611328,-203.033447265625
1750932220.5039408,0.0,0.5,"[174.0, 185.0, 207.0, 173.0, 165.0, 179.0, 152.0, 175.0, 185.0, 174.0]",20.04722023010254,0.0,273.94769287109375,1.5777721405029297,-202.63958740234375
1750932220.5185258,0.0,0.5,"[174.0, 185.0, 207.0, 173.0, 165.0, 179.0, 152.0, 175.0, 185.0, 174.0]",20.32431983947754,0.0,274.0220947265625,1.5628890991210938,-202.240234375
1750932220.5555654,0.0,0.5,"[174.0, 185.0, 207.0, 173.0, 165.0, 179.0, 152.0, 173.0, 185.0, 174.0]",20.07195472717285,0.0,274.09552001953125,1.54864501953125,-201.8458251953125
1750932220.5703788,0.0,0.5,"[174.0, 185.0, 207.0, 173.0, 165.0, 179.0, 152.0, 173.0, 185.0, 174.0]",20.28128433227539,0.0,274.1694030761719,1.5345344543457031,-201.447265625
1750932220.585456,0.0,0.5,"[174.0, 185.0, 207.0, 173.0, 165.0, 178.0, 151.0, 173.0, 185.0, 174.0]",20.224145889282227,0.0,274.2431640625,1.5208053588867188,-201.0498046875
1750932220.6000829,0.0,0.5,"[174.0, 185.0, 207.0, 173.0, 165.0, 178.0, 151.0, 173.0, 185.0, 174.0]",20.489402770996094,0.0,274.31781005859375,1.507101058959961,-200.6470947265625
1750932220.6257117,0.0,0.5,"[174.0, 185.0, 207.0, 173.0, 165.0, 178.0, 151.0, 172.0, 185.0, 174.0]",20.22010040283203,0.0,274.3915100097656,1.4937801361083984,-200.24969482421875
1750932220.6400392,0.0,0.5,"[174.0, 185.0, 207.0, 173.0, 165.0, 178.0, 150.0, 172.0, 185.0, 174.0]",20.434011459350586,0.0,274.4657897949219,1.4803543090820312,-199.84805297851562
1750932220.6655986,0.0,0.5,"[174.0, 185.0, 207.0, 173.0, 165.0, 178.0, 149.0, 172.0, 185.0, 174.0]",20.430126190185547,0.0,274.5401306152344,1.4672603607177734,-199.44647216796875
1750932220.6799338,0.0,0.5,"[174.0, 185.0, 207.0, 173.0, 164.0, 178.0, 149.0, 171.0, 185.0, 174.0]",20.612102508544922,0.0,274.61492919921875,1.4545097351074219,-199.04129028320312
1750932220.7048297,0.0,0.5,"[174.0, 185.0, 207.0, 173.0, 164.0, 178.0, 149.0, 170.0, 185.0, 174.0]",20.354867935180664,0.0,274.6888427734375,1.4424076080322266,-198.64114379882812
1750932220.7189612,0.0,0.5,"[174.0, 185.0, 207.0, 171.0, 164.0, 178.0, 148.0, 170.0, 185.0, 174.0]",20.56541633605957,0.0,274.76324462890625,1.43048095703125,-198.23681640625
1750932220.7548475,0.0,0.5,"[174.0, 185.0, 207.0, 171.0, 164.0, 178.0, 148.0, 170.0, 185.0, 174.0]",20.60300636291504,0.0,274.837890625,1.4188804626464844,-197.83172607421875
1750932220.7693954,0.0,0.5,"[174.0, 185.0, 207.0, 171.0, 164.0, 177.0, 148.0, 169.0, 185.0, 174.0]",20.781944274902344,0.0,274.9129943847656,1.407379150390625,-197.423095703125
1750932220.7840662,0.0,0.5,"[174.0, 185.0, 209.0, 171.0, 164.0, 177.0, 148.0, 169.0, 185.0, 174.0]",20.530637741088867,0.0,274.9872131347656,1.396219253540039,-197.0194091796875
1750932220.7978632,0.0,0.5,"[174.0, 185.0, 209.0, 171.0, 164.0, 177.0, 147.0, 168.0, 185.0, 174.0]",20.7653865814209,0.0,275.06201171875,1.3849678039550781,-196.61102294921875
1750932220.8336737,0.0,0.5,"[174.0, 185.0, 209.0, 171.0, 164.0, 177.0, 147.0, 167.0, 185.0, 174.0]",20.724592208862305,0.0,275.13665771484375,1.3741073608398438,-196.20346069335938
1750932220.8481119,0.0,0.5,"[174.0, 185.0, 207.0, 171.0, 164.0, 177.0, 147.0, 167.0, 185.0, 174.0]",20.83493423461914,0.0,275.2117004394531,1.3637313842773438,-195.793701171875
1750932220.8622818,0.0,0.5,"[174.0, 185.0, 209.0, 171.0, 164.0, 177.0, 146.0, 166.0, 185.0, 174.0]",20.696035385131836,0.0,275.286376953125,1.3539543151855469,-195.38668823242188
1750932220.8771787,0.0,0.5,"[174.0, 185.0, 207.0, 171.0, 164.0, 177.0, 146.0, 165.0, 185.0, 174.0]",20.978151321411133,0.0,275.3616943359375,1.3443374633789062,-194.97406005859375
1750932220.9130766,0.0,0.5,"[174.0, 185.0, 207.0, 171.0, 163.0, 177.0, 146.0, 165.0, 185.0, 174.0]",20.810285568237305,0.0,275.4362487792969,1.3350830078125,-194.564697265625
1750932220.9276912,0.0,0.5,"[174.0, 185.0, 207.0, 171.0, 163.0, 176.0, 145.0, 164.0, 185.0, 174.0]",21.011383056640625,0.0,275.511474609375,1.3259658813476562,-194.15133666992188
1750932220.9425628,0.0,0.5,"[174.0, 185.0, 207.0, 171.0, 163.0, 176.0, 145.0, 164.0, 185.0, 174.0]",20.937341690063477,0.0,275.5865478515625,1.317098617553711,-193.73947143554688
1750932220.9569352,0.0,0.5,"[174.0, 185.0, 207.0, 171.0, 163.0, 176.0, 144.0, 163.0, 185.0, 174.0]",21.060245513916016,0.0,275.6617736816406,1.3082389831542969,-193.32513427734375
1750932220.993497,0.0,0.5,"[174.0, 185.0, 207.0, 171.0, 163.0, 176.0, 144.0, 162.0, 185.0, 174.0]",20.959609985351562,0.0,275.7367858886719,1.2999649047851562,-192.91278076171875
1750932221.00709,0.0,0.5,"[174.0, 185.0, 207.0, 171.0, 163.0, 176.0, 144.0, 162.0, 185.0, 174.0]",21.217084884643555,0.0,275.81243896484375,1.2920780181884766,-192.49533081054688
1750932221.0214229,0.0,0.5,"[174.0, 185.0, 207.0, 171.0, 163.0, 176.0, 144.0, 161.0, 185.0, 174.0]",20.99970054626465,0.0,275.88726806640625,1.2847347259521484,-192.08212280273438
1750932221.0358338,0.0,0.5,"[174.0, 185.0, 207.0, 171.0, 163.0, 175.0, 146.0, 160.0, 185.0, 174.0]",21.208702087402344,0.0,275.9626159667969,1.2776222229003906,-191.66473388671875
1750932221.073235,0.0,0.5,"[174.0, 185.0, 207.0, 171.0, 163.0, 175.0, 147.0, 159.0, 185.0, 174.0]",21.084638595581055,0.0,276.03765869140625,1.2709217071533203,-191.24984741210938
1750932221.0886896,0.0,0.5,"[174.0, 185.0, 207.0, 171.0, 163.0, 175.0, 148.0, 159.0, 185.0, 174.0]",21.366195678710938,0.0,276.1135559082031,1.2643051147460938,-190.829345703125
1750932221.1032884,0.0,0.5,"[174.0, 185.0, 207.0, 171.0, 162.0, 175.0, 149.0, 158.0, 185.0, 174.0]",21.1115779876709,0.0,276.1884765625,1.2579326629638672,-190.41387939453125
1750932221.118334,0.0,0.5,"[174.0, 185.0, 207.0, 171.0, 162.0, 175.0, 151.0, 158.0, 185.0, 174.0]",21.356876373291016,0.0,276.26409912109375,1.2517280578613281,-189.9935302734375
1750932221.154691,0.0,0.5,"[174.0, 185.0, 207.0, 171.0, 162.0, 175.0, 152.0, 156.0, 185.0, 174.0]",21.262998580932617,0.0,276.3395080566406,1.2461719512939453,-189.57504272460938
1750932221.1692624,0.0,0.5,"[174.0, 185.0, 207.0, 170.0, 162.0, 175.0, 153.0, 156.0, 185.0, 174.0]",21.420711517333984,0.0,276.41510009765625,1.2409915924072266,-189.15338134765625
1750932221.1833446,0.0,0.5,"[174.0, 185.0, 207.0, 170.0, 162.0, 175.0, 154.0, 155.0, 185.0, 174.0]",21.255420684814453,0.0,276.49017333984375,1.236307144165039,-188.7349853515625
1750932221.1983721,0.0,0.5,"[174.0, 185.0, 207.0, 170.0, 162.0, 174.0, 154.0, 154.0, 185.0, 174.0]",21.507793426513672,0.0,276.5660400390625,1.2318878173828125,-188.31158447265625
1750932221.2348933,0.0,0.5,"[174.0, 185.0, 207.0, 170.0, 162.0, 174.0, 155.0, 153.0, 185.0, 174.0]",21.419612884521484,0.0,276.64154052734375,1.2277641296386719,-187.88995361328125
1750932221.2494009,0.0,0.5,"[174.0, 185.0, 207.0, 170.0, 162.0, 174.0, 156.0, 155.0, 185.0, 174.0]",21.578824996948242,0.0,276.7173767089844,1.2237281799316406,-187.465087890625
1750932221.262893,0.0,0.5,"[174.0, 185.0, 207.0, 170.0, 162.0, 174.0, 158.0, 156.0, 185.0, 174.0]",21.43160629272461,0.0,276.792724609375,1.2199249267578125,-187.04315185546875
1750932221.2773669,0.0,0.5,"[174.0, 185.0, 206.0, 170.0, 161.0, 174.0, 158.0, 159.0, 185.0, 174.0]",21.64712905883789,0.0,276.8686218261719,1.2165393829345703,-186.616943359375
1750932221.313907,0.0,0.5,"[174.0, 185.0, 206.0, 170.0, 161.0, 174.0, 159.0, 160.0, 185.0, 174.0]",21.376361846923828,0.0,276.94366455078125,1.213796615600586,-186.196044921875
1750932221.3284006,0.0,0.5,"[174.0, 185.0, 206.0, 170.0, 161.0, 174.0, 160.0, 162.0, 185.0, 174.0]",21.688480377197266,0.0,277.01953125,1.2114238739013672,-185.76898193359375
1750932221.343168,0.0,0.5,"[174.0, 185.0, 206.0, 170.0, 161.0, 173.0, 160.0, 164.0, 185.0, 174.0]",21.648786544799805,0.0,277.0951843261719,1.2094249725341797,-185.3426513671875
1750932221.3576481,0.0,0.5,"[174.0, 185.0, 206.0, 170.0, 161.0, 173.0, 161.0, 165.0, 185.0, 174.0]",21.7875919342041,0.0,277.17120361328125,1.207681655883789,-184.91357421875
1750932221.39416,0.0,0.5,"[174.0, 185.0, 206.0, 170.0, 161.0, 173.0, 162.0, 167.0, 185.0, 174.0]",21.596193313598633,0.0,277.2465515136719,1.2062149047851562,-184.48828125
1750932221.408031,0.0,0.5,"[174.0, 185.0, 206.0, 169.0, 161.0, 173.0, 162.0, 169.0, 185.0, 174.0]",21.79121208190918,0.0,277.32244873046875,1.2048377990722656,-184.05914306640625
1750932221.4222426,0.0,0.5,"[174.0, 185.0, 206.0, 169.0, 160.0, 173.0, 163.0, 170.0, 185.0, 174.0]",21.72040367126465,0.0,277.3982238769531,1.203887939453125,-183.63137817382812
1750932221.4366853,0.0,0.5,"[174.0, 185.0, 206.0, 169.0, 160.0, 173.0, 163.0, 172.0, 185.0, 174.0]",21.902856826782227,0.0,277.474365234375,1.2034683227539062,-183.20001220703125
1750932221.4738908,0.0,0.5,"[174.0, 185.0, 206.0, 169.0, 160.0, 173.0, 164.0, 173.0, 185.0, 174.0]",21.690900802612305,0.0,277.5497741699219,1.2035808563232422,-182.77276611328125
1750932221.4887848,0.0,0.5,"[174.0, 185.0, 206.0, 169.0, 160.0, 172.0, 164.0, 175.0, 185.0, 174.0]",21.902681350708008,0.0,277.62567138671875,1.2040462493896484,-182.34136962890625
1750932221.503771,0.0,0.5,"[174.0, 185.0, 206.0, 169.0, 160.0, 172.0, 166.0, 175.0, 185.0, 174.0]",21.833967208862305,0.0,277.70147705078125,1.2049102783203125,-181.91131591796875
1750932221.5184133,0.0,0.5,"[174.0, 185.0, 206.0, 169.0, 160.0, 172.0, 166.0, 176.0, 185.0, 174.0]",22.024169921875,0.0,277.7776794433594,1.2059650421142578,-181.47747802734375
1750932221.5551832,0.0,0.5,"[174.0, 185.0, 206.0, 169.0, 160.0, 172.0, 166.0, 178.0, 185.0, 174.0]",21.88983154296875,0.0,277.8533630371094,1.207204818725586,-181.0462646484375
1750932221.5696747,0.0,0.5,"[174.0, 185.0, 206.0, 169.0, 159.0, 172.0, 167.0, 179.0, 185.0, 174.0]",22.082019805908203,0.0,277.9295349121094,1.2086658477783203,-180.61126708984375
1750932221.5834181,0.0,0.5,"[174.0, 185.0, 206.0, 169.0, 159.0, 172.0, 167.0, 180.0, 185.0, 174.0]",21.851093292236328,0.0,278.00494384765625,1.2107467651367188,-180.1807861328125
1750932221.5982268,0.0,0.5,"[174.0, 185.0, 205.0, 168.0, 159.0, 171.0, 168.0, 181.0, 185.0, 174.0]",22.074045181274414,0.0,278.08087158203125,1.2133293151855469,-179.74591064453125
1750932221.634897,0.0,0.5,"[174.0, 185.0, 205.0, 168.0, 159.0, 171.0, 168.0, 183.0, 185.0, 174.0]",22.026832580566406,0.0,278.1567687988281,1.216400146484375,-179.31195068359375
1750932221.6496317,0.0,0.5,"[174.0, 185.0, 204.0, 168.0, 159.0, 171.0, 168.0, 184.0, 185.0, 174.0]",22.182506561279297,0.0,278.23291015625,1.2197856903076172,-178.8748779296875
1750932221.6641479,0.0,0.5,"[174.0, 185.0, 204.0, 168.0, 159.0, 171.0, 168.0, 185.0, 185.0, 174.0]",22.059757232666016,0.0,278.30859375,1.223459243774414,-178.44024658203125
1750932221.6791131,0.0,0.5,"[174.0, 185.0, 204.0, 168.0, 159.0, 171.0, 169.0, 186.0, 185.0, 174.0]",22.225440979003906,0.0,278.3846435546875,1.227294921875,-178.00230407714844
1750932221.7166028,0.0,0.5,"[174.0, 185.0, 204.0, 168.0, 158.0, 171.0, 169.0, 187.0, 185.0, 174.0]",22.052846908569336,0.0,278.46014404296875,1.2313671112060547,-177.56777954101562
1750932221.731427,0.0,0.5,"[174.0, 185.0, 204.0, 168.0, 158.0, 170.0, 170.0, 188.0, 185.0, 174.0]",22.346097946166992,0.0,278.5365295410156,1.2360572814941406,-177.12745666503906
1750932221.746926,0.0,0.5,"[174.0, 185.0, 204.0, 168.0, 158.0, 170.0, 170.0, 189.0, 185.0, 174.0]",22.122526168823242,0.0,278.6122131347656,1.2412872314453125,-176.69155883789062
1750932221.7614532,0.0,0.5,"[174.0, 185.0, 204.0, 167.0, 158.0, 170.0, 170.0, 190.0, 185.0, 174.0]",22.32895278930664,0.0,278.6882019042969,1.2469348907470703,-176.25152587890625
1750932221.7764835,0.0,0.5,"[174.0, 185.0, 204.0, 167.0, 158.0, 170.0, 170.0, 190.0, 185.0, 174.0]",22.185728073120117,0.0,278.7637023925781,1.2529544830322266,-175.81431579589844
1750932221.8135157,0.0,0.5,"[174.0, 185.0, 203.0, 167.0, 158.0, 170.0, 170.0, 192.0, 185.0, 174.0]",22.46337890625,0.0,278.8400573730469,1.2593193054199219,-175.3716278076172
1750932221.828321,0.0,0.5,"[174.0, 185.0, 203.0, 167.0, 157.0, 169.0, 170.0, 192.0, 185.0, 174.0]",22.221691131591797,0.0,278.9156494140625,1.2658710479736328,-174.9337158203125
1750932221.84297,0.0,0.5,"[174.0, 185.0, 203.0, 167.0, 157.0, 169.0, 171.0, 193.0, 185.0, 174.0]",22.44721031188965,0.0,278.9917297363281,1.2726058959960938,-174.49131774902344
1750932221.8575776,0.0,0.5,"[174.0, 185.0, 203.0, 167.0, 157.0, 169.0, 171.0, 193.0, 185.0, 174.0]",22.34695816040039,0.0,279.0673828125,1.2798442840576172,-174.05088806152344
1750932221.89463,0.0,0.5,"[174.0, 185.0, 203.0, 167.0, 157.0, 169.0, 171.0, 195.0, 185.0, 174.0]",22.50245475769043,0.0,279.1434631347656,1.2876968383789062,-173.60739135742188
1750932221.9086728,0.0,0.5,"[174.0, 185.0, 203.0, 166.0, 157.0, 169.0, 171.0, 195.0, 185.0, 174.0]",22.299633026123047,0.0,279.21905517578125,1.2960395812988281,-173.1679229736328
1750932221.923697,0.0,0.5,"[174.0, 185.0, 203.0, 166.0, 157.0, 169.0, 171.0, 197.0, 185.0, 174.0]",22.58106231689453,0.0,279.29522705078125,1.304788589477539,-172.7228546142578
1750932221.9388766,0.0,0.5,"[174.0, 185.0, 202.0, 166.0, 156.0, 168.0, 172.0, 197.0, 185.0, 174.0]",22.462873458862305,0.0,279.37078857421875,1.3137779235839844,-172.28009033203125
1750932221.975882,0.0,0.5,"[174.0, 185.0, 201.0, 166.0, 156.0, 168.0, 172.0, 198.0, 185.0, 174.0]",22.59601402282715,0.0,279.44677734375,1.3230419158935547,-171.83470153808594
1750932221.9908524,0.0,0.5,"[174.0, 185.0, 201.0, 166.0, 156.0, 168.0, 173.0, 198.0, 185.0, 174.0]",22.491243362426758,0.0,279.52252197265625,1.3325004577636719,-171.3914031982422
1750932222.0056443,0.0,0.5,"[174.0, 185.0, 201.0, 165.0, 156.0, 168.0, 173.0, 198.0, 185.0, 174.0]",22.693683624267578,0.0,279.5987243652344,1.3424816131591797,-170.94407653808594
1750932222.0207849,0.0,0.5,"[174.0, 185.0, 201.0, 164.0, 156.0, 168.0, 173.0, 200.0, 185.0, 174.0]",22.407960891723633,0.0,279.67401123046875,1.3529739379882812,-170.50241088867188
1750932222.0463977,0.0,0.5,"[174.0, 185.0, 201.0, 164.0, 155.0, 167.0, 173.0, 200.0, 185.0, 174.0]",22.643966674804688,0.0,279.7497863769531,1.364004135131836,-170.05604553222656
1750932222.0610766,0.0,0.5,"[174.0, 185.0, 200.0, 164.0, 155.0, 167.0, 173.0, 200.0, 185.0, 174.0]",22.689983367919922,0.0,279.8257141113281,1.3754920959472656,-169.60879516601562
1750932222.075868,0.0,0.5,"[174.0, 185.0, 200.0, 164.0, 155.0, 167.0, 173.0, 201.0, 185.0, 174.0]",22.744539260864258,0.0,279.901611328125,1.3872833251953125,-169.16043090820312
1750932222.1129375,-1.0,0.5,"[174.0, 185.0, 200.0, 164.0, 155.0, 167.0, 173.0, 201.0, 185.0, 174.0]",22.59603500366211,0.0,279.9770812988281,1.3992862701416016,-168.7150115966797
1750932222.128412,-1.0,0.5,"[174.0, 185.0, 200.0, 164.0, 155.0, 167.0, 173.0, 201.0, 185.0, 174.0]",22.55412483215332,-0.5,280.0354309082031,1.4069976806640625,-168.26779174804688
1750932222.1431437,-1.0,0.5,"[174.0, 185.0, 201.0, 165.0, 155.0, 168.0, 170.0, 200.0, 185.0, 174.0]",22.090435028076172,-0.5,280.0707092285156,1.4092826843261719,-167.827392578125
1750932222.1576345,-1.0,0.5,"[174.0, 185.0, 203.0, 167.0, 157.0, 169.0, 168.0, 197.0, 185.0, 174.0]",22.00314712524414,-0.5,280.0802917480469,1.4055061340332031,-167.387451171875
1750932222.1966116,0.0,0.5,"[174.0, 185.0, 204.0, 168.0, 158.0, 172.0, 166.0, 193.0, 185.0, 174.0]",21.814044952392578,-0.5,280.066650390625,1.39630126953125,-166.95147705078125
1750932222.2121348,0.0,0.5,"[174.0, 185.0, 206.0, 169.0, 159.0, 173.0, 164.0, 190.0, 185.0, 174.0]",21.902809143066406,0.0,280.06451416015625,1.390481948852539,-166.51345825195312
1750932222.2277806,0.0,0.5,"[174.0, 185.0, 206.0, 169.0, 159.0, 173.0, 163.0, 190.0, 185.0, 174.0]",21.749984741210938,0.0,280.07244873046875,1.3876781463623047,-166.0785369873047
1750932222.243459,0.0,0.5,"[174.0, 185.0, 206.0, 169.0, 159.0, 173.0, 163.0, 190.0, 185.0, 174.0]",21.994009017944336,0.0,280.08343505859375,1.3858680725097656,-165.6387939453125
1750932222.2589545,0.0,0.5,"[174.0, 185.0, 206.0, 169.0, 159.0, 173.0, 163.0, 190.0, 185.0, 174.0]",21.740306854248047,0.0,280.0945739746094,1.3843727111816406,-165.20413208007812
1750932222.297643,0.0,0.5,"[174.0, 185.0, 206.0, 168.0, 159.0, 173.0, 163.0, 190.0, 185.0, 174.0]",21.94682502746582,0.0,280.1054992675781,1.3831005096435547,-164.7653350830078
1750932222.3128734,0.0,0.5,"[174.0, 185.0, 206.0, 168.0, 159.0, 173.0, 163.0, 190.0, 185.0, 174.0]",21.917720794677734,0.0,280.1162414550781,1.382425308227539,-164.32711791992188
1750932222.3278432,0.0,0.5,"[174.0, 185.0, 206.0, 168.0, 159.0, 173.0, 163.0, 190.0, 185.0, 174.0]",22.103416442871094,0.0,280.1266784667969,1.3821678161621094,-163.8851776123047
1750932222.3432121,0.0,0.5,"[174.0, 185.0, 206.0, 168.0, 159.0, 173.0, 163.0, 190.0, 185.0, 174.0]",21.866392135620117,0.0,280.1368713378906,1.3823394775390625,-163.44796752929688
1750932222.3582222,0.0,0.5,"[174.0, 185.0, 206.0, 168.0, 158.0, 172.0, 163.0, 190.0, 185.0, 174.0]",22.070009231567383,0.0,280.1468505859375,1.3827590942382812,-163.00668334960938
1750932222.3974276,0.0,0.5,"[174.0, 185.0, 206.0, 168.0, 158.0, 172.0, 163.0, 190.0, 185.0, 174.0]",22.030027389526367,0.0,280.15692138671875,1.3834762573242188,-162.56619262695312
1750932222.4119673,0.0,0.5,"[174.0, 185.0, 205.0, 167.0, 158.0, 172.0, 163.0, 190.0, 185.0, 174.0]",22.243165969848633,0.0,280.1668701171875,1.3843269348144531,-162.12144470214844
1750932222.4270554,0.0,0.5,"[174.0, 185.0, 204.0, 167.0, 158.0, 172.0, 162.0, 190.0, 185.0, 174.0]",22.002216339111328,0.0,280.17669677734375,1.3854103088378906,-161.6815185546875
1750932222.442161,0.0,0.5,"[174.0, 185.0, 204.0, 167.0, 158.0, 172.0, 162.0, 190.0, 185.0, 174.0]",22.25482749938965,0.0,280.1864013671875,1.387033462524414,-161.2365264892578
1750932222.4572468,0.0,0.5,"[174.0, 185.0, 204.0, 167.0, 158.0, 172.0, 162.0, 190.0, 185.0, 174.0]",22.05382537841797,0.0,280.196044921875,1.3892078399658203,-160.79556274414062
1750932222.4964204,0.0,0.5,"[174.0, 185.0, 204.0, 167.0, 157.0, 171.0, 162.0, 190.0, 185.0, 174.0]",22.27924346923828,0.0,280.2055969238281,1.391805648803711,-160.35008239746094
1750932222.512253,0.0,0.5,"[174.0, 185.0, 204.0, 167.0, 157.0, 171.0, 162.0, 190.0, 185.0, 174.0]",22.19812774658203,0.0,280.2152404785156,1.3948192596435547,-159.90623474121094
1750932222.5274107,0.0,0.5,"[174.0, 185.0, 204.0, 166.0, 157.0, 171.0, 162.0, 190.0, 185.0, 174.0]",22.36432456970215,0.0,280.22467041015625,1.3980541229248047,-159.4590606689453
1750932222.5424893,0.0,0.5,"[174.0, 185.0, 203.0, 166.0, 157.0, 171.0, 162.0, 190.0, 185.0, 174.0]",22.228776931762695,0.0,280.23406982421875,1.4015026092529297,-159.0146026611328
1750932222.5576606,0.0,0.5,"[174.0, 185.0, 203.0, 166.0, 157.0, 171.0, 162.0, 190.0, 185.0, 174.0]",22.42637825012207,0.0,280.2433166503906,1.4050922393798828,-158.56619262695312
1750932222.5956824,0.0,0.5,"[174.0, 185.0, 203.0, 166.0, 157.0, 171.0, 162.0, 190.0, 185.0, 174.0]",22.22345733642578,0.0,280.2525329589844,1.4092330932617188,-158.12184143066406
1750932222.6102521,0.0,0.5,"[174.0, 185.0, 203.0, 165.0, 156.0, 170.0, 162.0, 190.0, 185.0, 174.0]",22.45124053955078,0.0,280.2616271972656,1.4139480590820312,-157.6729278564453
1750932222.625288,0.0,0.5,"[174.0, 185.0, 202.0, 164.0, 156.0, 170.0, 164.0, 190.0, 185.0, 174.0]",22.362794876098633,0.0,280.2707824707031,1.4191627502441406,-157.22579956054688
1750932222.6402085,0.0,0.5,"[174.0, 185.0, 201.0, 164.0, 156.0, 170.0, 164.0, 190.0, 185.0, 174.0]",22.532875061035156,0.0,280.2796936035156,1.4247303009033203,-156.7752685546875
1750932222.6669104,0.0,0.5,"[174.0, 185.0, 201.0, 164.0, 156.0, 170.0, 166.0, 189.0, 185.0, 174.0]",22.34819793701172,0.0,280.28851318359375,1.4305973052978516,-156.32843017578125
1750932222.6824863,0.0,0.5,"[174.0, 185.0, 201.0, 164.0, 156.0, 169.0, 167.0, 189.0, 185.0, 174.0]",22.551311492919922,0.0,280.2972717285156,1.4366950988769531,-155.87753295898438
1750932222.6977282,0.0,0.5,"[174.0, 185.0, 201.0, 163.0, 156.0, 169.0, 168.0, 189.0, 185.0, 174.0]",22.509403228759766,0.0,280.3060607910156,1.4429817199707031,-155.42747497558594
1750932222.735001,0.0,0.5,"[174.0, 185.0, 200.0, 163.0, 155.0, 169.0, 169.0, 189.0, 185.0, 174.0]",22.631423950195312,0.0,280.3146667480469,1.44976806640625,-154.9749755859375
1750932222.7498806,0.0,0.5,"[174.0, 185.0, 200.0, 163.0, 155.0, 169.0, 169.0, 189.0, 185.0, 174.0]",22.414758682250977,0.0,280.3232727050781,1.4571304321289062,-154.52682495117188
1750932222.764717,0.0,0.5,"[174.0, 185.0, 200.0, 163.0, 155.0, 169.0, 170.0, 189.0, 185.0, 174.0]",22.68015480041504,0.0,280.3316650390625,1.4650096893310547,-154.0733642578125
1750932222.7797954,0.0,0.5,"[174.0, 185.0, 198.0, 162.0, 155.0, 168.0, 170.0, 189.0, 185.0, 174.0]",22.552684783935547,0.0,280.3399658203125,1.4732723236083984,-153.62246704101562
1750932222.8055823,0.0,0.5,"[174.0, 185.0, 198.0, 162.0, 155.0, 168.0, 171.0, 189.0, 185.0, 174.0]",22.749204635620117,0.0,280.34814453125,1.4818801879882812,-153.16763305664062
1750932222.8204746,0.0,0.5,"[174.0, 185.0, 198.0, 162.0, 155.0, 168.0, 172.0, 189.0, 185.0, 174.0]",22.52764320373535,0.0,280.3564147949219,1.4907188415527344,-152.7172393798828
1750932222.8464913,0.0,0.5,"[174.0, 185.0, 197.0, 161.0, 154.0, 168.0, 173.0, 188.0, 185.0, 174.0]",22.803754806518555,0.0,280.3645324707031,1.4997844696044922,-152.26132202148438
1750932222.8616028,0.0,0.5,"[174.0, 185.0, 197.0, 161.0, 154.0, 168.0, 174.0, 187.0, 185.0, 174.0]",22.675561904907227,0.0,280.3724670410156,1.5092487335205078,-151.8079833984375
1750932222.8765984,0.0,0.5,"[174.0, 185.0, 197.0, 161.0, 154.0, 167.0, 174.0, 187.0, 185.0, 174.0]",22.84271240234375,0.0,280.3803405761719,1.5193805694580078,-151.35130310058594
1750932222.9140754,0.0,0.5,"[174.0, 185.0, 196.0, 161.0, 154.0, 167.0, 174.0, 187.0, 185.0, 174.0]",22.622203826904297,0.0,280.3883056640625,1.5299949645996094,-150.8990478515625
1750932222.9288735,0.0,0.5,"[174.0, 185.0, 195.0, 160.0, 154.0, 167.0, 175.0, 187.0, 185.0, 174.0]",22.893831253051758,0.0,280.39599609375,1.5410652160644531,-150.44137573242188
1750932222.9441328,0.0,0.5,"[174.0, 185.0, 195.0, 160.0, 153.0, 167.0, 175.0, 187.0, 185.0, 174.0]",22.793197631835938,0.0,280.4034729003906,1.5524063110351562,-149.9857177734375
1750932222.9588225,0.0,0.5,"[174.0, 185.0, 193.0, 160.0, 153.0, 167.0, 176.0, 189.0, 185.0, 174.0]",22.907855987548828,0.0,280.4109191894531,1.5640335083007812,-149.52777099609375
1750932222.9965487,0.0,0.5,"[174.0, 185.0, 193.0, 159.0, 153.0, 166.0, 176.0, 189.0, 185.0, 174.0]",22.78666877746582,0.0,280.4184875488281,1.5758380889892578,-149.07225036621094
1750932223.0119147,0.0,0.5,"[174.0, 185.0, 193.0, 159.0, 153.0, 166.0, 176.0, 190.0, 185.0, 174.0]",23.04244613647461,0.0,280.4259033203125,1.5881805419921875,-148.61163330078125
1750932223.0270374,0.0,0.5,"[174.0, 185.0, 192.0, 159.0, 153.0, 166.0, 177.0, 192.0, 185.0, 174.0]",22.748376846313477,0.0,280.43316650390625,1.6009902954101562,-148.1569061279297
1750932223.0422065,0.0,0.5,"[174.0, 185.0, 192.0, 158.0, 152.0, 166.0, 178.0, 193.0, 185.0, 174.0]",22.956058502197266,0.0,280.440185546875,1.614358901977539,-147.69802856445312
1750932223.0571465,0.0,0.5,"[174.0, 185.0, 190.0, 158.0, 152.0, 165.0, 180.0, 195.0, 185.0, 174.0]",22.95620346069336,0.0,280.447265625,1.6282024383544922,-147.23916625976562
1750932223.0947952,0.0,0.5,"[174.0, 185.0, 190.0, 158.0, 152.0, 165.0, 181.0, 196.0, 185.0, 174.0]",23.137033462524414,0.0,280.4542236328125,1.6424541473388672,-146.77670288085938
1750932223.1099837,0.0,0.5,"[174.0, 185.0, 190.0, 157.0, 152.0, 165.0, 182.0, 197.0, 185.0, 174.0]",22.86237907409668,0.0,280.4610900878906,1.6568241119384766,-146.31973266601562
1750932223.125107,0.0,0.5,"[174.0, 185.0, 189.0, 156.0, 151.0, 164.0, 206.0, 198.0, 185.0, 174.0]",23.085416793823242,0.0,280.4678039550781,1.6714591979980469,-145.85830688476562
1750932223.140344,0.0,0.5,"[174.0, 185.0, 189.0, 156.0, 151.0, 164.0, 206.0, 200.0, 185.0, 174.0]",23.02315902709961,0.0,280.47454833984375,1.6864948272705078,-145.39813232421875
1750932223.166575,0.0,0.5,"[174.0, 185.0, 187.0, 156.0, 151.0, 164.0, 206.0, 200.0, 185.0, 174.0]",23.199981689453125,0.0,280.4811096191406,1.7022361755371094,-144.9344482421875
1750932223.180737,0.0,0.5,"[174.0, 185.0, 187.0, 155.0, 151.0, 164.0, 206.0, 201.0, 185.0, 174.0]",22.917865753173828,0.0,280.4876403808594,1.718353271484375,-144.47642517089844
1750932223.1952848,0.0,0.5,"[174.0, 185.0, 186.0, 155.0, 150.0, 163.0, 205.0, 202.0, 185.0, 174.0]",23.160791397094727,0.0,280.49395751953125,1.7350044250488281,-144.0135498046875
1750932223.2327867,0.0,0.5,"[174.0, 185.0, 186.0, 155.0, 150.0, 163.0, 205.0, 203.0, 185.0, 174.0]",23.15336799621582,0.0,280.5002746582031,1.7520160675048828,-143.55084228515625
1750932223.2474086,0.0,0.5,"[174.0, 185.0, 184.0, 155.0, 150.0, 163.0, 205.0, 203.0, 185.0, 174.0]",23.262222290039062,0.0,280.5064392089844,1.7693252563476562,-143.08596801757812
1750932223.262323,0.0,0.5,"[174.0, 185.0, 184.0, 154.0, 150.0, 163.0, 205.0, 204.0, 185.0, 174.0]",23.035137176513672,0.0,280.5126037597656,1.7867050170898438,-142.62564086914062
1750932223.277389,0.0,0.5,"[174.0, 185.0, 183.0, 154.0, 149.0, 162.0, 204.0, 205.0, 185.0, 174.0]",23.307058334350586,0.0,280.5187072753906,1.804647445678711,-142.15988159179688
1750932223.3147094,0.0,0.5,"[174.0, 185.0, 183.0, 154.0, 149.0, 162.0, 204.0, 206.0, 185.0, 174.0]",23.137393951416016,0.0,280.5248107910156,1.8231163024902344,-141.69754028320312
1750932223.3295736,0.0,0.5,"[174.0, 185.0, 181.0, 153.0, 149.0, 162.0, 204.0, 206.0, 185.0, 174.0]",23.31188201904297,0.0,280.530517578125,1.8421573638916016,-141.23171997070312
1750932223.344416,0.0,0.5,"[174.0, 185.0, 181.0, 153.0, 148.0, 162.0, 204.0, 207.0, 185.0, 174.0]",23.140390396118164,0.0,280.53619384765625,1.8615341186523438,-140.76934814453125
1750932223.3584795,0.0,0.5,"[174.0, 185.0, 179.0, 153.0, 148.0, 161.0, 203.0, 207.0, 185.0, 174.0]",23.41839599609375,0.0,280.5418395996094,1.8814697265625,-140.3014373779297
1750932223.3959153,0.0,0.5,"[174.0, 185.0, 179.0, 152.0, 148.0, 161.0, 203.0, 209.0, 185.0, 174.0]",23.205711364746094,0.0,280.5474853515625,1.9015312194824219,-139.83779907226562
1750932223.410146,0.0,0.5,"[174.0, 185.0, 178.0, 152.0, 147.0, 161.0, 203.0, 209.0, 185.0, 174.0]",23.39134407043457,0.0,280.5528564453125,1.9218502044677734,-139.3704376220703
1750932223.4246318,-1.0,0.5,"[174.0, 185.0, 178.0, 151.0, 147.0, 161.0, 201.0, 209.0, 185.0, 174.0]",23.30070686340332,0.0,280.55816650390625,1.9424896240234375,-138.9049072265625
1750932223.4396596,-1.0,0.5,"[174.0, 185.0, 178.0, 151.0, 147.0, 161.0, 203.0, 209.0, 185.0, 174.0]",23.19196128845215,-0.5,280.545654296875,1.9590873718261719,-138.4415283203125
1750932223.4777553,-1.0,0.5,"[174.0, 185.0, 179.0, 152.0, 148.0, 162.0, 204.0, 207.0, 185.0, 174.0]",22.670928955078125,-0.5,280.51397705078125,1.9708633422851562,-137.98936462402344
1750932223.4929166,-1.0,0.5,"[174.0, 185.0, 181.0, 154.0, 150.0, 164.0, 205.0, 205.0, 185.0, 174.0]",22.674942016601562,-0.5,280.45880126953125,1.9769763946533203,-137.53927612304688
1750932223.5082579,-1.0,0.5,"[174.0, 185.0, 183.0, 155.0, 152.0, 167.0, 184.0, 201.0, 185.0, 174.0]",22.46448516845703,-0.5,280.380126953125,1.9771099090576172,-137.096923828125
1750932223.5240564,0.0,0.5,"[174.0, 185.0, 186.0, 158.0, 153.0, 169.0, 173.0, 198.0, 185.0, 174.0]",22.45461082458496,-0.5,280.2801208496094,1.9718570709228516,-136.6591339111328
1750932223.5399716,0.0,0.5,"[174.0, 185.0, 187.0, 159.0, 155.0, 169.0, 170.0, 197.0, 185.0, 174.0]",22.29161262512207,0.0,280.1876525878906,1.9686870574951172,-136.22300720214844
1750932223.568456,0.0,0.5,"[174.0, 185.0, 188.0, 160.0, 155.0, 170.0, 170.0, 196.0, 185.0, 174.0]",22.451616287231445,0.0,280.1053161621094,1.9686203002929688,-135.78158569335938
1750932223.584888,0.0,0.5,"[174.0, 185.0, 189.0, 160.0, 155.0, 170.0, 170.0, 195.0, 185.0, 174.0]",22.395586013793945,0.0,280.02734375,1.9703121185302734,-135.34051513671875
1750932223.599846,0.0,0.5,"[174.0, 185.0, 188.0, 160.0, 155.0, 169.0, 170.0, 196.0, 185.0, 174.0]",22.544448852539062,0.0,279.9487609863281,1.9725608825683594,-134.8965301513672
1750932223.640095,0.0,0.5,"[174.0, 185.0, 188.0, 160.0, 155.0, 169.0, 170.0, 196.0, 185.0, 174.0]",22.33579444885254,0.0,279.8705749511719,1.975179672241211,-134.4567108154297
1750932223.6562243,0.0,0.5,"[174.0, 185.0, 187.0, 160.0, 154.0, 169.0, 170.0, 196.0, 185.0, 174.0]",22.543228149414062,0.0,279.7911376953125,1.9780387878417969,-134.01290893554688
1750932223.6721654,0.0,0.5,"[174.0, 185.0, 187.0, 159.0, 154.0, 169.0, 170.0, 196.0, 185.0, 174.0]",22.408039093017578,0.0,279.71209716796875,1.9811725616455078,-133.57177734375
1750932223.68804,0.0,0.5,"[174.0, 185.0, 187.0, 159.0, 154.0, 169.0, 170.0, 197.0, 185.0, 174.0]",22.65807342529297,0.0,279.6319274902344,1.9844627380371094,-133.1257781982422
1750932223.7041667,0.0,0.5,"[174.0, 185.0, 187.0, 159.0, 154.0, 169.0, 171.0, 197.0, 185.0, 174.0]",22.478057861328125,0.0,279.55224609375,1.9878959655761719,-132.683349609375
1750932223.720416,0.0,0.5,"[174.0, 185.0, 187.0, 159.0, 154.0, 169.0, 172.0, 197.0, 185.0, 174.0]",22.68819808959961,0.0,279.4716796875,1.9919319152832031,-132.23681640625
1750932223.748402,0.0,0.5,"[174.0, 185.0, 187.0, 159.0, 153.0, 168.0, 173.0, 197.0, 185.0, 174.0]",22.485855102539062,0.0,279.39190673828125,1.9965381622314453,-131.79425048828125
1750932223.7637422,0.0,0.5,"[174.0, 185.0, 186.0, 159.0, 153.0, 168.0, 174.0, 197.0, 185.0, 174.0]",22.705825805664062,0.0,279.31097412109375,2.001558303833008,-131.34742736816406
1750932223.7793465,0.0,0.5,"[174.0, 185.0, 186.0, 159.0, 153.0, 168.0, 176.0, 197.0, 185.0, 174.0]",22.60904312133789,0.0,279.2303161621094,2.006946563720703,-130.90252685546875
1750932223.8197422,0.0,0.5,"[174.0, 185.0, 186.0, 158.0, 153.0, 168.0, 177.0, 197.0, 185.0, 174.0]",22.808061599731445,0.0,279.1488952636719,2.0126590728759766,-130.45372009277344
1750932223.8364136,0.0,0.5,"[174.0, 185.0, 186.0, 158.0, 153.0, 168.0, 178.0, 197.0, 185.0, 174.0]",22.64194107055664,0.0,279.0681457519531,2.0185928344726562,-130.0081787109375
1750932223.8523204,0.0,0.5,"[174.0, 185.0, 185.0, 158.0, 152.0, 168.0, 178.0, 197.0, 185.0, 174.0]",22.82191276550293,0.0,278.9864501953125,2.0246543884277344,-129.5591583251953
1750932223.8680456,0.0,0.5,"[174.0, 185.0, 184.0, 158.0, 152.0, 167.0, 179.0, 197.0, 185.0, 174.0]",22.681697845458984,0.0,278.9052429199219,2.031229019165039,-129.11289978027344
1750932223.883498,0.0,0.5,"[174.0, 185.0, 184.0, 157.0, 152.0, 167.0, 180.0, 197.0, 185.0, 174.0]",22.921207427978516,0.0,278.8230285644531,2.0384349822998047,-128.66197204589844
1750932223.8992093,0.0,0.5,"[174.0, 185.0, 184.0, 157.0, 152.0, 167.0, 181.0, 197.0, 185.0, 174.0]",22.702547073364258,0.0,278.7417297363281,2.0461177825927734,-128.21533203125
1750932223.940029,0.0,0.5,"[174.0, 185.0, 184.0, 156.0, 152.0, 167.0, 182.0, 198.0, 185.0, 174.0]",22.91640853881836,0.0,278.6592712402344,2.0541744232177734,-127.76455688476562
1750932223.9567542,0.0,0.5,"[174.0, 185.0, 184.0, 156.0, 151.0, 167.0, 182.0, 198.0, 185.0, 174.0]",22.823402404785156,0.0,278.57708740234375,2.0625247955322266,-127.31562805175781
1750932223.972081,0.0,0.5,"[174.0, 185.0, 183.0, 156.0, 151.0, 167.0, 183.0, 200.0, 185.0, 174.0]",23.012187957763672,0.0,278.4941711425781,2.071165084838867,-126.86299133300781
1750932223.9878223,0.0,0.5,"[174.0, 185.0, 183.0, 155.0, 151.0, 166.0, 183.0, 200.0, 185.0, 174.0]",22.85163688659668,0.0,278.41192626953125,2.0799522399902344,-126.41351318359375
1750932224.003644,0.0,0.5,"[174.0, 185.0, 183.0, 155.0, 150.0, 166.0, 184.0, 200.0, 185.0, 174.0]",23.046613693237305,0.0,278.32867431640625,2.0892295837402344,-125.96023559570312
1750932224.0191295,0.0,0.5,"[174.0, 185.0, 181.0, 155.0, 150.0, 166.0, 184.0, 201.0, 185.0, 174.0]",22.8292293548584,0.0,278.2462463378906,2.099061965942383,-125.51126098632812
1750932224.0578082,-1.0,0.5,"[174.0, 185.0, 181.0, 155.0, 150.0, 166.0, 185.0, 201.0, 185.0, 174.0]",23.085309982299805,0.0,278.16265869140625,2.1094703674316406,-125.05731201171875
1750932224.074008,-1.0,0.5,"[174.0, 185.0, 183.0, 155.0, 150.0, 166.0, 184.0, 201.0, 185.0, 174.0]",22.68964385986328,-0.5,278.06365966796875,2.115692138671875,-124.614501953125
1750932224.090042,-1.0,0.5,"[174.0, 185.0, 184.0, 156.0, 151.0, 167.0, 181.0, 198.0, 185.0, 174.0]",22.56930160522461,-0.5,277.94293212890625,2.116252899169922,-124.17955017089844
1750932224.1059313,-1.0,0.5,"[174.0, 185.0, 186.0, 158.0, 153.0, 167.0, 176.0, 196.0, 185.0, 174.0]",22.21177101135254,-0.5,277.80126953125,2.1108627319335938,-123.758544921875
1750932224.1222935,0.0,0.5,"[174.0, 185.0, 189.0, 160.0, 155.0, 169.0, 171.0, 192.0, 185.0, 174.0]",22.224834442138672,-0.5,277.6383056640625,2.099794387817383,-123.34515380859375
1750932224.1387112,0.0,0.5,"[174.0, 185.0, 190.0, 161.0, 157.0, 170.0, 169.0, 190.0, 185.0, 174.0]",22.04476547241211,0.0,277.4852600097656,2.091592788696289,-122.9317626953125
1750932224.1806092,0.0,0.5,"[174.0, 185.0, 190.0, 161.0, 157.0, 170.0, 168.0, 190.0, 185.0, 174.0]",22.303415298461914,0.0,277.3401184082031,2.0866222381591797,-122.50997924804688
1750932224.1973596,0.0,0.5,"[174.0, 185.0, 190.0, 161.0, 157.0, 170.0, 168.0, 190.0, 185.0, 174.0]",22.048255920410156,0.0,277.1995544433594,2.0830612182617188,-122.092041015625
1750932224.2136366,0.0,0.5,"[174.0, 185.0, 190.0, 161.0, 157.0, 170.0, 169.0, 190.0, 185.0, 174.0]",22.267547607421875,0.0,277.0576477050781,2.079914093017578,-121.669921875
1750932224.2297049,0.0,0.5,"[174.0, 185.0, 190.0, 161.0, 157.0, 170.0, 169.0, 190.0, 185.0, 174.0]",22.115686416625977,0.0,276.9166564941406,2.0771408081054688,-121.25070190429688
1750932224.2458382,0.0,0.5,"[174.0, 185.0, 190.0, 161.0, 157.0, 169.0, 170.0, 190.0, 185.0, 174.0]",22.346284866333008,0.0,276.7736511230469,2.0744571685791016,-120.8272705078125
1750932224.262476,0.0,0.5,"[174.0, 185.0, 190.0, 161.0, 157.0, 169.0, 170.0, 190.0, 185.0, 174.0]",22.26664924621582,0.0,276.6309509277344,2.0719337463378906,-120.40542602539062
1750932224.2787838,0.0,0.5,"[174.0, 185.0, 190.0, 160.0, 157.0, 169.0, 170.0, 190.0, 185.0, 174.0]",22.42119789123535,0.0,276.48712158203125,2.0695419311523438,-119.980712890625
1750932224.3201172,0.0,0.5,"[174.0, 185.0, 189.0, 160.0, 157.0, 169.0, 171.0, 190.0, 185.0, 174.0]",22.187889099121094,0.0,276.3448486328125,2.0678176879882812,-119.56037902832031
1750932224.3367496,0.0,0.5,"[174.0, 185.0, 189.0, 160.0, 157.0, 169.0, 171.0, 190.0, 185.0, 174.0]",22.42161750793457,0.0,276.2007751464844,2.0665531158447266,-119.13572692871094
1750932224.3529499,0.0,0.5,"[174.0, 185.0, 189.0, 160.0, 157.0, 169.0, 172.0, 190.0, 185.0, 174.0]",22.360443115234375,0.0,276.05712890625,2.0657825469970703,-118.71221923828125
1750932224.3690462,0.0,0.5,"[174.0, 185.0, 189.0, 160.0, 156.0, 168.0, 173.0, 190.0, 185.0, 174.0]",22.578718185424805,0.0,275.9118347167969,2.0653038024902344,-118.28465270996094
1750932224.3856616,0.0,0.5,"[174.0, 185.0, 189.0, 159.0, 156.0, 168.0, 173.0, 190.0, 185.0, 174.0]",22.319047927856445,0.0,275.7681884765625,2.065143585205078,-117.86201477050781
1750932224.4015353,0.0,0.5,"[174.0, 185.0, 188.0, 159.0, 156.0, 168.0, 173.0, 190.0, 185.0, 174.0]",22.527557373046875,0.0,275.62298583984375,2.0651092529296875,-117.43551635742188
1750932224.4176686,0.0,0.5,"[174.0, 185.0, 188.0, 159.0, 156.0, 168.0, 174.0, 190.0, 185.0, 174.0]",22.51752471923828,0.0,275.4779357910156,2.0652637481689453,-117.0091552734375
1750932224.4589,0.0,0.5,"[174.0, 185.0, 187.0, 159.0, 156.0, 168.0, 174.0, 192.0, 185.0, 174.0]",22.718154907226562,0.0,275.3314514160156,2.0659542083740234,-116.57905578613281
1750932224.4754424,0.0,0.5,"[174.0, 185.0, 187.0, 159.0, 156.0, 168.0, 174.0, 192.0, 185.0, 174.0]",22.414979934692383,0.0,275.18695068359375,2.0672359466552734,-116.15469360351562
1750932224.4922013,0.0,0.5,"[174.0, 185.0, 187.0, 158.0, 156.0, 167.0, 174.0, 193.0, 185.0, 174.0]",22.622610092163086,0.0,275.040771484375,2.0689334869384766,-115.72650146484375
1750932224.5080514,0.0,0.5,"[174.0, 185.0, 187.0, 158.0, 156.0, 167.0, 174.0, 194.0, 185.0, 174.0]",22.651453018188477,0.0,274.89447021484375,2.071063995361328,-115.29776000976562
1750932224.52411,0.0,0.5,"[174.0, 185.0, 186.0, 158.0, 155.0, 167.0, 175.0, 195.0, 185.0, 174.0]",22.808837890625,0.0,274.7470397949219,2.0734920501708984,-114.86605834960938
1750932224.5400844,0.0,0.5,"[174.0, 185.0, 186.0, 158.0, 155.0, 167.0, 175.0, 197.0, 185.0, 174.0]",22.572092056274414,0.0,274.60107421875,2.0761451721191406,-114.43887329101562
1750932224.5685751,-1.0,0.5,"[174.0, 185.0, 186.0, 157.0, 155.0, 167.0, 175.0, 197.0, 185.0, 174.0]",22.804311752319336,0.0,274.45343017578125,2.0789260864257812,-114.00735473632812
1750932224.5850883,-1.0,0.5,"[174.0, 185.0, 186.0, 158.0, 156.0, 167.0, 174.0, 197.0, 185.0, 174.0]",22.392492294311523,-0.5,274.29315185546875,2.0778656005859375,-113.58917236328125
1750932224.6013074,-1.0,0.5,"[174.0, 185.0, 187.0, 159.0, 157.0, 168.0, 173.0, 195.0, 185.0, 174.0]",22.358386993408203,-0.5,274.11260986328125,2.071645736694336,-113.18011474609375
1750932224.6175616,-1.0,0.5,"[174.0, 185.0, 189.0, 161.0, 159.0, 169.0, 170.0, 192.0, 185.0, 174.0]",21.859342575073242,-0.5,273.9125671386719,2.0593204498291016,-112.79159545898438
1750932224.660834,-1.0,0.5,"[174.0, 185.0, 192.0, 164.0, 160.0, 171.0, 167.0, 187.0, 185.0, 174.0]",21.935718536376953,-0.5,273.6913146972656,2.041332244873047,-112.41317749023438
1750932224.6773143,-1.0,0.5,"[174.0, 185.0, 195.0, 167.0, 161.0, 173.0, 163.0, 184.0, 185.0, 174.0]",21.787382125854492,-0.5,273.45477294921875,2.0187606811523438,-112.04791259765625
1750932224.6789436,-1.0,0.5,"[174.0, 185.0, 195.0, 167.0, 161.0, 173.0, 163.0, 184.0, 185.0, 174.0]",21.878774642944336,-0.5,273.20184326171875,1.9916191101074219,-111.69187927246094
1750932224.7258532,0.0,0.5,"[174.0, 185.0, 203.0, 173.0, 164.0, 176.0, 156.0, 175.0, 185.0, 174.0]",21.672691345214844,-0.5,272.9371032714844,1.9604949951171875,-111.35009765625
1750932224.7455924,0.0,0.5,"[174.0, 185.0, 206.0, 175.0, 165.0, 156.0, 154.0, 172.0, 185.0, 174.0]",21.89764976501465,0.0,272.6773376464844,1.9318008422851562,-110.9986572265625
1750932224.747374,0.0,0.5,"[174.0, 185.0, 206.0, 175.0, 165.0, 156.0, 154.0, 172.0, 185.0, 174.0]",21.76894760131836,0.0,272.42913818359375,1.9069595336914062,-110.64181518554688
1750932224.7662232,0.0,0.5,"[174.0, 185.0, 207.0, 176.0, 165.0, 154.0, 153.0, 172.0, 185.0, 174.0]",21.99435806274414,0.0,272.1809997558594,1.8832168579101562,-110.27938842773438
1750932224.7856953,0.0,0.5,"[174.0, 185.0, 207.0, 176.0, 165.0, 154.0, 152.0, 171.0, 185.0, 174.0]",21.725194931030273,0.0,271.9360656738281,1.8602771759033203,-109.92123413085938
1750932224.8045912,0.0,0.5,"[174.0, 185.0, 207.0, 176.0, 165.0, 154.0, 152.0, 171.0, 185.0, 174.0]",21.938051223754883,0.0,271.6883239746094,1.8373279571533203,-109.559814453125
1750932224.8246074,0.0,0.5,"[174.0, 185.0, 209.0, 176.0, 165.0, 154.0, 152.0, 171.0, 185.0, 174.0]",21.981916427612305,0.0,271.4399719238281,1.8145771026611328,-109.19775390625
1750932224.8433833,0.0,0.5,"[174.0, 185.0, 209.0, 176.0, 165.0, 154.0, 152.0, 171.0, 185.0, 174.0]",22.14457130432129,0.0,271.18963623046875,1.7917938232421875,-108.8331298828125
1750932224.8627164,0.0,0.5,"[174.0, 185.0, 209.0, 177.0, 164.0, 154.0, 152.0, 170.0, 185.0, 174.0]",21.939607620239258,0.0,270.9414978027344,1.769369125366211,-108.471923828125
1750932224.882025,0.0,0.5,"[174.0, 185.0, 210.0, 177.0, 164.0, 154.0, 152.0, 170.0, 185.0, 174.0]",22.183412551879883,0.0,270.6904296875,1.7470169067382812,-108.1068115234375
1750932224.901435,0.0,0.5,"[174.0, 185.0, 211.0, 177.0, 164.0, 153.0, 152.0, 170.0, 185.0, 174.0]",21.999370574951172,0.0,270.4415283203125,1.7254295349121094,-107.74462890625
1750932224.9207556,0.0,0.5,"[174.0, 185.0, 211.0, 177.0, 164.0, 154.0, 152.0, 170.0, 185.0, 174.0]",22.233285903930664,0.0,270.18963623046875,1.7039909362792969,-107.37881469726562
1750932224.9556618,0.0,0.5,"[174.0, 185.0, 211.0, 177.0, 164.0, 155.0, 152.0, 170.0, 185.0, 174.0]",22.14274787902832,0.0,269.938720703125,1.6830387115478516,-107.01451110839844
1750932224.9747922,0.0,0.5,"[174.0, 185.0, 211.0, 176.0, 164.0, 158.0, 152.0, 170.0, 185.0, 174.0]",22.3570613861084,0.0,269.6853332519531,1.6621742248535156,-106.64669799804688
1750932224.9941564,0.0,0.5,"[174.0, 185.0, 212.0, 176.0, 164.0, 157.0, 152.0, 170.0, 185.0, 174.0]",22.194150924682617,0.0,269.433837890625,1.6417388916015625,-106.281494140625
1750932225.0129142,0.0,0.5,"[174.0, 185.0, 212.0, 176.0, 164.0, 159.0, 152.0, 170.0, 185.0, 174.0]",22.387575149536133,0.0,269.1799011230469,1.6211967468261719,-105.91329956054688
1750932225.0321019,0.0,0.5,"[174.0, 185.0, 212.0, 176.0, 164.0, 159.0, 151.0, 170.0, 185.0, 174.0]",22.2836971282959,0.0,268.9271240234375,1.601043701171875,-105.54679870605469
1750932225.051303,0.0,0.5,"[174.0, 185.0, 212.0, 176.0, 163.0, 159.0, 151.0, 170.0, 185.0, 174.0]",22.51535415649414,0.0,268.671630859375,1.581216812133789,-105.176513671875
1750932225.0709176,0.0,0.5,"[174.0, 185.0, 213.0, 176.0, 163.0, 159.0, 151.0, 170.0, 185.0, 174.0]",22.322633743286133,0.0,268.4184265136719,1.5621376037597656,-104.80929565429688
1750932225.0899723,0.0,0.5,"[174.0, 185.0, 214.0, 176.0, 163.0, 159.0, 151.0, 170.0, 185.0, 174.0]",22.531206130981445,0.0,268.1624755859375,1.5432205200195312,-104.43890380859375
1750932225.1090074,0.0,0.5,"[174.0, 185.0, 214.0, 175.0, 163.0, 160.0, 151.0, 169.0, 185.0, 174.0]",22.44394874572754,0.0,267.907470703125,1.5247478485107422,-104.0699462890625
1750932225.1280155,0.0,0.5,"[174.0, 185.0, 214.0, 175.0, 163.0, 161.0, 151.0, 169.0, 185.0, 174.0]",22.68378257751465,0.0,267.64971923828125,1.5063514709472656,-103.69705200195312
1750932225.1475508,0.0,0.5,"[174.0, 185.0, 214.0, 175.0, 163.0, 161.0, 150.0, 169.0, 185.0, 174.0]",22.48137855529785,0.0,267.3943176269531,1.4883613586425781,-103.32743835449219
1750932225.1666393,0.0,0.5,"[174.0, 185.0, 214.0, 175.0, 163.0, 162.0, 150.0, 169.0, 185.0, 174.0]",22.69679832458496,0.0,267.1361999511719,1.4703254699707031,-102.9544677734375
1750932225.185897,0.0,0.5,"[174.0, 185.0, 215.0, 175.0, 163.0, 162.0, 149.0, 169.0, 185.0, 174.0]",22.605802536010742,0.0,266.8790588378906,1.4529037475585938,-102.5830078125
1750932225.2052884,0.0,0.5,"[174.0, 185.0, 215.0, 175.0, 163.0, 174.0, 149.0, 168.0, 185.0, 174.0]",22.78023910522461,0.0,266.6198425292969,1.4359073638916016,-102.20870971679688
1750932225.2244053,0.0,0.5,"[174.0, 185.0, 215.0, 175.0, 162.0, 174.0, 149.0, 167.0, 185.0, 174.0]",22.604280471801758,0.0,266.3627624511719,1.4196033477783203,-101.83718872070312
1750932225.2433472,0.0,0.5,"[174.0, 185.0, 215.0, 175.0, 162.0, 174.0, 149.0, 167.0, 185.0, 174.0]",22.86568260192871,0.0,266.1023864746094,1.4034099578857422,-101.46157836914062
1750932225.2625666,0.0,0.5,"[174.0, 185.0, 215.0, 174.0, 162.0, 174.0, 149.0, 167.0, 185.0, 174.0]",22.76596450805664,0.0,265.8429870605469,1.3875846862792969,-101.08770751953125
1750932225.2824156,0.0,0.5,"[174.0, 185.0, 215.0, 174.0, 162.0, 174.0, 148.0, 167.0, 185.0, 174.0]",22.925365447998047,0.0,265.58172607421875,1.3718585968017578,-100.71124267578125
1750932225.3013368,0.0,0.5,"[174.0, 185.0, 215.0, 174.0, 162.0, 174.0, 148.0, 167.0, 185.0, 174.0]",22.781959533691406,0.0,265.32220458984375,1.3565120697021484,-100.33705139160156
1750932225.320545,0.0,0.5,"[174.0, 185.0, 217.0, 174.0, 162.0, 173.0, 148.0, 166.0, 185.0, 174.0]",23.0107364654541,0.0,265.0598449707031,1.341482162475586,-99.95925903320312
1750932225.3550684,0.0,0.5,"[174.0, 185.0, 217.0, 174.0, 162.0, 173.0, 148.0, 165.0, 185.0, 174.0]",22.817739486694336,0.0,264.7996520996094,1.3271923065185547,-99.58462524414062
1750932225.374136,0.0,0.5,"[174.0, 185.0, 217.0, 174.0, 162.0, 173.0, 148.0, 165.0, 185.0, 174.0]",23.05565643310547,0.0,264.5365295410156,1.3132076263427734,-99.20619201660156
1750932225.393684,0.0,0.5,"[174.0, 185.0, 217.0, 173.0, 161.0, 173.0, 147.0, 165.0, 185.0, 174.0]",22.957338333129883,0.0,264.2746276855469,1.2997493743896484,-98.82931518554688
1750932225.4126642,0.0,0.5,"[174.0, 185.0, 217.0, 173.0, 161.0, 173.0, 147.0, 164.0, 185.0, 174.0]",23.147571563720703,0.0,264.01031494140625,1.2864246368408203,-98.44947814941406
1750932225.4317496,0.0,0.5,"[174.0, 185.0, 217.0, 173.0, 161.0, 173.0, 147.0, 164.0, 185.0, 174.0]",22.969194412231445,0.0,263.7480163574219,1.2734699249267578,-98.07257080078125
1750932225.4512026,0.0,0.5,"[174.0, 185.0, 217.0, 173.0, 161.0, 173.0, 147.0, 164.0, 185.0, 174.0]",23.194076538085938,0.0,263.4830322265625,1.2605323791503906,-97.69204711914062
1750932225.470847,0.0,0.5,"[174.0, 185.0, 217.0, 173.0, 161.0, 172.0, 146.0, 164.0, 185.0, 174.0]",23.088043212890625,0.0,263.21929931640625,1.2482376098632812,-97.31320190429688
1750932225.4900107,0.0,0.5,"[174.0, 185.0, 217.0, 173.0, 161.0, 172.0, 146.0, 163.0, 185.0, 174.0]",23.2783260345459,0.0,262.9530944824219,1.2363758087158203,-96.93142700195312
1750932225.5097096,0.0,0.5,"[174.0, 185.0, 217.0, 171.0, 161.0, 172.0, 146.0, 162.0, 185.0, 174.0]",23.065153121948242,0.0,262.6893615722656,1.2251605987548828,-96.55313110351562
1750932225.528623,0.0,0.5,"[174.0, 185.0, 215.0, 171.0, 160.0, 172.0, 146.0, 162.0, 185.0, 174.0]",23.354013442993164,0.0,262.4221496582031,1.2141780853271484,-96.17019653320312
1750932225.5477695,0.0,0.5,"[174.0, 185.0, 215.0, 171.0, 160.0, 172.0, 145.0, 162.0, 185.0, 174.0]",23.238454818725586,0.0,262.15625,1.2036075592041016,-95.78913879394531
1750932225.566263,0.0,0.5,"[174.0, 185.0, 215.0, 171.0, 160.0, 172.0, 145.0, 161.0, 185.0, 174.0]",23.38950538635254,0.0,261.8883972167969,1.1931285858154297,-95.40576171875
1750932225.5852945,0.0,0.5,"[174.0, 185.0, 215.0, 171.0, 160.0, 171.0, 144.0, 161.0, 185.0, 174.0]",23.257658004760742,0.0,261.6220703125,1.1829681396484375,-95.0245361328125
1750932225.6039817,0.0,0.5,"[174.0, 185.0, 215.0, 170.0, 160.0, 171.0, 144.0, 160.0, 185.0, 174.0]",23.49978256225586,0.0,261.35284423828125,1.173269271850586,-94.63941955566406
1750932225.623029,0.0,0.5,"[174.0, 185.0, 214.0, 170.0, 160.0, 171.0, 144.0, 159.0, 185.0, 174.0]",23.249481201171875,0.0,261.0865478515625,1.1643009185791016,-94.25834655761719
1750932225.6419952,0.0,0.5,"[174.0, 185.0, 214.0, 170.0, 160.0, 171.0, 144.0, 159.0, 185.0, 174.0]",23.47803497314453,0.0,260.81732177734375,1.1556472778320312,-93.87371826171875
1750932225.6595266,0.0,0.5,"[174.0, 185.0, 214.0, 170.0, 159.0, 171.0, 143.0, 158.0, 185.0, 174.0]",23.43122100830078,0.0,260.5486145019531,1.1474266052246094,-93.4898681640625
1750932225.708807,0.0,0.5,"[174.0, 185.0, 214.0, 170.0, 159.0, 171.0, 143.0, 158.0, 185.0, 174.0]",23.63666343688965,0.0,260.2774963378906,1.139413833618164,-93.10270690917969
1750932225.727638,0.0,0.5,"[174.0, 185.0, 213.0, 169.0, 159.0, 171.0, 142.0, 158.0, 185.0, 174.0]",23.402355194091797,0.0,260.009033203125,1.1317405700683594,-92.71937561035156
1750932225.729217,0.0,0.5,"[174.0, 185.0, 213.0, 169.0, 159.0, 171.0, 142.0, 158.0, 185.0, 174.0]",23.6300048828125,0.0,259.73779296875,1.1242008209228516,-92.33242797851562
1750932225.7481108,0.0,0.5,"[174.0, 185.0, 212.0, 169.0, 159.0, 170.0, 144.0, 156.0, 185.0, 174.0]",23.516008377075195,0.0,259.4678955078125,1.1173439025878906,-91.94732666015625
1750932225.7666762,0.0,0.5,"[174.0, 185.0, 212.0, 169.0, 159.0, 170.0, 145.0, 155.0, 185.0, 174.0]",23.753459930419922,0.0,259.19500732421875,1.1109066009521484,-91.55850219726562
1750932225.7851603,0.0,0.5,"[174.0, 185.0, 211.0, 169.0, 159.0, 170.0, 145.0, 155.0, 185.0, 174.0]",23.485244750976562,0.0,258.9252014160156,1.1050338745117188,-91.174072265625
1750932225.8041353,0.0,0.5,"[174.0, 185.0, 211.0, 168.0, 159.0, 169.0, 146.0, 154.0, 185.0, 174.0]",23.73419952392578,0.0,258.6523132324219,1.0993938446044922,-90.78570556640625
1750932225.8227289,0.0,0.5,"[174.0, 185.0, 211.0, 168.0, 158.0, 169.0, 146.0, 153.0, 185.0, 174.0]",23.709609985351562,0.0,258.3797302246094,1.0940780639648438,-90.39773559570312
1750932225.8416245,0.0,0.5,"[174.0, 185.0, 211.0, 168.0, 158.0, 169.0, 147.0, 153.0, 185.0, 174.0]",23.860227584838867,0.0,258.1052551269531,1.0889015197753906,-90.00741577148438
1750932225.8600082,0.0,0.5,"[174.0, 185.0, 210.0, 168.0, 158.0, 169.0, 148.0, 151.0, 185.0, 174.0]",23.6300048828125,0.0,257.8334655761719,1.0841846466064453,-89.62080383300781
1750932225.8934934,0.0,0.5,"[174.0, 185.0, 209.0, 167.0, 158.0, 169.0, 148.0, 151.0, 185.0, 174.0]",23.878782272338867,0.0,257.55859375,1.079986572265625,-89.23028564453125
1750932225.9110389,0.0,0.5,"[174.0, 185.0, 209.0, 167.0, 158.0, 169.0, 149.0, 153.0, 185.0, 174.0]",23.717504501342773,0.0,257.28564453125,1.0763740539550781,-88.84234619140625
1750932225.9296784,0.0,0.5,"[174.0, 185.0, 209.0, 167.0, 158.0, 168.0, 149.0, 154.0, 185.0, 174.0]",23.983070373535156,0.0,257.0094299316406,1.0730838775634766,-88.45022583007812
1750932225.947979,0.0,0.5,"[174.0, 185.0, 207.0, 167.0, 158.0, 168.0, 150.0, 155.0, 185.0, 174.0]",23.750097274780273,0.0,256.73590087890625,1.0701942443847656,-88.06190490722656
1750932225.9661775,0.0,0.5,"[174.0, 185.0, 207.0, 166.0, 157.0, 168.0, 151.0, 156.0, 185.0, 174.0]",23.977035522460938,0.0,256.4595642089844,1.0674915313720703,-87.67001342773438
1750932225.984867,0.0,0.5,"[174.0, 185.0, 207.0, 166.0, 157.0, 168.0, 151.0, 156.0, 185.0, 174.0]",23.896150588989258,0.0,256.1842041015625,1.0650691986083984,-87.27938842773438
1750932226.0031335,0.0,0.5,"[174.0, 185.0, 206.0, 166.0, 157.0, 168.0, 152.0, 158.0, 185.0, 174.0]",24.102317810058594,0.0,255.90631103515625,1.0631256103515625,-86.88551330566406
1750932226.0217168,0.0,0.5,"[174.0, 185.0, 206.0, 166.0, 157.0, 168.0, 152.0, 159.0, 185.0, 174.0]",23.838642120361328,0.0,255.63145446777344,1.0617923736572266,-86.49594116210938
1750932226.0397162,0.0,0.5,"[174.0, 185.0, 206.0, 166.0, 157.0, 167.0, 153.0, 160.0, 185.0, 174.0]",24.06618309020996,0.0,255.35372924804688,1.0608482360839844,-86.10281372070312
1750932226.0873306,0.0,0.5,"[174.0, 185.0, 206.0, 166.0, 157.0, 167.0, 153.0, 161.0, 185.0, 174.0]",24.023412704467773,0.0,255.07655334472656,1.060323715209961,-85.71035766601562
1750932226.1056533,0.0,0.5,"[174.0, 185.0, 204.0, 165.0, 156.0, 167.0, 154.0, 162.0, 185.0, 174.0]",24.221221923828125,0.0,254.7969207763672,1.0600414276123047,-85.31478881835938
1750932226.1071894,0.0,0.5,"[174.0, 185.0, 204.0, 165.0, 156.0, 167.0, 154.0, 162.0, 185.0, 174.0]",23.966629028320312,0.0,254.52024841308594,1.0600738525390625,-84.92337036132812
1750932226.1249254,0.0,0.5,"[174.0, 185.0, 204.0, 164.0, 156.0, 167.0, 154.0, 164.0, 185.0, 174.0]",24.196975708007812,0.0,254.24073791503906,1.0603599548339844,-84.52830505371094
1750932226.1434357,0.0,0.5,"[174.0, 185.0, 203.0, 164.0, 156.0, 167.0, 154.0, 164.0, 185.0, 174.0]",24.099342346191406,0.0,253.96237182617188,1.0612621307373047,-84.13482666015625
1750932226.1612659,0.0,0.5,"[174.0, 185.0, 203.0, 164.0, 156.0, 166.0, 155.0, 165.0, 185.0, 174.0]",24.317306518554688,0.0,253.6813201904297,1.062652587890625,-83.7379150390625
1750932226.1791449,0.0,0.5,"[174.0, 185.0, 203.0, 164.0, 156.0, 166.0, 155.0, 166.0, 185.0, 174.0]",24.042945861816406,0.0,253.40347290039062,1.0644950866699219,-83.345458984375
1750932226.225337,0.0,0.5,"[174.0, 185.0, 201.0, 163.0, 155.0, 166.0, 155.0, 167.0, 185.0, 174.0]",24.28872299194336,0.0,253.12257385253906,1.0666236877441406,-82.94915771484375
1750932226.24305,0.0,0.5,"[174.0, 185.0, 201.0, 163.0, 155.0, 166.0, 156.0, 167.0, 185.0, 174.0]",24.264562606811523,0.0,252.84194946289062,1.0690422058105469,-82.55322265625
1750932226.2447116,0.0,0.5,"[174.0, 185.0, 201.0, 163.0, 155.0, 166.0, 156.0, 167.0, 185.0, 174.0]",24.402982711791992,0.0,252.55958557128906,1.0717086791992188,-82.1551513671875
1750932226.2621458,0.0,0.5,"[174.0, 185.0, 200.0, 163.0, 155.0, 165.0, 156.0, 169.0, 185.0, 174.0]",24.172609329223633,0.0,252.27992248535156,1.0748577117919922,-81.76080322265625
1750932226.2796495,0.0,0.5,"[174.0, 185.0, 200.0, 163.0, 155.0, 165.0, 156.0, 170.0, 185.0, 174.0]",24.417129516601562,0.0,251.99720764160156,1.0785484313964844,-81.36264038085938
1750932226.32427,0.0,0.5,"[174.0, 185.0, 200.0, 163.0, 154.0, 165.0, 156.0, 170.0, 185.0, 174.0]",24.258609771728516,0.0,251.7163543701172,1.0827159881591797,-80.96705627441406
1750932226.3417206,0.0,0.5,"[174.0, 185.0, 198.0, 162.0, 154.0, 165.0, 158.0, 172.0, 185.0, 174.0]",24.5137996673584,0.0,251.432373046875,1.0872516632080078,-80.56742858886719
1750932226.3434253,0.0,0.5,"[174.0, 185.0, 198.0, 162.0, 154.0, 165.0, 158.0, 172.0, 185.0, 174.0]",24.27842140197754,0.0,251.15113830566406,1.0920696258544922,-80.171630859375
1750932226.3605459,0.0,0.5,"[174.0, 185.0, 197.0, 162.0, 154.0, 164.0, 158.0, 172.0, 185.0, 174.0]",24.512691497802734,0.0,250.86700439453125,1.0971145629882812,-79.77212524414062
1750932226.391841,0.0,0.5,"[174.0, 185.0, 197.0, 162.0, 154.0, 164.0, 159.0, 173.0, 185.0, 174.0]",24.394596099853516,0.0,250.5842742919922,1.102499008178711,-79.37454223632812
1750932226.4088905,0.0,0.5,"[174.0, 185.0, 197.0, 162.0, 153.0, 164.0, 161.0, 173.0, 185.0, 174.0]",24.629533767700195,0.0,250.2986602783203,1.1084766387939453,-78.9732666015625
1750932226.4258597,0.0,0.5,"[174.0, 185.0, 197.0, 161.0, 153.0, 164.0, 162.0, 173.0, 185.0, 174.0]",24.336790084838867,0.0,250.01649475097656,1.1149253845214844,-78.57670593261719
1750932226.4429293,0.0,0.5,"[174.0, 185.0, 196.0, 161.0, 153.0, 163.0, 164.0, 175.0, 185.0, 174.0]",24.57400894165039,0.0,249.73135375976562,1.121786117553711,-78.17645263671875
1750932226.4600918,0.0,0.5,"[174.0, 185.0, 195.0, 161.0, 153.0, 163.0, 164.0, 175.0, 185.0, 174.0]",24.55831527709961,0.0,249.44642639160156,1.1289863586425781,-77.77644348144531
1750932226.4919717,0.0,0.5,"[174.0, 185.0, 195.0, 161.0, 153.0, 163.0, 166.0, 176.0, 185.0, 174.0]",24.69556427001953,0.0,249.15975952148438,1.1364288330078125,-77.37429809570312
1750932226.509046,0.0,0.5,"[174.0, 185.0, 195.0, 161.0, 153.0, 163.0, 167.0, 176.0, 185.0, 174.0]",24.479724884033203,0.0,248.8756561279297,1.1440277099609375,-76.97564697265625
1750932226.5267441,0.0,0.5,"[174.0, 185.0, 194.0, 160.0, 152.0, 163.0, 168.0, 176.0, 185.0, 174.0]",24.73269271850586,0.0,248.5884552001953,1.1521148681640625,-76.57296752929688
1750932226.5440574,0.0,0.5,"[174.0, 185.0, 193.0, 160.0, 152.0, 162.0, 169.0, 176.0, 185.0, 174.0]",24.52179718017578,0.0,248.3037567138672,1.1607017517089844,-76.17372131347656
1750932226.5612116,0.0,0.5,"[174.0, 185.0, 193.0, 160.0, 152.0, 162.0, 170.0, 177.0, 185.0, 174.0]",24.758718490600586,0.0,248.01608276367188,1.1697578430175781,-75.77078247070312
1750932226.5791407,0.0,0.5,"[174.0, 185.0, 193.0, 160.0, 152.0, 162.0, 171.0, 178.0, 185.0, 174.0]",24.579425811767578,0.0,247.7305145263672,1.1791439056396484,-75.37075805664062
1750932226.6236656,0.0,0.5,"[174.0, 185.0, 193.0, 159.0, 151.0, 162.0, 172.0, 178.0, 185.0, 174.0]",24.823148727416992,0.0,247.44198608398438,1.1888618469238281,-74.96685791015625
1750932226.6409912,0.0,0.5,"[174.0, 185.0, 192.0, 159.0, 151.0, 162.0, 173.0, 178.0, 185.0, 174.0]",24.645092010498047,0.0,247.1555938720703,1.1987476348876953,-74.56582641601562
1750932226.6425679,0.0,0.5,"[174.0, 185.0, 192.0, 159.0, 151.0, 162.0, 173.0, 178.0, 185.0, 174.0]",24.867795944213867,0.0,246.86643981933594,1.2089004516601562,-74.16128540039062
1750932226.65924,0.0,0.5,"[174.0, 185.0, 192.0, 159.0, 151.0, 161.0, 174.0, 181.0, 185.0, 174.0]",24.651782989501953,0.0,246.579833984375,1.2194404602050781,-73.76025390625
1750932226.703545,0.0,0.5,"[174.0, 185.0, 190.0, 158.0, 150.0, 161.0, 174.0, 184.0, 185.0, 174.0]",24.894365310668945,0.0,246.2902374267578,1.2305126190185547,-73.35539245605469
1750932226.7201302,0.0,0.5,"[174.0, 185.0, 190.0, 158.0, 150.0, 161.0, 175.0, 185.0, 185.0, 174.0]",24.721818923950195,0.0,246.00271606445312,1.2419605255126953,-72.95330810546875
1750932226.7216876,0.0,0.5,"[174.0, 185.0, 190.0, 158.0, 150.0, 161.0, 175.0, 185.0, 185.0, 174.0]",24.952913284301758,0.0,245.71231079101562,1.2537956237792969,-72.547607421875
1750932226.738101,0.0,0.5,"[174.0, 185.0, 190.0, 158.0, 150.0, 160.0, 176.0, 189.0, 185.0, 174.0]",24.74984359741211,0.0,245.42428588867188,1.2658233642578125,-72.14523315429688
1750932226.7815053,0.0,0.5,"[174.0, 185.0, 189.0, 156.0, 149.0, 160.0, 176.0, 190.0, 185.0, 174.0]",24.97205352783203,0.0,245.13356018066406,1.2781333923339844,-71.73931884765625
1750932226.7982013,0.0,0.5,"[174.0, 185.0, 189.0, 156.0, 149.0, 160.0, 176.0, 192.0, 185.0, 174.0]",24.843181610107422,0.0,244.8444061279297,1.2907562255859375,-71.33544921875
1750932226.7998009,0.0,0.5,"[174.0, 185.0, 189.0, 156.0, 149.0, 160.0, 176.0, 192.0, 185.0, 174.0]",25.039562225341797,0.0,244.55276489257812,1.3038520812988281,-70.92855834960938
1750932226.8425994,0.0,0.5,"[174.0, 185.0, 187.0, 155.0, 149.0, 159.0, 188.0, 195.0, 185.0, 174.0]",24.810890197753906,0.0,244.2638397216797,1.3172340393066406,-70.52534484863281
1750932226.8594124,0.0,0.5,"[174.0, 185.0, 187.0, 155.0, 148.0, 159.0, 197.0, 197.0, 185.0, 174.0]",25.055448532104492,0.0,243.971923828125,1.331075668334961,-70.1182861328125
1750932226.861034,0.0,0.5,"[174.0, 185.0, 187.0, 155.0, 148.0, 159.0, 197.0, 197.0, 185.0, 174.0]",24.928457260131836,0.0,243.68153381347656,1.3451900482177734,-69.7132568359375
1750932226.8778868,0.0,0.5,"[174.0, 185.0, 186.0, 154.0, 148.0, 158.0, 197.0, 198.0, 185.0, 174.0]",25.11454963684082,0.0,243.38882446289062,1.3596305847167969,-69.30532836914062
1750932226.9214864,0.0,0.5,"[174.0, 185.0, 186.0, 154.0, 147.0, 158.0, 197.0, 200.0, 185.0, 174.0]",24.908357620239258,0.0,243.09854125976562,1.374277114868164,-68.90072631835938
1750932226.9387789,0.0,0.5,"[174.0, 185.0, 184.0, 154.0, 147.0, 158.0, 196.0, 201.0, 185.0, 174.0]",25.15018081665039,0.0,242.80531311035156,1.3894901275634766,-68.49232482910156
1750932226.9405005,0.0,0.5,"[174.0, 185.0, 184.0, 154.0, 147.0, 158.0, 196.0, 201.0, 185.0, 174.0]",24.96807861328125,0.0,242.5142822265625,1.405019760131836,-68.08683776855469
1750932226.9698987,0.0,0.5,"[174.0, 185.0, 183.0, 153.0, 147.0, 157.0, 194.0, 203.0, 185.0, 174.0]",25.185876846313477,0.0,242.2205047607422,1.4209442138671875,-67.677978515625
1750932226.9865918,0.0,0.5,"[174.0, 185.0, 183.0, 152.0, 146.0, 157.0, 194.0, 204.0, 185.0, 174.0]",24.990018844604492,0.0,241.92904663085938,1.4370555877685547,-67.27227783203125
1750932227.0035112,0.0,0.5,"[174.0, 185.0, 181.0, 152.0, 146.0, 157.0, 194.0, 205.0, 185.0, 174.0]",25.22050666809082,0.0,241.63479614257812,1.4535331726074219,-66.8629150390625
1750932227.0202048,0.0,0.5,"[174.0, 185.0, 181.0, 152.0, 146.0, 157.0, 193.0, 206.0, 185.0, 174.0]",25.068090438842773,0.0,241.34239196777344,1.4701786041259766,-66.45599365234375
1750932227.049045,0.0,0.5,"[174.0, 185.0, 179.0, 151.0, 145.0, 156.0, 193.0, 206.0, 185.0, 174.0]",25.291479110717773,0.0,241.04721069335938,1.4873180389404297,-66.04559326171875
1750932227.0656495,0.0,0.5,"[174.0, 185.0, 179.0, 151.0, 145.0, 156.0, 193.0, 207.0, 185.0, 174.0]",25.02984619140625,0.0,240.75514221191406,1.5047492980957031,-65.639404296875
1750932227.082291,0.0,0.5,"[174.0, 185.0, 178.0, 149.0, 144.0, 156.0, 192.0, 209.0, 185.0, 174.0]",25.261577606201172,0.0,240.46018981933594,1.5226593017578125,-65.22958374023438
1750932227.0994036,0.0,0.5,"[174.0, 185.0, 177.0, 149.0, 144.0, 155.0, 192.0, 209.0, 185.0, 174.0]",25.173986434936523,0.0,240.1663360595703,1.5408287048339844,-64.8211669921875
1750932227.1414628,-1.0,0.5,"[174.0, 185.0, 176.0, 148.0, 144.0, 155.0, 191.0, 209.0, 185.0, 174.0]",25.35818862915039,0.0,239.8701934814453,1.5593147277832031,-64.40985107421875
1750932227.158927,-1.0,0.5,"[174.0, 185.0, 176.0, 148.0, 144.0, 155.0, 192.0, 209.0, 185.0, 174.0]",24.85374641418457,-0.5,239.5672149658203,1.5740280151367188,-64.01608276367188
1750932227.1606498,-1.0,0.5,"[174.0, 185.0, 176.0, 148.0, 144.0, 155.0, 192.0, 209.0, 185.0, 174.0]",24.84568977355957,-0.5,239.24847412109375,1.5843544006347656,-63.635009765625
1750932227.1929266,0.0,0.5,"[174.0, 185.0, 178.0, 151.0, 146.0, 157.0, 196.0, 205.0, 185.0, 174.0]",24.40111541748047,-0.5,238.91624450683594,1.5890369415283203,-63.277557373046875
1750932227.2114778,0.0,0.5,"[174.0, 185.0, 178.0, 151.0, 146.0, 158.0, 197.0, 204.0, 185.0, 174.0]",24.604793548583984,0.0,238.5904541015625,1.5969467163085938,-62.908843994140625
1750932227.2303905,0.0,0.5,"[174.0, 185.0, 178.0, 151.0, 146.0, 158.0, 197.0, 204.0, 185.0, 174.0]",24.3240966796875,0.0,238.27288818359375,1.6064720153808594,-62.54042053222656
1750932227.2491562,0.0,0.5,"[174.0, 185.0, 178.0, 151.0, 146.0, 157.0, 197.0, 204.0, 185.0, 174.0]",24.58307456970215,0.0,237.95211791992188,1.6164684295654297,-62.167938232421875
1750932227.2675512,0.0,0.5,"[174.0, 185.0, 176.0, 151.0, 146.0, 157.0, 197.0, 204.0, 185.0, 174.0]",24.462387084960938,0.0,237.63253784179688,1.6265640258789062,-61.797637939453125
1750932227.285526,0.0,0.5,"[174.0, 185.0, 176.0, 149.0, 145.0, 157.0, 197.0, 205.0, 185.0, 174.0]",24.6373291015625,0.0,237.31008911132812,1.6367549896240234,-61.4251708984375
1750932227.3033915,0.0,0.5,"[174.0, 185.0, 175.0, 149.0, 145.0, 157.0, 197.0, 206.0, 185.0, 174.0]",24.435686111450195,0.0,236.98997497558594,1.6471138000488281,-61.05604553222656
1750932227.321371,0.0,0.5,"[174.0, 185.0, 175.0, 149.0, 144.0, 156.0, 196.0, 206.0, 185.0, 174.0]",24.680572509765625,0.0,236.6663055419922,1.6578941345214844,-60.68351745605469
1750932227.3397048,0.0,0.5,"[174.0, 185.0, 173.0, 148.0, 144.0, 156.0, 196.0, 206.0, 185.0, 174.0]",24.508960723876953,0.0,236.34481811523438,1.6689643859863281,-60.31365966796875
1750932227.372487,0.0,0.5,"[174.0, 185.0, 173.0, 148.0, 144.0, 156.0, 194.0, 206.0, 185.0, 174.0]",24.72849464416504,0.0,236.0201873779297,1.680410385131836,-59.940704345703125
1750932227.3902204,0.0,0.5,"[174.0, 185.0, 172.0, 147.0, 143.0, 156.0, 194.0, 206.0, 185.0, 174.0]",24.519195556640625,0.0,235.69830322265625,1.692098617553711,-59.57093811035156
1750932227.4065995,0.0,0.5,"[174.0, 185.0, 172.0, 147.0, 143.0, 155.0, 193.0, 207.0, 185.0, 174.0]",24.753643035888672,0.0,235.3732147216797,1.704141616821289,-59.19775390625
1750932227.4242296,0.0,0.5,"[174.0, 185.0, 170.0, 146.0, 142.0, 155.0, 193.0, 207.0, 185.0, 174.0]",24.640302658081055,0.0,235.04966735839844,1.7164134979248047,-58.82623291015625
1750932227.4417536,-1.0,0.5,"[174.0, 185.0, 170.0, 146.0, 142.0, 155.0, 193.0, 207.0, 185.0, 174.0]",24.815937042236328,0.0,234.7236328125,1.7291755676269531,-58.452239990234375
1750932227.4594376,-1.0,0.5,"[174.0, 185.0, 170.0, 146.0, 142.0, 155.0, 193.0, 207.0, 185.0, 174.0]",24.28038787841797,-0.5,234.3917999267578,1.7383174896240234,-58.097808837890625
1750932227.5072825,-1.0,0.5,"[174.0, 185.0, 170.0, 147.0, 143.0, 156.0, 196.0, 205.0, 185.0, 174.0]",24.292327880859375,-0.5,234.04437255859375,1.7430534362792969,-57.75823974609375
1750932227.5269256,0.0,0.5,"[174.0, 185.0, 172.0, 148.0, 144.0, 157.0, 199.0, 203.0, 185.0, 174.0]",23.87275505065918,-0.5,233.6854705810547,1.7422962188720703,-57.443359375
1750932227.5286396,0.0,0.5,"[174.0, 185.0, 172.0, 148.0, 144.0, 157.0, 199.0, 203.0, 185.0, 174.0]",24.082324981689453,0.0,233.33126831054688,1.7443771362304688,-57.11698913574219
1750932227.5479643,0.0,0.5,"[174.0, 185.0, 173.0, 148.0, 144.0, 158.0, 181.0, 201.0, 185.0, 174.0]",23.75926971435547,0.0,232.98655700683594,1.74822998046875,-56.789947509765625
1750932227.5667613,0.0,0.5,"[174.0, 185.0, 173.0, 148.0, 144.0, 157.0, 200.0, 201.0, 185.0, 174.0]",24.12107276916504,0.0,232.63714599609375,1.7526588439941406,-56.45733642578125
1750932227.5860713,0.0,0.5,"[174.0, 185.0, 172.0, 148.0, 144.0, 157.0, 199.0, 202.0, 185.0, 174.0]",23.82365608215332,0.0,232.2917022705078,1.7574386596679688,-56.12921142578125
1750932227.604159,0.0,0.5,"[174.0, 185.0, 172.0, 147.0, 143.0, 157.0, 199.0, 203.0, 185.0, 174.0]",24.225852966308594,0.0,231.93995666503906,1.762624740600586,-55.796051025390625
1750932227.6227283,0.0,0.5,"[174.0, 185.0, 171.0, 147.0, 143.0, 157.0, 199.0, 204.0, 185.0, 174.0]",23.802724838256836,0.0,231.59397888183594,1.7679939270019531,-55.469085693359375
1750932227.6409657,0.0,0.5,"[174.0, 185.0, 170.0, 146.0, 142.0, 156.0, 295.0, 205.0, 185.0, 174.0]",24.203697204589844,0.0,231.24205017089844,1.7737064361572266,-55.13676452636719
1750932227.6602352,0.0,0.5,"[174.0, 185.0, 170.0, 145.0, 142.0, 156.0, 198.0, 206.0, 185.0, 174.0]",23.969236373901367,0.0,230.89341735839844,1.779550552368164,-54.80778503417969
1750932227.6943002,0.0,0.5,"[174.0, 185.0, 169.0, 145.0, 142.0, 156.0, 198.0, 207.0, 185.0, 174.0]",24.308147430419922,0.0,230.53973388671875,1.785623550415039,-54.474273681640625
1750932227.713345,0.0,0.5,"[174.0, 185.0, 169.0, 144.0, 141.0, 156.0, 197.0, 207.0, 185.0, 174.0]",23.904001235961914,0.0,230.1918182373047,1.7918510437011719,-54.14643859863281
1750932227.7322934,0.0,0.5,"[174.0, 185.0, 167.0, 144.0, 141.0, 155.0, 197.0, 209.0, 185.0, 174.0]",24.338037490844727,0.0,229.8376007080078,1.7986698150634766,-53.812652587890625
1750932227.7514608,-1.0,0.5,"[174.0, 185.0, 167.0, 143.0, 140.0, 155.0, 197.0, 209.0, 185.0, 174.0]",23.9835147857666,0.0,229.4884796142578,1.8057708740234375,-53.483795166015625
1750932227.7706213,-1.0,0.5,"[174.0, 185.0, 166.0, 143.0, 141.0, 155.0, 197.0, 209.0, 185.0, 174.0]",24.091644287109375,-0.5,229.12710571289062,1.8099117279052734,-53.16511535644531
1750932227.7889142,-1.0,0.5,"[174.0, 185.0, 167.0, 144.0, 142.0, 156.0, 199.0, 207.0, 185.0, 174.0]",23.584590911865234,-0.5,228.75927734375,1.8096504211425781,-52.869842529296875
1750932227.8085182,-1.0,0.5,"[174.0, 185.0, 169.0, 145.0, 143.0, 158.0, 182.0, 204.0, 185.0, 174.0]",23.488603591918945,-0.5,228.37832641601562,1.804464340209961,-52.595001220703125
1750932227.8282688,-1.0,0.5,"[174.0, 185.0, 170.0, 147.0, 145.0, 160.0, 175.0, 201.0, 185.0, 174.0]",23.311893463134766,-0.5,227.98631286621094,1.7942142486572266,-52.34283447265625
1750932227.849313,-1.0,0.5,"[174.0, 185.0, 173.0, 149.0, 147.0, 161.0, 171.0, 197.0, 185.0, 174.0]",23.247947692871094,-0.5,227.5835723876953,1.7794265747070312,-52.1109619140625
1750932227.8708482,0.0,0.5,"[174.0, 185.0, 176.0, 152.0, 150.0, 163.0, 168.0, 193.0, 185.0, 174.0]",23.07179069519043,-0.5,227.17259216308594,1.760293960571289,-51.902008056640625
1750932227.8926756,0.0,0.5,"[174.0, 185.0, 178.0, 154.0, 151.0, 164.0, 167.0, 192.0, 185.0, 174.0]",23.202165603637695,0.0,226.7637939453125,1.7434616088867188,-51.683074951171875
1750932227.913845,0.0,0.5,"[174.0, 185.0, 179.0, 154.0, 152.0, 165.0, 166.0, 190.0, 185.0, 174.0]",23.065284729003906,0.0,226.36166381835938,1.7289009094238281,-51.45750427246094
1750932227.9363172,0.0,0.5,"[174.0, 185.0, 179.0, 154.0, 152.0, 165.0, 166.0, 190.0, 185.0, 174.0]",23.29004669189453,0.0,225.95742797851562,1.7151813507080078,-51.226470947265625
1750932227.9586112,0.0,0.5,"[174.0, 185.0, 179.0, 154.0, 152.0, 165.0, 166.0, 190.0, 185.0, 174.0]",23.123180389404297,0.0,225.5560302734375,1.7017288208007812,-50.997161865234375
1750932227.9803941,0.0,0.5,"[174.0, 185.0, 179.0, 154.0, 152.0, 165.0, 166.0, 190.0, 185.0, 174.0]",23.316591262817383,0.0,225.1511993408203,1.6883106231689453,-50.76609802246094
1750932228.002332,0.0,0.5,"[174.0, 185.0, 179.0, 154.0, 151.0, 164.0, 166.0, 190.0, 185.0, 174.0]",23.177099227905273,0.0,224.74851989746094,1.675180435180664,-50.536865234375
1750932228.0240548,0.0,0.5,"[174.0, 185.0, 179.0, 154.0, 151.0, 164.0, 166.0, 192.0, 185.0, 174.0]",23.402036666870117,0.0,224.34178161621094,1.662282943725586,-50.30564880371094
1750932228.0257056,0.0,0.5,"[174.0, 185.0, 179.0, 154.0, 151.0, 164.0, 166.0, 192.0, 185.0, 174.0]",23.243974685668945,0.0,223.93756103515625,1.649749755859375,-50.07637023925781
1750932228.0475001,0.0,0.5,"[174.0, 185.0, 178.0, 154.0, 151.0, 164.0, 166.0, 192.0, 185.0, 174.0]",23.454647064208984,0.0,223.52972412109375,1.6373939514160156,-49.844940185546875
1750932228.0687413,0.0,0.5,"[174.0, 185.0, 178.0, 154.0, 151.0, 164.0, 166.0, 192.0, 185.0, 174.0]",23.29900550842285,0.0,223.12445068359375,1.6253032684326172,-49.615264892578125
1750932228.090481,0.0,0.5,"[174.0, 185.0, 178.0, 153.0, 151.0, 164.0, 166.0, 192.0, 185.0, 174.0]",23.536643981933594,0.0,222.71502685546875,1.6132965087890625,-49.38328552246094
1750932228.112094,0.0,0.5,"[174.0, 185.0, 178.0, 153.0, 150.0, 163.0, 166.0, 192.0, 185.0, 174.0]",23.4162654876709,0.0,222.30758666992188,1.60162353515625,-49.15266418457031
1750932228.134292,0.0,0.5,"[174.0, 185.0, 177.0, 153.0, 150.0, 163.0, 166.0, 193.0, 185.0, 174.0]",23.58580207824707,0.0,221.89730834960938,1.590261459350586,-48.92015838623047
1750932228.1570554,0.0,0.5,"[174.0, 185.0, 177.0, 153.0, 150.0, 163.0, 166.0, 193.0, 185.0, 174.0]",23.40108871459961,0.0,221.4901123046875,1.5793037414550781,-48.689697265625
1750932228.1787848,0.0,0.5,"[174.0, 185.0, 176.0, 153.0, 150.0, 163.0, 166.0, 193.0, 185.0, 174.0]",23.682926177978516,0.0,221.07801818847656,1.5685043334960938,-48.45643615722656
1750932228.200538,0.0,0.5,"[174.0, 185.0, 176.0, 153.0, 150.0, 163.0, 167.0, 193.0, 185.0, 174.0]",23.534582138061523,0.0,220.6683807373047,1.5579719543457031,-48.224822998046875
1750932228.222602,0.0,0.5,"[174.0, 185.0, 176.0, 153.0, 149.0, 163.0, 166.0, 193.0, 185.0, 174.0]",23.71526527404785,0.0,220.2556915283203,1.547555923461914,-47.99127197265625
1750932228.2445605,0.0,0.5,"[174.0, 185.0, 176.0, 152.0, 149.0, 162.0, 167.0, 193.0, 185.0, 174.0]",23.571252822875977,0.0,219.84542846679688,1.5374622344970703,-47.75926208496094
1750932228.2462053,0.0,0.5,"[174.0, 185.0, 176.0, 152.0, 149.0, 162.0, 167.0, 193.0, 185.0, 174.0]",23.78565788269043,0.0,219.4314422607422,1.527639389038086,-47.52513122558594
1750932228.2677546,0.0,0.5,"[174.0, 185.0, 175.0, 152.0, 149.0, 162.0, 167.0, 194.0, 185.0, 174.0]",23.631072998046875,0.0,219.02000427246094,1.5181331634521484,-47.292755126953125
1750932228.289696,0.0,0.5,"[174.0, 185.0, 175.0, 152.0, 149.0, 162.0, 167.0, 194.0, 185.0, 174.0]",23.846187591552734,0.0,218.60491943359375,1.5088214874267578,-47.058074951171875
1750932228.3117342,0.0,0.5,"[174.0, 185.0, 175.0, 152.0, 148.0, 162.0, 167.0, 195.0, 185.0, 174.0]",23.69916534423828,0.0,218.1923065185547,1.4997310638427734,-46.824981689453125
1750932228.3337011,0.0,0.5,"[174.0, 185.0, 175.0, 152.0, 148.0, 162.0, 167.0, 195.0, 185.0, 174.0]",23.908451080322266,0.0,217.77606201171875,1.4906845092773438,-46.58982849121094
1750932228.3556743,0.0,0.5,"[174.0, 185.0, 175.0, 151.0, 148.0, 161.0, 168.0, 195.0, 185.0, 174.0]",23.788311004638672,0.0,217.36178588867188,1.4818134307861328,-46.356048583984375
1750932228.3771496,0.0,0.5,"[174.0, 185.0, 175.0, 151.0, 148.0, 161.0, 169.0, 195.0, 185.0, 174.0]",23.96666717529297,0.0,216.94451904296875,1.4732589721679688,-46.12028503417969
1750932228.3986676,0.0,0.5,"[174.0, 185.0, 175.0, 151.0, 148.0, 161.0, 170.0, 195.0, 185.0, 174.0]",23.788389205932617,0.0,216.53025817871094,1.4650592803955078,-45.886474609375
1750932228.4197223,0.0,0.5,"[174.0, 185.0, 173.0, 151.0, 148.0, 161.0, 170.0, 195.0, 185.0, 174.0]",24.0468807220459,0.0,216.11151123046875,1.4569644927978516,-45.650054931640625
1750932228.4417398,0.0,0.5,"[174.0, 185.0, 173.0, 151.0, 147.0, 161.0, 171.0, 195.0, 185.0, 174.0]",23.909210205078125,0.0,215.695068359375,1.4490089416503906,-45.41517639160156
1750932228.463058,0.0,0.5,"[174.0, 185.0, 173.0, 151.0, 147.0, 161.0, 172.0, 195.0, 185.0, 174.0]",24.083566665649414,0.0,215.2756805419922,1.4410934448242188,-45.17842102050781
1750932228.4648511,0.0,0.5,"[174.0, 185.0, 173.0, 151.0, 147.0, 161.0, 172.0, 195.0, 185.0, 174.0]",23.952892303466797,0.0,214.85848999023438,1.4332427978515625,-44.943084716796875
1750932228.4867156,0.0,0.5,"[174.0, 185.0, 173.0, 151.0, 147.0, 160.0, 173.0, 196.0, 185.0, 174.0]",24.16989517211914,0.0,214.43753051757812,1.4254894256591797,-44.70557403564453
1750932228.5089245,0.0,0.5,"[174.0, 185.0, 173.0, 151.0, 147.0, 160.0, 174.0, 197.0, 185.0, 174.0]",24.002553939819336,0.0,214.01937866210938,1.4181060791015625,-44.469886779785156
1750932228.5305634,0.0,0.5,"[174.0, 185.0, 172.0, 149.0, 147.0, 160.0, 174.0, 197.0, 185.0, 174.0]",24.203289031982422,0.0,213.5978546142578,1.4109992980957031,-44.23200988769531
1750932228.5521727,0.0,0.5,"[174.0, 185.0, 172.0, 149.0, 146.0, 160.0, 175.0, 197.0, 185.0, 174.0]",24.04326820373535,0.0,213.1790313720703,1.4039783477783203,-43.99586486816406
1750932228.5740464,0.0,0.5,"[174.0, 185.0, 172.0, 149.0, 146.0, 160.0, 175.0, 197.0, 185.0, 174.0]",24.30690574645996,0.0,212.755615234375,1.3968658447265625,-43.757110595703125
1750932228.5962095,0.0,0.5,"[174.0, 185.0, 172.0, 149.0, 146.0, 159.0, 176.0, 197.0, 185.0, 174.0]",24.139572143554688,0.0,212.3350372314453,1.3897628784179688,-43.5201416015625
1750932228.617052,0.0,0.5,"[174.0, 185.0, 172.0, 149.0, 146.0, 159.0, 176.0, 197.0, 185.0, 174.0]",24.33855438232422,0.0,211.91110229492188,1.3825759887695312,-43.28102111816406
1750932228.6382818,0.0,0.5,"[174.0, 185.0, 172.0, 149.0, 146.0, 159.0, 177.0, 197.0, 185.0, 174.0]",24.212270736694336,0.0,211.4893341064453,1.3755817413330078,-43.04320526123047
1750932228.6602871,0.0,0.5,"[174.0, 185.0, 172.0, 149.0, 146.0, 159.0, 177.0, 197.0, 185.0, 174.0]",24.397615432739258,0.0,211.0643768310547,1.3688774108886719,-42.803489685058594
1750932228.6823213,0.0,0.5,"[174.0, 185.0, 171.0, 148.0, 145.0, 158.0, 178.0, 197.0, 185.0, 174.0]",24.184505462646484,0.0,210.6429901123047,1.3624553680419922,-42.56610870361328
1750932228.7045984,0.0,0.5,"[174.0, 185.0, 171.0, 148.0, 145.0, 158.0, 178.0, 197.0, 185.0, 174.0]",24.44524574279785,0.0,210.21714782714844,1.3559837341308594,-42.326019287109375
1750932228.7063162,0.0,0.5,"[174.0, 185.0, 171.0, 148.0, 145.0, 158.0, 178.0, 197.0, 185.0, 174.0]",24.371456146240234,0.0,209.7925567626953,1.3495044708251953,-42.086700439453125
1750932228.7279408,0.0,0.5,"[174.0, 185.0, 170.0, 147.0, 145.0, 158.0, 178.0, 200.0, 185.0, 174.0]",24.505321502685547,0.0,209.36566162109375,1.3429393768310547,-41.84602355957031
1750932228.749755,-1.0,0.5,"[174.0, 185.0, 170.0, 147.0, 144.0, 158.0, 179.0, 201.0, 185.0, 174.0]",24.367555618286133,0.0,208.94110107421875,1.3363456726074219,-41.60682678222656
1750932228.7707374,-1.0,0.5,"[174.0, 185.0, 172.0, 147.0, 145.0, 158.0, 178.0, 200.0, 185.0, 174.0]",24.301025390625,-0.5,208.50991821289062,1.3271369934082031,-41.38273620605469
1750932228.7935402,-1.0,0.5,"[174.0, 185.0, 173.0, 149.0, 146.0, 160.0, 177.0, 198.0, 185.0, 174.0]",23.849498748779297,-0.5,208.0771484375,1.314859390258789,-41.18255615234375
1750932228.816159,-1.0,0.5,"[174.0, 185.0, 176.0, 151.0, 148.0, 162.0, 174.0, 195.0, 185.0, 174.0]",23.771718978881836,-0.5,207.6360626220703,1.2988128662109375,-41.00586700439453
1750932228.8381567,0.0,0.5,"[174.0, 185.0, 178.0, 153.0, 150.0, 164.0, 170.0, 192.0, 185.0, 174.0]",23.51495933532715,-0.5,207.1910858154297,1.2789173126220703,-40.854942321777344
1750932228.8600173,0.0,0.5,"[174.0, 185.0, 180.0, 154.0, 151.0, 166.0, 169.0, 189.0, 185.0, 174.0]",23.645465850830078,0.0,206.7470703125,1.2605571746826172,-40.693206787109375
1750932228.8821719,0.0,0.5,"[174.0, 185.0, 181.0, 155.0, 152.0, 166.0, 168.0, 189.0, 185.0, 174.0]",23.47603988647461,0.0,206.30906677246094,1.2436485290527344,-40.524940490722656
1750932228.9042983,0.0,0.5,"[174.0, 185.0, 181.0, 155.0, 152.0, 167.0, 168.0, 189.0, 185.0, 174.0]",23.662891387939453,0.0,205.868408203125,1.227132797241211,-40.35310363769531
1750932228.9058821,0.0,0.5,"[174.0, 185.0, 181.0, 155.0, 152.0, 167.0, 168.0, 189.0, 185.0, 174.0]",23.5565185546875,0.0,205.42945861816406,1.2110519409179688,-40.1827392578125
1750932228.9273112,0.0,0.5,"[174.0, 185.0, 181.0, 155.0, 152.0, 166.0, 168.0, 190.0, 185.0, 174.0]",23.77001190185547,0.0,204.98631286621094,1.19525146484375,-40.0113525390625
1750932228.949653,0.0,0.5,"[174.0, 185.0, 181.0, 154.0, 151.0, 166.0, 168.0, 190.0, 185.0, 174.0]",23.510501861572266,0.0,204.54771423339844,1.179922103881836,-39.842552185058594
1750932228.9714422,0.0,0.5,"[174.0, 185.0, 181.0, 154.0, 151.0, 166.0, 169.0, 192.0, 185.0, 174.0]",23.80313491821289,0.0,204.10357666015625,1.1646099090576172,-39.671836853027344
1750932228.9938018,0.0,0.5,"[174.0, 185.0, 180.0, 154.0, 151.0, 166.0, 169.0, 192.0, 185.0, 174.0]",23.765722274780273,0.0,203.6600341796875,1.1494865417480469,-39.50165557861328
1750932229.0163426,0.0,0.5,"[174.0, 185.0, 180.0, 154.0, 151.0, 165.0, 169.0, 192.0, 185.0, 174.0]",23.884946823120117,0.0,203.21424865722656,1.1345558166503906,-39.33062744140625
1750932229.0386832,0.0,0.5,"[174.0, 185.0, 179.0, 154.0, 151.0, 165.0, 169.0, 193.0, 185.0, 174.0]",23.688993453979492,0.0,202.77200317382812,1.1202430725097656,-39.1612548828125
1750932229.0609703,0.0,0.5,"[174.0, 185.0, 179.0, 154.0, 150.0, 165.0, 169.0, 193.0, 185.0, 174.0]",23.936141967773438,0.0,202.32521057128906,1.1063976287841797,-38.98991394042969
1750932229.082623,0.0,0.5,"[174.0, 185.0, 179.0, 153.0, 150.0, 164.0, 169.0, 193.0, 185.0, 174.0]",23.780607223510742,0.0,201.8812255859375,1.0931243896484375,-38.81990051269531
1750932229.084166,0.0,0.5,"[174.0, 185.0, 179.0, 153.0, 150.0, 164.0, 169.0, 193.0, 185.0, 174.0]",24.017929077148438,0.0,201.4327850341797,1.0800914764404297,-38.64820098876953
1750932229.1062548,0.0,0.5,"[174.0, 185.0, 179.0, 153.0, 150.0, 164.0, 169.0, 194.0, 185.0, 174.0]",23.860698699951172,0.0,200.98716735839844,1.0674057006835938,-38.4779052734375
1750932229.1283438,0.0,0.5,"[174.0, 185.0, 178.0, 153.0, 149.0, 164.0, 169.0, 194.0, 185.0, 174.0]",24.04401397705078,0.0,200.53822326660156,1.05487060546875,-38.3060302734375
1750932229.150582,0.0,0.5,"[174.0, 185.0, 178.0, 153.0, 149.0, 163.0, 169.0, 195.0, 185.0, 174.0]",23.963638305664062,0.0,200.09072875976562,1.0428428649902344,-38.13482666015625
1750932229.1729517,0.0,0.5,"[174.0, 185.0, 178.0, 153.0, 149.0, 163.0, 169.0, 195.0, 185.0, 174.0]",24.172693252563477,0.0,199.63931274414062,1.0312938690185547,-37.962127685546875
1750932229.1962378,0.0,0.5,"[174.0, 185.0, 177.0, 152.0, 148.0, 163.0, 169.0, 195.0, 185.0, 174.0]",23.912090301513672,0.0,199.19264221191406,1.0203437805175781,-37.79161071777344
1750932229.2189183,0.0,0.5,"[174.0, 185.0, 176.0, 152.0, 148.0, 163.0, 169.0, 196.0, 185.0, 174.0]",24.168704986572266,0.0,198.74124145507812,1.00970458984375,-37.61906433105469
1750932229.2408943,0.0,0.5,"[174.0, 185.0, 176.0, 152.0, 148.0, 162.0, 169.0, 197.0, 185.0, 174.0]",24.12165069580078,0.0,198.2906494140625,0.9993762969970703,-37.447021484375
1750932229.2630107,0.0,0.5,"[174.0, 185.0, 176.0, 151.0, 148.0, 162.0, 169.0, 197.0, 185.0, 174.0]",24.2924861907959,0.0,197.83688354492188,0.9891796112060547,-37.27369689941406
1750932229.264894,0.0,0.5,"[174.0, 185.0, 176.0, 151.0, 148.0, 162.0, 169.0, 197.0, 185.0, 174.0]",24.06247329711914,0.0,197.3873291015625,0.97930908203125,-37.102203369140625
1750932229.2870135,0.0,0.5,"[174.0, 185.0, 175.0, 151.0, 147.0, 162.0, 170.0, 197.0, 185.0, 174.0]",24.316082000732422,0.0,196.93310546875,0.9698867797851562,-36.9287109375
1750932229.3092723,-1.0,0.5,"[174.0, 185.0, 175.0, 151.0, 147.0, 161.0, 170.0, 197.0, 185.0, 174.0]",24.170581817626953,0.0,196.48150634765625,0.9609794616699219,-36.75647735595703
1750932229.3313994,-1.0,0.5,"[174.0, 185.0, 175.0, 151.0, 147.0, 162.0, 169.0, 197.0, 185.0, 174.0]",24.117666244506836,-0.5,196.02540588378906,0.9504108428955078,-36.599853515625
1750932229.3535888,-1.0,0.5,"[174.0, 185.0, 176.0, 152.0, 147.0, 163.0, 168.0, 194.0, 185.0, 174.0]",23.682483673095703,-0.5,195.5711669921875,0.9376621246337891,-36.466278076171875
1750932229.376388,-1.0,0.5,"[174.0, 185.0, 179.0, 154.0, 148.0, 165.0, 166.0, 192.0, 185.0, 174.0]",23.588058471679688,-0.5,195.1124267578125,0.9219856262207031,-36.35734558105469
1750932229.399521,0.0,0.5,"[174.0, 185.0, 183.0, 156.0, 150.0, 259.0, 162.0, 188.0, 185.0, 174.0]",23.38645362854004,-0.5,194.65234375,0.9033660888671875,-36.27522277832031
1750932229.4226246,0.0,0.5,"[174.0, 185.0, 184.0, 158.0, 151.0, 259.0, 161.0, 186.0, 185.0, 174.0]",23.417539596557617,0.0,194.19419860839844,0.8866329193115234,-36.17945861816406
1750932229.4458687,0.0,0.5,"[174.0, 185.0, 184.0, 158.0, 151.0, 169.0, 160.0, 186.0, 185.0, 174.0]",23.313627243041992,0.0,193.7399139404297,0.8714962005615234,-36.07550048828125
1750932229.4475172,0.0,0.5,"[174.0, 185.0, 184.0, 158.0, 151.0, 169.0, 160.0, 186.0, 185.0, 174.0]",23.34235954284668,0.0,193.28538513183594,0.8569240570068359,-35.96995544433594
1750932229.4701238,0.0,0.5,"[174.0, 185.0, 184.0, 158.0, 151.0, 169.0, 160.0, 184.0, 185.0, 174.0]",23.48128318786621,0.0,192.8280792236328,0.8426113128662109,-35.86402893066406
1750932229.4934394,0.0,0.5,"[174.0, 185.0, 184.0, 158.0, 151.0, 259.0, 160.0, 184.0, 185.0, 174.0]",23.51734733581543,0.0,192.36997985839844,0.8284778594970703,-35.75835418701172
1750932229.516505,0.0,0.5,"[174.0, 185.0, 184.0, 158.0, 151.0, 259.0, 160.0, 184.0, 185.0, 174.0]",23.467023849487305,0.0,191.91278076171875,0.8146705627441406,-35.653175354003906
1750932229.5395892,0.0,0.5,"[174.0, 185.0, 184.0, 158.0, 151.0, 259.0, 160.0, 184.0, 185.0, 174.0]",23.473346710205078,0.0,191.45541381835938,0.8011875152587891,-35.548126220703125
1750932229.5627263,0.0,0.5,"[174.0, 185.0, 184.0, 158.0, 151.0, 168.0, 159.0, 184.0, 185.0, 174.0]",23.59479331970215,0.0,190.99563598632812,0.7881050109863281,-35.442710876464844
1750932229.585315,0.0,0.5,"[174.0, 185.0, 184.0, 158.0, 151.0, 168.0, 159.0, 184.0, 185.0, 174.0]",23.67119026184082,0.0,190.53431701660156,0.7753486633300781,-35.33709716796875
1750932229.5869632,0.0,0.5,"[174.0, 185.0, 184.0, 158.0, 151.0, 168.0, 159.0, 184.0, 185.0, 174.0]",23.58380699157715,0.0,190.07469177246094,0.7629547119140625,-35.23191833496094
1750932229.6096323,0.0,0.5,"[174.0, 185.0, 184.0, 156.0, 150.0, 259.0, 159.0, 184.0, 185.0, 174.0]",23.61519432067871,0.0,189.61444091796875,0.7507495880126953,-35.12664031982422
1750932229.6325352,0.0,0.5,"[174.0, 185.0, 184.0, 156.0, 150.0, 259.0, 159.0, 184.0, 185.0, 174.0]",23.76831817626953,0.0,189.15118408203125,0.7387371063232422,-35.02070617675781
1750932229.655204,0.0,0.5,"[174.0, 185.0, 184.0, 156.0, 150.0, 259.0, 159.0, 183.0, 185.0, 174.0]",23.74074363708496,0.0,188.68844604492188,0.7270240783691406,-34.9149169921875
1750932229.6780925,0.0,0.5,"[174.0, 185.0, 184.0, 156.0, 150.0, 167.0, 159.0, 183.0, 185.0, 174.0]",23.728729248046875,0.0,188.22592163085938,0.7156982421875,-34.809234619140625
1750932229.7005303,0.0,0.5,"[174.0, 185.0, 184.0, 155.0, 150.0, 167.0, 158.0, 183.0, 185.0, 174.0]",23.773033142089844,0.0,187.7625274658203,0.7046356201171875,-34.70335388183594
1750932229.7233396,0.0,0.5,"[174.0, 185.0, 184.0, 155.0, 150.0, 167.0, 158.0, 183.0, 185.0, 174.0]",23.82830047607422,0.0,187.2980499267578,0.6937828063964844,-34.59727478027344
1750932229.7458217,0.0,0.5,"[174.0, 185.0, 184.0, 155.0, 150.0, 167.0, 158.0, 183.0, 185.0, 174.0]",23.90276336669922,0.0,186.8321075439453,0.6830368041992188,-34.49089813232422
1750932229.747466,0.0,0.5,"[174.0, 185.0, 184.0, 155.0, 150.0, 167.0, 158.0, 183.0, 185.0, 174.0]",23.859786987304688,0.0,186.3669891357422,0.6725330352783203,-34.384765625
1750932229.7701392,0.0,0.5,"[174.0, 185.0, 184.0, 154.0, 149.0, 259.0, 158.0, 183.0, 185.0, 174.0]",23.877830505371094,0.0,185.90151977539062,0.6622867584228516,-34.27851867675781
1750932229.7933974,0.0,0.5,"[174.0, 185.0, 184.0, 154.0, 149.0, 259.0, 158.0, 183.0, 185.0, 174.0]",23.971376419067383,0.0,185.43421936035156,0.6522846221923828,-34.17185974121094
1750932229.8170443,0.0,0.5,"[174.0, 185.0, 184.0, 154.0, 149.0, 259.0, 158.0, 181.0, 185.0, 174.0]",24.04822540283203,0.0,184.96539306640625,0.6424503326416016,-34.06494140625
1750932229.8398993,0.0,0.5,"[174.0, 185.0, 184.0, 154.0, 149.0, 166.0, 159.0, 181.0, 185.0, 174.0]",23.973485946655273,0.0,184.49801635742188,0.6328201293945312,-33.95835876464844
1750932229.8626156,0.0,0.5,"[174.0, 185.0, 184.0, 153.0, 149.0, 166.0, 159.0, 181.0, 185.0, 174.0]",24.01179313659668,0.0,184.02989196777344,0.6232700347900391,-33.851585388183594
1750932229.8851023,0.0,0.5,"[174.0, 185.0, 184.0, 153.0, 149.0, 166.0, 159.0, 181.0, 185.0, 174.0]",24.131868362426758,0.0,183.55943298339844,0.6137809753417969,-33.744293212890625
1750932229.88681,0.0,0.5,"[174.0, 185.0, 184.0, 153.0, 149.0, 166.0, 159.0, 181.0, 185.0, 174.0]",24.1324520111084,0.0,183.08895874023438,0.6045894622802734,-33.636985778808594
1750932229.9098723,0.0,0.5,"[174.0, 185.0, 183.0, 153.0, 148.0, 259.0, 160.0, 181.0, 185.0, 174.0]",24.096315383911133,0.0,182.61917114257812,0.5956668853759766,-33.52984619140625
1750932229.9333775,0.0,0.5,"[174.0, 185.0, 183.0, 153.0, 148.0, 259.0, 160.0, 181.0, 185.0, 174.0]",24.146484375,0.0,182.14840698242188,0.5868682861328125,-33.4224853515625
1750932229.9559906,0.0,0.5,"[174.0, 185.0, 183.0, 152.0, 148.0, 259.0, 160.0, 180.0, 185.0, 174.0]",24.23891830444336,0.0,181.67584228515625,0.5781478881835938,-33.314727783203125
1750932229.97902,0.0,0.5,"[174.0, 185.0, 181.0, 152.0, 148.0, 259.0, 161.0, 180.0, 185.0, 174.0]",24.267539978027344,0.0,181.2027130126953,0.5694808959960938,-33.20683288574219
1750932230.0023196,0.0,0.5,"[174.0, 185.0, 181.0, 152.0, 148.0, 165.0, 161.0, 179.0, 185.0, 174.0]",24.222450256347656,0.0,180.73045349121094,0.5608768463134766,-33.099159240722656
1750932230.024854,0.0,0.5,"[174.0, 185.0, 181.0, 152.0, 148.0, 165.0, 161.0, 179.0, 185.0, 174.0]",24.269563674926758,0.0,180.25729370117188,0.5523948669433594,-32.99122619628906
1750932230.026552,0.0,0.5,"[174.0, 185.0, 181.0, 152.0, 148.0, 165.0, 161.0, 179.0, 185.0, 174.0]",24.361902236938477,0.0,179.78231811523438,0.5442428588867188,-32.88288879394531
1750932230.0491424,0.0,0.5,"[174.0, 185.0, 179.0, 151.0, 147.0, 165.0, 162.0, 179.0, 185.0, 174.0]",24.37102699279785,0.0,179.30715942382812,0.5361671447753906,-32.7745361328125
1750932230.0722492,0.0,0.5,"[174.0, 185.0, 179.0, 151.0, 147.0, 165.0, 162.0, 179.0, 185.0, 174.0]",24.33283042907715,0.0,178.83274841308594,0.5281581878662109,-32.666351318359375
1750932230.095134,0.0,0.5,"[174.0, 185.0, 179.0, 151.0, 147.0, 165.0, 162.0, 180.0, 185.0, 174.0]",24.411977767944336,0.0,178.35679626464844,0.5201377868652344,-32.55778503417969
1750932230.1188939,0.0,0.5,"[174.0, 185.0, 178.0, 149.0, 147.0, 165.0, 162.0, 181.0, 185.0, 174.0]",24.484264373779297,0.0,177.8794403076172,0.5120944976806641,-32.44891357421875
1750932230.1417897,0.0,0.5,"[174.0, 185.0, 178.0, 149.0, 147.0, 164.0, 163.0, 181.0, 185.0, 174.0]",24.495431900024414,0.0,177.40187072753906,0.5040225982666016,-32.33997344970703
1750932230.164871,0.0,0.5,"[174.0, 185.0, 178.0, 149.0, 147.0, 164.0, 163.0, 183.0, 185.0, 174.0]",24.471479415893555,0.0,176.9247589111328,0.4962310791015625,-32.23112487792969
1750932230.16671,0.0,0.5,"[174.0, 185.0, 178.0, 149.0, 147.0, 164.0, 163.0, 183.0, 185.0, 174.0]",24.51162338256836,0.0,176.44686889648438,0.4885978698730469,-32.12205505371094
1750932230.1894724,0.0,0.5,"[174.0, 185.0, 176.0, 149.0, 147.0, 164.0, 164.0, 183.0, 185.0, 174.0]",24.55596351623535,0.0,175.96812438964844,0.48091697692871094,-32.01280212402344
1750932230.212204,0.0,0.5,"[174.0, 185.0, 176.0, 149.0, 147.0, 164.0, 164.0, 184.0, 185.0, 174.0]",24.647397994995117,0.0,175.4875946044922,0.4731578826904297,-31.90312957763672
1750932230.2347357,0.0,0.5,"[174.0, 185.0, 176.0, 148.0, 147.0, 164.0, 166.0, 184.0, 185.0, 174.0]",24.587158203125,0.0,175.00823974609375,0.4653644561767578,-31.793724060058594
1750932230.2561684,0.0,0.5,"[174.0, 185.0, 175.0, 148.0, 147.0, 164.0, 166.0, 185.0, 185.0, 174.0]",24.646223068237305,0.0,174.52774047851562,0.4574871063232422,-31.684005737304688
1750932230.2788846,0.0,0.5,"[174.0, 185.0, 175.0, 148.0, 147.0, 164.0, 166.0, 186.0, 185.0, 174.0]",24.70180320739746,0.0,174.04617309570312,0.44956016540527344,-31.574020385742188
1750932230.301124,0.0,0.5,"[174.0, 185.0, 175.0, 148.0, 147.0, 164.0, 167.0, 186.0, 185.0, 174.0]",24.742856979370117,0.0,173.5637969970703,0.44187355041503906,-31.463836669921875
1750932230.323336,0.0,0.5,"[174.0, 185.0, 173.0, 148.0, 146.0, 164.0, 167.0, 187.0, 185.0, 174.0]",24.686138153076172,0.0,173.08253479003906,0.4341869354248047,-31.353912353515625
1750932230.3249297,0.0,0.5,"[174.0, 185.0, 173.0, 148.0, 146.0, 164.0, 167.0, 187.0, 185.0, 174.0]",24.75673484802246,0.0,172.5998992919922,0.42639732360839844,-31.243637084960938
1750932230.3474052,0.0,0.5,"[174.0, 185.0, 173.0, 148.0, 146.0, 164.0, 168.0, 188.0, 185.0, 174.0]",24.85183334350586,0.0,172.11541748046875,0.4184856414794922,-31.132919311523438
1750932230.3695097,-1.0,0.5,"[174.0, 185.0, 172.0, 148.0, 146.0, 259.0, 168.0, 189.0, 185.0, 174.0]",24.83576202392578,0.0,171.63125610351562,0.4104900360107422,-31.022239685058594
1750932230.3926063,-1.0,0.5,"[174.0, 185.0, 172.0, 148.0, 147.0, 164.0, 168.0, 188.0, 185.0, 174.0]",24.550161361694336,-0.5,171.14956665039062,0.4015789031982422,-30.92748260498047
1750932230.41562,-1.0,0.5,"[174.0, 185.0, 173.0, 149.0, 148.0, 259.0, 166.0, 186.0, 185.0, 174.0]",24.45731544494629,-0.5,170.66607666015625,0.3914299011230469,-30.85400390625
1750932230.437129,-1.0,0.5,"[174.0, 185.0, 175.0, 152.0, 150.0, 259.0, 163.0, 183.0, 185.0, 174.0]",24.00440788269043,-0.5,170.18844604492188,0.38019371032714844,-30.806777954101562
1750932230.4609072,0.0,0.5,"[174.0, 185.0, 179.0, 154.0, 153.0, 165.0, 160.0, 179.0, 185.0, 174.0]",24.00523567199707,-0.5,169.70895385742188,0.3674659729003906,-30.786109924316406
1750932230.484768,0.0,0.5,"[174.0, 185.0, 181.0, 155.0, 154.0, 163.0, 158.0, 176.0, 185.0, 174.0]",23.815258026123047,0.0,169.2338409423828,0.35531044006347656,-30.75464630126953
1750932230.487087,0.0,0.5,"[174.0, 185.0, 181.0, 155.0, 154.0, 163.0, 158.0, 176.0, 185.0, 174.0]",24.069908142089844,0.0,168.7542724609375,0.3434028625488281,-30.71440887451172
1750932230.5097094,0.0,0.5,"[174.0, 185.0, 183.0, 156.0, 155.0, 162.0, 156.0, 176.0, 185.0, 174.0]",23.78939437866211,0.0,168.28038024902344,0.3316459655761719,-30.673583984375
1750932230.5327415,0.0,0.5,"[174.0, 185.0, 183.0, 157.0, 155.0, 162.0, 156.0, 175.0, 185.0, 174.0]",24.1064510345459,0.0,167.80010986328125,0.31972503662109375,-30.632965087890625
1750932230.5558279,0.0,0.5,"[174.0, 185.0, 183.0, 157.0, 155.0, 162.0, 156.0, 175.0, 185.0, 174.0]",23.889347076416016,0.0,167.32411193847656,0.3082084655761719,-30.59337615966797
1750932230.5786378,0.0,0.5,"[174.0, 185.0, 183.0, 157.0, 155.0, 162.0, 158.0, 175.0, 185.0, 174.0]",24.183149337768555,0.0,166.84219360351562,0.29680824279785156,-30.553970336914062
1750932230.60161,0.0,0.5,"[174.0, 185.0, 183.0, 158.0, 155.0, 162.0, 158.0, 175.0, 185.0, 174.0]",23.927980422973633,0.0,166.36534118652344,0.2856597900390625,-30.51519775390625
1750932230.624889,0.0,0.5,"[174.0, 185.0, 183.0, 158.0, 155.0, 162.0, 158.0, 175.0, 185.0, 174.0]",24.193302154541016,0.0,165.88316345214844,0.2745037078857422,-30.476394653320312
1750932230.6266341,0.0,0.5,"[174.0, 185.0, 183.0, 158.0, 155.0, 162.0, 158.0, 175.0, 185.0, 174.0]",24.048730850219727,0.0,165.4038543701172,0.2635173797607422,-30.437881469726562
1750932230.6498377,0.0,0.5,"[174.0, 185.0, 183.0, 158.0, 155.0, 162.0, 158.0, 175.0, 185.0, 174.0]",24.256879806518555,0.0,164.92039489746094,0.2525501251220703,-30.399147033691406
1750932230.6731894,0.0,0.5,"[174.0, 185.0, 184.0, 158.0, 155.0, 161.0, 158.0, 175.0, 185.0, 174.0]",24.070323944091797,0.0,164.44065856933594,0.24200439453125,-30.360549926757812
1750932230.6957202,0.0,0.5,"[174.0, 185.0, 184.0, 158.0, 154.0, 161.0, 158.0, 175.0, 185.0, 174.0]",24.324634552001953,0.0,163.955810546875,0.23193740844726562,-30.321807861328125
1750932230.7199368,0.0,0.5,"[174.0, 185.0, 184.0, 158.0, 154.0, 161.0, 158.0, 175.0, 185.0, 174.0]",24.125471115112305,0.0,163.47494506835938,0.2221851348876953,-30.28325653076172
1750932230.7430007,0.0,0.5,"[174.0, 185.0, 184.0, 158.0, 154.0, 161.0, 158.0, 176.0, 185.0, 174.0]",24.389141082763672,0.0,162.9888153076172,0.2124767303466797,-30.244346618652344
1750932230.7658179,0.0,0.5,"[174.0, 185.0, 184.0, 158.0, 154.0, 161.0, 158.0, 176.0, 185.0, 174.0]",24.222997665405273,0.0,162.50601196289062,0.2029590606689453,-30.205543518066406
1750932230.7675416,0.0,0.5,"[174.0, 185.0, 184.0, 158.0, 154.0, 161.0, 158.0, 176.0, 185.0, 174.0]",24.447071075439453,0.0,162.0187225341797,0.19342994689941406,-30.166542053222656
1750932230.7911463,0.0,0.5,"[174.0, 185.0, 184.0, 158.0, 154.0, 161.0, 158.0, 176.0, 185.0, 174.0]",24.25048828125,0.0,161.5353546142578,0.18414688110351562,-30.127716064453125
1750932230.814294,0.0,0.5,"[174.0, 185.0, 184.0, 158.0, 154.0, 161.0, 159.0, 176.0, 185.0, 174.0]",24.51361083984375,0.0,161.04672241210938,0.17531776428222656,-30.088516235351562
1750932230.8364546,0.0,0.5,"[174.0, 185.0, 184.0, 158.0, 154.0, 161.0, 158.0, 177.0, 185.0, 174.0]",24.304983139038086,0.0,160.56228637695312,0.1670093536376953,-30.049407958984375
1750932230.8603308,0.0,0.5,"[174.0, 185.0, 184.0, 158.0, 154.0, 161.0, 159.0, 177.0, 185.0, 174.0]",24.530433654785156,0.0,160.07333374023438,0.15884971618652344,-30.010162353515625
1750932230.8834906,0.0,0.5,"[174.0, 185.0, 184.0, 158.0, 154.0, 161.0, 159.0, 178.0, 185.0, 174.0]",24.413328170776367,0.0,159.58670043945312,0.15093040466308594,-29.971046447753906
1750932230.9063058,0.0,0.5,"[174.0, 185.0, 184.0, 158.0, 154.0, 161.0, 159.0, 178.0, 185.0, 174.0]",24.62386703491211,0.0,159.09585571289062,0.14307212829589844,-29.93157958984375
1750932230.9079742,0.0,0.5,"[174.0, 185.0, 184.0, 158.0, 154.0, 161.0, 159.0, 178.0, 185.0, 174.0]",24.46759033203125,0.0,158.608154296875,0.13536834716796875,-29.892173767089844
1750932230.9315255,0.0,0.5,"[174.0, 185.0, 184.0, 158.0, 154.0, 161.0, 159.0, 178.0, 185.0, 174.0]",24.679197311401367,0.0,158.1162109375,0.12783241271972656,-29.852630615234375
1750932230.955491,0.0,0.5,"[174.0, 185.0, 184.0, 158.0, 154.0, 161.0, 159.0, 178.0, 185.0, 174.0]",24.46591567993164,0.0,157.62850952148438,0.12082672119140625,-29.813278198242188
1750932230.9783514,0.0,0.5,"[174.0, 185.0, 184.0, 158.0, 153.0, 161.0, 159.0, 178.0, 185.0, 174.0]",24.715770721435547,0.0,157.13583374023438,0.11415863037109375,-29.773651123046875
1750932231.0015001,0.0,0.5,"[174.0, 185.0, 184.0, 158.0, 153.0, 160.0, 159.0, 178.0, 185.0, 174.0]",24.577991485595703,0.0,156.64593505859375,0.10788536071777344,-29.734039306640625
1750932231.026219,0.0,0.5,"[174.0, 185.0, 184.0, 157.0, 153.0, 160.0, 159.0, 179.0, 185.0, 174.0]",24.79197883605957,0.0,156.1517333984375,0.101837158203125,-29.694305419921875
1750932231.0282154,0.0,0.5,"[174.0, 185.0, 184.0, 157.0, 153.0, 160.0, 159.0, 179.0, 185.0, 174.0]",24.59564208984375,0.0,155.66146850585938,0.09608078002929688,-29.654769897460938
1750932231.0530083,-1.0,0.5,"[174.0, 185.0, 184.0, 156.0, 153.0, 160.0, 159.0, 179.0, 185.0, 174.0]",24.83719825744629,0.0,155.16635131835938,0.09043121337890625,-29.614913940429688
1750932231.0766397,-1.0,0.5,"[174.0, 185.0, 184.0, 158.0, 154.0, 159.0, 158.0, 178.0, 185.0, 174.0]",24.410982131958008,-0.5,154.67868041992188,0.08476448059082031,-29.59186553955078
1750932231.0999608,-1.0,0.5,"[174.0, 185.0, 186.0, 159.0, 155.0, 158.0, 156.0, 176.0, 185.0, 174.0]",24.381484985351562,-0.5,154.19110107421875,0.07901382446289062,-29.589683532714844
1750932231.1236095,0.0,0.5,"[174.0, 185.0, 189.0, 161.0, 156.0, 155.0, 153.0, 172.0, 185.0, 174.0]",23.88811492919922,-0.5,153.71395874023438,0.07341384887695312,-29.613235473632812
1750932231.1468768,0.0,0.5,"[174.0, 185.0, 190.0, 161.0, 157.0, 154.0, 152.0, 171.0, 185.0, 174.0]",24.10862922668457,0.0,153.23190307617188,0.06825447082519531,-29.62274932861328
1750932231.1486123,0.0,0.5,"[174.0, 185.0, 190.0, 161.0, 157.0, 154.0, 152.0, 171.0, 185.0, 174.0]",23.918758392333984,0.0,152.75357055664062,0.06357955932617188,-29.625823974609375
1750932231.1719327,0.0,0.5,"[174.0, 185.0, 190.0, 162.0, 157.0, 153.0, 151.0, 170.0, 185.0, 174.0]",24.13136863708496,0.0,152.27096557617188,0.05918121337890625,-29.628738403320312
1750932231.1949506,0.0,0.5,"[174.0, 185.0, 190.0, 162.0, 157.0, 153.0, 151.0, 170.0, 185.0, 174.0]",23.960432052612305,0.0,151.79177856445312,0.05508995056152344,-29.631866455078125
1750932231.2187471,0.0,0.5,"[174.0, 185.0, 190.0, 162.0, 157.0, 153.0, 151.0, 169.0, 185.0, 174.0]",24.17026710510254,0.0,151.30838012695312,0.05117607116699219,-29.635482788085938
1750932231.2420237,0.0,0.5,"[174.0, 185.0, 190.0, 162.0, 157.0, 153.0, 151.0, 169.0, 185.0, 174.0]",24.054468154907227,0.0,150.82730102539062,0.047550201416015625,-29.639175415039062
1750932231.265543,0.0,0.5,"[174.0, 185.0, 190.0, 162.0, 157.0, 153.0, 151.0, 169.0, 185.0, 174.0]",24.249361038208008,0.0,150.34237670898438,0.04422760009765625,-29.643341064453125
1750932231.2671225,0.0,0.5,"[174.0, 185.0, 190.0, 162.0, 157.0, 153.0, 151.0, 169.0, 185.0, 174.0]",24.044185638427734,0.0,149.86151123046875,0.04122352600097656,-29.647430419921875
1750932231.290194,0.0,0.5,"[174.0, 185.0, 190.0, 162.0, 157.0, 152.0, 150.0, 169.0, 185.0, 174.0]",24.30361557006836,0.0,149.37545776367188,0.0384063720703125,-29.651748657226562
1750932231.3132472,0.0,0.5,"[174.0, 185.0, 190.0, 162.0, 157.0, 152.0, 149.0, 168.0, 185.0, 174.0]",24.158344268798828,0.0,148.892333984375,0.035770416259765625,-29.65587615966797
1750932231.3364327,0.0,0.5,"[174.0, 185.0, 190.0, 162.0, 157.0, 152.0, 149.0, 168.0, 185.0, 174.0]",24.36343002319336,0.0,148.40509033203125,0.0332183837890625,-29.66027069091797
1750932231.3600154,0.0,0.5,"[174.0, 185.0, 190.0, 162.0, 157.0, 152.0, 149.0, 167.0, 185.0, 174.0]",24.197612762451172,0.0,147.92117309570312,0.030836105346679688,-29.664535522460938
1750932231.3831422,0.0,0.5,"[174.0, 185.0, 190.0, 162.0, 157.0, 152.0, 149.0, 167.0, 185.0, 174.0]",24.418298721313477,0.0,147.43283081054688,0.028743743896484375,-29.66888427734375
1750932231.4068723,0.0,0.5,"[174.0, 185.0, 192.0, 162.0, 157.0, 152.0, 149.0, 167.0, 185.0, 174.0]",24.244293212890625,0.0,146.94796752929688,0.02692413330078125,-29.67296600341797
1750932231.4084857,0.0,0.5,"[174.0, 185.0, 192.0, 162.0, 157.0, 152.0, 149.0, 167.0, 185.0, 174.0]",24.462228775024414,0.0,146.45870971679688,0.0252685546875,-29.677352905273438
1750932231.4317114,0.0,0.5,"[174.0, 185.0, 192.0, 162.0, 157.0, 152.0, 149.0, 167.0, 185.0, 174.0]",24.314836502075195,0.0,145.97244262695312,0.023681640625,-29.68163299560547
1750932231.4552398,0.0,0.5,"[174.0, 185.0, 192.0, 162.0, 157.0, 152.0, 149.0, 167.0, 185.0, 174.0]",24.528095245361328,0.0,145.48190307617188,0.022037506103515625,-29.68596649169922
1750932231.4787514,0.0,0.5,"[174.0, 185.0, 192.0, 162.0, 157.0, 152.0, 149.0, 167.0, 185.0, 174.0]",24.384605407714844,0.0,144.99423217773438,0.020359039306640625,-29.690086364746094
1750932231.5022902,0.0,0.5,"[174.0, 185.0, 192.0, 162.0, 157.0, 152.0, 149.0, 167.0, 185.0, 174.0]",24.580184936523438,0.0,144.50265502929688,0.018651962280273438,-29.6944580078125
1750932231.5257308,0.0,0.5,"[174.0, 185.0, 192.0, 162.0, 157.0, 152.0, 148.0, 167.0, 185.0, 174.0]",24.404375076293945,0.0,144.01458740234375,0.017047882080078125,-29.69866943359375
1750932231.5274057,0.0,0.5,"[174.0, 185.0, 192.0, 162.0, 157.0, 152.0, 148.0, 167.0, 185.0, 174.0]",24.64759635925293,0.0,143.52163696289062,0.015501022338867188,-29.70301055908203
1750932231.5508182,0.0,0.5,"[174.0, 185.0, 192.0, 162.0, 157.0, 152.0, 148.0, 167.0, 185.0, 174.0]",24.463193893432617,0.0,143.03240966796875,0.01409912109375,-29.707138061523438
1750932231.5743387,0.0,0.5,"[174.0, 185.0, 192.0, 162.0, 157.0, 152.0, 148.0, 167.0, 185.0, 174.0]",24.679954528808594,0.0,142.53884887695312,0.012845993041992188,-29.71148681640625
1750932231.5979867,0.0,0.5,"[174.0, 185.0, 192.0, 162.0, 157.0, 152.0, 148.0, 166.0, 185.0, 174.0]",24.520788192749023,0.0,142.04843139648438,0.011709213256835938,-29.715713500976562
1750932231.620105,0.0,0.5,"[174.0, 185.0, 192.0, 162.0, 157.0, 152.0, 148.0, 166.0, 185.0, 174.0]",24.739120483398438,0.0,141.55368041992188,0.010633468627929688,-29.72002410888672
1750932231.6441798,1.0,0.5,"[174.0, 185.0, 192.0, 162.0, 157.0, 152.0, 148.0, 166.0, 185.0, 174.0]",24.593164443969727,0.0,141.06179809570312,0.009624481201171875,-29.724159240722656
1750932231.6677408,1.0,0.5,"[174.0, 185.0, 190.0, 161.0, 156.0, 152.0, 149.0, 167.0, 185.0, 174.0]",24.511343002319336,0.5,140.57171630859375,0.008668899536132812,-29.71282958984375
1750932231.6693497,1.0,0.5,"[174.0, 185.0, 190.0, 161.0, 156.0, 152.0, 149.0, 167.0, 185.0, 174.0]",24.110261917114258,0.5,140.09054565429688,0.0077953338623046875,-29.681320190429688
1750932231.6931202,0.0,0.5,"[174.0, 185.0, 187.0, 159.0, 153.0, 156.0, 154.0, 172.0, 185.0, 174.0]",24.04356575012207,0.5,139.61294555664062,0.00707244873046875,-29.625320434570312
1750932231.7172022,0.0,0.5,"[174.0, 185.0, 186.0, 158.0, 153.0, 157.0, 155.0, 173.0, 185.0, 174.0]",23.82697105407715,0.0,139.13833618164062,0.006496429443359375,-29.582420349121094
1750932231.7408798,0.0,0.5,"[174.0, 185.0, 186.0, 157.0, 152.0, 158.0, 156.0, 175.0, 185.0, 174.0]",24.0557861328125,0.0,138.65866088867188,0.0060291290283203125,-29.544960021972656
1750932231.7635453,0.0,0.5,"[174.0, 185.0, 185.0, 156.0, 152.0, 158.0, 156.0, 175.0, 185.0, 174.0]",23.881317138671875,0.0,138.18246459960938,0.00566864013671875,-29.508193969726562
1750932231.7652452,0.0,0.5,"[174.0, 185.0, 185.0, 156.0, 152.0, 158.0, 156.0, 175.0, 185.0, 174.0]",24.074230194091797,0.0,137.70242309570312,0.00539398193359375,-29.470809936523438
1750932231.7883773,0.0,0.5,"[174.0, 185.0, 184.0, 156.0, 152.0, 158.0, 156.0, 176.0, 185.0, 174.0]",23.92986297607422,0.0,137.225341796875,0.0051784515380859375,-29.432952880859375
1750932231.812187,0.0,0.5,"[174.0, 185.0, 184.0, 156.0, 152.0, 158.0, 158.0, 176.0, 185.0, 174.0]",24.1583194732666,0.0,136.74368286132812,0.0050048828125,-29.394607543945312
1750932231.8357112,0.0,0.5,"[174.0, 185.0, 184.0, 156.0, 152.0, 158.0, 158.0, 176.0, 185.0, 174.0]",23.979568481445312,0.0,136.26565551757812,0.0048694610595703125,-29.356231689453125
1750932231.859294,0.0,0.5,"[174.0, 185.0, 184.0, 155.0, 152.0, 158.0, 158.0, 176.0, 185.0, 174.0]",24.192033767700195,0.0,135.78335571289062,0.004749298095703125,-29.31744384765625
1750932231.8826468,0.0,0.5,"[174.0, 185.0, 184.0, 155.0, 152.0, 158.0, 158.0, 178.0, 185.0, 174.0]",24.041973114013672,0.0,135.30410766601562,0.0046253204345703125,-29.278587341308594
1750932231.9056423,0.0,0.5,"[174.0, 185.0, 183.0, 155.0, 152.0, 158.0, 158.0, 178.0, 185.0, 174.0]",24.257226943969727,0.0,134.82052612304688,0.0044879913330078125,-29.239547729492188
1750932231.90751,-1.0,0.5,"[174.0, 185.0, 183.0, 155.0, 152.0, 158.0, 158.0, 178.0, 185.0, 174.0]",24.09714126586914,0.0,134.34014892578125,0.00434112548828125,-29.200653076171875
1750932231.9307754,-1.0,0.5,"[174.0, 185.0, 184.0, 156.0, 152.0, 158.0, 158.0, 178.0, 185.0, 174.0]",24.025880813598633,-0.5,133.86016845703125,0.0041675567626953125,-29.1778564453125
1750932231.95535,-1.0,0.5,"[174.0, 185.0, 184.0, 158.0, 153.0, 156.0, 155.0, 176.0, 185.0, 174.0]",23.65130043029785,-0.5,133.38714599609375,0.0039844512939453125,-29.175064086914062
1750932231.9800208,-1.0,0.5,"[174.0, 185.0, 187.0, 159.0, 155.0, 154.0, 153.0, 173.0, 185.0, 174.0]",23.526931762695312,-0.5,132.9171142578125,0.003780364990234375,-29.19690704345703
1750932232.0049589,-1.0,0.5,"[174.0, 185.0, 190.0, 161.0, 157.0, 151.0, 150.0, 169.0, 185.0, 174.0]",23.240550994873047,-0.5,132.45468139648438,0.003566741943359375,-29.243942260742188
1750932232.0292027,0.0,0.5,"[174.0, 185.0, 193.0, 163.0, 159.0, 148.0, 146.0, 165.0, 185.0, 174.0]",23.224754333496094,-0.5,131.99551391601562,0.0033283233642578125,-29.314071655273438
1750932232.0309496,0.0,0.5,"[174.0, 185.0, 193.0, 163.0, 159.0, 148.0, 146.0, 165.0, 185.0, 174.0]",23.12259864807129,0.0,131.53707885742188,0.0030803680419921875,-29.374717712402344
1750932232.0550056,0.0,0.5,"[174.0, 185.0, 197.0, 166.0, 259.0, 145.0, 144.0, 161.0, 185.0, 174.0]",23.216819763183594,0.0,131.07546997070312,0.002811431884765625,-29.42491912841797
1750932232.0786276,0.0,0.5,"[174.0, 185.0, 197.0, 167.0, 259.0, 145.0, 143.0, 159.0, 185.0, 174.0]",23.18468475341797,0.0,130.61431884765625,0.00254058837890625,-29.473495483398438
1750932232.1020768,0.0,0.5,"[174.0, 185.0, 197.0, 167.0, 259.0, 144.0, 143.0, 159.0, 185.0, 174.0]",23.226547241210938,0.0,130.15237426757812,0.0022869110107421875,-29.522499084472656
1750932232.1258826,0.0,0.5,"[174.0, 185.0, 197.0, 167.0, 259.0, 144.0, 142.0, 159.0, 185.0, 174.0]",23.219833374023438,0.0,129.69064331054688,0.00205230712890625,-29.57209014892578
1750932232.1274788,0.0,0.5,"[174.0, 185.0, 197.0, 167.0, 259.0, 144.0, 142.0, 159.0, 185.0, 174.0]",23.281213760375977,0.0,129.22772216796875,0.0018329620361328125,-29.62237548828125
1750932232.1507664,0.0,0.5,"[174.0, 185.0, 198.0, 167.0, 259.0, 144.0, 141.0, 158.0, 185.0, 174.0]",23.306621551513672,0.0,128.76434326171875,0.001628875732421875,-29.67303466796875
1750932232.1742907,0.0,0.5,"[174.0, 185.0, 198.0, 167.0, 259.0, 143.0, 140.0, 156.0, 185.0, 174.0]",23.33198356628418,0.0,128.30047607421875,0.0014400482177734375,-29.723831176757812
1750932232.1980343,0.0,0.5,"[174.0, 185.0, 198.0, 167.0, 259.0, 143.0, 140.0, 156.0, 185.0, 174.0]",23.357711791992188,0.0,127.83612060546875,0.001255035400390625,-29.774803161621094
1750932232.2212906,1.0,0.5,"[174.0, 185.0, 198.0, 167.0, 259.0, 143.0, 140.0, 155.0, 185.0, 174.0]",23.39409065246582,0.0,127.37106323242188,0.0010738372802734375,-29.82604217529297
1750932232.2453356,1.0,0.5,"[174.0, 185.0, 198.0, 167.0, 259.0, 144.0, 140.0, 156.0, 185.0, 174.0]",23.112525939941406,0.5,126.91015625,0.00090789794921875,-29.861595153808594
1750932232.2470174,1.0,0.5,"[174.0, 185.0, 198.0, 167.0, 259.0, 144.0, 140.0, 156.0, 185.0, 174.0]",23.00169563293457,0.5,126.45034790039062,0.0007534027099609375,-29.875526428222656
1750932232.2717166,0.0,0.5,"[174.0, 185.0, 195.0, 163.0, 158.0, 148.0, 145.0, 161.0, 185.0, 174.0]",22.618003845214844,0.5,125.99807739257812,0.0006198883056640625,-29.865875244140625
1750932232.2942674,0.0,0.5,"[174.0, 185.0, 193.0, 163.0, 158.0, 149.0, 146.0, 162.0, 185.0, 174.0]",22.765945434570312,0.0,125.54278564453125,0.000507354736328125,-29.868690490722656
1750932232.3185208,0.0,0.5,"[174.0, 185.0, 193.0, 163.0, 157.0, 150.0, 146.0, 162.0, 185.0, 174.0]",22.622865676879883,0.0,125.09042358398438,0.0004138946533203125,-29.87860870361328
1750932232.3427687,0.0,0.5,"[174.0, 185.0, 193.0, 163.0, 157.0, 150.0, 146.0, 162.0, 185.0, 174.0]",22.803611755371094,0.0,124.63449096679688,0.000331878662109375,-29.889183044433594
1750932232.3655422,0.0,0.5,"[174.0, 185.0, 193.0, 163.0, 157.0, 150.0, 147.0, 162.0, 185.0, 174.0]",22.64799690246582,0.0,124.181640625,0.0002613067626953125,-29.89958953857422
1750932232.367251,0.0,0.5,"[174.0, 185.0, 193.0, 163.0, 157.0, 150.0, 147.0, 162.0, 185.0, 174.0]",22.87668228149414,0.0,123.72421264648438,0.0001964569091796875,-29.909652709960938
1750932232.3905182,0.0,0.5,"[174.0, 185.0, 193.0, 163.0, 157.0, 150.0, 146.0, 162.0, 185.0, 174.0]",22.726388931274414,0.0,123.26980590820312,0.0001430511474609375,-29.919532775878906
1750932232.4146242,0.0,0.5,"[174.0, 185.0, 193.0, 163.0, 157.0, 150.0, 146.0, 162.0, 185.0, 174.0]",22.922119140625,0.0,122.81146240234375,9.72747802734375e-05,-29.92913055419922
1750932232.438782,0.0,0.5,"[174.0, 185.0, 193.0, 163.0, 157.0, 150.0, 146.0, 162.0, 185.0, 174.0]",22.75971794128418,0.0,122.35635375976562,7.43865966796875e-05,-29.93866729736328
1750932232.4631827,0.0,0.5,"[174.0, 185.0, 193.0, 163.0, 157.0, 150.0, 146.0, 162.0, 185.0, 174.0]",22.98627471923828,0.0,121.896728515625,6.866455078125e-05,-29.94817352294922
1750932232.4874141,0.0,0.5,"[174.0, 185.0, 193.0, 163.0, 157.0, 150.0, 146.0, 162.0, 185.0, 174.0]",22.867704391479492,0.0,121.43948364257812,7.62939453125e-05,-29.957740783691406
1750932232.489089,0.0,0.5,"[174.0, 185.0, 193.0, 163.0, 157.0, 150.0, 146.0, 162.0, 185.0, 174.0]",23.036550521850586,0.0,120.97885131835938,9.5367431640625e-05,-29.967132568359375
1750932232.5128891,0.0,0.5,"[174.0, 185.0, 193.0, 163.0, 157.0, 150.0, 146.0, 162.0, 185.0, 174.0]",22.872480392456055,0.0,120.52151489257812,0.0001239776611328125,-29.9765625
1750932232.5365973,0.0,0.5,"[174.0, 185.0, 193.0, 163.0, 157.0, 150.0, 146.0, 162.0, 185.0, 174.0]",23.110246658325195,0.0,120.05938720703125,0.00016021728515625,-29.98603057861328
1750932232.561166,0.0,0.5,"[174.0, 185.0, 193.0, 163.0, 157.0, 150.0, 146.0, 162.0, 185.0, 174.0]",22.973175048828125,0.0,119.60003662109375,0.0001983642578125,-29.995590209960938
1750932232.5851226,0.0,0.5,"[174.0, 185.0, 193.0, 163.0, 157.0, 150.0, 146.0, 162.0, 185.0, 174.0]",23.153478622436523,0.0,119.13705444335938,0.000240325927734375,-30.00499725341797
1750932232.5868688,0.0,0.5,"[174.0, 185.0, 193.0, 163.0, 157.0, 150.0, 146.0, 162.0, 185.0, 174.0]",22.990962982177734,0.0,118.67733764648438,0.0002841949462890625,-30.01446533203125
1750932232.6104124,0.0,0.5,"[174.0, 185.0, 193.0, 163.0, 157.0, 150.0, 146.0, 161.0, 185.0, 174.0]",23.219114303588867,0.0,118.21304321289062,0.0003261566162109375,-30.023971557617188
1750932232.634155,0.0,0.5,"[174.0, 185.0, 193.0, 163.0, 157.0, 150.0, 146.0, 161.0, 185.0, 174.0]",23.092954635620117,0.0,117.75128173828125,0.0003662109375,-30.033584594726562
1750932232.6581955,0.0,0.5,"[174.0, 185.0, 193.0, 163.0, 157.0, 149.0, 146.0, 161.0, 185.0, 174.0]",23.267847061157227,0.0,117.2860107421875,0.00040435791015625,-30.043052673339844
1750932232.6818154,0.0,0.5,"[174.0, 185.0, 193.0, 163.0, 157.0, 149.0, 146.0, 161.0, 185.0, 174.0]",23.103178024291992,0.0,116.82406616210938,0.0004405975341796875,-30.052574157714844
1750932232.7059467,0.0,0.5,"[174.0, 185.0, 193.0, 163.0, 157.0, 149.0, 146.0, 161.0, 185.0, 174.0]",23.337602615356445,0.0,116.35739135742188,0.0004730224609375,-30.0621337890625
1750932232.707664,0.0,0.5,"[174.0, 185.0, 193.0, 163.0, 157.0, 149.0, 146.0, 161.0, 185.0, 174.0]",23.197818756103516,0.0,115.89352416992188,0.0005016326904296875,-30.07178497314453
1750932232.73181,0.0,0.5,"[174.0, 185.0, 193.0, 163.0, 157.0, 149.0, 146.0, 161.0, 185.0, 174.0]",23.38280487060547,0.0,115.42599487304688,0.00052642822265625,-30.081314086914062
1750932232.755477,0.0,0.5,"[174.0, 185.0, 193.0, 163.0, 157.0, 149.0, 146.0, 161.0, 185.0, 174.0]",23.21921730041504,0.0,114.96170043945312,0.0005474090576171875,-30.09088134765625
1750932232.778922,0.0,0.5,"[174.0, 185.0, 193.0, 163.0, 157.0, 149.0, 146.0, 161.0, 185.0, 174.0]",23.446474075317383,0.0,114.49285888671875,0.0005645751953125,-30.100494384765625
1750932232.802966,0.0,0.5,"[174.0, 185.0, 193.0, 163.0, 157.0, 149.0, 146.0, 161.0, 185.0, 174.0]",23.315349578857422,0.0,114.02664184570312,0.0005779266357421875,-30.110214233398438
1750932232.8268516,0.0,0.5,"[174.0, 185.0, 193.0, 163.0, 157.0, 149.0, 145.0, 160.0, 185.0, 174.0]",23.495729446411133,0.0,113.55685424804688,0.0005893707275390625,-30.119796752929688
1750932232.8285103,0.0,0.5,"[174.0, 185.0, 193.0, 163.0, 157.0, 149.0, 145.0, 160.0, 185.0, 174.0]",23.33052635192871,0.0,113.09033203125,0.0005970001220703125,-30.129425048828125
1750932232.8526103,0.0,0.5,"[174.0, 185.0, 194.0, 163.0, 157.0, 149.0, 145.0, 160.0, 185.0, 174.0]",23.562150955200195,0.0,112.61917114257812,0.00060272216796875,-30.13909149169922
1750932232.8769016,0.0,0.5,"[174.0, 185.0, 194.0, 163.0, 157.0, 149.0, 145.0, 160.0, 185.0, 174.0]",23.4205322265625,0.0,112.15087890625,0.0006046295166015625,-30.148849487304688
1750932232.8992937,0.0,0.5,"[174.0, 185.0, 194.0, 163.0, 157.0, 149.0, 145.0, 159.0, 185.0, 174.0]",23.60901641845703,0.0,111.67880249023438,0.000606536865234375,-30.158493041992188
1750932232.9232008,0.0,0.5,"[174.0, 185.0, 194.0, 163.0, 157.0, 149.0, 145.0, 159.0, 185.0, 174.0]",23.4443359375,0.0,111.20999145507812,0.000606536865234375,-30.168167114257812
1750932232.9474106,0.0,0.5,"[174.0, 185.0, 194.0, 163.0, 157.0, 149.0, 145.0, 159.0, 185.0, 174.0]",23.671154022216797,0.0,110.73666381835938,0.0006046295166015625,-30.177886962890625
1750932232.949172,0.0,0.5,"[174.0, 185.0, 194.0, 163.0, 157.0, 149.0, 145.0, 159.0, 185.0, 174.0]",23.534385681152344,0.0,110.26608276367188,0.0006008148193359375,-30.187713623046875
1750932232.9730318,0.0,0.5,"[174.0, 185.0, 195.0, 163.0, 157.0, 149.0, 145.0, 159.0, 185.0, 174.0]",23.72081184387207,0.0,109.79177856445312,0.000598907470703125,-30.197402954101562
1750932232.9974577,0.0,0.5,"[174.0, 185.0, 195.0, 163.0, 157.0, 149.0, 145.0, 159.0, 185.0, 174.0]",23.555179595947266,0.0,109.32077026367188,0.0005950927734375,-30.207138061523438
1750932233.0217936,1.0,0.5,"[174.0, 185.0, 195.0, 163.0, 157.0, 149.0, 145.0, 159.0, 185.0, 174.0]",23.78384017944336,0.0,108.84518432617188,0.0005893707275390625,-30.21691131591797
1750932233.046357,0.0,0.5,"[174.0, 185.0, 193.0, 163.0, 157.0, 150.0, 146.0, 161.0, 185.0, 174.0]",23.35814666748047,0.5,108.37808227539062,0.0005855560302734375,-30.210411071777344
1750932233.0480692,0.0,0.5,"[174.0, 185.0, 193.0, 163.0, 157.0, 150.0, 146.0, 161.0, 185.0, 174.0]",23.577301025390625,0.0,107.90652465820312,0.0005817413330078125,-30.21044921875
1750932233.0704195,0.0,0.5,"[174.0, 185.0, 193.0, 162.0, 156.0, 151.0, 146.0, 161.0, 185.0, 174.0]",23.399564743041992,0.0,107.43853759765625,0.000576019287109375,-30.211822509765625
1750932233.0933726,0.0,0.5,"[174.0, 185.0, 193.0, 162.0, 156.0, 151.0, 146.0, 161.0, 185.0, 174.0]",23.595279693603516,0.0,106.96664428710938,0.00057220458984375,-30.213287353515625
1750932233.1163878,0.0,0.5,"[174.0, 185.0, 193.0, 162.0, 156.0, 151.0, 146.0, 161.0, 185.0, 174.0]",23.466224670410156,0.0,106.497314453125,0.000568389892578125,-30.21479034423828
1750932233.139035,0.0,0.5,"[174.0, 185.0, 193.0, 162.0, 156.0, 151.0, 146.0, 161.0, 185.0, 174.0]",23.675777435302734,0.0,106.0238037109375,0.0005645751953125,-30.215957641601562
1750932233.1621842,0.0,0.5,"[174.0, 185.0, 193.0, 162.0, 156.0, 151.0, 146.0, 161.0, 185.0, 174.0]",23.49074363708496,0.0,105.55398559570312,0.0005626678466796875,-30.217086791992188
1750932233.1851444,0.0,0.5,"[174.0, 185.0, 193.0, 162.0, 156.0, 151.0, 146.0, 161.0, 185.0, 174.0]",23.709871292114258,0.0,105.07980346679688,0.0005588531494140625,-30.218048095703125
1750932233.1868708,0.0,0.5,"[174.0, 185.0, 193.0, 162.0, 156.0, 151.0, 146.0, 161.0, 185.0, 174.0]",23.5794734954834,0.0,104.60821533203125,0.00055694580078125,-30.219131469726562
1750932233.2094426,0.0,0.5,"[174.0, 185.0, 193.0, 162.0, 156.0, 151.0, 146.0, 161.0, 185.0, 174.0]",23.779130935668945,0.0,104.13262939453125,0.0005550384521484375,-30.219985961914062
1750932233.2330055,0.0,0.5,"[174.0, 185.0, 193.0, 162.0, 156.0, 151.0, 146.0, 161.0, 185.0, 174.0]",23.614974975585938,0.0,103.66033935546875,0.000553131103515625,-30.220916748046875
1750932233.256067,0.0,0.5,"[174.0, 185.0, 193.0, 162.0, 156.0, 151.0, 146.0, 161.0, 185.0, 174.0]",23.822139739990234,0.0,103.18389892578125,0.000553131103515625,-30.221763610839844
1750932233.278494,0.0,0.5,"[174.0, 185.0, 193.0, 162.0, 156.0, 151.0, 146.0, 161.0, 185.0, 174.0]",23.685775756835938,0.0,102.71017456054688,0.0005512237548828125,-30.22278594970703
1750932233.3004255,0.0,0.5,"[174.0, 185.0, 193.0, 162.0, 156.0, 151.0, 146.0, 161.0, 185.0, 174.0]",23.89196014404297,0.0,102.23233032226562,0.0005512237548828125,-30.223617553710938
1750932233.3227103,0.0,0.5,"[174.0, 185.0, 193.0, 162.0, 156.0, 151.0, 146.0, 161.0, 185.0, 174.0]",23.720035552978516,0.0,101.7579345703125,0.00054931640625,-30.22454833984375
1750932233.3443875,1.0,0.5,"[174.0, 185.0, 193.0, 162.0, 156.0, 151.0, 146.0, 161.0, 185.0, 174.0]",23.933937072753906,0.0,101.27926635742188,0.00054931640625,-30.22540283203125
1750932233.345981,1.0,0.5,"[174.0, 185.0, 193.0, 162.0, 156.0, 151.0, 146.0, 161.0, 185.0, 174.0]",23.51028060913086,0.5,100.80929565429688,0.00054931640625,-30.21031951904297
1750932233.3677866,1.0,0.5,"[174.0, 185.0, 192.0, 161.0, 155.0, 153.0, 149.0, 165.0, 185.0, 174.0]",23.478530883789062,0.5,100.34109497070312,0.00054931640625,-30.174606323242188
1750932233.3892658,1.0,0.5,"[174.0, 185.0, 189.0, 159.0, 153.0, 156.0, 152.0, 169.0, 185.0, 174.0]",23.03325843811035,0.5,99.88424682617188,0.00054931640625,-30.11548614501953
1750932233.410882,0.0,0.5,"[174.0, 185.0, 187.0, 157.0, 152.0, 159.0, 156.0, 173.0, 185.0, 174.0]",23.064062118530273,0.5,99.43051147460938,0.0005512237548828125,-30.03235626220703
1750932233.4327037,0.0,0.5,"[174.0, 185.0, 184.0, 155.0, 150.0, 259.0, 158.0, 176.0, 185.0, 174.0]",22.8255615234375,0.0,98.97946166992188,0.0005512237548828125,-29.96186065673828
1750932233.4546418,0.0,0.5,"[174.0, 185.0, 184.0, 155.0, 150.0, 259.0, 159.0, 177.0, 185.0, 174.0]",23.09632110595703,0.0,98.5218505859375,0.0005512237548828125,-29.899017333984375
1750932233.4768164,0.0,0.5,"[174.0, 185.0, 184.0, 155.0, 150.0, 259.0, 160.0, 178.0, 185.0, 174.0]",22.832122802734375,0.0,98.06924438476562,0.0005512237548828125,-29.838462829589844
1750932233.4986088,0.0,0.5,"[174.0, 185.0, 183.0, 154.0, 150.0, 259.0, 160.0, 179.0, 185.0, 174.0]",23.14555549621582,0.0,97.61044311523438,0.000553131103515625,-29.776824951171875
1750932233.519926,0.0,0.5,"[174.0, 185.0, 183.0, 154.0, 149.0, 259.0, 160.0, 179.0, 185.0, 174.0]",22.916038513183594,0.0,97.15625,0.000553131103515625,-29.715499877929688
1750932233.5421028,0.0,0.5,"[174.0, 185.0, 183.0, 154.0, 149.0, 259.0, 160.0, 180.0, 185.0, 174.0]",23.209627151489258,0.0,96.69631958007812,0.000553131103515625,-29.652862548828125
1750932233.5640552,0.0,0.5,"[174.0, 185.0, 183.0, 154.0, 149.0, 259.0, 161.0, 181.0, 185.0, 174.0]",22.96186065673828,0.0,96.24130249023438,0.000553131103515625,-29.590667724609375
1750932233.5659437,0.0,0.5,"[174.0, 185.0, 183.0, 154.0, 149.0, 259.0, 161.0, 181.0, 185.0, 174.0]",23.249300003051758,0.0,95.78060913085938,0.000553131103515625,-29.52752685546875
1750932233.5870123,0.0,0.5,"[174.0, 185.0, 181.0, 153.0, 149.0, 259.0, 161.0, 181.0, 185.0, 174.0]",23.04839515686035,0.0,95.32391357421875,0.0005550384521484375,-29.46495819091797
1750932233.6091006,0.0,0.5,"[174.0, 185.0, 181.0, 153.0, 149.0, 259.0, 161.0, 183.0, 185.0, 174.0]",23.322824478149414,0.0,94.86178588867188,0.0005550384521484375,-29.401443481445312
1750932233.6304612,0.0,0.5,"[174.0, 185.0, 181.0, 153.0, 149.0, 259.0, 161.0, 183.0, 185.0, 174.0]",23.073436737060547,0.0,94.40463256835938,0.0005550384521484375,-29.338607788085938
1750932233.6516035,0.0,0.5,"[174.0, 185.0, 180.0, 153.0, 149.0, 259.0, 162.0, 183.0, 185.0, 174.0]",23.364273071289062,0.0,93.94171142578125,0.0005550384521484375,-29.274948120117188
1750932233.6715536,0.0,0.5,"[174.0, 185.0, 179.0, 153.0, 149.0, 259.0, 162.0, 184.0, 185.0, 174.0]",23.16162872314453,0.0,93.48275756835938,0.0005550384521484375,-29.211936950683594
1750932233.6914368,0.0,0.5,"[174.0, 185.0, 179.0, 153.0, 148.0, 259.0, 162.0, 184.0, 185.0, 174.0]",23.42791175842285,0.0,93.01858520507812,0.0005550384521484375,-29.1480712890625
1750932233.7116642,-1.0,0.5,"[174.0, 185.0, 179.0, 152.0, 148.0, 259.0, 162.0, 184.0, 185.0, 174.0]",23.203447341918945,0.0,92.558837890625,0.0005550384521484375,-29.084854125976562
1750932233.7322135,-1.0,0.5,"[174.0, 185.0, 179.0, 153.0, 149.0, 259.0, 162.0, 184.0, 185.0, 174.0]",23.15732192993164,-0.5,92.09805297851562,0.0005550384521484375,-29.038162231445312
1750932233.753502,-1.0,0.5,"[174.0, 185.0, 181.0, 154.0, 150.0, 259.0, 160.0, 183.0, 185.0, 174.0]",22.795360565185547,-0.5,91.642822265625,0.0005550384521484375,-29.013626098632812
1750932233.7734268,-1.0,0.5,"[174.0, 185.0, 183.0, 155.0, 152.0, 158.0, 158.0, 179.0, 185.0, 174.0]",22.63147735595703,-0.5,91.190185546875,0.0005550384521484375,-29.0126953125
1750932233.7943525,0.0,0.5,"[174.0, 185.0, 186.0, 158.0, 154.0, 155.0, 155.0, 175.0, 185.0, 174.0]",22.399866104125977,-0.5,90.7427978515625,0.0005550384521484375,-29.03589630126953
1750932233.8163881,0.0,0.5,"[174.0, 185.0, 187.0, 159.0, 155.0, 154.0, 153.0, 173.0, 185.0, 174.0]",22.44366455078125,0.0,90.2940673828125,0.0005550384521484375,-29.047393798828125
1750932233.8371904,0.0,0.5,"[174.0, 185.0, 187.0, 159.0, 155.0, 153.0, 153.0, 173.0, 185.0, 174.0]",22.464921951293945,0.0,89.84478759765625,0.0005550384521484375,-29.050094604492188
1750932233.8581157,0.0,0.5,"[174.0, 185.0, 187.0, 160.0, 155.0, 153.0, 152.0, 173.0, 185.0, 174.0]",22.440805435180664,0.0,89.39596557617188,0.0005550384521484375,-29.05046844482422
1750932233.8785646,0.0,0.5,"[174.0, 185.0, 187.0, 160.0, 155.0, 153.0, 152.0, 173.0, 185.0, 174.0]",22.520977020263672,0.0,88.945556640625,0.0005550384521484375,-29.050857543945312
1750932233.8982024,0.0,0.5,"[174.0, 185.0, 187.0, 160.0, 156.0, 153.0, 152.0, 172.0, 185.0, 174.0]",22.550418853759766,0.0,88.49453735351562,0.0005550384521484375,-29.051589965820312
1750932233.9182541,0.0,0.5,"[174.0, 185.0, 187.0, 160.0, 156.0, 153.0, 152.0, 172.0, 185.0, 174.0]",22.501073837280273,0.0,88.04452514648438,0.0005550384521484375,-29.05260467529297
1750932233.9384565,0.0,0.5,"[174.0, 185.0, 187.0, 160.0, 156.0, 153.0, 152.0, 172.0, 185.0, 174.0]",22.545581817626953,0.0,87.59359741210938,0.0005550384521484375,-29.0538330078125
1750932233.9585624,0.0,0.5,"[174.0, 185.0, 187.0, 160.0, 156.0, 153.0, 152.0, 172.0, 185.0, 174.0]",22.678647994995117,0.0,87.14004516601562,0.0005550384521484375,-29.055252075195312
1750932233.9786987,0.0,0.5,"[174.0, 185.0, 187.0, 160.0, 156.0, 153.0, 152.0, 172.0, 185.0, 174.0]",22.651233673095703,0.0,86.68704223632812,0.0005550384521484375,-29.056785583496094
1750932233.9993267,0.0,0.5,"[174.0, 185.0, 187.0, 160.0, 156.0, 153.0, 152.0, 172.0, 185.0, 174.0]",22.63166618347168,0.0,86.23440551757812,0.0005550384521484375,-29.058334350585938
1750932234.0187678,0.0,0.5,"[174.0, 185.0, 187.0, 160.0, 156.0, 153.0, 152.0, 172.0, 185.0, 174.0]",22.6899356842041,0.0,85.78060913085938,0.0005550384521484375,-29.05987548828125
1750932234.0392919,0.0,0.5,"[174.0, 185.0, 187.0, 160.0, 156.0, 153.0, 152.0, 172.0, 185.0, 174.0]",22.748571395874023,0.0,85.32562255859375,0.0005550384521484375,-29.061500549316406
1750932234.0594242,0.0,0.5,"[174.0, 185.0, 187.0, 160.0, 156.0, 153.0, 152.0, 172.0, 185.0, 174.0]",22.788280487060547,0.0,84.869873046875,0.0005550384521484375,-29.06317138671875
1750932234.0794802,0.0,0.5,"[174.0, 185.0, 187.0, 160.0, 156.0, 153.0, 152.0, 172.0, 185.0, 174.0]",22.73309898376465,0.0,84.41519165039062,0.0005550384521484375,-29.064788818359375
1750932234.0995777,0.0,0.5,"[174.0, 185.0, 187.0, 160.0, 156.0, 153.0, 152.0, 172.0, 185.0, 174.0]",22.792470932006836,0.0,83.9593505859375,0.0005550384521484375,-29.066375732421875
1750932234.119528,0.0,0.5,"[174.0, 185.0, 187.0, 160.0, 156.0, 153.0, 152.0, 172.0, 185.0, 174.0]",22.906190872192383,0.0,83.50125122070312,0.0005550384521484375,-29.068023681640625
1750932234.1395717,0.0,0.5,"[174.0, 185.0, 187.0, 160.0, 156.0, 153.0, 152.0, 172.0, 185.0, 174.0]",22.892414093017578,0.0,83.04339599609375,0.0005550384521484375,-29.069717407226562
1750932234.1594896,0.0,0.5,"[174.0, 185.0, 187.0, 160.0, 156.0, 153.0, 152.0, 172.0, 185.0, 174.0]",22.861370086669922,0.0,82.58615112304688,0.0005550384521484375,-29.07135009765625
1750932234.1793509,0.0,0.5,"[174.0, 185.0, 187.0, 160.0, 156.0, 153.0, 152.0, 172.0, 185.0, 174.0]",22.921525955200195,0.0,82.12774658203125,0.0005550384521484375,-29.072952270507812
1750932234.2000651,0.0,0.5,"[174.0, 185.0, 187.0, 160.0, 156.0, 153.0, 152.0, 172.0, 185.0, 174.0]",22.988250732421875,0.0,81.66796875,0.0005550384521484375,-29.074615478515625
1750932234.2208188,0.0,0.5,"[174.0, 185.0, 187.0, 160.0, 156.0, 153.0, 152.0, 172.0, 185.0, 174.0]",23.021154403686523,0.0,81.20755004882812,0.0005550384521484375,-29.076309204101562
1750932234.24096,0.0,0.5,"[174.0, 185.0, 187.0, 160.0, 156.0, 153.0, 152.0, 172.0, 185.0, 174.0]",22.966402053833008,0.0,80.74822998046875,0.0005550384521484375,-29.077957153320312
1750932234.260868,0.0,0.5,"[174.0, 185.0, 187.0, 160.0, 156.0, 153.0, 152.0, 172.0, 185.0, 174.0]",23.02336311340332,0.0,80.28775024414062,0.0005550384521484375,-29.079566955566406
1750932234.2624679,0.0,0.5,"[174.0, 185.0, 187.0, 160.0, 156.0, 153.0, 152.0, 172.0, 185.0, 174.0]",23.134416580200195,0.0,79.8250732421875,0.0005550384521484375,-29.08123779296875
1750932234.2817075,0.0,0.5,"[174.0, 185.0, 187.0, 160.0, 156.0, 153.0, 152.0, 172.0, 185.0, 174.0]",23.12259864807129,0.0,79.36264038085938,0.0005550384521484375,-29.082931518554688
1750932234.3006926,0.0,0.5,"[174.0, 185.0, 187.0, 160.0, 156.0, 153.0, 152.0, 172.0, 185.0, 174.0]",23.091293334960938,0.0,78.90081787109375,0.0005550384521484375,-29.08458709716797
1750932234.3347788,0.0,0.5,"[174.0, 185.0, 188.0, 160.0, 156.0, 153.0, 152.0, 172.0, 185.0, 174.0]",23.150548934936523,0.0,78.43780517578125,0.0005550384521484375,-29.086212158203125
1750932234.354082,0.0,0.5,"[174.0, 185.0, 188.0, 160.0, 156.0, 153.0, 152.0, 172.0, 185.0, 174.0]",23.219331741333008,0.0,77.97341918945312,0.0005550384521484375,-29.08788299560547
1750932234.3723469,0.0,0.5,"[174.0, 185.0, 188.0, 160.0, 156.0, 153.0, 152.0, 172.0, 185.0, 174.0]",23.247392654418945,0.0,77.50848388671875,0.0005550384521484375,-29.08959197998047
1750932234.391356,0.0,0.5,"[174.0, 185.0, 188.0, 160.0, 156.0, 153.0, 152.0, 172.0, 185.0, 174.0]",23.196735382080078,0.0,77.0445556640625,0.0005550384521484375,-29.09125518798828
1750932234.4101787,0.0,0.5,"[174.0, 185.0, 188.0, 160.0, 156.0, 153.0, 152.0, 172.0, 185.0, 174.0]",23.253053665161133,0.0,76.57949829101562,0.0005550384521484375,-29.09288787841797
1750932234.4285386,0.0,0.5,"[174.0, 185.0, 188.0, 160.0, 156.0, 153.0, 152.0, 172.0, 185.0, 174.0]",23.358182907104492,0.0,76.11233520507812,0.0005550384521484375,-29.094573974609375
1750932234.447039,0.0,0.5,"[174.0, 185.0, 188.0, 160.0, 156.0, 153.0, 152.0, 172.0, 185.0, 174.0]",23.35066795349121,0.0,75.64532470703125,0.0005550384521484375,-29.096282958984375
1750932234.4652984,0.0,0.5,"[174.0, 185.0, 188.0, 160.0, 156.0, 153.0, 152.0, 172.0, 185.0, 174.0]",23.317583084106445,0.0,75.17898559570312,0.0005550384521484375,-29.09795379638672
1750932234.4838736,0.0,0.5,"[174.0, 185.0, 188.0, 160.0, 156.0, 153.0, 152.0, 172.0, 185.0, 174.0]",23.375713348388672,0.0,74.71145629882812,0.0005550384521484375,-29.099594116210938
1750932234.5037086,0.0,0.5,"[174.0, 185.0, 188.0, 160.0, 156.0, 153.0, 152.0, 172.0, 185.0, 174.0]",23.44944953918457,0.0,74.24246215820312,0.0005550384521484375,-29.101287841796875
1750932234.5237236,0.0,0.5,"[174.0, 185.0, 188.0, 160.0, 156.0, 153.0, 152.0, 172.0, 185.0, 174.0]",23.470340728759766,0.0,73.7730712890625,0.0005550384521484375,-29.103004455566406
1750932234.5433254,0.0,0.5,"[174.0, 185.0, 188.0, 160.0, 156.0, 153.0, 152.0, 172.0, 185.0, 174.0]",23.424156188964844,0.0,73.30459594726562,0.0005550384521484375,-29.10468292236328
1750932234.5639927,0.0,0.5,"[174.0, 185.0, 188.0, 160.0, 156.0, 153.0, 152.0, 172.0, 185.0, 174.0]",23.480602264404297,0.0,72.8349609375,0.0005550384521484375,-29.106338500976562
1750932234.5832782,0.0,0.5,"[174.0, 185.0, 188.0, 160.0, 156.0, 153.0, 152.0, 172.0, 185.0, 174.0]",23.57853126525879,0.0,72.3634033203125,0.0005550384521484375,-29.10803985595703
1750932234.599757,0.0,0.5,"[174.0, 185.0, 188.0, 160.0, 156.0, 153.0, 152.0, 172.0, 185.0, 174.0]",23.575456619262695,0.0,71.89190673828125,0.0005550384521484375,-29.109756469726562
1750932234.6276326,0.0,0.5,"[174.0, 185.0, 188.0, 160.0, 156.0, 153.0, 152.0, 172.0, 185.0, 174.0]",23.541072845458984,0.0,71.42108154296875,0.0005550384521484375,-29.1114501953125
1750932234.6436942,0.0,0.5,"[174.0, 185.0, 188.0, 160.0, 156.0, 153.0, 152.0, 172.0, 185.0, 174.0]",23.598796844482422,0.0,70.94912719726562,0.0005550384521484375,-29.113113403320312
1750932234.6598706,0.0,0.5,"[174.0, 185.0, 188.0, 160.0, 156.0, 153.0, 152.0, 172.0, 185.0, 174.0]",23.675704956054688,0.0,70.47561645507812,0.0005550384521484375,-29.11481475830078
1750932234.6891277,0.0,0.5,"[174.0, 185.0, 188.0, 160.0, 156.0, 153.0, 152.0, 172.0, 185.0, 174.0]",23.6903133392334,0.0,70.00180053710938,0.0005550384521484375,-29.116546630859375
1750932234.7061746,0.0,0.5,"[174.0, 185.0, 188.0, 160.0, 156.0, 153.0, 152.0, 172.0, 185.0, 174.0]",23.648746490478516,0.0,69.52883911132812,0.0005550384521484375,-29.118240356445312
1750932234.7229626,0.0,0.5,"[174.0, 185.0, 188.0, 160.0, 156.0, 153.0, 152.0, 172.0, 185.0, 174.0]",23.705881118774414,0.0,69.05471801757812,0.0005550384521484375,-29.119918823242188
1750932234.739541,0.0,0.5,"[174.0, 185.0, 188.0, 160.0, 156.0, 153.0, 152.0, 172.0, 185.0, 174.0]",23.795642852783203,0.0,68.57882690429688,0.0005550384521484375,-29.121627807617188
1750932234.7673836,0.0,0.5,"[174.0, 185.0, 188.0, 160.0, 156.0, 153.0, 152.0, 172.0, 185.0, 174.0]",23.796873092651367,0.0,68.10287475585938,0.0005550384521484375,-29.12335968017578
1750932234.7825778,0.0,0.5,"[174.0, 185.0, 188.0, 160.0, 156.0, 153.0, 152.0, 172.0, 185.0, 174.0]",23.761978149414062,0.0,67.62765502929688,0.0005550384521484375,-29.12506103515625
1750932234.7980378,0.0,0.5,"[174.0, 185.0, 188.0, 160.0, 156.0, 153.0, 152.0, 172.0, 185.0, 174.0]",23.820119857788086,0.0,67.1512451171875,0.0005550384521484375,-29.126754760742188
1750932234.8361166,0.0,0.5,"[174.0, 185.0, 188.0, 160.0, 156.0, 153.0, 152.0, 172.0, 185.0, 174.0]",23.897666931152344,0.0,66.67327880859375,0.0005550384521484375,-29.12847137451172
1750932234.8511198,0.0,0.5,"[174.0, 185.0, 188.0, 160.0, 156.0, 153.0, 152.0, 172.0, 185.0, 174.0]",23.907743453979492,0.0,66.19512939453125,0.0005550384521484375,-29.130203247070312
1750932234.8661666,0.0,0.5,"[174.0, 185.0, 188.0, 160.0, 156.0, 153.0, 152.0, 172.0, 185.0, 174.0]",23.870323181152344,0.0,65.71774291992188,0.0005550384521484375,-29.131919860839844
1750932234.8809943,0.0,0.5,"[174.0, 185.0, 188.0, 160.0, 156.0, 153.0, 152.0, 172.0, 185.0, 174.0]",23.928722381591797,0.0,65.23916625976562,0.0005550384521484375,-29.133621215820312
1750932234.9072268,0.0,0.5,"[174.0, 185.0, 188.0, 160.0, 156.0, 153.0, 152.0, 172.0, 185.0, 174.0]",24.010087966918945,0.0,64.75897216796875,0.0005550384521484375,-29.135345458984375
1750932234.922047,0.0,0.5,"[174.0, 185.0, 188.0, 160.0, 156.0, 153.0, 152.0, 172.0, 185.0, 174.0]",24.01494598388672,0.0,64.27865600585938,0.0005550384521484375,-29.1370849609375
1750932234.9370131,0.0,0.5,"[174.0, 185.0, 188.0, 160.0, 156.0, 153.0, 152.0, 172.0, 185.0, 174.0]",23.9805850982666,0.0,63.799072265625,0.0005550384521484375,-29.138809204101562
1750932234.9746456,0.0,0.5,"[174.0, 185.0, 188.0, 160.0, 156.0, 153.0, 152.0, 172.0, 185.0, 174.0]",24.039875030517578,0.0,63.318267822265625,0.0005550384521484375,-29.140518188476562
1750932234.9901938,0.0,0.5,"[174.0, 185.0, 189.0, 160.0, 156.0, 153.0, 152.0, 172.0, 185.0, 174.0]",24.11479377746582,0.0,62.835968017578125,0.0005550384521484375,-29.142250061035156
1750932235.0050726,0.0,0.5,"[174.0, 185.0, 189.0, 160.0, 156.0, 153.0, 152.0, 172.0, 185.0, 174.0]",24.123210906982422,0.0,62.353515625,0.0005550384521484375,-29.14398956298828
1750932235.0202937,0.0,0.5,"[174.0, 185.0, 189.0, 160.0, 156.0, 153.0, 152.0, 172.0, 185.0, 174.0]",24.088802337646484,0.0,61.871734619140625,0.0005550384521484375,-29.145721435546875
1750932235.0459647,0.0,0.5,"[174.0, 185.0, 189.0, 160.0, 156.0, 153.0, 152.0, 172.0, 185.0, 174.0]",24.148696899414062,0.0,61.388763427734375,0.0005550384521484375,-29.147445678710938
1750932235.0610414,0.0,0.5,"[174.0, 185.0, 189.0, 160.0, 156.0, 153.0, 152.0, 172.0, 185.0, 174.0]",24.22226905822754,0.0,60.904327392578125,0.0005550384521484375,-29.149185180664062
1750932235.076139,0.0,0.5,"[174.0, 185.0, 189.0, 160.0, 156.0, 153.0, 152.0, 172.0, 185.0, 174.0]",24.230255126953125,0.0,60.41973876953125,0.0005550384521484375,-29.150924682617188
1750932235.1129355,0.0,0.5,"[174.0, 185.0, 189.0, 160.0, 156.0, 153.0, 152.0, 172.0, 185.0, 174.0]",24.19710922241211,0.0,59.935791015625,0.0005550384521484375,-29.152664184570312
1750932235.1285043,0.0,0.5,"[174.0, 185.0, 189.0, 160.0, 156.0, 153.0, 152.0, 172.0, 185.0, 174.0]",24.2575740814209,0.0,59.450653076171875,0.0005550384521484375,-29.154396057128906
1750932235.143382,0.0,0.5,"[174.0, 185.0, 189.0, 160.0, 156.0, 153.0, 152.0, 172.0, 185.0, 174.0]",24.327125549316406,0.0,58.964111328125,0.0005550384521484375,-29.156143188476562
1750932235.1576097,0.0,0.5,"[174.0, 185.0, 189.0, 160.0, 156.0, 153.0, 152.0, 172.0, 185.0, 174.0]",24.337200164794922,0.0,58.47735595703125,0.0005550384521484375,-29.15789031982422
1750932235.1946359,0.0,0.5,"[174.0, 185.0, 189.0, 160.0, 156.0, 153.0, 152.0, 172.0, 185.0, 174.0]",24.30461311340332,0.0,57.99127197265625,0.0005550384521484375,-29.159637451171875
1750932235.2100413,0.0,0.5,"[174.0, 185.0, 189.0, 160.0, 156.0, 153.0, 152.0, 172.0, 185.0, 174.0]",24.365304946899414,0.0,57.50396728515625,0.0005550384521484375,-29.161376953125
1750932235.2250304,0.0,0.5,"[174.0, 185.0, 189.0, 160.0, 156.0, 153.0, 152.0, 172.0, 185.0, 174.0]",24.431758880615234,0.0,57.015350341796875,0.0005550384521484375,-29.163131713867188
1750932235.2399244,0.0,0.5,"[174.0, 185.0, 189.0, 160.0, 156.0, 153.0, 152.0, 172.0, 185.0, 174.0]",24.44365882873535,0.0,56.526458740234375,0.0005550384521484375,-29.164886474609375
1750932235.2647269,0.0,0.5,"[174.0, 185.0, 189.0, 160.0, 156.0, 153.0, 152.0, 172.0, 185.0, 174.0]",24.411685943603516,0.0,56.038238525390625,0.0005550384521484375,-29.166641235351562
1750932235.2788951,0.0,0.5,"[174.0, 185.0, 189.0, 160.0, 156.0, 153.0, 152.0, 172.0, 185.0, 174.0]",24.472257614135742,0.0,55.548797607421875,0.0005550384521484375,-29.16838836669922
1750932235.314906,0.0,0.5,"[174.0, 185.0, 189.0, 160.0, 156.0, 153.0, 152.0, 172.0, 185.0, 174.0]",24.535314559936523,0.0,55.05810546875,0.0005550384521484375,-29.170150756835938
1750932235.3291678,0.0,0.5,"[174.0, 185.0, 189.0, 160.0, 156.0, 153.0, 152.0, 172.0, 185.0, 174.0]",24.549692153930664,0.0,54.567108154296875,0.0005550384521484375,-29.171905517578125
1750932235.3441916,0.0,0.5,"[174.0, 185.0, 189.0, 160.0, 156.0, 153.0, 152.0, 172.0, 185.0, 174.0]",24.518205642700195,0.0,54.076751708984375,0.0005550384521484375,-29.173667907714844
1750932235.358304,0.0,0.5,"[174.0, 185.0, 189.0, 160.0, 156.0, 153.0, 152.0, 172.0, 185.0, 174.0]",24.578365325927734,0.0,53.585174560546875,0.0005550384521484375,-29.175430297851562
1750932235.3945138,0.0,0.5,"[174.0, 185.0, 189.0, 160.0, 156.0, 153.0, 152.0, 172.0, 185.0, 174.0]",24.638092041015625,0.0,53.092437744140625,0.0005550384521484375,-29.17719268798828
1750932235.4092672,0.0,0.5,"[174.0, 185.0, 189.0, 160.0, 156.0, 153.0, 152.0, 172.0, 185.0, 174.0]",24.65517807006836,0.0,52.599334716796875,0.0005550384521484375,-29.17896270751953
1750932235.423472,0.0,0.5,"[174.0, 185.0, 189.0, 160.0, 156.0, 153.0, 152.0, 172.0, 185.0, 174.0]",24.62415313720703,0.0,52.106842041015625,0.0005550384521484375,-29.18072509765625
1750932235.4381673,0.0,0.5,"[174.0, 185.0, 189.0, 160.0, 156.0, 153.0, 152.0, 172.0, 185.0, 174.0]",24.683738708496094,0.0,51.6131591796875,0.0005550384521484375,-29.1824951171875
1750932235.4743726,0.0,0.5,"[174.0, 185.0, 189.0, 160.0, 156.0, 153.0, 152.0, 172.0, 185.0, 174.0]",24.74010467529297,0.0,51.118377685546875,0.0005550384521484375,-29.18426513671875
1750932235.489613,0.0,0.5,"[174.0, 185.0, 189.0, 160.0, 156.0, 153.0, 152.0, 172.0, 185.0, 174.0]",24.76001739501953,0.0,50.6231689453125,0.0005550384521484375,-29.18604278564453
1750932235.505465,0.0,0.5,"[174.0, 185.0, 189.0, 160.0, 156.0, 153.0, 152.0, 172.0, 185.0, 174.0]",24.729488372802734,0.0,50.128570556640625,0.0005550384521484375,-29.187820434570312
1750932235.5194921,0.0,0.5,"[174.0, 185.0, 189.0, 160.0, 156.0, 153.0, 152.0, 172.0, 185.0, 174.0]",24.78849220275879,0.0,49.6328125,0.0005550384521484375,-29.189590454101562
1750932235.5552635,0.0,0.5,"[174.0, 185.0, 189.0, 160.0, 156.0, 153.0, 152.0, 172.0, 185.0, 174.0]",24.841394424438477,0.0,49.135986328125,0.0005550384521484375,-29.191375732421875
1750932235.5700462,0.0,0.5,"[174.0, 185.0, 189.0, 160.0, 156.0, 153.0, 152.0, 172.0, 185.0, 174.0]",24.864139556884766,0.0,48.638702392578125,0.0005550384521484375,-29.193153381347656
1750932235.5852768,0.0,0.5,"[174.0, 185.0, 189.0, 160.0, 156.0, 153.0, 152.0, 172.0, 185.0, 174.0]",24.834184646606445,0.0,48.14202880859375,0.0005550384521484375,-29.194931030273438
1750932235.5998976,0.0,0.5,"[174.0, 185.0, 189.0, 160.0, 156.0, 153.0, 152.0, 172.0, 185.0, 174.0]",24.89267921447754,0.0,47.644195556640625,0.0005550384521484375,-29.19671630859375
1750932235.625377,0.0,0.5,"[174.0, 185.0, 189.0, 160.0, 156.0, 153.0, 152.0, 172.0, 185.0, 174.0]",24.94200325012207,0.0,47.145355224609375,0.0005550384521484375,-29.198501586914062
1750932235.6397026,0.0,0.5,"[174.0, 185.0, 189.0, 160.0, 156.0, 153.0, 152.0, 172.0, 185.0, 174.0]",24.96748924255371,0.0,46.64599609375,0.0005550384521484375,-29.200294494628906
1750932235.6648777,0.0,0.5,"[174.0, 185.0, 189.0, 160.0, 156.0, 153.0, 152.0, 172.0, 185.0, 174.0]",24.938236236572266,0.0,46.147247314453125,0.0005550384521484375,-29.20207977294922
1750932235.6798422,0.0,0.5,"[174.0, 185.0, 189.0, 160.0, 156.0, 153.0, 152.0, 172.0, 185.0, 174.0]",24.996337890625,0.0,45.647308349609375,0.0005550384521484375,-29.203872680664062
1750932235.704383,0.0,0.5,"[174.0, 185.0, 189.0, 160.0, 156.0, 153.0, 152.0, 172.0, 185.0, 174.0]",25.041946411132812,0.0,45.146484375,0.0005550384521484375,-29.205665588378906
1750932235.7187233,0.0,0.5,"[174.0, 185.0, 189.0, 160.0, 156.0, 153.0, 152.0, 172.0, 185.0, 174.0]",25.0700626373291,0.0,44.64508056640625,0.0005550384521484375,-29.20745849609375
1750932235.7539,0.0,0.5,"[174.0, 185.0, 189.0, 160.0, 156.0, 153.0, 152.0, 172.0, 185.0, 174.0]",25.041654586791992,0.0,44.144256591796875,0.0005550384521484375,-29.209259033203125
1750932235.7682006,0.0,0.5,"[174.0, 185.0, 189.0, 160.0, 156.0, 153.0, 152.0, 172.0, 185.0, 174.0]",25.09947395324707,0.0,43.64227294921875,0.0005550384521484375,-29.2110595703125
1750932235.7826307,0.0,0.5,"[174.0, 185.0, 189.0, 160.0, 156.0, 153.0, 152.0, 171.0, 185.0, 174.0]",25.14122200012207,0.0,43.139434814453125,0.0005550384521484375,-29.212860107421875
1750932235.7974062,0.0,0.5,"[174.0, 185.0, 189.0, 160.0, 156.0, 153.0, 152.0, 171.0, 185.0, 174.0]",25.17185401916504,0.0,42.636016845703125,0.0005550384521484375,-29.21466064453125
1750932235.831687,0.0,0.5,"[174.0, 185.0, 189.0, 160.0, 156.0, 153.0, 152.0, 171.0, 185.0, 174.0]",25.14445686340332,0.0,42.13311767578125,0.0005550384521484375,-29.216461181640625
1750932235.845698,0.0,0.5,"[174.0, 185.0, 189.0, 160.0, 156.0, 153.0, 152.0, 171.0, 185.0, 174.0]",25.202083587646484,0.0,41.62908935546875,0.0005550384521484375,-29.21826934814453
1750932235.8597744,0.0,0.5,"[174.0, 185.0, 189.0, 160.0, 156.0, 153.0, 152.0, 171.0, 185.0, 174.0]",25.239826202392578,0.0,41.124298095703125,0.0005550384521484375,-29.220077514648438
1750932235.8939154,0.0,0.5,"[174.0, 185.0, 189.0, 160.0, 156.0, 153.0, 152.0, 171.0, 185.0, 174.0]",25.272872924804688,0.0,40.61883544921875,0.0005550384521484375,-29.221893310546875
1750932235.9071715,0.0,0.5,"[174.0, 185.0, 189.0, 160.0, 156.0, 153.0, 152.0, 171.0, 185.0, 174.0]",25.246660232543945,0.0,40.113922119140625,0.0005550384521484375,-29.22370147705078
1750932235.920828,0.0,0.5,"[174.0, 185.0, 189.0, 160.0, 156.0, 153.0, 152.0, 171.0, 185.0, 174.0]",25.30414390563965,0.0,39.607818603515625,0.0005550384521484375,-29.22551727294922
1750932235.9451714,0.0,0.5,"[174.0, 185.0, 189.0, 160.0, 156.0, 153.0, 152.0, 171.0, 185.0, 174.0]",25.337764739990234,0.0,39.10107421875,0.0005550384521484375,-29.227333068847656
1750932235.959046,0.0,0.5,"[174.0, 185.0, 189.0, 160.0, 156.0, 153.0, 152.0, 171.0, 185.0, 174.0]",25.373146057128906,0.0,38.5936279296875,0.0005550384521484375,-29.229148864746094
1750932235.9934525,0.0,0.5,"[174.0, 185.0, 189.0, 160.0, 156.0, 153.0, 152.0, 171.0, 185.0, 174.0]",25.348289489746094,0.0,38.086669921875,0.0005550384521484375,-29.23096466064453
1750932236.008082,0.0,0.5,"[174.0, 185.0, 189.0, 160.0, 156.0, 153.0, 152.0, 171.0, 185.0, 174.0]",25.40564727783203,0.0,37.57855224609375,0.0005550384521484375,-29.2327880859375
1750932236.022039,0.0,0.5,"[174.0, 185.0, 189.0, 160.0, 156.0, 153.0, 152.0, 171.0, 185.0, 174.0]",25.435054779052734,0.0,37.069854736328125,0.0005550384521484375,-29.23461151123047
1750932236.035948,0.0,0.5,"[174.0, 185.0, 189.0, 160.0, 156.0, 153.0, 152.0, 171.0, 185.0, 174.0]",25.47269058227539,0.0,36.560394287109375,0.0005550384521484375,-29.236434936523438
1750932236.0715377,0.0,0.5,"[174.0, 185.0, 189.0, 160.0, 156.0, 153.0, 152.0, 171.0, 185.0, 174.0]",25.449356079101562,0.0,36.051422119140625,0.0005550384521484375,-29.238258361816406
1750932236.0865917,0.0,0.5,"[174.0, 185.0, 189.0, 160.0, 156.0, 153.0, 152.0, 171.0, 185.0, 174.0]",25.50657844543457,0.0,35.541290283203125,0.0005550384521484375,-29.240081787109375
1750932236.1008773,0.0,0.5,"[174.0, 185.0, 189.0, 160.0, 156.0, 153.0, 152.0, 171.0, 185.0, 174.0]",25.53170394897461,0.0,35.030670166015625,0.0005550384521484375,-29.241912841796875
1750932236.1246977,0.0,0.5,"[174.0, 185.0, 189.0, 160.0, 156.0, 153.0, 152.0, 171.0, 185.0, 174.0]",25.57151985168457,0.0,34.51922607421875,0.0005550384521484375,-29.243743896484375
1750932236.1387808,0.0,0.5,"[174.0, 185.0, 189.0, 160.0, 156.0, 153.0, 152.0, 171.0, 185.0, 174.0]",25.54986000061035,0.0,34.00823974609375,0.0005550384521484375,-29.245574951171875
1750932236.1729808,0.0,0.5,"[174.0, 185.0, 189.0, 160.0, 156.0, 153.0, 152.0, 171.0, 185.0, 174.0]",25.606914520263672,0.0,33.49609375,0.0005550384521484375,-29.247413635253906
1750932236.1873515,0.0,0.5,"[174.0, 185.0, 189.0, 160.0, 156.0, 153.0, 152.0, 171.0, 185.0, 174.0]",25.627750396728516,0.0,32.983551025390625,0.0005550384521484375,-29.249252319335938
1750932236.202037,0.0,0.5,"[174.0, 185.0, 189.0, 160.0, 156.0, 153.0, 152.0, 171.0, 185.0, 174.0]",25.669647216796875,0.0,32.47015380859375,0.0005550384521484375,-29.25109100341797
1750932236.2158697,0.0,0.5,"[174.0, 185.0, 189.0, 160.0, 156.0, 153.0, 152.0, 171.0, 185.0, 174.0]",25.649799346923828,0.0,31.957183837890625,0.0005550384521484375,-29.2529296875
1750932236.2497265,0.0,0.5,"[174.0, 185.0, 189.0, 160.0, 156.0, 153.0, 152.0, 171.0, 185.0, 174.0]",25.706647872924805,0.0,31.44305419921875,0.0005550384521484375,-29.25476837158203
1750932236.2634811,0.0,0.5,"[174.0, 185.0, 189.0, 160.0, 156.0, 153.0, 152.0, 171.0, 185.0, 174.0]",25.72322654724121,0.0,30.9285888671875,0.0005550384521484375,-29.256614685058594
1750932236.2773035,0.0,0.5,"[174.0, 185.0, 189.0, 160.0, 156.0, 153.0, 152.0, 170.0, 185.0, 174.0]",25.76711082458496,0.0,30.413238525390625,0.0005550384521484375,-29.258460998535156
1750932236.3111465,0.0,0.5,"[174.0, 185.0, 189.0, 160.0, 156.0, 153.0, 152.0, 170.0, 185.0, 174.0]",25.749162673950195,0.0,29.89825439453125,0.0005550384521484375,-29.260299682617188
1750932236.3244388,0.0,0.5,"[174.0, 185.0, 189.0, 160.0, 156.0, 153.0, 152.0, 170.0, 185.0, 174.0]",25.805740356445312,0.0,29.38214111328125,0.0005550384521484375,-29.26215362548828
1750932236.3385444,0.0,0.5,"[174.0, 185.0, 189.0, 160.0, 156.0, 153.0, 152.0, 170.0, 185.0, 174.0]",25.81818199157715,0.0,28.86578369140625,0.0005550384521484375,-29.264007568359375
1750932236.3722773,0.0,0.5,"[174.0, 185.0, 189.0, 160.0, 156.0, 153.0, 152.0, 170.0, 185.0, 174.0]",25.863937377929688,0.0,28.3485107421875,0.0005550384521484375,-29.265853881835938
1750932236.38627,0.0,0.5,"[174.0, 185.0, 189.0, 160.0, 156.0, 153.0, 152.0, 170.0, 185.0, 174.0]",25.84790802001953,0.0,27.831573486328125,0.0005550384521484375,-29.26770782470703
1750932236.3997102,0.0,0.5,"[174.0, 185.0, 189.0, 160.0, 156.0, 153.0, 152.0, 170.0, 185.0, 174.0]",25.90416717529297,0.0,27.3134765625,0.0005550384521484375,-29.269561767578125
1750932236.4331126,0.0,0.5,"[174.0, 185.0, 189.0, 160.0, 156.0, 153.0, 152.0, 170.0, 185.0, 174.0]",25.91268539428711,0.0,26.79522705078125,0.0005550384521484375,-29.27142333984375
1750932236.4459233,0.0,0.5,"[174.0, 185.0, 189.0, 160.0, 156.0, 153.0, 152.0, 170.0, 185.0, 174.0]",25.960159301757812,0.0,26.276031494140625,0.0005550384521484375,-29.273284912109375
1750932236.4591937,0.0,0.5,"[174.0, 185.0, 189.0, 160.0, 156.0, 153.0, 152.0, 170.0, 185.0, 174.0]",25.945985794067383,0.0,25.757110595703125,0.0005550384521484375,-29.275146484375
1750932236.491642,0.0,0.5,"[174.0, 185.0, 189.0, 160.0, 156.0, 153.0, 152.0, 170.0, 185.0, 174.0]",26.001895904541016,0.0,25.237091064453125,0.0005550384521484375,-29.277008056640625
1750932236.5054445,0.0,0.5,"[174.0, 185.0, 189.0, 160.0, 156.0, 153.0, 152.0, 170.0, 185.0, 174.0]",26.006797790527344,0.0,24.716949462890625,0.0005550384521484375,-29.27886962890625
1750932236.518423,0.0,0.5,"[174.0, 185.0, 189.0, 160.0, 156.0, 153.0, 152.0, 170.0, 185.0, 174.0]",26.05582046508789,0.0,24.195831298828125,0.0005550384521484375,-29.280738830566406
1750932236.5511312,0.0,0.5,"[174.0, 185.0, 189.0, 160.0, 156.0, 153.0, 152.0, 170.0, 185.0, 174.0]",26.0433349609375,0.0,23.67498779296875,0.0005550384521484375,-29.282608032226562
1750932236.5644155,0.0,0.5,"[174.0, 185.0, 189.0, 160.0, 156.0, 153.0, 152.0, 170.0, 185.0, 174.0]",26.098894119262695,0.0,23.152984619140625,0.0005550384521484375,-29.28447723388672
1750932236.5779104,0.0,0.5,"[174.0, 185.0, 189.0, 160.0, 156.0, 153.0, 152.0, 170.0, 185.0, 174.0]",26.10057258605957,0.0,22.6309814453125,0.0005550384521484375,-29.286346435546875
1750932236.610787,0.0,0.5,"[174.0, 185.0, 189.0, 160.0, 156.0, 153.0, 152.0, 170.0, 185.0, 174.0]",26.150962829589844,0.0,22.10797119140625,0.0005550384521484375,-29.288223266601562
1750932236.624618,0.0,0.5,"[174.0, 185.0, 189.0, 160.0, 156.0, 153.0, 152.0, 170.0, 185.0, 174.0]",26.139894485473633,0.0,21.585174560546875,0.0005550384521484375,-29.29009246826172
1750932236.6377723,0.0,0.5,"[174.0, 185.0, 189.0, 160.0, 156.0, 152.0, 152.0, 170.0, 185.0, 174.0]",26.195138931274414,0.0,21.061279296875,0.0005550384521484375,-29.291969299316406
1750932236.6705287,0.0,0.5,"[174.0, 185.0, 189.0, 160.0, 156.0, 152.0, 152.0, 170.0, 185.0, 174.0]",26.19405174255371,0.0,20.53741455078125,0.0005550384521484375,-29.293846130371094
1750932236.6839328,0.0,0.5,"[174.0, 185.0, 189.0, 160.0, 156.0, 152.0, 151.0, 170.0, 185.0, 174.0]",26.2456111907959,0.0,20.012481689453125,0.0005550384521484375,-29.295730590820312
1750932236.6972718,0.0,0.5,"[174.0, 185.0, 189.0, 160.0, 156.0, 152.0, 151.0, 170.0, 185.0, 174.0]",26.235605239868164,0.0,19.48779296875,0.0005550384521484375,-29.297607421875
1750932236.7295449,0.0,0.5,"[174.0, 185.0, 189.0, 160.0, 156.0, 152.0, 151.0, 170.0, 185.0, 174.0]",26.290624618530273,0.0,18.96197509765625,0.0005550384521484375,-29.29949188232422
1750932236.7427056,0.0,0.5,"[174.0, 185.0, 189.0, 160.0, 156.0, 152.0, 151.0, 170.0, 185.0, 174.0]",26.28723907470703,0.0,18.436248779296875,0.0005550384521484375,-29.301376342773438
1750932236.755598,0.0,0.5,"[174.0, 185.0, 189.0, 160.0, 156.0, 152.0, 151.0, 170.0, 185.0, 174.0]",26.339792251586914,0.0,17.909454345703125,0.0005550384521484375,-29.303268432617188
1750932236.7879217,0.0,0.5,"[174.0, 185.0, 189.0, 160.0, 156.0, 152.0, 151.0, 170.0, 185.0, 174.0]",26.330463409423828,0.0,17.382843017578125,0.0005550384521484375,-29.305152893066406
1750932236.801068,0.0,0.5,"[174.0, 185.0, 189.0, 160.0, 156.0, 152.0, 151.0, 170.0, 185.0, 174.0]",26.385366439819336,0.0,16.855133056640625,0.0005550384521484375,-29.307044982910156
1750932236.8152323,0.0,0.5,"[174.0, 185.0, 189.0, 160.0, 156.0, 152.0, 151.0, 170.0, 185.0, 174.0]",26.380126953125,0.0,16.327545166015625,0.0005550384521484375,-29.308929443359375
1750932236.8477194,0.0,0.5,"[174.0, 185.0, 189.0, 160.0, 156.0, 152.0, 151.0, 170.0, 185.0, 174.0]",26.433496475219727,0.0,15.798858642578125,0.0005550384521484375,-29.310829162597656
1750932236.8604214,0.0,0.5,"[174.0, 185.0, 189.0, 161.0, 156.0, 152.0, 151.0, 170.0, 185.0, 174.0]",26.42446517944336,0.0,15.2703857421875,0.0005550384521484375,-29.312721252441406
1750932236.8830292,0.0,0.5,"[174.0, 185.0, 189.0, 161.0, 156.0, 152.0, 151.0, 170.0, 185.0, 174.0]",26.47938346862793,0.0,14.740814208984375,0.0005550384521484375,-29.314620971679688
1750932236.8957777,0.0,0.5,"[174.0, 185.0, 189.0, 161.0, 156.0, 152.0, 151.0, 170.0, 185.0, 174.0]",26.472660064697266,0.0,14.21136474609375,0.0005550384521484375,-29.316513061523438
1750932236.9269466,0.0,0.5,"[174.0, 185.0, 189.0, 161.0, 156.0, 152.0, 151.0, 170.0, 185.0, 174.0]",26.52672004699707,0.0,13.680816650390625,0.0005550384521484375,-29.31842041015625
1750932236.94004,0.0,0.5,"[174.0, 185.0, 189.0, 161.0, 156.0, 152.0, 151.0, 170.0, 185.0, 174.0]",26.517656326293945,0.0,13.150482177734375,0.0005550384521484375,-29.32032012939453
1750932236.9613473,0.0,0.5,"[174.0, 185.0, 189.0, 161.0, 156.0, 152.0, 151.0, 170.0, 185.0, 174.0]",26.57270622253418,0.0,12.6190185546875,0.0005550384521484375,-29.322219848632812
1750932236.9739265,0.0,0.5,"[174.0, 185.0, 189.0, 161.0, 156.0, 152.0, 151.0, 170.0, 185.0, 174.0]",26.564786911010742,0.0,12.087738037109375,0.0005550384521484375,-29.324127197265625
1750932237.0048656,0.0,0.5,"[174.0, 185.0, 189.0, 161.0, 156.0, 152.0, 151.0, 170.0, 185.0, 174.0]",26.619434356689453,0.0,11.55535888671875,0.0005550384521484375,-29.326034545898438
1750932237.0179203,0.0,0.5,"[174.0, 185.0, 189.0, 161.0, 156.0, 152.0, 151.0, 170.0, 185.0, 174.0]",26.61008644104004,0.0,11.02313232421875,0.0005550384521484375,-29.32794189453125
1750932237.0493233,0.0,0.5,"[174.0, 185.0, 189.0, 161.0, 156.0, 152.0, 151.0, 170.0, 185.0, 174.0]",26.66537094116211,0.0,10.489837646484375,0.0005550384521484375,-29.329849243164062
1750932237.0620313,0.0,0.5,"[174.0, 185.0, 189.0, 161.0, 156.0, 152.0, 151.0, 170.0, 185.0, 174.0]",26.656455993652344,0.0,9.95672607421875,0.0005550384521484375,-29.331764221191406
1750932237.0752776,0.0,0.5,"[174.0, 185.0, 189.0, 161.0, 156.0, 152.0, 151.0, 170.0, 185.0, 174.0]",26.711624145507812,0.0,9.4224853515625,0.0005550384521484375,-29.33367919921875
1750932237.106044,0.0,0.5,"[174.0, 185.0, 189.0, 161.0, 156.0, 152.0, 151.0, 170.0, 185.0, 174.0]",26.701805114746094,0.0,8.888458251953125,0.0005550384521484375,-29.335586547851562
1750932237.1189916,0.0,0.5,"[174.0, 185.0, 189.0, 161.0, 156.0, 152.0, 151.0, 170.0, 185.0, 174.0]",26.75740623474121,0.0,8.353302001953125,0.0005550384521484375,-29.337509155273438
1750932237.1507185,0.0,0.5,"[174.0, 185.0, 189.0, 161.0, 156.0, 152.0, 151.0, 170.0, 185.0, 174.0]",26.747617721557617,0.0,7.818359375,0.0005550384521484375,-29.33942413330078
1750932237.1634147,0.0,0.5,"[174.0, 185.0, 189.0, 161.0, 156.0, 152.0, 151.0, 170.0, 185.0, 174.0]",26.80327033996582,0.0,7.28228759765625,0.0005550384521484375,-29.341346740722656
1750932237.1764774,0.0,0.5,"[174.0, 185.0, 189.0, 161.0, 156.0, 152.0, 151.0, 170.0, 185.0, 174.0]",26.792858123779297,0.0,6.7464599609375,0.0005550384521484375,-29.34326171875
1750932237.2084327,0.0,0.5,"[174.0, 185.0, 189.0, 161.0, 156.0, 152.0, 151.0, 170.0, 185.0, 174.0]",26.848833084106445,0.0,6.20947265625,0.0005550384521484375,-29.345191955566406
1750932237.221871,0.0,0.5,"[174.0, 185.0, 189.0, 161.0, 156.0, 152.0, 151.0, 170.0, 185.0, 174.0]",26.838237762451172,0.0,5.672698974609375,0.0005550384521484375,-29.34711456298828
1750932237.2349296,0.0,0.5,"[174.0, 185.0, 189.0, 161.0, 156.0, 152.0, 151.0, 170.0, 185.0, 174.0]",26.894357681274414,0.0,5.13482666015625,0.0005550384521484375,-29.349037170410156
1750932237.2658923,0.0,0.5,"[174.0, 185.0, 189.0, 161.0, 156.0, 152.0, 151.0, 170.0, 185.0, 174.0]",26.883275985717773,0.0,4.59716796875,0.0005550384521484375,-29.350967407226562
1750932237.2778125,0.0,0.5,"[174.0, 185.0, 189.0, 161.0, 156.0, 152.0, 151.0, 170.0, 185.0, 174.0]",26.939672470092773,0.0,4.058380126953125,0.0005550384521484375,-29.35289764404297
1750932237.3085806,0.0,0.5,"[174.0, 185.0, 189.0, 161.0, 156.0, 152.0, 151.0, 170.0, 185.0, 174.0]",26.92829704284668,0.0,3.519805908203125,0.0005550384521484375,-29.354827880859375
1750932237.3210287,0.0,0.5,"[174.0, 185.0, 189.0, 161.0, 156.0, 152.0, 151.0, 170.0, 185.0, 174.0]",26.984888076782227,0.0,2.980133056640625,0.0005550384521484375,-29.35675811767578
1750932237.3351,0.0,0.5,"[174.0, 185.0, 178.0, 155.0, 154.0, 154.0, 156.0, 179.0, 185.0, 174.0]",0.0,0.0,0.0,0.10000038146972656,-27.93000030517578
1750932237.3649704,0.0,0.5,"[174.0, 185.0, 179.0, 155.0, 154.0, 154.0, 156.0, 179.0, 185.0, 174.0]",0.928676962852478,0.0,-0.004119873046875,0.08189201354980469,-27.93000030517578
1750932237.377281,0.0,0.5,"[174.0, 185.0, 179.0, 155.0, 154.0, 154.0, 156.0, 180.0, 185.0, 174.0]",0.9789973497390747,0.0,-0.013763427734375,0.06484222412109375,-27.93000030517578
1750932237.4067428,0.0,0.5,"[174.0, 185.0, 179.0, 155.0, 154.0, 154.0, 156.0, 181.0, 185.0, 174.0]",1.054098129272461,0.0,-0.02777099609375,0.0490875244140625,-27.93000030517578
1750932237.4187806,0.0,0.5,"[174.0, 185.0, 179.0, 156.0, 154.0, 154.0, 156.0, 181.0, 185.0, 174.0]",1.1287505626678467,0.0,-0.04522705078125,0.034786224365234375,-27.93000030517578
1750932237.4484465,0.0,0.5,"[174.0, 185.0, 180.0, 156.0, 154.0, 154.0, 156.0, 181.0, 185.0, 174.0]",1.154292106628418,0.0,-0.064483642578125,0.02204132080078125,-27.930015563964844
1750932237.4610248,0.0,0.5,"[174.0, 185.0, 181.0, 156.0, 154.0, 154.0, 156.0, 181.0, 185.0, 174.0]",1.148808240890503,0.0,-0.084564208984375,0.010894775390625,-27.92998504638672
1750932237.4820216,0.0,0.5,"[174.0, 185.0, 181.0, 156.0, 154.0, 154.0, 156.0, 181.0, 185.0, 174.0]",1.1066590547561646,0.0,-0.10455322265625,0.0013484954833984375,-27.92999267578125
1750932237.4944158,0.0,0.5,"[174.0, 185.0, 181.0, 156.0, 154.0, 154.0, 156.0, 181.0, 185.0, 174.0]",1.1563496589660645,0.0,-0.126251220703125,-0.0066356658935546875,-27.93004608154297
1750932237.5245972,0.0,0.5,"[174.0, 185.0, 181.0, 156.0, 154.0, 154.0, 158.0, 181.0, 185.0, 174.0]",1.2416667938232422,0.0,-0.15020751953125,-0.01313018798828125,-27.93004608154297
1750932237.53743,0.0,0.5,"[174.0, 185.0, 181.0, 156.0, 154.0, 154.0, 158.0, 183.0, 185.0, 174.0]",1.2107043266296387,0.0,-0.17388916015625,-0.018224716186523438,-27.93006134033203
1750932237.5675282,0.0,0.5,"[174.0, 185.0, 181.0, 156.0, 154.0, 155.0, 158.0, 183.0, 185.0, 174.0]",1.309525966644287,0.0,-0.199798583984375,-0.022035598754882812,-27.93006134033203
1750932237.5803118,0.0,0.5,"[174.0, 185.0, 181.0, 156.0, 154.0, 154.0, 158.0, 183.0, 185.0, 174.0]",1.4146335124969482,0.0,-0.22796630859375,-0.024682998657226562,-27.9300537109375
1750932237.6017003,0.0,0.5,"[174.0, 185.0, 181.0, 156.0, 154.0, 154.0, 158.0, 183.0, 185.0, 174.0]",1.3965319395065308,0.0,-0.255859375,-0.026300430297851562,-27.93004608154297
1750932237.6145792,0.0,0.5,"[174.0, 185.0, 181.0, 156.0, 154.0, 154.0, 158.0, 183.0, 185.0, 174.0]",1.511495590209961,0.0,-0.28607177734375,-0.027021408081054688,-27.9300537109375
1750932237.6448247,0.0,0.5,"[174.0, 185.0, 181.0, 156.0, 154.0, 154.0, 156.0, 183.0, 185.0, 174.0]",1.5789271593093872,0.0,-0.317657470703125,-0.0269775390625,-27.93006134033203
1750932237.6567938,0.0,0.5,"[174.0, 185.0, 181.0, 156.0, 154.0, 154.0, 156.0, 181.0, 185.0, 174.0]",1.6312816143035889,0.0,-0.35028076171875,-0.02629852294921875,-27.930076599121094
1750932237.6868339,0.0,0.5,"[174.0, 185.0, 181.0, 156.0, 154.0, 154.0, 156.0, 181.0, 185.0, 174.0]",1.7079483270645142,0.0,-0.3843994140625,-0.025106430053710938,-27.93011474609375
1750932237.6990263,0.0,0.5,"[174.0, 185.0, 181.0, 156.0, 154.0, 154.0, 156.0, 181.0, 185.0, 174.0]",1.7526874542236328,0.0,-0.41943359375,-0.023515701293945312,-27.930145263671875
1750932237.7295957,0.0,0.5,"[174.0, 185.0, 181.0, 156.0, 154.0, 154.0, 156.0, 181.0, 185.0, 174.0]",1.8074696063995361,0.0,-0.455535888671875,-0.021633148193359375,-27.93018341064453
1750932237.7417185,0.0,0.0,"[174.0, 185.0, 181.0, 156.0, 154.0, 154.0, 156.0, 181.0, 185.0, 174.0]",1.8898682594299316,0.0,-0.493255615234375,-0.019550323486328125,-27.930213928222656
1750932237.7538126,0.0,0.0,"[174.0, 185.0, 181.0, 156.0, 154.0, 154.0, 156.0, 181.0, 185.0, 174.0]",1.6597410440444946,0.0,-0.526397705078125,-0.017353057861328125,-27.93023681640625
1750932237.7835891,0.0,0.0,"[174.0, 185.0, 181.0, 156.0, 154.0, 154.0, 156.0, 181.0, 185.0, 174.0]",1.4278388023376465,0.0,-0.55487060546875,-0.015111923217773438,-27.930252075195312
1750932237.7959476,0.0,0.0,"[174.0, 185.0, 181.0, 156.0, 154.0, 154.0, 156.0, 181.0, 185.0, 174.0]",1.1991217136383057,0.0,-0.5787353515625,-0.01288604736328125,-27.930267333984375
1750932237.8255575,0.0,0.0,"[174.0, 185.0, 181.0, 156.0, 154.0, 154.0, 156.0, 181.0, 185.0, 174.0]",0.9731619954109192,0.0,-0.59808349609375,-0.010730743408203125,-27.930282592773438
1750932237.8379307,0.0,0.0,"[174.0, 185.0, 181.0, 156.0, 154.0, 154.0, 156.0, 181.0, 185.0, 174.0]",0.7496464848518372,0.0,-0.612945556640625,-0.008680343627929688,-27.930282592773438
1750932237.8682907,0.0,0.0,"[174.0, 185.0, 181.0, 156.0, 154.0, 154.0, 156.0, 181.0, 185.0, 174.0]",0.5285550355911255,0.0,-0.623321533203125,-0.006771087646484375,-27.93029022216797
1750932237.8800557,0.0,0.0,"[174.0, 185.0, 181.0, 156.0, 154.0, 154.0, 156.0, 181.0, 185.0, 174.0]",0.31043541431427,0.0,-0.6292724609375,-0.005023956298828125,-27.9302978515625
1750932237.9021232,0.0,0.0,"[174.0, 185.0, 181.0, 156.0, 154.0, 154.0, 156.0, 181.0, 185.0, 174.0]",0.20278750360012054,0.0,-0.633026123046875,-0.003452301025390625,-27.9302978515625
1750932237.915819,0.0,0.0,"[174.0, 185.0, 181.0, 156.0, 154.0, 154.0, 156.0, 181.0, 185.0, 174.0]",0.06940634548664093,0.0,-0.633056640625,-0.002063751220703125,-27.9302978515625
1750932237.9482932,0.0,0.0,"[174.0, 185.0, 181.0, 156.0, 154.0, 154.0, 156.0, 181.0, 185.0, 174.0]",0.060020629316568375,0.0,-0.633056640625,-0.0008640289306640625,-27.9302978515625
1750932237.961839,0.0,0.0,"[174.0, 185.0, 181.0, 156.0, 154.0, 154.0, 156.0, 181.0, 185.0, 174.0]",0.05080501362681389,0.0,-0.633056640625,0.000152587890625,-27.9302978515625
1750932237.9750485,0.0,0.0,"[174.0, 185.0, 181.0, 156.0, 154.0, 154.0, 156.0, 181.0, 185.0, 174.0]",0.04191624000668526,0.0,-0.633056640625,0.0009899139404296875,-27.93030548095703
1750932238.0058863,0.0,0.0,"[174.0, 185.0, 181.0, 156.0, 154.0, 154.0, 156.0, 181.0, 185.0, 174.0]",0.03352084010839462,0.0,-0.633056640625,0.0016613006591796875,-27.930282592773438
1750932238.0179224,0.0,0.0,"[174.0, 185.0, 181.0, 156.0, 154.0, 154.0, 156.0, 181.0, 185.0, 174.0]",0.025797424837946892,0.0,-0.633056640625,0.00217437744140625,-27.930328369140625
1750932238.0479157,0.0,0.0,"[174.0, 185.0, 181.0, 156.0, 154.0, 154.0, 156.0, 181.0, 185.0, 174.0]",0.019483650103211403,0.0,-0.633056640625,0.0025463104248046875,-27.930213928222656
1750932238.060026,0.0,0.0,"[174.0, 185.0, 181.0, 156.0, 154.0, 154.0, 156.0, 181.0, 185.0, 174.0]",0.026658084243535995,0.0,-0.633056640625,0.0027904510498046875,-27.930686950683594
1750932238.0813863,0.0,0.0,"[174.0, 185.0, 181.0, 156.0, 154.0, 154.0, 156.0, 181.0, 185.0, 174.0]",0.19450539350509644,0.0,-0.633087158203125,0.0029239654541015625,-27.926803588867188
1750932238.0934918,0.0,0.0,"[174.0, 185.0, 181.0, 156.0, 154.0, 154.0, 156.0, 181.0, 185.0, 174.0]",0.11234147846698761,0.0,-0.633087158203125,0.002960205078125,-27.92455291748047
1750932238.1232657,0.0,0.0,"[174.0, 185.0, 181.0, 156.0, 154.0, 154.0, 156.0, 181.0, 185.0, 174.0]",0.18791170418262482,0.0,-0.633087158203125,0.0029163360595703125,-27.928314208984375
1750932238.1356099,0.0,0.0,"[174.0, 185.0, 181.0, 156.0, 154.0, 154.0, 156.0, 181.0, 185.0, 174.0]",0.1294844150543213,0.0,-0.633056640625,0.002803802490234375,-27.930892944335938
1750932238.1653888,0.0,0.0,"[174.0, 185.0, 181.0, 156.0, 154.0, 154.0, 156.0, 181.0, 185.0, 174.0]",0.11753799766302109,0.0,-0.633056640625,0.0026397705078125,-27.928550720214844
1750932238.1773927,0.0,0.0,"[174.0, 185.0, 181.0, 156.0, 154.0, 154.0, 156.0, 181.0, 185.0, 174.0]",0.1940208375453949,0.0,-0.633056640625,0.0024356842041015625,-27.93242645263672
1750932238.2076092,0.0,0.0,"[174.0, 185.0, 181.0, 156.0, 154.0, 154.0, 156.0, 181.0, 185.0, 174.0]",0.1249418556690216,0.0,-0.633056640625,0.00220489501953125,-27.934913635253906
1750932238.2193327,0.0,0.0,"[174.0, 185.0, 181.0, 156.0, 154.0, 154.0, 156.0, 181.0, 185.0, 174.0]",0.14955243468284607,0.0,-0.633056640625,0.001953125,-27.931930541992188
1750932238.2489867,0.0,0.0,"[174.0, 185.0, 181.0, 156.0, 154.0, 154.0, 156.0, 181.0, 185.0, 174.0]",0.017647121101617813,0.0,-0.633056640625,0.0016937255859375,-27.93169403076172
1750932238.2607038,0.0,0.0,"[174.0, 185.0, 181.0, 156.0, 154.0, 154.0, 156.0, 181.0, 185.0, 174.0]",0.11738117784261703,0.0,-0.633026123046875,0.001434326171875,-27.93402862548828
1750932238.2816486,0.0,0.0,"[174.0, 185.0, 181.0, 156.0, 154.0, 154.0, 156.0, 181.0, 185.0, 174.0]",0.19176244735717773,0.0,-0.633056640625,0.001178741455078125,-27.930206298828125
1750932238.2942193,0.0,0.0,"[174.0, 185.0, 181.0, 156.0, 154.0, 154.0, 156.0, 181.0, 185.0, 174.0]",0.1386035680770874,0.0,-0.633056640625,0.0009326934814453125,-27.927444458007812
1750932238.3236542,0.0,0.0,"[174.0, 185.0, 181.0, 156.0, 154.0, 154.0, 156.0, 181.0, 185.0, 174.0]",0.060828328132629395,0.0,-0.633056640625,0.000701904296875,-27.928634643554688
1750932238.3355143,0.0,0.0,"[174.0, 185.0, 181.0, 156.0, 154.0, 154.0, 156.0, 181.0, 185.0, 174.0]",0.17599104344844818,0.0,-0.633056640625,0.00048828125,-27.925125122070312
1750932238.365241,0.0,0.0,"[174.0, 185.0, 181.0, 156.0, 154.0, 154.0, 156.0, 181.0, 185.0, 174.0]",0.1400226354598999,0.0,-0.633087158203125,0.0002956390380859375,-27.922325134277344
1750932238.3773532,0.0,0.0,"[174.0, 185.0, 181.0, 156.0, 154.0, 154.0, 156.0, 181.0, 185.0, 174.0]",0.048116423189640045,0.0,-0.633087158203125,0.0001220703125,-27.92327117919922
1750932238.4078207,0.0,0.0,"[174.0, 185.0, 181.0, 156.0, 154.0, 154.0, 156.0, 181.0, 185.0, 174.0]",0.2026953101158142,0.0,-0.633087158203125,-2.86102294921875e-05,-27.919219970703125
1750932238.4200501,0.0,0.0,"[174.0, 185.0, 181.0, 156.0, 154.0, 154.0, 156.0, 181.0, 185.0, 174.0]",0.0990595668554306,0.0,-0.633087158203125,-0.0001583099365234375,-27.91724395751953
1750932238.4408133,0.0,0.0,"[174.0, 185.0, 181.0, 156.0, 154.0, 154.0, 156.0, 181.0, 185.0, 174.0]",0.20577751100063324,0.0,-0.633087158203125,-0.00026702880859375,-27.921356201171875
1750932238.4620035,0.0,0.0,"[174.0, 185.0, 181.0, 156.0, 154.0, 154.0, 156.0, 181.0, 185.0, 174.0]",0.0813174694776535,0.0,-0.633087158203125,-0.000354766845703125,-27.92298126220703
1750932238.4742665,0.0,0.0,"[174.0, 185.0, 181.0, 156.0, 154.0, 154.0, 156.0, 181.0, 185.0, 174.0]",0.19488343596458435,0.0,-0.633087158203125,-0.000423431396484375,-27.919082641601562
1750932238.5040545,0.0,0.0,"[174.0, 185.0, 180.0, 156.0, 154.0, 154.0, 156.0, 181.0, 185.0, 174.0]",0.13133172690868378,0.0,-0.633087158203125,-0.0004749298095703125,-27.916458129882812
1750932238.516694,0.0,0.0,"[174.0, 185.0, 180.0, 156.0, 154.0, 154.0, 156.0, 181.0, 185.0, 174.0]",0.11357448995113373,0.0,-0.63311767578125,-0.00051116943359375,-27.918731689453125
1750932238.5460405,0.0,0.0,"[174.0, 185.0, 180.0, 156.0, 154.0, 154.0, 156.0, 181.0, 185.0, 174.0]",0.18170160055160522,0.0,-0.63311767578125,-0.0005340576171875,-27.91510009765625
1750932238.5585103,0.0,0.0,"[174.0, 185.0, 180.0, 156.0, 154.0, 154.0, 156.0, 181.0, 185.0, 174.0]",0.14614368975162506,0.0,-0.63311767578125,-0.0005435943603515625,-27.91217803955078
1750932238.5876286,0.0,0.0,"[174.0, 185.0, 180.0, 156.0, 154.0, 154.0, 156.0, 181.0, 185.0, 174.0]",0.0013372572138905525,0.0,-0.63311767578125,-0.0005435943603515625,-27.912147521972656
1750932238.6005144,0.0,0.0,"[174.0, 185.0, 180.0, 156.0, 154.0, 154.0, 156.0, 181.0, 185.0, 174.0]",0.0063344077207148075,0.0,-0.63311767578125,-0.0005340576171875,-27.912277221679688
1750932238.6220925,0.0,0.0,"[174.0, 185.0, 180.0, 156.0, 154.0, 154.0, 156.0, 181.0, 185.0, 174.0]",0.037250932306051254,0.0,-0.63311767578125,-0.000518798828125,-27.911529541015625
1750932238.6345804,0.0,0.0,"[174.0, 185.0, 180.0, 156.0, 154.0, 154.0, 156.0, 181.0, 185.0, 174.0]",0.2104065716266632,0.0,-0.63311767578125,-0.0004978179931640625,-27.915740966796875
1750932238.6648557,0.0,0.0,"[174.0, 185.0, 180.0, 156.0, 154.0, 154.0, 156.0, 181.0, 185.0, 174.0]",0.05521967262029648,0.0,-0.63311767578125,-0.0004730224609375,-27.916839599609375
1750932238.6776688,0.0,0.0,"[174.0, 185.0, 180.0, 156.0, 154.0, 154.0, 156.0, 181.0, 185.0, 174.0]",0.1824534684419632,0.0,-0.63311767578125,-0.0004444122314453125,-27.913192749023438
1750932238.7082982,0.0,0.0,"[174.0, 185.0, 180.0, 156.0, 154.0, 154.0, 156.0, 181.0, 185.0, 174.0]",0.14456501603126526,0.0,-0.63311767578125,-0.000415802001953125,-27.910301208496094
1750932238.720891,0.0,0.0,"[174.0, 185.0, 180.0, 156.0, 154.0, 154.0, 156.0, 181.0, 185.0, 174.0]",0.009176185354590416,0.0,-0.63311767578125,-0.000385284423828125,-27.910484313964844
1750932238.7340565,0.0,0.0,"[174.0, 185.0, 180.0, 156.0, 154.0, 154.0, 156.0, 181.0, 185.0, 174.0]",0.07103890925645828,0.0,-0.63311767578125,-0.000354766845703125,-27.9090576171875
1750932238.7643692,0.0,0.0,"[174.0, 185.0, 180.0, 156.0, 154.0, 154.0, 156.0, 181.0, 185.0, 174.0]",0.17452718317508698,0.0,-0.63311767578125,-0.0003261566162109375,-27.912551879882812
1750932238.7763124,0.0,0.0,"[174.0, 185.0, 180.0, 156.0, 154.0, 154.0, 156.0, 181.0, 185.0, 174.0]",0.13419753313064575,0.0,-0.63311767578125,-0.00029754638671875,-27.915237426757812
1750932238.8064187,0.0,0.0,"[174.0, 185.0, 180.0, 156.0, 154.0, 154.0, 156.0, 181.0, 185.0, 174.0]",0.08865968137979507,0.0,-0.633087158203125,-0.0002727508544921875,-27.91345977783203
1750932238.8187816,0.0,0.0,"[174.0, 185.0, 180.0, 156.0, 154.0, 154.0, 156.0, 181.0, 185.0, 174.0]",0.20912052690982819,0.0,-0.633087158203125,-0.000247955322265625,-27.917648315429688
1750932238.849114,0.0,0.0,"[174.0, 185.0, 180.0, 156.0, 154.0, 154.0, 156.0, 181.0, 185.0, 174.0]",0.06096070632338524,0.0,-0.633087158203125,-0.0002269744873046875,-27.918861389160156
1750932238.8615594,0.0,0.0,"[174.0, 185.0, 180.0, 156.0, 154.0, 154.0, 156.0, 181.0, 185.0, 174.0]",0.1759299784898758,0.0,-0.633087158203125,-0.0002079010009765625,-27.91534423828125
1750932238.874052,0.0,0.0,"[174.0, 185.0, 180.0, 156.0, 154.0, 154.0, 156.0, 181.0, 185.0, 174.0]",0.13686153292655945,0.0,-0.63311767578125,-0.00019073486328125,-27.91260528564453
1750932238.9034917,0.0,0.0,"[174.0, 185.0, 180.0, 156.0, 154.0, 154.0, 156.0, 181.0, 185.0, 174.0]",0.06700482964515686,0.0,-0.63311767578125,-0.0001773834228515625,-27.91394805908203
1750932238.9162278,0.0,0.0,"[174.0, 185.0, 180.0, 156.0, 154.0, 154.0, 156.0, 181.0, 185.0, 174.0]",0.17418041825294495,0.0,-0.63311767578125,-0.0001659393310546875,-27.91046142578125
1750932238.947194,0.0,0.0,"[174.0, 185.0, 180.0, 156.0, 154.0, 154.0, 156.0, 181.0, 185.0, 174.0]",0.1331222951412201,0.0,-0.63311767578125,-0.000156402587890625,-27.907806396484375
1750932238.9594448,0.0,0.0,"[174.0, 185.0, 180.0, 156.0, 154.0, 154.0, 156.0, 181.0, 185.0, 174.0]",0.09710613638162613,0.0,-0.633148193359375,-0.000148773193359375,-27.909744262695312
1750932238.9900932,0.0,0.0,"[174.0, 185.0, 180.0, 156.0, 154.0, 154.0, 156.0, 181.0, 185.0, 174.0]",0.20861732959747314,0.0,-0.633148193359375,-0.0001430511474609375,-27.90557098388672
1750932239.001985,0.0,0.0,"[174.0, 185.0, 180.0, 156.0, 154.0, 154.0, 156.0, 181.0, 185.0, 174.0]",0.06352081894874573,0.0,-0.633148193359375,-0.000141143798828125,-27.904296875
1750932239.0140455,0.0,0.0,"[174.0, 185.0, 180.0, 156.0, 154.0, 154.0, 156.0, 181.0, 185.0, 174.0]",0.17490632832050323,0.0,-0.633148193359375,-0.0001392364501953125,-27.907798767089844
1750932239.0437207,0.0,0.0,"[174.0, 185.0, 180.0, 156.0, 154.0, 154.0, 156.0, 181.0, 185.0, 174.0]",0.13488078117370605,0.0,-0.63311767578125,-0.0001373291015625,-27.910491943359375
1750932239.056813,0.0,0.0,"[174.0, 185.0, 180.0, 156.0, 154.0, 154.0, 156.0, 181.0, 185.0, 174.0]",0.08320963382720947,0.0,-0.63311767578125,-0.0001373291015625,-27.908828735351562
1750932239.0858912,0.0,0.0,"[174.0, 185.0, 180.0, 156.0, 154.0, 154.0, 156.0, 181.0, 185.0, 174.0]",0.20058663189411163,0.0,-0.63311767578125,-0.0001392364501953125,-27.912841796875
1750932239.0980635,0.0,0.0,"[174.0, 185.0, 180.0, 156.0, 154.0, 154.0, 156.0, 181.0, 185.0, 174.0]",0.10475839674472809,0.0,-0.63311767578125,-0.000141143798828125,-27.914932250976562
1750932239.1274786,0.0,0.0,"[174.0, 185.0, 180.0, 156.0, 154.0, 154.0, 156.0, 181.0, 185.0, 174.0]",0.19383767247200012,0.0,-0.63311767578125,-0.0001430511474609375,-27.911056518554688
1750932239.1404643,0.0,0.0,"[174.0, 185.0, 180.0, 156.0, 154.0, 154.0, 156.0, 181.0, 185.0, 174.0]",0.12929978966712952,0.0,-0.63311767578125,-0.0001468658447265625,-27.908470153808594
1750932239.1614988,0.0,0.0,"[174.0, 185.0, 180.0, 156.0, 154.0, 154.0, 156.0, 181.0, 185.0, 174.0]",0.12432923913002014,0.0,-0.63311767578125,-0.0001506805419921875,-27.91095733642578
1750932239.174178,0.0,0.0,"[174.0, 185.0, 180.0, 156.0, 154.0, 154.0, 156.0, 181.0, 185.0, 174.0]",0.19428959488868713,0.0,-0.633148193359375,-0.0001544952392578125,-27.907073974609375
1750932239.2042665,0.0,0.0,"[174.0, 185.0, 180.0, 156.0, 154.0, 154.0, 156.0, 181.0, 185.0, 174.0]",0.12994591891765594,0.0,-0.633148193359375,-0.000156402587890625,-27.90447235107422
1750932239.2180388,0.0,0.0,"[174.0, 185.0, 180.0, 156.0, 154.0, 154.0, 156.0, 181.0, 185.0, 174.0]",0.12109102308750153,0.0,-0.633148193359375,-0.00016021728515625,-27.906898498535156
1750932239.2484677,0.0,0.0,"[174.0, 185.0, 180.0, 156.0, 154.0, 154.0, 156.0, 181.0, 185.0, 174.0]",0.2019256353378296,0.0,-0.633148193359375,-0.000164031982421875,-27.902862548828125
1750932239.2609935,0.0,0.0,"[174.0, 185.0, 180.0, 156.0, 154.0, 154.0, 156.0, 181.0, 185.0, 174.0]",0.0986090898513794,0.0,-0.6331787109375,-0.0001678466796875,-27.90088653564453
1750932239.2826834,0.0,0.0,"[174.0, 185.0, 180.0, 156.0, 154.0, 154.0, 156.0, 181.0, 185.0, 174.0]",0.2037351280450821,0.0,-0.6331787109375,-0.0001697540283203125,-27.90496063232422
1750932239.2951345,0.0,0.0,"[174.0, 185.0, 180.0, 156.0, 154.0, 154.0, 156.0, 181.0, 185.0, 174.0]",0.08905376493930817,0.0,-0.633148193359375,-0.000171661376953125,-27.90673828125
