{
    "steering": {
        "mse": 0.08096084689458503,
        "mae": 0.09393595378470397,
        "max_error": 1.0061019929125905,
        "correlation": 0.01075323388921447
    },
    "acceleration": {
        "mse": 0.14169828069455515,
        "mae": 0.1280502327689307,
        "max_error": 2.0129533105300945,
        "correlation": 0.5033636163736234
    }
}