{
    "steering": {
        "mse": 0.028441406588431972,
        "mae": 0.10241417253753932,
        "max_error": 1.3454448725693011,
        "correlation": 0.7590791912893643
    },
    "acceleration": {
        "mse": 0.10871344514793707,
        "mae": 0.19494607066374886,
        "max_error": 2.023507237434387,
        "correlation": 0.5075956987990474
    }
}