{
    "steering": {
        "mse": 0.03547884680389077,
        "mae": 0.10071397459996351,
        "max_error": 1.4234826781031669,
        "correlation": 0.684841959968954
    },
    "acceleration": {
        "mse": 0.09176530679976692,
        "mae": 0.217863503359383,
        "max_error": 1.9680011728521638,
        "correlation": 0.6321044239347843
    }
}