{
    "steering": {
        "mse": 0.03697304736963491,
        "mae": 0.10174402194678228,
        "max_error": 1.4374325136611237,
        "correlation": 0.6688518671140722
    },
    "acceleration": {
        "mse": 0.0980071919557063,
        "mae": 0.19460762626857941,
        "max_error": 2.0108873635121123,
        "correlation": 0.6191191754776008
    }
}