{
    "steering": {
        "mse": 0.05597036992219239,
        "mae": 0.09350503608300038,
        "max_error": 1.0223441049456596,
        "correlation": NaN
    },
    "acceleration": {
        "mse": 0.2113656273839086,
        "mae": 0.2591151113679314,
        "max_error": 2.0131715231346172,
        "correlation": NaN
    }
}