{
    "steering": {
        "min": -0.739990234375,
        "max": 0.703826904296875
    },
    "acceleration": {
        "min": -0.680694580078125,
        "max": 0.813568115234375
    }
}