{
    "steering": {
        "min": -0.73046875,
        "max": 0.707000732421875
    },
    "acceleration": {
        "min": -0.669342041015625,
        "max": 0.816375732421875
    }
}