{
    "steering": {
        "min": -0.73193359375,
        "max": 0.7030029296875
    },
    "acceleration": {
        "min": -0.683624267578125,
        "max": 0.814361572265625
    }
}