{
    "steering": {
        "min": -0.747802734375,
        "max": 0.713287353515625
    },
    "acceleration": {
        "min": -0.678253173828125,
        "max": 0.819854736328125
    }
}