{
    "steering": {
        "min": -0.73095703125,
        "max": 0.704559326171875
    },
    "acceleration": {
        "min": -0.665924072265625,
        "max": 0.80108642578125
    }
}