{
    "steering": {
        "min": -0.745819091796875,
        "max": 0.709197998046875
    },
    "acceleration": {
        "min": -0.657745361328125,
        "max": 0.819976806640625
    }
}