{
    "steering": {
        "mse": 0.048212664209612295,
        "mae": 0.11331720363257256,
        "max_error": 1.3988676392128212,
        "correlation": 0.6127183893943762
    },
    "acceleration": {
        "mse": 0.158380798544095,
        "mae": 0.23543544354455354,
        "max_error": 2.0130597048210186,
        "correlation": 0.4344072330968232
    }
}