{
    "steering": {
        "mse": 0.0654263177035765,
        "mae": 0.13335655748257005,
        "max_error": 1.3122731447219849,
        "correlation": 0.5391059176606758
    },
    "acceleration": {
        "mse": 0.2117624074540119,
        "mae": 0.23292775899641346,
        "max_error": 2.0131770067619366,
        "correlation": 0.07641198716554691
    }
}