{
    "steering": {
        "mse": 0.057294781763326405,
        "mae": 0.09465501981854013,
        "max_error": 1.0269273755670567,
        "correlation": NaN
    },
    "acceleration": {
        "mse": 0.21358341012846857,
        "mae": 0.25841014081410013,
        "max_error": 2.013120322744755,
        "correlation": NaN
    }
}