{
    "steering": {
        "mse": 0.03173145110704654,
        "mae": 0.10728869686543954,
        "max_error": 1.318147178333261,
        "correlation": 0.7759742239588295
    },
    "acceleration": {
        "mse": 0.09988518185078891,
        "mae": 0.18552968604743683,
        "max_error": 1.9949615001678467,
        "correlation": 0.5358548695260356
    }
}