{
    "steering": {
        "mse": 0.04871852526157596,
        "mae": 0.10740512714679436,
        "max_error": 1.113556407392025,
        "correlation": 0.40585478721652574
    },
    "acceleration": {
        "mse": 0.20341214948016334,
        "mae": 0.25622095966200975,
        "max_error": 2.013122468511967,
        "correlation": 0.11736278199831168
    }
}