{
    "steering": {
        "mse": 0.056703776853089465,
        "mae": 0.08545796825777492,
        "max_error": 1.014127536196204,
        "correlation": 0.010483421042053912
    },
    "acceleration": {
        "mse": 0.11103772213770202,
        "mae": 0.18001543330085235,
        "max_error": 2.0120246566793307,
        "correlation": 0.5352436330923733
    }
}