{
    "steering": {
        "mse": 0.05936494323126857,
        "mae": 0.12409565017751589,
        "max_error": 1.315661460161209,
        "correlation": 0.5273315766493981
    },
    "acceleration": {
        "mse": 0.20236501715238828,
        "mae": 0.2372459949506106,
        "max_error": 2.0131738477157635,
        "correlation": -0.030626440604998487
    }
}