{
    "steering": {
        "mse": 0.05687966863895834,
        "mae": 0.09276352198251513,
        "max_error": 1.0198453087359667,
        "correlation": NaN
    },
    "acceleration": {
        "mse": 0.21491502364143036,
        "mae": 0.260158651933238,
        "max_error": 2.0131390982078594,
        "correlation": NaN
    }
}