{
    "steering": {
        "mse": 0.05754307843315708,
        "mae": 0.09744253034350946,
        "max_error": 1.024804562330246,
        "correlation": 0.0
    },
    "acceleration": {
        "mse": 0.21379357456845072,
        "mae": 0.2601535980445545,
        "max_error": 2.0131584101127666,
        "correlation": NaN
    }
}