{
    "steering": {
        "mse": 0.03274934297262982,
        "mae": 0.10607627177794217,
        "max_error": 1.4966313429441307,
        "correlation": 0.8143874616997321
    },
    "acceleration": {
        "mse": 0.09176947763857897,
        "mae": 0.18812428610840698,
        "max_error": 1.987922728061676,
        "correlation": 0.493509949016798
    }
}