{
    "steering": {
        "mse": 0.04709480964552204,
        "mae": 0.11535136344045231,
        "max_error": 1.535186767578125,
        "correlation": 0.6588065460001081
    },
    "acceleration": {
        "mse": 0.1616122423138041,
        "mae": 0.2628571152200122,
        "max_error": 2.0117924965879306,
        "correlation": 0.41802752388583886
    }
}