{
    "steering": {
        "mse": 0.04215036487456658,
        "mae": 0.11062893869700353,
        "max_error": 1.4255746166178955,
        "correlation": 0.6858769381945273
    },
    "acceleration": {
        "mse": 0.15237131874143853,
        "mae": 0.27862699640773086,
        "max_error": 2.011084260713546,
        "correlation": 0.40171770604019497
    }
}